selection,limit,mutation_dims,phi0,population_size,num_iterations,objective,dimensionality,best_value,average_value_top_80,median_value,stddev_value,average_time_ms
roulette wheel,10,1,0.500000,75,50,rastrigin,3,0.003008,0.091247,0.103321,0.277413,0.901290
roulette wheel,10,1,1.200103,75,50,rastrigin,3,0.002987,0.040892,0.038642,0.073059,0.858440
roulette wheel,10,1,0.578555,75,50,rastrigin,3,0.001791,0.040949,0.042322,0.096788,1.042885
roulette wheel,10,1,1.037155,75,50,rastrigin,3,0.000837,0.021284,0.029634,0.065069,1.005180
roulette wheel,10,1,0.774630,75,50,rastrigin,3,0.002838,0.062858,0.055967,0.227254,1.135710
roulette wheel,10,1,0.669452,75,50,rastrigin,3,0.005730,0.085689,0.056775,0.259434,1.164015
roulette wheel,10,1,0.896332,75,50,rastrigin,3,0.007982,0.113731,0.117958,0.260931,1.200425
roulette wheel,10,1,1.290939,75,50,rastrigin,3,0.005217,0.031316,0.028143,0.051488,0.990385
roulette wheel,10,1,1.388651,75,50,rastrigin,3,0.000458,0.042390,0.048890,0.249788,1.915210
roulette wheel,10,1,1.115658,75,50,rastrigin,3,0.000681,0.026397,0.027149,0.052711,0.899260
roulette wheel,10,1,1.606822,75,50,rastrigin,3,0.000751,0.066762,0.058441,0.246774,1.152805
roulette wheel,10,1,0.833262,75,50,rastrigin,3,0.002621,0.068804,0.089457,0.188770,0.869620
roulette wheel,10,1,0.622346,75,50,rastrigin,3,0.012274,0.056761,0.051365,0.207202,0.973740
roulette wheel,10,1,0.537845,75,50,rastrigin,3,0.000149,0.033218,0.037803,0.077374,1.561165
roulette wheel,10,1,1.859271,75,50,rastrigin,3,0.011349,0.092442,0.092303,0.182719,1.706630
roulette wheel,20,1,0.500000,75,50,rastrigin,3,0.000113,0.002744,0.002344,0.022148,0.899495
roulette wheel,20,1,0.578555,75,50,rastrigin,3,0.000000,0.000840,0.000405,0.003563,0.925420
roulette wheel,10,1,0.720123,75,50,rastrigin,3,0.004463,0.082157,0.094716,0.326617,0.996815
roulette wheel,10,1,0.964176,75,50,rastrigin,3,0.001110,0.029575,0.029136,0.084630,0.984075
roulette wheel,10,1,1.493759,75,50,rastrigin,3,0.001066,0.050239,0.067252,0.161234,1.021905
roulette wheel,10,1,1.728444,75,50,rastrigin,3,0.008129,0.121401,0.122146,0.205207,0.896085
roulette wheel,20,1,0.669452,75,50,rastrigin,3,0.000027,0.000580,0.000589,0.002026,0.898235
roulette wheel,20,1,0.774630,75,50,rastrigin,3,0.000000,0.000171,0.000150,0.002262,0.900820
roulette wheel,20,1,1.037155,75,50,rastrigin,3,0.000000,0.000066,0.000049,0.000136,0.893960
roulette wheel,30,1,0.669452,75,50,rastrigin,3,0.000000,0.000130,0.000101,0.008093,0.905380
roulette wheel,10,1,2.000000,75,50,rastrigin,3,0.016029,0.190740,0.164128,0.426244,0.929695
roulette wheel,20,1,0.537845,75,50,rastrigin,3,0.000006,0.001198,0.000803,0.008994,0.916795
roulette wheel,20,1,0.896332,75,50,rastrigin,3,0.000042,0.001001,0.000656,0.017377,1.180445
roulette wheel,20,1,0.720123,75,50,rastrigin,3,0.000040,0.000420,0.000568,0.001333,0.857015
roulette wheel,20,1,0.622346,75,50,rastrigin,3,0.000023,0.001447,0.001605,0.005923,0.923895
roulette wheel,20,1,1.606822,75,50,rastrigin,3,0.000004,0.000291,0.000348,0.002630,0.863810
roulette wheel,20,1,1.859271,75,50,rastrigin,3,0.000034,0.001469,0.001270,0.003635,0.852680
roulette wheel,30,1,0.578555,75,50,rastrigin,3,0.000006,0.000127,0.000107,0.000726,0.853305
roulette wheel,30,1,0.500000,75,50,rastrigin,3,0.000004,0.000232,0.000278,0.001872,0.950430
roulette wheel,20,1,1.200103,75,50,rastrigin,3,0.000000,0.000018,0.000019,0.000148,0.952175
roulette wheel,30,1,0.774630,75,50,rastrigin,3,0.000004,0.000103,0.000156,0.000720,0.870450
roulette wheel,20,1,1.388651,75,50,rastrigin,3,0.000004,0.000078,0.000088,0.000161,0.851655
roulette wheel,20,1,0.833262,75,50,rastrigin,3,0.000004,0.001067,0.000864,0.010770,0.991200
roulette wheel,20,1,1.115658,75,50,rastrigin,3,0.000004,0.000036,0.000039,0.000092,1.082685
roulette wheel,30,1,0.720123,75,50,rastrigin,3,0.000008,0.000123,0.000113,0.001134,0.875585
roulette wheel,30,1,0.896332,75,50,rastrigin,3,0.000008,0.000131,0.000084,0.001057,0.863725
roulette wheel,30,1,1.037155,75,50,rastrigin,3,0.000000,0.000004,0.000004,0.000018,0.838240
roulette wheel,20,1,0.964176,75,50,rastrigin,3,0.000004,0.000445,0.000307,0.003707,0.896700
roulette wheel,30,1,1.200103,75,50,rastrigin,3,0.000000,0.000003,0.000004,0.000020,0.835410
roulette wheel,30,1,1.388651,75,50,rastrigin,3,0.000000,0.000018,0.000010,0.000102,0.898190
roulette wheel,20,1,1.728444,75,50,rastrigin,3,0.000002,0.000680,0.000713,0.002180,0.893480
roulette wheel,20,1,2.000000,75,50,rastrigin,3,0.000078,0.002654,0.002829,0.023986,0.906645
roulette wheel,30,1,0.964176,75,50,rastrigin,3,0.000004,0.000047,0.000050,0.000203,0.847515
roulette wheel,30,1,0.622346,75,50,rastrigin,3,0.000000,0.000122,0.000102,0.000990,0.877955
roulette wheel,30,1,1.115658,75,50,rastrigin,3,0.000000,0.000006,0.000007,0.000023,0.905825
roulette wheel,40,1,0.578555,75,50,rastrigin,3,0.000004,0.000048,0.000031,0.000249,0.977195
roulette wheel,30,1,1.606822,75,50,rastrigin,3,0.000000,0.000045,0.000036,0.000260,0.864870
roulette wheel,30,1,1.859271,75,50,rastrigin,3,0.000008,0.000151,0.000191,0.000425,0.908375
roulette wheel,20,1,1.493759,75,50,rastrigin,3,0.000004,0.000252,0.000179,0.000739,1.111350
roulette wheel,40,1,0.500000,75,50,rastrigin,3,0.000004,0.000067,0.000054,0.001098,0.886230
roulette wheel,30,1,0.537845,75,50,rastrigin,3,0.000008,0.000193,0.000286,0.001528,0.831795
roulette wheel,30,1,0.833262,75,50,rastrigin,3,0.000002,0.000087,0.000065,0.001187,0.892015
roulette wheel,40,1,1.037155,75,50,rastrigin,3,0.000000,0.000005,0.000004,0.000015,1.393115
roulette wheel,40,1,0.669452,75,50,rastrigin,3,0.000002,0.000115,0.000177,0.001786,0.874075
roulette wheel,30,1,1.290939,75,50,rastrigin,3,0.000000,0.000009,0.000010,0.000087,0.908125
roulette wheel,30,1,1.493759,75,50,rastrigin,3,0.000000,0.000023,0.000015,0.000222,1.107005
roulette wheel,40,1,0.896332,75,50,rastrigin,3,0.000000,0.000045,0.000052,0.000340,0.847480
roulette wheel,20,1,1.290939,75,50,rastrigin,3,0.000000,0.000043,0.000058,0.000861,0.876655
roulette wheel,30,1,2.000000,75,50,rastrigin,3,0.000000,0.000186,0.000157,0.002568,0.836405
roulette wheel,40,1,1.200103,75,50,rastrigin,3,0.000000,0.000002,0.000001,0.000007,0.938565
roulette wheel,40,1,0.622346,75,50,rastrigin,3,0.000004,0.000074,0.000095,0.000343,1.046600
roulette wheel,30,1,1.728444,75,50,rastrigin,3,0.000006,0.000119,0.000110,0.000237,1.068685
roulette wheel,40,1,1.115658,75,50,rastrigin,3,0.000000,0.000004,0.000005,0.000012,0.902485
roulette wheel,40,1,0.774630,75,50,rastrigin,3,0.000004,0.000071,0.000070,0.000106,1.189245
roulette wheel,40,1,1.388651,75,50,rastrigin,3,0.000000,0.000003,0.000004,0.000025,1.054155
roulette wheel,40,1,1.859271,75,50,rastrigin,3,0.000000,0.000066,0.000038,0.000494,0.999460
roulette wheel,40,1,0.720123,75,50,rastrigin,3,0.000004,0.000101,0.000072,0.000335,0.963780
roulette wheel,40,1,0.537845,75,50,rastrigin,3,0.000000,0.000031,0.000027,0.000591,1.078910
roulette wheel,50,1,0.500000,75,50,rastrigin,3,0.000000,0.000058,0.000026,0.004292,0.982470
roulette wheel,40,1,1.606822,75,50,rastrigin,3,0.000000,0.000018,0.000014,0.000056,1.101545
roulette wheel,50,1,0.578555,75,50,rastrigin,3,0.000006,0.000054,0.000051,0.000541,1.000175
roulette wheel,40,1,0.964176,75,50,rastrigin,3,0.000000,0.000021,0.000019,0.001070,0.861930
roulette wheel,50,1,0.669452,75,50,rastrigin,3,0.000000,0.000047,0.000051,0.000355,0.924075
roulette wheel,40,1,1.290939,75,50,rastrigin,3,0.000000,0.000007,0.000007,0.000050,0.990890
roulette wheel,50,1,0.774630,75,50,rastrigin,3,0.000006,0.000036,0.000036,0.000155,1.169960
roulette wheel,50,1,0.896332,75,50,rastrigin,3,0.000006,0.000039,0.000037,0.000159,1.020095
roulette wheel,50,1,1.388651,75,50,rastrigin,3,0.000000,0.000003,0.000004,0.000008,0.864255
roulette wheel,40,1,1.493759,75,50,rastrigin,3,0.000000,0.000013,0.000019,0.000048,1.032615
roulette wheel,50,1,1.200103,75,50,rastrigin,3,0.000000,0.000006,0.000008,0.000026,1.127515
roulette wheel,40,1,2.000000,75,50,rastrigin,3,0.000008,0.000119,0.000115,0.000308,1.005670
roulette wheel,40,1,0.833262,75,50,rastrigin,3,0.000000,0.000068,0.000048,0.000270,1.083375
roulette wheel,50,1,1.037155,75,50,rastrigin,3,0.000000,0.000005,0.000006,0.000013,1.294820
roulette wheel,50,1,0.537845,75,50,rastrigin,3,0.000002,0.000053,0.000044,0.001018,1.067135
roulette wheel,50,1,1.606822,75,50,rastrigin,3,0.000000,0.000029,0.000029,0.000105,1.107825
roulette wheel,40,1,1.728444,75,50,rastrigin,3,0.000000,0.000016,0.000010,0.000227,1.117190
roulette wheel,50,1,0.622346,75,50,rastrigin,3,0.000002,0.000035,0.000039,0.000347,1.081500
roulette wheel,50,1,1.859271,75,50,rastrigin,3,0.000000,0.000038,0.000042,0.000127,1.043225
roulette wheel,60,1,0.500000,75,50,rastrigin,3,0.000000,0.000061,0.000051,0.000156,1.048285
roulette wheel,50,1,0.964176,75,50,rastrigin,3,0.000000,0.000013,0.000008,0.000149,0.925925
roulette wheel,50,1,0.720123,75,50,rastrigin,3,0.000000,0.000047,0.000046,0.000182,1.257690
roulette wheel,50,1,0.833262,75,50,rastrigin,3,0.000000,0.000029,0.000021,0.000073,0.980060
roulette wheel,50,1,1.493759,75,50,rastrigin,3,0.000000,0.000011,0.000007,0.000051,0.978045
roulette wheel,60,1,0.669452,75,50,rastrigin,3,0.000000,0.000058,0.000077,0.000121,0.888755
roulette wheel,60,1,0.774630,75,50,rastrigin,3,0.000000,0.000030,0.000031,0.000841,0.913850
roulette wheel,50,1,1.290939,75,50,rastrigin,3,0.000000,0.000005,0.000004,0.000021,0.995340
roulette wheel,60,1,0.578555,75,50,rastrigin,3,0.000000,0.000031,0.000010,0.000133,1.104045
roulette wheel,60,1,0.896332,75,50,rastrigin,3,0.000000,0.000044,0.000050,0.000462,1.108120
roulette wheel,50,1,1.115658,75,50,rastrigin,3,0.000000,0.000004,0.000004,0.000017,1.237185
roulette wheel,60,1,1.037155,75,50,rastrigin,3,0.000000,0.000003,0.000003,0.000010,1.137530
roulette wheel,50,1,1.728444,75,50,rastrigin,3,0.000000,0.000025,0.000033,0.000044,1.220115
roulette wheel,60,1,1.200103,75,50,rastrigin,3,0.000000,0.000001,0.000000,0.000006,1.196075
roulette wheel,50,1,2.000000,75,50,rastrigin,3,0.000004,0.000113,0.000097,0.000716,1.202185
roulette wheel,60,1,0.720123,75,50,rastrigin,3,0.000000,0.000053,0.000044,0.000195,1.090200
roulette wheel,60,1,1.606822,75,50,rastrigin,3,0.000000,0.000023,0.000022,0.000116,1.229070
roulette wheel,60,1,1.859271,75,50,rastrigin,3,0.000002,0.000039,0.000033,0.000332,1.228035
roulette wheel,60,1,0.537845,75,50,rastrigin,3,0.000000,0.000019,0.000016,0.000779,1.357940
roulette wheel,60,1,1.388651,75,50,rastrigin,3,0.000000,0.000007,0.000005,0.000106,1.360875
roulette wheel,70,1,0.500000,75,50,rastrigin,3,0.000000,0.000045,0.000051,0.000290,1.348925
roulette wheel,70,1,0.896332,75,50,rastrigin,3,0.000000,0.000018,0.000021,0.000116,1.017805
roulette wheel,70,1,0.578555,75,50,rastrigin,3,0.000000,0.000046,0.000036,0.000378,1.077880
roulette wheel,60,1,0.833262,75,50,rastrigin,3,0.000000,0.000027,0.000035,0.000038,1.313700
roulette wheel,70,1,0.669452,75,50,rastrigin,3,0.000000,0.000034,0.000039,0.000114,1.036805
roulette wheel,70,1,1.388651,75,50,rastrigin,3,0.000000,0.000009,0.000007,0.000017,0.988640
roulette wheel,70,1,1.606822,75,50,rastrigin,3,0.000000,0.000013,0.000014,0.000049,0.961000
roulette wheel,70,1,1.859271,75,50,rastrigin,3,0.000004,0.000040,0.000038,0.000101,0.863795
roulette wheel,70,1,0.774630,75,50,rastrigin,3,0.000002,0.000063,0.000078,0.000767,1.093725
roulette wheel,70,1,1.037155,75,50,rastrigin,3,0.000000,0.000003,0.000003,0.000016,1.053885
roulette wheel,60,1,0.622346,75,50,rastrigin,3,0.000002,0.000029,0.000029,0.002892,1.123375
roulette wheel,70,1,1.200103,75,50,rastrigin,3,0.000000,0.000001,0.000002,0.000006,1.113605
roulette wheel,60,1,0.964176,75,50,rastrigin,3,0.000000,0.000014,0.000010,0.000070,1.156005
roulette wheel,60,1,1.115658,75,50,rastrigin,3,0.000000,0.000002,0.000002,0.000007,1.048655
roulette wheel,80,1,0.500000,75,50,rastrigin,3,0.000002,0.000067,0.000061,0.002066,0.982070
roulette wheel,60,1,1.290939,75,50,rastrigin,3,0.000000,0.000006,0.000006,0.000023,0.881615
roulette wheel,80,1,0.578555,75,50,rastrigin,3,0.000000,0.000020,0.000019,0.001094,0.957250
roulette wheel,60,1,2.000000,75,50,rastrigin,3,0.000002,0.000092,0.000134,0.000216,0.876900
roulette wheel,80,1,0.669452,75,50,rastrigin,3,0.000000,0.000020,0.000020,0.000118,0.962230
roulette wheel,80,1,0.774630,75,50,rastrigin,3,0.000000,0.000025,0.000023,0.000059,0.861945
roulette wheel,60,1,1.728444,75,50,rastrigin,3,0.000000,0.000027,0.000022,0.000059,0.950830
roulette wheel,70,1,0.964176,75,50,rastrigin,3,0.000000,0.000013,0.000014,0.000060,0.937055
roulette wheel,60,1,1.493759,75,50,rastrigin,3,0.000000,0.000018,0.000017,0.000078,0.990950
roulette wheel,80,1,0.896332,75,50,rastrigin,3,0.000000,0.000052,0.000046,0.000171,0.902875
roulette wheel,70,1,0.833262,75,50,rastrigin,3,0.000000,0.000050,0.000047,0.000497,0.900290
roulette wheel,70,1,0.622346,75,50,rastrigin,3,0.000000,0.000045,0.000036,0.000274,1.008930
roulette wheel,70,1,1.493759,75,50,rastrigin,3,0.000000,0.000009,0.000010,0.000033,0.979270
roulette wheel,70,1,2.000000,75,50,rastrigin,3,0.000000,0.000100,0.000115,0.000157,0.975775
roulette wheel,70,1,0.720123,75,50,rastrigin,3,0.000000,0.000036,0.000035,0.000258,1.020950
roulette wheel,70,1,1.728444,75,50,rastrigin,3,0.000000,0.000045,0.000037,0.000141,1.005275
roulette wheel,70,1,0.537845,75,50,rastrigin,3,0.000000,0.000026,0.000022,0.000157,1.119490
roulette wheel,70,1,1.290939,75,50,rastrigin,3,0.000000,0.000004,0.000004,0.000007,1.044360
roulette wheel,80,1,1.037155,75,50,rastrigin,3,0.000000,0.000002,0.000002,0.000009,0.986955
roulette wheel,80,1,1.606822,75,50,rastrigin,3,0.000000,0.000018,0.000021,0.000144,0.926290
roulette wheel,80,1,0.537845,75,50,rastrigin,3,0.000002,0.000051,0.000041,0.000210,0.966630
roulette wheel,80,1,1.388651,75,50,rastrigin,3,0.000000,0.000011,0.000017,0.000038,1.012490
roulette wheel,80,1,1.200103,75,50,rastrigin,3,0.000000,0.000004,0.000004,0.000017,0.968070
roulette wheel,80,1,0.622346,75,50,rastrigin,3,0.000002,0.000026,0.000029,0.000067,1.049970
roulette wheel,80,1,0.833262,75,50,rastrigin,3,0.000000,0.000025,0.000030,0.000099,1.010315
roulette wheel,80,1,1.859271,75,50,rastrigin,3,0.000002,0.000042,0.000049,0.000119,1.111450
roulette wheel,90,1,0.578555,75,50,rastrigin,3,0.000000,0.000073,0.000064,0.000149,0.904680
roulette wheel,80,1,0.720123,75,50,rastrigin,3,0.000002,0.000033,0.000028,0.000099,1.036080
roulette wheel,90,1,0.774630,75,50,rastrigin,3,0.000000,0.000017,0.000022,0.000293,0.905280
roulette wheel,80,1,0.964176,75,50,rastrigin,3,0.000000,0.000029,0.000028,0.000092,0.932665
roulette wheel,70,1,1.115658,75,50,rastrigin,3,0.000000,0.000001,0.000001,0.000012,1.103155
roulette wheel,90,1,0.669452,75,50,rastrigin,3,0.000000,0.000023,0.000025,0.000282,1.007700
roulette wheel,90,1,0.500000,75,50,rastrigin,3,0.000002,0.000048,0.000056,0.002029,1.106805
roulette wheel,90,1,1.037155,75,50,rastrigin,3,0.000000,0.000005,0.000005,0.000023,0.955950
roulette wheel,90,1,0.896332,75,50,rastrigin,3,0.000000,0.000042,0.000020,0.000415,1.022360
roulette wheel,90,1,1.200103,75,50,rastrigin,3,0.000000,0.000003,0.000003,0.000005,0.963995
roulette wheel,90,1,1.388651,75,50,rastrigin,3,0.000000,0.000006,0.000005,0.000009,0.958720
roulette wheel,90,1,1.606822,75,50,rastrigin,3,0.000000,0.000028,0.000035,0.000070,0.966640
roulette wheel,90,1,1.859271,75,50,rastrigin,3,0.000002,0.000059,0.000052,0.000076,1.015035
roulette wheel,100,1,0.500000,75,50,rastrigin,3,0.000000,0.000034,0.000059,0.000112,0.909495
roulette wheel,80,1,1.115658,75,50,rastrigin,3,0.000000,0.000002,0.000002,0.000009,0.868745
roulette wheel,80,1,1.728444,75,50,rastrigin,3,0.000000,0.000025,0.000026,0.000060,0.861615
roulette wheel,100,1,0.669452,75,50,rastrigin,3,0.000000,0.000029,0.000027,0.000570,1.072765
roulette wheel,100,1,0.578555,75,50,rastrigin,3,0.000000,0.000029,0.000033,0.000116,1.140995
roulette wheel,100,1,0.774630,75,50,rastrigin,3,0.000000,0.000021,0.000025,0.000097,1.168405
roulette wheel,80,1,1.493759,75,50,rastrigin,3,0.000000,0.000011,0.000012,0.000046,0.964340
roulette wheel,80,1,1.290939,75,50,rastrigin,3,0.000000,0.000003,0.000003,0.000006,0.977225
roulette wheel,100,1,1.037155,75,50,rastrigin,3,0.000000,0.000006,0.000007,0.000031,0.982885
roulette wheel,100,1,1.200103,75,50,rastrigin,3,0.000000,0.000002,0.000002,0.000030,0.927870
roulette wheel,100,1,0.896332,75,50,rastrigin,3,0.000000,0.000021,0.000030,0.000040,1.131495
roulette wheel,80,1,2.000000,75,50,rastrigin,3,0.000002,0.000054,0.000075,0.000088,0.984580
roulette wheel,100,1,1.859271,75,50,rastrigin,3,0.000000,0.000046,0.000037,0.000286,0.866780
roulette wheel,90,1,0.622346,75,50,rastrigin,3,0.000002,0.000025,0.000031,0.000186,1.039410
roulette wheel,90,1,0.833262,75,50,rastrigin,3,0.000000,0.000033,0.000036,0.000607,0.962320
roulette wheel,100,1,1.388651,75,50,rastrigin,3,0.000000,0.000003,0.000004,0.000043,1.006750
roulette wheel,100,1,1.606822,75,50,rastrigin,3,0.000000,0.000012,0.000012,0.000017,1.043005
roulette wheel,90,1,0.720123,75,50,rastrigin,3,0.000000,0.000030,0.000029,0.000263,1.014400
roulette wheel,90,1,0.537845,75,50,rastrigin,3,0.000000,0.000038,0.000025,0.000263,0.972765
roulette wheel,90,1,0.964176,75,50,rastrigin,3,0.000000,0.000006,0.000007,0.000018,0.986930
roulette wheel,90,1,1.493759,75,50,rastrigin,3,0.000000,0.000014,0.000014,0.000091,0.934110
roulette wheel,90,1,2.000000,75,50,rastrigin,3,0.000002,0.000071,0.000099,0.000251,0.926005
roulette wheel,90,1,1.290939,75,50,rastrigin,3,0.000000,0.000005,0.000005,0.000071,1.102495
roulette wheel,90,1,1.728444,75,50,rastrigin,3,0.000000,0.000031,0.000038,0.000061,1.028220
roulette wheel,100,1,0.537845,75,50,rastrigin,3,0.000000,0.000023,0.000022,0.000704,1.062105
roulette wheel,110,1,0.578555,75,50,rastrigin,3,0.000000,0.000034,0.000029,0.000081,1.002530
roulette wheel,100,1,0.720123,75,50,rastrigin,3,0.000004,0.000044,0.000048,0.000133,0.986175
roulette wheel,90,1,1.115658,75,50,rastrigin,3,0.000000,0.000002,0.000002,0.000012,1.273645
roulette wheel,110,1,0.774630,75,50,rastrigin,3,0.000000,0.000036,0.000035,0.000150,0.909040
roulette wheel,100,1,0.833262,75,50,rastrigin,3,0.000000,0.000040,0.000048,0.000321,0.968410
roulette wheel,100,1,0.622346,75,50,rastrigin,3,0.000000,0.000010,0.000010,0.000055,1.024285
roulette wheel,110,1,0.669452,75,50,rastrigin,3,0.000000,0.000022,0.000015,0.000168,1.011180
roulette wheel,100,1,1.115658,75,50,rastrigin,3,0.000000,0.000002,0.000000,0.000007,1.205665
roulette wheel,100,1,1.290939,75,50,rastrigin,3,0.000000,0.000002,0.000003,0.000011,0.896905
roulette wheel,110,1,0.500000,75,50,rastrigin,3,0.000004,0.000061,0.000051,0.001209,0.983485
roulette wheel,100,1,0.964176,75,50,rastrigin,3,0.000000,0.000013,0.000008,0.000060,0.960705
roulette wheel,110,1,0.896332,75,50,rastrigin,3,0.000000,0.000030,0.000039,0.000240,0.939775
roulette wheel,100,1,2.000000,75,50,rastrigin,3,0.000002,0.000065,0.000071,0.000556,0.970800
roulette wheel,110,1,1.037155,75,50,rastrigin,3,0.000000,0.000006,0.000003,0.000032,0.984560
roulette wheel,100,1,1.728444,75,50,rastrigin,3,0.000000,0.000029,0.000019,0.000250,0.869265
roulette wheel,100,1,1.493759,75,50,rastrigin,3,0.000000,0.000016,0.000013,0.000055,0.972040
roulette wheel,120,1,0.578555,75,50,rastrigin,3,0.000004,0.000025,0.000029,0.001350,0.864325
roulette wheel,110,1,1.200103,75,50,rastrigin,3,0.000000,0.000001,0.000002,0.000016,0.880710
roulette wheel,120,1,0.500000,75,50,rastrigin,3,0.000000,0.000017,0.000016,0.000095,1.053200
roulette wheel,110,1,1.388651,75,50,rastrigin,3,0.000000,0.000006,0.000004,0.000023,0.991095
roulette wheel,110,1,1.606822,75,50,rastrigin,3,0.000000,0.000013,0.000011,0.000041,0.976140
roulette wheel,120,1,0.896332,75,50,rastrigin,3,0.000000,0.000024,0.000021,0.000417,0.865575
roulette wheel,120,1,1.200103,75,50,rastrigin,3,0.000000,0.000006,0.000006,0.000016,0.865840
roulette wheel,120,1,1.606822,75,50,rastrigin,3,0.000000,0.000008,0.000010,0.000022,0.902310
roulette wheel,110,1,1.859271,75,50,rastrigin,3,0.000000,0.000033,0.000020,0.000365,1.140655
roulette wheel,120,1,0.774630,75,50,rastrigin,3,0.000000,0.000053,0.000067,0.001555,1.060745
roulette wheel,120,1,1.037155,75,50,rastrigin,3,0.000000,0.000005,0.000007,0.000011,1.048020
roulette wheel,130,1,1.037155,75,50,rastrigin,3,0.000000,0.000004,0.000004,0.000014,0.958980
roulette wheel,120,1,0.669452,75,50,rastrigin,3,0.000000,0.000013,0.000010,0.000085,1.162840
roulette wheel,120,1,1.859271,75,50,rastrigin,3,0.000000,0.000027,0.000025,0.000157,0.954505
roulette wheel,110,1,0.833262,75,50,rastrigin,3,0.000004,0.000052,0.000062,0.000461,0.916780
roulette wheel,130,1,0.500000,75,50,rastrigin,3,0.000002,0.000050,0.000059,0.002800,0.959340
roulette wheel,120,1,1.388651,75,50,rastrigin,3,0.000000,0.000005,0.000006,0.000022,1.369035
roulette wheel,110,1,0.622346,75,50,rastrigin,3,0.000000,0.000024,0.000026,0.000128,0.863775
roulette wheel,130,1,0.578555,75,50,rastrigin,3,0.000004,0.000041,0.000037,0.000595,0.937760
roulette wheel,130,1,0.896332,75,50,rastrigin,3,0.000002,0.000039,0.000039,0.000264,0.913510
roulette wheel,110,1,1.290939,75,50,rastrigin,3,0.000000,0.000004,0.000006,0.000008,0.878515
roulette wheel,130,1,0.669452,75,50,rastrigin,3,0.000000,0.000054,0.000071,0.000352,0.977630
roulette wheel,110,1,0.720123,75,50,rastrigin,3,0.000002,0.000023,0.000026,0.000149,0.964000
roulette wheel,130,1,0.774630,75,50,rastrigin,3,0.000000,0.000022,0.000020,0.001064,0.960825
roulette wheel,110,1,0.537845,75,50,rastrigin,3,0.000000,0.000032,0.000029,0.000070,0.970590
roulette wheel,110,1,1.115658,75,50,rastrigin,3,0.000000,0.000002,0.000002,0.000010,0.910460
roulette wheel,120,1,0.537845,75,50,rastrigin,3,0.000000,0.000035,0.000037,0.000074,0.972200
roulette wheel,130,1,1.388651,75,50,rastrigin,3,0.000000,0.000005,0.000004,0.000022,0.989175
roulette wheel,110,1,0.964176,75,50,rastrigin,3,0.000000,0.000009,0.000010,0.000060,0.999665
roulette wheel,110,1,1.493759,75,50,rastrigin,3,0.000000,0.000004,0.000004,0.000018,0.976035
roulette wheel,130,1,1.606822,75,50,rastrigin,3,0.000000,0.000020,0.000027,0.000079,1.186480
roulette wheel,110,1,1.728444,75,50,rastrigin,3,0.000000,0.000026,0.000034,0.000029,1.018410
roulette wheel,130,1,1.115658,75,50,rastrigin,3,0.000000,0.000001,0.000000,0.000010,1.240790
roulette wheel,130,1,1.200103,75,50,rastrigin,3,0.000000,0.000003,0.000004,0.000009,0.990585
roulette wheel,120,1,1.290939,75,50,rastrigin,3,0.000000,0.000006,0.000005,0.000012,0.980215
roulette wheel,120,1,0.833262,75,50,rastrigin,3,0.000000,0.000036,0.000031,0.000099,0.881390
roulette wheel,120,1,0.964176,75,50,rastrigin,3,0.000000,0.000018,0.000017,0.000119,1.134190
roulette wheel,110,1,2.000000,75,50,rastrigin,3,0.000002,0.000038,0.000039,0.000363,0.945735
roulette wheel,120,1,1.728444,75,50,rastrigin,3,0.000000,0.000018,0.000019,0.000044,0.986465
roulette wheel,120,1,0.720123,75,50,rastrigin,3,0.000002,0.000038,0.000039,0.000079,0.876695
roulette wheel,130,1,0.964176,75,50,rastrigin,3,0.000000,0.000019,0.000025,0.000056,1.002010
roulette wheel,120,1,0.622346,75,50,rastrigin,3,0.000000,0.000043,0.000045,0.000083,1.000730
roulette wheel,120,1,2.000000,75,50,rastrigin,3,0.000015,0.000082,0.000115,0.000305,0.954740
roulette wheel,120,1,1.493759,75,50,rastrigin,3,0.000000,0.000008,0.000008,0.000039,0.932310
roulette wheel,140,1,0.500000,75,50,rastrigin,3,0.000000,0.000055,0.000063,0.000227,0.962355
roulette wheel,130,1,0.537845,75,50,rastrigin,3,0.000002,0.000038,0.000021,0.000137,1.033830
roulette wheel,140,1,0.578555,75,50,rastrigin,3,0.000000,0.000022,0.000023,0.000137,0.880315
roulette wheel,130,1,1.859271,75,50,rastrigin,3,0.000002,0.000025,0.000027,0.000095,1.194160
roulette wheel,130,1,0.622346,75,50,rastrigin,3,0.000000,0.000025,0.000021,0.002165,1.268125
roulette wheel,130,1,0.720123,75,50,rastrigin,3,0.000006,0.000026,0.000029,0.000055,0.921645
roulette wheel,140,1,0.669452,75,50,rastrigin,3,0.000000,0.000036,0.000037,0.000405,0.999360
roulette wheel,140,1,0.896332,75,50,rastrigin,3,0.000000,0.000013,0.000008,0.000105,0.858120
roulette wheel,130,1,0.833262,75,50,rastrigin,3,0.000000,0.000017,0.000021,0.001387,0.964140
roulette wheel,140,1,1.200103,75,50,rastrigin,3,0.000000,0.000002,0.000003,0.000008,0.865540
roulette wheel,130,1,1.290939,75,50,rastrigin,3,0.000000,0.000004,0.000004,0.000008,0.892605
roulette wheel,140,1,1.606822,75,50,rastrigin,3,0.000000,0.000026,0.000025,0.000040,0.960540
roulette wheel,140,1,1.859271,75,50,rastrigin,3,0.000010,0.000053,0.000051,0.000104,0.956310
roulette wheel,130,1,1.728444,75,50,rastrigin,3,0.000000,0.000024,0.000024,0.000061,0.967635
roulette wheel,140,1,1.037155,75,50,rastrigin,3,0.000000,0.000007,0.000008,0.000027,1.022220
roulette wheel,130,1,1.493759,75,50,rastrigin,3,0.000000,0.000011,0.000009,0.000168,1.010170
roulette wheel,150,1,1.200103,75,50,rastrigin,3,0.000000,0.000002,0.000003,0.000006,0.997125
roulette wheel,150,1,0.578555,75,50,rastrigin,3,0.000000,0.000014,0.000012,0.000226,0.907935
roulette wheel,120,1,1.115658,75,50,rastrigin,3,0.000000,0.000003,0.000004,0.000006,1.585955
roulette wheel,150,1,0.500000,75,50,rastrigin,3,0.000000,0.000047,0.000021,0.000368,0.979765
roulette wheel,150,1,0.774630,75,50,rastrigin,3,0.000000,0.000021,0.000022,0.000458,0.872975
roulette wheel,140,1,0.774630,75,50,rastrigin,3,0.000002,0.000031,0.000031,0.000095,1.451430
roulette wheel,150,1,1.037155,75,50,rastrigin,3,0.000000,0.000002,0.000002,0.000010,0.950880
roulette wheel,150,1,0.896332,75,50,rastrigin,3,0.000000,0.000040,0.000047,0.000105,0.963775
roulette wheel,150,1,0.669452,75,50,rastrigin,3,0.000000,0.000030,0.000037,0.000137,1.032465
roulette wheel,150,1,1.388651,75,50,rastrigin,3,0.000000,0.000004,0.000005,0.000020,0.919770
roulette wheel,150,1,1.606822,75,50,rastrigin,3,0.000002,0.000018,0.000017,0.000069,0.887570
roulette wheel,140,1,1.388651,75,50,rastrigin,3,0.000000,0.000010,0.000009,0.000023,0.988770
roulette wheel,150,1,1.859271,75,50,rastrigin,3,0.000000,0.000046,0.000046,0.000228,0.924405
roulette wheel,140,1,0.537845,75,50,rastrigin,3,0.000000,0.000025,0.000013,0.001590,0.973735
roulette wheel,140,1,0.622346,75,50,rastrigin,3,0.000000,0.000041,0.000033,0.001060,0.989725
roulette wheel,130,1,2.000000,75,50,rastrigin,3,0.000004,0.000053,0.000051,0.000778,0.967770
roulette wheel,160,1,0.578555,75,50,rastrigin,3,0.000000,0.000038,0.000035,0.000148,0.955885
roulette wheel,160,1,0.669452,75,50,rastrigin,3,0.000000,0.000017,0.000006,0.000132,0.968755
roulette wheel,140,1,0.720123,75,50,rastrigin,3,0.000000,0.000028,0.000022,0.000143,0.986305
roulette wheel,160,1,0.896332,75,50,rastrigin,3,0.000000,0.000037,0.000038,0.000244,1.276085
roulette wheel,140,1,1.728444,75,50,rastrigin,3,0.000000,0.000018,0.000019,0.000688,0.884515
roulette wheel,140,1,0.964176,75,50,rastrigin,3,0.000000,0.000019,0.000011,0.000737,1.090200
roulette wheel,140,1,0.833262,75,50,rastrigin,3,0.000004,0.000061,0.000071,0.000710,1.107240
roulette wheel,160,1,0.774630,75,50,rastrigin,3,0.000002,0.000041,0.000019,0.000288,1.226360
roulette wheel,160,1,1.037155,75,50,rastrigin,3,0.000000,0.000005,0.000004,0.000017,1.008295
roulette wheel,140,1,2.000000,75,50,rastrigin,3,0.000002,0.000053,0.000040,0.000345,1.059310
roulette wheel,160,1,0.500000,75,50,rastrigin,3,0.000002,0.000048,0.000048,0.000992,1.154125
roulette wheel,150,1,1.290939,75,50,rastrigin,3,0.000000,0.000004,0.000004,0.000010,0.860265
roulette wheel,140,1,1.115658,75,50,rastrigin,3,0.000000,0.000001,0.000002,0.000005,0.993735
roulette wheel,150,1,0.622346,75,50,rastrigin,3,0.000000,0.000054,0.000057,0.000091,0.880205
roulette wheel,160,1,1.200103,75,50,rastrigin,3,0.000000,0.000004,0.000004,0.000009,1.087665
roulette wheel,150,1,0.833262,75,50,rastrigin,3,0.000002,0.000051,0.000033,0.000215,0.902605
roulette wheel,160,1,1.388651,75,50,rastrigin,3,0.000000,0.000003,0.000003,0.000213,0.966125
roulette wheel,150,1,0.537845,75,50,rastrigin,3,0.000000,0.000037,0.000020,0.000258,0.946520
roulette wheel,150,1,1.115658,75,50,rastrigin,3,0.000000,0.000002,0.000002,0.000006,0.956340
roulette wheel,140,1,1.290939,75,50,rastrigin,3,0.000000,0.000003,0.000002,0.000007,1.045170
roulette wheel,150,1,0.964176,75,50,rastrigin,3,0.000000,0.000004,0.000004,0.000029,0.965570
roulette wheel,150,1,0.720123,75,50,rastrigin,3,0.000000,0.000026,0.000034,0.000083,0.960850
roulette wheel,150,1,1.493759,75,50,rastrigin,3,0.000000,0.000008,0.000008,0.000070,0.986815
roulette wheel,150,1,1.728444,75,50,rastrigin,3,0.000002,0.000039,0.000042,0.000151,1.003010
roulette wheel,140,1,1.493759,75,50,rastrigin,3,0.000000,0.000014,0.000011,0.000023,0.961265
roulette wheel,160,1,1.859271,75,50,rastrigin,3,0.000000,0.000046,0.000041,0.000261,0.929595
roulette wheel,160,1,1.606822,75,50,rastrigin,3,0.000000,0.000017,0.000015,0.000048,0.967190
roulette wheel,150,1,2.000000,75,50,rastrigin,3,0.000004,0.000108,0.000093,0.000853,1.005340
roulette wheel,170,1,0.500000,75,50,rastrigin,3,0.000000,0.000063,0.000065,0.007369,0.982475
roulette wheel,160,1,0.622346,75,50,rastrigin,3,0.000000,0.000042,0.000054,0.005605,1.030030
roulette wheel,170,1,0.578555,75,50,rastrigin,3,0.000002,0.000037,0.000035,0.000161,0.974450
roulette wheel,170,1,0.774630,75,50,rastrigin,3,0.000002,0.000022,0.000024,0.000186,0.904875
roulette wheel,160,1,0.720123,75,50,rastrigin,3,0.000000,0.000024,0.000017,0.000118,1.138340
roulette wheel,160,1,0.964176,75,50,rastrigin,3,0.000000,0.000021,0.000013,0.000325,1.139190
roulette wheel,170,1,0.669452,75,50,rastrigin,3,0.000000,0.000022,0.000024,0.000335,1.148285
roulette wheel,170,1,1.037155,75,50,rastrigin,3,0.000000,0.000003,0.000004,0.000008,0.863795
roulette wheel,160,1,0.833262,75,50,rastrigin,3,0.000000,0.000028,0.000029,0.000130,1.012000
roulette wheel,160,1,1.115658,75,50,rastrigin,3,0.000000,0.000002,0.000003,0.000015,1.027300
roulette wheel,160,1,0.537845,75,50,rastrigin,3,0.000002,0.000031,0.000028,0.000239,0.968235
roulette wheel,170,1,0.896332,75,50,rastrigin,3,0.000000,0.000023,0.000023,0.000073,1.325225
roulette wheel,170,1,1.388651,75,50,rastrigin,3,0.000000,0.000013,0.000010,0.000106,0.974355
roulette wheel,170,1,1.200103,75,50,rastrigin,3,0.000000,0.000004,0.000004,0.000011,1.041615
roulette wheel,170,1,1.606822,75,50,rastrigin,3,0.000000,0.000011,0.000010,0.000049,0.985025
roulette wheel,170,1,1.859271,75,50,rastrigin,3,0.000002,0.000038,0.000043,0.000146,0.891160
roulette wheel,160,1,1.290939,75,50,rastrigin,3,0.000000,0.000012,0.000012,0.000041,1.003950
roulette wheel,180,1,0.669452,75,50,rastrigin,3,0.000000,0.000032,0.000032,0.000237,0.882405
roulette wheel,180,1,0.578555,75,50,rastrigin,3,0.000000,0.000026,0.000033,0.000254,0.972880
roulette wheel,160,1,1.493759,75,50,rastrigin,3,0.000000,0.000009,0.000011,0.000019,1.136930
roulette wheel,180,1,0.500000,75,50,rastrigin,3,0.000000,0.000036,0.000050,0.000602,1.203885
roulette wheel,180,1,1.200103,75,50,rastrigin,3,0.000000,0.000004,0.000004,0.000012,0.946550
roulette wheel,180,1,1.606822,75,50,rastrigin,3,0.000000,0.000029,0.000028,0.000117,0.966630
roulette wheel,180,1,1.388651,75,50,rastrigin,3,0.000000,0.000006,0.000005,0.000037,1.050195
roulette wheel,170,1,0.537845,75,50,rastrigin,3,0.000000,0.000019,0.000013,0.000047,0.968460
roulette wheel,180,1,0.774630,75,50,rastrigin,3,0.000002,0.000027,0.000031,0.000101,1.250980
roulette wheel,180,1,0.896332,75,50,rastrigin,3,0.000002,0.000021,0.000018,0.000056,1.439275
roulette wheel,190,1,0.500000,75,50,rastrigin,3,0.000000,0.000018,0.000019,0.000052,1.111695
roulette wheel,170,1,1.493759,75,50,rastrigin,3,0.000000,0.000009,0.000010,0.000053,1.171190
roulette wheel,180,1,1.037155,75,50,rastrigin,3,0.000000,0.000007,0.000008,0.000050,1.407285
roulette wheel,190,1,0.578555,75,50,rastrigin,3,0.000000,0.000031,0.000031,0.000482,1.079040
roulette wheel,190,1,0.774630,75,50,rastrigin,3,0.000000,0.000028,0.000019,0.000214,1.388880
roulette wheel,170,1,0.622346,75,50,rastrigin,3,0.000000,0.000020,0.000019,0.000077,1.416755
roulette wheel,190,1,0.669452,75,50,rastrigin,3,0.000000,0.000031,0.000029,0.000120,0.973140
roulette wheel,160,1,2.000000,75,50,rastrigin,3,0.000000,0.000076,0.000060,0.000265,1.924520
roulette wheel,170,1,0.720123,75,50,rastrigin,3,0.000000,0.000028,0.000036,0.000084,0.988590
roulette wheel,170,1,0.833262,75,50,rastrigin,3,0.000000,0.000048,0.000046,0.000513,2.039745
roulette wheel,180,1,1.859271,75,50,rastrigin,3,0.000006,0.000033,0.000046,0.000171,0.899410
roulette wheel,170,1,1.290939,75,50,rastrigin,3,0.000000,0.000003,0.000004,0.000010,0.895145
roulette wheel,190,1,0.896332,75,50,rastrigin,3,0.000002,0.000040,0.000031,0.000082,1.229690
roulette wheel,170,1,0.964176,75,50,rastrigin,3,0.000000,0.000012,0.000014,0.000059,1.021070
roulette wheel,170,1,1.115658,75,50,rastrigin,3,0.000000,0.000002,0.000000,0.000034,1.427795
roulette wheel,160,1,1.728444,75,50,rastrigin,3,0.000000,0.000034,0.000033,0.000122,1.239390
roulette wheel,170,1,1.728444,75,50,rastrigin,3,0.000000,0.000019,0.000016,0.000062,0.904435
roulette wheel,190,1,1.037155,75,50,rastrigin,3,0.000000,0.000004,0.000005,0.000010,0.968810
roulette wheel,180,1,0.622346,75,50,rastrigin,3,0.000000,0.000013,0.000008,0.000244,0.996105
roulette wheel,200,1,0.500000,75,50,rastrigin,3,0.000000,0.000066,0.000059,0.000486,1.177780
roulette wheel,190,1,1.200103,75,50,rastrigin,3,0.000000,0.000002,0.000002,0.000013,0.920960
roulette wheel,180,1,0.720123,75,50,rastrigin,3,0.000008,0.000043,0.000037,0.000184,1.392635
roulette wheel,180,1,1.290939,75,50,rastrigin,3,0.000000,0.000003,0.000002,0.000010,0.880525
roulette wheel,180,1,0.537845,75,50,rastrigin,3,0.000000,0.000023,0.000034,0.001209,0.990070
roulette wheel,190,1,1.388651,75,50,rastrigin,3,0.000000,0.000002,0.000002,0.000123,0.892350
roulette wheel,180,1,1.728444,75,50,rastrigin,3,0.000004,0.000039,0.000043,0.000310,0.958385
roulette wheel,180,1,0.833262,75,50,rastrigin,3,0.000000,0.000025,0.000016,0.000160,0.969405
roulette wheel,180,1,1.493759,75,50,rastrigin,3,0.000000,0.000005,0.000007,0.000017,0.998860
roulette wheel,190,1,1.606822,75,50,rastrigin,3,0.000002,0.000046,0.000033,0.000117,0.977860
roulette wheel,180,1,0.964176,75,50,rastrigin,3,0.000000,0.000005,0.000006,0.000019,0.982765
roulette wheel,190,1,0.537845,75,50,rastrigin,3,0.000000,0.000026,0.000034,0.000189,0.971600
roulette wheel,190,1,1.859271,75,50,rastrigin,3,0.000004,0.000044,0.000041,0.000073,0.861115
roulette wheel,180,1,1.115658,75,50,rastrigin,3,0.000000,0.000002,0.000002,0.000004,0.873505
roulette wheel,190,1,0.622346,75,50,rastrigin,3,0.000000,0.000011,0.000014,0.001554,0.905200
roulette wheel,170,1,2.000000,75,50,rastrigin,3,0.000002,0.000051,0.000036,0.000653,0.947110
roulette wheel,200,1,0.578555,75,50,rastrigin,3,0.000000,0.000051,0.000040,0.000192,0.859975
roulette wheel,190,1,0.833262,75,50,rastrigin,3,0.000000,0.000017,0.000015,0.000210,1.120795
roulette wheel,190,1,0.720123,75,50,rastrigin,3,0.000004,0.000027,0.000024,0.000037,0.879160
roulette wheel,200,1,0.669452,75,50,rastrigin,3,0.000002,0.000089,0.000083,0.000246,0.954010
roulette wheel,190,1,0.964176,75,50,rastrigin,3,0.000000,0.000015,0.000015,0.000027,0.992970
roulette wheel,200,1,1.388651,75,50,rastrigin,3,0.000000,0.000007,0.000006,0.000134,0.881175
roulette wheel,200,1,0.774630,75,50,rastrigin,3,0.000000,0.000018,0.000015,0.000218,1.083295
roulette wheel,200,1,1.037155,75,50,rastrigin,3,0.000000,0.000005,0.000005,0.000058,0.988715
roulette wheel,200,1,1.606822,75,50,rastrigin,3,0.000000,0.000008,0.000008,0.000025,0.936500
roulette wheel,200,1,1.200103,75,50,rastrigin,3,0.000000,0.000003,0.000004,0.000030,0.955575
roulette wheel,180,1,2.000000,75,50,rastrigin,3,0.000002,0.000075,0.000078,0.000215,1.150940
roulette wheel,200,1,1.859271,75,50,rastrigin,3,0.000004,0.000032,0.000031,0.000487,1.008655
roulette wheel,200,1,0.896332,75,50,rastrigin,3,0.000000,0.000116,0.000140,0.000390,1.476560
roulette wheel,190,1,1.115658,75,50,rastrigin,3,0.000000,0.000002,0.000003,0.000006,1.049225
roulette wheel,200,1,0.537845,75,50,rastrigin,3,0.000000,0.000053,0.000046,0.000427,0.974865
tournament 3,10,1,0.500000,75,50,rastrigin,3,0.003229,0.166195,0.149900,0.327833,0.918000
tournament 3,10,1,0.578555,75,50,rastrigin,3,0.023653,0.065455,0.063651,0.131462,0.924855
tournament 3,10,1,0.774630,75,50,rastrigin,3,0.002363,0.079815,0.085515,0.210891,0.906270
tournament 3,10,1,0.669452,75,50,rastrigin,3,0.009222,0.221658,0.283737,0.330899,0.976820
tournament 3,10,1,0.896332,75,50,rastrigin,3,0.032574,0.088416,0.098233,0.180598,0.974295
tournament 3,10,1,1.037155,75,50,rastrigin,3,0.004383,0.047789,0.049893,0.060955,0.980590
roulette wheel,190,1,1.728444,75,50,rastrigin,3,0.000000,0.000008,0.000008,0.000115,0.978075
tournament 3,10,1,1.200103,75,50,rastrigin,3,0.005856,0.062043,0.073062,0.057301,0.984905
tournament 3,10,1,1.388651,75,50,rastrigin,3,0.024189,0.120270,0.139954,0.125355,1.045740
roulette wheel,190,1,1.493759,75,50,rastrigin,3,0.000000,0.000010,0.000010,0.000074,1.171370
roulette wheel,190,1,2.000000,75,50,rastrigin,3,0.000002,0.000105,0.000128,0.000287,0.990230
roulette wheel,190,1,1.290939,75,50,rastrigin,3,0.000000,0.000005,0.000004,0.000011,1.836630
tournament 3,10,1,1.606822,75,50,rastrigin,3,0.007580,0.115545,0.133767,0.135480,0.982370
tournament 3,20,1,0.500000,75,50,rastrigin,3,0.000008,0.004257,0.005104,0.076142,0.957335
tournament 3,10,1,1.859271,75,50,rastrigin,3,0.035976,0.230342,0.234337,0.246184,0.975900
roulette wheel,200,1,0.622346,75,50,rastrigin,3,0.000006,0.000035,0.000036,0.000189,1.004950
tournament 3,20,1,0.578555,75,50,rastrigin,3,0.000023,0.000718,0.000667,0.003507,0.834240
tournament 3,20,1,0.669452,75,50,rastrigin,3,0.000011,0.002139,0.002674,0.005648,0.957245
roulette wheel,200,1,0.833262,75,50,rastrigin,3,0.000002,0.000059,0.000084,0.000504,0.990465
roulette wheel,200,1,1.493759,75,50,rastrigin,3,0.000000,0.000008,0.000010,0.000017,1.091775
tournament 3,20,1,0.896332,75,50,rastrigin,3,0.000031,0.001014,0.000674,0.011700,0.923745
roulette wheel,200,1,0.720123,75,50,rastrigin,3,0.000000,0.000015,0.000019,0.000075,1.184850
roulette wheel,200,1,1.290939,75,50,rastrigin,3,0.000000,0.000003,0.000004,0.000034,0.985715
roulette wheel,200,1,1.115658,75,50,rastrigin,3,0.000000,0.000001,0.000002,0.000006,1.283505
roulette wheel,200,1,2.000000,75,50,rastrigin,3,0.000000,0.000049,0.000053,0.000115,1.069760
roulette wheel,200,1,1.728444,75,50,rastrigin,3,0.000000,0.000008,0.000008,0.000046,1.154980
tournament 3,10,1,0.622346,75,50,rastrigin,3,0.003927,0.129106,0.160328,0.264551,0.857315
tournament 3,20,1,1.037155,75,50,rastrigin,3,0.000000,0.000042,0.000042,0.000202,1.007580
tournament 3,20,1,0.774630,75,50,rastrigin,3,0.000122,0.001510,0.001620,0.006893,1.506180
tournament 3,20,1,1.859271,75,50,rastrigin,3,0.000031,0.002052,0.002051,0.006527,1.293195
tournament 3,30,1,0.578555,75,50,rastrigin,3,0.000011,0.000105,0.000078,0.000452,1.105995
tournament 3,10,1,0.833262,75,50,rastrigin,3,0.004343,0.065791,0.063986,0.144999,1.140005
tournament 3,20,1,1.200103,75,50,rastrigin,3,0.000000,0.000027,0.000021,0.000126,1.248435
tournament 3,10,1,0.720123,75,50,rastrigin,3,0.005775,0.088490,0.088387,0.223018,1.119640
tournament 3,20,1,1.606822,75,50,rastrigin,3,0.000021,0.000338,0.000383,0.018519,0.831495
tournament 3,20,1,1.388651,75,50,rastrigin,3,0.000006,0.000090,0.000096,0.001325,1.104475
tournament 3,10,1,1.115658,75,50,rastrigin,3,0.003096,0.042859,0.043064,0.190199,1.177665
tournament 3,10,1,0.964176,75,50,rastrigin,3,0.002810,0.074544,0.079326,0.121915,1.298315
tournament 3,10,1,1.290939,75,50,rastrigin,3,0.001965,0.089642,0.089317,0.186079,1.008785
roulette wheel,200,1,0.964176,75,50,rastrigin,3,0.000000,0.000008,0.000008,0.000017,0.964415
tournament 3,10,1,1.493759,75,50,rastrigin,3,0.000839,0.105896,0.114266,0.113704,0.991115
tournament 3,30,1,0.500000,75,50,rastrigin,3,0.000034,0.001199,0.001500,0.002500,1.006980
tournament 3,10,1,1.728444,75,50,rastrigin,3,0.001492,0.161837,0.201900,0.316584,0.953475
tournament 3,10,1,2.000000,75,50,rastrigin,3,0.003511,0.225514,0.226802,0.360294,0.941225
tournament 3,10,1,0.537845,75,50,rastrigin,3,0.009655,0.048277,0.048128,0.124807,0.969560
tournament 3,20,1,0.622346,75,50,rastrigin,3,0.000019,0.001163,0.000683,0.010884,0.981045
tournament 3,20,1,0.720123,75,50,rastrigin,3,0.000093,0.001553,0.001484,0.006628,0.987255
tournament 3,20,1,0.964176,75,50,rastrigin,3,0.000013,0.000740,0.000933,0.001895,0.869735
tournament 3,30,1,0.669452,75,50,rastrigin,3,0.000008,0.000175,0.000153,0.000400,1.003975
tournament 3,30,1,1.606822,75,50,rastrigin,3,0.000004,0.000058,0.000036,0.000150,1.296070
tournament 3,30,1,0.774630,75,50,rastrigin,3,0.000000,0.000117,0.000136,0.000268,0.956670
tournament 3,30,1,0.896332,75,50,rastrigin,3,0.000008,0.000083,0.000088,0.000762,0.945295
tournament 3,30,1,1.037155,75,50,rastrigin,3,0.000000,0.000006,0.000005,0.000038,0.969005
tournament 3,30,1,1.200103,75,50,rastrigin,3,0.000000,0.000005,0.000006,0.000117,0.883125
tournament 3,30,1,1.859271,75,50,rastrigin,3,0.000002,0.000078,0.000086,0.000298,0.836150
tournament 3,20,1,0.537845,75,50,rastrigin,3,0.000088,0.000812,0.001000,0.007471,0.855300
tournament 3,20,1,1.115658,75,50,rastrigin,3,0.000000,0.000016,0.000014,0.000689,0.903430
tournament 3,30,1,1.388651,75,50,rastrigin,3,0.000000,0.000018,0.000010,0.000084,1.014115
tournament 3,20,1,2.000000,75,50,rastrigin,3,0.000126,0.006852,0.007112,0.068418,0.993045
tournament 3,20,1,0.833262,75,50,rastrigin,3,0.000013,0.001420,0.000927,0.003837,1.007415
tournament 3,30,1,0.622346,75,50,rastrigin,3,0.000000,0.000217,0.000307,0.001000,0.874370
tournament 3,40,1,0.500000,75,50,rastrigin,3,0.000006,0.000287,0.000289,0.001345,0.943835
tournament 3,20,1,1.728444,75,50,rastrigin,3,0.000055,0.001053,0.001126,0.006847,0.815880
tournament 3,20,1,1.290939,75,50,rastrigin,3,0.000000,0.000079,0.000049,0.000323,0.959935
tournament 3,40,1,0.578555,75,50,rastrigin,3,0.000000,0.000097,0.000104,0.000178,0.964005
tournament 3,40,1,1.037155,75,50,rastrigin,3,0.000000,0.000004,0.000005,0.000012,0.842160
tournament 3,20,1,1.493759,75,50,rastrigin,3,0.000008,0.000207,0.000239,0.000410,0.924030
tournament 3,40,1,0.669452,75,50,rastrigin,3,0.000000,0.000113,0.000107,0.000379,0.952640
tournament 3,40,1,0.774630,75,50,rastrigin,3,0.000000,0.000064,0.000057,0.000298,0.952505
tournament 3,40,1,0.896332,75,50,rastrigin,3,0.000002,0.000067,0.000043,0.000468,0.949080
tournament 3,40,1,1.200103,75,50,rastrigin,3,0.000000,0.000001,0.000001,0.000007,0.992010
tournament 3,40,1,1.388651,75,50,rastrigin,3,0.000000,0.000004,0.000004,0.000017,0.812420
tournament 3,40,1,1.606822,75,50,rastrigin,3,0.000000,0.000018,0.000012,0.000124,0.810660
tournament 3,30,1,0.964176,75,50,rastrigin,3,0.000000,0.000025,0.000025,0.000327,1.029540
tournament 3,50,1,0.669452,75,50,rastrigin,3,0.000004,0.000055,0.000064,0.002833,0.855495
tournament 3,30,1,0.720123,75,50,rastrigin,3,0.000008,0.000148,0.000114,0.000576,0.923710
tournament 3,40,1,1.859271,75,50,rastrigin,3,0.000000,0.000080,0.000120,0.000168,0.984215
tournament 3,50,1,0.500000,75,50,rastrigin,3,0.000000,0.000254,0.000275,0.001789,0.984965
tournament 3,50,1,0.578555,75,50,rastrigin,3,0.000004,0.000053,0.000064,0.000525,0.999415
tournament 3,50,1,1.388651,75,50,rastrigin,3,0.000000,0.000003,0.000004,0.000018,1.002310
tournament 3,30,1,2.000000,75,50,rastrigin,3,0.000019,0.000354,0.000284,0.001883,0.923130
tournament 3,30,1,0.537845,75,50,rastrigin,3,0.000000,0.000267,0.000270,0.010761,1.002025
tournament 3,50,1,0.896332,75,50,rastrigin,3,0.000002,0.000031,0.000031,0.000180,1.006980
tournament 3,30,1,0.833262,75,50,rastrigin,3,0.000006,0.000115,0.000092,0.002184,1.239770
tournament 3,60,1,0.500000,75,50,rastrigin,3,0.000025,0.000328,0.000246,0.002297,1.092205
tournament 3,50,1,1.200103,75,50,rastrigin,3,0.000000,0.000002,0.000003,0.000011,0.995500
tournament 3,30,1,1.290939,75,50,rastrigin,3,0.000000,0.000005,0.000003,0.000012,1.249635
tournament 3,50,1,1.037155,75,50,rastrigin,3,0.000000,0.000004,0.000004,0.000083,1.073495
tournament 3,40,1,0.622346,75,50,rastrigin,3,0.000008,0.000035,0.000046,0.000221,1.296265
tournament 3,40,1,0.833262,75,50,rastrigin,3,0.000004,0.000061,0.000042,0.000351,1.189015
tournament 3,50,1,1.606822,75,50,rastrigin,3,0.000000,0.000016,0.000013,0.000045,0.826360
tournament 3,40,1,0.537845,75,50,rastrigin,3,0.000000,0.000134,0.000150,0.001866,1.087700
tournament 3,30,1,1.115658,75,50,rastrigin,3,0.000000,0.000001,0.000001,0.000004,0.801560
tournament 3,30,1,1.728444,75,50,rastrigin,3,0.000006,0.000077,0.000097,0.000774,1.251620
tournament 3,30,1,1.493759,75,50,rastrigin,3,0.000000,0.000014,0.000017,0.000037,0.809890
tournament 3,50,1,0.774630,75,50,rastrigin,3,0.000002,0.000089,0.000079,0.000407,0.879510
tournament 3,40,1,1.115658,75,50,rastrigin,3,0.000000,0.000001,0.000000,0.000021,0.931910
tournament 3,40,1,1.493759,75,50,rastrigin,3,0.000000,0.000007,0.000009,0.000017,0.867460
tournament 3,50,1,1.859271,75,50,rastrigin,3,0.000002,0.000037,0.000046,0.000187,1.275515
tournament 3,40,1,1.290939,75,50,rastrigin,3,0.000000,0.000003,0.000004,0.000018,0.939985
tournament 3,50,1,0.720123,75,50,rastrigin,3,0.000002,0.000055,0.000043,0.000480,0.805865
tournament 3,40,1,2.000000,75,50,rastrigin,3,0.000000,0.000070,0.000086,0.000310,0.815155
tournament 3,60,1,0.578555,75,50,rastrigin,3,0.000002,0.000061,0.000063,0.001134,0.962670
tournament 3,50,1,1.728444,75,50,rastrigin,3,0.000000,0.000047,0.000041,0.000219,0.805605
tournament 3,60,1,1.388651,75,50,rastrigin,3,0.000000,0.000006,0.000006,0.000015,0.813085
tournament 3,40,1,1.728444,75,50,rastrigin,3,0.000004,0.000025,0.000028,0.000135,1.217310
tournament 3,60,1,0.774630,75,50,rastrigin,3,0.000002,0.000072,0.000077,0.000482,1.117665
tournament 3,50,1,1.493759,75,50,rastrigin,3,0.000000,0.000008,0.000008,0.000085,1.016225
tournament 3,40,1,0.720123,75,50,rastrigin,3,0.000000,0.000077,0.000050,0.000247,1.827625
tournament 3,40,1,0.964176,75,50,rastrigin,3,0.000000,0.000013,0.000009,0.000044,1.858820
tournament 3,60,1,1.859271,75,50,rastrigin,3,0.000004,0.000033,0.000041,0.000094,0.811250
tournament 3,60,1,0.669452,75,50,rastrigin,3,0.000000,0.000049,0.000053,0.000785,1.505955
tournament 3,70,1,1.200103,75,50,rastrigin,3,0.000000,0.000001,0.000000,0.000029,0.833015
tournament 3,60,1,0.537845,75,50,rastrigin,3,0.000000,0.000103,0.000048,0.002442,0.945280
tournament 3,70,1,0.500000,75,50,rastrigin,3,0.000002,0.000356,0.000344,0.000819,0.947645
tournament 3,70,1,1.388651,75,50,rastrigin,3,0.000000,0.000005,0.000004,0.000028,0.834255
tournament 3,70,1,0.578555,75,50,rastrigin,3,0.000000,0.000064,0.000060,0.000432,0.950930
tournament 3,70,1,0.774630,75,50,rastrigin,3,0.000000,0.000051,0.000045,0.000455,0.946830
tournament 3,50,1,0.833262,75,50,rastrigin,3,0.000000,0.000043,0.000057,0.000350,0.888915
tournament 3,70,1,1.606822,75,50,rastrigin,3,0.000000,0.000016,0.000010,0.000033,0.819115
tournament 3,70,1,0.669452,75,50,rastrigin,3,0.000000,0.000049,0.000051,0.000103,1.027880
tournament 3,60,1,0.896332,75,50,rastrigin,3,0.000004,0.000051,0.000042,0.002778,1.532715
tournament 3,50,1,0.537845,75,50,rastrigin,3,0.000000,0.000135,0.000143,0.001471,1.653360
tournament 3,50,1,0.964176,75,50,rastrigin,3,0.000000,0.000031,0.000029,0.000148,1.446535
tournament 3,80,1,0.500000,75,50,rastrigin,3,0.000008,0.000167,0.000127,0.000692,0.927000
tournament 3,60,1,1.606822,75,50,rastrigin,3,0.000000,0.000027,0.000023,0.000085,1.582625
tournament 3,70,1,0.896332,75,50,rastrigin,3,0.000004,0.000073,0.000042,0.000320,1.841040
tournament 3,50,1,1.290939,75,50,rastrigin,3,0.000000,0.000002,0.000002,0.000010,1.394150
tournament 3,70,1,1.037155,75,50,rastrigin,3,0.000000,0.000001,0.000002,0.000016,1.938315
tournament 3,80,1,0.578555,75,50,rastrigin,3,0.000004,0.000147,0.000195,0.000771,1.184030
tournament 3,80,1,0.669452,75,50,rastrigin,3,0.000002,0.000165,0.000109,0.000752,0.798410
tournament 3,60,1,1.037155,75,50,rastrigin,3,0.000000,0.000002,0.000002,0.000018,1.598365
tournament 3,50,1,1.115658,75,50,rastrigin,3,0.000000,0.000001,0.000000,0.000005,1.682115
tournament 3,70,1,1.859271,75,50,rastrigin,3,0.000010,0.000053,0.000059,0.000279,1.402460
tournament 3,60,1,1.493759,75,50,rastrigin,3,0.000000,0.000007,0.000009,0.001028,0.821080
tournament 3,80,1,0.774630,75,50,rastrigin,3,0.000004,0.000051,0.000049,0.000813,0.800840
tournament 3,60,1,0.833262,75,50,rastrigin,3,0.000000,0.000044,0.000049,0.000196,0.787655
tournament 3,50,1,0.622346,75,50,rastrigin,3,0.000017,0.000158,0.000181,0.000343,1.746740
tournament 3,60,1,1.200103,75,50,rastrigin,3,0.000000,0.000001,0.000002,0.000012,1.953270
tournament 3,50,1,2.000000,75,50,rastrigin,3,0.000002,0.000035,0.000021,0.000264,1.748200
tournament 3,70,1,1.290939,75,50,rastrigin,3,0.000000,0.000003,0.000003,0.000014,0.788840
tournament 3,70,1,1.493759,75,50,rastrigin,3,0.000000,0.000010,0.000010,0.000142,0.820505
tournament 3,80,1,1.200103,75,50,rastrigin,3,0.000000,0.000001,0.000002,0.000006,0.926770
tournament 3,80,1,1.037155,75,50,rastrigin,3,0.000000,0.000006,0.000008,0.000018,0.948815
tournament 3,60,1,2.000000,75,50,rastrigin,3,0.000000,0.000084,0.000073,0.000321,0.975085
tournament 3,80,1,1.606822,75,50,rastrigin,3,0.000000,0.000013,0.000011,0.000054,0.794210
tournament 3,70,1,1.728444,75,50,rastrigin,3,0.000000,0.000020,0.000011,0.000319,0.847265
tournament 3,80,1,0.537845,75,50,rastrigin,3,0.000011,0.000169,0.000176,0.000370,0.841760
tournament 3,70,1,1.115658,75,50,rastrigin,3,0.000000,0.000002,0.000001,0.000006,0.818880
tournament 3,90,1,0.500000,75,50,rastrigin,3,0.000004,0.000300,0.000296,0.012690,0.924590
tournament 3,80,1,1.859271,75,50,rastrigin,3,0.000000,0.000053,0.000060,0.000178,0.937170
tournament 3,70,1,0.622346,75,50,rastrigin,3,0.000004,0.000076,0.000095,0.000085,1.205950
tournament 3,60,1,1.728444,75,50,rastrigin,3,0.000000,0.000015,0.000019,0.000051,0.926295
tournament 3,70,1,0.964176,75,50,rastrigin,3,0.000000,0.000015,0.000007,0.000039,0.941040
tournament 3,90,1,0.578555,75,50,rastrigin,3,0.000000,0.000221,0.000204,0.000423,0.940835
tournament 3,60,1,0.720123,75,50,rastrigin,3,0.000002,0.000034,0.000037,0.000502,1.536075
tournament 3,80,1,0.896332,75,50,rastrigin,3,0.000004,0.000081,0.000087,0.000517,1.825560
tournament 3,80,1,0.622346,75,50,rastrigin,3,0.000000,0.000086,0.000082,0.000183,0.815845
tournament 3,80,1,0.720123,75,50,rastrigin,3,0.000000,0.000051,0.000051,0.000214,0.792000
tournament 3,80,1,1.388651,75,50,rastrigin,3,0.000000,0.000007,0.000009,0.000066,1.649440
tournament 3,90,1,0.669452,75,50,rastrigin,3,0.000000,0.000113,0.000088,0.000689,0.938000
tournament 3,70,1,2.000000,75,50,rastrigin,3,0.000000,0.000088,0.000072,0.000357,0.956765
tournament 3,60,1,0.622346,75,50,rastrigin,3,0.000002,0.000171,0.000231,0.004569,2.427065
tournament 3,60,1,0.964176,75,50,rastrigin,3,0.000002,0.000020,0.000016,0.000051,1.496835
tournament 3,80,1,0.833262,75,50,rastrigin,3,0.000000,0.000071,0.000077,0.000744,1.141545
tournament 3,70,1,0.537845,75,50,rastrigin,3,0.000000,0.000150,0.000059,0.004642,2.052350
tournament 3,90,1,0.896332,75,50,rastrigin,3,0.000000,0.000135,0.000086,0.000340,1.035640
tournament 3,90,1,1.200103,75,50,rastrigin,3,0.000000,0.000001,0.000002,0.000007,0.936670
tournament 3,90,1,1.037155,75,50,rastrigin,3,0.000000,0.000002,0.000002,0.000003,0.953385
tournament 3,60,1,1.290939,75,50,rastrigin,3,0.000000,0.000004,0.000005,0.000015,0.952450
tournament 3,70,1,0.833262,75,50,rastrigin,3,0.000002,0.000085,0.000065,0.000202,1.936080
tournament 3,90,1,1.859271,75,50,rastrigin,3,0.000004,0.000075,0.000093,0.000247,0.801905
tournament 3,60,1,1.115658,75,50,rastrigin,3,0.000000,0.000001,0.000000,0.000003,1.360985
tournament 3,90,1,0.774630,75,50,rastrigin,3,0.000000,0.000027,0.000034,0.000174,1.426490
tournament 3,100,1,0.500000,75,50,rastrigin,3,0.000044,0.000195,0.000212,0.001058,0.798655
tournament 3,80,1,1.290939,75,50,rastrigin,3,0.000000,0.000003,0.000004,0.000014,0.994795
tournament 3,100,1,0.669452,75,50,rastrigin,3,0.000000,0.000042,0.000035,0.000264,0.796275
tournament 3,90,1,1.388651,75,50,rastrigin,3,0.000000,0.000003,0.000004,0.000024,1.181695
tournament 3,100,1,0.578555,75,50,rastrigin,3,0.000000,0.000066,0.000050,0.000811,0.877675
tournament 3,90,1,1.606822,75,50,rastrigin,3,0.000000,0.000017,0.000025,0.000029,1.196345
tournament 3,80,1,1.728444,75,50,rastrigin,3,0.000004,0.000018,0.000021,0.000128,1.317810
tournament 3,90,1,0.537845,75,50,rastrigin,3,0.000002,0.000099,0.000134,0.000219,1.388810
tournament 3,80,1,1.115658,75,50,rastrigin,3,0.000000,0.000000,0.000000,0.000003,0.845830
tournament 3,80,1,0.964176,75,50,rastrigin,3,0.000000,0.000018,0.000022,0.000081,0.813085
tournament 3,100,1,1.388651,75,50,rastrigin,3,0.000000,0.000002,0.000003,0.000032,0.855345
tournament 3,70,1,0.720123,75,50,rastrigin,3,0.000000,0.000066,0.000085,0.000326,2.689580
tournament 3,100,1,1.200103,75,50,rastrigin,3,0.000000,0.000000,0.000000,0.000003,0.945730
tournament 3,100,1,1.606822,75,50,rastrigin,3,0.000002,0.000014,0.000011,0.000118,0.840745
tournament 3,110,1,0.669452,75,50,rastrigin,3,0.000006,0.000090,0.000120,0.002958,0.799470
tournament 3,90,1,0.964176,75,50,rastrigin,3,0.000000,0.000031,0.000038,0.000242,0.824985
tournament 3,100,1,1.037155,75,50,rastrigin,3,0.000000,0.000001,0.000002,0.000009,1.127550
tournament 3,100,1,1.859271,75,50,rastrigin,3,0.000000,0.000039,0.000038,0.000121,0.946005
tournament 3,110,1,0.578555,75,50,rastrigin,3,0.000004,0.000072,0.000084,0.000419,0.940630
tournament 3,100,1,0.622346,75,50,rastrigin,3,0.000002,0.000028,0.000032,0.000115,0.917735
tournament 3,80,1,1.493759,75,50,rastrigin,3,0.000000,0.000006,0.000006,0.000036,0.993285
tournament 3,110,1,0.500000,75,50,rastrigin,3,0.000010,0.000333,0.000219,0.001188,1.142260
tournament 3,90,1,0.720123,75,50,rastrigin,3,0.000002,0.000050,0.000051,0.000908,1.190515
tournament 3,100,1,0.774630,75,50,rastrigin,3,0.000004,0.000041,0.000055,0.000520,1.497510
tournament 3,90,1,0.622346,75,50,rastrigin,3,0.000000,0.000083,0.000092,0.000369,1.561230
tournament 3,100,1,0.896332,75,50,rastrigin,3,0.000004,0.000072,0.000061,0.000300,1.597065
tournament 3,80,1,2.000000,75,50,rastrigin,3,0.000002,0.000072,0.000086,0.000121,1.640355
tournament 3,110,1,0.774630,75,50,rastrigin,3,0.000002,0.000034,0.000047,0.000093,1.429155
tournament 3,90,1,0.833262,75,50,rastrigin,3,0.000000,0.000067,0.000040,0.000471,0.831490
tournament 3,110,1,0.896332,75,50,rastrigin,3,0.000000,0.000054,0.000040,0.000254,0.932025
tournament 3,120,1,0.578555,75,50,rastrigin,3,0.000010,0.000164,0.000113,0.001078,0.908245
tournament 3,90,1,2.000000,75,50,rastrigin,3,0.000002,0.000067,0.000050,0.000669,0.935755
tournament 3,100,1,0.537845,75,50,rastrigin,3,0.000006,0.000104,0.000095,0.000637,0.914740
tournament 3,90,1,1.290939,75,50,rastrigin,3,0.000000,0.000003,0.000004,0.000004,1.075495
tournament 3,90,1,1.493759,75,50,rastrigin,3,0.000000,0.000008,0.000009,0.000016,0.797850
tournament 3,100,1,0.720123,75,50,rastrigin,3,0.000002,0.000036,0.000032,0.001316,0.807750
tournament 3,90,1,1.728444,75,50,rastrigin,3,0.000000,0.000024,0.000020,0.000111,0.780860
tournament 3,110,1,1.037155,75,50,rastrigin,3,0.000000,0.000001,0.000002,0.000003,1.120760
tournament 3,110,1,1.388651,75,50,rastrigin,3,0.000000,0.000006,0.000008,0.000020,0.959260
tournament 3,110,1,1.606822,75,50,rastrigin,3,0.000000,0.000012,0.000012,0.000032,0.822025
tournament 3,90,1,1.115658,75,50,rastrigin,3,0.000000,0.000001,0.000001,0.000009,0.936455
tournament 3,110,1,1.200103,75,50,rastrigin,3,0.000000,0.000001,0.000002,0.000005,0.928335
tournament 3,120,1,0.500000,75,50,rastrigin,3,0.000000,0.000383,0.000467,0.001224,1.016515
tournament 3,100,1,1.493759,75,50,rastrigin,3,0.000000,0.000006,0.000007,0.000034,0.788940
tournament 3,100,1,1.728444,75,50,rastrigin,3,0.000000,0.000019,0.000007,0.000068,0.800930
tournament 3,100,1,1.290939,75,50,rastrigin,3,0.000000,0.000002,0.000002,0.000008,0.838835
tournament 3,120,1,0.774630,75,50,rastrigin,3,0.000000,0.000089,0.000110,0.000980,0.813850
tournament 3,110,1,0.720123,75,50,rastrigin,3,0.000008,0.000043,0.000041,0.000428,0.868445
tournament 3,120,1,0.896332,75,50,rastrigin,3,0.000000,0.000059,0.000076,0.000350,0.796405
tournament 3,120,1,0.669452,75,50,rastrigin,3,0.000000,0.000035,0.000029,0.000564,1.006315
tournament 3,110,1,0.622346,75,50,rastrigin,3,0.000000,0.000057,0.000041,0.000441,0.945545
tournament 3,120,1,1.037155,75,50,rastrigin,3,0.000000,0.000004,0.000004,0.000016,0.936125
tournament 3,110,1,0.537845,75,50,rastrigin,3,0.000011,0.000102,0.000134,0.000736,0.927185
tournament 3,110,1,1.859271,75,50,rastrigin,3,0.000006,0.000057,0.000061,0.000128,1.558865
tournament 3,100,1,0.833262,75,50,rastrigin,3,0.000000,0.000051,0.000038,0.000265,0.931770
tournament 3,100,1,1.115658,75,50,rastrigin,3,0.000000,0.000001,0.000000,0.000002,1.164590
tournament 3,120,1,1.388651,75,50,rastrigin,3,0.000000,0.000003,0.000004,0.000012,0.932630
tournament 3,120,1,1.606822,75,50,rastrigin,3,0.000000,0.000019,0.000011,0.000067,0.928180
tournament 3,110,1,1.493759,75,50,rastrigin,3,0.000000,0.000012,0.000010,0.000036,1.011590
tournament 3,110,1,0.833262,75,50,rastrigin,3,0.000002,0.000128,0.000109,0.005844,0.840880
tournament 3,100,1,2.000000,75,50,rastrigin,3,0.000006,0.000064,0.000051,0.000666,1.231130
tournament 3,100,1,0.964176,75,50,rastrigin,3,0.000000,0.000019,0.000014,0.000085,1.167230
tournament 3,120,1,0.622346,75,50,rastrigin,3,0.000015,0.000108,0.000112,0.000519,0.794550
tournament 3,130,1,0.500000,75,50,rastrigin,3,0.000008,0.000248,0.000259,0.049272,0.801275
tournament 3,130,1,0.578555,75,50,rastrigin,3,0.000000,0.000097,0.000102,0.000323,0.785000
tournament 3,120,1,1.859271,75,50,rastrigin,3,0.000000,0.000043,0.000040,0.000302,0.971395
tournament 3,110,1,0.964176,75,50,rastrigin,3,0.000000,0.000011,0.000010,0.000226,0.987405
tournament 3,130,1,0.774630,75,50,rastrigin,3,0.000000,0.000036,0.000037,0.000756,0.897420
tournament 3,120,1,0.964176,75,50,rastrigin,3,0.000000,0.000008,0.000009,0.000032,0.841435
tournament 3,130,1,0.669452,75,50,rastrigin,3,0.000008,0.000077,0.000070,0.000594,0.933430
tournament 3,130,1,0.896332,75,50,rastrigin,3,0.000010,0.000068,0.000061,0.000174,0.955545
tournament 3,110,1,1.728444,75,50,rastrigin,3,0.000000,0.000017,0.000020,0.000050,0.793015
tournament 3,110,1,1.115658,75,50,rastrigin,3,0.000000,0.000001,0.000000,0.000007,0.942540
tournament 3,130,1,1.200103,75,50,rastrigin,3,0.000000,0.000002,0.000003,0.000034,0.925660
tournament 3,120,1,1.200103,75,50,rastrigin,3,0.000000,0.000001,0.000000,0.000005,0.935680
tournament 3,120,1,0.537845,75,50,rastrigin,3,0.000000,0.000067,0.000055,0.000225,0.790920
tournament 3,130,1,1.388651,75,50,rastrigin,3,0.000000,0.000002,0.000002,0.000064,0.812000
tournament 3,120,1,0.833262,75,50,rastrigin,3,0.000000,0.000073,0.000085,0.000179,0.786595
tournament 3,130,1,1.859271,75,50,rastrigin,3,0.000000,0.000064,0.000061,0.000274,0.933140
tournament 3,120,1,0.720123,75,50,rastrigin,3,0.000004,0.000072,0.000080,0.000330,0.819665
tournament 3,140,1,0.500000,75,50,rastrigin,3,0.000002,0.000312,0.000416,0.002445,0.896220
tournament 3,130,1,1.037155,75,50,rastrigin,3,0.000000,0.000001,0.000000,0.000003,0.942540
tournament 3,140,1,0.578555,75,50,rastrigin,3,0.000002,0.000075,0.000078,0.000898,0.927675
tournament 3,120,1,1.115658,75,50,rastrigin,3,0.000000,0.000002,0.000002,0.000007,1.008760
tournament 3,110,1,1.290939,75,50,rastrigin,3,0.000000,0.000002,0.000003,0.000009,1.442550
tournament 3,140,1,0.669452,75,50,rastrigin,3,0.000000,0.000077,0.000079,0.000167,0.933700
tournament 3,140,1,0.896332,75,50,rastrigin,3,0.000004,0.000058,0.000074,0.000110,0.934050
tournament 3,120,1,1.493759,75,50,rastrigin,3,0.000000,0.000009,0.000009,0.000045,0.933835
tournament 3,150,1,0.669452,75,50,rastrigin,3,0.000002,0.000092,0.000088,0.000256,0.813800
tournament 3,130,1,0.964176,75,50,rastrigin,3,0.000004,0.000028,0.000033,0.000270,1.058995
tournament 3,120,1,2.000000,75,50,rastrigin,3,0.000008,0.000132,0.000077,0.000265,0.788090
tournament 3,130,1,0.622346,75,50,rastrigin,3,0.000000,0.000049,0.000053,0.001255,0.810640
tournament 3,130,1,0.537845,75,50,rastrigin,3,0.000002,0.000054,0.000055,0.000426,0.847900
tournament 3,140,1,0.774630,75,50,rastrigin,3,0.000000,0.000044,0.000036,0.000136,1.362530
tournament 3,150,1,0.500000,75,50,rastrigin,3,0.000006,0.000542,0.000576,0.002705,0.845075
tournament 3,130,1,0.833262,75,50,rastrigin,3,0.000004,0.000072,0.000072,0.000151,0.794525
tournament 3,150,1,0.578555,75,50,rastrigin,3,0.000002,0.000120,0.000076,0.000798,0.791185
tournament 3,140,1,1.037155,75,50,rastrigin,3,0.000000,0.000004,0.000005,0.000024,1.691365
tournament 3,130,1,1.493759,75,50,rastrigin,3,0.000000,0.000008,0.000009,0.000111,0.833380
tournament 3,110,1,2.000000,75,50,rastrigin,3,0.000011,0.000072,0.000100,0.000199,0.954080
tournament 3,150,1,1.037155,75,50,rastrigin,3,0.000000,0.000003,0.000004,0.000004,0.854890
tournament 3,120,1,1.728444,75,50,rastrigin,3,0.000000,0.000010,0.000010,0.000046,1.838460
tournament 3,140,1,1.606822,75,50,rastrigin,3,0.000000,0.000008,0.000009,0.000023,0.963575
tournament 3,130,1,1.606822,75,50,rastrigin,3,0.000000,0.000015,0.000018,0.000056,2.396585
tournament 3,140,1,1.859271,75,50,rastrigin,3,0.000000,0.000027,0.000019,0.000136,1.627545
tournament 3,120,1,1.290939,75,50,rastrigin,3,0.000000,0.000001,0.000000,0.000005,1.666950
tournament 3,130,1,1.115658,75,50,rastrigin,3,0.000000,0.000002,0.000003,0.000004,0.819645
tournament 3,140,1,1.388651,75,50,rastrigin,3,0.000000,0.000003,0.000003,0.000017,1.088400
tournament 3,150,1,0.896332,75,50,rastrigin,3,0.000008,0.000039,0.000041,0.000081,1.094620
tournament 3,140,1,0.537845,75,50,rastrigin,3,0.000000,0.000029,0.000038,0.000432,0.943065
tournament 3,150,1,1.388651,75,50,rastrigin,3,0.000000,0.000005,0.000006,0.000015,0.949850
tournament 3,130,1,1.290939,75,50,rastrigin,3,0.000000,0.000001,0.000002,0.000023,1.230790
tournament 3,150,1,0.720123,75,50,rastrigin,3,0.000004,0.000067,0.000060,0.000394,0.819790
tournament 3,160,1,0.500000,75,50,rastrigin,3,0.000015,0.000099,0.000109,0.000515,0.822110
tournament 3,160,1,0.669452,75,50,rastrigin,3,0.000000,0.000088,0.000088,0.000148,0.843330
tournament 3,130,1,0.720123,75,50,rastrigin,3,0.000000,0.000057,0.000055,0.000177,1.566160
tournament 3,140,1,0.964176,75,50,rastrigin,3,0.000000,0.000010,0.000012,0.000058,0.975240
tournament 3,130,1,2.000000,75,50,rastrigin,3,0.000000,0.000154,0.000088,0.000470,1.245450
tournament 3,150,1,1.859271,75,50,rastrigin,3,0.000004,0.000046,0.000046,0.000229,0.993975
tournament 3,150,1,0.537845,75,50,rastrigin,3,0.000000,0.000116,0.000076,0.000304,1.023495
tournament 3,140,1,1.200103,75,50,rastrigin,3,0.000000,0.000001,0.000000,0.000012,1.574745
tournament 3,140,1,0.622346,75,50,rastrigin,3,0.000002,0.000059,0.000062,0.000441,1.359480
tournament 3,160,1,0.774630,75,50,rastrigin,3,0.000000,0.000113,0.000092,0.000691,0.822005
tournament 3,150,1,1.200103,75,50,rastrigin,3,0.000000,0.000001,0.000000,0.000018,1.568520
tournament 3,150,1,0.774630,75,50,rastrigin,3,0.000000,0.000027,0.000022,0.000081,2.442480
tournament 3,160,1,0.578555,75,50,rastrigin,3,0.000000,0.000049,0.000042,0.000179,1.272065
tournament 3,140,1,0.833262,75,50,rastrigin,3,0.000002,0.000102,0.000082,0.001324,1.442065
tournament 3,150,1,0.622346,75,50,rastrigin,3,0.000002,0.000071,0.000074,0.002293,0.817005
tournament 3,150,1,1.606822,75,50,rastrigin,3,0.000000,0.000010,0.000011,0.000096,0.926090
tournament 3,140,1,0.720123,75,50,rastrigin,3,0.000004,0.000065,0.000056,0.000922,0.933065
tournament 3,160,1,0.896332,75,50,rastrigin,3,0.000002,0.000106,0.000130,0.001485,1.028965
tournament 3,150,1,1.115658,75,50,rastrigin,3,0.000000,0.000001,0.000001,0.000002,0.816230
tournament 3,160,1,1.037155,75,50,rastrigin,3,0.000000,0.000004,0.000003,0.000019,0.890075
tournament 3,140,1,2.000000,75,50,rastrigin,3,0.000008,0.000073,0.000075,0.000749,0.790315
tournament 3,130,1,1.728444,75,50,rastrigin,3,0.000000,0.000012,0.000010,0.000063,0.880780
tournament 3,140,1,1.115658,75,50,rastrigin,3,0.000000,0.000001,0.000001,0.000123,0.933210
tournament 3,160,1,1.859271,75,50,rastrigin,3,0.000004,0.000048,0.000043,0.000302,0.796825
tournament 3,160,1,1.606822,75,50,rastrigin,3,0.000000,0.000010,0.000009,0.000050,0.931405
tournament 3,170,1,0.500000,75,50,rastrigin,3,0.000004,0.000062,0.000049,0.003458,0.790165
tournament 3,150,1,0.964176,75,50,rastrigin,3,0.000000,0.000013,0.000013,0.000118,0.942855
tournament 3,170,1,0.774630,75,50,rastrigin,3,0.000000,0.000113,0.000147,0.000560,0.788440
tournament 3,170,1,0.578555,75,50,rastrigin,3,0.000000,0.000061,0.000062,0.000888,0.938185
tournament 3,160,1,0.537845,75,50,rastrigin,3,0.000000,0.000049,0.000061,0.000095,0.914865
tournament 3,150,1,1.493759,75,50,rastrigin,3,0.000000,0.000005,0.000007,0.000034,1.119890
tournament 3,160,1,1.200103,75,50,rastrigin,3,0.000000,0.000002,0.000002,0.000005,1.725075
tournament 3,160,1,0.622346,75,50,rastrigin,3,0.000002,0.000102,0.000085,0.000240,0.802690
tournament 3,160,1,1.115658,75,50,rastrigin,3,0.000000,0.000001,0.000001,0.000004,0.845890
tournament 3,160,1,0.720123,75,50,rastrigin,3,0.000000,0.000094,0.000063,0.000382,0.946795
tournament 3,180,1,0.500000,75,50,rastrigin,3,0.000006,0.000314,0.000336,0.002777,0.778350
tournament 3,160,1,0.833262,75,50,rastrigin,3,0.000000,0.000083,0.000054,0.000179,0.861295
tournament 3,170,1,0.896332,75,50,rastrigin,3,0.000000,0.000035,0.000029,0.001093,0.948730
tournament 3,170,1,1.037155,75,50,rastrigin,3,0.000000,0.000003,0.000004,0.000013,0.944000
tournament 3,180,1,0.774630,75,50,rastrigin,3,0.000000,0.000094,0.000095,0.000280,0.880590
tournament 3,150,1,2.000000,75,50,rastrigin,3,0.000004,0.000035,0.000040,0.000198,0.922735
tournament 3,140,1,1.290939,75,50,rastrigin,3,0.000000,0.000005,0.000005,0.000029,0.937170
tournament 3,150,1,0.833262,75,50,rastrigin,3,0.000000,0.000036,0.000043,0.000107,0.929375
tournament 3,140,1,1.728444,75,50,rastrigin,3,0.000004,0.000036,0.000043,0.000255,1.855860
tournament 3,160,1,1.388651,75,50,rastrigin,3,0.000000,0.000001,0.000000,0.000016,1.940910
tournament 3,150,1,1.290939,75,50,rastrigin,3,0.000000,0.000002,0.000002,0.000061,1.167895
tournament 3,160,1,0.964176,75,50,rastrigin,3,0.000004,0.000028,0.000038,0.000097,0.798425
tournament 3,180,1,0.896332,75,50,rastrigin,3,0.000000,0.000033,0.000033,0.000069,0.782860
tournament 3,160,1,1.728444,75,50,rastrigin,3,0.000000,0.000030,0.000026,0.000376,1.064125
tournament 3,170,1,1.200103,75,50,rastrigin,3,0.000000,0.000002,0.000002,0.000004,1.410845
tournament 3,180,1,1.200103,75,50,rastrigin,3,0.000000,0.000002,0.000002,0.000009,1.028540
tournament 3,180,1,0.669452,75,50,rastrigin,3,0.000000,0.000118,0.000110,0.001897,1.020825
tournament 3,170,1,0.669452,75,50,rastrigin,3,0.000004,0.000061,0.000053,0.000525,1.818375
tournament 3,140,1,1.493759,75,50,rastrigin,3,0.000000,0.000010,0.000009,0.000021,2.038350
tournament 3,160,1,2.000000,75,50,rastrigin,3,0.000000,0.000064,0.000070,0.000648,0.793785
tournament 3,170,1,0.833262,75,50,rastrigin,3,0.000000,0.000039,0.000046,0.000133,0.845955
tournament 3,170,1,1.859271,75,50,rastrigin,3,0.000002,0.000035,0.000037,0.000076,1.669055
tournament 3,180,1,1.388651,75,50,rastrigin,3,0.000000,0.000002,0.000001,0.000007,0.867395
tournament 3,180,1,1.859271,75,50,rastrigin,3,0.000004,0.000099,0.000116,0.000266,0.802900
tournament 3,170,1,1.388651,75,50,rastrigin,3,0.000000,0.000005,0.000005,0.000065,0.936370
tournament 3,170,1,1.606822,75,50,rastrigin,3,0.000000,0.000019,0.000018,0.000065,0.963555
tournament 3,190,1,0.578555,75,50,rastrigin,3,0.000000,0.000136,0.000134,0.000417,0.793490
tournament 3,190,1,0.500000,75,50,rastrigin,3,0.000011,0.000275,0.000268,0.000700,0.826335
tournament 3,180,1,1.037155,75,50,rastrigin,3,0.000000,0.000002,0.000002,0.000013,1.233265
tournament 3,180,1,0.537845,75,50,rastrigin,3,0.000000,0.000158,0.000103,0.002500,0.833640
tournament 3,170,1,0.537845,75,50,rastrigin,3,0.000008,0.000108,0.000137,0.000491,1.279260
tournament 3,190,1,0.669452,75,50,rastrigin,3,0.000004,0.000130,0.000154,0.000429,0.791990
tournament 3,190,1,1.037155,75,50,rastrigin,3,0.000000,0.000005,0.000006,0.000021,1.469600
tournament 3,170,1,0.964176,75,50,rastrigin,3,0.000000,0.000017,0.000016,0.000056,0.963555
tournament 3,170,1,0.622346,75,50,rastrigin,3,0.000002,0.000206,0.000254,0.000742,1.618210
tournament 3,180,1,0.833262,75,50,rastrigin,3,0.000000,0.000029,0.000031,0.000227,0.794850
tournament 3,190,1,0.896332,75,50,rastrigin,3,0.000002,0.000060,0.000101,0.000183,1.663050
tournament 3,180,1,0.578555,75,50,rastrigin,3,0.000008,0.000103,0.000094,0.002941,1.774130
tournament 3,190,1,1.200103,75,50,rastrigin,3,0.000000,0.000001,0.000002,0.000011,0.927935
tournament 3,160,1,1.290939,75,50,rastrigin,3,0.000000,0.000003,0.000002,0.000008,0.920425
tournament 3,180,1,0.964176,75,50,rastrigin,3,0.000000,0.000014,0.000018,0.000299,0.833785
tournament 3,160,1,1.493759,75,50,rastrigin,3,0.000000,0.000009,0.000008,0.000028,0.936195
tournament 3,180,1,0.720123,75,50,rastrigin,3,0.000010,0.000048,0.000053,0.000344,0.793840
tournament 3,170,1,1.290939,75,50,rastrigin,3,0.000000,0.000002,0.000002,0.000009,0.925940
tournament 3,190,1,1.859271,75,50,rastrigin,3,0.000000,0.000015,0.000018,0.000148,0.946190
tournament 3,190,1,0.537845,75,50,rastrigin,3,0.000004,0.000104,0.000108,0.000210,0.827095
tournament 3,190,1,1.388651,75,50,rastrigin,3,0.000000,0.000010,0.000011,0.000046,0.976035
tournament 3,180,1,1.290939,75,50,rastrigin,3,0.000000,0.000002,0.000002,0.000012,0.925210
tournament 3,190,1,0.622346,75,50,rastrigin,3,0.000004,0.000097,0.000073,0.000461,0.881220
tournament 3,190,1,1.606822,75,50,rastrigin,3,0.000000,0.000011,0.000010,0.000070,1.064800
tournament 3,200,1,0.578555,75,50,rastrigin,3,0.000000,0.000047,0.000067,0.000129,0.831180
tournament 3,200,1,0.669452,75,50,rastrigin,3,0.000011,0.000133,0.000151,0.000339,0.810030
tournament 3,150,1,1.728444,75,50,rastrigin,3,0.000000,0.000028,0.000021,0.000114,2.365355
tournament 3,170,1,1.115658,75,50,rastrigin,3,0.000000,0.000002,0.000003,0.000039,1.556055
tournament 3,190,1,0.774630,75,50,rastrigin,3,0.000002,0.000112,0.000087,0.001444,1.520305
tournament 3,180,1,1.493759,75,50,rastrigin,3,0.000000,0.000008,0.000010,0.000020,0.787015
tournament 3,180,1,1.606822,75,50,rastrigin,3,0.000000,0.000011,0.000012,0.000027,1.595820
tournament 3,180,1,2.000000,75,50,rastrigin,3,0.000010,0.000137,0.000161,0.000305,0.808720
tournament 3,170,1,2.000000,75,50,rastrigin,3,0.000004,0.000055,0.000057,0.000280,1.021450
tournament 3,200,1,0.774630,75,50,rastrigin,3,0.000004,0.000077,0.000063,0.000425,0.794430
tournament 3,200,1,0.896332,75,50,rastrigin,3,0.000000,0.000046,0.000035,0.000129,0.796745
tournament 3,190,1,0.720123,75,50,rastrigin,3,0.000008,0.000117,0.000110,0.002218,0.790305
tournament 3,170,1,1.728444,75,50,rastrigin,3,0.000000,0.000012,0.000014,0.000072,0.924450
tournament 3,200,1,0.500000,75,50,rastrigin,3,0.000017,0.000732,0.000364,0.004645,0.931960
tournament 3,180,1,1.115658,75,50,rastrigin,3,0.000000,0.000001,0.000000,0.000002,0.951125
tournament 3,200,1,1.388651,75,50,rastrigin,3,0.000000,0.000002,0.000002,0.000007,0.890005
tournament 3,190,1,1.115658,75,50,rastrigin,3,0.000000,0.000001,0.000002,0.000003,0.940805
tournament 3,200,1,1.200103,75,50,rastrigin,3,0.000000,0.000001,0.000001,0.000003,0.935700
tournament 3,190,1,0.964176,75,50,rastrigin,3,0.000000,0.000011,0.000013,0.000040,0.938210
tournament 3,200,1,1.859271,75,50,rastrigin,3,0.000000,0.000064,0.000081,0.000129,0.810365
tournament 3,170,1,0.720123,75,50,rastrigin,3,0.000010,0.000099,0.000054,0.000355,1.299090
tournament 3,190,1,1.290939,75,50,rastrigin,3,0.000000,0.000003,0.000004,0.000003,0.961545
tournament 3,190,1,0.833262,75,50,rastrigin,3,0.000000,0.000070,0.000071,0.000370,0.997600
tournament 5,10,1,0.578555,75,50,rastrigin,3,0.005028,0.083538,0.077110,0.173525,0.997300
tournament 3,200,1,1.037155,75,50,rastrigin,3,0.000000,0.000003,0.000004,0.000007,1.475135
tournament 5,10,1,0.500000,75,50,rastrigin,3,0.001223,0.077485,0.091301,0.157234,1.078045
tournament 3,170,1,1.493759,75,50,rastrigin,3,0.000000,0.000006,0.000006,0.000031,1.715060
tournament 3,190,1,1.728444,75,50,rastrigin,3,0.000000,0.000010,0.000011,0.000068,0.789335
tournament 3,200,1,0.622346,75,50,rastrigin,3,0.000000,0.000102,0.000126,0.001048,0.783160
tournament 5,10,1,0.774630,75,50,rastrigin,3,0.008186,0.090681,0.065918,0.247933,0.939585
tournament 5,10,1,1.037155,75,50,rastrigin,3,0.004021,0.062742,0.055255,0.111978,0.860400
tournament 3,180,1,0.622346,75,50,rastrigin,3,0.000000,0.000082,0.000070,0.000211,1.445465
tournament 3,200,1,0.720123,75,50,rastrigin,3,0.000000,0.000141,0.000105,0.000529,0.848360
tournament 3,200,1,1.606822,75,50,rastrigin,3,0.000000,0.000006,0.000004,0.000047,0.917580
tournament 5,10,1,1.388651,75,50,rastrigin,3,0.006319,0.087778,0.101427,0.141836,1.027430
tournament 5,10,1,0.896332,75,50,rastrigin,3,0.002947,0.103307,0.123316,0.234741,1.210380
tournament 3,180,1,1.728444,75,50,rastrigin,3,0.000000,0.000011,0.000015,0.000215,0.933630
tournament 3,200,1,0.833262,75,50,rastrigin,3,0.000004,0.000040,0.000045,0.000776,0.804765
tournament 5,10,1,1.200103,75,50,rastrigin,3,0.007725,0.080058,0.062750,0.122553,1.179800
tournament 3,200,1,0.964176,75,50,rastrigin,3,0.000000,0.000010,0.000010,0.000043,0.832985
tournament 5,10,1,1.859271,75,50,rastrigin,3,0.035812,0.319113,0.381245,0.290208,1.229570
tournament 5,20,1,0.578555,75,50,rastrigin,3,0.000004,0.000642,0.000712,0.001450,0.850790
tournament 3,200,1,1.493759,75,50,rastrigin,3,0.000000,0.000010,0.000008,0.000038,0.812160
tournament 3,200,1,2.000000,75,50,rastrigin,3,0.000008,0.000111,0.000117,0.000367,0.804215
tournament 3,190,1,2.000000,75,50,rastrigin,3,0.000000,0.000107,0.000087,0.000333,1.116505
tournament 3,200,1,0.537845,75,50,rastrigin,3,0.000019,0.000117,0.000102,0.000976,0.966340
tournament 5,10,1,0.622346,75,50,rastrigin,3,0.005447,0.087108,0.091028,0.145264,0.873605
tournament 5,20,1,0.774630,75,50,rastrigin,3,0.000011,0.002277,0.001768,0.008131,0.999120
tournament 5,30,1,0.774630,75,50,rastrigin,3,0.000002,0.000080,0.000067,0.001749,0.935515
tournament 5,20,1,0.896332,75,50,rastrigin,3,0.000023,0.000792,0.000764,0.013851,1.012695
tournament 5,20,1,1.037155,75,50,rastrigin,3,0.000004,0.000131,0.000104,0.001850,1.001925
tournament 5,10,1,0.669452,75,50,rastrigin,3,0.009243,0.049049,0.053530,0.106255,2.184710
tournament 5,20,1,1.200103,75,50,rastrigin,3,0.000000,0.000087,0.000088,0.000574,0.997835
tournament 3,190,1,1.493759,75,50,rastrigin,3,0.000000,0.000003,0.000004,0.000080,2.045000
tournament 5,10,1,1.606822,75,50,rastrigin,3,0.010284,0.157192,0.174871,0.299891,1.862965
tournament 5,20,1,0.500000,75,50,rastrigin,3,0.000042,0.002857,0.003191,0.009665,2.360580
tournament 3,200,1,1.115658,75,50,rastrigin,3,0.000000,0.000001,0.000001,0.000007,0.933225
tournament 5,30,1,0.578555,75,50,rastrigin,3,0.000000,0.000045,0.000047,0.000316,0.871655
tournament 5,10,1,0.833262,75,50,rastrigin,3,0.017284,0.073689,0.076036,0.128317,0.935035
tournament 5,10,1,0.537845,75,50,rastrigin,3,0.013996,0.100161,0.112439,0.146745,1.028470
tournament 5,20,1,1.388651,75,50,rastrigin,3,0.000021,0.000426,0.000433,0.001631,1.360550
tournament 5,20,1,0.669452,75,50,rastrigin,3,0.000004,0.001095,0.000679,0.007683,1.569200
tournament 5,10,1,1.115658,75,50,rastrigin,3,0.026604,0.104731,0.117022,0.189886,1.099295
tournament 5,30,1,1.037155,75,50,rastrigin,3,0.000000,0.000006,0.000008,0.000040,0.835545
tournament 5,30,1,0.669452,75,50,rastrigin,3,0.000000,0.000064,0.000058,0.000179,1.015830
tournament 3,200,1,1.290939,75,50,rastrigin,3,0.000000,0.000005,0.000006,0.000013,1.886770
tournament 5,30,1,0.500000,75,50,rastrigin,3,0.000000,0.000160,0.000093,0.001188,1.574895
tournament 5,30,1,1.606822,75,50,rastrigin,3,0.000000,0.000039,0.000040,0.000141,1.151485
tournament 5,30,1,1.200103,75,50,rastrigin,3,0.000000,0.000001,0.000002,0.000070,0.817050
tournament 5,20,1,0.833262,75,50,rastrigin,3,0.000141,0.001912,0.001380,0.005018,1.019205
tournament 5,10,1,2.000000,75,50,rastrigin,3,0.005413,0.291345,0.361341,0.410503,0.881025
tournament 5,20,1,1.859271,75,50,rastrigin,3,0.000134,0.003558,0.002632,0.004702,1.856085
tournament 5,20,1,0.622346,75,50,rastrigin,3,0.000114,0.002024,0.001977,0.013165,0.975740
tournament 5,40,1,0.578555,75,50,rastrigin,3,0.000000,0.000021,0.000016,0.000056,0.841240
tournament 5,30,1,1.388651,75,50,rastrigin,3,0.000000,0.000016,0.000013,0.000169,0.937510
tournament 5,10,1,1.728444,75,50,rastrigin,3,0.008623,0.166371,0.186166,0.256541,0.860060
tournament 5,40,1,0.669452,75,50,rastrigin,3,0.000004,0.000020,0.000015,0.000109,0.998305
tournament 5,10,1,0.720123,75,50,rastrigin,3,0.004681,0.038529,0.033211,0.277623,1.026285
tournament 5,10,1,0.964176,75,50,rastrigin,3,0.001974,0.037874,0.030496,0.094060,1.658315
tournament 5,10,1,1.290939,75,50,rastrigin,3,0.008570,0.082468,0.101813,0.123108,1.069650
tournament 5,40,1,0.500000,75,50,rastrigin,3,0.000004,0.000073,0.000061,0.000314,1.690765
tournament 5,30,1,0.622346,75,50,rastrigin,3,0.000002,0.000035,0.000039,0.000077,0.843850
tournament 3,200,1,1.728444,75,50,rastrigin,3,0.000002,0.000017,0.000023,0.000073,1.892725
tournament 5,30,1,0.833262,75,50,rastrigin,3,0.000000,0.000056,0.000029,0.000595,0.850940
tournament 5,20,1,1.606822,75,50,rastrigin,3,0.000040,0.001268,0.001319,0.003643,1.512995
tournament 5,40,1,0.896332,75,50,rastrigin,3,0.000000,0.000022,0.000031,0.000372,0.931315
tournament 5,20,1,1.115658,75,50,rastrigin,3,0.000000,0.000057,0.000059,0.000885,1.515855
tournament 5,40,1,1.200103,75,50,rastrigin,3,0.000000,0.000001,0.000002,0.000005,0.878730
tournament 5,20,1,0.964176,75,50,rastrigin,3,0.000019,0.000569,0.000634,0.001025,1.541985
tournament 5,40,1,1.037155,75,50,rastrigin,3,0.000000,0.000002,0.000000,0.000026,1.101145
tournament 5,30,1,1.859271,75,50,rastrigin,3,0.000011,0.000241,0.000311,0.000818,1.913800
tournament 5,10,1,1.493759,75,50,rastrigin,3,0.008307,0.090940,0.106668,0.231181,1.819730
tournament 5,30,1,1.728444,75,50,rastrigin,3,0.000000,0.000052,0.000064,0.000217,0.969985
tournament 5,20,1,0.720123,75,50,rastrigin,3,0.000006,0.001181,0.001344,0.003085,1.064990
tournament 5,40,1,1.388651,75,50,rastrigin,3,0.000000,0.000003,0.000002,0.000016,1.014000
tournament 5,30,1,0.896332,75,50,rastrigin,3,0.000002,0.000052,0.000044,0.000509,1.775050
tournament 5,30,1,1.115658,75,50,rastrigin,3,0.000000,0.000002,0.000002,0.000009,1.143300
tournament 5,30,1,1.290939,75,50,rastrigin,3,0.000000,0.000005,0.000004,0.000070,0.946980
tournament 5,20,1,1.290939,75,50,rastrigin,3,0.000000,0.000076,0.000071,0.000391,1.857405
tournament 5,30,1,0.537845,75,50,rastrigin,3,0.000000,0.000073,0.000079,0.000178,1.174525
tournament 5,20,1,1.493759,75,50,rastrigin,3,0.000031,0.000528,0.000573,0.004368,1.977210
tournament 5,40,1,0.774630,75,50,rastrigin,3,0.000000,0.000018,0.000010,0.000051,1.729510
tournament 5,20,1,0.537845,75,50,rastrigin,3,0.000036,0.000931,0.000815,0.003243,1.805220
tournament 5,30,1,0.720123,75,50,rastrigin,3,0.000000,0.000096,0.000117,0.000399,1.445955
tournament 5,40,1,1.606822,75,50,rastrigin,3,0.000000,0.000007,0.000007,0.000051,1.001555
tournament 5,40,1,1.859271,75,50,rastrigin,3,0.000000,0.000044,0.000041,0.000410,1.121670
tournament 5,50,1,0.500000,75,50,rastrigin,3,0.000000,0.000041,0.000029,0.000290,0.861170
tournament 5,30,1,1.493759,75,50,rastrigin,3,0.000000,0.000010,0.000012,0.000017,0.841555
tournament 5,20,1,2.000000,75,50,rastrigin,3,0.000996,0.008757,0.012305,0.029762,1.030535
tournament 5,50,1,0.578555,75,50,rastrigin,3,0.000000,0.000016,0.000018,0.000069,0.937175
tournament 5,40,1,0.622346,75,50,rastrigin,3,0.000000,0.000022,0.000015,0.000102,1.055155
tournament 5,50,1,1.037155,75,50,rastrigin,3,0.000000,0.000000,0.000000,0.000016,0.968445
tournament 5,40,1,0.537845,75,50,rastrigin,3,0.000000,0.000024,0.000021,0.000083,0.985165
tournament 5,50,1,0.774630,75,50,rastrigin,3,0.000000,0.000010,0.000013,0.000056,1.003670
tournament 5,40,1,0.720123,75,50,rastrigin,3,0.000000,0.000035,0.000034,0.000142,1.045650
tournament 5,50,1,1.388651,75,50,rastrigin,3,0.000000,0.000002,0.000003,0.000017,0.912850
tournament 5,50,1,0.669452,75,50,rastrigin,3,0.000000,0.000010,0.000011,0.000009,1.084510
tournament 5,50,1,1.200103,75,50,rastrigin,3,0.000000,0.000000,0.000000,0.000003,0.986280
tournament 5,20,1,1.728444,75,50,rastrigin,3,0.000021,0.003563,0.004563,0.005274,1.011960
tournament 5,50,1,1.606822,75,50,rastrigin,3,0.000000,0.000009,0.000009,0.000035,0.816730
tournament 5,40,1,0.964176,75,50,rastrigin,3,0.000000,0.000005,0.000006,0.000008,0.836480
tournament 5,50,1,0.896332,75,50,rastrigin,3,0.000000,0.000020,0.000019,0.000159,1.198115
tournament 5,50,1,1.859271,75,50,rastrigin,3,0.000000,0.000022,0.000020,0.000047,0.989055
tournament 5,40,1,1.290939,75,50,rastrigin,3,0.000000,0.000001,0.000000,0.000014,1.090890
tournament 5,60,1,0.896332,75,50,rastrigin,3,0.000000,0.000008,0.000007,0.000054,0.840920
tournament 5,40,1,1.115658,75,50,rastrigin,3,0.000000,0.000000,0.000000,0.000002,0.876595
tournament 5,30,1,2.000000,75,50,rastrigin,3,0.000000,0.000232,0.000229,0.002807,0.989110
tournament 5,70,1,0.896332,75,50,rastrigin,3,0.000000,0.000007,0.000008,0.000025,0.987735
tournament 5,60,1,0.500000,75,50,rastrigin,3,0.000000,0.000041,0.000020,0.000177,1.366685
tournament 5,60,1,0.578555,75,50,rastrigin,3,0.000000,0.000008,0.000010,0.000126,1.257790
tournament 5,60,1,1.037155,75,50,rastrigin,3,0.000000,0.000000,0.000000,0.000003,1.134575
tournament 5,60,1,1.388651,75,50,rastrigin,3,0.000000,0.000001,0.000000,0.000003,0.830555
tournament 5,60,1,1.606822,75,50,rastrigin,3,0.000000,0.000003,0.000003,0.000018,0.846360
tournament 5,70,1,0.500000,75,50,rastrigin,3,0.000000,0.000027,0.000033,0.000198,0.829470
tournament 5,40,1,1.493759,75,50,rastrigin,3,0.000000,0.000004,0.000004,0.000040,1.020045
tournament 5,30,1,0.964176,75,50,rastrigin,3,0.000000,0.000016,0.000010,0.000159,0.989795
tournament 5,40,1,2.000000,75,50,rastrigin,3,0.000000,0.000049,0.000069,0.000761,0.823685
tournament 5,70,1,0.578555,75,50,rastrigin,3,0.000000,0.000011,0.000012,0.000020,0.987440
tournament 5,50,1,0.537845,75,50,rastrigin,3,0.000000,0.000028,0.000031,0.000058,0.874325
tournament 5,70,1,0.669452,75,50,rastrigin,3,0.000000,0.000011,0.000008,0.000130,1.010520
tournament 5,60,1,0.774630,75,50,rastrigin,3,0.000000,0.000008,0.000006,0.000030,1.563765
tournament 5,40,1,0.833262,75,50,rastrigin,3,0.000000,0.000028,0.000022,0.000097,1.122920
tournament 5,60,1,1.859271,75,50,rastrigin,3,0.000000,0.000014,0.000018,0.000088,1.321500
tournament 5,70,1,0.774630,75,50,rastrigin,3,0.000000,0.000007,0.000008,0.000039,1.245285
tournament 5,50,1,0.622346,75,50,rastrigin,3,0.000000,0.000020,0.000012,0.000183,0.839125
tournament 5,70,1,1.200103,75,50,rastrigin,3,0.000000,0.000000,0.000000,0.000003,0.838795
tournament 5,60,1,0.669452,75,50,rastrigin,3,0.000000,0.000012,0.000017,0.000114,1.039665
tournament 5,50,1,1.115658,75,50,rastrigin,3,0.000000,0.000000,0.000000,0.000002,0.835495
tournament 5,50,1,1.493759,75,50,rastrigin,3,0.000000,0.000002,0.000002,0.000003,0.819775
tournament 5,40,1,1.728444,75,50,rastrigin,3,0.000000,0.000013,0.000010,0.000039,1.597890
tournament 5,60,1,1.728444,75,50,rastrigin,3,0.000000,0.000007,0.000009,0.000023,0.950705
tournament 5,80,1,0.500000,75,50,rastrigin,3,0.000000,0.000026,0.000027,0.000190,0.876200
tournament 5,70,1,1.606822,75,50,rastrigin,3,0.000000,0.000004,0.000004,0.000009,0.988510
tournament 5,70,1,1.388651,75,50,rastrigin,3,0.000000,0.000001,0.000002,0.000003,1.037810
tournament 5,60,1,1.200103,75,50,rastrigin,3,0.000000,0.000001,0.000000,0.000004,1.990290
tournament 5,80,1,0.578555,75,50,rastrigin,3,0.000000,0.000014,0.000014,0.000036,0.821905
tournament 5,70,1,1.859271,75,50,rastrigin,3,0.000000,0.000007,0.000004,0.000036,0.981050
tournament 5,50,1,1.290939,75,50,rastrigin,3,0.000000,0.000002,0.000000,0.000008,0.990925
tournament 5,60,1,0.964176,75,50,rastrigin,3,0.000000,0.000004,0.000004,0.000038,0.871970
tournament 5,80,1,0.896332,75,50,rastrigin,3,0.000000,0.000011,0.000010,0.000075,1.000730
tournament 5,50,1,0.964176,75,50,rastrigin,3,0.000000,0.000005,0.000006,0.000028,0.992320
tournament 5,70,1,0.622346,75,50,rastrigin,3,0.000000,0.000015,0.000019,0.000041,0.987090
tournament 5,70,1,1.037155,75,50,rastrigin,3,0.000000,0.000000,0.000000,0.000004,1.590700
tournament 5,60,1,0.537845,75,50,rastrigin,3,0.000000,0.000016,0.000018,0.000019,0.817115
tournament 5,70,1,0.964176,75,50,rastrigin,3,0.000000,0.000001,0.000001,0.000023,0.833765
tournament 5,60,1,0.622346,75,50,rastrigin,3,0.000000,0.000013,0.000013,0.000054,0.820835
tournament 5,80,1,0.669452,75,50,rastrigin,3,0.000000,0.000009,0.000010,0.000053,0.997190
tournament 5,50,1,0.833262,75,50,rastrigin,3,0.000000,0.000008,0.000009,0.000066,1.545290
tournament 5,80,1,0.774630,75,50,rastrigin,3,0.000000,0.000014,0.000017,0.000030,1.039315
tournament 5,70,1,0.537845,75,50,rastrigin,3,0.000000,0.000043,0.000066,0.000094,0.900730
tournament 5,60,1,1.493759,75,50,rastrigin,3,0.000000,0.000003,0.000000,0.000012,0.966245
tournament 5,80,1,1.200103,75,50,rastrigin,3,0.000000,0.000000,0.000000,0.000001,0.883860
tournament 5,60,1,1.115658,75,50,rastrigin,3,0.000000,0.000000,0.000000,0.000007,1.098400
tournament 5,80,1,1.388651,75,50,rastrigin,3,0.000000,0.000003,0.000004,0.000034,0.950705
tournament 5,60,1,0.833262,75,50,rastrigin,3,0.000000,0.000005,0.000008,0.000020,0.861885
tournament 5,80,1,1.037155,75,50,rastrigin,3,0.000000,0.000001,0.000001,0.000002,1.011920
tournament 5,50,1,1.728444,75,50,rastrigin,3,0.000000,0.000013,0.000011,0.000068,1.005435
tournament 5,50,1,2.000000,75,50,rastrigin,3,0.000000,0.000020,0.000025,0.000110,1.008795
tournament 5,50,1,0.720123,75,50,rastrigin,3,0.000000,0.000019,0.000022,0.000087,1.110075
tournament 5,80,1,1.606822,75,50,rastrigin,3,0.000000,0.000004,0.000004,0.000013,1.010915
tournament 5,60,1,2.000000,75,50,rastrigin,3,0.000004,0.000021,0.000024,0.000089,1.011270
tournament 5,70,1,0.833262,75,50,rastrigin,3,0.000000,0.000007,0.000008,0.000047,1.020475
tournament 5,70,1,1.290939,75,50,rastrigin,3,0.000000,0.000001,0.000002,0.000027,0.899665
tournament 5,60,1,0.720123,75,50,rastrigin,3,0.000000,0.000010,0.000011,0.000066,0.834385
tournament 5,90,1,0.500000,75,50,rastrigin,3,0.000000,0.000023,0.000020,0.000090,0.830845
tournament 5,70,1,0.720123,75,50,rastrigin,3,0.000000,0.000011,0.000013,0.000022,1.243205
tournament 5,90,1,0.774630,75,50,rastrigin,3,0.000000,0.000016,0.000014,0.000028,0.825250
tournament 5,90,1,0.578555,75,50,rastrigin,3,0.000000,0.000005,0.000003,0.000017,0.836825
tournament 5,90,1,0.669452,75,50,rastrigin,3,0.000000,0.000008,0.000011,0.000024,1.097485
tournament 5,80,1,1.859271,75,50,rastrigin,3,0.000000,0.000011,0.000006,0.000112,1.260175
tournament 5,80,1,0.622346,75,50,rastrigin,3,0.000000,0.000024,0.000021,0.000134,0.833680
tournament 5,90,1,1.037155,75,50,rastrigin,3,0.000000,0.000000,0.000000,0.000006,0.823795
tournament 5,60,1,1.290939,75,50,rastrigin,3,0.000000,0.000000,0.000000,0.000003,1.033240
tournament 5,70,1,1.493759,75,50,rastrigin,3,0.000000,0.000002,0.000003,0.000004,1.060555
tournament 5,70,1,1.728444,75,50,rastrigin,3,0.000000,0.000018,0.000015,0.000048,1.068580
tournament 5,100,1,0.774630,75,50,rastrigin,3,0.000000,0.000010,0.000011,0.000035,1.148065
tournament 5,70,1,2.000000,75,50,rastrigin,3,0.000000,0.000013,0.000012,0.000148,1.166920
tournament 5,100,1,1.388651,75,50,rastrigin,3,0.000000,0.000000,0.000000,0.000015,1.062990
tournament 5,90,1,1.606822,75,50,rastrigin,3,0.000000,0.000003,0.000004,0.000027,0.866230
tournament 5,100,1,0.500000,75,50,rastrigin,3,0.000000,0.000018,0.000021,0.000165,0.862965
tournament 5,90,1,1.859271,75,50,rastrigin,3,0.000000,0.000013,0.000015,0.000057,0.891900
tournament 5,90,1,1.388651,75,50,rastrigin,3,0.000000,0.000001,0.000000,0.000003,1.040020
tournament 5,100,1,1.200103,75,50,rastrigin,3,0.000000,0.000000,0.000000,0.000002,1.313520
tournament 5,90,1,0.896332,75,50,rastrigin,3,0.000000,0.000009,0.000009,0.000067,1.350260
tournament 5,80,1,0.537845,75,50,rastrigin,3,0.000000,0.000009,0.000006,0.000031,0.896955
tournament 5,100,1,0.896332,75,50,rastrigin,3,0.000000,0.000008,0.000008,0.000025,0.896115
tournament 5,100,1,0.578555,75,50,rastrigin,3,0.000000,0.000019,0.000018,0.000201,1.048455
tournament 5,80,1,0.833262,75,50,rastrigin,3,0.000000,0.000021,0.000020,0.000038,1.043885
tournament 5,100,1,0.669452,75,50,rastrigin,3,0.000000,0.000011,0.000011,0.000032,1.143355
tournament 5,70,1,1.115658,75,50,rastrigin,3,0.000000,0.000000,0.000000,0.000002,1.244875
tournament 5,100,1,1.037155,75,50,rastrigin,3,0.000000,0.000000,0.000000,0.000003,0.860925
tournament 5,80,1,1.493759,75,50,rastrigin,3,0.000000,0.000001,0.000002,0.000004,1.074935
tournament 5,80,1,1.290939,75,50,rastrigin,3,0.000000,0.000000,0.000000,0.000008,1.166385
tournament 5,80,1,1.115658,75,50,rastrigin,3,0.000000,0.000000,0.000000,0.000002,1.010280
tournament 5,80,1,0.964176,75,50,rastrigin,3,0.000000,0.000003,0.000004,0.000026,1.000130
tournament 5,90,1,1.728444,75,50,rastrigin,3,0.000000,0.000007,0.000008,0.000038,0.837500
tournament 5,100,1,0.537845,75,50,rastrigin,3,0.000000,0.000008,0.000008,0.000023,0.830995
tournament 5,90,1,2.000000,75,50,rastrigin,3,0.000004,0.000022,0.000021,0.000147,0.821305
tournament 5,90,1,1.200103,75,50,rastrigin,3,0.000000,0.000000,0.000000,0.000000,0.978095
tournament 5,90,1,0.622346,75,50,rastrigin,3,0.000000,0.000012,0.000012,0.000029,0.824425
tournament 5,110,1,0.774630,75,50,rastrigin,3,0.000000,0.000010,0.000009,0.000123,0.858195
tournament 5,110,1,0.896332,75,50,rastrigin,3,0.000000,0.000007,0.000009,0.000021,0.994205
tournament 5,90,1,0.537845,75,50,rastrigin,3,0.000000,0.000021,0.000018,0.001002,0.992745
tournament 5,110,1,1.037155,75,50,rastrigin,3,0.000000,0.000001,0.000000,0.000006,0.987000
tournament 5,110,1,1.200103,75,50,rastrigin,3,0.000000,0.000000,0.000000,0.000001,0.869305
tournament 5,80,1,0.720123,75,50,rastrigin,3,0.000000,0.000011,0.000010,0.000019,1.002660
tournament 5,90,1,0.720123,75,50,rastrigin,3,0.000000,0.000014,0.000013,0.000045,0.996040
tournament 5,80,1,2.000000,75,50,rastrigin,3,0.000000,0.000025,0.000021,0.000050,1.233575
tournament 5,90,1,0.833262,75,50,rastrigin,3,0.000000,0.000005,0.000007,0.000298,2.385335
tournament 5,100,1,1.606822,75,50,rastrigin,3,0.000000,0.000003,0.000004,0.000016,1.871825
tournament 5,100,1,0.833262,75,50,rastrigin,3,0.000000,0.000011,0.000008,0.000027,0.909995
tournament 5,120,1,1.606822,75,50,rastrigin,3,0.000000,0.000003,0.000004,0.000008,0.845625
tournament 5,130,1,0.500000,75,50,rastrigin,3,0.000000,0.000024,0.000021,0.000216,0.839480
tournament 5,120,1,1.859271,75,50,rastrigin,3,0.000000,0.000008,0.000006,0.000020,0.853155
tournament 5,110,1,0.500000,75,50,rastrigin,3,0.000000,0.000027,0.000015,0.000094,1.727840
tournament 5,110,1,1.859271,75,50,rastrigin,3,0.000000,0.000015,0.000015,0.000095,1.040430
tournament 5,100,1,1.859271,75,50,rastrigin,3,0.000000,0.000014,0.000012,0.000030,0.977965
tournament 5,120,1,0.578555,75,50,rastrigin,3,0.000000,0.000019,0.000017,0.000038,0.836185
tournament 5,100,1,1.290939,75,50,rastrigin,3,0.000000,0.000001,0.000001,0.000002,0.965935
tournament 5,110,1,1.606822,75,50,rastrigin,3,0.000000,0.000005,0.000005,0.000009,1.315640
tournament 5,100,1,0.964176,75,50,rastrigin,3,0.000000,0.000004,0.000003,0.000017,0.925595
tournament 5,90,1,1.493759,75,50,rastrigin,3,0.000000,0.000004,0.000004,0.000048,1.937765
tournament 5,90,1,1.115658,75,50,rastrigin,3,0.000000,0.000000,0.000000,0.000001,0.963700
tournament 5,100,1,0.720123,75,50,rastrigin,3,0.000002,0.000023,0.000028,0.000049,1.729115
tournament 5,100,1,0.622346,75,50,rastrigin,3,0.000000,0.000020,0.000027,0.000222,1.002395
tournament 5,120,1,1.388651,75,50,rastrigin,3,0.000000,0.000003,0.000000,0.000033,1.397740
tournament 5,120,1,0.896332,75,50,rastrigin,3,0.000000,0.000003,0.000004,0.000081,0.827395
tournament 5,120,1,1.037155,75,50,rastrigin,3,0.000000,0.000000,0.000000,0.000002,0.892020
tournament 5,100,1,1.115658,75,50,rastrigin,3,0.000000,0.000000,0.000000,0.000003,0.932570
tournament 5,120,1,0.669452,75,50,rastrigin,3,0.000000,0.000009,0.000010,0.000025,1.413750
tournament 5,100,1,1.493759,75,50,rastrigin,3,0.000000,0.000002,0.000004,0.000008,0.822560
tournament 5,120,1,0.774630,75,50,rastrigin,3,0.000000,0.000008,0.000006,0.000023,0.994210
tournament 5,110,1,0.833262,75,50,rastrigin,3,0.000000,0.000015,0.000012,0.000218,0.839745
tournament 5,130,1,0.578555,75,50,rastrigin,3,0.000000,0.000012,0.000016,0.000040,0.855325
tournament 5,120,1,0.500000,75,50,rastrigin,3,0.000000,0.000023,0.000023,0.000106,0.989730
tournament 5,120,1,1.200103,75,50,rastrigin,3,0.000000,0.000000,0.000000,0.000005,1.934355
tournament 5,110,1,1.388651,75,50,rastrigin,3,0.000000,0.000001,0.000001,0.000017,2.281935
tournament 5,110,1,0.669452,75,50,rastrigin,3,0.000000,0.000016,0.000016,0.000036,0.979145
tournament 5,130,1,0.669452,75,50,rastrigin,3,0.000000,0.000010,0.000009,0.000036,0.949380
tournament 5,110,1,0.578555,75,50,rastrigin,3,0.000000,0.000022,0.000020,0.000040,1.026390
tournament 5,110,1,1.290939,75,50,rastrigin,3,0.000000,0.000001,0.000000,0.000004,0.860050
tournament 5,100,1,2.000000,75,50,rastrigin,3,0.000000,0.000019,0.000017,0.000092,1.092590
tournament 5,80,1,1.728444,75,50,rastrigin,3,0.000000,0.000008,0.000009,0.000047,1.208470
tournament 5,110,1,1.115658,75,50,rastrigin,3,0.000000,0.000000,0.000000,0.000001,1.143470
tournament 5,90,1,1.290939,75,50,rastrigin,3,0.000000,0.000001,0.000000,0.000006,2.203305
tournament 5,110,1,0.964176,75,50,rastrigin,3,0.000000,0.000002,0.000003,0.000012,1.473480
tournament 5,130,1,1.200103,75,50,rastrigin,3,0.000000,0.000000,0.000000,0.000002,0.822430
tournament 5,130,1,1.037155,75,50,rastrigin,3,0.000000,0.000000,0.000000,0.000005,0.875955
tournament 5,120,1,1.728444,75,50,rastrigin,3,0.000000,0.000005,0.000006,0.000027,0.868490
tournament 5,130,1,1.388651,75,50,rastrigin,3,0.000000,0.000000,0.000000,0.000035,0.876655
tournament 5,120,1,2.000000,75,50,rastrigin,3,0.000000,0.000012,0.000012,0.000089,0.834465
tournament 5,130,1,0.896332,75,50,rastrigin,3,0.000000,0.000010,0.000012,0.000681,0.988075
tournament 5,130,1,0.537845,75,50,rastrigin,3,0.000000,0.000017,0.000014,0.000163,0.941820
tournament 5,100,1,1.728444,75,50,rastrigin,3,0.000000,0.000004,0.000004,0.000029,0.983865
tournament 5,120,1,0.622346,75,50,rastrigin,3,0.000000,0.000012,0.000011,0.000033,0.835810
tournament 5,110,1,0.537845,75,50,rastrigin,3,0.000000,0.000038,0.000023,0.000164,1.015680
tournament 5,110,1,2.000000,75,50,rastrigin,3,0.000000,0.000009,0.000011,0.000030,0.983520
tournament 5,130,1,1.606822,75,50,rastrigin,3,0.000000,0.000003,0.000004,0.000026,0.974855
tournament 5,90,1,0.964176,75,50,rastrigin,3,0.000000,0.000001,0.000002,0.000008,0.991775
tournament 5,130,1,0.774630,75,50,rastrigin,3,0.000000,0.000017,0.000013,0.000051,1.232005
tournament 5,140,1,0.578555,75,50,rastrigin,3,0.000000,0.000007,0.000008,0.000084,0.845830
tournament 5,140,1,0.500000,75,50,rastrigin,3,0.000000,0.000018,0.000020,0.000070,1.053675
tournament 5,120,1,0.964176,75,50,rastrigin,3,0.000000,0.000003,0.000003,0.000045,0.847290
tournament 5,140,1,1.859271,75,50,rastrigin,3,0.000000,0.000003,0.000004,0.000018,1.413645
tournament 5,140,1,0.774630,75,50,rastrigin,3,0.000000,0.000015,0.000010,0.000038,0.992090
tournament 5,120,1,1.493759,75,50,rastrigin,3,0.000000,0.000001,0.000000,0.000004,0.990105
tournament 5,140,1,1.200103,75,50,rastrigin,3,0.000000,0.000000,0.000000,0.000003,0.837780
tournament 5,120,1,1.115658,75,50,rastrigin,3,0.000000,0.000000,0.000000,0.000001,1.041890
tournament 5,140,1,1.388651,75,50,rastrigin,3,0.000000,0.000001,0.000002,0.000004,1.636975
tournament 5,150,1,0.774630,75,50,rastrigin,3,0.000000,0.000009,0.000007,0.000037,1.022785
tournament 5,130,1,0.720123,75,50,rastrigin,3,0.000000,0.000013,0.000010,0.000032,0.851980
tournament 5,130,1,0.622346,75,50,rastrigin,3,0.000000,0.000019,0.000021,0.000073,1.025930
tournament 5,110,1,1.493759,75,50,rastrigin,3,0.000000,0.000001,0.000000,0.000028,1.008840
tournament 5,140,1,1.037155,75,50,rastrigin,3,0.000000,0.000000,0.000000,0.000002,1.251430
tournament 5,140,1,0.896332,75,50,rastrigin,3,0.000000,0.000003,0.000004,0.000007,1.453295
tournament 5,140,1,0.622346,75,50,rastrigin,3,0.000000,0.000012,0.000011,0.000052,1.105965
tournament 5,130,1,1.859271,75,50,rastrigin,3,0.000000,0.000013,0.000009,0.000038,0.852140
tournament 5,110,1,0.622346,75,50,rastrigin,3,0.000002,0.000015,0.000014,0.000103,1.002955
tournament 5,130,1,1.115658,75,50,rastrigin,3,0.000000,0.000000,0.000000,0.000002,0.833820
tournament 5,120,1,0.833262,75,50,rastrigin,3,0.000000,0.000007,0.000008,0.000012,1.515390
tournament 5,110,1,1.728444,75,50,rastrigin,3,0.000000,0.000005,0.000006,0.000034,1.003465
tournament 5,150,1,0.578555,75,50,rastrigin,3,0.000000,0.000016,0.000023,0.000031,1.768265
tournament 5,130,1,1.493759,75,50,rastrigin,3,0.000000,0.000000,0.000000,0.000032,0.888550
tournament 5,110,1,0.720123,75,50,rastrigin,3,0.000000,0.000010,0.000010,0.000085,1.411340
tournament 5,140,1,0.669452,75,50,rastrigin,3,0.000000,0.000015,0.000018,0.000084,0.997315
tournament 5,120,1,1.290939,75,50,rastrigin,3,0.000000,0.000000,0.000000,0.000006,1.455770
tournament 5,150,1,0.669452,75,50,rastrigin,3,0.000000,0.000007,0.000009,0.000047,0.992115
tournament 5,130,1,1.290939,75,50,rastrigin,3,0.000000,0.000000,0.000000,0.000003,1.021350
tournament 5,150,1,0.500000,75,50,rastrigin,3,0.000000,0.000025,0.000036,0.000065,1.136530
tournament 5,150,1,0.896332,75,50,rastrigin,3,0.000000,0.000004,0.000004,0.000025,0.864050
tournament 5,150,1,1.037155,75,50,rastrigin,3,0.000000,0.000000,0.000000,0.000007,0.817850
tournament 5,120,1,0.720123,75,50,rastrigin,3,0.000000,0.000004,0.000005,0.000013,1.025935
tournament 5,120,1,0.537845,75,50,rastrigin,3,0.000000,0.000013,0.000016,0.000026,1.936070
tournament 5,130,1,0.964176,75,50,rastrigin,3,0.000000,0.000005,0.000006,0.000031,1.010235
tournament 5,150,1,1.388651,75,50,rastrigin,3,0.000000,0.000001,0.000000,0.000007,0.846220
tournament 5,130,1,1.728444,75,50,rastrigin,3,0.000000,0.000007,0.000006,0.000045,0.817060
tournament 5,150,1,1.200103,75,50,rastrigin,3,0.000000,0.000000,0.000000,0.000003,0.983580
tournament 5,150,1,1.859271,75,50,rastrigin,3,0.000000,0.000007,0.000008,0.000026,0.879980
tournament 5,160,1,0.578555,75,50,rastrigin,3,0.000000,0.000013,0.000008,0.000122,0.821070
tournament 5,160,1,0.500000,75,50,rastrigin,3,0.000000,0.000093,0.000120,0.000651,0.983355
tournament 5,160,1,0.774630,75,50,rastrigin,3,0.000000,0.000013,0.000023,0.000057,0.823820
tournament 5,140,1,1.606822,75,50,rastrigin,3,0.000000,0.000005,0.000008,0.000008,0.977535
tournament 5,160,1,1.606822,75,50,rastrigin,3,0.000000,0.000004,0.000004,0.000007,1.125490
tournament 5,140,1,1.290939,75,50,rastrigin,3,0.000000,0.000000,0.000000,0.000002,0.942995
tournament 5,140,1,1.493759,75,50,rastrigin,3,0.000000,0.000001,0.000001,0.000023,0.944835
tournament 5,140,1,2.000000,75,50,rastrigin,3,0.000000,0.000021,0.000012,0.000124,0.984125
tournament 5,160,1,0.669452,75,50,rastrigin,3,0.000000,0.000017,0.000015,0.000024,1.053720
tournament 5,150,1,0.622346,75,50,rastrigin,3,0.000000,0.000007,0.000005,0.000021,1.221815
tournament 5,140,1,0.833262,75,50,rastrigin,3,0.000000,0.000005,0.000006,0.000052,1.137405
tournament 5,140,1,0.720123,75,50,rastrigin,3,0.000000,0.000009,0.000008,0.000036,1.236380
tournament 5,160,1,0.896332,75,50,rastrigin,3,0.000000,0.000006,0.000006,0.000021,0.866510
tournament 5,160,1,1.037155,75,50,rastrigin,3,0.000000,0.000000,0.000000,0.000005,0.888395
tournament 5,140,1,0.964176,75,50,rastrigin,3,0.000000,0.000005,0.000006,0.000024,0.837640
tournament 5,150,1,0.537845,75,50,rastrigin,3,0.000000,0.000023,0.000021,0.000059,1.043465
tournament 5,140,1,1.115658,75,50,rastrigin,3,0.000000,0.000000,0.000000,0.000003,0.893590
tournament 5,170,1,0.964176,75,50,rastrigin,3,0.000000,0.000001,0.000001,0.000017,1.062985
tournament 5,160,1,1.200103,75,50,rastrigin,3,0.000000,0.000001,0.000002,0.000002,1.261340
tournament 5,160,1,1.859271,75,50,rastrigin,3,0.000000,0.000022,0.000016,0.000063,0.869710
tournament 5,170,1,0.578555,75,50,rastrigin,3,0.000000,0.000008,0.000007,0.000075,0.875015
tournament 5,170,1,0.500000,75,50,rastrigin,3,0.000000,0.000026,0.000035,0.000107,1.012235
tournament 5,170,1,0.537845,75,50,rastrigin,3,0.000000,0.000009,0.000008,0.000025,1.021315
tournament 5,170,1,0.622346,75,50,rastrigin,3,0.000000,0.000011,0.000010,0.000057,1.019820
tournament 5,150,1,1.606822,75,50,rastrigin,3,0.000000,0.000003,0.000003,0.000022,1.031525
tournament 5,150,1,2.000000,75,50,rastrigin,3,0.000000,0.000023,0.000024,0.000073,1.333925
tournament 5,130,1,0.833262,75,50,rastrigin,3,0.000000,0.000009,0.000010,0.000032,1.024870
tournament 5,170,1,0.669452,75,50,rastrigin,3,0.000000,0.000021,0.000013,0.000046,0.954475
tournament 5,140,1,0.537845,75,50,rastrigin,3,0.000000,0.000017,0.000017,0.000091,1.017270
tournament 5,150,1,0.720123,75,50,rastrigin,3,0.000000,0.000008,0.000008,0.000039,1.026365
tournament 5,150,1,0.964176,75,50,rastrigin,3,0.000000,0.000002,0.000004,0.000007,0.873075
tournament 5,150,1,1.115658,75,50,rastrigin,3,0.000000,0.000000,0.000000,0.000005,0.852655
tournament 5,170,1,0.720123,75,50,rastrigin,3,0.000000,0.000012,0.000014,0.000049,0.994205
tournament 5,150,1,0.833262,75,50,rastrigin,3,0.000002,0.000013,0.000012,0.000036,0.963010
tournament 5,170,1,0.774630,75,50,rastrigin,3,0.000000,0.000018,0.000011,0.000200,1.017895
tournament 5,150,1,1.493759,75,50,rastrigin,3,0.000000,0.000001,0.000000,0.000005,0.825875
tournament 5,160,1,1.388651,75,50,rastrigin,3,0.000000,0.000000,0.000000,0.000002,0.850260
tournament 5,170,1,1.859271,75,50,rastrigin,3,0.000000,0.000004,0.000004,0.000015,1.251125
tournament 5,160,1,2.000000,75,50,rastrigin,3,0.000000,0.000019,0.000022,0.000107,0.886305
tournament 5,170,1,0.896332,75,50,rastrigin,3,0.000000,0.000019,0.000026,0.000039,0.981720
tournament 5,180,1,0.537845,75,50,rastrigin,3,0.000000,0.000017,0.000014,0.000046,0.950585
tournament 5,160,1,0.833262,75,50,rastrigin,3,0.000000,0.000008,0.000008,0.000020,0.821655
tournament 5,180,1,0.578555,75,50,rastrigin,3,0.000000,0.000011,0.000006,0.000047,0.985575
tournament 5,160,1,0.537845,75,50,rastrigin,3,0.000000,0.000007,0.000007,0.000013,1.003235
tournament 5,140,1,1.728444,75,50,rastrigin,3,0.000000,0.000005,0.000006,0.000029,0.997060
tournament 5,160,1,1.728444,75,50,rastrigin,3,0.000000,0.000005,0.000006,0.000047,0.972845
tournament 5,160,1,0.720123,75,50,rastrigin,3,0.000000,0.000005,0.000004,0.000058,0.876920
tournament 5,170,1,1.037155,75,50,rastrigin,3,0.000000,0.000001,0.000001,0.000002,1.027240
tournament 5,170,1,1.115658,75,50,rastrigin,3,0.000000,0.000000,0.000000,0.000001,1.031305
tournament 5,170,1,1.200103,75,50,rastrigin,3,0.000000,0.000000,0.000000,0.000001,1.027550
tournament 5,160,1,0.964176,75,50,rastrigin,3,0.000000,0.000003,0.000004,0.000014,0.818855
tournament 5,180,1,1.290939,75,50,rastrigin,3,0.000000,0.000000,0.000000,0.000004,1.025900
tournament 5,160,1,1.115658,75,50,rastrigin,3,0.000000,0.000000,0.000000,0.000002,0.832130
tournament 5,180,1,1.388651,75,50,rastrigin,3,0.000000,0.000000,0.000000,0.000002,1.027305
tournament 5,170,1,1.493759,75,50,rastrigin,3,0.000000,0.000001,0.000002,0.000011,0.991405
tournament 5,170,1,1.606822,75,50,rastrigin,3,0.000000,0.000003,0.000004,0.000011,0.822110
tournament 5,170,1,2.000000,75,50,rastrigin,3,0.000000,0.000023,0.000015,0.000099,0.827085
tournament 5,170,1,1.728444,75,50,rastrigin,3,0.000000,0.000005,0.000004,0.000019,0.986295
tournament 5,170,1,0.833262,75,50,rastrigin,3,0.000000,0.000004,0.000003,0.000014,0.979255
tournament 5,160,1,0.622346,75,50,rastrigin,3,0.000000,0.000007,0.000010,0.000064,0.822175
tournament 5,130,1,2.000000,75,50,rastrigin,3,0.000000,0.000012,0.000010,0.000028,0.974265
tournament 5,180,1,0.500000,75,50,rastrigin,3,0.000000,0.000035,0.000019,0.000129,1.270195
tournament 5,160,1,1.290939,75,50,rastrigin,3,0.000000,0.000000,0.000000,0.000002,1.271945
tournament 5,180,1,0.833262,75,50,rastrigin,3,0.000000,0.000015,0.000010,0.000033,0.827695
tournament 5,150,1,1.290939,75,50,rastrigin,3,0.000000,0.000000,0.000000,0.000002,0.982235
tournament 5,180,1,0.622346,75,50,rastrigin,3,0.000000,0.000014,0.000010,0.000088,1.004875
tournament 5,180,1,0.720123,75,50,rastrigin,3,0.000000,0.000021,0.000025,0.000028,0.916420
tournament 5,180,1,0.669452,75,50,rastrigin,3,0.000000,0.000009,0.000005,0.000050,1.074365
tournament 5,180,1,0.774630,75,50,rastrigin,3,0.000000,0.000004,0.000004,0.000052,0.984785
tournament 5,180,1,1.115658,75,50,rastrigin,3,0.000000,0.000000,0.000000,0.000004,0.913610
tournament 5,180,1,1.200103,75,50,rastrigin,3,0.000000,0.000002,0.000002,0.000007,0.912125
tournament 5,180,1,0.896332,75,50,rastrigin,3,0.000000,0.000019,0.000024,0.000040,1.044485
tournament 5,170,1,1.290939,75,50,rastrigin,3,0.000000,0.000000,0.000000,0.000002,0.991570
tournament 5,180,1,0.964176,75,50,rastrigin,3,0.000000,0.000004,0.000004,0.000026,1.042190
tournament 5,170,1,1.388651,75,50,rastrigin,3,0.000000,0.000001,0.000000,0.000004,0.977780
tournament 5,150,1,1.728444,75,50,rastrigin,3,0.000000,0.000004,0.000004,0.000014,1.368030
tournament 5,180,1,1.493759,75,50,rastrigin,3,0.000000,0.000002,0.000002,0.000007,0.989380
tournament 5,180,1,1.606822,75,50,rastrigin,3,0.000000,0.000005,0.000006,0.000016,1.020685
tournament 5,190,1,1.388651,75,50,rastrigin,3,0.000000,0.000001,0.000000,0.000004,1.447720
tournament 5,180,1,1.859271,75,50,rastrigin,3,0.000000,0.000011,0.000012,0.000042,0.834330
tournament 5,190,1,2.000000,75,50,rastrigin,3,0.000002,0.000019,0.000012,0.000242,1.002225
tournament 5,180,1,1.728444,75,50,rastrigin,3,0.000000,0.000008,0.000009,0.000040,0.982360
tournament 5,190,1,0.537845,75,50,rastrigin,3,0.000000,0.000012,0.000013,0.000026,0.925160
tournament 5,190,1,0.500000,75,50,rastrigin,3,0.000000,0.000025,0.000037,0.000090,0.955555
tournament 5,180,1,2.000000,75,50,rastrigin,3,0.000000,0.000034,0.000040,0.000375,0.988655
tournament 5,200,1,0.964176,75,50,rastrigin,3,0.000000,0.000003,0.000003,0.000013,0.835430
tournament 5,200,1,1.037155,75,50,rastrigin,3,0.000000,0.000000,0.000000,0.000001,0.855315
tournament 5,190,1,0.833262,75,50,rastrigin,3,0.000000,0.000021,0.000017,0.000138,0.811095
tournament 5,190,1,0.578555,75,50,rastrigin,3,0.000000,0.000007,0.000006,0.000068,1.009600
tournament 5,190,1,0.622346,75,50,rastrigin,3,0.000000,0.000019,0.000021,0.000124,0.986645
tournament 5,190,1,1.037155,75,50,rastrigin,3,0.000000,0.000000,0.000000,0.000003,0.845775
tournament 5,200,1,1.115658,75,50,rastrigin,3,0.000000,0.000000,0.000000,0.000003,1.030430
tournament 5,190,1,0.896332,75,50,rastrigin,3,0.000000,0.000004,0.000006,0.000009,0.978660
tournament 5,190,1,0.964176,75,50,rastrigin,3,0.000000,0.000003,0.000004,0.000024,0.981670
tournament 5,190,1,1.115658,75,50,rastrigin,3,0.000000,0.000000,0.000000,0.000001,1.006750
tournament 5,190,1,1.200103,75,50,rastrigin,3,0.000000,0.000000,0.000000,0.000002,0.925285
tournament 5,190,1,1.493759,75,50,rastrigin,3,0.000000,0.000000,0.000000,0.000014,0.836080
tournament 5,190,1,1.606822,75,50,rastrigin,3,0.000000,0.000002,0.000003,0.000005,0.827885
tournament 5,160,1,1.493759,75,50,rastrigin,3,0.000000,0.000001,0.000001,0.000006,0.827640
tournament 5,180,1,1.037155,75,50,rastrigin,3,0.000000,0.000000,0.000000,0.000003,0.998030
tournament 5,200,1,0.537845,75,50,rastrigin,3,0.000000,0.000013,0.000011,0.000044,0.917255
tournament 5,190,1,1.728444,75,50,rastrigin,3,0.000000,0.000006,0.000004,0.000081,1.005210
tournament 5,190,1,1.859271,75,50,rastrigin,3,0.000002,0.000013,0.000011,0.000198,0.984645
tournament 5,200,1,0.500000,75,50,rastrigin,3,0.000000,0.000052,0.000028,0.000185,0.980390
tournament 5,190,1,1.290939,75,50,rastrigin,3,0.000000,0.000001,0.000000,0.000005,1.276925
tournament 5,200,1,0.578555,75,50,rastrigin,3,0.000000,0.000009,0.000008,0.000123,0.984865
tournament 5,200,1,0.720123,75,50,rastrigin,3,0.000000,0.000010,0.000013,0.000077,0.843410
tournament 5,200,1,0.669452,75,50,rastrigin,3,0.000000,0.000005,0.000006,0.000017,0.901755
tournament 5,200,1,0.622346,75,50,rastrigin,3,0.000000,0.000011,0.000008,0.000047,1.030165
tournament 5,200,1,0.774630,75,50,rastrigin,3,0.000000,0.000005,0.000004,0.000021,0.884520
tournament 5,200,1,0.833262,75,50,rastrigin,3,0.000000,0.000006,0.000006,0.000067,0.966875
tournament 5,200,1,0.896332,75,50,rastrigin,3,0.000000,0.000007,0.000006,0.000106,1.002880
tournament 5,190,1,0.720123,75,50,rastrigin,3,0.000000,0.000003,0.000004,0.000035,0.988840
tournament 5,190,1,0.774630,75,50,rastrigin,3,0.000000,0.000008,0.000009,0.000077,0.958765
tournament 5,190,1,0.669452,75,50,rastrigin,3,0.000000,0.000010,0.000010,0.000046,1.018085
tournament 5,200,1,1.200103,75,50,rastrigin,3,0.000000,0.000000,0.000000,0.000002,0.973410
tournament 5,200,1,1.290939,75,50,rastrigin,3,0.000000,0.000000,0.000000,0.000003,0.864715
tournament 5,200,1,1.388651,75,50,rastrigin,3,0.000000,0.000000,0.000000,0.000016,0.820395
tournament 5,200,1,1.493759,75,50,rastrigin,3,0.000000,0.000002,0.000000,0.000044,0.813285
tournament 5,200,1,2.000000,75,50,rastrigin,3,0.000000,0.000009,0.000011,0.000149,0.812000
tournament 5,200,1,1.606822,75,50,rastrigin,3,0.000000,0.000005,0.000007,0.000008,0.837360
tournament 5,200,1,1.728444,75,50,rastrigin,3,0.000000,0.000006,0.000005,0.000013,0.862970
tournament 5,200,1,1.859271,75,50,rastrigin,3,0.000000,0.000011,0.000015,0.000040,0.866235
roulette wheel,20,1,0.669452,225,150,rastrigin,6,0.000095,0.007331,0.009306,0.012132,13.453010
roulette wheel,20,1,0.578555,225,150,rastrigin,6,0.000822,0.010941,0.009892,0.031792,13.471355
roulette wheel,20,1,0.774630,225,150,rastrigin,6,0.000099,0.008418,0.011031,0.018838,13.621035
roulette wheel,20,1,0.500000,225,150,rastrigin,6,0.002220,0.033059,0.028950,0.141062,13.876615
roulette wheel,20,1,1.388651,225,150,rastrigin,6,0.000483,0.002339,0.002724,0.006887,13.995460
roulette wheel,20,1,1.606822,225,150,rastrigin,6,0.001450,0.014618,0.019218,0.049900,14.243315
roulette wheel,10,1,0.500000,225,150,rastrigin,6,0.297058,1.296527,1.493354,0.731111,14.450360
roulette wheel,20,1,1.859271,225,150,rastrigin,6,0.000462,0.033468,0.040590,0.216561,14.364545
roulette wheel,10,1,1.037155,225,150,rastrigin,6,0.081268,0.692691,0.921687,0.530191,14.471675
roulette wheel,30,1,1.388651,225,150,rastrigin,6,0.000000,0.000000,0.000000,0.000001,14.844365
roulette wheel,10,1,1.859271,225,150,rastrigin,6,0.737394,1.841197,2.104761,0.692961,14.879620
roulette wheel,10,1,0.774630,225,150,rastrigin,6,0.185013,1.043174,1.233637,0.644890,15.022175
roulette wheel,10,1,0.896332,225,150,rastrigin,6,0.314342,1.269887,1.421454,0.597737,15.178605
roulette wheel,10,1,0.669452,225,150,rastrigin,6,0.019009,0.729922,1.133428,0.674789,15.627075
roulette wheel,10,1,1.606822,225,150,rastrigin,6,0.248852,1.232056,1.401494,0.503467,21.075135
roulette wheel,10,1,1.388651,225,150,rastrigin,6,0.405155,1.194700,1.332554,0.620866,21.972490
roulette wheel,20,1,1.200103,225,150,rastrigin,6,0.000061,0.000603,0.000727,0.001197,22.008620
roulette wheel,20,1,0.896332,225,150,rastrigin,6,0.001442,0.010837,0.009767,0.021779,22.705810
roulette wheel,30,1,0.500000,225,150,rastrigin,6,0.000004,0.000426,0.000404,0.016522,22.259350
roulette wheel,30,1,0.896332,225,150,rastrigin,6,0.000011,0.000054,0.000055,0.000110,16.408390
roulette wheel,10,1,1.200103,225,150,rastrigin,6,0.147898,0.575392,0.679132,0.534463,23.917765
roulette wheel,30,1,0.578555,225,150,rastrigin,6,0.000004,0.000064,0.000043,0.000265,21.890120
roulette wheel,20,1,1.037155,225,150,rastrigin,6,0.000099,0.000728,0.000851,0.000772,25.050480
roulette wheel,30,1,0.774630,225,150,rastrigin,6,0.000004,0.000055,0.000065,0.000105,20.325895
roulette wheel,30,1,1.037155,225,150,rastrigin,6,0.000000,0.000000,0.000000,0.000000,17.135290
roulette wheel,30,1,0.669452,225,150,rastrigin,6,0.000000,0.000079,0.000084,0.000200,23.052575
roulette wheel,30,1,1.200103,225,150,rastrigin,6,0.000000,0.000000,0.000000,0.000000,15.640810
roulette wheel,40,1,0.500000,225,150,rastrigin,6,0.000000,0.000026,0.000035,0.001074,15.104405
roulette wheel,40,1,0.669452,225,150,rastrigin,6,0.000000,0.000004,0.000006,0.000018,15.442655
roulette wheel,40,1,1.606822,225,150,rastrigin,6,0.000000,0.000000,0.000000,0.000000,14.874360
roulette wheel,40,1,1.859271,225,150,rastrigin,6,0.000000,0.000000,0.000000,0.000001,15.128305
roulette wheel,40,1,1.037155,225,150,rastrigin,6,0.000000,0.000000,0.000000,0.000000,15.206345
roulette wheel,40,1,1.200103,225,150,rastrigin,6,0.000000,0.000000,0.000000,0.000000,15.810100
roulette wheel,40,1,0.578555,225,150,rastrigin,6,0.000000,0.000006,0.000009,0.000017,17.959750
roulette wheel,30,1,1.859271,225,150,rastrigin,6,0.000000,0.000025,0.000021,0.000033,18.014645
roulette wheel,40,1,1.388651,225,150,rastrigin,6,0.000000,0.000000,0.000000,0.000000,14.663245
roulette wheel,30,1,1.606822,225,150,rastrigin,6,0.000000,0.000002,0.000003,0.000016,18.192270
roulette wheel,40,1,0.896332,225,150,rastrigin,6,0.000000,0.000007,0.000008,0.000010,17.793720
roulette wheel,50,1,0.500000,225,150,rastrigin,6,0.000000,0.000013,0.000013,0.000025,17.660065
roulette wheel,40,1,0.774630,225,150,rastrigin,6,0.000000,0.000006,0.000008,0.000034,17.877015
roulette wheel,50,1,0.669452,225,150,rastrigin,6,0.000000,0.000003,0.000004,0.000006,17.218945
roulette wheel,50,1,0.578555,225,150,rastrigin,6,0.000000,0.000003,0.000004,0.000009,18.392860
roulette wheel,10,1,0.578555,225,150,rastrigin,6,0.145100,0.870796,1.037609,0.711598,21.281735
roulette wheel,20,1,2.000000,225,150,rastrigin,6,0.013222,0.108552,0.123489,0.204722,14.657560
roulette wheel,10,1,0.537845,225,150,rastrigin,6,0.030972,0.700770,0.874026,0.677686,16.173975
roulette wheel,20,1,1.728444,225,150,rastrigin,6,0.006027,0.034195,0.039789,0.029376,16.666505
roulette wheel,30,1,1.493759,225,150,rastrigin,6,0.000000,0.000000,0.000000,0.000001,14.840200
roulette wheel,20,1,0.720123,225,150,rastrigin,6,0.002529,0.019303,0.022971,0.058293,22.098560
roulette wheel,30,1,0.964176,225,150,rastrigin,6,0.000000,0.000007,0.000007,0.000018,15.176275
roulette wheel,10,1,0.833262,225,150,rastrigin,6,0.039970,1.264523,1.552407,0.580647,15.639505
roulette wheel,20,1,0.964176,225,150,rastrigin,6,0.000658,0.006463,0.006310,0.016077,15.910115
roulette wheel,20,1,0.833262,225,150,rastrigin,6,0.001099,0.014774,0.011035,0.054550,19.709665
roulette wheel,20,1,0.622346,225,150,rastrigin,6,0.001146,0.023506,0.027786,0.026055,20.814165
roulette wheel,20,1,0.537845,225,150,rastrigin,6,0.001158,0.004444,0.004277,0.020891,21.420635
roulette wheel,50,1,0.774630,225,150,rastrigin,6,0.000000,0.000001,0.000001,0.000007,14.692900
roulette wheel,20,1,1.290939,225,150,rastrigin,6,0.000114,0.000908,0.001249,0.001578,18.471110
roulette wheel,30,1,1.115658,225,150,rastrigin,6,0.000000,0.000000,0.000000,0.000000,15.027960
roulette wheel,20,1,1.115658,225,150,rastrigin,6,0.000034,0.000310,0.000399,0.000817,17.360410
roulette wheel,30,1,0.833262,225,150,rastrigin,6,0.000000,0.000047,0.000062,0.000258,16.719285
roulette wheel,20,1,1.493759,225,150,rastrigin,6,0.000790,0.006851,0.007035,0.018223,22.956905
roulette wheel,10,1,1.290939,225,150,rastrigin,6,0.116951,0.752114,0.971947,0.601796,19.045835
roulette wheel,10,1,0.964176,225,150,rastrigin,6,0.398726,1.031989,1.240514,0.516016,20.089920
roulette wheel,30,1,0.537845,225,150,rastrigin,6,0.000002,0.000031,0.000031,0.000355,21.894595
roulette wheel,10,1,2.000000,225,150,rastrigin,6,0.519905,1.771942,1.812599,0.856965,22.279580
roulette wheel,10,1,1.115658,225,150,rastrigin,6,0.072441,0.632819,0.714649,0.361745,22.688460
roulette wheel,40,1,0.720123,225,150,rastrigin,6,0.000000,0.000003,0.000004,0.000005,13.268175
roulette wheel,10,1,0.720123,225,150,rastrigin,6,0.119644,0.911604,1.113151,0.748915,22.839125
roulette wheel,40,1,0.537845,225,150,rastrigin,6,0.000000,0.000005,0.000006,0.000015,13.709840
roulette wheel,30,1,0.622346,225,150,rastrigin,6,0.000004,0.000067,0.000074,0.000209,22.237450
roulette wheel,30,1,0.720123,225,150,rastrigin,6,0.000000,0.000032,0.000035,0.000033,16.825115
roulette wheel,30,1,1.290939,225,150,rastrigin,6,0.000000,0.000000,0.000000,0.000000,14.409565
roulette wheel,10,1,1.493759,225,150,rastrigin,6,0.128191,0.987178,1.322903,0.752725,24.635100
roulette wheel,10,1,1.728444,225,150,rastrigin,6,0.654751,1.931938,2.175488,0.681401,25.633025
roulette wheel,40,1,1.290939,225,150,rastrigin,6,0.000000,0.000000,0.000000,0.000000,12.384705
roulette wheel,40,1,1.115658,225,150,rastrigin,6,0.000000,0.000000,0.000000,0.000000,12.965665
roulette wheel,40,1,2.000000,225,150,rastrigin,6,0.000000,0.000002,0.000002,0.000005,14.454070
roulette wheel,40,1,1.728444,225,150,rastrigin,6,0.000000,0.000000,0.000000,0.000001,16.743030
roulette wheel,30,1,1.728444,225,150,rastrigin,6,0.000000,0.000005,0.000004,0.000014,12.539100
roulette wheel,40,1,1.493759,225,150,rastrigin,6,0.000000,0.000000,0.000000,0.000000,12.921255
roulette wheel,50,1,0.537845,225,150,rastrigin,6,0.000000,0.000004,0.000005,0.000007,13.623060
roulette wheel,50,1,0.896332,225,150,rastrigin,6,0.000000,0.000001,0.000000,0.000003,13.079450
roulette wheel,50,1,1.037155,225,150,rastrigin,6,0.000000,0.000000,0.000000,0.000000,13.192260
roulette wheel,40,1,0.964176,225,150,rastrigin,6,0.000000,0.000000,0.000000,0.000002,16.257950
roulette wheel,50,1,1.200103,225,150,rastrigin,6,0.000000,0.000000,0.000000,0.000000,14.024905
roulette wheel,50,1,1.388651,225,150,rastrigin,6,0.000000,0.000000,0.000000,0.000000,14.471635
roulette wheel,50,1,0.622346,225,150,rastrigin,6,0.000000,0.000002,0.000003,0.000010,17.485570
roulette wheel,40,1,0.622346,225,150,rastrigin,6,0.000000,0.000007,0.000009,0.000015,21.323945
roulette wheel,30,1,2.000000,225,150,rastrigin,6,0.000010,0.000058,0.000050,0.000108,21.080580
