selection,limit,mutation_dims,phi0,population_size,num_iterations,objective,dimensionality,best_value,average_value_top_80,median_value,stddev_value,average_time_ms
roulette wheel,30,1,0.578555,75,50,rosenbrock,3,0.000301,0.020685,0.024507,0.052139,0.705545
roulette wheel,10,1,1.200103,75,50,rosenbrock,3,0.012897,0.148061,0.153333,0.193704,0.643880
roulette wheel,60,1,1.388651,75,50,rosenbrock,3,0.003127,0.050466,0.061739,0.065460,0.704665
roulette wheel,10,1,0.500000,75,50,rosenbrock,3,0.008143,0.053916,0.059819,0.070168,0.713775
roulette wheel,40,1,1.200103,75,50,rosenbrock,3,0.001266,0.052880,0.060904,0.224488,0.742910
roulette wheel,10,1,1.606822,75,50,rosenbrock,3,0.008262,0.160429,0.157973,0.310843,0.663870
roulette wheel,70,1,1.388651,75,50,rosenbrock,3,0.012889,0.042982,0.047102,0.047426,0.754545
roulette wheel,10,1,1.388651,75,50,rosenbrock,3,0.041505,0.245248,0.303425,0.250440,0.750380
roulette wheel,10,1,1.859271,75,50,rosenbrock,3,0.011295,0.208136,0.239882,0.268573,0.756530
roulette wheel,20,1,0.669452,75,50,rosenbrock,3,0.004233,0.060794,0.079424,0.074124,0.646230
roulette wheel,20,1,0.774630,75,50,rosenbrock,3,0.007057,0.063207,0.070963,0.106338,0.652215
roulette wheel,20,1,0.500000,75,50,rosenbrock,3,0.021694,0.055561,0.050654,0.084395,0.756315
roulette wheel,20,1,0.578555,75,50,rosenbrock,3,0.007880,0.071318,0.086494,0.062261,0.736875
roulette wheel,20,1,1.037155,75,50,rosenbrock,3,0.024236,0.124973,0.147416,0.088490,0.656575
roulette wheel,20,1,1.388651,75,50,rosenbrock,3,0.002423,0.116295,0.142205,0.095555,0.655675
roulette wheel,20,1,0.896332,75,50,rosenbrock,3,0.006576,0.075129,0.096396,0.077113,0.759680
roulette wheel,20,1,1.200103,75,50,rosenbrock,3,0.006267,0.101780,0.135239,0.131238,0.752885
roulette wheel,80,1,0.896332,75,50,rosenbrock,3,0.004075,0.025292,0.024260,0.039821,1.104920
roulette wheel,20,1,1.606822,75,50,rosenbrock,3,0.000474,0.098387,0.086932,0.206217,0.640605
roulette wheel,30,1,0.500000,75,50,rosenbrock,3,0.001456,0.033500,0.032672,0.036070,0.651355
roulette wheel,20,1,1.859271,75,50,rosenbrock,3,0.021116,0.178226,0.228480,0.138282,0.751295
roulette wheel,10,1,0.578555,75,50,rosenbrock,3,0.005616,0.061900,0.070989,0.073192,0.750500
roulette wheel,30,1,0.669452,75,50,rosenbrock,3,0.003936,0.069909,0.093131,0.094248,0.741370
roulette wheel,30,1,0.774630,75,50,rosenbrock,3,0.002322,0.040216,0.048048,0.075333,0.749395
roulette wheel,30,1,1.037155,75,50,rosenbrock,3,0.006083,0.096427,0.077474,0.160298,0.663795
roulette wheel,30,1,1.388651,75,50,rosenbrock,3,0.005457,0.066079,0.062805,0.120698,0.643240
roulette wheel,30,1,1.859271,75,50,rosenbrock,3,0.004754,0.132565,0.145217,0.158235,0.650240
roulette wheel,30,1,0.896332,75,50,rosenbrock,3,0.012474,0.061739,0.078155,0.098641,0.753955
roulette wheel,30,1,1.200103,75,50,rosenbrock,3,0.005541,0.063156,0.071030,0.061800,0.743805
roulette wheel,30,1,1.606822,75,50,rosenbrock,3,0.001345,0.074674,0.068868,0.179392,0.725460
roulette wheel,40,1,0.500000,75,50,rosenbrock,3,0.000807,0.025581,0.033389,0.024808,0.659350
roulette wheel,20,1,1.493759,75,50,rosenbrock,3,0.002813,0.160894,0.176886,0.204368,0.690595
roulette wheel,40,1,0.669452,75,50,rosenbrock,3,0.003678,0.054873,0.063660,0.062778,0.651025
roulette wheel,80,1,0.964176,75,50,rosenbrock,3,0.002479,0.030894,0.036617,0.060264,0.731260
roulette wheel,20,1,1.728444,75,50,rosenbrock,3,0.032109,0.128089,0.136522,0.128711,0.692000
roulette wheel,20,1,1.290939,75,50,rosenbrock,3,0.019610,0.098711,0.107109,0.153816,0.868185
roulette wheel,40,1,1.606822,75,50,rosenbrock,3,0.002124,0.084438,0.107397,0.101592,0.637385
roulette wheel,40,1,1.388651,75,50,rosenbrock,3,0.001705,0.062308,0.081401,0.112957,0.728590
roulette wheel,10,1,0.669452,75,50,rosenbrock,3,0.004539,0.058453,0.074816,0.116281,0.739485
roulette wheel,40,1,1.859271,75,50,rosenbrock,3,0.015098,0.081638,0.086441,0.149577,0.655010
roulette wheel,50,1,0.669452,75,50,rosenbrock,3,0.003523,0.026031,0.026000,0.033480,0.636480
roulette wheel,50,1,0.500000,75,50,rosenbrock,3,0.005179,0.024063,0.027606,0.036307,0.722245
roulette wheel,50,1,0.578555,75,50,rosenbrock,3,0.002808,0.020965,0.021985,0.021485,0.739675
roulette wheel,50,1,0.774630,75,50,rosenbrock,3,0.003339,0.033125,0.033350,0.078265,0.677770
roulette wheel,50,1,1.200103,75,50,rosenbrock,3,0.007313,0.041382,0.043345,0.080864,0.639200
roulette wheel,50,1,1.388651,75,50,rosenbrock,3,0.006420,0.051886,0.060852,0.057411,0.635555
roulette wheel,30,1,0.964176,75,50,rosenbrock,3,0.015947,0.063493,0.078376,0.045368,0.757030
roulette wheel,50,1,1.037155,75,50,rosenbrock,3,0.002852,0.046743,0.056228,0.070818,0.738775
roulette wheel,50,1,1.859271,75,50,rosenbrock,3,0.001580,0.100565,0.115955,0.094534,0.650760
roulette wheel,40,1,0.537845,75,50,rosenbrock,3,0.000270,0.032324,0.033714,0.031101,0.756415
roulette wheel,60,1,0.669452,75,50,rosenbrock,3,0.001841,0.028983,0.027808,0.046276,0.666085
roulette wheel,60,1,0.500000,75,50,rosenbrock,3,0.002140,0.033925,0.038469,0.061856,0.733680
roulette wheel,60,1,0.774630,75,50,rosenbrock,3,0.001164,0.032029,0.039176,0.054201,0.744125
roulette wheel,60,1,1.200103,75,50,rosenbrock,3,0.002820,0.053420,0.052354,0.073163,0.649585
roulette wheel,60,1,0.896332,75,50,rosenbrock,3,0.002746,0.035712,0.052342,0.045449,0.730575
roulette wheel,60,1,1.037155,75,50,rosenbrock,3,0.000295,0.039239,0.059093,0.053987,0.737440
roulette wheel,50,1,0.537845,75,50,rosenbrock,3,0.001404,0.021247,0.026117,0.022839,0.642540
roulette wheel,10,1,0.774630,75,50,rosenbrock,3,0.009886,0.061921,0.064119,0.070184,0.733895
roulette wheel,90,1,0.774630,75,50,rosenbrock,3,0.002817,0.015677,0.019032,0.043659,0.950080
roulette wheel,60,1,1.859271,75,50,rosenbrock,3,0.006443,0.087084,0.123908,0.118079,0.718000
roulette wheel,60,1,1.606822,75,50,rosenbrock,3,0.004003,0.083476,0.101356,0.127105,0.728535
roulette wheel,50,1,1.493759,75,50,rosenbrock,3,0.001645,0.058863,0.071378,0.065244,0.661660
roulette wheel,70,1,0.578555,75,50,rosenbrock,3,0.002922,0.034353,0.031028,0.038456,0.738835
roulette wheel,70,1,1.037155,75,50,rosenbrock,3,0.010441,0.061605,0.070645,0.107807,0.639865
roulette wheel,70,1,0.669452,75,50,rosenbrock,3,0.000251,0.019133,0.019666,0.022317,0.727575
roulette wheel,90,1,1.037155,75,50,rosenbrock,3,0.003435,0.030365,0.026870,0.076508,0.647105
roulette wheel,70,1,1.200103,75,50,rosenbrock,3,0.002070,0.040151,0.040983,0.057438,0.733295
roulette wheel,10,1,0.896332,75,50,rosenbrock,3,0.011616,0.115294,0.136548,0.150267,0.747740
roulette wheel,70,1,1.606822,75,50,rosenbrock,3,0.007857,0.068594,0.088773,0.115713,0.843490
roulette wheel,80,1,0.500000,75,50,rosenbrock,3,0.000408,0.027105,0.033842,0.044149,0.725060
roulette wheel,80,1,0.578555,75,50,rosenbrock,3,0.002756,0.035369,0.029617,0.093378,0.730275
roulette wheel,60,1,1.290939,75,50,rosenbrock,3,0.004053,0.045045,0.052909,0.056446,0.720140
roulette wheel,90,1,1.200103,75,50,rosenbrock,3,0.002182,0.039127,0.042251,0.106610,0.717780
roulette wheel,80,1,1.200103,75,50,rosenbrock,3,0.008071,0.050767,0.052455,0.089169,0.650150
roulette wheel,60,1,0.964176,75,50,rosenbrock,3,0.001426,0.028603,0.022241,0.061796,0.734325
roulette wheel,10,1,1.037155,75,50,rosenbrock,3,0.006054,0.102562,0.127966,0.109712,0.734635
roulette wheel,30,1,0.622346,75,50,rosenbrock,3,0.002292,0.049731,0.065444,0.092610,0.642465
roulette wheel,80,1,1.388651,75,50,rosenbrock,3,0.012296,0.075723,0.078396,0.104406,0.724060
roulette wheel,70,1,0.622346,75,50,rosenbrock,3,0.000720,0.031678,0.040360,0.034632,0.698190
roulette wheel,90,1,1.606822,75,50,rosenbrock,3,0.004552,0.031257,0.042420,0.039053,0.734840
roulette wheel,10,1,0.537845,75,50,rosenbrock,3,0.003752,0.067027,0.066175,0.088150,0.649760
roulette wheel,40,1,1.290939,75,50,rosenbrock,3,0.002838,0.057045,0.051963,0.092370,0.645205
roulette wheel,60,1,1.493759,75,50,rosenbrock,3,0.003951,0.062137,0.078137,0.123876,0.725960
roulette wheel,10,1,1.290939,75,50,rosenbrock,3,0.045008,0.126436,0.152597,0.106311,0.735445
roulette wheel,70,1,1.115658,75,50,rosenbrock,3,0.000731,0.032711,0.039268,0.062642,0.835165
roulette wheel,10,1,0.833262,75,50,rosenbrock,3,0.055159,0.144234,0.169096,0.111842,0.992275
roulette wheel,10,1,1.728444,75,50,rosenbrock,3,0.023634,0.204259,0.224644,0.331059,0.738040
roulette wheel,20,1,0.720123,75,50,rosenbrock,3,0.002553,0.055849,0.071191,0.085117,0.641025
roulette wheel,70,1,1.493759,75,50,rosenbrock,3,0.010331,0.059036,0.055850,0.117131,0.724305
roulette wheel,20,1,0.833262,75,50,rosenbrock,3,0.004845,0.056871,0.057989,0.070054,0.659245
roulette wheel,10,1,1.493759,75,50,rosenbrock,3,0.033853,0.143603,0.153331,0.220246,0.740650
roulette wheel,20,1,0.537845,75,50,rosenbrock,3,0.003151,0.049783,0.061082,0.067574,0.664755
roulette wheel,10,1,2.000000,75,50,rosenbrock,3,0.039368,0.201242,0.264566,0.342773,0.743570
roulette wheel,20,1,1.115658,75,50,rosenbrock,3,0.002284,0.084761,0.086679,0.194799,0.655285
roulette wheel,40,1,0.896332,75,50,rosenbrock,3,0.008702,0.054100,0.062294,0.061370,0.644640
roulette wheel,30,1,0.537845,75,50,rosenbrock,3,0.003437,0.027401,0.036001,0.079824,0.646525
roulette wheel,20,1,2.000000,75,50,rosenbrock,3,0.049106,0.146922,0.157360,0.257229,0.644340
roulette wheel,20,1,0.622346,75,50,rosenbrock,3,0.007782,0.044019,0.057081,0.083132,0.728755
roulette wheel,20,1,0.964176,75,50,rosenbrock,3,0.003786,0.066983,0.090665,0.078756,0.736425
roulette wheel,40,1,1.037155,75,50,rosenbrock,3,0.018516,0.054050,0.063974,0.085560,0.722380
roulette wheel,40,1,0.578555,75,50,rosenbrock,3,0.007341,0.030605,0.033882,0.062826,0.736310
roulette wheel,40,1,0.774630,75,50,rosenbrock,3,0.001479,0.033556,0.044337,0.039783,0.744570
roulette wheel,10,1,0.622346,75,50,rosenbrock,3,0.004117,0.076993,0.098043,0.055820,0.748395
roulette wheel,30,1,0.720123,75,50,rosenbrock,3,0.000682,0.037043,0.040759,0.063144,0.743785
roulette wheel,30,1,1.493759,75,50,rosenbrock,3,0.034755,0.111842,0.126731,0.070966,0.637965
roulette wheel,30,1,1.115658,75,50,rosenbrock,3,0.007113,0.051216,0.060818,0.069369,0.711575
roulette wheel,30,1,0.833262,75,50,rosenbrock,3,0.000738,0.031742,0.038006,0.078059,0.749015
roulette wheel,30,1,2.000000,75,50,rosenbrock,3,0.041542,0.157153,0.162056,0.180504,0.647470
roulette wheel,30,1,1.290939,75,50,rosenbrock,3,0.006311,0.100038,0.119407,0.115032,0.644975
roulette wheel,50,1,1.606822,75,50,rosenbrock,3,0.007150,0.079351,0.099063,0.119057,0.637020
roulette wheel,60,1,0.578555,75,50,rosenbrock,3,0.001969,0.023469,0.028885,0.045408,0.639555
roulette wheel,50,1,0.896332,75,50,rosenbrock,3,0.002025,0.046587,0.050250,0.068057,0.740565
roulette wheel,30,1,1.728444,75,50,rosenbrock,3,0.004323,0.083162,0.082750,0.091597,0.735195
roulette wheel,90,1,0.669452,75,50,rosenbrock,3,0.001646,0.019036,0.017788,0.035612,0.732415
roulette wheel,40,1,2.000000,75,50,rosenbrock,3,0.000530,0.091896,0.101193,0.221286,0.660070
roulette wheel,110,1,1.388651,75,50,rosenbrock,3,0.001579,0.032488,0.035710,0.047012,0.758165
roulette wheel,110,1,1.859271,75,50,rosenbrock,3,0.002854,0.055468,0.051160,0.113415,0.712970
roulette wheel,50,1,0.720123,75,50,rosenbrock,3,0.008390,0.038135,0.046650,0.072298,0.638315
roulette wheel,40,1,0.964176,75,50,rosenbrock,3,0.000466,0.039263,0.049870,0.066258,0.804315
roulette wheel,40,1,1.728444,75,50,rosenbrock,3,0.011061,0.067424,0.083891,0.091145,0.728795
roulette wheel,40,1,1.493759,75,50,rosenbrock,3,0.011273,0.060873,0.057054,0.088799,0.734705
roulette wheel,10,1,0.720123,75,50,rosenbrock,3,0.009678,0.064503,0.081101,0.076560,0.740330
roulette wheel,70,1,0.500000,75,50,rosenbrock,3,0.000431,0.029803,0.032125,0.045314,0.739465
roulette wheel,50,1,0.833262,75,50,rosenbrock,3,0.000946,0.036324,0.046984,0.043484,0.673155
roulette wheel,50,1,1.115658,75,50,rosenbrock,3,0.002148,0.024314,0.033572,0.068469,0.639055
roulette wheel,50,1,2.000000,75,50,rosenbrock,3,0.009829,0.118089,0.122116,0.164708,0.636175
roulette wheel,120,1,0.774630,75,50,rosenbrock,3,0.001774,0.028292,0.030295,0.039394,0.741065
roulette wheel,70,1,0.774630,75,50,rosenbrock,3,0.002838,0.019134,0.025033,0.032755,0.737140
roulette wheel,60,1,0.537845,75,50,rosenbrock,3,0.000443,0.017398,0.018519,0.028493,0.647575
roulette wheel,50,1,0.964176,75,50,rosenbrock,3,0.004876,0.021767,0.025433,0.058578,0.743495
roulette wheel,90,1,1.388651,75,50,rosenbrock,3,0.003390,0.045713,0.041898,0.052075,0.655520
roulette wheel,90,1,0.833262,75,50,rosenbrock,3,0.003538,0.015245,0.016935,0.028689,0.644300
roulette wheel,70,1,1.859271,75,50,rosenbrock,3,0.001983,0.069983,0.091607,0.185123,0.725600
roulette wheel,60,1,0.833262,75,50,rosenbrock,3,0.005935,0.050891,0.067223,0.048394,0.732245
roulette wheel,80,1,0.669452,75,50,rosenbrock,3,0.002465,0.024564,0.033854,0.026787,0.733595
roulette wheel,60,1,1.115658,75,50,rosenbrock,3,0.006048,0.031707,0.037064,0.076927,0.740600
roulette wheel,80,1,0.774630,75,50,rosenbrock,3,0.001172,0.038119,0.045574,0.044614,0.736215
roulette wheel,80,1,1.037155,75,50,rosenbrock,3,0.000512,0.041208,0.042935,0.081047,0.728410
roulette wheel,60,1,2.000000,75,50,rosenbrock,3,0.016820,0.094728,0.112833,0.154513,0.715070
roulette wheel,60,1,1.728444,75,50,rosenbrock,3,0.010689,0.055089,0.065205,0.079746,0.722510
roulette wheel,70,1,0.720123,75,50,rosenbrock,3,0.003143,0.024709,0.023907,0.041485,0.733285
roulette wheel,120,1,1.200103,75,50,rosenbrock,3,0.002591,0.048779,0.057614,0.076266,1.200055
roulette wheel,60,1,0.622346,75,50,rosenbrock,3,0.003295,0.030298,0.031818,0.063828,1.225505
roulette wheel,130,1,1.200103,75,50,rosenbrock,3,0.001904,0.032224,0.036200,0.055847,0.645325
roulette wheel,130,1,1.037155,75,50,rosenbrock,3,0.001447,0.029778,0.030606,0.060646,0.683460
roulette wheel,90,1,1.115658,75,50,rosenbrock,3,0.001406,0.044578,0.044913,0.114599,0.635435
roulette wheel,130,1,1.388651,75,50,rosenbrock,3,0.004102,0.033984,0.030913,0.061256,0.696835
roulette wheel,90,1,1.859271,75,50,rosenbrock,3,0.015655,0.056550,0.052196,0.095723,0.656915
roulette wheel,80,1,1.290939,75,50,rosenbrock,3,0.006815,0.044974,0.058773,0.060011,0.647965
roulette wheel,70,1,1.290939,75,50,rosenbrock,3,0.003971,0.045851,0.046722,0.086538,0.738850
roulette wheel,140,1,0.500000,75,50,rosenbrock,3,0.000761,0.025071,0.029931,0.051232,0.705370
roulette wheel,100,1,0.578555,75,50,rosenbrock,3,0.001716,0.033382,0.032782,0.078347,0.636545
roulette wheel,70,1,1.728444,75,50,rosenbrock,3,0.003347,0.064171,0.078973,0.081204,0.726445
roulette wheel,80,1,0.537845,75,50,rosenbrock,3,0.004757,0.029328,0.035491,0.034925,0.727005
roulette wheel,90,1,1.290939,75,50,rosenbrock,3,0.004021,0.029025,0.030770,0.064430,0.729090
roulette wheel,100,1,0.500000,75,50,rosenbrock,3,0.000111,0.014573,0.014913,0.023162,0.730660
roulette wheel,10,1,1.115658,75,50,rosenbrock,3,0.039296,0.123131,0.145017,0.130388,0.741045
roulette wheel,80,1,0.720123,75,50,rosenbrock,3,0.001312,0.018722,0.020683,0.077232,0.820125
roulette wheel,100,1,0.669452,75,50,rosenbrock,3,0.002109,0.036245,0.039666,0.037283,0.638415
roulette wheel,90,1,1.728444,75,50,rosenbrock,3,0.006068,0.059179,0.054687,0.087472,0.640770
roulette wheel,100,1,0.774630,75,50,rosenbrock,3,0.000902,0.022300,0.021155,0.089510,0.632800
roulette wheel,80,1,1.493759,75,50,rosenbrock,3,0.013392,0.040899,0.044741,0.064180,0.729685
roulette wheel,100,1,0.896332,75,50,rosenbrock,3,0.003450,0.033924,0.037958,0.055643,0.636285
roulette wheel,100,1,1.037155,75,50,rosenbrock,3,0.002529,0.038359,0.039000,0.051989,0.749120
roulette wheel,100,1,1.388651,75,50,rosenbrock,3,0.001376,0.048099,0.061451,0.098448,0.641760
roulette wheel,110,1,0.669452,75,50,rosenbrock,3,0.000393,0.017630,0.018836,0.085091,0.638250
roulette wheel,110,1,0.500000,75,50,rosenbrock,3,0.001295,0.025046,0.030772,0.068986,0.661185
roulette wheel,100,1,1.859271,75,50,rosenbrock,3,0.013140,0.064376,0.065625,0.112421,0.678895
roulette wheel,100,1,1.606822,75,50,rosenbrock,3,0.000515,0.056752,0.057652,0.141712,0.717760
roulette wheel,100,1,1.200103,75,50,rosenbrock,3,0.003544,0.037628,0.055611,0.049889,0.728745
roulette wheel,110,1,0.896332,75,50,rosenbrock,3,0.002416,0.036140,0.037035,0.048517,0.670620
roulette wheel,110,1,0.578555,75,50,rosenbrock,3,0.000790,0.019843,0.021689,0.047051,0.732605
roulette wheel,110,1,0.774630,75,50,rosenbrock,3,0.004178,0.028683,0.027059,0.051430,0.734405
roulette wheel,110,1,1.037155,75,50,rosenbrock,3,0.001241,0.029378,0.037041,0.050396,0.736995
roulette wheel,150,1,0.896332,75,50,rosenbrock,3,0.001111,0.018622,0.021173,0.056270,0.801655
roulette wheel,100,1,0.720123,75,50,rosenbrock,3,0.001676,0.024585,0.025841,0.035476,0.689350
roulette wheel,150,1,0.774630,75,50,rosenbrock,3,0.001965,0.017120,0.018486,0.019804,0.856120
roulette wheel,120,1,0.500000,75,50,rosenbrock,3,0.003783,0.020904,0.022722,0.067019,0.726570
roulette wheel,90,1,0.896332,75,50,rosenbrock,3,0.003176,0.021157,0.021516,0.037020,0.727115
roulette wheel,40,1,0.720123,75,50,rosenbrock,3,0.002916,0.033720,0.040798,0.038925,0.747325
roulette wheel,40,1,0.622346,75,50,rosenbrock,3,0.000223,0.032644,0.027148,0.055289,0.671475
roulette wheel,40,1,1.115658,75,50,rosenbrock,3,0.005007,0.058173,0.054103,0.112575,0.737970
roulette wheel,120,1,0.896332,75,50,rosenbrock,3,0.003253,0.023899,0.026347,0.028436,0.649465
roulette wheel,50,1,1.290939,75,50,rosenbrock,3,0.006665,0.050736,0.059131,0.079346,0.639210
roulette wheel,120,1,1.388651,75,50,rosenbrock,3,0.004708,0.059852,0.096295,0.117545,0.630405
roulette wheel,110,1,0.537845,75,50,rosenbrock,3,0.000605,0.020125,0.021741,0.106494,0.694200
roulette wheel,120,1,0.578555,75,50,rosenbrock,3,0.002084,0.031041,0.036908,0.040613,0.740680
roulette wheel,120,1,0.669452,75,50,rosenbrock,3,0.004802,0.030854,0.040893,0.062583,0.783110
roulette wheel,50,1,1.728444,75,50,rosenbrock,3,0.020320,0.068193,0.069989,0.092251,0.651185
roulette wheel,70,1,0.896332,75,50,rosenbrock,3,0.003455,0.028287,0.033676,0.025988,0.732730
roulette wheel,100,1,1.115658,75,50,rosenbrock,3,0.000883,0.042437,0.054735,0.108791,0.967450
roulette wheel,60,1,0.720123,75,50,rosenbrock,3,0.006401,0.036944,0.035947,0.055753,0.651080
roulette wheel,120,1,1.859271,75,50,rosenbrock,3,0.002494,0.051876,0.059597,0.127668,0.631330
roulette wheel,120,1,1.606822,75,50,rosenbrock,3,0.012365,0.070915,0.086842,0.091496,0.723795
roulette wheel,130,1,0.500000,75,50,rosenbrock,3,0.000476,0.012938,0.013591,0.063075,0.639285
roulette wheel,110,1,0.720123,75,50,rosenbrock,3,0.000796,0.015681,0.013834,0.026569,1.075360
roulette wheel,130,1,0.578555,75,50,rosenbrock,3,0.002398,0.029346,0.037424,0.048005,0.631140
roulette wheel,90,1,0.720123,75,50,rosenbrock,3,0.001607,0.014650,0.020346,0.028208,0.731130
roulette wheel,110,1,1.493759,75,50,rosenbrock,3,0.010976,0.050060,0.070130,0.047889,0.728460
roulette wheel,110,1,2.000000,75,50,rosenbrock,3,0.004550,0.068742,0.092725,0.091684,0.711400
roulette wheel,120,1,0.833262,75,50,rosenbrock,3,0.002402,0.037004,0.043012,0.044242,0.644555
roulette wheel,130,1,1.606822,75,50,rosenbrock,3,0.006557,0.030279,0.030732,0.121503,0.634930
roulette wheel,90,1,1.493759,75,50,rosenbrock,3,0.006993,0.044268,0.045529,0.110111,0.631110
roulette wheel,130,1,0.669452,75,50,rosenbrock,3,0.001190,0.034491,0.049103,0.059492,0.736800
roulette wheel,130,1,0.896332,75,50,rosenbrock,3,0.001392,0.024786,0.028299,0.031635,0.727200
roulette wheel,130,1,0.774630,75,50,rosenbrock,3,0.001557,0.020318,0.021212,0.087401,0.737900
roulette wheel,70,1,0.537845,75,50,rosenbrock,3,0.003544,0.017962,0.019522,0.027581,0.733065
roulette wheel,70,1,0.833262,75,50,rosenbrock,3,0.002256,0.027595,0.042794,0.038857,0.729870
roulette wheel,80,1,1.606822,75,50,rosenbrock,3,0.020383,0.060044,0.065395,0.063867,0.726220
roulette wheel,80,1,1.859271,75,50,rosenbrock,3,0.000823,0.070562,0.086107,0.101367,0.662175
roulette wheel,160,1,0.669452,75,50,rosenbrock,3,0.000640,0.028691,0.035776,0.067715,0.946570
roulette wheel,80,1,0.622346,75,50,rosenbrock,3,0.001018,0.023956,0.024975,0.038167,0.666165
roulette wheel,120,1,0.622346,75,50,rosenbrock,3,0.002978,0.025396,0.023470,0.074076,0.984305
roulette wheel,140,1,0.578555,75,50,rosenbrock,3,0.000848,0.039705,0.051668,0.082413,0.740215
roulette wheel,10,1,0.964176,75,50,rosenbrock,3,0.009680,0.082685,0.085348,0.149370,0.754735
roulette wheel,80,1,0.833262,75,50,rosenbrock,3,0.002328,0.032373,0.036120,0.034252,0.732065
roulette wheel,80,1,1.115658,75,50,rosenbrock,3,0.009384,0.043408,0.047975,0.035620,0.728565
roulette wheel,70,1,0.964176,75,50,rosenbrock,3,0.002366,0.040057,0.056089,0.051701,0.872125
roulette wheel,120,1,1.290939,75,50,rosenbrock,3,0.005031,0.041765,0.041487,0.048807,0.638350
roulette wheel,140,1,0.774630,75,50,rosenbrock,3,0.009093,0.029252,0.030081,0.050616,0.717760
roulette wheel,140,1,1.200103,75,50,rosenbrock,3,0.004169,0.033934,0.029148,0.101255,0.638785
roulette wheel,130,1,1.290939,75,50,rosenbrock,3,0.000733,0.025007,0.031930,0.051603,0.633655
roulette wheel,140,1,0.896332,75,50,rosenbrock,3,0.000361,0.029433,0.032248,0.043579,0.728445
roulette wheel,170,1,0.500000,75,50,rosenbrock,3,0.000351,0.008839,0.013419,0.011611,0.702505
roulette wheel,160,1,1.388651,75,50,rosenbrock,3,0.000243,0.034005,0.036087,0.146906,0.910000
roulette wheel,130,1,1.115658,75,50,rosenbrock,3,0.001497,0.026555,0.025315,0.044311,0.675985
roulette wheel,130,1,1.493759,75,50,rosenbrock,3,0.001629,0.041857,0.055211,0.104003,0.637005
roulette wheel,90,1,2.000000,75,50,rosenbrock,3,0.003332,0.073655,0.105029,0.140512,0.636870
roulette wheel,140,1,1.606822,75,50,rosenbrock,3,0.012656,0.041440,0.043896,0.106991,0.645890
roulette wheel,140,1,0.537845,75,50,rosenbrock,3,0.001163,0.025426,0.037214,0.032386,0.711250
roulette wheel,140,1,1.859271,75,50,rosenbrock,3,0.006865,0.049678,0.055754,0.078209,0.728750
roulette wheel,110,1,1.200103,75,50,rosenbrock,3,0.004917,0.054975,0.068868,0.142791,0.639770
roulette wheel,110,1,1.606822,75,50,rosenbrock,3,0.002856,0.043260,0.046171,0.061302,0.632200
roulette wheel,90,1,0.578555,75,50,rosenbrock,3,0.002070,0.026037,0.032305,0.036049,0.651505
roulette wheel,150,1,0.500000,75,50,rosenbrock,3,0.002016,0.016022,0.019749,0.024634,0.733120
roulette wheel,100,1,0.833262,75,50,rosenbrock,3,0.000877,0.031388,0.037951,0.055902,0.636370
roulette wheel,150,1,0.578555,75,50,rosenbrock,3,0.000659,0.021709,0.028784,0.038836,0.726185
roulette wheel,150,1,0.669452,75,50,rosenbrock,3,0.000909,0.025726,0.026816,0.040578,0.721665
roulette wheel,100,1,0.537845,75,50,rosenbrock,3,0.001365,0.026415,0.027040,0.045076,0.728600
roulette wheel,150,1,1.037155,75,50,rosenbrock,3,0.005203,0.028764,0.036857,0.057240,0.725350
roulette wheel,150,1,1.200103,75,50,rosenbrock,3,0.001261,0.034652,0.038386,0.060081,0.733560
roulette wheel,100,1,0.964176,75,50,rosenbrock,3,0.001042,0.041685,0.042853,0.058157,0.727765
roulette wheel,100,1,1.493759,75,50,rosenbrock,3,0.002604,0.038133,0.038173,0.050687,0.641025
roulette wheel,140,1,0.622346,75,50,rosenbrock,3,0.007524,0.044881,0.054339,0.060940,0.978285
roulette wheel,40,1,0.833262,75,50,rosenbrock,3,0.000892,0.058439,0.066166,0.054014,0.742545
roulette wheel,170,1,0.669452,75,50,rosenbrock,3,0.001334,0.023338,0.027811,0.047358,1.445045
roulette wheel,100,1,2.000000,75,50,rosenbrock,3,0.005138,0.045705,0.048488,0.126406,0.719755
roulette wheel,120,1,1.037155,75,50,rosenbrock,3,0.000944,0.035013,0.045476,0.043721,0.738725
roulette wheel,140,1,1.728444,75,50,rosenbrock,3,0.009251,0.046274,0.049923,0.056781,0.682300
roulette wheel,180,1,1.037155,75,50,rosenbrock,3,0.010442,0.028031,0.028124,0.027427,0.660665
roulette wheel,110,1,0.964176,75,50,rosenbrock,3,0.000495,0.036878,0.048262,0.039658,0.675670
roulette wheel,100,1,1.290939,75,50,rosenbrock,3,0.001292,0.042248,0.055013,0.078772,0.730840
roulette wheel,180,1,1.200103,75,50,rosenbrock,3,0.001604,0.024657,0.030454,0.031312,0.669095
roulette wheel,150,1,0.537845,75,50,rosenbrock,3,0.001791,0.023965,0.028677,0.045196,0.706190
roulette wheel,110,1,0.622346,75,50,rosenbrock,3,0.000327,0.021623,0.026255,0.047424,0.732095
roulette wheel,150,1,1.388651,75,50,rosenbrock,3,0.002341,0.035989,0.041445,0.062143,0.643465
roulette wheel,180,1,1.388651,75,50,rosenbrock,3,0.001214,0.024789,0.028161,0.049579,0.762015
roulette wheel,150,1,0.833262,75,50,rosenbrock,3,0.001630,0.026964,0.036107,0.049391,0.719120
roulette wheel,120,1,0.537845,75,50,rosenbrock,3,0.001336,0.018574,0.018431,0.053748,0.726315
roulette wheel,150,1,1.859271,75,50,rosenbrock,3,0.003419,0.042759,0.030589,0.124787,0.721080
roulette wheel,150,1,1.606822,75,50,rosenbrock,3,0.005271,0.033769,0.029488,0.104031,0.731960
roulette wheel,90,1,0.964176,75,50,rosenbrock,3,0.000367,0.035365,0.042615,0.039750,0.740825
roulette wheel,120,1,0.964176,75,50,rosenbrock,3,0.000784,0.032878,0.037875,0.057511,0.666155
roulette wheel,160,1,0.578555,75,50,rosenbrock,3,0.000423,0.016958,0.019757,0.030176,0.649730
roulette wheel,120,1,1.493759,75,50,rosenbrock,3,0.003275,0.039148,0.048216,0.054330,0.633370
roulette wheel,190,1,0.500000,75,50,rosenbrock,3,0.002551,0.031234,0.034661,0.125811,0.811185
roulette wheel,160,1,0.774630,75,50,rosenbrock,3,0.000532,0.014682,0.022526,0.039723,0.640375
roulette wheel,70,1,2.000000,75,50,rosenbrock,3,0.000367,0.076075,0.104768,0.124937,0.721685
roulette wheel,120,1,0.720123,75,50,rosenbrock,3,0.005608,0.023607,0.033573,0.032467,0.739770
roulette wheel,160,1,1.037155,75,50,rosenbrock,3,0.000659,0.024925,0.030624,0.060062,0.643470
roulette wheel,120,1,2.000000,75,50,rosenbrock,3,0.023064,0.089448,0.082671,0.123646,0.623440
roulette wheel,130,1,1.859271,75,50,rosenbrock,3,0.003687,0.059596,0.059800,0.116816,0.717930
roulette wheel,160,1,0.896332,75,50,rosenbrock,3,0.000837,0.032441,0.040517,0.061752,0.729015
roulette wheel,130,1,0.537845,75,50,rosenbrock,3,0.000090,0.013211,0.014605,0.045987,0.635260
roulette wheel,160,1,1.200103,75,50,rosenbrock,3,0.001901,0.040374,0.044883,0.062275,0.714775
roulette wheel,190,1,1.388651,75,50,rosenbrock,3,0.001414,0.053978,0.047626,0.076076,0.902120
roulette wheel,90,1,0.500000,75,50,rosenbrock,3,0.000198,0.017141,0.013940,0.064013,0.728115
roulette wheel,130,1,0.622346,75,50,rosenbrock,3,0.007827,0.027945,0.029377,0.033919,0.717225
roulette wheel,140,1,0.669452,75,50,rosenbrock,3,0.001610,0.021500,0.032672,0.030772,0.715300
roulette wheel,170,1,0.578555,75,50,rosenbrock,3,0.001954,0.030653,0.030458,0.067097,0.626460
roulette wheel,140,1,1.037155,75,50,rosenbrock,3,0.003204,0.032219,0.031232,0.043471,0.625135
roulette wheel,160,1,1.859271,75,50,rosenbrock,3,0.003075,0.063503,0.063154,0.089230,0.698885
roulette wheel,160,1,1.606822,75,50,rosenbrock,3,0.005039,0.029813,0.029508,0.060677,0.709995
roulette wheel,130,1,0.720123,75,50,rosenbrock,3,0.003340,0.027705,0.028729,0.058605,0.727560
roulette wheel,130,1,0.833262,75,50,rosenbrock,3,0.005064,0.028925,0.033182,0.063643,0.656435
roulette wheel,130,1,0.964176,75,50,rosenbrock,3,0.000837,0.029418,0.026935,0.067403,0.713565
roulette wheel,130,1,1.728444,75,50,rosenbrock,3,0.000798,0.047869,0.062960,0.072423,0.816215
roulette wheel,160,1,0.720123,75,50,rosenbrock,3,0.001274,0.019560,0.012155,0.046570,0.630025
roulette wheel,170,1,0.774630,75,50,rosenbrock,3,0.001567,0.013973,0.012783,0.047857,0.729110
roulette wheel,130,1,2.000000,75,50,rosenbrock,3,0.003391,0.058321,0.059826,0.067504,0.742190
roulette wheel,80,1,2.000000,75,50,rosenbrock,3,0.010214,0.091412,0.097063,0.104150,0.719380
roulette wheel,170,1,0.896332,75,50,rosenbrock,3,0.001498,0.028300,0.027073,0.044457,0.719480
roulette wheel,200,1,1.200103,75,50,rosenbrock,3,0.000761,0.029993,0.041162,0.082192,0.809570
roulette wheel,140,1,1.388651,75,50,rosenbrock,3,0.006568,0.044612,0.043125,0.084550,1.027510
roulette wheel,160,1,1.290939,75,50,rosenbrock,3,0.001770,0.031319,0.031281,0.055362,0.761670
roulette wheel,100,1,0.622346,75,50,rosenbrock,3,0.004388,0.016419,0.016182,0.033529,0.716780
roulette wheel,180,1,0.500000,75,50,rosenbrock,3,0.007685,0.048690,0.065311,0.139644,0.643260
roulette wheel,170,1,1.388651,75,50,rosenbrock,3,0.000815,0.028707,0.037304,0.062584,0.714815
roulette wheel,170,1,1.606822,75,50,rosenbrock,3,0.002536,0.052690,0.068336,0.049328,0.718240
roulette wheel,170,1,1.859271,75,50,rosenbrock,3,0.004967,0.057554,0.074531,0.089929,0.700595
roulette wheel,140,1,1.290939,75,50,rosenbrock,3,0.006004,0.054634,0.053889,0.083340,0.627570
roulette wheel,140,1,0.833262,75,50,rosenbrock,3,0.001085,0.022007,0.026638,0.043514,0.710760
roulette wheel,180,1,0.578555,75,50,rosenbrock,3,0.000944,0.026993,0.025817,0.050336,0.635730
roulette wheel,170,1,0.537845,75,50,rosenbrock,3,0.004947,0.017039,0.019688,0.067868,0.632135
roulette wheel,140,1,0.964176,75,50,rosenbrock,3,0.004386,0.024374,0.024297,0.033705,0.714515
roulette wheel,180,1,0.896332,75,50,rosenbrock,3,0.000013,0.026839,0.034580,0.049078,0.632475
roulette wheel,180,1,0.669452,75,50,rosenbrock,3,0.000470,0.016600,0.013982,0.028053,0.676295
roulette wheel,180,1,0.774630,75,50,rosenbrock,3,0.001027,0.019680,0.021814,0.096089,0.723765
tournament 3,10,1,0.669452,75,50,rosenbrock,3,0.013205,0.143258,0.158883,0.204890,0.832075
roulette wheel,140,1,2.000000,75,50,rosenbrock,3,0.001551,0.034421,0.038074,0.080519,0.729075
roulette wheel,50,1,0.622346,75,50,rosenbrock,3,0.003729,0.038321,0.039849,0.038501,0.736640
tournament 3,10,1,0.896332,75,50,rosenbrock,3,0.010321,0.155328,0.158832,0.153711,0.950735
roulette wheel,110,1,1.290939,75,50,rosenbrock,3,0.000605,0.031073,0.036134,0.139887,0.737015
tournament 3,10,1,1.200103,75,50,rosenbrock,3,0.091132,0.284094,0.304703,0.438261,0.627915
roulette wheel,110,1,1.728444,75,50,rosenbrock,3,0.001342,0.046819,0.041803,0.135098,0.839630
roulette wheel,150,1,1.115658,75,50,rosenbrock,3,0.001360,0.020889,0.022645,0.106194,0.645180
roulette wheel,180,1,1.859271,75,50,rosenbrock,3,0.000378,0.046845,0.059687,0.051716,0.633845
tournament 3,10,1,1.388651,75,50,rosenbrock,3,0.130930,0.368304,0.392241,0.210218,0.651595
roulette wheel,110,1,0.833262,75,50,rosenbrock,3,0.005060,0.035666,0.039084,0.045996,0.727980
roulette wheel,110,1,1.115658,75,50,rosenbrock,3,0.001259,0.027915,0.024903,0.094339,0.728430
roulette wheel,170,1,1.493759,75,50,rosenbrock,3,0.001767,0.033251,0.045709,0.057182,0.713845
roulette wheel,150,1,0.964176,75,50,rosenbrock,3,0.000590,0.026720,0.024280,0.059057,0.728875
roulette wheel,160,1,0.500000,75,50,rosenbrock,3,0.004466,0.034806,0.039670,0.037883,0.726495
roulette wheel,180,1,0.964176,75,50,rosenbrock,3,0.001201,0.025395,0.031568,0.029908,0.672740
roulette wheel,170,1,1.728444,75,50,rosenbrock,3,0.008623,0.043757,0.048375,0.145724,0.884645
roulette wheel,190,1,0.774630,75,50,rosenbrock,3,0.002543,0.029540,0.028665,0.064457,0.642365
roulette wheel,190,1,0.669452,75,50,rosenbrock,3,0.001239,0.026648,0.031160,0.089130,0.729850
roulette wheel,120,1,1.115658,75,50,rosenbrock,3,0.000498,0.041702,0.036125,0.067213,0.737255
tournament 3,20,1,0.500000,75,50,rosenbrock,3,0.008315,0.052810,0.067289,0.088393,0.951615
tournament 3,10,1,1.606822,75,50,rosenbrock,3,0.076966,0.367703,0.411026,0.316865,1.150920
roulette wheel,180,1,1.115658,75,50,rosenbrock,3,0.000772,0.028879,0.034010,0.160995,0.654015
roulette wheel,190,1,0.896332,75,50,rosenbrock,3,0.000568,0.021361,0.023938,0.047415,0.681620
roulette wheel,180,1,1.290939,75,50,rosenbrock,3,0.003543,0.021402,0.021729,0.071337,0.635540
roulette wheel,190,1,1.037155,75,50,rosenbrock,3,0.012779,0.031735,0.031440,0.044782,0.732690
roulette wheel,150,1,1.493759,75,50,rosenbrock,3,0.006198,0.064306,0.061354,0.082357,0.637055
roulette wheel,190,1,1.200103,75,50,rosenbrock,3,0.000276,0.030223,0.042217,0.117625,0.730475
roulette wheel,120,1,1.728444,75,50,rosenbrock,3,0.000988,0.042238,0.035400,0.105101,0.723600
roulette wheel,190,1,1.606822,75,50,rosenbrock,3,0.007477,0.050970,0.055472,0.094572,0.718630
roulette wheel,190,1,1.859271,75,50,rosenbrock,3,0.002542,0.036228,0.044512,0.061763,0.725130
roulette wheel,180,1,1.493759,75,50,rosenbrock,3,0.005904,0.036449,0.034772,0.145522,0.734640
roulette wheel,200,1,0.578555,75,50,rosenbrock,3,0.001367,0.012945,0.016307,0.036294,0.646785
roulette wheel,160,1,0.622346,75,50,rosenbrock,3,0.005570,0.018459,0.020081,0.058896,0.655555
roulette wheel,150,1,2.000000,75,50,rosenbrock,3,0.003541,0.066946,0.071895,0.072498,0.789760
roulette wheel,200,1,0.669452,75,50,rosenbrock,3,0.002793,0.023035,0.027622,0.050981,0.653320
tournament 3,20,1,1.859271,75,50,rosenbrock,3,0.027325,0.219714,0.261951,0.242553,0.890070
roulette wheel,160,1,0.833262,75,50,rosenbrock,3,0.001491,0.015587,0.013019,0.051341,0.641520
roulette wheel,190,1,0.537845,75,50,rosenbrock,3,0.001156,0.017588,0.024355,0.091072,0.731865
roulette wheel,160,1,1.115658,75,50,rosenbrock,3,0.002648,0.035268,0.038833,0.042957,0.662850
roulette wheel,190,1,0.964176,75,50,rosenbrock,3,0.000293,0.030215,0.031599,0.034998,0.661150
roulette wheel,200,1,0.774630,75,50,rosenbrock,3,0.001755,0.020068,0.023766,0.034938,0.728800
roulette wheel,200,1,0.896332,75,50,rosenbrock,3,0.003802,0.023244,0.021069,0.036720,0.730635
tournament 3,30,1,1.037155,75,50,rosenbrock,3,0.002175,0.072890,0.105804,0.086517,0.622785
roulette wheel,80,1,1.728444,75,50,rosenbrock,3,0.010524,0.056776,0.064237,0.096617,0.737825
roulette wheel,160,1,0.964176,75,50,rosenbrock,3,0.001709,0.025977,0.024638,0.049353,0.735635
roulette wheel,200,1,1.388651,75,50,rosenbrock,3,0.002075,0.025971,0.028716,0.105208,0.645275
roulette wheel,170,1,1.200103,75,50,rosenbrock,3,0.004203,0.033239,0.039217,0.045774,0.727595
roulette wheel,160,1,0.537845,75,50,rosenbrock,3,0.002360,0.020990,0.023776,0.053027,1.350845
roulette wheel,190,1,1.493759,75,50,rosenbrock,3,0.003017,0.040087,0.041444,0.157121,0.731335
roulette wheel,170,1,0.622346,75,50,rosenbrock,3,0.000098,0.019503,0.018642,0.043986,0.634600
roulette wheel,140,1,0.720123,75,50,rosenbrock,3,0.004334,0.036171,0.043944,0.045072,0.729885
roulette wheel,160,1,1.728444,75,50,rosenbrock,3,0.000678,0.035259,0.031518,0.061578,0.643185
roulette wheel,190,1,1.115658,75,50,rosenbrock,3,0.000704,0.029109,0.037393,0.062626,0.981060
roulette wheel,160,1,2.000000,75,50,rosenbrock,3,0.000286,0.039724,0.052994,0.061313,0.719075
roulette wheel,140,1,1.115658,75,50,rosenbrock,3,0.001558,0.024603,0.029430,0.080348,0.725505
tournament 3,10,1,0.578555,75,50,rosenbrock,3,0.049779,0.216438,0.285021,0.190391,0.642635
roulette wheel,200,1,1.606822,75,50,rosenbrock,3,0.007454,0.031166,0.032522,0.035340,0.731050
roulette wheel,200,1,1.859271,75,50,rosenbrock,3,0.000845,0.031599,0.031216,0.063434,0.724095
roulette wheel,200,1,1.290939,75,50,rosenbrock,3,0.004083,0.041573,0.039339,0.089862,0.646285
tournament 3,40,1,0.774630,75,50,rosenbrock,3,0.004827,0.031713,0.028594,0.045477,0.717485
roulette wheel,100,1,1.728444,75,50,rosenbrock,3,0.001245,0.056334,0.056734,0.125857,0.717420
roulette wheel,140,1,1.493759,75,50,rosenbrock,3,0.008507,0.036776,0.033460,0.066515,0.660925
tournament 3,30,1,1.115658,75,50,rosenbrock,3,0.005069,0.073748,0.093067,0.159997,0.723835
tournament 3,40,1,0.669452,75,50,rosenbrock,3,0.000277,0.031616,0.036565,0.035514,0.833835
tournament 3,10,1,0.500000,75,50,rosenbrock,3,0.049020,0.187682,0.205076,0.159170,0.761475
tournament 3,10,1,1.037155,75,50,rosenbrock,3,0.017235,0.241696,0.307424,0.306304,0.623370
roulette wheel,90,1,0.622346,75,50,rosenbrock,3,0.001691,0.023366,0.025839,0.106647,0.642705
roulette wheel,180,1,0.537845,75,50,rosenbrock,3,0.000159,0.021858,0.022303,0.089248,0.638185
tournament 3,40,1,0.578555,75,50,rosenbrock,3,0.005808,0.031715,0.033182,0.051232,0.972450
roulette wheel,170,1,2.000000,75,50,rosenbrock,3,0.006062,0.071672,0.074972,0.085952,0.728910
roulette wheel,180,1,0.622346,75,50,rosenbrock,3,0.001640,0.015636,0.016029,0.037210,0.665145
roulette wheel,150,1,0.622346,75,50,rosenbrock,3,0.003129,0.025367,0.026139,0.058801,0.727925
roulette wheel,150,1,1.290939,75,50,rosenbrock,3,0.001684,0.027435,0.030558,0.052516,0.724830
roulette wheel,150,1,0.720123,75,50,rosenbrock,3,0.000777,0.017021,0.023197,0.031565,0.755675
tournament 3,10,1,1.859271,75,50,rosenbrock,3,0.117393,0.539585,0.743337,0.475753,0.600630
roulette wheel,180,1,1.606822,75,50,rosenbrock,3,0.000919,0.044250,0.053848,0.061056,0.649795
tournament 3,10,1,0.720123,75,50,rosenbrock,3,0.002872,0.108543,0.138186,0.156071,0.626775
tournament 3,20,1,0.669452,75,50,rosenbrock,3,0.014397,0.101829,0.118924,0.112715,0.627825
roulette wheel,190,1,0.578555,75,50,rosenbrock,3,0.002148,0.021236,0.023719,0.035117,0.730165
roulette wheel,170,1,0.720123,75,50,rosenbrock,3,0.000892,0.021726,0.026792,0.035688,0.727700
tournament 3,20,1,0.896332,75,50,rosenbrock,3,0.002363,0.114749,0.127989,0.095945,0.597145
tournament 3,10,1,1.290939,75,50,rosenbrock,3,0.011301,0.254910,0.246278,0.375450,0.604190
roulette wheel,180,1,0.720123,75,50,rosenbrock,3,0.003439,0.020319,0.022520,0.024080,0.730855
roulette wheel,180,1,0.833262,75,50,rosenbrock,3,0.002549,0.018904,0.018400,0.054476,0.729340
tournament 3,20,1,1.037155,75,50,rosenbrock,3,0.008535,0.095023,0.114587,0.115095,0.619125
tournament 3,20,1,0.578555,75,50,rosenbrock,3,0.011313,0.050964,0.050169,0.068170,0.757385
tournament 3,20,1,0.774630,75,50,rosenbrock,3,0.003664,0.077455,0.083330,0.283768,0.741215
tournament 3,10,1,0.964176,75,50,rosenbrock,3,0.080030,0.162339,0.180876,0.246113,0.761220
tournament 3,60,1,0.500000,75,50,rosenbrock,3,0.001841,0.025236,0.022911,0.038225,0.728255
tournament 3,60,1,0.578555,75,50,rosenbrock,3,0.000244,0.037068,0.046991,0.059717,0.660070
tournament 3,30,1,0.500000,75,50,rosenbrock,3,0.013557,0.064543,0.085337,0.051323,0.599415
tournament 3,20,1,1.200103,75,50,rosenbrock,3,0.017295,0.115724,0.150341,0.111937,0.735310
tournament 3,20,1,1.388651,75,50,rosenbrock,3,0.032568,0.141565,0.123845,0.324683,0.738665
roulette wheel,150,1,1.728444,75,50,rosenbrock,3,0.008352,0.069691,0.100154,0.073957,0.732380
roulette wheel,200,1,0.500000,75,50,rosenbrock,3,0.000648,0.023871,0.030219,0.044396,0.732715
tournament 3,20,1,1.606822,75,50,rosenbrock,3,0.021880,0.139468,0.166030,0.272246,0.748915
tournament 3,30,1,0.774630,75,50,rosenbrock,3,0.013272,0.069620,0.078525,0.061558,0.594545
roulette wheel,190,1,0.720123,75,50,rosenbrock,3,0.002688,0.042517,0.044948,0.112526,0.659560
roulette wheel,190,1,0.833262,75,50,rosenbrock,3,0.000905,0.024126,0.022728,0.069950,0.679995
tournament 3,30,1,0.896332,75,50,rosenbrock,3,0.003126,0.051254,0.065765,0.049652,0.611930
tournament 3,30,1,0.669452,75,50,rosenbrock,3,0.000129,0.053751,0.060242,0.088619,0.752235
tournament 3,10,1,1.728444,75,50,rosenbrock,3,0.050113,0.429852,0.573418,0.516891,0.736425
roulette wheel,200,1,1.037155,75,50,rosenbrock,3,0.000175,0.039329,0.043855,0.069163,0.647255
tournament 3,60,1,1.606822,75,50,rosenbrock,3,0.002448,0.058785,0.066178,0.115418,0.761145
tournament 3,60,1,1.037155,75,50,rosenbrock,3,0.000487,0.033325,0.048170,0.070620,0.892110
roulette wheel,170,1,1.037155,75,50,rosenbrock,3,0.002333,0.022830,0.027962,0.026443,0.745820
roulette wheel,190,1,1.290939,75,50,rosenbrock,3,0.005085,0.047109,0.041415,0.066113,0.727715
tournament 3,30,1,1.200103,75,50,rosenbrock,3,0.003515,0.073881,0.079126,0.120584,0.732570
roulette wheel,90,1,0.537845,75,50,rosenbrock,3,0.002642,0.022894,0.029290,0.036032,0.728885
roulette wheel,200,1,0.622346,75,50,rosenbrock,3,0.004635,0.024278,0.029819,0.028994,0.649300
tournament 3,30,1,1.388651,75,50,rosenbrock,3,0.015931,0.089911,0.108581,0.092050,0.740485
tournament 3,30,1,0.537845,75,50,rosenbrock,3,0.003637,0.055255,0.076596,0.055237,0.829490
tournament 3,20,1,1.290939,75,50,rosenbrock,3,0.007563,0.085508,0.108644,0.113721,0.895640
roulette wheel,200,1,0.720123,75,50,rosenbrock,3,0.001958,0.012050,0.012178,0.036121,0.641225
tournament 3,40,1,0.500000,75,50,rosenbrock,3,0.000805,0.023845,0.023327,0.048363,0.621940
tournament 3,30,1,1.859271,75,50,rosenbrock,3,0.009987,0.185097,0.268951,0.296868,0.735990
tournament 3,20,1,1.493759,75,50,rosenbrock,3,0.008072,0.191487,0.215745,0.244781,0.892175
tournament 3,20,1,2.000000,75,50,rosenbrock,3,0.020177,0.308772,0.379549,0.248621,0.735050
roulette wheel,160,1,1.493759,75,50,rosenbrock,3,0.002824,0.037996,0.034872,0.106965,0.652480
tournament 3,40,1,0.896332,75,50,rosenbrock,3,0.003006,0.029143,0.033772,0.038012,0.604985
roulette wheel,200,1,0.964176,75,50,rosenbrock,3,0.000991,0.011494,0.010733,0.031660,0.667920
roulette wheel,200,1,0.833262,75,50,rosenbrock,3,0.000717,0.028913,0.033618,0.038541,0.730255
roulette wheel,170,1,0.833262,75,50,rosenbrock,3,0.001801,0.035836,0.044277,0.062994,0.739925
tournament 3,10,1,0.774630,75,50,rosenbrock,3,0.077264,0.231728,0.270679,0.251500,0.753055
roulette wheel,200,1,1.493759,75,50,rosenbrock,3,0.006037,0.042652,0.054899,0.072657,0.636965
roulette wheel,170,1,0.964176,75,50,rosenbrock,3,0.000543,0.024741,0.029754,0.055085,0.688875
tournament 3,40,1,1.037155,75,50,rosenbrock,3,0.010198,0.044081,0.051630,0.150155,0.737145
roulette wheel,170,1,1.290939,75,50,rosenbrock,3,0.001368,0.038935,0.032849,0.101055,0.737520
tournament 3,40,1,1.606822,75,50,rosenbrock,3,0.002926,0.091372,0.129551,0.102998,0.605490
tournament 3,40,1,1.200103,75,50,rosenbrock,3,0.004463,0.045895,0.042879,0.062502,0.730865
tournament 3,50,1,0.500000,75,50,rosenbrock,3,0.007020,0.033865,0.032598,0.039918,0.610845
tournament 3,40,1,1.388651,75,50,rosenbrock,3,0.002064,0.113297,0.121112,0.128309,0.730700
tournament 3,40,1,1.859271,75,50,rosenbrock,3,0.026633,0.128994,0.140711,0.163909,0.728770
tournament 3,50,1,0.578555,75,50,rosenbrock,3,0.002222,0.017605,0.015396,0.047962,0.738100
tournament 3,50,1,0.669452,75,50,rosenbrock,3,0.002697,0.028708,0.035917,0.062295,0.726390
tournament 3,10,1,0.622346,75,50,rosenbrock,3,0.033566,0.179236,0.206545,0.176967,0.613485
tournament 3,50,1,0.896332,75,50,rosenbrock,3,0.004521,0.045487,0.042512,0.050148,0.619460
tournament 3,30,1,2.000000,75,50,rosenbrock,3,0.011239,0.142498,0.145182,0.235004,0.763510
tournament 3,40,1,0.833262,75,50,rosenbrock,3,0.016988,0.067234,0.075825,0.058960,0.659250
tournament 3,50,1,1.200103,75,50,rosenbrock,3,0.016777,0.047021,0.050491,0.050069,0.604475
roulette wheel,200,1,1.728444,75,50,rosenbrock,3,0.008388,0.039979,0.027348,0.100645,0.737750
tournament 3,50,1,1.606822,75,50,rosenbrock,3,0.002410,0.061461,0.071382,0.159928,0.592915
tournament 3,10,1,1.115658,75,50,rosenbrock,3,0.014004,0.213088,0.215666,0.341639,0.676925
tournament 3,80,1,0.896332,75,50,rosenbrock,3,0.002391,0.027467,0.029953,0.050736,0.921195
tournament 3,10,1,0.537845,75,50,rosenbrock,3,0.008229,0.130454,0.160845,0.180952,0.761705
tournament 3,10,1,0.833262,75,50,rosenbrock,3,0.004956,0.184395,0.242791,0.167953,0.784125
roulette wheel,180,1,2.000000,75,50,rosenbrock,3,0.000794,0.052561,0.065309,0.118800,0.637575
tournament 3,80,1,1.037155,75,50,rosenbrock,3,0.004766,0.039513,0.040791,0.041244,0.883435
tournament 3,50,1,0.537845,75,50,rosenbrock,3,0.011380,0.036902,0.038538,0.026878,0.644565
tournament 3,80,1,1.606822,75,50,rosenbrock,3,0.000479,0.054964,0.068345,0.095791,0.891235
tournament 3,40,1,1.115658,75,50,rosenbrock,3,0.001084,0.075736,0.103249,0.089211,0.771275
tournament 3,40,1,0.622346,75,50,rosenbrock,3,0.000292,0.038109,0.042568,0.060665,0.823925
tournament 3,10,1,2.000000,75,50,rosenbrock,3,0.154490,0.725372,0.788389,0.572325,0.613505
roulette wheel,180,1,1.728444,75,50,rosenbrock,3,0.001802,0.054391,0.070028,0.095533,0.639165
tournament 3,60,1,0.669452,75,50,rosenbrock,3,0.001934,0.022349,0.021831,0.038031,0.732875
tournament 3,60,1,0.774630,75,50,rosenbrock,3,0.001610,0.039601,0.051727,0.039978,0.733090
tournament 3,60,1,0.896332,75,50,rosenbrock,3,0.013418,0.039897,0.046925,0.026727,0.727465
roulette wheel,190,1,0.622346,75,50,rosenbrock,3,0.000085,0.008105,0.008863,0.031716,0.728425
tournament 3,20,1,0.720123,75,50,rosenbrock,3,0.009866,0.057076,0.074203,0.119096,0.742060
tournament 3,20,1,0.964176,75,50,rosenbrock,3,0.004881,0.088235,0.102862,0.150432,0.602515
tournament 3,60,1,1.200103,75,50,rosenbrock,3,0.004514,0.042429,0.050167,0.142949,0.737990
tournament 3,60,1,1.388651,75,50,rosenbrock,3,0.014821,0.053143,0.063172,0.060811,0.635355
tournament 3,60,1,1.859271,75,50,rosenbrock,3,0.002555,0.106497,0.120909,0.138672,0.613000
tournament 3,30,1,0.578555,75,50,rosenbrock,3,0.003035,0.047015,0.038183,0.078774,0.746590
tournament 3,20,1,1.115658,75,50,rosenbrock,3,0.010585,0.095669,0.147191,0.101455,0.613690
tournament 3,20,1,0.833262,75,50,rosenbrock,3,0.015203,0.104907,0.130651,0.139595,0.601990
tournament 3,20,1,0.622346,75,50,rosenbrock,3,0.000209,0.036033,0.036596,0.151147,0.761260
tournament 3,70,1,0.500000,75,50,rosenbrock,3,0.000594,0.032311,0.033175,0.044088,0.759815
tournament 3,60,1,0.622346,75,50,rosenbrock,3,0.005503,0.027446,0.024204,0.053502,0.615380
tournament 3,90,1,1.037155,75,50,rosenbrock,3,0.004841,0.045421,0.050802,0.103087,0.952725
roulette wheel,190,1,1.728444,75,50,rosenbrock,3,0.008127,0.050591,0.046374,0.091262,0.716465
tournament 3,30,1,1.606822,75,50,rosenbrock,3,0.031291,0.133026,0.117111,0.166709,0.645990
roulette wheel,190,1,2.000000,75,50,rosenbrock,3,0.006164,0.067017,0.064975,0.095909,0.718390
tournament 3,70,1,0.774630,75,50,rosenbrock,3,0.001172,0.028212,0.035951,0.061088,0.594490
tournament 3,70,1,0.578555,75,50,rosenbrock,3,0.006108,0.028918,0.032184,0.069090,0.754770
roulette wheel,200,1,0.537845,75,50,rosenbrock,3,0.001582,0.032074,0.017468,0.062668,0.749165
tournament 3,20,1,1.728444,75,50,rosenbrock,3,0.000832,0.151093,0.214286,0.204385,0.742655
tournament 3,30,1,0.833262,75,50,rosenbrock,3,0.008900,0.065334,0.069963,0.078055,0.752045
tournament 3,80,1,1.728444,75,50,rosenbrock,3,0.012254,0.091101,0.090252,0.146749,1.114035
tournament 3,60,1,1.115658,75,50,rosenbrock,3,0.008348,0.054804,0.067117,0.089171,0.616735
tournament 3,60,1,1.728444,75,50,rosenbrock,3,0.015760,0.102798,0.104156,0.125062,0.625685
tournament 3,60,1,1.290939,75,50,rosenbrock,3,0.000022,0.069948,0.087769,0.101551,0.860630
roulette wheel,200,1,1.115658,75,50,rosenbrock,3,0.001271,0.021643,0.017267,0.054553,0.673750
tournament 3,70,1,0.896332,75,50,rosenbrock,3,0.005416,0.025668,0.027329,0.041153,0.726920
tournament 3,60,1,1.493759,75,50,rosenbrock,3,0.008139,0.075747,0.087767,0.086741,0.819365
roulette wheel,170,1,1.115658,75,50,rosenbrock,3,0.005813,0.031111,0.031162,0.060408,0.632590
tournament 3,30,1,0.720123,75,50,rosenbrock,3,0.003160,0.058049,0.064437,0.052261,0.869715
tournament 3,100,1,1.606822,75,50,rosenbrock,3,0.004581,0.059253,0.046369,0.104522,0.708145
tournament 3,70,1,1.388651,75,50,rosenbrock,3,0.002076,0.053133,0.055286,0.096690,0.613770
tournament 3,70,1,1.606822,75,50,rosenbrock,3,0.016336,0.051099,0.064562,0.076560,0.613145
tournament 3,80,1,0.500000,75,50,rosenbrock,3,0.009339,0.037295,0.052658,0.037882,0.616225
tournament 3,30,1,1.290939,75,50,rosenbrock,3,0.004450,0.114895,0.108640,0.215588,0.733955
tournament 3,70,1,1.200103,75,50,rosenbrock,3,0.010965,0.050109,0.056463,0.091555,0.739450
tournament 3,30,1,1.493759,75,50,rosenbrock,3,0.034170,0.174706,0.199786,0.173365,0.734430
tournament 3,70,1,1.859271,75,50,rosenbrock,3,0.008125,0.073977,0.080377,0.088194,0.724820
tournament 3,40,1,0.537845,75,50,rosenbrock,3,0.001635,0.034831,0.044531,0.071083,0.597415
tournament 3,50,1,0.774630,75,50,rosenbrock,3,0.005198,0.041703,0.045712,0.038339,0.735245
tournament 3,80,1,0.578555,75,50,rosenbrock,3,0.002199,0.025066,0.024444,0.036995,0.739075
tournament 3,50,1,1.388651,75,50,rosenbrock,3,0.001988,0.061259,0.066481,0.108308,0.593950
tournament 3,80,1,1.388651,75,50,rosenbrock,3,0.003147,0.028214,0.030528,0.064752,0.598925
tournament 3,40,1,0.964176,75,50,rosenbrock,3,0.011090,0.065814,0.072088,0.059826,0.686015
tournament 3,80,1,0.669452,75,50,rosenbrock,3,0.000942,0.019764,0.018563,0.035960,0.732560
tournament 3,80,1,0.774630,75,50,rosenbrock,3,0.005018,0.038390,0.050360,0.055293,0.727415
roulette wheel,200,1,2.000000,75,50,rosenbrock,3,0.005371,0.053715,0.055642,0.124715,0.725975
tournament 3,40,1,0.720123,75,50,rosenbrock,3,0.000279,0.039535,0.039917,0.041845,0.611810
tournament 3,120,1,0.500000,75,50,rosenbrock,3,0.001968,0.016833,0.018616,0.043843,0.823320
tournament 3,50,1,1.859271,75,50,rosenbrock,3,0.010485,0.121544,0.171318,0.155445,0.605375
tournament 3,70,1,0.964176,75,50,rosenbrock,3,0.003506,0.027004,0.031328,0.034011,0.861175
tournament 3,40,1,1.728444,75,50,rosenbrock,3,0.008894,0.085168,0.089434,0.125828,0.634825
tournament 3,10,1,1.493759,75,50,rosenbrock,3,0.001983,0.386608,0.399395,0.470945,0.638700
tournament 3,80,1,1.859271,75,50,rosenbrock,3,0.001816,0.086181,0.103962,0.114436,0.713830
tournament 3,40,1,1.290939,75,50,rosenbrock,3,0.013199,0.060048,0.060468,0.048310,0.726975
tournament 3,120,1,0.774630,75,50,rosenbrock,3,0.003004,0.023869,0.031242,0.060871,0.739875
tournament 3,50,1,0.720123,75,50,rosenbrock,3,0.001203,0.016605,0.013111,0.039169,0.723770
tournament 3,50,1,0.622346,75,50,rosenbrock,3,0.000853,0.057785,0.061901,0.056672,0.746995
tournament 3,90,1,0.669452,75,50,rosenbrock,3,0.003171,0.035077,0.042587,0.067938,0.606475
tournament 3,80,1,0.537845,75,50,rosenbrock,3,0.001027,0.012959,0.015440,0.028526,0.970260
tournament 3,50,1,1.290939,75,50,rosenbrock,3,0.001970,0.083363,0.104595,0.127974,0.610100
tournament 3,90,1,0.500000,75,50,rosenbrock,3,0.006103,0.017063,0.017188,0.040855,0.726195
tournament 3,50,1,1.493759,75,50,rosenbrock,3,0.012332,0.078279,0.092769,0.113276,0.686830
tournament 3,120,1,1.606822,75,50,rosenbrock,3,0.005711,0.053129,0.053581,0.082087,0.617610
tournament 3,90,1,0.578555,75,50,rosenbrock,3,0.000948,0.018089,0.012540,0.059784,0.734200
tournament 3,50,1,1.728444,75,50,rosenbrock,3,0.010736,0.080382,0.075606,0.132038,0.706435
tournament 3,90,1,0.774630,75,50,rosenbrock,3,0.005955,0.040871,0.046293,0.060533,0.737925
tournament 3,90,1,1.388651,75,50,rosenbrock,3,0.009403,0.085427,0.091783,0.118586,0.608965
tournament 3,90,1,1.606822,75,50,rosenbrock,3,0.002274,0.049468,0.061817,0.060407,0.603660
tournament 3,130,1,0.500000,75,50,rosenbrock,3,0.004515,0.022081,0.027702,0.020892,0.667185
tournament 3,80,1,0.964176,75,50,rosenbrock,3,0.003350,0.040917,0.048058,0.051989,0.735475
tournament 3,90,1,1.200103,75,50,rosenbrock,3,0.002952,0.054705,0.057004,0.061138,0.747110
tournament 3,80,1,1.115658,75,50,rosenbrock,3,0.009053,0.068055,0.075823,0.069161,0.738500
tournament 3,100,1,0.578555,75,50,rosenbrock,3,0.004746,0.038808,0.042249,0.032046,0.601495
tournament 3,90,1,1.859271,75,50,rosenbrock,3,0.015315,0.095029,0.103983,0.075760,0.734310
tournament 3,100,1,0.669452,75,50,rosenbrock,3,0.003444,0.018836,0.023935,0.045893,0.645035
tournament 3,100,1,0.500000,75,50,rosenbrock,3,0.001609,0.016950,0.023177,0.048300,0.838145
tournament 3,130,1,0.669452,75,50,rosenbrock,3,0.000490,0.018500,0.021232,0.054992,0.931340
tournament 3,100,1,1.037155,75,50,rosenbrock,3,0.007707,0.040682,0.041864,0.041268,0.587100
tournament 3,60,1,0.720123,75,50,rosenbrock,3,0.001443,0.035170,0.042915,0.104721,0.728105
tournament 3,130,1,1.037155,75,50,rosenbrock,3,0.003875,0.030720,0.026614,0.068626,0.714805
tournament 3,60,1,0.833262,75,50,rosenbrock,3,0.000810,0.027962,0.036896,0.039098,0.733695
tournament 3,130,1,1.200103,75,50,rosenbrock,3,0.000690,0.043231,0.041706,0.104879,0.720675
tournament 3,90,1,0.537845,75,50,rosenbrock,3,0.001668,0.032622,0.041332,0.054123,0.710360
tournament 3,60,1,2.000000,75,50,rosenbrock,3,0.005235,0.071035,0.082019,0.083664,0.612630
tournament 3,30,1,0.964176,75,50,rosenbrock,3,0.005770,0.075915,0.094403,0.076662,0.611820
tournament 3,70,1,0.669452,75,50,rosenbrock,3,0.001174,0.024288,0.027140,0.034900,0.738025
tournament 3,100,1,1.200103,75,50,rosenbrock,3,0.016603,0.048093,0.054428,0.048361,0.614360
tournament 3,100,1,1.388651,75,50,rosenbrock,3,0.001475,0.029673,0.035699,0.055628,0.620975
tournament 3,30,1,0.622346,75,50,rosenbrock,3,0.007712,0.043766,0.054872,0.058703,0.738740
tournament 3,100,1,1.859271,75,50,rosenbrock,3,0.024360,0.103386,0.110580,0.086599,0.693505
tournament 3,70,1,1.037155,75,50,rosenbrock,3,0.007186,0.049038,0.051944,0.081993,0.735510
tournament 3,70,1,0.537845,75,50,rosenbrock,3,0.007325,0.045533,0.049753,0.072152,0.741965
tournament 3,90,1,1.115658,75,50,rosenbrock,3,0.002221,0.045153,0.056992,0.043266,0.694500
tournament 3,110,1,0.500000,75,50,rosenbrock,3,0.000014,0.016529,0.018018,0.049790,0.640560
tournament 3,70,1,0.833262,75,50,rosenbrock,3,0.003019,0.027671,0.030615,0.032420,0.627375
tournament 3,30,1,1.728444,75,50,rosenbrock,3,0.002154,0.177471,0.233003,0.169361,0.687480
tournament 3,100,1,1.115658,75,50,rosenbrock,3,0.001354,0.032529,0.042542,0.080796,0.705200
tournament 3,110,1,0.896332,75,50,rosenbrock,3,0.000996,0.033568,0.043752,0.041244,0.654925
tournament 3,110,1,1.037155,75,50,rosenbrock,3,0.000049,0.035999,0.042313,0.044220,0.611770
tournament 3,110,1,0.669452,75,50,rosenbrock,3,0.001361,0.024708,0.026909,0.035649,0.730530
tournament 3,70,1,0.622346,75,50,rosenbrock,3,0.003111,0.027554,0.029126,0.039544,0.753320
tournament 3,110,1,1.388651,75,50,rosenbrock,3,0.001702,0.061043,0.073530,0.053492,0.624540
tournament 3,110,1,1.859271,75,50,rosenbrock,3,0.004709,0.085870,0.095598,0.107039,0.586120
tournament 3,110,1,1.606822,75,50,rosenbrock,3,0.002936,0.039750,0.044114,0.057572,0.728085
tournament 3,140,1,0.896332,75,50,rosenbrock,3,0.001989,0.031836,0.043867,0.060155,0.843525
tournament 3,130,1,1.290939,75,50,rosenbrock,3,0.000090,0.058266,0.073486,0.053855,0.946925
tournament 3,50,1,1.037155,75,50,rosenbrock,3,0.000825,0.054249,0.065536,0.080097,0.734365
tournament 3,120,1,0.578555,75,50,rosenbrock,3,0.001745,0.022725,0.021250,0.034448,0.651480
tournament 3,80,1,1.200103,75,50,rosenbrock,3,0.003474,0.043793,0.045164,0.095343,0.735300
tournament 3,120,1,0.669452,75,50,rosenbrock,3,0.000575,0.012927,0.012237,0.043219,0.739715
tournament 3,70,1,1.493759,75,50,rosenbrock,3,0.005080,0.094081,0.108890,0.179966,0.616500
tournament 3,120,1,1.037155,75,50,rosenbrock,3,0.001656,0.023452,0.021763,0.057222,0.606885
tournament 3,100,1,1.728444,75,50,rosenbrock,3,0.003530,0.075538,0.069073,0.111286,0.735840
tournament 3,70,1,1.728444,75,50,rosenbrock,3,0.001050,0.079010,0.092795,0.114395,0.726810
tournament 3,80,1,1.493759,75,50,rosenbrock,3,0.012122,0.072513,0.087798,0.068692,0.599725
tournament 3,50,1,0.964176,75,50,rosenbrock,3,0.006340,0.036826,0.036180,0.042595,0.607820
tournament 3,70,1,1.290939,75,50,rosenbrock,3,0.005874,0.073222,0.084268,0.105465,0.725190
tournament 3,40,1,2.000000,75,50,rosenbrock,3,0.015679,0.130268,0.146546,0.126767,0.726755
tournament 3,70,1,2.000000,75,50,rosenbrock,3,0.016209,0.092517,0.090134,0.102213,0.722705
tournament 3,110,1,2.000000,75,50,rosenbrock,3,0.013510,0.113088,0.121265,0.130382,0.653305
tournament 3,80,1,0.622346,75,50,rosenbrock,3,0.000879,0.028681,0.033748,0.031942,0.736265
tournament 3,110,1,1.115658,75,50,rosenbrock,3,0.008703,0.036876,0.042508,0.057009,0.833765
tournament 3,90,1,0.896332,75,50,rosenbrock,3,0.003693,0.037032,0.041262,0.046239,0.594225
tournament 3,120,1,0.537845,75,50,rosenbrock,3,0.001268,0.017348,0.021317,0.021006,0.597720
tournament 3,50,1,2.000000,75,50,rosenbrock,3,0.042852,0.094412,0.110731,0.092820,0.634200
tournament 3,120,1,1.388651,75,50,rosenbrock,3,0.011910,0.061563,0.068193,0.073505,0.727870
tournament 3,130,1,0.578555,75,50,rosenbrock,3,0.000759,0.019399,0.022856,0.029598,0.617610
tournament 3,150,1,0.774630,75,50,rosenbrock,3,0.007408,0.030795,0.035334,0.052784,0.926180
tournament 3,110,1,0.964176,75,50,rosenbrock,3,0.002841,0.038152,0.044652,0.045157,1.232820
tournament 3,120,1,1.859271,75,50,rosenbrock,3,0.004815,0.097507,0.118104,0.115272,0.727910
tournament 3,20,1,0.537845,75,50,rosenbrock,3,0.005920,0.066110,0.073573,0.074812,0.743745
tournament 3,90,1,0.720123,75,50,rosenbrock,3,0.005571,0.035327,0.035728,0.090282,0.618960
tournament 3,150,1,1.606822,75,50,rosenbrock,3,0.007908,0.057606,0.065396,0.045772,0.652570
tournament 3,80,1,2.000000,75,50,rosenbrock,3,0.006315,0.089467,0.111449,0.102203,0.731390
tournament 3,130,1,1.388651,75,50,rosenbrock,3,0.004073,0.046445,0.049293,0.056729,0.599010
tournament 3,60,1,0.537845,75,50,rosenbrock,3,0.001171,0.010706,0.013588,0.031932,0.735630
tournament 3,130,1,0.896332,75,50,rosenbrock,3,0.000672,0.028068,0.031704,0.070725,0.738465
tournament 3,150,1,0.578555,75,50,rosenbrock,3,0.001489,0.021002,0.024630,0.021654,1.472475
tournament 3,110,1,1.728444,75,50,rosenbrock,3,0.011175,0.074779,0.084824,0.097094,1.196060
tournament 3,100,1,0.896332,75,50,rosenbrock,3,0.004038,0.025310,0.029759,0.055206,0.738225
tournament 3,120,1,1.728444,75,50,rosenbrock,3,0.010237,0.077437,0.080509,0.086559,0.714790
tournament 3,120,1,0.833262,75,50,rosenbrock,3,0.004878,0.056410,0.074506,0.046821,0.900015
tournament 3,130,1,1.606822,75,50,rosenbrock,3,0.000500,0.053562,0.063502,0.126032,0.618190
tournament 3,150,1,1.859271,75,50,rosenbrock,3,0.019444,0.060470,0.083421,0.131290,0.863185
tournament 3,90,1,1.493759,75,50,rosenbrock,3,0.009517,0.041354,0.047195,0.052838,0.609590
tournament 3,90,1,1.728444,75,50,rosenbrock,3,0.011903,0.045969,0.056175,0.088344,0.636220
tournament 3,130,1,0.537845,75,50,rosenbrock,3,0.000933,0.022865,0.029928,0.041379,0.624210
tournament 3,100,1,0.622346,75,50,rosenbrock,3,0.003681,0.018111,0.021529,0.030127,0.617390
tournament 3,100,1,0.720123,75,50,rosenbrock,3,0.003487,0.024418,0.024128,0.056324,0.622760
tournament 3,130,1,1.115658,75,50,rosenbrock,3,0.000738,0.041847,0.053186,0.070428,0.588430
tournament 3,130,1,1.859271,75,50,rosenbrock,3,0.000389,0.121387,0.139824,0.149371,0.726740
tournament 3,130,1,1.493759,75,50,rosenbrock,3,0.004335,0.072824,0.083890,0.067219,0.643990
tournament 3,140,1,0.500000,75,50,rosenbrock,3,0.001279,0.015755,0.020521,0.025511,0.750850
tournament 3,90,1,1.290939,75,50,rosenbrock,3,0.004114,0.059462,0.068336,0.098213,0.761990
tournament 3,90,1,2.000000,75,50,rosenbrock,3,0.002424,0.049976,0.061153,0.060548,0.728475
tournament 3,100,1,0.537845,75,50,rosenbrock,3,0.002764,0.032681,0.040936,0.045624,0.732375
tournament 3,110,1,0.578555,75,50,rosenbrock,3,0.006083,0.043264,0.054676,0.029564,0.730585
tournament 3,150,1,1.037155,75,50,rosenbrock,3,0.002114,0.041434,0.048594,0.057866,1.450315
tournament 3,140,1,0.774630,75,50,rosenbrock,3,0.001140,0.029669,0.021421,0.046253,0.589810
tournament 3,160,1,0.774630,75,50,rosenbrock,3,0.005289,0.043201,0.045334,0.066317,1.281545
tournament 3,140,1,1.037155,75,50,rosenbrock,3,0.004804,0.023361,0.030423,0.027409,0.632380
tournament 3,110,1,0.774630,75,50,rosenbrock,3,0.007438,0.031869,0.035125,0.033206,0.731095
tournament 3,100,1,1.290939,75,50,rosenbrock,3,0.002488,0.032913,0.029037,0.065314,0.611010
tournament 3,90,1,0.964176,75,50,rosenbrock,3,0.001320,0.023289,0.024614,0.052455,1.393415
tournament 3,100,1,2.000000,75,50,rosenbrock,3,0.004290,0.105240,0.130501,0.171373,0.636515
tournament 3,170,1,0.500000,75,50,rosenbrock,3,0.002281,0.029443,0.027518,0.055429,1.101155
tournament 3,70,1,0.720123,75,50,rosenbrock,3,0.002111,0.022867,0.032237,0.033775,0.741865
tournament 3,100,1,1.493759,75,50,rosenbrock,3,0.005558,0.065816,0.067787,0.059237,0.732945
tournament 3,170,1,1.606822,75,50,rosenbrock,3,0.007962,0.059514,0.064644,0.063257,0.602280
tournament 3,140,1,1.200103,75,50,rosenbrock,3,0.004051,0.029857,0.031643,0.046294,0.724930
tournament 3,180,1,0.500000,75,50,rosenbrock,3,0.000343,0.028469,0.026077,0.061634,0.623355
tournament 3,140,1,1.859271,75,50,rosenbrock,3,0.001798,0.098354,0.127254,0.117301,0.583850
tournament 3,170,1,1.859271,75,50,rosenbrock,3,0.023254,0.087426,0.091145,0.094234,0.672850
tournament 3,150,1,0.500000,75,50,rosenbrock,3,0.002704,0.023528,0.033051,0.037343,0.608675
tournament 3,130,1,0.964176,75,50,rosenbrock,3,0.014636,0.055435,0.058373,0.104224,1.207035
tournament 3,40,1,1.493759,75,50,rosenbrock,3,0.005491,0.058590,0.059685,0.100460,0.731985
tournament 3,110,1,0.720123,75,50,rosenbrock,3,0.004877,0.036344,0.045262,0.046465,0.700725
tournament 3,120,1,0.896332,75,50,rosenbrock,3,0.004296,0.032800,0.033499,0.061083,0.733815
tournament 3,50,1,0.833262,75,50,rosenbrock,3,0.003307,0.024487,0.033330,0.033352,0.735540
tournament 3,110,1,1.493759,75,50,rosenbrock,3,0.007100,0.045641,0.055286,0.083247,0.625995
tournament 3,150,1,2.000000,75,50,rosenbrock,3,0.012827,0.093357,0.112042,0.090010,1.275180
tournament 3,140,1,0.964176,75,50,rosenbrock,3,0.001302,0.051175,0.059577,0.104085,0.607050
tournament 3,120,1,1.200103,75,50,rosenbrock,3,0.011905,0.034789,0.042900,0.033377,0.730625
tournament 3,80,1,0.720123,75,50,rosenbrock,3,0.006486,0.030174,0.036171,0.074718,0.732595
tournament 3,80,1,0.833262,75,50,rosenbrock,3,0.000662,0.039658,0.046564,0.054778,0.733970
tournament 3,150,1,1.200103,75,50,rosenbrock,3,0.013330,0.057469,0.069424,0.046331,0.596960
tournament 3,120,1,1.115658,75,50,rosenbrock,3,0.011351,0.051790,0.065763,0.094777,0.627290
tournament 3,150,1,0.896332,75,50,rosenbrock,3,0.007194,0.061125,0.084300,0.045780,0.645560
tournament 3,50,1,1.115658,75,50,rosenbrock,3,0.010278,0.067997,0.069220,0.056665,0.743300
tournament 3,160,1,0.833262,75,50,rosenbrock,3,0.002325,0.037728,0.039433,0.055379,1.024960
tournament 3,120,1,0.622346,75,50,rosenbrock,3,0.001945,0.044260,0.055708,0.076520,0.738335
tournament 3,80,1,1.290939,75,50,rosenbrock,3,0.007971,0.056045,0.055922,0.071909,0.741945
tournament 3,130,1,2.000000,75,50,rosenbrock,3,0.003758,0.103469,0.104583,0.138330,1.337415
tournament 3,120,1,0.720123,75,50,rosenbrock,3,0.002462,0.029333,0.037788,0.032863,0.751850
tournament 3,150,1,1.388651,75,50,rosenbrock,3,0.001296,0.068146,0.080833,0.067854,0.614640
tournament 3,130,1,0.774630,75,50,rosenbrock,3,0.000730,0.041661,0.043764,0.087133,0.739685
tournament 3,160,1,0.500000,75,50,rosenbrock,3,0.003603,0.029462,0.035935,0.039474,0.737590
tournament 3,60,1,0.964176,75,50,rosenbrock,3,0.003407,0.040232,0.055627,0.069956,0.726025
tournament 3,190,1,0.896332,75,50,rosenbrock,3,0.004691,0.023237,0.027566,0.053167,0.757185
tournament 3,160,1,0.669452,75,50,rosenbrock,3,0.003135,0.039621,0.044209,0.052188,0.683500
tournament 3,90,1,0.622346,75,50,rosenbrock,3,0.002206,0.028562,0.027411,0.088489,0.735865
tournament 3,160,1,1.037155,75,50,rosenbrock,3,0.007229,0.047683,0.056192,0.065598,0.594740
tournament 3,160,1,1.200103,75,50,rosenbrock,3,0.001987,0.034576,0.040936,0.084925,0.624140
tournament 3,130,1,0.622346,75,50,rosenbrock,3,0.002114,0.028598,0.031398,0.052938,0.589030
tournament 3,150,1,0.833262,75,50,rosenbrock,3,0.000382,0.030531,0.040021,0.051868,0.627570
tournament 3,120,1,1.290939,75,50,rosenbrock,3,0.008396,0.050740,0.065201,0.089956,0.732660
tournament 3,100,1,0.774630,75,50,rosenbrock,3,0.009084,0.026993,0.033881,0.057767,0.998135
tournament 3,90,1,0.833262,75,50,rosenbrock,3,0.001879,0.025960,0.030762,0.020615,0.740365
tournament 3,160,1,1.859271,75,50,rosenbrock,3,0.002187,0.056786,0.070831,0.100008,0.658415
tournament 3,150,1,1.728444,75,50,rosenbrock,3,0.002293,0.077324,0.074914,0.125773,0.611705
tournament 3,150,1,1.290939,75,50,rosenbrock,3,0.001795,0.035626,0.042099,0.049492,0.831405
tournament 3,200,1,0.669452,75,50,rosenbrock,3,0.000606,0.022994,0.033057,0.059257,0.739070
tournament 3,120,1,2.000000,75,50,rosenbrock,3,0.007589,0.099861,0.105742,0.146722,0.718640
tournament 3,160,1,1.606822,75,50,rosenbrock,3,0.008212,0.070220,0.083716,0.071873,0.718570
tournament 3,150,1,0.622346,75,50,rosenbrock,3,0.003915,0.040135,0.052415,0.045512,0.607400
tournament 3,130,1,0.720123,75,50,rosenbrock,3,0.003109,0.026548,0.033701,0.070947,0.735335
tournament 3,130,1,0.833262,75,50,rosenbrock,3,0.004312,0.020721,0.023774,0.053088,0.743030
tournament 3,140,1,0.578555,75,50,rosenbrock,3,0.008100,0.032662,0.038335,0.052968,0.729840
tournament 3,140,1,0.669452,75,50,rosenbrock,3,0.003663,0.023530,0.024131,0.038378,0.740035
tournament 3,170,1,0.669452,75,50,rosenbrock,3,0.002169,0.029642,0.037740,0.051744,0.641135
tournament 3,170,1,0.774630,75,50,rosenbrock,3,0.002914,0.041534,0.050770,0.041441,0.609760
tournament 3,130,1,1.728444,75,50,rosenbrock,3,0.004779,0.073601,0.091188,0.062487,0.587150
tournament 3,100,1,0.964176,75,50,rosenbrock,3,0.001376,0.027759,0.035645,0.046667,0.729880
tournament 3,110,1,1.200103,75,50,rosenbrock,3,0.011009,0.061055,0.070028,0.065929,0.609030
tournament 3,170,1,1.037155,75,50,rosenbrock,3,0.000287,0.029170,0.031915,0.044762,0.667345
tournament 3,170,1,0.896332,75,50,rosenbrock,3,0.001031,0.038237,0.045769,0.052949,0.727135
tournament 3,160,1,2.000000,75,50,rosenbrock,3,0.013592,0.053226,0.050076,0.132886,0.683400
tournament 3,170,1,1.388651,75,50,rosenbrock,3,0.002751,0.050885,0.037088,0.107150,0.720235
tournament 3,70,1,1.115658,75,50,rosenbrock,3,0.002267,0.030467,0.028752,0.042617,0.730590
tournament 3,140,1,1.606822,75,50,rosenbrock,3,0.011508,0.101384,0.101066,0.118098,0.723575
tournament 3,140,1,1.388651,75,50,rosenbrock,3,0.004450,0.026941,0.036014,0.072259,0.730755
tournament 3,110,1,0.537845,75,50,rosenbrock,3,0.000342,0.019896,0.017200,0.067260,0.738325
tournament 3,180,1,0.578555,75,50,rosenbrock,3,0.003038,0.022485,0.027033,0.043880,0.610215
tournament 3,140,1,0.537845,75,50,rosenbrock,3,0.001596,0.021141,0.023372,0.025030,0.650925
tournament 3,140,1,0.833262,75,50,rosenbrock,3,0.001268,0.026366,0.029950,0.051727,0.624100
tournament 3,180,1,0.774630,75,50,rosenbrock,3,0.010013,0.038045,0.045717,0.074329,0.740470
tournament 3,180,1,0.669452,75,50,rosenbrock,3,0.003315,0.033451,0.036488,0.034900,0.745380
tournament 3,180,1,0.896332,75,50,rosenbrock,3,0.004664,0.031496,0.033487,0.052876,0.739450
tournament 3,110,1,0.622346,75,50,rosenbrock,3,0.007247,0.027695,0.027463,0.031400,0.728615
tournament 3,180,1,1.388651,75,50,rosenbrock,3,0.003855,0.046812,0.053220,0.059899,0.583035
tournament 5,10,1,1.606822,75,50,rosenbrock,3,0.091653,0.388768,0.407865,0.370730,0.737190
tournament 3,180,1,1.037155,75,50,rosenbrock,3,0.001142,0.026984,0.026386,0.071349,0.629290
tournament 3,140,1,1.115658,75,50,rosenbrock,3,0.006800,0.048609,0.045276,0.053777,0.718745
tournament 3,170,1,0.833262,75,50,rosenbrock,3,0.003062,0.026220,0.033250,0.028397,0.831350
tournament 3,110,1,1.290939,75,50,rosenbrock,3,0.010902,0.053975,0.061156,0.072443,0.738890
tournament 3,180,1,1.859271,75,50,rosenbrock,3,0.007538,0.080186,0.089904,0.091447,0.587580
tournament 3,180,1,1.200103,75,50,rosenbrock,3,0.002580,0.034276,0.031826,0.046496,0.732740
tournament 3,170,1,0.537845,75,50,rosenbrock,3,0.003707,0.026102,0.027930,0.042135,0.739920
tournament 3,170,1,1.728444,75,50,rosenbrock,3,0.007529,0.080036,0.072113,0.154687,0.665295
tournament 3,170,1,1.493759,75,50,rosenbrock,3,0.003287,0.061585,0.040007,0.132524,0.838025
tournament 3,180,1,0.537845,75,50,rosenbrock,3,0.004619,0.020832,0.027642,0.047724,0.592820
tournament 3,140,1,2.000000,75,50,rosenbrock,3,0.001677,0.063175,0.078610,0.130270,0.593895
tournament 3,140,1,1.290939,75,50,rosenbrock,3,0.005665,0.040038,0.047355,0.048221,0.737070
tournament 3,170,1,2.000000,75,50,rosenbrock,3,0.019479,0.091875,0.112058,0.119821,0.619695
tournament 3,150,1,0.537845,75,50,rosenbrock,3,0.003861,0.017142,0.017518,0.023508,0.644540
tournament 3,190,1,0.578555,75,50,rosenbrock,3,0.000174,0.030919,0.048139,0.046074,0.734035
tournament 3,190,1,0.500000,75,50,rosenbrock,3,0.000892,0.020989,0.025258,0.035068,0.741460
tournament 3,190,1,0.669452,75,50,rosenbrock,3,0.005260,0.029630,0.025572,0.052303,0.741215
tournament 3,190,1,1.037155,75,50,rosenbrock,3,0.003294,0.030281,0.033540,0.077044,0.618895
tournament 3,190,1,0.774630,75,50,rosenbrock,3,0.003282,0.030357,0.033705,0.026846,0.667170
tournament 3,190,1,1.200103,75,50,rosenbrock,3,0.003165,0.033067,0.035729,0.052104,0.595235
tournament 3,120,1,0.964176,75,50,rosenbrock,3,0.001108,0.024555,0.028775,0.047131,0.742285
tournament 3,160,1,0.578555,75,50,rosenbrock,3,0.003977,0.018636,0.014814,0.047845,0.735830
tournament 3,190,1,1.859271,75,50,rosenbrock,3,0.004257,0.100098,0.109578,0.165450,0.596980
tournament 3,190,1,1.388651,75,50,rosenbrock,3,0.003026,0.041367,0.042558,0.068593,0.727925
tournament 3,160,1,0.896332,75,50,rosenbrock,3,0.005683,0.039068,0.048827,0.086365,0.735300
tournament 3,190,1,1.606822,75,50,rosenbrock,3,0.007369,0.053349,0.059320,0.076167,0.750030
tournament 3,120,1,1.493759,75,50,rosenbrock,3,0.005341,0.050675,0.062882,0.113355,0.734220
tournament 5,30,1,0.578555,75,50,rosenbrock,3,0.008818,0.056148,0.079224,0.054101,0.710665
tournament 3,200,1,0.578555,75,50,rosenbrock,3,0.001707,0.023095,0.022317,0.044652,0.636545
tournament 3,200,1,0.500000,75,50,rosenbrock,3,0.003802,0.030256,0.032626,0.047039,0.734895
tournament 3,160,1,1.388651,75,50,rosenbrock,3,0.004126,0.048420,0.061042,0.079600,0.635120
tournament 5,30,1,1.037155,75,50,rosenbrock,3,0.014227,0.050781,0.055611,0.125765,0.730090
tournament 3,200,1,0.896332,75,50,rosenbrock,3,0.007003,0.031503,0.042586,0.031199,0.730955
tournament 3,150,1,1.493759,75,50,rosenbrock,3,0.008353,0.062709,0.079016,0.077160,0.600260
tournament 3,160,1,0.720123,75,50,rosenbrock,3,0.000282,0.021694,0.023822,0.032952,0.589865
tournament 3,190,1,0.964176,75,50,rosenbrock,3,0.000656,0.045875,0.056849,0.054883,0.641125
tournament 3,170,1,0.578555,75,50,rosenbrock,3,0.001768,0.020353,0.026031,0.040198,0.726650
tournament 3,160,1,1.115658,75,50,rosenbrock,3,0.005541,0.044757,0.048748,0.070094,0.608040
tournament 3,200,1,1.200103,75,50,rosenbrock,3,0.000859,0.029417,0.039437,0.108938,0.724800
tournament 3,160,1,0.537845,75,50,rosenbrock,3,0.005162,0.024108,0.022822,0.060725,0.749480
tournament 3,160,1,1.290939,75,50,rosenbrock,3,0.002953,0.053962,0.057041,0.050985,0.583740
tournament 3,200,1,1.606822,75,50,rosenbrock,3,0.008636,0.064736,0.077438,0.110838,0.588000
tournament 3,200,1,1.388651,75,50,rosenbrock,3,0.005326,0.041141,0.048468,0.112371,0.739160
tournament 3,190,1,0.622346,75,50,rosenbrock,3,0.004217,0.026542,0.030572,0.053054,1.068805
tournament 3,170,1,1.200103,75,50,rosenbrock,3,0.004000,0.052690,0.050531,0.127688,0.635150
tournament 3,100,1,0.833262,75,50,rosenbrock,3,0.004829,0.030582,0.044078,0.038934,0.734645
tournament 5,10,1,0.669452,75,50,rosenbrock,3,0.008846,0.179210,0.198771,0.340422,0.684225
tournament 5,10,1,0.500000,75,50,rosenbrock,3,0.032764,0.153383,0.168612,0.171145,0.807995
tournament 5,10,1,1.037155,75,50,rosenbrock,3,0.006214,0.134887,0.153949,0.198048,0.660670
tournament 5,40,1,0.500000,75,50,rosenbrock,3,0.003193,0.034405,0.037867,0.061112,0.660745
tournament 3,200,1,0.720123,75,50,rosenbrock,3,0.008180,0.035395,0.039734,0.071750,0.731410
tournament 3,160,1,1.728444,75,50,rosenbrock,3,0.013351,0.070708,0.063179,0.071098,0.724890
tournament 5,10,1,0.578555,75,50,rosenbrock,3,0.012770,0.171168,0.200735,0.285186,0.847180
tournament 3,170,1,1.115658,75,50,rosenbrock,3,0.004869,0.037090,0.042434,0.051639,0.589660
tournament 5,40,1,0.669452,75,50,rosenbrock,3,0.006341,0.036157,0.039110,0.056537,0.691935
tournament 5,40,1,0.896332,75,50,rosenbrock,3,0.009081,0.035404,0.042288,0.040141,0.672825
tournament 3,140,1,0.720123,75,50,rosenbrock,3,0.002167,0.024772,0.034893,0.042985,0.731725
tournament 5,10,1,0.896332,75,50,rosenbrock,3,0.033322,0.194542,0.200621,0.226955,0.876100
tournament 5,10,1,1.388651,75,50,rosenbrock,3,0.059732,0.396969,0.401513,0.400713,0.794640
tournament 3,150,1,0.669452,75,50,rosenbrock,3,0.006989,0.026657,0.027349,0.048288,0.731035
tournament 5,20,1,0.500000,75,50,rosenbrock,3,0.007187,0.048419,0.055657,0.095835,0.667875
tournament 3,110,1,0.833262,75,50,rosenbrock,3,0.002855,0.022392,0.025935,0.047815,0.743755
tournament 3,170,1,0.622346,75,50,rosenbrock,3,0.004953,0.026080,0.026142,0.029707,0.890950
tournament 3,200,1,1.290939,75,50,rosenbrock,3,0.004532,0.065781,0.073018,0.076790,0.865085
tournament 3,190,1,1.728444,75,50,rosenbrock,3,0.001847,0.073449,0.075306,0.145756,1.399060
tournament 5,40,1,1.037155,75,50,rosenbrock,3,0.009582,0.058824,0.073278,0.071617,0.723100
tournament 5,10,1,0.720123,75,50,rosenbrock,3,0.008378,0.189937,0.223598,0.171407,0.683320
tournament 3,200,1,1.493759,75,50,rosenbrock,3,0.000318,0.032457,0.041234,0.034002,0.988435
tournament 3,180,1,0.622346,75,50,rosenbrock,3,0.000375,0.026322,0.022524,0.075329,0.593665
tournament 5,30,1,1.115658,75,50,rosenbrock,3,0.010699,0.081503,0.090266,0.182376,1.378870
tournament 3,140,1,1.493759,75,50,rosenbrock,3,0.009227,0.062016,0.058281,0.143598,0.728980
tournament 5,20,1,0.896332,75,50,rosenbrock,3,0.014331,0.091998,0.106465,0.163720,0.660005
tournament 3,180,1,1.493759,75,50,rosenbrock,3,0.000395,0.045993,0.046551,0.116573,0.631445
tournament 5,40,1,1.200103,75,50,rosenbrock,3,0.003555,0.049574,0.059821,0.090941,0.986670
tournament 3,180,1,0.833262,75,50,rosenbrock,3,0.001303,0.022332,0.022289,0.107478,0.730615
tournament 3,180,1,0.720123,75,50,rosenbrock,3,0.001744,0.026456,0.030203,0.052872,0.732010
tournament 3,180,1,0.964176,75,50,rosenbrock,3,0.001767,0.018406,0.017114,0.038110,0.728615
tournament 5,10,1,1.728444,75,50,rosenbrock,3,0.011998,0.409963,0.482799,0.301225,0.639095
tournament 3,180,1,1.115658,75,50,rosenbrock,3,0.005657,0.049736,0.050468,0.101089,0.610340
tournament 5,20,1,1.037155,75,50,rosenbrock,3,0.012310,0.098271,0.128581,0.156926,0.796495
tournament 5,20,1,1.200103,75,50,rosenbrock,3,0.033935,0.164903,0.203898,0.171317,0.666260
tournament 5,10,1,0.622346,75,50,rosenbrock,3,0.017765,0.160059,0.182788,0.167058,0.889720
tournament 5,20,1,1.388651,75,50,rosenbrock,3,0.010018,0.133399,0.166059,0.130648,0.631300
tournament 3,180,1,1.290939,75,50,rosenbrock,3,0.003168,0.059816,0.075215,0.080282,0.638275
tournament 5,30,1,0.500000,75,50,rosenbrock,3,0.011581,0.062940,0.068954,0.081842,0.640445
tournament 5,20,1,1.606822,75,50,rosenbrock,3,0.008757,0.208477,0.268361,0.204689,0.799925
tournament 5,20,1,1.859271,75,50,rosenbrock,3,0.016205,0.256158,0.344856,0.229882,0.815065
tournament 5,20,1,0.964176,75,50,rosenbrock,3,0.005480,0.098118,0.120266,0.116846,0.659615
tournament 5,50,1,1.606822,75,50,rosenbrock,3,0.000795,0.061136,0.054545,0.200874,0.714710
tournament 5,30,1,1.200103,75,50,rosenbrock,3,0.011276,0.092076,0.105440,0.162862,0.686805
tournament 3,190,1,2.000000,75,50,rosenbrock,3,0.003465,0.078270,0.084176,0.098019,0.599440
tournament 3,190,1,1.290939,75,50,rosenbrock,3,0.008778,0.046004,0.056176,0.044099,0.657655
tournament 5,30,1,0.896332,75,50,rosenbrock,3,0.006353,0.034890,0.032432,0.083958,0.808855
tournament 3,190,1,1.115658,75,50,rosenbrock,3,0.006393,0.044408,0.052521,0.067311,0.742335
tournament 5,20,1,1.493759,75,50,rosenbrock,3,0.000705,0.163526,0.216958,0.214501,0.663575
tournament 3,190,1,0.833262,75,50,rosenbrock,3,0.001937,0.035379,0.039667,0.069360,0.742635
tournament 5,30,1,0.669452,75,50,rosenbrock,3,0.008053,0.065366,0.081082,0.099267,0.922360
tournament 3,190,1,0.537845,75,50,rosenbrock,3,0.000345,0.021382,0.024307,0.024065,0.762815
tournament 3,160,1,0.622346,75,50,rosenbrock,3,0.002657,0.034411,0.038476,0.082636,0.747805
tournament 5,30,1,1.388651,75,50,rosenbrock,3,0.007444,0.082664,0.103545,0.164059,0.805255
tournament 3,200,1,1.037155,75,50,rosenbrock,3,0.004897,0.039482,0.048684,0.039908,0.891275
tournament 3,200,1,0.774630,75,50,rosenbrock,3,0.001428,0.018073,0.019225,0.027818,0.940930
tournament 5,40,1,1.606822,75,50,rosenbrock,3,0.002366,0.122251,0.167361,0.159264,1.851310
tournament 3,200,1,1.859271,75,50,rosenbrock,3,0.008727,0.108752,0.123110,0.116156,0.620405
tournament 5,60,1,1.388651,75,50,rosenbrock,3,0.001044,0.072671,0.103578,0.071398,0.694530
tournament 5,50,1,1.037155,75,50,rosenbrock,3,0.005994,0.040128,0.049883,0.055281,1.502860
tournament 5,20,1,1.728444,75,50,rosenbrock,3,0.024875,0.259611,0.264789,0.420906,0.667860
tournament 5,30,1,0.622346,75,50,rosenbrock,3,0.018481,0.049087,0.053087,0.034665,0.652190
tournament 3,160,1,1.493759,75,50,rosenbrock,3,0.003877,0.044742,0.056213,0.041820,0.636120
tournament 5,10,1,0.774630,75,50,rosenbrock,3,0.011037,0.176298,0.170483,0.180595,0.647820
tournament 3,200,1,0.537845,75,50,rosenbrock,3,0.000874,0.035953,0.039799,0.068281,0.731715
tournament 3,200,1,0.622346,75,50,rosenbrock,3,0.009318,0.034381,0.048819,0.044692,0.746345
tournament 5,30,1,1.859271,75,50,rosenbrock,3,0.036647,0.166126,0.210556,0.113231,0.662165
tournament 3,200,1,0.964176,75,50,rosenbrock,3,0.000648,0.036624,0.040111,0.075155,0.732655
tournament 5,40,1,0.578555,75,50,rosenbrock,3,0.007464,0.047476,0.067105,0.085878,0.699485
tournament 3,200,1,1.728444,75,50,rosenbrock,3,0.012152,0.057750,0.062546,0.117316,0.590140
tournament 3,140,1,0.622346,75,50,rosenbrock,3,0.004569,0.026352,0.023561,0.040552,0.734930
tournament 3,170,1,0.720123,75,50,rosenbrock,3,0.001373,0.029111,0.032907,0.056362,0.735175
tournament 3,170,1,1.290939,75,50,rosenbrock,3,0.010152,0.073236,0.068718,0.095993,0.607995
tournament 5,10,1,1.200103,75,50,rosenbrock,3,0.002684,0.216767,0.247890,0.291487,0.807100
tournament 5,40,1,0.774630,75,50,rosenbrock,3,0.008969,0.066823,0.077713,0.070808,0.796410
tournament 3,190,1,0.720123,75,50,rosenbrock,3,0.003419,0.024657,0.032273,0.026460,1.685885
tournament 5,10,1,1.859271,75,50,rosenbrock,3,0.015407,0.445742,0.502295,0.707612,0.828100
tournament 3,170,1,0.964176,75,50,rosenbrock,3,0.002056,0.020881,0.016674,0.048394,0.744000
tournament 5,30,1,1.493759,75,50,rosenbrock,3,0.007628,0.113616,0.138432,0.190304,0.935615
tournament 5,70,1,1.388651,75,50,rosenbrock,3,0.011254,0.049112,0.057622,0.040794,0.646325
tournament 5,10,1,1.115658,75,50,rosenbrock,3,0.043358,0.276876,0.314449,0.247817,0.677115
tournament 3,180,1,1.606822,75,50,rosenbrock,3,0.004593,0.041799,0.051656,0.048129,0.728160
tournament 5,10,1,0.537845,75,50,rosenbrock,3,0.025583,0.232197,0.301607,0.189414,0.811685
tournament 5,20,1,0.578555,75,50,rosenbrock,3,0.009160,0.087225,0.109609,0.152306,0.806805
tournament 5,70,1,1.606822,75,50,rosenbrock,3,0.006392,0.064312,0.088591,0.051503,0.788450
tournament 5,10,1,0.833262,75,50,rosenbrock,3,0.035636,0.170829,0.211255,0.233203,0.759595
tournament 5,70,1,1.859271,75,50,rosenbrock,3,0.005002,0.162473,0.172855,0.165814,0.861720
tournament 5,40,1,1.859271,75,50,rosenbrock,3,0.013073,0.129776,0.135917,0.172762,0.623615
tournament 5,40,1,0.720123,75,50,rosenbrock,3,0.001341,0.028914,0.029722,0.038598,0.643905
tournament 5,40,1,0.964176,75,50,rosenbrock,3,0.003808,0.038385,0.035809,0.070407,0.652385
tournament 5,20,1,0.537845,75,50,rosenbrock,3,0.010154,0.061176,0.056941,0.075239,0.717450
tournament 3,150,1,0.720123,75,50,rosenbrock,3,0.002988,0.029437,0.032948,0.037772,0.733625
tournament 5,10,1,1.493759,75,50,rosenbrock,3,0.023201,0.330594,0.345181,0.407675,0.793465
tournament 5,10,1,0.964176,75,50,rosenbrock,3,0.036075,0.283970,0.326970,0.207095,0.803215
tournament 3,180,1,2.000000,75,50,rosenbrock,3,0.011236,0.118261,0.161144,0.094743,0.578495
tournament 5,50,1,0.500000,75,50,rosenbrock,3,0.005717,0.033958,0.032202,0.054393,0.809740
tournament 5,80,1,0.578555,75,50,rosenbrock,3,0.005530,0.023929,0.030135,0.052560,1.114085
tournament 5,50,1,1.388651,75,50,rosenbrock,3,0.005234,0.085185,0.117433,0.103045,0.654220
tournament 5,50,1,0.669452,75,50,rosenbrock,3,0.000773,0.028802,0.035736,0.034363,0.791005
tournament 5,70,1,1.493759,75,50,rosenbrock,3,0.025667,0.089800,0.102567,0.123390,0.767310
tournament 3,150,1,0.964176,75,50,rosenbrock,3,0.002736,0.031361,0.032847,0.042796,0.600525
tournament 5,50,1,0.774630,75,50,rosenbrock,3,0.009208,0.034560,0.034644,0.071687,0.844595
tournament 5,40,1,1.115658,75,50,rosenbrock,3,0.019697,0.079295,0.064813,0.151833,0.795920
tournament 5,50,1,1.200103,75,50,rosenbrock,3,0.003289,0.057753,0.063009,0.065386,0.809370
tournament 5,30,1,0.774630,75,50,rosenbrock,3,0.005032,0.048730,0.053911,0.085967,0.630690
tournament 5,50,1,1.859271,75,50,rosenbrock,3,0.003407,0.054999,0.062231,0.129062,0.779705
tournament 5,70,1,2.000000,75,50,rosenbrock,3,0.002033,0.083493,0.114195,0.123885,0.792120
tournament 5,40,1,1.290939,75,50,rosenbrock,3,0.007866,0.087755,0.074461,0.104245,0.794605
tournament 5,90,1,0.774630,75,50,rosenbrock,3,0.007001,0.029882,0.031496,0.031883,0.776800
tournament 5,80,1,1.606822,75,50,rosenbrock,3,0.004890,0.062044,0.073342,0.083794,1.296040
tournament 5,60,1,1.037155,75,50,rosenbrock,3,0.003259,0.038678,0.052399,0.047285,0.655685
tournament 5,60,1,0.896332,75,50,rosenbrock,3,0.000743,0.019038,0.017946,0.061475,0.663515
tournament 5,90,1,0.896332,75,50,rosenbrock,3,0.004593,0.039760,0.048828,0.041946,0.799200
tournament 5,20,1,1.290939,75,50,rosenbrock,3,0.002705,0.120334,0.129825,0.178089,0.687945
tournament 5,30,1,0.537845,75,50,rosenbrock,3,0.003696,0.027088,0.030479,0.056820,0.641840
tournament 5,20,1,1.115658,75,50,rosenbrock,3,0.012490,0.183568,0.205013,0.224333,0.791970
tournament 5,60,1,1.200103,75,50,rosenbrock,3,0.001649,0.035899,0.038866,0.090701,0.793655
tournament 3,190,1,1.493759,75,50,rosenbrock,3,0.004099,0.049062,0.061798,0.079247,0.728380
tournament 5,50,1,1.728444,75,50,rosenbrock,3,0.009693,0.057586,0.069291,0.080177,0.622180
tournament 5,60,1,1.606822,75,50,rosenbrock,3,0.011047,0.098922,0.130857,0.109407,0.643695
tournament 5,20,1,2.000000,75,50,rosenbrock,3,0.108786,0.286463,0.290471,0.333583,0.793195
tournament 3,160,1,0.964176,75,50,rosenbrock,3,0.009997,0.042748,0.047169,0.065625,0.727605
tournament 5,30,1,1.606822,75,50,rosenbrock,3,0.003763,0.100882,0.110938,0.136763,0.915765
tournament 5,90,1,1.037155,75,50,rosenbrock,3,0.002030,0.033932,0.038871,0.038960,1.166680
tournament 5,30,1,1.290939,75,50,rosenbrock,3,0.012118,0.129953,0.147144,0.183162,0.648260
tournament 5,70,1,0.669452,75,50,rosenbrock,3,0.004319,0.024385,0.032018,0.044542,0.625735
tournament 5,70,1,0.500000,75,50,rosenbrock,3,0.001054,0.030493,0.020389,0.068571,0.670280
tournament 5,60,1,1.859271,75,50,rosenbrock,3,0.004441,0.071277,0.096663,0.058344,0.782760
tournament 5,30,1,0.720123,75,50,rosenbrock,3,0.005953,0.055229,0.071204,0.096143,0.671160
tournament 5,70,1,0.578555,75,50,rosenbrock,3,0.000723,0.018168,0.017629,0.041540,0.810315
tournament 5,30,1,0.964176,75,50,rosenbrock,3,0.004409,0.101876,0.119362,0.103659,0.858535
tournament 5,100,1,0.896332,75,50,rosenbrock,3,0.002568,0.020078,0.028491,0.040656,0.699720
tournament 5,70,1,0.774630,75,50,rosenbrock,3,0.002631,0.027471,0.030920,0.042347,0.798380
tournament 3,150,1,1.115658,75,50,rosenbrock,3,0.008723,0.046711,0.056302,0.042225,0.734900
tournament 3,200,1,1.115658,75,50,rosenbrock,3,0.003064,0.034013,0.038532,0.067927,0.743325
tournament 3,200,1,2.000000,75,50,rosenbrock,3,0.004268,0.064960,0.065556,0.124891,0.605275
tournament 5,60,1,1.493759,75,50,rosenbrock,3,0.005479,0.057171,0.072386,0.115218,0.636200
tournament 5,70,1,1.200103,75,50,rosenbrock,3,0.010330,0.043609,0.050889,0.035411,0.647875
tournament 5,60,1,1.290939,75,50,rosenbrock,3,0.002209,0.044565,0.059290,0.116388,0.750200
tournament 3,140,1,1.728444,75,50,rosenbrock,3,0.011054,0.077290,0.090991,0.099343,0.729950
tournament 5,30,1,2.000000,75,50,rosenbrock,3,0.018834,0.183596,0.236462,0.188199,0.690400
tournament 5,40,1,0.537845,75,50,rosenbrock,3,0.008616,0.030196,0.032371,0.057469,0.798230
tournament 5,20,1,0.669452,75,50,rosenbrock,3,0.020750,0.061859,0.053113,0.070380,0.795105
tournament 5,40,1,0.622346,75,50,rosenbrock,3,0.018395,0.040705,0.040398,0.058269,0.679835
tournament 5,80,1,0.500000,75,50,rosenbrock,3,0.001921,0.011040,0.014446,0.041176,0.813540
tournament 5,80,1,0.669452,75,50,rosenbrock,3,0.003766,0.026687,0.024152,0.047348,0.625460
tournament 5,100,1,1.200103,75,50,rosenbrock,3,0.000466,0.038345,0.046924,0.064178,1.258305
tournament 5,90,1,0.964176,75,50,rosenbrock,3,0.005841,0.042010,0.043169,0.043083,1.420005
tournament 5,80,1,1.037155,75,50,rosenbrock,3,0.002934,0.034676,0.029888,0.103325,0.623430
tournament 5,110,1,1.388651,75,50,rosenbrock,3,0.005296,0.046276,0.055350,0.094173,0.678695
tournament 5,100,1,1.388651,75,50,rosenbrock,3,0.012527,0.063513,0.077881,0.089374,1.305595
tournament 5,80,1,1.859271,75,50,rosenbrock,3,0.003402,0.061492,0.060629,0.086414,0.657610
tournament 5,80,1,0.774630,75,50,rosenbrock,3,0.006474,0.020582,0.021782,0.064836,0.828965
tournament 5,80,1,0.896332,75,50,rosenbrock,3,0.008279,0.034906,0.038207,0.046710,0.808700
tournament 5,40,1,1.388651,75,50,rosenbrock,3,0.015197,0.126591,0.148041,0.106399,1.128895
tournament 5,80,1,1.200103,75,50,rosenbrock,3,0.001188,0.027481,0.027115,0.052786,0.788120
tournament 5,10,1,1.290939,75,50,rosenbrock,3,0.008973,0.337124,0.410390,0.374634,0.804595
tournament 5,10,1,2.000000,75,50,rosenbrock,3,0.021040,0.563412,0.822017,0.775181,0.799855
tournament 5,40,1,0.833262,75,50,rosenbrock,3,0.001486,0.058064,0.063638,0.061951,0.825525
tournament 5,50,1,0.578555,75,50,rosenbrock,3,0.001104,0.022201,0.022528,0.038121,0.799380
tournament 5,70,1,0.537845,75,50,rosenbrock,3,0.001844,0.015557,0.016889,0.041599,1.251915
tournament 5,110,1,1.606822,75,50,rosenbrock,3,0.004378,0.054064,0.066066,0.061877,0.721705
tournament 5,70,1,1.728444,75,50,rosenbrock,3,0.010778,0.066434,0.058758,0.087691,0.639730
tournament 5,60,1,0.500000,75,50,rosenbrock,3,0.002996,0.035744,0.037235,0.037198,0.630120
tournament 5,40,1,2.000000,75,50,rosenbrock,3,0.005888,0.143073,0.160594,0.302807,0.661515
tournament 5,90,1,0.578555,75,50,rosenbrock,3,0.000904,0.019845,0.021043,0.059090,0.685880
tournament 5,90,1,0.500000,75,50,rosenbrock,3,0.002060,0.021633,0.028296,0.038187,0.792330
tournament 5,50,1,0.896332,75,50,rosenbrock,3,0.002919,0.041711,0.052740,0.041421,0.802160
tournament 5,20,1,0.622346,75,50,rosenbrock,3,0.007656,0.063456,0.072812,0.055244,0.814635
tournament 5,90,1,0.669452,75,50,rosenbrock,3,0.006670,0.028311,0.031476,0.058882,0.653140
tournament 5,90,1,1.200103,75,50,rosenbrock,3,0.006686,0.028852,0.028364,0.050036,0.621470
tournament 5,90,1,1.606822,75,50,rosenbrock,3,0.011030,0.074229,0.074484,0.097805,0.619155
tournament 5,60,1,0.578555,75,50,rosenbrock,3,0.006422,0.036171,0.044078,0.091048,0.789180
tournament 5,120,1,0.896332,75,50,rosenbrock,3,0.008260,0.017419,0.016107,0.015539,0.746170
tournament 5,60,1,0.774630,75,50,rosenbrock,3,0.004288,0.030617,0.037041,0.034001,0.784545
tournament 5,50,1,0.537845,75,50,rosenbrock,3,0.002681,0.029717,0.033233,0.024694,0.799450
tournament 5,80,1,0.622346,75,50,rosenbrock,3,0.004977,0.028354,0.027763,0.039118,0.799350
tournament 5,100,1,1.493759,75,50,rosenbrock,3,0.000834,0.061504,0.077515,0.066874,0.897475
tournament 5,90,1,1.859271,75,50,rosenbrock,3,0.002262,0.074241,0.094455,0.097568,0.634420
tournament 5,50,1,1.493759,75,50,rosenbrock,3,0.001127,0.081598,0.122805,0.114133,0.794580
tournament 5,50,1,0.720123,75,50,rosenbrock,3,0.001390,0.020284,0.019826,0.048018,0.788580
tournament 5,110,1,1.728444,75,50,rosenbrock,3,0.011584,0.049035,0.055081,0.071802,0.795400
tournament 5,30,1,0.833262,75,50,rosenbrock,3,0.013589,0.057545,0.067477,0.129847,0.653460
tournament 5,90,1,0.833262,75,50,rosenbrock,3,0.000631,0.035555,0.045312,0.100719,0.634825
tournament 5,50,1,0.833262,75,50,rosenbrock,3,0.004110,0.018552,0.021884,0.039771,0.786385
tournament 5,100,1,0.578555,75,50,rosenbrock,3,0.002766,0.025246,0.031399,0.036243,0.789530
tournament 5,50,1,1.290939,75,50,rosenbrock,3,0.001703,0.052745,0.060891,0.095512,0.810040
tournament 5,100,1,0.669452,75,50,rosenbrock,3,0.000857,0.018930,0.022090,0.057645,0.779410
tournament 5,50,1,2.000000,75,50,rosenbrock,3,0.015472,0.083505,0.096303,0.121154,0.789045
tournament 5,60,1,1.115658,75,50,rosenbrock,3,0.003975,0.055617,0.056472,0.086969,0.694350
tournament 5,130,1,0.500000,75,50,rosenbrock,3,0.003613,0.022931,0.022252,0.043167,0.788955
tournament 5,100,1,1.037155,75,50,rosenbrock,3,0.003274,0.034413,0.042476,0.045142,0.648435
tournament 5,60,1,0.964176,75,50,rosenbrock,3,0.001786,0.045187,0.054575,0.073427,0.665910
tournament 5,90,1,1.290939,75,50,rosenbrock,3,0.004303,0.032270,0.039450,0.044450,0.799605
tournament 5,50,1,1.115658,75,50,rosenbrock,3,0.002929,0.042374,0.041348,0.102367,0.631225
tournament 5,60,1,1.728444,75,50,rosenbrock,3,0.004657,0.055951,0.068003,0.066133,0.658445
tournament 5,100,1,1.606822,75,50,rosenbrock,3,0.001253,0.064521,0.071497,0.104515,0.715000
tournament 3,200,1,0.833262,75,50,rosenbrock,3,0.003526,0.022403,0.028432,0.022346,0.734425
tournament 5,40,1,1.728444,75,50,rosenbrock,3,0.032271,0.116180,0.144884,0.159775,0.763945
tournament 5,130,1,0.578555,75,50,rosenbrock,3,0.001777,0.017422,0.020721,0.033162,0.793885
tournament 5,60,1,0.833262,75,50,rosenbrock,3,0.000850,0.037265,0.047299,0.034724,0.933010
tournament 5,100,1,1.859271,75,50,rosenbrock,3,0.010064,0.050254,0.056475,0.101499,0.695815
tournament 5,110,1,0.578555,75,50,rosenbrock,3,0.002333,0.017476,0.021757,0.017226,0.626410
tournament 5,60,1,2.000000,75,50,rosenbrock,3,0.002226,0.066695,0.081319,0.187048,0.651155
tournament 5,110,1,0.500000,75,50,rosenbrock,3,0.001352,0.033264,0.043016,0.064512,0.794790
tournament 5,30,1,1.728444,75,50,rosenbrock,3,0.016006,0.143006,0.146187,0.259566,0.789295
tournament 5,90,1,1.115658,75,50,rosenbrock,3,0.004898,0.032561,0.048507,0.049170,0.789845
tournament 5,20,1,0.774630,75,50,rosenbrock,3,0.002075,0.090136,0.096939,0.086572,0.695450
tournament 5,100,1,0.964176,75,50,rosenbrock,3,0.002111,0.015791,0.015200,0.030476,0.645485
tournament 5,100,1,0.720123,75,50,rosenbrock,3,0.001851,0.030394,0.039134,0.043687,0.845140
tournament 5,70,1,0.622346,75,50,rosenbrock,3,0.008024,0.033730,0.032875,0.067796,0.789725
tournament 5,110,1,0.774630,75,50,rosenbrock,3,0.003488,0.019579,0.020010,0.041795,0.788635
tournament 5,70,1,0.833262,75,50,rosenbrock,3,0.001525,0.021925,0.018364,0.040108,0.794815
tournament 5,110,1,0.896332,75,50,rosenbrock,3,0.002484,0.028983,0.043667,0.024307,0.787615
tournament 5,100,1,1.115658,75,50,rosenbrock,3,0.001282,0.023700,0.016286,0.052394,0.932020
tournament 5,140,1,1.200103,75,50,rosenbrock,3,0.001314,0.021604,0.028723,0.038872,0.780065
tournament 5,70,1,1.290939,75,50,rosenbrock,3,0.001904,0.042013,0.055762,0.068937,0.667135
tournament 5,120,1,0.500000,75,50,rosenbrock,3,0.000548,0.018349,0.022725,0.064282,0.659465
tournament 5,120,1,0.578555,75,50,rosenbrock,3,0.008112,0.029335,0.036278,0.028770,0.654425
tournament 3,180,1,1.728444,75,50,rosenbrock,3,0.002171,0.052241,0.053554,0.108162,0.731155
tournament 5,80,1,1.388651,75,50,rosenbrock,3,0.000148,0.057276,0.054750,0.082645,0.785210
tournament 5,100,1,1.728444,75,50,rosenbrock,3,0.018032,0.068197,0.076564,0.078721,0.920930
tournament 5,110,1,1.859271,75,50,rosenbrock,3,0.008873,0.062543,0.075928,0.093331,0.794460
tournament 5,120,1,0.669452,75,50,rosenbrock,3,0.003412,0.029820,0.022313,0.071139,0.683805
tournament 5,120,1,0.774630,75,50,rosenbrock,3,0.003247,0.027732,0.029681,0.048117,0.644725
tournament 5,80,1,0.720123,75,50,rosenbrock,3,0.000404,0.022827,0.025371,0.056769,0.740895
tournament 5,100,1,2.000000,75,50,rosenbrock,3,0.005265,0.061535,0.072758,0.060704,0.801840
tournament 5,80,1,1.115658,75,50,rosenbrock,3,0.003163,0.027073,0.038320,0.059832,0.670410
tournament 5,80,1,0.537845,75,50,rosenbrock,3,0.004705,0.028652,0.037772,0.046362,0.802820
tournament 5,100,1,1.290939,75,50,rosenbrock,3,0.005558,0.021467,0.025955,0.028610,0.787595
tournament 5,80,1,2.000000,75,50,rosenbrock,3,0.008337,0.071239,0.080918,0.156110,0.630165
tournament 5,110,1,1.493759,75,50,rosenbrock,3,0.009126,0.044596,0.058198,0.141158,0.665920
tournament 5,150,1,1.200103,75,50,rosenbrock,3,0.005347,0.044127,0.058752,0.046079,0.745445
tournament 5,60,1,0.669452,75,50,rosenbrock,3,0.001397,0.023310,0.026259,0.032876,0.798970
tournament 5,80,1,0.964176,75,50,rosenbrock,3,0.000018,0.014432,0.014787,0.028624,0.792460
tournament 5,40,1,1.493759,75,50,rosenbrock,3,0.006813,0.064621,0.091747,0.149322,0.788750
tournament 5,80,1,1.290939,75,50,rosenbrock,3,0.019650,0.051250,0.066758,0.081467,0.782460
tournament 5,90,1,1.388651,75,50,rosenbrock,3,0.001240,0.027736,0.035224,0.213522,0.777845
tournament 5,150,1,1.859271,75,50,rosenbrock,3,0.004239,0.048949,0.056163,0.064115,0.770620
tournament 5,120,1,1.388651,75,50,rosenbrock,3,0.000991,0.044216,0.045370,0.089368,0.729390
tournament 5,100,1,0.500000,75,50,rosenbrock,3,0.003596,0.018488,0.023604,0.026707,0.655335
tournament 5,80,1,1.493759,75,50,rosenbrock,3,0.005609,0.050470,0.061575,0.112340,0.850915
tournament 5,50,1,0.622346,75,50,rosenbrock,3,0.001599,0.026469,0.028082,0.060869,0.806340
tournament 5,120,1,1.606822,75,50,rosenbrock,3,0.002707,0.034500,0.031538,0.082335,0.657265
tournament 5,120,1,1.859271,75,50,rosenbrock,3,0.014978,0.059618,0.056729,0.088512,0.618765
tournament 5,60,1,0.537845,75,50,rosenbrock,3,0.002326,0.027470,0.019489,0.088286,0.629380
tournament 5,90,1,0.720123,75,50,rosenbrock,3,0.000006,0.024938,0.023456,0.035695,0.667735
tournament 5,90,1,0.537845,75,50,rosenbrock,3,0.007624,0.037828,0.040016,0.043977,0.795555
tournament 5,90,1,1.728444,75,50,rosenbrock,3,0.000670,0.064900,0.078317,0.095446,0.681790
tournament 5,50,1,0.964176,75,50,rosenbrock,3,0.005551,0.043635,0.060107,0.065883,0.796525
tournament 5,160,1,0.669452,75,50,rosenbrock,3,0.002531,0.025359,0.029964,0.031254,0.895630
tournament 5,100,1,0.774630,75,50,rosenbrock,3,0.001345,0.028851,0.032847,0.067216,0.794900
tournament 5,80,1,1.728444,75,50,rosenbrock,3,0.003522,0.073046,0.062598,0.155313,0.844630
tournament 5,120,1,0.964176,75,50,rosenbrock,3,0.000796,0.016505,0.020025,0.048285,0.783085
tournament 5,70,1,0.896332,75,50,rosenbrock,3,0.002381,0.025089,0.028648,0.050762,0.793810
tournament 5,160,1,1.606822,75,50,rosenbrock,3,0.002456,0.058345,0.062448,0.071563,0.713060
tournament 5,90,1,2.000000,75,50,rosenbrock,3,0.004763,0.071510,0.073082,0.120133,0.641690
tournament 5,130,1,0.896332,75,50,rosenbrock,3,0.000587,0.018569,0.022509,0.030567,0.626050
tournament 5,130,1,0.669452,75,50,rosenbrock,3,0.001051,0.016183,0.016865,0.044445,0.791745
tournament 5,130,1,1.388651,75,50,rosenbrock,3,0.008931,0.056181,0.061181,0.083092,0.634850
tournament 5,150,1,1.290939,75,50,rosenbrock,3,0.011628,0.039286,0.039101,0.119539,0.846765
tournament 5,130,1,0.774630,75,50,rosenbrock,3,0.007975,0.026575,0.027740,0.077589,0.793475
tournament 5,130,1,1.037155,75,50,rosenbrock,3,0.001981,0.023967,0.027188,0.029868,0.782595
tournament 5,130,1,1.200103,75,50,rosenbrock,3,0.005880,0.044307,0.044016,0.063492,0.789140
tournament 5,170,1,0.622346,75,50,rosenbrock,3,0.003207,0.021974,0.025835,0.030055,0.828445
tournament 5,140,1,0.500000,75,50,rosenbrock,3,0.003375,0.019892,0.022221,0.039771,0.673480
tournament 5,130,1,1.859271,75,50,rosenbrock,3,0.009448,0.077363,0.108884,0.145683,0.804490
tournament 5,100,1,0.622346,75,50,rosenbrock,3,0.001001,0.025977,0.034337,0.026077,0.699085
tournament 5,70,1,0.720123,75,50,rosenbrock,3,0.004622,0.031410,0.033885,0.035116,0.695285
tournament 5,140,1,0.669452,75,50,rosenbrock,3,0.001996,0.018492,0.013765,0.055383,0.637680
tournament 5,110,1,0.669452,75,50,rosenbrock,3,0.000286,0.015612,0.010164,0.074050,0.627270
tournament 5,140,1,0.578555,75,50,rosenbrock,3,0.003223,0.023841,0.029849,0.046477,0.795855
tournament 5,110,1,1.200103,75,50,rosenbrock,3,0.001834,0.017436,0.019538,0.028135,0.622475
tournament 5,130,1,0.537845,75,50,rosenbrock,3,0.000676,0.021100,0.022887,0.041194,0.813835
tournament 5,140,1,1.037155,75,50,rosenbrock,3,0.001412,0.036800,0.050450,0.037306,0.772240
tournament 5,140,1,0.896332,75,50,rosenbrock,3,0.003576,0.028769,0.035055,0.042043,0.783025
tournament 5,110,1,1.037155,75,50,rosenbrock,3,0.001205,0.030460,0.031091,0.081710,0.803815
tournament 5,110,1,0.622346,75,50,rosenbrock,3,0.000195,0.014304,0.020305,0.019979,0.649805
tournament 5,130,1,1.115658,75,50,rosenbrock,3,0.003243,0.034523,0.034221,0.088430,0.688925
tournament 5,140,1,1.388651,75,50,rosenbrock,3,0.000789,0.058826,0.073352,0.097622,0.799880
tournament 5,130,1,0.622346,75,50,rosenbrock,3,0.000271,0.023840,0.028324,0.088633,0.795415
tournament 5,140,1,1.606822,75,50,rosenbrock,3,0.001833,0.058348,0.073359,0.058106,0.825455
tournament 5,20,1,0.720123,75,50,rosenbrock,3,0.007631,0.079520,0.090451,0.103237,0.793040
tournament 5,150,1,0.500000,75,50,rosenbrock,3,0.006417,0.034407,0.035306,0.056336,0.787630
tournament 5,170,1,1.200103,75,50,rosenbrock,3,0.000582,0.033035,0.045267,0.038489,0.734200
tournament 5,20,1,0.833262,75,50,rosenbrock,3,0.018292,0.113236,0.117892,0.129540,0.672140
tournament 5,150,1,0.774630,75,50,rosenbrock,3,0.001380,0.017865,0.021748,0.046912,0.690325
tournament 5,150,1,0.669452,75,50,rosenbrock,3,0.000773,0.012881,0.014313,0.046168,0.788760
tournament 5,150,1,0.578555,75,50,rosenbrock,3,0.000351,0.021287,0.020335,0.034901,0.796800
tournament 5,70,1,0.964176,75,50,rosenbrock,3,0.001593,0.025556,0.028064,0.031814,1.258480
tournament 5,140,1,0.720123,75,50,rosenbrock,3,0.002415,0.019084,0.025164,0.072635,0.739485
tournament 5,110,1,0.720123,75,50,rosenbrock,3,0.002904,0.037548,0.048756,0.049326,0.807500
tournament 5,140,1,0.622346,75,50,rosenbrock,3,0.000455,0.018745,0.016127,0.042630,0.792560
tournament 5,150,1,1.388651,75,50,rosenbrock,3,0.001024,0.034854,0.042541,0.047212,0.649045
tournament 5,140,1,1.290939,75,50,rosenbrock,3,0.003834,0.056762,0.070787,0.086358,0.642280
tournament 5,150,1,1.606822,75,50,rosenbrock,3,0.011347,0.045496,0.053439,0.047703,0.616520
tournament 5,120,1,0.537845,75,50,rosenbrock,3,0.000151,0.018210,0.021616,0.026522,0.622610
tournament 5,110,1,1.290939,75,50,rosenbrock,3,0.006693,0.025429,0.026732,0.058619,0.736405
tournament 5,160,1,0.500000,75,50,rosenbrock,3,0.002826,0.024772,0.031069,0.038331,0.677790
tournament 5,120,1,0.622346,75,50,rosenbrock,3,0.002189,0.033511,0.039631,0.054155,0.794240
tournament 5,120,1,1.037155,75,50,rosenbrock,3,0.001423,0.025488,0.024524,0.039599,0.786495
tournament 5,140,1,0.964176,75,50,rosenbrock,3,0.004700,0.027240,0.031184,0.058433,0.932440
tournament 5,120,1,1.200103,75,50,rosenbrock,3,0.005974,0.025924,0.031474,0.033209,0.795645
tournament 5,160,1,0.578555,75,50,rosenbrock,3,0.001952,0.019883,0.020145,0.057205,0.673590
tournament 5,120,1,0.720123,75,50,rosenbrock,3,0.000734,0.013655,0.014740,0.043172,0.773355
tournament 5,110,1,2.000000,75,50,rosenbrock,3,0.018296,0.069693,0.084562,0.084676,0.795930
tournament 5,150,1,0.833262,75,50,rosenbrock,3,0.001920,0.022857,0.023967,0.037420,0.741465
tournament 5,150,1,0.720123,75,50,rosenbrock,3,0.001994,0.015660,0.018668,0.030187,0.737295
tournament 5,180,1,0.500000,75,50,rosenbrock,3,0.002356,0.024824,0.030762,0.055826,0.755830
tournament 5,160,1,0.896332,75,50,rosenbrock,3,0.000448,0.025592,0.028073,0.034773,0.791385
tournament 5,160,1,1.388651,75,50,rosenbrock,3,0.004475,0.039292,0.037811,0.061510,0.627225
tournament 5,160,1,1.037155,75,50,rosenbrock,3,0.001374,0.036535,0.045276,0.028353,0.790625
tournament 5,160,1,1.200103,75,50,rosenbrock,3,0.001518,0.035838,0.040055,0.052788,0.685825
tournament 5,70,1,1.037155,75,50,rosenbrock,3,0.004451,0.025478,0.026281,0.081790,0.726870
tournament 5,160,1,1.859271,75,50,rosenbrock,3,0.007968,0.048278,0.055481,0.113651,0.763420
tournament 5,60,1,0.720123,75,50,rosenbrock,3,0.001355,0.024526,0.031521,0.034165,0.798485
tournament 5,60,1,0.622346,75,50,rosenbrock,3,0.002553,0.040843,0.054878,0.060633,0.799670
tournament 5,100,1,0.537845,75,50,rosenbrock,3,0.000521,0.030543,0.036553,0.035252,0.623010
tournament 5,120,1,1.493759,75,50,rosenbrock,3,0.006115,0.046945,0.054658,0.073235,0.648840
tournament 5,170,1,0.500000,75,50,rosenbrock,3,0.000753,0.020421,0.025121,0.059770,0.895070
tournament 5,90,1,1.493759,75,50,rosenbrock,3,0.011451,0.051568,0.056862,0.055075,0.768155
tournament 5,160,1,0.537845,75,50,rosenbrock,3,0.002239,0.023025,0.026221,0.051193,0.811090
tournament 5,120,1,1.728444,75,50,rosenbrock,3,0.001469,0.030219,0.029320,0.095960,0.634350
tournament 5,130,1,1.606822,75,50,rosenbrock,3,0.002384,0.049679,0.058711,0.075495,0.659935
tournament 5,170,1,0.537845,75,50,rosenbrock,3,0.002534,0.020859,0.027295,0.068296,0.790605
tournament 5,170,1,0.578555,75,50,rosenbrock,3,0.001891,0.023859,0.029166,0.027940,0.805000
tournament 5,120,1,2.000000,75,50,rosenbrock,3,0.019162,0.095690,0.070673,0.139104,0.785950
tournament 5,170,1,0.774630,75,50,rosenbrock,3,0.002725,0.029214,0.033609,0.077183,0.643790
tournament 5,170,1,0.720123,75,50,rosenbrock,3,0.002945,0.020650,0.015961,0.039828,0.719720
tournament 5,180,1,1.388651,75,50,rosenbrock,3,0.001812,0.047224,0.052403,0.083534,0.879115
tournament 5,160,1,1.493759,75,50,rosenbrock,3,0.000810,0.051101,0.057133,0.074131,0.682885
tournament 5,100,1,0.833262,75,50,rosenbrock,3,0.005205,0.023297,0.029980,0.030180,0.703930
tournament 5,170,1,1.037155,75,50,rosenbrock,3,0.000910,0.029118,0.028821,0.058806,0.618495
tournament 5,140,1,0.774630,75,50,rosenbrock,3,0.000405,0.018690,0.021937,0.033650,0.651130
tournament 5,160,1,0.964176,75,50,rosenbrock,3,0.001580,0.016385,0.016992,0.028710,0.926790
tournament 5,170,1,0.896332,75,50,rosenbrock,3,0.002644,0.026378,0.030525,0.024728,0.796315
tournament 5,130,1,0.964176,75,50,rosenbrock,3,0.002729,0.037581,0.053234,0.062942,0.652245
tournament 5,170,1,0.964176,75,50,rosenbrock,3,0.001552,0.040763,0.035780,0.073149,0.777710
tournament 5,160,1,1.728444,75,50,rosenbrock,3,0.006275,0.047234,0.058226,0.050453,0.777570
tournament 5,170,1,1.115658,75,50,rosenbrock,3,0.003050,0.032687,0.035665,0.033842,0.679875
tournament 5,130,1,0.720123,75,50,rosenbrock,3,0.002522,0.027361,0.028521,0.044836,0.795915
tournament 5,190,1,0.537845,75,50,rosenbrock,3,0.001953,0.017705,0.011524,0.039775,0.749545
tournament 5,130,1,0.833262,75,50,rosenbrock,3,0.001858,0.015998,0.016107,0.050141,0.796505
tournament 5,140,1,1.859271,75,50,rosenbrock,3,0.007226,0.033332,0.035476,0.052138,0.788185
tournament 5,110,1,0.537845,75,50,rosenbrock,3,0.002047,0.015351,0.013284,0.043039,0.671070
tournament 5,130,1,1.290939,75,50,rosenbrock,3,0.000711,0.031923,0.037346,0.094289,0.796430
tournament 5,190,1,0.964176,75,50,rosenbrock,3,0.009174,0.036553,0.043463,0.061653,0.695700
tournament 5,140,1,0.537845,75,50,rosenbrock,3,0.000250,0.016215,0.016107,0.036376,0.797385
tournament 5,170,1,1.388651,75,50,rosenbrock,3,0.000591,0.025877,0.031838,0.102623,0.688660
tournament 5,130,1,2.000000,75,50,rosenbrock,3,0.003482,0.051433,0.048665,0.119158,0.786045
tournament 5,140,1,1.115658,75,50,rosenbrock,3,0.002605,0.032950,0.034090,0.072120,0.634820
tournament 5,190,1,1.493759,75,50,rosenbrock,3,0.002681,0.031974,0.034135,0.041343,0.649435
tournament 5,150,1,0.896332,75,50,rosenbrock,3,0.003527,0.026133,0.022153,0.137949,0.785110
tournament 5,150,1,1.037155,75,50,rosenbrock,3,0.004270,0.024844,0.029349,0.070320,0.790100
tournament 5,110,1,0.833262,75,50,rosenbrock,3,0.004556,0.034050,0.035772,0.039701,0.797605
tournament 5,80,1,0.833262,75,50,rosenbrock,3,0.002615,0.025982,0.030233,0.034229,0.806750
tournament 5,170,1,1.606822,75,50,rosenbrock,3,0.001991,0.069140,0.067822,0.111275,0.651110
tournament 5,110,1,1.115658,75,50,rosenbrock,3,0.003044,0.051129,0.052991,0.071168,0.790035
tournament 5,190,1,1.606822,75,50,rosenbrock,3,0.002719,0.070993,0.065443,0.145245,0.936950
tournament 5,190,1,2.000000,75,50,rosenbrock,3,0.001825,0.061709,0.062584,0.082187,0.884945
tournament 5,150,1,0.537845,75,50,rosenbrock,3,0.000787,0.014082,0.017326,0.062478,0.709850
tournament 5,170,1,1.859271,75,50,rosenbrock,3,0.023816,0.110448,0.119558,0.118303,0.788830
tournament 5,140,1,1.728444,75,50,rosenbrock,3,0.006637,0.071873,0.074160,0.110983,0.784910
tournament 5,170,1,2.000000,75,50,rosenbrock,3,0.002774,0.046606,0.048941,0.071788,0.786385
tournament 5,120,1,0.833262,75,50,rosenbrock,3,0.001324,0.027040,0.031236,0.109584,0.687080
tournament 5,160,1,0.774630,75,50,rosenbrock,3,0.005255,0.026042,0.027556,0.073593,0.668130
tournament 5,90,1,0.622346,75,50,rosenbrock,3,0.004004,0.020466,0.019519,0.043772,0.683635
tournament 5,200,1,0.500000,75,50,rosenbrock,3,0.005604,0.024698,0.025542,0.047483,0.891435
tournament 5,180,1,0.622346,75,50,rosenbrock,3,0.001526,0.025581,0.030784,0.052789,0.641880
tournament 5,180,1,0.537845,75,50,rosenbrock,3,0.008400,0.029170,0.031935,0.047126,0.798670
tournament 5,180,1,0.669452,75,50,rosenbrock,3,0.000550,0.017051,0.016049,0.029192,0.627520
tournament 5,150,1,0.622346,75,50,rosenbrock,3,0.002472,0.017888,0.020003,0.027385,0.792905
tournament 5,180,1,0.578555,75,50,rosenbrock,3,0.000573,0.021609,0.026365,0.035549,0.809350
tournament 5,150,1,1.493759,75,50,rosenbrock,3,0.003630,0.041977,0.051179,0.061325,0.726735
tournament 5,180,1,0.720123,75,50,rosenbrock,3,0.000896,0.023883,0.016074,0.064942,0.794940
tournament 5,180,1,0.774630,75,50,rosenbrock,3,0.001801,0.026962,0.038400,0.023564,0.630810
tournament 5,150,1,1.728444,75,50,rosenbrock,3,0.008528,0.039543,0.049010,0.030313,0.634710
tournament 5,150,1,2.000000,75,50,rosenbrock,3,0.001782,0.048440,0.043686,0.090738,0.669315
tournament 5,200,1,1.606822,75,50,rosenbrock,3,0.004621,0.030957,0.035625,0.066700,0.777265
tournament 5,200,1,1.388651,75,50,rosenbrock,3,0.000695,0.036710,0.029876,0.092060,0.910965
tournament 5,180,1,1.115658,75,50,rosenbrock,3,0.009144,0.028015,0.020406,0.060700,0.717500
tournament 5,160,1,0.622346,75,50,rosenbrock,3,0.000124,0.012432,0.016076,0.036935,0.729375
tournament 5,200,1,1.493759,75,50,rosenbrock,3,0.003019,0.033592,0.032863,0.089944,0.870470
tournament 5,120,1,1.115658,75,50,rosenbrock,3,0.000837,0.051799,0.065031,0.050394,0.780430
tournament 5,180,1,1.290939,75,50,rosenbrock,3,0.003260,0.031547,0.035640,0.041471,0.662560
tournament 5,180,1,1.493759,75,50,rosenbrock,3,0.014008,0.064011,0.084745,0.084623,0.615220
tournament 5,120,1,1.290939,75,50,rosenbrock,3,0.002433,0.031826,0.036712,0.041575,0.788840
tournament 5,180,1,1.037155,75,50,rosenbrock,3,0.000666,0.022315,0.026614,0.056151,0.821000
tournament 5,180,1,1.200103,75,50,rosenbrock,3,0.001699,0.028777,0.033977,0.043544,0.789845
tournament 5,170,1,0.669452,75,50,rosenbrock,3,0.003556,0.022354,0.024973,0.028642,0.792775
tournament 5,160,1,0.720123,75,50,rosenbrock,3,0.002624,0.020964,0.021585,0.033322,0.627290
tournament 5,160,1,1.115658,75,50,rosenbrock,3,0.002694,0.026925,0.033493,0.043002,0.792275
tournament 5,170,1,0.833262,75,50,rosenbrock,3,0.000696,0.022959,0.029350,0.030795,0.801350
tournament 5,160,1,1.290939,75,50,rosenbrock,3,0.003381,0.026148,0.038936,0.063268,0.762470
tournament 5,180,1,1.728444,75,50,rosenbrock,3,0.002597,0.034247,0.028362,0.052177,0.618495
tournament 5,180,1,1.859271,75,50,rosenbrock,3,0.000031,0.056781,0.057513,0.123219,0.647865
tournament 5,190,1,0.622346,75,50,rosenbrock,3,0.002389,0.018160,0.025339,0.041422,0.622440
tournament 5,130,1,1.493759,75,50,rosenbrock,3,0.001487,0.042734,0.050440,0.100792,0.662915
tournament 5,130,1,1.728444,75,50,rosenbrock,3,0.011256,0.043641,0.043794,0.052865,0.652520
tournament 5,160,1,2.000000,75,50,rosenbrock,3,0.019766,0.077691,0.091712,0.063158,0.779440
tournament 5,70,1,1.115658,75,50,rosenbrock,3,0.001735,0.030426,0.030297,0.068847,0.796430
tournament 5,180,1,1.606822,75,50,rosenbrock,3,0.002008,0.049460,0.069017,0.121904,0.798750
tournament 5,180,1,2.000000,75,50,rosenbrock,3,0.004639,0.045858,0.068480,0.051285,0.776160
tournament 5,190,1,0.500000,75,50,rosenbrock,3,0.000122,0.020688,0.023044,0.042656,0.789105
tournament 5,190,1,0.578555,75,50,rosenbrock,3,0.001750,0.016141,0.019509,0.041106,0.782470
tournament 5,190,1,0.669452,75,50,rosenbrock,3,0.001500,0.032408,0.041161,0.051234,0.752790
tournament 5,190,1,0.774630,75,50,rosenbrock,3,0.007873,0.030677,0.038188,0.056702,0.739515
tournament 5,190,1,0.720123,75,50,rosenbrock,3,0.002865,0.015735,0.021352,0.025136,0.795425
tournament 5,190,1,0.833262,75,50,rosenbrock,3,0.004770,0.031694,0.029167,0.085267,0.630300
tournament 5,190,1,1.037155,75,50,rosenbrock,3,0.001219,0.022150,0.031519,0.021414,0.633645
tournament 5,190,1,0.896332,75,50,rosenbrock,3,0.000696,0.019076,0.023864,0.044932,0.795525
tournament 5,170,1,1.290939,75,50,rosenbrock,3,0.006724,0.033963,0.037279,0.083296,0.789820
tournament 5,140,1,0.833262,75,50,rosenbrock,3,0.000927,0.021958,0.019836,0.051368,0.620245
tournament 5,190,1,1.115658,75,50,rosenbrock,3,0.003261,0.025127,0.027877,0.044733,0.786245
tournament 5,190,1,1.290939,75,50,rosenbrock,3,0.001645,0.029346,0.027293,0.037606,0.643475
tournament 5,190,1,1.200103,75,50,rosenbrock,3,0.010503,0.034133,0.035789,0.079403,0.773820
tournament 5,170,1,1.493759,75,50,rosenbrock,3,0.002896,0.048888,0.044672,0.072444,0.672000
tournament 5,140,1,2.000000,75,50,rosenbrock,3,0.000715,0.069578,0.074098,0.110395,0.650925
tournament 5,190,1,1.388651,75,50,rosenbrock,3,0.008299,0.045715,0.046463,0.103305,0.785985
tournament 5,110,1,0.964176,75,50,rosenbrock,3,0.003218,0.033635,0.040721,0.022768,0.791970
tournament 5,190,1,1.728444,75,50,rosenbrock,3,0.001867,0.052636,0.059439,0.095947,0.791870
tournament 5,170,1,1.728444,75,50,rosenbrock,3,0.000666,0.042255,0.048823,0.059272,0.786885
tournament 5,190,1,1.859271,75,50,rosenbrock,3,0.012953,0.067886,0.080968,0.089434,0.796715
tournament 5,200,1,0.669452,75,50,rosenbrock,3,0.004141,0.022010,0.022031,0.041382,0.623690
tournament 5,200,1,0.537845,75,50,rosenbrock,3,0.001078,0.017669,0.017273,0.049399,0.789180
tournament 5,140,1,1.493759,75,50,rosenbrock,3,0.005906,0.041181,0.040690,0.078365,0.680765
tournament 5,200,1,0.622346,75,50,rosenbrock,3,0.003091,0.010746,0.014413,0.028322,0.724325
tournament 5,200,1,0.578555,75,50,rosenbrock,3,0.005226,0.025161,0.021910,0.036203,0.790235
tournament 5,200,1,0.774630,75,50,rosenbrock,3,0.001051,0.031076,0.028246,0.033891,0.643265
tournament 5,200,1,0.720123,75,50,rosenbrock,3,0.001574,0.026887,0.027026,0.040940,0.699475
tournament 5,200,1,0.964176,75,50,rosenbrock,3,0.001227,0.027737,0.033936,0.028561,0.633745
tournament 5,200,1,0.896332,75,50,rosenbrock,3,0.001181,0.019547,0.022341,0.027211,0.651985
tournament 5,200,1,0.833262,75,50,rosenbrock,3,0.002584,0.020459,0.024945,0.047484,0.777595
tournament 5,150,1,0.964176,75,50,rosenbrock,3,0.001410,0.034610,0.045262,0.056807,0.780710
tournament 5,150,1,1.115658,75,50,rosenbrock,3,0.002472,0.032364,0.041063,0.036147,0.787050
tournament 5,180,1,0.833262,75,50,rosenbrock,3,0.000102,0.025484,0.034983,0.059050,0.628155
tournament 5,200,1,1.200103,75,50,rosenbrock,3,0.000205,0.018429,0.020768,0.042316,0.687260
tournament 5,180,1,0.896332,75,50,rosenbrock,3,0.001804,0.017540,0.020682,0.020991,0.640315
tournament 5,180,1,0.964176,75,50,rosenbrock,3,0.007035,0.032935,0.034542,0.076944,0.682800
tournament 5,200,1,1.115658,75,50,rosenbrock,3,0.002210,0.021205,0.019835,0.055572,0.771680
tournament 5,200,1,1.037155,75,50,rosenbrock,3,0.001834,0.024851,0.029412,0.069970,0.789455
tournament 5,200,1,1.290939,75,50,rosenbrock,3,0.002930,0.049057,0.064012,0.098110,0.785715
tournament 5,160,1,0.833262,75,50,rosenbrock,3,0.004300,0.015570,0.016484,0.028680,0.649135
tournament 5,200,1,2.000000,75,50,rosenbrock,3,0.009832,0.033291,0.041695,0.043819,0.769350
tournament 5,200,1,1.728444,75,50,rosenbrock,3,0.005927,0.053515,0.052464,0.095631,0.781825
tournament 5,200,1,1.859271,75,50,rosenbrock,3,0.013879,0.051473,0.049449,0.090158,0.787050
roulette wheel,10,1,1.859271,225,150,rosenbrock,6,0.276401,0.968139,1.067162,0.954898,8.456980
roulette wheel,20,1,0.500000,225,150,rosenbrock,6,0.011044,0.062912,0.069099,0.049338,8.454445
roulette wheel,70,1,0.896332,225,150,rosenbrock,6,0.015801,0.037079,0.040383,0.033697,8.519800
roulette wheel,10,1,1.200103,225,150,rosenbrock,6,0.071917,0.414695,0.479800,0.252611,8.580565
roulette wheel,20,1,1.200103,225,150,rosenbrock,6,0.031823,0.166290,0.194329,0.156861,8.639390
roulette wheel,20,1,1.606822,225,150,rosenbrock,6,0.092985,0.321131,0.413379,0.213741,8.574925
roulette wheel,20,1,1.037155,225,150,rosenbrock,6,0.022253,0.159782,0.176198,0.107778,8.785050
roulette wheel,20,1,0.669452,225,150,rosenbrock,6,0.033783,0.100374,0.114640,0.085054,8.823470
roulette wheel,10,1,1.606822,225,150,rosenbrock,6,0.222407,0.743234,0.894839,0.468289,9.998645
roulette wheel,10,1,0.896332,225,150,rosenbrock,6,0.052939,0.216791,0.239267,0.228673,10.047680
roulette wheel,10,1,1.037155,225,150,rosenbrock,6,0.081591,0.420568,0.460907,0.384125,10.453305
roulette wheel,20,1,0.774630,225,150,rosenbrock,6,0.013607,0.087663,0.098145,0.066180,10.454035
roulette wheel,20,1,0.578555,225,150,rosenbrock,6,0.020155,0.097505,0.108710,0.097929,11.017265
roulette wheel,20,1,1.859271,225,150,rosenbrock,6,0.012895,0.322709,0.433651,0.246945,12.181330
roulette wheel,40,1,1.859271,225,150,rosenbrock,6,0.048667,0.197801,0.237495,0.135909,11.018845
roulette wheel,40,1,1.200103,225,150,rosenbrock,6,0.028592,0.073243,0.081106,0.065863,11.474460
roulette wheel,10,1,0.669452,225,150,rosenbrock,6,0.019472,0.189412,0.211159,0.168260,11.548035
roulette wheel,50,1,1.388651,225,150,rosenbrock,6,0.004897,0.076945,0.102401,0.070124,11.456525
roulette wheel,40,1,0.500000,225,150,rosenbrock,6,0.012284,0.045604,0.059455,0.032002,12.542340
roulette wheel,40,1,0.578555,225,150,rosenbrock,6,0.010006,0.044228,0.046852,0.037030,12.721165
roulette wheel,50,1,0.500000,225,150,rosenbrock,6,0.005510,0.026314,0.029466,0.046475,12.605145
roulette wheel,50,1,0.896332,225,150,rosenbrock,6,0.020499,0.053681,0.046003,0.065825,12.666050
roulette wheel,40,1,0.896332,225,150,rosenbrock,6,0.022619,0.065486,0.069745,0.039390,12.952800
roulette wheel,50,1,1.200103,225,150,rosenbrock,6,0.014438,0.062210,0.073294,0.047448,12.648600
roulette wheel,60,1,0.500000,225,150,rosenbrock,6,0.008659,0.032432,0.039129,0.033325,12.324575
roulette wheel,40,1,1.606822,225,150,rosenbrock,6,0.019857,0.113393,0.131429,0.120408,13.090580
roulette wheel,50,1,1.606822,225,150,rosenbrock,6,0.024388,0.078292,0.083861,0.067769,12.845470
roulette wheel,40,1,1.388651,225,150,rosenbrock,6,0.014558,0.080587,0.088656,0.072610,13.368005
roulette wheel,50,1,1.859271,225,150,rosenbrock,6,0.028876,0.143117,0.139349,0.122388,13.121925
roulette wheel,60,1,0.578555,225,150,rosenbrock,6,0.020075,0.046043,0.053237,0.030757,13.430775
roulette wheel,50,1,0.669452,225,150,rosenbrock,6,0.006870,0.037779,0.041761,0.057080,22.931830
roulette wheel,60,1,0.774630,225,150,rosenbrock,6,0.014978,0.033940,0.037253,0.013646,13.827240
roulette wheel,60,1,0.896332,225,150,rosenbrock,6,0.014106,0.038313,0.046852,0.032582,13.250830
roulette wheel,30,1,0.669452,225,150,rosenbrock,6,0.026044,0.075712,0.079237,0.047827,30.237280
roulette wheel,10,1,0.500000,225,150,rosenbrock,6,0.015301,0.105224,0.125737,0.106082,30.504815
roulette wheel,70,1,1.037155,225,150,rosenbrock,6,0.006804,0.039283,0.052245,0.030098,10.302770
roulette wheel,80,1,0.500000,225,150,rosenbrock,6,0.002009,0.019773,0.018662,0.035353,10.071450
roulette wheel,60,1,1.388651,225,150,rosenbrock,6,0.016198,0.059601,0.071322,0.076452,10.793325
roulette wheel,70,1,1.388651,225,150,rosenbrock,6,0.019315,0.056403,0.065187,0.042005,10.620895
roulette wheel,70,1,0.578555,225,150,rosenbrock,6,0.015732,0.044305,0.052046,0.035910,10.743165
roulette wheel,70,1,1.859271,225,150,rosenbrock,6,0.039306,0.104638,0.127255,0.050516,10.741310
roulette wheel,40,1,1.493759,225,150,rosenbrock,6,0.029804,0.087293,0.091429,0.056038,11.361885
roulette wheel,20,1,1.388651,225,150,rosenbrock,6,0.061664,0.183098,0.212998,0.178875,32.633140
roulette wheel,30,1,0.500000,225,150,rosenbrock,6,0.003144,0.048023,0.061668,0.039977,32.990925
roulette wheel,10,1,1.388651,225,150,rosenbrock,6,0.049212,0.529941,0.664939,0.468019,34.962660
roulette wheel,80,1,0.669452,225,150,rosenbrock,6,0.003910,0.023564,0.029201,0.028725,11.916190
roulette wheel,60,1,1.037155,225,150,rosenbrock,6,0.009996,0.052740,0.052944,0.067762,17.057490
roulette wheel,70,1,0.500000,225,150,rosenbrock,6,0.000921,0.016138,0.015078,0.033459,14.597035
roulette wheel,80,1,1.037155,225,150,rosenbrock,6,0.003766,0.028530,0.034999,0.018856,11.463180
roulette wheel,10,1,0.774630,225,150,rosenbrock,6,0.076232,0.269547,0.298946,0.247046,16.786710
roulette wheel,60,1,1.200103,225,150,rosenbrock,6,0.009264,0.040892,0.045426,0.035197,17.398610
roulette wheel,20,1,0.896332,225,150,rosenbrock,6,0.006005,0.125731,0.149358,0.137652,38.651330
roulette wheel,80,1,1.388651,225,150,rosenbrock,6,0.008198,0.049291,0.052660,0.056165,10.260190
roulette wheel,60,1,1.606822,225,150,rosenbrock,6,0.016274,0.086408,0.086075,0.088999,18.016090
roulette wheel,70,1,0.774630,225,150,rosenbrock,6,0.008373,0.028073,0.032367,0.027637,18.062050
roulette wheel,60,1,1.859271,225,150,rosenbrock,6,0.007199,0.102134,0.115473,0.096245,18.449765
roulette wheel,80,1,0.578555,225,150,rosenbrock,6,0.007595,0.024082,0.026185,0.019971,17.266385
roulette wheel,80,1,0.774630,225,150,rosenbrock,6,0.008984,0.029540,0.032544,0.021705,15.906285
roulette wheel,10,1,0.578555,225,150,rosenbrock,6,0.009258,0.237747,0.276550,0.149981,38.849055
roulette wheel,30,1,0.774630,225,150,rosenbrock,6,0.025955,0.084014,0.088064,0.070502,38.381055
roulette wheel,10,1,2.000000,225,150,rosenbrock,6,0.141420,1.067814,1.258661,0.753604,10.358350
roulette wheel,80,1,1.200103,225,150,rosenbrock,6,0.015114,0.046955,0.050413,0.055624,15.243320
roulette wheel,80,1,1.859271,225,150,rosenbrock,6,0.017350,0.098716,0.126096,0.058147,10.617895
roulette wheel,20,1,0.537845,225,150,rosenbrock,6,0.014870,0.105085,0.129678,0.079011,10.587835
roulette wheel,90,1,0.500000,225,150,rosenbrock,6,0.000943,0.015975,0.019677,0.023117,10.994505
roulette wheel,70,1,0.964176,225,150,rosenbrock,6,0.005384,0.031637,0.039910,0.026607,10.976480
roulette wheel,30,1,1.388651,225,150,rosenbrock,6,0.031061,0.118652,0.142525,0.068590,38.260520
roulette wheel,20,1,1.290939,225,150,rosenbrock,6,0.092751,0.198360,0.213104,0.127045,11.183515
roulette wheel,80,1,1.606822,225,150,rosenbrock,6,0.029575,0.055885,0.063838,0.033165,13.776225
roulette wheel,40,1,0.774630,225,150,rosenbrock,6,0.014408,0.063071,0.074251,0.048724,36.364530
roulette wheel,20,1,1.728444,225,150,rosenbrock,6,0.077668,0.396558,0.456789,0.424860,11.139820
roulette wheel,20,1,1.115658,225,150,rosenbrock,6,0.071544,0.218662,0.227362,0.189558,10.162275
roulette wheel,30,1,0.896332,225,150,rosenbrock,6,0.023074,0.068297,0.089786,0.091483,41.262530
roulette wheel,50,1,0.774630,225,150,rosenbrock,6,0.011087,0.035967,0.038037,0.047156,36.931905
roulette wheel,10,1,1.290939,225,150,rosenbrock,6,0.097225,0.396642,0.410220,0.350013,13.242740
roulette wheel,30,1,0.578555,225,150,rosenbrock,6,0.009935,0.062416,0.081042,0.047340,44.208950
roulette wheel,40,1,1.037155,225,150,rosenbrock,6,0.015274,0.055235,0.064133,0.038781,38.738945
roulette wheel,70,1,1.200103,225,150,rosenbrock,6,0.010885,0.040564,0.050260,0.059232,25.540180
roulette wheel,30,1,1.037155,225,150,rosenbrock,6,0.024494,0.097171,0.119761,0.055236,42.783815
roulette wheel,20,1,0.720123,225,150,rosenbrock,6,0.032342,0.093771,0.112527,0.090038,11.268455
roulette wheel,30,1,1.200103,225,150,rosenbrock,6,0.046151,0.141886,0.171751,0.074398,42.655395
roulette wheel,40,1,0.669452,225,150,rosenbrock,6,0.027869,0.071806,0.077264,0.049945,39.786795
roulette wheel,10,1,1.728444,225,150,rosenbrock,6,0.311331,0.755019,0.908103,0.526527,10.116675
roulette wheel,60,1,0.669452,225,150,rosenbrock,6,0.007471,0.026512,0.030072,0.025289,37.493395
roulette wheel,30,1,1.859271,225,150,rosenbrock,6,0.022111,0.288931,0.318862,0.354824,41.317430
roulette wheel,10,1,0.964176,225,150,rosenbrock,6,0.115739,0.319384,0.398380,0.227528,9.758075
roulette wheel,50,1,0.578555,225,150,rosenbrock,6,0.014889,0.035589,0.036189,0.034870,40.386050
roulette wheel,50,1,1.037155,225,150,rosenbrock,6,0.011650,0.049640,0.055385,0.032558,40.305265
roulette wheel,30,1,1.606822,225,150,rosenbrock,6,0.033646,0.150940,0.161505,0.191504,42.248535
roulette wheel,70,1,0.669452,225,150,rosenbrock,6,0.004660,0.028967,0.033073,0.032928,29.020990
roulette wheel,80,1,0.896332,225,150,rosenbrock,6,0.007037,0.030330,0.031964,0.025240,26.376540
roulette wheel,20,1,0.833262,225,150,rosenbrock,6,0.040858,0.122363,0.150777,0.113471,10.752540
roulette wheel,20,1,0.622346,225,150,rosenbrock,6,0.010129,0.069713,0.075656,0.049015,10.041830
roulette wheel,20,1,2.000000,225,150,rosenbrock,6,0.095575,0.439321,0.588928,0.255464,9.896945
roulette wheel,10,1,0.720123,225,150,rosenbrock,6,0.041788,0.196660,0.236159,0.125015,9.434050
roulette wheel,40,1,2.000000,225,150,rosenbrock,6,0.092944,0.181679,0.188047,0.163115,10.415170
roulette wheel,40,1,1.290939,225,150,rosenbrock,6,0.030645,0.088176,0.104234,0.084582,10.415720
roulette wheel,40,1,0.622346,225,150,rosenbrock,6,0.018593,0.063773,0.076221,0.061053,9.298140
roulette wheel,50,1,1.493759,225,150,rosenbrock,6,0.023071,0.073539,0.092134,0.074790,9.869585
roulette wheel,10,1,1.115658,225,150,rosenbrock,6,0.031695,0.348641,0.446883,0.401819,14.207080
roulette wheel,50,1,0.537845,225,150,rosenbrock,6,0.004869,0.039581,0.047045,0.026371,10.006845
roulette wheel,40,1,0.964176,225,150,rosenbrock,6,0.012475,0.055104,0.062781,0.049559,9.285350
roulette wheel,40,1,0.537845,225,150,rosenbrock,6,0.014162,0.045265,0.046646,0.043995,10.477165
roulette wheel,50,1,0.964176,225,150,rosenbrock,6,0.003835,0.037619,0.042844,0.038760,9.785715
roulette wheel,50,1,1.290939,225,150,rosenbrock,6,0.008113,0.061944,0.064670,0.058232,9.601575
roulette wheel,50,1,2.000000,225,150,rosenbrock,6,0.038333,0.155236,0.176086,0.135780,9.680315
roulette wheel,70,1,1.606822,225,150,rosenbrock,6,0.011559,0.071322,0.081162,0.060687,9.706600
roulette wheel,50,1,1.728444,225,150,rosenbrock,6,0.023337,0.101705,0.116530,0.106800,10.042195
roulette wheel,60,1,0.537845,225,150,rosenbrock,6,0.009081,0.031797,0.037450,0.027816,10.919465
roulette wheel,40,1,1.728444,225,150,rosenbrock,6,0.016000,0.204925,0.234927,0.118358,10.615140
roulette wheel,60,1,0.622346,225,150,rosenbrock,6,0.012665,0.041807,0.049345,0.031128,10.275620
roulette wheel,60,1,0.833262,225,150,rosenbrock,6,0.005257,0.034180,0.036684,0.037969,10.015165
roulette wheel,50,1,0.720123,225,150,rosenbrock,6,0.006334,0.045581,0.048724,0.058451,10.820665
roulette wheel,60,1,0.964176,225,150,rosenbrock,6,0.006558,0.041828,0.046378,0.037654,9.681990
roulette wheel,80,1,0.537845,225,150,rosenbrock,6,0.007649,0.021462,0.025246,0.019557,8.508035
roulette wheel,70,1,2.000000,225,150,rosenbrock,6,0.012321,0.094824,0.116088,0.081716,8.581585
roulette wheel,70,1,0.622346,225,150,rosenbrock,6,0.005598,0.040183,0.044488,0.025657,8.763820
roulette wheel,90,1,0.578555,225,150,rosenbrock,6,0.013612,0.045757,0.049372,0.032289,8.659055
roulette wheel,70,1,1.115658,225,150,rosenbrock,6,0.013318,0.038617,0.039230,0.046360,9.768960
roulette wheel,20,1,1.493759,225,150,rosenbrock,6,0.079292,0.248403,0.281066,0.163317,9.961055
roulette wheel,80,1,0.720123,225,150,rosenbrock,6,0.006389,0.033611,0.040689,0.030446,8.721060
roulette wheel,30,1,0.720123,225,150,rosenbrock,6,0.026537,0.093030,0.108827,0.062993,12.424935
roulette wheel,60,1,1.493759,225,150,rosenbrock,6,0.008856,0.071143,0.077098,0.058624,12.665685
roulette wheel,80,1,1.115658,225,150,rosenbrock,6,0.003864,0.032857,0.044740,0.033373,8.742415
roulette wheel,30,1,0.537845,225,150,rosenbrock,6,0.008380,0.079814,0.094420,0.078878,11.902000
roulette wheel,80,1,1.493759,225,150,rosenbrock,6,0.017254,0.051157,0.056895,0.066212,8.767230
roulette wheel,70,1,1.493759,225,150,rosenbrock,6,0.026800,0.064982,0.067131,0.057812,13.882770
roulette wheel,10,1,1.493759,225,150,rosenbrock,6,0.176515,0.584696,0.630215,0.435864,12.134360
roulette wheel,90,1,0.669452,225,150,rosenbrock,6,0.008194,0.035900,0.045028,0.038425,8.902095
roulette wheel,10,1,0.537845,225,150,rosenbrock,6,0.033700,0.177607,0.201461,0.235365,17.606230
roulette wheel,20,1,0.964176,225,150,rosenbrock,6,0.042271,0.154064,0.163054,0.176874,12.537245
roulette wheel,90,1,0.537845,225,150,rosenbrock,6,0.005948,0.033533,0.046666,0.032907,8.653595
roulette wheel,80,1,2.000000,225,150,rosenbrock,6,0.024016,0.066199,0.059256,0.070812,9.265765
roulette wheel,90,1,0.774630,225,150,rosenbrock,6,0.002078,0.027029,0.029222,0.025258,8.813455
roulette wheel,90,1,0.896332,225,150,rosenbrock,6,0.004570,0.031737,0.037071,0.034167,8.648000
roulette wheel,90,1,1.037155,225,150,rosenbrock,6,0.010034,0.031518,0.032195,0.032501,8.847495
roulette wheel,10,1,0.622346,225,150,rosenbrock,6,0.064939,0.256214,0.273694,0.180044,14.512735
roulette wheel,90,1,1.200103,225,150,rosenbrock,6,0.004991,0.026032,0.034394,0.028089,9.570705
roulette wheel,90,1,1.388651,225,150,rosenbrock,6,0.015879,0.040735,0.042550,0.036451,9.526335
roulette wheel,60,1,1.115658,225,150,rosenbrock,6,0.017916,0.064596,0.068436,0.063407,19.981850
roulette wheel,30,1,0.833262,225,150,rosenbrock,6,0.026879,0.074031,0.070833,0.079476,16.368535
roulette wheel,100,1,0.500000,225,150,rosenbrock,6,0.004049,0.020810,0.024511,0.025305,9.178005
roulette wheel,30,1,0.622346,225,150,rosenbrock,6,0.009682,0.047133,0.054899,0.041435,10.683140
roulette wheel,60,1,1.728444,225,150,rosenbrock,6,0.038963,0.099351,0.112451,0.091940,21.938060
roulette wheel,30,1,1.493759,225,150,rosenbrock,6,0.023625,0.202267,0.263574,0.149234,17.869925
roulette wheel,100,1,0.578555,225,150,rosenbrock,6,0.006031,0.020443,0.022341,0.031557,10.146030
roulette wheel,100,1,0.774630,225,150,rosenbrock,6,0.004295,0.028462,0.032886,0.037578,10.047425
roulette wheel,90,1,0.833262,225,150,rosenbrock,6,0.002640,0.023441,0.030056,0.016833,10.186125
roulette wheel,100,1,1.606822,225,150,rosenbrock,6,0.007861,0.037693,0.044820,0.043553,9.752540
roulette wheel,60,1,1.290939,225,150,rosenbrock,6,0.009745,0.053303,0.053830,0.044374,25.090365
roulette wheel,110,1,0.669452,225,150,rosenbrock,6,0.000477,0.015266,0.015996,0.019466,9.964370
roulette wheel,110,1,0.578555,225,150,rosenbrock,6,0.008408,0.030485,0.035062,0.028467,10.407235
roulette wheel,10,1,0.833262,225,150,rosenbrock,6,0.037474,0.252751,0.332250,0.205026,25.903250
roulette wheel,80,1,1.290939,225,150,rosenbrock,6,0.007302,0.043384,0.056985,0.034283,23.702125
roulette wheel,70,1,0.833262,225,150,rosenbrock,6,0.009100,0.026404,0.031993,0.032313,26.315240
roulette wheel,70,1,0.537845,225,150,rosenbrock,6,0.003750,0.023200,0.023706,0.039648,28.872645
roulette wheel,110,1,0.896332,225,150,rosenbrock,6,0.006622,0.023106,0.022939,0.027281,10.334225
roulette wheel,40,1,0.833262,225,150,rosenbrock,6,0.006838,0.062403,0.046504,0.070794,21.524510
roulette wheel,80,1,0.622346,225,150,rosenbrock,6,0.001770,0.028117,0.023803,0.035686,28.435515
roulette wheel,60,1,2.000000,225,150,rosenbrock,6,0.048648,0.125444,0.135602,0.065663,29.933915
roulette wheel,30,1,0.964176,225,150,rosenbrock,6,0.039148,0.087590,0.101545,0.044816,23.095300
roulette wheel,110,1,1.200103,225,150,rosenbrock,6,0.002040,0.023657,0.026484,0.018903,12.522110
roulette wheel,40,1,1.115658,225,150,rosenbrock,6,0.025041,0.072978,0.082487,0.047942,22.245080
roulette wheel,60,1,0.720123,225,150,rosenbrock,6,0.006763,0.043579,0.043812,0.043052,21.461575
roulette wheel,70,1,1.290939,225,150,rosenbrock,6,0.011617,0.043617,0.045998,0.043868,23.271135
roulette wheel,110,1,1.388651,225,150,rosenbrock,6,0.001868,0.031256,0.036887,0.026631,12.108650
roulette wheel,120,1,0.578555,225,150,rosenbrock,6,0.003257,0.018411,0.019687,0.017770,11.626465
roulette wheel,110,1,1.859271,225,150,rosenbrock,6,0.007212,0.045400,0.048604,0.041835,12.109650
roulette wheel,110,1,1.606822,225,150,rosenbrock,6,0.010919,0.033774,0.034612,0.038915,12.600495
roulette wheel,50,1,0.833262,225,150,rosenbrock,6,0.009196,0.059087,0.062850,0.059922,25.407145
roulette wheel,120,1,0.669452,225,150,rosenbrock,6,0.003308,0.023847,0.029020,0.026252,12.188730
roulette wheel,120,1,0.500000,225,150,rosenbrock,6,0.001787,0.013872,0.016256,0.058861,12.801865
roulette wheel,50,1,1.115658,225,150,rosenbrock,6,0.006795,0.053798,0.072906,0.040667,23.755180
roulette wheel,30,1,2.000000,225,150,rosenbrock,6,0.087737,0.276635,0.318229,0.176338,23.960390
roulette wheel,30,1,1.115658,225,150,rosenbrock,6,0.022879,0.111072,0.125721,0.089059,25.234545
roulette wheel,50,1,0.622346,225,150,rosenbrock,6,0.006753,0.044537,0.051245,0.040407,24.183595
roulette wheel,80,1,0.833262,225,150,rosenbrock,6,0.007666,0.039265,0.045188,0.029850,34.381035
roulette wheel,110,1,0.500000,225,150,rosenbrock,6,0.002978,0.014974,0.016555,0.019917,22.083590
roulette wheel,30,1,1.290939,225,150,rosenbrock,6,0.031847,0.119120,0.129033,0.132925,25.593395
roulette wheel,70,1,0.720123,225,150,rosenbrock,6,0.010800,0.033662,0.039373,0.025081,24.533240
roulette wheel,30,1,1.728444,225,150,rosenbrock,6,0.062200,0.176674,0.219862,0.183572,24.642055
roulette wheel,90,1,1.606822,225,150,rosenbrock,6,0.024600,0.053205,0.058725,0.059572,26.714280
roulette wheel,40,1,0.720123,225,150,rosenbrock,6,0.007041,0.059437,0.070602,0.060777,26.056710
roulette wheel,120,1,0.896332,225,150,rosenbrock,6,0.004995,0.024306,0.026280,0.043030,12.067665
roulette wheel,120,1,1.200103,225,150,rosenbrock,6,0.011446,0.031675,0.034410,0.031833,11.336610
roulette wheel,100,1,0.669452,225,150,rosenbrock,6,0.004578,0.018292,0.020480,0.016183,26.333670
roulette wheel,120,1,1.037155,225,150,rosenbrock,6,0.002235,0.023504,0.029118,0.021192,11.844800
roulette wheel,90,1,0.622346,225,150,rosenbrock,6,0.008897,0.029810,0.030840,0.021039,11.490180
roulette wheel,100,1,1.859271,225,150,rosenbrock,6,0.013073,0.046511,0.051182,0.079706,25.275285
roulette wheel,80,1,1.728444,225,150,rosenbrock,6,0.015095,0.059513,0.068785,0.034922,33.578815
roulette wheel,90,1,1.859271,225,150,rosenbrock,6,0.012497,0.058203,0.078362,0.032598,28.811760
roulette wheel,100,1,1.200103,225,150,rosenbrock,6,0.000798,0.027024,0.034221,0.023582,27.584975
roulette wheel,120,1,1.388651,225,150,rosenbrock,6,0.006776,0.027889,0.031511,0.027444,11.447860
roulette wheel,100,1,1.388651,225,150,rosenbrock,6,0.002851,0.038725,0.040162,0.039375,27.833915
roulette wheel,100,1,0.896332,225,150,rosenbrock,6,0.004432,0.023226,0.026983,0.015471,28.951685
roulette wheel,110,1,1.037155,225,150,rosenbrock,6,0.005942,0.026278,0.031754,0.025900,22.786125
roulette wheel,110,1,0.774630,225,150,rosenbrock,6,0.003535,0.025668,0.030400,0.024073,25.578700
roulette wheel,100,1,1.037155,225,150,rosenbrock,6,0.008784,0.030473,0.034529,0.025684,29.926585
roulette wheel,120,1,0.774630,225,150,rosenbrock,6,0.001150,0.023355,0.023654,0.040787,17.640840
roulette wheel,120,1,1.859271,225,150,rosenbrock,6,0.008899,0.039907,0.044118,0.049932,10.587945
roulette wheel,70,1,1.728444,225,150,rosenbrock,6,0.022165,0.072290,0.074140,0.065366,22.014755
roulette wheel,120,1,1.606822,225,150,rosenbrock,6,0.012278,0.038145,0.043765,0.028699,12.449170
roulette wheel,130,1,0.578555,225,150,rosenbrock,6,0.002808,0.020093,0.026346,0.030048,9.133030
roulette wheel,130,1,0.896332,225,150,rosenbrock,6,0.006133,0.021826,0.023663,0.020296,9.060745
roulette wheel,130,1,0.669452,225,150,rosenbrock,6,0.001885,0.015089,0.018351,0.021470,10.516695
roulette wheel,90,1,0.720123,225,150,rosenbrock,6,0.004603,0.030226,0.036037,0.031304,8.797255
roulette wheel,130,1,1.388651,225,150,rosenbrock,6,0.012734,0.023758,0.027425,0.017303,9.139885
roulette wheel,130,1,1.037155,225,150,rosenbrock,6,0.003011,0.020594,0.023353,0.030002,10.197730
roulette wheel,130,1,0.500000,225,150,rosenbrock,6,0.004326,0.022360,0.025181,0.019064,12.794780
roulette wheel,130,1,0.774630,225,150,rosenbrock,6,0.000717,0.018723,0.019086,0.023264,11.190360
roulette wheel,140,1,0.500000,225,150,rosenbrock,6,0.000857,0.018829,0.021506,0.025501,9.465965
roulette wheel,130,1,1.200103,225,150,rosenbrock,6,0.003753,0.027631,0.028309,0.035975,10.891070
roulette wheel,90,1,0.964176,225,150,rosenbrock,6,0.005776,0.028442,0.034630,0.013540,9.150625
roulette wheel,130,1,1.859271,225,150,rosenbrock,6,0.006106,0.042884,0.048487,0.049891,9.959165
roulette wheel,130,1,1.606822,225,150,rosenbrock,6,0.004504,0.029561,0.036838,0.048944,10.458115
roulette wheel,80,1,0.964176,225,150,rosenbrock,6,0.006668,0.031419,0.034799,0.027182,10.037760
roulette wheel,90,1,1.290939,225,150,rosenbrock,6,0.003524,0.031803,0.037949,0.026548,8.912830
roulette wheel,90,1,1.493759,225,150,rosenbrock,6,0.004882,0.033915,0.037130,0.044840,8.656200
roulette wheel,90,1,1.115658,225,150,rosenbrock,6,0.002862,0.025115,0.031882,0.025852,13.968255
roulette wheel,140,1,0.578555,225,150,rosenbrock,6,0.003173,0.014541,0.013945,0.025705,12.968765
roulette wheel,100,1,0.622346,225,150,rosenbrock,6,0.003486,0.028325,0.034756,0.025374,9.514565
roulette wheel,100,1,0.537845,225,150,rosenbrock,6,0.001823,0.023500,0.028210,0.022426,11.666455
roulette wheel,140,1,0.774630,225,150,rosenbrock,6,0.003808,0.016813,0.017761,0.016652,12.313800
roulette wheel,100,1,1.728444,225,150,rosenbrock,6,0.015834,0.050264,0.062937,0.043140,9.803410
roulette wheel,140,1,0.896332,225,150,rosenbrock,6,0.003529,0.016683,0.020744,0.025520,13.087205
roulette wheel,140,1,1.200103,225,150,rosenbrock,6,0.005407,0.020498,0.021450,0.022438,12.639035
roulette wheel,110,1,0.622346,225,150,rosenbrock,6,0.004829,0.021150,0.023940,0.028402,9.619065
roulette wheel,110,1,0.720123,225,150,rosenbrock,6,0.003142,0.023837,0.025693,0.035967,10.166265
roulette wheel,110,1,0.964176,225,150,rosenbrock,6,0.012554,0.025140,0.029321,0.033809,9.766440
roulette wheel,110,1,1.290939,225,150,rosenbrock,6,0.005080,0.032772,0.037838,0.029838,9.915275
roulette wheel,140,1,0.669452,225,150,rosenbrock,6,0.004422,0.012352,0.011905,0.022395,16.108810
roulette wheel,140,1,1.037155,225,150,rosenbrock,6,0.000732,0.028870,0.032069,0.032703,15.608840
roulette wheel,120,1,0.622346,225,150,rosenbrock,6,0.002022,0.016341,0.019858,0.014248,9.726285
roulette wheel,110,1,1.493759,225,150,rosenbrock,6,0.002333,0.034935,0.036101,0.032275,9.907750
roulette wheel,100,1,0.833262,225,150,rosenbrock,6,0.010040,0.023424,0.026927,0.016190,13.958145
roulette wheel,110,1,2.000000,225,150,rosenbrock,6,0.008139,0.065335,0.079784,0.069442,9.915060
roulette wheel,140,1,1.388651,225,150,rosenbrock,6,0.006345,0.024157,0.026112,0.025711,15.164830
roulette wheel,150,1,0.500000,225,150,rosenbrock,6,0.002381,0.013985,0.017675,0.040762,13.360345
roulette wheel,110,1,1.728444,225,150,rosenbrock,6,0.010592,0.037651,0.045781,0.027379,9.811450
roulette wheel,140,1,1.606822,225,150,rosenbrock,6,0.003469,0.035205,0.039191,0.032288,15.276225
roulette wheel,150,1,0.896332,225,150,rosenbrock,6,0.003694,0.019243,0.021995,0.028453,14.046560
roulette wheel,140,1,1.859271,225,150,rosenbrock,6,0.015005,0.044317,0.049850,0.027841,15.894855
roulette wheel,120,1,0.720123,225,150,rosenbrock,6,0.004951,0.014791,0.015374,0.011570,9.374895
roulette wheel,120,1,0.537845,225,150,rosenbrock,6,0.002176,0.011597,0.011561,0.020394,8.361140
roulette wheel,150,1,0.578555,225,150,rosenbrock,6,0.002022,0.016359,0.020238,0.026268,18.373195
roulette wheel,150,1,1.200103,225,150,rosenbrock,6,0.003549,0.026098,0.030673,0.031424,18.807155
roulette wheel,150,1,0.774630,225,150,rosenbrock,6,0.004906,0.021485,0.026761,0.023106,19.207080
roulette wheel,150,1,1.388651,225,150,rosenbrock,6,0.004549,0.021289,0.022674,0.035613,18.768965
roulette wheel,150,1,1.037155,225,150,rosenbrock,6,0.003846,0.020048,0.027202,0.034346,20.024270
roulette wheel,150,1,0.669452,225,150,rosenbrock,6,0.002570,0.018161,0.023567,0.019361,20.421210
roulette wheel,120,1,0.964176,225,150,rosenbrock,6,0.005121,0.018411,0.019918,0.031444,10.030760
roulette wheel,150,1,1.606822,225,150,rosenbrock,6,0.005957,0.029754,0.037466,0.027664,20.985550
roulette wheel,120,1,1.290939,225,150,rosenbrock,6,0.004267,0.028600,0.037669,0.018081,10.534390
roulette wheel,120,1,1.115658,225,150,rosenbrock,6,0.004713,0.023604,0.028262,0.026878,10.803870
roulette wheel,170,1,0.500000,225,150,rosenbrock,6,0.003290,0.009441,0.010339,0.024736,10.541805
roulette wheel,120,1,1.493759,225,150,rosenbrock,6,0.010331,0.041925,0.047203,0.037485,10.888885
roulette wheel,150,1,1.859271,225,150,rosenbrock,6,0.014524,0.043372,0.047195,0.046500,22.356095
roulette wheel,120,1,2.000000,225,150,rosenbrock,6,0.015324,0.055109,0.058469,0.078788,10.811775
roulette wheel,160,1,0.500000,225,150,rosenbrock,6,0.001497,0.021159,0.020733,0.017767,20.894240
roulette wheel,130,1,0.622346,225,150,rosenbrock,6,0.011058,0.026006,0.027118,0.015150,10.983035
roulette wheel,130,1,0.964176,225,150,rosenbrock,6,0.002507,0.014322,0.017483,0.026266,10.728445
roulette wheel,170,1,0.774630,225,150,rosenbrock,6,0.002554,0.016465,0.021149,0.031005,10.361920
roulette wheel,130,1,0.720123,225,150,rosenbrock,6,0.000628,0.014645,0.019361,0.026977,10.719505
roulette wheel,160,1,0.578555,225,150,rosenbrock,6,0.001225,0.023555,0.025187,0.023140,19.243620
roulette wheel,130,1,1.493759,225,150,rosenbrock,6,0.010327,0.032915,0.027651,0.040576,10.992440
roulette wheel,160,1,1.859271,225,150,rosenbrock,6,0.014347,0.030761,0.029966,0.030526,19.702755
roulette wheel,130,1,1.115658,225,150,rosenbrock,6,0.002481,0.022960,0.030248,0.020777,11.449925
roulette wheel,160,1,1.606822,225,150,rosenbrock,6,0.004638,0.024940,0.026785,0.030862,20.254660
roulette wheel,160,1,0.669452,225,150,rosenbrock,6,0.003437,0.016868,0.020485,0.017329,21.594710
roulette wheel,160,1,1.200103,225,150,rosenbrock,6,0.007963,0.022696,0.028395,0.024755,21.877670
roulette wheel,160,1,0.774630,225,150,rosenbrock,6,0.002656,0.014622,0.016513,0.026799,22.292295
roulette wheel,160,1,1.037155,225,150,rosenbrock,6,0.004922,0.016919,0.018410,0.034903,23.094320
roulette wheel,160,1,0.896332,225,150,rosenbrock,6,0.008986,0.021722,0.019489,0.014846,23.230190
roulette wheel,140,1,0.537845,225,150,rosenbrock,6,0.003783,0.015624,0.019741,0.011117,9.716330
roulette wheel,110,1,0.537845,225,150,rosenbrock,6,0.003711,0.014373,0.016809,0.014646,24.705860
roulette wheel,170,1,0.896332,225,150,rosenbrock,6,0.003543,0.017966,0.018485,0.021830,9.526630
roulette wheel,160,1,1.388651,225,150,rosenbrock,6,0.009469,0.019625,0.020770,0.017536,24.479490
roulette wheel,130,1,2.000000,225,150,rosenbrock,6,0.010259,0.054924,0.073894,0.037294,9.889065
roulette wheel,120,1,1.728444,225,150,rosenbrock,6,0.011998,0.041391,0.046610,0.034452,19.654810
roulette wheel,100,1,1.493759,225,150,rosenbrock,6,0.007612,0.043361,0.047761,0.049031,21.864000
roulette wheel,170,1,0.578555,225,150,rosenbrock,6,0.002313,0.012326,0.017409,0.013924,22.417095
roulette wheel,100,1,0.964176,225,150,rosenbrock,6,0.001255,0.023626,0.027704,0.026414,21.802050
roulette wheel,100,1,1.290939,225,150,rosenbrock,6,0.017389,0.040800,0.044722,0.036590,23.493245
roulette wheel,170,1,1.388651,225,150,rosenbrock,6,0.001303,0.027057,0.029683,0.037423,9.730245
roulette wheel,120,1,0.833262,225,150,rosenbrock,6,0.000392,0.016011,0.020455,0.045262,23.044075
roulette wheel,170,1,1.200103,225,150,rosenbrock,6,0.002611,0.018491,0.025436,0.024625,10.014470
roulette wheel,100,1,0.720123,225,150,rosenbrock,6,0.000510,0.026188,0.034893,0.036283,24.911760
roulette wheel,90,1,2.000000,225,150,rosenbrock,6,0.018011,0.071359,0.075376,0.065699,24.451880
roulette wheel,170,1,1.606822,225,150,rosenbrock,6,0.008124,0.028929,0.027672,0.043019,10.306365
roulette wheel,180,1,0.500000,225,150,rosenbrock,6,0.001002,0.011123,0.008581,0.027237,9.382955
roulette wheel,90,1,1.728444,225,150,rosenbrock,6,0.020655,0.056482,0.062964,0.062095,27.326240
roulette wheel,110,1,0.833262,225,150,rosenbrock,6,0.003683,0.017810,0.020060,0.020700,24.377075
roulette wheel,100,1,1.115658,225,150,rosenbrock,6,0.010325,0.041107,0.044135,0.038747,24.517755
roulette wheel,100,1,2.000000,225,150,rosenbrock,6,0.012888,0.065727,0.079774,0.064137,25.652330
roulette wheel,110,1,1.115658,225,150,rosenbrock,6,0.002940,0.021755,0.015314,0.049028,24.743980
roulette wheel,170,1,1.859271,225,150,rosenbrock,6,0.013115,0.070028,0.083186,0.054814,10.838835
roulette wheel,170,1,0.669452,225,150,rosenbrock,6,0.004721,0.017503,0.020021,0.019245,24.241790
roulette wheel,130,1,0.537845,225,150,rosenbrock,6,0.002178,0.016565,0.021816,0.014219,18.286850
roulette wheel,130,1,1.290939,225,150,rosenbrock,6,0.002371,0.025263,0.028668,0.037451,15.708810
roulette wheel,130,1,0.833262,225,150,rosenbrock,6,0.001810,0.021862,0.025454,0.025158,16.810955
roulette wheel,180,1,0.578555,225,150,rosenbrock,6,0.001507,0.014854,0.016452,0.021409,10.054205
roulette wheel,170,1,1.037155,225,150,rosenbrock,6,0.000973,0.016404,0.019285,0.018653,13.757430
roulette wheel,140,1,0.622346,225,150,rosenbrock,6,0.004850,0.013378,0.011277,0.017847,12.999905
roulette wheel,130,1,1.728444,225,150,rosenbrock,6,0.008159,0.043881,0.059842,0.044498,14.962780
roulette wheel,140,1,0.833262,225,150,rosenbrock,6,0.001384,0.016633,0.022534,0.016665,12.469465
roulette wheel,140,1,0.964176,225,150,rosenbrock,6,0.001559,0.020224,0.016718,0.030308,11.142340
roulette wheel,180,1,0.669452,225,150,rosenbrock,6,0.004028,0.016336,0.017457,0.033776,9.597505
roulette wheel,180,1,0.896332,225,150,rosenbrock,6,0.000731,0.012855,0.015276,0.015391,9.872485
roulette wheel,140,1,1.290939,225,150,rosenbrock,6,0.005600,0.023026,0.027413,0.040426,10.945055
roulette wheel,180,1,0.774630,225,150,rosenbrock,6,0.003372,0.021963,0.026330,0.043325,10.428460
roulette wheel,180,1,1.037155,225,150,rosenbrock,6,0.001451,0.015874,0.019938,0.019824,9.696300
roulette wheel,180,1,1.200103,225,150,rosenbrock,6,0.011554,0.028387,0.028571,0.028065,9.502355
roulette wheel,180,1,1.388651,225,150,rosenbrock,6,0.004046,0.031603,0.036574,0.033627,9.783780
roulette wheel,140,1,0.720123,225,150,rosenbrock,6,0.003735,0.017735,0.019258,0.024245,10.982225
roulette wheel,140,1,1.115658,225,150,rosenbrock,6,0.002265,0.020515,0.027132,0.025453,10.615185
roulette wheel,180,1,1.859271,225,150,rosenbrock,6,0.001411,0.025347,0.030711,0.022284,10.803310
roulette wheel,180,1,1.606822,225,150,rosenbrock,6,0.004390,0.029564,0.037779,0.045978,11.137695
roulette wheel,190,1,0.500000,225,150,rosenbrock,6,0.003084,0.013428,0.015150,0.020081,9.072525
roulette wheel,140,1,1.493759,225,150,rosenbrock,6,0.003692,0.025597,0.030514,0.021096,11.738195
roulette wheel,150,1,0.537845,225,150,rosenbrock,6,0.004219,0.020370,0.021024,0.041606,10.434385
roulette wheel,150,1,0.964176,225,150,rosenbrock,6,0.004609,0.019198,0.022492,0.021797,9.752360
roulette wheel,190,1,0.578555,225,150,rosenbrock,6,0.001957,0.017208,0.018476,0.029195,9.877815
roulette wheel,190,1,0.669452,225,150,rosenbrock,6,0.003470,0.014467,0.015124,0.061419,9.900755
roulette wheel,150,1,0.622346,225,150,rosenbrock,6,0.000957,0.012598,0.015457,0.014678,9.580535
roulette wheel,140,1,1.728444,225,150,rosenbrock,6,0.006869,0.035025,0.036232,0.041916,10.780765
roulette wheel,140,1,2.000000,225,150,rosenbrock,6,0.012074,0.050064,0.062211,0.041632,11.723390
roulette wheel,150,1,0.720123,225,150,rosenbrock,6,0.003853,0.016424,0.018897,0.024209,9.785465
roulette wheel,190,1,0.774630,225,150,rosenbrock,6,0.002598,0.013806,0.013141,0.013396,9.810410
roulette wheel,190,1,0.896332,225,150,rosenbrock,6,0.004015,0.017252,0.020815,0.024083,9.884090
roulette wheel,150,1,1.115658,225,150,rosenbrock,6,0.002400,0.021209,0.029662,0.026827,9.942130
roulette wheel,190,1,1.037155,225,150,rosenbrock,6,0.002712,0.017720,0.013101,0.028918,9.881435
roulette wheel,150,1,1.493759,225,150,rosenbrock,6,0.014912,0.033871,0.037763,0.043481,10.556505
roulette wheel,190,1,1.200103,225,150,rosenbrock,6,0.003304,0.015265,0.016020,0.018380,9.932890
roulette wheel,170,1,0.537845,225,150,rosenbrock,6,0.001191,0.019077,0.024089,0.022254,10.424800
roulette wheel,190,1,1.388651,225,150,rosenbrock,6,0.001797,0.015184,0.015668,0.042718,9.163200
roulette wheel,150,1,1.728444,225,150,rosenbrock,6,0.006653,0.029038,0.033408,0.038793,12.970395
roulette wheel,150,1,1.290939,225,150,rosenbrock,6,0.002881,0.027814,0.032184,0.037644,14.931620
roulette wheel,190,1,1.859271,225,150,rosenbrock,6,0.004089,0.024109,0.032153,0.026804,9.044930
roulette wheel,170,1,0.833262,225,150,rosenbrock,6,0.003670,0.011836,0.012560,0.021552,9.161710
roulette wheel,150,1,0.833262,225,150,rosenbrock,6,0.002116,0.015730,0.015652,0.029324,15.202485
roulette wheel,150,1,2.000000,225,150,rosenbrock,6,0.016002,0.050019,0.052858,0.048360,13.409545
roulette wheel,200,1,0.578555,225,150,rosenbrock,6,0.000535,0.008716,0.008792,0.016749,8.884185
roulette wheel,200,1,0.669452,225,150,rosenbrock,6,0.003587,0.012093,0.012393,0.016165,8.629855
roulette wheel,190,1,1.606822,225,150,rosenbrock,6,0.004902,0.035940,0.038316,0.028964,12.090740
roulette wheel,200,1,0.500000,225,150,rosenbrock,6,0.001026,0.026175,0.030172,0.027585,12.358240
roulette wheel,160,1,0.537845,225,150,rosenbrock,6,0.003370,0.017031,0.018850,0.016433,14.475905
roulette wheel,200,1,0.774630,225,150,rosenbrock,6,0.000724,0.010773,0.011753,0.024517,8.873605
roulette wheel,170,1,0.964176,225,150,rosenbrock,6,0.006040,0.021924,0.024129,0.034672,8.858770
roulette wheel,200,1,1.037155,225,150,rosenbrock,6,0.005050,0.019609,0.021471,0.024452,9.187125
roulette wheel,170,1,1.493759,225,150,rosenbrock,6,0.003816,0.025711,0.022140,0.029366,8.812080
roulette wheel,170,1,1.290939,225,150,rosenbrock,6,0.001667,0.020574,0.025850,0.021220,8.626350
roulette wheel,160,1,0.622346,225,150,rosenbrock,6,0.003216,0.012603,0.015475,0.011348,15.881550
roulette wheel,170,1,1.728444,225,150,rosenbrock,6,0.002032,0.046757,0.058462,0.049845,9.331075
roulette wheel,180,1,0.537845,225,150,rosenbrock,6,0.003642,0.014681,0.014936,0.028131,9.201430
roulette wheel,160,1,2.000000,225,150,rosenbrock,6,0.011031,0.036933,0.046970,0.067203,17.700625
roulette wheel,160,1,1.728444,225,150,rosenbrock,6,0.010365,0.031774,0.043156,0.037777,16.787000
roulette wheel,170,1,2.000000,225,150,rosenbrock,6,0.005724,0.031362,0.029693,0.036470,9.326680
roulette wheel,160,1,0.720123,225,150,rosenbrock,6,0.004547,0.012751,0.013827,0.023613,18.313170
roulette wheel,180,1,0.622346,225,150,rosenbrock,6,0.002006,0.020493,0.021893,0.031756,9.869685
roulette wheel,180,1,0.720123,225,150,rosenbrock,6,0.004324,0.029793,0.031719,0.049832,9.754050
roulette wheel,160,1,1.115658,225,150,rosenbrock,6,0.003291,0.025153,0.028187,0.026176,19.762145
roulette wheel,160,1,0.964176,225,150,rosenbrock,6,0.002832,0.018868,0.027113,0.022159,19.799045
roulette wheel,180,1,0.964176,225,150,rosenbrock,6,0.003788,0.022063,0.029041,0.025907,9.932425
roulette wheel,200,1,0.896332,225,150,rosenbrock,6,0.001320,0.013677,0.015508,0.029180,20.262075
roulette wheel,160,1,1.493759,225,150,rosenbrock,6,0.004259,0.026939,0.031927,0.029427,19.968620
roulette wheel,160,1,0.833262,225,150,rosenbrock,6,0.003523,0.018923,0.023694,0.019221,21.338945
roulette wheel,180,1,1.115658,225,150,rosenbrock,6,0.005991,0.021362,0.020490,0.033945,9.599035
roulette wheel,180,1,1.290939,225,150,rosenbrock,6,0.004646,0.021818,0.024544,0.028084,9.744710
roulette wheel,180,1,0.833262,225,150,rosenbrock,6,0.002218,0.014907,0.015503,0.014627,10.432930
roulette wheel,180,1,1.493759,225,150,rosenbrock,6,0.001512,0.020137,0.026090,0.027536,9.737635
roulette wheel,160,1,1.290939,225,150,rosenbrock,6,0.004398,0.021415,0.022892,0.029371,22.211750
roulette wheel,200,1,1.200103,225,150,rosenbrock,6,0.002564,0.025205,0.031666,0.021236,21.060060
roulette wheel,180,1,2.000000,225,150,rosenbrock,6,0.010372,0.051994,0.056837,0.041738,9.651870
roulette wheel,180,1,1.728444,225,150,rosenbrock,6,0.006990,0.024744,0.022445,0.039311,9.143575
roulette wheel,190,1,0.537845,225,150,rosenbrock,6,0.000505,0.014787,0.020349,0.024518,9.731605
roulette wheel,200,1,1.606822,225,150,rosenbrock,6,0.002693,0.023744,0.027173,0.031061,24.980250
roulette wheel,170,1,1.115658,225,150,rosenbrock,6,0.010488,0.020309,0.022220,0.019951,18.219285
tournament 3,20,1,0.578555,225,150,rosenbrock,6,0.083142,0.403790,0.499522,0.212719,18.461445
tournament 3,20,1,0.896332,225,150,rosenbrock,6,0.197957,0.368993,0.398045,0.175391,18.913060
tournament 3,10,1,1.859271,225,150,rosenbrock,6,1.990562,7.266747,8.530669,3.651202,19.838245
tournament 3,20,1,1.606822,225,150,rosenbrock,6,0.286071,0.864263,0.972824,0.616069,9.735905
tournament 3,20,1,0.669452,225,150,rosenbrock,6,0.099392,0.269690,0.327256,0.281808,19.124165
tournament 3,20,1,1.037155,225,150,rosenbrock,6,0.091202,0.378681,0.476477,0.270057,18.541420
tournament 3,20,1,0.500000,225,150,rosenbrock,6,0.027204,0.248001,0.280093,0.240500,20.647900
tournament 3,10,1,0.500000,225,150,rosenbrock,6,0.696046,1.619459,1.760649,1.030752,26.646825
tournament 3,20,1,0.774630,225,150,rosenbrock,6,0.053993,0.358744,0.387023,0.244815,20.983535
roulette wheel,190,1,0.622346,225,150,rosenbrock,6,0.003024,0.015590,0.020134,0.015103,9.189035
roulette wheel,200,1,1.859271,225,150,rosenbrock,6,0.006566,0.027373,0.032543,0.027475,28.295495
roulette wheel,190,1,0.720123,225,150,rosenbrock,6,0.000475,0.011625,0.012561,0.011754,9.341415
roulette wheel,190,1,0.833262,225,150,rosenbrock,6,0.000850,0.014513,0.015321,0.020293,9.815550
roulette wheel,190,1,0.964176,225,150,rosenbrock,6,0.005669,0.017814,0.016568,0.016067,9.933035
roulette wheel,190,1,1.115658,225,150,rosenbrock,6,0.004027,0.023030,0.021338,0.030241,9.628645
roulette wheel,200,1,1.388651,225,150,rosenbrock,6,0.004518,0.019561,0.021145,0.019070,32.760610
tournament 3,30,1,1.200103,225,150,rosenbrock,6,0.035993,0.155976,0.192572,0.082362,11.036155
tournament 3,30,1,1.388651,225,150,rosenbrock,6,0.067003,0.229004,0.252381,0.168390,10.146040
roulette wheel,190,1,1.290939,225,150,rosenbrock,6,0.003548,0.025201,0.033143,0.029031,11.202595
roulette wheel,190,1,1.493759,225,150,rosenbrock,6,0.007053,0.032141,0.036283,0.028808,11.169355
tournament 3,30,1,1.606822,225,150,rosenbrock,6,0.074148,0.325576,0.369733,0.306631,9.795140
tournament 3,10,1,1.200103,225,150,rosenbrock,6,1.428120,3.028822,2.995523,1.870302,30.764940
roulette wheel,170,1,0.622346,225,150,rosenbrock,6,0.004062,0.012967,0.017708,0.016452,35.699990
tournament 3,30,1,1.859271,225,150,rosenbrock,6,0.132617,0.363581,0.422589,0.297954,9.863710
tournament 3,10,1,0.896332,225,150,rosenbrock,6,0.710026,2.441873,2.971153,1.392213,32.843135
tournament 3,10,1,1.388651,225,150,rosenbrock,6,0.729492,4.858321,6.121840,2.561634,32.882435
tournament 3,10,1,0.578555,225,150,rosenbrock,6,0.745031,1.896559,2.130738,1.408528,35.685210
tournament 3,40,1,0.669452,225,150,rosenbrock,6,0.006347,0.048465,0.060035,0.030118,9.876280
tournament 3,40,1,0.578555,225,150,rosenbrock,6,0.017262,0.058320,0.063742,0.047183,9.911555
roulette wheel,170,1,0.720123,225,150,rosenbrock,6,0.002244,0.015185,0.017922,0.025613,33.076705
tournament 3,40,1,0.500000,225,150,rosenbrock,6,0.014491,0.066402,0.089446,0.043442,10.727465
roulette wheel,200,1,0.622346,225,150,rosenbrock,6,0.000999,0.007215,0.006378,0.041892,10.449650
tournament 3,10,1,1.037155,225,150,rosenbrock,6,0.417935,3.178580,3.736701,1.932501,34.318640
roulette wheel,190,1,2.000000,225,150,rosenbrock,6,0.003536,0.027430,0.032792,0.035292,11.708315
tournament 3,10,1,1.606822,225,150,rosenbrock,6,0.586101,6.006062,8.019419,3.121127,33.316525
tournament 3,10,1,0.774630,225,150,rosenbrock,6,0.589438,2.466742,2.552521,1.324656,35.125205
tournament 3,10,1,0.669452,225,150,rosenbrock,6,0.188978,1.523116,1.779916,0.990593,37.241770
tournament 3,40,1,0.774630,225,150,rosenbrock,6,0.018889,0.067391,0.076383,0.051061,9.844950
roulette wheel,200,1,0.720123,225,150,rosenbrock,6,0.002459,0.010279,0.010255,0.017944,11.414150
roulette wheel,200,1,0.537845,225,150,rosenbrock,6,0.000215,0.013741,0.018326,0.042586,11.620255
tournament 3,20,1,1.388651,225,150,rosenbrock,6,0.099823,0.646696,0.698937,0.588483,28.283965
roulette wheel,190,1,1.728444,225,150,rosenbrock,6,0.008981,0.028932,0.034738,0.032843,11.943475
tournament 3,20,1,1.200103,225,150,rosenbrock,6,0.126427,0.478018,0.577794,0.196734,29.485420
tournament 3,40,1,1.037155,225,150,rosenbrock,6,0.029576,0.072519,0.073375,0.045408,10.447370
roulette wheel,200,1,0.833262,225,150,rosenbrock,6,0.000665,0.020647,0.023401,0.041702,11.178800
tournament 3,40,1,1.200103,225,150,rosenbrock,6,0.026888,0.075513,0.093563,0.056312,10.396580
roulette wheel,200,1,1.115658,225,150,rosenbrock,6,0.007050,0.016849,0.018380,0.018301,10.790585
tournament 3,40,1,0.896332,225,150,rosenbrock,6,0.031314,0.065106,0.066680,0.051417,10.979475
tournament 3,30,1,0.500000,225,150,rosenbrock,6,0.030134,0.126520,0.156507,0.081450,23.874095
tournament 3,30,1,0.774630,225,150,rosenbrock,6,0.088057,0.157643,0.173153,0.061454,23.344545
tournament 3,30,1,0.896332,225,150,rosenbrock,6,0.041181,0.142081,0.170580,0.106798,23.389045
tournament 3,20,1,1.859271,225,150,rosenbrock,6,0.443584,1.186653,1.354739,0.796558,24.836875
tournament 3,30,1,0.578555,225,150,rosenbrock,6,0.047651,0.142249,0.171527,0.063239,24.088940
tournament 3,30,1,1.037155,225,150,rosenbrock,6,0.042018,0.111525,0.128745,0.076202,23.833885
tournament 3,30,1,0.669452,225,150,rosenbrock,6,0.046749,0.145005,0.163512,0.097286,25.612275
tournament 3,40,1,1.388651,225,150,rosenbrock,6,0.023391,0.102154,0.132349,0.073678,10.808655
tournament 3,40,1,1.606822,225,150,rosenbrock,6,0.046954,0.163071,0.173970,0.145873,9.486790
tournament 3,40,1,1.859271,225,150,rosenbrock,6,0.060629,0.161042,0.194947,0.132745,9.392215
tournament 3,50,1,0.669452,225,150,rosenbrock,6,0.018760,0.046715,0.048120,0.026692,8.277350
tournament 3,50,1,1.037155,225,150,rosenbrock,6,0.004785,0.053372,0.064094,0.033672,8.377515
tournament 3,50,1,0.896332,225,150,rosenbrock,6,0.010619,0.038534,0.039020,0.044071,8.865380
tournament 3,50,1,1.606822,225,150,rosenbrock,6,0.037253,0.140834,0.166199,0.080800,8.994240
tournament 3,50,1,1.200103,225,150,rosenbrock,6,0.014940,0.056714,0.055804,0.047920,9.442455
tournament 3,60,1,0.774630,225,150,rosenbrock,6,0.000460,0.034194,0.038623,0.028166,8.803450
tournament 3,60,1,0.896332,225,150,rosenbrock,6,0.008401,0.045196,0.052201,0.028932,8.659380
tournament 3,60,1,1.388651,225,150,rosenbrock,6,0.026972,0.067521,0.081712,0.039144,8.413345
tournament 3,60,1,0.669452,225,150,rosenbrock,6,0.008682,0.047844,0.057081,0.060152,9.291065
tournament 3,60,1,1.200103,225,150,rosenbrock,6,0.014331,0.050723,0.055582,0.032067,8.520705
tournament 3,60,1,0.578555,225,150,rosenbrock,6,0.016962,0.047484,0.055521,0.039197,9.464720
tournament 3,60,1,1.606822,225,150,rosenbrock,6,0.013157,0.086267,0.083868,0.079084,8.502730
tournament 3,50,1,0.500000,225,150,rosenbrock,6,0.019038,0.057413,0.065252,0.030029,14.812765
roulette wheel,200,1,1.728444,225,150,rosenbrock,6,0.001483,0.028080,0.034260,0.024178,9.482255
tournament 3,20,1,1.728444,225,150,rosenbrock,6,0.432134,0.945118,1.115370,0.539557,8.387430
tournament 3,70,1,0.500000,225,150,rosenbrock,6,0.016537,0.045040,0.046223,0.027330,8.636125
tournament 3,70,1,0.669452,225,150,rosenbrock,6,0.005567,0.029330,0.034802,0.056077,8.723310
tournament 3,70,1,0.578555,225,150,rosenbrock,6,0.003326,0.035810,0.039214,0.021943,9.496190
tournament 3,70,1,0.774630,225,150,rosenbrock,6,0.012736,0.036772,0.036521,0.039911,8.521300
tournament 3,50,1,0.578555,225,150,rosenbrock,6,0.013828,0.059376,0.069862,0.049325,20.139460
tournament 3,70,1,0.896332,225,150,rosenbrock,6,0.004580,0.032933,0.040940,0.031432,8.508880
tournament 3,30,1,1.493759,225,150,rosenbrock,6,0.076358,0.233290,0.302125,0.148447,8.890460
tournament 3,70,1,1.200103,225,150,rosenbrock,6,0.005022,0.026543,0.026898,0.031026,9.355995
tournament 3,10,1,0.537845,225,150,rosenbrock,6,1.015282,2.219119,2.604147,1.008694,14.327820
tournament 3,20,1,0.964176,225,150,rosenbrock,6,0.122063,0.349669,0.426922,0.241849,16.714130
tournament 3,50,1,0.774630,225,150,rosenbrock,6,0.019246,0.039176,0.044595,0.027547,22.433260
roulette wheel,200,1,2.000000,225,150,rosenbrock,6,0.003187,0.039561,0.045378,0.052618,14.869905
tournament 3,40,1,0.537845,225,150,rosenbrock,6,0.017840,0.060094,0.070471,0.043822,10.022945
tournament 3,70,1,1.859271,225,150,rosenbrock,6,0.035823,0.111714,0.137011,0.075260,10.651030
tournament 3,80,1,0.500000,225,150,rosenbrock,6,0.010151,0.028117,0.036850,0.017005,9.810960
tournament 3,50,1,1.388651,225,150,rosenbrock,6,0.027398,0.071121,0.081223,0.050393,26.342960
tournament 3,80,1,0.578555,225,150,rosenbrock,6,0.008625,0.029354,0.033523,0.020899,10.069590
tournament 3,80,1,0.669452,225,150,rosenbrock,6,0.011529,0.036970,0.043345,0.024578,9.948635
tournament 3,40,1,1.115658,225,150,rosenbrock,6,0.008871,0.062629,0.079662,0.057429,9.357095
tournament 3,80,1,0.896332,225,150,rosenbrock,6,0.006718,0.035050,0.047050,0.042588,9.346530
tournament 3,80,1,0.774630,225,150,rosenbrock,6,0.007936,0.029299,0.031371,0.037878,9.872595
tournament 3,60,1,0.500000,225,150,rosenbrock,6,0.002797,0.019331,0.022674,0.026854,28.412280
roulette wheel,200,1,0.964176,225,150,rosenbrock,6,0.003470,0.016675,0.017715,0.025079,28.566070
tournament 3,40,1,1.290939,225,150,rosenbrock,6,0.013224,0.096695,0.130411,0.089356,10.022590
roulette wheel,200,1,1.290939,225,150,rosenbrock,6,0.002463,0.024674,0.026994,0.025136,28.017120
tournament 3,40,1,0.964176,225,150,rosenbrock,6,0.025994,0.069760,0.082284,0.048363,9.197165
tournament 3,80,1,1.037155,225,150,rosenbrock,6,0.012509,0.037493,0.047557,0.024649,10.045555
tournament 3,60,1,1.037155,225,150,rosenbrock,6,0.004232,0.033153,0.034122,0.030428,29.032020
tournament 3,50,1,1.859271,225,150,rosenbrock,6,0.029794,0.142661,0.175607,0.107796,30.797610
tournament 3,60,1,1.859271,225,150,rosenbrock,6,0.046493,0.104645,0.129981,0.069786,27.214330
tournament 3,10,1,2.000000,225,150,rosenbrock,6,4.860771,6.940908,7.427535,3.289323,27.978800
tournament 3,20,1,0.622346,225,150,rosenbrock,6,0.039421,0.244119,0.292406,0.168880,28.627780
tournament 3,20,1,0.537845,225,150,rosenbrock,6,0.015761,0.181307,0.202110,0.265803,27.275410
tournament 3,20,1,0.720123,225,150,rosenbrock,6,0.047885,0.353305,0.431885,0.198023,28.747325
tournament 3,20,1,0.833262,225,150,rosenbrock,6,0.230566,0.413134,0.469122,0.274088,27.744510
tournament 3,30,1,1.290939,225,150,rosenbrock,6,0.108010,0.189754,0.209579,0.111486,25.185640
tournament 3,20,1,1.115658,225,150,rosenbrock,6,0.083444,0.490823,0.535879,0.289449,30.646475
tournament 3,40,1,0.622346,225,150,rosenbrock,6,0.024296,0.060463,0.062107,0.057125,23.273445
tournament 3,30,1,2.000000,225,150,rosenbrock,6,0.056684,0.452809,0.504462,0.436137,23.788665
tournament 3,70,1,1.037155,225,150,rosenbrock,6,0.007826,0.028432,0.032991,0.026821,27.335110
tournament 3,30,1,1.728444,225,150,rosenbrock,6,0.087567,0.382530,0.469539,0.222846,25.372890
tournament 3,40,1,0.720123,225,150,rosenbrock,6,0.030631,0.070306,0.078172,0.063088,24.704395
tournament 3,40,1,1.728444,225,150,rosenbrock,6,0.077119,0.165214,0.188559,0.108733,10.870575
tournament 3,40,1,2.000000,225,150,rosenbrock,6,0.110731,0.290818,0.323884,0.180386,10.936285
tournament 3,70,1,1.606822,225,150,rosenbrock,6,0.008555,0.055876,0.061370,0.041767,25.896180
tournament 3,40,1,0.833262,225,150,rosenbrock,6,0.019748,0.076254,0.084539,0.062009,21.810870
roulette wheel,200,1,1.493759,225,150,rosenbrock,6,0.006295,0.022710,0.020748,0.028053,29.320215
tournament 3,50,1,0.720123,225,150,rosenbrock,6,0.012069,0.060303,0.080939,0.069426,11.424890
tournament 3,50,1,1.115658,225,150,rosenbrock,6,0.017663,0.046402,0.058186,0.041140,11.503550
tournament 3,50,1,1.728444,225,150,rosenbrock,6,0.036428,0.115463,0.137684,0.080002,11.488630
tournament 3,50,1,0.964176,225,150,rosenbrock,6,0.016504,0.044129,0.039686,0.052285,11.573110
tournament 3,70,1,1.388651,225,150,rosenbrock,6,0.007879,0.053762,0.069052,0.040545,26.835870
tournament 3,40,1,1.493759,225,150,rosenbrock,6,0.045371,0.139850,0.155179,0.109277,12.860255
tournament 3,10,1,1.290939,225,150,rosenbrock,6,1.117980,3.718508,4.111270,1.957026,27.566665
tournament 3,60,1,0.833262,225,150,rosenbrock,6,0.018599,0.043229,0.046103,0.039792,11.677025
tournament 3,60,1,1.493759,225,150,rosenbrock,6,0.020339,0.070089,0.068206,0.051059,11.559335
tournament 3,60,1,0.964176,225,150,rosenbrock,6,0.011869,0.041354,0.042332,0.027904,11.959465
tournament 3,10,1,1.493759,225,150,rosenbrock,6,2.235040,4.731337,5.374943,2.034691,29.103460
tournament 3,60,1,0.720123,225,150,rosenbrock,6,0.013233,0.032913,0.035232,0.035399,11.716590
tournament 3,10,1,0.622346,225,150,rosenbrock,6,0.145812,1.640764,1.867761,1.520378,30.232875
tournament 3,20,1,1.493759,225,150,rosenbrock,6,0.376185,0.668839,0.740723,0.461591,25.072175
tournament 3,60,1,0.622346,225,150,rosenbrock,6,0.018996,0.032762,0.034764,0.031450,11.247855
tournament 3,60,1,1.290939,225,150,rosenbrock,6,0.006323,0.055336,0.068119,0.047150,11.343165
tournament 3,10,1,0.964176,225,150,rosenbrock,6,0.843433,2.394343,2.932629,1.158812,30.804165
tournament 3,60,1,1.728444,225,150,rosenbrock,6,0.010226,0.098132,0.115048,0.098551,10.988115
tournament 3,30,1,0.833262,225,150,rosenbrock,6,0.050938,0.127291,0.133515,0.105579,20.165470
tournament 3,20,1,1.290939,225,150,rosenbrock,6,0.561398,0.898168,0.894143,0.424300,26.651155
tournament 3,20,1,2.000000,225,150,rosenbrock,6,0.698204,2.099141,2.383004,0.941436,19.283060
tournament 3,50,1,0.537845,225,150,rosenbrock,6,0.012529,0.033890,0.042044,0.022068,9.077065
tournament 3,10,1,1.728444,225,150,rosenbrock,6,2.675962,5.813750,7.130813,2.436052,29.803490
tournament 3,10,1,0.720123,225,150,rosenbrock,6,0.435467,2.103543,2.342391,1.386500,29.175730
tournament 3,10,1,1.115658,225,150,rosenbrock,6,0.975344,3.069145,3.730379,1.739396,31.763820
tournament 3,30,1,0.537845,225,150,rosenbrock,6,0.037417,0.100970,0.116738,0.105690,24.326575
tournament 3,10,1,0.833262,225,150,rosenbrock,6,1.342915,2.591408,2.805847,1.260900,29.685415
tournament 3,80,1,1.388651,225,150,rosenbrock,6,0.016826,0.047457,0.049181,0.042056,9.583345
tournament 3,70,1,0.537845,225,150,rosenbrock,6,0.011952,0.035010,0.039086,0.033872,9.596715
tournament 3,70,1,0.622346,225,150,rosenbrock,6,0.018118,0.035961,0.043240,0.037927,9.223395
tournament 3,70,1,0.720123,225,150,rosenbrock,6,0.006202,0.031121,0.040598,0.024736,9.600630
tournament 3,30,1,0.720123,225,150,rosenbrock,6,0.040604,0.133135,0.157691,0.072325,23.140735
tournament 3,30,1,1.115658,225,150,rosenbrock,6,0.051491,0.134381,0.140010,0.113010,23.223910
tournament 3,30,1,0.964176,225,150,rosenbrock,6,0.037626,0.127755,0.158942,0.071917,25.119375
tournament 3,30,1,0.622346,225,150,rosenbrock,6,0.029615,0.111944,0.134369,0.064606,24.382805
tournament 3,50,1,1.290939,225,150,rosenbrock,6,0.006212,0.046323,0.050233,0.041188,22.159895
tournament 3,70,1,0.964176,225,150,rosenbrock,6,0.009015,0.034708,0.042647,0.019749,9.344480
tournament 3,70,1,0.833262,225,150,rosenbrock,6,0.008517,0.033175,0.042702,0.023993,10.514980
tournament 3,50,1,0.622346,225,150,rosenbrock,6,0.011342,0.042784,0.049995,0.050799,9.587910
tournament 3,80,1,1.606822,225,150,rosenbrock,6,0.029867,0.080178,0.078003,0.072250,9.552405
tournament 3,70,1,1.290939,225,150,rosenbrock,6,0.006699,0.041654,0.041534,0.038057,9.493425
tournament 3,80,1,1.200103,225,150,rosenbrock,6,0.006405,0.039546,0.052132,0.031098,13.772120
tournament 3,90,1,0.500000,225,150,rosenbrock,6,0.002814,0.023755,0.021878,0.032637,9.496480
tournament 3,50,1,0.833262,225,150,rosenbrock,6,0.016994,0.055289,0.055546,0.038501,9.141120
tournament 3,70,1,2.000000,225,150,rosenbrock,6,0.024119,0.093581,0.101219,0.073451,9.194170
tournament 3,90,1,0.669452,225,150,rosenbrock,6,0.009234,0.031035,0.033104,0.030025,9.615010
tournament 3,80,1,0.537845,225,150,rosenbrock,6,0.011652,0.030548,0.035993,0.016784,9.261635
tournament 3,80,1,1.859271,225,150,rosenbrock,6,0.012149,0.080829,0.096012,0.090051,11.250045
tournament 3,90,1,0.578555,225,150,rosenbrock,6,0.007882,0.033408,0.036357,0.022656,10.434820
tournament 3,80,1,0.622346,225,150,rosenbrock,6,0.008943,0.032703,0.040803,0.023079,9.423980
tournament 3,80,1,0.720123,225,150,rosenbrock,6,0.014998,0.035786,0.042967,0.020598,8.856720
tournament 3,90,1,0.774630,225,150,rosenbrock,6,0.002423,0.025003,0.031877,0.021493,8.820935
tournament 3,50,1,1.493759,225,150,rosenbrock,6,0.022452,0.079465,0.081667,0.054599,11.028285
tournament 3,80,1,0.964176,225,150,rosenbrock,6,0.005063,0.044414,0.054328,0.022814,9.317345
tournament 3,80,1,0.833262,225,150,rosenbrock,6,0.009935,0.028284,0.029890,0.022411,8.688100
tournament 3,80,1,1.115658,225,150,rosenbrock,6,0.017366,0.035294,0.032768,0.029969,8.134650
tournament 3,90,1,1.388651,225,150,rosenbrock,6,0.005197,0.037362,0.041548,0.030333,8.533830
tournament 3,90,1,0.896332,225,150,rosenbrock,6,0.015193,0.028664,0.028772,0.023452,9.240490
tournament 3,90,1,1.037155,225,150,rosenbrock,6,0.006955,0.025713,0.030118,0.028900,9.324370
tournament 3,90,1,0.720123,225,150,rosenbrock,6,0.006484,0.043107,0.056433,0.036793,8.317400
tournament 3,60,1,1.115658,225,150,rosenbrock,6,0.007378,0.046067,0.039563,0.050799,10.820680
tournament 3,150,1,0.774630,225,150,rosenbrock,6,0.008897,0.028673,0.034647,0.025976,9.576265
tournament 3,70,1,1.115658,225,150,rosenbrock,6,0.011238,0.025480,0.025496,0.019038,8.784175
tournament 3,100,1,1.859271,225,150,rosenbrock,6,0.011096,0.070689,0.097310,0.056555,9.018270
tournament 3,100,1,0.500000,225,150,rosenbrock,6,0.005825,0.032044,0.037936,0.035646,11.123120
tournament 3,110,1,0.500000,225,150,rosenbrock,6,0.007522,0.024322,0.024213,0.020444,9.063600
tournament 3,110,1,0.774630,225,150,rosenbrock,6,0.009423,0.023864,0.024992,0.020388,8.815985
tournament 3,110,1,0.896332,225,150,rosenbrock,6,0.009264,0.032108,0.040707,0.021572,8.818390
tournament 3,70,1,1.728444,225,150,rosenbrock,6,0.025902,0.084321,0.094222,0.063956,10.404165
tournament 3,110,1,1.200103,225,150,rosenbrock,6,0.019685,0.044191,0.045765,0.026164,8.856055
tournament 3,110,1,1.037155,225,150,rosenbrock,6,0.004248,0.030723,0.034358,0.017891,9.379550
tournament 3,60,1,0.537845,225,150,rosenbrock,6,0.005367,0.024449,0.030336,0.019476,17.650590
tournament 3,90,1,1.200103,225,150,rosenbrock,6,0.005621,0.037845,0.049251,0.032453,18.660840
tournament 3,110,1,1.859271,225,150,rosenbrock,6,0.026214,0.084810,0.107416,0.066367,8.554170
tournament 3,110,1,0.669452,225,150,rosenbrock,6,0.000721,0.031566,0.036596,0.029850,12.948410
tournament 3,120,1,0.500000,225,150,rosenbrock,6,0.012452,0.033981,0.030862,0.029089,9.078175
tournament 3,110,1,0.578555,225,150,rosenbrock,6,0.011382,0.027161,0.029533,0.023417,13.513265
tournament 3,120,1,0.578555,225,150,rosenbrock,6,0.007484,0.033597,0.036437,0.022308,9.187425
tournament 3,90,1,1.606822,225,150,rosenbrock,6,0.033712,0.071761,0.074260,0.065652,18.975230
tournament 3,100,1,0.578555,225,150,rosenbrock,6,0.003449,0.023638,0.023514,0.028032,19.869525
tournament 3,70,1,1.493759,225,150,rosenbrock,6,0.019462,0.066384,0.072649,0.044955,14.190545
tournament 3,90,1,1.859271,225,150,rosenbrock,6,0.036421,0.098037,0.100374,0.080101,20.220905
tournament 3,120,1,0.774630,225,150,rosenbrock,6,0.009618,0.029967,0.033705,0.035872,9.535920
tournament 3,100,1,0.774630,225,150,rosenbrock,6,0.007029,0.030963,0.036352,0.040401,20.270495
tournament 3,50,1,2.000000,225,150,rosenbrock,6,0.050355,0.169537,0.214634,0.140113,21.832175
tournament 3,100,1,0.669452,225,150,rosenbrock,6,0.011310,0.022309,0.025140,0.022763,21.348375
tournament 3,120,1,1.200103,225,150,rosenbrock,6,0.013464,0.030703,0.038065,0.026490,8.943780
tournament 3,60,1,2.000000,225,150,rosenbrock,6,0.064515,0.136622,0.140645,0.096436,22.042730
tournament 3,120,1,1.388651,225,150,rosenbrock,6,0.006688,0.040148,0.043514,0.029117,9.047460
tournament 3,100,1,1.200103,225,150,rosenbrock,6,0.019256,0.039101,0.044328,0.034342,20.777270
tournament 3,100,1,1.388651,225,150,rosenbrock,6,0.029153,0.056935,0.056509,0.032597,20.655935
tournament 3,110,1,1.388651,225,150,rosenbrock,6,0.003023,0.024508,0.027707,0.030427,16.467485
tournament 3,120,1,1.859271,225,150,rosenbrock,6,0.015978,0.081217,0.094989,0.061243,9.814110
tournament 3,100,1,1.606822,225,150,rosenbrock,6,0.006432,0.052663,0.054592,0.038113,21.911010
tournament 3,130,1,1.606822,225,150,rosenbrock,6,0.035319,0.060973,0.066407,0.034734,9.409375
tournament 3,80,1,1.493759,225,150,rosenbrock,6,0.024815,0.052016,0.053674,0.055611,9.256790
tournament 3,110,1,1.606822,225,150,rosenbrock,6,0.004935,0.043898,0.047988,0.046874,17.548740
tournament 3,130,1,1.859271,225,150,rosenbrock,6,0.016167,0.072260,0.076024,0.073955,8.984380
tournament 3,140,1,0.500000,225,150,rosenbrock,6,0.005417,0.026582,0.028402,0.022007,10.706535
tournament 3,140,1,0.578555,225,150,rosenbrock,6,0.007784,0.021650,0.021258,0.029831,10.847865
tournament 3,130,1,0.774630,225,150,rosenbrock,6,0.005710,0.036385,0.039662,0.027628,15.122450
tournament 3,160,1,0.896332,225,150,rosenbrock,6,0.012397,0.029337,0.031524,0.030641,15.310725
tournament 3,120,1,0.669452,225,150,rosenbrock,6,0.001565,0.023300,0.028662,0.027754,20.255200
tournament 3,140,1,1.606822,225,150,rosenbrock,6,0.022703,0.062227,0.074498,0.039253,10.123295
tournament 3,140,1,1.388651,225,150,rosenbrock,6,0.005348,0.038837,0.043766,0.025350,10.439980
tournament 3,80,1,1.728444,225,150,rosenbrock,6,0.005077,0.086767,0.093755,0.068820,10.298395
tournament 3,150,1,0.500000,225,150,rosenbrock,6,0.014499,0.033108,0.033547,0.014341,10.266530
tournament 3,140,1,1.859271,225,150,rosenbrock,6,0.025899,0.084997,0.099661,0.056290,10.648885
tournament 3,150,1,0.669452,225,150,rosenbrock,6,0.003651,0.025633,0.028890,0.036110,10.147170
tournament 3,90,1,0.537845,225,150,rosenbrock,6,0.011183,0.029617,0.037588,0.033492,11.010555
tournament 3,150,1,1.037155,225,150,rosenbrock,6,0.006995,0.027208,0.028828,0.032193,10.212825
tournament 3,100,1,0.896332,225,150,rosenbrock,6,0.006777,0.032773,0.034419,0.031789,10.712380
tournament 3,150,1,0.578555,225,150,rosenbrock,6,0.005657,0.022345,0.027510,0.026564,11.383515
tournament 3,150,1,0.896332,225,150,rosenbrock,6,0.003858,0.035533,0.038727,0.029184,10.734180
tournament 3,100,1,1.037155,225,150,rosenbrock,6,0.008811,0.025902,0.022875,0.025443,11.419845
tournament 3,90,1,0.833262,225,150,rosenbrock,6,0.004052,0.028568,0.037890,0.022118,10.561380
tournament 3,150,1,1.200103,225,150,rosenbrock,6,0.003882,0.027165,0.032152,0.024580,10.854790
tournament 3,150,1,1.388651,225,150,rosenbrock,6,0.012734,0.046200,0.051787,0.029150,11.064700
tournament 3,120,1,1.606822,225,150,rosenbrock,6,0.016438,0.054542,0.062448,0.052334,23.662125
tournament 3,120,1,1.037155,225,150,rosenbrock,6,0.004753,0.028544,0.036129,0.024123,24.740825
tournament 3,130,1,1.200103,225,150,rosenbrock,6,0.010056,0.034904,0.039671,0.026219,23.238965
tournament 3,130,1,1.037155,225,150,rosenbrock,6,0.002965,0.026570,0.035451,0.029958,23.592715
tournament 3,130,1,0.578555,225,150,rosenbrock,6,0.005522,0.040403,0.049426,0.025541,24.612025
tournament 3,150,1,1.606822,225,150,rosenbrock,6,0.012774,0.043058,0.049044,0.035784,11.935085
tournament 3,90,1,1.493759,225,150,rosenbrock,6,0.003720,0.055622,0.060411,0.043445,10.830225
tournament 3,120,1,0.896332,225,150,rosenbrock,6,0.008711,0.028770,0.035189,0.037078,27.224260
tournament 3,130,1,0.669452,225,150,rosenbrock,6,0.007974,0.027041,0.030753,0.032028,25.003430
tournament 3,150,1,1.859271,225,150,rosenbrock,6,0.017157,0.072216,0.086647,0.063894,10.941905
tournament 3,90,1,0.964176,225,150,rosenbrock,6,0.011359,0.036700,0.035353,0.028248,9.087950
tournament 3,130,1,0.500000,225,150,rosenbrock,6,0.012137,0.025746,0.026840,0.023003,26.608635
tournament 3,130,1,0.896332,225,150,rosenbrock,6,0.007896,0.028958,0.032368,0.026867,26.752525
tournament 3,160,1,0.500000,225,150,rosenbrock,6,0.004742,0.024024,0.026420,0.021280,9.043480
tournament 3,140,1,0.774630,225,150,rosenbrock,6,0.005390,0.026959,0.030688,0.038333,21.555695
tournament 3,90,1,1.115658,225,150,rosenbrock,6,0.003635,0.031051,0.034721,0.018861,9.448020
tournament 3,140,1,0.669452,225,150,rosenbrock,6,0.004618,0.026931,0.031475,0.018066,23.087615
tournament 3,80,1,1.290939,225,150,rosenbrock,6,0.009537,0.045596,0.058455,0.029795,19.596285
tournament 3,140,1,1.037155,225,150,rosenbrock,6,0.003177,0.024077,0.027467,0.029869,21.333370
tournament 3,160,1,0.578555,225,150,rosenbrock,6,0.007539,0.023762,0.023049,0.042830,8.875870
tournament 3,140,1,0.896332,225,150,rosenbrock,6,0.004256,0.022653,0.026591,0.019916,22.499850
tournament 3,160,1,0.669452,225,150,rosenbrock,6,0.001496,0.030181,0.037208,0.030875,8.752795
tournament 3,150,1,0.833262,225,150,rosenbrock,6,0.001297,0.022047,0.027294,0.026909,8.823545
tournament 3,90,1,0.622346,225,150,rosenbrock,6,0.001832,0.018710,0.023144,0.016981,19.913155
tournament 3,80,1,2.000000,225,150,rosenbrock,6,0.039366,0.094695,0.106724,0.060100,20.222445
tournament 3,140,1,1.200103,225,150,rosenbrock,6,0.020351,0.045717,0.048019,0.033497,23.139865
tournament 3,110,1,0.537845,225,150,rosenbrock,6,0.012206,0.041125,0.048338,0.029182,8.381500
tournament 3,110,1,0.964176,225,150,rosenbrock,6,0.003555,0.025899,0.028177,0.027515,8.289980
tournament 3,100,1,0.537845,225,150,rosenbrock,6,0.004218,0.027019,0.035314,0.020747,9.495120
tournament 3,100,1,2.000000,225,150,rosenbrock,6,0.044765,0.083709,0.093857,0.070201,10.805285
tournament 3,110,1,0.833262,225,150,rosenbrock,6,0.007093,0.026007,0.030080,0.032789,9.892360
tournament 3,110,1,1.290939,225,150,rosenbrock,6,0.006349,0.039568,0.048822,0.031530,8.134570
tournament 3,110,1,1.115658,225,150,rosenbrock,6,0.011246,0.035278,0.041896,0.021759,7.952275
tournament 3,160,1,0.774630,225,150,rosenbrock,6,0.011055,0.029948,0.030375,0.026658,10.710340
tournament 3,110,1,2.000000,225,150,rosenbrock,6,0.046772,0.092858,0.107779,0.063629,8.130445
tournament 3,110,1,0.720123,225,150,rosenbrock,6,0.007289,0.023330,0.026909,0.026657,9.758750
tournament 3,130,1,1.388651,225,150,rosenbrock,6,0.005128,0.042325,0.046841,0.021895,11.042465
tournament 3,120,1,0.622346,225,150,rosenbrock,6,0.004217,0.019733,0.024235,0.020561,8.677710
tournament 3,120,1,0.537845,225,150,rosenbrock,6,0.010841,0.031007,0.035517,0.029743,10.061095
tournament 3,120,1,0.833262,225,150,rosenbrock,6,0.001118,0.022599,0.025588,0.019022,8.811800
tournament 3,160,1,1.037155,225,150,rosenbrock,6,0.004541,0.017815,0.019621,0.018367,9.728290
tournament 3,120,1,1.290939,225,150,rosenbrock,6,0.017992,0.046546,0.059930,0.031101,8.572675
tournament 3,120,1,1.493759,225,150,rosenbrock,6,0.023167,0.054615,0.064519,0.061070,9.088975
tournament 3,120,1,2.000000,225,150,rosenbrock,6,0.041065,0.114545,0.137284,0.058033,9.136480
tournament 3,90,1,1.728444,225,150,rosenbrock,6,0.002817,0.073712,0.088585,0.047613,11.562460
tournament 3,160,1,1.606822,225,150,rosenbrock,6,0.028087,0.060793,0.069882,0.035544,9.281230
tournament 3,130,1,2.000000,225,150,rosenbrock,6,0.027515,0.089322,0.096769,0.094668,9.048610
tournament 3,130,1,1.728444,225,150,rosenbrock,6,0.026114,0.076673,0.094805,0.062786,10.113370
tournament 3,110,1,1.728444,225,150,rosenbrock,6,0.012237,0.073492,0.080798,0.067654,9.503920
tournament 3,140,1,0.622346,225,150,rosenbrock,6,0.012126,0.026848,0.029163,0.035379,8.841080
tournament 3,140,1,0.537845,225,150,rosenbrock,6,0.008484,0.021736,0.025844,0.019616,9.542625
tournament 3,160,1,1.200103,225,150,rosenbrock,6,0.005399,0.029518,0.032895,0.028912,13.042865
tournament 3,90,1,1.290939,225,150,rosenbrock,6,0.028321,0.057781,0.066551,0.034482,17.246165
tournament 3,100,1,1.493759,225,150,rosenbrock,6,0.019866,0.056127,0.059532,0.049378,13.908380
tournament 3,180,1,0.578555,225,150,rosenbrock,6,0.003893,0.022147,0.025262,0.023149,14.731415
tournament 3,120,1,0.720123,225,150,rosenbrock,6,0.007981,0.029584,0.035579,0.019961,9.010455
tournament 3,140,1,1.728444,225,150,rosenbrock,6,0.003587,0.046177,0.053957,0.051707,9.026630
tournament 3,110,1,1.493759,225,150,rosenbrock,6,0.013519,0.053076,0.066371,0.033507,16.217650
tournament 3,140,1,1.493759,225,150,rosenbrock,6,0.009923,0.041298,0.043405,0.043073,9.174455
tournament 3,110,1,0.622346,225,150,rosenbrock,6,0.005439,0.025569,0.034639,0.031142,19.763090
tournament 3,160,1,1.859271,225,150,rosenbrock,6,0.003429,0.058013,0.063708,0.055909,8.819045
tournament 3,150,1,0.537845,225,150,rosenbrock,6,0.005133,0.026562,0.032252,0.034364,8.795290
tournament 3,100,1,1.290939,225,150,rosenbrock,6,0.008674,0.034682,0.041412,0.026553,18.420825
tournament 3,150,1,0.720123,225,150,rosenbrock,6,0.005277,0.028808,0.028729,0.034915,8.780240
tournament 3,100,1,0.622346,225,150,rosenbrock,6,0.004653,0.028176,0.033964,0.020395,22.057285
tournament 3,150,1,1.115658,225,150,rosenbrock,6,0.002681,0.018263,0.018451,0.025618,8.847640
tournament 3,100,1,0.833262,225,150,rosenbrock,6,0.010094,0.037197,0.038783,0.026944,21.386045
tournament 3,90,1,2.000000,225,150,rosenbrock,6,0.023155,0.108618,0.133743,0.109674,22.691355
tournament 3,150,1,0.964176,225,150,rosenbrock,6,0.001172,0.018020,0.022849,0.018379,8.814950
tournament 3,170,1,0.578555,225,150,rosenbrock,6,0.006522,0.029130,0.029112,0.027203,9.065895
tournament 3,150,1,1.493759,225,150,rosenbrock,6,0.029547,0.059350,0.065208,0.033022,8.809020
tournament 3,100,1,0.720123,225,150,rosenbrock,6,0.014393,0.029764,0.028826,0.029282,22.596510
tournament 3,160,1,1.388651,225,150,rosenbrock,6,0.006278,0.042754,0.043877,0.030240,23.959100
tournament 3,160,1,0.964176,225,150,rosenbrock,6,0.006296,0.024908,0.026704,0.025323,18.340140
tournament 3,130,1,0.833262,225,150,rosenbrock,6,0.010887,0.032280,0.033741,0.030717,20.887345
tournament 3,150,1,1.728444,225,150,rosenbrock,6,0.018825,0.071366,0.080575,0.045729,8.878670
tournament 3,170,1,0.669452,225,150,rosenbrock,6,0.004744,0.019069,0.021358,0.018369,9.007925
tournament 3,150,1,2.000000,225,150,rosenbrock,6,0.017851,0.070804,0.079368,0.058001,9.017370
tournament 3,140,1,2.000000,225,150,rosenbrock,6,0.026417,0.088029,0.098582,0.066606,17.566625
tournament 3,100,1,0.964176,225,150,rosenbrock,6,0.008788,0.023884,0.027751,0.023730,15.562055
tournament 3,170,1,0.500000,225,150,rosenbrock,6,0.005841,0.018219,0.019752,0.024153,16.710075
tournament 3,150,1,0.622346,225,150,rosenbrock,6,0.003676,0.028014,0.035560,0.018292,15.839470
tournament 3,160,1,0.537845,225,150,rosenbrock,6,0.006970,0.021269,0.025403,0.019587,9.327300
tournament 3,150,1,1.290939,225,150,rosenbrock,6,0.012717,0.051459,0.061555,0.020928,15.572825
tournament 3,170,1,0.896332,225,150,rosenbrock,6,0.008823,0.034150,0.042360,0.037563,9.232745
tournament 3,160,1,0.720123,225,150,rosenbrock,6,0.006826,0.030218,0.031470,0.043767,10.008490
tournament 3,170,1,1.200103,225,150,rosenbrock,6,0.008880,0.026030,0.031208,0.019933,9.908235
tournament 3,170,1,1.859271,225,150,rosenbrock,6,0.024126,0.055803,0.064253,0.057514,9.638860
tournament 3,170,1,0.774630,225,150,rosenbrock,6,0.005531,0.033490,0.033140,0.032752,12.897130
tournament 3,160,1,0.622346,225,150,rosenbrock,6,0.003762,0.024582,0.027952,0.031385,10.699425
tournament 3,180,1,0.500000,225,150,rosenbrock,6,0.010837,0.027420,0.028935,0.024145,9.949515
tournament 3,100,1,1.728444,225,150,rosenbrock,6,0.009170,0.077111,0.104560,0.058575,9.760935
tournament 3,180,1,0.669452,225,150,rosenbrock,6,0.007428,0.025478,0.030286,0.020047,9.450915
tournament 3,120,1,1.728444,225,150,rosenbrock,6,0.009517,0.065308,0.069995,0.055438,20.260670
tournament 3,130,1,0.622346,225,150,rosenbrock,6,0.007416,0.030246,0.042871,0.029835,17.927460
tournament 3,180,1,0.774630,225,150,rosenbrock,6,0.007738,0.028776,0.033659,0.024420,9.023120
tournament 3,180,1,1.037155,225,150,rosenbrock,6,0.006801,0.030579,0.034525,0.030969,9.605405
tournament 3,180,1,0.896332,225,150,rosenbrock,6,0.006228,0.027237,0.030950,0.020908,9.647630
tournament 3,120,1,1.115658,225,150,rosenbrock,6,0.008094,0.036604,0.039664,0.029155,21.825065
tournament 3,180,1,1.606822,225,150,rosenbrock,6,0.016423,0.068421,0.083663,0.046706,9.221735
tournament 3,180,1,1.200103,225,150,rosenbrock,6,0.010090,0.031841,0.038534,0.027826,10.501300
tournament 3,190,1,0.500000,225,150,rosenbrock,6,0.000795,0.020286,0.021656,0.016452,8.970595
tournament 3,190,1,0.578555,225,150,rosenbrock,6,0.004917,0.029948,0.032132,0.020790,8.704440
tournament 3,190,1,0.669452,225,150,rosenbrock,6,0.005672,0.029555,0.037706,0.018251,8.866660
tournament 3,160,1,1.728444,225,150,rosenbrock,6,0.013730,0.101261,0.121122,0.056047,8.572280
tournament 3,180,1,1.859271,225,150,rosenbrock,6,0.038154,0.087368,0.102646,0.046885,12.601045
tournament 3,100,1,1.115658,225,150,rosenbrock,6,0.007623,0.037899,0.040183,0.022839,30.280580
tournament 3,130,1,1.290939,225,150,rosenbrock,6,0.004598,0.034815,0.038382,0.038204,27.062065
tournament 3,190,1,1.606822,225,150,rosenbrock,6,0.024736,0.050382,0.062909,0.033423,8.832005
tournament 3,190,1,0.774630,225,150,rosenbrock,6,0.007230,0.028006,0.036915,0.022027,13.249590
tournament 3,190,1,1.859271,225,150,rosenbrock,6,0.018697,0.070797,0.073596,0.066811,9.794795
tournament 3,200,1,0.774630,225,150,rosenbrock,6,0.008594,0.027050,0.031220,0.026446,9.448450
tournament 3,200,1,1.037155,225,150,rosenbrock,6,0.006826,0.032951,0.040216,0.036100,9.587240
tournament 3,130,1,1.115658,225,150,rosenbrock,6,0.008135,0.027485,0.034445,0.020485,29.723600
tournament 3,160,1,2.000000,225,150,rosenbrock,6,0.003506,0.074287,0.093366,0.099601,8.972320
tournament 3,190,1,0.896332,225,150,rosenbrock,6,0.012261,0.033790,0.037855,0.018196,15.975855
tournament 3,200,1,1.388651,225,150,rosenbrock,6,0.014410,0.047286,0.052012,0.059669,8.698110
tournament 3,200,1,1.859271,225,150,rosenbrock,6,0.006619,0.067536,0.084130,0.063166,9.291345
tournament 5,10,1,0.578555,225,150,rosenbrock,6,0.463594,2.094417,2.511079,0.974148,10.158800
tournament 3,170,1,1.606822,225,150,rosenbrock,6,0.007955,0.044715,0.055448,0.030037,29.622280
tournament 3,170,1,1.037155,225,150,rosenbrock,6,0.005728,0.019806,0.021503,0.029223,31.820735
tournament 5,10,1,0.896332,225,150,rosenbrock,6,1.329839,2.481532,2.664725,0.897405,10.229530
tournament 3,170,1,0.622346,225,150,rosenbrock,6,0.005185,0.027630,0.035370,0.020147,9.839050
tournament 3,120,1,0.964176,225,150,rosenbrock,6,0.006201,0.027168,0.036424,0.034384,35.903125
tournament 5,10,1,1.037155,225,150,rosenbrock,6,0.797262,2.534551,2.893387,1.642573,10.367315
tournament 3,130,1,0.720123,225,150,rosenbrock,6,0.012550,0.032482,0.035676,0.031566,35.943890
tournament 3,140,1,1.115658,225,150,rosenbrock,6,0.004267,0.027387,0.031573,0.026654,33.472620
tournament 3,130,1,0.537845,225,150,rosenbrock,6,0.001848,0.027143,0.031902,0.025994,35.857300
tournament 3,170,1,1.388651,225,150,rosenbrock,6,0.006654,0.037606,0.043123,0.035091,33.717005
tournament 3,130,1,0.964176,225,150,rosenbrock,6,0.006328,0.026141,0.031891,0.027264,37.231285
tournament 3,140,1,0.964176,225,150,rosenbrock,6,0.007287,0.026360,0.032985,0.026969,35.386185
tournament 3,140,1,1.290939,225,150,rosenbrock,6,0.006515,0.026140,0.026075,0.024795,34.529665
tournament 5,20,1,0.500000,225,150,rosenbrock,6,0.119953,0.329714,0.388205,0.303808,9.372375
tournament 3,140,1,0.833262,225,150,rosenbrock,6,0.001885,0.019324,0.019843,0.029352,37.278440
tournament 3,170,1,0.720123,225,150,rosenbrock,6,0.003791,0.022808,0.025508,0.019537,9.954820
tournament 5,10,1,1.859271,225,150,rosenbrock,6,2.747308,8.307947,9.487860,3.344661,10.481710
tournament 3,140,1,0.720123,225,150,rosenbrock,6,0.002868,0.030930,0.044117,0.030616,37.361755
tournament 3,180,1,1.388651,225,150,rosenbrock,6,0.010809,0.044452,0.052309,0.036883,30.240305
tournament 3,180,1,0.622346,225,150,rosenbrock,6,0.003563,0.025007,0.030015,0.023107,24.055070
tournament 3,160,1,0.833262,225,150,rosenbrock,6,0.011452,0.030031,0.036666,0.032181,32.142590
tournament 3,170,1,0.964176,225,150,rosenbrock,6,0.008652,0.028470,0.032527,0.029155,9.503350
tournament 5,20,1,0.896332,225,150,rosenbrock,6,0.152600,0.443846,0.477453,0.255868,10.694880
tournament 3,170,1,2.000000,225,150,rosenbrock,6,0.016365,0.062274,0.059813,0.107016,9.625135
tournament 3,190,1,1.200103,225,150,rosenbrock,6,0.007870,0.035841,0.040396,0.027877,26.802965
tournament 3,130,1,1.493759,225,150,rosenbrock,6,0.014287,0.046251,0.057031,0.044193,32.336110
tournament 3,170,1,1.290939,225,150,rosenbrock,6,0.002795,0.032416,0.033276,0.031938,10.317050
tournament 3,190,1,1.037155,225,150,rosenbrock,6,0.003770,0.027301,0.032778,0.025904,28.715320
tournament 5,20,1,1.200103,225,150,rosenbrock,6,0.056051,0.662924,0.847390,0.494360,10.778155
tournament 3,160,1,1.115658,225,150,rosenbrock,6,0.008197,0.032712,0.032042,0.042998,30.697545
tournament 3,190,1,1.388651,225,150,rosenbrock,6,0.010634,0.043503,0.052538,0.034911,27.506615
tournament 3,200,1,0.500000,225,150,rosenbrock,6,0.008867,0.029470,0.035553,0.033577,26.621940
tournament 3,160,1,1.290939,225,150,rosenbrock,6,0.003837,0.034500,0.039154,0.034397,26.874485
tournament 3,200,1,0.669452,225,150,rosenbrock,6,0.005510,0.024672,0.025625,0.023682,27.968995
tournament 3,200,1,0.896332,225,150,rosenbrock,6,0.005334,0.025689,0.026634,0.019559,27.534960
tournament 3,180,1,0.537845,225,150,rosenbrock,6,0.001912,0.018422,0.017562,0.028636,10.071295
tournament 3,200,1,0.578555,225,150,rosenbrock,6,0.000532,0.026559,0.031215,0.034934,29.170385
tournament 3,180,1,0.720123,225,150,rosenbrock,6,0.011284,0.027595,0.029481,0.024719,10.700455
tournament 3,180,1,0.964176,225,150,rosenbrock,6,0.007061,0.029509,0.033737,0.036386,9.598425
tournament 3,180,1,1.115658,225,150,rosenbrock,6,0.003504,0.029203,0.033047,0.025406,10.288945
tournament 5,30,1,0.500000,225,150,rosenbrock,6,0.059067,0.153462,0.190437,0.098432,10.851555
tournament 5,10,1,1.200103,225,150,rosenbrock,6,1.551235,3.467641,3.776151,1.534438,23.123835
tournament 3,180,1,0.833262,225,150,rosenbrock,6,0.004391,0.024708,0.032184,0.023436,11.171165
tournament 5,20,1,1.859271,225,150,rosenbrock,6,0.584069,1.636573,1.565309,1.156021,11.840945
tournament 5,30,1,0.578555,225,150,rosenbrock,6,0.037429,0.108996,0.131541,0.064923,9.901560
tournament 3,200,1,1.200103,225,150,rosenbrock,6,0.010453,0.046815,0.055584,0.030876,31.406955
tournament 3,180,1,1.728444,225,150,rosenbrock,6,0.027154,0.068020,0.081605,0.075297,9.997495
tournament 3,190,1,0.622346,225,150,rosenbrock,6,0.010509,0.030410,0.031774,0.034039,9.207790
tournament 3,180,1,1.290939,225,150,rosenbrock,6,0.009172,0.040672,0.047663,0.025307,10.382315
tournament 3,190,1,0.537845,225,150,rosenbrock,6,0.002098,0.027660,0.034550,0.024706,9.982810
tournament 5,30,1,0.669452,225,150,rosenbrock,6,0.068397,0.168312,0.176527,0.093791,9.412745
tournament 3,190,1,0.720123,225,150,rosenbrock,6,0.009535,0.033005,0.037147,0.021199,10.088990
tournament 5,10,1,0.500000,225,150,rosenbrock,6,0.725111,1.676922,1.937853,1.162730,31.075605
tournament 5,10,1,0.774630,225,150,rosenbrock,6,0.325630,2.107386,2.568221,1.134765,29.994065
tournament 3,180,1,2.000000,225,150,rosenbrock,6,0.016935,0.091024,0.106355,0.049891,9.716335
tournament 3,200,1,1.606822,225,150,rosenbrock,6,0.005633,0.063617,0.075639,0.050675,33.307610
tournament 5,10,1,0.669452,225,150,rosenbrock,6,0.717996,2.072794,2.239211,1.169629,33.235405
tournament 5,20,1,0.774630,225,150,rosenbrock,6,0.123683,0.427629,0.513319,0.277760,24.870990
tournament 5,30,1,0.896332,225,150,rosenbrock,6,0.041430,0.164197,0.202852,0.093504,10.125555
tournament 3,190,1,1.728444,225,150,rosenbrock,6,0.020945,0.058522,0.062148,0.032172,9.119945
tournament 5,20,1,0.669452,225,150,rosenbrock,6,0.038853,0.340100,0.404477,0.241832,27.548100
tournament 3,190,1,0.833262,225,150,rosenbrock,6,0.011911,0.027178,0.027894,0.022887,9.294030
tournament 3,160,1,1.493759,225,150,rosenbrock,6,0.023938,0.047217,0.051927,0.049634,31.364775
tournament 3,190,1,2.000000,225,150,rosenbrock,6,0.040397,0.101199,0.129181,0.055493,9.054050
tournament 3,200,1,0.833262,225,150,rosenbrock,6,0.003672,0.025886,0.028579,0.024653,8.970900
tournament 5,10,1,1.388651,225,150,rosenbrock,6,0.896320,3.972570,4.198943,2.244335,31.469970
tournament 5,10,1,1.606822,225,150,rosenbrock,6,2.006721,4.899426,5.279478,1.968636,31.475015
tournament 5,20,1,1.037155,225,150,rosenbrock,6,0.196912,0.436957,0.496988,0.352617,28.282645
tournament 3,200,1,1.115658,225,150,rosenbrock,6,0.015409,0.040199,0.042926,0.026093,9.111190
tournament 3,170,1,0.537845,225,150,rosenbrock,6,0.003318,0.024766,0.020338,0.033838,29.005160
tournament 5,20,1,0.578555,225,150,rosenbrock,6,0.050013,0.343330,0.391934,0.276285,30.498940
tournament 5,30,1,1.037155,225,150,rosenbrock,6,0.031679,0.157756,0.188904,0.126166,9.534965
tournament 3,170,1,0.833262,225,150,rosenbrock,6,0.009340,0.022084,0.021549,0.019840,26.672580
tournament 3,200,1,1.493759,225,150,rosenbrock,6,0.012029,0.041565,0.047366,0.022840,9.295105
tournament 5,30,1,1.200103,225,150,rosenbrock,6,0.064957,0.162057,0.157599,0.121299,9.925615
tournament 3,200,1,2.000000,225,150,rosenbrock,6,0.027626,0.088310,0.107441,0.063563,9.332375
tournament 5,20,1,1.606822,225,150,rosenbrock,6,0.563424,1.121813,1.187031,0.615463,24.339040
tournament 5,20,1,1.388651,225,150,rosenbrock,6,0.354176,0.718167,0.794867,0.387116,26.667380
tournament 5,10,1,0.622346,225,150,rosenbrock,6,0.495989,1.797780,2.004426,1.180512,9.920340
tournament 5,10,1,0.964176,225,150,rosenbrock,6,0.701855,2.305284,3.014941,1.706354,10.210955
tournament 5,30,1,1.388651,225,150,rosenbrock,6,0.058813,0.216188,0.270753,0.141072,10.867770
tournament 5,10,1,1.115658,225,150,rosenbrock,6,1.690204,3.407565,3.910294,1.319400,9.358625
tournament 3,170,1,1.728444,225,150,rosenbrock,6,0.012810,0.052364,0.062933,0.043181,14.846550
tournament 3,170,1,1.115658,225,150,rosenbrock,6,0.005410,0.028039,0.034976,0.035516,16.168530
tournament 5,40,1,1.200103,225,150,rosenbrock,6,0.017681,0.082641,0.092774,0.060862,9.562495
tournament 5,50,1,0.500000,225,150,rosenbrock,6,0.011841,0.059346,0.071426,0.044107,9.657180
tournament 5,20,1,0.537845,225,150,rosenbrock,6,0.115796,0.345284,0.413342,0.196624,11.174095
tournament 5,20,1,0.964176,225,150,rosenbrock,6,0.166572,0.503610,0.544742,0.183758,10.102620
tournament 5,70,1,0.774630,225,150,rosenbrock,6,0.004241,0.023513,0.026232,0.022159,11.890760
tournament 5,50,1,0.774630,225,150,rosenbrock,6,0.018445,0.067419,0.089997,0.045177,9.996165
tournament 3,190,1,1.115658,225,150,rosenbrock,6,0.005400,0.032073,0.034692,0.029664,9.815470
tournament 5,50,1,0.578555,225,150,rosenbrock,6,0.009656,0.046193,0.052969,0.035835,10.464285
tournament 5,20,1,1.290939,225,150,rosenbrock,6,0.163524,0.548011,0.638961,0.333531,9.946340
tournament 5,10,1,2.000000,225,150,rosenbrock,6,2.219641,6.906716,7.949850,2.884177,12.344725
tournament 5,40,1,0.578555,225,150,rosenbrock,6,0.010367,0.054466,0.065495,0.048591,14.302700
tournament 5,40,1,1.606822,225,150,rosenbrock,6,0.062550,0.168748,0.210248,0.093979,13.315570
tournament 3,190,1,1.290939,225,150,rosenbrock,6,0.014017,0.029676,0.034502,0.031812,14.577735
tournament 5,30,1,0.774630,225,150,rosenbrock,6,0.057795,0.163545,0.169956,0.114420,31.740320
tournament 5,50,1,1.200103,225,150,rosenbrock,6,0.022346,0.062476,0.076549,0.032355,11.835000
tournament 3,200,1,0.537845,225,150,rosenbrock,6,0.006427,0.021982,0.025620,0.038359,13.777840
tournament 5,30,1,1.606822,225,150,rosenbrock,6,0.110442,0.349576,0.363182,0.237842,23.893600
tournament 5,50,1,1.037155,225,150,rosenbrock,6,0.008014,0.045557,0.050923,0.033938,13.287620
tournament 3,200,1,0.964176,225,150,rosenbrock,6,0.008136,0.030770,0.034406,0.030828,12.792405
tournament 3,200,1,0.622346,225,150,rosenbrock,6,0.002933,0.023584,0.020640,0.025816,12.741720
tournament 5,50,1,1.606822,225,150,rosenbrock,6,0.013573,0.082331,0.093893,0.072810,12.546760
tournament 5,50,1,1.859271,225,150,rosenbrock,6,0.011186,0.141234,0.181577,0.105944,11.181155
tournament 5,50,1,1.388651,225,150,rosenbrock,6,0.014597,0.080727,0.091694,0.067307,13.769400
tournament 3,190,1,0.964176,225,150,rosenbrock,6,0.007935,0.023829,0.028591,0.025618,30.437515
tournament 3,200,1,1.290939,225,150,rosenbrock,6,0.010555,0.035368,0.039114,0.022497,10.973110
tournament 5,60,1,0.500000,225,150,rosenbrock,6,0.013937,0.032995,0.038247,0.025008,11.280710
tournament 5,60,1,1.037155,225,150,rosenbrock,6,0.012680,0.048804,0.053393,0.024564,10.651250
tournament 5,60,1,0.578555,225,150,rosenbrock,6,0.012974,0.031343,0.040419,0.047427,11.367655
tournament 5,60,1,0.669452,225,150,rosenbrock,6,0.013932,0.034756,0.034108,0.050494,11.395445
tournament 5,60,1,0.896332,225,150,rosenbrock,6,0.009100,0.029518,0.033442,0.032248,11.331475
tournament 5,60,1,0.774630,225,150,rosenbrock,6,0.011670,0.037551,0.040639,0.036957,11.805575
tournament 5,30,1,0.720123,225,150,rosenbrock,6,0.086485,0.178653,0.191758,0.132850,12.428385
tournament 5,40,1,0.500000,225,150,rosenbrock,6,0.045136,0.068076,0.069657,0.037368,25.595495
tournament 5,10,1,1.290939,225,150,rosenbrock,6,1.459194,3.868642,4.370253,2.123099,13.978080
tournament 3,170,1,1.493759,225,150,rosenbrock,6,0.009235,0.048067,0.058391,0.038770,26.190345
tournament 5,40,1,0.896332,225,150,rosenbrock,6,0.026089,0.085572,0.086354,0.078729,26.202330
tournament 3,180,1,1.493759,225,150,rosenbrock,6,0.008701,0.034391,0.039256,0.019458,26.553055
tournament 5,40,1,0.669452,225,150,rosenbrock,6,0.018321,0.073958,0.079168,0.076785,29.214745
tournament 5,40,1,1.388651,225,150,rosenbrock,6,0.030276,0.100396,0.096755,0.069317,28.106860
tournament 5,40,1,0.774630,225,150,rosenbrock,6,0.050622,0.087319,0.095720,0.065178,29.587440
tournament 5,60,1,1.200103,225,150,rosenbrock,6,0.004553,0.046709,0.052015,0.036594,9.636260
tournament 5,30,1,1.859271,225,150,rosenbrock,6,0.251592,0.524226,0.629877,0.293995,31.312070
tournament 5,10,1,0.537845,225,150,rosenbrock,6,0.752049,1.748914,1.996150,0.856938,15.048165
tournament 5,50,1,0.896332,225,150,rosenbrock,6,0.011621,0.060949,0.077427,0.047388,27.030705
tournament 5,40,1,1.859271,225,150,rosenbrock,6,0.053593,0.231324,0.303410,0.147771,29.647775
tournament 3,190,1,1.493759,225,150,rosenbrock,6,0.002580,0.030764,0.034889,0.044048,27.103630
tournament 5,50,1,0.669452,225,150,rosenbrock,6,0.027081,0.058202,0.060165,0.047980,30.053010
tournament 5,30,1,0.622346,225,150,rosenbrock,6,0.011751,0.158667,0.194351,0.110229,20.009405
tournament 5,60,1,1.388651,225,150,rosenbrock,6,0.023764,0.060736,0.075831,0.054330,9.527980
tournament 5,60,1,1.606822,225,150,rosenbrock,6,0.032110,0.071575,0.079747,0.071992,9.712515
tournament 3,200,1,0.720123,225,150,rosenbrock,6,0.007112,0.022092,0.027303,0.016389,26.261555
tournament 5,70,1,0.500000,225,150,rosenbrock,6,0.009411,0.027821,0.032866,0.017699,9.801390
tournament 5,70,1,0.578555,225,150,rosenbrock,6,0.012003,0.026890,0.025749,0.026049,9.836165
tournament 5,70,1,0.669452,225,150,rosenbrock,6,0.001994,0.024920,0.027409,0.020481,9.826195
tournament 5,30,1,0.537845,225,150,rosenbrock,6,0.062861,0.139933,0.165508,0.105430,22.608660
tournament 5,20,1,2.000000,225,150,rosenbrock,6,0.502077,2.058637,2.656249,1.062021,23.135270
tournament 5,70,1,1.037155,225,150,rosenbrock,6,0.007603,0.022523,0.024652,0.027776,10.350205
tournament 5,10,1,0.833262,225,150,rosenbrock,6,0.626661,1.952843,2.395060,1.023255,16.781810
tournament 5,30,1,0.964176,225,150,rosenbrock,6,0.018500,0.118812,0.142538,0.060947,13.801195
tournament 5,30,1,1.115658,225,150,rosenbrock,6,0.044964,0.161631,0.171133,0.112707,13.052565
tournament 5,30,1,1.290939,225,150,rosenbrock,6,0.064190,0.169882,0.210785,0.119910,10.445740
tournament 5,40,1,1.037155,225,150,rosenbrock,6,0.034883,0.073035,0.087652,0.086953,13.668580
tournament 5,70,1,1.200103,225,150,rosenbrock,6,0.008206,0.025030,0.024307,0.027577,10.034550
tournament 5,20,1,0.622346,225,150,rosenbrock,6,0.090571,0.313741,0.399808,0.172814,15.463915
tournament 3,200,1,1.728444,225,150,rosenbrock,6,0.011279,0.049016,0.060015,0.062749,19.875915
tournament 5,70,1,1.388651,225,150,rosenbrock,6,0.015397,0.043765,0.050501,0.032352,11.119770
tournament 5,70,1,1.606822,225,150,rosenbrock,6,0.019826,0.063305,0.077609,0.046416,10.872800
tournament 5,20,1,0.833262,225,150,rosenbrock,6,0.272065,0.495063,0.542823,0.197369,19.758580
tournament 5,30,1,1.493759,225,150,rosenbrock,6,0.030609,0.233824,0.265203,0.173682,10.587015
tournament 5,40,1,1.290939,225,150,rosenbrock,6,0.044281,0.118200,0.128928,0.116534,9.899165
tournament 5,70,1,1.859271,225,150,rosenbrock,6,0.017530,0.092760,0.099214,0.060451,10.109340
tournament 5,80,1,0.578555,225,150,rosenbrock,6,0.002229,0.022021,0.025753,0.028975,10.109710
tournament 5,80,1,0.669452,225,150,rosenbrock,6,0.004852,0.023739,0.022116,0.033292,10.170305
tournament 5,50,1,0.537845,225,150,rosenbrock,6,0.011864,0.033326,0.037132,0.028896,10.745745
tournament 5,80,1,0.500000,225,150,rosenbrock,6,0.005083,0.033898,0.043401,0.031066,11.065635
tournament 5,10,1,1.728444,225,150,rosenbrock,6,2.592539,5.779564,6.425381,2.117757,21.258215
tournament 5,80,1,0.774630,225,150,rosenbrock,6,0.007537,0.024943,0.026844,0.029317,11.116800
tournament 5,60,1,1.859271,225,150,rosenbrock,6,0.032481,0.104058,0.089223,0.132811,22.276525
tournament 5,10,1,1.493759,225,150,rosenbrock,6,2.018255,5.105908,5.855718,1.843227,22.353640
tournament 5,10,1,0.720123,225,150,rosenbrock,6,0.468639,2.345207,2.852333,1.288839,24.497950
tournament 5,20,1,1.728444,225,150,rosenbrock,6,0.127642,1.180336,1.396030,0.795369,18.316900
tournament 5,50,1,0.833262,225,150,rosenbrock,6,0.005754,0.053009,0.062584,0.047147,9.730885
tournament 5,20,1,0.720123,225,150,rosenbrock,6,0.182874,0.357159,0.390591,0.197449,23.853445
tournament 5,80,1,0.896332,225,150,rosenbrock,6,0.005485,0.020475,0.027599,0.020044,10.257280
tournament 5,80,1,1.037155,225,150,rosenbrock,6,0.002208,0.023641,0.026025,0.029169,10.211220
tournament 5,50,1,0.622346,225,150,rosenbrock,6,0.016714,0.055501,0.067988,0.041705,10.312580
tournament 5,20,1,1.115658,225,150,rosenbrock,6,0.089043,0.413804,0.490853,0.255689,24.679100
tournament 5,80,1,1.200103,225,150,rosenbrock,6,0.010903,0.034186,0.038073,0.025531,10.209860
tournament 5,40,1,0.622346,225,150,rosenbrock,6,0.047758,0.090583,0.101940,0.044021,10.005040
tournament 5,70,1,0.896332,225,150,rosenbrock,6,0.014088,0.041648,0.051568,0.030172,25.956495
tournament 5,80,1,1.388651,225,150,rosenbrock,6,0.017473,0.044538,0.047846,0.029008,10.060385
tournament 5,50,1,1.290939,225,150,rosenbrock,6,0.025716,0.067937,0.082260,0.050112,10.666645
tournament 5,30,1,1.728444,225,150,rosenbrock,6,0.172569,0.432889,0.463155,0.248965,9.605855
tournament 5,50,1,1.493759,225,150,rosenbrock,6,0.041123,0.102498,0.120171,0.071316,9.627260
tournament 5,20,1,1.493759,225,150,rosenbrock,6,0.209700,0.802221,1.027293,0.498960,23.337990
tournament 5,50,1,2.000000,225,150,rosenbrock,6,0.039421,0.143192,0.180568,0.100315,10.387730
tournament 5,50,1,1.728444,225,150,rosenbrock,6,0.044826,0.145784,0.161770,0.128941,10.709010
tournament 5,60,1,1.115658,225,150,rosenbrock,6,0.004478,0.040770,0.044411,0.042772,9.589095
tournament 5,60,1,0.720123,225,150,rosenbrock,6,0.008860,0.037234,0.042529,0.032703,9.653915
tournament 5,60,1,0.622346,225,150,rosenbrock,6,0.008849,0.041506,0.049951,0.039452,9.968635
tournament 5,60,1,0.964176,225,150,rosenbrock,6,0.009327,0.037828,0.041734,0.041822,9.883620
tournament 5,60,1,0.833262,225,150,rosenbrock,6,0.009283,0.040878,0.047640,0.034554,9.655765
tournament 5,90,1,0.774630,225,150,rosenbrock,6,0.002773,0.018174,0.023482,0.014325,9.935210
tournament 5,70,1,0.833262,225,150,rosenbrock,6,0.003547,0.027953,0.031736,0.022667,19.673085
tournament 5,40,1,1.728444,225,150,rosenbrock,6,0.053253,0.245439,0.268294,0.204684,17.886755
tournament 5,60,1,0.537845,225,150,rosenbrock,6,0.007118,0.027878,0.035200,0.031957,14.310640
tournament 5,80,1,1.606822,225,150,rosenbrock,6,0.016367,0.049238,0.059533,0.054132,17.427910
tournament 5,90,1,0.896332,225,150,rosenbrock,6,0.004559,0.025301,0.025120,0.019396,10.778320
tournament 5,90,1,0.500000,225,150,rosenbrock,6,0.002780,0.017410,0.019350,0.043941,17.461910
tournament 5,90,1,0.669452,225,150,rosenbrock,6,0.005574,0.029374,0.034755,0.023369,16.538560
tournament 5,50,1,1.115658,225,150,rosenbrock,6,0.018364,0.060378,0.078133,0.031670,18.297015
tournament 5,30,1,0.833262,225,150,rosenbrock,6,0.014515,0.126682,0.158029,0.123218,19.541500
tournament 5,90,1,0.578555,225,150,rosenbrock,6,0.011988,0.047846,0.049505,0.047523,17.305805
tournament 5,80,1,1.859271,225,150,rosenbrock,6,0.017571,0.079616,0.094653,0.042316,18.462430
tournament 5,60,1,1.290939,225,150,rosenbrock,6,0.014039,0.052371,0.063647,0.030737,9.930360
tournament 5,60,1,1.728444,225,150,rosenbrock,6,0.012412,0.116506,0.142935,0.064889,8.685250
tournament 5,60,1,1.493759,225,150,rosenbrock,6,0.027052,0.069649,0.085543,0.059340,9.189415
tournament 5,70,1,0.622346,225,150,rosenbrock,6,0.005451,0.025698,0.034875,0.021513,9.449060
tournament 5,70,1,0.720123,225,150,rosenbrock,6,0.005150,0.027054,0.032234,0.020802,9.568470
tournament 5,70,1,1.115658,225,150,rosenbrock,6,0.007301,0.029894,0.034372,0.028597,9.251670
tournament 5,70,1,0.537845,225,150,rosenbrock,6,0.007817,0.027562,0.030721,0.025631,9.776125
tournament 5,90,1,1.388651,225,150,rosenbrock,6,0.014413,0.040666,0.049196,0.026009,12.433875
tournament 5,40,1,0.537845,225,150,rosenbrock,6,0.020600,0.067317,0.076151,0.046457,18.933285
tournament 5,100,1,0.774630,225,150,rosenbrock,6,0.002815,0.028602,0.037110,0.027454,12.290745
tournament 5,100,1,1.200103,225,150,rosenbrock,6,0.004329,0.029744,0.035223,0.028002,11.606755
tournament 5,70,1,1.493759,225,150,rosenbrock,6,0.008623,0.059847,0.072049,0.043238,9.258265
tournament 5,70,1,1.728444,225,150,rosenbrock,6,0.019049,0.054938,0.063593,0.048305,9.586270
tournament 5,70,1,1.290939,225,150,rosenbrock,6,0.016961,0.039881,0.040414,0.028230,11.608110
tournament 5,110,1,0.500000,225,150,rosenbrock,6,0.002728,0.011653,0.009763,0.018655,9.012350
tournament 5,110,1,0.578555,225,150,rosenbrock,6,0.003986,0.017557,0.020661,0.020585,9.361095
tournament 5,110,1,0.669452,225,150,rosenbrock,6,0.004263,0.013731,0.015770,0.010411,8.520440
tournament 5,70,1,2.000000,225,150,rosenbrock,6,0.016608,0.082142,0.084580,0.074999,9.693490
tournament 5,80,1,0.720123,225,150,rosenbrock,6,0.010550,0.031332,0.037192,0.040851,9.162110
tournament 5,100,1,1.606822,225,150,rosenbrock,6,0.001776,0.052630,0.070743,0.041889,13.532705
tournament 5,80,1,0.833262,225,150,rosenbrock,6,0.003839,0.024534,0.024957,0.028383,8.974885
tournament 5,100,1,1.388651,225,150,rosenbrock,6,0.009937,0.027015,0.028464,0.032686,14.224535
tournament 5,100,1,1.859271,225,150,rosenbrock,6,0.016199,0.046149,0.051522,0.034992,15.158280
tournament 5,90,1,1.037155,225,150,rosenbrock,6,0.005148,0.019470,0.023196,0.025709,29.671115
tournament 5,110,1,1.388651,225,150,rosenbrock,6,0.005424,0.043389,0.051817,0.043456,10.695470
tournament 5,60,1,2.000000,225,150,rosenbrock,6,0.062339,0.165948,0.173602,0.099107,15.600330
tournament 5,110,1,0.774630,225,150,rosenbrock,6,0.007120,0.023253,0.026835,0.012272,16.136010
tournament 5,110,1,0.896332,225,150,rosenbrock,6,0.009069,0.024747,0.026938,0.022922,15.452555
tournament 5,80,1,0.964176,225,150,rosenbrock,6,0.011092,0.030944,0.036213,0.024964,12.130845
tournament 5,110,1,1.037155,225,150,rosenbrock,6,0.002047,0.020842,0.024748,0.023941,15.377385
tournament 5,110,1,1.200103,225,150,rosenbrock,6,0.002658,0.023172,0.021233,0.038704,14.647560
tournament 5,110,1,1.606822,225,150,rosenbrock,6,0.003484,0.032905,0.035761,0.037189,14.474535
tournament 5,110,1,1.859271,225,150,rosenbrock,6,0.022683,0.060706,0.069101,0.040588,12.586235
tournament 5,80,1,1.115658,225,150,rosenbrock,6,0.000868,0.034491,0.045252,0.037390,13.655030
tournament 5,80,1,1.290939,225,150,rosenbrock,6,0.002348,0.021998,0.024805,0.059353,13.182570
tournament 5,40,1,2.000000,225,150,rosenbrock,6,0.111099,0.301510,0.316718,0.190726,33.226280
tournament 5,120,1,0.500000,225,150,rosenbrock,6,0.001163,0.017590,0.018578,0.016934,13.549110
tournament 5,120,1,0.896332,225,150,rosenbrock,6,0.004804,0.016545,0.019260,0.020924,13.084855
tournament 5,120,1,0.669452,225,150,rosenbrock,6,0.004457,0.021941,0.021566,0.021847,13.457750
tournament 5,120,1,1.200103,225,150,rosenbrock,6,0.006088,0.021392,0.026097,0.025517,12.266645
tournament 5,40,1,0.720123,225,150,rosenbrock,6,0.041867,0.080036,0.087403,0.059618,34.204060
tournament 5,90,1,1.200103,225,150,rosenbrock,6,0.002072,0.029848,0.036145,0.021979,34.852085
tournament 5,120,1,1.606822,225,150,rosenbrock,6,0.009697,0.033373,0.039456,0.041908,12.242025
tournament 5,40,1,0.964176,225,150,rosenbrock,6,0.028183,0.079991,0.088119,0.079742,36.135110
tournament 5,50,1,0.720123,225,150,rosenbrock,6,0.021491,0.056339,0.057528,0.036550,33.728020
tournament 5,120,1,1.037155,225,150,rosenbrock,6,0.005154,0.021492,0.022486,0.018410,13.741715
tournament 5,120,1,1.859271,225,150,rosenbrock,6,0.024073,0.053274,0.057178,0.023766,12.875690
tournament 5,40,1,0.833262,225,150,rosenbrock,6,0.003559,0.073155,0.091238,0.047596,35.706995
tournament 5,130,1,0.500000,225,150,rosenbrock,6,0.000502,0.017609,0.017195,0.018401,13.414730
tournament 5,30,1,2.000000,225,150,rosenbrock,6,0.193589,0.592139,0.664070,0.376752,36.853260
tournament 5,130,1,0.578555,225,150,rosenbrock,6,0.000783,0.020186,0.026236,0.016835,12.178230
tournament 5,90,1,1.606822,225,150,rosenbrock,6,0.015116,0.065980,0.072198,0.058531,36.150290
tournament 5,100,1,0.896332,225,150,rosenbrock,6,0.002213,0.018431,0.022916,0.019816,33.678280
tournament 5,100,1,0.578555,225,150,rosenbrock,6,0.001764,0.012351,0.014960,0.011913,35.100885
tournament 5,70,1,0.964176,225,150,rosenbrock,6,0.006900,0.031228,0.035186,0.025088,17.362745
tournament 5,120,1,1.388651,225,150,rosenbrock,6,0.002128,0.025921,0.026442,0.037725,15.494710
tournament 5,130,1,0.669452,225,150,rosenbrock,6,0.004140,0.018042,0.021477,0.016949,11.396565
tournament 5,100,1,0.500000,225,150,rosenbrock,6,0.006582,0.022521,0.024697,0.019075,36.907540
tournament 5,50,1,0.964176,225,150,rosenbrock,6,0.016085,0.064624,0.081864,0.042131,38.631885
tournament 5,90,1,1.859271,225,150,rosenbrock,6,0.007259,0.055172,0.070953,0.042282,38.059610
tournament 5,40,1,1.493759,225,150,rosenbrock,6,0.041896,0.120757,0.145498,0.135020,40.210205
tournament 5,40,1,1.115658,225,150,rosenbrock,6,0.021313,0.110830,0.126272,0.095703,34.174865
tournament 5,100,1,0.669452,225,150,rosenbrock,6,0.000295,0.017076,0.019823,0.033638,38.368715
tournament 5,80,1,0.622346,225,150,rosenbrock,6,0.003886,0.021262,0.025838,0.028755,29.307305
tournament 5,100,1,1.037155,225,150,rosenbrock,6,0.001981,0.023802,0.028586,0.016813,36.845015
tournament 5,80,1,0.537845,225,150,rosenbrock,6,0.002587,0.028841,0.031833,0.028454,28.657350
tournament 5,90,1,0.833262,225,150,rosenbrock,6,0.002634,0.027479,0.031691,0.035382,14.619670
tournament 5,130,1,1.037155,225,150,rosenbrock,6,0.002062,0.019772,0.019962,0.019059,10.108740
tournament 5,80,1,1.493759,225,150,rosenbrock,6,0.013900,0.050467,0.054828,0.056693,23.896030
tournament 5,130,1,0.774630,225,150,rosenbrock,6,0.001510,0.022216,0.030966,0.019327,13.988530
tournament 5,120,1,0.578555,225,150,rosenbrock,6,0.001180,0.019590,0.026687,0.016150,24.507705
tournament 5,120,1,0.774630,225,150,rosenbrock,6,0.003729,0.026493,0.031608,0.033603,24.277795
tournament 5,120,1,1.290939,225,150,rosenbrock,6,0.007028,0.024592,0.029821,0.019072,11.267100
tournament 5,130,1,1.606822,225,150,rosenbrock,6,0.015622,0.042751,0.052077,0.036530,11.162560
tournament 5,140,1,0.500000,225,150,rosenbrock,6,0.003683,0.011404,0.011860,0.014042,11.136790
tournament 5,140,1,0.578555,225,150,rosenbrock,6,0.002720,0.017910,0.019941,0.024611,10.587845
tournament 5,140,1,0.669452,225,150,rosenbrock,6,0.005073,0.018540,0.021621,0.014499,10.724305
tournament 5,130,1,1.859271,225,150,rosenbrock,6,0.016391,0.060419,0.064391,0.046818,11.651595
tournament 5,130,1,0.896332,225,150,rosenbrock,6,0.000455,0.017156,0.018483,0.018074,14.182690
tournament 5,140,1,0.774630,225,150,rosenbrock,6,0.004096,0.011782,0.014023,0.009425,11.418950
tournament 5,80,1,1.728444,225,150,rosenbrock,6,0.012442,0.062335,0.071865,0.048445,13.252480
tournament 5,90,1,0.964176,225,150,rosenbrock,6,0.005589,0.019421,0.021203,0.017750,13.354390
tournament 5,130,1,1.200103,225,150,rosenbrock,6,0.001323,0.021352,0.019517,0.039772,13.454955
tournament 5,130,1,1.388651,225,150,rosenbrock,6,0.002420,0.030880,0.037021,0.024040,13.528735
tournament 5,140,1,0.896332,225,150,rosenbrock,6,0.003410,0.016379,0.023508,0.027462,10.926255
tournament 5,150,1,1.388651,225,150,rosenbrock,6,0.012569,0.033217,0.032777,0.071070,13.560310
tournament 5,90,1,0.537845,225,150,rosenbrock,6,0.001195,0.017692,0.019604,0.026477,14.367810
tournament 5,90,1,0.720123,225,150,rosenbrock,6,0.001312,0.018648,0.022453,0.011280,14.808855
tournament 5,140,1,1.037155,225,150,rosenbrock,6,0.007471,0.019601,0.021373,0.018347,9.552935
tournament 5,90,1,1.493759,225,150,rosenbrock,6,0.005385,0.040653,0.049621,0.031394,12.754470
tournament 5,100,1,0.833262,225,150,rosenbrock,6,0.002510,0.021313,0.026289,0.017466,11.221060
tournament 5,140,1,1.606822,225,150,rosenbrock,6,0.005215,0.031367,0.035124,0.028398,10.407825
tournament 5,100,1,1.290939,225,150,rosenbrock,6,0.009379,0.030115,0.035765,0.022304,11.734565
tournament 5,140,1,1.200103,225,150,rosenbrock,6,0.007990,0.030115,0.033051,0.017715,11.133760
tournament 5,140,1,1.388651,225,150,rosenbrock,6,0.009378,0.027269,0.028948,0.016254,11.787160
tournament 5,140,1,1.859271,225,150,rosenbrock,6,0.003214,0.037898,0.038227,0.059872,9.479250
tournament 5,110,1,0.622346,225,150,rosenbrock,6,0.005101,0.022227,0.024226,0.019713,10.312630
tournament 5,110,1,0.537845,225,150,rosenbrock,6,0.001442,0.012403,0.014079,0.015582,10.707600
tournament 5,150,1,0.500000,225,150,rosenbrock,6,0.005118,0.020570,0.024489,0.026064,10.481860
tournament 5,90,1,1.115658,225,150,rosenbrock,6,0.009650,0.028962,0.030514,0.030103,9.568485
tournament 5,110,1,0.720123,225,150,rosenbrock,6,0.003677,0.012741,0.010758,0.019001,10.899535
tournament 5,100,1,2.000000,225,150,rosenbrock,6,0.010969,0.075533,0.084646,0.065286,9.875900
tournament 5,110,1,1.493759,225,150,rosenbrock,6,0.008312,0.035785,0.040251,0.041619,9.865650
tournament 5,110,1,0.964176,225,150,rosenbrock,6,0.003906,0.020127,0.022498,0.027341,9.992965
tournament 5,100,1,1.728444,225,150,rosenbrock,6,0.009657,0.053367,0.052301,0.045504,10.605560
tournament 5,100,1,1.493759,225,150,rosenbrock,6,0.002930,0.047733,0.053472,0.028449,10.734515
tournament 5,150,1,0.774630,225,150,rosenbrock,6,0.005507,0.017909,0.020761,0.016866,10.719380
tournament 5,150,1,0.669452,225,150,rosenbrock,6,0.004413,0.014814,0.016105,0.014167,10.957490
tournament 5,110,1,0.833262,225,150,rosenbrock,6,0.003149,0.024787,0.030488,0.031047,10.993735
tournament 5,140,1,0.964176,225,150,rosenbrock,6,0.004430,0.021153,0.024108,0.016042,10.480985
tournament 5,150,1,0.578555,225,150,rosenbrock,6,0.002554,0.020205,0.021419,0.018931,12.493275
tournament 5,110,1,1.290939,225,150,rosenbrock,6,0.007784,0.029986,0.033939,0.023262,11.937130
tournament 5,110,1,1.728444,225,150,rosenbrock,6,0.016185,0.050965,0.060550,0.057904,10.027120
tournament 5,110,1,2.000000,225,150,rosenbrock,6,0.025829,0.082299,0.100931,0.060756,8.993225
tournament 5,150,1,0.896332,225,150,rosenbrock,6,0.004334,0.018532,0.021841,0.019604,8.889305
tournament 5,150,1,1.037155,225,150,rosenbrock,6,0.003690,0.019046,0.023626,0.023567,8.904720
tournament 5,120,1,0.964176,225,150,rosenbrock,6,0.008916,0.019596,0.021066,0.014469,8.445505
tournament 5,120,1,0.720123,225,150,rosenbrock,6,0.002367,0.018753,0.022266,0.011988,8.655650
tournament 5,120,1,2.000000,225,150,rosenbrock,6,0.003468,0.053143,0.064265,0.039183,8.478530
tournament 5,120,1,1.728444,225,150,rosenbrock,6,0.011892,0.047716,0.045923,0.048477,9.325205
tournament 5,120,1,0.537845,225,150,rosenbrock,6,0.003377,0.013261,0.013284,0.024904,9.813285
tournament 5,90,1,0.622346,225,150,rosenbrock,6,0.007179,0.033424,0.040462,0.026553,9.386050
tournament 5,80,1,2.000000,225,150,rosenbrock,6,0.036254,0.079794,0.086899,0.090225,9.527670
tournament 5,120,1,1.115658,225,150,rosenbrock,6,0.006711,0.025523,0.027118,0.014222,9.798400
tournament 5,130,1,0.537845,225,150,rosenbrock,6,0.002699,0.017845,0.019051,0.018623,8.859170
tournament 5,130,1,0.622346,225,150,rosenbrock,6,0.003483,0.018396,0.018371,0.020243,9.284815
tournament 5,120,1,1.493759,225,150,rosenbrock,6,0.007093,0.037635,0.045439,0.026780,9.701865
tournament 5,160,1,0.669452,225,150,rosenbrock,6,0.003455,0.016782,0.018958,0.018887,10.557240
tournament 5,130,1,0.720123,225,150,rosenbrock,6,0.002605,0.026709,0.029542,0.022186,9.956440
tournament 5,90,1,1.290939,225,150,rosenbrock,6,0.004747,0.024700,0.028079,0.023941,17.393570
tournament 5,180,1,0.578555,225,150,rosenbrock,6,0.002949,0.014171,0.015360,0.013932,10.218940
tournament 5,150,1,1.200103,225,150,rosenbrock,6,0.003360,0.026014,0.030151,0.034456,19.126270
tournament 5,140,1,0.537845,225,150,rosenbrock,6,0.005099,0.015675,0.017552,0.012608,9.567495
tournament 5,130,1,1.728444,225,150,rosenbrock,6,0.017651,0.046032,0.047373,0.046323,9.906070
tournament 5,170,1,0.500000,225,150,rosenbrock,6,0.003098,0.016883,0.018730,0.016250,10.146010
tournament 5,130,1,2.000000,225,150,rosenbrock,6,0.009699,0.081847,0.110413,0.071222,9.319145
tournament 5,140,1,0.622346,225,150,rosenbrock,6,0.002833,0.015187,0.018940,0.015376,9.743250
tournament 5,150,1,1.606822,225,150,rosenbrock,6,0.005258,0.031893,0.033347,0.040481,20.417470
tournament 5,160,1,1.606822,225,150,rosenbrock,6,0.006909,0.026312,0.033988,0.029034,12.604405
tournament 5,130,1,1.115658,225,150,rosenbrock,6,0.001024,0.018278,0.023891,0.023219,12.189460
tournament 5,100,1,0.537845,225,150,rosenbrock,6,0.002048,0.017041,0.015793,0.025732,13.934370
tournament 5,140,1,0.720123,225,150,rosenbrock,6,0.004848,0.026174,0.029106,0.016752,10.970060
tournament 5,180,1,0.622346,225,150,rosenbrock,6,0.001528,0.013219,0.014903,0.016288,13.204295
tournament 5,140,1,0.833262,225,150,rosenbrock,6,0.002747,0.016783,0.020503,0.010055,9.633570
tournament 5,150,1,1.859271,225,150,rosenbrock,6,0.011728,0.060483,0.071339,0.057663,22.973130
tournament 5,130,1,0.833262,225,150,rosenbrock,6,0.004026,0.014410,0.017869,0.017416,15.003505
tournament 5,90,1,1.728444,225,150,rosenbrock,6,0.013268,0.057963,0.068457,0.033223,23.035790
tournament 5,160,1,0.500000,225,150,rosenbrock,6,0.003734,0.020028,0.022532,0.025541,27.130370
tournament 5,100,1,0.622346,225,150,rosenbrock,6,0.005326,0.018710,0.015425,0.024894,26.585675
tournament 5,140,1,1.728444,225,150,rosenbrock,6,0.011990,0.044690,0.050036,0.045566,10.996355
tournament 5,130,1,0.964176,225,150,rosenbrock,6,0.008459,0.027486,0.029863,0.031842,18.693740
tournament 5,140,1,1.290939,225,150,rosenbrock,6,0.005638,0.022061,0.027291,0.030207,11.035585
tournament 5,140,1,1.493759,225,150,rosenbrock,6,0.010477,0.027785,0.028992,0.027208,11.106890
tournament 5,170,1,0.833262,225,150,rosenbrock,6,0.002070,0.021421,0.024088,0.021411,11.470620
tournament 5,140,1,2.000000,225,150,rosenbrock,6,0.017215,0.059980,0.071381,0.060547,11.242145
tournament 5,170,1,0.896332,225,150,rosenbrock,6,0.002764,0.010820,0.011296,0.010642,10.870615
tournament 5,170,1,0.964176,225,150,rosenbrock,6,0.003488,0.019550,0.020547,0.023000,10.986555
tournament 5,100,1,0.964176,225,150,rosenbrock,6,0.003895,0.027378,0.024837,0.030810,28.986760
tournament 5,150,1,0.537845,225,150,rosenbrock,6,0.009835,0.026537,0.032120,0.016379,11.199905
tournament 5,170,1,1.115658,225,150,rosenbrock,6,0.000848,0.017950,0.022128,0.016210,11.021595
tournament 5,170,1,0.537845,225,150,rosenbrock,6,0.001543,0.009610,0.008981,0.029077,20.247915
tournament 5,160,1,0.578555,225,150,rosenbrock,6,0.005279,0.019748,0.024066,0.018754,32.492700
tournament 5,120,1,0.833262,225,150,rosenbrock,6,0.005237,0.018703,0.022769,0.015682,25.666085
tournament 5,170,1,1.290939,225,150,rosenbrock,6,0.005429,0.023683,0.026862,0.023682,10.394045
tournament 5,160,1,1.037155,225,150,rosenbrock,6,0.006429,0.016830,0.017265,0.014623,28.708755
tournament 5,100,1,0.720123,225,150,rosenbrock,6,0.003395,0.019115,0.018835,0.026643,30.082320
tournament 5,160,1,1.200103,225,150,rosenbrock,6,0.004586,0.022104,0.025732,0.022000,30.150035
tournament 5,130,1,1.290939,225,150,rosenbrock,6,0.003534,0.032063,0.034401,0.034767,21.872685
tournament 5,130,1,1.493759,225,150,rosenbrock,6,0.003415,0.040761,0.049326,0.026730,21.323990
tournament 5,120,1,0.622346,225,150,rosenbrock,6,0.004067,0.017780,0.019316,0.015240,29.084600
tournament 5,90,1,2.000000,225,150,rosenbrock,6,0.037728,0.086707,0.104760,0.066519,31.212460
tournament 5,160,1,0.896332,225,150,rosenbrock,6,0.005926,0.019460,0.021701,0.018648,31.244240
tournament 5,160,1,0.774630,225,150,rosenbrock,6,0.008103,0.022652,0.029079,0.018187,31.684035
tournament 5,160,1,1.859271,225,150,rosenbrock,6,0.008486,0.035978,0.040779,0.065858,30.387775
tournament 5,170,1,1.859271,225,150,rosenbrock,6,0.009627,0.040118,0.044989,0.031526,9.514535
tournament 5,110,1,1.115658,225,150,rosenbrock,6,0.004211,0.020485,0.027930,0.025304,22.593540
tournament 5,180,1,0.537845,225,150,rosenbrock,6,0.000375,0.013445,0.014179,0.015814,9.491165
tournament 5,150,1,0.622346,225,150,rosenbrock,6,0.003601,0.016263,0.015922,0.017529,9.820740
tournament 5,150,1,0.833262,225,150,rosenbrock,6,0.005007,0.022773,0.019349,0.038640,10.331155
tournament 5,150,1,1.115658,225,150,rosenbrock,6,0.004664,0.019142,0.023565,0.013408,9.884980
tournament 5,150,1,0.964176,225,150,rosenbrock,6,0.003783,0.019364,0.021099,0.037411,10.045185
tournament 5,170,1,0.622346,225,150,rosenbrock,6,0.003851,0.011991,0.012031,0.011973,22.060980
tournament 5,170,1,0.578555,225,150,rosenbrock,6,0.002230,0.013417,0.014835,0.009493,27.205670
tournament 5,150,1,1.493759,225,150,rosenbrock,6,0.008057,0.030660,0.036191,0.023396,24.100150
tournament 5,140,1,1.115658,225,150,rosenbrock,6,0.002222,0.013995,0.018703,0.014835,24.680745
tournament 5,180,1,0.720123,225,150,rosenbrock,6,0.002118,0.018130,0.022217,0.022969,9.498700
tournament 5,170,1,1.037155,225,150,rosenbrock,6,0.002962,0.015484,0.017284,0.015658,21.573285
tournament 5,180,1,0.669452,225,150,rosenbrock,6,0.001054,0.019811,0.022599,0.025550,10.411905
tournament 5,160,1,1.388651,225,150,rosenbrock,6,0.004157,0.019053,0.026067,0.020915,12.372860
tournament 5,100,1,1.115658,225,150,rosenbrock,6,0.001678,0.022716,0.026901,0.029052,13.522195
tournament 5,170,1,0.720123,225,150,rosenbrock,6,0.000652,0.015741,0.017338,0.019904,27.787640
tournament 5,170,1,1.388651,225,150,rosenbrock,6,0.002520,0.020808,0.022186,0.022414,20.185335
tournament 5,170,1,0.669452,225,150,rosenbrock,6,0.003983,0.018207,0.025080,0.021962,29.593470
tournament 5,180,1,1.037155,225,150,rosenbrock,6,0.005595,0.016369,0.019843,0.013789,11.716105
tournament 5,180,1,1.115658,225,150,rosenbrock,6,0.001810,0.018669,0.021732,0.020731,10.767890
tournament 5,170,1,1.200103,225,150,rosenbrock,6,0.010084,0.019357,0.021074,0.012897,25.599245
tournament 5,180,1,1.200103,225,150,rosenbrock,6,0.007167,0.031539,0.032502,0.024256,11.464445
tournament 5,170,1,1.606822,225,150,rosenbrock,6,0.006199,0.037824,0.047467,0.030967,20.148210
tournament 5,170,1,0.774630,225,150,rosenbrock,6,0.006595,0.016913,0.020645,0.009724,31.553215
tournament 5,180,1,1.290939,225,150,rosenbrock,6,0.002519,0.021108,0.023377,0.018455,10.162920
tournament 5,180,1,1.388651,225,150,rosenbrock,6,0.004127,0.019130,0.019450,0.022521,9.881020
tournament 5,150,1,1.290939,225,150,rosenbrock,6,0.004126,0.012091,0.014961,0.026781,10.438180
tournament 5,170,1,1.493759,225,150,rosenbrock,6,0.003127,0.022651,0.030074,0.037478,22.279870
tournament 5,180,1,1.493759,225,150,rosenbrock,6,0.008151,0.033748,0.046753,0.021529,11.050800
tournament 5,180,1,1.606822,225,150,rosenbrock,6,0.014379,0.042386,0.046831,0.024709,11.143315
tournament 5,170,1,1.728444,225,150,rosenbrock,6,0.009358,0.038657,0.043785,0.050155,21.655720
tournament 5,180,1,1.728444,225,150,rosenbrock,6,0.007338,0.038771,0.051828,0.032469,10.925600
tournament 5,170,1,2.000000,225,150,rosenbrock,6,0.002072,0.055300,0.072247,0.049153,21.702825
tournament 5,150,1,0.720123,225,150,rosenbrock,6,0.003455,0.015040,0.018668,0.012650,21.919340
tournament 5,180,1,0.500000,225,150,rosenbrock,6,0.003554,0.013606,0.016636,0.012628,22.671385
tournament 5,180,1,2.000000,225,150,rosenbrock,6,0.023566,0.059558,0.064433,0.052586,11.206830
tournament 5,180,1,1.859271,225,150,rosenbrock,6,0.015667,0.058346,0.065096,0.043220,11.677350
tournament 5,190,1,0.500000,225,150,rosenbrock,6,0.003565,0.018870,0.019750,0.027548,10.623740
tournament 5,180,1,0.774630,225,150,rosenbrock,6,0.005495,0.018023,0.021981,0.023166,19.274990
tournament 5,150,1,1.728444,225,150,rosenbrock,6,0.012047,0.041270,0.051989,0.034544,9.763655
tournament 5,180,1,0.964176,225,150,rosenbrock,6,0.000521,0.028010,0.029008,0.022931,17.831570
tournament 5,180,1,0.896332,225,150,rosenbrock,6,0.004837,0.020087,0.022555,0.022093,18.726905
tournament 5,180,1,0.833262,225,150,rosenbrock,6,0.005569,0.023039,0.026789,0.025438,20.224625
tournament 5,160,1,0.720123,225,150,rosenbrock,6,0.001569,0.023568,0.027430,0.019999,15.732570
tournament 5,190,1,0.537845,225,150,rosenbrock,6,0.004793,0.017366,0.019758,0.017182,10.444095
tournament 5,160,1,1.728444,225,150,rosenbrock,6,0.024265,0.046158,0.052172,0.042874,10.675160
tournament 5,190,1,0.578555,225,150,rosenbrock,6,0.002193,0.016048,0.016343,0.016063,10.584990
tournament 5,190,1,0.622346,225,150,rosenbrock,6,0.001746,0.011541,0.012933,0.012021,9.091280
tournament 5,190,1,0.669452,225,150,rosenbrock,6,0.002958,0.013681,0.014694,0.014139,9.694540
tournament 5,190,1,0.720123,225,150,rosenbrock,6,0.003099,0.018408,0.026856,0.018668,10.126980
tournament 5,190,1,1.115658,225,150,rosenbrock,6,0.004022,0.023666,0.026070,0.034740,8.472340
tournament 5,150,1,2.000000,225,150,rosenbrock,6,0.009894,0.054685,0.061752,0.060365,10.252775
tournament 5,190,1,0.774630,225,150,rosenbrock,6,0.001772,0.012272,0.011511,0.012254,10.462870
tournament 5,190,1,1.200103,225,150,rosenbrock,6,0.006598,0.020924,0.020903,0.016476,10.347805
tournament 5,160,1,0.537845,225,150,rosenbrock,6,0.001223,0.009164,0.009358,0.011798,11.466885
tournament 5,190,1,1.290939,225,150,rosenbrock,6,0.005206,0.016192,0.018763,0.017082,9.699160
tournament 5,190,1,1.388651,225,150,rosenbrock,6,0.005161,0.029482,0.031570,0.023406,8.838760
tournament 5,190,1,1.859271,225,150,rosenbrock,6,0.007114,0.047562,0.057260,0.033655,8.379325
tournament 5,190,1,1.493759,225,150,rosenbrock,6,0.004786,0.025913,0.027253,0.023641,8.873205
tournament 5,190,1,1.606822,225,150,rosenbrock,6,0.004283,0.029181,0.036517,0.025446,8.861305
tournament 5,190,1,2.000000,225,150,rosenbrock,6,0.008201,0.058864,0.065784,0.064821,9.229215
tournament 5,200,1,0.578555,225,150,rosenbrock,6,0.005650,0.019808,0.023619,0.025756,9.277745
tournament 5,200,1,0.500000,225,150,rosenbrock,6,0.003527,0.012073,0.014213,0.013470,11.525495
tournament 5,200,1,0.896332,225,150,rosenbrock,6,0.002630,0.028346,0.034261,0.025912,9.058660
tournament 5,190,1,0.964176,225,150,rosenbrock,6,0.005409,0.018294,0.022533,0.018597,18.086920
tournament 5,190,1,0.896332,225,150,rosenbrock,6,0.006433,0.022154,0.030967,0.018806,18.101535
tournament 5,200,1,1.037155,225,150,rosenbrock,6,0.001582,0.018138,0.022880,0.024704,8.835885
tournament 5,190,1,0.833262,225,150,rosenbrock,6,0.008242,0.019830,0.024177,0.013189,18.344845
tournament 5,190,1,1.037155,225,150,rosenbrock,6,0.003670,0.021413,0.027057,0.015295,17.609620
tournament 5,160,1,0.622346,225,150,rosenbrock,6,0.005531,0.015075,0.018159,0.011890,13.543765
tournament 5,200,1,0.720123,225,150,rosenbrock,6,0.003400,0.016245,0.018890,0.017837,10.895620
tournament 5,200,1,0.964176,225,150,rosenbrock,6,0.001464,0.016558,0.021932,0.014788,10.243935
tournament 5,200,1,0.669452,225,150,rosenbrock,6,0.000822,0.013780,0.014209,0.014014,11.051055
tournament 5,200,1,1.200103,225,150,rosenbrock,6,0.007813,0.024952,0.026355,0.018622,8.747195
tournament 5,200,1,1.290939,225,150,rosenbrock,6,0.002849,0.029623,0.037211,0.023946,8.331450
tournament 5,200,1,1.115658,225,150,rosenbrock,6,0.001164,0.015876,0.017480,0.018260,10.396755
tournament 5,190,1,1.728444,225,150,rosenbrock,6,0.008655,0.038008,0.047264,0.037045,16.520430
tournament 5,200,1,1.388651,225,150,rosenbrock,6,0.002313,0.021995,0.027999,0.037621,8.862195
tournament 5,200,1,2.000000,225,150,rosenbrock,6,0.021860,0.057562,0.068739,0.054698,8.370695
tournament 5,200,1,0.537845,225,150,rosenbrock,6,0.002901,0.012434,0.011191,0.015526,15.721395
tournament 5,200,1,1.493759,225,150,rosenbrock,6,0.002990,0.025789,0.032678,0.019767,9.712005
tournament 5,200,1,1.606822,225,150,rosenbrock,6,0.005936,0.040005,0.047654,0.027344,9.827660
tournament 5,160,1,1.115658,225,150,rosenbrock,6,0.004238,0.020131,0.026171,0.024247,15.080265
tournament 5,200,1,0.833262,225,150,rosenbrock,6,0.003409,0.014935,0.017891,0.020500,15.190905
tournament 5,160,1,0.964176,225,150,rosenbrock,6,0.006001,0.019615,0.024152,0.018595,15.387740
tournament 5,160,1,2.000000,225,150,rosenbrock,6,0.005952,0.049589,0.061689,0.043025,15.200735
tournament 5,160,1,1.290939,225,150,rosenbrock,6,0.003405,0.026835,0.032221,0.027452,15.731975
tournament 5,200,1,1.859271,225,150,rosenbrock,6,0.002712,0.044120,0.052378,0.026524,12.023800
tournament 5,160,1,0.833262,225,150,rosenbrock,6,0.004193,0.018769,0.024059,0.019543,16.088200
tournament 5,200,1,0.622346,225,150,rosenbrock,6,0.006293,0.015703,0.017363,0.016074,16.774420
tournament 5,200,1,0.774630,225,150,rosenbrock,6,0.000472,0.020130,0.020981,0.016943,16.347375
tournament 5,160,1,1.493759,225,150,rosenbrock,6,0.002013,0.029671,0.037241,0.025256,12.946720
tournament 5,200,1,1.728444,225,150,rosenbrock,6,0.015482,0.036513,0.042092,0.021056,13.036420
roulette wheel,70,1,0.578555,450,300,rosenbrock,9,0.004702,0.024754,0.031674,0.016800,65.000765
roulette wheel,20,1,0.578555,450,300,rosenbrock,9,0.017848,0.086111,0.084472,0.055909,68.338685
roulette wheel,80,1,1.388651,450,300,rosenbrock,9,0.007756,0.029593,0.037301,0.014844,68.431650
roulette wheel,20,1,1.388651,450,300,rosenbrock,9,0.099217,0.309868,0.350196,0.132299,68.162495
roulette wheel,20,1,0.896332,450,300,rosenbrock,9,0.040066,0.112001,0.132638,0.096087,70.397880
roulette wheel,10,1,1.200103,450,300,rosenbrock,9,0.199525,0.573605,0.629163,0.467867,70.995390
roulette wheel,30,1,0.896332,450,300,rosenbrock,9,0.026350,0.085028,0.097128,0.041707,69.817125
roulette wheel,30,1,1.200103,450,300,rosenbrock,9,0.050228,0.095669,0.100643,0.087115,69.538075
roulette wheel,10,1,1.388651,450,300,rosenbrock,9,0.234321,0.642976,0.764343,0.689994,79.682675
roulette wheel,10,1,0.500000,450,300,rosenbrock,9,0.029875,0.141721,0.162137,0.090460,80.102960
roulette wheel,10,1,0.578555,450,300,rosenbrock,9,0.074919,0.202203,0.227845,0.087422,80.819150
roulette wheel,30,1,1.606822,450,300,rosenbrock,9,0.028084,0.175455,0.208718,0.156699,68.316160
roulette wheel,20,1,0.669452,450,300,rosenbrock,9,0.027408,0.108705,0.120475,0.065993,83.120985
roulette wheel,20,1,0.774630,450,300,rosenbrock,9,0.019076,0.094013,0.115320,0.113808,83.478685
roulette wheel,50,1,1.037155,450,300,rosenbrock,9,0.013750,0.048731,0.052596,0.039236,83.791970
roulette wheel,30,1,0.578555,450,300,rosenbrock,9,0.029934,0.056985,0.060824,0.027230,81.960755
roulette wheel,10,1,1.037155,450,300,rosenbrock,9,0.152473,0.370176,0.431642,0.172193,84.621815
roulette wheel,30,1,0.500000,450,300,rosenbrock,9,0.021541,0.069039,0.077966,0.071244,85.435565
roulette wheel,30,1,0.669452,450,300,rosenbrock,9,0.025661,0.077518,0.101251,0.042175,83.850370
roulette wheel,30,1,1.037155,450,300,rosenbrock,9,0.036236,0.113492,0.134125,0.065515,80.082550
roulette wheel,20,1,1.200103,450,300,rosenbrock,9,0.051530,0.218200,0.264473,0.176876,89.659235
roulette wheel,30,1,0.774630,450,300,rosenbrock,9,0.013360,0.072456,0.086841,0.056999,85.034950
roulette wheel,10,1,1.606822,450,300,rosenbrock,9,0.268993,1.122972,1.369394,0.595248,92.355200
roulette wheel,20,1,1.037155,450,300,rosenbrock,9,0.033538,0.217112,0.302347,0.117971,92.620490
roulette wheel,20,1,0.500000,450,300,rosenbrock,9,0.019533,0.082469,0.094372,0.054592,92.743145
roulette wheel,40,1,1.606822,450,300,rosenbrock,9,0.043533,0.135221,0.136269,0.083669,62.658935
roulette wheel,20,1,1.606822,450,300,rosenbrock,9,0.194912,0.362692,0.383155,0.209229,93.025225
roulette wheel,10,1,1.859271,450,300,rosenbrock,9,0.608220,1.408612,1.603489,0.814794,94.096815
roulette wheel,40,1,0.500000,450,300,rosenbrock,9,0.008891,0.038466,0.044243,0.025067,78.646945
roulette wheel,20,1,1.859271,450,300,rosenbrock,9,0.271420,0.653432,0.699312,0.409432,94.522275
roulette wheel,40,1,1.200103,450,300,rosenbrock,9,0.034619,0.085504,0.088018,0.040488,79.988360
roulette wheel,30,1,1.859271,450,300,rosenbrock,9,0.168070,0.339380,0.376960,0.199197,91.132480
roulette wheel,50,1,0.578555,450,300,rosenbrock,9,0.016328,0.036072,0.040334,0.014134,57.250615
roulette wheel,50,1,0.500000,450,300,rosenbrock,9,0.010053,0.029631,0.032656,0.016986,65.897375
roulette wheel,40,1,0.578555,450,300,rosenbrock,9,0.006334,0.043778,0.047434,0.033008,90.248185
roulette wheel,30,1,1.388651,450,300,rosenbrock,9,0.073513,0.165767,0.203552,0.108220,97.519115
roulette wheel,40,1,0.669452,450,300,rosenbrock,9,0.020101,0.054719,0.064836,0.040444,94.451010
roulette wheel,40,1,0.896332,450,300,rosenbrock,9,0.028351,0.060095,0.060029,0.037775,90.434930
roulette wheel,40,1,1.388651,450,300,rosenbrock,9,0.046537,0.090242,0.101170,0.055653,91.983820
roulette wheel,40,1,1.859271,450,300,rosenbrock,9,0.074776,0.243459,0.300052,0.128645,84.341780
roulette wheel,10,1,0.669452,450,300,rosenbrock,9,0.073348,0.245917,0.261946,0.146629,48.364310
roulette wheel,40,1,0.774630,450,300,rosenbrock,9,0.026015,0.058491,0.071846,0.043724,102.788190
roulette wheel,50,1,0.669452,450,300,rosenbrock,9,0.015417,0.047753,0.054522,0.015344,74.216770
roulette wheel,50,1,1.200103,450,300,rosenbrock,9,0.015137,0.052911,0.064628,0.028591,52.515345
roulette wheel,50,1,1.388651,450,300,rosenbrock,9,0.009194,0.049704,0.063606,0.037077,55.474120
roulette wheel,40,1,1.037155,450,300,rosenbrock,9,0.022568,0.070430,0.085657,0.035289,125.606560
roulette wheel,50,1,1.606822,450,300,rosenbrock,9,0.033031,0.080933,0.092203,0.069730,60.388855
roulette wheel,60,1,0.774630,450,300,rosenbrock,9,0.005752,0.031117,0.036426,0.033140,60.193060
roulette wheel,50,1,0.774630,450,300,rosenbrock,9,0.024602,0.041042,0.048737,0.018217,103.270380
roulette wheel,60,1,1.200103,450,300,rosenbrock,9,0.013707,0.039654,0.043959,0.036878,62.183040
roulette wheel,60,1,1.037155,450,300,rosenbrock,9,0.010641,0.027484,0.033210,0.026554,62.308350
roulette wheel,60,1,1.388651,450,300,rosenbrock,9,0.009901,0.033465,0.042903,0.025404,62.280385
roulette wheel,70,1,0.896332,450,300,rosenbrock,9,0.008150,0.020939,0.023327,0.020110,61.331930
roulette wheel,70,1,0.774630,450,300,rosenbrock,9,0.008877,0.032445,0.035859,0.012919,62.070400
roulette wheel,70,1,1.606822,450,300,rosenbrock,9,0.011017,0.045491,0.052052,0.050857,60.396435
roulette wheel,50,1,0.896332,450,300,rosenbrock,9,0.016145,0.037992,0.041750,0.019109,111.948940
roulette wheel,80,1,0.578555,450,300,rosenbrock,9,0.004013,0.024531,0.029588,0.019903,60.078715
roulette wheel,80,1,0.774630,450,300,rosenbrock,9,0.011792,0.028240,0.036283,0.018157,61.042990
roulette wheel,80,1,0.896332,450,300,rosenbrock,9,0.004649,0.029544,0.034865,0.019003,60.995435
roulette wheel,10,1,0.774630,450,300,rosenbrock,9,0.092741,0.302574,0.353383,0.218351,78.081445
roulette wheel,80,1,1.859271,450,300,rosenbrock,9,0.028301,0.066970,0.077100,0.045332,61.223315
roulette wheel,70,1,0.622346,450,300,rosenbrock,9,0.011530,0.028393,0.033893,0.016837,57.952600
roulette wheel,70,1,1.200103,450,300,rosenbrock,9,0.008398,0.026883,0.034213,0.017172,83.402325
roulette wheel,70,1,1.388651,450,300,rosenbrock,9,0.013775,0.040836,0.044095,0.021856,83.617375
roulette wheel,10,1,0.896332,450,300,rosenbrock,9,0.122691,0.287456,0.332017,0.185484,106.204640
roulette wheel,80,1,1.606822,450,300,rosenbrock,9,0.017274,0.045692,0.053471,0.034683,114.302660
roulette wheel,10,1,0.537845,450,300,rosenbrock,9,0.076722,0.203094,0.228851,0.116378,82.375655
roulette wheel,50,1,1.859271,450,300,rosenbrock,9,0.055471,0.125052,0.134132,0.083891,154.858595
roulette wheel,60,1,0.500000,450,300,rosenbrock,9,0.009199,0.028525,0.031706,0.017821,157.319245
roulette wheel,30,1,0.537845,450,300,rosenbrock,9,0.021303,0.063153,0.069232,0.052163,81.091545
roulette wheel,50,1,1.115658,450,300,rosenbrock,9,0.016429,0.038774,0.040065,0.031500,84.473230
roulette wheel,20,1,1.290939,450,300,rosenbrock,9,0.131393,0.232039,0.247013,0.141876,80.729980
roulette wheel,60,1,0.896332,450,300,rosenbrock,9,0.009282,0.026343,0.029051,0.029412,160.304920
roulette wheel,90,1,0.500000,450,300,rosenbrock,9,0.005045,0.013716,0.013917,0.012204,128.595245
roulette wheel,20,1,1.115658,450,300,rosenbrock,9,0.065210,0.165005,0.184291,0.108720,85.880860
roulette wheel,60,1,0.578555,450,300,rosenbrock,9,0.006788,0.024044,0.028499,0.018964,167.962565
roulette wheel,60,1,1.859271,450,300,rosenbrock,9,0.032356,0.096122,0.108752,0.096529,165.013700
roulette wheel,20,1,1.728444,450,300,rosenbrock,9,0.312100,0.502537,0.515146,0.181061,91.606095
roulette wheel,20,1,0.622346,450,300,rosenbrock,9,0.032426,0.108927,0.119143,0.071647,135.613260
roulette wheel,70,1,0.500000,450,300,rosenbrock,9,0.005722,0.021472,0.023996,0.022448,168.243190
roulette wheel,20,1,2.000000,450,300,rosenbrock,9,0.219369,0.766885,0.887500,0.570312,93.458525
roulette wheel,60,1,0.669452,450,300,rosenbrock,9,0.017103,0.039019,0.045066,0.016667,179.556615
roulette wheel,30,1,2.000000,450,300,rosenbrock,9,0.152006,0.450750,0.536772,0.249460,92.629710
roulette wheel,40,1,1.290939,450,300,rosenbrock,9,0.013663,0.060068,0.066502,0.038584,96.311330
roulette wheel,80,1,0.500000,450,300,rosenbrock,9,0.002866,0.014657,0.017867,0.014355,164.380280
roulette wheel,40,1,0.622346,450,300,rosenbrock,9,0.010912,0.049271,0.061821,0.042700,92.114680
roulette wheel,60,1,1.606822,450,300,rosenbrock,9,0.015342,0.071324,0.081511,0.036129,182.287270
roulette wheel,30,1,1.493759,450,300,rosenbrock,9,0.069740,0.187300,0.210105,0.122554,90.639895
roulette wheel,40,1,0.964176,450,300,rosenbrock,9,0.006320,0.063622,0.070643,0.039116,88.583265
roulette wheel,70,1,1.859271,450,300,rosenbrock,9,0.031838,0.079046,0.088276,0.053030,171.644360
roulette wheel,70,1,0.669452,450,300,rosenbrock,9,0.012094,0.025402,0.029350,0.020003,178.048775
roulette wheel,20,1,1.493759,450,300,rosenbrock,9,0.031482,0.281296,0.324352,0.246274,139.586325
roulette wheel,40,1,0.720123,450,300,rosenbrock,9,0.018343,0.053919,0.066149,0.027415,96.284040
roulette wheel,20,1,0.964176,450,300,rosenbrock,9,0.056150,0.140733,0.172629,0.084586,139.614755
roulette wheel,70,1,1.037155,450,300,rosenbrock,9,0.009987,0.024081,0.028531,0.012284,181.600310
roulette wheel,80,1,0.669452,450,300,rosenbrock,9,0.010478,0.024262,0.026778,0.018637,174.282015
roulette wheel,40,1,1.493759,450,300,rosenbrock,9,0.015811,0.117275,0.136376,0.062571,94.104865
roulette wheel,80,1,1.037155,450,300,rosenbrock,9,0.006317,0.022104,0.027657,0.023816,174.496375
roulette wheel,10,1,1.290939,450,300,rosenbrock,9,0.168793,0.604475,0.698154,0.412533,143.265950
roulette wheel,40,1,2.000000,450,300,rosenbrock,9,0.075359,0.234922,0.286076,0.172703,97.148440
roulette wheel,30,1,0.964176,450,300,rosenbrock,9,0.044955,0.093210,0.105781,0.060893,142.711040
roulette wheel,80,1,1.200103,450,300,rosenbrock,9,0.009401,0.021398,0.023357,0.013065,176.705490
roulette wheel,50,1,0.720123,450,300,rosenbrock,9,0.006994,0.033527,0.032202,0.023614,88.748450
roulette wheel,80,1,1.493759,450,300,rosenbrock,9,0.007844,0.025544,0.032489,0.022363,161.643585
roulette wheel,30,1,1.290939,450,300,rosenbrock,9,0.028479,0.116273,0.138197,0.053527,148.105490
roulette wheel,40,1,0.833262,450,300,rosenbrock,9,0.018528,0.071597,0.087360,0.039230,93.342930
roulette wheel,10,1,0.622346,450,300,rosenbrock,9,0.065832,0.165528,0.165627,0.133804,145.646035
roulette wheel,10,1,1.493759,450,300,rosenbrock,9,0.216327,0.748904,0.878863,0.407824,151.747375
roulette wheel,20,1,0.833262,450,300,rosenbrock,9,0.027701,0.142182,0.182056,0.092048,146.610230
roulette wheel,20,1,0.720123,450,300,rosenbrock,9,0.027788,0.100835,0.134072,0.065339,148.506210
roulette wheel,30,1,0.720123,450,300,rosenbrock,9,0.006207,0.083657,0.110375,0.047210,141.396185
roulette wheel,30,1,0.622346,450,300,rosenbrock,9,0.019142,0.064518,0.070202,0.036566,144.908225
roulette wheel,40,1,0.537845,450,300,rosenbrock,9,0.007989,0.045874,0.052513,0.050040,135.787065
roulette wheel,30,1,1.115658,450,300,rosenbrock,9,0.039721,0.090013,0.112196,0.063948,142.941210
roulette wheel,30,1,1.728444,450,300,rosenbrock,9,0.109867,0.219458,0.234626,0.221141,152.979665
roulette wheel,10,1,1.115658,450,300,rosenbrock,9,0.087506,0.472644,0.522819,0.365628,146.222085
roulette wheel,10,1,1.728444,450,300,rosenbrock,9,0.537097,1.590209,1.894889,0.836018,141.496570
roulette wheel,50,1,0.537845,450,300,rosenbrock,9,0.006496,0.022554,0.028488,0.019292,129.616000
roulette wheel,50,1,0.622346,450,300,rosenbrock,9,0.018426,0.043884,0.047213,0.041418,132.642540
roulette wheel,20,1,0.537845,450,300,rosenbrock,9,0.009720,0.061945,0.068554,0.056849,140.777715
roulette wheel,40,1,1.728444,450,300,rosenbrock,9,0.056613,0.158055,0.168213,0.103786,139.977885
roulette wheel,30,1,0.833262,450,300,rosenbrock,9,0.006711,0.101479,0.114280,0.099412,143.546660
roulette wheel,10,1,2.000000,450,300,rosenbrock,9,0.540886,1.792907,2.077507,0.911305,139.997260
roulette wheel,50,1,1.493759,450,300,rosenbrock,9,0.029384,0.074757,0.088320,0.045542,84.905620
roulette wheel,10,1,0.720123,450,300,rosenbrock,9,0.051247,0.256900,0.323805,0.150019,113.982465
roulette wheel,40,1,1.115658,450,300,rosenbrock,9,0.009208,0.065332,0.076687,0.034905,79.901655
roulette wheel,50,1,1.290939,450,300,rosenbrock,9,0.006272,0.046482,0.049700,0.038722,106.730055
roulette wheel,50,1,1.728444,450,300,rosenbrock,9,0.031649,0.100348,0.105525,0.068493,74.234935
roulette wheel,50,1,0.833262,450,300,rosenbrock,9,0.016530,0.038048,0.038956,0.026162,68.299105
roulette wheel,60,1,0.833262,450,300,rosenbrock,9,0.012913,0.035614,0.039105,0.023792,79.072035
roulette wheel,60,1,1.115658,450,300,rosenbrock,9,0.007550,0.027071,0.034587,0.015107,69.633395
roulette wheel,60,1,1.290939,450,300,rosenbrock,9,0.008294,0.034869,0.038591,0.037378,73.902960
roulette wheel,80,1,0.622346,450,300,rosenbrock,9,0.012969,0.026696,0.033074,0.018496,62.631525
roulette wheel,60,1,1.493759,450,300,rosenbrock,9,0.028853,0.054065,0.056408,0.035123,68.199185
roulette wheel,70,1,0.833262,450,300,rosenbrock,9,0.011775,0.027542,0.032228,0.019835,67.841510
roulette wheel,50,1,0.964176,450,300,rosenbrock,9,0.005283,0.040663,0.045029,0.027758,64.867160
roulette wheel,70,1,1.728444,450,300,rosenbrock,9,0.023070,0.054300,0.059306,0.028854,69.449210
roulette wheel,70,1,0.964176,450,300,rosenbrock,9,0.001497,0.022229,0.024222,0.020249,73.276445
roulette wheel,80,1,0.833262,450,300,rosenbrock,9,0.005318,0.023257,0.028000,0.013766,64.309055
roulette wheel,80,1,0.964176,450,300,rosenbrock,9,0.010217,0.024412,0.027783,0.011762,57.224065
roulette wheel,10,1,0.833262,450,300,rosenbrock,9,0.098865,0.352772,0.405066,0.262444,51.636450
roulette wheel,70,1,1.290939,450,300,rosenbrock,9,0.005835,0.025546,0.029171,0.021237,51.381995
roulette wheel,70,1,1.493759,450,300,rosenbrock,9,0.008953,0.041243,0.053772,0.023787,51.622385
roulette wheel,80,1,1.728444,450,300,rosenbrock,9,0.019033,0.059658,0.065641,0.027440,49.095240
roulette wheel,80,1,2.000000,450,300,rosenbrock,9,0.010566,0.080176,0.102454,0.056383,58.765515
roulette wheel,90,1,0.578555,450,300,rosenbrock,9,0.005890,0.023878,0.025583,0.016388,59.355780
roulette wheel,10,1,0.964176,450,300,rosenbrock,9,0.023886,0.439326,0.584949,0.302275,55.944155
roulette wheel,60,1,0.537845,450,300,rosenbrock,9,0.008696,0.027293,0.030232,0.015364,57.700830
roulette wheel,90,1,0.537845,450,300,rosenbrock,9,0.003089,0.021826,0.022424,0.013960,46.915275
roulette wheel,90,1,0.669452,450,300,rosenbrock,9,0.002885,0.018689,0.022757,0.014350,62.620610
roulette wheel,50,1,2.000000,450,300,rosenbrock,9,0.059477,0.158506,0.203096,0.100480,62.101905
roulette wheel,90,1,0.774630,450,300,rosenbrock,9,0.005960,0.021858,0.024749,0.019193,61.177805
roulette wheel,60,1,0.964176,450,300,rosenbrock,9,0.006136,0.035854,0.039347,0.033776,55.199625
roulette wheel,90,1,0.896332,450,300,rosenbrock,9,0.008230,0.020255,0.021242,0.012530,62.556915
roulette wheel,90,1,1.037155,450,300,rosenbrock,9,0.005231,0.016325,0.019172,0.012706,62.233435
roulette wheel,90,1,1.606822,450,300,rosenbrock,9,0.009777,0.035051,0.038452,0.031499,45.287035
roulette wheel,90,1,1.388651,450,300,rosenbrock,9,0.005470,0.025071,0.025836,0.018514,51.058860
roulette wheel,90,1,1.200103,450,300,rosenbrock,9,0.008838,0.022183,0.025833,0.015841,60.206690
roulette wheel,90,1,1.859271,450,300,rosenbrock,9,0.024919,0.048879,0.054747,0.034189,60.217565
roulette wheel,100,1,0.578555,450,300,rosenbrock,9,0.003451,0.014704,0.017176,0.012776,58.769515
roulette wheel,100,1,0.500000,450,300,rosenbrock,9,0.008734,0.024132,0.024848,0.012106,60.148295
roulette wheel,60,1,0.622346,450,300,rosenbrock,9,0.008084,0.026756,0.033262,0.041944,73.949320
roulette wheel,100,1,0.669452,450,300,rosenbrock,9,0.007140,0.018245,0.019856,0.011799,57.686750
roulette wheel,100,1,0.774630,450,300,rosenbrock,9,0.002850,0.013961,0.017175,0.010997,58.276965
roulette wheel,100,1,0.896332,450,300,rosenbrock,9,0.002073,0.017371,0.020870,0.011864,58.798535
roulette wheel,60,1,2.000000,450,300,rosenbrock,9,0.066626,0.122688,0.129056,0.078083,83.268315
roulette wheel,100,1,1.200103,450,300,rosenbrock,9,0.004632,0.014770,0.015560,0.011147,59.597150
roulette wheel,70,1,0.537845,450,300,rosenbrock,9,0.005914,0.027431,0.027798,0.018457,89.145620
roulette wheel,60,1,0.720123,450,300,rosenbrock,9,0.011512,0.027615,0.026598,0.023965,94.829655
roulette wheel,100,1,1.037155,450,300,rosenbrock,9,0.004960,0.017092,0.022228,0.013286,77.268930
roulette wheel,80,1,0.537845,450,300,rosenbrock,9,0.004750,0.020902,0.024800,0.015238,100.396980
roulette wheel,110,1,0.500000,450,300,rosenbrock,9,0.003344,0.011914,0.012886,0.011195,67.756995
roulette wheel,100,1,1.606822,450,300,rosenbrock,9,0.002938,0.026625,0.030411,0.015108,72.397715
roulette wheel,70,1,2.000000,450,300,rosenbrock,9,0.038929,0.106112,0.115322,0.045480,89.511080
roulette wheel,60,1,1.728444,450,300,rosenbrock,9,0.023928,0.070770,0.073654,0.046763,100.438880
roulette wheel,100,1,1.388651,450,300,rosenbrock,9,0.006367,0.023390,0.028090,0.012332,88.924530
roulette wheel,110,1,0.669452,450,300,rosenbrock,9,0.004254,0.015218,0.014948,0.014480,75.715245
roulette wheel,110,1,1.037155,450,300,rosenbrock,9,0.004208,0.011909,0.013897,0.018349,76.650410
roulette wheel,70,1,0.720123,450,300,rosenbrock,9,0.008451,0.026997,0.032577,0.015684,111.394040
roulette wheel,70,1,1.115658,450,300,rosenbrock,9,0.004716,0.025875,0.030077,0.013772,111.536890
roulette wheel,100,1,1.859271,450,300,rosenbrock,9,0.013070,0.039259,0.045411,0.027086,107.646090
roulette wheel,110,1,0.578555,450,300,rosenbrock,9,0.009124,0.018168,0.020067,0.008792,113.081170
roulette wheel,80,1,0.720123,450,300,rosenbrock,9,0.008820,0.022416,0.024203,0.016275,120.419410
roulette wheel,140,1,0.578555,450,300,rosenbrock,9,0.004188,0.011583,0.014626,0.007126,86.105545
roulette wheel,80,1,1.290939,450,300,rosenbrock,9,0.009988,0.023234,0.028022,0.018947,116.087960
roulette wheel,130,1,0.774630,450,300,rosenbrock,9,0.001896,0.014347,0.019573,0.014646,92.779865
roulette wheel,80,1,1.115658,450,300,rosenbrock,9,0.005506,0.020643,0.023815,0.011515,123.204555
roulette wheel,140,1,0.500000,450,300,rosenbrock,9,0.005649,0.011935,0.013350,0.009781,89.241165
roulette wheel,130,1,1.388651,450,300,rosenbrock,9,0.001679,0.011233,0.012267,0.014936,93.351100
roulette wheel,140,1,0.896332,450,300,rosenbrock,9,0.005016,0.013701,0.015456,0.006991,90.592935
roulette wheel,130,1,1.606822,450,300,rosenbrock,9,0.004096,0.024141,0.033704,0.026054,94.509285
roulette wheel,140,1,0.669452,450,300,rosenbrock,9,0.003961,0.014014,0.014494,0.014560,91.759260
roulette wheel,140,1,0.774630,450,300,rosenbrock,9,0.000998,0.009935,0.010660,0.008409,92.127425
roulette wheel,130,1,1.037155,450,300,rosenbrock,9,0.002613,0.011633,0.011757,0.011921,97.175920
roulette wheel,110,1,0.774630,450,300,rosenbrock,9,0.003668,0.015318,0.018229,0.010428,118.243945
roulette wheel,140,1,1.388651,450,300,rosenbrock,9,0.003586,0.015416,0.020934,0.016410,86.325910
roulette wheel,110,1,1.606822,450,300,rosenbrock,9,0.007586,0.029593,0.035613,0.013748,111.671120
roulette wheel,140,1,1.200103,450,300,rosenbrock,9,0.002912,0.012874,0.017311,0.009388,88.543770
roulette wheel,140,1,1.037155,450,300,rosenbrock,9,0.003150,0.013058,0.016781,0.014587,89.599775
roulette wheel,120,1,0.578555,450,300,rosenbrock,9,0.005610,0.012541,0.014547,0.009829,110.405100
roulette wheel,120,1,0.500000,450,300,rosenbrock,9,0.003625,0.017458,0.021227,0.022613,113.678705
roulette wheel,140,1,1.606822,450,300,rosenbrock,9,0.005183,0.013590,0.014918,0.013127,81.357545
roulette wheel,120,1,0.774630,450,300,rosenbrock,9,0.005997,0.013578,0.014235,0.009432,111.107095
roulette wheel,110,1,1.859271,450,300,rosenbrock,9,0.011419,0.031992,0.036601,0.032939,117.180270
roulette wheel,120,1,0.669452,450,300,rosenbrock,9,0.005009,0.014612,0.014603,0.014659,112.193045
roulette wheel,120,1,1.388651,450,300,rosenbrock,9,0.004885,0.018171,0.018218,0.014654,110.384125
roulette wheel,130,1,0.578555,450,300,rosenbrock,9,0.002070,0.011550,0.013222,0.013432,110.922905
roulette wheel,110,1,0.896332,450,300,rosenbrock,9,0.006404,0.015437,0.016891,0.012085,131.221745
roulette wheel,140,1,1.859271,450,300,rosenbrock,9,0.012896,0.024857,0.028660,0.018048,75.652785
roulette wheel,110,1,1.200103,450,300,rosenbrock,9,0.002940,0.012775,0.014474,0.013063,132.428030
roulette wheel,110,1,1.388651,450,300,rosenbrock,9,0.006822,0.018571,0.023440,0.013978,139.785720
roulette wheel,130,1,0.669452,450,300,rosenbrock,9,0.006876,0.017317,0.020219,0.012445,144.792495
roulette wheel,130,1,1.200103,450,300,rosenbrock,9,0.007318,0.013898,0.015506,0.010461,145.084255
roulette wheel,120,1,0.896332,450,300,rosenbrock,9,0.003952,0.013285,0.016317,0.009388,148.969805
roulette wheel,130,1,0.896332,450,300,rosenbrock,9,0.002021,0.012836,0.012792,0.011704,149.533165
roulette wheel,130,1,0.500000,450,300,rosenbrock,9,0.002492,0.011886,0.015693,0.005880,150.532840
roulette wheel,120,1,1.200103,450,300,rosenbrock,9,0.001581,0.014756,0.017536,0.010674,152.186635
roulette wheel,90,1,0.622346,450,300,rosenbrock,9,0.004678,0.018285,0.021703,0.014524,54.447805
roulette wheel,120,1,1.606822,450,300,rosenbrock,9,0.006274,0.022427,0.027914,0.024192,152.253715
roulette wheel,120,1,1.859271,450,300,rosenbrock,9,0.009446,0.025567,0.028429,0.019143,153.435930
roulette wheel,120,1,1.037155,450,300,rosenbrock,9,0.004890,0.010061,0.012061,0.012045,156.926115
roulette wheel,130,1,1.859271,450,300,rosenbrock,9,0.014552,0.036664,0.047615,0.016686,151.563640
roulette wheel,150,1,1.200103,450,300,rosenbrock,9,0.004772,0.013863,0.014623,0.018066,57.651090
roulette wheel,150,1,1.606822,450,300,rosenbrock,9,0.003385,0.020085,0.022203,0.017199,56.991245
roulette wheel,150,1,1.859271,450,300,rosenbrock,9,0.002789,0.023189,0.029279,0.024475,57.989555
roulette wheel,150,1,0.896332,450,300,rosenbrock,9,0.004857,0.010587,0.011247,0.008542,73.613790
roulette wheel,160,1,0.500000,450,300,rosenbrock,9,0.004328,0.013012,0.015919,0.007091,53.100875
roulette wheel,160,1,0.578555,450,300,rosenbrock,9,0.001992,0.010004,0.011318,0.010634,53.184895
roulette wheel,150,1,0.500000,450,300,rosenbrock,9,0.001774,0.011794,0.011488,0.010094,119.597815
roulette wheel,150,1,0.578555,450,300,rosenbrock,9,0.004050,0.014876,0.017510,0.012496,112.644685
roulette wheel,150,1,0.669452,450,300,rosenbrock,9,0.002732,0.012242,0.015964,0.012733,105.369985
roulette wheel,160,1,0.669452,450,300,rosenbrock,9,0.004254,0.009869,0.010539,0.007908,54.700310
roulette wheel,90,1,0.833262,450,300,rosenbrock,9,0.007086,0.020205,0.022624,0.013686,77.851035
roulette wheel,90,1,0.720123,450,300,rosenbrock,9,0.004816,0.022633,0.026538,0.013407,79.096745
roulette wheel,90,1,1.115658,450,300,rosenbrock,9,0.005503,0.016758,0.022395,0.012086,77.844220
roulette wheel,90,1,0.964176,450,300,rosenbrock,9,0.006939,0.019653,0.021020,0.017244,78.158245
roulette wheel,160,1,0.774630,450,300,rosenbrock,9,0.000970,0.007241,0.007445,0.007826,54.100025
roulette wheel,150,1,0.774630,450,300,rosenbrock,9,0.003380,0.009222,0.009624,0.007285,97.600385
roulette wheel,100,1,0.537845,450,300,rosenbrock,9,0.004322,0.015899,0.019570,0.011086,76.208935
roulette wheel,90,1,1.493759,450,300,rosenbrock,9,0.006499,0.028119,0.032597,0.011978,80.556110
roulette wheel,90,1,1.290939,450,300,rosenbrock,9,0.008952,0.023079,0.026367,0.019074,81.098935
roulette wheel,90,1,2.000000,450,300,rosenbrock,9,0.024394,0.065661,0.079264,0.041009,81.732105
roulette wheel,100,1,0.622346,450,300,rosenbrock,9,0.003863,0.018491,0.020183,0.016134,80.148615
roulette wheel,160,1,0.896332,450,300,rosenbrock,9,0.003141,0.010719,0.013365,0.007526,51.408505
roulette wheel,100,1,0.720123,450,300,rosenbrock,9,0.003918,0.018419,0.022483,0.012448,76.902860
roulette wheel,150,1,1.037155,450,300,rosenbrock,9,0.002653,0.013146,0.013800,0.012567,90.477720
roulette wheel,100,1,0.964176,450,300,rosenbrock,9,0.003636,0.017023,0.020344,0.010818,77.665280
roulette wheel,100,1,0.833262,450,300,rosenbrock,9,0.005387,0.015856,0.018820,0.017592,78.552335
roulette wheel,90,1,1.728444,450,300,rosenbrock,9,0.018304,0.037570,0.045401,0.020992,87.126640
roulette wheel,150,1,1.388651,450,300,rosenbrock,9,0.006682,0.017967,0.021303,0.021605,91.654770
roulette wheel,100,1,1.290939,450,300,rosenbrock,9,0.005164,0.017942,0.021356,0.011223,74.099235
roulette wheel,100,1,1.115658,450,300,rosenbrock,9,0.003452,0.017641,0.020916,0.009288,65.633600
roulette wheel,110,1,0.537845,450,300,rosenbrock,9,0.006304,0.016081,0.018012,0.008363,57.439850
roulette wheel,100,1,1.728444,450,300,rosenbrock,9,0.006845,0.028676,0.035700,0.021093,62.954880
roulette wheel,160,1,1.037155,450,300,rosenbrock,9,0.001921,0.009410,0.010398,0.015214,55.856910
roulette wheel,100,1,1.493759,450,300,rosenbrock,9,0.004159,0.034140,0.038938,0.021223,47.639455
roulette wheel,160,1,1.200103,450,300,rosenbrock,9,0.003560,0.011260,0.013878,0.009193,67.462595
roulette wheel,100,1,2.000000,450,300,rosenbrock,9,0.011896,0.052873,0.067928,0.033754,46.175130
roulette wheel,110,1,0.622346,450,300,rosenbrock,9,0.005032,0.019058,0.022644,0.009002,48.237475
roulette wheel,130,1,1.493759,450,300,rosenbrock,9,0.005297,0.014223,0.014078,0.011136,45.838585
roulette wheel,110,1,1.115658,450,300,rosenbrock,9,0.005119,0.014465,0.016831,0.010059,61.693520
roulette wheel,160,1,1.606822,450,300,rosenbrock,9,0.001226,0.017844,0.022926,0.013211,57.015095
roulette wheel,130,1,1.115658,450,300,rosenbrock,9,0.001265,0.009718,0.009590,0.008576,48.887850
roulette wheel,140,1,0.720123,450,300,rosenbrock,9,0.000914,0.010595,0.013278,0.008888,54.416200
roulette wheel,140,1,0.622346,450,300,rosenbrock,9,0.001932,0.011975,0.014803,0.014203,61.812385
roulette wheel,140,1,0.537845,450,300,rosenbrock,9,0.001402,0.011965,0.014004,0.013634,61.350860
roulette wheel,140,1,0.964176,450,300,rosenbrock,9,0.003230,0.015327,0.017211,0.010135,61.855020
roulette wheel,130,1,0.833262,450,300,rosenbrock,9,0.003438,0.013319,0.016146,0.012120,64.422625
roulette wheel,130,1,1.728444,450,300,rosenbrock,9,0.003011,0.023142,0.026157,0.019222,62.500920
roulette wheel,140,1,0.833262,450,300,rosenbrock,9,0.003242,0.011466,0.012986,0.017095,61.286565
roulette wheel,140,1,1.493759,450,300,rosenbrock,9,0.003747,0.015578,0.018818,0.011525,62.005045
roulette wheel,140,1,1.115658,450,300,rosenbrock,9,0.002913,0.011009,0.013625,0.008688,61.092410
roulette wheel,140,1,1.290939,450,300,rosenbrock,9,0.003573,0.014910,0.017337,0.010397,62.140700
roulette wheel,140,1,1.728444,450,300,rosenbrock,9,0.013108,0.030362,0.032927,0.016549,63.692020
roulette wheel,110,1,0.720123,450,300,rosenbrock,9,0.003700,0.013160,0.014406,0.009446,97.971795
roulette wheel,160,1,1.388651,450,300,rosenbrock,9,0.005563,0.014564,0.016917,0.009473,104.020910
roulette wheel,140,1,2.000000,450,300,rosenbrock,9,0.009054,0.033600,0.044075,0.023545,70.611245
roulette wheel,170,1,0.500000,450,300,rosenbrock,9,0.004021,0.011143,0.013941,0.005271,115.724575
roulette wheel,160,1,1.859271,450,300,rosenbrock,9,0.012877,0.025651,0.027584,0.023257,118.768840
roulette wheel,170,1,0.578555,450,300,rosenbrock,9,0.002607,0.009334,0.010255,0.011079,126.239390
roulette wheel,110,1,0.964176,450,300,rosenbrock,9,0.009471,0.016284,0.017145,0.007275,104.808265
roulette wheel,170,1,0.669452,450,300,rosenbrock,9,0.001454,0.008366,0.011137,0.010232,80.175540
roulette wheel,110,1,0.833262,450,300,rosenbrock,9,0.002122,0.012897,0.014351,0.015564,136.989775
roulette wheel,110,1,1.728444,450,300,rosenbrock,9,0.008267,0.028660,0.028648,0.021156,133.484080
roulette wheel,170,1,0.774630,450,300,rosenbrock,9,0.002676,0.010594,0.012105,0.009010,78.647260
roulette wheel,150,1,0.964176,450,300,rosenbrock,9,0.002799,0.013802,0.015513,0.013194,79.544715
roulette wheel,170,1,0.896332,450,300,rosenbrock,9,0.005019,0.013972,0.015043,0.009693,82.770805
roulette wheel,170,1,1.037155,450,300,rosenbrock,9,0.003044,0.011245,0.011479,0.008532,84.875380
roulette wheel,170,1,1.200103,450,300,rosenbrock,9,0.004026,0.010898,0.014049,0.010750,85.798095
roulette wheel,170,1,1.388651,450,300,rosenbrock,9,0.004146,0.010168,0.011264,0.009511,83.361090
roulette wheel,120,1,0.537845,450,300,rosenbrock,9,0.001472,0.013676,0.014232,0.010335,139.239880
roulette wheel,170,1,1.859271,450,300,rosenbrock,9,0.004297,0.021502,0.027627,0.018040,83.593530
roulette wheel,170,1,1.606822,450,300,rosenbrock,9,0.003628,0.015823,0.017713,0.013374,84.496585
roulette wheel,110,1,1.290939,450,300,rosenbrock,9,0.004999,0.011389,0.011888,0.006818,115.019155
roulette wheel,180,1,0.500000,450,300,rosenbrock,9,0.001109,0.010382,0.010956,0.011312,81.832905
roulette wheel,180,1,0.578555,450,300,rosenbrock,9,0.002461,0.008733,0.010515,0.009141,81.375880
roulette wheel,120,1,0.622346,450,300,rosenbrock,9,0.003243,0.013544,0.017275,0.009073,147.502425
roulette wheel,110,1,2.000000,450,300,rosenbrock,9,0.008745,0.050232,0.063039,0.035903,137.848240
roulette wheel,180,1,0.669452,450,300,rosenbrock,9,0.001622,0.010248,0.011614,0.011901,78.548940
roulette wheel,120,1,0.833262,450,300,rosenbrock,9,0.004004,0.011243,0.010780,0.010720,143.822145
roulette wheel,180,1,0.774630,450,300,rosenbrock,9,0.002176,0.012514,0.015969,0.011721,78.172975
roulette wheel,120,1,1.493759,450,300,rosenbrock,9,0.006733,0.016206,0.018962,0.016437,139.372520
roulette wheel,130,1,0.622346,450,300,rosenbrock,9,0.002502,0.016627,0.019690,0.011170,139.531085
roulette wheel,180,1,0.896332,450,300,rosenbrock,9,0.002889,0.009131,0.009395,0.010080,77.995735
roulette wheel,110,1,1.493759,450,300,rosenbrock,9,0.003848,0.018258,0.021717,0.012319,137.759150
roulette wheel,120,1,0.720123,450,300,rosenbrock,9,0.003513,0.012967,0.014864,0.010720,155.441100
roulette wheel,120,1,0.964176,450,300,rosenbrock,9,0.003962,0.014050,0.017122,0.009877,138.504985
roulette wheel,130,1,0.720123,450,300,rosenbrock,9,0.007525,0.016787,0.019157,0.010856,144.314120
roulette wheel,160,1,0.622346,450,300,rosenbrock,9,0.003939,0.008032,0.008684,0.012541,130.267415
roulette wheel,160,1,0.537845,450,300,rosenbrock,9,0.002608,0.010821,0.012883,0.009136,130.840275
roulette wheel,150,1,1.728444,450,300,rosenbrock,9,0.007939,0.033413,0.042609,0.023280,132.843920
roulette wheel,160,1,0.720123,450,300,rosenbrock,9,0.003176,0.010745,0.013125,0.010397,133.725450
roulette wheel,160,1,0.833262,450,300,rosenbrock,9,0.004184,0.011524,0.014114,0.008898,131.176240
roulette wheel,150,1,2.000000,450,300,rosenbrock,9,0.003882,0.024450,0.036413,0.024763,134.462825
roulette wheel,160,1,0.964176,450,300,rosenbrock,9,0.002675,0.009876,0.011687,0.012045,118.375540
roulette wheel,150,1,1.290939,450,300,rosenbrock,9,0.003040,0.018167,0.022272,0.010434,136.033265
roulette wheel,130,1,1.290939,450,300,rosenbrock,9,0.005483,0.013239,0.013676,0.018323,154.453780
roulette wheel,180,1,1.200103,450,300,rosenbrock,9,0.002292,0.006991,0.007350,0.004976,75.919085
roulette wheel,180,1,1.606822,450,300,rosenbrock,9,0.003144,0.012440,0.016850,0.011745,66.331255
roulette wheel,130,1,0.964176,450,300,rosenbrock,9,0.004613,0.013010,0.013699,0.011557,161.151305
roulette wheel,120,1,2.000000,450,300,rosenbrock,9,0.018933,0.040642,0.048374,0.031520,156.633360
roulette wheel,130,1,0.537845,450,300,rosenbrock,9,0.002420,0.012113,0.014719,0.010958,163.324895
roulette wheel,120,1,1.728444,450,300,rosenbrock,9,0.002350,0.028129,0.033540,0.021187,160.414270
roulette wheel,160,1,1.115658,450,300,rosenbrock,9,0.003433,0.011739,0.014004,0.007407,67.776710
roulette wheel,160,1,1.290939,450,300,rosenbrock,9,0.001765,0.013154,0.014980,0.009060,66.393120
roulette wheel,160,1,1.728444,450,300,rosenbrock,9,0.004470,0.017955,0.019871,0.024440,64.764435
roulette wheel,120,1,1.290939,450,300,rosenbrock,9,0.006508,0.019049,0.019750,0.011586,167.231195
roulette wheel,150,1,0.622346,450,300,rosenbrock,9,0.003110,0.012216,0.012905,0.007530,163.792095
roulette wheel,150,1,0.537845,450,300,rosenbrock,9,0.003136,0.007870,0.008289,0.006891,163.888665
roulette wheel,120,1,1.115658,450,300,rosenbrock,9,0.004012,0.012723,0.014644,0.006369,165.501070
roulette wheel,180,1,1.859271,450,300,rosenbrock,9,0.003732,0.019344,0.023140,0.019698,81.136815
roulette wheel,150,1,0.720123,450,300,rosenbrock,9,0.001575,0.012950,0.015089,0.022967,168.124885
roulette wheel,200,1,0.774630,450,300,rosenbrock,9,0.000834,0.008685,0.009195,0.009858,59.675585
roulette wheel,150,1,0.833262,450,300,rosenbrock,9,0.002689,0.011432,0.012098,0.016478,164.746045
roulette wheel,190,1,0.578555,450,300,rosenbrock,9,0.002446,0.008222,0.009106,0.006170,74.588295
roulette wheel,130,1,2.000000,450,300,rosenbrock,9,0.018294,0.033621,0.034482,0.023632,170.362665
roulette wheel,150,1,1.115658,450,300,rosenbrock,9,0.003847,0.010165,0.010030,0.010160,149.688665
roulette wheel,190,1,1.859271,450,300,rosenbrock,9,0.006726,0.023834,0.029002,0.017966,76.544150
roulette wheel,190,1,0.774630,450,300,rosenbrock,9,0.002065,0.006801,0.007281,0.011121,83.816780
roulette wheel,190,1,0.896332,450,300,rosenbrock,9,0.002056,0.009211,0.011485,0.013224,85.589535
roulette wheel,180,1,1.037155,450,300,rosenbrock,9,0.003884,0.011392,0.013254,0.009816,131.651990
roulette wheel,190,1,1.200103,450,300,rosenbrock,9,0.001097,0.008526,0.009966,0.009233,85.635145
roulette wheel,200,1,0.500000,450,300,rosenbrock,9,0.002724,0.008634,0.009716,0.007979,80.813650
roulette wheel,190,1,1.037155,450,300,rosenbrock,9,0.001165,0.008128,0.008013,0.008679,88.595175
roulette wheel,190,1,1.388651,450,300,rosenbrock,9,0.004940,0.013036,0.016224,0.010244,87.656085
roulette wheel,150,1,1.493759,450,300,rosenbrock,9,0.004819,0.012874,0.014241,0.014812,120.772900
roulette wheel,190,1,1.606822,450,300,rosenbrock,9,0.003326,0.012229,0.013464,0.011008,86.723355
roulette wheel,200,1,0.578555,450,300,rosenbrock,9,0.003203,0.009087,0.012094,0.009935,81.598675
roulette wheel,160,1,1.493759,450,300,rosenbrock,9,0.004509,0.018368,0.020200,0.016516,45.190135
roulette wheel,180,1,1.388651,450,300,rosenbrock,9,0.003006,0.014948,0.017957,0.015554,106.241835
roulette wheel,200,1,1.037155,450,300,rosenbrock,9,0.000778,0.008287,0.010103,0.015839,71.687855
roulette wheel,200,1,0.669452,450,300,rosenbrock,9,0.002502,0.008648,0.009339,0.007860,79.931900
roulette wheel,200,1,0.896332,450,300,rosenbrock,9,0.001328,0.007847,0.009053,0.007552,81.134320
roulette wheel,190,1,0.500000,450,300,rosenbrock,9,0.004175,0.009072,0.010014,0.007752,96.680230
roulette wheel,190,1,0.669452,450,300,rosenbrock,9,0.000937,0.006215,0.007267,0.007087,100.974705
roulette wheel,200,1,1.200103,450,300,rosenbrock,9,0.002154,0.010961,0.012547,0.008226,74.785375
roulette wheel,200,1,1.388651,450,300,rosenbrock,9,0.002017,0.010962,0.013298,0.009673,67.770515
roulette wheel,170,1,0.537845,450,300,rosenbrock,9,0.002765,0.008385,0.009914,0.010177,60.429040
roulette wheel,200,1,1.859271,450,300,rosenbrock,9,0.003298,0.020143,0.024830,0.015731,51.972050
roulette wheel,170,1,0.720123,450,300,rosenbrock,9,0.005833,0.013457,0.015243,0.010069,57.948190
roulette wheel,170,1,0.833262,450,300,rosenbrock,9,0.004097,0.011620,0.013906,0.010475,58.203580
roulette wheel,200,1,1.606822,450,300,rosenbrock,9,0.006752,0.020146,0.022901,0.016951,89.720190
roulette wheel,160,1,2.000000,450,300,rosenbrock,9,0.006807,0.035357,0.040286,0.028838,78.292795
tournament 3,10,1,0.669452,450,300,rosenbrock,9,3.770041,7.451892,7.744789,3.040549,59.939360
roulette wheel,170,1,0.964176,450,300,rosenbrock,9,0.001138,0.012652,0.018120,0.010063,59.920115
roulette wheel,170,1,1.115658,450,300,rosenbrock,9,0.002033,0.007176,0.007742,0.009273,59.922450
roulette wheel,170,1,1.290939,450,300,rosenbrock,9,0.003026,0.012018,0.014642,0.011037,59.172870
roulette wheel,170,1,1.493759,450,300,rosenbrock,9,0.002286,0.013693,0.017896,0.010930,58.972115
roulette wheel,170,1,1.728444,450,300,rosenbrock,9,0.002907,0.022397,0.021813,0.031037,58.602075
roulette wheel,180,1,0.537845,450,300,rosenbrock,9,0.004061,0.010679,0.010206,0.012187,58.194465
roulette wheel,180,1,0.622346,450,300,rosenbrock,9,0.001179,0.007402,0.009049,0.010330,59.392695
roulette wheel,180,1,0.720123,450,300,rosenbrock,9,0.001640,0.011860,0.015694,0.010775,58.864660
roulette wheel,170,1,0.622346,450,300,rosenbrock,9,0.002244,0.011178,0.013547,0.011865,88.510275
roulette wheel,170,1,2.000000,450,300,rosenbrock,9,0.008577,0.033303,0.042542,0.022715,79.037035
roulette wheel,180,1,0.964176,450,300,rosenbrock,9,0.002481,0.008690,0.009490,0.012480,66.353010
tournament 3,10,1,0.896332,450,300,rosenbrock,9,3.446989,9.020626,9.124468,3.557331,79.933340
roulette wheel,180,1,0.833262,450,300,rosenbrock,9,0.005148,0.010020,0.011412,0.008437,91.810635
tournament 3,10,1,0.500000,450,300,rosenbrock,9,2.556091,6.144763,7.114965,4.078756,123.515690
roulette wheel,180,1,1.290939,450,300,rosenbrock,9,0.000774,0.013108,0.015351,0.013556,77.203635
roulette wheel,180,1,1.728444,450,300,rosenbrock,9,0.005687,0.016748,0.017677,0.013554,81.276055
tournament 3,20,1,0.500000,450,300,rosenbrock,9,0.310707,0.594582,0.676203,0.229590,119.150885
tournament 3,10,1,0.578555,450,300,rosenbrock,9,4.205723,7.614274,8.158289,2.214412,145.205735
roulette wheel,200,1,0.833262,450,300,rosenbrock,9,0.001455,0.008407,0.009267,0.013013,89.676060
roulette wheel,190,1,0.833262,450,300,rosenbrock,9,0.002357,0.009008,0.010999,0.006723,92.654080
roulette wheel,190,1,2.000000,450,300,rosenbrock,9,0.008419,0.024479,0.027463,0.019893,93.273655
roulette wheel,200,1,0.537845,450,300,rosenbrock,9,0.000928,0.009495,0.011442,0.009609,90.359870
roulette wheel,190,1,1.290939,450,300,rosenbrock,9,0.001368,0.014463,0.015164,0.011333,90.903495
roulette wheel,180,1,2.000000,450,300,rosenbrock,9,0.010063,0.025146,0.030187,0.021621,96.302575
roulette wheel,190,1,0.964176,450,300,rosenbrock,9,0.002261,0.009939,0.012305,0.010024,93.638815
roulette wheel,190,1,1.728444,450,300,rosenbrock,9,0.004144,0.021094,0.026629,0.016905,88.444620
roulette wheel,200,1,0.622346,450,300,rosenbrock,9,0.001668,0.007400,0.008765,0.010392,89.959320
tournament 3,10,1,1.037155,450,300,rosenbrock,9,4.588674,10.599094,11.678593,3.524586,155.475580
roulette wheel,190,1,1.115658,450,300,rosenbrock,9,0.004074,0.012746,0.016503,0.013002,94.839320
tournament 3,10,1,1.200103,450,300,rosenbrock,9,5.640264,13.702256,17.476578,7.132208,154.725155
tournament 3,20,1,0.669452,450,300,rosenbrock,9,0.314139,0.646806,0.829489,0.327655,139.879095
roulette wheel,190,1,1.493759,450,300,rosenbrock,9,0.003348,0.012231,0.013744,0.019852,95.754275
tournament 3,20,1,0.774630,450,300,rosenbrock,9,0.302743,0.796097,0.965611,0.388680,142.712025
tournament 3,10,1,0.774630,450,300,rosenbrock,9,5.232336,8.963797,10.002769,2.916876,167.523890
tournament 3,10,1,1.388651,450,300,rosenbrock,9,9.633266,16.707409,18.148172,5.337381,162.029850
tournament 3,10,1,1.606822,450,300,rosenbrock,9,14.205351,21.307308,23.293741,6.613582,162.000395
roulette wheel,200,1,1.115658,450,300,rosenbrock,9,0.000931,0.009122,0.008850,0.012424,89.783450
roulette wheel,200,1,0.964176,450,300,rosenbrock,9,0.001022,0.007874,0.009355,0.007155,89.390520
tournament 3,10,1,1.859271,450,300,rosenbrock,9,11.447604,24.266533,25.789223,9.601892,167.857225
roulette wheel,200,1,0.720123,450,300,rosenbrock,9,0.003072,0.010895,0.012806,0.006791,93.480920
tournament 3,20,1,0.578555,450,300,rosenbrock,9,0.243179,0.695091,0.821469,0.336399,169.498565
tournament 3,20,1,1.200103,450,300,rosenbrock,9,0.129302,0.911850,0.998775,0.490802,161.750900
tournament 3,20,1,1.037155,450,300,rosenbrock,9,0.349478,0.842533,0.985771,0.419893,166.887925
tournament 3,20,1,1.388651,450,300,rosenbrock,9,0.852607,1.483132,1.539593,0.631274,163.656485
tournament 3,20,1,1.606822,450,300,rosenbrock,9,1.421000,2.374726,2.636944,0.765542,163.529945
tournament 3,20,1,0.896332,450,300,rosenbrock,9,0.523850,0.967707,1.046044,0.398522,173.148520
tournament 3,20,1,1.859271,450,300,rosenbrock,9,1.631375,3.562029,3.821624,1.635592,164.378270
tournament 3,30,1,0.578555,450,300,rosenbrock,9,0.055536,0.159187,0.193215,0.061847,162.155735
tournament 3,30,1,0.500000,450,300,rosenbrock,9,0.034626,0.141065,0.149414,0.056723,164.715285
tournament 3,30,1,1.859271,450,300,rosenbrock,9,0.350491,0.835971,1.012508,0.506963,148.556055
tournament 3,30,1,1.606822,450,300,rosenbrock,9,0.270748,0.536201,0.599669,0.267081,149.898530
tournament 3,30,1,1.388651,450,300,rosenbrock,9,0.094207,0.288270,0.319608,0.125160,151.256785
tournament 3,40,1,1.859271,450,300,rosenbrock,9,0.099352,0.320476,0.360326,0.189422,136.487485
tournament 3,30,1,0.669452,450,300,rosenbrock,9,0.054417,0.139212,0.149053,0.059692,172.325610
roulette wheel,200,1,1.493759,450,300,rosenbrock,9,0.002934,0.017613,0.021272,0.013488,86.797320
roulette wheel,200,1,1.290939,450,300,rosenbrock,9,0.005355,0.012678,0.012459,0.012395,96.158340
tournament 3,50,1,0.500000,450,300,rosenbrock,9,0.003101,0.028003,0.034478,0.018259,90.168700
tournament 3,30,1,0.774630,450,300,rosenbrock,9,0.049501,0.159163,0.179327,0.082386,183.007445
tournament 3,50,1,0.578555,450,300,rosenbrock,9,0.008835,0.028210,0.032204,0.022787,71.052880
roulette wheel,200,1,1.728444,450,300,rosenbrock,9,0.007256,0.019643,0.023901,0.010988,69.940620
tournament 3,30,1,0.896332,450,300,rosenbrock,9,0.094699,0.195386,0.225124,0.087275,181.229090
tournament 3,50,1,0.774630,450,300,rosenbrock,9,0.009165,0.024355,0.026418,0.023040,72.865940
tournament 3,30,1,1.200103,450,300,rosenbrock,9,0.053080,0.171168,0.192636,0.095865,180.582080
tournament 3,40,1,0.578555,450,300,rosenbrock,9,0.010822,0.047951,0.054916,0.028366,176.181765
tournament 3,50,1,0.669452,450,300,rosenbrock,9,0.009355,0.026949,0.031134,0.019976,80.342620
tournament 3,60,1,0.500000,450,300,rosenbrock,9,0.004939,0.016877,0.021350,0.016183,62.574515
tournament 3,50,1,1.606822,450,300,rosenbrock,9,0.021864,0.082867,0.090456,0.060039,72.984045
tournament 3,60,1,0.669452,450,300,rosenbrock,9,0.010756,0.020401,0.024336,0.010860,54.806920
tournament 3,50,1,0.896332,450,300,rosenbrock,9,0.019185,0.030821,0.031742,0.023455,78.813385
tournament 3,10,1,0.720123,450,300,rosenbrock,9,4.564357,8.815102,9.727373,2.871109,80.893440
tournament 3,50,1,1.037155,450,300,rosenbrock,9,0.005307,0.022013,0.024997,0.020389,78.432610
tournament 3,50,1,1.200103,450,300,rosenbrock,9,0.006246,0.031653,0.036012,0.029578,78.048540
tournament 3,50,1,1.388651,450,300,rosenbrock,9,0.018842,0.058109,0.065187,0.021271,78.896700
roulette wheel,190,1,0.622346,450,300,rosenbrock,9,0.000278,0.010737,0.011655,0.013467,184.703045
tournament 3,40,1,0.896332,450,300,rosenbrock,9,0.022671,0.058732,0.067629,0.048627,186.025885
tournament 3,40,1,1.037155,450,300,rosenbrock,9,0.018634,0.047008,0.055078,0.030036,185.787220
tournament 3,40,1,0.500000,450,300,rosenbrock,9,0.025081,0.044679,0.048018,0.024788,187.448790
tournament 3,30,1,1.037155,450,300,rosenbrock,9,0.069470,0.189558,0.198280,0.068771,194.801865
tournament 3,40,1,0.669452,450,300,rosenbrock,9,0.019593,0.049761,0.057662,0.031191,187.976435
roulette wheel,180,1,1.115658,450,300,rosenbrock,9,0.002925,0.009630,0.012003,0.007139,183.961650
tournament 3,40,1,1.388651,450,300,rosenbrock,9,0.028981,0.097186,0.113966,0.068360,187.927395
tournament 3,40,1,1.200103,450,300,rosenbrock,9,0.030836,0.063798,0.071890,0.033682,188.542005
tournament 3,40,1,0.774630,450,300,rosenbrock,9,0.006531,0.045324,0.053956,0.029315,190.920700
tournament 3,60,1,0.578555,450,300,rosenbrock,9,0.004712,0.023107,0.026936,0.018987,74.060145
tournament 3,40,1,1.606822,450,300,rosenbrock,9,0.061037,0.149556,0.175027,0.089829,183.110405
tournament 3,50,1,1.859271,450,300,rosenbrock,9,0.030459,0.134593,0.164594,0.086258,76.485720
roulette wheel,180,1,1.493759,450,300,rosenbrock,9,0.002006,0.014349,0.016482,0.008970,171.730115
tournament 3,60,1,0.774630,450,300,rosenbrock,9,0.007962,0.017521,0.016804,0.013329,62.193490
roulette wheel,190,1,0.537845,450,300,rosenbrock,9,0.001227,0.007927,0.007285,0.006968,163.317935
roulette wheel,190,1,0.720123,450,300,rosenbrock,9,0.001884,0.011402,0.013739,0.007906,148.849580
roulette wheel,200,1,2.000000,450,300,rosenbrock,9,0.004192,0.019172,0.023156,0.016518,116.763640
tournament 3,60,1,0.896332,450,300,rosenbrock,9,0.006334,0.019852,0.023940,0.011306,61.841325
tournament 3,60,1,1.388651,450,300,rosenbrock,9,0.011510,0.033945,0.038542,0.021981,49.826475
tournament 3,10,1,0.537845,450,300,rosenbrock,9,3.143761,5.539789,5.711086,3.131320,55.016240
tournament 3,60,1,1.037155,450,300,rosenbrock,9,0.012571,0.024572,0.030125,0.010691,59.399015
tournament 3,10,1,0.964176,450,300,rosenbrock,9,3.147426,9.119704,10.200134,3.531049,62.942700
tournament 3,60,1,1.200103,450,300,rosenbrock,9,0.005558,0.019425,0.022488,0.012904,56.261040
tournament 3,20,1,0.537845,450,300,rosenbrock,9,0.340525,0.661953,0.766377,0.312581,53.791575
tournament 3,70,1,1.200103,450,300,rosenbrock,9,0.005012,0.016770,0.018176,0.011663,46.777985
tournament 3,60,1,1.606822,450,300,rosenbrock,9,0.014774,0.047020,0.054822,0.035746,60.009165
tournament 3,70,1,0.578555,450,300,rosenbrock,9,0.007310,0.014644,0.016157,0.007123,57.500420
tournament 3,70,1,0.500000,450,300,rosenbrock,9,0.003291,0.016138,0.018422,0.013230,60.321050
tournament 3,10,1,0.622346,450,300,rosenbrock,9,3.624509,7.683653,8.673527,2.695188,62.505785
tournament 3,60,1,1.859271,450,300,rosenbrock,9,0.045993,0.076706,0.084396,0.028571,60.786165
tournament 3,20,1,0.720123,450,300,rosenbrock,9,0.345859,0.783337,0.908293,0.403457,45.670425
tournament 3,70,1,0.896332,450,300,rosenbrock,9,0.005745,0.018076,0.022658,0.009801,59.709675
tournament 3,70,1,0.669452,450,300,rosenbrock,9,0.005075,0.024666,0.030179,0.014165,60.554270
tournament 3,70,1,0.774630,450,300,rosenbrock,9,0.005651,0.018326,0.021285,0.010025,61.613965
tournament 3,70,1,1.037155,450,300,rosenbrock,9,0.008430,0.016939,0.019503,0.009726,60.050910
tournament 3,20,1,0.833262,450,300,rosenbrock,9,0.368900,0.814895,0.831750,0.308253,45.615650
tournament 3,10,1,1.115658,450,300,rosenbrock,9,6.714922,11.388707,12.155746,3.989722,66.123075
tournament 3,70,1,1.606822,450,300,rosenbrock,9,0.021567,0.052946,0.065355,0.030273,59.229100
tournament 3,70,1,1.388651,450,300,rosenbrock,9,0.005824,0.024631,0.027218,0.010730,64.333505
tournament 3,70,1,1.859271,450,300,rosenbrock,9,0.012061,0.060724,0.070758,0.040323,68.086390
tournament 3,80,1,0.500000,450,300,rosenbrock,9,0.001474,0.013340,0.013466,0.014539,66.307365
tournament 3,20,1,0.622346,450,300,rosenbrock,9,0.188981,0.732661,0.889312,0.358452,61.504615
tournament 3,80,1,0.578555,450,300,rosenbrock,9,0.004754,0.014662,0.017642,0.009978,68.895070
tournament 3,10,1,1.290939,450,300,rosenbrock,9,8.016144,13.009358,13.582825,3.767976,105.988465
tournament 3,80,1,0.669452,450,300,rosenbrock,9,0.007056,0.017459,0.019452,0.011253,70.333105
tournament 3,80,1,0.774630,450,300,rosenbrock,9,0.004359,0.012958,0.014018,0.009153,75.043445
tournament 3,80,1,0.896332,450,300,rosenbrock,9,0.003014,0.010952,0.013859,0.007922,74.173085
tournament 3,50,1,0.720123,450,300,rosenbrock,9,0.007209,0.023649,0.024747,0.012403,72.863805
tournament 3,50,1,1.728444,450,300,rosenbrock,9,0.014382,0.099012,0.110075,0.069306,73.801995
tournament 3,50,1,0.622346,450,300,rosenbrock,9,0.007464,0.024163,0.021030,0.015533,77.306585
tournament 3,60,1,0.537845,450,300,rosenbrock,9,0.005654,0.018690,0.020178,0.010883,77.536140
tournament 3,50,1,1.115658,450,300,rosenbrock,9,0.007221,0.032711,0.040953,0.019974,74.437320
tournament 3,80,1,1.037155,450,300,rosenbrock,9,0.006345,0.017410,0.018302,0.010011,75.907985
tournament 3,50,1,0.964176,450,300,rosenbrock,9,0.006554,0.030796,0.034196,0.020685,77.017160
tournament 3,50,1,1.493759,450,300,rosenbrock,9,0.016511,0.060719,0.075820,0.040281,73.683885
tournament 3,50,1,1.290939,450,300,rosenbrock,9,0.010769,0.034521,0.038450,0.025184,74.370245
tournament 3,40,1,0.622346,450,300,rosenbrock,9,0.009671,0.057041,0.063472,0.038251,84.025220
tournament 3,10,1,0.833262,450,300,rosenbrock,9,3.257310,8.898577,10.179372,3.126679,126.704175
tournament 3,10,1,1.728444,450,300,rosenbrock,9,12.126213,22.070158,24.784035,9.892431,122.301155
tournament 3,30,1,0.720123,450,300,rosenbrock,9,0.093752,0.153201,0.170413,0.070506,91.773560
tournament 3,30,1,0.833262,450,300,rosenbrock,9,0.057308,0.133365,0.138700,0.069805,90.801260
tournament 3,10,1,2.000000,450,300,rosenbrock,9,13.685816,30.009535,33.531330,11.259311,120.667470
tournament 3,30,1,0.964176,450,300,rosenbrock,9,0.019082,0.171249,0.191349,0.131925,91.442830
tournament 3,30,1,1.290939,450,300,rosenbrock,9,0.105244,0.235922,0.241256,0.091709,93.696880
tournament 3,10,1,1.493759,450,300,rosenbrock,9,10.427217,16.875240,18.481913,5.412038,136.101665
tournament 3,40,1,0.537845,450,300,rosenbrock,9,0.029896,0.049929,0.053303,0.027130,89.197775
tournament 3,80,1,1.200103,450,300,rosenbrock,9,0.004009,0.018552,0.022339,0.013945,107.959040
tournament 3,20,1,1.290939,450,300,rosenbrock,9,0.806788,1.361355,1.527597,0.511604,139.517430
tournament 3,60,1,0.622346,450,300,rosenbrock,9,0.006026,0.020642,0.026453,0.016690,67.676070
tournament 3,50,1,0.833262,450,300,rosenbrock,9,0.005986,0.025883,0.032396,0.014476,122.003335
tournament 3,50,1,2.000000,450,300,rosenbrock,9,0.068483,0.212570,0.263459,0.094921,68.809035
tournament 3,20,1,1.115658,450,300,rosenbrock,9,0.135051,0.981176,1.155095,0.484959,148.957360
tournament 3,60,1,0.833262,450,300,rosenbrock,9,0.003065,0.018979,0.023133,0.011753,67.633820
tournament 3,40,1,0.964176,450,300,rosenbrock,9,0.015434,0.051174,0.051173,0.041713,118.392360
tournament 3,20,1,1.728444,450,300,rosenbrock,9,1.306991,2.757633,2.899489,1.415333,146.080280
tournament 3,20,1,1.493759,450,300,rosenbrock,9,1.096696,1.878455,1.943402,0.955559,153.882415
tournament 3,40,1,1.115658,450,300,rosenbrock,9,0.020856,0.061381,0.063800,0.040795,118.821885
tournament 3,20,1,2.000000,450,300,rosenbrock,9,2.000253,4.912303,5.487356,2.071795,148.439735
tournament 3,30,1,0.622346,450,300,rosenbrock,9,0.103047,0.173092,0.186259,0.059406,147.861130
tournament 3,30,1,1.493759,450,300,rosenbrock,9,0.071869,0.368348,0.439791,0.257859,147.202185
tournament 3,40,1,2.000000,450,300,rosenbrock,9,0.196400,0.387604,0.452668,0.198538,150.256910
tournament 3,30,1,2.000000,450,300,rosenbrock,9,0.752481,1.214582,1.313405,0.778777,150.864355
tournament 3,20,1,0.964176,450,300,rosenbrock,9,0.437147,0.880048,0.990977,0.347127,155.848505
tournament 3,60,1,0.720123,450,300,rosenbrock,9,0.012260,0.022506,0.026952,0.011952,146.303190
tournament 3,30,1,1.728444,450,300,rosenbrock,9,0.373972,0.817309,0.893410,0.299219,152.586490
tournament 3,50,1,0.537845,450,300,rosenbrock,9,0.007283,0.031107,0.036128,0.021895,151.907550
tournament 3,30,1,0.537845,450,300,rosenbrock,9,0.050881,0.121002,0.146732,0.060743,153.585740
tournament 3,80,1,1.388651,450,300,rosenbrock,9,0.007326,0.022434,0.024103,0.013149,116.506130
tournament 3,30,1,1.115658,450,300,rosenbrock,9,0.044918,0.148477,0.180431,0.085587,126.316430
tournament 3,60,1,1.728444,450,300,rosenbrock,9,0.038568,0.082520,0.101607,0.033232,71.116230
tournament 3,60,1,0.964176,450,300,rosenbrock,9,0.006908,0.025919,0.028383,0.012647,78.588275
tournament 3,60,1,1.493759,450,300,rosenbrock,9,0.014707,0.046599,0.053320,0.019508,78.042820
tournament 3,60,1,1.115658,450,300,rosenbrock,9,0.002410,0.021613,0.025183,0.014958,77.035775
tournament 3,60,1,1.290939,450,300,rosenbrock,9,0.008891,0.026412,0.031215,0.015366,78.722765
tournament 3,40,1,0.720123,450,300,rosenbrock,9,0.022694,0.057822,0.061160,0.039723,131.412720
tournament 3,70,1,0.622346,450,300,rosenbrock,9,0.006110,0.017729,0.021220,0.009746,78.886190
tournament 3,70,1,0.537845,450,300,rosenbrock,9,0.009575,0.020136,0.023207,0.013598,79.728600
tournament 3,90,1,0.669452,450,300,rosenbrock,9,0.003965,0.011479,0.013384,0.012119,85.699820
tournament 3,70,1,1.290939,450,300,rosenbrock,9,0.005620,0.024992,0.027942,0.012841,81.516635
tournament 3,90,1,1.037155,450,300,rosenbrock,9,0.004169,0.016656,0.019559,0.011234,78.734745
tournament 3,40,1,1.290939,450,300,rosenbrock,9,0.024772,0.065528,0.076484,0.043301,127.560380
tournament 3,40,1,1.493759,450,300,rosenbrock,9,0.031915,0.135886,0.158496,0.079802,130.915670
tournament 3,70,1,1.115658,450,300,rosenbrock,9,0.005683,0.015492,0.019999,0.010483,54.331895
tournament 3,60,1,2.000000,450,300,rosenbrock,9,0.052232,0.135469,0.172338,0.070942,84.697015
tournament 3,40,1,0.833262,450,300,rosenbrock,9,0.017096,0.043953,0.049301,0.033968,133.732670
tournament 3,40,1,1.728444,450,300,rosenbrock,9,0.069816,0.241911,0.254286,0.130680,129.186015
tournament 3,80,1,1.859271,450,300,rosenbrock,9,0.006863,0.053798,0.061336,0.035489,117.864825
tournament 3,90,1,1.606822,450,300,rosenbrock,9,0.012099,0.030074,0.035574,0.022959,52.070735
tournament 3,70,1,0.720123,450,300,rosenbrock,9,0.010989,0.020249,0.022475,0.008692,79.473295
tournament 3,80,1,1.606822,450,300,rosenbrock,9,0.014636,0.029930,0.034147,0.018361,124.580010
tournament 3,70,1,0.964176,450,300,rosenbrock,9,0.005552,0.015392,0.017608,0.011687,82.788355
tournament 3,90,1,0.500000,450,300,rosenbrock,9,0.003345,0.015303,0.018240,0.017356,110.553490
tournament 3,70,1,1.728444,450,300,rosenbrock,9,0.018984,0.048768,0.049801,0.031821,52.884400
tournament 3,90,1,0.774630,450,300,rosenbrock,9,0.008023,0.014390,0.015068,0.011016,107.341235
tournament 3,90,1,0.578555,450,300,rosenbrock,9,0.005830,0.016852,0.020116,0.008663,111.183120
tournament 3,70,1,0.833262,450,300,rosenbrock,9,0.003853,0.014939,0.016425,0.011576,75.921215
tournament 3,90,1,0.896332,450,300,rosenbrock,9,0.006464,0.015449,0.017578,0.011163,107.512770
tournament 3,90,1,1.200103,450,300,rosenbrock,9,0.003603,0.016092,0.018337,0.009286,95.677220
tournament 3,90,1,1.859271,450,300,rosenbrock,9,0.014145,0.047021,0.054435,0.033118,49.312850
tournament 3,90,1,1.388651,450,300,rosenbrock,9,0.014318,0.025048,0.028311,0.010378,82.392040
tournament 3,100,1,0.500000,450,300,rosenbrock,9,0.001025,0.011636,0.014439,0.011193,51.988970
tournament 3,70,1,2.000000,450,300,rosenbrock,9,0.023361,0.085970,0.101071,0.051202,69.442275
tournament 3,70,1,1.493759,450,300,rosenbrock,9,0.012838,0.031468,0.037311,0.015120,74.688935
tournament 3,80,1,0.622346,450,300,rosenbrock,9,0.006176,0.015639,0.014552,0.016529,62.193110
tournament 3,80,1,0.833262,450,300,rosenbrock,9,0.003883,0.012765,0.015113,0.010557,57.770560
tournament 3,80,1,0.964176,450,300,rosenbrock,9,0.005809,0.016855,0.021250,0.011508,62.526800
tournament 3,100,1,0.896332,450,300,rosenbrock,9,0.002734,0.016408,0.021146,0.008529,59.019290
tournament 3,100,1,1.200103,450,300,rosenbrock,9,0.009151,0.018545,0.019818,0.009618,58.522035
tournament 3,100,1,0.669452,450,300,rosenbrock,9,0.003455,0.016020,0.018297,0.012119,60.856960
tournament 3,100,1,1.388651,450,300,rosenbrock,9,0.004327,0.022743,0.026759,0.015571,57.622585
tournament 3,100,1,0.578555,450,300,rosenbrock,9,0.001860,0.014824,0.018405,0.015741,73.230120
tournament 3,100,1,1.606822,450,300,rosenbrock,9,0.005957,0.029094,0.035647,0.017324,51.935335
tournament 3,80,1,0.537845,450,300,rosenbrock,9,0.007147,0.017974,0.019201,0.008228,93.987945
tournament 3,80,1,1.115658,450,300,rosenbrock,9,0.003920,0.015781,0.014084,0.012642,95.552725
tournament 3,80,1,0.720123,450,300,rosenbrock,9,0.005303,0.017425,0.022947,0.013080,102.480910
tournament 3,100,1,0.774630,450,300,rosenbrock,9,0.002749,0.014107,0.016606,0.011058,100.404395
tournament 3,120,1,0.500000,450,300,rosenbrock,9,0.007834,0.014839,0.016745,0.006920,61.843035
tournament 3,100,1,1.037155,450,300,rosenbrock,9,0.005988,0.013990,0.016041,0.009556,103.671635
tournament 3,120,1,0.669452,450,300,rosenbrock,9,0.001337,0.011230,0.013895,0.012135,65.383850
tournament 3,120,1,0.896332,450,300,rosenbrock,9,0.002774,0.011519,0.012555,0.009823,63.983180
tournament 3,140,1,0.578555,450,300,rosenbrock,9,0.004487,0.015208,0.017998,0.015698,67.975910
tournament 3,140,1,0.500000,450,300,rosenbrock,9,0.007239,0.012263,0.013890,0.008125,68.844485
tournament 3,140,1,0.896332,450,300,rosenbrock,9,0.002039,0.013047,0.013441,0.008795,68.257495
tournament 3,140,1,0.669452,450,300,rosenbrock,9,0.002564,0.008741,0.010448,0.008454,71.318645
tournament 3,140,1,0.774630,450,300,rosenbrock,9,0.003413,0.013000,0.013821,0.009230,71.760420
tournament 3,140,1,1.200103,450,300,rosenbrock,9,0.005545,0.015849,0.021671,0.009667,69.814285
tournament 3,140,1,1.388651,450,300,rosenbrock,9,0.005676,0.020373,0.023611,0.011635,69.219640
tournament 3,140,1,1.606822,450,300,rosenbrock,9,0.009454,0.028520,0.030866,0.024143,66.544230
tournament 3,100,1,1.859271,450,300,rosenbrock,9,0.025159,0.057730,0.059501,0.048199,118.718260
tournament 3,150,1,0.669452,450,300,rosenbrock,9,0.006783,0.015924,0.016142,0.015783,67.728765
tournament 3,150,1,0.578555,450,300,rosenbrock,9,0.003408,0.011573,0.013186,0.011584,71.853720
tournament 3,110,1,0.669452,450,300,rosenbrock,9,0.003907,0.013953,0.015428,0.007354,136.377015
tournament 3,110,1,0.774630,450,300,rosenbrock,9,0.002988,0.010941,0.011391,0.006798,144.383340
tournament 3,150,1,1.037155,450,300,rosenbrock,9,0.003418,0.009809,0.010163,0.007841,77.214360
tournament 3,110,1,0.578555,450,300,rosenbrock,9,0.002761,0.012809,0.015737,0.010047,155.776645
tournament 3,150,1,1.200103,450,300,rosenbrock,9,0.003595,0.017097,0.017055,0.014021,74.284165
tournament 3,110,1,0.896332,450,300,rosenbrock,9,0.004168,0.013175,0.014425,0.009580,155.177840
tournament 3,110,1,1.200103,450,300,rosenbrock,9,0.007409,0.015897,0.016428,0.012967,153.647460
tournament 3,110,1,1.606822,450,300,rosenbrock,9,0.011629,0.030643,0.035905,0.014743,151.148560
tournament 3,110,1,0.500000,450,300,rosenbrock,9,0.009962,0.017067,0.018711,0.008044,165.420120
tournament 3,110,1,1.037155,450,300,rosenbrock,9,0.003384,0.010926,0.012345,0.006656,160.977915
tournament 3,150,1,1.388651,450,300,rosenbrock,9,0.005144,0.015579,0.018672,0.011806,77.093030
tournament 3,80,1,1.290939,450,300,rosenbrock,9,0.008406,0.021616,0.022727,0.016965,169.032845
tournament 3,110,1,1.388651,450,300,rosenbrock,9,0.006495,0.021341,0.027320,0.010500,174.565570
tournament 3,120,1,1.037155,450,300,rosenbrock,9,0.001760,0.012312,0.014897,0.009819,164.710855
tournament 3,110,1,1.859271,450,300,rosenbrock,9,0.023251,0.038567,0.039634,0.022403,176.867970
tournament 3,120,1,0.578555,450,300,rosenbrock,9,0.003510,0.012502,0.016018,0.009198,174.767860
tournament 3,150,1,1.606822,450,300,rosenbrock,9,0.002809,0.030056,0.036523,0.019859,91.260970
tournament 3,80,1,1.493759,450,300,rosenbrock,9,0.009592,0.028449,0.031478,0.019679,165.545190
tournament 3,140,1,1.037155,450,300,rosenbrock,9,0.003182,0.013057,0.013943,0.007284,163.911395
tournament 3,160,1,0.578555,450,300,rosenbrock,9,0.001366,0.013927,0.017135,0.009992,91.652025
tournament 3,150,1,1.859271,450,300,rosenbrock,9,0.009040,0.040738,0.051297,0.032201,92.522025
tournament 3,120,1,1.606822,450,300,rosenbrock,9,0.009933,0.030133,0.036917,0.015241,173.930585
tournament 3,120,1,0.774630,450,300,rosenbrock,9,0.004807,0.011319,0.012479,0.010050,183.202985
tournament 3,130,1,1.859271,450,300,rosenbrock,9,0.010678,0.035100,0.037558,0.019019,169.844700
tournament 3,160,1,0.500000,450,300,rosenbrock,9,0.001825,0.013842,0.017319,0.012618,99.118955
tournament 3,150,1,0.500000,450,300,rosenbrock,9,0.005504,0.015831,0.020007,0.008663,156.707270
tournament 3,160,1,0.669452,450,300,rosenbrock,9,0.007422,0.013281,0.013976,0.010261,98.757870
tournament 3,120,1,1.200103,450,300,rosenbrock,9,0.006936,0.015575,0.017549,0.008130,184.164475
tournament 3,160,1,0.774630,450,300,rosenbrock,9,0.002464,0.011173,0.012331,0.009144,99.851685
tournament 3,100,1,0.964176,450,300,rosenbrock,9,0.002895,0.013296,0.016327,0.008728,97.750665
tournament 3,130,1,1.606822,450,300,rosenbrock,9,0.008984,0.027222,0.031060,0.011743,179.043745
tournament 3,100,1,1.493759,450,300,rosenbrock,9,0.007621,0.023450,0.028546,0.014895,94.467875
tournament 3,140,1,1.859271,450,300,rosenbrock,9,0.007909,0.031959,0.038798,0.027755,165.336510
tournament 3,100,1,0.720123,450,300,rosenbrock,9,0.003749,0.015021,0.017267,0.009347,99.565235
tournament 3,100,1,1.290939,450,300,rosenbrock,9,0.002877,0.014735,0.018565,0.009520,99.743595
tournament 3,130,1,0.896332,450,300,rosenbrock,9,0.005880,0.011098,0.012834,0.010533,184.178255
tournament 3,130,1,0.669452,450,300,rosenbrock,9,0.001358,0.013149,0.014864,0.009959,185.727665
tournament 3,120,1,1.859271,450,300,rosenbrock,9,0.012510,0.034770,0.044113,0.024492,189.718900
tournament 3,80,1,2.000000,450,300,rosenbrock,9,0.026028,0.071689,0.084009,0.036705,153.895265
tournament 3,130,1,0.500000,450,300,rosenbrock,9,0.004498,0.011069,0.013558,0.010865,189.294750
tournament 3,130,1,0.774630,450,300,rosenbrock,9,0.004839,0.015545,0.018343,0.008747,187.318990
tournament 3,120,1,1.388651,450,300,rosenbrock,9,0.011273,0.021591,0.025339,0.012161,195.414590
tournament 3,90,1,0.720123,450,300,rosenbrock,9,0.004472,0.012402,0.013984,0.008504,179.740725
tournament 3,100,1,0.622346,450,300,rosenbrock,9,0.004424,0.016763,0.020425,0.011042,95.141965
tournament 3,130,1,1.388651,450,300,rosenbrock,9,0.004597,0.018110,0.022616,0.012702,188.723365
tournament 3,130,1,1.200103,450,300,rosenbrock,9,0.006684,0.013946,0.015680,0.009237,188.972825
tournament 3,90,1,1.115658,450,300,rosenbrock,9,0.006242,0.016474,0.017499,0.008732,178.149870
tournament 3,150,1,0.896332,450,300,rosenbrock,9,0.002330,0.010604,0.013255,0.014011,163.139460
tournament 3,150,1,0.774630,450,300,rosenbrock,9,0.002355,0.011059,0.011373,0.009021,167.285590
tournament 3,80,1,1.728444,450,300,rosenbrock,9,0.016073,0.043849,0.051065,0.023608,148.564685
tournament 3,100,1,1.728444,450,300,rosenbrock,9,0.014497,0.035925,0.040864,0.019372,93.869905
tournament 3,90,1,0.537845,450,300,rosenbrock,9,0.004907,0.014792,0.016621,0.009584,138.288820
tournament 3,130,1,1.037155,450,300,rosenbrock,9,0.003497,0.015126,0.018184,0.008233,192.320430
tournament 3,130,1,0.578555,450,300,rosenbrock,9,0.002237,0.016062,0.019890,0.011474,195.109285
tournament 3,90,1,1.728444,450,300,rosenbrock,9,0.025466,0.045782,0.045170,0.028743,160.665370
tournament 3,90,1,0.833262,450,300,rosenbrock,9,0.002494,0.016054,0.018793,0.011536,135.820040
tournament 3,160,1,0.896332,450,300,rosenbrock,9,0.003371,0.009391,0.009106,0.009677,94.632860
tournament 3,90,1,1.493759,450,300,rosenbrock,9,0.006012,0.026246,0.028609,0.022757,122.424100
tournament 3,160,1,1.037155,450,300,rosenbrock,9,0.004581,0.013609,0.015981,0.008376,96.270655
tournament 3,90,1,0.622346,450,300,rosenbrock,9,0.001625,0.012173,0.014359,0.012786,133.434170
tournament 3,90,1,0.964176,450,300,rosenbrock,9,0.006189,0.014537,0.015719,0.008769,127.740380
tournament 3,90,1,1.290939,450,300,rosenbrock,9,0.003268,0.015923,0.019964,0.011326,125.676450
tournament 3,160,1,1.200103,450,300,rosenbrock,9,0.005561,0.014238,0.015496,0.008975,88.796310
tournament 3,100,1,0.537845,450,300,rosenbrock,9,0.002146,0.013139,0.016672,0.010273,130.605725
tournament 3,90,1,2.000000,450,300,rosenbrock,9,0.026758,0.048042,0.050898,0.030700,135.739115
tournament 3,120,1,0.537845,450,300,rosenbrock,9,0.006443,0.013100,0.013333,0.010926,74.311860
tournament 3,100,1,0.833262,450,300,rosenbrock,9,0.004227,0.012381,0.013631,0.009598,88.904585
tournament 3,100,1,1.115658,450,300,rosenbrock,9,0.006709,0.014237,0.015933,0.008898,79.278760
tournament 3,120,1,0.720123,450,300,rosenbrock,9,0.004804,0.011462,0.012249,0.008002,71.506725
tournament 3,140,1,0.622346,450,300,rosenbrock,9,0.003102,0.013145,0.016251,0.009661,57.448680
tournament 3,140,1,0.720123,450,300,rosenbrock,9,0.005633,0.012094,0.011475,0.011038,57.893315
tournament 3,120,1,0.964176,450,300,rosenbrock,9,0.001528,0.012172,0.014015,0.010104,70.163840
tournament 3,140,1,0.964176,450,300,rosenbrock,9,0.003807,0.013839,0.014841,0.012934,65.561380
tournament 3,140,1,1.493759,450,300,rosenbrock,9,0.008586,0.024214,0.029013,0.018608,56.515755
tournament 3,140,1,1.728444,450,300,rosenbrock,9,0.005406,0.034755,0.044731,0.022547,59.947360
tournament 3,150,1,0.720123,450,300,rosenbrock,9,0.005029,0.015338,0.018775,0.009486,58.895265
tournament 3,150,1,1.115658,450,300,rosenbrock,9,0.002385,0.012171,0.012846,0.009279,59.820690
tournament 3,150,1,0.622346,450,300,rosenbrock,9,0.002482,0.012090,0.014512,0.009442,60.340580
tournament 3,150,1,1.290939,450,300,rosenbrock,9,0.003592,0.015725,0.018150,0.009841,60.993130
tournament 3,110,1,0.622346,450,300,rosenbrock,9,0.002524,0.017296,0.017644,0.013058,67.293175
tournament 3,150,1,1.493759,450,300,rosenbrock,9,0.009363,0.019363,0.021942,0.009881,60.630575
tournament 3,110,1,0.964176,450,300,rosenbrock,9,0.004174,0.013798,0.015032,0.012730,67.104710
tournament 3,110,1,0.537845,450,300,rosenbrock,9,0.003447,0.013323,0.016125,0.010102,67.087970
tournament 3,150,1,1.728444,450,300,rosenbrock,9,0.025716,0.040147,0.039941,0.019905,59.930325
tournament 3,140,1,0.537845,450,300,rosenbrock,9,0.005527,0.016119,0.020019,0.011822,97.020935
tournament 3,110,1,1.493759,450,300,rosenbrock,9,0.009081,0.019427,0.020588,0.014554,69.670200
tournament 3,150,1,2.000000,450,300,rosenbrock,9,0.009174,0.043374,0.049492,0.035645,58.562730
tournament 3,160,1,0.622346,450,300,rosenbrock,9,0.003530,0.013599,0.015056,0.008574,60.906595
tournament 3,110,1,2.000000,450,300,rosenbrock,9,0.015000,0.061488,0.072778,0.031266,71.534195
tournament 3,120,1,0.622346,450,300,rosenbrock,9,0.002644,0.011575,0.013548,0.008880,71.777025
tournament 3,140,1,0.833262,450,300,rosenbrock,9,0.001733,0.013333,0.014786,0.006286,99.938270
tournament 3,160,1,0.720123,450,300,rosenbrock,9,0.005237,0.016237,0.019032,0.016742,53.763775
tournament 3,160,1,0.537845,450,300,rosenbrock,9,0.003552,0.014022,0.015316,0.012330,62.266450
tournament 3,160,1,0.833262,450,300,rosenbrock,9,0.004470,0.010169,0.011188,0.007677,53.136645
tournament 3,160,1,1.859271,450,300,rosenbrock,9,0.011760,0.036781,0.038145,0.037234,52.077095
tournament 3,140,1,1.290939,450,300,rosenbrock,9,0.006512,0.015858,0.019232,0.014427,116.643330
tournament 3,170,1,0.500000,450,300,rosenbrock,9,0.003568,0.012808,0.014991,0.008980,51.044730
tournament 3,170,1,0.578555,450,300,rosenbrock,9,0.004158,0.015470,0.016429,0.014013,53.987460
tournament 3,100,1,2.000000,450,300,rosenbrock,9,0.007427,0.063419,0.076188,0.036951,121.868185
tournament 3,170,1,0.669452,450,300,rosenbrock,9,0.002279,0.013631,0.017654,0.010921,56.501610
tournament 3,110,1,0.720123,450,300,rosenbrock,9,0.006430,0.012401,0.013412,0.010170,123.843090
tournament 3,120,1,0.833262,450,300,rosenbrock,9,0.001445,0.015527,0.018195,0.010931,94.001095
tournament 3,110,1,0.833262,450,300,rosenbrock,9,0.004891,0.012813,0.013294,0.007524,137.870215
tournament 3,110,1,1.290939,450,300,rosenbrock,9,0.007331,0.016621,0.018941,0.008507,139.679945
tournament 3,170,1,1.037155,450,300,rosenbrock,9,0.002137,0.012616,0.014810,0.011418,67.373445
tournament 3,110,1,1.115658,450,300,rosenbrock,9,0.006020,0.015876,0.016764,0.011060,144.065445
tournament 3,160,1,1.388651,450,300,rosenbrock,9,0.008451,0.021071,0.024432,0.015824,142.581145
tournament 3,120,1,1.115658,450,300,rosenbrock,9,0.001385,0.011859,0.013913,0.005930,140.799175
tournament 3,120,1,1.290939,450,300,rosenbrock,9,0.002736,0.019035,0.023026,0.014986,106.452715
tournament 3,110,1,1.728444,450,300,rosenbrock,9,0.009793,0.028195,0.028509,0.025199,156.618065
tournament 3,170,1,1.606822,450,300,rosenbrock,9,0.003501,0.022478,0.022471,0.017932,74.058910
tournament 3,160,1,1.606822,450,300,rosenbrock,9,0.008335,0.032131,0.037685,0.016171,146.094375
tournament 3,130,1,1.728444,450,300,rosenbrock,9,0.006903,0.032923,0.034868,0.020582,115.631295
tournament 3,160,1,0.964176,450,300,rosenbrock,9,0.002196,0.014290,0.015410,0.009453,81.582215
tournament 3,140,1,1.115658,450,300,rosenbrock,9,0.003647,0.012572,0.014244,0.009658,156.900040
tournament 3,120,1,1.728444,450,300,rosenbrock,9,0.009504,0.041218,0.051093,0.024729,149.476530
tournament 3,130,1,2.000000,450,300,rosenbrock,9,0.026986,0.054715,0.056118,0.029567,145.353810
tournament 3,150,1,0.537845,450,300,rosenbrock,9,0.003457,0.011383,0.013613,0.007451,144.026890
tournament 3,160,1,1.115658,450,300,rosenbrock,9,0.004093,0.013064,0.015677,0.013906,89.414840
tournament 3,160,1,1.290939,450,300,rosenbrock,9,0.003076,0.012857,0.016208,0.011727,89.985120
tournament 3,130,1,0.964176,450,300,rosenbrock,9,0.001172,0.010932,0.011151,0.010183,131.069010
tournament 3,180,1,1.606822,450,300,rosenbrock,9,0.003704,0.028139,0.029364,0.015726,93.063385
tournament 3,130,1,0.720123,450,300,rosenbrock,9,0.002344,0.010119,0.010603,0.011687,132.040415
tournament 3,190,1,0.500000,450,300,rosenbrock,9,0.005123,0.013282,0.015615,0.010296,94.812105
tournament 3,120,1,2.000000,450,300,rosenbrock,9,0.022288,0.047329,0.052192,0.027261,131.397420
tournament 3,140,1,2.000000,450,300,rosenbrock,9,0.005179,0.049675,0.059034,0.035510,142.816500
tournament 3,180,1,1.859271,450,300,rosenbrock,9,0.014962,0.036136,0.041041,0.027163,96.837955
tournament 3,190,1,0.669452,450,300,rosenbrock,9,0.004306,0.011133,0.012634,0.008220,93.619135
tournament 3,190,1,0.896332,450,300,rosenbrock,9,0.003469,0.013561,0.015284,0.011054,91.228635
tournament 3,190,1,0.578555,450,300,rosenbrock,9,0.001126,0.009061,0.011442,0.007522,97.063830
tournament 3,190,1,0.774630,450,300,rosenbrock,9,0.005702,0.011971,0.013343,0.006729,96.518390
tournament 3,170,1,0.774630,450,300,rosenbrock,9,0.005730,0.011117,0.012462,0.007638,134.277460
tournament 3,190,1,1.388651,450,300,rosenbrock,9,0.008098,0.017180,0.018311,0.015963,91.780910
tournament 3,190,1,1.200103,450,300,rosenbrock,9,0.004689,0.012636,0.013367,0.008614,92.295210
tournament 3,190,1,1.037155,450,300,rosenbrock,9,0.005905,0.013494,0.013554,0.011731,92.490255
tournament 3,130,1,0.537845,450,300,rosenbrock,9,0.001156,0.014207,0.017581,0.008538,134.094810
tournament 3,130,1,0.833262,450,300,rosenbrock,9,0.002673,0.015849,0.019692,0.010136,134.001090
tournament 3,190,1,1.606822,450,300,rosenbrock,9,0.016797,0.028189,0.030225,0.009895,87.297885
tournament 3,150,1,0.833262,450,300,rosenbrock,9,0.006014,0.013080,0.015689,0.009595,126.960010
tournament 3,130,1,1.493759,450,300,rosenbrock,9,0.013801,0.028240,0.030844,0.017813,131.574690
tournament 3,170,1,1.388651,450,300,rosenbrock,9,0.004575,0.013114,0.015627,0.012066,127.816030
tournament 3,190,1,1.859271,450,300,rosenbrock,9,0.014424,0.037663,0.042257,0.026699,79.918975
tournament 3,170,1,1.859271,450,300,rosenbrock,9,0.003642,0.035013,0.045607,0.028783,126.428835
tournament 3,120,1,1.493759,450,300,rosenbrock,9,0.008145,0.025610,0.032689,0.018189,137.020560
tournament 3,180,1,1.037155,450,300,rosenbrock,9,0.001587,0.009791,0.012195,0.007064,115.237825
tournament 3,180,1,0.578555,450,300,rosenbrock,9,0.005024,0.016299,0.017621,0.011998,123.388925
tournament 3,180,1,0.669452,450,300,rosenbrock,9,0.002944,0.012153,0.014381,0.013083,121.282130
tournament 3,130,1,1.290939,450,300,rosenbrock,9,0.005730,0.019373,0.020833,0.012191,133.830295
tournament 3,180,1,0.774630,450,300,rosenbrock,9,0.005705,0.014017,0.014243,0.009196,119.055335
tournament 3,170,1,0.896332,450,300,rosenbrock,9,0.002936,0.012478,0.013899,0.006673,137.991630
tournament 3,180,1,0.896332,450,300,rosenbrock,9,0.002754,0.010546,0.011519,0.006548,117.909070
tournament 3,170,1,1.200103,450,300,rosenbrock,9,0.004245,0.017377,0.019201,0.010993,133.897800
tournament 3,150,1,0.964176,450,300,rosenbrock,9,0.004923,0.012987,0.013946,0.011391,134.402440
tournament 3,180,1,0.500000,450,300,rosenbrock,9,0.005655,0.014044,0.014256,0.011347,131.509250
tournament 3,130,1,1.115658,450,300,rosenbrock,9,0.003496,0.011141,0.013893,0.006724,134.635785
tournament 3,200,1,0.500000,450,300,rosenbrock,9,0.003425,0.011231,0.012363,0.008989,78.924825
tournament 3,130,1,0.622346,450,300,rosenbrock,9,0.004630,0.012133,0.013469,0.010542,133.557530
tournament 3,180,1,1.200103,450,300,rosenbrock,9,0.007663,0.016374,0.019030,0.011853,126.972240
tournament 3,180,1,1.388651,450,300,rosenbrock,9,0.006470,0.017599,0.020432,0.010871,126.945690
tournament 3,200,1,0.578555,450,300,rosenbrock,9,0.006786,0.014368,0.017066,0.009107,74.661775
tournament 3,200,1,0.774630,450,300,rosenbrock,9,0.004294,0.011582,0.012980,0.009939,67.464750
tournament 3,200,1,0.669452,450,300,rosenbrock,9,0.003938,0.012596,0.015481,0.010196,80.240800
tournament 3,200,1,1.037155,450,300,rosenbrock,9,0.004373,0.012693,0.014659,0.007951,58.864095
tournament 3,200,1,1.606822,450,300,rosenbrock,9,0.004006,0.031249,0.037912,0.018220,53.220035
tournament 3,200,1,1.388651,450,300,rosenbrock,9,0.007949,0.019368,0.020303,0.011719,62.122365
tournament 3,200,1,1.200103,450,300,rosenbrock,9,0.001551,0.020427,0.025128,0.009739,65.185635
tournament 5,10,1,0.578555,450,300,rosenbrock,9,2.385039,6.163643,7.536439,2.541567,55.220170
tournament 3,170,1,0.720123,450,300,rosenbrock,9,0.006664,0.013120,0.014772,0.007655,49.258885
tournament 5,20,1,0.500000,450,300,rosenbrock,9,0.369184,0.591308,0.638665,0.241966,47.440405
tournament 5,10,1,0.500000,450,300,rosenbrock,9,2.018125,4.839856,5.682123,2.364091,66.110995
tournament 5,10,1,0.896332,450,300,rosenbrock,9,3.947185,8.336120,9.144173,2.944407,65.226620
tournament 3,160,1,2.000000,450,300,rosenbrock,9,0.025348,0.047196,0.053875,0.028042,63.823405
tournament 3,200,1,0.896332,450,300,rosenbrock,9,0.002946,0.007677,0.008583,0.005663,87.203810
tournament 3,170,1,0.537845,450,300,rosenbrock,9,0.005588,0.011803,0.014103,0.006764,62.376815
tournament 5,10,1,0.774630,450,300,rosenbrock,9,2.554169,8.287921,9.061148,3.299833,67.744715
tournament 5,10,1,1.200103,450,300,rosenbrock,9,7.744955,14.018074,15.533529,5.058760,65.937030
tournament 3,170,1,0.622346,450,300,rosenbrock,9,0.002339,0.011459,0.012266,0.012402,64.354390
tournament 5,10,1,1.037155,450,300,rosenbrock,9,4.310976,9.954022,11.151794,4.016207,70.455405
tournament 3,200,1,1.859271,450,300,rosenbrock,9,0.018195,0.042380,0.047775,0.023591,78.192560
tournament 3,170,1,1.115658,450,300,rosenbrock,9,0.004689,0.013911,0.016511,0.009156,61.554605
tournament 5,20,1,1.037155,450,300,rosenbrock,9,0.691957,1.099394,1.217035,0.551445,55.872710
tournament 5,20,1,0.774630,450,300,rosenbrock,9,0.471287,0.965601,1.098468,0.404535,71.324245
tournament 5,10,1,1.388651,450,300,rosenbrock,9,11.434942,15.719624,16.792126,3.621872,98.224635
tournament 3,170,1,1.728444,450,300,rosenbrock,9,0.008831,0.033768,0.038972,0.028481,62.181385
tournament 5,10,1,0.669452,450,300,rosenbrock,9,3.997804,6.626895,7.527884,2.494606,104.563605
tournament 5,20,1,1.388651,450,300,rosenbrock,9,0.471234,1.927095,2.174481,0.775176,60.268610
tournament 5,10,1,1.606822,450,300,rosenbrock,9,7.619559,17.095728,18.849577,6.202645,105.450460
tournament 5,10,1,1.859271,450,300,rosenbrock,9,10.915515,26.537256,29.335258,10.576899,107.090520
tournament 5,20,1,1.606822,450,300,rosenbrock,9,1.197880,2.972524,3.302334,1.072149,70.276585
tournament 5,30,1,1.037155,450,300,rosenbrock,9,0.105317,0.223430,0.270126,0.118267,60.630200
tournament 5,30,1,1.200103,450,300,rosenbrock,9,0.091131,0.278005,0.310843,0.119868,60.235495
tournament 5,30,1,1.388651,450,300,rosenbrock,9,0.077174,0.304401,0.337925,0.194657,59.861245
tournament 5,30,1,0.774630,450,300,rosenbrock,9,0.034048,0.228749,0.248616,0.111940,72.651935
tournament 5,20,1,0.578555,450,300,rosenbrock,9,0.181783,0.625417,0.760505,0.317548,117.004035
tournament 5,30,1,1.859271,450,300,rosenbrock,9,0.414195,1.338055,1.569754,0.554179,56.667325
tournament 5,30,1,0.896332,450,300,rosenbrock,9,0.055419,0.199278,0.233437,0.101855,74.331745
tournament 3,190,1,0.537845,450,300,rosenbrock,9,0.002832,0.014127,0.013406,0.010599,69.001065
tournament 3,180,1,1.728444,450,300,rosenbrock,9,0.011171,0.034207,0.038911,0.018930,72.280120
tournament 5,40,1,0.500000,450,300,rosenbrock,9,0.020596,0.072710,0.081934,0.041913,56.690855
tournament 3,190,1,0.964176,450,300,rosenbrock,9,0.005539,0.012093,0.012963,0.008889,71.228110
tournament 3,190,1,0.720123,450,300,rosenbrock,9,0.002831,0.012772,0.013758,0.010180,72.357110
tournament 3,190,1,0.622346,450,300,rosenbrock,9,0.003254,0.010844,0.012216,0.005163,72.864395
tournament 3,190,1,0.833262,450,300,rosenbrock,9,0.002447,0.007691,0.007840,0.005853,71.400555
tournament 3,180,1,2.000000,450,300,rosenbrock,9,0.009291,0.047497,0.054387,0.037518,73.964080
tournament 3,190,1,1.290939,450,300,rosenbrock,9,0.004848,0.014668,0.017185,0.009402,68.718555
tournament 3,190,1,1.115658,450,300,rosenbrock,9,0.004060,0.012730,0.013918,0.007292,69.650250
tournament 5,20,1,0.669452,450,300,rosenbrock,9,0.496884,0.764183,0.809668,0.360182,124.624205
tournament 3,190,1,1.493759,450,300,rosenbrock,9,0.004675,0.019466,0.022996,0.010473,70.221275
tournament 3,160,1,1.493759,450,300,rosenbrock,9,0.009760,0.021766,0.025924,0.010629,117.709520
tournament 3,190,1,1.728444,450,300,rosenbrock,9,0.013705,0.034701,0.042081,0.028385,68.898250
tournament 5,40,1,0.669452,450,300,rosenbrock,9,0.037979,0.083619,0.090291,0.043378,61.036860
tournament 5,20,1,0.896332,450,300,rosenbrock,9,0.399769,0.860789,0.947196,0.369000,135.390210
tournament 3,160,1,1.728444,450,300,rosenbrock,9,0.008981,0.030486,0.035206,0.027154,140.326605
tournament 5,20,1,1.200103,450,300,rosenbrock,9,0.355164,1.258350,1.395582,0.530268,146.239265
tournament 5,20,1,1.859271,450,300,rosenbrock,9,2.451052,4.585728,5.203171,1.308582,145.472030
tournament 5,40,1,0.774630,450,300,rosenbrock,9,0.050469,0.095636,0.104404,0.051796,89.695925
tournament 3,190,1,2.000000,450,300,rosenbrock,9,0.009111,0.044063,0.051920,0.027485,100.318745
tournament 5,30,1,0.578555,450,300,rosenbrock,9,0.088859,0.221700,0.241227,0.089463,146.331550
tournament 5,30,1,0.669452,450,300,rosenbrock,9,0.060618,0.201669,0.231016,0.105514,150.045215
tournament 5,30,1,0.500000,450,300,rosenbrock,9,0.059551,0.171081,0.193977,0.103830,153.658790
tournament 5,30,1,1.606822,450,300,rosenbrock,9,0.288051,0.601280,0.641698,0.240786,146.751690
tournament 3,170,1,0.833262,450,300,rosenbrock,9,0.003399,0.014506,0.015350,0.007503,142.722260
tournament 5,40,1,0.578555,450,300,rosenbrock,9,0.026087,0.067472,0.076434,0.045647,135.882340
tournament 3,200,1,0.537845,450,300,rosenbrock,9,0.001240,0.012571,0.014441,0.014010,83.961575
tournament 3,200,1,0.833262,450,300,rosenbrock,9,0.005688,0.010891,0.010306,0.007401,85.472805
tournament 3,200,1,0.622346,450,300,rosenbrock,9,0.002485,0.009405,0.008788,0.007161,86.322590
tournament 3,170,1,2.000000,450,300,rosenbrock,9,0.016282,0.048525,0.057230,0.028449,122.480180
tournament 3,170,1,1.493759,450,300,rosenbrock,9,0.008048,0.024837,0.030977,0.012697,129.406125
tournament 3,200,1,1.493759,450,300,rosenbrock,9,0.005573,0.019720,0.020305,0.014698,92.318670
tournament 3,200,1,1.290939,450,300,rosenbrock,9,0.002911,0.013970,0.017196,0.008020,92.153725
tournament 5,40,1,1.859271,450,300,rosenbrock,9,0.267280,0.397365,0.440080,0.138265,90.517680
tournament 5,10,1,0.964176,450,300,rosenbrock,9,5.628206,9.480487,10.873671,4.247962,92.596675
tournament 5,10,1,1.290939,450,300,rosenbrock,9,10.344413,14.521746,15.730582,4.066658,87.917945
tournament 5,10,1,0.537845,450,300,rosenbrock,9,2.482949,6.939601,7.798939,2.367723,94.414860
tournament 5,40,1,1.606822,450,300,rosenbrock,9,0.052996,0.198440,0.244054,0.157510,95.578890
tournament 3,180,1,0.720123,450,300,rosenbrock,9,0.001818,0.010355,0.013921,0.009650,109.545655
tournament 3,180,1,0.622346,450,300,rosenbrock,9,0.004066,0.012292,0.014750,0.010749,113.570675
tournament 3,180,1,1.115658,450,300,rosenbrock,9,0.000977,0.010446,0.010808,0.007986,118.013075
tournament 5,50,1,0.500000,450,300,rosenbrock,9,0.012783,0.044869,0.051077,0.023414,95.382430
tournament 3,180,1,0.833262,450,300,rosenbrock,9,0.006065,0.012245,0.013243,0.008610,107.218520
tournament 5,50,1,0.578555,450,300,rosenbrock,9,0.018414,0.045132,0.054690,0.021432,89.184000
tournament 3,180,1,0.964176,450,300,rosenbrock,9,0.004611,0.014541,0.016716,0.006614,105.935650
tournament 5,10,1,0.833262,450,300,rosenbrock,9,3.473411,8.352936,9.071276,3.634442,95.053930
tournament 5,40,1,1.037155,450,300,rosenbrock,9,0.021482,0.074316,0.080128,0.050708,109.090070
tournament 3,200,1,2.000000,450,300,rosenbrock,9,0.006100,0.041868,0.048851,0.045937,86.476675
tournament 5,10,1,1.115658,450,300,rosenbrock,9,4.502573,11.623351,13.277037,4.175756,99.886605
tournament 5,50,1,0.669452,450,300,rosenbrock,9,0.013641,0.029802,0.036560,0.026263,94.629675
tournament 5,20,1,0.833262,450,300,rosenbrock,9,0.360619,0.842498,0.923240,0.485957,76.097240
tournament 5,20,1,1.115658,450,300,rosenbrock,9,0.391681,1.168442,1.376572,0.398018,99.875660
tournament 3,170,1,1.290939,450,300,rosenbrock,9,0.008870,0.016550,0.017977,0.010213,142.200380
tournament 5,40,1,0.896332,450,300,rosenbrock,9,0.032064,0.061423,0.069691,0.044099,146.822600
tournament 3,170,1,0.964176,450,300,rosenbrock,9,0.002304,0.013556,0.014661,0.007195,145.365310
tournament 3,180,1,1.290939,450,300,rosenbrock,9,0.005756,0.019567,0.021687,0.013649,142.871905
tournament 5,10,1,1.728444,450,300,rosenbrock,9,11.644084,22.816385,26.239475,7.363807,56.786510
tournament 5,10,1,1.493759,450,300,rosenbrock,9,9.155302,15.070187,16.437880,5.872433,92.657765
tournament 5,50,1,0.774630,450,300,rosenbrock,9,0.026016,0.041238,0.040964,0.020132,91.639535
tournament 3,180,1,0.537845,450,300,rosenbrock,9,0.006461,0.016722,0.019704,0.011183,150.809760
tournament 3,200,1,1.115658,450,300,rosenbrock,9,0.004449,0.011535,0.013517,0.009576,150.155685
tournament 3,200,1,1.728444,450,300,rosenbrock,9,0.004474,0.031441,0.041041,0.031895,150.473295
tournament 3,200,1,0.720123,450,300,rosenbrock,9,0.002287,0.011279,0.012313,0.007064,150.746765
tournament 5,40,1,1.388651,450,300,rosenbrock,9,0.033215,0.127001,0.147717,0.059221,152.162200
tournament 5,20,1,0.537845,450,300,rosenbrock,9,0.300034,0.724115,0.889019,0.305981,148.617940
tournament 5,10,1,2.000000,450,300,rosenbrock,9,11.227386,27.771366,30.733587,13.465034,59.063155
tournament 5,40,1,1.200103,450,300,rosenbrock,9,0.020438,0.077320,0.082402,0.060631,154.022075
tournament 3,200,1,0.964176,450,300,rosenbrock,9,0.003508,0.014125,0.017220,0.008950,151.727880
tournament 3,180,1,1.493759,450,300,rosenbrock,9,0.009813,0.027736,0.030974,0.013808,157.793135
tournament 5,30,1,0.833262,450,300,rosenbrock,9,0.048994,0.225031,0.258743,0.107770,59.210895
tournament 5,20,1,0.622346,450,300,rosenbrock,9,0.305865,0.704565,0.797531,0.360232,59.112590
tournament 5,10,1,0.622346,450,300,rosenbrock,9,1.100793,6.406836,7.090003,3.560558,159.435945
tournament 5,20,1,0.720123,450,300,rosenbrock,9,0.285606,0.806076,0.982114,0.487212,60.586400
tournament 5,20,1,1.728444,450,300,rosenbrock,9,1.902450,3.332196,3.681516,1.094876,80.859240
tournament 5,60,1,0.896332,450,300,rosenbrock,9,0.003713,0.025505,0.028998,0.013132,60.520685
tournament 5,50,1,1.200103,450,300,rosenbrock,9,0.009758,0.041915,0.052120,0.028380,81.731975
tournament 5,50,1,1.037155,450,300,rosenbrock,9,0.014733,0.035536,0.042612,0.024695,84.138180
tournament 5,50,1,0.896332,450,300,rosenbrock,9,0.011812,0.029923,0.034483,0.022974,84.351300
tournament 5,50,1,1.388651,450,300,rosenbrock,9,0.028378,0.060622,0.063939,0.029759,82.479670
tournament 5,50,1,1.606822,450,300,rosenbrock,9,0.034918,0.102052,0.112792,0.043330,83.233645
tournament 5,60,1,0.578555,450,300,rosenbrock,9,0.017680,0.030202,0.034262,0.011613,81.617390
tournament 5,50,1,1.859271,450,300,rosenbrock,9,0.090693,0.191130,0.206355,0.094106,84.452765
tournament 5,30,1,0.964176,450,300,rosenbrock,9,0.120771,0.208283,0.244533,0.100112,87.402250
tournament 5,60,1,0.669452,450,300,rosenbrock,9,0.005746,0.024819,0.029163,0.016497,83.140785
tournament 5,60,1,0.500000,450,300,rosenbrock,9,0.010239,0.026555,0.030971,0.015915,84.895585
tournament 5,10,1,0.720123,450,300,rosenbrock,9,3.449773,6.751061,7.103033,2.616394,123.714345
tournament 5,60,1,0.774630,450,300,rosenbrock,9,0.008015,0.026973,0.032729,0.018223,79.038100
tournament 5,20,1,1.493759,450,300,rosenbrock,9,0.450637,2.168118,2.786681,1.121978,114.281295
tournament 5,60,1,1.037155,450,300,rosenbrock,9,0.012843,0.026002,0.027021,0.015810,76.254945
tournament 5,30,1,2.000000,450,300,rosenbrock,9,0.704106,1.426764,1.755576,0.621511,101.248550
tournament 5,40,1,0.537845,450,300,rosenbrock,9,0.036097,0.063671,0.072572,0.043459,99.536740
tournament 5,30,1,1.115658,450,300,rosenbrock,9,0.062182,0.211659,0.231480,0.115079,105.210100
tournament 5,30,1,1.290939,450,300,rosenbrock,9,0.176238,0.312617,0.347918,0.167774,104.533125
tournament 5,20,1,0.964176,450,300,rosenbrock,9,0.784151,1.061214,1.119836,0.278370,72.042915
tournament 5,30,1,1.493759,450,300,rosenbrock,9,0.175827,0.549963,0.650306,0.246521,105.344095
tournament 5,40,1,0.720123,450,300,rosenbrock,9,0.038803,0.083930,0.098157,0.040712,82.655150
tournament 5,40,1,0.833262,450,300,rosenbrock,9,0.030500,0.081598,0.092537,0.066898,63.912885
tournament 5,60,1,1.200103,450,300,rosenbrock,9,0.010144,0.029472,0.038413,0.019586,77.254325
tournament 5,60,1,1.388651,450,300,rosenbrock,9,0.010472,0.032061,0.038263,0.029818,69.429465
tournament 5,30,1,0.622346,450,300,rosenbrock,9,0.052350,0.200247,0.236072,0.154170,64.954585
tournament 5,20,1,1.290939,450,300,rosenbrock,9,0.721191,1.313789,1.530250,0.522779,86.069295
tournament 5,20,1,2.000000,450,300,rosenbrock,9,3.914902,6.244162,6.796081,1.867693,92.861785
tournament 5,60,1,1.606822,450,300,rosenbrock,9,0.040527,0.065305,0.063593,0.037749,63.737620
tournament 5,70,1,0.500000,450,300,rosenbrock,9,0.004498,0.014013,0.016845,0.012438,59.561315
tournament 5,40,1,2.000000,450,300,rosenbrock,9,0.207612,0.424133,0.511371,0.212290,57.595175
tournament 5,70,1,1.388651,450,300,rosenbrock,9,0.009200,0.029489,0.035346,0.013153,56.078475
tournament 5,60,1,1.859271,450,300,rosenbrock,9,0.021852,0.092473,0.099588,0.065301,66.889795
tournament 5,70,1,0.578555,450,300,rosenbrock,9,0.002825,0.016379,0.018152,0.010382,67.222550
tournament 5,70,1,1.037155,450,300,rosenbrock,9,0.005465,0.013949,0.015689,0.007118,66.277375
tournament 5,70,1,0.896332,450,300,rosenbrock,9,0.004090,0.025645,0.029209,0.020365,68.510070
tournament 5,40,1,1.728444,450,300,rosenbrock,9,0.179399,0.325192,0.364745,0.142091,65.052895
tournament 5,70,1,1.200103,450,300,rosenbrock,9,0.004784,0.017464,0.021249,0.010200,67.968580
tournament 5,70,1,1.606822,450,300,rosenbrock,9,0.012976,0.043271,0.044966,0.029282,65.621090
tournament 5,30,1,0.720123,450,300,rosenbrock,9,0.055289,0.212799,0.261622,0.088761,105.659910
tournament 5,50,1,0.537845,450,300,rosenbrock,9,0.027469,0.040158,0.042205,0.014273,67.888715
tournament 5,50,1,0.622346,450,300,rosenbrock,9,0.010755,0.034527,0.034901,0.032533,70.283755
tournament 5,30,1,0.537845,450,300,rosenbrock,9,0.100770,0.191156,0.202554,0.096980,113.456290
tournament 5,80,1,0.896332,450,300,rosenbrock,9,0.004732,0.014020,0.015484,0.009626,71.557880
tournament 5,80,1,1.037155,450,300,rosenbrock,9,0.005977,0.016237,0.020113,0.008913,72.297350
tournament 5,50,1,0.720123,450,300,rosenbrock,9,0.004980,0.037369,0.042340,0.017124,75.608205
tournament 5,30,1,1.728444,450,300,rosenbrock,9,0.407519,0.828111,0.940738,0.352994,120.058965
tournament 5,80,1,1.200103,450,300,rosenbrock,9,0.005626,0.015937,0.019836,0.012653,86.722475
tournament 5,40,1,0.622346,450,300,rosenbrock,9,0.027410,0.083062,0.075841,0.060070,121.603250
tournament 5,70,1,0.669452,450,300,rosenbrock,9,0.010483,0.022486,0.027637,0.017244,130.939065
tournament 5,70,1,1.859271,450,300,rosenbrock,9,0.022078,0.071576,0.089903,0.042000,124.862065
tournament 5,70,1,0.774630,450,300,rosenbrock,9,0.007801,0.022407,0.024276,0.012533,133.085665
tournament 5,80,1,1.606822,450,300,rosenbrock,9,0.007413,0.034015,0.043042,0.021185,102.164805
tournament 5,90,1,0.774630,450,300,rosenbrock,9,0.002126,0.013088,0.014634,0.011918,85.596700
tournament 5,80,1,0.578555,450,300,rosenbrock,9,0.004475,0.014540,0.018285,0.010001,125.856660
tournament 5,50,1,0.833262,450,300,rosenbrock,9,0.010877,0.045493,0.053714,0.023649,86.656145
tournament 5,80,1,0.669452,450,300,rosenbrock,9,0.002724,0.011203,0.012980,0.014720,126.946030
tournament 5,80,1,0.774630,450,300,rosenbrock,9,0.009078,0.015688,0.016962,0.008848,123.381855
tournament 5,80,1,0.500000,450,300,rosenbrock,9,0.004477,0.014947,0.017939,0.008835,134.753070
tournament 5,80,1,1.859271,450,300,rosenbrock,9,0.012287,0.058021,0.066207,0.031919,109.576585
tournament 5,80,1,1.388651,450,300,rosenbrock,9,0.007515,0.021778,0.024295,0.019789,118.315220
tournament 5,40,1,1.115658,450,300,rosenbrock,9,0.023557,0.082653,0.102372,0.048592,130.672385
tournament 5,90,1,0.669452,450,300,rosenbrock,9,0.003422,0.014014,0.014616,0.012983,105.713200
tournament 5,40,1,0.964176,450,300,rosenbrock,9,0.009320,0.089228,0.102610,0.044437,115.473245
tournament 5,100,1,1.200103,450,300,rosenbrock,9,0.002624,0.011842,0.012747,0.007621,85.779315
tournament 5,100,1,0.669452,450,300,rosenbrock,9,0.002008,0.009933,0.012682,0.010008,92.257595
tournament 5,50,1,1.290939,450,300,rosenbrock,9,0.009949,0.054245,0.062473,0.027654,89.169165
tournament 5,90,1,1.859271,450,300,rosenbrock,9,0.019084,0.043110,0.049735,0.031345,95.323605
tournament 5,50,1,0.964176,450,300,rosenbrock,9,0.012717,0.034717,0.039329,0.018788,90.509595
tournament 5,50,1,2.000000,450,300,rosenbrock,9,0.045872,0.240183,0.292365,0.153968,83.955760
tournament 5,50,1,1.493759,450,300,rosenbrock,9,0.020743,0.066662,0.078481,0.050353,91.471245
tournament 5,60,1,0.964176,450,300,rosenbrock,9,0.007761,0.030054,0.037142,0.017615,93.111780
tournament 5,100,1,0.774630,450,300,rosenbrock,9,0.001701,0.010857,0.013594,0.009459,96.721995
tournament 5,60,1,0.622346,450,300,rosenbrock,9,0.005328,0.026891,0.032820,0.021043,87.352065
tournament 5,50,1,1.728444,450,300,rosenbrock,9,0.067716,0.159658,0.199567,0.066804,89.047945
tournament 5,100,1,1.037155,450,300,rosenbrock,9,0.002670,0.010660,0.009674,0.011233,96.743620
tournament 5,90,1,0.500000,450,300,rosenbrock,9,0.004140,0.011376,0.011688,0.012296,124.352480
tournament 5,50,1,1.115658,450,300,rosenbrock,9,0.007011,0.042086,0.051792,0.029188,96.650685
tournament 5,100,1,1.388651,450,300,rosenbrock,9,0.006067,0.016068,0.017787,0.010611,91.252405
tournament 5,60,1,0.720123,450,300,rosenbrock,9,0.007772,0.024224,0.031049,0.018960,92.126465
tournament 5,90,1,0.578555,450,300,rosenbrock,9,0.002768,0.012657,0.015082,0.010723,129.833640
tournament 5,60,1,0.537845,450,300,rosenbrock,9,0.010184,0.024460,0.028605,0.015501,89.694590
tournament 5,90,1,0.896332,450,300,rosenbrock,9,0.003618,0.013888,0.015793,0.011799,127.866070
tournament 5,90,1,1.606822,450,300,rosenbrock,9,0.015308,0.034149,0.036041,0.017124,119.765475
tournament 5,60,1,0.833262,450,300,rosenbrock,9,0.018603,0.033390,0.037756,0.015071,86.283480
tournament 5,90,1,1.037155,450,300,rosenbrock,9,0.003000,0.012626,0.014452,0.011276,139.265010
tournament 5,60,1,1.115658,450,300,rosenbrock,9,0.008932,0.024627,0.029485,0.013230,89.387445
tournament 5,40,1,1.290939,450,300,rosenbrock,9,0.044747,0.095575,0.114329,0.037060,139.528365
tournament 5,90,1,1.200103,450,300,rosenbrock,9,0.004753,0.011321,0.013356,0.005384,149.602565
tournament 5,40,1,1.493759,450,300,rosenbrock,9,0.034126,0.122848,0.148573,0.123089,146.315795
tournament 5,100,1,0.500000,450,300,rosenbrock,9,0.004249,0.009059,0.009604,0.005306,149.119040
tournament 5,90,1,1.388651,450,300,rosenbrock,9,0.007461,0.018802,0.021801,0.009080,151.016545
tournament 5,100,1,0.578555,450,300,rosenbrock,9,0.002866,0.008495,0.010079,0.008074,149.149230
tournament 5,100,1,0.896332,450,300,rosenbrock,9,0.004474,0.010475,0.011498,0.008804,148.868490
tournament 5,110,1,0.896332,450,300,rosenbrock,9,0.001976,0.009663,0.010605,0.010981,60.176670
tournament 5,60,1,1.290939,450,300,rosenbrock,9,0.008195,0.032910,0.041660,0.021774,61.634675
tournament 5,110,1,1.859271,450,300,rosenbrock,9,0.002850,0.030973,0.033642,0.023166,61.601375
tournament 5,110,1,1.606822,450,300,rosenbrock,9,0.003991,0.015392,0.019263,0.021207,62.649470
tournament 5,60,1,1.728444,450,300,rosenbrock,9,0.018461,0.066757,0.066583,0.046946,62.204650
tournament 5,120,1,0.500000,450,300,rosenbrock,9,0.004036,0.009574,0.010636,0.008202,62.828675
tournament 5,120,1,0.774630,450,300,rosenbrock,9,0.002761,0.007980,0.009604,0.006993,60.457870
tournament 5,100,1,1.606822,450,300,rosenbrock,9,0.009023,0.026703,0.028073,0.013437,132.518660
tournament 5,100,1,1.859271,450,300,rosenbrock,9,0.011334,0.033157,0.032172,0.024337,123.801035
tournament 5,110,1,0.500000,450,300,rosenbrock,9,0.003177,0.009611,0.010336,0.011358,109.844785
tournament 5,120,1,1.200103,450,300,rosenbrock,9,0.003091,0.011093,0.013646,0.006801,57.717355
tournament 5,110,1,0.578555,450,300,rosenbrock,9,0.001109,0.006912,0.009444,0.005699,104.401675
tournament 5,110,1,0.669452,450,300,rosenbrock,9,0.002350,0.008444,0.010058,0.005267,97.808480
tournament 5,70,1,1.115658,450,300,rosenbrock,9,0.005309,0.015422,0.018062,0.008079,85.723520
tournament 5,110,1,0.774630,450,300,rosenbrock,9,0.002230,0.007178,0.008093,0.005061,95.805655
tournament 5,60,1,1.493759,450,300,rosenbrock,9,0.013039,0.052309,0.063209,0.034306,88.418840
tournament 5,70,1,0.622346,450,300,rosenbrock,9,0.002083,0.016849,0.018842,0.014436,86.582325
tournament 5,110,1,1.200103,450,300,rosenbrock,9,0.004438,0.012405,0.014691,0.008357,89.811720
tournament 5,120,1,0.578555,450,300,rosenbrock,9,0.003390,0.009881,0.012086,0.004479,87.451700
tournament 5,70,1,0.537845,450,300,rosenbrock,9,0.008957,0.018692,0.020692,0.006253,87.855915
tournament 5,70,1,1.493759,450,300,rosenbrock,9,0.013206,0.032759,0.036422,0.021625,87.541185
tournament 5,110,1,1.388651,450,300,rosenbrock,9,0.004223,0.015433,0.015899,0.010653,89.961555
tournament 5,70,1,1.290939,450,300,rosenbrock,9,0.004893,0.019709,0.021658,0.014957,87.519690
tournament 5,70,1,1.728444,450,300,rosenbrock,9,0.012888,0.043029,0.050702,0.031792,87.336195
tournament 5,120,1,0.669452,450,300,rosenbrock,9,0.004577,0.011447,0.013884,0.006740,87.886130
tournament 5,120,1,1.037155,450,300,rosenbrock,9,0.004986,0.012252,0.012463,0.006610,73.671700
tournament 5,110,1,1.037155,450,300,rosenbrock,9,0.002246,0.009781,0.010949,0.006249,94.214815
tournament 5,60,1,2.000000,450,300,rosenbrock,9,0.040365,0.161020,0.207624,0.083614,89.680425
tournament 5,70,1,0.964176,450,300,rosenbrock,9,0.007403,0.018095,0.019452,0.013374,90.246460
tournament 5,120,1,0.896332,450,300,rosenbrock,9,0.002278,0.008554,0.009986,0.005882,79.912725
tournament 5,80,1,0.964176,450,300,rosenbrock,9,0.002483,0.013833,0.016144,0.006905,75.891415
tournament 5,80,1,1.115658,450,300,rosenbrock,9,0.009140,0.014053,0.014616,0.012986,70.648455
tournament 5,70,1,0.720123,450,300,rosenbrock,9,0.007662,0.019043,0.022376,0.011818,48.751380
tournament 5,120,1,1.606822,450,300,rosenbrock,9,0.003817,0.016244,0.019799,0.016787,72.023680
tournament 5,80,1,1.290939,450,300,rosenbrock,9,0.002485,0.013838,0.018196,0.014694,71.795145
tournament 5,120,1,1.388651,450,300,rosenbrock,9,0.002666,0.010315,0.010919,0.008442,81.775975
tournament 5,80,1,1.728444,450,300,rosenbrock,9,0.015922,0.041807,0.046808,0.033234,50.165815
tournament 5,130,1,0.669452,450,300,rosenbrock,9,0.003126,0.007383,0.008304,0.005106,51.420085
tournament 5,80,1,2.000000,450,300,rosenbrock,9,0.027738,0.070351,0.075030,0.048994,51.965280
tournament 5,120,1,1.859271,450,300,rosenbrock,9,0.011798,0.031134,0.034434,0.017506,80.245415
tournament 5,130,1,1.200103,450,300,rosenbrock,9,0.002251,0.010790,0.011948,0.007079,55.592805
tournament 5,90,1,0.537845,450,300,rosenbrock,9,0.003572,0.010298,0.010361,0.009007,56.410325
tournament 5,130,1,0.500000,450,300,rosenbrock,9,0.001431,0.007392,0.010017,0.008490,74.163455
tournament 5,100,1,1.290939,450,300,rosenbrock,9,0.003022,0.012917,0.014599,0.007902,74.965820
tournament 5,90,1,0.833262,450,300,rosenbrock,9,0.002830,0.011468,0.015162,0.011442,78.395115
tournament 5,100,1,0.720123,450,300,rosenbrock,9,0.004629,0.012579,0.015238,0.008278,78.534685
tournament 5,120,1,0.720123,450,300,rosenbrock,9,0.001635,0.007615,0.010381,0.007410,79.816280
tournament 5,130,1,0.896332,450,300,rosenbrock,9,0.001534,0.008996,0.010400,0.011574,78.412520
tournament 5,130,1,0.774630,450,300,rosenbrock,9,0.002780,0.010017,0.011029,0.007533,80.364720
tournament 5,70,1,2.000000,450,300,rosenbrock,9,0.027744,0.096687,0.107176,0.055570,98.451385
tournament 5,130,1,1.037155,450,300,rosenbrock,9,0.003787,0.008642,0.008986,0.004989,78.705410
tournament 5,130,1,1.859271,450,300,rosenbrock,9,0.009479,0.032970,0.038780,0.023987,76.195030
tournament 5,130,1,1.606822,450,300,rosenbrock,9,0.009488,0.022069,0.025906,0.012793,78.281955
tournament 5,70,1,0.833262,450,300,rosenbrock,9,0.001625,0.018118,0.020830,0.015705,104.471490
tournament 5,140,1,0.500000,450,300,rosenbrock,9,0.001688,0.008481,0.010041,0.009868,72.794255
tournament 5,100,1,1.493759,450,300,rosenbrock,9,0.010471,0.018548,0.019977,0.011779,76.194000
tournament 5,90,1,0.622346,450,300,rosenbrock,9,0.005101,0.015179,0.019242,0.007356,69.125430
tournament 5,140,1,0.578555,450,300,rosenbrock,9,0.001428,0.007550,0.009664,0.006039,75.510065
tournament 5,140,1,0.669452,450,300,rosenbrock,9,0.001666,0.007492,0.007280,0.008777,73.645880
tournament 5,80,1,1.493759,450,300,rosenbrock,9,0.011633,0.034780,0.037425,0.014513,117.648110
tournament 5,140,1,0.774630,450,300,rosenbrock,9,0.001863,0.009108,0.009271,0.006136,76.938125
tournament 5,80,1,0.720123,450,300,rosenbrock,9,0.004131,0.018140,0.023090,0.013839,118.979865
tournament 5,130,1,0.578555,450,300,rosenbrock,9,0.001025,0.006356,0.006825,0.004639,119.332470
tournament 5,80,1,0.833262,450,300,rosenbrock,9,0.002423,0.013922,0.015318,0.010501,121.160380
tournament 5,140,1,0.896332,450,300,rosenbrock,9,0.001446,0.006109,0.006637,0.005617,75.953615
tournament 5,90,1,0.964176,450,300,rosenbrock,9,0.001873,0.011713,0.012918,0.007484,89.718930
tournament 5,80,1,0.622346,450,300,rosenbrock,9,0.004103,0.013100,0.015338,0.013487,127.654815
tournament 5,80,1,0.537845,450,300,rosenbrock,9,0.002190,0.010735,0.013607,0.006583,128.876855
tournament 5,130,1,1.388651,450,300,rosenbrock,9,0.001861,0.013601,0.015098,0.013016,122.384590
tournament 5,90,1,1.728444,450,300,rosenbrock,9,0.009171,0.040751,0.049219,0.020332,92.282370
tournament 5,100,1,1.115658,450,300,rosenbrock,9,0.003149,0.011025,0.013195,0.008544,120.110490
tournament 5,90,1,2.000000,450,300,rosenbrock,9,0.006726,0.046999,0.058836,0.026415,133.541370
tournament 5,90,1,1.115658,450,300,rosenbrock,9,0.005867,0.010616,0.011881,0.011543,93.551790
tournament 5,100,1,0.833262,450,300,rosenbrock,9,0.001844,0.007257,0.008210,0.006569,134.868225
tournament 5,140,1,1.037155,450,300,rosenbrock,9,0.003155,0.008487,0.010520,0.006334,111.239225
tournament 5,140,1,1.859271,450,300,rosenbrock,9,0.007961,0.020271,0.022995,0.028493,78.486200
tournament 5,120,1,0.622346,450,300,rosenbrock,9,0.000443,0.006773,0.007808,0.006345,78.430050
tournament 5,150,1,0.578555,450,300,rosenbrock,9,0.000643,0.008342,0.011061,0.007038,81.248430
tournament 5,150,1,0.500000,450,300,rosenbrock,9,0.001854,0.007219,0.008353,0.008148,83.508280
tournament 5,150,1,0.669452,450,300,rosenbrock,9,0.001746,0.005668,0.006945,0.007279,81.511770
tournament 5,150,1,0.774630,450,300,rosenbrock,9,0.002209,0.007912,0.010112,0.004740,83.704745
tournament 5,150,1,0.896332,450,300,rosenbrock,9,0.002551,0.006925,0.007372,0.007421,81.222550
tournament 5,150,1,1.037155,450,300,rosenbrock,9,0.002662,0.007970,0.008284,0.006925,84.115055
tournament 5,120,1,1.115658,450,300,rosenbrock,9,0.001598,0.009295,0.009727,0.007553,80.805720
tournament 5,90,1,1.290939,450,300,rosenbrock,9,0.002088,0.014897,0.016470,0.012234,126.094200
tournament 5,150,1,1.200103,450,300,rosenbrock,9,0.003646,0.014330,0.016849,0.006424,81.135830
tournament 5,150,1,1.388651,450,300,rosenbrock,9,0.004557,0.013060,0.016423,0.009710,81.889855
tournament 5,120,1,0.964176,450,300,rosenbrock,9,0.003150,0.007954,0.009359,0.006164,82.407815
tournament 5,140,1,1.606822,450,300,rosenbrock,9,0.005979,0.018602,0.020630,0.015233,107.997915
tournament 5,150,1,1.859271,450,300,rosenbrock,9,0.007824,0.022047,0.026246,0.014661,81.989845
tournament 5,150,1,1.606822,450,300,rosenbrock,9,0.005229,0.014169,0.017439,0.016329,82.686985
tournament 5,110,1,2.000000,450,300,rosenbrock,9,0.012474,0.041674,0.045289,0.035886,112.455945
tournament 5,110,1,0.964176,450,300,rosenbrock,9,0.001965,0.007218,0.007509,0.005915,115.345435
tournament 5,140,1,1.388651,450,300,rosenbrock,9,0.002844,0.012376,0.014869,0.007314,114.910980
tournament 5,110,1,1.728444,450,300,rosenbrock,9,0.004936,0.027419,0.033694,0.017651,114.029370
tournament 5,120,1,0.537845,450,300,rosenbrock,9,0.001679,0.007972,0.008385,0.004762,112.839260
tournament 5,120,1,0.833262,450,300,rosenbrock,9,0.003565,0.009891,0.012394,0.007660,112.819025
tournament 5,120,1,1.290939,450,300,rosenbrock,9,0.003096,0.013936,0.015809,0.011766,112.797800
tournament 5,140,1,1.200103,450,300,rosenbrock,9,0.001887,0.010021,0.011406,0.005865,139.372625
tournament 5,90,1,0.720123,450,300,rosenbrock,9,0.001960,0.010534,0.012669,0.010651,105.636030
tournament 5,100,1,0.537845,450,300,rosenbrock,9,0.003238,0.009177,0.011878,0.006880,134.901535
tournament 5,120,1,1.493759,450,300,rosenbrock,9,0.008781,0.016908,0.018104,0.010811,75.002600
tournament 5,120,1,1.728444,450,300,rosenbrock,9,0.006098,0.027843,0.036564,0.018845,82.970330
tournament 5,160,1,0.500000,450,300,rosenbrock,9,0.002019,0.008847,0.007971,0.011597,89.055860
tournament 5,160,1,0.578555,450,300,rosenbrock,9,0.002385,0.008654,0.009535,0.006329,83.389215
tournament 5,90,1,1.493759,450,300,rosenbrock,9,0.005496,0.025259,0.031360,0.016562,153.277830
tournament 5,100,1,0.622346,450,300,rosenbrock,9,0.001438,0.011086,0.012836,0.007189,152.619060
tournament 5,130,1,1.290939,450,300,rosenbrock,9,0.004367,0.013100,0.014876,0.009752,63.744650
tournament 5,100,1,0.964176,450,300,rosenbrock,9,0.002877,0.010578,0.014000,0.007440,156.904685
tournament 5,120,1,2.000000,450,300,rosenbrock,9,0.013813,0.032131,0.032354,0.025362,65.946865
tournament 5,110,1,0.720123,450,300,rosenbrock,9,0.001602,0.006617,0.005856,0.006920,152.161060
tournament 5,110,1,0.622346,450,300,rosenbrock,9,0.002984,0.008187,0.008746,0.006183,152.502245
tournament 5,100,1,2.000000,450,300,rosenbrock,9,0.011806,0.050119,0.057309,0.026071,152.664240
tournament 5,110,1,0.537845,450,300,rosenbrock,9,0.001908,0.009705,0.011732,0.006339,153.949620
tournament 5,110,1,0.833262,450,300,rosenbrock,9,0.001264,0.008663,0.009785,0.011634,155.056960
tournament 5,110,1,1.493759,450,300,rosenbrock,9,0.010343,0.018688,0.019979,0.016213,149.077665
tournament 5,100,1,1.728444,450,300,rosenbrock,9,0.009395,0.025571,0.027620,0.016962,156.996875
tournament 5,110,1,1.290939,450,300,rosenbrock,9,0.003215,0.011080,0.013863,0.010063,155.137210
tournament 5,130,1,0.537845,450,300,rosenbrock,9,0.001103,0.007218,0.009261,0.004569,69.865490
tournament 5,110,1,1.115658,450,300,rosenbrock,9,0.004830,0.008872,0.009404,0.004384,144.736330
tournament 5,160,1,1.037155,450,300,rosenbrock,9,0.001643,0.005595,0.006455,0.005750,71.671305
tournament 5,160,1,1.859271,450,300,rosenbrock,9,0.006992,0.027472,0.027825,0.024679,62.550090
tournament 5,160,1,1.388651,450,300,rosenbrock,9,0.001141,0.013180,0.013213,0.010357,72.905555
tournament 5,160,1,1.200103,450,300,rosenbrock,9,0.002363,0.009977,0.012982,0.005258,74.733495
tournament 5,130,1,1.728444,450,300,rosenbrock,9,0.005837,0.021441,0.024275,0.014189,62.562685
tournament 5,160,1,1.606822,450,300,rosenbrock,9,0.005742,0.016906,0.021383,0.011381,73.479060
tournament 5,160,1,0.669452,450,300,rosenbrock,9,0.003349,0.007456,0.008923,0.005266,113.833195
tournament 5,170,1,0.500000,450,300,rosenbrock,9,0.001247,0.007472,0.008299,0.006867,61.640280
tournament 5,130,1,0.964176,450,300,rosenbrock,9,0.002132,0.007894,0.009154,0.006954,73.491315
tournament 5,130,1,0.833262,450,300,rosenbrock,9,0.001826,0.007185,0.008903,0.003145,72.450815
tournament 5,130,1,0.720123,450,300,rosenbrock,9,0.002369,0.008931,0.010679,0.004998,106.935220
tournament 5,160,1,0.774630,450,300,rosenbrock,9,0.001377,0.007971,0.009239,0.006251,99.537670
tournament 5,130,1,1.115658,450,300,rosenbrock,9,0.002638,0.010593,0.012520,0.008672,72.202810
tournament 5,130,1,2.000000,450,300,rosenbrock,9,0.008551,0.031144,0.032985,0.027879,71.392680
tournament 5,160,1,0.896332,450,300,rosenbrock,9,0.001914,0.007543,0.008697,0.004669,95.114190
tournament 5,140,1,0.537845,450,300,rosenbrock,9,0.002499,0.008169,0.010029,0.005988,73.220635
tournament 5,170,1,0.537845,450,300,rosenbrock,9,0.000859,0.008107,0.010362,0.007952,73.174085
tournament 5,140,1,0.622346,450,300,rosenbrock,9,0.002499,0.010690,0.011611,0.006374,67.814065
tournament 5,170,1,0.578555,450,300,rosenbrock,9,0.001892,0.006777,0.007256,0.007035,72.650530
tournament 5,140,1,0.720123,450,300,rosenbrock,9,0.001764,0.007417,0.006563,0.007512,70.385140
tournament 5,140,1,0.833262,450,300,rosenbrock,9,0.001405,0.009219,0.012073,0.006184,69.315080
tournament 5,170,1,0.774630,450,300,rosenbrock,9,0.001700,0.006416,0.006813,0.006526,53.439620
tournament 5,170,1,0.622346,450,300,rosenbrock,9,0.004600,0.009711,0.010000,0.005946,73.915215
tournament 5,170,1,0.669452,450,300,rosenbrock,9,0.003084,0.008622,0.010337,0.010331,78.845245
tournament 5,140,1,0.964176,450,300,rosenbrock,9,0.000964,0.006891,0.008426,0.005949,68.234710
tournament 5,170,1,0.964176,450,300,rosenbrock,9,0.001599,0.006967,0.009592,0.005411,49.696860
tournament 5,130,1,0.622346,450,300,rosenbrock,9,0.003801,0.009592,0.012119,0.005483,83.627400
tournament 5,170,1,0.720123,450,300,rosenbrock,9,0.002687,0.006663,0.007018,0.004475,81.813885
tournament 5,170,1,1.200103,450,300,rosenbrock,9,0.001610,0.009455,0.010869,0.008479,49.701490
tournament 5,140,1,1.115658,450,300,rosenbrock,9,0.000999,0.009173,0.012216,0.006574,48.487960
tournament 5,140,1,2.000000,450,300,rosenbrock,9,0.009891,0.031741,0.035433,0.022213,51.483425
tournament 5,150,1,1.115658,450,300,rosenbrock,9,0.001963,0.007739,0.009299,0.007213,50.231225
tournament 5,170,1,1.606822,450,300,rosenbrock,9,0.002294,0.016985,0.016327,0.012295,48.929730
tournament 5,150,1,0.622346,450,300,rosenbrock,9,0.000676,0.007445,0.008890,0.007439,62.546095
tournament 5,150,1,0.537845,450,300,rosenbrock,9,0.000862,0.006334,0.005964,0.011174,63.468110
tournament 5,170,1,0.833262,450,300,rosenbrock,9,0.003824,0.008284,0.008822,0.006954,88.243690
tournament 5,170,1,1.388651,450,300,rosenbrock,9,0.002035,0.012658,0.014092,0.016086,65.429945
tournament 5,150,1,0.720123,450,300,rosenbrock,9,0.001652,0.006936,0.007476,0.005639,63.565235
tournament 5,150,1,0.833262,450,300,rosenbrock,9,0.002936,0.007608,0.008014,0.004706,63.745155
tournament 5,170,1,1.493759,450,300,rosenbrock,9,0.005826,0.013206,0.013194,0.009039,59.232570
tournament 5,150,1,0.964176,450,300,rosenbrock,9,0.002824,0.007059,0.008117,0.005176,64.042610
tournament 5,150,1,1.493759,450,300,rosenbrock,9,0.002986,0.010607,0.011240,0.013926,62.067755
tournament 5,150,1,1.290939,450,300,rosenbrock,9,0.003768,0.010453,0.012297,0.010899,62.977295
tournament 5,170,1,0.896332,450,300,rosenbrock,9,0.002887,0.007986,0.008899,0.004539,98.242205
tournament 5,170,1,1.728444,450,300,rosenbrock,9,0.009969,0.023137,0.026366,0.012943,63.062665
tournament 5,130,1,1.493759,450,300,rosenbrock,9,0.004388,0.016045,0.020548,0.011625,96.857145
tournament 5,150,1,2.000000,450,300,rosenbrock,9,0.013595,0.035644,0.037631,0.027790,62.160160
tournament 5,150,1,1.728444,450,300,rosenbrock,9,0.008076,0.021658,0.023018,0.019893,62.924690
tournament 5,170,1,1.115658,450,300,rosenbrock,9,0.002922,0.007295,0.009237,0.008201,101.115055
tournament 5,170,1,1.037155,450,300,rosenbrock,9,0.001923,0.008172,0.009796,0.007423,107.556860
tournament 5,170,1,1.290939,450,300,rosenbrock,9,0.002692,0.009843,0.013166,0.007910,109.617595
tournament 5,180,1,0.774630,450,300,rosenbrock,9,0.001359,0.007597,0.009878,0.006274,70.028530
tournament 5,140,1,1.728444,450,300,rosenbrock,9,0.003239,0.019097,0.020941,0.013460,110.208605
tournament 5,170,1,1.859271,450,300,rosenbrock,9,0.007908,0.019423,0.020701,0.019854,111.427490
tournament 5,180,1,1.037155,450,300,rosenbrock,9,0.001612,0.006984,0.007302,0.005989,76.560220
tournament 5,160,1,0.622346,450,300,rosenbrock,9,0.003914,0.010941,0.011226,0.011463,82.509310
tournament 5,190,1,0.537845,450,300,rosenbrock,9,0.000682,0.006603,0.008941,0.006507,79.545450
tournament 5,140,1,1.493759,450,300,rosenbrock,9,0.010199,0.019309,0.022236,0.007857,113.520530
tournament 5,160,1,1.115658,450,300,rosenbrock,9,0.001111,0.007516,0.008663,0.008153,81.959700
tournament 5,170,1,2.000000,450,300,rosenbrock,9,0.002345,0.030281,0.038611,0.028023,119.916320
tournament 5,160,1,1.290939,450,300,rosenbrock,9,0.005736,0.012828,0.015506,0.006688,81.583505
tournament 5,160,1,1.493759,450,300,rosenbrock,9,0.004508,0.013055,0.014951,0.006776,81.809275
tournament 5,190,1,0.622346,450,300,rosenbrock,9,0.002419,0.006545,0.007524,0.003533,82.734595
tournament 5,160,1,1.728444,450,300,rosenbrock,9,0.009185,0.021123,0.023487,0.017614,80.869020
tournament 5,180,1,0.622346,450,300,rosenbrock,9,0.002605,0.006754,0.007351,0.003562,110.579340
tournament 5,180,1,0.500000,450,300,rosenbrock,9,0.000936,0.007050,0.007780,0.009840,119.344205
tournament 5,180,1,0.537845,450,300,rosenbrock,9,0.003084,0.007770,0.009313,0.003532,118.749120
tournament 5,180,1,0.669452,450,300,rosenbrock,9,0.001705,0.006316,0.005454,0.008003,111.537570
tournament 5,190,1,0.720123,450,300,rosenbrock,9,0.001668,0.006456,0.007940,0.003855,82.257625
tournament 5,190,1,0.774630,450,300,rosenbrock,9,0.002017,0.007203,0.008057,0.004895,81.580545
tournament 5,160,1,0.537845,450,300,rosenbrock,9,0.003562,0.007080,0.008631,0.005337,107.721610
tournament 5,180,1,0.833262,450,300,rosenbrock,9,0.001958,0.007521,0.007984,0.005170,111.629285
tournament 5,180,1,1.200103,450,300,rosenbrock,9,0.003339,0.010348,0.011189,0.006720,101.826205
tournament 5,190,1,0.964176,450,300,rosenbrock,9,0.002888,0.008089,0.009118,0.004855,77.769695
tournament 5,190,1,0.896332,450,300,rosenbrock,9,0.002383,0.008607,0.010274,0.005607,79.615675
tournament 5,160,1,2.000000,450,300,rosenbrock,9,0.017424,0.037466,0.039440,0.015186,98.276350
tournament 5,180,1,0.578555,450,300,rosenbrock,9,0.001510,0.005884,0.007031,0.004235,128.062350
tournament 5,190,1,0.669452,450,300,rosenbrock,9,0.000920,0.006118,0.006738,0.005216,93.203875
tournament 5,190,1,1.037155,450,300,rosenbrock,9,0.002589,0.006180,0.006698,0.007058,76.794305
tournament 5,190,1,1.115658,450,300,rosenbrock,9,0.002568,0.009717,0.012820,0.008552,75.086765
tournament 5,190,1,1.200103,450,300,rosenbrock,9,0.003170,0.008248,0.008504,0.008814,76.071795
tournament 5,180,1,0.720123,450,300,rosenbrock,9,0.003511,0.009237,0.009482,0.005415,143.116820
tournament 5,140,1,1.290939,450,300,rosenbrock,9,0.003608,0.009471,0.010437,0.004320,149.222335
tournament 5,190,1,1.388651,450,300,rosenbrock,9,0.001490,0.011379,0.011835,0.010935,75.140150
tournament 5,190,1,1.493759,450,300,rosenbrock,9,0.004266,0.012064,0.013375,0.005368,70.073270
tournament 5,190,1,1.728444,450,300,rosenbrock,9,0.005928,0.018281,0.020023,0.014243,55.096430
tournament 5,190,1,2.000000,450,300,rosenbrock,9,0.003240,0.024181,0.025015,0.020192,53.529030
tournament 5,190,1,1.859271,450,300,rosenbrock,9,0.007384,0.026867,0.030149,0.021747,54.841545
tournament 5,200,1,0.578555,450,300,rosenbrock,9,0.000755,0.006264,0.008264,0.009103,50.629275
tournament 5,200,1,0.537845,450,300,rosenbrock,9,0.002015,0.007928,0.008587,0.010301,54.312220
tournament 5,200,1,1.037155,450,300,rosenbrock,9,0.001548,0.006284,0.006483,0.004286,50.412595
tournament 5,200,1,0.720123,450,300,rosenbrock,9,0.002661,0.009365,0.010300,0.006817,63.092495
tournament 5,200,1,0.774630,450,300,rosenbrock,9,0.002393,0.007736,0.008462,0.006880,64.250930
tournament 5,200,1,0.896332,450,300,rosenbrock,9,0.000660,0.006125,0.006927,0.004643,63.178515
tournament 5,200,1,0.964176,450,300,rosenbrock,9,0.003481,0.007554,0.010029,0.005590,63.745140
tournament 5,200,1,1.115658,450,300,rosenbrock,9,0.002639,0.007071,0.008097,0.004860,61.928170
tournament 5,200,1,1.200103,450,300,rosenbrock,9,0.003939,0.008822,0.010373,0.004586,61.495265
tournament 5,200,1,1.859271,450,300,rosenbrock,9,0.002019,0.020018,0.025743,0.016382,49.033435
tournament 5,180,1,0.896332,450,300,rosenbrock,9,0.001399,0.007593,0.008984,0.004893,174.399280
tournament 5,200,1,1.290939,450,300,rosenbrock,9,0.001742,0.009547,0.011201,0.007988,61.043895
tournament 5,200,1,1.388651,450,300,rosenbrock,9,0.002756,0.008967,0.010785,0.008654,61.532280
tournament 5,180,1,0.964176,450,300,rosenbrock,9,0.000989,0.008945,0.009310,0.006509,174.956095
tournament 5,200,1,1.493759,450,300,rosenbrock,9,0.002856,0.012695,0.015530,0.008743,63.009475
tournament 5,180,1,1.606822,450,300,rosenbrock,9,0.006943,0.015694,0.017134,0.011005,169.836385
tournament 5,190,1,0.500000,450,300,rosenbrock,9,0.001543,0.007076,0.009174,0.006003,169.422450
tournament 5,180,1,1.290939,450,300,rosenbrock,9,0.001216,0.008487,0.010446,0.005641,171.893205
tournament 5,180,1,1.115658,450,300,rosenbrock,9,0.002811,0.007640,0.009190,0.008159,174.664795
tournament 5,190,1,0.578555,450,300,rosenbrock,9,0.002127,0.008067,0.010133,0.007452,169.274820
tournament 5,180,1,1.388651,450,300,rosenbrock,9,0.002696,0.013351,0.014337,0.012568,171.545505
tournament 5,180,1,2.000000,450,300,rosenbrock,9,0.009960,0.028887,0.033239,0.026001,170.904830
tournament 5,180,1,1.728444,450,300,rosenbrock,9,0.007978,0.019142,0.023721,0.017088,171.621790
tournament 5,200,1,1.606822,450,300,rosenbrock,9,0.003574,0.016556,0.022288,0.015614,62.001255
tournament 5,200,1,1.728444,450,300,rosenbrock,9,0.002787,0.017718,0.020978,0.018315,60.153560
tournament 5,200,1,2.000000,450,300,rosenbrock,9,0.006995,0.024210,0.021960,0.019245,54.362940
tournament 5,180,1,1.859271,450,300,rosenbrock,9,0.004371,0.030422,0.033451,0.014989,174.904090
tournament 5,180,1,1.493759,450,300,rosenbrock,9,0.003173,0.014681,0.017142,0.008891,175.425710
tournament 5,160,1,0.720123,450,300,rosenbrock,9,0.001251,0.009153,0.010884,0.006320,168.682980
tournament 5,190,1,0.833262,450,300,rosenbrock,9,0.004105,0.007310,0.008125,0.007518,163.673160
tournament 5,160,1,0.833262,450,300,rosenbrock,9,0.000496,0.006807,0.006382,0.006557,160.899515
tournament 5,160,1,0.964176,450,300,rosenbrock,9,0.002149,0.007485,0.008139,0.006971,155.936745
tournament 5,190,1,1.290939,450,300,rosenbrock,9,0.004203,0.009356,0.010256,0.005924,134.278055
tournament 5,200,1,0.500000,450,300,rosenbrock,9,0.001387,0.005636,0.006077,0.003663,98.529415
tournament 5,200,1,0.622346,450,300,rosenbrock,9,0.001577,0.005740,0.006951,0.007505,95.097560
tournament 5,200,1,0.669452,450,300,rosenbrock,9,0.002160,0.007307,0.009165,0.008215,94.702175
tournament 5,190,1,1.606822,450,300,rosenbrock,9,0.004668,0.019722,0.021280,0.012590,108.932230
tournament 5,200,1,0.833262,450,300,rosenbrock,9,0.003735,0.006289,0.006134,0.013093,96.088300
