selection,limit,mutation_dims,phi0,population_size,num_iterations,objective,dimensionality,best_value,average_value_top_80,median_value,stddev_value,average_time_ms
roulette wheel,10,1,0.500000,75,50,rastrigin,3,0.000725,0.187797,0.207475,0.349146,0.917240
roulette wheel,10,1,0.774630,75,50,rastrigin,3,0.002541,0.046937,0.047485,0.177451,0.888295
roulette wheel,10,1,0.578555,75,50,rastrigin,3,0.002598,0.045828,0.051735,0.128818,1.007850
roulette wheel,10,1,1.037155,75,50,rastrigin,3,0.002697,0.043412,0.042618,0.145637,1.022495
roulette wheel,10,1,0.896332,75,50,rastrigin,3,0.003353,0.097880,0.139770,0.252481,1.090970
roulette wheel,10,1,0.669452,75,50,rastrigin,3,0.011671,0.070127,0.075301,0.278919,1.112050
roulette wheel,10,1,1.200103,75,50,rastrigin,3,0.001862,0.026243,0.031266,0.038249,1.290100
roulette wheel,10,1,1.388651,75,50,rastrigin,3,0.000530,0.046114,0.039038,0.093764,1.018950
roulette wheel,10,1,1.606822,75,50,rastrigin,3,0.000080,0.080407,0.081345,0.169875,0.932265
roulette wheel,10,1,0.833262,75,50,rastrigin,3,0.002644,0.043521,0.039397,0.193547,0.943085
roulette wheel,10,1,0.537845,75,50,rastrigin,3,0.001015,0.053910,0.060111,0.241858,1.017370
roulette wheel,20,1,0.500000,75,50,rastrigin,3,0.000006,0.001918,0.002009,0.009672,1.132850
roulette wheel,10,1,1.859271,75,50,rastrigin,3,0.003796,0.120327,0.133643,0.271832,1.366555
roulette wheel,10,1,0.622346,75,50,rastrigin,3,0.000784,0.057877,0.046377,0.126461,0.898360
roulette wheel,20,1,0.578555,75,50,rastrigin,3,0.000021,0.001030,0.000904,0.006308,1.244240
roulette wheel,10,1,1.115658,75,50,rastrigin,3,0.000694,0.028861,0.027614,0.087660,0.893455
roulette wheel,10,1,0.964176,75,50,rastrigin,3,0.005066,0.055750,0.066099,0.143213,0.902385
roulette wheel,20,1,0.774630,75,50,rastrigin,3,0.000015,0.000553,0.000390,0.015069,0.910645
roulette wheel,20,1,0.669452,75,50,rastrigin,3,0.000004,0.000693,0.000761,0.005103,1.032435
roulette wheel,10,1,1.290939,75,50,rastrigin,3,0.001577,0.049361,0.024482,0.096102,0.911900
roulette wheel,10,1,0.720123,75,50,rastrigin,3,0.008492,0.046698,0.053161,0.083839,0.959320
roulette wheel,10,1,1.493759,75,50,rastrigin,3,0.005867,0.058841,0.060397,0.203068,0.970015
roulette wheel,20,1,0.896332,75,50,rastrigin,3,0.000011,0.000989,0.001220,0.005083,0.883010
roulette wheel,10,1,1.728444,75,50,rastrigin,3,0.003508,0.104450,0.122746,0.237699,0.959655
roulette wheel,20,1,1.037155,75,50,rastrigin,3,0.000000,0.000049,0.000047,0.000231,0.891645
roulette wheel,30,1,0.774630,75,50,rastrigin,3,0.000004,0.000111,0.000071,0.001226,0.954760
roulette wheel,30,1,0.896332,75,50,rastrigin,3,0.000006,0.000156,0.000117,0.018934,1.034615
roulette wheel,20,1,1.200103,75,50,rastrigin,3,0.000000,0.000019,0.000021,0.000097,0.858290
roulette wheel,20,1,0.622346,75,50,rastrigin,3,0.000006,0.000950,0.000598,0.004640,0.842375
roulette wheel,20,1,1.388651,75,50,rastrigin,3,0.000023,0.000155,0.000139,0.000679,0.876625
roulette wheel,20,1,1.606822,75,50,rastrigin,3,0.000015,0.000768,0.000451,0.003002,0.910620
roulette wheel,30,1,0.500000,75,50,rastrigin,3,0.000023,0.000358,0.000398,0.002049,0.927640
roulette wheel,30,1,0.578555,75,50,rastrigin,3,0.000019,0.000202,0.000187,0.000379,0.885630
roulette wheel,20,1,1.859271,75,50,rastrigin,3,0.000057,0.001883,0.001330,0.005322,1.114535
roulette wheel,20,1,0.833262,75,50,rastrigin,3,0.000015,0.001105,0.001263,0.007155,0.910680
roulette wheel,20,1,0.720123,75,50,rastrigin,3,0.000038,0.000677,0.000641,0.009918,0.850435
roulette wheel,30,1,0.669452,75,50,rastrigin,3,0.000002,0.000173,0.000174,0.002632,0.859215
roulette wheel,30,1,0.622346,75,50,rastrigin,3,0.000004,0.000308,0.000337,0.001497,0.897750
roulette wheel,30,1,1.037155,75,50,rastrigin,3,0.000000,0.000014,0.000013,0.000026,0.858470
roulette wheel,20,1,2.000000,75,50,rastrigin,3,0.000265,0.002812,0.003248,0.029020,1.425255
roulette wheel,20,1,0.964176,75,50,rastrigin,3,0.000002,0.000774,0.000504,0.008901,0.866655
roulette wheel,30,1,1.200103,75,50,rastrigin,3,0.000000,0.000004,0.000003,0.000022,0.896660
roulette wheel,20,1,1.115658,75,50,rastrigin,3,0.000000,0.000038,0.000029,0.000523,0.865675
roulette wheel,30,1,0.833262,75,50,rastrigin,3,0.000004,0.000130,0.000118,0.001146,0.845280
roulette wheel,30,1,0.964176,75,50,rastrigin,3,0.000000,0.000039,0.000019,0.000265,0.895210
roulette wheel,30,1,1.388651,75,50,rastrigin,3,0.000000,0.000024,0.000017,0.000087,0.848800
roulette wheel,20,1,1.290939,75,50,rastrigin,3,0.000000,0.000080,0.000079,0.000237,0.902300
roulette wheel,20,1,1.493759,75,50,rastrigin,3,0.000006,0.000122,0.000092,0.000748,0.850840
roulette wheel,30,1,1.606822,75,50,rastrigin,3,0.000002,0.000032,0.000020,0.000487,0.864900
roulette wheel,20,1,1.728444,75,50,rastrigin,3,0.000034,0.000414,0.000490,0.007260,0.982700
roulette wheel,30,1,1.859271,75,50,rastrigin,3,0.000000,0.000105,0.000089,0.000380,0.897615
roulette wheel,30,1,0.537845,75,50,rastrigin,3,0.000000,0.000040,0.000040,0.000123,0.902155
roulette wheel,50,1,0.500000,75,50,rastrigin,3,0.000000,0.000046,0.000049,0.000153,0.995465
roulette wheel,20,1,0.537845,75,50,rastrigin,3,0.000010,0.000819,0.000931,0.004215,0.886470
roulette wheel,40,1,0.774630,75,50,rastrigin,3,0.000000,0.000074,0.000083,0.000366,0.901285
roulette wheel,40,1,0.669452,75,50,rastrigin,3,0.000000,0.000039,0.000030,0.000091,0.995495
roulette wheel,40,1,0.578555,75,50,rastrigin,3,0.000006,0.000167,0.000147,0.003758,1.040130
roulette wheel,40,1,1.200103,75,50,rastrigin,3,0.000000,0.000003,0.000004,0.000009,0.940505
roulette wheel,30,1,0.720123,75,50,rastrigin,3,0.000004,0.000061,0.000066,0.000493,1.127080
roulette wheel,10,1,2.000000,75,50,rastrigin,3,0.006620,0.179719,0.206099,0.363531,1.200545
roulette wheel,40,1,1.037155,75,50,rastrigin,3,0.000000,0.000004,0.000004,0.000028,1.065360
roulette wheel,40,1,0.896332,75,50,rastrigin,3,0.000000,0.000114,0.000090,0.000443,1.125745
roulette wheel,30,1,1.115658,75,50,rastrigin,3,0.000000,0.000003,0.000005,0.000028,1.097760
roulette wheel,40,1,1.388651,75,50,rastrigin,3,0.000000,0.000010,0.000009,0.000031,1.039220
roulette wheel,30,1,1.290939,75,50,rastrigin,3,0.000004,0.000030,0.000041,0.000047,1.052555
roulette wheel,40,1,1.859271,75,50,rastrigin,3,0.000004,0.000052,0.000054,0.000516,1.007940
roulette wheel,50,1,0.896332,75,50,rastrigin,3,0.000000,0.000030,0.000038,0.000062,1.021640
roulette wheel,30,1,1.493759,75,50,rastrigin,3,0.000000,0.000020,0.000018,0.000265,0.967845
roulette wheel,40,1,0.500000,75,50,rastrigin,3,0.000002,0.000121,0.000055,0.000502,0.998020
roulette wheel,50,1,0.578555,75,50,rastrigin,3,0.000004,0.000032,0.000021,0.000075,0.987125
roulette wheel,30,1,1.728444,75,50,rastrigin,3,0.000000,0.000045,0.000048,0.000246,0.951215
roulette wheel,40,1,1.606822,75,50,rastrigin,3,0.000000,0.000038,0.000028,0.000228,0.953705
roulette wheel,50,1,0.669452,75,50,rastrigin,3,0.000000,0.000080,0.000037,0.000829,1.068370
roulette wheel,40,1,0.833262,75,50,rastrigin,3,0.000004,0.000043,0.000032,0.000350,0.934620
roulette wheel,50,1,1.037155,75,50,rastrigin,3,0.000000,0.000005,0.000006,0.000025,0.989075
roulette wheel,50,1,0.774630,75,50,rastrigin,3,0.000000,0.000037,0.000044,0.002342,1.128115
roulette wheel,50,1,0.537845,75,50,rastrigin,3,0.000000,0.000032,0.000038,0.000164,0.983525
roulette wheel,50,1,1.200103,75,50,rastrigin,3,0.000000,0.000002,0.000002,0.000012,0.987560
roulette wheel,40,1,0.720123,75,50,rastrigin,3,0.000000,0.000027,0.000029,0.000135,1.144055
roulette wheel,30,1,2.000000,75,50,rastrigin,3,0.000002,0.000455,0.000319,0.001664,1.228535
roulette wheel,40,1,1.115658,75,50,rastrigin,3,0.000000,0.000002,0.000002,0.000008,1.131700
roulette wheel,40,1,1.493759,75,50,rastrigin,3,0.000000,0.000009,0.000010,0.000014,1.185675
roulette wheel,50,1,1.606822,75,50,rastrigin,3,0.000000,0.000014,0.000016,0.000051,1.174895
roulette wheel,40,1,0.964176,75,50,rastrigin,3,0.000000,0.000015,0.000014,0.000343,1.149925
roulette wheel,40,1,0.622346,75,50,rastrigin,3,0.000004,0.000040,0.000032,0.000239,1.301660
roulette wheel,40,1,1.290939,75,50,rastrigin,3,0.000000,0.000004,0.000004,0.000008,1.289070
roulette wheel,50,1,1.859271,75,50,rastrigin,3,0.000000,0.000038,0.000043,0.000273,1.245830
roulette wheel,40,1,2.000000,75,50,rastrigin,3,0.000008,0.000229,0.000191,0.001181,1.087615
roulette wheel,50,1,1.388651,75,50,rastrigin,3,0.000000,0.000006,0.000007,0.000022,1.285605
roulette wheel,60,1,0.500000,75,50,rastrigin,3,0.000004,0.000075,0.000074,0.000529,1.194005
roulette wheel,50,1,0.964176,75,50,rastrigin,3,0.000000,0.000035,0.000039,0.000866,1.177395
roulette wheel,60,1,0.578555,75,50,rastrigin,3,0.000000,0.000022,0.000023,0.000082,1.184075
roulette wheel,50,1,0.622346,75,50,rastrigin,3,0.000000,0.000043,0.000050,0.000115,1.065510
roulette wheel,60,1,0.669452,75,50,rastrigin,3,0.000000,0.000013,0.000016,0.000068,1.083920
roulette wheel,40,1,0.537845,75,50,rastrigin,3,0.000000,0.000074,0.000073,0.000497,1.252335
roulette wheel,40,1,1.728444,75,50,rastrigin,3,0.000004,0.000057,0.000059,0.000119,1.013470
roulette wheel,50,1,0.720123,75,50,rastrigin,3,0.000002,0.000037,0.000036,0.000072,0.949465
roulette wheel,60,1,0.774630,75,50,rastrigin,3,0.000004,0.000034,0.000029,0.001021,0.944180
roulette wheel,50,1,0.833262,75,50,rastrigin,3,0.000000,0.000035,0.000022,0.001441,0.954775
roulette wheel,50,1,1.115658,75,50,rastrigin,3,0.000000,0.000002,0.000002,0.000011,0.979240
roulette wheel,50,1,1.290939,75,50,rastrigin,3,0.000000,0.000010,0.000011,0.000018,0.962015
roulette wheel,60,1,0.896332,75,50,rastrigin,3,0.000000,0.000034,0.000042,0.000191,1.039510
roulette wheel,60,1,1.200103,75,50,rastrigin,3,0.000000,0.000006,0.000004,0.000024,0.976640
roulette wheel,60,1,1.388651,75,50,rastrigin,3,0.000000,0.000005,0.000004,0.000022,0.970740
roulette wheel,60,1,1.606822,75,50,rastrigin,3,0.000000,0.000024,0.000025,0.000179,0.966620
roulette wheel,70,1,0.578555,75,50,rastrigin,3,0.000000,0.000018,0.000013,0.000079,0.884995
roulette wheel,60,1,1.037155,75,50,rastrigin,3,0.000000,0.000004,0.000004,0.000056,1.097865
roulette wheel,70,1,0.500000,75,50,rastrigin,3,0.000000,0.000054,0.000060,0.001595,0.988630
roulette wheel,70,1,0.669452,75,50,rastrigin,3,0.000000,0.000029,0.000021,0.000247,0.889775
roulette wheel,50,1,2.000000,75,50,rastrigin,3,0.000002,0.000103,0.000060,0.000814,1.230185
roulette wheel,50,1,1.728444,75,50,rastrigin,3,0.000000,0.000037,0.000044,0.000241,0.988230
roulette wheel,70,1,0.896332,75,50,rastrigin,3,0.000000,0.000026,0.000015,0.001463,0.907155
roulette wheel,70,1,0.774630,75,50,rastrigin,3,0.000000,0.000016,0.000018,0.000304,0.963530
roulette wheel,50,1,1.493759,75,50,rastrigin,3,0.000000,0.000012,0.000014,0.000027,0.903880
roulette wheel,60,1,1.859271,75,50,rastrigin,3,0.000017,0.000082,0.000088,0.000317,1.171275
roulette wheel,70,1,1.037155,75,50,rastrigin,3,0.000000,0.000004,0.000005,0.000009,1.065575
roulette wheel,60,1,0.537845,75,50,rastrigin,3,0.000000,0.000043,0.000043,0.000179,0.971310
roulette wheel,70,1,1.200103,75,50,rastrigin,3,0.000000,0.000002,0.000002,0.000009,1.006415
roulette wheel,60,1,0.720123,75,50,rastrigin,3,0.000000,0.000073,0.000056,0.000339,0.979160
roulette wheel,60,1,0.622346,75,50,rastrigin,3,0.000000,0.000039,0.000037,0.000141,1.067740
roulette wheel,60,1,1.493759,75,50,rastrigin,3,0.000000,0.000015,0.000017,0.000088,1.062520
roulette wheel,80,1,0.578555,75,50,rastrigin,3,0.000000,0.000016,0.000017,0.000186,0.933720
roulette wheel,80,1,0.500000,75,50,rastrigin,3,0.000000,0.000028,0.000019,0.000431,0.962865
roulette wheel,80,1,0.669452,75,50,rastrigin,3,0.000004,0.000034,0.000030,0.000386,0.991805
roulette wheel,60,1,0.833262,75,50,rastrigin,3,0.000002,0.000056,0.000039,0.000758,1.029205
roulette wheel,70,1,1.388651,75,50,rastrigin,3,0.000000,0.000008,0.000004,0.000044,1.328390
roulette wheel,80,1,0.774630,75,50,rastrigin,3,0.000004,0.000052,0.000055,0.000825,0.968790
roulette wheel,60,1,0.964176,75,50,rastrigin,3,0.000000,0.000008,0.000008,0.000017,0.944235
roulette wheel,70,1,1.859271,75,50,rastrigin,3,0.000004,0.000062,0.000062,0.000128,1.202950
roulette wheel,70,1,1.606822,75,50,rastrigin,3,0.000002,0.000010,0.000010,0.000079,0.960510
roulette wheel,60,1,1.290939,75,50,rastrigin,3,0.000000,0.000005,0.000004,0.000020,0.996220
roulette wheel,60,1,1.728444,75,50,rastrigin,3,0.000002,0.000017,0.000021,0.000022,0.993375
roulette wheel,60,1,1.115658,75,50,rastrigin,3,0.000000,0.000002,0.000002,0.000010,1.028095
roulette wheel,70,1,0.622346,75,50,rastrigin,3,0.000000,0.000035,0.000029,0.000200,1.177915
roulette wheel,80,1,0.896332,75,50,rastrigin,3,0.000000,0.000058,0.000066,0.000234,0.998625
roulette wheel,80,1,1.037155,75,50,rastrigin,3,0.000000,0.000004,0.000007,0.000258,0.992410
roulette wheel,60,1,2.000000,75,50,rastrigin,3,0.000006,0.000095,0.000108,0.000224,1.329855
roulette wheel,80,1,1.200103,75,50,rastrigin,3,0.000000,0.000001,0.000000,0.000004,1.464945
roulette wheel,70,1,0.964176,75,50,rastrigin,3,0.000000,0.000013,0.000016,0.000037,1.016305
roulette wheel,70,1,1.115658,75,50,rastrigin,3,0.000000,0.000002,0.000002,0.000007,0.955385
roulette wheel,70,1,0.537845,75,50,rastrigin,3,0.000000,0.000021,0.000023,0.000151,1.046630
roulette wheel,80,1,1.606822,75,50,rastrigin,3,0.000004,0.000045,0.000038,0.000142,0.874200
roulette wheel,70,1,0.833262,75,50,rastrigin,3,0.000000,0.000026,0.000026,0.000167,1.135795
roulette wheel,80,1,1.859271,75,50,rastrigin,3,0.000004,0.000038,0.000030,0.000284,0.958160
roulette wheel,80,1,0.720123,75,50,rastrigin,3,0.000000,0.000027,0.000019,0.000118,0.883000
roulette wheel,70,1,1.290939,75,50,rastrigin,3,0.000000,0.000005,0.000004,0.000044,1.006605
roulette wheel,80,1,0.622346,75,50,rastrigin,3,0.000002,0.000030,0.000027,0.000073,0.937385
roulette wheel,90,1,0.500000,75,50,rastrigin,3,0.000000,0.000029,0.000025,0.000509,1.118345
roulette wheel,70,1,1.493759,75,50,rastrigin,3,0.000000,0.000004,0.000005,0.000112,1.019975
roulette wheel,80,1,1.388651,75,50,rastrigin,3,0.000000,0.000004,0.000007,0.000065,1.258665
roulette wheel,90,1,0.578555,75,50,rastrigin,3,0.000000,0.000024,0.000026,0.000768,1.091850
roulette wheel,80,1,0.537845,75,50,rastrigin,3,0.000000,0.000035,0.000035,0.000937,1.200355
roulette wheel,70,1,2.000000,75,50,rastrigin,3,0.000010,0.000102,0.000056,0.000362,1.012495
roulette wheel,80,1,0.833262,75,50,rastrigin,3,0.000000,0.000016,0.000012,0.000591,1.098580
roulette wheel,70,1,1.728444,75,50,rastrigin,3,0.000000,0.000024,0.000029,0.000221,1.144530
roulette wheel,70,1,0.720123,75,50,rastrigin,3,0.000002,0.000025,0.000020,0.000109,1.721165
roulette wheel,90,1,0.669452,75,50,rastrigin,3,0.000000,0.000028,0.000032,0.000243,1.266435
roulette wheel,90,1,0.896332,75,50,rastrigin,3,0.000000,0.000011,0.000014,0.000062,1.069005
roulette wheel,90,1,1.037155,75,50,rastrigin,3,0.000000,0.000004,0.000005,0.000005,1.011750
roulette wheel,90,1,0.774630,75,50,rastrigin,3,0.000002,0.000032,0.000026,0.000511,1.095045
roulette wheel,90,1,1.200103,75,50,rastrigin,3,0.000000,0.000007,0.000007,0.000150,1.015970
roulette wheel,80,1,1.728444,75,50,rastrigin,3,0.000000,0.000022,0.000024,0.000130,1.119460
roulette wheel,80,1,1.115658,75,50,rastrigin,3,0.000000,0.000003,0.000002,0.000027,1.098355
roulette wheel,80,1,1.290939,75,50,rastrigin,3,0.000000,0.000003,0.000004,0.000019,0.876760
roulette wheel,100,1,0.774630,75,50,rastrigin,3,0.000004,0.000062,0.000056,0.000084,0.969560
roulette wheel,100,1,0.500000,75,50,rastrigin,3,0.000004,0.000094,0.000071,0.000489,0.876525
roulette wheel,90,1,1.606822,75,50,rastrigin,3,0.000000,0.000013,0.000020,0.000093,0.929415
roulette wheel,100,1,0.578555,75,50,rastrigin,3,0.000000,0.000032,0.000028,0.001090,0.933185
roulette wheel,90,1,1.388651,75,50,rastrigin,3,0.000000,0.000006,0.000008,0.000013,0.889990
roulette wheel,80,1,2.000000,75,50,rastrigin,3,0.000008,0.000063,0.000078,0.000385,0.959690
roulette wheel,90,1,1.859271,75,50,rastrigin,3,0.000000,0.000054,0.000067,0.000189,1.032140
roulette wheel,100,1,0.669452,75,50,rastrigin,3,0.000000,0.000058,0.000044,0.000243,0.978010
roulette wheel,80,1,0.964176,75,50,rastrigin,3,0.000000,0.000023,0.000026,0.000113,1.042825
roulette wheel,100,1,0.896332,75,50,rastrigin,3,0.000000,0.000045,0.000059,0.000268,0.912685
roulette wheel,100,1,1.037155,75,50,rastrigin,3,0.000000,0.000003,0.000003,0.000031,0.985770
roulette wheel,100,1,1.200103,75,50,rastrigin,3,0.000000,0.000002,0.000002,0.000008,0.964425
roulette wheel,100,1,1.388651,75,50,rastrigin,3,0.000000,0.000007,0.000009,0.000023,0.998675
roulette wheel,90,1,0.537845,75,50,rastrigin,3,0.000000,0.000026,0.000021,0.000266,0.977905
roulette wheel,90,1,0.622346,75,50,rastrigin,3,0.000000,0.000018,0.000022,0.000043,0.982685
roulette wheel,80,1,1.493759,75,50,rastrigin,3,0.000002,0.000016,0.000016,0.000030,1.022310
roulette wheel,100,1,1.606822,75,50,rastrigin,3,0.000004,0.000027,0.000034,0.000041,1.052105
roulette wheel,100,1,1.859271,75,50,rastrigin,3,0.000000,0.000085,0.000089,0.000240,0.962925
roulette wheel,110,1,0.774630,75,50,rastrigin,3,0.000000,0.000026,0.000017,0.000107,0.887680
roulette wheel,110,1,0.500000,75,50,rastrigin,3,0.000000,0.000036,0.000031,0.000238,0.933345
roulette wheel,110,1,0.578555,75,50,rastrigin,3,0.000000,0.000018,0.000010,0.000161,0.968595
roulette wheel,110,1,0.669452,75,50,rastrigin,3,0.000004,0.000040,0.000039,0.000216,0.961340
roulette wheel,90,1,0.720123,75,50,rastrigin,3,0.000000,0.000033,0.000026,0.000072,0.986500
roulette wheel,90,1,1.115658,75,50,rastrigin,3,0.000000,0.000002,0.000002,0.000004,0.913040
roulette wheel,90,1,0.964176,75,50,rastrigin,3,0.000000,0.000005,0.000006,0.000043,0.929340
roulette wheel,90,1,0.833262,75,50,rastrigin,3,0.000002,0.000028,0.000022,0.000339,0.948390
roulette wheel,110,1,0.896332,75,50,rastrigin,3,0.000000,0.000060,0.000065,0.000155,0.893245
roulette wheel,90,1,1.290939,75,50,rastrigin,3,0.000000,0.000005,0.000008,0.000006,1.000975
roulette wheel,110,1,1.037155,75,50,rastrigin,3,0.000000,0.000001,0.000002,0.000009,0.964550
roulette wheel,110,1,1.200103,75,50,rastrigin,3,0.000000,0.000002,0.000002,0.000004,1.032575
roulette wheel,100,1,0.833262,75,50,rastrigin,3,0.000000,0.000018,0.000017,0.000092,1.005030
roulette wheel,90,1,1.728444,75,50,rastrigin,3,0.000000,0.000009,0.000010,0.000154,0.924230
roulette wheel,100,1,0.537845,75,50,rastrigin,3,0.000000,0.000021,0.000017,0.000164,1.136065
roulette wheel,110,1,1.388651,75,50,rastrigin,3,0.000000,0.000009,0.000010,0.000048,0.941670
roulette wheel,100,1,0.720123,75,50,rastrigin,3,0.000002,0.000016,0.000015,0.000028,0.874585
roulette wheel,100,1,0.622346,75,50,rastrigin,3,0.000000,0.000013,0.000008,0.000042,0.982340
roulette wheel,90,1,1.493759,75,50,rastrigin,3,0.000000,0.000008,0.000010,0.000131,0.998820
roulette wheel,90,1,2.000000,75,50,rastrigin,3,0.000004,0.000046,0.000049,0.000314,1.040985
roulette wheel,100,1,0.964176,75,50,rastrigin,3,0.000000,0.000008,0.000011,0.000021,0.963250
roulette wheel,110,1,1.606822,75,50,rastrigin,3,0.000000,0.000021,0.000019,0.000087,1.014285
roulette wheel,100,1,1.115658,75,50,rastrigin,3,0.000000,0.000002,0.000004,0.000011,0.993405
roulette wheel,100,1,1.290939,75,50,rastrigin,3,0.000000,0.000004,0.000003,0.000028,0.964900
roulette wheel,100,1,1.493759,75,50,rastrigin,3,0.000000,0.000007,0.000008,0.000029,0.965230
roulette wheel,110,1,1.859271,75,50,rastrigin,3,0.000002,0.000052,0.000065,0.000307,0.958270
roulette wheel,120,1,0.500000,75,50,rastrigin,3,0.000004,0.000035,0.000028,0.000113,0.978705
roulette wheel,100,1,1.728444,75,50,rastrigin,3,0.000000,0.000017,0.000022,0.000771,0.905565
roulette wheel,120,1,0.578555,75,50,rastrigin,3,0.000000,0.000031,0.000037,0.000291,0.979360
roulette wheel,110,1,0.537845,75,50,rastrigin,3,0.000000,0.000029,0.000021,0.000103,0.918305
roulette wheel,110,1,0.833262,75,50,rastrigin,3,0.000006,0.000076,0.000042,0.000250,1.035300
roulette wheel,110,1,1.115658,75,50,rastrigin,3,0.000000,0.000002,0.000001,0.000008,1.084170
roulette wheel,110,1,0.622346,75,50,rastrigin,3,0.000000,0.000026,0.000031,0.000314,1.078090
roulette wheel,120,1,1.859271,75,50,rastrigin,3,0.000002,0.000046,0.000053,0.000326,1.067915
roulette wheel,120,1,0.774630,75,50,rastrigin,3,0.000000,0.000038,0.000042,0.000098,0.958875
roulette wheel,120,1,0.896332,75,50,rastrigin,3,0.000000,0.000022,0.000023,0.000602,0.999845
roulette wheel,120,1,0.669452,75,50,rastrigin,3,0.000000,0.000039,0.000044,0.000976,1.067445
roulette wheel,120,1,1.037155,75,50,rastrigin,3,0.000000,0.000002,0.000004,0.000019,1.067085
roulette wheel,110,1,1.290939,75,50,rastrigin,3,0.000000,0.000002,0.000002,0.000009,1.037115
roulette wheel,120,1,1.388651,75,50,rastrigin,3,0.000000,0.000008,0.000010,0.000016,1.021360
roulette wheel,120,1,1.200103,75,50,rastrigin,3,0.000000,0.000004,0.000005,0.000048,1.124485
roulette wheel,110,1,1.493759,75,50,rastrigin,3,0.000000,0.000008,0.000004,0.000093,1.043640
roulette wheel,110,1,0.720123,75,50,rastrigin,3,0.000000,0.000045,0.000053,0.000111,1.060300
roulette wheel,130,1,1.200103,75,50,rastrigin,3,0.000000,0.000002,0.000004,0.000012,1.191875
roulette wheel,110,1,0.964176,75,50,rastrigin,3,0.000000,0.000007,0.000005,0.000073,1.360580
roulette wheel,100,1,2.000000,75,50,rastrigin,3,0.000002,0.000100,0.000090,0.000779,1.216965
roulette wheel,130,1,0.578555,75,50,rastrigin,3,0.000000,0.000027,0.000029,0.000070,1.025670
roulette wheel,130,1,0.500000,75,50,rastrigin,3,0.000002,0.000044,0.000049,0.005505,1.255025
roulette wheel,130,1,0.774630,75,50,rastrigin,3,0.000000,0.000013,0.000009,0.000031,0.931595
roulette wheel,130,1,0.669452,75,50,rastrigin,3,0.000000,0.000011,0.000011,0.000051,1.012155
roulette wheel,130,1,0.896332,75,50,rastrigin,3,0.000000,0.000012,0.000011,0.000098,1.018005
roulette wheel,120,1,1.606822,75,50,rastrigin,3,0.000000,0.000018,0.000021,0.000121,0.890425
roulette wheel,110,1,1.728444,75,50,rastrigin,3,0.000006,0.000029,0.000034,0.000220,1.015590
roulette wheel,130,1,1.037155,75,50,rastrigin,3,0.000000,0.000005,0.000005,0.000057,0.986160
roulette wheel,130,1,1.388651,75,50,rastrigin,3,0.000000,0.000007,0.000007,0.000024,0.956245
roulette wheel,130,1,1.606822,75,50,rastrigin,3,0.000000,0.000013,0.000013,0.000034,0.894910
roulette wheel,110,1,2.000000,75,50,rastrigin,3,0.000000,0.000080,0.000075,0.000228,0.957595
roulette wheel,120,1,1.493759,75,50,rastrigin,3,0.000000,0.000005,0.000005,0.000013,1.032305
roulette wheel,140,1,0.500000,75,50,rastrigin,3,0.000002,0.000049,0.000066,0.004207,0.909565
roulette wheel,120,1,0.622346,75,50,rastrigin,3,0.000000,0.000026,0.000023,0.000198,0.979905
roulette wheel,130,1,1.859271,75,50,rastrigin,3,0.000000,0.000024,0.000014,0.000137,1.067600
roulette wheel,140,1,1.606822,75,50,rastrigin,3,0.000000,0.000038,0.000034,0.000114,1.013465
roulette wheel,140,1,0.669452,75,50,rastrigin,3,0.000000,0.000014,0.000013,0.000031,0.969810
roulette wheel,120,1,2.000000,75,50,rastrigin,3,0.000000,0.000060,0.000057,0.000729,0.884895
roulette wheel,120,1,0.833262,75,50,rastrigin,3,0.000000,0.000022,0.000021,0.000446,0.961025
roulette wheel,120,1,0.964176,75,50,rastrigin,3,0.000000,0.000010,0.000009,0.000026,0.980990
roulette wheel,140,1,0.896332,75,50,rastrigin,3,0.000000,0.000027,0.000019,0.000084,0.975025
roulette wheel,120,1,1.115658,75,50,rastrigin,3,0.000000,0.000002,0.000003,0.000005,0.960945
roulette wheel,140,1,1.037155,75,50,rastrigin,3,0.000000,0.000007,0.000006,0.000035,0.958615
roulette wheel,120,1,0.720123,75,50,rastrigin,3,0.000000,0.000021,0.000029,0.000160,1.027595
roulette wheel,140,1,0.774630,75,50,rastrigin,3,0.000000,0.000020,0.000023,0.000035,1.169955
roulette wheel,140,1,1.200103,75,50,rastrigin,3,0.000000,0.000002,0.000000,0.000034,0.926380
roulette wheel,120,1,1.290939,75,50,rastrigin,3,0.000000,0.000003,0.000005,0.000015,0.878545
roulette wheel,120,1,0.537845,75,50,rastrigin,3,0.000000,0.000022,0.000016,0.000075,0.956020
roulette wheel,140,1,1.388651,75,50,rastrigin,3,0.000000,0.000007,0.000005,0.000066,0.953850
roulette wheel,140,1,0.578555,75,50,rastrigin,3,0.000000,0.000040,0.000023,0.000248,0.961945
roulette wheel,130,1,1.290939,75,50,rastrigin,3,0.000000,0.000003,0.000002,0.000010,1.046075
roulette wheel,140,1,0.537845,75,50,rastrigin,3,0.000000,0.000018,0.000026,0.000030,1.077525
roulette wheel,150,1,0.500000,75,50,rastrigin,3,0.000004,0.000060,0.000042,0.000312,1.026315
roulette wheel,130,1,0.622346,75,50,rastrigin,3,0.000000,0.000067,0.000084,0.000624,0.972285
roulette wheel,130,1,0.537845,75,50,rastrigin,3,0.000000,0.000020,0.000017,0.000089,0.976270
roulette wheel,150,1,0.578555,75,50,rastrigin,3,0.000000,0.000025,0.000032,0.000090,1.117475
roulette wheel,130,1,0.833262,75,50,rastrigin,3,0.000002,0.000038,0.000034,0.000159,1.018285
roulette wheel,130,1,0.720123,75,50,rastrigin,3,0.000000,0.000037,0.000034,0.000137,0.949520
roulette wheel,130,1,0.964176,75,50,rastrigin,3,0.000000,0.000008,0.000008,0.000177,0.908375
roulette wheel,120,1,1.728444,75,50,rastrigin,3,0.000000,0.000010,0.000011,0.000023,0.893980
roulette wheel,150,1,0.669452,75,50,rastrigin,3,0.000000,0.000037,0.000057,0.000136,0.915240
roulette wheel,130,1,1.728444,75,50,rastrigin,3,0.000000,0.000028,0.000024,0.000174,0.940040
roulette wheel,130,1,1.115658,75,50,rastrigin,3,0.000000,0.000001,0.000001,0.000008,1.005385
roulette wheel,150,1,0.774630,75,50,rastrigin,3,0.000000,0.000039,0.000035,0.000064,0.997930
roulette wheel,130,1,1.493759,75,50,rastrigin,3,0.000000,0.000004,0.000005,0.000061,1.040935
roulette wheel,150,1,0.896332,75,50,rastrigin,3,0.000000,0.000017,0.000010,0.000135,0.963105
roulette wheel,140,1,1.859271,75,50,rastrigin,3,0.000004,0.000030,0.000039,0.000111,1.073830
roulette wheel,130,1,2.000000,75,50,rastrigin,3,0.000008,0.000078,0.000102,0.000339,0.947720
roulette wheel,140,1,0.622346,75,50,rastrigin,3,0.000000,0.000030,0.000018,0.000084,1.014665
roulette wheel,140,1,1.728444,75,50,rastrigin,3,0.000004,0.000020,0.000023,0.000157,0.957940
roulette wheel,140,1,0.720123,75,50,rastrigin,3,0.000000,0.000013,0.000010,0.000066,0.981710
roulette wheel,150,1,1.388651,75,50,rastrigin,3,0.000000,0.000007,0.000007,0.000048,0.884035
roulette wheel,150,1,1.200103,75,50,rastrigin,3,0.000000,0.000002,0.000003,0.000004,0.988860
roulette wheel,150,1,1.606822,75,50,rastrigin,3,0.000000,0.000020,0.000021,0.000049,0.887980
roulette wheel,140,1,0.964176,75,50,rastrigin,3,0.000000,0.000018,0.000011,0.000303,0.967300
roulette wheel,150,1,1.859271,75,50,rastrigin,3,0.000000,0.000100,0.000124,0.000431,0.995215
roulette wheel,140,1,1.115658,75,50,rastrigin,3,0.000000,0.000004,0.000004,0.000005,0.957935
roulette wheel,160,1,0.500000,75,50,rastrigin,3,0.000000,0.000032,0.000037,0.000340,0.951420
roulette wheel,140,1,0.833262,75,50,rastrigin,3,0.000000,0.000034,0.000028,0.000072,1.010960
roulette wheel,140,1,1.493759,75,50,rastrigin,3,0.000000,0.000010,0.000009,0.000069,0.912675
roulette wheel,160,1,0.669452,75,50,rastrigin,3,0.000000,0.000041,0.000042,0.000166,1.057865
roulette wheel,160,1,0.578555,75,50,rastrigin,3,0.000000,0.000013,0.000013,0.000196,1.159580
roulette wheel,160,1,0.774630,75,50,rastrigin,3,0.000002,0.000028,0.000034,0.000072,0.963085
roulette wheel,140,1,1.290939,75,50,rastrigin,3,0.000000,0.000004,0.000003,0.000053,1.196170
roulette wheel,150,1,0.537845,75,50,rastrigin,3,0.000000,0.000043,0.000045,0.001083,0.923945
roulette wheel,150,1,1.037155,75,50,rastrigin,3,0.000000,0.000002,0.000002,0.000008,1.186690
roulette wheel,160,1,0.896332,75,50,rastrigin,3,0.000000,0.000036,0.000035,0.000280,1.044665
roulette wheel,160,1,1.200103,75,50,rastrigin,3,0.000000,0.000002,0.000001,0.000015,0.953275
roulette wheel,150,1,0.622346,75,50,rastrigin,3,0.000000,0.000022,0.000023,0.000323,0.997780
roulette wheel,160,1,1.388651,75,50,rastrigin,3,0.000000,0.000011,0.000010,0.000089,1.013020
roulette wheel,160,1,1.037155,75,50,rastrigin,3,0.000000,0.000003,0.000003,0.000006,1.259775
roulette wheel,160,1,1.859271,75,50,rastrigin,3,0.000000,0.000037,0.000046,0.000165,1.049980
roulette wheel,150,1,1.290939,75,50,rastrigin,3,0.000000,0.000005,0.000006,0.000017,1.234435
roulette wheel,170,1,0.500000,75,50,rastrigin,3,0.000000,0.000123,0.000066,0.001316,1.142170
roulette wheel,170,1,0.578555,75,50,rastrigin,3,0.000000,0.000025,0.000026,0.000113,0.955645
roulette wheel,150,1,0.833262,75,50,rastrigin,3,0.000000,0.000038,0.000041,0.000135,0.962660
roulette wheel,170,1,0.669452,75,50,rastrigin,3,0.000000,0.000024,0.000026,0.000074,0.977755
roulette wheel,150,1,0.964176,75,50,rastrigin,3,0.000000,0.000023,0.000030,0.000085,0.969715
roulette wheel,170,1,0.774630,75,50,rastrigin,3,0.000000,0.000022,0.000024,0.000069,0.999640
roulette wheel,140,1,2.000000,75,50,rastrigin,3,0.000006,0.000064,0.000034,0.000279,0.952155
roulette wheel,170,1,0.896332,75,50,rastrigin,3,0.000000,0.000038,0.000034,0.000146,0.954100
roulette wheel,170,1,1.037155,75,50,rastrigin,3,0.000000,0.000006,0.000007,0.000029,1.042135
roulette wheel,150,1,0.720123,75,50,rastrigin,3,0.000000,0.000026,0.000028,0.000142,1.416955
roulette wheel,170,1,1.388651,75,50,rastrigin,3,0.000000,0.000002,0.000003,0.000019,1.029860
roulette wheel,160,1,1.606822,75,50,rastrigin,3,0.000002,0.000012,0.000010,0.000035,1.241595
roulette wheel,170,1,1.606822,75,50,rastrigin,3,0.000000,0.000013,0.000011,0.000068,0.973020
roulette wheel,150,1,2.000000,75,50,rastrigin,3,0.000004,0.000071,0.000086,0.000169,0.959695
roulette wheel,150,1,1.728444,75,50,rastrigin,3,0.000000,0.000069,0.000060,0.000186,1.588185
roulette wheel,180,1,1.388651,75,50,rastrigin,3,0.000000,0.000003,0.000004,0.000008,1.114805
roulette wheel,170,1,1.200103,75,50,rastrigin,3,0.000000,0.000003,0.000004,0.000010,1.987545
roulette wheel,160,1,0.537845,75,50,rastrigin,3,0.000000,0.000055,0.000050,0.000343,1.152120
roulette wheel,160,1,0.622346,75,50,rastrigin,3,0.000000,0.000021,0.000023,0.000267,0.904040
roulette wheel,180,1,0.578555,75,50,rastrigin,3,0.000002,0.000026,0.000031,0.000177,0.992795
roulette wheel,150,1,1.493759,75,50,rastrigin,3,0.000000,0.000010,0.000010,0.000016,2.078280
roulette wheel,160,1,0.720123,75,50,rastrigin,3,0.000000,0.000021,0.000022,0.000178,1.000405
roulette wheel,160,1,0.833262,75,50,rastrigin,3,0.000002,0.000028,0.000036,0.000078,0.984270
roulette wheel,180,1,0.669452,75,50,rastrigin,3,0.000000,0.000038,0.000051,0.001231,0.952205
roulette wheel,180,1,0.774630,75,50,rastrigin,3,0.000000,0.000036,0.000050,0.000071,0.950255
roulette wheel,180,1,0.500000,75,50,rastrigin,3,0.000000,0.000033,0.000030,0.000318,1.192875
roulette wheel,150,1,1.115658,75,50,rastrigin,3,0.000000,0.000003,0.000004,0.000004,0.996285
roulette wheel,160,1,1.290939,75,50,rastrigin,3,0.000000,0.000003,0.000004,0.000146,0.981755
roulette wheel,160,1,0.964176,75,50,rastrigin,3,0.000000,0.000011,0.000011,0.000121,1.107075
roulette wheel,160,1,1.493759,75,50,rastrigin,3,0.000000,0.000008,0.000009,0.000030,0.966845
roulette wheel,160,1,2.000000,75,50,rastrigin,3,0.000000,0.000103,0.000116,0.000410,0.899660
roulette wheel,170,1,0.537845,75,50,rastrigin,3,0.000000,0.000014,0.000017,0.000051,0.969025
roulette wheel,180,1,1.200103,75,50,rastrigin,3,0.000000,0.000003,0.000003,0.000015,0.974755
roulette wheel,180,1,0.896332,75,50,rastrigin,3,0.000004,0.000020,0.000024,0.000236,1.108275
roulette wheel,170,1,0.720123,75,50,rastrigin,3,0.000000,0.000022,0.000016,0.000169,0.972970
roulette wheel,180,1,1.037155,75,50,rastrigin,3,0.000000,0.000003,0.000003,0.000015,1.041645
roulette wheel,170,1,0.622346,75,50,rastrigin,3,0.000002,0.000020,0.000021,0.000049,1.021950
roulette wheel,170,1,1.859271,75,50,rastrigin,3,0.000006,0.000039,0.000040,0.000166,0.934365
roulette wheel,160,1,1.115658,75,50,rastrigin,3,0.000000,0.000003,0.000002,0.000008,1.192665
roulette wheel,170,1,0.833262,75,50,rastrigin,3,0.000000,0.000018,0.000013,0.000246,1.105880
roulette wheel,170,1,0.964176,75,50,rastrigin,3,0.000000,0.000010,0.000011,0.000043,0.959580
roulette wheel,180,1,1.606822,75,50,rastrigin,3,0.000000,0.000024,0.000017,0.000079,1.030170
roulette wheel,180,1,1.859271,75,50,rastrigin,3,0.000004,0.000032,0.000028,0.000194,1.016235
roulette wheel,170,1,1.493759,75,50,rastrigin,3,0.000000,0.000002,0.000002,0.000094,1.010090
roulette wheel,170,1,1.115658,75,50,rastrigin,3,0.000000,0.000001,0.000000,0.000003,1.089315
roulette wheel,160,1,1.728444,75,50,rastrigin,3,0.000008,0.000027,0.000025,0.000097,1.047320
roulette wheel,190,1,0.500000,75,50,rastrigin,3,0.000000,0.000024,0.000031,0.000081,1.021500
roulette wheel,170,1,1.728444,75,50,rastrigin,3,0.000000,0.000039,0.000038,0.000284,1.112485
roulette wheel,190,1,0.578555,75,50,rastrigin,3,0.000000,0.000026,0.000028,0.000114,1.054825
roulette wheel,180,1,1.493759,75,50,rastrigin,3,0.000000,0.000003,0.000004,0.000015,1.042625
roulette wheel,190,1,0.669452,75,50,rastrigin,3,0.000000,0.000019,0.000017,0.035832,1.023860
roulette wheel,170,1,1.290939,75,50,rastrigin,3,0.000000,0.000006,0.000006,0.000022,1.040260
roulette wheel,190,1,0.774630,75,50,rastrigin,3,0.000000,0.000045,0.000038,0.000214,1.033510
roulette wheel,180,1,0.622346,75,50,rastrigin,3,0.000002,0.000037,0.000034,0.000159,1.062880
roulette wheel,190,1,1.037155,75,50,rastrigin,3,0.000000,0.000005,0.000005,0.000012,1.000580
roulette wheel,180,1,1.728444,75,50,rastrigin,3,0.000000,0.000015,0.000013,0.000104,1.145610
roulette wheel,180,1,0.720123,75,50,rastrigin,3,0.000000,0.000027,0.000018,0.000167,0.892860
roulette wheel,180,1,0.833262,75,50,rastrigin,3,0.000000,0.000035,0.000017,0.000267,0.936730
roulette wheel,190,1,1.200103,75,50,rastrigin,3,0.000000,0.000002,0.000003,0.000006,1.048945
roulette wheel,180,1,0.537845,75,50,rastrigin,3,0.000000,0.000040,0.000034,0.000205,0.978530
roulette wheel,190,1,1.388651,75,50,rastrigin,3,0.000000,0.000016,0.000015,0.000033,0.942595
roulette wheel,190,1,1.859271,75,50,rastrigin,3,0.000002,0.000039,0.000035,0.000981,0.949570
roulette wheel,200,1,0.500000,75,50,rastrigin,3,0.000000,0.000055,0.000037,0.014759,0.954435
roulette wheel,190,1,1.606822,75,50,rastrigin,3,0.000000,0.000010,0.000011,0.000067,1.054995
roulette wheel,200,1,0.578555,75,50,rastrigin,3,0.000000,0.000033,0.000029,0.000143,0.987600
roulette wheel,200,1,0.669452,75,50,rastrigin,3,0.000000,0.000029,0.000031,0.000170,0.961380
roulette wheel,180,1,1.290939,75,50,rastrigin,3,0.000000,0.000005,0.000007,0.000016,1.054550
roulette wheel,180,1,0.964176,75,50,rastrigin,3,0.000000,0.000017,0.000025,0.000016,1.080240
roulette wheel,200,1,0.774630,75,50,rastrigin,3,0.000000,0.000028,0.000035,0.000208,1.034645
roulette wheel,170,1,2.000000,75,50,rastrigin,3,0.000004,0.000081,0.000049,0.001420,0.971175
roulette wheel,200,1,0.896332,75,50,rastrigin,3,0.000000,0.000030,0.000027,0.000096,1.058350
roulette wheel,200,1,1.200103,75,50,rastrigin,3,0.000000,0.000003,0.000003,0.000011,0.977650
roulette wheel,190,1,1.115658,75,50,rastrigin,3,0.000000,0.000002,0.000002,0.000011,1.342755
roulette wheel,190,1,0.896332,75,50,rastrigin,3,0.000000,0.000039,0.000032,0.000132,0.958390
roulette wheel,190,1,1.290939,75,50,rastrigin,3,0.000000,0.000003,0.000004,0.000014,1.088930
roulette wheel,200,1,1.606822,75,50,rastrigin,3,0.000000,0.000023,0.000029,0.000077,0.973570
roulette wheel,200,1,1.859271,75,50,rastrigin,3,0.000000,0.000037,0.000049,0.000232,1.100660
tournament 3,10,1,0.774630,75,50,rastrigin,3,0.004480,0.049780,0.062820,0.268499,1.060165
tournament 3,10,1,1.859271,75,50,rastrigin,3,0.011209,0.177932,0.299541,0.283653,1.664085
tournament 3,10,1,0.669452,75,50,rastrigin,3,0.006620,0.079636,0.091258,0.178499,1.078110
tournament 3,10,1,0.896332,75,50,rastrigin,3,0.001167,0.103802,0.117419,0.137071,0.973700
roulette wheel,180,1,2.000000,75,50,rastrigin,3,0.000004,0.000094,0.000093,0.000243,1.270340
tournament 3,10,1,0.578555,75,50,rastrigin,3,0.001892,0.070509,0.076943,0.154417,1.397545
tournament 3,10,1,1.037155,75,50,rastrigin,3,0.000107,0.057764,0.064274,0.135476,1.030090
roulette wheel,190,1,0.537845,75,50,rastrigin,3,0.000002,0.000032,0.000021,0.003508,1.048895
roulette wheel,190,1,0.622346,75,50,rastrigin,3,0.000000,0.000021,0.000023,0.000308,1.069145
tournament 3,10,1,0.500000,75,50,rastrigin,3,0.002356,0.055544,0.050835,0.113216,1.521850
tournament 3,10,1,1.200103,75,50,rastrigin,3,0.001299,0.052857,0.050849,0.148016,1.068605
roulette wheel,190,1,0.720123,75,50,rastrigin,3,0.000000,0.000051,0.000054,0.000180,1.005475
roulette wheel,190,1,0.833262,75,50,rastrigin,3,0.000000,0.000026,0.000030,0.000061,0.991500
roulette wheel,180,1,1.115658,75,50,rastrigin,3,0.000000,0.000002,0.000004,0.000010,0.963185
tournament 3,10,1,1.606822,75,50,rastrigin,3,0.009819,0.124587,0.139451,0.285084,0.999260
tournament 3,10,1,1.388651,75,50,rastrigin,3,0.000998,0.044596,0.052173,0.206240,1.065275
roulette wheel,200,1,1.037155,75,50,rastrigin,3,0.000000,0.000003,0.000003,0.000010,0.971650
tournament 3,20,1,0.578555,75,50,rastrigin,3,0.000029,0.000900,0.000623,0.004307,0.973990
tournament 3,20,1,0.500000,75,50,rastrigin,3,0.000311,0.003207,0.003082,0.021215,1.065565
roulette wheel,200,1,1.388651,75,50,rastrigin,3,0.000000,0.000005,0.000004,0.000011,0.967295
tournament 3,20,1,0.669452,75,50,rastrigin,3,0.000061,0.001458,0.001915,0.008686,0.943565
roulette wheel,190,1,2.000000,75,50,rastrigin,3,0.000017,0.000069,0.000065,0.000241,0.920950
roulette wheel,200,1,0.537845,75,50,rastrigin,3,0.000000,0.000050,0.000024,0.000646,0.963305
roulette wheel,200,1,0.622346,75,50,rastrigin,3,0.000000,0.000092,0.000082,0.002824,0.932905
roulette wheel,190,1,1.728444,75,50,rastrigin,3,0.000000,0.000033,0.000031,0.000143,0.954245
roulette wheel,190,1,1.493759,75,50,rastrigin,3,0.000000,0.000011,0.000011,0.000021,1.116530
roulette wheel,200,1,0.720123,75,50,rastrigin,3,0.000000,0.000024,0.000019,0.000759,1.033175
tournament 3,10,1,1.290939,75,50,rastrigin,3,0.005333,0.061238,0.081737,0.146880,1.064235
tournament 3,20,1,0.774630,75,50,rastrigin,3,0.000193,0.001845,0.002467,0.007700,0.917135
roulette wheel,200,1,0.964176,75,50,rastrigin,3,0.000000,0.000007,0.000005,0.000107,0.879595
tournament 3,20,1,1.037155,75,50,rastrigin,3,0.000000,0.000034,0.000031,0.000201,0.945555
tournament 3,20,1,1.200103,75,50,rastrigin,3,0.000000,0.000035,0.000026,0.000103,0.943680
roulette wheel,200,1,0.833262,75,50,rastrigin,3,0.000000,0.000017,0.000010,0.000167,1.009955
tournament 3,20,1,1.388651,75,50,rastrigin,3,0.000004,0.000129,0.000149,0.000762,0.963005
tournament 3,10,1,1.728444,75,50,rastrigin,3,0.012774,0.199213,0.209108,0.284576,1.023115
roulette wheel,190,1,0.964176,75,50,rastrigin,3,0.000002,0.000013,0.000012,0.000054,1.013565
roulette wheel,200,1,1.728444,75,50,rastrigin,3,0.000000,0.000032,0.000026,0.000173,1.047495
tournament 3,30,1,1.606822,75,50,rastrigin,3,0.000000,0.000025,0.000028,0.000075,0.852555
tournament 3,20,1,0.537845,75,50,rastrigin,3,0.000006,0.000670,0.000608,0.006387,1.022735
tournament 3,10,1,2.000000,75,50,rastrigin,3,0.049618,0.412365,0.465748,0.457594,0.875505
roulette wheel,200,1,2.000000,75,50,rastrigin,3,0.000000,0.000069,0.000063,0.000216,0.979270
tournament 3,10,1,0.833262,75,50,rastrigin,3,0.008478,0.133381,0.169332,0.230763,1.011135
tournament 3,10,1,0.964176,75,50,rastrigin,3,0.001699,0.046190,0.059790,0.091054,0.864815
tournament 3,10,1,0.720123,75,50,rastrigin,3,0.010633,0.054702,0.038836,0.212415,1.003610
tournament 3,30,1,0.500000,75,50,rastrigin,3,0.000013,0.000679,0.001053,0.001650,1.227970
tournament 3,20,1,1.859271,75,50,rastrigin,3,0.000004,0.002989,0.001926,0.007080,1.302810
tournament 3,30,1,0.669452,75,50,rastrigin,3,0.000004,0.000078,0.000086,0.001311,0.851365
tournament 3,10,1,0.622346,75,50,rastrigin,3,0.009863,0.063274,0.081747,0.156379,0.890325
tournament 3,10,1,1.115658,75,50,rastrigin,3,0.003990,0.040979,0.047401,0.181005,1.019590
tournament 3,20,1,1.115658,75,50,rastrigin,3,0.000000,0.000026,0.000034,0.000105,1.001260
tournament 3,30,1,0.896332,75,50,rastrigin,3,0.000002,0.000270,0.000333,0.000403,0.960530
tournament 3,30,1,1.200103,75,50,rastrigin,3,0.000000,0.000002,0.000002,0.000008,0.832685
tournament 3,20,1,0.896332,75,50,rastrigin,3,0.000038,0.001055,0.000713,0.006317,0.949235
tournament 3,30,1,1.388651,75,50,rastrigin,3,0.000000,0.000005,0.000005,0.000014,0.810820
tournament 3,40,1,1.388651,75,50,rastrigin,3,0.000000,0.000005,0.000004,0.000031,1.077875
tournament 3,30,1,1.037155,75,50,rastrigin,3,0.000000,0.000005,0.000007,0.000014,1.018355
tournament 3,20,1,0.622346,75,50,rastrigin,3,0.000013,0.002464,0.001696,0.018003,0.808205
roulette wheel,200,1,1.290939,75,50,rastrigin,3,0.000000,0.000002,0.000002,0.000005,0.976040
tournament 3,10,1,1.493759,75,50,rastrigin,3,0.000145,0.108878,0.123307,0.163599,1.015105
roulette wheel,200,1,1.493759,75,50,rastrigin,3,0.000000,0.000002,0.000003,0.000055,0.913120
roulette wheel,200,1,1.115658,75,50,rastrigin,3,0.000000,0.000001,0.000002,0.000004,1.004030
tournament 3,20,1,0.720123,75,50,rastrigin,3,0.000023,0.000653,0.000882,0.002744,0.950300
tournament 3,40,1,0.500000,75,50,rastrigin,3,0.000011,0.000564,0.000348,0.005640,0.894420
tournament 3,20,1,1.606822,75,50,rastrigin,3,0.000000,0.000209,0.000190,0.010821,0.952145
tournament 3,30,1,0.578555,75,50,rastrigin,3,0.000004,0.000039,0.000030,0.000372,0.945030
tournament 3,30,1,1.859271,75,50,rastrigin,3,0.000002,0.000067,0.000072,0.000224,1.016000
tournament 3,30,1,0.720123,75,50,rastrigin,3,0.000000,0.000079,0.000069,0.000198,1.071360
tournament 3,40,1,0.896332,75,50,rastrigin,3,0.000002,0.000035,0.000029,0.000124,0.814795
tournament 3,40,1,1.037155,75,50,rastrigin,3,0.000000,0.000002,0.000004,0.000011,0.799710
tournament 3,40,1,0.774630,75,50,rastrigin,3,0.000002,0.000038,0.000029,0.000251,0.867695
tournament 3,30,1,0.774630,75,50,rastrigin,3,0.000006,0.000140,0.000168,0.000521,0.959680
tournament 3,60,1,0.669452,75,50,rastrigin,3,0.000002,0.000090,0.000090,0.000325,0.800665
tournament 3,20,1,0.833262,75,50,rastrigin,3,0.000023,0.001492,0.001086,0.086131,0.984610
tournament 3,40,1,1.200103,75,50,rastrigin,3,0.000000,0.000001,0.000000,0.000009,0.945315
tournament 3,10,1,0.537845,75,50,rastrigin,3,0.002026,0.081175,0.084448,0.153440,0.934010
tournament 3,20,1,1.290939,75,50,rastrigin,3,0.000004,0.000075,0.000065,0.000710,1.070885
tournament 3,60,1,1.037155,75,50,rastrigin,3,0.000000,0.000004,0.000004,0.000013,0.813695
tournament 3,20,1,1.493759,75,50,rastrigin,3,0.000008,0.000162,0.000187,0.000456,1.004175
tournament 3,60,1,0.500000,75,50,rastrigin,3,0.000000,0.000175,0.000141,0.004674,1.244220
tournament 3,40,1,1.859271,75,50,rastrigin,3,0.000004,0.000089,0.000093,0.000232,0.986170
tournament 3,30,1,1.728444,75,50,rastrigin,3,0.000002,0.000066,0.000070,0.000994,0.907280
tournament 3,50,1,0.669452,75,50,rastrigin,3,0.000008,0.000085,0.000055,0.001084,0.951080
tournament 3,60,1,1.200103,75,50,rastrigin,3,0.000000,0.000002,0.000004,0.000004,0.997260
tournament 3,50,1,0.774630,75,50,rastrigin,3,0.000004,0.000111,0.000082,0.000402,0.923690
tournament 3,50,1,1.037155,75,50,rastrigin,3,0.000000,0.000003,0.000004,0.000012,0.932150
tournament 3,40,1,1.115658,75,50,rastrigin,3,0.000000,0.000001,0.000000,0.000005,0.794440
tournament 3,50,1,1.200103,75,50,rastrigin,3,0.000000,0.000001,0.000001,0.000014,0.915740
tournament 3,40,1,0.964176,75,50,rastrigin,3,0.000000,0.000015,0.000016,0.000492,0.818685
tournament 3,50,1,0.896332,75,50,rastrigin,3,0.000000,0.000035,0.000025,0.000366,1.037950
tournament 3,50,1,1.859271,75,50,rastrigin,3,0.000004,0.000045,0.000041,0.000082,0.786330
tournament 3,30,1,0.537845,75,50,rastrigin,3,0.000011,0.000166,0.000117,0.000529,0.923815
tournament 3,30,1,0.833262,75,50,rastrigin,3,0.000010,0.000137,0.000166,0.000922,1.011855
tournament 3,40,1,0.578555,75,50,rastrigin,3,0.000000,0.000056,0.000076,0.000165,1.010960
tournament 3,70,1,0.500000,75,50,rastrigin,3,0.000000,0.000331,0.000348,0.008754,0.992375
tournament 3,40,1,0.669452,75,50,rastrigin,3,0.000000,0.000057,0.000061,0.001263,0.961900
tournament 3,30,1,0.964176,75,50,rastrigin,3,0.000000,0.000059,0.000028,0.000139,1.009845
tournament 3,30,1,1.290939,75,50,rastrigin,3,0.000000,0.000003,0.000004,0.000010,1.016190
tournament 3,30,1,1.493759,75,50,rastrigin,3,0.000000,0.000010,0.000013,0.000033,0.880090
tournament 3,70,1,0.774630,75,50,rastrigin,3,0.000000,0.000071,0.000066,0.000218,0.819620
tournament 3,40,1,1.493759,75,50,rastrigin,3,0.000000,0.000015,0.000018,0.000034,1.034595
tournament 3,40,1,1.606822,75,50,rastrigin,3,0.000000,0.000015,0.000015,0.000535,0.940415
tournament 3,60,1,0.774630,75,50,rastrigin,3,0.000000,0.000051,0.000064,0.000216,0.938610
tournament 3,50,1,0.500000,75,50,rastrigin,3,0.000004,0.000364,0.000346,0.001094,0.795805
tournament 3,20,1,0.964176,75,50,rastrigin,3,0.000002,0.000457,0.000263,0.001514,1.148830
tournament 3,20,1,1.728444,75,50,rastrigin,3,0.000008,0.000724,0.000582,0.002610,0.828995
tournament 3,60,1,0.896332,75,50,rastrigin,3,0.000000,0.000039,0.000042,0.000316,0.963075
tournament 3,40,1,0.537845,75,50,rastrigin,3,0.000000,0.000103,0.000111,0.000426,0.948680
tournament 3,50,1,0.578555,75,50,rastrigin,3,0.000000,0.000052,0.000030,0.000400,0.798585
tournament 3,30,1,0.622346,75,50,rastrigin,3,0.000008,0.000129,0.000109,0.000346,0.947595
tournament 3,50,1,1.290939,75,50,rastrigin,3,0.000000,0.000003,0.000004,0.000009,1.212075
tournament 3,30,1,2.000000,75,50,rastrigin,3,0.000002,0.000241,0.000179,0.000484,0.938910
tournament 3,60,1,1.606822,75,50,rastrigin,3,0.000000,0.000021,0.000018,0.000084,0.949650
tournament 3,40,1,0.833262,75,50,rastrigin,3,0.000000,0.000130,0.000116,0.000277,0.876040
tournament 3,60,1,0.720123,75,50,rastrigin,3,0.000004,0.000045,0.000034,0.000263,0.830780
tournament 3,70,1,1.388651,75,50,rastrigin,3,0.000000,0.000007,0.000008,0.000017,0.977380
tournament 3,50,1,1.606822,75,50,rastrigin,3,0.000000,0.000012,0.000010,0.000088,0.951180
tournament 3,70,1,0.669452,75,50,rastrigin,3,0.000000,0.000087,0.000084,0.001580,0.801415
tournament 3,60,1,1.859271,75,50,rastrigin,3,0.000000,0.000023,0.000024,0.000239,1.047130
tournament 3,60,1,1.115658,75,50,rastrigin,3,0.000000,0.000001,0.000002,0.000005,0.897400
tournament 3,20,1,2.000000,75,50,rastrigin,3,0.000200,0.002933,0.002351,0.009286,1.014095
tournament 3,70,1,0.578555,75,50,rastrigin,3,0.000004,0.000049,0.000053,0.001003,0.942655
tournament 3,60,1,0.578555,75,50,rastrigin,3,0.000002,0.000115,0.000090,0.000593,0.955645
tournament 3,40,1,2.000000,75,50,rastrigin,3,0.000006,0.000215,0.000231,0.000430,0.893710
tournament 3,60,1,0.537845,75,50,rastrigin,3,0.000004,0.000132,0.000122,0.002839,0.945490
tournament 3,80,1,0.578555,75,50,rastrigin,3,0.000000,0.000098,0.000083,0.000839,1.058115
tournament 3,60,1,0.964176,75,50,rastrigin,3,0.000000,0.000015,0.000013,0.000355,0.867805
tournament 3,60,1,1.290939,75,50,rastrigin,3,0.000000,0.000002,0.000003,0.000008,0.852305
tournament 3,50,1,0.720123,75,50,rastrigin,3,0.000002,0.000082,0.000093,0.000272,0.950010
tournament 3,60,1,1.388651,75,50,rastrigin,3,0.000000,0.000003,0.000003,0.000122,0.825835
tournament 3,80,1,1.859271,75,50,rastrigin,3,0.000000,0.000028,0.000031,0.000125,0.824990
tournament 3,70,1,1.037155,75,50,rastrigin,3,0.000000,0.000002,0.000002,0.000005,0.939690
tournament 3,70,1,1.200103,75,50,rastrigin,3,0.000000,0.000001,0.000002,0.000006,0.941435
tournament 3,70,1,1.493759,75,50,rastrigin,3,0.000000,0.000008,0.000007,0.000023,1.041450
tournament 3,50,1,1.388651,75,50,rastrigin,3,0.000000,0.000003,0.000003,0.000015,0.810345
tournament 3,80,1,0.500000,75,50,rastrigin,3,0.000010,0.000543,0.000538,0.002310,0.799215
tournament 3,70,1,1.606822,75,50,rastrigin,3,0.000000,0.000011,0.000012,0.000060,0.826315
tournament 3,40,1,0.622346,75,50,rastrigin,3,0.000002,0.000096,0.000115,0.000338,0.954440
tournament 3,50,1,0.833262,75,50,rastrigin,3,0.000000,0.000047,0.000050,0.000100,1.399540
tournament 3,70,1,0.537845,75,50,rastrigin,3,0.000000,0.000111,0.000074,0.001977,0.945665
tournament 3,70,1,1.859271,75,50,rastrigin,3,0.000002,0.000017,0.000014,0.000027,0.891385
tournament 3,40,1,0.720123,75,50,rastrigin,3,0.000004,0.000058,0.000061,0.000448,0.971800
tournament 3,50,1,1.115658,75,50,rastrigin,3,0.000000,0.000001,0.000000,0.000004,1.515565
tournament 3,40,1,1.290939,75,50,rastrigin,3,0.000000,0.000003,0.000004,0.000014,0.951725
tournament 3,50,1,0.537845,75,50,rastrigin,3,0.000011,0.000220,0.000194,0.001018,0.892405
tournament 3,80,1,1.388651,75,50,rastrigin,3,0.000000,0.000003,0.000004,0.000091,1.521360
tournament 3,90,1,1.037155,75,50,rastrigin,3,0.000000,0.000002,0.000001,0.000017,0.947955
tournament 3,90,1,0.774630,75,50,rastrigin,3,0.000002,0.000079,0.000042,0.000381,1.044445
tournament 3,80,1,0.774630,75,50,rastrigin,3,0.000000,0.000035,0.000044,0.000097,0.837220
tournament 3,60,1,0.833262,75,50,rastrigin,3,0.000004,0.000042,0.000051,0.000101,1.159420
tournament 3,80,1,0.669452,75,50,rastrigin,3,0.000000,0.000109,0.000140,0.000281,0.988765
tournament 3,80,1,0.896332,75,50,rastrigin,3,0.000000,0.000032,0.000037,0.000440,1.001340
tournament 3,80,1,2.000000,75,50,rastrigin,3,0.000002,0.000131,0.000107,0.001209,1.023905
tournament 3,70,1,0.896332,75,50,rastrigin,3,0.000002,0.000067,0.000041,0.000327,0.810705
tournament 3,80,1,1.606822,75,50,rastrigin,3,0.000000,0.000019,0.000017,0.000040,0.801325
tournament 3,50,1,2.000000,75,50,rastrigin,3,0.000000,0.000048,0.000049,0.000089,0.798145
tournament 3,80,1,1.200103,75,50,rastrigin,3,0.000000,0.000001,0.000000,0.000009,0.961100
tournament 3,60,1,1.728444,75,50,rastrigin,3,0.000000,0.000034,0.000041,0.000306,0.948155
tournament 3,60,1,1.493759,75,50,rastrigin,3,0.000000,0.000009,0.000010,0.000013,1.481520
tournament 3,50,1,0.964176,75,50,rastrigin,3,0.000000,0.000012,0.000012,0.000025,0.949685
tournament 3,90,1,0.500000,75,50,rastrigin,3,0.000000,0.000174,0.000127,0.004541,0.839440
tournament 3,50,1,1.728444,75,50,rastrigin,3,0.000002,0.000024,0.000024,0.000077,0.943845
tournament 3,70,1,0.720123,75,50,rastrigin,3,0.000002,0.000028,0.000034,0.000164,0.947575
tournament 3,60,1,2.000000,75,50,rastrigin,3,0.000000,0.000067,0.000103,0.000111,0.945345
tournament 3,90,1,0.578555,75,50,rastrigin,3,0.000011,0.000072,0.000049,0.000464,0.946060
tournament 3,70,1,0.833262,75,50,rastrigin,3,0.000000,0.000032,0.000038,0.000140,0.799870
tournament 3,70,1,0.622346,75,50,rastrigin,3,0.000002,0.000103,0.000110,0.002161,0.956895
tournament 3,60,1,0.622346,75,50,rastrigin,3,0.000008,0.000093,0.000100,0.000118,0.963025
tournament 3,70,1,1.115658,75,50,rastrigin,3,0.000000,0.000001,0.000000,0.000003,1.417020
tournament 3,40,1,1.728444,75,50,rastrigin,3,0.000002,0.000066,0.000060,0.000442,0.811055
tournament 3,90,1,0.896332,75,50,rastrigin,3,0.000000,0.000081,0.000068,0.000168,0.992190
tournament 3,70,1,0.964176,75,50,rastrigin,3,0.000000,0.000015,0.000019,0.000105,0.801265
tournament 3,90,1,1.200103,75,50,rastrigin,3,0.000000,0.000002,0.000003,0.000049,0.956085
tournament 3,80,1,1.728444,75,50,rastrigin,3,0.000002,0.000030,0.000020,0.000085,0.828590
tournament 3,100,1,1.388651,75,50,rastrigin,3,0.000000,0.000004,0.000006,0.000009,0.824250
tournament 3,50,1,1.493759,75,50,rastrigin,3,0.000000,0.000009,0.000007,0.000025,0.817355
tournament 3,90,1,1.388651,75,50,rastrigin,3,0.000000,0.000003,0.000004,0.000026,0.950495
tournament 3,90,1,1.859271,75,50,rastrigin,3,0.000004,0.000038,0.000035,0.000123,0.804735
tournament 3,70,1,1.728444,75,50,rastrigin,3,0.000000,0.000021,0.000029,0.000074,0.954885
tournament 3,100,1,0.669452,75,50,rastrigin,3,0.000000,0.000090,0.000087,0.000298,0.826800
tournament 3,100,1,0.896332,75,50,rastrigin,3,0.000002,0.000036,0.000041,0.000196,0.825005
tournament 3,100,1,1.037155,75,50,rastrigin,3,0.000000,0.000002,0.000004,0.000027,1.769025
tournament 3,80,1,0.964176,75,50,rastrigin,3,0.000000,0.000011,0.000008,0.000147,1.734400
tournament 3,100,1,0.578555,75,50,rastrigin,3,0.000000,0.000073,0.000070,0.000509,0.966790
tournament 3,100,1,0.774630,75,50,rastrigin,3,0.000000,0.000036,0.000025,0.000159,0.950045
tournament 3,80,1,0.833262,75,50,rastrigin,3,0.000000,0.000038,0.000040,0.000201,0.824420
tournament 3,80,1,1.493759,75,50,rastrigin,3,0.000000,0.000007,0.000007,0.000101,0.981460
tournament 3,50,1,0.622346,75,50,rastrigin,3,0.000000,0.000053,0.000060,0.000219,1.721820
tournament 3,90,1,1.115658,75,50,rastrigin,3,0.000000,0.000000,0.000000,0.000003,0.953475
tournament 3,100,1,1.200103,75,50,rastrigin,3,0.000000,0.000002,0.000001,0.000012,0.848310
tournament 3,90,1,0.833262,75,50,rastrigin,3,0.000002,0.000062,0.000072,0.000365,1.066305
tournament 3,110,1,0.578555,75,50,rastrigin,3,0.000002,0.000104,0.000128,0.000980,1.323320
tournament 3,110,1,0.500000,75,50,rastrigin,3,0.000004,0.000184,0.000120,0.000630,1.444060
tournament 3,100,1,1.493759,75,50,rastrigin,3,0.000000,0.000006,0.000005,0.000085,0.921150
tournament 3,110,1,1.037155,75,50,rastrigin,3,0.000000,0.000005,0.000006,0.000010,1.353915
tournament 3,90,1,0.964176,75,50,rastrigin,3,0.000000,0.000010,0.000010,0.000051,1.112620
tournament 3,80,1,0.622346,75,50,rastrigin,3,0.000008,0.000081,0.000079,0.000253,1.059950
tournament 3,80,1,1.290939,75,50,rastrigin,3,0.000000,0.000004,0.000004,0.000013,1.002665
tournament 3,90,1,1.290939,75,50,rastrigin,3,0.000000,0.000002,0.000002,0.000006,1.207820
tournament 3,100,1,0.720123,75,50,rastrigin,3,0.000000,0.000151,0.000151,0.002705,0.799700
tournament 3,80,1,0.537845,75,50,rastrigin,3,0.000000,0.000053,0.000051,0.000500,0.801425
tournament 3,90,1,0.622346,75,50,rastrigin,3,0.000000,0.000082,0.000128,0.000214,1.805150
tournament 3,90,1,0.669452,75,50,rastrigin,3,0.000000,0.000049,0.000063,0.000102,0.941915
tournament 3,90,1,1.606822,75,50,rastrigin,3,0.000000,0.000013,0.000011,0.000296,0.796675
tournament 3,100,1,1.859271,75,50,rastrigin,3,0.000002,0.000039,0.000044,0.000359,0.936360
tournament 3,90,1,0.537845,75,50,rastrigin,3,0.000004,0.000185,0.000159,0.000699,0.885800
tournament 3,100,1,0.622346,75,50,rastrigin,3,0.000006,0.000118,0.000093,0.000415,1.035315
tournament 3,100,1,0.500000,75,50,rastrigin,3,0.000000,0.000220,0.000148,0.002228,0.800075
tournament 3,110,1,0.896332,75,50,rastrigin,3,0.000004,0.000053,0.000059,0.000084,0.802545
tournament 3,90,1,1.493759,75,50,rastrigin,3,0.000000,0.000007,0.000009,0.000037,1.396005
tournament 3,70,1,2.000000,75,50,rastrigin,3,0.000010,0.000086,0.000096,0.000190,0.816370
tournament 3,110,1,0.774630,75,50,rastrigin,3,0.000002,0.000031,0.000038,0.000761,1.075485
tournament 3,110,1,1.200103,75,50,rastrigin,3,0.000000,0.000001,0.000002,0.000006,0.993485
tournament 3,110,1,1.606822,75,50,rastrigin,3,0.000000,0.000015,0.000016,0.000122,0.911100
tournament 3,120,1,0.500000,75,50,rastrigin,3,0.000019,0.000419,0.000480,0.002231,0.839435
tournament 3,110,1,1.388651,75,50,rastrigin,3,0.000000,0.000006,0.000008,0.000019,1.021635
tournament 3,110,1,1.859271,75,50,rastrigin,3,0.000000,0.000041,0.000049,0.000259,0.959750
tournament 3,90,1,2.000000,75,50,rastrigin,3,0.000004,0.000055,0.000049,0.001363,0.920920
tournament 3,80,1,0.720123,75,50,rastrigin,3,0.000002,0.000063,0.000073,0.000332,1.020565
tournament 3,30,1,1.115658,75,50,rastrigin,3,0.000000,0.000002,0.000004,0.000012,0.893235
tournament 3,80,1,1.037155,75,50,rastrigin,3,0.000000,0.000002,0.000002,0.000009,0.914240
tournament 3,120,1,0.669452,75,50,rastrigin,3,0.000002,0.000038,0.000041,0.000594,0.888385
tournament 3,100,1,0.964176,75,50,rastrigin,3,0.000000,0.000013,0.000015,0.000083,0.864785
tournament 3,130,1,0.896332,75,50,rastrigin,3,0.000000,0.000037,0.000044,0.000824,1.145405
tournament 3,70,1,1.290939,75,50,rastrigin,3,0.000000,0.000002,0.000003,0.000035,0.939120
tournament 3,120,1,0.774630,75,50,rastrigin,3,0.000006,0.000080,0.000039,0.000206,0.826510
tournament 3,120,1,0.896332,75,50,rastrigin,3,0.000000,0.000027,0.000029,0.000107,0.832215
tournament 3,110,1,0.669452,75,50,rastrigin,3,0.000000,0.000088,0.000088,0.000345,0.949205
tournament 3,120,1,1.200103,75,50,rastrigin,3,0.000000,0.000001,0.000002,0.000003,0.794905
tournament 3,100,1,0.833262,75,50,rastrigin,3,0.000000,0.000047,0.000062,0.000212,0.944485
tournament 3,100,1,1.290939,75,50,rastrigin,3,0.000000,0.000001,0.000001,0.000013,0.805865
tournament 3,100,1,1.606822,75,50,rastrigin,3,0.000000,0.000023,0.000020,0.000108,1.559450
tournament 3,120,1,1.037155,75,50,rastrigin,3,0.000000,0.000004,0.000004,0.000071,0.938475
tournament 3,110,1,0.537845,75,50,rastrigin,3,0.000000,0.000050,0.000059,0.000602,0.829115
tournament 3,120,1,1.388651,75,50,rastrigin,3,0.000000,0.000004,0.000006,0.000016,0.945780
tournament 3,120,1,1.606822,75,50,rastrigin,3,0.000000,0.000016,0.000012,0.000293,0.948335
tournament 3,110,1,0.622346,75,50,rastrigin,3,0.000000,0.000062,0.000067,0.000639,0.942470
tournament 3,120,1,1.859271,75,50,rastrigin,3,0.000000,0.000032,0.000030,0.000123,0.822490
tournament 3,120,1,0.578555,75,50,rastrigin,3,0.000002,0.000074,0.000095,0.000345,0.796225
tournament 3,100,1,1.115658,75,50,rastrigin,3,0.000000,0.000001,0.000000,0.000005,1.469045
tournament 3,110,1,1.115658,75,50,rastrigin,3,0.000000,0.000001,0.000000,0.000017,0.942210
tournament 3,130,1,0.500000,75,50,rastrigin,3,0.000008,0.000174,0.000175,0.000673,0.939505
tournament 3,130,1,0.669452,75,50,rastrigin,3,0.000002,0.000050,0.000046,0.000638,0.944140
tournament 3,130,1,1.037155,75,50,rastrigin,3,0.000000,0.000003,0.000002,0.000008,0.907260
tournament 3,130,1,0.774630,75,50,rastrigin,3,0.000006,0.000052,0.000048,0.000160,1.104910
tournament 3,130,1,0.578555,75,50,rastrigin,3,0.000000,0.000080,0.000123,0.000547,1.173225
tournament 3,140,1,1.606822,75,50,rastrigin,3,0.000000,0.000006,0.000004,0.000024,0.945925
tournament 3,90,1,1.728444,75,50,rastrigin,3,0.000000,0.000011,0.000011,0.000045,0.802185
tournament 3,120,1,0.833262,75,50,rastrigin,3,0.000002,0.000073,0.000100,0.004249,0.850280
tournament 3,130,1,1.388651,75,50,rastrigin,3,0.000000,0.000002,0.000002,0.000023,0.793785
tournament 3,140,1,0.500000,75,50,rastrigin,3,0.000004,0.000496,0.000678,0.001713,0.804255
tournament 3,100,1,1.728444,75,50,rastrigin,3,0.000000,0.000020,0.000021,0.000053,0.954850
tournament 3,150,1,0.578555,75,50,rastrigin,3,0.000008,0.000132,0.000113,0.000805,0.901890
tournament 3,130,1,1.606822,75,50,rastrigin,3,0.000000,0.000022,0.000012,0.000080,0.962900
tournament 3,130,1,1.859271,75,50,rastrigin,3,0.000004,0.000037,0.000038,0.000334,0.940615
tournament 3,120,1,2.000000,75,50,rastrigin,3,0.000000,0.000050,0.000061,0.000327,0.801760
tournament 3,120,1,1.728444,75,50,rastrigin,3,0.000000,0.000021,0.000018,0.000055,1.034565
tournament 3,110,1,0.833262,75,50,rastrigin,3,0.000000,0.000110,0.000062,0.001452,0.856860
tournament 3,110,1,1.728444,75,50,rastrigin,3,0.000000,0.000030,0.000026,0.000243,0.914565
tournament 3,110,1,1.290939,75,50,rastrigin,3,0.000000,0.000003,0.000003,0.000010,0.950155
tournament 3,150,1,0.500000,75,50,rastrigin,3,0.000008,0.000344,0.000510,0.000745,1.420040
tournament 3,140,1,0.774630,75,50,rastrigin,3,0.000000,0.000054,0.000067,0.000202,1.067665
tournament 3,120,1,0.537845,75,50,rastrigin,3,0.000011,0.000085,0.000082,0.000430,0.944925
tournament 3,110,1,2.000000,75,50,rastrigin,3,0.000000,0.000099,0.000075,0.000504,0.804095
tournament 3,140,1,0.896332,75,50,rastrigin,3,0.000000,0.000042,0.000032,0.000142,0.803410
tournament 3,110,1,1.493759,75,50,rastrigin,3,0.000000,0.000004,0.000005,0.000019,0.947985
tournament 3,140,1,1.388651,75,50,rastrigin,3,0.000000,0.000005,0.000008,0.000010,0.806345
tournament 3,140,1,1.037155,75,50,rastrigin,3,0.000000,0.000002,0.000003,0.000007,0.951075
tournament 3,130,1,0.964176,75,50,rastrigin,3,0.000000,0.000008,0.000008,0.000028,0.800955
tournament 3,140,1,1.200103,75,50,rastrigin,3,0.000000,0.000001,0.000000,0.000004,0.941870
tournament 3,120,1,0.720123,75,50,rastrigin,3,0.000000,0.000031,0.000034,0.000058,0.911470
tournament 3,80,1,1.115658,75,50,rastrigin,3,0.000000,0.000001,0.000000,0.000004,0.944595
tournament 3,120,1,0.964176,75,50,rastrigin,3,0.000004,0.000019,0.000020,0.000062,0.897265
tournament 3,120,1,1.290939,75,50,rastrigin,3,0.000000,0.000003,0.000003,0.000008,0.819080
tournament 3,100,1,0.537845,75,50,rastrigin,3,0.000008,0.000051,0.000060,0.000328,0.803235
tournament 3,130,1,1.728444,75,50,rastrigin,3,0.000000,0.000024,0.000027,0.000107,1.031040
tournament 3,100,1,2.000000,75,50,rastrigin,3,0.000000,0.000030,0.000029,0.000062,0.943715
tournament 3,130,1,1.200103,75,50,rastrigin,3,0.000000,0.000000,0.000000,0.000065,1.200890
tournament 3,160,1,0.578555,75,50,rastrigin,3,0.000000,0.000115,0.000103,0.000437,0.894170
tournament 3,140,1,0.578555,75,50,rastrigin,3,0.000006,0.000104,0.000097,0.000653,0.796480
tournament 3,140,1,0.669452,75,50,rastrigin,3,0.000002,0.000081,0.000071,0.000276,0.832400
tournament 3,120,1,1.493759,75,50,rastrigin,3,0.000000,0.000010,0.000012,0.000067,0.941950
tournament 3,160,1,1.200103,75,50,rastrigin,3,0.000000,0.000001,0.000000,0.000018,0.796240
tournament 3,150,1,0.669452,75,50,rastrigin,3,0.000004,0.000097,0.000055,0.000423,0.943665
tournament 3,130,1,1.115658,75,50,rastrigin,3,0.000000,0.000002,0.000002,0.000009,0.815615
tournament 3,130,1,0.537845,75,50,rastrigin,3,0.000000,0.000073,0.000085,0.000892,0.942130
tournament 3,150,1,0.774630,75,50,rastrigin,3,0.000000,0.000056,0.000038,0.000166,0.964075
tournament 3,150,1,0.896332,75,50,rastrigin,3,0.000000,0.000051,0.000059,0.000107,0.968570
tournament 3,140,1,0.833262,75,50,rastrigin,3,0.000000,0.000056,0.000065,0.000153,1.321180
tournament 3,140,1,1.728444,75,50,rastrigin,3,0.000002,0.000021,0.000025,0.000073,0.937030
tournament 3,130,1,0.622346,75,50,rastrigin,3,0.000002,0.000049,0.000062,0.000918,0.943450
tournament 3,170,1,0.578555,75,50,rastrigin,3,0.000004,0.000045,0.000032,0.000389,0.806500
tournament 3,140,1,1.290939,75,50,rastrigin,3,0.000000,0.000003,0.000003,0.000069,1.128280
tournament 3,170,1,0.500000,75,50,rastrigin,3,0.000051,0.000544,0.000656,0.002928,0.917635
tournament 3,140,1,0.537845,75,50,rastrigin,3,0.000006,0.000067,0.000088,0.000693,0.792355
tournament 3,150,1,1.037155,75,50,rastrigin,3,0.000000,0.000004,0.000004,0.000017,1.027965
tournament 3,150,1,1.859271,75,50,rastrigin,3,0.000000,0.000037,0.000027,0.003203,1.803760
tournament 3,160,1,1.037155,75,50,rastrigin,3,0.000000,0.000003,0.000003,0.000040,1.444015
tournament 3,140,1,0.622346,75,50,rastrigin,3,0.000008,0.000091,0.000108,0.000306,0.798635
tournament 3,150,1,1.606822,75,50,rastrigin,3,0.000000,0.000018,0.000016,0.000054,1.991930
tournament 3,140,1,0.720123,75,50,rastrigin,3,0.000000,0.000102,0.000074,0.000311,0.796685
tournament 3,150,1,1.388651,75,50,rastrigin,3,0.000000,0.000006,0.000005,0.000019,0.946385
tournament 3,150,1,0.622346,75,50,rastrigin,3,0.000000,0.000104,0.000129,0.000245,0.967650
tournament 3,130,1,2.000000,75,50,rastrigin,3,0.000000,0.000093,0.000124,0.000319,0.939935
tournament 3,150,1,0.537845,75,50,rastrigin,3,0.000000,0.000110,0.000092,0.000508,0.807840
tournament 3,90,1,0.720123,75,50,rastrigin,3,0.000000,0.000079,0.000102,0.000178,0.945810
tournament 3,110,1,0.964176,75,50,rastrigin,3,0.000000,0.000010,0.000011,0.000063,0.796505
tournament 3,160,1,0.896332,75,50,rastrigin,3,0.000004,0.000074,0.000034,0.000285,0.823735
tournament 3,160,1,0.669452,75,50,rastrigin,3,0.000002,0.000093,0.000124,0.000410,1.055675
tournament 3,140,1,1.493759,75,50,rastrigin,3,0.000000,0.000008,0.000011,0.000027,0.810500
tournament 3,160,1,1.859271,75,50,rastrigin,3,0.000000,0.000039,0.000044,0.000128,0.818140
tournament 3,150,1,1.200103,75,50,rastrigin,3,0.000000,0.000002,0.000002,0.000002,0.851575
tournament 3,160,1,1.388651,75,50,rastrigin,3,0.000000,0.000003,0.000004,0.000036,0.897020
tournament 3,120,1,0.622346,75,50,rastrigin,3,0.000002,0.000066,0.000069,0.000325,0.954580
tournament 3,140,1,1.115658,75,50,rastrigin,3,0.000000,0.000000,0.000000,0.000003,0.959960
tournament 3,130,1,0.720123,75,50,rastrigin,3,0.000002,0.000069,0.000073,0.000528,0.954720
tournament 3,130,1,0.833262,75,50,rastrigin,3,0.000008,0.000108,0.000101,0.000302,0.954175
tournament 3,160,1,1.606822,75,50,rastrigin,3,0.000000,0.000013,0.000012,0.000029,0.970505
tournament 3,160,1,0.622346,75,50,rastrigin,3,0.000004,0.000208,0.000102,0.001598,0.877125
tournament 3,160,1,0.774630,75,50,rastrigin,3,0.000006,0.000051,0.000052,0.000317,1.737390
tournament 3,170,1,0.669452,75,50,rastrigin,3,0.000000,0.000064,0.000091,0.000275,0.974155
tournament 3,170,1,1.037155,75,50,rastrigin,3,0.000000,0.000001,0.000000,0.000009,0.808710
tournament 3,180,1,1.606822,75,50,rastrigin,3,0.000000,0.000009,0.000010,0.000026,0.828445
tournament 3,160,1,0.964176,75,50,rastrigin,3,0.000000,0.000015,0.000015,0.000071,0.830965
tournament 3,160,1,1.290939,75,50,rastrigin,3,0.000000,0.000003,0.000004,0.000012,1.891420
tournament 3,160,1,0.500000,75,50,rastrigin,3,0.000004,0.000191,0.000128,0.001677,1.948515
tournament 3,170,1,0.896332,75,50,rastrigin,3,0.000000,0.000040,0.000044,0.000209,1.141070
tournament 3,150,1,0.720123,75,50,rastrigin,3,0.000002,0.000091,0.000051,0.000469,0.995315
tournament 3,170,1,0.774630,75,50,rastrigin,3,0.000002,0.000065,0.000041,0.000848,1.378920
tournament 3,170,1,1.388651,75,50,rastrigin,3,0.000000,0.000005,0.000004,0.000044,1.775580
tournament 3,150,1,0.833262,75,50,rastrigin,3,0.000004,0.000118,0.000131,0.000478,0.940925
tournament 3,180,1,1.388651,75,50,rastrigin,3,0.000000,0.000003,0.000002,0.000031,1.326820
tournament 3,160,1,2.000000,75,50,rastrigin,3,0.000000,0.000040,0.000032,0.000444,0.794660
tournament 3,130,1,1.290939,75,50,rastrigin,3,0.000000,0.000005,0.000008,0.000012,1.550795
tournament 3,150,1,0.964176,75,50,rastrigin,3,0.000000,0.000024,0.000033,0.000066,0.965760
tournament 3,140,1,0.964176,75,50,rastrigin,3,0.000000,0.000021,0.000027,0.000090,0.861405
tournament 3,180,1,0.774630,75,50,rastrigin,3,0.000004,0.000058,0.000074,0.000182,1.737095
tournament 3,170,1,0.537845,75,50,rastrigin,3,0.000000,0.000066,0.000070,0.001857,0.794940
tournament 3,150,1,1.290939,75,50,rastrigin,3,0.000000,0.000002,0.000002,0.000003,0.964455
tournament 3,180,1,0.578555,75,50,rastrigin,3,0.000000,0.000076,0.000098,0.000151,0.791925
tournament 3,170,1,0.622346,75,50,rastrigin,3,0.000000,0.000127,0.000120,0.000948,0.942000
tournament 3,150,1,1.115658,75,50,rastrigin,3,0.000000,0.000002,0.000001,0.000009,0.804870
tournament 3,140,1,1.859271,75,50,rastrigin,3,0.000002,0.000061,0.000080,0.000162,0.938010
tournament 3,180,1,0.669452,75,50,rastrigin,3,0.000000,0.000057,0.000059,0.000252,0.797255
tournament 3,150,1,1.728444,75,50,rastrigin,3,0.000000,0.000037,0.000030,0.000125,0.810045
tournament 3,150,1,2.000000,75,50,rastrigin,3,0.000000,0.000063,0.000080,0.000131,0.944485
tournament 3,160,1,1.115658,75,50,rastrigin,3,0.000000,0.000001,0.000002,0.000007,0.944730
tournament 3,180,1,1.859271,75,50,rastrigin,3,0.000002,0.000029,0.000022,0.000343,0.792530
tournament 3,180,1,1.200103,75,50,rastrigin,3,0.000000,0.000004,0.000004,0.000008,0.819890
tournament 3,160,1,0.720123,75,50,rastrigin,3,0.000000,0.000060,0.000042,0.000824,1.384760
tournament 3,150,1,1.493759,75,50,rastrigin,3,0.000000,0.000010,0.000011,0.000088,0.942470
tournament 3,180,1,0.896332,75,50,rastrigin,3,0.000002,0.000035,0.000029,0.000408,0.936290
tournament 3,190,1,0.500000,75,50,rastrigin,3,0.000004,0.000253,0.000248,0.000601,0.813225
tournament 3,180,1,1.037155,75,50,rastrigin,3,0.000000,0.000002,0.000002,0.000012,0.957375
tournament 3,110,1,0.720123,75,50,rastrigin,3,0.000002,0.000051,0.000048,0.000274,0.943630
tournament 3,190,1,1.388651,75,50,rastrigin,3,0.000000,0.000002,0.000002,0.000031,1.008140
tournament 3,120,1,1.115658,75,50,rastrigin,3,0.000000,0.000001,0.000002,0.000009,0.937505
tournament 3,200,1,1.200103,75,50,rastrigin,3,0.000000,0.000001,0.000000,0.000014,0.793905
tournament 3,170,1,1.200103,75,50,rastrigin,3,0.000000,0.000002,0.000002,0.000015,0.943000
tournament 3,180,1,0.720123,75,50,rastrigin,3,0.000000,0.000050,0.000033,0.000306,0.804970
tournament 3,190,1,0.669452,75,50,rastrigin,3,0.000010,0.000090,0.000111,0.000298,0.944030
tournament 3,200,1,1.388651,75,50,rastrigin,3,0.000000,0.000006,0.000007,0.000013,0.814570
tournament 3,160,1,0.833262,75,50,rastrigin,3,0.000008,0.000086,0.000082,0.000463,0.811875
tournament 3,190,1,0.896332,75,50,rastrigin,3,0.000004,0.000063,0.000046,0.000230,0.875625
tournament 3,190,1,0.578555,75,50,rastrigin,3,0.000000,0.000084,0.000054,0.000303,1.048955
tournament 3,170,1,1.606822,75,50,rastrigin,3,0.000002,0.000012,0.000014,0.000034,1.357610
tournament 3,170,1,1.115658,75,50,rastrigin,3,0.000000,0.000001,0.000000,0.000002,0.926165
tournament 3,190,1,1.200103,75,50,rastrigin,3,0.000000,0.000001,0.000002,0.000006,0.904965
tournament 3,190,1,1.037155,75,50,rastrigin,3,0.000000,0.000003,0.000004,0.000008,0.947305
tournament 3,190,1,1.859271,75,50,rastrigin,3,0.000004,0.000033,0.000034,0.000061,1.610830
tournament 3,160,1,1.728444,75,50,rastrigin,3,0.000004,0.000019,0.000022,0.000053,1.058290
tournament 3,160,1,0.537845,75,50,rastrigin,3,0.000008,0.000258,0.000214,0.001254,0.946745
tournament 3,130,1,1.493759,75,50,rastrigin,3,0.000000,0.000012,0.000012,0.000069,0.805740
tournament 3,180,1,1.728444,75,50,rastrigin,3,0.000002,0.000022,0.000024,0.000080,1.200650
tournament 3,160,1,1.493759,75,50,rastrigin,3,0.000000,0.000004,0.000005,0.000006,0.805695
tournament 3,170,1,0.964176,75,50,rastrigin,3,0.000002,0.000018,0.000020,0.000122,0.945455
tournament 3,170,1,0.833262,75,50,rastrigin,3,0.000004,0.000069,0.000068,0.000262,0.944455
tournament 3,170,1,1.493759,75,50,rastrigin,3,0.000000,0.000009,0.000008,0.000046,0.940095
tournament 3,190,1,1.606822,75,50,rastrigin,3,0.000000,0.000021,0.000019,0.000178,0.935670
tournament 3,200,1,0.669452,75,50,rastrigin,3,0.000002,0.000142,0.000101,0.001344,0.800675
tournament 3,180,1,0.833262,75,50,rastrigin,3,0.000000,0.000047,0.000045,0.000088,0.798155
tournament 3,200,1,0.774630,75,50,rastrigin,3,0.000002,0.000047,0.000057,0.000872,0.797825
tournament 3,200,1,0.578555,75,50,rastrigin,3,0.000000,0.000064,0.000071,0.000232,0.944695
tournament 3,180,1,1.493759,75,50,rastrigin,3,0.000000,0.000003,0.000004,0.000018,1.110215
tournament 3,200,1,0.896332,75,50,rastrigin,3,0.000000,0.000035,0.000028,0.000089,0.845330
tournament 3,180,1,2.000000,75,50,rastrigin,3,0.000002,0.000063,0.000070,0.000244,0.799150
tournament 3,200,1,1.037155,75,50,rastrigin,3,0.000000,0.000001,0.000000,0.000004,0.948575
tournament 3,140,1,2.000000,75,50,rastrigin,3,0.000000,0.000106,0.000118,0.000386,0.937195
tournament 3,180,1,0.500000,75,50,rastrigin,3,0.000015,0.000198,0.000220,0.004213,0.934865
tournament 3,170,1,1.859271,75,50,rastrigin,3,0.000000,0.000039,0.000036,0.000071,0.935160
tournament 3,190,1,0.774630,75,50,rastrigin,3,0.000000,0.000062,0.000065,0.001432,0.935935
tournament 3,170,1,0.720123,75,50,rastrigin,3,0.000002,0.000067,0.000035,0.000395,0.953870
tournament 3,200,1,1.606822,75,50,rastrigin,3,0.000000,0.000010,0.000010,0.000057,2.387250
tournament 5,10,1,1.859271,75,50,rastrigin,3,0.010067,0.182461,0.151227,0.287532,1.002245
tournament 3,200,1,1.859271,75,50,rastrigin,3,0.000008,0.000074,0.000105,0.000399,0.938545
tournament 3,190,1,0.537845,75,50,rastrigin,3,0.000004,0.000093,0.000080,0.000288,0.837360
tournament 3,200,1,0.833262,75,50,rastrigin,3,0.000000,0.000027,0.000036,0.000688,0.796835
tournament 5,20,1,1.037155,75,50,rastrigin,3,0.000008,0.000071,0.000081,0.000276,0.857555
tournament 3,190,1,0.720123,75,50,rastrigin,3,0.000006,0.000075,0.000080,0.000573,1.756885
tournament 3,190,1,1.728444,75,50,rastrigin,3,0.000000,0.000028,0.000028,0.000264,0.956240
tournament 3,180,1,0.622346,75,50,rastrigin,3,0.000000,0.000116,0.000117,0.000299,1.508620
tournament 5,10,1,0.669452,75,50,rastrigin,3,0.004005,0.070370,0.064646,0.230485,1.048075
tournament 5,20,1,0.774630,75,50,rastrigin,3,0.000044,0.001050,0.001122,0.003355,1.093565
tournament 5,10,1,0.896332,75,50,rastrigin,3,0.000881,0.073540,0.052982,0.140032,0.907240
tournament 3,200,1,0.622346,75,50,rastrigin,3,0.000000,0.000046,0.000044,0.000234,0.979620
tournament 3,200,1,0.964176,75,50,rastrigin,3,0.000000,0.000009,0.000009,0.000097,0.983335
tournament 5,10,1,1.037155,75,50,rastrigin,3,0.006390,0.067936,0.064044,0.153127,1.019125
tournament 3,190,1,0.964176,75,50,rastrigin,3,0.000000,0.000027,0.000018,0.000101,0.887810
tournament 3,190,1,1.290939,75,50,rastrigin,3,0.000000,0.000003,0.000004,0.000006,0.811370
tournament 3,190,1,0.622346,75,50,rastrigin,3,0.000000,0.000120,0.000060,0.002401,0.940270
tournament 3,190,1,2.000000,75,50,rastrigin,3,0.000002,0.000053,0.000061,0.000229,0.802395
tournament 5,10,1,1.200103,75,50,rastrigin,3,0.000633,0.028029,0.032916,0.143119,0.850670
tournament 3,200,1,0.500000,75,50,rastrigin,3,0.000006,0.000349,0.000339,0.002234,0.930775
tournament 3,170,1,1.728444,75,50,rastrigin,3,0.000000,0.000012,0.000011,0.000039,0.934040
tournament 3,180,1,1.290939,75,50,rastrigin,3,0.000000,0.000002,0.000002,0.000014,0.794090
tournament 3,190,1,1.115658,75,50,rastrigin,3,0.000000,0.000002,0.000003,0.000005,0.962180
tournament 5,10,1,1.606822,75,50,rastrigin,3,0.000996,0.116062,0.095424,0.311561,1.238615
tournament 5,20,1,0.578555,75,50,rastrigin,3,0.000046,0.000788,0.000671,0.007008,0.838915
tournament 3,200,1,0.720123,75,50,rastrigin,3,0.000000,0.000025,0.000031,0.000249,0.799850
tournament 5,20,1,0.500000,75,50,rastrigin,3,0.000134,0.005533,0.006111,0.028115,0.959675
tournament 5,10,1,0.500000,75,50,rastrigin,3,0.009356,0.115767,0.145949,0.234314,1.021030
tournament 3,180,1,0.964176,75,50,rastrigin,3,0.000000,0.000022,0.000016,0.000176,0.940895
tournament 3,180,1,1.115658,75,50,rastrigin,3,0.000000,0.000001,0.000000,0.000005,0.940830
tournament 5,10,1,0.578555,75,50,rastrigin,3,0.003460,0.044510,0.046539,0.269105,1.026445
tournament 3,170,1,1.290939,75,50,rastrigin,3,0.000000,0.000002,0.000002,0.000017,1.996905
tournament 3,200,1,1.290939,75,50,rastrigin,3,0.000000,0.000002,0.000002,0.000015,0.841985
tournament 5,20,1,0.669452,75,50,rastrigin,3,0.000023,0.001089,0.001047,0.002977,2.454750
tournament 3,190,1,1.493759,75,50,rastrigin,3,0.000000,0.000008,0.000008,0.000022,0.936035
tournament 3,200,1,1.493759,75,50,rastrigin,3,0.000000,0.000009,0.000008,0.000032,0.787405
tournament 5,10,1,1.388651,75,50,rastrigin,3,0.042585,0.111643,0.130715,0.298726,1.469060
tournament 3,200,1,1.115658,75,50,rastrigin,3,0.000000,0.000001,0.000000,0.000007,0.790805
tournament 5,20,1,1.388651,75,50,rastrigin,3,0.000015,0.000197,0.000224,0.001933,0.838430
tournament 5,20,1,0.896332,75,50,rastrigin,3,0.000006,0.004511,0.005359,0.010190,1.435225
tournament 5,20,1,1.200103,75,50,rastrigin,3,0.000006,0.000151,0.000095,0.001878,1.091575
tournament 5,30,1,1.859271,75,50,rastrigin,3,0.000004,0.000168,0.000195,0.001053,1.093215
tournament 5,10,1,2.000000,75,50,rastrigin,3,0.013378,0.230382,0.313303,0.311659,0.868340
tournament 3,190,1,0.833262,75,50,rastrigin,3,0.000000,0.000083,0.000076,0.005073,0.943270
tournament 5,40,1,0.896332,75,50,rastrigin,3,0.000000,0.000027,0.000013,0.000101,0.906580
tournament 5,30,1,0.500000,75,50,rastrigin,3,0.000000,0.000132,0.000183,0.001272,0.833420
tournament 5,20,1,0.622346,75,50,rastrigin,3,0.000006,0.001122,0.001085,0.003402,0.984905
tournament 3,200,1,0.537845,75,50,rastrigin,3,0.000004,0.000046,0.000065,0.000312,1.091985
tournament 3,180,1,0.537845,75,50,rastrigin,3,0.000002,0.000138,0.000147,0.000520,1.128950
tournament 3,170,1,2.000000,75,50,rastrigin,3,0.000011,0.000093,0.000107,0.000300,1.192000
tournament 5,30,1,0.578555,75,50,rastrigin,3,0.000000,0.000042,0.000045,0.000341,1.022260
tournament 5,20,1,1.115658,75,50,rastrigin,3,0.000000,0.000075,0.000059,0.000730,0.835660
tournament 5,20,1,1.859271,75,50,rastrigin,3,0.000057,0.003686,0.003676,0.017801,1.187705
tournament 5,30,1,0.896332,75,50,rastrigin,3,0.000002,0.000029,0.000031,0.000320,0.830535
tournament 5,10,1,0.964176,75,50,rastrigin,3,0.007334,0.097627,0.116138,0.253655,0.853015
tournament 5,30,1,0.669452,75,50,rastrigin,3,0.000000,0.000066,0.000047,0.000699,0.981985
tournament 5,30,1,1.200103,75,50,rastrigin,3,0.000000,0.000001,0.000002,0.000007,0.912310
tournament 5,20,1,0.833262,75,50,rastrigin,3,0.000008,0.002323,0.001648,0.004203,0.989505
tournament 5,10,1,0.720123,75,50,rastrigin,3,0.001457,0.070601,0.074993,0.142222,1.011365
tournament 5,30,1,1.037155,75,50,rastrigin,3,0.000000,0.000003,0.000003,0.000017,0.992665
tournament 5,30,1,1.388651,75,50,rastrigin,3,0.000000,0.000018,0.000010,0.000076,0.827025
tournament 5,30,1,1.606822,75,50,rastrigin,3,0.000000,0.000026,0.000022,0.000102,0.828600
tournament 5,40,1,0.500000,75,50,rastrigin,3,0.000004,0.000033,0.000029,0.000313,0.851795
tournament 5,10,1,1.115658,75,50,rastrigin,3,0.000019,0.040519,0.057628,0.087480,1.009365
tournament 5,10,1,1.493759,75,50,rastrigin,3,0.007812,0.148508,0.176673,0.289654,1.364800
tournament 5,40,1,0.669452,75,50,rastrigin,3,0.000000,0.000061,0.000046,0.001077,0.843175
tournament 5,10,1,0.774630,75,50,rastrigin,3,0.011419,0.081449,0.114065,0.097805,1.014230
tournament 5,50,1,1.606822,75,50,rastrigin,3,0.000000,0.000006,0.000006,0.000010,0.839140
tournament 5,50,1,1.037155,75,50,rastrigin,3,0.000000,0.000000,0.000000,0.000003,1.014180
tournament 5,20,1,0.537845,75,50,rastrigin,3,0.000006,0.000653,0.000808,0.013728,0.846665
tournament 5,20,1,1.606822,75,50,rastrigin,3,0.000019,0.001438,0.001413,0.004278,0.995155
tournament 5,40,1,0.578555,75,50,rastrigin,3,0.000000,0.000040,0.000023,0.000160,0.988345
tournament 3,200,1,1.728444,75,50,rastrigin,3,0.000000,0.000024,0.000027,0.000311,0.929005
tournament 5,10,1,1.728444,75,50,rastrigin,3,0.005363,0.137822,0.144273,0.294625,1.027175
tournament 3,200,1,2.000000,75,50,rastrigin,3,0.000004,0.000045,0.000045,0.000291,0.967105
tournament 5,30,1,1.290939,75,50,rastrigin,3,0.000000,0.000002,0.000002,0.000003,0.914590
tournament 5,10,1,0.537845,75,50,rastrigin,3,0.001509,0.069815,0.057396,0.120572,1.035940
tournament 5,40,1,1.200103,75,50,rastrigin,3,0.000000,0.000001,0.000000,0.000006,0.986800
tournament 5,30,1,1.728444,75,50,rastrigin,3,0.000000,0.000073,0.000046,0.000394,0.862520
tournament 5,40,1,1.606822,75,50,rastrigin,3,0.000000,0.000008,0.000009,0.000042,0.882870
tournament 5,10,1,0.622346,75,50,rastrigin,3,0.000353,0.065904,0.060818,0.149293,1.074850
tournament 5,30,1,1.115658,75,50,rastrigin,3,0.000000,0.000002,0.000004,0.000006,1.112605
tournament 5,50,1,0.578555,75,50,rastrigin,3,0.000000,0.000014,0.000010,0.000029,0.826855
tournament 5,40,1,1.859271,75,50,rastrigin,3,0.000000,0.000018,0.000020,0.000032,0.966105
tournament 5,20,1,1.493759,75,50,rastrigin,3,0.000034,0.000733,0.000566,0.003551,0.826720
tournament 5,40,1,0.720123,75,50,rastrigin,3,0.000000,0.000027,0.000035,0.000050,0.885300
tournament 5,50,1,0.500000,75,50,rastrigin,3,0.000000,0.000058,0.000071,0.000298,1.006265
tournament 5,20,1,1.290939,75,50,rastrigin,3,0.000010,0.000186,0.000163,0.002238,0.994010
tournament 5,20,1,0.964176,75,50,rastrigin,3,0.000011,0.001082,0.000995,0.002360,1.016295
tournament 5,40,1,0.964176,75,50,rastrigin,3,0.000000,0.000009,0.000010,0.000043,0.902220
tournament 5,40,1,0.622346,75,50,rastrigin,3,0.000000,0.000015,0.000019,0.000153,1.093360
tournament 5,20,1,1.728444,75,50,rastrigin,3,0.000040,0.003972,0.004237,0.007150,1.126235
tournament 5,50,1,0.774630,75,50,rastrigin,3,0.000000,0.000011,0.000015,0.000152,0.984390
tournament 5,50,1,0.896332,75,50,rastrigin,3,0.000000,0.000021,0.000011,0.000398,0.821355
tournament 5,30,1,0.537845,75,50,rastrigin,3,0.000000,0.000087,0.000059,0.000336,0.988385
tournament 5,30,1,0.622346,75,50,rastrigin,3,0.000006,0.000167,0.000103,0.000627,0.888780
tournament 5,10,1,1.290939,75,50,rastrigin,3,0.004021,0.057025,0.064318,0.081852,0.975570
tournament 5,50,1,1.200103,75,50,rastrigin,3,0.000000,0.000000,0.000000,0.000010,0.980875
tournament 5,50,1,1.388651,75,50,rastrigin,3,0.000000,0.000002,0.000003,0.000004,0.982815
tournament 5,30,1,0.964176,75,50,rastrigin,3,0.000000,0.000020,0.000028,0.000052,0.826785
tournament 5,50,1,0.622346,75,50,rastrigin,3,0.000000,0.000017,0.000020,0.000113,0.817665
tournament 5,20,1,2.000000,75,50,rastrigin,3,0.000200,0.007527,0.010640,0.008741,0.939250
tournament 5,60,1,0.500000,75,50,rastrigin,3,0.000000,0.000015,0.000015,0.000024,0.828210
tournament 5,30,1,0.720123,75,50,rastrigin,3,0.000000,0.000034,0.000031,0.000295,1.002520
tournament 5,40,1,1.037155,75,50,rastrigin,3,0.000000,0.000000,0.000000,0.000004,0.994160
tournament 5,70,1,0.578555,75,50,rastrigin,3,0.000000,0.000015,0.000011,0.000087,1.090330
tournament 5,30,1,1.493759,75,50,rastrigin,3,0.000000,0.000017,0.000016,0.000085,0.866355
tournament 5,40,1,0.537845,75,50,rastrigin,3,0.000000,0.000021,0.000028,0.000119,0.858090
tournament 5,60,1,0.578555,75,50,rastrigin,3,0.000002,0.000010,0.000009,0.000052,0.992460
tournament 5,40,1,1.388651,75,50,rastrigin,3,0.000000,0.000003,0.000004,0.000014,0.980340
tournament 5,20,1,0.720123,75,50,rastrigin,3,0.000057,0.000680,0.000309,0.005864,0.988850
tournament 5,50,1,0.833262,75,50,rastrigin,3,0.000000,0.000013,0.000014,0.000196,1.027220
tournament 5,60,1,0.774630,75,50,rastrigin,3,0.000000,0.000022,0.000023,0.000058,0.986090
tournament 5,50,1,1.115658,75,50,rastrigin,3,0.000000,0.000000,0.000000,0.000002,0.813900
tournament 5,80,1,0.500000,75,50,rastrigin,3,0.000000,0.000022,0.000033,0.001556,0.847310
tournament 5,10,1,0.833262,75,50,rastrigin,3,0.002367,0.063969,0.080452,0.155684,1.018865
tournament 5,60,1,0.896332,75,50,rastrigin,3,0.000000,0.000016,0.000018,0.000094,0.819830
tournament 5,30,1,0.774630,75,50,rastrigin,3,0.000002,0.000122,0.000074,0.007880,0.996225
tournament 5,30,1,2.000000,75,50,rastrigin,3,0.000006,0.000323,0.000242,0.001765,0.990900
tournament 5,60,1,1.037155,75,50,rastrigin,3,0.000000,0.000000,0.000000,0.000006,0.987950
tournament 5,80,1,1.037155,75,50,rastrigin,3,0.000000,0.000000,0.000000,0.000003,1.012695
tournament 5,60,1,1.606822,75,50,rastrigin,3,0.000000,0.000002,0.000004,0.000052,0.915995
tournament 5,60,1,1.388651,75,50,rastrigin,3,0.000000,0.000001,0.000002,0.000014,0.988865
tournament 5,50,1,0.669452,75,50,rastrigin,3,0.000000,0.000015,0.000019,0.000029,1.028815
tournament 5,80,1,1.388651,75,50,rastrigin,3,0.000000,0.000000,0.000000,0.000003,0.871185
tournament 5,40,1,1.728444,75,50,rastrigin,3,0.000000,0.000007,0.000006,0.000320,0.819420
tournament 5,60,1,1.859271,75,50,rastrigin,3,0.000000,0.000008,0.000009,0.000711,0.987075
tournament 5,70,1,0.500000,75,50,rastrigin,3,0.000000,0.000036,0.000046,0.000192,0.936465
tournament 5,80,1,1.859271,75,50,rastrigin,3,0.000000,0.000013,0.000013,0.000044,1.028910
tournament 5,50,1,0.537845,75,50,rastrigin,3,0.000000,0.000012,0.000013,0.000085,0.869255
tournament 5,60,1,0.622346,75,50,rastrigin,3,0.000000,0.000005,0.000007,0.000035,1.103530
tournament 5,70,1,0.669452,75,50,rastrigin,3,0.000000,0.000024,0.000018,0.000049,0.986745
tournament 5,50,1,1.859271,75,50,rastrigin,3,0.000000,0.000026,0.000030,0.000381,1.043880
tournament 5,70,1,0.896332,75,50,rastrigin,3,0.000000,0.000006,0.000007,0.000019,1.005380
tournament 5,70,1,0.774630,75,50,rastrigin,3,0.000000,0.000012,0.000018,0.000017,1.012675
tournament 5,70,1,1.037155,75,50,rastrigin,3,0.000000,0.000000,0.000000,0.000006,0.993075
tournament 5,70,1,1.606822,75,50,rastrigin,3,0.000000,0.000005,0.000007,0.000028,0.838370
tournament 5,70,1,1.388651,75,50,rastrigin,3,0.000000,0.000001,0.000000,0.000030,0.888075
tournament 5,30,1,0.833262,75,50,rastrigin,3,0.000011,0.000077,0.000093,0.000260,0.992795
tournament 5,50,1,0.964176,75,50,rastrigin,3,0.000000,0.000006,0.000007,0.000020,0.930400
tournament 5,60,1,0.669452,75,50,rastrigin,3,0.000000,0.000021,0.000021,0.000055,0.940270
tournament 5,60,1,1.728444,75,50,rastrigin,3,0.000000,0.000015,0.000020,0.000173,0.982555
tournament 5,80,1,0.578555,75,50,rastrigin,3,0.000000,0.000018,0.000015,0.000076,0.907285
tournament 5,60,1,2.000000,75,50,rastrigin,3,0.000000,0.000035,0.000042,0.000380,1.028595
tournament 5,80,1,0.669452,75,50,rastrigin,3,0.000000,0.000009,0.000009,0.000035,1.025425
tournament 5,50,1,1.290939,75,50,rastrigin,3,0.000000,0.000000,0.000000,0.000003,0.990865
tournament 5,80,1,0.774630,75,50,rastrigin,3,0.000000,0.000028,0.000036,0.000138,0.851860
tournament 5,80,1,0.896332,75,50,rastrigin,3,0.000000,0.000009,0.000010,0.000135,0.824625
tournament 5,60,1,0.537845,75,50,rastrigin,3,0.000000,0.000010,0.000010,0.000145,0.865575
tournament 5,50,1,1.493759,75,50,rastrigin,3,0.000000,0.000003,0.000003,0.000015,1.000270
tournament 5,80,1,1.606822,75,50,rastrigin,3,0.000000,0.000003,0.000003,0.000007,0.861380
tournament 5,60,1,1.200103,75,50,rastrigin,3,0.000000,0.000000,0.000000,0.000003,1.001970
tournament 5,40,1,1.115658,75,50,rastrigin,3,0.000000,0.000000,0.000000,0.000001,0.993560
tournament 5,70,1,0.622346,75,50,rastrigin,3,0.000000,0.000009,0.000012,0.000024,0.996825
tournament 5,80,1,1.200103,75,50,rastrigin,3,0.000000,0.000000,0.000000,0.000004,1.026075
tournament 5,40,1,1.290939,75,50,rastrigin,3,0.000000,0.000001,0.000000,0.000005,1.008510
tournament 5,40,1,0.774630,75,50,rastrigin,3,0.000000,0.000009,0.000008,0.000052,0.838165
tournament 5,40,1,1.493759,75,50,rastrigin,3,0.000000,0.000004,0.000004,0.000057,1.007860
tournament 5,90,1,1.606822,75,50,rastrigin,3,0.000000,0.000003,0.000004,0.000005,0.864530
tournament 5,80,1,0.537845,75,50,rastrigin,3,0.000000,0.000009,0.000010,0.000033,0.835255
tournament 5,90,1,0.500000,75,50,rastrigin,3,0.000000,0.000033,0.000023,0.000157,1.003410
tournament 5,40,1,2.000000,75,50,rastrigin,3,0.000004,0.000113,0.000107,0.000578,0.988125
tournament 5,90,1,0.578555,75,50,rastrigin,3,0.000000,0.000005,0.000006,0.000045,1.001800
tournament 5,60,1,0.964176,75,50,rastrigin,3,0.000000,0.000001,0.000001,0.000015,0.882300
tournament 5,100,1,0.500000,75,50,rastrigin,3,0.000000,0.000032,0.000018,0.000220,0.978350
tournament 5,70,1,1.200103,75,50,rastrigin,3,0.000000,0.000000,0.000000,0.000001,0.814190
tournament 5,90,1,0.774630,75,50,rastrigin,3,0.000000,0.000012,0.000009,0.000053,1.002130
tournament 5,60,1,1.115658,75,50,rastrigin,3,0.000000,0.000000,0.000000,0.000026,0.976320
tournament 5,50,1,0.720123,75,50,rastrigin,3,0.000000,0.000010,0.000010,0.000134,0.865070
tournament 5,80,1,1.493759,75,50,rastrigin,3,0.000000,0.000002,0.000002,0.000006,0.824675
tournament 5,60,1,1.493759,75,50,rastrigin,3,0.000000,0.000002,0.000002,0.000007,0.980260
tournament 5,60,1,1.290939,75,50,rastrigin,3,0.000000,0.000000,0.000000,0.000003,0.897275
tournament 5,100,1,0.774630,75,50,rastrigin,3,0.000000,0.000008,0.000009,0.000020,1.082835
tournament 5,100,1,1.388651,75,50,rastrigin,3,0.000000,0.000001,0.000000,0.000009,1.014705
tournament 5,80,1,2.000000,75,50,rastrigin,3,0.000000,0.000022,0.000027,0.000024,0.981670
tournament 5,80,1,1.290939,75,50,rastrigin,3,0.000000,0.000001,0.000000,0.000004,1.039010
tournament 5,100,1,1.200103,75,50,rastrigin,3,0.000000,0.000000,0.000000,0.000002,1.091080
tournament 5,90,1,1.037155,75,50,rastrigin,3,0.000000,0.000000,0.000000,0.000015,0.907085
tournament 5,50,1,2.000000,75,50,rastrigin,3,0.000000,0.000035,0.000041,0.000061,0.923770
tournament 5,70,1,0.720123,75,50,rastrigin,3,0.000000,0.000017,0.000015,0.000045,0.996510
tournament 5,70,1,0.833262,75,50,rastrigin,3,0.000000,0.000008,0.000008,0.000038,0.865960
tournament 5,90,1,1.728444,75,50,rastrigin,3,0.000000,0.000006,0.000007,0.000128,1.180845
tournament 5,70,1,0.964176,75,50,rastrigin,3,0.000000,0.000005,0.000005,0.000010,0.959800
tournament 5,70,1,1.728444,75,50,rastrigin,3,0.000000,0.000006,0.000005,0.000012,0.895535
tournament 5,70,1,1.115658,75,50,rastrigin,3,0.000000,0.000000,0.000000,0.000002,0.986765
tournament 5,70,1,1.493759,75,50,rastrigin,3,0.000000,0.000002,0.000002,0.000010,0.817720
tournament 5,80,1,0.622346,75,50,rastrigin,3,0.000000,0.000010,0.000013,0.000147,0.868940
tournament 5,90,1,1.388651,75,50,rastrigin,3,0.000000,0.000002,0.000002,0.000016,0.977380
tournament 5,60,1,0.720123,75,50,rastrigin,3,0.000000,0.000020,0.000019,0.000038,0.981235
tournament 5,60,1,0.833262,75,50,rastrigin,3,0.000000,0.000007,0.000006,0.000082,0.987855
tournament 5,90,1,1.859271,75,50,rastrigin,3,0.000000,0.000009,0.000010,0.000014,0.966575
tournament 5,80,1,0.833262,75,50,rastrigin,3,0.000000,0.000010,0.000011,0.000048,0.829155
tournament 5,80,1,0.964176,75,50,rastrigin,3,0.000000,0.000003,0.000004,0.000011,0.821510
tournament 5,90,1,0.669452,75,50,rastrigin,3,0.000000,0.000004,0.000003,0.000034,0.972820
tournament 5,100,1,0.578555,75,50,rastrigin,3,0.000000,0.000014,0.000010,0.000055,0.971035
tournament 5,80,1,0.720123,75,50,rastrigin,3,0.000000,0.000008,0.000009,0.000030,0.993385
tournament 5,100,1,0.669452,75,50,rastrigin,3,0.000000,0.000015,0.000008,0.000139,0.972345
tournament 5,80,1,1.728444,75,50,rastrigin,3,0.000000,0.000005,0.000006,0.000036,0.819305
tournament 5,100,1,0.896332,75,50,rastrigin,3,0.000000,0.000006,0.000005,0.000024,0.982015
tournament 5,80,1,1.115658,75,50,rastrigin,3,0.000000,0.000000,0.000000,0.000001,0.993255
tournament 5,90,1,0.896332,75,50,rastrigin,3,0.000000,0.000007,0.000010,0.000073,0.827285
tournament 5,70,1,1.859271,75,50,rastrigin,3,0.000000,0.000014,0.000011,0.000028,0.925900
tournament 5,120,1,0.774630,75,50,rastrigin,3,0.000000,0.000015,0.000017,0.000036,0.877885
tournament 5,120,1,1.200103,75,50,rastrigin,3,0.000000,0.000000,0.000000,0.000003,0.822020
tournament 5,120,1,0.669452,75,50,rastrigin,3,0.000000,0.000007,0.000010,0.000038,0.985185
tournament 5,120,1,1.037155,75,50,rastrigin,3,0.000000,0.000001,0.000000,0.000003,0.986355
tournament 5,120,1,1.388651,75,50,rastrigin,3,0.000000,0.000001,0.000000,0.000005,0.827785
tournament 5,90,1,1.493759,75,50,rastrigin,3,0.000000,0.000003,0.000004,0.000010,0.870130
tournament 5,90,1,0.537845,75,50,rastrigin,3,0.000000,0.000012,0.000012,0.000298,0.979595
tournament 5,120,1,1.859271,75,50,rastrigin,3,0.000000,0.000011,0.000010,0.000027,0.977120
tournament 5,90,1,2.000000,75,50,rastrigin,3,0.000000,0.000021,0.000029,0.000109,0.971680
tournament 5,90,1,0.622346,75,50,rastrigin,3,0.000000,0.000010,0.000010,0.000150,0.876410
tournament 5,70,1,1.290939,75,50,rastrigin,3,0.000000,0.000001,0.000001,0.000003,0.866965
tournament 5,110,1,0.578555,75,50,rastrigin,3,0.000000,0.000015,0.000015,0.000090,1.014330
tournament 5,100,1,0.537845,75,50,rastrigin,3,0.000000,0.000013,0.000012,0.000064,0.988420
tournament 5,100,1,0.720123,75,50,rastrigin,3,0.000000,0.000013,0.000016,0.000057,0.898725
tournament 5,110,1,0.896332,75,50,rastrigin,3,0.000000,0.000019,0.000008,0.000063,0.812145
tournament 5,110,1,0.774630,75,50,rastrigin,3,0.000002,0.000012,0.000011,0.000061,0.821985
tournament 5,110,1,0.669452,75,50,rastrigin,3,0.000000,0.000016,0.000012,0.000067,0.956080
tournament 5,100,1,1.493759,75,50,rastrigin,3,0.000000,0.000003,0.000004,0.000016,0.810835
tournament 5,110,1,1.037155,75,50,rastrigin,3,0.000000,0.000001,0.000002,0.000006,0.952555
tournament 5,110,1,1.200103,75,50,rastrigin,3,0.000000,0.000000,0.000000,0.000000,0.975635
tournament 5,100,1,0.833262,75,50,rastrigin,3,0.000000,0.000016,0.000024,0.000052,0.975070
tournament 5,90,1,1.115658,75,50,rastrigin,3,0.000000,0.000000,0.000000,0.000003,0.814335
tournament 5,110,1,1.388651,75,50,rastrigin,3,0.000000,0.000001,0.000001,0.000002,0.974100
tournament 5,100,1,1.290939,75,50,rastrigin,3,0.000000,0.000000,0.000000,0.000003,0.982075
tournament 5,120,1,1.115658,75,50,rastrigin,3,0.000000,0.000000,0.000000,0.000001,1.088520
tournament 5,120,1,0.500000,75,50,rastrigin,3,0.000000,0.000027,0.000021,0.000931,0.938315
tournament 5,50,1,1.728444,75,50,rastrigin,3,0.000000,0.000007,0.000008,0.000018,0.842270
tournament 5,110,1,1.859271,75,50,rastrigin,3,0.000000,0.000020,0.000022,0.000164,0.979540
tournament 5,120,1,0.578555,75,50,rastrigin,3,0.000000,0.000018,0.000016,0.000099,0.946685
tournament 5,100,1,1.037155,75,50,rastrigin,3,0.000000,0.000000,0.000000,0.000003,0.954575
tournament 5,70,1,0.537845,75,50,rastrigin,3,0.000000,0.000009,0.000010,0.000040,0.816520
tournament 5,100,1,1.859271,75,50,rastrigin,3,0.000000,0.000009,0.000010,0.000024,0.816450
tournament 5,120,1,0.896332,75,50,rastrigin,3,0.000000,0.000003,0.000004,0.000009,0.995885
tournament 5,140,1,0.500000,75,50,rastrigin,3,0.000000,0.000025,0.000027,0.000114,0.992390
tournament 5,100,1,1.606822,75,50,rastrigin,3,0.000000,0.000002,0.000002,0.000041,0.997980
tournament 5,110,1,0.720123,75,50,rastrigin,3,0.000000,0.000007,0.000008,0.000150,0.926780
tournament 5,130,1,0.500000,75,50,rastrigin,3,0.000000,0.000021,0.000010,0.002006,0.813410
tournament 5,140,1,0.669452,75,50,rastrigin,3,0.000000,0.000010,0.000011,0.000493,0.970740
tournament 5,110,1,0.500000,75,50,rastrigin,3,0.000002,0.000024,0.000028,0.000379,0.981330
tournament 5,100,1,0.622346,75,50,rastrigin,3,0.000000,0.000019,0.000022,0.000463,0.854625
tournament 5,140,1,0.774630,75,50,rastrigin,3,0.000000,0.000010,0.000012,0.000020,1.034795
tournament 5,90,1,0.720123,75,50,rastrigin,3,0.000000,0.000010,0.000010,0.000054,0.981655
tournament 5,130,1,0.669452,75,50,rastrigin,3,0.000000,0.000015,0.000013,0.000151,0.894715
tournament 5,130,1,0.774630,75,50,rastrigin,3,0.000000,0.000010,0.000007,0.000131,0.885290
tournament 5,90,1,0.964176,75,50,rastrigin,3,0.000000,0.000002,0.000004,0.000020,0.830865
tournament 5,100,1,0.964176,75,50,rastrigin,3,0.000000,0.000001,0.000002,0.000011,0.982085
tournament 5,100,1,2.000000,75,50,rastrigin,3,0.000000,0.000018,0.000019,0.000067,0.822075
tournament 5,120,1,0.720123,75,50,rastrigin,3,0.000002,0.000017,0.000019,0.000052,0.821055
tournament 5,130,1,0.896332,75,50,rastrigin,3,0.000000,0.000007,0.000008,0.000018,0.996280
tournament 5,70,1,2.000000,75,50,rastrigin,3,0.000000,0.000015,0.000015,0.000045,0.977615
tournament 5,140,1,1.606822,75,50,rastrigin,3,0.000000,0.000005,0.000004,0.000020,0.966415
tournament 5,90,1,0.833262,75,50,rastrigin,3,0.000000,0.000005,0.000007,0.000155,1.049105
tournament 5,130,1,1.200103,75,50,rastrigin,3,0.000000,0.000000,0.000000,0.000003,0.824710
tournament 5,110,1,1.606822,75,50,rastrigin,3,0.000000,0.000005,0.000005,0.000020,0.977375
tournament 5,100,1,1.728444,75,50,rastrigin,3,0.000000,0.000010,0.000008,0.000070,1.005660
tournament 5,130,1,1.037155,75,50,rastrigin,3,0.000000,0.000000,0.000000,0.000002,0.975250
tournament 5,120,1,2.000000,75,50,rastrigin,3,0.000000,0.000014,0.000014,0.000121,0.976500
tournament 5,110,1,0.537845,75,50,rastrigin,3,0.000000,0.000007,0.000008,0.000016,0.997970
tournament 5,110,1,0.622346,75,50,rastrigin,3,0.000000,0.000009,0.000008,0.000022,0.895345
tournament 5,40,1,0.833262,75,50,rastrigin,3,0.000000,0.000017,0.000020,0.000050,0.868060
tournament 5,130,1,1.859271,75,50,rastrigin,3,0.000000,0.000014,0.000016,0.000091,0.970185
tournament 5,130,1,1.606822,75,50,rastrigin,3,0.000000,0.000003,0.000003,0.000095,1.009390
tournament 5,110,1,0.964176,75,50,rastrigin,3,0.000000,0.000002,0.000001,0.000012,0.874830
tournament 5,120,1,1.606822,75,50,rastrigin,3,0.000000,0.000002,0.000003,0.000021,0.821200
tournament 5,130,1,0.833262,75,50,rastrigin,3,0.000000,0.000008,0.000011,0.000032,1.003020
tournament 5,110,1,1.115658,75,50,rastrigin,3,0.000000,0.000000,0.000000,0.000001,0.871570
tournament 5,110,1,0.833262,75,50,rastrigin,3,0.000000,0.000004,0.000005,0.000009,0.910275
tournament 5,90,1,1.200103,75,50,rastrigin,3,0.000000,0.000000,0.000000,0.000002,0.984725
tournament 5,130,1,0.578555,75,50,rastrigin,3,0.000000,0.000009,0.000012,0.000027,0.969980
tournament 5,110,1,1.290939,75,50,rastrigin,3,0.000000,0.000000,0.000000,0.000001,0.977375
tournament 5,140,1,0.896332,75,50,rastrigin,3,0.000000,0.000006,0.000004,0.000052,0.821125
tournament 5,110,1,1.493759,75,50,rastrigin,3,0.000000,0.000002,0.000004,0.000011,0.984465
tournament 5,140,1,1.037155,75,50,rastrigin,3,0.000000,0.000000,0.000000,0.000001,0.976450
tournament 5,120,1,0.537845,75,50,rastrigin,3,0.000000,0.000010,0.000010,0.000127,0.886415
tournament 5,160,1,0.578555,75,50,rastrigin,3,0.000000,0.000011,0.000010,0.000044,0.828320
tournament 5,130,1,1.728444,75,50,rastrigin,3,0.000000,0.000007,0.000011,0.000029,0.866085
tournament 5,120,1,0.622346,75,50,rastrigin,3,0.000000,0.000010,0.000008,0.000111,0.899915
tournament 5,160,1,0.500000,75,50,rastrigin,3,0.000000,0.000024,0.000014,0.000050,1.097355
tournament 5,140,1,1.388651,75,50,rastrigin,3,0.000000,0.000001,0.000000,0.000018,0.977120
tournament 5,100,1,1.115658,75,50,rastrigin,3,0.000000,0.000000,0.000000,0.000000,0.994575
tournament 5,120,1,1.290939,75,50,rastrigin,3,0.000000,0.000000,0.000000,0.000005,0.980120
tournament 5,120,1,0.964176,75,50,rastrigin,3,0.000000,0.000003,0.000004,0.000030,0.983855
tournament 5,140,1,0.537845,75,50,rastrigin,3,0.000000,0.000017,0.000023,0.000093,0.977695
tournament 5,130,1,0.537845,75,50,rastrigin,3,0.000000,0.000014,0.000012,0.000080,0.846290
tournament 5,140,1,0.964176,75,50,rastrigin,3,0.000000,0.000001,0.000001,0.000004,0.808840
tournament 5,140,1,1.859271,75,50,rastrigin,3,0.000000,0.000015,0.000018,0.000025,0.980390
tournament 5,140,1,0.720123,75,50,rastrigin,3,0.000000,0.000013,0.000011,0.000172,0.891805
tournament 5,120,1,1.493759,75,50,rastrigin,3,0.000000,0.000004,0.000003,0.000017,1.015305
tournament 5,130,1,1.388651,75,50,rastrigin,3,0.000000,0.000001,0.000000,0.000012,0.976580
tournament 5,150,1,0.500000,75,50,rastrigin,3,0.000000,0.000056,0.000052,0.000448,1.007455
tournament 5,140,1,0.833262,75,50,rastrigin,3,0.000000,0.000007,0.000010,0.000048,0.993710
tournament 5,150,1,0.669452,75,50,rastrigin,3,0.000000,0.000007,0.000008,0.000019,0.859190
tournament 5,150,1,0.774630,75,50,rastrigin,3,0.000000,0.000018,0.000014,0.000722,0.842670
tournament 5,150,1,0.896332,75,50,rastrigin,3,0.000000,0.000006,0.000005,0.000025,0.842000
tournament 5,150,1,1.037155,75,50,rastrigin,3,0.000000,0.000000,0.000000,0.000002,0.910185
tournament 5,160,1,1.606822,75,50,rastrigin,3,0.000000,0.000002,0.000002,0.000022,1.102710
tournament 5,140,1,0.578555,75,50,rastrigin,3,0.000000,0.000011,0.000011,0.000044,0.981585
tournament 5,130,1,0.964176,75,50,rastrigin,3,0.000000,0.000003,0.000003,0.000012,0.994760
tournament 5,150,1,1.200103,75,50,rastrigin,3,0.000000,0.000000,0.000000,0.000004,0.982000
tournament 5,130,1,1.290939,75,50,rastrigin,3,0.000000,0.000000,0.000000,0.000002,0.861060
tournament 5,170,1,0.622346,75,50,rastrigin,3,0.000000,0.000013,0.000017,0.000050,0.998310
tournament 5,170,1,0.669452,75,50,rastrigin,3,0.000000,0.000012,0.000013,0.000101,0.996200
tournament 5,110,1,1.728444,75,50,rastrigin,3,0.000000,0.000007,0.000008,0.000025,0.976135
tournament 5,160,1,0.669452,75,50,rastrigin,3,0.000000,0.000011,0.000010,0.000131,0.834645
tournament 5,170,1,0.833262,75,50,rastrigin,3,0.000000,0.000006,0.000006,0.000024,1.034540
tournament 5,110,1,2.000000,75,50,rastrigin,3,0.000000,0.000025,0.000030,0.000144,0.930505
tournament 5,150,1,1.859271,75,50,rastrigin,3,0.000000,0.000016,0.000014,0.000037,0.954190
tournament 5,130,1,1.115658,75,50,rastrigin,3,0.000000,0.000000,0.000000,0.000001,0.979850
tournament 5,140,1,1.200103,75,50,rastrigin,3,0.000000,0.000000,0.000000,0.000003,0.987715
tournament 5,120,1,0.833262,75,50,rastrigin,3,0.000000,0.000010,0.000010,0.000033,0.837125
tournament 5,160,1,0.774630,75,50,rastrigin,3,0.000000,0.000009,0.000010,0.000017,0.844165
tournament 5,120,1,1.728444,75,50,rastrigin,3,0.000000,0.000013,0.000010,0.000036,0.815180
tournament 5,160,1,0.896332,75,50,rastrigin,3,0.000000,0.000003,0.000002,0.000013,0.975765
tournament 5,130,1,2.000000,75,50,rastrigin,3,0.000002,0.000024,0.000022,0.000129,1.204780
tournament 5,160,1,1.200103,75,50,rastrigin,3,0.000000,0.000000,0.000000,0.000003,0.927110
tournament 5,160,1,1.037155,75,50,rastrigin,3,0.000000,0.000000,0.000000,0.000004,0.980855
tournament 5,130,1,0.622346,75,50,rastrigin,3,0.000000,0.000009,0.000011,0.000046,0.960630
tournament 5,90,1,1.290939,75,50,rastrigin,3,0.000000,0.000001,0.000000,0.000005,0.994725
tournament 5,130,1,0.720123,75,50,rastrigin,3,0.000000,0.000008,0.000007,0.000063,0.870535
tournament 5,160,1,1.388651,75,50,rastrigin,3,0.000000,0.000001,0.000000,0.000010,1.021250
tournament 5,140,1,1.115658,75,50,rastrigin,3,0.000000,0.000000,0.000000,0.000001,0.918165
tournament 5,150,1,0.578555,75,50,rastrigin,3,0.000000,0.000008,0.000009,0.000046,1.018750
tournament 5,160,1,0.622346,75,50,rastrigin,3,0.000000,0.000007,0.000009,0.000116,0.852035
tournament 5,160,1,1.859271,75,50,rastrigin,3,0.000000,0.000014,0.000014,0.000038,0.955415
tournament 5,140,1,1.290939,75,50,rastrigin,3,0.000000,0.000001,0.000000,0.000008,0.994940
tournament 5,170,1,0.500000,75,50,rastrigin,3,0.000000,0.000041,0.000035,0.000604,1.023220
tournament 5,140,1,1.493759,75,50,rastrigin,3,0.000000,0.000001,0.000000,0.000005,0.991360
tournament 5,160,1,0.537845,75,50,rastrigin,3,0.000000,0.000009,0.000008,0.000057,1.022900
tournament 5,140,1,1.728444,75,50,rastrigin,3,0.000000,0.000006,0.000004,0.000013,0.914375
tournament 5,170,1,0.578555,75,50,rastrigin,3,0.000000,0.000005,0.000006,0.000027,0.994695
tournament 5,150,1,1.388651,75,50,rastrigin,3,0.000000,0.000001,0.000002,0.000005,0.869550
tournament 5,160,1,0.964176,75,50,rastrigin,3,0.000000,0.000008,0.000008,0.000028,0.885565
tournament 5,130,1,1.493759,75,50,rastrigin,3,0.000000,0.000002,0.000003,0.000051,0.829395
tournament 5,170,1,0.896332,75,50,rastrigin,3,0.000000,0.000007,0.000007,0.000013,0.848280
tournament 5,150,1,0.720123,75,50,rastrigin,3,0.000000,0.000006,0.000004,0.000058,0.813280
tournament 5,160,1,1.115658,75,50,rastrigin,3,0.000000,0.000000,0.000000,0.000003,0.987690
tournament 5,170,1,0.964176,75,50,rastrigin,3,0.000000,0.000003,0.000004,0.000022,0.975150
tournament 5,150,1,1.606822,75,50,rastrigin,3,0.000000,0.000004,0.000004,0.000006,0.973025
tournament 5,170,1,1.037155,75,50,rastrigin,3,0.000000,0.000000,0.000000,0.000003,0.882620
tournament 5,160,1,1.290939,75,50,rastrigin,3,0.000000,0.000000,0.000000,0.000003,1.154070
tournament 5,150,1,0.537845,75,50,rastrigin,3,0.000000,0.000020,0.000016,0.000225,0.976715
tournament 5,150,1,0.964176,75,50,rastrigin,3,0.000000,0.000002,0.000002,0.000024,0.844130
tournament 5,150,1,1.115658,75,50,rastrigin,3,0.000000,0.000000,0.000000,0.000002,0.817125
tournament 5,150,1,0.833262,75,50,rastrigin,3,0.000000,0.000010,0.000008,0.000116,0.980290
tournament 5,140,1,0.622346,75,50,rastrigin,3,0.000000,0.000011,0.000010,0.000196,0.975925
tournament 5,160,1,1.728444,75,50,rastrigin,3,0.000000,0.000004,0.000003,0.000037,0.993515
tournament 5,170,1,1.115658,75,50,rastrigin,3,0.000000,0.000000,0.000000,0.000001,1.009180
tournament 5,170,1,1.290939,75,50,rastrigin,3,0.000000,0.000000,0.000000,0.000005,0.840745
tournament 5,170,1,1.200103,75,50,rastrigin,3,0.000000,0.000000,0.000000,0.000002,0.927490
tournament 5,150,1,1.290939,75,50,rastrigin,3,0.000000,0.000001,0.000000,0.000006,0.978245
tournament 5,170,1,1.388651,75,50,rastrigin,3,0.000000,0.000000,0.000000,0.000005,0.844810
tournament 5,160,1,0.720123,75,50,rastrigin,3,0.000000,0.000005,0.000005,0.000039,0.820005
tournament 5,170,1,1.493759,75,50,rastrigin,3,0.000000,0.000002,0.000000,0.000010,0.988875
tournament 5,180,1,1.859271,75,50,rastrigin,3,0.000000,0.000011,0.000009,0.000038,0.819305
tournament 5,160,1,0.833262,75,50,rastrigin,3,0.000000,0.000010,0.000011,0.000016,0.819875
tournament 5,170,1,0.537845,75,50,rastrigin,3,0.000000,0.000012,0.000012,0.000133,0.937995
tournament 5,150,1,2.000000,75,50,rastrigin,3,0.000002,0.000022,0.000025,0.000034,0.974975
tournament 5,170,1,1.859271,75,50,rastrigin,3,0.000000,0.000013,0.000010,0.000045,0.977770
tournament 5,190,1,0.622346,75,50,rastrigin,3,0.000000,0.000008,0.000008,0.000175,0.934475
tournament 5,190,1,0.774630,75,50,rastrigin,3,0.000000,0.000009,0.000008,0.000099,0.904525
tournament 5,180,1,2.000000,75,50,rastrigin,3,0.000000,0.000021,0.000026,0.000036,1.111300
tournament 5,170,1,0.720123,75,50,rastrigin,3,0.000000,0.000006,0.000008,0.000023,0.982985
tournament 5,190,1,0.578555,75,50,rastrigin,3,0.000000,0.000005,0.000008,0.000019,1.083420
tournament 5,170,1,0.774630,75,50,rastrigin,3,0.000000,0.000007,0.000009,0.000197,0.858510
tournament 5,180,1,0.622346,75,50,rastrigin,3,0.000000,0.000008,0.000009,0.000030,0.924530
tournament 5,180,1,0.720123,75,50,rastrigin,3,0.000000,0.000014,0.000020,0.000048,0.876715
tournament 5,180,1,0.578555,75,50,rastrigin,3,0.000000,0.000043,0.000043,0.000181,0.990955
tournament 5,180,1,0.669452,75,50,rastrigin,3,0.000000,0.000005,0.000005,0.000011,0.991115
tournament 5,140,1,2.000000,75,50,rastrigin,3,0.000002,0.000034,0.000027,0.000074,1.019760
tournament 5,180,1,0.774630,75,50,rastrigin,3,0.000000,0.000008,0.000011,0.000046,0.961520
tournament 5,180,1,0.833262,75,50,rastrigin,3,0.000000,0.000012,0.000009,0.000062,0.909550
tournament 5,160,1,1.493759,75,50,rastrigin,3,0.000000,0.000003,0.000004,0.000010,1.019630
tournament 5,160,1,2.000000,75,50,rastrigin,3,0.000000,0.000026,0.000015,0.000064,0.879415
tournament 5,180,1,0.896332,75,50,rastrigin,3,0.000000,0.000006,0.000006,0.000108,0.971300
tournament 5,150,1,0.622346,75,50,rastrigin,3,0.000000,0.000007,0.000008,0.000027,1.020240
tournament 5,180,1,1.290939,75,50,rastrigin,3,0.000000,0.000001,0.000000,0.000004,0.833270
tournament 5,190,1,1.859271,75,50,rastrigin,3,0.000000,0.000011,0.000007,0.000170,1.026360
tournament 5,180,1,1.037155,75,50,rastrigin,3,0.000000,0.000000,0.000000,0.000003,1.020085
tournament 5,180,1,1.493759,75,50,rastrigin,3,0.000000,0.000002,0.000002,0.000022,0.817675
tournament 5,200,1,0.537845,75,50,rastrigin,3,0.000000,0.000011,0.000014,0.000055,1.074415
tournament 5,180,1,1.200103,75,50,rastrigin,3,0.000000,0.000000,0.000000,0.000003,0.981845
tournament 5,180,1,1.388651,75,50,rastrigin,3,0.000000,0.000002,0.000001,0.000006,0.943015
tournament 5,180,1,1.606822,75,50,rastrigin,3,0.000000,0.000002,0.000002,0.000009,0.845830
tournament 5,150,1,1.493759,75,50,rastrigin,3,0.000000,0.000002,0.000002,0.000006,0.981025
tournament 5,170,1,1.606822,75,50,rastrigin,3,0.000000,0.000002,0.000002,0.000030,0.836820
tournament 5,190,1,0.500000,75,50,rastrigin,3,0.000000,0.000034,0.000032,0.000141,0.851040
tournament 5,180,1,1.728444,75,50,rastrigin,3,0.000000,0.000006,0.000004,0.000043,0.986740
tournament 5,170,1,1.728444,75,50,rastrigin,3,0.000000,0.000007,0.000008,0.000027,0.983655
tournament 5,150,1,1.728444,75,50,rastrigin,3,0.000000,0.000009,0.000009,0.000047,0.999945
tournament 5,170,1,2.000000,75,50,rastrigin,3,0.000000,0.000023,0.000017,0.000098,0.826005
tournament 5,200,1,1.728444,75,50,rastrigin,3,0.000000,0.000006,0.000008,0.000017,0.970665
tournament 5,190,1,0.720123,75,50,rastrigin,3,0.000000,0.000010,0.000012,0.000033,0.823395
tournament 5,190,1,0.669452,75,50,rastrigin,3,0.000000,0.000009,0.000010,0.000040,0.907235
tournament 5,200,1,2.000000,75,50,rastrigin,3,0.000000,0.000037,0.000036,0.000179,0.986105
tournament 5,190,1,0.833262,75,50,rastrigin,3,0.000000,0.000008,0.000010,0.000014,0.924650
tournament 5,190,1,1.037155,75,50,rastrigin,3,0.000000,0.000000,0.000000,0.000010,0.907865
tournament 5,180,1,0.537845,75,50,rastrigin,3,0.000002,0.000010,0.000012,0.000037,0.986295
tournament 5,190,1,0.896332,75,50,rastrigin,3,0.000000,0.000003,0.000003,0.000038,0.992425
tournament 5,190,1,0.964176,75,50,rastrigin,3,0.000000,0.000002,0.000001,0.000044,1.012560
tournament 5,190,1,1.115658,75,50,rastrigin,3,0.000000,0.000000,0.000000,0.000002,0.989440
tournament 5,190,1,1.388651,75,50,rastrigin,3,0.000000,0.000002,0.000002,0.000005,0.816175
tournament 5,190,1,1.606822,75,50,rastrigin,3,0.000000,0.000004,0.000004,0.000041,0.818225
tournament 5,190,1,1.728444,75,50,rastrigin,3,0.000000,0.000005,0.000006,0.000018,0.818825
tournament 5,190,1,1.200103,75,50,rastrigin,3,0.000000,0.000001,0.000000,0.000004,1.069900
tournament 5,190,1,1.493759,75,50,rastrigin,3,0.000000,0.000005,0.000004,0.000030,0.954425
tournament 5,190,1,1.290939,75,50,rastrigin,3,0.000000,0.000001,0.000000,0.000003,0.999280
tournament 5,190,1,2.000000,75,50,rastrigin,3,0.000000,0.000016,0.000016,0.000104,0.816780
tournament 5,180,1,0.964176,75,50,rastrigin,3,0.000000,0.000003,0.000005,0.000014,0.994530
tournament 5,200,1,0.622346,75,50,rastrigin,3,0.000000,0.000007,0.000008,0.000041,0.815685
tournament 5,180,1,1.115658,75,50,rastrigin,3,0.000000,0.000000,0.000000,0.000002,0.890700
tournament 5,200,1,0.500000,75,50,rastrigin,3,0.000000,0.000018,0.000011,0.000105,0.983565
tournament 5,200,1,0.578555,75,50,rastrigin,3,0.000000,0.000017,0.000019,0.000074,0.919430
tournament 5,200,1,0.669452,75,50,rastrigin,3,0.000000,0.000009,0.000010,0.000034,0.988030
tournament 5,200,1,0.774630,75,50,rastrigin,3,0.000000,0.000013,0.000017,0.000089,0.826235
tournament 5,200,1,0.720123,75,50,rastrigin,3,0.000000,0.000012,0.000017,0.000022,0.984265
tournament 5,200,1,0.833262,75,50,rastrigin,3,0.000000,0.000012,0.000010,0.000036,0.902080
tournament 5,200,1,1.200103,75,50,rastrigin,3,0.000000,0.000000,0.000000,0.000003,0.821025
tournament 5,200,1,1.115658,75,50,rastrigin,3,0.000000,0.000000,0.000000,0.000001,0.846975
tournament 5,200,1,1.290939,75,50,rastrigin,3,0.000000,0.000001,0.000000,0.000002,0.857905
tournament 5,200,1,0.896332,75,50,rastrigin,3,0.000000,0.000013,0.000014,0.000041,0.972745
tournament 5,200,1,0.964176,75,50,rastrigin,3,0.000000,0.000003,0.000004,0.000017,0.952295
tournament 5,200,1,1.037155,75,50,rastrigin,3,0.000000,0.000000,0.000000,0.000004,0.974235
tournament 5,200,1,1.493759,75,50,rastrigin,3,0.000000,0.000001,0.000000,0.000006,0.859390
tournament 5,190,1,0.537845,75,50,rastrigin,3,0.000000,0.000026,0.000020,0.000187,0.830370
tournament 5,200,1,1.388651,75,50,rastrigin,3,0.000000,0.000001,0.000000,0.000006,0.911200
tournament 5,200,1,1.606822,75,50,rastrigin,3,0.000000,0.000004,0.000004,0.000063,0.941425
tournament 5,180,1,0.500000,75,50,rastrigin,3,0.000000,0.000024,0.000024,0.000325,0.860475
tournament 5,200,1,1.859271,75,50,rastrigin,3,0.000000,0.000012,0.000007,0.000075,0.876285
roulette wheel,30,1,1.388651,225,150,rastrigin,6,0.000000,0.000000,0.000000,0.000000,12.654295
roulette wheel,20,1,1.388651,225,150,rastrigin,6,0.000244,0.002805,0.003218,0.013412,12.591410
roulette wheel,10,1,0.774630,225,150,rastrigin,6,0.227844,0.988014,1.152284,0.605974,12.976275
roulette wheel,10,1,1.200103,225,150,rastrigin,6,0.119436,0.915553,1.109813,0.531618,13.272740
roulette wheel,10,1,0.500000,225,150,rastrigin,6,0.133118,1.149678,1.340784,0.742706,13.367070
roulette wheel,20,1,0.578555,225,150,rastrigin,6,0.000706,0.008538,0.009306,0.034084,13.559135
roulette wheel,10,1,1.037155,225,150,rastrigin,6,0.061083,0.412238,0.416278,0.396443,14.146825
roulette wheel,30,1,1.037155,225,150,rastrigin,6,0.000000,0.000000,0.000000,0.000000,12.991620
roulette wheel,20,1,0.774630,225,150,rastrigin,6,0.003242,0.022823,0.020728,0.224003,18.577130
roulette wheel,30,1,1.200103,225,150,rastrigin,6,0.000000,0.000000,0.000000,0.000000,14.442035
roulette wheel,10,1,0.896332,225,150,rastrigin,6,0.057878,1.077098,1.328655,0.694679,18.976910
roulette wheel,20,1,0.500000,225,150,rastrigin,6,0.001211,0.019504,0.026501,0.123554,19.410505
roulette wheel,20,1,1.037155,225,150,rastrigin,6,0.000042,0.000834,0.000954,0.002025,19.613860
roulette wheel,20,1,0.896332,225,150,rastrigin,6,0.000919,0.022882,0.019878,0.071884,20.439720
roulette wheel,10,1,1.606822,225,150,rastrigin,6,0.389683,1.407709,1.688247,0.757533,21.174760
roulette wheel,20,1,1.859271,225,150,rastrigin,6,0.003860,0.049014,0.062501,0.071923,19.666345
roulette wheel,30,1,0.774630,225,150,rastrigin,6,0.000004,0.000060,0.000052,0.001934,19.684410
roulette wheel,20,1,1.200103,225,150,rastrigin,6,0.000097,0.000646,0.000779,0.001538,23.213655
roulette wheel,10,1,1.388651,225,150,rastrigin,6,0.254314,1.160002,1.395160,0.723219,23.535325
roulette wheel,20,1,0.669452,225,150,rastrigin,6,0.002216,0.011403,0.014801,0.022602,23.919235
roulette wheel,20,1,1.606822,225,150,rastrigin,6,0.001186,0.017428,0.017266,0.025904,23.781240
roulette wheel,30,1,0.896332,225,150,rastrigin,6,0.000002,0.000043,0.000050,0.000121,21.728870
roulette wheel,10,1,1.859271,225,150,rastrigin,6,0.949638,1.741776,2.054290,0.620884,24.739280
roulette wheel,10,1,0.669452,225,150,rastrigin,6,0.104477,0.895497,1.177818,0.497843,24.791215
roulette wheel,30,1,0.669452,225,150,rastrigin,6,0.000006,0.000059,0.000046,0.000380,23.118640
roulette wheel,30,1,0.578555,225,150,rastrigin,6,0.000008,0.000074,0.000089,0.000185,23.698545
roulette wheel,30,1,0.500000,225,150,rastrigin,6,0.000010,0.000126,0.000092,0.000695,24.679260
roulette wheel,40,1,1.037155,225,150,rastrigin,6,0.000000,0.000000,0.000000,0.000000,15.244435
roulette wheel,40,1,0.669452,225,150,rastrigin,6,0.000000,0.000009,0.000010,0.000024,15.739670
roulette wheel,40,1,1.388651,225,150,rastrigin,6,0.000000,0.000000,0.000000,0.000000,15.281345
roulette wheel,40,1,1.606822,225,150,rastrigin,6,0.000000,0.000000,0.000000,0.000000,15.594265
roulette wheel,10,1,0.578555,225,150,rastrigin,6,0.003242,0.825383,1.253265,0.705957,21.714285
roulette wheel,30,1,1.606822,225,150,rastrigin,6,0.000000,0.000002,0.000003,0.000004,19.553255
roulette wheel,50,1,0.500000,225,150,rastrigin,6,0.000000,0.000015,0.000015,0.000032,15.918445
roulette wheel,40,1,0.896332,225,150,rastrigin,6,0.000000,0.000002,0.000003,0.000011,17.026135
roulette wheel,40,1,1.200103,225,150,rastrigin,6,0.000000,0.000000,0.000000,0.000000,17.139160
roulette wheel,50,1,0.774630,225,150,rastrigin,6,0.000000,0.000002,0.000002,0.000005,15.548575
roulette wheel,50,1,0.669452,225,150,rastrigin,6,0.000000,0.000002,0.000004,0.000004,17.154780
roulette wheel,40,1,1.859271,225,150,rastrigin,6,0.000000,0.000001,0.000000,0.000002,17.783505
roulette wheel,50,1,0.578555,225,150,rastrigin,6,0.000000,0.000004,0.000004,0.000021,18.505515
roulette wheel,30,1,1.859271,225,150,rastrigin,6,0.000004,0.000022,0.000023,0.000023,20.295145
roulette wheel,40,1,0.500000,225,150,rastrigin,6,0.000000,0.000018,0.000018,0.000713,20.118060
roulette wheel,50,1,1.037155,225,150,rastrigin,6,0.000000,0.000000,0.000000,0.000000,13.926465
roulette wheel,40,1,0.578555,225,150,rastrigin,6,0.000000,0.000004,0.000005,0.000009,21.476930
roulette wheel,40,1,0.774630,225,150,rastrigin,6,0.000000,0.000003,0.000005,0.000029,21.569895
roulette wheel,50,1,0.896332,225,150,rastrigin,6,0.000000,0.000002,0.000002,0.000006,16.109435
roulette wheel,50,1,1.200103,225,150,rastrigin,6,0.000000,0.000000,0.000000,0.000000,14.293055
roulette wheel,60,1,0.578555,225,150,rastrigin,6,0.000000,0.000000,0.000000,0.000003,12.865620
roulette wheel,50,1,1.859271,225,150,rastrigin,6,0.000000,0.000000,0.000000,0.000001,13.304480
roulette wheel,60,1,0.896332,225,150,rastrigin,6,0.000000,0.000000,0.000000,0.000002,13.102080
roulette wheel,60,1,0.500000,225,150,rastrigin,6,0.000000,0.000002,0.000004,0.000018,14.143015
roulette wheel,30,1,1.493759,225,150,rastrigin,6,0.000000,0.000000,0.000000,0.000002,13.408390
roulette wheel,60,1,0.669452,225,150,rastrigin,6,0.000000,0.000001,0.000000,0.000003,14.054945
roulette wheel,60,1,0.774630,225,150,rastrigin,6,0.000000,0.000001,0.000000,0.000003,13.968370
roulette wheel,20,1,0.622346,225,150,rastrigin,6,0.001146,0.007100,0.007432,0.020318,13.031375
roulette wheel,10,1,0.537845,225,150,rastrigin,6,0.078955,0.884648,1.168691,0.635678,13.421175
roulette wheel,50,1,1.388651,225,150,rastrigin,6,0.000000,0.000000,0.000000,0.000000,16.705395
roulette wheel,30,1,1.115658,225,150,rastrigin,6,0.000000,0.000000,0.000000,0.000000,12.655420
roulette wheel,20,1,1.493759,225,150,rastrigin,6,0.001146,0.006304,0.006249,0.008539,14.947305
roulette wheel,50,1,1.606822,225,150,rastrigin,6,0.000000,0.000000,0.000000,0.000000,19.623590
roulette wheel,30,1,1.290939,225,150,rastrigin,6,0.000000,0.000000,0.000000,0.000001,14.272720
roulette wheel,10,1,1.115658,225,150,rastrigin,6,0.058477,0.751489,1.161660,0.653635,17.065340
roulette wheel,10,1,0.833262,225,150,rastrigin,6,0.048727,0.720797,1.032640,0.590686,18.876705
roulette wheel,20,1,0.537845,225,150,rastrigin,6,0.000912,0.008869,0.009703,0.022846,13.632785
roulette wheel,10,1,1.290939,225,150,rastrigin,6,0.128180,1.050840,1.287579,0.647792,19.186880
roulette wheel,20,1,0.964176,225,150,rastrigin,6,0.001614,0.006849,0.008572,0.008000,13.811355
roulette wheel,20,1,0.833262,225,150,rastrigin,6,0.000612,0.016253,0.021969,0.098807,19.654235
roulette wheel,10,1,0.964176,225,150,rastrigin,6,0.140335,0.982187,1.156067,0.695083,18.969255
roulette wheel,20,1,1.115658,225,150,rastrigin,6,0.000027,0.000338,0.000410,0.000429,18.207100
roulette wheel,30,1,0.833262,225,150,rastrigin,6,0.000000,0.000028,0.000028,0.000237,15.113460
roulette wheel,10,1,1.728444,225,150,rastrigin,6,0.282038,1.515959,1.765327,0.650315,19.259570
roulette wheel,30,1,0.964176,225,150,rastrigin,6,0.000000,0.000003,0.000004,0.000008,14.722170
roulette wheel,20,1,1.728444,225,150,rastrigin,6,0.009575,0.039333,0.036958,0.066446,15.331945
roulette wheel,20,1,2.000000,225,150,rastrigin,6,0.007931,0.086594,0.091284,0.130603,18.243250
roulette wheel,20,1,1.290939,225,150,rastrigin,6,0.000074,0.000851,0.000938,0.001765,16.222695
roulette wheel,40,1,1.115658,225,150,rastrigin,6,0.000000,0.000000,0.000000,0.000000,13.710555
roulette wheel,40,1,0.720123,225,150,rastrigin,6,0.000000,0.000004,0.000004,0.000017,13.280890
roulette wheel,10,1,0.720123,225,150,rastrigin,6,0.087790,0.826728,1.109797,0.649687,16.113945
roulette wheel,40,1,1.493759,225,150,rastrigin,6,0.000000,0.000000,0.000000,0.000000,13.226300
roulette wheel,40,1,1.728444,225,150,rastrigin,6,0.000000,0.000000,0.000000,0.000001,13.435615
roulette wheel,30,1,0.720123,225,150,rastrigin,6,0.000004,0.000037,0.000038,0.000110,16.206685
roulette wheel,60,1,1.037155,225,150,rastrigin,6,0.000000,0.000000,0.000000,0.000000,15.373255
roulette wheel,10,1,2.000000,225,150,rastrigin,6,0.145622,2.068375,2.403980,0.922004,17.133820
roulette wheel,30,1,0.622346,225,150,rastrigin,6,0.000004,0.000073,0.000066,0.000286,15.537845
roulette wheel,20,1,0.720123,225,150,rastrigin,6,0.000895,0.010427,0.012241,0.016289,18.003630
roulette wheel,10,1,1.493759,225,150,rastrigin,6,0.073153,1.073066,1.268709,0.561268,20.227540
roulette wheel,30,1,0.537845,225,150,rastrigin,6,0.000000,0.000046,0.000051,0.000126,17.374355
roulette wheel,50,1,0.537845,225,150,rastrigin,6,0.000000,0.000002,0.000002,0.000004,13.390385
roulette wheel,30,1,1.728444,225,150,rastrigin,6,0.000002,0.000005,0.000007,0.000013,13.487745
roulette wheel,10,1,0.622346,225,150,rastrigin,6,0.054134,0.770486,1.128038,0.600144,18.172780
roulette wheel,50,1,0.833262,225,150,rastrigin,6,0.000000,0.000000,0.000000,0.000002,13.161000
roulette wheel,40,1,0.964176,225,150,rastrigin,6,0.000000,0.000000,0.000000,0.000001,14.874960
roulette wheel,40,1,1.290939,225,150,rastrigin,6,0.000000,0.000000,0.000000,0.000000,13.823300
roulette wheel,50,1,0.720123,225,150,rastrigin,6,0.000000,0.000003,0.000003,0.000049,13.272230
roulette wheel,50,1,0.622346,225,150,rastrigin,6,0.000000,0.000002,0.000003,0.000005,13.582890
roulette wheel,50,1,1.115658,225,150,rastrigin,6,0.000000,0.000000,0.000000,0.000000,13.619370
roulette wheel,60,1,1.200103,225,150,rastrigin,6,0.000000,0.000000,0.000000,0.000000,12.888870
roulette wheel,60,1,0.622346,225,150,rastrigin,6,0.000000,0.000001,0.000001,0.000009,12.839175
roulette wheel,50,1,2.000000,225,150,rastrigin,6,0.000000,0.000000,0.000000,0.000001,13.553355
roulette wheel,50,1,1.290939,225,150,rastrigin,6,0.000000,0.000000,0.000000,0.000000,13.827785
roulette wheel,60,1,0.964176,225,150,rastrigin,6,0.000000,0.000000,0.000000,0.000000,13.770635
roulette wheel,30,1,2.000000,225,150,rastrigin,6,0.000002,0.000078,0.000086,0.000161,16.673360
roulette wheel,60,1,1.388651,225,150,rastrigin,6,0.000000,0.000000,0.000000,0.000000,12.643285
roulette wheel,40,1,2.000000,225,150,rastrigin,6,0.000000,0.000002,0.000001,0.000007,16.767650
roulette wheel,50,1,0.964176,225,150,rastrigin,6,0.000000,0.000000,0.000000,0.000000,16.364960
roulette wheel,40,1,0.622346,225,150,rastrigin,6,0.000000,0.000006,0.000006,0.000010,16.894415
roulette wheel,40,1,0.537845,225,150,rastrigin,6,0.000000,0.000007,0.000010,0.000011,18.480355
roulette wheel,40,1,0.833262,225,150,rastrigin,6,0.000000,0.000005,0.000008,0.000008,18.429245
roulette wheel,60,1,0.833262,225,150,rastrigin,6,0.000000,0.000001,0.000001,0.000003,12.462525
roulette wheel,60,1,0.537845,225,150,rastrigin,6,0.000000,0.000001,0.000001,0.000002,16.521730
roulette wheel,60,1,1.606822,225,150,rastrigin,6,0.000000,0.000000,0.000000,0.000000,11.780570
roulette wheel,60,1,0.720123,225,150,rastrigin,6,0.000000,0.000001,0.000000,0.000002,16.482850
roulette wheel,60,1,1.859271,225,150,rastrigin,6,0.000000,0.000000,0.000000,0.000001,12.902630
roulette wheel,70,1,0.500000,225,150,rastrigin,6,0.000000,0.000004,0.000004,0.001975,12.399235
roulette wheel,50,1,1.728444,225,150,rastrigin,6,0.000000,0.000000,0.000000,0.000000,12.813335
roulette wheel,70,1,0.669452,225,150,rastrigin,6,0.000000,0.000000,0.000000,0.000002,12.617885
roulette wheel,70,1,1.037155,225,150,rastrigin,6,0.000000,0.000000,0.000000,0.000000,13.983110
roulette wheel,50,1,1.493759,225,150,rastrigin,6,0.000000,0.000000,0.000000,0.000000,18.293740
roulette wheel,70,1,1.388651,225,150,rastrigin,6,0.000000,0.000000,0.000000,0.000000,13.378565
roulette wheel,70,1,1.859271,225,150,rastrigin,6,0.000000,0.000000,0.000000,0.000000,12.812500
roulette wheel,80,1,0.774630,225,150,rastrigin,6,0.000000,0.000000,0.000000,0.000003,13.054620
roulette wheel,70,1,0.578555,225,150,rastrigin,6,0.000000,0.000000,0.000000,0.000002,18.786760
roulette wheel,80,1,0.896332,225,150,rastrigin,6,0.000000,0.000000,0.000000,0.000001,13.464065
roulette wheel,70,1,0.896332,225,150,rastrigin,6,0.000000,0.000000,0.000000,0.000006,16.862275
roulette wheel,70,1,0.774630,225,150,rastrigin,6,0.000000,0.000000,0.000000,0.000002,17.538550
roulette wheel,80,1,1.200103,225,150,rastrigin,6,0.000000,0.000000,0.000000,0.000000,13.567875
roulette wheel,80,1,0.578555,225,150,rastrigin,6,0.000000,0.000000,0.000000,0.000004,15.581045
roulette wheel,80,1,1.606822,225,150,rastrigin,6,0.000000,0.000000,0.000000,0.000000,12.856685
roulette wheel,80,1,1.859271,225,150,rastrigin,6,0.000000,0.000000,0.000000,0.000000,12.900935
roulette wheel,80,1,0.669452,225,150,rastrigin,6,0.000000,0.000000,0.000000,0.000001,16.375975
roulette wheel,90,1,0.500000,225,150,rastrigin,6,0.000000,0.000002,0.000004,0.000046,12.621275
roulette wheel,80,1,0.500000,225,150,rastrigin,6,0.000000,0.000002,0.000002,0.000003,16.573555
roulette wheel,90,1,0.578555,225,150,rastrigin,6,0.000000,0.000000,0.000000,0.000001,12.415340
roulette wheel,90,1,0.669452,225,150,rastrigin,6,0.000000,0.000000,0.000000,0.000001,12.899525
roulette wheel,70,1,1.606822,225,150,rastrigin,6,0.000000,0.000000,0.000000,0.000000,18.266710
roulette wheel,80,1,1.388651,225,150,rastrigin,6,0.000000,0.000000,0.000000,0.000000,15.552475
roulette wheel,80,1,1.037155,225,150,rastrigin,6,0.000000,0.000000,0.000000,0.000000,17.272470
roulette wheel,90,1,0.774630,225,150,rastrigin,6,0.000000,0.000000,0.000000,0.000011,12.871765
roulette wheel,60,1,1.115658,225,150,rastrigin,6,0.000000,0.000000,0.000000,0.000000,12.990395
roulette wheel,70,1,1.200103,225,150,rastrigin,6,0.000000,0.000000,0.000000,0.000000,21.150415
roulette wheel,90,1,0.896332,225,150,rastrigin,6,0.000000,0.000000,0.000000,0.000001,14.241670
roulette wheel,90,1,1.037155,225,150,rastrigin,6,0.000000,0.000000,0.000000,0.000000,13.636830
roulette wheel,90,1,1.859271,225,150,rastrigin,6,0.000000,0.000000,0.000000,0.000000,13.011460
roulette wheel,90,1,1.606822,225,150,rastrigin,6,0.000000,0.000000,0.000000,0.000000,13.582920
roulette wheel,90,1,1.200103,225,150,rastrigin,6,0.000000,0.000000,0.000000,0.000000,13.666955
roulette wheel,90,1,1.388651,225,150,rastrigin,6,0.000000,0.000000,0.000000,0.000000,13.896470
roulette wheel,100,1,0.578555,225,150,rastrigin,6,0.000000,0.000000,0.000000,0.000004,12.317490
roulette wheel,100,1,1.388651,225,150,rastrigin,6,0.000000,0.000000,0.000000,0.000000,11.783985
roulette wheel,100,1,0.896332,225,150,rastrigin,6,0.000000,0.000000,0.000000,0.000007,11.979445
roulette wheel,100,1,1.037155,225,150,rastrigin,6,0.000000,0.000000,0.000000,0.000000,12.505400
roulette wheel,60,1,1.290939,225,150,rastrigin,6,0.000000,0.000000,0.000000,0.000000,12.183505
roulette wheel,100,1,0.669452,225,150,rastrigin,6,0.000000,0.000000,0.000000,0.000003,13.528010
roulette wheel,100,1,0.774630,225,150,rastrigin,6,0.000000,0.000000,0.000000,0.000002,13.307220
roulette wheel,100,1,1.859271,225,150,rastrigin,6,0.000000,0.000000,0.000000,0.000000,12.485045
roulette wheel,100,1,0.500000,225,150,rastrigin,6,0.000000,0.000000,0.000000,0.000008,14.709220
roulette wheel,100,1,1.606822,225,150,rastrigin,6,0.000000,0.000000,0.000000,0.000000,12.731480
roulette wheel,110,1,0.500000,225,150,rastrigin,6,0.000000,0.000001,0.000000,0.000004,11.993910
roulette wheel,100,1,1.200103,225,150,rastrigin,6,0.000000,0.000000,0.000000,0.000000,13.474420
roulette wheel,110,1,0.578555,225,150,rastrigin,6,0.000000,0.000000,0.000000,0.000003,12.412875
roulette wheel,110,1,0.669452,225,150,rastrigin,6,0.000000,0.000000,0.000000,0.000001,12.486970
roulette wheel,60,1,1.493759,225,150,rastrigin,6,0.000000,0.000000,0.000000,0.000000,12.123315
roulette wheel,110,1,0.774630,225,150,rastrigin,6,0.000000,0.000000,0.000000,0.000001,15.222785
roulette wheel,110,1,1.037155,225,150,rastrigin,6,0.000000,0.000000,0.000000,0.000000,12.546610
roulette wheel,110,1,0.896332,225,150,rastrigin,6,0.000000,0.000000,0.000000,0.000000,15.266580
roulette wheel,60,1,1.728444,225,150,rastrigin,6,0.000000,0.000000,0.000000,0.000000,11.814585
roulette wheel,110,1,1.200103,225,150,rastrigin,6,0.000000,0.000000,0.000000,0.000000,13.311530
roulette wheel,110,1,1.606822,225,150,rastrigin,6,0.000000,0.000000,0.000000,0.000000,13.605540
roulette wheel,110,1,1.859271,225,150,rastrigin,6,0.000000,0.000000,0.000000,0.000000,12.678670
roulette wheel,70,1,0.537845,225,150,rastrigin,6,0.000000,0.000001,0.000000,0.000003,11.796130
roulette wheel,70,1,0.720123,225,150,rastrigin,6,0.000000,0.000000,0.000000,0.000002,11.314315
roulette wheel,70,1,1.115658,225,150,rastrigin,6,0.000000,0.000000,0.000000,0.000000,11.263520
roulette wheel,110,1,1.388651,225,150,rastrigin,6,0.000000,0.000000,0.000000,0.000000,14.382655
roulette wheel,70,1,1.493759,225,150,rastrigin,6,0.000000,0.000000,0.000000,0.000000,11.465450
roulette wheel,120,1,0.578555,225,150,rastrigin,6,0.000000,0.000000,0.000000,0.000001,12.912020
roulette wheel,60,1,2.000000,225,150,rastrigin,6,0.000000,0.000000,0.000000,0.000000,13.099775
roulette wheel,120,1,0.500000,225,150,rastrigin,6,0.000000,0.000000,0.000000,0.000001,13.784565
roulette wheel,120,1,0.669452,225,150,rastrigin,6,0.000000,0.000000,0.000000,0.000010,12.394665
roulette wheel,120,1,0.774630,225,150,rastrigin,6,0.000000,0.000000,0.000000,0.000002,13.996805
roulette wheel,70,1,2.000000,225,150,rastrigin,6,0.000000,0.000000,0.000000,0.000001,13.778090
roulette wheel,80,1,0.964176,225,150,rastrigin,6,0.000000,0.000000,0.000000,0.000001,12.289220
roulette wheel,80,1,0.833262,225,150,rastrigin,6,0.000000,0.000000,0.000000,0.000004,13.800250
roulette wheel,70,1,0.622346,225,150,rastrigin,6,0.000000,0.000001,0.000002,0.000002,13.740420
roulette wheel,120,1,0.896332,225,150,rastrigin,6,0.000000,0.000000,0.000000,0.000000,13.075450
roulette wheel,80,1,1.290939,225,150,rastrigin,6,0.000000,0.000000,0.000000,0.000000,11.977450
roulette wheel,80,1,1.728444,225,150,rastrigin,6,0.000000,0.000000,0.000000,0.000000,11.246035
roulette wheel,90,1,0.537845,225,150,rastrigin,6,0.000000,0.000000,0.000000,0.000001,11.230650
roulette wheel,90,1,0.720123,225,150,rastrigin,6,0.000000,0.000000,0.000000,0.000001,11.373915
roulette wheel,120,1,1.037155,225,150,rastrigin,6,0.000000,0.000000,0.000000,0.000000,11.219785
roulette wheel,90,1,0.622346,225,150,rastrigin,6,0.000000,0.000000,0.000000,0.000012,11.886125
roulette wheel,80,1,2.000000,225,150,rastrigin,6,0.000000,0.000000,0.000000,0.000001,12.674245
roulette wheel,130,1,1.037155,225,150,rastrigin,6,0.000000,0.000000,0.000000,0.000000,11.682520
roulette wheel,90,1,0.833262,225,150,rastrigin,6,0.000000,0.000000,0.000000,0.000002,12.525350
roulette wheel,70,1,0.964176,225,150,rastrigin,6,0.000000,0.000000,0.000000,0.000000,21.416755
roulette wheel,90,1,1.115658,225,150,rastrigin,6,0.000000,0.000000,0.000000,0.000000,12.037905
roulette wheel,90,1,2.000000,225,150,rastrigin,6,0.000000,0.000000,0.000000,0.000000,11.301295
roulette wheel,90,1,1.728444,225,150,rastrigin,6,0.000000,0.000000,0.000000,0.000000,11.459905
roulette wheel,70,1,0.833262,225,150,rastrigin,6,0.000000,0.000000,0.000000,0.000002,20.461690
roulette wheel,80,1,1.115658,225,150,rastrigin,6,0.000000,0.000000,0.000000,0.000000,17.151685
roulette wheel,80,1,0.720123,225,150,rastrigin,6,0.000000,0.000001,0.000000,0.000007,18.102700
roulette wheel,80,1,0.622346,225,150,rastrigin,6,0.000000,0.000000,0.000000,0.000003,18.647290
roulette wheel,80,1,1.493759,225,150,rastrigin,6,0.000000,0.000000,0.000000,0.000000,18.147265
roulette wheel,70,1,1.728444,225,150,rastrigin,6,0.000000,0.000000,0.000000,0.000000,18.487010
roulette wheel,100,1,1.493759,225,150,rastrigin,6,0.000000,0.000000,0.000000,0.000000,12.993360
roulette wheel,80,1,0.537845,225,150,rastrigin,6,0.000000,0.000000,0.000000,0.000002,21.316455
roulette wheel,90,1,0.964176,225,150,rastrigin,6,0.000000,0.000000,0.000000,0.000000,20.117540
roulette wheel,100,1,1.115658,225,150,rastrigin,6,0.000000,0.000000,0.000000,0.000000,12.164190
roulette wheel,100,1,0.622346,225,150,rastrigin,6,0.000000,0.000000,0.000000,0.000003,15.769535
roulette wheel,90,1,1.493759,225,150,rastrigin,6,0.000000,0.000000,0.000000,0.000000,16.960505
roulette wheel,120,1,1.388651,225,150,rastrigin,6,0.000000,0.000000,0.000000,0.000000,13.179290
roulette wheel,100,1,0.720123,225,150,rastrigin,6,0.000000,0.000000,0.000000,0.000004,13.609045
roulette wheel,100,1,2.000000,225,150,rastrigin,6,0.000000,0.000000,0.000000,0.000001,13.875245
roulette wheel,120,1,1.200103,225,150,rastrigin,6,0.000000,0.000000,0.000000,0.000000,15.310525
roulette wheel,90,1,1.290939,225,150,rastrigin,6,0.000000,0.000000,0.000000,0.000000,20.337860
roulette wheel,100,1,0.964176,225,150,rastrigin,6,0.000000,0.000000,0.000000,0.000000,16.777040
roulette wheel,100,1,0.537845,225,150,rastrigin,6,0.000000,0.000000,0.000000,0.000003,14.242495
roulette wheel,100,1,0.833262,225,150,rastrigin,6,0.000000,0.000000,0.000000,0.000003,15.481750
roulette wheel,110,1,0.537845,225,150,rastrigin,6,0.000000,0.000000,0.000000,0.000002,12.767570
roulette wheel,100,1,1.728444,225,150,rastrigin,6,0.000000,0.000000,0.000000,0.000000,15.139425
roulette wheel,110,1,0.622346,225,150,rastrigin,6,0.000000,0.000000,0.000000,0.000001,13.284215
roulette wheel,120,1,1.606822,225,150,rastrigin,6,0.000000,0.000000,0.000000,0.000000,13.815305
roulette wheel,100,1,1.290939,225,150,rastrigin,6,0.000000,0.000000,0.000000,0.000000,14.775550
roulette wheel,110,1,0.720123,225,150,rastrigin,6,0.000000,0.000000,0.000000,0.000001,14.690850
roulette wheel,110,1,0.833262,225,150,rastrigin,6,0.000000,0.000000,0.000000,0.000001,14.349610
roulette wheel,110,1,2.000000,225,150,rastrigin,6,0.000000,0.000000,0.000000,0.000001,13.492660
roulette wheel,120,1,1.859271,225,150,rastrigin,6,0.000000,0.000000,0.000000,0.000000,14.356370
roulette wheel,110,1,1.115658,225,150,rastrigin,6,0.000000,0.000000,0.000000,0.000000,15.019185
roulette wheel,130,1,0.500000,225,150,rastrigin,6,0.000000,0.000000,0.000000,0.000009,14.600395
roulette wheel,130,1,0.578555,225,150,rastrigin,6,0.000000,0.000000,0.000000,0.000000,13.102440
roulette wheel,110,1,0.964176,225,150,rastrigin,6,0.000000,0.000000,0.000000,0.000000,16.708045
roulette wheel,130,1,0.774630,225,150,rastrigin,6,0.000000,0.000000,0.000000,0.000008,12.722590
roulette wheel,130,1,0.669452,225,150,rastrigin,6,0.000000,0.000000,0.000000,0.000001,12.810230
roulette wheel,110,1,1.290939,225,150,rastrigin,6,0.000000,0.000000,0.000000,0.000000,16.839350
roulette wheel,110,1,1.728444,225,150,rastrigin,6,0.000000,0.000000,0.000000,0.000000,17.019320
roulette wheel,120,1,0.622346,225,150,rastrigin,6,0.000000,0.000000,0.000000,0.000000,11.845540
roulette wheel,130,1,0.896332,225,150,rastrigin,6,0.000000,0.000000,0.000000,0.000000,12.468130
roulette wheel,70,1,1.290939,225,150,rastrigin,6,0.000000,0.000000,0.000000,0.000000,12.410570
roulette wheel,120,1,0.833262,225,150,rastrigin,6,0.000000,0.000000,0.000000,0.000001,12.490400
roulette wheel,110,1,1.493759,225,150,rastrigin,6,0.000000,0.000000,0.000000,0.000000,15.243260
roulette wheel,130,1,1.388651,225,150,rastrigin,6,0.000000,0.000000,0.000000,0.000000,11.927940
roulette wheel,120,1,0.720123,225,150,rastrigin,6,0.000000,0.000000,0.000000,0.000001,15.718405
roulette wheel,140,1,0.500000,225,150,rastrigin,6,0.000000,0.000000,0.000000,0.000003,12.831900
roulette wheel,140,1,0.578555,225,150,rastrigin,6,0.000000,0.000000,0.000000,0.000001,12.554445
roulette wheel,120,1,0.537845,225,150,rastrigin,6,0.000000,0.000000,0.000000,0.000001,16.958880
roulette wheel,140,1,0.774630,225,150,rastrigin,6,0.000000,0.000000,0.000000,0.000003,11.931230
roulette wheel,130,1,1.200103,225,150,rastrigin,6,0.000000,0.000000,0.000000,0.000000,15.617375
roulette wheel,130,1,1.859271,225,150,rastrigin,6,0.000000,0.000000,0.000000,0.000001,13.964340
roulette wheel,130,1,1.115658,225,150,rastrigin,6,0.000000,0.000000,0.000000,0.000000,11.476415
roulette wheel,140,1,1.037155,225,150,rastrigin,6,0.000000,0.000000,0.000000,0.000000,11.655480
roulette wheel,120,1,1.115658,225,150,rastrigin,6,0.000000,0.000000,0.000000,0.000000,13.259290
roulette wheel,140,1,0.669452,225,150,rastrigin,6,0.000000,0.000000,0.000000,0.000000,14.604560
roulette wheel,120,1,0.964176,225,150,rastrigin,6,0.000000,0.000000,0.000000,0.000000,16.091815
roulette wheel,140,1,0.896332,225,150,rastrigin,6,0.000000,0.000000,0.000000,0.000002,14.886470
roulette wheel,130,1,1.606822,225,150,rastrigin,6,0.000000,0.000000,0.000000,0.000000,18.150725
roulette wheel,140,1,1.859271,225,150,rastrigin,6,0.000000,0.000000,0.000000,0.000000,11.341595
roulette wheel,140,1,1.200103,225,150,rastrigin,6,0.000000,0.000000,0.000000,0.000000,15.324680
roulette wheel,140,1,1.606822,225,150,rastrigin,6,0.000000,0.000000,0.000000,0.000000,13.608840
roulette wheel,150,1,0.896332,225,150,rastrigin,6,0.000000,0.000000,0.000000,0.000000,11.764905
roulette wheel,150,1,1.388651,225,150,rastrigin,6,0.000000,0.000000,0.000000,0.000000,11.658940
roulette wheel,150,1,1.037155,225,150,rastrigin,6,0.000000,0.000000,0.000000,0.000000,12.316340
roulette wheel,150,1,0.500000,225,150,rastrigin,6,0.000000,0.000000,0.000000,0.000003,14.473295
roulette wheel,140,1,1.388651,225,150,rastrigin,6,0.000000,0.000000,0.000000,0.000000,18.842475
roulette wheel,160,1,0.500000,225,150,rastrigin,6,0.000000,0.000000,0.000000,0.000002,11.882245
roulette wheel,120,1,1.493759,225,150,rastrigin,6,0.000000,0.000000,0.000000,0.000000,11.356950
roulette wheel,160,1,0.774630,225,150,rastrigin,6,0.000000,0.000000,0.000000,0.000000,11.429115
roulette wheel,150,1,0.578555,225,150,rastrigin,6,0.000000,0.000000,0.000000,0.000001,17.822885
roulette wheel,150,1,1.200103,225,150,rastrigin,6,0.000000,0.000000,0.000000,0.000000,19.536540
roulette wheel,160,1,0.896332,225,150,rastrigin,6,0.000000,0.000000,0.000000,0.000001,15.662520
roulette wheel,150,1,0.669452,225,150,rastrigin,6,0.000000,0.000000,0.000000,0.000001,21.645025
roulette wheel,150,1,0.774630,225,150,rastrigin,6,0.000000,0.000000,0.000000,0.000001,21.052470
roulette wheel,170,1,0.500000,225,150,rastrigin,6,0.000000,0.000000,0.000000,0.000003,11.438585
roulette wheel,170,1,0.578555,225,150,rastrigin,6,0.000000,0.000000,0.000000,0.000013,11.588005
roulette wheel,150,1,1.859271,225,150,rastrigin,6,0.000000,0.000000,0.000000,0.000000,19.606055
roulette wheel,160,1,1.200103,225,150,rastrigin,6,0.000000,0.000000,0.000000,0.000000,16.945745
roulette wheel,120,1,1.728444,225,150,rastrigin,6,0.000000,0.000000,0.000000,0.000000,11.518765
roulette wheel,160,1,0.578555,225,150,rastrigin,6,0.000000,0.000000,0.000000,0.000001,19.146575
roulette wheel,150,1,1.606822,225,150,rastrigin,6,0.000000,0.000000,0.000000,0.000000,22.110875
roulette wheel,120,1,1.290939,225,150,rastrigin,6,0.000000,0.000000,0.000000,0.000000,18.142905
roulette wheel,170,1,0.896332,225,150,rastrigin,6,0.000000,0.000000,0.000000,0.000001,11.655900
roulette wheel,120,1,2.000000,225,150,rastrigin,6,0.000000,0.000000,0.000000,0.000000,11.593380
roulette wheel,160,1,0.669452,225,150,rastrigin,6,0.000000,0.000000,0.000000,0.000001,20.951545
roulette wheel,160,1,1.388651,225,150,rastrigin,6,0.000000,0.000000,0.000000,0.000000,18.338315
roulette wheel,160,1,1.037155,225,150,rastrigin,6,0.000000,0.000000,0.000000,0.000000,20.189640
roulette wheel,130,1,0.622346,225,150,rastrigin,6,0.000000,0.000000,0.000000,0.000000,11.834630
roulette wheel,160,1,1.859271,225,150,rastrigin,6,0.000000,0.000000,0.000000,0.000000,18.859785
roulette wheel,130,1,0.720123,225,150,rastrigin,6,0.000000,0.000000,0.000000,0.000001,12.141675
roulette wheel,130,1,0.833262,225,150,rastrigin,6,0.000000,0.000000,0.000000,0.000000,12.466245
roulette wheel,170,1,0.774630,225,150,rastrigin,6,0.000000,0.000000,0.000000,0.000000,16.626450
roulette wheel,170,1,0.669452,225,150,rastrigin,6,0.000000,0.000000,0.000000,0.000001,17.296185
roulette wheel,160,1,1.606822,225,150,rastrigin,6,0.000000,0.000000,0.000000,0.000000,20.264180
roulette wheel,170,1,1.388651,225,150,rastrigin,6,0.000000,0.000000,0.000000,0.000000,16.819225
roulette wheel,180,1,0.578555,225,150,rastrigin,6,0.000000,0.000000,0.000000,0.000001,11.332720
roulette wheel,130,1,0.964176,225,150,rastrigin,6,0.000000,0.000000,0.000000,0.000000,11.615395
roulette wheel,170,1,1.200103,225,150,rastrigin,6,0.000000,0.000000,0.000000,0.000000,19.035010
roulette wheel,170,1,1.037155,225,150,rastrigin,6,0.000000,0.000000,0.000000,0.000000,19.354340
roulette wheel,170,1,1.606822,225,150,rastrigin,6,0.000000,0.000000,0.000000,0.000000,16.996500
roulette wheel,130,1,0.537845,225,150,rastrigin,6,0.000000,0.000000,0.000000,0.000001,18.172050
roulette wheel,170,1,1.859271,225,150,rastrigin,6,0.000000,0.000000,0.000000,0.000000,16.387885
roulette wheel,180,1,0.500000,225,150,rastrigin,6,0.000000,0.000000,0.000000,0.000001,15.777870
roulette wheel,180,1,0.669452,225,150,rastrigin,6,0.000000,0.000000,0.000000,0.000000,13.239825
roulette wheel,140,1,0.537845,225,150,rastrigin,6,0.000000,0.000000,0.000000,0.000001,11.560985
roulette wheel,130,1,1.493759,225,150,rastrigin,6,0.000000,0.000000,0.000000,0.000000,12.010060
roulette wheel,180,1,0.896332,225,150,rastrigin,6,0.000000,0.000000,0.000000,0.000001,13.922390
roulette wheel,140,1,0.622346,225,150,rastrigin,6,0.000000,0.000000,0.000000,0.000000,13.423865
roulette wheel,180,1,0.774630,225,150,rastrigin,6,0.000000,0.000000,0.000000,0.000000,14.157225
roulette wheel,140,1,0.833262,225,150,rastrigin,6,0.000000,0.000000,0.000000,0.000000,12.102365
roulette wheel,180,1,1.037155,225,150,rastrigin,6,0.000000,0.000000,0.000000,0.000000,14.277040
roulette wheel,180,1,1.200103,225,150,rastrigin,6,0.000000,0.000000,0.000000,0.000000,13.137115
roulette wheel,180,1,1.388651,225,150,rastrigin,6,0.000000,0.000000,0.000000,0.000000,11.435395
roulette wheel,180,1,1.606822,225,150,rastrigin,6,0.000000,0.000000,0.000000,0.000000,11.498045
roulette wheel,130,1,1.290939,225,150,rastrigin,6,0.000000,0.000000,0.000000,0.000000,14.220935
roulette wheel,130,1,2.000000,225,150,rastrigin,6,0.000000,0.000000,0.000000,0.000001,13.342435
roulette wheel,140,1,0.720123,225,150,rastrigin,6,0.000000,0.000000,0.000000,0.000000,11.900660
roulette wheel,140,1,0.964176,225,150,rastrigin,6,0.000000,0.000000,0.000000,0.000000,12.113465
roulette wheel,140,1,1.115658,225,150,rastrigin,6,0.000000,0.000000,0.000000,0.000000,13.821015
roulette wheel,180,1,1.859271,225,150,rastrigin,6,0.000000,0.000000,0.000000,0.000000,13.390850
roulette wheel,140,1,2.000000,225,150,rastrigin,6,0.000000,0.000000,0.000000,0.000000,12.233195
roulette wheel,130,1,1.728444,225,150,rastrigin,6,0.000000,0.000000,0.000000,0.000000,13.951050
roulette wheel,140,1,1.728444,225,150,rastrigin,6,0.000000,0.000000,0.000000,0.000000,12.660770
roulette wheel,140,1,1.290939,225,150,rastrigin,6,0.000000,0.000000,0.000000,0.000000,13.345920
roulette wheel,150,1,1.493759,225,150,rastrigin,6,0.000000,0.000000,0.000000,0.000000,13.029315
roulette wheel,150,1,0.537845,225,150,rastrigin,6,0.000000,0.000000,0.000000,0.000004,13.404580
roulette wheel,160,1,0.537845,225,150,rastrigin,6,0.000000,0.000000,0.000000,0.000004,12.437255
roulette wheel,150,1,1.115658,225,150,rastrigin,6,0.000000,0.000000,0.000000,0.000000,13.849635
roulette wheel,190,1,0.500000,225,150,rastrigin,6,0.000000,0.000000,0.000000,0.000003,12.585650
roulette wheel,160,1,0.833262,225,150,rastrigin,6,0.000000,0.000000,0.000000,0.000001,11.527745
roulette wheel,150,1,0.964176,225,150,rastrigin,6,0.000000,0.000000,0.000000,0.000000,16.431030
roulette wheel,140,1,1.493759,225,150,rastrigin,6,0.000000,0.000000,0.000000,0.000000,17.400055
roulette wheel,150,1,1.290939,225,150,rastrigin,6,0.000000,0.000000,0.000000,0.000000,14.888105
roulette wheel,170,1,0.537845,225,150,rastrigin,6,0.000000,0.000000,0.000000,0.000001,12.191645
roulette wheel,160,1,0.964176,225,150,rastrigin,6,0.000000,0.000000,0.000000,0.000000,13.712150
roulette wheel,150,1,0.622346,225,150,rastrigin,6,0.000000,0.000000,0.000000,0.000004,16.523635
roulette wheel,170,1,0.622346,225,150,rastrigin,6,0.000000,0.000000,0.000000,0.000001,12.354005
roulette wheel,150,1,0.833262,225,150,rastrigin,6,0.000000,0.000000,0.000000,0.000002,13.581795
roulette wheel,160,1,1.290939,225,150,rastrigin,6,0.000000,0.000000,0.000000,0.000000,12.451340
roulette wheel,190,1,0.578555,225,150,rastrigin,6,0.000000,0.000000,0.000000,0.000002,12.802080
roulette wheel,170,1,0.964176,225,150,rastrigin,6,0.000000,0.000000,0.000000,0.000000,12.241020
roulette wheel,160,1,0.622346,225,150,rastrigin,6,0.000000,0.000000,0.000000,0.000000,12.341740
roulette wheel,150,1,0.720123,225,150,rastrigin,6,0.000000,0.000000,0.000000,0.000001,15.860055
roulette wheel,190,1,0.669452,225,150,rastrigin,6,0.000000,0.000000,0.000000,0.000000,13.487765
roulette wheel,190,1,0.774630,225,150,rastrigin,6,0.000000,0.000000,0.000000,0.000004,12.004695
roulette wheel,150,1,1.728444,225,150,rastrigin,6,0.000000,0.000000,0.000000,0.000000,15.164580
roulette wheel,160,1,1.493759,225,150,rastrigin,6,0.000000,0.000000,0.000000,0.000000,12.636635
roulette wheel,190,1,0.896332,225,150,rastrigin,6,0.000000,0.000000,0.000000,0.000000,12.818935
roulette wheel,190,1,1.037155,225,150,rastrigin,6,0.000000,0.000000,0.000000,0.000000,12.146885
roulette wheel,150,1,2.000000,225,150,rastrigin,6,0.000000,0.000000,0.000000,0.000000,17.343560
roulette wheel,190,1,1.200103,225,150,rastrigin,6,0.000000,0.000000,0.000000,0.000000,11.691565
roulette wheel,160,1,2.000000,225,150,rastrigin,6,0.000000,0.000000,0.000000,0.000001,13.962430
roulette wheel,160,1,1.115658,225,150,rastrigin,6,0.000000,0.000000,0.000000,0.000000,15.429570
roulette wheel,160,1,0.720123,225,150,rastrigin,6,0.000000,0.000001,0.000000,0.000023,16.610130
roulette wheel,170,1,0.833262,225,150,rastrigin,6,0.000000,0.000000,0.000000,0.000000,13.348035
roulette wheel,190,1,1.388651,225,150,rastrigin,6,0.000000,0.000000,0.000000,0.000000,11.635155
roulette wheel,190,1,1.606822,225,150,rastrigin,6,0.000000,0.000000,0.000000,0.000000,11.652230
roulette wheel,180,1,0.622346,225,150,rastrigin,6,0.000000,0.000000,0.000000,0.000001,11.966020
roulette wheel,160,1,1.728444,225,150,rastrigin,6,0.000000,0.000000,0.000000,0.000000,12.181660
roulette wheel,170,1,1.493759,225,150,rastrigin,6,0.000000,0.000000,0.000000,0.000000,12.417085
roulette wheel,170,1,0.720123,225,150,rastrigin,6,0.000000,0.000000,0.000000,0.000003,12.704940
roulette wheel,170,1,1.290939,225,150,rastrigin,6,0.000000,0.000000,0.000000,0.000000,11.410365
roulette wheel,170,1,1.115658,225,150,rastrigin,6,0.000000,0.000000,0.000000,0.000000,12.546810
roulette wheel,170,1,1.728444,225,150,rastrigin,6,0.000000,0.000000,0.000000,0.000000,12.198475
roulette wheel,190,1,1.859271,225,150,rastrigin,6,0.000000,0.000000,0.000000,0.000000,12.030970
roulette wheel,170,1,2.000000,225,150,rastrigin,6,0.000000,0.000000,0.000000,0.000002,12.342970
roulette wheel,180,1,0.537845,225,150,rastrigin,6,0.000000,0.000000,0.000000,0.000002,12.237070
roulette wheel,200,1,0.578555,225,150,rastrigin,6,0.000000,0.000000,0.000000,0.000002,11.575175
roulette wheel,200,1,0.500000,225,150,rastrigin,6,0.000000,0.000000,0.000000,0.000002,11.889220
roulette wheel,180,1,0.720123,225,150,rastrigin,6,0.000000,0.000000,0.000000,0.000002,12.504805
roulette wheel,200,1,0.669452,225,150,rastrigin,6,0.000000,0.000000,0.000000,0.000001,12.504265
roulette wheel,180,1,0.964176,225,150,rastrigin,6,0.000000,0.000000,0.000000,0.000000,13.606175
roulette wheel,180,1,0.833262,225,150,rastrigin,6,0.000000,0.000000,0.000000,0.000001,13.032370
roulette wheel,200,1,0.774630,225,150,rastrigin,6,0.000000,0.000000,0.000000,0.000002,12.276330
roulette wheel,180,1,1.493759,225,150,rastrigin,6,0.000000,0.000000,0.000000,0.000000,11.823140
roulette wheel,200,1,1.200103,225,150,rastrigin,6,0.000000,0.000000,0.000000,0.000000,11.247825
roulette wheel,180,1,1.115658,225,150,rastrigin,6,0.000000,0.000000,0.000000,0.000000,13.459330
roulette wheel,180,1,1.728444,225,150,rastrigin,6,0.000000,0.000000,0.000000,0.000000,12.460095
roulette wheel,200,1,1.388651,225,150,rastrigin,6,0.000000,0.000000,0.000000,0.000000,11.605085
roulette wheel,200,1,1.037155,225,150,rastrigin,6,0.000000,0.000000,0.000000,0.000000,12.230715
roulette wheel,200,1,0.896332,225,150,rastrigin,6,0.000000,0.000000,0.000000,0.000000,13.646100
roulette wheel,200,1,1.606822,225,150,rastrigin,6,0.000000,0.000000,0.000000,0.000000,11.574470
roulette wheel,180,1,1.290939,225,150,rastrigin,6,0.000000,0.000000,0.000000,0.000000,15.748645
tournament 3,10,1,0.500000,225,150,rastrigin,6,0.201410,1.258949,1.397094,0.737394,12.968740
roulette wheel,180,1,2.000000,225,150,rastrigin,6,0.000000,0.000000,0.000000,0.000000,13.830485
tournament 3,10,1,0.669452,225,150,rastrigin,6,0.899155,1.594849,1.685096,0.478412,12.596320
tournament 3,10,1,1.037155,225,150,rastrigin,6,0.676111,1.162217,1.306805,0.332490,12.348765
tournament 3,10,1,1.200103,225,150,rastrigin,6,0.149471,1.252742,1.467109,0.609432,11.925845
roulette wheel,200,1,1.859271,225,150,rastrigin,6,0.000000,0.000000,0.000000,0.000000,16.219875
tournament 3,10,1,1.606822,225,150,rastrigin,6,0.419319,1.743134,1.890698,0.630005,12.048525
tournament 3,10,1,0.774630,225,150,rastrigin,6,1.091873,1.593848,1.656553,0.543442,16.478490
roulette wheel,190,1,0.537845,225,150,rastrigin,6,0.000000,0.000000,0.000000,0.000003,13.538265
tournament 3,20,1,0.669452,225,150,rastrigin,6,0.001455,0.023081,0.026872,0.109127,10.929040
tournament 3,20,1,0.774630,225,150,rastrigin,6,0.001314,0.035210,0.037370,0.062582,10.922870
tournament 3,20,1,1.037155,225,150,rastrigin,6,0.000141,0.000910,0.000839,0.001915,11.637880
tournament 3,10,1,0.578555,225,150,rastrigin,6,0.256136,1.285339,1.653012,0.578276,20.113460
tournament 3,20,1,1.388651,225,150,rastrigin,6,0.000788,0.005799,0.004367,0.011094,12.115895
tournament 3,10,1,0.896332,225,150,rastrigin,6,0.605745,1.628681,1.812711,0.527299,19.211715
roulette wheel,190,1,0.622346,225,150,rastrigin,6,0.000000,0.000000,0.000000,0.000000,12.570785
tournament 3,20,1,1.606822,225,150,rastrigin,6,0.000853,0.022406,0.023735,0.032978,11.850655
tournament 3,30,1,0.578555,225,150,rastrigin,6,0.000004,0.000090,0.000072,0.000254,11.833720
roulette wheel,190,1,0.964176,225,150,rastrigin,6,0.000000,0.000000,0.000000,0.000000,12.891890
tournament 3,20,1,1.859271,225,150,rastrigin,6,0.015240,0.072073,0.067911,0.211612,16.404570
tournament 3,10,1,1.859271,225,150,rastrigin,6,0.249601,2.165342,2.201215,0.993064,20.900695
roulette wheel,190,1,1.290939,225,150,rastrigin,6,0.000000,0.000000,0.000000,0.000000,13.562110
tournament 3,10,1,1.388651,225,150,rastrigin,6,1.017582,1.921175,2.132620,0.507645,26.264865
roulette wheel,190,1,1.115658,225,150,rastrigin,6,0.000000,0.000000,0.000000,0.000000,15.920835
tournament 3,20,1,0.896332,225,150,rastrigin,6,0.003113,0.027910,0.034958,0.049216,22.458260
roulette wheel,190,1,0.833262,225,150,rastrigin,6,0.000000,0.000000,0.000000,0.000001,18.292725
roulette wheel,190,1,0.720123,225,150,rastrigin,6,0.000000,0.000000,0.000000,0.000000,18.816965
roulette wheel,190,1,1.493759,225,150,rastrigin,6,0.000000,0.000000,0.000000,0.000000,12.840755
roulette wheel,190,1,1.728444,225,150,rastrigin,6,0.000000,0.000000,0.000000,0.000000,12.901365
tournament 3,20,1,0.500000,225,150,rastrigin,6,0.003038,0.053877,0.061553,0.091635,24.053645
tournament 3,30,1,0.774630,225,150,rastrigin,6,0.000031,0.000112,0.000119,0.000356,18.082185
tournament 3,30,1,1.859271,225,150,rastrigin,6,0.000000,0.000044,0.000053,0.000089,13.888080
tournament 3,30,1,0.669452,225,150,rastrigin,6,0.000000,0.000114,0.000142,0.000185,20.067240
tournament 3,40,1,0.774630,225,150,rastrigin,6,0.000000,0.000010,0.000010,0.000019,12.836305
tournament 3,40,1,0.896332,225,150,rastrigin,6,0.000000,0.000007,0.000004,0.000101,13.146915
roulette wheel,200,1,0.537845,225,150,rastrigin,6,0.000000,0.000000,0.000000,0.000000,12.800420
tournament 3,40,1,1.388651,225,150,rastrigin,6,0.000000,0.000000,0.000000,0.000000,15.547280
roulette wheel,200,1,0.622346,225,150,rastrigin,6,0.000000,0.000000,0.000000,0.000002,15.684985
tournament 3,40,1,0.578555,225,150,rastrigin,6,0.000002,0.000011,0.000010,0.000028,16.839095
tournament 3,20,1,0.578555,225,150,rastrigin,6,0.003265,0.015210,0.016560,0.036557,30.013140
tournament 3,30,1,0.500000,225,150,rastrigin,6,0.000002,0.000628,0.000425,0.003143,27.100890
tournament 3,40,1,1.200103,225,150,rastrigin,6,0.000000,0.000000,0.000000,0.000000,17.580275
tournament 3,20,1,1.200103,225,150,rastrigin,6,0.000101,0.000462,0.000486,0.000953,30.632225
roulette wheel,190,1,2.000000,225,150,rastrigin,6,0.000000,0.000000,0.000000,0.000001,17.711065
tournament 3,40,1,1.037155,225,150,rastrigin,6,0.000000,0.000000,0.000000,0.000000,19.317440
tournament 3,30,1,1.037155,225,150,rastrigin,6,0.000000,0.000000,0.000000,0.000000,23.242590
roulette wheel,200,1,0.720123,225,150,rastrigin,6,0.000000,0.000000,0.000000,0.000002,11.371830
tournament 3,30,1,0.896332,225,150,rastrigin,6,0.000004,0.000095,0.000116,0.000098,26.211465
tournament 3,50,1,0.578555,225,150,rastrigin,6,0.000000,0.000005,0.000008,0.000020,10.969630
tournament 3,30,1,1.606822,225,150,rastrigin,6,0.000000,0.000002,0.000002,0.000003,24.038840
tournament 3,50,1,0.669452,225,150,rastrigin,6,0.000000,0.000003,0.000003,0.000012,10.814225
tournament 3,30,1,1.200103,225,150,rastrigin,6,0.000000,0.000000,0.000000,0.000000,25.136730
tournament 3,40,1,0.669452,225,150,rastrigin,6,0.000000,0.000011,0.000010,0.000026,22.925975
roulette wheel,200,1,0.833262,225,150,rastrigin,6,0.000000,0.000000,0.000000,0.000000,12.491815
tournament 3,40,1,0.500000,225,150,rastrigin,6,0.000000,0.000076,0.000062,0.000540,23.623735
tournament 3,40,1,1.859271,225,150,rastrigin,6,0.000000,0.000000,0.000000,0.000003,14.141565
tournament 3,40,1,1.606822,225,150,rastrigin,6,0.000000,0.000000,0.000000,0.000000,19.936330
tournament 3,50,1,0.896332,225,150,rastrigin,6,0.000000,0.000001,0.000002,0.000003,11.421805
roulette wheel,200,1,1.290939,225,150,rastrigin,6,0.000000,0.000000,0.000000,0.000000,12.605365
roulette wheel,200,1,1.493759,225,150,rastrigin,6,0.000000,0.000000,0.000000,0.000000,11.805255
tournament 3,30,1,1.388651,225,150,rastrigin,6,0.000000,0.000000,0.000000,0.000001,27.480365
tournament 3,50,1,0.500000,225,150,rastrigin,6,0.000000,0.000037,0.000040,0.002261,15.667360
roulette wheel,200,1,1.728444,225,150,rastrigin,6,0.000000,0.000000,0.000000,0.000000,12.398455
tournament 3,50,1,0.774630,225,150,rastrigin,6,0.000000,0.000003,0.000004,0.000006,14.031125
tournament 3,50,1,1.037155,225,150,rastrigin,6,0.000000,0.000000,0.000000,0.000000,13.090725
roulette wheel,200,1,0.964176,225,150,rastrigin,6,0.000000,0.000000,0.000000,0.000000,14.567355
roulette wheel,200,1,1.115658,225,150,rastrigin,6,0.000000,0.000000,0.000000,0.000000,15.131350
tournament 3,10,1,0.537845,225,150,rastrigin,6,0.953060,1.587862,1.728473,0.442347,12.701780
tournament 3,50,1,1.200103,225,150,rastrigin,6,0.000000,0.000000,0.000000,0.000000,11.764175
tournament 3,10,1,0.720123,225,150,rastrigin,6,0.280685,1.320634,1.719607,0.649868,13.332840
tournament 3,10,1,1.290939,225,150,rastrigin,6,0.075825,1.171986,1.537493,0.785808,12.338960
tournament 3,50,1,1.388651,225,150,rastrigin,6,0.000000,0.000000,0.000000,0.000000,10.469610
tournament 3,10,1,0.833262,225,150,rastrigin,6,0.516312,1.693510,2.020507,0.591945,11.857015
roulette wheel,200,1,2.000000,225,150,rastrigin,6,0.000000,0.000000,0.000000,0.000001,12.705580
tournament 3,10,1,1.115658,225,150,rastrigin,6,0.127075,0.907902,1.255531,0.632113,14.338220
tournament 3,10,1,1.728444,225,150,rastrigin,6,0.404221,1.997152,2.322727,0.584021,12.995400
tournament 3,20,1,0.720123,225,150,rastrigin,6,0.007298,0.037480,0.047193,0.043526,12.916290
tournament 3,20,1,0.833262,225,150,rastrigin,6,0.000303,0.058215,0.065823,0.138648,11.984785
tournament 3,20,1,1.115658,225,150,rastrigin,6,0.000008,0.000317,0.000394,0.001268,12.041700
tournament 3,20,1,1.493759,225,150,rastrigin,6,0.002275,0.008086,0.009004,0.008015,12.066610
tournament 3,50,1,1.606822,225,150,rastrigin,6,0.000000,0.000000,0.000000,0.000000,11.272970
tournament 3,30,1,0.622346,225,150,rastrigin,6,0.000011,0.000066,0.000062,0.000206,11.045420
tournament 3,10,1,0.622346,225,150,rastrigin,6,0.204796,1.285637,1.390848,0.694557,13.231480
tournament 3,20,1,1.728444,225,150,rastrigin,6,0.004877,0.058937,0.070257,0.092143,12.248580
tournament 3,50,1,1.859271,225,150,rastrigin,6,0.000000,0.000000,0.000000,0.000000,11.020405
tournament 3,10,1,0.964176,225,150,rastrigin,6,0.321667,1.325011,1.642633,0.672617,13.314040
tournament 3,60,1,0.500000,225,150,rastrigin,6,0.000000,0.000027,0.000031,0.000398,11.805700
tournament 3,60,1,0.578555,225,150,rastrigin,6,0.000000,0.000004,0.000004,0.000025,11.227290
tournament 3,20,1,2.000000,225,150,rastrigin,6,0.011381,0.163039,0.170230,0.190967,14.145035
tournament 3,10,1,2.000000,225,150,rastrigin,6,0.568443,2.388165,2.775283,0.694661,14.492675
tournament 3,20,1,0.964176,225,150,rastrigin,6,0.000961,0.014143,0.015928,0.064967,11.526990
tournament 3,10,1,1.493759,225,150,rastrigin,6,0.599846,1.753297,1.921198,0.737047,13.691040
tournament 3,60,1,0.896332,225,150,rastrigin,6,0.000000,0.000003,0.000003,0.000013,10.678165
tournament 3,60,1,0.774630,225,150,rastrigin,6,0.000000,0.000004,0.000006,0.000005,12.238780
tournament 3,60,1,0.669452,225,150,rastrigin,6,0.000000,0.000003,0.000004,0.000013,13.187770
tournament 3,30,1,0.833262,225,150,rastrigin,6,0.000019,0.000137,0.000129,0.000580,11.211155
tournament 3,60,1,1.037155,225,150,rastrigin,6,0.000000,0.000000,0.000000,0.000000,14.159700
tournament 3,30,1,2.000000,225,150,rastrigin,6,0.000017,0.000219,0.000185,0.000975,13.130115
tournament 3,40,1,0.833262,225,150,rastrigin,6,0.000002,0.000011,0.000011,0.000017,12.008515
tournament 3,60,1,1.388651,225,150,rastrigin,6,0.000000,0.000000,0.000000,0.000000,10.474470
tournament 3,60,1,1.200103,225,150,rastrigin,6,0.000000,0.000000,0.000000,0.000000,11.034910
tournament 3,20,1,0.537845,225,150,rastrigin,6,0.002747,0.034709,0.039124,0.082668,14.691645
tournament 3,40,1,1.493759,225,150,rastrigin,6,0.000000,0.000000,0.000000,0.000000,11.081770
tournament 3,40,1,0.964176,225,150,rastrigin,6,0.000000,0.000000,0.000000,0.000001,12.947415
tournament 3,40,1,0.622346,225,150,rastrigin,6,0.000000,0.000006,0.000007,0.000012,11.569905
tournament 3,60,1,1.859271,225,150,rastrigin,6,0.000000,0.000000,0.000000,0.000000,10.739475
tournament 3,30,1,0.720123,225,150,rastrigin,6,0.000008,0.000113,0.000135,0.000979,14.957925
tournament 3,40,1,1.290939,225,150,rastrigin,6,0.000000,0.000000,0.000000,0.000000,11.672110
tournament 3,60,1,1.606822,225,150,rastrigin,6,0.000000,0.000000,0.000000,0.000000,12.080545
tournament 3,20,1,0.622346,225,150,rastrigin,6,0.004629,0.019021,0.020205,0.068634,13.458675
tournament 3,40,1,1.115658,225,150,rastrigin,6,0.000000,0.000000,0.000000,0.000000,13.380190
tournament 3,30,1,1.115658,225,150,rastrigin,6,0.000000,0.000000,0.000000,0.000000,14.087775
tournament 3,50,1,0.622346,225,150,rastrigin,6,0.000000,0.000004,0.000006,0.000016,12.457605
tournament 3,30,1,0.537845,225,150,rastrigin,6,0.000019,0.000183,0.000203,0.000848,16.395200
tournament 3,20,1,1.290939,225,150,rastrigin,6,0.000093,0.001366,0.001653,0.002440,17.725340
tournament 3,50,1,0.720123,225,150,rastrigin,6,0.000000,0.000002,0.000003,0.000007,12.010940
tournament 3,30,1,0.964176,225,150,rastrigin,6,0.000000,0.000005,0.000006,0.000013,18.211375
tournament 3,70,1,0.500000,225,150,rastrigin,6,0.000000,0.000033,0.000023,0.000191,13.984250
tournament 3,70,1,0.669452,225,150,rastrigin,6,0.000000,0.000003,0.000004,0.000007,12.860565
tournament 3,70,1,0.774630,225,150,rastrigin,6,0.000000,0.000004,0.000005,0.000008,14.099650
tournament 3,50,1,0.964176,225,150,rastrigin,6,0.000000,0.000000,0.000000,0.000000,14.280990
tournament 3,30,1,1.290939,225,150,rastrigin,6,0.000000,0.000000,0.000000,0.000000,16.183665
tournament 3,40,1,0.537845,225,150,rastrigin,6,0.000000,0.000020,0.000022,0.000054,16.052875
tournament 3,40,1,0.720123,225,150,rastrigin,6,0.000000,0.000006,0.000006,0.000053,16.393130
tournament 3,30,1,1.728444,225,150,rastrigin,6,0.000000,0.000012,0.000011,0.000023,18.869355
tournament 3,40,1,1.728444,225,150,rastrigin,6,0.000000,0.000000,0.000000,0.000001,15.729425
tournament 3,70,1,0.896332,225,150,rastrigin,6,0.000000,0.000001,0.000002,0.000004,14.808595
tournament 3,70,1,1.200103,225,150,rastrigin,6,0.000000,0.000000,0.000000,0.000000,14.714815
tournament 3,50,1,1.493759,225,150,rastrigin,6,0.000000,0.000000,0.000000,0.000000,14.386345
tournament 3,30,1,1.493759,225,150,rastrigin,6,0.000000,0.000000,0.000000,0.000003,15.680135
tournament 3,50,1,0.537845,225,150,rastrigin,6,0.000002,0.000009,0.000009,0.000028,15.856280
tournament 3,50,1,1.115658,225,150,rastrigin,6,0.000000,0.000000,0.000000,0.000000,15.969620
tournament 3,40,1,2.000000,225,150,rastrigin,6,0.000000,0.000003,0.000002,0.000008,19.213600
tournament 3,70,1,1.606822,225,150,rastrigin,6,0.000000,0.000000,0.000000,0.000000,16.297820
tournament 3,70,1,1.859271,225,150,rastrigin,6,0.000000,0.000000,0.000000,0.000000,16.434500
tournament 3,50,1,1.290939,225,150,rastrigin,6,0.000000,0.000000,0.000000,0.000000,16.784300
tournament 3,70,1,1.388651,225,150,rastrigin,6,0.000000,0.000000,0.000000,0.000000,16.975255
tournament 3,50,1,0.833262,225,150,rastrigin,6,0.000000,0.000004,0.000002,0.000013,17.254910
tournament 3,100,1,1.388651,225,150,rastrigin,6,0.000000,0.000000,0.000000,0.000000,14.647695
tournament 3,80,1,0.578555,225,150,rastrigin,6,0.000000,0.000004,0.000006,0.000006,14.483700
tournament 3,70,1,0.578555,225,150,rastrigin,6,0.000000,0.000005,0.000007,0.000008,19.935565
tournament 3,70,1,1.037155,225,150,rastrigin,6,0.000000,0.000000,0.000000,0.000000,18.335765
tournament 3,80,1,0.669452,225,150,rastrigin,6,0.000000,0.000001,0.000000,0.000018,15.289600
tournament 3,80,1,0.774630,225,150,rastrigin,6,0.000000,0.000001,0.000000,0.000002,15.595195
tournament 3,80,1,1.037155,225,150,rastrigin,6,0.000000,0.000000,0.000000,0.000000,14.033415
tournament 3,80,1,0.896332,225,150,rastrigin,6,0.000000,0.000001,0.000001,0.000003,14.541080
tournament 3,80,1,1.200103,225,150,rastrigin,6,0.000000,0.000000,0.000000,0.000000,13.245470
tournament 3,80,1,1.388651,225,150,rastrigin,6,0.000000,0.000000,0.000000,0.000000,13.420840
tournament 3,80,1,1.859271,225,150,rastrigin,6,0.000000,0.000000,0.000000,0.000000,11.248345
tournament 3,80,1,1.606822,225,150,rastrigin,6,0.000000,0.000000,0.000000,0.000000,13.018875
tournament 3,90,1,0.578555,225,150,rastrigin,6,0.000000,0.000005,0.000004,0.000028,10.800160
tournament 3,50,1,1.728444,225,150,rastrigin,6,0.000000,0.000000,0.000000,0.000000,13.373150
tournament 3,50,1,2.000000,225,150,rastrigin,6,0.000000,0.000000,0.000000,0.000002,11.525460
tournament 3,60,1,0.622346,225,150,rastrigin,6,0.000000,0.000005,0.000006,0.000016,11.301365
tournament 3,60,1,0.964176,225,150,rastrigin,6,0.000000,0.000000,0.000000,0.000000,11.110125
tournament 3,90,1,1.037155,225,150,rastrigin,6,0.000000,0.000000,0.000000,0.000000,11.986120
tournament 3,90,1,0.896332,225,150,rastrigin,6,0.000000,0.000000,0.000000,0.000002,12.258300
tournament 3,90,1,0.669452,225,150,rastrigin,6,0.000000,0.000003,0.000004,0.000008,14.293315
tournament 3,60,1,1.115658,225,150,rastrigin,6,0.000000,0.000000,0.000000,0.000000,10.624285
tournament 3,90,1,1.200103,225,150,rastrigin,6,0.000000,0.000000,0.000000,0.000000,13.868095
tournament 3,60,1,0.720123,225,150,rastrigin,6,0.000000,0.000004,0.000005,0.000007,11.469110
tournament 3,90,1,0.500000,225,150,rastrigin,6,0.000004,0.000023,0.000027,0.000264,16.144135
tournament 3,90,1,1.606822,225,150,rastrigin,6,0.000000,0.000000,0.000000,0.000000,11.041290
tournament 3,60,1,0.537845,225,150,rastrigin,6,0.000000,0.000011,0.000011,0.000034,15.828915
tournament 3,60,1,1.493759,225,150,rastrigin,6,0.000000,0.000000,0.000000,0.000000,11.315670
tournament 3,90,1,0.774630,225,150,rastrigin,6,0.000000,0.000000,0.000000,0.000004,15.825065
tournament 3,60,1,1.290939,225,150,rastrigin,6,0.000000,0.000000,0.000000,0.000000,12.533325
tournament 3,60,1,0.833262,225,150,rastrigin,6,0.000000,0.000001,0.000002,0.000009,16.547910
tournament 3,90,1,1.388651,225,150,rastrigin,6,0.000000,0.000000,0.000000,0.000000,16.480995
tournament 3,60,1,2.000000,225,150,rastrigin,6,0.000000,0.000000,0.000000,0.000001,11.310450
tournament 3,90,1,1.859271,225,150,rastrigin,6,0.000000,0.000000,0.000000,0.000000,17.319975
tournament 3,80,1,0.500000,225,150,rastrigin,6,0.000000,0.000051,0.000043,0.000400,12.415225
tournament 3,100,1,0.500000,225,150,rastrigin,6,0.000000,0.000032,0.000040,0.000046,15.420095
tournament 3,100,1,0.578555,225,150,rastrigin,6,0.000000,0.000003,0.000004,0.000004,14.574220
tournament 3,100,1,1.859271,225,150,rastrigin,6,0.000000,0.000000,0.000000,0.000000,12.174115
tournament 3,110,1,0.500000,225,150,rastrigin,6,0.000000,0.000033,0.000029,0.007815,11.443705
tournament 3,100,1,0.774630,225,150,rastrigin,6,0.000000,0.000002,0.000003,0.000008,14.470310
tournament 3,100,1,0.669452,225,150,rastrigin,6,0.000000,0.000003,0.000004,0.000006,15.213945
tournament 3,100,1,0.896332,225,150,rastrigin,6,0.000000,0.000001,0.000000,0.000002,15.322975
tournament 3,100,1,1.200103,225,150,rastrigin,6,0.000000,0.000000,0.000000,0.000000,14.238025
tournament 3,60,1,1.728444,225,150,rastrigin,6,0.000000,0.000000,0.000000,0.000000,14.452165
tournament 3,110,1,0.774630,225,150,rastrigin,6,0.000000,0.000002,0.000003,0.000003,11.392480
tournament 3,100,1,1.037155,225,150,rastrigin,6,0.000000,0.000000,0.000000,0.000000,15.270245
tournament 3,70,1,0.537845,225,150,rastrigin,6,0.000000,0.000007,0.000006,0.000025,11.766190
tournament 3,70,1,0.720123,225,150,rastrigin,6,0.000000,0.000002,0.000003,0.000009,12.182885
tournament 3,70,1,0.833262,225,150,rastrigin,6,0.000000,0.000000,0.000000,0.000003,12.076270
tournament 3,100,1,1.606822,225,150,rastrigin,6,0.000000,0.000000,0.000000,0.000000,16.337750
tournament 3,110,1,1.037155,225,150,rastrigin,6,0.000000,0.000000,0.000000,0.000000,11.403240
tournament 3,110,1,0.669452,225,150,rastrigin,6,0.000000,0.000003,0.000004,0.000010,14.173680
tournament 3,110,1,0.896332,225,150,rastrigin,6,0.000000,0.000000,0.000000,0.000004,13.919635
tournament 3,110,1,0.578555,225,150,rastrigin,6,0.000000,0.000005,0.000007,0.000022,15.136575
tournament 3,110,1,1.200103,225,150,rastrigin,6,0.000000,0.000000,0.000000,0.000000,14.042075
tournament 3,110,1,1.388651,225,150,rastrigin,6,0.000000,0.000000,0.000000,0.000000,13.904380
tournament 3,110,1,1.606822,225,150,rastrigin,6,0.000000,0.000000,0.000000,0.000000,13.297570
tournament 3,120,1,0.578555,225,150,rastrigin,6,0.000000,0.000005,0.000004,0.000012,11.636740
tournament 3,120,1,0.500000,225,150,rastrigin,6,0.000000,0.000014,0.000014,0.000128,12.490995
tournament 3,120,1,0.669452,225,150,rastrigin,6,0.000000,0.000003,0.000004,0.000007,11.362590
tournament 3,70,1,0.964176,225,150,rastrigin,6,0.000000,0.000000,0.000000,0.000000,12.804880
tournament 3,110,1,1.859271,225,150,rastrigin,6,0.000000,0.000000,0.000000,0.000000,13.498570
tournament 3,70,1,1.290939,225,150,rastrigin,6,0.000000,0.000000,0.000000,0.000000,12.750680
tournament 3,120,1,0.896332,225,150,rastrigin,6,0.000000,0.000001,0.000002,0.000003,11.922120
tournament 3,120,1,0.774630,225,150,rastrigin,6,0.000000,0.000002,0.000002,0.000004,12.837075
tournament 3,70,1,2.000000,225,150,rastrigin,6,0.000000,0.000000,0.000000,0.000000,11.637900
tournament 3,80,1,0.622346,225,150,rastrigin,6,0.000000,0.000005,0.000007,0.000012,11.614530
tournament 3,100,1,1.493759,225,150,rastrigin,6,0.000000,0.000000,0.000000,0.000000,12.981825
tournament 3,80,1,0.720123,225,150,rastrigin,6,0.000000,0.000001,0.000000,0.000009,12.653045
tournament 3,120,1,1.200103,225,150,rastrigin,6,0.000000,0.000000,0.000000,0.000000,15.525105
tournament 3,80,1,0.833262,225,150,rastrigin,6,0.000000,0.000002,0.000002,0.000003,13.639990
tournament 3,70,1,1.728444,225,150,rastrigin,6,0.000000,0.000000,0.000000,0.000000,16.303870
tournament 3,120,1,1.606822,225,150,rastrigin,6,0.000000,0.000000,0.000000,0.000000,15.482840
tournament 3,120,1,1.037155,225,150,rastrigin,6,0.000000,0.000000,0.000000,0.000000,17.282620
tournament 3,80,1,1.115658,225,150,rastrigin,6,0.000000,0.000000,0.000000,0.000000,13.235455
tournament 3,70,1,1.493759,225,150,rastrigin,6,0.000000,0.000000,0.000000,0.000000,16.764980
tournament 3,120,1,1.388651,225,150,rastrigin,6,0.000000,0.000000,0.000000,0.000000,17.353865
tournament 3,70,1,1.115658,225,150,rastrigin,6,0.000000,0.000000,0.000000,0.000000,15.786040
tournament 3,70,1,0.622346,225,150,rastrigin,6,0.000000,0.000005,0.000006,0.000012,16.898355
tournament 3,80,1,1.290939,225,150,rastrigin,6,0.000000,0.000000,0.000000,0.000000,10.638940
tournament 3,80,1,1.493759,225,150,rastrigin,6,0.000000,0.000000,0.000000,0.000000,11.240260
tournament 3,90,1,0.622346,225,150,rastrigin,6,0.000000,0.000007,0.000008,0.000015,11.136920
tournament 3,80,1,2.000000,225,150,rastrigin,6,0.000000,0.000000,0.000000,0.000000,12.313295
tournament 3,130,1,0.578555,225,150,rastrigin,6,0.000000,0.000004,0.000005,0.000014,10.727705
tournament 3,130,1,0.500000,225,150,rastrigin,6,0.000000,0.000021,0.000023,0.000058,12.165170
tournament 3,130,1,0.669452,225,150,rastrigin,6,0.000000,0.000004,0.000004,0.000007,10.830285
tournament 3,80,1,0.964176,225,150,rastrigin,6,0.000000,0.000000,0.000000,0.000001,14.373915
tournament 3,120,1,1.859271,225,150,rastrigin,6,0.000000,0.000000,0.000000,0.000000,13.290085
tournament 3,130,1,0.896332,225,150,rastrigin,6,0.000000,0.000001,0.000000,0.000004,10.814785
tournament 3,90,1,1.115658,225,150,rastrigin,6,0.000000,0.000000,0.000000,0.000000,12.809280
tournament 3,90,1,0.964176,225,150,rastrigin,6,0.000000,0.000000,0.000000,0.000000,12.878855
tournament 3,90,1,1.290939,225,150,rastrigin,6,0.000000,0.000000,0.000000,0.000000,11.853980
tournament 3,90,1,1.728444,225,150,rastrigin,6,0.000000,0.000000,0.000000,0.000000,10.952020
tournament 3,130,1,1.037155,225,150,rastrigin,6,0.000000,0.000000,0.000000,0.000000,11.018430
tournament 3,80,1,1.728444,225,150,rastrigin,6,0.000000,0.000000,0.000000,0.000000,19.606370
tournament 3,130,1,0.774630,225,150,rastrigin,6,0.000000,0.000002,0.000003,0.000008,16.675445
tournament 3,130,1,1.388651,225,150,rastrigin,6,0.000000,0.000000,0.000000,0.000000,11.324955
tournament 3,130,1,1.200103,225,150,rastrigin,6,0.000000,0.000000,0.000000,0.000000,12.215905
tournament 3,130,1,1.859271,225,150,rastrigin,6,0.000000,0.000000,0.000000,0.000000,10.796080
tournament 3,90,1,0.720123,225,150,rastrigin,6,0.000000,0.000001,0.000001,0.000013,18.956490
tournament 3,90,1,0.537845,225,150,rastrigin,6,0.000000,0.000004,0.000005,0.000007,15.106640
tournament 3,110,1,0.537845,225,150,rastrigin,6,0.000000,0.000004,0.000005,0.000061,11.906675
tournament 3,100,1,0.622346,225,150,rastrigin,6,0.000000,0.000002,0.000001,0.000012,11.993460
tournament 3,100,1,0.537845,225,150,rastrigin,6,0.000000,0.000004,0.000005,0.000008,12.237245
tournament 3,110,1,0.833262,225,150,rastrigin,6,0.000000,0.000002,0.000003,0.000010,10.690160
tournament 3,100,1,2.000000,225,150,rastrigin,6,0.000000,0.000000,0.000000,0.000001,13.792355
tournament 3,100,1,1.115658,225,150,rastrigin,6,0.000000,0.000000,0.000000,0.000000,10.979870
tournament 3,140,1,0.500000,225,150,rastrigin,6,0.000000,0.000019,0.000011,0.000160,12.187470
tournament 3,90,1,2.000000,225,150,rastrigin,6,0.000000,0.000000,0.000000,0.000001,16.848275
tournament 3,90,1,0.833262,225,150,rastrigin,6,0.000000,0.000002,0.000002,0.000004,18.104905
tournament 3,140,1,0.774630,225,150,rastrigin,6,0.000000,0.000001,0.000001,0.000016,10.880905
tournament 3,90,1,1.493759,225,150,rastrigin,6,0.000000,0.000000,0.000000,0.000000,17.553890
tournament 3,100,1,1.290939,225,150,rastrigin,6,0.000000,0.000000,0.000000,0.000000,15.394785
tournament 3,140,1,0.578555,225,150,rastrigin,6,0.000000,0.000005,0.000007,0.000015,15.589820
tournament 3,100,1,0.720123,225,150,rastrigin,6,0.000000,0.000005,0.000004,0.000013,17.241115
tournament 3,140,1,0.896332,225,150,rastrigin,6,0.000000,0.000000,0.000000,0.000003,11.330630
tournament 3,80,1,0.537845,225,150,rastrigin,6,0.000000,0.000003,0.000004,0.000005,20.192380
tournament 3,100,1,1.728444,225,150,rastrigin,6,0.000000,0.000000,0.000000,0.000000,10.959325
tournament 3,130,1,1.606822,225,150,rastrigin,6,0.000000,0.000000,0.000000,0.000000,23.930805
tournament 3,100,1,0.833262,225,150,rastrigin,6,0.000000,0.000002,0.000003,0.000004,23.301690
tournament 3,100,1,0.964176,225,150,rastrigin,6,0.000000,0.000000,0.000000,0.000000,22.341120
tournament 3,140,1,0.669452,225,150,rastrigin,6,0.000000,0.000003,0.000005,0.000011,20.233620
tournament 3,110,1,1.115658,225,150,rastrigin,6,0.000000,0.000000,0.000000,0.000000,14.303170
tournament 3,120,1,0.622346,225,150,rastrigin,6,0.000000,0.000002,0.000004,0.000020,14.477620
tournament 3,140,1,1.606822,225,150,rastrigin,6,0.000000,0.000000,0.000000,0.000000,13.586750
tournament 3,140,1,1.388651,225,150,rastrigin,6,0.000000,0.000000,0.000000,0.000000,14.325825
tournament 3,140,1,1.037155,225,150,rastrigin,6,0.000000,0.000000,0.000000,0.000000,17.186795
tournament 3,120,1,1.290939,225,150,rastrigin,6,0.000000,0.000000,0.000000,0.000000,15.083640
tournament 3,120,1,1.115658,225,150,rastrigin,6,0.000000,0.000000,0.000000,0.000000,14.068270
tournament 3,150,1,0.669452,225,150,rastrigin,6,0.000000,0.000003,0.000004,0.000011,14.662855
tournament 3,150,1,0.500000,225,150,rastrigin,6,0.000000,0.000009,0.000010,0.000057,16.001560
tournament 3,150,1,0.578555,225,150,rastrigin,6,0.000000,0.000004,0.000004,0.000008,16.344205
tournament 3,110,1,0.622346,225,150,rastrigin,6,0.000000,0.000003,0.000003,0.000013,20.007130
tournament 3,120,1,1.728444,225,150,rastrigin,6,0.000000,0.000000,0.000000,0.000000,15.176000
tournament 3,150,1,0.774630,225,150,rastrigin,6,0.000000,0.000001,0.000000,0.000004,16.280770
tournament 3,140,1,0.537845,225,150,rastrigin,6,0.000000,0.000003,0.000004,0.000011,20.552015
tournament 3,120,1,1.493759,225,150,rastrigin,6,0.000000,0.000000,0.000000,0.000000,12.146055
tournament 3,150,1,1.037155,225,150,rastrigin,6,0.000000,0.000000,0.000000,0.000000,12.952530
tournament 3,150,1,1.200103,225,150,rastrigin,6,0.000000,0.000000,0.000000,0.000000,13.487165
tournament 3,150,1,1.388651,225,150,rastrigin,6,0.000000,0.000000,0.000000,0.000000,13.354810
tournament 3,150,1,1.606822,225,150,rastrigin,6,0.000000,0.000000,0.000000,0.000000,14.245820
tournament 3,110,1,1.290939,225,150,rastrigin,6,0.000000,0.000000,0.000000,0.000000,25.310210
tournament 3,120,1,0.537845,225,150,rastrigin,6,0.000000,0.000008,0.000008,0.000037,24.621125
tournament 3,120,1,0.964176,225,150,rastrigin,6,0.000000,0.000000,0.000000,0.000000,22.508475
tournament 3,150,1,1.859271,225,150,rastrigin,6,0.000000,0.000000,0.000000,0.000000,14.204175
tournament 3,160,1,0.578555,225,150,rastrigin,6,0.000000,0.000002,0.000003,0.000006,13.934090
tournament 3,110,1,1.728444,225,150,rastrigin,6,0.000000,0.000000,0.000000,0.000000,26.102720
tournament 3,140,1,1.200103,225,150,rastrigin,6,0.000000,0.000000,0.000000,0.000000,23.268580
tournament 3,120,1,0.833262,225,150,rastrigin,6,0.000000,0.000001,0.000002,0.000002,23.212100
tournament 3,160,1,0.500000,225,150,rastrigin,6,0.000002,0.000025,0.000027,0.000061,14.387645
tournament 3,110,1,2.000000,225,150,rastrigin,6,0.000000,0.000000,0.000000,0.000000,23.642630
tournament 3,110,1,1.493759,225,150,rastrigin,6,0.000000,0.000000,0.000000,0.000000,26.765675
tournament 3,110,1,0.964176,225,150,rastrigin,6,0.000000,0.000000,0.000000,0.000001,27.632365
tournament 3,140,1,1.859271,225,150,rastrigin,6,0.000000,0.000000,0.000000,0.000000,24.404840
tournament 3,110,1,0.720123,225,150,rastrigin,6,0.000000,0.000001,0.000000,0.000003,30.986090
tournament 3,130,1,0.622346,225,150,rastrigin,6,0.000000,0.000003,0.000004,0.000015,12.784765
tournament 3,150,1,0.896332,225,150,rastrigin,6,0.000000,0.000001,0.000001,0.000003,23.333145
tournament 3,130,1,0.720123,225,150,rastrigin,6,0.000000,0.000002,0.000003,0.000006,11.067910
tournament 3,120,1,2.000000,225,150,rastrigin,6,0.000000,0.000000,0.000000,0.000002,11.257455
tournament 3,160,1,0.669452,225,150,rastrigin,6,0.000000,0.000001,0.000000,0.000016,11.616375
tournament 3,130,1,0.964176,225,150,rastrigin,6,0.000000,0.000000,0.000000,0.000000,12.175900
tournament 3,130,1,1.115658,225,150,rastrigin,6,0.000000,0.000000,0.000000,0.000000,10.997490
tournament 3,130,1,0.833262,225,150,rastrigin,6,0.000000,0.000002,0.000002,0.000003,10.952955
tournament 3,160,1,0.774630,225,150,rastrigin,6,0.000000,0.000002,0.000003,0.000004,15.660420
tournament 3,130,1,0.537845,225,150,rastrigin,6,0.000000,0.000005,0.000006,0.000021,17.900135
tournament 3,130,1,1.290939,225,150,rastrigin,6,0.000000,0.000000,0.000000,0.000000,12.634225
tournament 3,160,1,0.896332,225,150,rastrigin,6,0.000000,0.000002,0.000002,0.000013,16.583830
tournament 3,160,1,1.037155,225,150,rastrigin,6,0.000000,0.000000,0.000000,0.000000,16.505940
tournament 3,130,1,2.000000,225,150,rastrigin,6,0.000000,0.000000,0.000000,0.000000,12.877860
tournament 3,170,1,0.578555,225,150,rastrigin,6,0.000000,0.000007,0.000010,0.000015,13.304760
tournament 3,160,1,1.859271,225,150,rastrigin,6,0.000000,0.000000,0.000000,0.000000,15.776565
tournament 3,160,1,1.200103,225,150,rastrigin,6,0.000000,0.000000,0.000000,0.000000,21.193680
tournament 3,170,1,0.896332,225,150,rastrigin,6,0.000000,0.000001,0.000002,0.000003,12.866255
tournament 3,160,1,1.388651,225,150,rastrigin,6,0.000000,0.000000,0.000000,0.000000,20.789375
tournament 3,170,1,0.669452,225,150,rastrigin,6,0.000000,0.000001,0.000001,0.000011,16.153645
tournament 3,170,1,1.037155,225,150,rastrigin,6,0.000000,0.000000,0.000000,0.000000,13.845115
tournament 3,140,1,0.833262,225,150,rastrigin,6,0.000000,0.000002,0.000001,0.000004,13.996370
tournament 3,130,1,1.493759,225,150,rastrigin,6,0.000000,0.000000,0.000000,0.000000,21.244045
tournament 3,170,1,1.200103,225,150,rastrigin,6,0.000000,0.000000,0.000000,0.000000,14.303280
tournament 3,140,1,0.964176,225,150,rastrigin,6,0.000000,0.000000,0.000000,0.000000,14.710445
tournament 3,120,1,0.720123,225,150,rastrigin,6,0.000000,0.000003,0.000003,0.000013,14.940760
tournament 3,170,1,0.774630,225,150,rastrigin,6,0.000000,0.000002,0.000004,0.000007,16.443630
tournament 3,180,1,1.388651,225,150,rastrigin,6,0.000000,0.000000,0.000000,0.000000,12.719275
tournament 3,180,1,1.200103,225,150,rastrigin,6,0.000000,0.000000,0.000000,0.000000,12.909035
tournament 3,140,1,0.720123,225,150,rastrigin,6,0.000000,0.000001,0.000000,0.000008,13.437275
tournament 3,140,1,1.115658,225,150,rastrigin,6,0.000000,0.000000,0.000000,0.000000,13.046915
tournament 3,140,1,1.728444,225,150,rastrigin,6,0.000000,0.000000,0.000000,0.000000,13.449360
tournament 3,140,1,1.493759,225,150,rastrigin,6,0.000000,0.000000,0.000000,0.000000,14.549885
tournament 3,170,1,1.606822,225,150,rastrigin,6,0.000000,0.000000,0.000000,0.000000,19.469040
tournament 3,180,1,0.896332,225,150,rastrigin,6,0.000000,0.000001,0.000000,0.000004,19.080460
tournament 3,160,1,1.606822,225,150,rastrigin,6,0.000000,0.000000,0.000000,0.000000,25.802335
tournament 3,180,1,0.669452,225,150,rastrigin,6,0.000000,0.000003,0.000003,0.000006,20.032680
tournament 3,170,1,0.500000,225,150,rastrigin,6,0.000000,0.000014,0.000011,0.000147,26.432335
tournament 3,180,1,1.606822,225,150,rastrigin,6,0.000000,0.000000,0.000000,0.000000,15.666535
tournament 3,150,1,0.622346,225,150,rastrigin,6,0.000000,0.000004,0.000004,0.000028,10.849415
tournament 3,150,1,0.537845,225,150,rastrigin,6,0.000000,0.000007,0.000005,0.000024,11.272200
tournament 3,170,1,1.388651,225,150,rastrigin,6,0.000000,0.000000,0.000000,0.000000,26.029520
tournament 3,140,1,0.622346,225,150,rastrigin,6,0.000000,0.000002,0.000003,0.000004,25.977975
tournament 3,180,1,1.037155,225,150,rastrigin,6,0.000000,0.000000,0.000000,0.000000,23.599810
tournament 3,150,1,0.833262,225,150,rastrigin,6,0.000000,0.000001,0.000000,0.000005,11.564255
tournament 3,150,1,1.728444,225,150,rastrigin,6,0.000000,0.000000,0.000000,0.000000,11.417415
tournament 3,150,1,2.000000,225,150,rastrigin,6,0.000000,0.000000,0.000000,0.000000,11.430200
tournament 3,160,1,0.622346,225,150,rastrigin,6,0.000000,0.000002,0.000002,0.000012,11.295335
tournament 3,180,1,0.774630,225,150,rastrigin,6,0.000000,0.000001,0.000000,0.000006,27.505145
tournament 3,180,1,0.578555,225,150,rastrigin,6,0.000000,0.000003,0.000004,0.000006,30.065560
tournament 3,180,1,1.859271,225,150,rastrigin,6,0.000000,0.000000,0.000000,0.000000,19.215090
tournament 3,130,1,1.728444,225,150,rastrigin,6,0.000000,0.000000,0.000000,0.000000,28.136135
tournament 3,180,1,0.500000,225,150,rastrigin,6,0.000000,0.000017,0.000018,0.000036,30.975540
tournament 3,170,1,1.859271,225,150,rastrigin,6,0.000000,0.000000,0.000000,0.000000,31.184680
tournament 3,190,1,0.578555,225,150,rastrigin,6,0.000000,0.000005,0.000007,0.000011,16.908515
tournament 3,150,1,0.720123,225,150,rastrigin,6,0.000000,0.000001,0.000002,0.000006,20.867485
tournament 3,160,1,0.537845,225,150,rastrigin,6,0.000000,0.000004,0.000004,0.000012,10.910585
tournament 3,150,1,1.493759,225,150,rastrigin,6,0.000000,0.000000,0.000000,0.000000,18.105245
tournament 3,150,1,1.115658,225,150,rastrigin,6,0.000000,0.000000,0.000000,0.000000,18.493875
tournament 3,150,1,1.290939,225,150,rastrigin,6,0.000000,0.000000,0.000000,0.000000,18.915095
tournament 3,190,1,0.774630,225,150,rastrigin,6,0.000000,0.000001,0.000001,0.000009,19.845220
tournament 3,200,1,0.896332,225,150,rastrigin,6,0.000000,0.000001,0.000000,0.000004,12.063480
tournament 3,200,1,1.037155,225,150,rastrigin,6,0.000000,0.000000,0.000000,0.000000,11.152700
tournament 3,190,1,0.500000,225,150,rastrigin,6,0.000000,0.000033,0.000028,0.000109,25.028160
tournament 3,200,1,1.200103,225,150,rastrigin,6,0.000000,0.000000,0.000000,0.000000,11.633545
tournament 3,160,1,0.720123,225,150,rastrigin,6,0.000000,0.000002,0.000001,0.000005,11.220920
tournament 3,140,1,1.290939,225,150,rastrigin,6,0.000000,0.000000,0.000000,0.000000,18.517825
tournament 3,200,1,1.388651,225,150,rastrigin,6,0.000000,0.000000,0.000000,0.000000,12.332390
tournament 3,200,1,1.859271,225,150,rastrigin,6,0.000000,0.000000,0.000000,0.000000,11.909105
tournament 3,200,1,1.606822,225,150,rastrigin,6,0.000000,0.000000,0.000000,0.000000,12.033340
tournament 3,150,1,0.964176,225,150,rastrigin,6,0.000000,0.000000,0.000000,0.000000,16.478330
tournament 3,190,1,0.896332,225,150,rastrigin,6,0.000000,0.000000,0.000000,0.000007,27.883880
tournament 5,10,1,0.500000,225,150,rastrigin,6,0.503653,1.375826,1.608088,0.648264,13.514745
tournament 3,190,1,1.037155,225,150,rastrigin,6,0.000000,0.000000,0.000000,0.000000,28.384520
tournament 3,190,1,0.669452,225,150,rastrigin,6,0.000000,0.000005,0.000005,0.000016,30.238705
tournament 3,170,1,0.622346,225,150,rastrigin,6,0.000000,0.000003,0.000004,0.000012,11.861215
tournament 5,10,1,0.578555,225,150,rastrigin,6,0.170275,1.334561,1.494761,0.584190,13.736820
tournament 5,10,1,0.669452,225,150,rastrigin,6,0.216339,1.136255,1.389666,0.554697,12.410215
tournament 3,160,1,1.290939,225,150,rastrigin,6,0.000000,0.000000,0.000000,0.000000,11.735595
tournament 3,190,1,1.200103,225,150,rastrigin,6,0.000000,0.000000,0.000000,0.000000,31.018000
tournament 3,170,1,0.964176,225,150,rastrigin,6,0.000000,0.000000,0.000000,0.000000,13.386520
tournament 3,160,1,1.493759,225,150,rastrigin,6,0.000000,0.000000,0.000000,0.000000,11.663405
tournament 5,10,1,0.896332,225,150,rastrigin,6,0.378292,1.370563,1.744093,0.554137,14.435745
tournament 5,10,1,0.774630,225,150,rastrigin,6,0.561621,1.511842,1.604928,0.480189,15.498740
tournament 3,180,1,1.493759,225,150,rastrigin,6,0.000000,0.000000,0.000000,0.000000,11.585430
tournament 3,180,1,1.290939,225,150,rastrigin,6,0.000000,0.000000,0.000000,0.000000,11.857500
tournament 5,10,1,1.037155,225,150,rastrigin,6,0.364117,1.254950,1.452979,0.474516,13.064080
tournament 5,10,1,1.606822,225,150,rastrigin,6,0.613619,1.958581,2.181543,0.616542,12.784260
tournament 5,20,1,0.500000,225,150,rastrigin,6,0.003376,0.084044,0.083129,0.160868,12.073830
tournament 5,10,1,1.388651,225,150,rastrigin,6,0.747757,1.496789,1.626790,0.531846,13.217010
tournament 5,10,1,1.859271,225,150,rastrigin,6,0.999483,2.118278,2.461513,0.809582,14.136350
tournament 3,200,1,0.578555,225,150,rastrigin,6,0.000000,0.000006,0.000010,0.000025,32.473560
tournament 3,190,1,1.859271,225,150,rastrigin,6,0.000000,0.000000,0.000000,0.000000,32.703935
tournament 3,190,1,1.388651,225,150,rastrigin,6,0.000000,0.000000,0.000000,0.000000,37.571995
tournament 3,200,1,0.500000,225,150,rastrigin,6,0.000000,0.000041,0.000037,0.000128,33.475830
tournament 3,140,1,2.000000,225,150,rastrigin,6,0.000000,0.000000,0.000000,0.000001,34.084025
tournament 3,200,1,0.669452,225,150,rastrigin,6,0.000000,0.000003,0.000002,0.000011,34.218685
tournament 3,200,1,0.774630,225,150,rastrigin,6,0.000000,0.000001,0.000000,0.000003,33.230450
tournament 3,190,1,1.606822,225,150,rastrigin,6,0.000000,0.000000,0.000000,0.000000,35.646410
tournament 3,160,1,0.833262,225,150,rastrigin,6,0.000000,0.000002,0.000002,0.000011,29.894080
tournament 5,20,1,0.578555,225,150,rastrigin,6,0.001280,0.018890,0.021027,0.040467,12.112870
tournament 3,160,1,1.115658,225,150,rastrigin,6,0.000000,0.000000,0.000000,0.000000,27.636965
tournament 5,20,1,0.669452,225,150,rastrigin,6,0.001972,0.033400,0.038569,0.052568,12.258480
tournament 3,160,1,2.000000,225,150,rastrigin,6,0.000000,0.000000,0.000000,0.000000,28.142665
tournament 3,160,1,0.964176,225,150,rastrigin,6,0.000000,0.000000,0.000000,0.000000,29.160980
tournament 3,170,1,0.720123,225,150,rastrigin,6,0.000000,0.000002,0.000004,0.000004,26.925515
tournament 3,170,1,1.115658,225,150,rastrigin,6,0.000000,0.000000,0.000000,0.000000,27.219875
tournament 3,170,1,0.833262,225,150,rastrigin,6,0.000000,0.000001,0.000002,0.000005,23.752390
tournament 5,10,1,1.200103,225,150,rastrigin,6,0.302561,1.135263,1.484303,0.564816,24.809605
tournament 5,20,1,0.896332,225,150,rastrigin,6,0.007481,0.047516,0.046789,0.133511,12.873175
tournament 5,20,1,1.037155,225,150,rastrigin,6,0.000420,0.004707,0.006048,0.007073,13.114610
tournament 5,20,1,1.200103,225,150,rastrigin,6,0.001129,0.004608,0.005435,0.008731,12.725155
tournament 5,20,1,1.388651,225,150,rastrigin,6,0.001915,0.009601,0.010162,0.027408,12.542025
tournament 3,170,1,1.290939,225,150,rastrigin,6,0.000000,0.000000,0.000000,0.000000,28.762720
tournament 5,10,1,2.000000,225,150,rastrigin,6,0.515255,2.464076,2.854856,0.777036,12.983820
tournament 5,30,1,0.500000,225,150,rastrigin,6,0.000027,0.000480,0.000524,0.002459,12.080655
tournament 3,180,1,0.964176,225,150,rastrigin,6,0.000000,0.000000,0.000000,0.000000,24.737725
tournament 3,180,1,0.833262,225,150,rastrigin,6,0.000000,0.000001,0.000000,0.000007,21.778570
tournament 3,200,1,1.290939,225,150,rastrigin,6,0.000000,0.000000,0.000000,0.000000,12.807945
tournament 3,200,1,0.964176,225,150,rastrigin,6,0.000000,0.000000,0.000000,0.000000,15.075960
tournament 5,30,1,0.896332,225,150,rastrigin,6,0.000027,0.000480,0.000516,0.000642,14.062035
tournament 3,200,1,1.493759,225,150,rastrigin,6,0.000000,0.000000,0.000000,0.000000,13.173135
tournament 3,200,1,2.000000,225,150,rastrigin,6,0.000000,0.000000,0.000000,0.000000,12.769955
tournament 3,200,1,1.728444,225,150,rastrigin,6,0.000000,0.000000,0.000000,0.000000,13.038990
tournament 3,200,1,1.115658,225,150,rastrigin,6,0.000000,0.000000,0.000000,0.000000,17.451270
tournament 3,190,1,0.537845,225,150,rastrigin,6,0.000000,0.000005,0.000005,0.000012,16.761435
tournament 3,170,1,1.728444,225,150,rastrigin,6,0.000000,0.000000,0.000000,0.000000,34.542350
tournament 5,30,1,1.037155,225,150,rastrigin,6,0.000000,0.000001,0.000002,0.000002,16.678785
tournament 5,10,1,0.537845,225,150,rastrigin,6,0.181568,1.135948,1.366312,0.588105,14.241855
tournament 3,170,1,0.537845,225,150,rastrigin,6,0.000000,0.000005,0.000004,0.000024,32.391425
tournament 5,30,1,1.388651,225,150,rastrigin,6,0.000000,0.000003,0.000004,0.000010,13.639475
tournament 5,10,1,0.622346,225,150,rastrigin,6,0.154037,1.267576,1.481861,0.567574,13.855445
tournament 3,190,1,0.964176,225,150,rastrigin,6,0.000000,0.000000,0.000000,0.000000,16.008230
tournament 5,30,1,1.606822,225,150,rastrigin,6,0.000004,0.000021,0.000021,0.000067,14.499300
tournament 3,160,1,1.728444,225,150,rastrigin,6,0.000000,0.000000,0.000000,0.000000,33.756880
tournament 3,190,1,1.115658,225,150,rastrigin,6,0.000000,0.000000,0.000000,0.000000,15.798450
tournament 5,10,1,0.720123,225,150,rastrigin,6,0.078514,1.259300,1.446006,0.643896,15.330965
tournament 5,30,1,1.200103,225,150,rastrigin,6,0.000000,0.000000,0.000000,0.000002,18.573450
tournament 3,190,1,0.720123,225,150,rastrigin,6,0.000000,0.000001,0.000000,0.000005,17.060435
tournament 3,180,1,0.720123,225,150,rastrigin,6,0.000000,0.000002,0.000003,0.000006,36.860745
tournament 3,180,1,1.115658,225,150,rastrigin,6,0.000000,0.000000,0.000000,0.000000,33.576905
tournament 3,170,1,1.493759,225,150,rastrigin,6,0.000000,0.000000,0.000000,0.000000,34.383365
tournament 3,180,1,1.728444,225,150,rastrigin,6,0.000000,0.000000,0.000000,0.000000,39.506735
tournament 3,180,1,0.537845,225,150,rastrigin,6,0.000000,0.000005,0.000006,0.000009,35.100755
tournament 3,170,1,2.000000,225,150,rastrigin,6,0.000000,0.000000,0.000000,0.000000,35.750370
tournament 3,190,1,1.290939,225,150,rastrigin,6,0.000000,0.000000,0.000000,0.000000,19.326280
tournament 3,180,1,0.622346,225,150,rastrigin,6,0.000000,0.000003,0.000004,0.000014,37.168270
tournament 5,10,1,0.964176,225,150,rastrigin,6,0.142517,1.285905,1.347890,0.605449,12.685500
tournament 3,190,1,0.622346,225,150,rastrigin,6,0.000000,0.000004,0.000004,0.000007,34.900680
tournament 3,180,1,2.000000,225,150,rastrigin,6,0.000000,0.000000,0.000000,0.000000,37.509295
tournament 5,10,1,1.115658,225,150,rastrigin,6,0.411444,1.281632,1.385364,0.538053,12.309500
tournament 5,10,1,0.833262,225,150,rastrigin,6,0.512047,1.301957,1.506889,0.449081,13.268930
tournament 5,30,1,0.578555,225,150,rastrigin,6,0.000008,0.000141,0.000129,0.000444,31.851570
tournament 5,20,1,1.606822,225,150,rastrigin,6,0.005436,0.043181,0.053736,0.052700,38.380465
tournament 5,20,1,0.774630,225,150,rastrigin,6,0.001783,0.037840,0.041409,0.074621,39.947905
tournament 3,190,1,0.833262,225,150,rastrigin,6,0.000000,0.000000,0.000000,0.000007,32.255320
tournament 5,30,1,0.774630,225,150,rastrigin,6,0.000059,0.000287,0.000315,0.000336,32.593895
tournament 5,30,1,0.669452,225,150,rastrigin,6,0.000015,0.000156,0.000142,0.000425,32.785715
tournament 5,20,1,0.537845,225,150,rastrigin,6,0.001966,0.019176,0.021067,0.021712,12.841655
tournament 5,60,1,1.859271,225,150,rastrigin,6,0.000000,0.000000,0.000000,0.000000,11.994720
tournament 5,10,1,1.493759,225,150,rastrigin,6,0.693373,1.528488,1.745502,0.594456,13.161180
tournament 5,10,1,1.728444,225,150,rastrigin,6,0.802679,2.095861,2.338907,0.664746,14.421380
tournament 5,30,1,1.859271,225,150,rastrigin,6,0.000046,0.000626,0.000582,0.001190,23.567295
tournament 5,20,1,0.622346,225,150,rastrigin,6,0.002527,0.029891,0.018988,0.052054,13.037840
tournament 5,40,1,0.500000,225,150,rastrigin,6,0.000004,0.000039,0.000037,0.000081,21.157845
tournament 5,40,1,0.578555,225,150,rastrigin,6,0.000000,0.000007,0.000006,0.000035,22.685150
tournament 5,20,1,1.859271,225,150,rastrigin,6,0.016279,0.228675,0.289234,0.314890,18.365585
tournament 5,40,1,0.669452,225,150,rastrigin,6,0.000002,0.000008,0.000009,0.000043,23.635185
tournament 5,20,1,0.720123,225,150,rastrigin,6,0.001644,0.030072,0.025532,0.189446,14.933690
tournament 5,20,1,1.290939,225,150,rastrigin,6,0.001303,0.003871,0.003652,0.007213,12.723650
tournament 5,20,1,0.964176,225,150,rastrigin,6,0.003424,0.018442,0.019218,0.046160,13.229630
tournament 5,20,1,1.493759,225,150,rastrigin,6,0.002394,0.020512,0.021848,0.057116,13.342725
tournament 5,50,1,0.669452,225,150,rastrigin,6,0.000000,0.000001,0.000000,0.000003,13.254600
tournament 5,50,1,0.774630,225,150,rastrigin,6,0.000000,0.000002,0.000002,0.000011,12.580055
tournament 5,50,1,0.896332,225,150,rastrigin,6,0.000000,0.000001,0.000000,0.000002,12.890055
tournament 5,50,1,1.037155,225,150,rastrigin,6,0.000000,0.000000,0.000000,0.000000,12.968825
tournament 5,20,1,1.115658,225,150,rastrigin,6,0.000856,0.002239,0.001975,0.002773,16.551385
tournament 5,50,1,1.200103,225,150,rastrigin,6,0.000000,0.000000,0.000000,0.000000,13.201360
tournament 5,30,1,0.537845,225,150,rastrigin,6,0.000000,0.000197,0.000207,0.000467,13.569405
tournament 3,190,1,1.493759,225,150,rastrigin,6,0.000000,0.000000,0.000000,0.000000,25.782990
tournament 5,30,1,0.964176,225,150,rastrigin,6,0.000011,0.000038,0.000043,0.000415,13.475030
tournament 5,50,1,1.388651,225,150,rastrigin,6,0.000000,0.000000,0.000000,0.000000,13.019820
tournament 3,190,1,2.000000,225,150,rastrigin,6,0.000000,0.000000,0.000000,0.000000,27.204505
tournament 5,50,1,1.606822,225,150,rastrigin,6,0.000000,0.000000,0.000000,0.000000,13.604940
tournament 3,200,1,0.537845,225,150,rastrigin,6,0.000000,0.000007,0.000009,0.000022,27.763160
tournament 5,50,1,1.859271,225,150,rastrigin,6,0.000000,0.000000,0.000000,0.000000,16.781560
tournament 5,60,1,0.774630,225,150,rastrigin,6,0.000000,0.000000,0.000000,0.000001,11.439230
tournament 5,40,1,0.774630,225,150,rastrigin,6,0.000000,0.000007,0.000008,0.000009,35.225250
tournament 3,200,1,0.720123,225,150,rastrigin,6,0.000000,0.000003,0.000003,0.000036,35.858065
tournament 3,200,1,0.833262,225,150,rastrigin,6,0.000000,0.000001,0.000000,0.000004,33.597960
tournament 5,60,1,1.037155,225,150,rastrigin,6,0.000000,0.000000,0.000000,0.000000,11.821820
tournament 5,30,1,1.493759,225,150,rastrigin,6,0.000000,0.000013,0.000011,0.000042,12.196240
tournament 5,30,1,1.728444,225,150,rastrigin,6,0.000004,0.000150,0.000119,0.000271,12.697470
tournament 5,90,1,1.200103,225,150,rastrigin,6,0.000000,0.000000,0.000000,0.000000,12.708535
tournament 3,200,1,0.622346,225,150,rastrigin,6,0.000000,0.000003,0.000004,0.000013,39.423905
tournament 5,70,1,1.859271,225,150,rastrigin,6,0.000000,0.000000,0.000000,0.000000,12.721855
tournament 5,60,1,1.388651,225,150,rastrigin,6,0.000000,0.000000,0.000000,0.000000,14.789850
tournament 5,40,1,1.388651,225,150,rastrigin,6,0.000000,0.000000,0.000000,0.000000,32.116370
tournament 5,80,1,0.669452,225,150,rastrigin,6,0.000000,0.000000,0.000000,0.000001,13.616830
tournament 5,80,1,0.774630,225,150,rastrigin,6,0.000000,0.000000,0.000000,0.000003,14.360085
tournament 5,40,1,1.859271,225,150,rastrigin,6,0.000000,0.000002,0.000001,0.000006,34.719010
tournament 5,40,1,0.896332,225,150,rastrigin,6,0.000000,0.000008,0.000007,0.000028,41.613120
tournament 5,40,1,1.200103,225,150,rastrigin,6,0.000000,0.000000,0.000000,0.000000,38.803880
tournament 5,40,1,1.606822,225,150,rastrigin,6,0.000000,0.000000,0.000000,0.000002,37.658320
tournament 5,50,1,0.500000,225,150,rastrigin,6,0.000000,0.000006,0.000008,0.000014,38.085825
tournament 5,60,1,0.500000,225,150,rastrigin,6,0.000000,0.000003,0.000004,0.000006,29.457010
tournament 5,40,1,1.037155,225,150,rastrigin,6,0.000000,0.000000,0.000000,0.000000,45.179995
tournament 5,10,1,1.290939,225,150,rastrigin,6,0.217108,1.274229,1.534662,0.682905,41.419895
tournament 5,50,1,0.578555,225,150,rastrigin,6,0.000000,0.000001,0.000002,0.000003,40.035245
tournament 5,80,1,1.200103,225,150,rastrigin,6,0.000000,0.000000,0.000000,0.000000,14.805445
tournament 5,80,1,1.388651,225,150,rastrigin,6,0.000000,0.000000,0.000000,0.000000,15.355825
tournament 5,60,1,2.000000,225,150,rastrigin,6,0.000000,0.000000,0.000000,0.000000,15.972375
tournament 5,30,1,1.115658,225,150,rastrigin,6,0.000000,0.000000,0.000000,0.000000,30.345780
tournament 5,60,1,0.578555,225,150,rastrigin,6,0.000000,0.000000,0.000000,0.000002,30.512045
tournament 5,80,1,1.037155,225,150,rastrigin,6,0.000000,0.000000,0.000000,0.000000,16.285230
tournament 5,30,1,2.000000,225,150,rastrigin,6,0.000063,0.000800,0.000957,0.004378,16.816515
tournament 5,60,1,1.200103,225,150,rastrigin,6,0.000000,0.000000,0.000000,0.000000,27.801985
tournament 5,60,1,1.606822,225,150,rastrigin,6,0.000000,0.000000,0.000000,0.000000,27.870540
tournament 5,30,1,1.290939,225,150,rastrigin,6,0.000000,0.000002,0.000003,0.000002,28.047055
tournament 5,60,1,0.896332,225,150,rastrigin,6,0.000000,0.000000,0.000000,0.000001,30.770865
tournament 3,190,1,1.728444,225,150,rastrigin,6,0.000000,0.000000,0.000000,0.000000,28.207725
tournament 5,80,1,1.606822,225,150,rastrigin,6,0.000000,0.000000,0.000000,0.000000,17.374215
tournament 5,70,1,1.388651,225,150,rastrigin,6,0.000000,0.000000,0.000000,0.000000,27.360490
tournament 5,70,1,0.500000,225,150,rastrigin,6,0.000000,0.000001,0.000000,0.000003,29.282005
tournament 5,70,1,0.774630,225,150,rastrigin,6,0.000000,0.000000,0.000000,0.000001,29.984535
tournament 5,40,1,0.622346,225,150,rastrigin,6,0.000000,0.000008,0.000009,0.000016,15.473640
tournament 5,70,1,0.896332,225,150,rastrigin,6,0.000000,0.000000,0.000000,0.000001,31.227815
tournament 5,60,1,0.669452,225,150,rastrigin,6,0.000000,0.000000,0.000000,0.000002,35.306495
tournament 5,80,1,1.859271,225,150,rastrigin,6,0.000000,0.000000,0.000000,0.000000,15.429850
tournament 5,40,1,0.720123,225,150,rastrigin,6,0.000000,0.000006,0.000006,0.000022,15.587850
tournament 5,90,1,0.500000,225,150,rastrigin,6,0.000000,0.000002,0.000001,0.000041,15.948770
tournament 5,70,1,1.037155,225,150,rastrigin,6,0.000000,0.000000,0.000000,0.000000,32.302895
tournament 5,70,1,0.669452,225,150,rastrigin,6,0.000000,0.000000,0.000000,0.000001,33.104365
tournament 5,50,1,0.720123,225,150,rastrigin,6,0.000000,0.000002,0.000004,0.000006,14.092575
tournament 5,90,1,0.578555,225,150,rastrigin,6,0.000000,0.000000,0.000000,0.000001,14.726225
tournament 5,70,1,0.578555,225,150,rastrigin,6,0.000000,0.000000,0.000000,0.000000,34.896665
tournament 5,90,1,0.669452,225,150,rastrigin,6,0.000000,0.000000,0.000000,0.000000,15.489905
tournament 5,70,1,1.606822,225,150,rastrigin,6,0.000000,0.000000,0.000000,0.000000,36.566390
tournament 5,80,1,0.578555,225,150,rastrigin,6,0.000000,0.000000,0.000000,0.000001,36.592825
tournament 5,80,1,0.500000,225,150,rastrigin,6,0.000000,0.000002,0.000002,0.000004,36.879555
tournament 5,30,1,0.622346,225,150,rastrigin,6,0.000027,0.000160,0.000177,0.000280,34.248600
tournament 5,50,1,1.115658,225,150,rastrigin,6,0.000000,0.000000,0.000000,0.000000,11.141255
tournament 5,90,1,0.774630,225,150,rastrigin,6,0.000000,0.000000,0.000000,0.000001,11.327840
tournament 5,90,1,0.896332,225,150,rastrigin,6,0.000000,0.000000,0.000000,0.000001,12.137465
tournament 5,20,1,0.833262,225,150,rastrigin,6,0.001991,0.035391,0.034407,0.061898,32.824415
tournament 5,50,1,1.290939,225,150,rastrigin,6,0.000000,0.000000,0.000000,0.000000,12.944445
tournament 5,20,1,1.728444,225,150,rastrigin,6,0.017342,0.135978,0.127559,0.261284,34.142085
tournament 5,80,1,0.896332,225,150,rastrigin,6,0.000000,0.000000,0.000000,0.000000,31.976910
tournament 5,50,1,1.493759,225,150,rastrigin,6,0.000000,0.000000,0.000000,0.000000,13.446420
tournament 5,50,1,1.728444,225,150,rastrigin,6,0.000000,0.000000,0.000000,0.000000,12.509590
tournament 5,30,1,0.720123,225,150,rastrigin,6,0.000004,0.000205,0.000231,0.000266,33.410910
tournament 5,50,1,2.000000,225,150,rastrigin,6,0.000000,0.000000,0.000000,0.000001,12.450735
tournament 5,60,1,0.833262,225,150,rastrigin,6,0.000000,0.000000,0.000000,0.000002,11.988525
tournament 5,20,1,2.000000,225,150,rastrigin,6,0.018993,0.165402,0.194910,0.190005,28.228895
tournament 5,30,1,0.833262,225,150,rastrigin,6,0.000000,0.000597,0.000691,0.001310,33.875545
tournament 5,40,1,0.537845,225,150,rastrigin,6,0.000000,0.000010,0.000012,0.000011,30.738230
tournament 5,90,1,1.037155,225,150,rastrigin,6,0.000000,0.000000,0.000000,0.000000,17.838415
tournament 5,60,1,1.115658,225,150,rastrigin,6,0.000000,0.000000,0.000000,0.000000,12.579840
tournament 5,100,1,0.578555,225,150,rastrigin,6,0.000000,0.000000,0.000000,0.000001,12.177210
tournament 5,100,1,0.669452,225,150,rastrigin,6,0.000000,0.000000,0.000000,0.000001,12.238915
tournament 5,50,1,0.833262,225,150,rastrigin,6,0.000000,0.000001,0.000002,0.000002,22.263110
tournament 5,90,1,1.859271,225,150,rastrigin,6,0.000000,0.000000,0.000000,0.000000,14.642565
tournament 5,90,1,1.388651,225,150,rastrigin,6,0.000000,0.000000,0.000000,0.000000,18.441655
tournament 5,70,1,1.200103,225,150,rastrigin,6,0.000000,0.000000,0.000000,0.000000,18.818590
tournament 5,90,1,1.606822,225,150,rastrigin,6,0.000000,0.000000,0.000000,0.000000,17.731465
tournament 5,50,1,0.964176,225,150,rastrigin,6,0.000000,0.000000,0.000000,0.000000,21.259695
tournament 5,90,1,1.290939,225,150,rastrigin,6,0.000000,0.000000,0.000000,0.000000,12.056400
tournament 5,40,1,0.833262,225,150,rastrigin,6,0.000000,0.000004,0.000004,0.000015,18.753725
tournament 5,70,1,2.000000,225,150,rastrigin,6,0.000000,0.000000,0.000000,0.000000,13.800005
tournament 5,80,1,0.833262,225,150,rastrigin,6,0.000000,0.000000,0.000000,0.000001,11.549945
tournament 5,60,1,0.537845,225,150,rastrigin,6,0.000000,0.000000,0.000000,0.000002,11.247820
tournament 5,100,1,0.500000,225,150,rastrigin,6,0.000000,0.000001,0.000000,0.000009,22.470445
tournament 5,80,1,0.720123,225,150,rastrigin,6,0.000000,0.000000,0.000000,0.000000,13.925275
tournament 5,60,1,1.493759,225,150,rastrigin,6,0.000000,0.000000,0.000000,0.000000,14.665390
tournament 5,80,1,1.290939,225,150,rastrigin,6,0.000000,0.000000,0.000000,0.000000,11.426070
tournament 5,80,1,1.493759,225,150,rastrigin,6,0.000000,0.000000,0.000000,0.000000,11.703635
tournament 5,80,1,1.115658,225,150,rastrigin,6,0.000000,0.000000,0.000000,0.000000,11.762845
tournament 5,100,1,1.388651,225,150,rastrigin,6,0.000000,0.000000,0.000000,0.000000,11.819880
tournament 5,80,1,1.728444,225,150,rastrigin,6,0.000000,0.000000,0.000000,0.000000,11.817315
tournament 5,120,1,1.037155,225,150,rastrigin,6,0.000000,0.000000,0.000000,0.000000,17.617500
tournament 5,40,1,1.728444,225,150,rastrigin,6,0.000000,0.000001,0.000001,0.000002,19.372785
tournament 5,110,1,0.500000,225,150,rastrigin,6,0.000000,0.000001,0.000000,0.000002,12.576235
tournament 5,100,1,1.037155,225,150,rastrigin,6,0.000000,0.000000,0.000000,0.000000,20.963595
tournament 5,110,1,0.578555,225,150,rastrigin,6,0.000000,0.000000,0.000000,0.000000,12.222870
tournament 5,80,1,2.000000,225,150,rastrigin,6,0.000000,0.000000,0.000000,0.000000,12.971185
tournament 5,90,1,0.537845,225,150,rastrigin,6,0.000000,0.000000,0.000000,0.000001,12.851740
tournament 5,110,1,0.669452,225,150,rastrigin,6,0.000000,0.000000,0.000000,0.000000,12.599680
tournament 5,90,1,0.622346,225,150,rastrigin,6,0.000000,0.000000,0.000000,0.000001,12.449975
tournament 5,60,1,0.964176,225,150,rastrigin,6,0.000000,0.000000,0.000000,0.000000,23.448110
tournament 5,90,1,0.720123,225,150,rastrigin,6,0.000000,0.000000,0.000000,0.000001,12.200310
tournament 5,110,1,0.896332,225,150,rastrigin,6,0.000000,0.000000,0.000000,0.000000,12.706185
tournament 5,90,1,0.833262,225,150,rastrigin,6,0.000000,0.000000,0.000000,0.000001,12.488315
tournament 5,90,1,0.964176,225,150,rastrigin,6,0.000000,0.000000,0.000000,0.000000,12.266180
tournament 5,110,1,1.200103,225,150,rastrigin,6,0.000000,0.000000,0.000000,0.000000,11.505130
tournament 5,40,1,1.493759,225,150,rastrigin,6,0.000000,0.000000,0.000000,0.000000,36.384575
tournament 5,70,1,0.833262,225,150,rastrigin,6,0.000000,0.000000,0.000000,0.000010,27.567695
tournament 5,40,1,2.000000,225,150,rastrigin,6,0.000000,0.000006,0.000006,0.000027,35.653595
tournament 5,40,1,1.290939,225,150,rastrigin,6,0.000000,0.000000,0.000000,0.000000,36.022090
tournament 5,110,1,1.606822,225,150,rastrigin,6,0.000000,0.000000,0.000000,0.000000,12.349315
tournament 5,60,1,0.720123,225,150,rastrigin,6,0.000000,0.000000,0.000000,0.000001,26.962765
tournament 5,110,1,1.859271,225,150,rastrigin,6,0.000000,0.000000,0.000000,0.000000,11.653580
tournament 5,60,1,0.622346,225,150,rastrigin,6,0.000000,0.000000,0.000000,0.000002,33.907060
tournament 5,100,1,0.774630,225,150,rastrigin,6,0.000000,0.000000,0.000000,0.000001,41.352210
tournament 5,70,1,0.964176,225,150,rastrigin,6,0.000000,0.000000,0.000000,0.000000,29.599470
tournament 5,40,1,1.115658,225,150,rastrigin,6,0.000000,0.000000,0.000000,0.000000,38.131820
tournament 5,60,1,1.290939,225,150,rastrigin,6,0.000000,0.000000,0.000000,0.000000,33.658825
tournament 5,100,1,1.859271,225,150,rastrigin,6,0.000000,0.000000,0.000000,0.000000,33.491330
tournament 5,50,1,0.537845,225,150,rastrigin,6,0.000000,0.000001,0.000002,0.000006,38.468420
tournament 5,40,1,0.964176,225,150,rastrigin,6,0.000000,0.000000,0.000000,0.000002,39.914005
tournament 5,120,1,0.578555,225,150,rastrigin,6,0.000000,0.000000,0.000000,0.000002,12.269630
tournament 5,120,1,0.669452,225,150,rastrigin,6,0.000000,0.000000,0.000000,0.000001,12.023415
tournament 5,70,1,1.115658,225,150,rastrigin,6,0.000000,0.000000,0.000000,0.000000,27.854365
tournament 5,120,1,1.200103,225,150,rastrigin,6,0.000000,0.000000,0.000000,0.000000,11.633835
tournament 5,100,1,0.720123,225,150,rastrigin,6,0.000000,0.000000,0.000000,0.000000,11.686305
tournament 5,100,1,1.200103,225,150,rastrigin,6,0.000000,0.000000,0.000000,0.000000,38.202725
tournament 5,100,1,0.622346,225,150,rastrigin,6,0.000000,0.000000,0.000000,0.000000,11.837565
tournament 5,100,1,1.606822,225,150,rastrigin,6,0.000000,0.000000,0.000000,0.000000,37.126550
tournament 5,50,1,0.622346,225,150,rastrigin,6,0.000000,0.000001,0.000001,0.000004,40.510520
tournament 5,60,1,1.728444,225,150,rastrigin,6,0.000000,0.000000,0.000000,0.000000,37.954015
tournament 5,70,1,0.537845,225,150,rastrigin,6,0.000000,0.000000,0.000000,0.000001,37.078220
tournament 5,70,1,1.493759,225,150,rastrigin,6,0.000000,0.000000,0.000000,0.000000,37.859040
tournament 5,70,1,0.622346,225,150,rastrigin,6,0.000000,0.000000,0.000000,0.000002,28.973535
tournament 5,70,1,0.720123,225,150,rastrigin,6,0.000000,0.000000,0.000000,0.000001,31.790800
tournament 5,70,1,1.728444,225,150,rastrigin,6,0.000000,0.000000,0.000000,0.000000,29.737640
tournament 5,120,1,1.859271,225,150,rastrigin,6,0.000000,0.000000,0.000000,0.000000,12.745120
tournament 5,80,1,0.537845,225,150,rastrigin,6,0.000000,0.000000,0.000000,0.000001,30.471280
tournament 5,130,1,0.578555,225,150,rastrigin,6,0.000000,0.000000,0.000000,0.000001,12.997460
tournament 5,130,1,0.669452,225,150,rastrigin,6,0.000000,0.000000,0.000000,0.000000,12.259665
tournament 5,130,1,0.774630,225,150,rastrigin,6,0.000000,0.000000,0.000000,0.000000,13.024730
tournament 5,100,1,0.896332,225,150,rastrigin,6,0.000000,0.000000,0.000000,0.000000,22.261455
tournament 5,90,1,2.000000,225,150,rastrigin,6,0.000000,0.000000,0.000000,0.000000,19.366095
tournament 5,80,1,0.622346,225,150,rastrigin,6,0.000000,0.000000,0.000000,0.000001,36.103380
tournament 5,90,1,1.728444,225,150,rastrigin,6,0.000000,0.000000,0.000000,0.000000,19.212575
tournament 5,90,1,1.115658,225,150,rastrigin,6,0.000000,0.000000,0.000000,0.000000,23.837875
tournament 5,130,1,0.500000,225,150,rastrigin,6,0.000000,0.000001,0.000000,0.000002,18.180745
tournament 5,110,1,0.774630,225,150,rastrigin,6,0.000000,0.000000,0.000000,0.000000,36.798535
tournament 5,130,1,1.200103,225,150,rastrigin,6,0.000000,0.000000,0.000000,0.000000,12.409265
tournament 5,90,1,1.493759,225,150,rastrigin,6,0.000000,0.000000,0.000000,0.000000,20.021775
tournament 5,130,1,0.896332,225,150,rastrigin,6,0.000000,0.000000,0.000000,0.000001,13.290280
tournament 5,130,1,1.388651,225,150,rastrigin,6,0.000000,0.000000,0.000000,0.000000,12.591005
tournament 5,130,1,1.606822,225,150,rastrigin,6,0.000000,0.000000,0.000000,0.000000,13.151555
tournament 5,100,1,0.537845,225,150,rastrigin,6,0.000000,0.000000,0.000000,0.000002,15.159655
tournament 5,120,1,0.500000,225,150,rastrigin,6,0.000000,0.000000,0.000000,0.000002,29.324095
tournament 5,110,1,1.037155,225,150,rastrigin,6,0.000000,0.000000,0.000000,0.000000,34.707315
tournament 5,110,1,1.388651,225,150,rastrigin,6,0.000000,0.000000,0.000000,0.000000,32.744655
tournament 5,100,1,1.493759,225,150,rastrigin,6,0.000000,0.000000,0.000000,0.000000,13.218460
tournament 5,80,1,0.964176,225,150,rastrigin,6,0.000000,0.000000,0.000000,0.000000,32.473760
tournament 5,120,1,0.774630,225,150,rastrigin,6,0.000000,0.000000,0.000000,0.000000,28.053955
tournament 5,130,1,1.859271,225,150,rastrigin,6,0.000000,0.000000,0.000000,0.000000,12.887730
tournament 5,120,1,0.896332,225,150,rastrigin,6,0.000000,0.000000,0.000000,0.000000,28.584950
tournament 5,70,1,1.290939,225,150,rastrigin,6,0.000000,0.000000,0.000000,0.000000,25.233485
tournament 5,120,1,1.606822,225,150,rastrigin,6,0.000000,0.000000,0.000000,0.000000,25.344220
tournament 5,120,1,1.388651,225,150,rastrigin,6,0.000000,0.000000,0.000000,0.000000,27.420575
tournament 5,100,1,1.115658,225,150,rastrigin,6,0.000000,0.000000,0.000000,0.000000,12.144310
tournament 5,140,1,0.500000,225,150,rastrigin,6,0.000000,0.000000,0.000000,0.000003,13.123095
tournament 5,110,1,0.537845,225,150,rastrigin,6,0.000000,0.000000,0.000000,0.000001,13.624250
tournament 5,140,1,0.669452,225,150,rastrigin,6,0.000000,0.000000,0.000000,0.000000,12.110955
tournament 5,130,1,1.037155,225,150,rastrigin,6,0.000000,0.000000,0.000000,0.000000,21.892960
tournament 5,110,1,0.622346,225,150,rastrigin,6,0.000000,0.000000,0.000000,0.000001,14.632420
tournament 5,140,1,1.037155,225,150,rastrigin,6,0.000000,0.000000,0.000000,0.000000,11.028215
tournament 5,120,1,1.115658,225,150,rastrigin,6,0.000000,0.000000,0.000000,0.000000,17.353010
tournament 5,140,1,1.200103,225,150,rastrigin,6,0.000000,0.000000,0.000000,0.000000,10.931085
tournament 5,110,1,1.290939,225,150,rastrigin,6,0.000000,0.000000,0.000000,0.000000,10.712220
tournament 5,110,1,0.964176,225,150,rastrigin,6,0.000000,0.000000,0.000000,0.000000,11.510040
tournament 5,140,1,1.388651,225,150,rastrigin,6,0.000000,0.000000,0.000000,0.000000,11.209740
tournament 5,140,1,0.774630,225,150,rastrigin,6,0.000000,0.000000,0.000000,0.000000,12.180410
tournament 5,140,1,0.578555,225,150,rastrigin,6,0.000000,0.000000,0.000000,0.000000,15.872785
tournament 5,140,1,0.896332,225,150,rastrigin,6,0.000000,0.000000,0.000000,0.000000,14.352355
tournament 5,110,1,0.720123,225,150,rastrigin,6,0.000000,0.000000,0.000000,0.000000,15.305195
tournament 5,140,1,1.859271,225,150,rastrigin,6,0.000000,0.000000,0.000000,0.000000,12.292645
tournament 5,110,1,1.728444,225,150,rastrigin,6,0.000000,0.000000,0.000000,0.000000,11.310910
tournament 5,110,1,2.000000,225,150,rastrigin,6,0.000000,0.000000,0.000000,0.000000,11.016015
tournament 5,140,1,1.606822,225,150,rastrigin,6,0.000000,0.000000,0.000000,0.000000,16.363040
tournament 5,120,1,0.720123,225,150,rastrigin,6,0.000000,0.000000,0.000000,0.000001,11.225375
tournament 5,150,1,0.896332,225,150,rastrigin,6,0.000000,0.000000,0.000000,0.000000,14.401350
tournament 5,120,1,0.622346,225,150,rastrigin,6,0.000000,0.000000,0.000000,0.000001,12.625755
tournament 5,100,1,0.833262,225,150,rastrigin,6,0.000000,0.000000,0.000000,0.000000,14.821875
tournament 5,160,1,0.500000,225,150,rastrigin,6,0.000000,0.000000,0.000000,0.000003,12.168960
tournament 5,170,1,1.200103,225,150,rastrigin,6,0.000000,0.000000,0.000000,0.000000,14.643945
tournament 5,150,1,0.774630,225,150,rastrigin,6,0.000000,0.000000,0.000000,0.000000,16.493065
tournament 5,100,1,1.290939,225,150,rastrigin,6,0.000000,0.000000,0.000000,0.000000,12.625935
tournament 5,150,1,1.859271,225,150,rastrigin,6,0.000000,0.000000,0.000000,0.000000,14.793065
tournament 5,160,1,0.578555,225,150,rastrigin,6,0.000000,0.000000,0.000000,0.000000,13.335800
tournament 5,150,1,0.669452,225,150,rastrigin,6,0.000000,0.000000,0.000000,0.000000,20.335450
tournament 5,120,1,2.000000,225,150,rastrigin,6,0.000000,0.000000,0.000000,0.000000,12.876850
tournament 5,130,1,0.622346,225,150,rastrigin,6,0.000000,0.000000,0.000000,0.000000,12.498530
tournament 5,160,1,1.200103,225,150,rastrigin,6,0.000000,0.000000,0.000000,0.000000,14.982715
tournament 5,130,1,0.720123,225,150,rastrigin,6,0.000000,0.000000,0.000000,0.000000,12.927520
tournament 5,160,1,1.388651,225,150,rastrigin,6,0.000000,0.000000,0.000000,0.000000,15.427950
tournament 5,160,1,1.859271,225,150,rastrigin,6,0.000000,0.000000,0.000000,0.000000,15.076610
tournament 5,130,1,0.833262,225,150,rastrigin,6,0.000000,0.000000,0.000000,0.000000,13.391275
tournament 5,160,1,1.606822,225,150,rastrigin,6,0.000000,0.000000,0.000000,0.000000,17.259485
tournament 5,150,1,0.500000,225,150,rastrigin,6,0.000000,0.000001,0.000000,0.000004,30.097510
tournament 5,130,1,1.290939,225,150,rastrigin,6,0.000000,0.000000,0.000000,0.000000,11.729730
tournament 5,150,1,0.578555,225,150,rastrigin,6,0.000000,0.000000,0.000000,0.000000,30.943270
tournament 5,150,1,1.037155,225,150,rastrigin,6,0.000000,0.000000,0.000000,0.000000,27.412675
tournament 5,130,1,1.493759,225,150,rastrigin,6,0.000000,0.000000,0.000000,0.000000,12.149870
tournament 5,130,1,0.964176,225,150,rastrigin,6,0.000000,0.000000,0.000000,0.000000,12.567535
tournament 5,130,1,1.728444,225,150,rastrigin,6,0.000000,0.000000,0.000000,0.000000,11.921535
tournament 5,180,1,0.578555,225,150,rastrigin,6,0.000000,0.000000,0.000000,0.000001,12.335270
tournament 5,150,1,1.388651,225,150,rastrigin,6,0.000000,0.000000,0.000000,0.000000,31.302215
tournament 5,120,1,1.290939,225,150,rastrigin,6,0.000000,0.000000,0.000000,0.000000,28.937915
tournament 5,100,1,2.000000,225,150,rastrigin,6,0.000000,0.000000,0.000000,0.000000,32.266585
tournament 5,150,1,1.200103,225,150,rastrigin,6,0.000000,0.000000,0.000000,0.000000,32.660190
tournament 5,110,1,0.833262,225,150,rastrigin,6,0.000000,0.000000,0.000000,0.000000,19.192785
tournament 5,170,1,0.537845,225,150,rastrigin,6,0.000000,0.000000,0.000000,0.000001,20.042650
tournament 5,160,1,0.669452,225,150,rastrigin,6,0.000000,0.000000,0.000000,0.000000,29.969075
tournament 5,170,1,0.774630,225,150,rastrigin,6,0.000000,0.000000,0.000000,0.000000,15.014965
tournament 5,130,1,2.000000,225,150,rastrigin,6,0.000000,0.000000,0.000000,0.000000,14.376885
tournament 5,160,1,0.896332,225,150,rastrigin,6,0.000000,0.000000,0.000000,0.000000,32.008225
tournament 5,170,1,0.964176,225,150,rastrigin,6,0.000000,0.000000,0.000000,0.000000,14.821895
tournament 5,100,1,1.728444,225,150,rastrigin,6,0.000000,0.000000,0.000000,0.000000,35.062720
tournament 5,160,1,1.037155,225,150,rastrigin,6,0.000000,0.000000,0.000000,0.000000,34.570220
tournament 5,160,1,0.774630,225,150,rastrigin,6,0.000000,0.000000,0.000000,0.000000,35.897695
tournament 5,170,1,0.578555,225,150,rastrigin,6,0.000000,0.000000,0.000000,0.000000,27.429730
tournament 5,170,1,0.622346,225,150,rastrigin,6,0.000000,0.000000,0.000000,0.000000,27.863845
tournament 5,170,1,1.115658,225,150,rastrigin,6,0.000000,0.000000,0.000000,0.000000,15.571680
tournament 5,170,1,1.037155,225,150,rastrigin,6,0.000000,0.000000,0.000000,0.000000,17.666110
tournament 5,130,1,0.537845,225,150,rastrigin,6,0.000000,0.000000,0.000000,0.000000,28.714985
tournament 5,170,1,0.500000,225,150,rastrigin,6,0.000000,0.000001,0.000002,0.000004,29.180225
tournament 5,100,1,0.964176,225,150,rastrigin,6,0.000000,0.000000,0.000000,0.000000,29.802250
tournament 5,170,1,1.388651,225,150,rastrigin,6,0.000000,0.000000,0.000000,0.000000,15.461635
tournament 5,140,1,1.493759,225,150,rastrigin,6,0.000000,0.000000,0.000000,0.000000,15.393910
tournament 5,140,1,1.115658,225,150,rastrigin,6,0.000000,0.000000,0.000000,0.000000,16.814980
tournament 5,110,1,1.115658,225,150,rastrigin,6,0.000000,0.000000,0.000000,0.000000,23.188005
tournament 5,140,1,1.290939,225,150,rastrigin,6,0.000000,0.000000,0.000000,0.000000,16.038765
tournament 5,140,1,0.622346,225,150,rastrigin,6,0.000000,0.000000,0.000000,0.000001,15.582200
tournament 5,140,1,0.720123,225,150,rastrigin,6,0.000000,0.000000,0.000000,0.000000,17.208270
tournament 5,170,1,0.669452,225,150,rastrigin,6,0.000000,0.000000,0.000000,0.000000,31.445675
tournament 5,170,1,1.493759,225,150,rastrigin,6,0.000000,0.000000,0.000000,0.000000,17.804230
tournament 5,140,1,0.537845,225,150,rastrigin,6,0.000000,0.000000,0.000000,0.000001,19.959115
tournament 5,120,1,0.537845,225,150,rastrigin,6,0.000000,0.000000,0.000000,0.000002,29.395415
tournament 5,120,1,0.964176,225,150,rastrigin,6,0.000000,0.000000,0.000000,0.000000,24.415430
tournament 5,140,1,0.833262,225,150,rastrigin,6,0.000000,0.000000,0.000000,0.000000,19.008440
tournament 5,150,1,1.606822,225,150,rastrigin,6,0.000000,0.000000,0.000000,0.000000,21.129180
tournament 5,170,1,0.896332,225,150,rastrigin,6,0.000000,0.000000,0.000000,0.000000,24.824610
tournament 5,110,1,1.493759,225,150,rastrigin,6,0.000000,0.000000,0.000000,0.000000,28.010895
tournament 5,120,1,1.728444,225,150,rastrigin,6,0.000000,0.000000,0.000000,0.000000,26.510365
tournament 5,120,1,0.833262,225,150,rastrigin,6,0.000000,0.000000,0.000000,0.000000,28.589140
tournament 5,170,1,0.833262,225,150,rastrigin,6,0.000000,0.000000,0.000000,0.000000,28.668835
tournament 5,120,1,1.493759,225,150,rastrigin,6,0.000000,0.000000,0.000000,0.000000,25.875725
tournament 5,170,1,1.606822,225,150,rastrigin,6,0.000000,0.000000,0.000000,0.000000,14.975485
tournament 5,170,1,1.290939,225,150,rastrigin,6,0.000000,0.000000,0.000000,0.000000,26.510940
tournament 5,130,1,1.115658,225,150,rastrigin,6,0.000000,0.000000,0.000000,0.000000,27.780310
tournament 5,170,1,1.859271,225,150,rastrigin,6,0.000000,0.000000,0.000000,0.000000,11.431020
tournament 5,170,1,1.728444,225,150,rastrigin,6,0.000000,0.000000,0.000000,0.000000,11.707455
tournament 5,180,1,0.500000,225,150,rastrigin,6,0.000000,0.000001,0.000000,0.000002,11.497200
tournament 5,170,1,2.000000,225,150,rastrigin,6,0.000000,0.000000,0.000000,0.000000,11.591460
tournament 5,160,1,0.622346,225,150,rastrigin,6,0.000000,0.000000,0.000000,0.000000,11.349320
tournament 5,140,1,1.728444,225,150,rastrigin,6,0.000000,0.000000,0.000000,0.000000,12.505360
tournament 5,160,1,0.537845,225,150,rastrigin,6,0.000000,0.000000,0.000000,0.000000,12.668240
tournament 5,180,1,0.669452,225,150,rastrigin,6,0.000000,0.000000,0.000000,0.000000,12.711495
tournament 5,180,1,0.622346,225,150,rastrigin,6,0.000000,0.000000,0.000000,0.000001,13.188950
tournament 5,150,1,0.833262,225,150,rastrigin,6,0.000000,0.000000,0.000000,0.000000,13.435675
tournament 5,180,1,0.537845,225,150,rastrigin,6,0.000000,0.000000,0.000000,0.000001,13.924890
tournament 5,170,1,0.720123,225,150,rastrigin,6,0.000000,0.000000,0.000000,0.000000,14.120340
tournament 5,180,1,0.720123,225,150,rastrigin,6,0.000000,0.000000,0.000000,0.000000,14.263725
tournament 5,140,1,0.964176,225,150,rastrigin,6,0.000000,0.000000,0.000000,0.000000,22.771305
tournament 5,180,1,0.774630,225,150,rastrigin,6,0.000000,0.000000,0.000000,0.000000,12.555740
tournament 5,150,1,0.964176,225,150,rastrigin,6,0.000000,0.000000,0.000000,0.000000,18.477680
tournament 5,150,1,2.000000,225,150,rastrigin,6,0.000000,0.000000,0.000000,0.000000,18.866275
tournament 5,140,1,2.000000,225,150,rastrigin,6,0.000000,0.000000,0.000000,0.000000,20.304565
tournament 5,160,1,1.290939,225,150,rastrigin,6,0.000000,0.000000,0.000000,0.000000,16.708705
tournament 5,150,1,0.720123,225,150,rastrigin,6,0.000000,0.000000,0.000000,0.000000,20.217450
tournament 5,180,1,0.964176,225,150,rastrigin,6,0.000000,0.000000,0.000000,0.000000,11.738515
tournament 5,180,1,0.833262,225,150,rastrigin,6,0.000000,0.000000,0.000000,0.000000,11.896005
tournament 5,180,1,0.896332,225,150,rastrigin,6,0.000000,0.000000,0.000000,0.000000,12.137565
tournament 5,180,1,1.037155,225,150,rastrigin,6,0.000000,0.000000,0.000000,0.000000,12.347045
tournament 5,180,1,1.200103,225,150,rastrigin,6,0.000000,0.000000,0.000000,0.000000,11.318475
tournament 5,180,1,1.115658,225,150,rastrigin,6,0.000000,0.000000,0.000000,0.000000,11.375300
tournament 5,160,1,2.000000,225,150,rastrigin,6,0.000000,0.000000,0.000000,0.000000,13.704975
tournament 5,160,1,1.728444,225,150,rastrigin,6,0.000000,0.000000,0.000000,0.000000,13.937620
tournament 5,180,1,1.290939,225,150,rastrigin,6,0.000000,0.000000,0.000000,0.000000,11.976545
tournament 5,160,1,1.493759,225,150,rastrigin,6,0.000000,0.000000,0.000000,0.000000,15.065850
tournament 5,180,1,1.728444,225,150,rastrigin,6,0.000000,0.000000,0.000000,0.000000,11.742505
tournament 5,180,1,1.493759,225,150,rastrigin,6,0.000000,0.000000,0.000000,0.000000,12.245060
tournament 5,180,1,1.606822,225,150,rastrigin,6,0.000000,0.000000,0.000000,0.000000,13.400955
tournament 5,180,1,1.859271,225,150,rastrigin,6,0.000000,0.000000,0.000000,0.000000,12.084105
tournament 5,150,1,1.115658,225,150,rastrigin,6,0.000000,0.000000,0.000000,0.000000,18.674805
tournament 5,150,1,0.622346,225,150,rastrigin,6,0.000000,0.000000,0.000000,0.000000,19.684495
tournament 5,150,1,0.537845,225,150,rastrigin,6,0.000000,0.000000,0.000000,0.000001,21.459235
tournament 5,180,1,2.000000,225,150,rastrigin,6,0.000000,0.000000,0.000000,0.000000,14.384895
tournament 5,190,1,0.774630,225,150,rastrigin,6,0.000000,0.000000,0.000000,0.000000,11.573345
tournament 5,190,1,0.896332,225,150,rastrigin,6,0.000000,0.000000,0.000000,0.000000,11.642175
tournament 5,190,1,1.037155,225,150,rastrigin,6,0.000000,0.000000,0.000000,0.000000,12.051565
tournament 5,190,1,0.964176,225,150,rastrigin,6,0.000000,0.000000,0.000000,0.000000,12.609110
tournament 5,190,1,1.200103,225,150,rastrigin,6,0.000000,0.000000,0.000000,0.000000,11.940290
tournament 5,190,1,0.622346,225,150,rastrigin,6,0.000000,0.000000,0.000000,0.000001,14.802450
tournament 5,180,1,1.388651,225,150,rastrigin,6,0.000000,0.000000,0.000000,0.000000,23.494330
tournament 5,190,1,0.669452,225,150,rastrigin,6,0.000000,0.000000,0.000000,0.000001,16.033480
tournament 5,190,1,1.388651,225,150,rastrigin,6,0.000000,0.000000,0.000000,0.000000,12.200800
tournament 5,150,1,1.290939,225,150,rastrigin,6,0.000000,0.000000,0.000000,0.000000,25.058470
tournament 5,160,1,0.720123,225,150,rastrigin,6,0.000000,0.000000,0.000000,0.000000,24.993335
tournament 5,190,1,0.720123,225,150,rastrigin,6,0.000000,0.000000,0.000000,0.000000,17.932425
tournament 5,150,1,1.493759,225,150,rastrigin,6,0.000000,0.000000,0.000000,0.000000,28.211800
tournament 5,190,1,1.606822,225,150,rastrigin,6,0.000000,0.000000,0.000000,0.000000,12.600920
tournament 5,200,1,0.500000,225,150,rastrigin,6,0.000000,0.000000,0.000000,0.000002,12.872835
tournament 5,190,1,1.115658,225,150,rastrigin,6,0.000000,0.000000,0.000000,0.000000,19.338290
tournament 5,190,1,1.290939,225,150,rastrigin,6,0.000000,0.000000,0.000000,0.000000,19.618435
tournament 5,160,1,0.964176,225,150,rastrigin,6,0.000000,0.000000,0.000000,0.000000,26.294120
tournament 5,190,1,0.500000,225,150,rastrigin,6,0.000000,0.000001,0.000000,0.000008,23.977975
tournament 5,160,1,0.833262,225,150,rastrigin,6,0.000000,0.000000,0.000000,0.000000,24.654395
tournament 5,190,1,0.578555,225,150,rastrigin,6,0.000000,0.000000,0.000000,0.000001,24.871525
tournament 5,200,1,0.833262,225,150,rastrigin,6,0.000000,0.000000,0.000000,0.000000,12.332230
tournament 5,200,1,1.037155,225,150,rastrigin,6,0.000000,0.000000,0.000000,0.000000,11.337135
tournament 5,160,1,1.115658,225,150,rastrigin,6,0.000000,0.000000,0.000000,0.000000,25.959505
tournament 5,190,1,0.833262,225,150,rastrigin,6,0.000000,0.000000,0.000000,0.000001,24.973110
tournament 5,190,1,0.537845,225,150,rastrigin,6,0.000000,0.000000,0.000000,0.000000,26.046100
tournament 5,200,1,1.115658,225,150,rastrigin,6,0.000000,0.000000,0.000000,0.000000,11.925365
tournament 5,200,1,1.200103,225,150,rastrigin,6,0.000000,0.000000,0.000000,0.000000,11.667070
tournament 5,200,1,1.290939,225,150,rastrigin,6,0.000000,0.000000,0.000000,0.000000,11.112815
tournament 5,200,1,1.388651,225,150,rastrigin,6,0.000000,0.000000,0.000000,0.000000,11.479365
tournament 5,190,1,1.728444,225,150,rastrigin,6,0.000000,0.000000,0.000000,0.000000,21.172945
tournament 5,200,1,1.493759,225,150,rastrigin,6,0.000000,0.000000,0.000000,0.000000,11.619120
tournament 5,190,1,1.493759,225,150,rastrigin,6,0.000000,0.000000,0.000000,0.000000,21.545760
tournament 5,190,1,2.000000,225,150,rastrigin,6,0.000000,0.000000,0.000000,0.000000,21.570710
tournament 5,190,1,1.859271,225,150,rastrigin,6,0.000000,0.000000,0.000000,0.000000,21.824900
tournament 5,150,1,1.728444,225,150,rastrigin,6,0.000000,0.000000,0.000000,0.000000,20.403015
tournament 5,200,1,0.537845,225,150,rastrigin,6,0.000000,0.000000,0.000000,0.000000,19.301015
tournament 5,200,1,0.578555,225,150,rastrigin,6,0.000000,0.000000,0.000000,0.000001,18.035530
tournament 5,200,1,0.774630,225,150,rastrigin,6,0.000000,0.000000,0.000000,0.000000,18.182505
tournament 5,200,1,0.669452,225,150,rastrigin,6,0.000000,0.000000,0.000000,0.000000,18.203015
tournament 5,200,1,0.622346,225,150,rastrigin,6,0.000000,0.000000,0.000000,0.000000,18.635475
tournament 5,200,1,0.896332,225,150,rastrigin,6,0.000000,0.000000,0.000000,0.000000,18.845480
tournament 5,200,1,0.964176,225,150,rastrigin,6,0.000000,0.000000,0.000000,0.000000,18.588020
tournament 5,200,1,0.720123,225,150,rastrigin,6,0.000000,0.000000,0.000000,0.000000,20.858140
tournament 5,200,1,1.728444,225,150,rastrigin,6,0.000000,0.000000,0.000000,0.000000,10.709355
tournament 5,200,1,1.859271,225,150,rastrigin,6,0.000000,0.000000,0.000000,0.000000,10.503385
tournament 5,200,1,1.606822,225,150,rastrigin,6,0.000000,0.000000,0.000000,0.000000,11.279380
tournament 5,200,1,2.000000,225,150,rastrigin,6,0.000000,0.000000,0.000000,0.000000,10.949565
roulette wheel,20,1,1.388651,450,300,rastrigin,9,0.006050,0.046400,0.059687,0.059683,79.673860
roulette wheel,30,1,0.500000,450,300,rastrigin,9,0.000050,0.000890,0.001051,0.004765,81.428125
roulette wheel,10,1,0.774630,450,300,rastrigin,9,1.145504,2.782186,3.281914,0.958430,84.194880
roulette wheel,20,1,1.859271,450,300,rastrigin,9,0.049534,0.640052,0.838146,0.623994,83.849960
roulette wheel,30,1,0.578555,450,300,rastrigin,9,0.000065,0.000280,0.000298,0.000320,79.242035
roulette wheel,10,1,0.896332,450,300,rastrigin,9,1.815945,3.028585,3.404779,0.659381,86.177775
roulette wheel,10,1,0.500000,450,300,rastrigin,9,1.742290,3.411549,3.751842,1.205145,87.577375
roulette wheel,30,1,0.669452,450,300,rastrigin,9,0.000031,0.000273,0.000313,0.000308,79.821445
roulette wheel,30,1,1.200103,450,300,rastrigin,9,0.000000,0.000000,0.000000,0.000001,79.253550
roulette wheel,20,1,0.669452,450,300,rastrigin,9,0.025799,0.210423,0.157839,0.369006,100.146155
roulette wheel,10,1,1.606822,450,300,rastrigin,9,0.935177,4.099054,4.443201,1.174852,101.515740
roulette wheel,10,1,1.200103,450,300,rastrigin,9,1.509068,2.896468,3.365112,0.887994,102.023680
roulette wheel,20,1,1.037155,450,300,rastrigin,9,0.004673,0.015959,0.014677,0.023357,101.993595
roulette wheel,20,1,0.578555,450,300,rastrigin,9,0.006569,0.042083,0.053101,0.178385,102.752815
roulette wheel,30,1,1.388651,450,300,rastrigin,9,0.000000,0.000002,0.000004,0.000004,84.956235
roulette wheel,10,1,1.037155,450,300,rastrigin,9,1.116432,2.687500,2.943493,0.869023,103.912725
roulette wheel,20,1,0.500000,450,300,rastrigin,9,0.005085,0.286986,0.269417,0.427092,104.050215
roulette wheel,20,1,0.896332,450,300,rastrigin,9,0.021320,0.268299,0.366076,0.324235,104.574480
roulette wheel,20,1,1.606822,450,300,rastrigin,9,0.024899,0.141687,0.154528,0.288070,107.389005
roulette wheel,10,1,1.859271,450,300,rastrigin,9,3.584003,5.326148,5.547335,1.113124,108.305505
roulette wheel,10,1,1.388651,450,300,rastrigin,9,1.597160,3.078852,3.398811,1.074693,108.455115
roulette wheel,20,1,1.200103,450,300,rastrigin,9,0.001518,0.010484,0.013458,0.011474,119.099080
roulette wheel,10,1,0.669452,450,300,rastrigin,9,1.168556,2.713207,3.286919,1.182280,120.471220
roulette wheel,10,1,0.578555,450,300,rastrigin,9,1.375591,2.585605,2.748983,0.715845,124.878085
roulette wheel,20,1,0.774630,450,300,rastrigin,9,0.014427,0.198186,0.192179,0.402005,128.357585
roulette wheel,40,1,0.669452,450,300,rastrigin,9,0.000000,0.000009,0.000011,0.000021,76.348135
roulette wheel,40,1,0.774630,450,300,rastrigin,9,0.000000,0.000010,0.000008,0.000054,76.877880
roulette wheel,30,1,0.896332,450,300,rastrigin,9,0.000168,0.000893,0.001038,0.001486,129.376100
roulette wheel,30,1,1.606822,450,300,rastrigin,9,0.000008,0.000031,0.000032,0.000097,118.691140
roulette wheel,30,1,0.774630,450,300,rastrigin,9,0.000168,0.000666,0.000690,0.007494,139.289405
roulette wheel,40,1,0.896332,450,300,rastrigin,9,0.000000,0.000008,0.000008,0.000040,78.792760
roulette wheel,40,1,1.037155,450,300,rastrigin,9,0.000000,0.000000,0.000000,0.000000,74.388420
roulette wheel,30,1,1.037155,450,300,rastrigin,9,0.000000,0.000000,0.000000,0.000002,139.518655
roulette wheel,30,1,1.859271,450,300,rastrigin,9,0.000057,0.000594,0.000605,0.000828,131.441330
roulette wheel,50,1,0.500000,450,300,rastrigin,9,0.000000,0.000006,0.000008,0.000012,71.564365
roulette wheel,40,1,0.500000,450,300,rastrigin,9,0.000008,0.000067,0.000088,0.000182,123.458845
roulette wheel,60,1,1.037155,450,300,rastrigin,9,0.000000,0.000000,0.000000,0.000000,64.288250
roulette wheel,60,1,1.200103,450,300,rastrigin,9,0.000000,0.000000,0.000000,0.000000,63.127920
roulette wheel,60,1,0.896332,450,300,rastrigin,9,0.000000,0.000000,0.000000,0.000002,67.127140
roulette wheel,50,1,0.774630,450,300,rastrigin,9,0.000000,0.000000,0.000000,0.000005,82.870830
roulette wheel,50,1,0.896332,450,300,rastrigin,9,0.000000,0.000002,0.000004,0.000008,83.418775
roulette wheel,50,1,1.037155,450,300,rastrigin,9,0.000000,0.000000,0.000000,0.000000,84.960765
roulette wheel,50,1,0.578555,450,300,rastrigin,9,0.000000,0.000002,0.000000,0.000006,89.001395
roulette wheel,60,1,1.606822,450,300,rastrigin,9,0.000000,0.000000,0.000000,0.000000,63.499165
roulette wheel,40,1,0.578555,450,300,rastrigin,9,0.000000,0.000008,0.000008,0.000013,133.683205
roulette wheel,50,1,1.200103,450,300,rastrigin,9,0.000000,0.000000,0.000000,0.000000,85.742520
roulette wheel,50,1,1.388651,450,300,rastrigin,9,0.000000,0.000000,0.000000,0.000000,87.510430
roulette wheel,50,1,1.859271,450,300,rastrigin,9,0.000000,0.000000,0.000000,0.000000,86.056640
roulette wheel,60,1,0.774630,450,300,rastrigin,9,0.000000,0.000000,0.000000,0.000003,89.821430
roulette wheel,60,1,1.388651,450,300,rastrigin,9,0.000000,0.000000,0.000000,0.000000,82.006855
roulette wheel,60,1,1.859271,450,300,rastrigin,9,0.000000,0.000000,0.000000,0.000000,65.957980
roulette wheel,40,1,1.388651,450,300,rastrigin,9,0.000000,0.000000,0.000000,0.000000,115.914895
roulette wheel,50,1,1.606822,450,300,rastrigin,9,0.000000,0.000000,0.000000,0.000000,105.656585
roulette wheel,50,1,0.669452,450,300,rastrigin,9,0.000000,0.000002,0.000002,0.000007,112.029420
roulette wheel,40,1,1.606822,450,300,rastrigin,9,0.000000,0.000000,0.000000,0.000000,120.216360
roulette wheel,60,1,0.669452,450,300,rastrigin,9,0.000000,0.000000,0.000000,0.000002,108.581670
roulette wheel,60,1,0.500000,450,300,rastrigin,9,0.000000,0.000003,0.000004,0.000008,109.989540
roulette wheel,40,1,1.200103,450,300,rastrigin,9,0.000000,0.000000,0.000000,0.000000,126.345235
roulette wheel,60,1,0.578555,450,300,rastrigin,9,0.000000,0.000000,0.000000,0.000001,111.800180
roulette wheel,40,1,1.859271,450,300,rastrigin,9,0.000000,0.000000,0.000000,0.000000,125.102340
roulette wheel,70,1,0.500000,450,300,rastrigin,9,0.000000,0.000001,0.000000,0.000005,83.940750
roulette wheel,70,1,0.578555,450,300,rastrigin,9,0.000000,0.000000,0.000000,0.000001,79.646145
roulette wheel,70,1,0.774630,450,300,rastrigin,9,0.000000,0.000000,0.000000,0.000004,76.139605
roulette wheel,70,1,0.669452,450,300,rastrigin,9,0.000000,0.000000,0.000000,0.000001,85.450180
roulette wheel,70,1,0.896332,450,300,rastrigin,9,0.000000,0.000000,0.000000,0.000001,79.196690
roulette wheel,70,1,1.037155,450,300,rastrigin,9,0.000000,0.000000,0.000000,0.000000,73.740020
roulette wheel,80,1,1.037155,450,300,rastrigin,9,0.000000,0.000000,0.000000,0.000000,66.168090
roulette wheel,80,1,0.578555,450,300,rastrigin,9,0.000000,0.000000,0.000000,0.000001,73.850200
roulette wheel,80,1,0.896332,450,300,rastrigin,9,0.000000,0.000000,0.000000,0.000000,70.274710
roulette wheel,80,1,1.200103,450,300,rastrigin,9,0.000000,0.000000,0.000000,0.000000,65.267425
roulette wheel,70,1,1.606822,450,300,rastrigin,9,0.000000,0.000000,0.000000,0.000000,77.566810
roulette wheel,80,1,0.774630,450,300,rastrigin,9,0.000000,0.000000,0.000000,0.000000,74.108635
roulette wheel,70,1,1.388651,450,300,rastrigin,9,0.000000,0.000000,0.000000,0.000000,80.188595
roulette wheel,70,1,1.200103,450,300,rastrigin,9,0.000000,0.000000,0.000000,0.000000,82.944305
roulette wheel,80,1,0.669452,450,300,rastrigin,9,0.000000,0.000000,0.000000,0.000000,78.220370
roulette wheel,70,1,1.859271,450,300,rastrigin,9,0.000000,0.000000,0.000000,0.000000,86.863830
roulette wheel,80,1,0.500000,450,300,rastrigin,9,0.000000,0.000001,0.000000,0.000003,87.153840
roulette wheel,30,1,0.537845,450,300,rastrigin,9,0.000027,0.000162,0.000189,0.000327,79.637530
roulette wheel,20,1,1.493759,450,300,rastrigin,9,0.002693,0.087080,0.099522,0.107111,84.133105
roulette wheel,10,1,0.833262,450,300,rastrigin,9,1.495010,3.352570,3.658470,0.914756,84.087010
roulette wheel,20,1,2.000000,450,300,rastrigin,9,0.052887,0.734538,1.066605,0.648054,83.531990
roulette wheel,30,1,0.622346,450,300,rastrigin,9,0.000011,0.000256,0.000189,0.000720,81.553305
roulette wheel,10,1,0.537845,450,300,rastrigin,9,1.088768,2.806598,3.110785,0.879462,79.142275
roulette wheel,30,1,0.720123,450,300,rastrigin,9,0.000023,0.000267,0.000265,0.000661,79.770425
roulette wheel,10,1,0.964176,450,300,rastrigin,9,1.256420,3.216201,3.754942,1.141784,89.255740
roulette wheel,30,1,1.290939,450,300,rastrigin,9,0.000000,0.000000,0.000000,0.000001,83.892865
roulette wheel,30,1,1.493759,450,300,rastrigin,9,0.000000,0.000005,0.000008,0.000006,107.417490
roulette wheel,40,1,0.720123,450,300,rastrigin,9,0.000000,0.000008,0.000010,0.000029,108.174165
roulette wheel,40,1,1.115658,450,300,rastrigin,9,0.000000,0.000000,0.000000,0.000000,107.440545
roulette wheel,20,1,1.728444,450,300,rastrigin,9,0.006958,0.252019,0.250349,0.299943,125.213220
roulette wheel,20,1,0.720123,450,300,rastrigin,9,0.005383,0.087684,0.100662,0.263495,151.811700
roulette wheel,40,1,0.964176,450,300,rastrigin,9,0.000000,0.000000,0.000000,0.000001,110.574145
roulette wheel,50,1,0.537845,450,300,rastrigin,9,0.000000,0.000002,0.000004,0.000003,108.096035
roulette wheel,20,1,1.290939,450,300,rastrigin,9,0.006645,0.029734,0.030241,0.022722,132.614285
roulette wheel,20,1,0.833262,450,300,rastrigin,9,0.011646,0.230931,0.251064,0.302581,141.371900
roulette wheel,20,1,1.115658,450,300,rastrigin,9,0.000954,0.006330,0.006962,0.004527,165.776035
roulette wheel,50,1,1.115658,450,300,rastrigin,9,0.000000,0.000000,0.000000,0.000000,112.177080
roulette wheel,10,1,1.728444,450,300,rastrigin,9,4.271736,4.971553,5.053671,0.969566,176.369415
roulette wheel,20,1,0.622346,450,300,rastrigin,9,0.008644,0.072388,0.078207,0.224904,165.605710
roulette wheel,10,1,1.290939,450,300,rastrigin,9,2.049038,3.340751,3.683603,0.860227,174.316065
roulette wheel,20,1,0.537845,450,300,rastrigin,9,0.002682,0.045991,0.054478,0.075768,160.961070
roulette wheel,50,1,0.833262,450,300,rastrigin,9,0.000000,0.000002,0.000000,0.000003,121.597415
roulette wheel,50,1,0.964176,450,300,rastrigin,9,0.000000,0.000000,0.000000,0.000000,120.368110
roulette wheel,10,1,0.720123,450,300,rastrigin,9,1.708401,3.149258,3.520632,0.710010,157.328385
roulette wheel,40,1,0.833262,450,300,rastrigin,9,0.000000,0.000009,0.000008,0.000111,154.239820
roulette wheel,10,1,0.622346,450,300,rastrigin,9,1.819218,3.052703,3.501593,0.845332,156.933510
roulette wheel,30,1,0.964176,450,300,rastrigin,9,0.000000,0.000042,0.000038,0.000118,152.537325
roulette wheel,10,1,1.115658,450,300,rastrigin,9,1.219994,2.737590,3.006676,0.796434,169.233910
roulette wheel,20,1,0.964176,450,300,rastrigin,9,0.008018,0.128243,0.157894,0.157291,166.905365
roulette wheel,30,1,1.728444,450,300,rastrigin,9,0.000011,0.000103,0.000099,0.000198,154.379685
roulette wheel,10,1,1.493759,450,300,rastrigin,9,1.909111,3.566382,3.930845,1.123215,165.123805
roulette wheel,30,1,1.115658,450,300,rastrigin,9,0.000000,0.000000,0.000000,0.000000,149.522535
roulette wheel,10,1,2.000000,450,300,rastrigin,9,4.720741,5.944627,6.005594,1.019405,169.127020
roulette wheel,50,1,0.622346,450,300,rastrigin,9,0.000000,0.000003,0.000004,0.000006,123.841475
roulette wheel,80,1,1.388651,450,300,rastrigin,9,0.000000,0.000000,0.000000,0.000000,118.619405
roulette wheel,30,1,0.833262,450,300,rastrigin,9,0.000168,0.000836,0.000980,0.002537,157.360895
roulette wheel,60,1,1.115658,450,300,rastrigin,9,0.000000,0.000000,0.000000,0.000000,141.176395
roulette wheel,50,1,1.290939,450,300,rastrigin,9,0.000000,0.000000,0.000000,0.000000,120.050800
roulette wheel,50,1,1.493759,450,300,rastrigin,9,0.000000,0.000000,0.000000,0.000000,120.622900
roulette wheel,50,1,2.000000,450,300,rastrigin,9,0.000000,0.000000,0.000000,0.000000,121.791285
roulette wheel,60,1,0.833262,450,300,rastrigin,9,0.000000,0.000000,0.000000,0.000003,122.463235
roulette wheel,60,1,1.493759,450,300,rastrigin,9,0.000000,0.000000,0.000000,0.000000,110.664990
roulette wheel,60,1,1.290939,450,300,rastrigin,9,0.000000,0.000000,0.000000,0.000000,145.286850
roulette wheel,40,1,0.537845,450,300,rastrigin,9,0.000000,0.000005,0.000008,0.000013,158.578290
roulette wheel,30,1,2.000000,450,300,rastrigin,9,0.000744,0.001884,0.002159,0.003043,164.586480
roulette wheel,60,1,0.964176,450,300,rastrigin,9,0.000000,0.000000,0.000000,0.000000,152.313805
roulette wheel,60,1,1.728444,450,300,rastrigin,9,0.000000,0.000000,0.000000,0.000000,141.398045
roulette wheel,60,1,2.000000,450,300,rastrigin,9,0.000000,0.000000,0.000000,0.000000,120.535920
roulette wheel,40,1,0.622346,450,300,rastrigin,9,0.000000,0.000012,0.000015,0.000014,164.053480
roulette wheel,70,1,1.493759,450,300,rastrigin,9,0.000000,0.000000,0.000000,0.000000,66.424605
roulette wheel,70,1,1.728444,450,300,rastrigin,9,0.000000,0.000000,0.000000,0.000000,68.802490
roulette wheel,70,1,1.290939,450,300,rastrigin,9,0.000000,0.000000,0.000000,0.000000,66.133370
roulette wheel,80,1,0.720123,450,300,rastrigin,9,0.000000,0.000000,0.000000,0.000000,67.652615
roulette wheel,70,1,2.000000,450,300,rastrigin,9,0.000000,0.000000,0.000000,0.000000,66.874755
roulette wheel,80,1,0.537845,450,300,rastrigin,9,0.000000,0.000000,0.000000,0.000002,68.687500
roulette wheel,50,1,1.728444,450,300,rastrigin,9,0.000000,0.000000,0.000000,0.000000,151.831395
roulette wheel,40,1,1.493759,450,300,rastrigin,9,0.000000,0.000000,0.000000,0.000000,164.152195
roulette wheel,70,1,1.115658,450,300,rastrigin,9,0.000000,0.000000,0.000000,0.000000,119.225445
roulette wheel,50,1,0.720123,450,300,rastrigin,9,0.000000,0.000001,0.000000,0.000005,152.354360
roulette wheel,70,1,0.833262,450,300,rastrigin,9,0.000000,0.000000,0.000000,0.000000,125.896190
roulette wheel,40,1,1.728444,450,300,rastrigin,9,0.000000,0.000000,0.000000,0.000000,152.484715
roulette wheel,70,1,0.622346,450,300,rastrigin,9,0.000000,0.000000,0.000000,0.000003,127.089345
roulette wheel,70,1,0.964176,450,300,rastrigin,9,0.000000,0.000000,0.000000,0.000000,126.453285
roulette wheel,40,1,1.290939,450,300,rastrigin,9,0.000000,0.000000,0.000000,0.000000,138.116665
roulette wheel,60,1,0.720123,450,300,rastrigin,9,0.000000,0.000000,0.000000,0.000002,145.277415
roulette wheel,60,1,0.537845,450,300,rastrigin,9,0.000000,0.000000,0.000000,0.000002,142.054475
roulette wheel,70,1,0.537845,450,300,rastrigin,9,0.000000,0.000000,0.000000,0.000000,131.851300
roulette wheel,60,1,0.622346,450,300,rastrigin,9,0.000000,0.000000,0.000000,0.000002,136.350485
roulette wheel,70,1,0.720123,450,300,rastrigin,9,0.000000,0.000000,0.000000,0.000001,134.333040
roulette wheel,80,1,0.964176,450,300,rastrigin,9,0.000000,0.000000,0.000000,0.000000,101.016070
roulette wheel,80,1,0.622346,450,300,rastrigin,9,0.000000,0.000000,0.000000,0.000000,115.145055
roulette wheel,80,1,1.115658,450,300,rastrigin,9,0.000000,0.000000,0.000000,0.000000,122.658400
roulette wheel,40,1,2.000000,450,300,rastrigin,9,0.000000,0.000000,0.000000,0.000001,139.826505
roulette wheel,80,1,1.290939,450,300,rastrigin,9,0.000000,0.000000,0.000000,0.000000,104.484275
roulette wheel,90,1,1.200103,450,300,rastrigin,9,0.000000,0.000000,0.000000,0.000000,92.484545
roulette wheel,90,1,1.037155,450,300,rastrigin,9,0.000000,0.000000,0.000000,0.000000,101.780785
roulette wheel,80,1,0.833262,450,300,rastrigin,9,0.000000,0.000000,0.000000,0.000000,113.325575
roulette wheel,80,1,1.606822,450,300,rastrigin,9,0.000000,0.000000,0.000000,0.000000,109.217015
roulette wheel,90,1,0.578555,450,300,rastrigin,9,0.000000,0.000000,0.000000,0.000000,109.920095
roulette wheel,80,1,1.859271,450,300,rastrigin,9,0.000000,0.000000,0.000000,0.000000,114.906945
roulette wheel,90,1,0.774630,450,300,rastrigin,9,0.000000,0.000000,0.000000,0.000002,114.436255
roulette wheel,90,1,0.500000,450,300,rastrigin,9,0.000000,0.000000,0.000000,0.000018,119.741380
roulette wheel,90,1,0.896332,450,300,rastrigin,9,0.000000,0.000000,0.000000,0.000000,117.340915
roulette wheel,90,1,0.669452,450,300,rastrigin,9,0.000000,0.000000,0.000000,0.000000,122.497395
roulette wheel,90,1,1.606822,450,300,rastrigin,9,0.000000,0.000000,0.000000,0.000000,95.890605
roulette wheel,90,1,1.859271,450,300,rastrigin,9,0.000000,0.000000,0.000000,0.000000,87.841185
roulette wheel,90,1,1.388651,450,300,rastrigin,9,0.000000,0.000000,0.000000,0.000000,117.116195
roulette wheel,100,1,0.500000,450,300,rastrigin,9,0.000000,0.000000,0.000000,0.000002,77.027575
roulette wheel,100,1,0.578555,450,300,rastrigin,9,0.000000,0.000000,0.000000,0.000000,79.703085
roulette wheel,100,1,0.669452,450,300,rastrigin,9,0.000000,0.000000,0.000000,0.000000,89.630230
roulette wheel,100,1,1.037155,450,300,rastrigin,9,0.000000,0.000000,0.000000,0.000000,81.173795
roulette wheel,100,1,0.774630,450,300,rastrigin,9,0.000000,0.000000,0.000000,0.000000,84.133955
roulette wheel,100,1,0.896332,450,300,rastrigin,9,0.000000,0.000000,0.000000,0.000000,84.746625
roulette wheel,100,1,1.388651,450,300,rastrigin,9,0.000000,0.000000,0.000000,0.000000,85.079015
roulette wheel,100,1,1.200103,450,300,rastrigin,9,0.000000,0.000000,0.000000,0.000000,100.667315
roulette wheel,110,1,0.669452,450,300,rastrigin,9,0.000000,0.000000,0.000000,0.000000,84.926210
roulette wheel,110,1,0.774630,450,300,rastrigin,9,0.000000,0.000000,0.000000,0.000000,87.702465
roulette wheel,100,1,1.859271,450,300,rastrigin,9,0.000000,0.000000,0.000000,0.000000,113.451575
roulette wheel,80,1,1.493759,450,300,rastrigin,9,0.000000,0.000000,0.000000,0.000000,91.144640
roulette wheel,100,1,1.606822,450,300,rastrigin,9,0.000000,0.000000,0.000000,0.000000,125.636090
roulette wheel,120,1,0.896332,450,300,rastrigin,9,0.000000,0.000000,0.000000,0.000000,94.896670
roulette wheel,110,1,0.896332,450,300,rastrigin,9,0.000000,0.000000,0.000000,0.000000,109.774925
roulette wheel,120,1,1.388651,450,300,rastrigin,9,0.000000,0.000000,0.000000,0.000000,94.540235
roulette wheel,120,1,1.859271,450,300,rastrigin,9,0.000000,0.000000,0.000000,0.000000,94.977315
roulette wheel,120,1,1.606822,450,300,rastrigin,9,0.000000,0.000000,0.000000,0.000000,95.792380
roulette wheel,130,1,0.578555,450,300,rastrigin,9,0.000000,0.000000,0.000000,0.000000,95.239945
roulette wheel,130,1,0.500000,450,300,rastrigin,9,0.000000,0.000000,0.000000,0.000001,95.664165
roulette wheel,110,1,1.200103,450,300,rastrigin,9,0.000000,0.000000,0.000000,0.000000,122.801110
roulette wheel,110,1,1.388651,450,300,rastrigin,9,0.000000,0.000000,0.000000,0.000000,121.047175
roulette wheel,110,1,0.500000,450,300,rastrigin,9,0.000000,0.000000,0.000000,0.000001,153.263265
roulette wheel,120,1,0.500000,450,300,rastrigin,9,0.000000,0.000000,0.000000,0.000002,138.470840
roulette wheel,120,1,0.669452,450,300,rastrigin,9,0.000000,0.000000,0.000000,0.000000,137.210095
roulette wheel,110,1,0.578555,450,300,rastrigin,9,0.000000,0.000000,0.000000,0.000000,161.349780
roulette wheel,120,1,1.037155,450,300,rastrigin,9,0.000000,0.000000,0.000000,0.000000,144.384250
roulette wheel,110,1,1.037155,450,300,rastrigin,9,0.000000,0.000000,0.000000,0.000000,176.790510
roulette wheel,110,1,1.859271,450,300,rastrigin,9,0.000000,0.000000,0.000000,0.000000,178.107190
roulette wheel,130,1,0.774630,450,300,rastrigin,9,0.000000,0.000000,0.000000,0.000001,160.842560
roulette wheel,140,1,1.859271,450,300,rastrigin,9,0.000000,0.000000,0.000000,0.000000,118.575365
roulette wheel,140,1,1.388651,450,300,rastrigin,9,0.000000,0.000000,0.000000,0.000000,122.073560
roulette wheel,110,1,1.606822,450,300,rastrigin,9,0.000000,0.000000,0.000000,0.000000,184.845300
roulette wheel,130,1,0.896332,450,300,rastrigin,9,0.000000,0.000000,0.000000,0.000000,162.536130
roulette wheel,120,1,0.578555,450,300,rastrigin,9,0.000000,0.000000,0.000000,0.000000,186.372550
roulette wheel,120,1,1.200103,450,300,rastrigin,9,0.000000,0.000000,0.000000,0.000000,180.258840
roulette wheel,150,1,0.669452,450,300,rastrigin,9,0.000000,0.000000,0.000000,0.000000,119.514130
roulette wheel,130,1,1.606822,450,300,rastrigin,9,0.000000,0.000000,0.000000,0.000000,152.375850
roulette wheel,120,1,0.774630,450,300,rastrigin,9,0.000000,0.000000,0.000000,0.000001,189.748050
roulette wheel,130,1,0.669452,450,300,rastrigin,9,0.000000,0.000000,0.000000,0.000000,181.902670
roulette wheel,150,1,0.578555,450,300,rastrigin,9,0.000000,0.000000,0.000000,0.000000,130.366765
roulette wheel,130,1,1.037155,450,300,rastrigin,9,0.000000,0.000000,0.000000,0.000000,174.945160
roulette wheel,130,1,1.200103,450,300,rastrigin,9,0.000000,0.000000,0.000000,0.000000,172.383595
roulette wheel,130,1,1.388651,450,300,rastrigin,9,0.000000,0.000000,0.000000,0.000000,169.260715
roulette wheel,150,1,1.200103,450,300,rastrigin,9,0.000000,0.000000,0.000000,0.000000,123.426215
roulette wheel,130,1,1.859271,450,300,rastrigin,9,0.000000,0.000000,0.000000,0.000000,166.965970
roulette wheel,140,1,0.500000,450,300,rastrigin,9,0.000000,0.000000,0.000000,0.000002,166.827110
roulette wheel,140,1,0.578555,450,300,rastrigin,9,0.000000,0.000000,0.000000,0.000000,164.830150
roulette wheel,140,1,1.200103,450,300,rastrigin,9,0.000000,0.000000,0.000000,0.000000,156.722425
roulette wheel,140,1,0.896332,450,300,rastrigin,9,0.000000,0.000000,0.000000,0.000000,160.049140
roulette wheel,140,1,0.669452,450,300,rastrigin,9,0.000000,0.000000,0.000000,0.000000,165.151935
roulette wheel,140,1,1.037155,450,300,rastrigin,9,0.000000,0.000000,0.000000,0.000000,160.424695
roulette wheel,150,1,1.606822,450,300,rastrigin,9,0.000000,0.000000,0.000000,0.000000,134.039040
roulette wheel,140,1,0.774630,450,300,rastrigin,9,0.000000,0.000000,0.000000,0.000000,165.357690
roulette wheel,140,1,1.606822,450,300,rastrigin,9,0.000000,0.000000,0.000000,0.000000,158.665105
roulette wheel,160,1,0.500000,450,300,rastrigin,9,0.000000,0.000000,0.000000,0.000001,132.107650
roulette wheel,150,1,0.500000,450,300,rastrigin,9,0.000000,0.000000,0.000000,0.000000,158.083380
roulette wheel,150,1,0.774630,450,300,rastrigin,9,0.000000,0.000000,0.000000,0.000000,152.198400
roulette wheel,90,1,1.115658,450,300,rastrigin,9,0.000000,0.000000,0.000000,0.000000,121.074585
roulette wheel,160,1,0.578555,450,300,rastrigin,9,0.000000,0.000000,0.000000,0.000000,136.757660
roulette wheel,150,1,1.037155,450,300,rastrigin,9,0.000000,0.000000,0.000000,0.000000,154.014970
roulette wheel,150,1,1.388651,450,300,rastrigin,9,0.000000,0.000000,0.000000,0.000000,150.619555
roulette wheel,150,1,1.859271,450,300,rastrigin,9,0.000000,0.000000,0.000000,0.000000,143.640775
roulette wheel,160,1,0.669452,450,300,rastrigin,9,0.000000,0.000000,0.000000,0.000000,137.201190
roulette wheel,150,1,0.896332,450,300,rastrigin,9,0.000000,0.000000,0.000000,0.000000,160.094455
roulette wheel,160,1,1.037155,450,300,rastrigin,9,0.000000,0.000000,0.000000,0.000000,127.568440
roulette wheel,90,1,0.833262,450,300,rastrigin,9,0.000000,0.000000,0.000000,0.000000,123.239065
roulette wheel,90,1,1.290939,450,300,rastrigin,9,0.000000,0.000000,0.000000,0.000000,131.241840
roulette wheel,90,1,0.622346,450,300,rastrigin,9,0.000000,0.000000,0.000000,0.000000,130.620870
roulette wheel,90,1,0.964176,450,300,rastrigin,9,0.000000,0.000000,0.000000,0.000000,124.813550
roulette wheel,160,1,0.896332,450,300,rastrigin,9,0.000000,0.000000,0.000000,0.000000,135.362360
roulette wheel,80,1,2.000000,450,300,rastrigin,9,0.000000,0.000000,0.000000,0.000000,131.205505
roulette wheel,80,1,1.728444,450,300,rastrigin,9,0.000000,0.000000,0.000000,0.000000,133.137230
roulette wheel,160,1,0.774630,450,300,rastrigin,9,0.000000,0.000000,0.000000,0.000000,138.316775
roulette wheel,90,1,0.537845,450,300,rastrigin,9,0.000000,0.000000,0.000000,0.000001,129.667540
roulette wheel,90,1,0.720123,450,300,rastrigin,9,0.000000,0.000000,0.000000,0.000000,121.403330
roulette wheel,90,1,1.728444,450,300,rastrigin,9,0.000000,0.000000,0.000000,0.000000,120.834255
roulette wheel,100,1,0.622346,450,300,rastrigin,9,0.000000,0.000000,0.000000,0.000000,65.294785
roulette wheel,90,1,2.000000,450,300,rastrigin,9,0.000000,0.000000,0.000000,0.000000,109.209685
roulette wheel,100,1,0.537845,450,300,rastrigin,9,0.000000,0.000000,0.000000,0.000001,79.733100
roulette wheel,90,1,1.493759,450,300,rastrigin,9,0.000000,0.000000,0.000000,0.000000,104.977730
roulette wheel,100,1,1.115658,450,300,rastrigin,9,0.000000,0.000000,0.000000,0.000000,74.677360
roulette wheel,100,1,0.720123,450,300,rastrigin,9,0.000000,0.000000,0.000000,0.000000,89.345165
roulette wheel,100,1,1.290939,450,300,rastrigin,9,0.000000,0.000000,0.000000,0.000000,72.306245
roulette wheel,100,1,0.964176,450,300,rastrigin,9,0.000000,0.000000,0.000000,0.000000,83.413765
roulette wheel,100,1,1.728444,450,300,rastrigin,9,0.000000,0.000000,0.000000,0.000000,71.468505
roulette wheel,100,1,2.000000,450,300,rastrigin,9,0.000000,0.000000,0.000000,0.000000,75.392305
roulette wheel,100,1,0.833262,450,300,rastrigin,9,0.000000,0.000000,0.000000,0.000000,93.396680
roulette wheel,100,1,1.493759,450,300,rastrigin,9,0.000000,0.000000,0.000000,0.000000,86.219390
roulette wheel,120,1,0.964176,450,300,rastrigin,9,0.000000,0.000000,0.000000,0.000000,90.456585
roulette wheel,160,1,1.200103,450,300,rastrigin,9,0.000000,0.000000,0.000000,0.000000,92.322995
roulette wheel,110,1,0.720123,450,300,rastrigin,9,0.000000,0.000000,0.000000,0.000000,95.861125
roulette wheel,110,1,0.833262,450,300,rastrigin,9,0.000000,0.000000,0.000000,0.000000,95.831285
roulette wheel,110,1,0.964176,450,300,rastrigin,9,0.000000,0.000000,0.000000,0.000000,92.144185
roulette wheel,120,1,1.728444,450,300,rastrigin,9,0.000000,0.000000,0.000000,0.000000,89.488590
roulette wheel,130,1,0.622346,450,300,rastrigin,9,0.000000,0.000000,0.000000,0.000000,90.415135
roulette wheel,120,1,2.000000,450,300,rastrigin,9,0.000000,0.000000,0.000000,0.000000,94.014605
roulette wheel,110,1,1.290939,450,300,rastrigin,9,0.000000,0.000000,0.000000,0.000000,88.446550
roulette wheel,120,1,1.493759,450,300,rastrigin,9,0.000000,0.000000,0.000000,0.000000,95.808110
roulette wheel,110,1,1.493759,450,300,rastrigin,9,0.000000,0.000000,0.000000,0.000000,89.909345
roulette wheel,130,1,0.537845,450,300,rastrigin,9,0.000000,0.000000,0.000000,0.000000,95.201540
roulette wheel,110,1,0.537845,450,300,rastrigin,9,0.000000,0.000000,0.000000,0.000000,93.922315
roulette wheel,140,1,2.000000,450,300,rastrigin,9,0.000000,0.000000,0.000000,0.000000,90.620855
roulette wheel,120,1,0.720123,450,300,rastrigin,9,0.000000,0.000000,0.000000,0.000000,108.341360
roulette wheel,120,1,0.537845,450,300,rastrigin,9,0.000000,0.000000,0.000000,0.000000,112.684470
roulette wheel,110,1,1.115658,450,300,rastrigin,9,0.000000,0.000000,0.000000,0.000000,107.392965
roulette wheel,140,1,1.493759,450,300,rastrigin,9,0.000000,0.000000,0.000000,0.000000,96.633970
roulette wheel,120,1,1.115658,450,300,rastrigin,9,0.000000,0.000000,0.000000,0.000000,113.016155
roulette wheel,110,1,0.622346,450,300,rastrigin,9,0.000000,0.000000,0.000000,0.000001,119.933415
roulette wheel,130,1,0.833262,450,300,rastrigin,9,0.000000,0.000000,0.000000,0.000000,115.927350
roulette wheel,150,1,0.720123,450,300,rastrigin,9,0.000000,0.000000,0.000000,0.000000,93.347675
roulette wheel,110,1,2.000000,450,300,rastrigin,9,0.000000,0.000000,0.000000,0.000000,126.316870
roulette wheel,130,1,0.964176,450,300,rastrigin,9,0.000000,0.000000,0.000000,0.000000,117.138605
roulette wheel,150,1,0.622346,450,300,rastrigin,9,0.000000,0.000000,0.000000,0.000000,95.016770
roulette wheel,110,1,1.728444,450,300,rastrigin,9,0.000000,0.000000,0.000000,0.000000,142.011325
roulette wheel,120,1,1.290939,450,300,rastrigin,9,0.000000,0.000000,0.000000,0.000000,138.623195
roulette wheel,120,1,0.622346,450,300,rastrigin,9,0.000000,0.000000,0.000000,0.000000,144.416475
roulette wheel,150,1,1.290939,450,300,rastrigin,9,0.000000,0.000000,0.000000,0.000000,105.773025
roulette wheel,130,1,1.728444,450,300,rastrigin,9,0.000000,0.000000,0.000000,0.000000,130.542435
roulette wheel,160,1,0.537845,450,300,rastrigin,9,0.000000,0.000000,0.000000,0.000000,104.826495
roulette wheel,160,1,1.388651,450,300,rastrigin,9,0.000000,0.000000,0.000000,0.000000,103.532225
roulette wheel,150,1,1.728444,450,300,rastrigin,9,0.000000,0.000000,0.000000,0.000000,109.141875
roulette wheel,160,1,0.622346,450,300,rastrigin,9,0.000000,0.000000,0.000000,0.000000,107.556605
roulette wheel,160,1,1.115658,450,300,rastrigin,9,0.000000,0.000000,0.000000,0.000000,116.337950
roulette wheel,160,1,1.859271,450,300,rastrigin,9,0.000000,0.000000,0.000000,0.000000,114.579365
roulette wheel,170,1,0.500000,450,300,rastrigin,9,0.000000,0.000000,0.000000,0.000002,116.148200
roulette wheel,170,1,0.578555,450,300,rastrigin,9,0.000000,0.000000,0.000000,0.000000,117.883860
roulette wheel,140,1,1.115658,450,300,rastrigin,9,0.000000,0.000000,0.000000,0.000000,141.759035
roulette wheel,170,1,0.669452,450,300,rastrigin,9,0.000000,0.000000,0.000000,0.000000,115.508060
roulette wheel,150,1,1.115658,450,300,rastrigin,9,0.000000,0.000000,0.000000,0.000000,145.734405
roulette wheel,120,1,0.833262,450,300,rastrigin,9,0.000000,0.000000,0.000000,0.000000,171.394070
roulette wheel,170,1,0.896332,450,300,rastrigin,9,0.000000,0.000000,0.000000,0.000000,114.116805
roulette wheel,130,1,0.720123,450,300,rastrigin,9,0.000000,0.000000,0.000000,0.000001,168.748105
roulette wheel,170,1,0.774630,450,300,rastrigin,9,0.000000,0.000000,0.000000,0.000000,117.099950
roulette wheel,130,1,1.493759,450,300,rastrigin,9,0.000000,0.000000,0.000000,0.000000,157.929845
roulette wheel,140,1,1.728444,450,300,rastrigin,9,0.000000,0.000000,0.000000,0.000000,155.342135
roulette wheel,140,1,1.290939,450,300,rastrigin,9,0.000000,0.000000,0.000000,0.000000,157.500520
roulette wheel,150,1,0.537845,450,300,rastrigin,9,0.000000,0.000000,0.000000,0.000000,156.454510
roulette wheel,150,1,0.833262,450,300,rastrigin,9,0.000000,0.000000,0.000000,0.000000,155.575720
roulette wheel,130,1,1.115658,450,300,rastrigin,9,0.000000,0.000000,0.000000,0.000000,163.867155
roulette wheel,150,1,0.964176,450,300,rastrigin,9,0.000000,0.000000,0.000000,0.000000,148.779070
roulette wheel,150,1,1.493759,450,300,rastrigin,9,0.000000,0.000000,0.000000,0.000000,154.997315
roulette wheel,140,1,0.537845,450,300,rastrigin,9,0.000000,0.000000,0.000000,0.000000,161.752145
roulette wheel,160,1,0.720123,450,300,rastrigin,9,0.000000,0.000000,0.000000,0.000000,151.952940
roulette wheel,150,1,2.000000,450,300,rastrigin,9,0.000000,0.000000,0.000000,0.000000,154.112500
roulette wheel,170,1,1.200103,450,300,rastrigin,9,0.000000,0.000000,0.000000,0.000000,107.578330
roulette wheel,130,1,1.290939,450,300,rastrigin,9,0.000000,0.000000,0.000000,0.000000,167.886385
roulette wheel,140,1,0.964176,450,300,rastrigin,9,0.000000,0.000000,0.000000,0.000000,165.165990
roulette wheel,140,1,0.833262,450,300,rastrigin,9,0.000000,0.000000,0.000000,0.000000,167.772110
roulette wheel,170,1,1.037155,450,300,rastrigin,9,0.000000,0.000000,0.000000,0.000000,113.482000
roulette wheel,140,1,0.720123,450,300,rastrigin,9,0.000000,0.000000,0.000000,0.000000,168.956095
roulette wheel,160,1,1.606822,450,300,rastrigin,9,0.000000,0.000000,0.000000,0.000000,155.747780
roulette wheel,130,1,2.000000,450,300,rastrigin,9,0.000000,0.000000,0.000000,0.000000,173.262025
roulette wheel,170,1,1.388651,450,300,rastrigin,9,0.000000,0.000000,0.000000,0.000000,111.835280
roulette wheel,140,1,0.622346,450,300,rastrigin,9,0.000000,0.000000,0.000000,0.000000,172.575315
roulette wheel,160,1,0.964176,450,300,rastrigin,9,0.000000,0.000000,0.000000,0.000000,140.102765
roulette wheel,160,1,0.833262,450,300,rastrigin,9,0.000000,0.000000,0.000000,0.000000,132.354965
roulette wheel,170,1,1.859271,450,300,rastrigin,9,0.000000,0.000000,0.000000,0.000000,108.728590
roulette wheel,170,1,1.606822,450,300,rastrigin,9,0.000000,0.000000,0.000000,0.000000,118.398300
roulette wheel,180,1,0.500000,450,300,rastrigin,9,0.000000,0.000000,0.000000,0.000001,105.306645
roulette wheel,180,1,0.578555,450,300,rastrigin,9,0.000000,0.000000,0.000000,0.000000,96.931355
roulette wheel,180,1,0.669452,450,300,rastrigin,9,0.000000,0.000000,0.000000,0.000000,98.188250
roulette wheel,180,1,1.037155,450,300,rastrigin,9,0.000000,0.000000,0.000000,0.000000,86.701965
roulette wheel,180,1,0.774630,450,300,rastrigin,9,0.000000,0.000000,0.000000,0.000000,100.298770
roulette wheel,180,1,1.200103,450,300,rastrigin,9,0.000000,0.000000,0.000000,0.000000,86.770205
roulette wheel,180,1,0.896332,450,300,rastrigin,9,0.000000,0.000000,0.000000,0.000000,93.920385
roulette wheel,180,1,1.388651,450,300,rastrigin,9,0.000000,0.000000,0.000000,0.000000,84.443590
roulette wheel,190,1,0.774630,450,300,rastrigin,9,0.000000,0.000000,0.000000,0.000000,82.781210
roulette wheel,190,1,0.500000,450,300,rastrigin,9,0.000000,0.000000,0.000000,0.000000,95.325570
roulette wheel,180,1,1.606822,450,300,rastrigin,9,0.000000,0.000000,0.000000,0.000000,101.682050
roulette wheel,180,1,1.859271,450,300,rastrigin,9,0.000000,0.000000,0.000000,0.000000,104.688515
roulette wheel,190,1,1.200103,450,300,rastrigin,9,0.000000,0.000000,0.000000,0.000000,79.065215
roulette wheel,160,1,1.290939,450,300,rastrigin,9,0.000000,0.000000,0.000000,0.000000,104.195095
roulette wheel,190,1,0.578555,450,300,rastrigin,9,0.000000,0.000000,0.000000,0.000000,104.296180
roulette wheel,190,1,1.388651,450,300,rastrigin,9,0.000000,0.000000,0.000000,0.000000,76.525120
roulette wheel,190,1,0.669452,450,300,rastrigin,9,0.000000,0.000000,0.000000,0.000000,105.529070
roulette wheel,190,1,0.896332,450,300,rastrigin,9,0.000000,0.000000,0.000000,0.000000,101.428795
roulette wheel,190,1,1.859271,450,300,rastrigin,9,0.000000,0.000000,0.000000,0.000000,75.557550
roulette wheel,190,1,1.037155,450,300,rastrigin,9,0.000000,0.000000,0.000000,0.000000,97.923095
roulette wheel,200,1,0.578555,450,300,rastrigin,9,0.000000,0.000000,0.000000,0.000000,72.929200
roulette wheel,200,1,0.774630,450,300,rastrigin,9,0.000000,0.000000,0.000000,0.000000,77.191140
roulette wheel,200,1,1.037155,450,300,rastrigin,9,0.000000,0.000000,0.000000,0.000000,69.478385
roulette wheel,200,1,0.896332,450,300,rastrigin,9,0.000000,0.000000,0.000000,0.000000,77.206295
roulette wheel,190,1,1.606822,450,300,rastrigin,9,0.000000,0.000000,0.000000,0.000000,97.880410
roulette wheel,200,1,1.388651,450,300,rastrigin,9,0.000000,0.000000,0.000000,0.000000,72.165120
roulette wheel,200,1,1.606822,450,300,rastrigin,9,0.000000,0.000000,0.000000,0.000000,70.374125
roulette wheel,200,1,1.859271,450,300,rastrigin,9,0.000000,0.000000,0.000000,0.000000,70.069805
roulette wheel,200,1,0.500000,450,300,rastrigin,9,0.000000,0.000000,0.000000,0.000491,103.662170
roulette wheel,200,1,0.669452,450,300,rastrigin,9,0.000000,0.000000,0.000000,0.000000,100.712410
roulette wheel,200,1,1.200103,450,300,rastrigin,9,0.000000,0.000000,0.000000,0.000000,89.066440
tournament 3,10,1,0.578555,450,300,rastrigin,9,1.429981,3.936591,4.274130,0.979200,73.942305
tournament 3,10,1,0.669452,450,300,rastrigin,9,2.663837,3.803946,4.184462,0.909231,73.838785
tournament 3,10,1,0.896332,450,300,rastrigin,9,2.316505,3.999154,4.429613,0.917263,79.031030
tournament 3,10,1,0.500000,450,300,rastrigin,9,2.793301,4.028220,4.330080,1.288118,96.110545
tournament 3,10,1,1.037155,450,300,rastrigin,9,2.348709,3.276269,3.430452,1.024863,84.006575
tournament 3,10,1,1.200103,450,300,rastrigin,9,2.589024,3.606147,3.831400,0.810932,82.799990
tournament 3,10,1,1.606822,450,300,rastrigin,9,2.286682,5.208139,5.864700,1.273688,88.445695
tournament 3,20,1,0.500000,450,300,rastrigin,9,0.143764,0.685209,1.031950,0.512471,88.092575
tournament 3,10,1,1.388651,450,300,rastrigin,9,3.129700,4.676409,5.036474,1.060259,93.431285
tournament 3,20,1,0.578555,450,300,rastrigin,9,0.012211,0.259946,0.200676,0.373229,87.031480
tournament 3,10,1,1.859271,450,300,rastrigin,9,4.386024,5.804376,6.191662,1.210095,93.352405
roulette wheel,160,1,2.000000,450,300,rastrigin,9,0.000000,0.000000,0.000000,0.000000,90.596855
roulette wheel,170,1,0.622346,450,300,rastrigin,9,0.000000,0.000000,0.000000,0.000000,90.618535
tournament 3,10,1,0.774630,450,300,rastrigin,9,2.126499,3.751590,4.170362,0.954072,119.970135
roulette wheel,160,1,1.493759,450,300,rastrigin,9,0.000000,0.000000,0.000000,0.000000,100.461015
roulette wheel,170,1,0.720123,450,300,rastrigin,9,0.000000,0.000000,0.000000,0.000000,85.973295
tournament 3,20,1,0.774630,450,300,rastrigin,9,0.018646,0.256742,0.280054,0.361781,98.108265
roulette wheel,170,1,0.964176,450,300,rastrigin,9,0.000000,0.000000,0.000000,0.000000,83.186460
roulette wheel,170,1,0.833262,450,300,rastrigin,9,0.000000,0.000000,0.000000,0.000000,86.007205
roulette wheel,170,1,0.537845,450,300,rastrigin,9,0.000000,0.000000,0.000000,0.000000,128.143080
tournament 3,20,1,0.669452,450,300,rastrigin,9,0.078518,0.307789,0.348507,0.423808,134.109760
roulette wheel,170,1,1.290939,450,300,rastrigin,9,0.000000,0.000000,0.000000,0.000000,96.941380
roulette wheel,170,1,1.115658,450,300,rastrigin,9,0.000000,0.000000,0.000000,0.000000,93.920260
tournament 3,20,1,0.896332,450,300,rastrigin,9,0.045490,0.516038,0.598684,0.453160,137.326520
tournament 3,20,1,1.037155,450,300,rastrigin,9,0.016777,0.050190,0.061300,0.050411,138.762545
tournament 3,20,1,1.200103,450,300,rastrigin,9,0.003048,0.027584,0.032284,0.032120,142.717745
roulette wheel,170,1,1.493759,450,300,rastrigin,9,0.000000,0.000000,0.000000,0.000000,101.247775
tournament 3,20,1,1.388651,450,300,rastrigin,9,0.021374,0.124009,0.149279,0.159977,146.014170
roulette wheel,170,1,2.000000,450,300,rastrigin,9,0.000000,0.000000,0.000000,0.000000,98.916010
tournament 3,30,1,0.669452,450,300,rastrigin,9,0.000084,0.000548,0.000658,0.001558,149.859275
roulette wheel,180,1,0.622346,450,300,rastrigin,9,0.000000,0.000000,0.000000,0.000000,111.889670
roulette wheel,180,1,0.833262,450,300,rastrigin,9,0.000000,0.000000,0.000000,0.000000,108.269920
tournament 3,30,1,1.037155,450,300,rastrigin,9,0.000000,0.000000,0.000000,0.000005,155.265135
tournament 3,30,1,0.500000,450,300,rastrigin,9,0.000999,0.005584,0.004459,0.027197,165.712665
tournament 3,40,1,1.200103,450,300,rastrigin,9,0.000000,0.000000,0.000000,0.000000,103.942170
roulette wheel,190,1,0.537845,450,300,rastrigin,9,0.000000,0.000000,0.000000,0.000000,110.350855
roulette wheel,190,1,1.290939,450,300,rastrigin,9,0.000000,0.000000,0.000000,0.000000,108.027185
roulette wheel,180,1,1.728444,450,300,rastrigin,9,0.000000,0.000000,0.000000,0.000000,109.409410
roulette wheel,180,1,2.000000,450,300,rastrigin,9,0.000000,0.000000,0.000000,0.000000,110.826175
tournament 3,20,1,1.606822,450,300,rastrigin,9,0.087673,0.409552,0.423187,0.383527,180.755045
roulette wheel,190,1,0.622346,450,300,rastrigin,9,0.000000,0.000000,0.000000,0.000000,110.170175
tournament 3,20,1,1.859271,450,300,rastrigin,9,0.138489,0.789100,1.050058,0.556911,183.644720
tournament 3,30,1,0.774630,450,300,rastrigin,9,0.000244,0.001118,0.001301,0.001058,178.982010
tournament 3,30,1,0.578555,450,300,rastrigin,9,0.000118,0.000445,0.000509,0.000711,184.904770
tournament 3,30,1,1.606822,450,300,rastrigin,9,0.000008,0.000032,0.000032,0.000073,168.232660
tournament 3,30,1,0.896332,450,300,rastrigin,9,0.000248,0.002940,0.003349,0.011967,179.639185
tournament 3,30,1,1.859271,450,300,rastrigin,9,0.000149,0.001172,0.001390,0.001418,168.680385
roulette wheel,190,1,0.720123,450,300,rastrigin,9,0.000000,0.000000,0.000000,0.000000,112.766140
roulette wheel,190,1,0.964176,450,300,rastrigin,9,0.000000,0.000000,0.000000,0.000000,109.358815
tournament 3,30,1,1.200103,450,300,rastrigin,9,0.000000,0.000000,0.000000,0.000002,181.906940
tournament 3,40,1,0.500000,450,300,rastrigin,9,0.000000,0.000065,0.000084,0.000144,173.282425
tournament 3,30,1,1.388651,450,300,rastrigin,9,0.000000,0.000003,0.000004,0.000008,185.371210
roulette wheel,190,1,1.115658,450,300,rastrigin,9,0.000000,0.000000,0.000000,0.000000,102.338785
tournament 3,40,1,0.578555,450,300,rastrigin,9,0.000000,0.000010,0.000011,0.000013,175.761410
tournament 3,40,1,0.669452,450,300,rastrigin,9,0.000000,0.000009,0.000010,0.000020,171.152525
roulette wheel,160,1,1.728444,450,300,rastrigin,9,0.000000,0.000000,0.000000,0.000000,174.959510
roulette wheel,170,1,1.728444,450,300,rastrigin,9,0.000000,0.000000,0.000000,0.000000,168.803940
tournament 3,40,1,0.774630,450,300,rastrigin,9,0.000000,0.000015,0.000017,0.000071,178.806725
tournament 3,40,1,0.896332,450,300,rastrigin,9,0.000004,0.000017,0.000015,0.000058,182.723440
roulette wheel,180,1,1.493759,450,300,rastrigin,9,0.000000,0.000000,0.000000,0.000000,164.606280
roulette wheel,180,1,1.290939,450,300,rastrigin,9,0.000000,0.000000,0.000000,0.000000,170.344830
tournament 3,40,1,1.037155,450,300,rastrigin,9,0.000000,0.000000,0.000000,0.000000,185.778960
roulette wheel,180,1,0.964176,450,300,rastrigin,9,0.000000,0.000000,0.000000,0.000000,171.659050
roulette wheel,180,1,1.115658,450,300,rastrigin,9,0.000000,0.000000,0.000000,0.000000,184.095700
roulette wheel,180,1,0.537845,450,300,rastrigin,9,0.000000,0.000000,0.000000,0.000000,189.790480
roulette wheel,180,1,0.720123,450,300,rastrigin,9,0.000000,0.000000,0.000000,0.000000,190.086620
roulette wheel,190,1,0.833262,450,300,rastrigin,9,0.000000,0.000000,0.000000,0.000000,184.580215
roulette wheel,190,1,1.493759,450,300,rastrigin,9,0.000000,0.000000,0.000000,0.000000,176.307355
roulette wheel,190,1,1.728444,450,300,rastrigin,9,0.000000,0.000000,0.000000,0.000000,120.219775
roulette wheel,200,1,0.622346,450,300,rastrigin,9,0.000000,0.000000,0.000000,0.000000,141.750545
roulette wheel,200,1,1.115658,450,300,rastrigin,9,0.000000,0.000000,0.000000,0.000000,128.640880
roulette wheel,190,1,2.000000,450,300,rastrigin,9,0.000000,0.000000,0.000000,0.000000,160.714730
roulette wheel,200,1,1.728444,450,300,rastrigin,9,0.000000,0.000000,0.000000,0.000000,122.749465
tournament 3,10,1,0.622346,450,300,rastrigin,9,1.991257,3.695318,4.120668,0.901985,111.172550
roulette wheel,200,1,1.493759,450,300,rastrigin,9,0.000000,0.000000,0.000000,0.000000,138.105070
roulette wheel,200,1,0.833262,450,300,rastrigin,9,0.000000,0.000000,0.000000,0.000000,150.857285
tournament 3,10,1,0.964176,450,300,rastrigin,9,2.530724,4.001922,4.416899,0.944847,106.064765
roulette wheel,200,1,0.964176,450,300,rastrigin,9,0.000000,0.000000,0.000000,0.000000,144.343215
tournament 3,10,1,1.115658,450,300,rastrigin,9,2.048805,3.788343,4.114254,0.821852,100.983250
roulette wheel,200,1,0.720123,450,300,rastrigin,9,0.000000,0.000000,0.000000,0.000000,130.831855
roulette wheel,200,1,1.290939,450,300,rastrigin,9,0.000000,0.000000,0.000000,0.000000,128.860015
roulette wheel,200,1,2.000000,450,300,rastrigin,9,0.000000,0.000000,0.000000,0.000000,135.184330
tournament 3,10,1,1.290939,450,300,rastrigin,9,3.058495,4.108118,4.345358,0.691708,102.023070
roulette wheel,200,1,0.537845,450,300,rastrigin,9,0.000000,0.000000,0.000000,0.000000,135.436945
tournament 3,10,1,0.720123,450,300,rastrigin,9,2.602139,3.717026,4.189911,0.804200,123.280250
tournament 3,10,1,1.728444,450,300,rastrigin,9,4.197987,5.375739,5.825560,1.100863,114.631595
tournament 3,40,1,1.606822,450,300,rastrigin,9,0.000000,0.000000,0.000000,0.000000,107.379080
tournament 3,20,1,0.833262,450,300,rastrigin,9,0.137188,0.511884,0.549919,0.361577,92.857235
tournament 3,40,1,1.388651,450,300,rastrigin,9,0.000000,0.000000,0.000000,0.000000,115.258745
tournament 3,10,1,2.000000,450,300,rastrigin,9,3.896019,6.111157,6.739582,1.481677,121.185470
tournament 3,10,1,0.537845,450,300,rastrigin,9,2.524231,3.960729,4.264652,0.995699,130.956305
tournament 3,40,1,1.859271,450,300,rastrigin,9,0.000000,0.000000,0.000000,0.000002,112.143315
tournament 3,20,1,0.537845,450,300,rastrigin,9,0.046776,0.266734,0.271971,0.364769,126.864225
tournament 3,20,1,0.622346,450,300,rastrigin,9,0.022648,0.292689,0.425140,0.364929,127.224230
tournament 3,10,1,1.493759,450,300,rastrigin,9,3.555347,4.714784,5.016924,1.197593,134.004685
tournament 3,10,1,0.833262,450,300,rastrigin,9,1.594345,3.933745,4.296991,0.936128,130.190585
tournament 3,50,1,0.500000,450,300,rastrigin,9,0.000000,0.000012,0.000011,0.000024,119.903690
tournament 3,50,1,0.896332,450,300,rastrigin,9,0.000000,0.000003,0.000002,0.000020,96.708655
tournament 3,20,1,0.964176,450,300,rastrigin,9,0.005707,0.252521,0.299160,0.305565,66.287010
tournament 3,50,1,1.037155,450,300,rastrigin,9,0.000000,0.000000,0.000000,0.000000,79.589105
tournament 3,50,1,0.578555,450,300,rastrigin,9,0.000000,0.000001,0.000000,0.000003,119.843145
tournament 3,50,1,0.669452,450,300,rastrigin,9,0.000000,0.000002,0.000000,0.000006,119.425415
tournament 3,20,1,0.720123,450,300,rastrigin,9,0.048134,0.438348,0.519657,0.420820,119.018180
tournament 3,50,1,0.774630,450,300,rastrigin,9,0.000000,0.000002,0.000002,0.000006,119.700910
tournament 3,20,1,1.115658,450,300,rastrigin,9,0.004055,0.013870,0.015562,0.015718,67.252850
tournament 3,20,1,1.290939,450,300,rastrigin,9,0.012547,0.060630,0.073341,0.084838,69.584645
tournament 3,20,1,1.493759,450,300,rastrigin,9,0.010803,0.217173,0.222275,0.284340,68.377710
tournament 3,30,1,0.720123,450,300,rastrigin,9,0.000053,0.000566,0.000748,0.001619,66.002335
tournament 3,30,1,1.115658,450,300,rastrigin,9,0.000000,0.000000,0.000000,0.000001,67.420175
tournament 3,50,1,1.859271,450,300,rastrigin,9,0.000000,0.000000,0.000000,0.000000,74.386335
tournament 3,50,1,1.200103,450,300,rastrigin,9,0.000000,0.000000,0.000000,0.000000,86.380220
tournament 3,50,1,1.388651,450,300,rastrigin,9,0.000000,0.000000,0.000000,0.000000,84.605480
tournament 3,30,1,0.537845,450,300,rastrigin,9,0.000065,0.000344,0.000385,0.000524,74.337945
tournament 3,50,1,1.606822,450,300,rastrigin,9,0.000000,0.000000,0.000000,0.000000,90.343415
tournament 3,40,1,1.290939,450,300,rastrigin,9,0.000000,0.000000,0.000000,0.000000,80.137310
tournament 3,60,1,0.669452,450,300,rastrigin,9,0.000000,0.000000,0.000000,0.000004,80.190185
tournament 3,60,1,0.500000,450,300,rastrigin,9,0.000000,0.000006,0.000008,0.000009,82.433460
tournament 3,60,1,0.578555,450,300,rastrigin,9,0.000000,0.000000,0.000000,0.000003,82.202705
tournament 3,60,1,0.774630,450,300,rastrigin,9,0.000000,0.000000,0.000000,0.000002,81.569330
tournament 3,60,1,0.896332,450,300,rastrigin,9,0.000000,0.000000,0.000000,0.000002,77.960160
tournament 3,60,1,1.037155,450,300,rastrigin,9,0.000000,0.000000,0.000000,0.000000,79.827480
tournament 3,60,1,1.200103,450,300,rastrigin,9,0.000000,0.000000,0.000000,0.000000,81.074305
tournament 3,20,1,1.728444,450,300,rastrigin,9,0.247211,1.032187,1.129877,0.518823,110.901205
tournament 3,60,1,1.388651,450,300,rastrigin,9,0.000000,0.000000,0.000000,0.000000,88.843315
tournament 3,30,1,0.833262,450,300,rastrigin,9,0.000286,0.004359,0.004272,0.015875,117.577240
tournament 3,30,1,0.622346,450,300,rastrigin,9,0.000050,0.000655,0.000668,0.002578,125.805825
tournament 3,20,1,2.000000,450,300,rastrigin,9,0.299187,1.278763,1.407822,0.532486,130.207855
tournament 3,30,1,1.728444,450,300,rastrigin,9,0.000080,0.000221,0.000200,0.000873,139.522930
tournament 3,30,1,0.964176,450,300,rastrigin,9,0.000023,0.000148,0.000183,0.000195,140.406445
tournament 3,30,1,2.000000,450,300,rastrigin,9,0.000385,0.004669,0.004995,0.008077,147.823225
tournament 3,30,1,1.290939,450,300,rastrigin,9,0.000000,0.000001,0.000000,0.000003,144.596810
tournament 3,40,1,0.537845,450,300,rastrigin,9,0.000004,0.000012,0.000013,0.000011,153.000595
tournament 3,70,1,1.606822,450,300,rastrigin,9,0.000000,0.000000,0.000000,0.000000,112.738500
tournament 3,30,1,1.493759,450,300,rastrigin,9,0.000004,0.000008,0.000008,0.000020,160.494295
tournament 3,90,1,0.500000,450,300,rastrigin,9,0.000000,0.000001,0.000000,0.000013,120.316300
tournament 3,80,1,1.859271,450,300,rastrigin,9,0.000000,0.000000,0.000000,0.000000,123.255730
tournament 3,90,1,0.774630,450,300,rastrigin,9,0.000000,0.000000,0.000000,0.000000,123.506325
tournament 3,40,1,0.622346,450,300,rastrigin,9,0.000000,0.000011,0.000011,0.000013,171.321235
tournament 3,40,1,1.728444,450,300,rastrigin,9,0.000000,0.000000,0.000000,0.000000,126.507585
tournament 3,40,1,1.493759,450,300,rastrigin,9,0.000000,0.000000,0.000000,0.000000,124.812920
tournament 3,90,1,1.606822,450,300,rastrigin,9,0.000000,0.000000,0.000000,0.000000,124.355305
tournament 3,90,1,1.859271,450,300,rastrigin,9,0.000000,0.000000,0.000000,0.000000,126.354595
tournament 3,40,1,2.000000,450,300,rastrigin,9,0.000000,0.000001,0.000000,0.000003,130.818760
tournament 3,40,1,0.720123,450,300,rastrigin,9,0.000000,0.000012,0.000015,0.000017,177.560770
tournament 3,90,1,1.388651,450,300,rastrigin,9,0.000000,0.000000,0.000000,0.000000,136.325275
tournament 3,50,1,0.537845,450,300,rastrigin,9,0.000000,0.000003,0.000006,0.000006,124.572315
tournament 3,100,1,0.578555,450,300,rastrigin,9,0.000000,0.000000,0.000000,0.000001,129.646685
tournament 3,60,1,1.606822,450,300,rastrigin,9,0.000000,0.000000,0.000000,0.000000,184.904040
tournament 3,100,1,0.500000,450,300,rastrigin,9,0.000000,0.000001,0.000000,0.000004,134.522455
tournament 3,50,1,0.964176,450,300,rastrigin,9,0.000000,0.000000,0.000000,0.000000,128.632805
tournament 3,40,1,0.964176,450,300,rastrigin,9,0.000000,0.000000,0.000000,0.000002,181.860355
tournament 3,100,1,0.669452,450,300,rastrigin,9,0.000000,0.000000,0.000000,0.000001,133.942915
tournament 3,60,1,1.859271,450,300,rastrigin,9,0.000000,0.000000,0.000000,0.000000,189.753255
tournament 3,40,1,0.833262,450,300,rastrigin,9,0.000000,0.000014,0.000017,0.000051,186.694545
tournament 3,70,1,0.500000,450,300,rastrigin,9,0.000000,0.000003,0.000004,0.000011,185.407755
tournament 3,70,1,0.578555,450,300,rastrigin,9,0.000000,0.000000,0.000000,0.000001,189.571880
tournament 3,70,1,1.859271,450,300,rastrigin,9,0.000000,0.000000,0.000000,0.000000,180.795765
tournament 3,70,1,1.200103,450,300,rastrigin,9,0.000000,0.000000,0.000000,0.000000,186.085000
tournament 3,70,1,0.774630,450,300,rastrigin,9,0.000000,0.000000,0.000000,0.000002,191.311370
tournament 3,50,1,1.115658,450,300,rastrigin,9,0.000000,0.000000,0.000000,0.000000,126.213375
tournament 3,40,1,1.115658,450,300,rastrigin,9,0.000000,0.000000,0.000000,0.000000,197.534650
tournament 3,70,1,0.896332,450,300,rastrigin,9,0.000000,0.000000,0.000000,0.000001,192.454325
tournament 3,70,1,0.669452,450,300,rastrigin,9,0.000000,0.000000,0.000000,0.000000,197.109350
tournament 3,70,1,1.388651,450,300,rastrigin,9,0.000000,0.000000,0.000000,0.000000,191.106270
tournament 3,70,1,1.037155,450,300,rastrigin,9,0.000000,0.000000,0.000000,0.000000,193.968450
tournament 3,80,1,0.500000,450,300,rastrigin,9,0.000000,0.000002,0.000002,0.000020,188.493340
tournament 3,80,1,0.578555,450,300,rastrigin,9,0.000000,0.000000,0.000000,0.000002,189.316855
tournament 3,50,1,0.622346,450,300,rastrigin,9,0.000000,0.000002,0.000002,0.000003,124.853770
tournament 3,80,1,0.896332,450,300,rastrigin,9,0.000000,0.000000,0.000000,0.000000,188.498475
tournament 3,90,1,1.200103,450,300,rastrigin,9,0.000000,0.000000,0.000000,0.000000,182.195780
tournament 3,90,1,1.037155,450,300,rastrigin,9,0.000000,0.000000,0.000000,0.000000,184.413380
tournament 3,80,1,1.037155,450,300,rastrigin,9,0.000000,0.000000,0.000000,0.000000,188.950400
tournament 3,80,1,1.388651,450,300,rastrigin,9,0.000000,0.000000,0.000000,0.000000,189.022810
tournament 3,80,1,1.200103,450,300,rastrigin,9,0.000000,0.000000,0.000000,0.000000,189.279600
tournament 3,90,1,0.578555,450,300,rastrigin,9,0.000000,0.000000,0.000000,0.000001,188.564390
tournament 3,90,1,0.896332,450,300,rastrigin,9,0.000000,0.000000,0.000000,0.000000,186.507440
tournament 3,80,1,0.774630,450,300,rastrigin,9,0.000000,0.000000,0.000000,0.000000,190.591530
tournament 3,80,1,0.669452,450,300,rastrigin,9,0.000000,0.000000,0.000000,0.000001,191.397975
tournament 3,90,1,0.669452,450,300,rastrigin,9,0.000000,0.000000,0.000000,0.000000,191.188880
tournament 3,80,1,1.606822,450,300,rastrigin,9,0.000000,0.000000,0.000000,0.000000,193.570400
tournament 3,50,1,0.720123,450,300,rastrigin,9,0.000000,0.000002,0.000000,0.000006,123.207470
tournament 3,100,1,0.896332,450,300,rastrigin,9,0.000000,0.000000,0.000000,0.000000,122.561740
tournament 3,50,1,0.833262,450,300,rastrigin,9,0.000000,0.000003,0.000004,0.000006,125.622770
tournament 3,100,1,0.774630,450,300,rastrigin,9,0.000000,0.000000,0.000000,0.000000,158.996420
tournament 3,100,1,1.037155,450,300,rastrigin,9,0.000000,0.000000,0.000000,0.000000,126.491590
tournament 3,100,1,1.200103,450,300,rastrigin,9,0.000000,0.000000,0.000000,0.000000,119.689575
tournament 3,100,1,1.388651,450,300,rastrigin,9,0.000000,0.000000,0.000000,0.000000,106.068360
tournament 3,100,1,1.606822,450,300,rastrigin,9,0.000000,0.000000,0.000000,0.000000,101.255300
tournament 3,100,1,1.859271,450,300,rastrigin,9,0.000000,0.000000,0.000000,0.000000,98.318910
tournament 3,50,1,1.493759,450,300,rastrigin,9,0.000000,0.000000,0.000000,0.000000,99.381965
tournament 3,50,1,1.290939,450,300,rastrigin,9,0.000000,0.000000,0.000000,0.000000,101.835850
tournament 3,60,1,0.537845,450,300,rastrigin,9,0.000000,0.000000,0.000000,0.000003,87.083440
tournament 3,50,1,2.000000,450,300,rastrigin,9,0.000000,0.000000,0.000000,0.000000,103.402860
tournament 3,110,1,0.500000,450,300,rastrigin,9,0.000000,0.000002,0.000002,0.000005,104.241120
tournament 3,60,1,0.964176,450,300,rastrigin,9,0.000000,0.000000,0.000000,0.000000,92.934830
tournament 3,110,1,0.578555,450,300,rastrigin,9,0.000000,0.000000,0.000000,0.000000,103.439015
tournament 3,60,1,0.720123,450,300,rastrigin,9,0.000000,0.000000,0.000000,0.000002,106.126320
tournament 3,50,1,1.728444,450,300,rastrigin,9,0.000000,0.000000,0.000000,0.000000,110.063555
tournament 3,60,1,1.115658,450,300,rastrigin,9,0.000000,0.000000,0.000000,0.000000,94.761810
tournament 3,60,1,0.833262,450,300,rastrigin,9,0.000000,0.000000,0.000000,0.000003,103.989215
tournament 3,60,1,0.622346,450,300,rastrigin,9,0.000000,0.000000,0.000000,0.000004,108.813485
tournament 3,110,1,1.200103,450,300,rastrigin,9,0.000000,0.000000,0.000000,0.000000,69.340450
tournament 3,110,1,1.606822,450,300,rastrigin,9,0.000000,0.000000,0.000000,0.000000,67.507695
tournament 3,60,1,1.493759,450,300,rastrigin,9,0.000000,0.000000,0.000000,0.000000,80.860425
tournament 3,110,1,0.669452,450,300,rastrigin,9,0.000000,0.000000,0.000000,0.000000,87.343875
tournament 3,60,1,1.290939,450,300,rastrigin,9,0.000000,0.000000,0.000000,0.000000,98.966035
tournament 3,120,1,0.500000,450,300,rastrigin,9,0.000000,0.000000,0.000000,0.000004,71.020815
tournament 3,110,1,0.774630,450,300,rastrigin,9,0.000000,0.000000,0.000000,0.000000,85.269205
tournament 3,120,1,0.669452,450,300,rastrigin,9,0.000000,0.000000,0.000000,0.000000,66.557510
tournament 3,110,1,0.896332,450,300,rastrigin,9,0.000000,0.000000,0.000000,0.000000,86.064720
tournament 3,110,1,1.037155,450,300,rastrigin,9,0.000000,0.000000,0.000000,0.000000,84.206680
tournament 3,110,1,1.388651,450,300,rastrigin,9,0.000000,0.000000,0.000000,0.000000,82.473795
tournament 3,110,1,1.859271,450,300,rastrigin,9,0.000000,0.000000,0.000000,0.000000,82.652035
tournament 3,120,1,0.578555,450,300,rastrigin,9,0.000000,0.000000,0.000000,0.000001,81.688155
tournament 3,90,1,0.537845,450,300,rastrigin,9,0.000000,0.000001,0.000000,0.000003,92.616380
tournament 3,70,1,1.728444,450,300,rastrigin,9,0.000000,0.000000,0.000000,0.000000,95.259140
tournament 3,90,1,0.833262,450,300,rastrigin,9,0.000000,0.000000,0.000000,0.000000,95.909640
tournament 3,90,1,1.728444,450,300,rastrigin,9,0.000000,0.000000,0.000000,0.000000,86.616200
tournament 3,80,1,2.000000,450,300,rastrigin,9,0.000000,0.000000,0.000000,0.000000,105.507120
tournament 3,90,1,1.493759,450,300,rastrigin,9,0.000000,0.000000,0.000000,0.000000,79.798850
tournament 3,120,1,1.200103,450,300,rastrigin,9,0.000000,0.000000,0.000000,0.000000,86.817565
tournament 3,120,1,0.774630,450,300,rastrigin,9,0.000000,0.000000,0.000000,0.000000,115.901535
tournament 3,120,1,1.388651,450,300,rastrigin,9,0.000000,0.000000,0.000000,0.000000,76.669640
tournament 3,120,1,1.606822,450,300,rastrigin,9,0.000000,0.000000,0.000000,0.000000,76.770200
tournament 3,90,1,2.000000,450,300,rastrigin,9,0.000000,0.000000,0.000000,0.000000,116.514670
tournament 3,100,1,0.720123,450,300,rastrigin,9,0.000000,0.000000,0.000000,0.000000,85.644990
tournament 3,120,1,0.896332,450,300,rastrigin,9,0.000000,0.000000,0.000000,0.000000,142.910615
tournament 3,120,1,1.037155,450,300,rastrigin,9,0.000000,0.000000,0.000000,0.000000,143.051655
tournament 3,130,1,0.578555,450,300,rastrigin,9,0.000000,0.000000,0.000000,0.000000,95.586515
tournament 3,130,1,0.774630,450,300,rastrigin,9,0.000000,0.000000,0.000000,0.000000,104.388210
tournament 3,100,1,0.964176,450,300,rastrigin,9,0.000000,0.000000,0.000000,0.000000,108.833970
tournament 3,130,1,0.896332,450,300,rastrigin,9,0.000000,0.000000,0.000000,0.000000,109.198535
tournament 3,130,1,1.037155,450,300,rastrigin,9,0.000000,0.000000,0.000000,0.000000,108.168335
tournament 3,60,1,1.728444,450,300,rastrigin,9,0.000000,0.000000,0.000000,0.000000,150.268420
tournament 3,130,1,1.200103,450,300,rastrigin,9,0.000000,0.000000,0.000000,0.000000,110.628170
tournament 3,130,1,1.606822,450,300,rastrigin,9,0.000000,0.000000,0.000000,0.000000,110.767165
tournament 3,100,1,0.622346,450,300,rastrigin,9,0.000000,0.000000,0.000000,0.000001,169.196950
tournament 3,130,1,1.388651,450,300,rastrigin,9,0.000000,0.000000,0.000000,0.000000,112.092465
tournament 3,130,1,1.859271,450,300,rastrigin,9,0.000000,0.000000,0.000000,0.000000,111.812205
tournament 3,140,1,0.500000,450,300,rastrigin,9,0.000000,0.000001,0.000000,0.000018,110.772055
tournament 3,110,1,0.622346,450,300,rastrigin,9,0.000000,0.000000,0.000000,0.000000,107.778670
tournament 3,100,1,0.537845,450,300,rastrigin,9,0.000000,0.000000,0.000000,0.000001,173.210925
tournament 3,140,1,0.578555,450,300,rastrigin,9,0.000000,0.000000,0.000000,0.000000,107.542305
tournament 3,60,1,2.000000,450,300,rastrigin,9,0.000000,0.000000,0.000000,0.000000,167.525970
tournament 3,140,1,0.669452,450,300,rastrigin,9,0.000000,0.000000,0.000000,0.000000,118.017000
tournament 3,140,1,0.774630,450,300,rastrigin,9,0.000000,0.000000,0.000000,0.000000,108.992425
tournament 3,120,1,1.859271,450,300,rastrigin,9,0.000000,0.000000,0.000000,0.000000,185.878700
tournament 3,70,1,0.537845,450,300,rastrigin,9,0.000000,0.000000,0.000000,0.000001,182.478940
tournament 3,140,1,0.896332,450,300,rastrigin,9,0.000000,0.000000,0.000000,0.000000,108.822335
tournament 3,140,1,1.037155,450,300,rastrigin,9,0.000000,0.000000,0.000000,0.000000,102.805700
tournament 3,70,1,0.622346,450,300,rastrigin,9,0.000000,0.000000,0.000000,0.000001,197.554475
tournament 3,130,1,0.500000,450,300,rastrigin,9,0.000000,0.000002,0.000000,0.000006,202.803680
tournament 3,70,1,2.000000,450,300,rastrigin,9,0.000000,0.000000,0.000000,0.000000,198.409555
tournament 3,70,1,0.720123,450,300,rastrigin,9,0.000000,0.000000,0.000000,0.000001,200.135200
tournament 3,140,1,1.200103,450,300,rastrigin,9,0.000000,0.000000,0.000000,0.000000,99.817390
tournament 3,80,1,0.537845,450,300,rastrigin,9,0.000000,0.000000,0.000000,0.000003,204.008880
tournament 3,80,1,1.290939,450,300,rastrigin,9,0.000000,0.000000,0.000000,0.000000,198.992495
tournament 3,90,1,0.720123,450,300,rastrigin,9,0.000000,0.000000,0.000000,0.000000,202.742485
tournament 3,80,1,1.728444,450,300,rastrigin,9,0.000000,0.000000,0.000000,0.000000,205.582795
tournament 3,100,1,1.115658,450,300,rastrigin,9,0.000000,0.000000,0.000000,0.000000,201.680270
tournament 3,70,1,1.290939,450,300,rastrigin,9,0.000000,0.000000,0.000000,0.000000,224.119840
tournament 3,80,1,0.833262,450,300,rastrigin,9,0.000000,0.000000,0.000000,0.000000,208.155150
tournament 3,100,1,1.493759,450,300,rastrigin,9,0.000000,0.000000,0.000000,0.000000,200.764875
tournament 3,80,1,0.720123,450,300,rastrigin,9,0.000000,0.000000,0.000000,0.000002,212.359545
tournament 3,100,1,1.290939,450,300,rastrigin,9,0.000000,0.000000,0.000000,0.000000,205.596605
tournament 3,70,1,0.964176,450,300,rastrigin,9,0.000000,0.000000,0.000000,0.000000,226.638305
tournament 3,70,1,0.833262,450,300,rastrigin,9,0.000000,0.000000,0.000000,0.000002,231.356475
tournament 3,100,1,1.728444,450,300,rastrigin,9,0.000000,0.000000,0.000000,0.000000,205.934080
tournament 3,130,1,0.669452,450,300,rastrigin,9,0.000000,0.000000,0.000000,0.000000,233.231200
tournament 3,100,1,2.000000,450,300,rastrigin,9,0.000000,0.000000,0.000000,0.000000,207.474125
tournament 3,70,1,1.115658,450,300,rastrigin,9,0.000000,0.000000,0.000000,0.000000,229.835910
tournament 3,140,1,1.388651,450,300,rastrigin,9,0.000000,0.000000,0.000000,0.000000,107.033220
tournament 3,80,1,1.115658,450,300,rastrigin,9,0.000000,0.000000,0.000000,0.000000,226.046375
tournament 3,70,1,1.493759,450,300,rastrigin,9,0.000000,0.000000,0.000000,0.000000,236.122680
tournament 3,90,1,1.290939,450,300,rastrigin,9,0.000000,0.000000,0.000000,0.000000,231.661220
tournament 3,80,1,0.622346,450,300,rastrigin,9,0.000000,0.000000,0.000000,0.000002,235.016090
tournament 3,80,1,0.964176,450,300,rastrigin,9,0.000000,0.000000,0.000000,0.000000,233.235110
tournament 3,90,1,1.115658,450,300,rastrigin,9,0.000000,0.000000,0.000000,0.000000,233.187180
tournament 3,100,1,0.833262,450,300,rastrigin,9,0.000000,0.000000,0.000000,0.000000,227.264375
tournament 3,80,1,1.493759,450,300,rastrigin,9,0.000000,0.000000,0.000000,0.000000,232.996710
tournament 3,90,1,0.622346,450,300,rastrigin,9,0.000000,0.000000,0.000000,0.000001,231.845195
tournament 3,90,1,0.964176,450,300,rastrigin,9,0.000000,0.000000,0.000000,0.000000,232.259225
tournament 3,110,1,1.290939,450,300,rastrigin,9,0.000000,0.000000,0.000000,0.000000,155.618855
tournament 3,110,1,1.728444,450,300,rastrigin,9,0.000000,0.000000,0.000000,0.000000,143.194040
tournament 3,110,1,0.537845,450,300,rastrigin,9,0.000000,0.000000,0.000000,0.000001,217.258225
tournament 3,120,1,0.537845,450,300,rastrigin,9,0.000000,0.000000,0.000000,0.000000,127.528230
tournament 3,120,1,0.720123,450,300,rastrigin,9,0.000000,0.000000,0.000000,0.000000,121.690790
tournament 3,120,1,1.290939,450,300,rastrigin,9,0.000000,0.000000,0.000000,0.000000,106.433845
tournament 3,140,1,1.606822,450,300,rastrigin,9,0.000000,0.000000,0.000000,0.000000,115.443520
tournament 3,150,1,0.500000,450,300,rastrigin,9,0.000000,0.000001,0.000000,0.000005,117.847125
tournament 3,140,1,1.859271,450,300,rastrigin,9,0.000000,0.000000,0.000000,0.000000,119.857460
tournament 3,150,1,0.669452,450,300,rastrigin,9,0.000000,0.000000,0.000000,0.000000,119.589790
tournament 3,150,1,0.578555,450,300,rastrigin,9,0.000000,0.000000,0.000000,0.000000,123.524445
tournament 3,150,1,0.774630,450,300,rastrigin,9,0.000000,0.000000,0.000000,0.000000,123.028340
tournament 3,120,1,0.622346,450,300,rastrigin,9,0.000000,0.000000,0.000000,0.000001,127.709810
tournament 3,120,1,1.493759,450,300,rastrigin,9,0.000000,0.000000,0.000000,0.000000,118.794020
tournament 3,110,1,0.720123,450,300,rastrigin,9,0.000000,0.000000,0.000000,0.000000,150.997720
tournament 3,110,1,1.115658,450,300,rastrigin,9,0.000000,0.000000,0.000000,0.000000,133.612985
tournament 3,120,1,0.833262,450,300,rastrigin,9,0.000000,0.000000,0.000000,0.000000,120.325670
tournament 3,110,1,1.493759,450,300,rastrigin,9,0.000000,0.000000,0.000000,0.000000,133.623210
tournament 3,150,1,0.896332,450,300,rastrigin,9,0.000000,0.000000,0.000000,0.000000,107.380925
tournament 3,110,1,2.000000,450,300,rastrigin,9,0.000000,0.000000,0.000000,0.000000,133.228695
tournament 3,110,1,0.964176,450,300,rastrigin,9,0.000000,0.000000,0.000000,0.000000,138.446355
tournament 3,110,1,0.833262,450,300,rastrigin,9,0.000000,0.000000,0.000000,0.000001,144.868770
tournament 3,120,1,1.728444,450,300,rastrigin,9,0.000000,0.000000,0.000000,0.000000,119.659790
tournament 3,150,1,1.037155,450,300,rastrigin,9,0.000000,0.000000,0.000000,0.000000,103.643585
tournament 3,150,1,1.200103,450,300,rastrigin,9,0.000000,0.000000,0.000000,0.000000,76.768805
tournament 3,120,1,1.115658,450,300,rastrigin,9,0.000000,0.000000,0.000000,0.000000,109.309455
tournament 3,120,1,0.964176,450,300,rastrigin,9,0.000000,0.000000,0.000000,0.000000,112.393925
tournament 3,130,1,0.622346,450,300,rastrigin,9,0.000000,0.000000,0.000000,0.000000,117.423155
tournament 3,150,1,1.388651,450,300,rastrigin,9,0.000000,0.000000,0.000000,0.000000,70.607450
tournament 3,130,1,1.115658,450,300,rastrigin,9,0.000000,0.000000,0.000000,0.000000,79.192405
tournament 3,130,1,0.833262,450,300,rastrigin,9,0.000000,0.000000,0.000000,0.000000,117.055305
tournament 3,130,1,0.964176,450,300,rastrigin,9,0.000000,0.000000,0.000000,0.000000,98.038600
tournament 3,130,1,1.728444,450,300,rastrigin,9,0.000000,0.000000,0.000000,0.000000,71.855420
tournament 3,150,1,1.606822,450,300,rastrigin,9,0.000000,0.000000,0.000000,0.000000,70.538285
tournament 3,130,1,1.493759,450,300,rastrigin,9,0.000000,0.000000,0.000000,0.000000,68.779835
tournament 3,130,1,1.290939,450,300,rastrigin,9,0.000000,0.000000,0.000000,0.000000,80.200500
tournament 3,150,1,1.859271,450,300,rastrigin,9,0.000000,0.000000,0.000000,0.000000,76.343920
tournament 3,130,1,2.000000,450,300,rastrigin,9,0.000000,0.000000,0.000000,0.000000,77.622830
tournament 3,160,1,0.500000,450,300,rastrigin,9,0.000000,0.000001,0.000000,0.000017,78.557895
tournament 3,140,1,0.622346,450,300,rastrigin,9,0.000000,0.000000,0.000000,0.000000,76.782135
tournament 3,140,1,0.833262,450,300,rastrigin,9,0.000000,0.000000,0.000000,0.000000,77.629025
tournament 3,140,1,1.115658,450,300,rastrigin,9,0.000000,0.000000,0.000000,0.000000,73.798340
tournament 3,140,1,0.720123,450,300,rastrigin,9,0.000000,0.000000,0.000000,0.000000,82.237220
tournament 3,120,1,2.000000,450,300,rastrigin,9,0.000000,0.000000,0.000000,0.000000,85.514145
tournament 3,140,1,1.290939,450,300,rastrigin,9,0.000000,0.000000,0.000000,0.000000,73.577235
tournament 3,140,1,0.964176,450,300,rastrigin,9,0.000000,0.000000,0.000000,0.000000,107.232645
tournament 3,140,1,1.493759,450,300,rastrigin,9,0.000000,0.000000,0.000000,0.000000,91.664640
tournament 3,140,1,0.537845,450,300,rastrigin,9,0.000000,0.000000,0.000000,0.000000,160.320500
tournament 3,160,1,0.578555,450,300,rastrigin,9,0.000000,0.000000,0.000000,0.000000,182.950270
tournament 3,140,1,2.000000,450,300,rastrigin,9,0.000000,0.000000,0.000000,0.000000,110.409160
tournament 3,140,1,1.728444,450,300,rastrigin,9,0.000000,0.000000,0.000000,0.000000,112.962790
tournament 3,150,1,0.537845,450,300,rastrigin,9,0.000000,0.000000,0.000000,0.000001,115.027190
tournament 3,150,1,0.720123,450,300,rastrigin,9,0.000000,0.000000,0.000000,0.000000,118.009150
tournament 3,150,1,0.833262,450,300,rastrigin,9,0.000000,0.000000,0.000000,0.000000,119.962960
tournament 3,150,1,0.622346,450,300,rastrigin,9,0.000000,0.000000,0.000000,0.000001,121.540770
tournament 3,160,1,0.669452,450,300,rastrigin,9,0.000000,0.000000,0.000000,0.000000,197.230235
tournament 3,160,1,0.774630,450,300,rastrigin,9,0.000000,0.000000,0.000000,0.000000,194.694465
tournament 3,190,1,1.606822,450,300,rastrigin,9,0.000000,0.000000,0.000000,0.000000,123.404425
tournament 3,200,1,0.578555,450,300,rastrigin,9,0.000000,0.000000,0.000000,0.000000,126.771590
tournament 3,150,1,0.964176,450,300,rastrigin,9,0.000000,0.000000,0.000000,0.000000,124.813890
tournament 3,130,1,0.537845,450,300,rastrigin,9,0.000000,0.000000,0.000000,0.000002,205.632885
tournament 3,150,1,1.115658,450,300,rastrigin,9,0.000000,0.000000,0.000000,0.000000,126.246445
tournament 3,200,1,1.388651,450,300,rastrigin,9,0.000000,0.000000,0.000000,0.000000,131.403720
tournament 3,170,1,0.578555,450,300,rastrigin,9,0.000000,0.000000,0.000000,0.000000,196.572800
tournament 3,160,1,1.037155,450,300,rastrigin,9,0.000000,0.000000,0.000000,0.000000,214.262490
tournament 3,200,1,1.859271,450,300,rastrigin,9,0.000000,0.000000,0.000000,0.000000,130.930855
tournament 3,150,1,1.290939,450,300,rastrigin,9,0.000000,0.000000,0.000000,0.000000,136.305595
tournament 3,200,1,1.606822,450,300,rastrigin,9,0.000000,0.000000,0.000000,0.000000,137.318800
tournament 3,160,1,0.896332,450,300,rastrigin,9,0.000000,0.000000,0.000000,0.000000,235.422445
tournament 3,160,1,1.606822,450,300,rastrigin,9,0.000000,0.000000,0.000000,0.000000,224.941570
tournament 3,160,1,1.200103,450,300,rastrigin,9,0.000000,0.000000,0.000000,0.000000,231.169450
tournament 5,10,1,0.500000,450,300,rastrigin,9,1.489540,3.544112,4.025196,0.865872,151.291910
tournament 3,160,1,1.388651,450,300,rastrigin,9,0.000000,0.000000,0.000000,0.000000,230.673995
tournament 3,170,1,1.200103,450,300,rastrigin,9,0.000000,0.000000,0.000000,0.000000,210.105120
tournament 3,160,1,1.859271,450,300,rastrigin,9,0.000000,0.000000,0.000000,0.000000,229.275085
tournament 3,170,1,0.669452,450,300,rastrigin,9,0.000000,0.000000,0.000000,0.000000,224.765935
tournament 3,170,1,0.500000,450,300,rastrigin,9,0.000000,0.000001,0.000000,0.000004,229.681775
tournament 3,170,1,0.774630,450,300,rastrigin,9,0.000000,0.000000,0.000000,0.000002,231.574225
tournament 3,170,1,0.896332,450,300,rastrigin,9,0.000000,0.000000,0.000000,0.000000,232.324690
tournament 3,170,1,1.037155,450,300,rastrigin,9,0.000000,0.000000,0.000000,0.000000,233.596855
tournament 3,170,1,1.388651,450,300,rastrigin,9,0.000000,0.000000,0.000000,0.000000,230.349915
tournament 3,170,1,1.606822,450,300,rastrigin,9,0.000000,0.000000,0.000000,0.000000,230.713705
tournament 3,170,1,1.859271,450,300,rastrigin,9,0.000000,0.000000,0.000000,0.000000,229.101880
tournament 5,10,1,0.578555,450,300,rastrigin,9,1.831127,3.198198,3.507038,1.078358,154.619590
tournament 3,190,1,0.669452,450,300,rastrigin,9,0.000000,0.000000,0.000000,0.000000,210.944285
tournament 3,190,1,1.037155,450,300,rastrigin,9,0.000000,0.000000,0.000000,0.000000,211.003665
tournament 3,190,1,1.200103,450,300,rastrigin,9,0.000000,0.000000,0.000000,0.000000,212.806300
tournament 3,190,1,0.578555,450,300,rastrigin,9,0.000000,0.000000,0.000000,0.000001,213.426385
tournament 3,190,1,0.896332,450,300,rastrigin,9,0.000000,0.000000,0.000000,0.000000,214.749350
tournament 3,200,1,1.200103,450,300,rastrigin,9,0.000000,0.000000,0.000000,0.000000,192.102125
tournament 3,180,1,0.578555,450,300,rastrigin,9,0.000000,0.000000,0.000000,0.000000,235.917745
tournament 3,130,1,0.720123,450,300,rastrigin,9,0.000000,0.000000,0.000000,0.000000,242.428840
tournament 5,10,1,0.669452,450,300,rastrigin,9,2.782589,3.639382,3.809132,0.696898,153.844665
tournament 3,150,1,1.493759,450,300,rastrigin,9,0.000000,0.000000,0.000000,0.000000,177.082820
tournament 3,180,1,1.606822,450,300,rastrigin,9,0.000000,0.000000,0.000000,0.000000,227.044460
tournament 3,180,1,1.037155,450,300,rastrigin,9,0.000000,0.000000,0.000000,0.000000,234.539110
tournament 3,180,1,0.500000,450,300,rastrigin,9,0.000000,0.000001,0.000000,0.000005,245.842745
tournament 3,180,1,1.388651,450,300,rastrigin,9,0.000000,0.000000,0.000000,0.000000,235.741830
tournament 3,180,1,0.774630,450,300,rastrigin,9,0.000000,0.000000,0.000000,0.000000,242.955290
tournament 3,180,1,1.200103,450,300,rastrigin,9,0.000000,0.000000,0.000000,0.000000,237.949735
tournament 3,180,1,1.859271,450,300,rastrigin,9,0.000000,0.000000,0.000000,0.000000,235.902305
tournament 3,180,1,0.896332,450,300,rastrigin,9,0.000000,0.000000,0.000000,0.000000,244.181085
tournament 3,150,1,1.728444,450,300,rastrigin,9,0.000000,0.000000,0.000000,0.000000,125.500310
tournament 3,180,1,0.669452,450,300,rastrigin,9,0.000000,0.000000,0.000000,0.000000,250.267170
tournament 3,190,1,0.774630,450,300,rastrigin,9,0.000000,0.000000,0.000000,0.000000,236.934810
tournament 3,190,1,0.500000,450,300,rastrigin,9,0.000000,0.000002,0.000002,0.000004,239.194300
tournament 3,190,1,1.388651,450,300,rastrigin,9,0.000000,0.000000,0.000000,0.000000,230.545770
tournament 3,200,1,0.500000,450,300,rastrigin,9,0.000000,0.000000,0.000000,0.000005,225.217280
tournament 5,10,1,0.774630,450,300,rastrigin,9,2.405838,3.581222,4.026928,0.979986,158.535755
tournament 3,190,1,1.859271,450,300,rastrigin,9,0.000000,0.000000,0.000000,0.000000,229.741880
tournament 5,10,1,0.896332,450,300,rastrigin,9,1.719135,3.458970,4.019897,1.090195,148.809915
tournament 3,200,1,0.896332,450,300,rastrigin,9,0.000000,0.000000,0.000000,0.000000,222.926170
tournament 3,200,1,0.774630,450,300,rastrigin,9,0.000000,0.000000,0.000000,0.000000,225.962250
tournament 3,200,1,1.037155,450,300,rastrigin,9,0.000000,0.000000,0.000000,0.000000,221.869415
tournament 3,200,1,0.669452,450,300,rastrigin,9,0.000000,0.000000,0.000000,0.000000,230.087470
tournament 5,10,1,1.037155,450,300,rastrigin,9,2.034180,3.671306,4.054861,0.811175,132.595780
tournament 3,160,1,0.537845,450,300,rastrigin,9,0.000000,0.000000,0.000000,0.000001,122.286080
tournament 3,150,1,2.000000,450,300,rastrigin,9,0.000000,0.000000,0.000000,0.000000,125.471565
tournament 5,10,1,1.859271,450,300,rastrigin,9,3.711464,5.700779,6.225046,1.052336,128.265960
tournament 3,160,1,0.622346,450,300,rastrigin,9,0.000000,0.000000,0.000000,0.000001,72.094190
tournament 5,20,1,0.774630,450,300,rastrigin,9,0.040672,0.437344,0.390675,0.488631,88.805375
tournament 5,10,1,1.200103,450,300,rastrigin,9,1.335117,3.412330,3.929962,0.968597,136.812900
tournament 5,20,1,0.896332,450,300,rastrigin,9,0.051491,0.525552,0.614185,0.361092,89.128075
tournament 5,10,1,1.606822,450,300,rastrigin,9,2.478523,4.764421,5.305658,1.321878,133.756780
tournament 5,10,1,1.388651,450,300,rastrigin,9,2.840324,4.345084,4.577557,0.767739,134.990610
tournament 5,20,1,0.500000,450,300,rastrigin,9,0.119270,0.526954,0.592829,0.366209,123.732930
tournament 5,20,1,0.669452,450,300,rastrigin,9,0.062260,0.374784,0.399252,0.371978,105.274150
tournament 5,20,1,1.200103,450,300,rastrigin,9,0.010315,0.073522,0.073408,0.145535,98.572200
tournament 5,20,1,1.388651,450,300,rastrigin,9,0.048084,0.296173,0.400253,0.318365,80.930130
tournament 5,20,1,0.578555,450,300,rastrigin,9,0.037395,0.362787,0.445730,0.314275,126.331575
tournament 5,20,1,1.037155,450,300,rastrigin,9,0.013206,0.085079,0.101168,0.072755,112.273415
tournament 5,20,1,1.606822,450,300,rastrigin,9,0.294533,0.653894,0.650810,0.385131,83.062670
tournament 5,20,1,1.859271,450,300,rastrigin,9,0.224453,1.080195,1.331118,0.640281,75.892775
tournament 5,30,1,0.669452,450,300,rastrigin,9,0.000103,0.001536,0.001856,0.007684,68.385395
tournament 5,30,1,0.500000,450,300,rastrigin,9,0.000259,0.005878,0.007204,0.009597,75.663925
tournament 5,30,1,0.578555,450,300,rastrigin,9,0.000240,0.001589,0.001966,0.001348,84.698430
tournament 3,190,1,1.728444,450,300,rastrigin,9,0.000000,0.000000,0.000000,0.000000,77.642375
tournament 3,200,1,0.622346,450,300,rastrigin,9,0.000000,0.000000,0.000000,0.000000,79.806845
tournament 5,30,1,0.774630,450,300,rastrigin,9,0.000465,0.002439,0.002766,0.004604,82.326910
tournament 3,200,1,1.493759,450,300,rastrigin,9,0.000000,0.000000,0.000000,0.000000,72.856235
tournament 5,30,1,1.037155,450,300,rastrigin,9,0.000004,0.000019,0.000023,0.000014,78.312015
tournament 3,200,1,2.000000,450,300,rastrigin,9,0.000000,0.000000,0.000000,0.000000,75.236375
tournament 5,10,1,0.537845,450,300,rastrigin,9,2.451164,3.474170,3.832108,0.734635,88.579080
tournament 3,170,1,0.622346,450,300,rastrigin,9,0.000000,0.000000,0.000000,0.000000,100.711325
tournament 3,160,1,0.720123,450,300,rastrigin,9,0.000000,0.000000,0.000000,0.000000,139.831325
tournament 3,160,1,0.833262,450,300,rastrigin,9,0.000000,0.000000,0.000000,0.000000,142.433780
tournament 3,200,1,1.728444,450,300,rastrigin,9,0.000000,0.000000,0.000000,0.000000,128.754715
tournament 5,30,1,1.200103,450,300,rastrigin,9,0.000000,0.000006,0.000008,0.000005,135.653720
tournament 5,10,1,0.622346,450,300,rastrigin,9,1.850479,3.507415,3.959772,1.110293,114.410485
tournament 3,170,1,1.290939,450,300,rastrigin,9,0.000000,0.000000,0.000000,0.000000,150.096845
tournament 5,30,1,0.896332,450,300,rastrigin,9,0.000328,0.004838,0.006029,0.010017,185.719165
tournament 5,10,1,0.720123,450,300,rastrigin,9,1.425365,3.212937,3.663906,0.830941,126.548620
tournament 3,160,1,1.115658,450,300,rastrigin,9,0.000000,0.000000,0.000000,0.000000,187.869670
tournament 5,30,1,1.859271,450,300,rastrigin,9,0.002457,0.007873,0.009075,0.009494,137.739335
tournament 3,170,1,1.493759,450,300,rastrigin,9,0.000000,0.000000,0.000000,0.000000,186.809345
tournament 5,10,1,0.833262,450,300,rastrigin,9,2.295315,3.596529,3.631418,0.936882,153.372950
tournament 3,160,1,0.964176,450,300,rastrigin,9,0.000000,0.000000,0.000000,0.000000,213.422445
tournament 3,160,1,1.493759,450,300,rastrigin,9,0.000000,0.000000,0.000000,0.000000,204.824890
tournament 3,160,1,1.290939,450,300,rastrigin,9,0.000000,0.000000,0.000000,0.000000,208.759855
tournament 5,10,1,0.964176,450,300,rastrigin,9,1.970222,3.600131,4.037134,0.869056,154.328735
tournament 5,40,1,0.578555,450,300,rastrigin,9,0.000000,0.000019,0.000023,0.000019,150.498715
tournament 5,40,1,0.500000,450,300,rastrigin,9,0.000004,0.000075,0.000111,0.000137,151.329970
tournament 3,160,1,1.728444,450,300,rastrigin,9,0.000000,0.000000,0.000000,0.000000,214.813470
tournament 5,20,1,0.833262,450,300,rastrigin,9,0.073715,0.484083,0.592617,0.442831,150.946380
tournament 5,10,1,2.000000,450,300,rastrigin,9,2.875393,6.069224,6.630648,1.261691,160.448285
tournament 5,10,1,1.115658,450,300,rastrigin,9,1.424751,2.905640,3.268269,0.874746,162.271490
tournament 5,10,1,1.290939,450,300,rastrigin,9,1.948524,3.415227,3.778484,0.955661,162.388690
tournament 5,10,1,1.728444,450,300,rastrigin,9,2.036690,5.192977,5.684175,1.137435,161.415480
tournament 3,170,1,1.115658,450,300,rastrigin,9,0.000000,0.000000,0.000000,0.000000,214.157430
tournament 5,20,1,0.964176,450,300,rastrigin,9,0.084839,0.339275,0.355953,0.361549,164.285555
tournament 5,20,1,0.537845,450,300,rastrigin,9,0.005039,0.249973,0.208460,0.419098,164.751885
tournament 5,10,1,1.493759,450,300,rastrigin,9,2.980900,4.372465,4.731176,1.052446,165.329085
tournament 3,160,1,2.000000,450,300,rastrigin,9,0.000000,0.000000,0.000000,0.000000,225.783220
tournament 3,170,1,0.720123,450,300,rastrigin,9,0.000000,0.000000,0.000000,0.000000,224.588000
tournament 5,20,1,1.290939,450,300,rastrigin,9,0.008492,0.112663,0.130342,0.124041,152.833180
tournament 3,170,1,0.537845,450,300,rastrigin,9,0.000000,0.000000,0.000000,0.000000,223.337440
tournament 3,170,1,1.728444,450,300,rastrigin,9,0.000000,0.000000,0.000000,0.000000,219.572815
tournament 3,170,1,2.000000,450,300,rastrigin,9,0.000000,0.000000,0.000000,0.000000,219.523815
tournament 3,190,1,1.290939,450,300,rastrigin,9,0.000000,0.000000,0.000000,0.000000,213.312725
tournament 3,190,1,0.720123,450,300,rastrigin,9,0.000000,0.000000,0.000000,0.000000,219.378110
tournament 3,170,1,0.964176,450,300,rastrigin,9,0.000000,0.000000,0.000000,0.000000,227.670270
tournament 3,190,1,1.115658,450,300,rastrigin,9,0.000000,0.000000,0.000000,0.000000,218.397095
tournament 3,170,1,0.833262,450,300,rastrigin,9,0.000000,0.000000,0.000000,0.000000,230.436455
tournament 3,190,1,0.964176,450,300,rastrigin,9,0.000000,0.000000,0.000000,0.000000,215.669600
tournament 3,200,1,1.290939,450,300,rastrigin,9,0.000000,0.000000,0.000000,0.000000,215.587040
tournament 3,190,1,0.622346,450,300,rastrigin,9,0.000000,0.000000,0.000000,0.000000,218.998370
tournament 5,20,1,1.493759,450,300,rastrigin,9,0.056271,0.443204,0.526690,0.433787,155.652115
tournament 5,30,1,1.606822,450,300,rastrigin,9,0.000076,0.000662,0.000761,0.001486,213.325985
tournament 5,40,1,0.669452,450,300,rastrigin,9,0.000000,0.000024,0.000027,0.000046,190.818940
tournament 5,20,1,0.622346,450,300,rastrigin,9,0.053638,0.294085,0.322823,0.350454,153.927330
tournament 3,180,1,0.622346,450,300,rastrigin,9,0.000000,0.000000,0.000000,0.000000,225.917840
tournament 5,20,1,1.728444,450,300,rastrigin,9,0.190304,0.975010,1.347694,0.530643,129.140795
tournament 5,20,1,1.115658,450,300,rastrigin,9,0.014893,0.043292,0.045986,0.039449,147.678285
tournament 3,180,1,1.115658,450,300,rastrigin,9,0.000000,0.000000,0.000000,0.000000,228.275645
tournament 3,190,1,0.833262,450,300,rastrigin,9,0.000000,0.000000,0.000000,0.000000,220.625295
tournament 3,180,1,1.728444,450,300,rastrigin,9,0.000000,0.000000,0.000000,0.000000,232.716555
tournament 5,20,1,2.000000,450,300,rastrigin,9,0.360401,1.240474,1.540056,0.530401,127.155775
tournament 5,20,1,0.720123,450,300,rastrigin,9,0.054310,0.406474,0.483818,0.379488,208.136885
tournament 3,180,1,1.493759,450,300,rastrigin,9,0.000000,0.000000,0.000000,0.000000,236.965315
tournament 5,30,1,0.720123,450,300,rastrigin,9,0.000111,0.002459,0.001926,0.004586,117.343705
tournament 5,30,1,1.388651,450,300,rastrigin,9,0.000008,0.000075,0.000080,0.000070,249.864750
tournament 3,180,1,0.537845,450,300,rastrigin,9,0.000000,0.000000,0.000000,0.000000,245.197530
tournament 3,180,1,1.290939,450,300,rastrigin,9,0.000000,0.000000,0.000000,0.000000,242.633880
tournament 3,200,1,1.115658,450,300,rastrigin,9,0.000000,0.000000,0.000000,0.000000,234.725725
tournament 3,190,1,0.537845,450,300,rastrigin,9,0.000000,0.000000,0.000000,0.000000,240.501275
tournament 3,180,1,0.833262,450,300,rastrigin,9,0.000000,0.000000,0.000000,0.000000,246.124810
tournament 3,180,1,0.964176,450,300,rastrigin,9,0.000000,0.000000,0.000000,0.000000,244.516395
tournament 3,180,1,2.000000,450,300,rastrigin,9,0.000000,0.000000,0.000000,0.000000,247.211095
tournament 3,200,1,0.720123,450,300,rastrigin,9,0.000000,0.000000,0.000000,0.000000,238.467645
tournament 3,190,1,2.000000,450,300,rastrigin,9,0.000000,0.000000,0.000000,0.000000,243.596430
tournament 3,190,1,1.493759,450,300,rastrigin,9,0.000000,0.000000,0.000000,0.000000,245.220355
tournament 3,180,1,0.720123,450,300,rastrigin,9,0.000000,0.000000,0.000000,0.000000,249.053230
tournament 3,200,1,0.833262,450,300,rastrigin,9,0.000000,0.000000,0.000000,0.000000,243.678320
tournament 3,200,1,0.964176,450,300,rastrigin,9,0.000000,0.000000,0.000000,0.000000,245.160180
tournament 3,200,1,0.537845,450,300,rastrigin,9,0.000000,0.000000,0.000000,0.000000,247.476510
tournament 5,30,1,0.537845,450,300,rastrigin,9,0.000210,0.000897,0.000803,0.001911,117.100510
tournament 5,40,1,0.896332,450,300,rastrigin,9,0.000008,0.000032,0.000036,0.000125,82.551440
tournament 5,30,1,0.622346,450,300,rastrigin,9,0.000561,0.002122,0.002645,0.002157,110.747500
tournament 5,40,1,0.774630,450,300,rastrigin,9,0.000008,0.000038,0.000050,0.000079,105.181490
tournament 5,40,1,1.388651,450,300,rastrigin,9,0.000000,0.000000,0.000000,0.000000,86.453505
tournament 5,40,1,1.859271,450,300,rastrigin,9,0.000000,0.000007,0.000010,0.000009,74.489400
tournament 5,50,1,0.500000,450,300,rastrigin,9,0.000004,0.000013,0.000017,0.000015,73.489095
tournament 5,50,1,1.037155,450,300,rastrigin,9,0.000000,0.000000,0.000000,0.000000,66.499850
tournament 5,30,1,0.964176,450,300,rastrigin,9,0.000214,0.000396,0.000406,0.000817,71.791115
tournament 5,30,1,0.833262,450,300,rastrigin,9,0.000328,0.004147,0.004128,0.010705,105.502105
tournament 5,40,1,1.037155,450,300,rastrigin,9,0.000000,0.000000,0.000000,0.000000,102.821410
tournament 5,40,1,1.200103,450,300,rastrigin,9,0.000000,0.000000,0.000000,0.000000,103.660860
tournament 5,50,1,0.669452,450,300,rastrigin,9,0.000000,0.000003,0.000004,0.000006,85.411415
tournament 5,30,1,1.115658,450,300,rastrigin,9,0.000000,0.000007,0.000008,0.000006,105.026825
tournament 5,40,1,1.606822,450,300,rastrigin,9,0.000000,0.000000,0.000000,0.000002,92.697125
tournament 5,50,1,0.774630,450,300,rastrigin,9,0.000000,0.000006,0.000008,0.000012,85.679860
tournament 5,50,1,1.606822,450,300,rastrigin,9,0.000000,0.000000,0.000000,0.000000,66.999550
tournament 5,50,1,1.200103,450,300,rastrigin,9,0.000000,0.000000,0.000000,0.000000,75.933175
tournament 5,50,1,1.859271,450,300,rastrigin,9,0.000000,0.000000,0.000000,0.000000,64.384415
tournament 5,50,1,0.578555,450,300,rastrigin,9,0.000000,0.000003,0.000004,0.000004,96.404400
tournament 5,60,1,0.500000,450,300,rastrigin,9,0.000000,0.000003,0.000004,0.000007,66.829220
tournament 5,50,1,1.388651,450,300,rastrigin,9,0.000000,0.000000,0.000000,0.000000,84.701285
tournament 5,30,1,1.290939,450,300,rastrigin,9,0.000004,0.000015,0.000019,0.000020,104.930775
tournament 5,30,1,2.000000,450,300,rastrigin,9,0.001789,0.017812,0.022463,0.017838,93.312460
tournament 5,50,1,0.896332,450,300,rastrigin,9,0.000000,0.000004,0.000004,0.000012,101.294120
tournament 5,60,1,0.578555,450,300,rastrigin,9,0.000000,0.000000,0.000000,0.000003,82.980995
tournament 5,60,1,0.669452,450,300,rastrigin,9,0.000000,0.000000,0.000000,0.000003,64.250285
tournament 5,60,1,0.774630,450,300,rastrigin,9,0.000000,0.000000,0.000000,0.000002,75.926050
tournament 5,60,1,0.896332,450,300,rastrigin,9,0.000000,0.000000,0.000000,0.000002,72.030515
tournament 5,40,1,0.622346,450,300,rastrigin,9,0.000000,0.000030,0.000034,0.000045,92.314665
tournament 5,40,1,0.537845,450,300,rastrigin,9,0.000004,0.000021,0.000023,0.000034,91.038800
tournament 5,60,1,1.037155,450,300,rastrigin,9,0.000000,0.000000,0.000000,0.000000,76.815790
tournament 5,60,1,1.200103,450,300,rastrigin,9,0.000000,0.000000,0.000000,0.000000,83.923750
tournament 5,60,1,1.388651,450,300,rastrigin,9,0.000000,0.000000,0.000000,0.000000,83.697685
tournament 5,70,1,0.578555,450,300,rastrigin,9,0.000000,0.000000,0.000000,0.000001,81.487145
tournament 5,70,1,0.896332,450,300,rastrigin,9,0.000000,0.000000,0.000000,0.000002,83.751485
tournament 5,70,1,0.500000,450,300,rastrigin,9,0.000000,0.000000,0.000000,0.000002,110.030015
tournament 5,80,1,1.200103,450,300,rastrigin,9,0.000000,0.000000,0.000000,0.000000,87.290465
tournament 5,80,1,1.859271,450,300,rastrigin,9,0.000000,0.000000,0.000000,0.000000,88.641530
tournament 5,80,1,1.388651,450,300,rastrigin,9,0.000000,0.000000,0.000000,0.000000,99.938045
tournament 5,90,1,0.500000,450,300,rastrigin,9,0.000000,0.000000,0.000000,0.000000,92.645655
tournament 5,60,1,1.859271,450,300,rastrigin,9,0.000000,0.000000,0.000000,0.000000,129.543745
tournament 5,90,1,0.896332,450,300,rastrigin,9,0.000000,0.000000,0.000000,0.000000,93.421695
tournament 5,90,1,1.388651,450,300,rastrigin,9,0.000000,0.000000,0.000000,0.000000,89.207340
tournament 5,60,1,1.606822,450,300,rastrigin,9,0.000000,0.000000,0.000000,0.000000,157.684225
tournament 5,70,1,0.669452,450,300,rastrigin,9,0.000000,0.000000,0.000000,0.000000,177.770210
tournament 5,110,1,0.774630,450,300,rastrigin,9,0.000000,0.000000,0.000000,0.000000,109.643160
tournament 5,70,1,0.774630,450,300,rastrigin,9,0.000000,0.000000,0.000000,0.000000,186.267105
tournament 5,40,1,0.964176,450,300,rastrigin,9,0.000000,0.000004,0.000008,0.000006,111.679250
tournament 5,110,1,0.669452,450,300,rastrigin,9,0.000000,0.000000,0.000000,0.000000,114.171540
tournament 5,80,1,1.606822,450,300,rastrigin,9,0.000000,0.000000,0.000000,0.000000,175.418360
tournament 5,70,1,1.037155,450,300,rastrigin,9,0.000000,0.000000,0.000000,0.000000,195.637440
tournament 5,40,1,0.833262,450,300,rastrigin,9,0.000015,0.000049,0.000053,0.000111,123.228485
tournament 5,40,1,1.493759,450,300,rastrigin,9,0.000000,0.000000,0.000000,0.000002,123.365800
tournament 5,70,1,1.200103,450,300,rastrigin,9,0.000000,0.000000,0.000000,0.000000,196.713295
tournament 5,110,1,1.037155,450,300,rastrigin,9,0.000000,0.000000,0.000000,0.000000,118.320695
tournament 5,70,1,1.606822,450,300,rastrigin,9,0.000000,0.000000,0.000000,0.000000,199.487355
tournament 5,70,1,1.388651,450,300,rastrigin,9,0.000000,0.000000,0.000000,0.000000,203.114570
tournament 5,40,1,1.115658,450,300,rastrigin,9,0.000000,0.000000,0.000000,0.000000,121.618895
tournament 5,50,1,0.720123,450,300,rastrigin,9,0.000000,0.000001,0.000000,0.000005,121.409040
tournament 5,70,1,1.859271,450,300,rastrigin,9,0.000000,0.000000,0.000000,0.000000,204.583615
tournament 5,40,1,1.290939,450,300,rastrigin,9,0.000000,0.000000,0.000000,0.000000,123.175335
tournament 5,110,1,1.200103,450,300,rastrigin,9,0.000000,0.000000,0.000000,0.000000,122.506155
tournament 5,80,1,0.774630,450,300,rastrigin,9,0.000000,0.000000,0.000000,0.000000,207.813095
tournament 5,80,1,0.669452,450,300,rastrigin,9,0.000000,0.000000,0.000000,0.000000,210.962970
tournament 5,30,1,1.728444,450,300,rastrigin,9,0.000244,0.003306,0.003248,0.005246,212.177400
tournament 5,80,1,0.500000,450,300,rastrigin,9,0.000000,0.000000,0.000000,0.000001,215.478330
tournament 5,80,1,1.037155,450,300,rastrigin,9,0.000000,0.000000,0.000000,0.000000,214.505610
tournament 5,40,1,0.720123,450,300,rastrigin,9,0.000000,0.000036,0.000044,0.000051,213.657935
tournament 5,80,1,0.578555,450,300,rastrigin,9,0.000000,0.000000,0.000000,0.000000,216.625515
tournament 5,80,1,0.896332,450,300,rastrigin,9,0.000000,0.000000,0.000000,0.000000,216.000570
tournament 5,90,1,0.578555,450,300,rastrigin,9,0.000000,0.000000,0.000000,0.000000,215.703880
tournament 5,90,1,0.669452,450,300,rastrigin,9,0.000000,0.000000,0.000000,0.000000,221.403695
tournament 5,50,1,0.537845,450,300,rastrigin,9,0.000000,0.000003,0.000004,0.000005,177.392865
tournament 5,50,1,1.115658,450,300,rastrigin,9,0.000000,0.000000,0.000000,0.000000,175.713020
tournament 5,40,1,2.000000,450,300,rastrigin,9,0.000000,0.000011,0.000015,0.000009,183.213490
tournament 5,110,1,0.896332,450,300,rastrigin,9,0.000000,0.000000,0.000000,0.000000,176.477630
tournament 5,90,1,1.037155,450,300,rastrigin,9,0.000000,0.000000,0.000000,0.000000,229.523860
tournament 5,50,1,0.622346,450,300,rastrigin,9,0.000000,0.000002,0.000002,0.000006,135.828345
tournament 5,50,1,1.728444,450,300,rastrigin,9,0.000000,0.000000,0.000000,0.000000,145.655145
tournament 5,50,1,2.000000,450,300,rastrigin,9,0.000000,0.000000,0.000000,0.000002,140.597140
tournament 5,60,1,0.537845,450,300,rastrigin,9,0.000000,0.000000,0.000000,0.000002,138.078215
tournament 5,90,1,0.774630,450,300,rastrigin,9,0.000000,0.000000,0.000000,0.000000,238.367080
tournament 5,110,1,1.606822,450,300,rastrigin,9,0.000000,0.000000,0.000000,0.000000,129.462210
tournament 5,90,1,1.200103,450,300,rastrigin,9,0.000000,0.000000,0.000000,0.000000,233.447945
tournament 5,50,1,1.493759,450,300,rastrigin,9,0.000000,0.000000,0.000000,0.000000,138.610640
tournament 5,60,1,0.720123,450,300,rastrigin,9,0.000000,0.000000,0.000000,0.000002,113.755195
tournament 5,110,1,1.388651,450,300,rastrigin,9,0.000000,0.000000,0.000000,0.000000,136.578755
tournament 5,100,1,0.669452,450,300,rastrigin,9,0.000000,0.000000,0.000000,0.000000,225.934970
tournament 5,30,1,1.493759,450,300,rastrigin,9,0.000053,0.000142,0.000168,0.000180,239.057010
tournament 5,50,1,0.964176,450,300,rastrigin,9,0.000000,0.000000,0.000000,0.000000,142.605165
tournament 5,60,1,0.622346,450,300,rastrigin,9,0.000000,0.000000,0.000000,0.000002,141.059235
tournament 5,100,1,0.500000,450,300,rastrigin,9,0.000000,0.000000,0.000000,0.000001,234.965070
tournament 5,90,1,1.606822,450,300,rastrigin,9,0.000000,0.000000,0.000000,0.000000,239.868220
tournament 5,100,1,1.859271,450,300,rastrigin,9,0.000000,0.000000,0.000000,0.000000,220.236585
tournament 5,90,1,1.859271,450,300,rastrigin,9,0.000000,0.000000,0.000000,0.000000,243.597100
tournament 5,100,1,0.578555,450,300,rastrigin,9,0.000000,0.000000,0.000000,0.000000,241.050410
tournament 5,100,1,1.388651,450,300,rastrigin,9,0.000000,0.000000,0.000000,0.000000,231.596215
tournament 5,100,1,1.606822,450,300,rastrigin,9,0.000000,0.000000,0.000000,0.000000,230.278025
tournament 5,100,1,1.200103,450,300,rastrigin,9,0.000000,0.000000,0.000000,0.000000,233.480230
tournament 5,100,1,1.037155,450,300,rastrigin,9,0.000000,0.000000,0.000000,0.000000,235.078425
tournament 5,100,1,0.896332,450,300,rastrigin,9,0.000000,0.000000,0.000000,0.000000,237.381460
tournament 5,110,1,1.859271,450,300,rastrigin,9,0.000000,0.000000,0.000000,0.000000,124.898025
tournament 5,50,1,0.833262,450,300,rastrigin,9,0.000000,0.000003,0.000004,0.000005,179.018785
tournament 5,100,1,0.774630,450,300,rastrigin,9,0.000000,0.000000,0.000000,0.000000,240.127980
tournament 5,110,1,0.578555,450,300,rastrigin,9,0.000000,0.000000,0.000000,0.000000,231.767440
tournament 5,70,1,0.964176,450,300,rastrigin,9,0.000000,0.000000,0.000000,0.000000,87.623705
tournament 5,60,1,1.115658,450,300,rastrigin,9,0.000000,0.000000,0.000000,0.000000,129.337620
tournament 5,60,1,0.833262,450,300,rastrigin,9,0.000000,0.000001,0.000000,0.000003,132.609635
tournament 5,110,1,0.500000,450,300,rastrigin,9,0.000000,0.000000,0.000000,0.000000,235.240480
tournament 5,120,1,0.500000,450,300,rastrigin,9,0.000000,0.000000,0.000000,0.000002,133.136025
tournament 5,60,1,0.964176,450,300,rastrigin,9,0.000000,0.000000,0.000000,0.000000,133.606540
tournament 5,40,1,1.728444,450,300,rastrigin,9,0.000000,0.000002,0.000004,0.000004,206.929070
tournament 5,70,1,0.622346,450,300,rastrigin,9,0.000000,0.000000,0.000000,0.000001,97.033510
tournament 5,50,1,1.290939,450,300,rastrigin,9,0.000000,0.000000,0.000000,0.000000,186.826855
tournament 5,60,1,1.290939,450,300,rastrigin,9,0.000000,0.000000,0.000000,0.000000,126.343555
tournament 5,80,1,2.000000,450,300,rastrigin,9,0.000000,0.000000,0.000000,0.000000,87.820415
tournament 5,70,1,0.537845,450,300,rastrigin,9,0.000000,0.000000,0.000000,0.000000,104.810265
tournament 5,60,1,1.493759,450,300,rastrigin,9,0.000000,0.000000,0.000000,0.000000,118.173365
tournament 5,80,1,1.290939,450,300,rastrigin,9,0.000000,0.000000,0.000000,0.000000,111.010670
tournament 5,80,1,1.493759,450,300,rastrigin,9,0.000000,0.000000,0.000000,0.000000,92.352885
tournament 5,90,1,0.537845,450,300,rastrigin,9,0.000000,0.000000,0.000000,0.000000,94.566970
tournament 5,60,1,1.728444,450,300,rastrigin,9,0.000000,0.000000,0.000000,0.000000,65.267685
tournament 5,90,1,0.964176,450,300,rastrigin,9,0.000000,0.000000,0.000000,0.000000,75.816540
tournament 5,110,1,0.833262,450,300,rastrigin,9,0.000000,0.000000,0.000000,0.000000,66.311185
tournament 5,80,1,1.728444,450,300,rastrigin,9,0.000000,0.000000,0.000000,0.000000,62.720540
tournament 5,90,1,1.493759,450,300,rastrigin,9,0.000000,0.000000,0.000000,0.000000,83.159615
tournament 5,120,1,0.578555,450,300,rastrigin,9,0.000000,0.000000,0.000000,0.000000,82.825570
tournament 5,110,1,0.720123,450,300,rastrigin,9,0.000000,0.000000,0.000000,0.000000,84.014560
tournament 5,120,1,0.669452,450,300,rastrigin,9,0.000000,0.000000,0.000000,0.000000,84.502110
tournament 5,70,1,0.720123,450,300,rastrigin,9,0.000000,0.000000,0.000000,0.000000,97.891420
tournament 5,120,1,1.037155,450,300,rastrigin,9,0.000000,0.000000,0.000000,0.000000,74.659735
tournament 5,110,1,1.115658,450,300,rastrigin,9,0.000000,0.000000,0.000000,0.000000,81.798240
tournament 5,120,1,0.774630,450,300,rastrigin,9,0.000000,0.000000,0.000000,0.000000,84.912050
tournament 5,60,1,2.000000,450,300,rastrigin,9,0.000000,0.000000,0.000000,0.000000,124.467550
tournament 5,120,1,0.896332,450,300,rastrigin,9,0.000000,0.000000,0.000000,0.000000,83.811125
tournament 5,120,1,1.200103,450,300,rastrigin,9,0.000000,0.000000,0.000000,0.000000,80.811060
tournament 5,110,1,1.290939,450,300,rastrigin,9,0.000000,0.000000,0.000000,0.000000,78.849710
tournament 5,70,1,1.115658,450,300,rastrigin,9,0.000000,0.000000,0.000000,0.000000,101.595655
tournament 5,70,1,0.833262,450,300,rastrigin,9,0.000000,0.000000,0.000000,0.000000,148.905795
tournament 5,130,1,0.669452,450,300,rastrigin,9,0.000000,0.000000,0.000000,0.000000,100.911340
tournament 5,110,1,1.728444,450,300,rastrigin,9,0.000000,0.000000,0.000000,0.000000,115.240140
tournament 5,70,1,1.290939,450,300,rastrigin,9,0.000000,0.000000,0.000000,0.000000,181.038740
tournament 5,130,1,1.200103,450,300,rastrigin,9,0.000000,0.000000,0.000000,0.000000,122.818670
tournament 5,70,1,1.728444,450,300,rastrigin,9,0.000000,0.000000,0.000000,0.000000,184.579135
tournament 5,90,1,0.720123,450,300,rastrigin,9,0.000000,0.000000,0.000000,0.000000,153.970600
tournament 5,110,1,1.493759,450,300,rastrigin,9,0.000000,0.000000,0.000000,0.000000,128.865950
tournament 5,90,1,0.622346,450,300,rastrigin,9,0.000000,0.000000,0.000000,0.000000,158.449265
tournament 5,70,1,1.493759,450,300,rastrigin,9,0.000000,0.000000,0.000000,0.000000,199.103110
tournament 5,140,1,0.500000,450,300,rastrigin,9,0.000000,0.000000,0.000000,0.000000,132.123985
tournament 5,130,1,1.859271,450,300,rastrigin,9,0.000000,0.000000,0.000000,0.000000,134.305860
tournament 5,70,1,2.000000,450,300,rastrigin,9,0.000000,0.000000,0.000000,0.000000,205.245325
tournament 5,90,1,1.115658,450,300,rastrigin,9,0.000000,0.000000,0.000000,0.000000,172.058585
tournament 5,120,1,1.388651,450,300,rastrigin,9,0.000000,0.000000,0.000000,0.000000,208.611620
tournament 5,80,1,0.833262,450,300,rastrigin,9,0.000000,0.000000,0.000000,0.000000,220.269170
tournament 5,80,1,0.720123,450,300,rastrigin,9,0.000000,0.000000,0.000000,0.000000,219.282520
tournament 5,80,1,0.537845,450,300,rastrigin,9,0.000000,0.000000,0.000000,0.000000,224.476515
tournament 5,120,1,1.606822,450,300,rastrigin,9,0.000000,0.000000,0.000000,0.000000,220.723255
tournament 5,80,1,1.115658,450,300,rastrigin,9,0.000000,0.000000,0.000000,0.000000,223.374385
tournament 5,80,1,0.964176,450,300,rastrigin,9,0.000000,0.000000,0.000000,0.000000,220.331375
tournament 5,80,1,0.622346,450,300,rastrigin,9,0.000000,0.000000,0.000000,0.000000,225.640640
tournament 5,110,1,0.964176,450,300,rastrigin,9,0.000000,0.000000,0.000000,0.000000,216.114590
tournament 5,120,1,1.859271,450,300,rastrigin,9,0.000000,0.000000,0.000000,0.000000,221.520285
tournament 5,130,1,0.896332,450,300,rastrigin,9,0.000000,0.000000,0.000000,0.000000,214.528265
tournament 5,130,1,0.500000,450,300,rastrigin,9,0.000000,0.000000,0.000000,0.000000,224.023475
tournament 5,130,1,0.578555,450,300,rastrigin,9,0.000000,0.000000,0.000000,0.000000,222.375625
tournament 5,130,1,1.037155,450,300,rastrigin,9,0.000000,0.000000,0.000000,0.000000,214.248425
tournament 5,140,1,0.896332,450,300,rastrigin,9,0.000000,0.000000,0.000000,0.000000,173.782175
tournament 5,130,1,1.388651,450,300,rastrigin,9,0.000000,0.000000,0.000000,0.000000,205.082570
tournament 5,90,1,1.290939,450,300,rastrigin,9,0.000000,0.000000,0.000000,0.000000,209.243405
tournament 5,130,1,0.774630,450,300,rastrigin,9,0.000000,0.000000,0.000000,0.000000,220.336245
tournament 5,140,1,0.774630,450,300,rastrigin,9,0.000000,0.000000,0.000000,0.000000,176.253630
tournament 5,90,1,0.833262,450,300,rastrigin,9,0.000000,0.000000,0.000000,0.000000,215.309695
tournament 5,140,1,0.669452,450,300,rastrigin,9,0.000000,0.000000,0.000000,0.000000,177.003685
tournament 5,110,1,2.000000,450,300,rastrigin,9,0.000000,0.000000,0.000000,0.000000,182.051955
tournament 5,140,1,1.037155,450,300,rastrigin,9,0.000000,0.000000,0.000000,0.000000,178.873005
tournament 5,120,1,0.537845,450,300,rastrigin,9,0.000000,0.000000,0.000000,0.000000,181.280965
tournament 5,100,1,0.622346,450,300,rastrigin,9,0.000000,0.000000,0.000000,0.000001,200.514920
tournament 5,150,1,0.578555,450,300,rastrigin,9,0.000000,0.000000,0.000000,0.000000,177.862465
tournament 5,150,1,1.200103,450,300,rastrigin,9,0.000000,0.000000,0.000000,0.000000,139.328950
tournament 5,140,1,1.388651,450,300,rastrigin,9,0.000000,0.000000,0.000000,0.000000,189.589225
tournament 5,100,1,0.720123,450,300,rastrigin,9,0.000000,0.000000,0.000000,0.000000,226.793075
tournament 5,150,1,0.669452,450,300,rastrigin,9,0.000000,0.000000,0.000000,0.000000,182.322755
tournament 5,110,1,0.622346,450,300,rastrigin,9,0.000000,0.000000,0.000000,0.000000,200.932030
tournament 5,130,1,1.606822,450,300,rastrigin,9,0.000000,0.000000,0.000000,0.000000,226.903170
tournament 5,140,1,1.859271,450,300,rastrigin,9,0.000000,0.000000,0.000000,0.000000,187.932610
tournament 5,100,1,1.728444,450,300,rastrigin,9,0.000000,0.000000,0.000000,0.000000,212.995670
tournament 5,160,1,0.669452,450,300,rastrigin,9,0.000000,0.000000,0.000000,0.000000,104.636315
tournament 5,150,1,0.774630,450,300,rastrigin,9,0.000000,0.000000,0.000000,0.000000,193.743330
tournament 5,150,1,0.500000,450,300,rastrigin,9,0.000000,0.000000,0.000000,0.000000,194.586720
tournament 5,100,1,0.964176,450,300,rastrigin,9,0.000000,0.000000,0.000000,0.000000,216.420910
tournament 5,150,1,1.606822,450,300,rastrigin,9,0.000000,0.000000,0.000000,0.000000,155.130660
tournament 5,100,1,0.537845,450,300,rastrigin,9,0.000000,0.000000,0.000000,0.000000,231.511440
tournament 5,150,1,0.896332,450,300,rastrigin,9,0.000000,0.000000,0.000000,0.000000,187.007345
tournament 5,100,1,1.493759,450,300,rastrigin,9,0.000000,0.000000,0.000000,0.000000,225.143400
tournament 5,90,1,1.728444,450,300,rastrigin,9,0.000000,0.000000,0.000000,0.000000,232.042530
tournament 5,100,1,1.115658,450,300,rastrigin,9,0.000000,0.000000,0.000000,0.000000,225.047660
tournament 5,100,1,2.000000,450,300,rastrigin,9,0.000000,0.000000,0.000000,0.000000,232.930705
tournament 5,150,1,1.037155,450,300,rastrigin,9,0.000000,0.000000,0.000000,0.000000,178.087670
tournament 5,100,1,0.833262,450,300,rastrigin,9,0.000000,0.000000,0.000000,0.000000,222.839925
tournament 5,90,1,2.000000,450,300,rastrigin,9,0.000000,0.000000,0.000000,0.000000,233.259975
tournament 5,160,1,1.200103,450,300,rastrigin,9,0.000000,0.000000,0.000000,0.000000,69.703165
tournament 5,100,1,1.290939,450,300,rastrigin,9,0.000000,0.000000,0.000000,0.000000,232.541505
tournament 5,110,1,0.537845,450,300,rastrigin,9,0.000000,0.000000,0.000000,0.000000,226.544355
tournament 5,140,1,1.200103,450,300,rastrigin,9,0.000000,0.000000,0.000000,0.000000,221.297420
tournament 5,140,1,0.578555,450,300,rastrigin,9,0.000000,0.000000,0.000000,0.000000,230.424770
tournament 5,150,1,1.388651,450,300,rastrigin,9,0.000000,0.000000,0.000000,0.000000,170.049500
tournament 5,140,1,1.606822,450,300,rastrigin,9,0.000000,0.000000,0.000000,0.000000,218.658430
tournament 5,160,1,1.388651,450,300,rastrigin,9,0.000000,0.000000,0.000000,0.000000,63.277405
tournament 5,160,1,0.578555,450,300,rastrigin,9,0.000000,0.000000,0.000000,0.000000,137.602345
tournament 5,150,1,1.859271,450,300,rastrigin,9,0.000000,0.000000,0.000000,0.000000,172.997905
tournament 5,160,1,0.500000,450,300,rastrigin,9,0.000000,0.000000,0.000000,0.000000,164.485130
tournament 5,120,1,0.622346,450,300,rastrigin,9,0.000000,0.000000,0.000000,0.000000,156.879380
tournament 5,120,1,1.115658,450,300,rastrigin,9,0.000000,0.000000,0.000000,0.000000,137.901420
tournament 5,120,1,0.720123,450,300,rastrigin,9,0.000000,0.000000,0.000000,0.000000,149.849775
tournament 5,120,1,0.833262,450,300,rastrigin,9,0.000000,0.000000,0.000000,0.000000,139.435145
tournament 5,160,1,0.896332,450,300,rastrigin,9,0.000000,0.000000,0.000000,0.000000,139.664500
tournament 5,120,1,0.964176,450,300,rastrigin,9,0.000000,0.000000,0.000000,0.000000,131.786335
tournament 5,120,1,1.290939,450,300,rastrigin,9,0.000000,0.000000,0.000000,0.000000,125.970990
tournament 5,160,1,1.037155,450,300,rastrigin,9,0.000000,0.000000,0.000000,0.000000,118.433350
tournament 5,160,1,0.774630,450,300,rastrigin,9,0.000000,0.000000,0.000000,0.000000,157.756390
tournament 5,160,1,1.606822,450,300,rastrigin,9,0.000000,0.000000,0.000000,0.000000,79.165660
tournament 5,130,1,0.720123,450,300,rastrigin,9,0.000000,0.000000,0.000000,0.000000,101.504920
tournament 5,170,1,0.537845,450,300,rastrigin,9,0.000000,0.000000,0.000000,0.000000,73.612335
tournament 5,170,1,0.622346,450,300,rastrigin,9,0.000000,0.000000,0.000000,0.000000,75.858700
tournament 5,130,1,1.290939,450,300,rastrigin,9,0.000000,0.000000,0.000000,0.000000,92.971670
tournament 5,170,1,0.774630,450,300,rastrigin,9,0.000000,0.000000,0.000000,0.000000,78.035755
tournament 5,170,1,0.578555,450,300,rastrigin,9,0.000000,0.000000,0.000000,0.000000,94.797905
tournament 5,170,1,1.388651,450,300,rastrigin,9,0.000000,0.000000,0.000000,0.000000,80.489090
tournament 5,140,1,0.537845,450,300,rastrigin,9,0.000000,0.000000,0.000000,0.000000,99.509365
tournament 5,170,1,1.493759,450,300,rastrigin,9,0.000000,0.000000,0.000000,0.000000,80.055140
tournament 5,130,1,2.000000,450,300,rastrigin,9,0.000000,0.000000,0.000000,0.000000,100.527395
tournament 5,170,1,1.859271,450,300,rastrigin,9,0.000000,0.000000,0.000000,0.000000,80.104645
tournament 5,170,1,2.000000,450,300,rastrigin,9,0.000000,0.000000,0.000000,0.000000,76.849180
tournament 5,140,1,0.964176,450,300,rastrigin,9,0.000000,0.000000,0.000000,0.000000,106.317720
tournament 5,180,1,0.500000,450,300,rastrigin,9,0.000000,0.000000,0.000000,0.000000,78.575655
tournament 5,140,1,0.833262,450,300,rastrigin,9,0.000000,0.000000,0.000000,0.000000,109.576890
tournament 5,140,1,1.115658,450,300,rastrigin,9,0.000000,0.000000,0.000000,0.000000,108.373930
tournament 5,130,1,1.728444,450,300,rastrigin,9,0.000000,0.000000,0.000000,0.000000,77.219200
tournament 5,140,1,0.720123,450,300,rastrigin,9,0.000000,0.000000,0.000000,0.000000,112.048625
tournament 5,170,1,1.606822,450,300,rastrigin,9,0.000000,0.000000,0.000000,0.000000,112.537550
tournament 5,170,1,1.728444,450,300,rastrigin,9,0.000000,0.000000,0.000000,0.000000,110.722935
tournament 5,150,1,0.622346,450,300,rastrigin,9,0.000000,0.000000,0.000000,0.000000,108.468615
tournament 5,160,1,1.859271,450,300,rastrigin,9,0.000000,0.000000,0.000000,0.000000,158.572925
tournament 5,140,1,1.493759,450,300,rastrigin,9,0.000000,0.000000,0.000000,0.000000,106.254425
tournament 5,150,1,0.720123,450,300,rastrigin,9,0.000000,0.000000,0.000000,0.000000,103.102785
tournament 5,180,1,0.537845,450,300,rastrigin,9,0.000000,0.000000,0.000000,0.000000,81.759445
tournament 5,140,1,2.000000,450,300,rastrigin,9,0.000000,0.000000,0.000000,0.000000,110.910610
tournament 5,170,1,0.500000,450,300,rastrigin,9,0.000000,0.000000,0.000000,0.000000,189.887780
tournament 5,150,1,0.833262,450,300,rastrigin,9,0.000000,0.000000,0.000000,0.000000,115.410340
tournament 5,180,1,0.578555,450,300,rastrigin,9,0.000000,0.000000,0.000000,0.000000,103.759330
tournament 5,150,1,0.537845,450,300,rastrigin,9,0.000000,0.000000,0.000000,0.000000,118.130755
tournament 5,170,1,0.669452,450,300,rastrigin,9,0.000000,0.000000,0.000000,0.000000,219.537315
tournament 5,150,1,1.728444,450,300,rastrigin,9,0.000000,0.000000,0.000000,0.000000,122.597390
tournament 5,180,1,0.622346,450,300,rastrigin,9,0.000000,0.000000,0.000000,0.000000,123.213940
tournament 5,170,1,0.720123,450,300,rastrigin,9,0.000000,0.000000,0.000000,0.000000,233.102275
tournament 5,150,1,0.964176,450,300,rastrigin,9,0.000000,0.000000,0.000000,0.000000,128.767345
tournament 5,130,1,0.622346,450,300,rastrigin,9,0.000000,0.000000,0.000000,0.000000,232.542440
tournament 5,170,1,0.833262,450,300,rastrigin,9,0.000000,0.000000,0.000000,0.000000,240.121845
tournament 5,120,1,1.493759,450,300,rastrigin,9,0.000000,0.000000,0.000000,0.000000,242.034080
tournament 5,180,1,0.669452,450,300,rastrigin,9,0.000000,0.000000,0.000000,0.000000,138.950725
tournament 5,130,1,1.115658,450,300,rastrigin,9,0.000000,0.000000,0.000000,0.000000,236.778325
tournament 5,170,1,1.115658,450,300,rastrigin,9,0.000000,0.000000,0.000000,0.000000,238.808105
tournament 5,170,1,1.037155,450,300,rastrigin,9,0.000000,0.000000,0.000000,0.000000,242.032130
tournament 5,130,1,0.833262,450,300,rastrigin,9,0.000000,0.000000,0.000000,0.000000,237.341615
tournament 5,170,1,0.896332,450,300,rastrigin,9,0.000000,0.000000,0.000000,0.000000,246.431800
tournament 5,170,1,1.200103,450,300,rastrigin,9,0.000000,0.000000,0.000000,0.000000,241.977755
tournament 5,120,1,1.728444,450,300,rastrigin,9,0.000000,0.000000,0.000000,0.000000,244.456325
tournament 5,130,1,0.964176,450,300,rastrigin,9,0.000000,0.000000,0.000000,0.000000,241.850400
tournament 5,150,1,1.115658,450,300,rastrigin,9,0.000000,0.000000,0.000000,0.000000,128.942145
tournament 5,170,1,1.290939,450,300,rastrigin,9,0.000000,0.000000,0.000000,0.000000,243.423370
tournament 5,120,1,2.000000,450,300,rastrigin,9,0.000000,0.000000,0.000000,0.000000,243.292920
tournament 5,130,1,1.493759,450,300,rastrigin,9,0.000000,0.000000,0.000000,0.000000,244.300760
tournament 5,170,1,0.964176,450,300,rastrigin,9,0.000000,0.000000,0.000000,0.000000,250.227550
tournament 5,130,1,0.537845,450,300,rastrigin,9,0.000000,0.000000,0.000000,0.000000,246.156145
tournament 5,180,1,0.720123,450,300,rastrigin,9,0.000000,0.000000,0.000000,0.000000,143.579920
tournament 5,150,1,1.290939,450,300,rastrigin,9,0.000000,0.000000,0.000000,0.000000,230.047610
tournament 5,160,1,0.720123,450,300,rastrigin,9,0.000000,0.000000,0.000000,0.000000,203.258875
tournament 5,180,1,0.774630,450,300,rastrigin,9,0.000000,0.000000,0.000000,0.000000,151.989440
tournament 5,140,1,1.728444,450,300,rastrigin,9,0.000000,0.000000,0.000000,0.000000,135.868195
tournament 5,150,1,1.493759,450,300,rastrigin,9,0.000000,0.000000,0.000000,0.000000,137.122325
tournament 5,180,1,1.115658,450,300,rastrigin,9,0.000000,0.000000,0.000000,0.000000,139.309435
tournament 5,180,1,0.833262,450,300,rastrigin,9,0.000000,0.000000,0.000000,0.000000,152.963115
tournament 5,180,1,0.896332,450,300,rastrigin,9,0.000000,0.000000,0.000000,0.000000,149.067210
tournament 5,180,1,1.200103,450,300,rastrigin,9,0.000000,0.000000,0.000000,0.000000,139.126935
tournament 5,140,1,1.290939,450,300,rastrigin,9,0.000000,0.000000,0.000000,0.000000,146.896225
tournament 5,160,1,1.290939,450,300,rastrigin,9,0.000000,0.000000,0.000000,0.000000,149.976190
tournament 5,180,1,1.037155,450,300,rastrigin,9,0.000000,0.000000,0.000000,0.000000,149.390040
tournament 5,180,1,0.964176,450,300,rastrigin,9,0.000000,0.000000,0.000000,0.000000,152.608000
tournament 5,160,1,0.622346,450,300,rastrigin,9,0.000000,0.000000,0.000000,0.000000,145.191815
tournament 5,160,1,1.493759,450,300,rastrigin,9,0.000000,0.000000,0.000000,0.000000,146.415340
tournament 5,150,1,2.000000,450,300,rastrigin,9,0.000000,0.000000,0.000000,0.000000,143.853425
tournament 5,140,1,0.622346,450,300,rastrigin,9,0.000000,0.000000,0.000000,0.000000,149.982530
tournament 5,160,1,0.537845,450,300,rastrigin,9,0.000000,0.000000,0.000000,0.000000,145.109315
tournament 5,180,1,1.859271,450,300,rastrigin,9,0.000000,0.000000,0.000000,0.000000,138.508250
tournament 5,180,1,1.290939,450,300,rastrigin,9,0.000000,0.000000,0.000000,0.000000,144.622180
tournament 5,180,1,1.388651,450,300,rastrigin,9,0.000000,0.000000,0.000000,0.000000,142.316550
tournament 5,180,1,1.606822,450,300,rastrigin,9,0.000000,0.000000,0.000000,0.000000,140.040100
tournament 5,160,1,1.728444,450,300,rastrigin,9,0.000000,0.000000,0.000000,0.000000,140.671865
tournament 5,160,1,0.964176,450,300,rastrigin,9,0.000000,0.000000,0.000000,0.000000,141.661050
tournament 5,180,1,1.493759,450,300,rastrigin,9,0.000000,0.000000,0.000000,0.000000,143.413245
tournament 5,180,1,1.728444,450,300,rastrigin,9,0.000000,0.000000,0.000000,0.000000,142.878725
tournament 5,180,1,2.000000,450,300,rastrigin,9,0.000000,0.000000,0.000000,0.000000,131.090500
tournament 5,160,1,1.115658,450,300,rastrigin,9,0.000000,0.000000,0.000000,0.000000,144.304550
tournament 5,160,1,0.833262,450,300,rastrigin,9,0.000000,0.000000,0.000000,0.000000,147.036320
tournament 5,190,1,0.500000,450,300,rastrigin,9,0.000000,0.000000,0.000000,0.000000,119.540215
tournament 5,190,1,0.622346,450,300,rastrigin,9,0.000000,0.000000,0.000000,0.000000,83.316615
tournament 5,190,1,0.537845,450,300,rastrigin,9,0.000000,0.000000,0.000000,0.000000,124.092565
tournament 5,190,1,0.578555,450,300,rastrigin,9,0.000000,0.000000,0.000000,0.000000,112.531275
tournament 5,190,1,0.669452,450,300,rastrigin,9,0.000000,0.000000,0.000000,0.000000,95.786005
tournament 5,190,1,0.833262,450,300,rastrigin,9,0.000000,0.000000,0.000000,0.000000,72.182725
tournament 5,190,1,0.774630,450,300,rastrigin,9,0.000000,0.000000,0.000000,0.000000,83.456185
tournament 5,190,1,0.720123,450,300,rastrigin,9,0.000000,0.000000,0.000000,0.000000,101.288930
tournament 5,190,1,0.896332,450,300,rastrigin,9,0.000000,0.000000,0.000000,0.000000,77.467710
tournament 5,190,1,0.964176,450,300,rastrigin,9,0.000000,0.000000,0.000000,0.000000,76.431595
tournament 5,190,1,1.115658,450,300,rastrigin,9,0.000000,0.000000,0.000000,0.000000,76.344610
tournament 5,190,1,1.388651,450,300,rastrigin,9,0.000000,0.000000,0.000000,0.000000,75.751755
tournament 5,190,1,1.200103,450,300,rastrigin,9,0.000000,0.000000,0.000000,0.000000,83.200835
tournament 5,200,1,0.537845,450,300,rastrigin,9,0.000000,0.000000,0.000000,0.000000,74.736810
tournament 5,190,1,1.037155,450,300,rastrigin,9,0.000000,0.000000,0.000000,0.000000,88.005665
tournament 5,190,1,1.290939,450,300,rastrigin,9,0.000000,0.000000,0.000000,0.000000,88.296440
tournament 5,190,1,1.493759,450,300,rastrigin,9,0.000000,0.000000,0.000000,0.000000,88.431905
tournament 5,190,1,1.859271,450,300,rastrigin,9,0.000000,0.000000,0.000000,0.000000,88.069560
tournament 5,200,1,0.720123,450,300,rastrigin,9,0.000000,0.000000,0.000000,0.000000,74.094020
tournament 5,160,1,2.000000,450,300,rastrigin,9,0.000000,0.000000,0.000000,0.000000,87.842660
tournament 5,190,1,1.606822,450,300,rastrigin,9,0.000000,0.000000,0.000000,0.000000,90.308890
tournament 5,190,1,1.728444,450,300,rastrigin,9,0.000000,0.000000,0.000000,0.000000,92.414710
tournament 5,190,1,2.000000,450,300,rastrigin,9,0.000000,0.000000,0.000000,0.000000,90.087430
tournament 5,200,1,0.578555,450,300,rastrigin,9,0.000000,0.000000,0.000000,0.000000,83.784840
tournament 5,200,1,0.500000,450,300,rastrigin,9,0.000000,0.000000,0.000000,0.000000,89.156430
tournament 5,200,1,0.964176,450,300,rastrigin,9,0.000000,0.000000,0.000000,0.000000,69.450565
tournament 5,200,1,0.669452,450,300,rastrigin,9,0.000000,0.000000,0.000000,0.000000,87.112735
tournament 5,200,1,0.622346,450,300,rastrigin,9,0.000000,0.000000,0.000000,0.000000,88.170580
tournament 5,200,1,0.774630,450,300,rastrigin,9,0.000000,0.000000,0.000000,0.000000,85.500910
tournament 5,200,1,0.896332,450,300,rastrigin,9,0.000000,0.000000,0.000000,0.000000,83.723260
tournament 5,200,1,0.833262,450,300,rastrigin,9,0.000000,0.000000,0.000000,0.000000,89.482405
tournament 5,200,1,1.115658,450,300,rastrigin,9,0.000000,0.000000,0.000000,0.000000,79.097900
tournament 5,200,1,1.493759,450,300,rastrigin,9,0.000000,0.000000,0.000000,0.000000,64.082795
tournament 5,200,1,1.037155,450,300,rastrigin,9,0.000000,0.000000,0.000000,0.000000,84.996495
tournament 5,200,1,1.200103,450,300,rastrigin,9,0.000000,0.000000,0.000000,0.000000,84.475380
tournament 5,200,1,1.606822,450,300,rastrigin,9,0.000000,0.000000,0.000000,0.000000,70.449545
tournament 5,200,1,1.290939,450,300,rastrigin,9,0.000000,0.000000,0.000000,0.000000,82.718665
tournament 5,200,1,1.388651,450,300,rastrigin,9,0.000000,0.000000,0.000000,0.000000,79.739150
tournament 5,200,1,1.728444,450,300,rastrigin,9,0.000000,0.000000,0.000000,0.000000,74.657125
tournament 5,200,1,1.859271,450,300,rastrigin,9,0.000000,0.000000,0.000000,0.000000,71.323370
tournament 5,200,1,2.000000,450,300,rastrigin,9,0.000000,0.000000,0.000000,0.000000,69.360325
