selection,limit,mutation_dims,population_size,num_iterations,objective,dimensionality,best_value,average_value_top_80,median_value,stddev_value,average_time_ms
roulette wheel,15,1,100,50,rosenbrock,3,0.685568,3.036308,2.756468,4.165254,0.606045
roulette wheel,10,2,100,50,rosenbrock,3,0.299847,1.838398,2.087538,3.212865,0.636915
roulette wheel,5,2,100,50,rosenbrock,3,0.020737,1.804137,2.159566,1.757650,0.677715
roulette wheel,10,3,100,50,rosenbrock,3,0.407921,2.668676,3.794259,2.500125,0.669560
roulette wheel,5,1,100,50,rosenbrock,3,0.226961,1.039912,1.234935,1.705356,0.730320
roulette wheel,5,3,100,50,rosenbrock,3,0.014665,1.717372,1.584602,2.592105,0.731000
roulette wheel,20,1,100,50,rosenbrock,3,0.055026,2.683712,3.100344,2.791220,0.715985
roulette wheel,10,1,100,50,rosenbrock,3,0.192341,1.385473,1.567820,1.127341,0.783845
roulette wheel,25,1,100,50,rosenbrock,3,0.150410,2.598828,2.883859,8.331340,0.623360
roulette wheel,15,3,100,50,rosenbrock,3,0.289749,2.382039,2.695417,15.512374,0.763470
roulette wheel,15,2,100,50,rosenbrock,3,0.257016,3.356807,3.366318,8.971684,0.809915
roulette wheel,20,2,100,50,rosenbrock,3,0.154517,2.931492,3.485322,4.569538,0.728410
roulette wheel,20,3,100,50,rosenbrock,3,0.230751,2.805605,2.877061,6.488067,0.806075
roulette wheel,25,2,100,50,rosenbrock,3,0.169458,2.974054,3.079331,7.086512,0.753465
roulette wheel,25,3,100,50,rosenbrock,3,0.358899,2.814299,2.987588,6.558627,0.765840
roulette wheel,30,1,100,50,rosenbrock,3,0.288439,3.781272,2.892831,14.152045,0.717180
roulette wheel,30,2,100,50,rosenbrock,3,0.369274,5.994355,6.914488,8.195822,0.731290
roulette wheel,35,1,100,50,rosenbrock,3,0.774123,5.170133,4.579539,12.468671,0.623045
roulette wheel,30,3,100,50,rosenbrock,3,0.521755,2.895029,2.953518,8.731885,0.677880
roulette wheel,35,2,100,50,rosenbrock,3,0.198072,3.593396,3.534495,9.578739,0.689240
roulette wheel,40,2,100,50,rosenbrock,3,0.206861,4.921656,5.942031,13.629050,0.663910
roulette wheel,35,3,100,50,rosenbrock,3,0.102614,3.456265,4.144723,7.363919,0.692760
roulette wheel,40,1,100,50,rosenbrock,3,0.344796,5.988539,5.605131,17.750418,0.716775
roulette wheel,100,3,100,50,rosenbrock,3,0.095479,5.650294,5.400728,17.595776,0.670600
roulette wheel,45,1,100,50,rosenbrock,3,0.368346,3.777537,5.295758,7.602414,0.694690
roulette wheel,50,2,100,50,rosenbrock,3,0.209952,7.083307,7.034391,11.308541,0.730340
roulette wheel,50,1,100,50,rosenbrock,3,0.109737,6.415893,6.818875,21.091288,0.741860
roulette wheel,45,3,100,50,rosenbrock,3,0.554974,4.090547,4.747735,8.155135,0.777240
roulette wheel,50,3,100,50,rosenbrock,3,0.191794,4.644094,4.894243,11.214252,0.778110
roulette wheel,110,2,100,50,rosenbrock,3,0.316515,5.609759,8.252968,16.579842,0.730680
roulette wheel,115,1,100,50,rosenbrock,3,0.340784,6.785917,8.599021,26.533903,0.684735
roulette wheel,45,2,100,50,rosenbrock,3,0.362811,6.251494,7.549076,12.073854,0.844890
roulette wheel,60,2,100,50,rosenbrock,3,0.966842,6.016272,7.165779,8.673841,0.655300
roulette wheel,55,2,100,50,rosenbrock,3,0.012435,6.376936,6.820986,37.792610,0.771260
roulette wheel,115,2,100,50,rosenbrock,3,0.141226,3.251875,3.464368,21.789246,0.724875
roulette wheel,65,1,100,50,rosenbrock,3,0.428513,3.515598,4.277314,14.768119,0.615330
roulette wheel,120,2,100,50,rosenbrock,3,0.187023,6.543867,8.808383,20.972794,0.625360
roulette wheel,60,3,100,50,rosenbrock,3,0.159680,4.326521,4.637838,14.999997,0.770035
roulette wheel,65,3,100,50,rosenbrock,3,0.464048,8.476170,7.412765,24.221441,0.741740
roulette wheel,70,2,100,50,rosenbrock,3,0.661003,4.578677,4.773397,45.991150,0.639935
roulette wheel,125,1,100,50,rosenbrock,3,0.132278,4.413001,3.816668,13.245954,0.678515
roulette wheel,70,3,100,50,rosenbrock,3,0.228477,5.884814,4.302903,11.754924,0.668075
roulette wheel,130,1,100,50,rosenbrock,3,0.040387,4.829502,3.072910,10.300012,0.735955
roulette wheel,75,2,100,50,rosenbrock,3,0.014527,3.963952,5.212959,18.279913,0.743710
roulette wheel,140,1,100,50,rosenbrock,3,0.106080,5.334542,6.393455,23.211184,0.710015
roulette wheel,135,2,100,50,rosenbrock,3,1.316553,12.723820,11.277404,20.086193,0.779885
roulette wheel,85,1,100,50,rosenbrock,3,0.103156,5.515051,6.184479,19.775784,0.729215
roulette wheel,75,3,100,50,rosenbrock,3,0.348294,6.322753,7.367655,12.774524,0.817700
roulette wheel,80,2,100,50,rosenbrock,3,0.221323,5.334570,5.611576,19.502239,0.790355
roulette wheel,85,3,100,50,rosenbrock,3,0.114340,9.005661,8.025431,20.140808,0.745860
roulette wheel,145,2,100,50,rosenbrock,3,0.117019,2.532748,2.847007,15.939226,0.712390
roulette wheel,150,2,100,50,rosenbrock,3,0.086344,6.786444,4.646117,24.448896,0.708735
roulette wheel,140,3,100,50,rosenbrock,3,0.063585,5.067087,3.292878,25.734753,0.835140
roulette wheel,90,3,100,50,rosenbrock,3,0.107744,3.970529,3.560076,11.233634,0.768035
roulette wheel,95,2,100,50,rosenbrock,3,0.292201,5.802629,4.738947,17.525152,0.749520
roulette wheel,90,2,100,50,rosenbrock,3,0.374914,3.729260,3.980659,4.550560,0.830260
roulette wheel,100,1,100,50,rosenbrock,3,0.425169,9.152458,6.949976,25.738708,0.667500
roulette wheel,150,3,100,50,rosenbrock,3,1.195001,5.347628,6.082946,20.552547,0.780480
roulette wheel,155,1,100,50,rosenbrock,3,0.111102,10.964278,7.796971,29.981905,0.719040
roulette wheel,160,1,100,50,rosenbrock,3,0.755331,10.453740,10.438547,24.468075,0.691125
roulette wheel,105,1,100,50,rosenbrock,3,0.811486,11.923415,13.168039,26.867897,0.776510
roulette wheel,40,3,100,50,rosenbrock,3,0.976496,3.705255,3.383440,6.185677,0.863250
roulette wheel,165,1,100,50,rosenbrock,3,0.058026,6.783913,6.081499,12.622910,0.681505
roulette wheel,160,3,100,50,rosenbrock,3,0.246732,9.588388,8.220130,26.901003,0.810295
roulette wheel,170,2,100,50,rosenbrock,3,0.911200,4.655139,4.595400,8.641109,0.661010
roulette wheel,55,1,100,50,rosenbrock,3,0.180915,5.948868,6.137818,11.816776,0.704415
roulette wheel,60,1,100,50,rosenbrock,3,0.291318,5.553154,6.091935,15.874066,0.692765
roulette wheel,120,3,100,50,rosenbrock,3,0.233744,4.580573,3.459199,12.667890,0.663745
roulette wheel,175,3,100,50,rosenbrock,3,0.380538,13.321579,13.247534,41.920330,0.684790
roulette wheel,125,2,100,50,rosenbrock,3,0.393437,10.901072,13.947952,16.944593,0.640540
roulette wheel,55,3,100,50,rosenbrock,3,0.377197,7.063807,7.387671,12.801857,0.799490
roulette wheel,180,2,100,50,rosenbrock,3,0.099252,8.645886,6.097867,18.904112,0.721400
roulette wheel,75,1,100,50,rosenbrock,3,0.181933,6.605653,4.437874,35.858707,0.629855
roulette wheel,115,3,100,50,rosenbrock,3,0.218570,5.475842,5.512640,40.720577,0.795015
roulette wheel,180,3,100,50,rosenbrock,3,0.009280,5.809859,5.648361,26.987984,0.755895
roulette wheel,130,2,100,50,rosenbrock,3,0.268883,10.230085,5.297944,21.315283,0.738180
roulette wheel,125,3,100,50,rosenbrock,3,0.491021,6.661257,4.555990,19.656925,0.820700
roulette wheel,80,1,100,50,rosenbrock,3,0.102287,4.681954,4.174863,18.604925,0.626155
roulette wheel,130,3,100,50,rosenbrock,3,0.132584,5.338744,4.159017,22.315958,0.771235
roulette wheel,190,3,100,50,rosenbrock,3,1.511611,10.356878,10.571439,20.732244,0.714235
roulette wheel,195,1,100,50,rosenbrock,3,1.061067,7.341063,10.259939,18.987730,0.666475
roulette wheel,85,2,100,50,rosenbrock,3,0.224716,4.468421,3.780294,11.602365,0.635365
roulette wheel,140,2,100,50,rosenbrock,3,0.183812,5.328185,6.309025,27.678753,0.721245
roulette wheel,80,3,100,50,rosenbrock,3,0.152161,5.521613,4.974831,18.826324,0.788020
roulette wheel,200,3,100,50,rosenbrock,3,0.061628,4.595925,3.606530,53.389214,0.715835
roulette wheel,150,1,100,50,rosenbrock,3,0.777239,7.937509,10.131084,18.257772,0.682550
roulette wheel,90,1,100,50,rosenbrock,3,0.048705,3.292055,4.004618,23.063547,0.687810
tournament 3,5,1,100,50,rosenbrock,3,0.129328,1.550840,1.849219,1.813851,0.735530
roulette wheel,95,1,100,50,rosenbrock,3,0.798335,6.060319,6.524879,22.478516,0.686375
roulette wheel,155,2,100,50,rosenbrock,3,0.113520,4.470356,3.768819,15.730770,0.675935
roulette wheel,155,3,100,50,rosenbrock,3,0.095384,5.069700,6.161469,12.775570,0.680680
roulette wheel,100,2,100,50,rosenbrock,3,0.163496,5.614784,8.629725,11.773267,0.724840
roulette wheel,160,2,100,50,rosenbrock,3,0.013902,9.160902,7.755875,18.814295,0.658665
roulette wheel,95,3,100,50,rosenbrock,3,0.570305,7.081351,8.276098,50.481117,0.773805
tournament 3,15,3,100,50,rosenbrock,3,0.482889,2.590579,2.206472,5.521554,0.721540
tournament 3,20,2,100,50,rosenbrock,3,0.080690,3.060503,2.699113,8.553653,0.725710
tournament 3,20,3,100,50,rosenbrock,3,0.964701,3.053687,3.471198,5.117805,0.725485
tournament 3,25,1,100,50,rosenbrock,3,0.192576,3.732384,4.468555,5.325761,0.694910
roulette wheel,170,1,100,50,rosenbrock,3,0.134445,7.696216,9.929865,17.154917,0.686820
tournament 3,30,1,100,50,rosenbrock,3,0.597233,5.693124,8.003252,8.675742,0.678670
roulette wheel,165,3,100,50,rosenbrock,3,0.112237,3.356926,3.671834,6.558424,0.831615
tournament 3,30,2,100,50,rosenbrock,3,0.552687,3.160932,4.177063,15.689635,0.604755
roulette wheel,180,1,100,50,rosenbrock,3,1.654379,4.964766,4.433703,14.704586,0.598950
roulette wheel,170,3,100,50,rosenbrock,3,0.050073,4.475965,3.747922,67.555717,0.749595
roulette wheel,175,2,100,50,rosenbrock,3,0.077540,12.926964,7.041895,51.086918,0.730770
roulette wheel,65,2,100,50,rosenbrock,3,0.691492,3.983000,4.299060,16.789106,0.637150
roulette wheel,120,1,100,50,rosenbrock,3,0.149907,4.038509,4.479282,27.720909,0.686675
roulette wheel,70,1,100,50,rosenbrock,3,0.121544,6.304223,4.507406,42.841553,0.648665
roulette wheel,185,1,100,50,rosenbrock,3,0.018335,6.980905,7.073306,13.345628,0.689495
roulette wheel,190,1,100,50,rosenbrock,3,0.068690,9.068944,10.724688,35.133778,0.622065
roulette wheel,190,2,100,50,rosenbrock,3,0.923404,5.343331,5.291473,12.232263,0.626485
roulette wheel,185,2,100,50,rosenbrock,3,0.503753,8.600754,5.944546,15.535093,0.722580
roulette wheel,135,1,100,50,rosenbrock,3,0.044307,8.243659,9.713402,30.285929,0.685640
roulette wheel,195,2,100,50,rosenbrock,3,0.096072,8.514324,8.470283,27.906141,0.721440
roulette wheel,185,3,100,50,rosenbrock,3,0.149648,6.211644,6.902692,46.753445,0.805865
roulette wheel,200,1,100,50,rosenbrock,3,0.261452,5.757128,5.066719,46.025433,0.643450
roulette wheel,135,3,100,50,rosenbrock,3,0.196651,6.834723,6.583759,44.215935,0.761895
tournament 3,60,2,100,50,rosenbrock,3,0.535418,7.338796,5.787889,14.323111,0.648000
roulette wheel,195,3,100,50,rosenbrock,3,0.633323,4.645257,6.335992,12.480326,0.803595
tournament 3,65,1,100,50,rosenbrock,3,0.557584,11.045280,14.297085,32.011845,0.570860
roulette wheel,200,2,100,50,rosenbrock,3,0.107170,7.731757,8.441395,23.213610,0.746580
tournament 3,60,3,100,50,rosenbrock,3,0.147779,9.662900,13.285995,18.276268,0.744260
tournament 3,15,1,100,50,rosenbrock,3,0.474925,3.183407,3.567503,2.820085,0.561825
tournament 3,10,2,100,50,rosenbrock,3,0.310453,2.364627,2.966433,2.033910,0.601310
tournament 3,15,2,100,50,rosenbrock,3,0.188853,2.965450,3.623459,3.875798,0.590595
tournament 3,5,3,100,50,rosenbrock,3,0.126890,1.759025,1.713955,2.211397,0.728015
tournament 3,20,1,100,50,rosenbrock,3,0.598193,3.334509,3.340623,5.738217,0.572580
roulette wheel,145,3,100,50,rosenbrock,3,0.310583,7.466855,7.504386,32.277744,0.789030
roulette wheel,105,2,100,50,rosenbrock,3,0.280611,13.968651,11.065639,40.378883,0.734675
roulette wheel,110,1,100,50,rosenbrock,3,0.633289,4.493318,6.189105,7.542832,0.689020
tournament 3,10,3,100,50,rosenbrock,3,0.510143,2.172710,2.700244,3.150756,0.860030
roulette wheel,165,2,100,50,rosenbrock,3,2.105111,12.950932,16.147421,26.229296,0.725240
roulette wheel,105,3,100,50,rosenbrock,3,0.739303,17.763111,13.449547,42.437027,0.791000
tournament 3,25,3,100,50,rosenbrock,3,2.051768,7.597669,8.950926,8.288204,0.686170
tournament 3,25,2,100,50,rosenbrock,3,0.874777,4.475246,4.306441,10.652148,0.745785
roulette wheel,110,3,100,50,rosenbrock,3,0.191038,7.294123,6.914568,13.172629,0.778035
tournament 3,35,2,100,50,rosenbrock,3,0.106672,2.125267,2.612262,5.778051,0.691250
tournament 3,90,2,100,50,rosenbrock,3,0.152213,2.914460,1.737638,11.468430,0.728850
tournament 3,30,3,100,50,rosenbrock,3,0.233447,4.973066,4.937941,16.458870,0.781200
tournament 3,90,3,100,50,rosenbrock,3,0.203436,5.859280,5.293842,26.478230,0.744625
tournament 3,100,2,100,50,rosenbrock,3,0.058396,6.348620,6.897999,31.091936,0.593125
tournament 3,40,1,100,50,rosenbrock,3,0.599808,6.557480,6.226254,11.527148,0.691215
tournament 3,95,2,100,50,rosenbrock,3,0.308345,7.827235,9.865857,26.460054,0.822440
tournament 3,45,1,100,50,rosenbrock,3,0.709535,3.647508,3.519934,11.113638,0.672315
tournament 3,105,2,100,50,rosenbrock,3,0.798741,6.643193,5.229539,24.719564,0.619260
tournament 3,40,2,100,50,rosenbrock,3,0.635247,4.813037,4.515671,15.868669,0.771625
tournament 3,45,2,100,50,rosenbrock,3,0.176701,5.158146,6.195518,5.729322,0.702390
tournament 3,110,1,100,50,rosenbrock,3,0.030462,3.942194,3.203179,22.840626,0.679375
tournament 3,50,3,100,50,rosenbrock,3,0.417895,4.131939,4.657219,17.965496,0.646330
tournament 3,50,1,100,50,rosenbrock,3,0.186500,3.701538,3.390480,26.107801,0.779420
tournament 3,55,1,100,50,rosenbrock,3,0.125549,5.366505,5.016276,15.316728,0.683850
tournament 3,55,3,100,50,rosenbrock,3,0.032975,6.338708,7.759442,12.532907,0.674620
tournament 3,60,1,100,50,rosenbrock,3,0.889780,9.646160,7.647379,19.366173,0.680500
tournament 3,55,2,100,50,rosenbrock,3,0.332648,5.206944,6.103013,11.406223,0.740405
tournament 3,65,2,100,50,rosenbrock,3,0.184143,5.632143,5.986560,13.656849,0.591115
tournament 3,10,1,100,50,rosenbrock,3,0.795552,3.207104,3.410504,3.874005,0.594220
roulette wheel,145,1,100,50,rosenbrock,3,0.466623,9.801893,5.678967,36.274345,0.654185
tournament 3,70,2,100,50,rosenbrock,3,0.087154,9.010587,8.277852,27.225033,0.597890
tournament 3,70,1,100,50,rosenbrock,3,0.169178,3.370614,3.104614,27.184958,0.684690
tournament 3,65,3,100,50,rosenbrock,3,1.000489,9.160422,9.339161,32.478439,0.737695
tournament 3,5,2,100,50,rosenbrock,3,0.378629,2.255435,2.801629,3.142225,0.760435
tournament 3,75,1,100,50,rosenbrock,3,0.011635,6.147893,7.093050,16.789793,0.675715
tournament 3,75,3,100,50,rosenbrock,3,0.279004,14.717834,16.359779,35.903336,0.670455
tournament 3,75,2,100,50,rosenbrock,3,0.218712,3.857570,3.830667,16.410633,0.711755
tournament 3,80,1,100,50,rosenbrock,3,0.153984,6.842146,7.521164,24.634146,0.675320
tournament 3,70,3,100,50,rosenbrock,3,0.420245,8.699419,9.912426,34.630283,0.764520
tournament 3,80,2,100,50,rosenbrock,3,0.575493,5.562181,4.022961,17.236996,0.713670
tournament 3,80,3,100,50,rosenbrock,3,0.576691,5.148489,5.577330,15.644926,0.785560
tournament 3,95,1,100,50,rosenbrock,3,0.971370,8.260418,8.341627,31.044834,0.541390
tournament 3,140,2,100,50,rosenbrock,3,0.891684,5.032863,5.288848,16.226446,0.683370
tournament 3,85,3,100,50,rosenbrock,3,0.069358,13.268110,11.999390,38.972950,0.665770
tournament 3,145,3,100,50,rosenbrock,3,1.662769,7.555509,8.101879,34.751766,0.635755
tournament 3,145,1,100,50,rosenbrock,3,0.085769,6.154809,8.274488,13.195271,0.677585
roulette wheel,175,1,100,50,rosenbrock,3,0.641645,8.849489,12.897877,17.599087,0.687370
tournament 3,100,1,100,50,rosenbrock,3,0.278735,8.296453,9.345625,20.651180,0.547325
tournament 3,150,3,100,50,rosenbrock,3,0.322027,9.819267,13.961321,39.146229,0.661685
tournament 3,35,1,100,50,rosenbrock,3,0.704872,6.270337,7.485331,8.644958,0.684925
tournament 3,105,1,100,50,rosenbrock,3,0.018474,4.521860,5.041102,15.080223,0.549295
tournament 3,160,1,100,50,rosenbrock,3,0.026017,8.445561,7.598595,50.613243,0.625285
tournament 3,170,1,100,50,rosenbrock,3,0.464584,11.673340,11.356525,22.811171,0.561475
tournament 3,155,2,100,50,rosenbrock,3,0.181105,3.343388,3.832218,13.824567,0.837325
tournament 3,100,3,100,50,rosenbrock,3,0.359766,5.650753,5.508454,18.424894,0.826290
tournament 3,105,3,100,50,rosenbrock,3,1.535594,12.415151,11.923820,32.056305,0.781250
tournament 3,115,1,100,50,rosenbrock,3,0.060171,5.970653,3.792568,16.707460,0.681555
tournament 3,165,3,100,50,rosenbrock,3,0.728171,6.823145,8.686954,15.805366,0.751340
tournament 3,45,3,100,50,rosenbrock,3,1.110039,6.042235,8.162389,8.132314,0.778955
tournament 3,110,3,100,50,rosenbrock,3,0.226846,10.216991,8.290541,37.049873,0.769850
tournament 3,115,2,100,50,rosenbrock,3,0.023515,4.347313,4.412481,26.329826,0.715920
tournament 3,125,1,100,50,rosenbrock,3,0.417835,15.302116,13.056793,45.013474,0.619215
tournament 3,115,3,100,50,rosenbrock,3,0.050780,11.920153,13.914118,19.931997,0.689185
tournament 3,120,1,100,50,rosenbrock,3,0.190777,3.619948,3.420648,67.729065,0.675780
tournament 3,120,3,100,50,rosenbrock,3,0.650838,8.294276,8.563131,16.868013,0.680600
tournament 3,185,2,100,50,rosenbrock,3,0.433782,9.470781,10.350227,22.758379,0.595910
tournament 3,130,1,100,50,rosenbrock,3,1.377543,7.057026,7.476496,16.631895,0.551645
tournament 3,120,2,100,50,rosenbrock,3,0.318662,8.121902,6.401272,22.737617,0.722435
tournament 3,185,1,100,50,rosenbrock,3,0.188909,11.479898,8.801254,21.975689,0.672055
tournament 3,135,1,100,50,rosenbrock,3,0.177512,17.412792,13.593927,34.090534,0.549955
tournament 3,185,3,100,50,rosenbrock,3,0.051549,7.748195,6.512512,31.533442,0.717260
tournament 3,135,2,100,50,rosenbrock,3,1.323651,18.823711,18.231766,40.520977,0.597010
tournament 3,130,3,100,50,rosenbrock,3,1.361870,13.677858,12.380140,36.056702,0.772550
tournament 3,140,1,100,50,rosenbrock,3,0.011036,8.909673,9.879305,84.481781,0.540345
tournament 3,195,2,100,50,rosenbrock,3,0.122239,13.545311,6.083660,75.902206,0.780755
tournament 3,140,3,100,50,rosenbrock,3,0.081802,5.211395,5.378263,13.541400,0.660255
tournament 3,85,1,100,50,rosenbrock,3,0.205469,7.784256,8.691231,17.018576,0.693755
tournament 3,155,1,100,50,rosenbrock,3,0.269132,9.356311,12.675125,12.324838,0.577675
tournament 3,150,1,100,50,rosenbrock,3,0.549604,6.691278,7.084693,25.159931,0.674125
tournament 3,85,2,100,50,rosenbrock,3,0.102997,2.572358,2.319370,10.167280,0.754200
tournament 5,5,1,100,50,rosenbrock,3,0.510868,2.492758,2.722175,2.937698,0.765855
tournament 3,90,1,100,50,rosenbrock,3,0.681824,6.685968,7.675607,17.877970,0.675205
tournament 3,150,2,100,50,rosenbrock,3,0.146349,5.193284,5.338456,21.995100,0.709290
tournament 3,160,2,100,50,rosenbrock,3,0.068991,7.031252,8.935791,18.192684,0.578335
tournament 3,155,3,100,50,rosenbrock,3,0.779609,12.418400,14.154019,21.117409,0.702315
tournament 3,95,3,100,50,rosenbrock,3,0.421095,12.363214,18.150063,15.567479,0.802170
tournament 3,35,3,100,50,rosenbrock,3,0.277061,3.518512,4.007534,5.068994,0.775725
tournament 3,165,1,100,50,rosenbrock,3,0.645762,10.698756,12.397926,31.031002,0.585340
tournament 3,40,3,100,50,rosenbrock,3,0.315242,8.057548,5.800073,23.485649,0.801460
tournament 3,165,2,100,50,rosenbrock,3,0.868782,7.305502,7.030504,12.513927,0.626145
tournament 3,160,3,100,50,rosenbrock,3,0.134585,9.271824,5.508166,49.732273,0.773810
tournament 3,50,2,100,50,rosenbrock,3,0.070422,4.543847,4.534206,7.162012,0.720965
tournament 3,110,2,100,50,rosenbrock,3,0.029577,8.368649,8.143581,18.117764,0.713480
tournament 3,170,2,100,50,rosenbrock,3,0.144716,10.131335,6.052609,39.194733,0.755350
tournament 3,175,2,100,50,rosenbrock,3,0.267220,9.236797,7.458762,26.290417,0.615885
tournament 3,175,1,100,50,rosenbrock,3,0.132214,4.436718,5.471379,41.408962,0.674135
tournament 3,180,1,100,50,rosenbrock,3,0.518379,4.674318,5.261558,44.393444,0.632845
tournament 3,180,2,100,50,rosenbrock,3,0.094163,4.328710,6.758564,21.314211,0.617200
tournament 5,35,2,100,50,rosenbrock,3,0.217571,2.925117,2.853453,9.507269,0.667410
tournament 3,170,3,100,50,rosenbrock,3,0.446926,6.279601,7.441646,8.196344,0.775265
tournament 3,180,3,100,50,rosenbrock,3,0.113305,7.044788,6.285292,19.918053,0.683135
tournament 3,195,1,100,50,rosenbrock,3,0.661183,12.544293,11.439480,62.527149,0.539490
tournament 3,125,2,100,50,rosenbrock,3,0.392377,5.924724,6.686267,53.865452,0.746470
tournament 3,190,2,100,50,rosenbrock,3,0.372470,8.827702,7.666235,22.714024,0.590845
tournament 5,45,1,100,50,rosenbrock,3,0.326176,2.671084,2.713314,17.836498,0.758245
tournament 3,130,2,100,50,rosenbrock,3,1.293209,12.437424,14.036786,17.886118,0.723690
tournament 3,125,3,100,50,rosenbrock,3,0.370811,10.020288,11.173360,32.570602,0.802800
tournament 3,195,3,100,50,rosenbrock,3,0.754742,9.814053,9.027082,23.060038,0.648195
tournament 3,190,3,100,50,rosenbrock,3,0.954687,8.726557,10.426012,60.444992,0.791245
tournament 3,135,3,100,50,rosenbrock,3,0.118881,8.191723,6.416222,21.071373,0.762410
tournament 3,200,2,100,50,rosenbrock,3,0.358337,15.521166,7.914763,32.238594,0.739120
tournament 3,145,2,100,50,rosenbrock,3,0.291550,12.555382,14.475864,33.944588,0.721295
tournament 5,60,2,100,50,rosenbrock,3,0.337175,5.198449,5.848371,16.866409,0.799150
tournament 5,15,1,100,50,rosenbrock,3,0.229850,1.894285,1.408494,3.923858,0.608750
tournament 5,15,2,100,50,rosenbrock,3,0.332865,4.405843,4.894983,8.899392,0.694750
tournament 5,10,2,100,50,rosenbrock,3,0.242546,3.476346,3.916973,2.938094,0.772940
tournament 5,5,2,100,50,rosenbrock,3,0.107718,2.027798,2.543401,2.494098,0.873245
tournament 5,55,3,100,50,rosenbrock,3,1.315609,11.030111,14.152047,26.881819,1.118290
tournament 5,80,1,100,50,rosenbrock,3,0.092561,4.270275,5.143543,13.188836,0.608640
tournament 5,5,3,100,50,rosenbrock,3,0.873613,2.240052,2.641995,1.804127,0.883475
tournament 5,25,1,100,50,rosenbrock,3,0.049226,4.044311,4.506225,7.632927,0.613615
tournament 5,15,3,100,50,rosenbrock,3,0.583739,2.236911,2.845967,2.785037,0.737595
tournament 5,10,3,100,50,rosenbrock,3,0.581179,3.033583,3.437250,4.286114,0.894240
tournament 5,20,3,100,50,rosenbrock,3,0.158614,4.692050,5.535021,10.424713,0.710255
tournament 5,20,1,100,50,rosenbrock,3,0.546020,3.157311,2.759959,6.924287,0.780380
tournament 5,10,1,100,50,rosenbrock,3,0.116939,1.717594,1.970325,3.587030,0.977570
tournament 5,30,1,100,50,rosenbrock,3,0.903530,5.208872,5.315958,8.877597,0.603000
tournament 5,85,1,100,50,rosenbrock,3,0.084244,6.594189,8.468355,26.122440,0.759940
tournament 5,30,3,100,50,rosenbrock,3,0.601468,3.432651,3.850408,17.098223,0.789070
tournament 5,30,2,100,50,rosenbrock,3,0.990797,7.029661,7.483318,14.074402,0.830375
tournament 5,25,3,100,50,rosenbrock,3,0.253050,3.862077,5.193824,5.596087,0.966065
tournament 5,95,2,100,50,rosenbrock,3,0.148847,4.534672,6.003842,24.383202,0.659425
tournament 3,190,1,100,50,rosenbrock,3,0.328648,13.535135,17.584110,24.004282,0.539130
tournament 5,95,1,100,50,rosenbrock,3,0.713880,6.211025,5.060162,16.155504,0.716290
tournament 5,90,2,100,50,rosenbrock,3,0.216557,4.165610,5.341274,29.461798,0.820305
tournament 5,90,3,100,50,rosenbrock,3,0.613553,7.557510,6.876924,36.297024,0.847235
tournament 5,45,2,100,50,rosenbrock,3,1.322391,3.567204,3.696658,8.377892,0.654485
tournament 5,50,1,100,50,rosenbrock,3,0.391718,3.275176,3.859163,9.382326,0.579030
tournament 5,40,2,100,50,rosenbrock,3,1.241916,4.071126,4.650319,7.016380,0.810950
tournament 5,100,2,100,50,rosenbrock,3,0.255502,7.132676,9.614655,27.827610,0.799570
tournament 5,50,3,100,50,rosenbrock,3,0.488401,5.728600,6.158976,19.155981,0.703635
tournament 3,200,1,100,50,rosenbrock,3,0.264637,11.660854,11.265701,25.196781,0.674025
tournament 5,105,2,100,50,rosenbrock,3,0.020154,6.651515,7.259895,15.751207,0.799090
tournament 5,110,3,100,50,rosenbrock,3,0.467041,6.374980,7.578234,23.110743,0.748535
tournament 5,110,2,100,50,rosenbrock,3,0.830645,9.059547,12.104837,20.906969,0.827020
tournament 5,115,3,100,50,rosenbrock,3,0.214324,6.033228,6.544659,18.932722,0.723950
tournament 5,55,2,100,50,rosenbrock,3,0.103949,4.183192,4.768827,8.355134,0.803585
tournament 5,120,1,100,50,rosenbrock,3,0.212261,7.450913,7.390682,28.652840,0.777010
tournament 5,65,1,100,50,rosenbrock,3,0.643340,4.803226,5.394512,6.960667,0.606860
tournament 5,60,3,100,50,rosenbrock,3,0.378632,5.059177,6.879868,6.054625,0.853475
tournament 5,125,2,100,50,rosenbrock,3,0.005151,5.171607,4.739736,38.743294,0.700640
tournament 5,125,3,100,50,rosenbrock,3,0.068132,4.110190,3.766943,13.397305,0.729460
tournament 5,65,2,100,50,rosenbrock,3,0.708296,5.888345,5.222987,19.739569,0.795675
tournament 5,135,2,100,50,rosenbrock,3,0.328888,5.783207,7.395840,20.558863,0.668170
tournament 5,130,1,100,50,rosenbrock,3,0.060592,7.734794,8.966343,25.509089,0.796705
tournament 5,75,2,100,50,rosenbrock,3,0.342385,8.769602,8.878242,25.200752,0.726465
tournament 5,130,2,100,50,rosenbrock,3,0.199682,2.935417,3.025538,11.507280,0.762900
tournament 5,70,3,100,50,rosenbrock,3,0.172431,6.528855,6.515539,14.929491,0.876695
tournament 5,75,3,100,50,rosenbrock,3,1.414016,10.048234,12.356096,10.801662,0.779215
tournament 5,90,1,100,50,rosenbrock,3,0.083555,5.301602,5.886747,12.322757,0.654125
tournament 5,25,2,100,50,rosenbrock,3,0.181677,3.858664,3.955748,11.741540,0.753310
tournament 5,85,2,100,50,rosenbrock,3,0.255625,3.651266,3.588937,11.120383,0.783075
tournament 5,80,2,100,50,rosenbrock,3,0.013542,4.913014,3.927947,30.871010,0.871700
tournament 5,80,3,100,50,rosenbrock,3,0.129232,5.877090,6.678040,8.743214,0.897250
tournament 5,85,3,100,50,rosenbrock,3,0.938333,4.680469,4.835354,8.538143,0.869110
tournament 5,35,1,100,50,rosenbrock,3,0.116763,3.942738,4.266941,7.213704,0.814585
tournament 5,100,1,100,50,rosenbrock,3,0.076525,7.409216,3.498194,28.631460,0.598580
tournament 5,40,1,100,50,rosenbrock,3,0.036469,6.164630,9.664794,40.772747,0.821955
tournament 3,175,3,100,50,rosenbrock,3,0.029696,6.275784,6.582298,19.944267,0.779435
tournament 5,95,3,100,50,rosenbrock,3,0.055936,4.041166,4.012414,14.936927,0.702790
tournament 5,105,1,100,50,rosenbrock,3,0.151798,4.235113,4.123013,17.455561,0.591960
tournament 5,110,1,100,50,rosenbrock,3,0.054403,7.415001,4.325217,16.152349,0.586405
tournament 5,160,2,100,50,rosenbrock,3,0.599384,8.191608,11.593798,34.003365,0.786665
tournament 5,35,3,100,50,rosenbrock,3,0.202342,3.947848,5.073562,9.443141,0.856395
tournament 5,160,3,100,50,rosenbrock,3,0.273546,9.888463,11.166213,11.851188,0.821630
tournament 5,45,3,100,50,rosenbrock,3,0.685889,11.056889,7.415956,33.629684,0.729175
tournament 5,175,1,100,50,rosenbrock,3,0.189732,4.116756,4.191150,26.902002,0.590015
tournament 5,170,2,100,50,rosenbrock,3,0.428351,7.872399,8.994984,13.351334,0.803115
tournament 5,170,3,100,50,rosenbrock,3,0.051756,7.264664,8.458249,10.276924,0.708025
tournament 5,105,3,100,50,rosenbrock,3,0.987113,9.426976,9.961464,20.190355,0.897300
tournament 5,175,2,100,50,rosenbrock,3,0.369330,9.905981,9.075817,32.057281,0.800360
tournament 5,70,1,100,50,rosenbrock,3,0.036215,8.385459,6.074553,20.404278,0.624050
tournament 5,180,1,100,50,rosenbrock,3,0.413010,7.310596,5.903530,15.739178,0.761770
tournament 5,175,3,100,50,rosenbrock,3,0.099681,5.426193,5.823587,39.338898,0.819645
tournament 5,185,1,100,50,rosenbrock,3,0.804744,7.788405,9.522353,33.768806,0.718250
tournament 5,190,2,100,50,rosenbrock,3,0.064615,3.492481,3.275154,16.508087,0.677200
tournament 3,200,3,100,50,rosenbrock,3,0.084241,5.998775,6.984120,16.287001,0.763300
tournament 5,180,2,100,50,rosenbrock,3,0.324549,6.378945,5.800135,26.327391,0.836755
tournament 5,190,1,100,50,rosenbrock,3,0.278374,11.775452,10.371624,24.767654,0.762455
tournament 5,135,1,100,50,rosenbrock,3,0.485837,7.595873,7.643770,13.915430,0.594220
tournament 5,65,3,100,50,rosenbrock,3,0.053755,4.888100,4.585689,13.932463,0.851430
tournament 5,190,3,100,50,rosenbrock,3,0.292117,8.757253,6.662859,26.870707,0.746200
tournament 5,140,2,100,50,rosenbrock,3,0.902321,12.523527,11.814987,70.169380,0.683550
tournament 5,140,1,100,50,rosenbrock,3,0.381113,7.599833,9.434183,10.241601,0.765835
tournament 5,200,3,100,50,rosenbrock,3,1.691918,6.268761,4.620042,30.406185,0.747375
tournament 5,135,3,100,50,rosenbrock,3,0.089173,9.462359,7.998239,27.997097,0.850140
tournament 5,145,2,100,50,rosenbrock,3,0.286354,8.009665,10.439731,14.777028,0.689925
tournament 5,150,1,100,50,rosenbrock,3,0.155958,8.084206,5.640453,43.533848,0.597165
tournament 5,145,1,100,50,rosenbrock,3,0.442751,12.951728,12.248423,27.315023,0.753170
tournament 5,130,3,100,50,rosenbrock,3,0.027622,9.122785,9.335602,23.986689,0.930710
tournament 5,150,2,100,50,rosenbrock,3,0.113329,7.586566,9.413940,26.233234,0.669150
tournament 5,155,1,100,50,rosenbrock,3,0.441408,5.937030,5.036927,25.226400,0.623240
tournament 5,145,3,100,50,rosenbrock,3,0.548594,13.829576,12.015015,37.199818,0.872540
tournament 5,155,2,100,50,rosenbrock,3,0.027330,3.377742,3.507772,35.216175,0.784065
tournament 5,165,1,100,50,rosenbrock,3,0.299274,10.521610,10.051831,19.222805,0.667185
tournament 5,100,3,100,50,rosenbrock,3,0.149300,7.404126,7.070578,62.401249,0.706215
tournament 5,160,1,100,50,rosenbrock,3,1.329974,6.890304,7.555781,10.226788,0.794415
tournament 5,150,3,100,50,rosenbrock,3,0.331023,7.413881,7.508398,44.250832,0.864275
tournament 5,155,3,100,50,rosenbrock,3,1.384797,5.208068,4.495632,19.492136,0.848590
tournament 5,165,3,100,50,rosenbrock,3,0.333070,8.204743,6.584014,15.647554,0.670585
tournament 5,165,2,100,50,rosenbrock,3,0.140904,4.280869,4.524988,29.953636,0.795245
tournament 5,40,3,100,50,rosenbrock,3,0.166496,5.347487,6.340430,12.456632,0.878890
tournament 5,115,1,100,50,rosenbrock,3,0.506285,5.903067,5.968407,29.575912,0.642185
tournament 5,170,1,100,50,rosenbrock,3,0.397579,7.369796,7.698167,34.684731,0.769545
tournament 5,50,2,100,50,rosenbrock,3,0.426249,4.972123,5.493269,15.880818,0.794835
tournament 5,120,2,100,50,rosenbrock,3,0.110560,8.747722,9.104372,26.262535,0.698645
tournament 5,55,1,100,50,rosenbrock,3,0.089176,4.094877,4.895946,6.360896,0.767285
tournament 5,60,1,100,50,rosenbrock,3,0.319258,5.583184,6.732336,11.954260,0.758350
tournament 5,185,2,100,50,rosenbrock,3,0.090565,18.573238,21.202953,36.142788,0.661735
tournament 5,115,2,100,50,rosenbrock,3,0.260682,9.821677,12.532009,21.308235,0.798470
tournament 5,120,3,100,50,rosenbrock,3,0.049587,6.330631,5.305324,14.066451,0.766935
tournament 5,75,1,100,50,rosenbrock,3,0.048571,9.201137,10.658656,21.386889,0.590140
tournament 5,180,3,100,50,rosenbrock,3,0.029666,7.480180,9.440226,17.257607,0.833825
tournament 5,125,1,100,50,rosenbrock,3,0.726690,10.604345,13.757147,11.557269,0.755995
tournament 5,70,2,100,50,rosenbrock,3,0.041795,9.168623,12.156582,13.064136,0.664290
tournament 5,185,3,100,50,rosenbrock,3,0.337764,8.340531,10.981199,13.636610,0.743180
tournament 5,20,2,100,50,rosenbrock,3,0.692508,5.246942,5.455172,6.728457,0.692570
tournament 5,195,1,100,50,rosenbrock,3,0.529737,8.740895,8.651224,21.637768,0.745790
tournament 5,200,1,100,50,rosenbrock,3,0.437369,6.920423,4.508539,36.735088,0.644280
tournament 5,200,2,100,50,rosenbrock,3,0.168397,11.497691,12.270744,24.222820,0.652155
tournament 5,195,2,100,50,rosenbrock,3,0.531887,4.159407,2.663405,11.905880,0.758580
tournament 5,195,3,100,50,rosenbrock,3,0.057479,14.494877,12.528618,67.544495,0.769075
tournament 5,140,3,100,50,rosenbrock,3,0.371101,6.436121,5.889648,30.945707,0.736020
roulette wheel,10,1,300,150,rosenbrock,6,88.792366,352.036163,412.775360,311.955017,7.897425
roulette wheel,10,2,300,150,rosenbrock,6,12.712472,292.749146,327.169983,246.837601,8.073220
roulette wheel,35,2,300,150,rosenbrock,6,154.824539,610.581604,779.541382,472.791718,8.015980
roulette wheel,35,1,300,150,rosenbrock,6,268.511902,796.423706,1027.050659,448.130951,8.157575
roulette wheel,5,1,300,150,rosenbrock,6,78.474747,322.759735,373.165802,190.788162,8.517570
roulette wheel,15,1,300,150,rosenbrock,6,67.655472,447.012939,487.299774,373.284058,8.480340
roulette wheel,5,3,300,150,rosenbrock,6,127.177536,299.916199,310.032715,204.009796,9.145475
roulette wheel,45,1,300,150,rosenbrock,6,160.822586,532.049927,584.935425,633.038818,7.704085
roulette wheel,30,1,300,150,rosenbrock,6,142.949280,547.294067,596.627930,507.428131,10.542890
roulette wheel,25,3,300,150,rosenbrock,6,46.290016,605.526550,725.246704,627.818420,10.767885
roulette wheel,15,3,300,150,rosenbrock,6,54.414043,414.148895,478.925720,424.460052,11.202005
roulette wheel,25,2,300,150,rosenbrock,6,146.480713,605.069946,706.840088,302.170105,11.234215
roulette wheel,30,3,300,150,rosenbrock,6,201.590744,621.953064,679.523682,299.146393,11.275250
roulette wheel,20,3,300,150,rosenbrock,6,94.386803,525.028198,588.285156,464.025665,11.333390
roulette wheel,20,1,300,150,rosenbrock,6,301.416382,536.165649,665.114868,275.505615,11.416540
roulette wheel,40,1,300,150,rosenbrock,6,148.645828,736.960876,773.959839,721.944763,9.119905
roulette wheel,45,2,300,150,rosenbrock,6,380.824066,994.649536,1162.427979,564.683044,9.280185
roulette wheel,25,1,300,150,rosenbrock,6,170.555771,657.272583,807.296570,550.319153,12.054000
roulette wheel,20,2,300,150,rosenbrock,6,36.190701,473.932373,563.618286,389.169464,12.390055
roulette wheel,35,3,300,150,rosenbrock,6,334.622559,940.704590,1092.561523,436.807465,11.042745
roulette wheel,50,1,300,150,rosenbrock,6,210.737061,739.655823,901.076965,516.142029,7.817105
roulette wheel,40,3,300,150,rosenbrock,6,302.900146,785.151978,934.282715,407.636322,14.884055
roulette wheel,15,2,300,150,rosenbrock,6,131.597305,336.475677,341.634277,463.227539,15.360830
roulette wheel,10,3,300,150,rosenbrock,6,64.554153,361.749207,442.088440,237.464706,15.915420
roulette wheel,55,3,300,150,rosenbrock,6,145.028366,708.610107,851.587891,547.238281,8.111485
roulette wheel,40,2,300,150,rosenbrock,6,191.840256,719.662903,807.337708,653.466919,14.320535
roulette wheel,65,1,300,150,rosenbrock,6,251.057404,1047.880005,1170.343994,572.179260,8.598255
roulette wheel,75,1,300,150,rosenbrock,6,154.783371,713.063477,918.092529,672.726868,7.674465
roulette wheel,60,1,300,150,rosenbrock,6,229.216080,684.496033,747.591675,646.029297,8.903645
roulette wheel,60,3,300,150,rosenbrock,6,201.530838,741.532043,827.303162,855.127869,8.968130
roulette wheel,50,3,300,150,rosenbrock,6,138.409042,813.639832,809.047974,597.214478,9.321940
roulette wheel,60,2,300,150,rosenbrock,6,86.454559,763.855286,997.138123,494.051819,9.288370
roulette wheel,65,2,300,150,rosenbrock,6,156.842728,696.322815,828.350586,606.414246,8.738715
roulette wheel,30,2,300,150,rosenbrock,6,202.667023,682.130493,750.864136,425.963043,17.910530
roulette wheel,5,2,300,150,rosenbrock,6,134.662964,326.280975,383.369476,179.380875,15.715885
roulette wheel,70,3,300,150,rosenbrock,6,385.745392,999.155273,1268.190918,936.805420,8.799255
roulette wheel,50,2,300,150,rosenbrock,6,209.861832,757.134277,809.303528,530.678650,10.402880
roulette wheel,75,2,300,150,rosenbrock,6,61.037510,667.544067,757.221191,515.005188,8.647230
roulette wheel,55,2,300,150,rosenbrock,6,279.106750,773.515869,893.565369,511.313965,11.143645
roulette wheel,70,2,300,150,rosenbrock,6,215.313522,757.023804,804.272949,531.044373,10.320885
roulette wheel,55,1,300,150,rosenbrock,6,133.853271,869.821594,1082.320923,607.351501,11.478845
roulette wheel,70,1,300,150,rosenbrock,6,239.813736,772.567444,852.157837,781.492493,10.743530
roulette wheel,45,3,300,150,rosenbrock,6,246.340027,730.251160,718.929443,634.204712,14.797855
roulette wheel,75,3,300,150,rosenbrock,6,257.439850,1023.548767,1255.930664,718.959045,9.093305
roulette wheel,80,1,300,150,rosenbrock,6,413.834747,889.411926,990.420776,529.500000,8.645620
roulette wheel,80,3,300,150,rosenbrock,6,380.023895,958.452637,1222.858643,619.626099,8.759600
roulette wheel,85,1,300,150,rosenbrock,6,342.684601,795.315369,838.144165,836.112488,7.792555
roulette wheel,80,2,300,150,rosenbrock,6,242.096725,753.095886,835.161865,567.888916,9.572550
roulette wheel,65,3,300,150,rosenbrock,6,172.884216,707.517517,824.968628,744.078430,14.627190
roulette wheel,85,2,300,150,rosenbrock,6,252.429382,981.117188,1021.554260,953.000610,8.337760
roulette wheel,90,1,300,150,rosenbrock,6,125.375580,699.303467,767.955200,593.419312,7.547085
roulette wheel,85,3,300,150,rosenbrock,6,179.786041,967.627869,1213.129639,786.166260,7.880800
roulette wheel,90,3,300,150,rosenbrock,6,239.014099,1002.711304,1125.054321,618.906372,7.974140
roulette wheel,90,2,300,150,rosenbrock,6,199.770172,942.033081,1087.263916,937.008789,8.156210
roulette wheel,95,3,300,150,rosenbrock,6,121.499222,1020.560913,1316.579346,506.906097,8.056850
roulette wheel,100,2,300,150,rosenbrock,6,109.094795,681.812256,741.125488,1197.619507,7.517505
roulette wheel,95,2,300,150,rosenbrock,6,115.228035,832.157349,1027.578613,1040.708740,8.227890
roulette wheel,100,1,300,150,rosenbrock,6,658.406799,1186.604370,1238.616333,889.067017,7.929830
roulette wheel,95,1,300,150,rosenbrock,6,226.143112,1007.206360,1091.490234,741.568665,8.731185
roulette wheel,105,2,300,150,rosenbrock,6,142.546906,807.831238,788.560913,848.270508,7.620830
roulette wheel,105,1,300,150,rosenbrock,6,92.084145,829.149292,1057.346924,628.778748,7.708260
roulette wheel,100,3,300,150,rosenbrock,6,347.311005,1120.880005,1270.866211,1007.158569,8.205210
roulette wheel,110,2,300,150,rosenbrock,6,111.861267,1021.183289,1079.195068,760.125366,7.513590
roulette wheel,105,3,300,150,rosenbrock,6,124.644974,969.079224,1375.567871,993.843140,9.190795
roulette wheel,110,1,300,150,rosenbrock,6,147.079498,1003.019043,1268.441650,895.561829,8.285505
roulette wheel,110,3,300,150,rosenbrock,6,320.325867,1124.766479,1259.376465,989.171875,8.170735
roulette wheel,115,1,300,150,rosenbrock,6,229.472977,1175.339722,1479.454468,912.290833,7.683730
roulette wheel,120,2,300,150,rosenbrock,6,417.947540,861.172607,912.244873,724.470825,7.514575
roulette wheel,115,2,300,150,rosenbrock,6,334.324127,1057.054077,1297.265625,1080.686890,8.565050
roulette wheel,120,1,300,150,rosenbrock,6,454.679230,1214.485352,1317.077759,1284.718262,8.864145
roulette wheel,120,3,300,150,rosenbrock,6,110.383675,1422.503174,1768.311768,1225.351685,7.754400
roulette wheel,115,3,300,150,rosenbrock,6,348.923279,1091.495239,1368.661133,847.176453,9.465050
roulette wheel,125,2,300,150,rosenbrock,6,233.702911,947.216797,1035.802002,653.769287,7.397295
roulette wheel,140,1,300,150,rosenbrock,6,225.495483,924.619202,997.589478,615.951355,6.944170
roulette wheel,130,3,300,150,rosenbrock,6,114.693130,1154.324585,1409.610962,879.815369,8.066730
roulette wheel,135,2,300,150,rosenbrock,6,248.717392,1038.045288,1169.620972,1004.082397,7.661665
roulette wheel,125,1,300,150,rosenbrock,6,204.234573,906.209290,1073.323486,825.775208,9.708195
roulette wheel,135,1,300,150,rosenbrock,6,271.040100,1221.997681,1442.123291,916.769470,8.424560
roulette wheel,125,3,300,150,rosenbrock,6,79.202332,873.893127,1031.248291,1034.670044,10.152080
roulette wheel,130,2,300,150,rosenbrock,6,146.668411,1113.691772,1280.557617,740.993469,9.784115
roulette wheel,150,1,300,150,rosenbrock,6,358.442627,1386.018555,1574.312744,1115.837646,6.967525
roulette wheel,145,3,300,150,rosenbrock,6,352.297577,1091.390869,1184.815796,735.830200,7.709110
roulette wheel,130,1,300,150,rosenbrock,6,347.363434,1149.138306,1342.426514,801.632446,10.850170
roulette wheel,145,2,300,150,rosenbrock,6,314.328094,965.639954,1064.400146,550.608887,9.103500
roulette wheel,150,2,300,150,rosenbrock,6,95.616386,1084.263306,1328.727783,840.830383,7.498490
roulette wheel,160,1,300,150,rosenbrock,6,305.532654,1222.669922,1486.451904,1013.868835,7.083230
roulette wheel,135,3,300,150,rosenbrock,6,135.475845,820.232666,999.175476,1063.443848,12.113805
roulette wheel,145,1,300,150,rosenbrock,6,124.567650,1007.650696,1142.450195,971.077820,11.563575
roulette wheel,155,2,300,150,rosenbrock,6,242.123642,939.694275,1142.283813,1281.806030,8.204955
roulette wheel,140,2,300,150,rosenbrock,6,341.750763,1030.823853,1205.850342,801.563599,12.631225
roulette wheel,160,3,300,150,rosenbrock,6,305.011292,1434.591187,1848.045898,1042.685303,8.285470
roulette wheel,150,3,300,150,rosenbrock,6,175.831100,988.670166,1264.270264,730.609314,9.022035
roulette wheel,165,2,300,150,rosenbrock,6,109.913803,1338.310181,1688.354370,1117.106445,8.098205
roulette wheel,140,3,300,150,rosenbrock,6,527.221130,1042.833618,1116.801392,585.583679,13.687720
roulette wheel,155,1,300,150,rosenbrock,6,72.128540,1324.452637,1655.752197,899.096313,9.850330
roulette wheel,180,2,300,150,rosenbrock,6,283.415131,931.547485,1057.086182,1113.518921,7.530645
roulette wheel,190,1,300,150,rosenbrock,6,296.183777,1265.096802,1449.170410,1323.695190,7.441810
roulette wheel,180,3,300,150,rosenbrock,6,296.454529,1329.944214,1481.045898,1018.889893,8.451130
roulette wheel,185,2,300,150,rosenbrock,6,232.887177,1080.967651,1255.564209,1347.133423,9.092945
roulette wheel,165,1,300,150,rosenbrock,6,174.715286,1047.176880,1131.332153,1220.276978,12.907750
roulette wheel,155,3,300,150,rosenbrock,6,121.947289,942.997864,1092.630615,1021.498718,13.850300
roulette wheel,175,2,300,150,rosenbrock,6,593.823914,1436.317139,1579.656250,789.017639,11.681105
roulette wheel,185,1,300,150,rosenbrock,6,159.267303,1255.569458,1490.563721,1005.340393,9.928345
roulette wheel,190,3,300,150,rosenbrock,6,319.234528,1083.197510,1170.937256,947.698364,7.843990
roulette wheel,175,1,300,150,rosenbrock,6,479.656616,1137.534790,1149.213379,859.981812,12.286640
roulette wheel,160,2,300,150,rosenbrock,6,252.510834,765.633911,806.864258,863.739990,14.499495
roulette wheel,175,3,300,150,rosenbrock,6,438.063263,1221.876587,1458.626709,719.317871,11.727565
roulette wheel,195,1,300,150,rosenbrock,6,282.704285,1349.314575,1835.868164,1417.023071,6.904400
roulette wheel,180,1,300,150,rosenbrock,6,356.610229,1259.885132,1488.018921,836.635925,12.434460
tournament 3,5,1,300,150,rosenbrock,6,66.523163,235.437546,269.230774,214.499008,6.401005
roulette wheel,195,2,300,150,rosenbrock,6,322.131622,1465.419678,1796.774902,986.523438,7.349125
roulette wheel,195,3,300,150,rosenbrock,6,137.178772,1489.991211,1849.092529,1346.351929,7.731250
roulette wheel,190,2,300,150,rosenbrock,6,279.897522,1359.824585,1438.711548,1344.148560,10.557285
tournament 3,5,2,300,150,rosenbrock,6,82.178757,282.062958,336.154205,191.736343,6.905850
roulette wheel,170,1,300,150,rosenbrock,6,199.803589,1049.670654,1553.275024,947.469727,14.707280
roulette wheel,170,3,300,150,rosenbrock,6,218.007431,1163.583618,1296.424316,1046.437256,14.736345
roulette wheel,165,3,300,150,rosenbrock,6,587.465637,1574.738525,1881.643433,1468.885986,14.993965
roulette wheel,170,2,300,150,rosenbrock,6,357.961426,1224.338745,1299.220947,774.415771,14.954520
tournament 3,10,1,300,150,rosenbrock,6,128.349762,439.869141,521.471802,273.947021,6.284115
roulette wheel,185,3,300,150,rosenbrock,6,60.588947,894.717468,906.717773,1279.468018,15.029495
tournament 3,10,2,300,150,rosenbrock,6,44.332802,348.453979,436.171600,223.338089,6.544710
roulette wheel,200,3,300,150,rosenbrock,6,155.685089,1614.238159,2131.876221,1635.628906,10.678735
roulette wheel,200,2,300,150,rosenbrock,6,840.293396,1433.096069,1568.676758,1089.890625,12.082420
tournament 3,15,1,300,150,rosenbrock,6,154.575256,518.850037,601.357605,262.185883,7.145480
roulette wheel,200,1,300,150,rosenbrock,6,279.485229,1233.746826,1579.514648,1628.310425,12.623425
tournament 3,10,3,300,150,rosenbrock,6,119.369171,358.262939,428.848907,300.508606,7.775520
tournament 3,25,2,300,150,rosenbrock,6,166.605667,533.109314,560.261047,631.837097,6.493570
tournament 3,20,3,300,150,rosenbrock,6,143.216904,407.994690,376.884918,414.398590,6.940405
tournament 3,30,1,300,150,rosenbrock,6,183.326813,630.169983,721.773193,478.087372,6.065650
tournament 3,40,1,300,150,rosenbrock,6,318.921844,633.970703,664.681030,329.080780,5.781100
tournament 3,5,3,300,150,rosenbrock,6,114.502304,254.859848,303.051849,142.308701,11.293630
tournament 3,40,2,300,150,rosenbrock,6,262.530670,620.561218,695.652344,561.316589,6.128235
tournament 3,25,3,300,150,rosenbrock,6,55.492294,494.301422,542.398254,380.145142,7.520280
tournament 3,35,2,300,150,rosenbrock,6,177.108780,627.739014,696.800781,530.902710,6.510815
tournament 3,25,1,300,150,rosenbrock,6,217.008713,621.578369,665.792236,373.242645,7.821550
tournament 3,15,2,300,150,rosenbrock,6,130.751389,354.890961,402.531250,302.001282,8.973245
tournament 3,20,1,300,150,rosenbrock,6,55.941322,448.013580,461.615540,496.978851,10.136915
tournament 3,40,3,300,150,rosenbrock,6,103.987640,485.586823,618.102539,518.359863,7.352905
tournament 3,45,2,300,150,rosenbrock,6,259.439514,888.417725,1056.814697,671.858398,6.460080
tournament 3,30,2,300,150,rosenbrock,6,119.085014,694.883545,863.457520,451.778076,9.576460
tournament 3,20,2,300,150,rosenbrock,6,173.850327,465.260864,565.335205,414.172943,11.783425
tournament 3,45,3,300,150,rosenbrock,6,126.709457,610.532959,712.842651,674.559814,6.814995
tournament 3,60,1,300,150,rosenbrock,6,117.823601,834.284546,1085.332520,703.483398,5.785515
tournament 3,50,2,300,150,rosenbrock,6,163.523926,756.421509,813.330505,605.874878,6.538720
tournament 3,65,1,300,150,rosenbrock,6,387.129333,870.032471,928.788879,411.274292,5.687130
tournament 3,55,2,300,150,rosenbrock,6,253.580276,874.739685,992.287598,567.515076,6.511085
tournament 3,60,2,300,150,rosenbrock,6,173.099777,682.933350,656.669556,1105.880493,6.250165
tournament 3,15,3,300,150,rosenbrock,6,50.175125,380.885284,406.998474,283.508087,13.795415
tournament 3,30,3,300,150,rosenbrock,6,86.566643,610.292969,693.853455,538.274048,12.188865
tournament 3,35,1,300,150,rosenbrock,6,108.255165,659.538635,780.341003,473.327850,12.403030
tournament 3,45,1,300,150,rosenbrock,6,201.818405,717.605408,807.674072,607.612183,9.591085
tournament 3,65,2,300,150,rosenbrock,6,358.275146,893.599487,970.895264,896.432739,6.293550
tournament 3,50,1,300,150,rosenbrock,6,239.102493,955.487244,1068.559082,654.786194,7.630465
tournament 3,35,3,300,150,rosenbrock,6,206.988373,775.361206,916.141541,441.257568,13.711995
tournament 3,50,3,300,150,rosenbrock,6,117.090157,800.126038,926.578613,470.518372,10.132910
tournament 3,65,3,300,150,rosenbrock,6,390.952423,981.265442,1118.282837,820.911438,8.969135
tournament 3,75,3,300,150,rosenbrock,6,167.511810,959.729065,1209.361328,830.719971,7.000625
tournament 3,85,2,300,150,rosenbrock,6,308.647064,699.639343,810.593750,682.827759,6.634040
tournament 3,90,1,300,150,rosenbrock,6,318.565094,788.456421,829.299194,584.381775,6.655350
tournament 3,90,2,300,150,rosenbrock,6,177.536591,931.188171,1233.516602,836.145752,6.459600
tournament 3,95,2,300,150,rosenbrock,6,397.353943,801.933655,809.068481,797.236084,6.403165
tournament 3,55,1,300,150,rosenbrock,6,73.322952,1051.027344,1554.849854,917.548462,13.011640
tournament 3,85,1,300,150,rosenbrock,6,351.544098,929.291077,850.908936,803.602783,8.250555
tournament 3,90,3,300,150,rosenbrock,6,69.797058,985.621887,1245.554932,989.183960,6.999795
tournament 3,60,3,300,150,rosenbrock,6,283.763519,773.636841,831.017334,489.780304,12.875280
tournament 3,75,2,300,150,rosenbrock,6,113.618935,873.044006,898.977295,1013.944397,9.677290
tournament 3,55,3,300,150,rosenbrock,6,178.580429,728.215332,652.338196,659.147217,13.440650
tournament 3,105,1,300,150,rosenbrock,6,148.531433,1223.903076,1347.569336,1154.396729,5.794895
tournament 3,70,2,300,150,rosenbrock,6,209.868652,885.274536,798.613892,915.275085,9.937150
tournament 3,105,2,300,150,rosenbrock,6,457.780975,1371.286987,1531.100464,889.146973,6.179265
tournament 3,70,1,300,150,rosenbrock,6,147.263077,802.065552,939.276733,575.256958,12.326015
tournament 3,105,3,300,150,rosenbrock,6,307.470459,928.727051,945.709351,1120.552612,7.285230
tournament 3,80,1,300,150,rosenbrock,6,213.835190,804.159973,1056.968262,612.057190,12.284045
tournament 3,110,1,300,150,rosenbrock,6,313.252655,1172.947388,1300.520386,669.075989,7.151490
tournament 3,115,1,300,150,rosenbrock,6,254.012207,1172.767212,1584.656494,758.407288,6.553200
tournament 3,110,3,300,150,rosenbrock,6,282.446014,1053.057373,1395.819702,623.216248,7.329650
tournament 3,100,1,300,150,rosenbrock,6,122.470833,962.399414,1166.300781,995.341980,11.873205
tournament 3,110,2,300,150,rosenbrock,6,169.579346,1128.281860,1471.222656,630.419067,7.515365
tournament 3,120,2,300,150,rosenbrock,6,207.530914,968.397339,1126.979370,1152.062378,6.319095
tournament 3,120,1,300,150,rosenbrock,6,170.584091,1186.663940,1592.984619,1060.490356,6.376990
tournament 3,115,3,300,150,rosenbrock,6,446.490692,1324.427368,1427.141602,1099.967407,7.372660
tournament 3,100,2,300,150,rosenbrock,6,174.556061,1056.618530,1308.897705,739.841187,12.111185
tournament 3,75,1,300,150,rosenbrock,6,420.944611,940.470398,1023.604492,546.379822,15.841380
tournament 3,95,1,300,150,rosenbrock,6,263.817902,1223.245850,1387.601807,946.819641,13.524475
tournament 3,125,2,300,150,rosenbrock,6,48.955551,1090.955933,1244.813965,895.022339,6.209765
tournament 3,130,1,300,150,rosenbrock,6,563.230042,1293.211548,1502.288086,743.142273,6.002140
tournament 3,120,3,300,150,rosenbrock,6,183.997665,1254.153442,1411.129395,1084.738647,7.190675
tournament 3,125,1,300,150,rosenbrock,6,52.349205,831.779175,944.181702,658.623169,6.914370
tournament 3,95,3,300,150,rosenbrock,6,371.550598,1048.095093,1091.361816,976.685364,14.138515
tournament 3,70,3,300,150,rosenbrock,6,115.672752,775.805542,807.022217,664.726990,17.029000
tournament 3,100,3,300,150,rosenbrock,6,154.942352,888.934631,1029.759766,1046.144897,14.487950
tournament 3,80,2,300,150,rosenbrock,6,242.813873,924.961670,1091.617188,415.664734,17.513270
tournament 3,80,3,300,150,rosenbrock,6,124.629959,1034.163330,1280.547852,999.744080,17.534015
tournament 3,85,3,300,150,rosenbrock,6,29.723309,774.200928,889.504028,914.676575,17.308220
tournament 3,125,3,300,150,rosenbrock,6,199.716614,1111.003662,1186.423828,1116.161987,10.039190
tournament 3,115,2,300,150,rosenbrock,6,259.538788,782.943115,911.264893,590.733093,12.789890
tournament 3,145,1,300,150,rosenbrock,6,378.053528,1364.202637,1380.183228,872.227600,5.771055
tournament 3,140,3,300,150,rosenbrock,6,220.436203,995.601685,1145.730225,678.760071,6.678630
tournament 3,130,2,300,150,rosenbrock,6,478.524902,967.466919,1046.712402,680.588257,8.787230
tournament 3,145,2,300,150,rosenbrock,6,275.719116,1059.283936,1265.773926,1404.079590,6.129895
tournament 3,150,1,300,150,rosenbrock,6,527.863708,1318.218262,1484.043213,1094.759155,5.787315
tournament 3,150,2,300,150,rosenbrock,6,368.926239,1243.403687,1236.311768,970.803589,6.252000
tournament 3,145,3,300,150,rosenbrock,6,62.713707,1181.894287,1267.204468,1270.325195,7.360085
tournament 3,160,1,300,150,rosenbrock,6,24.439405,1038.725952,1305.699707,715.366516,5.995080
tournament 3,135,2,300,150,rosenbrock,6,147.930771,907.119080,953.161865,762.168335,8.356115
tournament 3,130,3,300,150,rosenbrock,6,166.591171,961.526428,1051.831543,958.296631,9.191690
tournament 3,160,2,300,150,rosenbrock,6,221.401199,1026.454224,1151.156128,826.079834,7.386515
tournament 3,155,2,300,150,rosenbrock,6,330.371094,1505.142090,1866.134766,1327.859375,8.117015
tournament 3,135,1,300,150,rosenbrock,6,41.831081,1392.223511,1800.218994,1456.569214,11.483550
tournament 3,170,1,300,150,rosenbrock,6,311.061920,1233.143799,1311.296387,1119.319214,5.688055
tournament 3,170,2,300,150,rosenbrock,6,294.854309,1266.604736,1391.788086,1139.755737,5.994800
tournament 3,140,2,300,150,rosenbrock,6,84.174789,1268.258057,1520.780273,1220.729614,12.284590
tournament 3,165,3,300,150,rosenbrock,6,180.437088,1144.140625,1331.251709,1082.401001,6.739540
tournament 3,175,1,300,150,rosenbrock,6,114.231903,1636.083740,2125.607910,1099.407959,5.699560
tournament 3,180,1,300,150,rosenbrock,6,24.788139,1438.511719,1622.585449,1089.509888,5.585775
tournament 3,140,1,300,150,rosenbrock,6,455.304443,1208.855713,1447.342285,718.590332,13.440905
tournament 3,155,1,300,150,rosenbrock,6,252.262634,1224.965820,1508.527222,1068.172974,11.310240
tournament 3,135,3,300,150,rosenbrock,6,198.062851,1043.916138,1136.692383,938.750549,13.879630
tournament 3,190,1,300,150,rosenbrock,6,190.403748,792.656128,882.307861,1249.039673,5.622535
tournament 3,185,2,300,150,rosenbrock,6,501.613159,1070.414917,1185.087036,828.384521,6.047670
tournament 5,20,3,300,150,rosenbrock,6,288.648407,448.959351,525.844788,292.648102,10.213490
tournament 3,160,3,300,150,rosenbrock,6,337.172180,1102.360840,1290.716919,793.775085,12.762585
tournament 3,155,3,300,150,rosenbrock,6,247.197098,1269.120117,1385.425781,991.405090,12.922270
tournament 3,170,3,300,150,rosenbrock,6,276.753357,1110.811768,1177.280029,1882.359741,8.454045
tournament 3,190,3,300,150,rosenbrock,6,289.849640,1037.624634,1192.659180,1071.299927,6.442330
tournament 3,150,3,300,150,rosenbrock,6,154.332092,1133.757324,1316.478516,1566.014893,14.182030
tournament 3,165,1,300,150,rosenbrock,6,162.344833,1191.562622,1189.964111,1503.460938,14.323135
tournament 3,200,1,300,150,rosenbrock,6,693.039307,1386.589111,1637.000732,629.901978,5.866675
tournament 3,190,2,300,150,rosenbrock,6,187.634003,900.569763,1078.372681,640.347534,9.865085
tournament 3,185,1,300,150,rosenbrock,6,134.608231,1332.344849,1480.386963,1168.328979,11.366860
tournament 5,5,1,300,150,rosenbrock,6,45.239700,271.599701,297.315857,211.692764,7.567145
tournament 3,175,3,300,150,rosenbrock,6,290.074402,1232.537720,1665.384766,1273.731201,12.318540
tournament 3,180,2,300,150,rosenbrock,6,291.170776,1580.281494,2101.371094,926.685364,12.289285
tournament 5,15,1,300,150,rosenbrock,6,124.823433,419.309570,535.971924,317.487183,7.202955
tournament 5,5,2,300,150,rosenbrock,6,102.756828,313.970490,336.101440,208.586151,8.149575
tournament 3,180,3,300,150,rosenbrock,6,307.638763,1350.315186,1579.205200,1175.181152,12.470900
tournament 5,5,3,300,150,rosenbrock,6,114.846291,272.154694,292.963470,220.603989,8.050095
tournament 5,15,2,300,150,rosenbrock,6,41.750011,374.483124,417.070923,293.011810,7.179205
tournament 3,175,2,300,150,rosenbrock,6,304.132660,1431.601562,1562.967529,1083.704224,13.935155
tournament 5,15,3,300,150,rosenbrock,6,95.243088,433.690277,458.092285,380.372070,7.683875
tournament 3,195,1,300,150,rosenbrock,6,609.399353,1539.542236,1720.090820,1062.420044,12.236710
tournament 3,195,3,300,150,rosenbrock,6,248.176834,1509.196533,1877.233154,1471.258179,11.825745
tournament 3,195,2,300,150,rosenbrock,6,210.312988,920.292603,1122.101562,940.276367,11.883275
tournament 5,30,2,300,150,rosenbrock,6,142.954163,636.869995,780.902710,432.149719,8.001940
tournament 5,35,1,300,150,rosenbrock,6,160.455185,632.557190,525.879272,572.001282,6.899230
tournament 3,165,2,300,150,rosenbrock,6,156.521820,1526.704590,1685.953369,1452.389282,8.702310
tournament 5,20,1,300,150,rosenbrock,6,53.730247,583.760193,688.873291,546.730347,9.509375
tournament 3,200,3,300,150,rosenbrock,6,645.240173,1250.081543,1310.067139,1430.043823,12.842995
tournament 5,35,2,300,150,rosenbrock,6,102.713264,601.439514,714.278931,790.283081,8.343440
tournament 5,40,1,300,150,rosenbrock,6,215.056702,685.052490,836.375244,446.877563,6.507000
tournament 5,40,2,300,150,rosenbrock,6,303.261444,900.679443,1056.765381,473.228973,7.236320
tournament 5,45,2,300,150,rosenbrock,6,98.985893,595.233276,633.269165,410.975220,7.094515
tournament 3,200,2,300,150,rosenbrock,6,173.127655,1236.750977,1386.011230,1204.586792,15.808015
tournament 5,45,1,300,150,rosenbrock,6,166.294388,658.184937,687.666992,845.118896,7.814515
tournament 5,40,3,300,150,rosenbrock,6,130.764877,632.333313,801.089111,569.388367,7.879585
tournament 3,185,3,300,150,rosenbrock,6,187.722855,1285.381592,1533.757324,1198.062500,20.747800
tournament 5,55,2,300,150,rosenbrock,6,281.607422,873.791565,1108.204590,720.522949,7.425855
tournament 5,10,3,300,150,rosenbrock,6,167.868790,367.070160,398.997009,200.739975,16.144515
tournament 5,55,1,300,150,rosenbrock,6,211.009399,747.251465,833.571411,718.252686,9.546895
tournament 5,60,2,300,150,rosenbrock,6,434.261475,851.939270,931.897949,309.077698,6.941480
tournament 5,55,3,300,150,rosenbrock,6,324.988831,863.224670,1039.173828,569.013977,9.380315
tournament 5,65,1,300,150,rosenbrock,6,149.195648,703.184082,867.057861,838.386047,6.278355
tournament 5,20,2,300,150,rosenbrock,6,130.426224,675.763855,805.369995,437.965729,15.461370
tournament 5,60,3,300,150,rosenbrock,6,313.390259,765.457947,851.946533,555.567505,7.341855
tournament 5,30,1,300,150,rosenbrock,6,49.897141,690.951050,832.555237,546.522827,16.833705
tournament 5,70,1,300,150,rosenbrock,6,423.895508,1033.626709,1134.303955,567.701660,6.106920
tournament 5,25,1,300,150,rosenbrock,6,203.288010,489.367981,563.016724,341.120850,17.094930
tournament 5,50,3,300,150,rosenbrock,6,120.822136,693.260315,877.164001,569.912598,12.255910
tournament 5,10,1,300,150,rosenbrock,6,39.577324,401.016052,474.002563,341.445923,20.886230
tournament 5,70,2,300,150,rosenbrock,6,178.767975,880.143616,1040.757202,731.972778,6.637470
tournament 5,80,1,300,150,rosenbrock,6,252.564423,925.726990,949.456665,786.221924,6.196225
tournament 5,60,1,300,150,rosenbrock,6,165.911072,851.878601,979.186768,605.327698,10.751705
tournament 5,70,3,300,150,rosenbrock,6,115.340729,923.286011,1108.952393,669.656250,7.310975
tournament 5,25,3,300,150,rosenbrock,6,84.029297,566.418823,710.689819,389.110748,19.689540
tournament 5,80,2,300,150,rosenbrock,6,96.377472,688.252991,737.985840,923.596313,7.014050
tournament 5,50,1,300,150,rosenbrock,6,108.082115,868.010620,1024.734619,571.318237,15.765440
tournament 5,10,2,300,150,rosenbrock,6,101.915176,320.723511,375.754852,233.705215,24.319415
tournament 5,50,2,300,150,rosenbrock,6,116.909996,710.461060,741.289551,511.269409,16.010485
tournament 5,30,3,300,150,rosenbrock,6,128.118607,734.721802,946.190674,738.349182,20.356795
tournament 5,25,2,300,150,rosenbrock,6,191.661591,566.539673,627.392212,478.178009,21.948145
tournament 5,85,2,300,150,rosenbrock,6,174.404251,1126.970703,1479.991211,911.044128,6.849130
tournament 5,90,2,300,150,rosenbrock,6,88.401680,996.526978,1360.347046,690.052856,6.855990
tournament 5,45,3,300,150,rosenbrock,6,377.117279,887.601807,909.209106,562.931396,16.980065
tournament 5,35,3,300,150,rosenbrock,6,79.789825,592.983276,768.789185,522.248047,19.352840
tournament 5,95,2,300,150,rosenbrock,6,266.472412,916.139343,1088.087402,638.638367,6.717545
tournament 5,95,3,300,150,rosenbrock,6,260.710114,885.159180,1065.320312,532.699707,7.735380
tournament 5,75,1,300,150,rosenbrock,6,75.607231,644.397705,741.306030,513.821655,12.010780
tournament 5,65,2,300,150,rosenbrock,6,156.364563,652.544739,729.144836,551.838623,13.703470
tournament 5,100,2,300,150,rosenbrock,6,190.312363,1122.817871,1238.365723,968.930115,7.306760
tournament 5,100,3,300,150,rosenbrock,6,145.457443,1085.641113,1338.423584,830.744751,8.005920
tournament 5,85,3,300,150,rosenbrock,6,237.640381,1027.766724,1287.449707,1070.694946,11.201245
tournament 5,75,3,300,150,rosenbrock,6,147.894501,996.084045,1358.291260,734.644958,14.276895
tournament 5,65,3,300,150,rosenbrock,6,187.345459,757.887512,752.753967,806.324097,15.990650
tournament 5,105,2,300,150,rosenbrock,6,496.456696,1558.161255,1811.421509,1108.005371,8.193140
tournament 5,105,1,300,150,rosenbrock,6,218.754059,1036.576660,1244.950317,724.932922,8.488710
tournament 5,85,1,300,150,rosenbrock,6,443.511322,1167.335205,1475.577759,807.996704,12.388145
tournament 5,115,1,300,150,rosenbrock,6,158.563461,976.096924,1222.979980,1081.950439,7.891325
tournament 5,90,1,300,150,rosenbrock,6,123.481415,860.436829,1042.947998,632.162109,12.799450
tournament 5,110,3,300,150,rosenbrock,6,375.302643,1383.489868,1569.327637,677.217896,8.486965
tournament 5,80,3,300,150,rosenbrock,6,133.838120,956.062988,1284.425293,570.398743,14.620085
tournament 5,75,2,300,150,rosenbrock,6,389.089020,825.435486,881.275452,760.331055,16.862535
tournament 5,105,3,300,150,rosenbrock,6,306.296722,1001.067444,1142.778320,927.269104,9.587365
tournament 5,95,1,300,150,rosenbrock,6,121.097145,932.030212,990.833252,799.840332,13.348740
tournament 5,90,3,300,150,rosenbrock,6,519.893677,1167.691406,1240.308350,696.543274,13.555980
tournament 5,100,1,300,150,rosenbrock,6,280.249237,1092.140991,1322.100830,939.412659,11.937650
tournament 5,125,1,300,150,rosenbrock,6,527.772339,1518.794312,1665.078857,1270.809448,7.314435
tournament 5,120,2,300,150,rosenbrock,6,144.989380,1158.641602,1373.458374,811.176086,8.318695
tournament 5,125,2,300,150,rosenbrock,6,92.698578,1082.341431,1436.893555,847.831116,8.245375
tournament 5,120,3,300,150,rosenbrock,6,255.265442,1137.551025,1468.377197,777.044373,8.789535
tournament 5,130,1,300,150,rosenbrock,6,400.655304,1109.208496,1263.798218,921.429688,6.353230
tournament 5,110,1,300,150,rosenbrock,6,240.831924,1295.417236,1614.962158,984.858643,12.801890
tournament 5,115,2,300,150,rosenbrock,6,183.294891,1077.403320,1171.359253,698.672424,10.730300
tournament 5,110,2,300,150,rosenbrock,6,210.221558,900.466553,708.587646,916.384460,13.876935
tournament 5,130,2,300,150,rosenbrock,6,499.149261,1240.504028,1417.693848,918.931091,8.415415
tournament 5,135,1,300,150,rosenbrock,6,109.434219,973.458740,1196.730713,1016.632019,6.431680
tournament 5,140,1,300,150,rosenbrock,6,58.152657,975.268921,1033.673584,1038.390991,7.018775
tournament 5,140,2,300,150,rosenbrock,6,279.817017,1415.861572,1478.437866,1073.484619,7.049955
tournament 5,150,1,300,150,rosenbrock,6,189.658249,1027.817749,1310.548096,1162.157227,6.347980
tournament 5,140,3,300,150,rosenbrock,6,270.946716,1319.705322,1510.302002,911.727173,7.621660
tournament 5,145,2,300,150,rosenbrock,6,420.420105,1354.787842,1435.948486,1709.860962,6.760835
tournament 5,155,2,300,150,rosenbrock,6,317.900085,1487.839111,1858.066406,1179.238647,6.884810
tournament 5,135,3,300,150,rosenbrock,6,92.713135,1145.302979,1480.223389,946.792786,8.963010
tournament 5,120,1,300,150,rosenbrock,6,344.267120,1183.005127,1469.094238,791.876648,15.656700
tournament 5,155,3,300,150,rosenbrock,6,204.774841,1255.809204,1432.193970,991.623901,7.657665
tournament 5,160,2,300,150,rosenbrock,6,240.883438,1326.812012,1450.251953,1068.847656,6.496695
tournament 5,150,3,300,150,rosenbrock,6,341.027161,1286.254639,1782.146484,1281.012817,8.728185
tournament 5,160,1,300,150,rosenbrock,6,473.021851,1655.316162,1997.112061,1011.671997,7.460395
tournament 5,165,1,300,150,rosenbrock,6,669.354797,1542.936646,1772.730957,880.058044,6.195325
tournament 5,115,3,300,150,rosenbrock,6,81.660858,1178.015259,1645.780029,777.732117,18.819590
tournament 5,175,1,300,150,rosenbrock,6,240.995056,1194.187012,1388.598877,993.447876,6.750240
tournament 5,175,2,300,150,rosenbrock,6,90.860542,1362.422485,1699.020020,1213.438110,7.994025
tournament 5,180,2,300,150,rosenbrock,6,412.165009,953.271362,1163.207153,824.796997,6.552015
tournament 5,180,3,300,150,rosenbrock,6,105.627792,1195.985962,1600.880371,1099.941772,6.892055
tournament 5,190,1,300,150,rosenbrock,6,213.464874,1306.247314,1585.868652,965.326355,6.161750
tournament 5,195,2,300,150,rosenbrock,6,30.644522,859.912292,944.335938,1953.229126,6.488625
tournament 5,185,3,300,150,rosenbrock,6,480.107971,1787.852051,2122.134033,1416.981445,7.165680
tournament 5,150,2,300,150,rosenbrock,6,153.793427,1481.797852,2028.630371,1045.474243,14.286025
tournament 5,130,3,300,150,rosenbrock,6,165.069153,1240.152466,1509.584473,741.404724,16.838110
tournament 5,195,1,300,150,rosenbrock,6,303.420166,1817.073486,2223.224609,1579.309204,7.510125
tournament 5,145,1,300,150,rosenbrock,6,77.626358,866.889771,1083.904907,849.945312,14.794550
tournament 5,185,2,300,150,rosenbrock,6,276.353851,1219.728027,1615.457397,1319.546021,8.651560
tournament 5,200,2,300,150,rosenbrock,6,400.294495,1868.579468,2351.499512,1357.545776,6.973180
tournament 5,190,3,300,150,rosenbrock,6,358.162170,1518.157837,1571.789307,1592.867432,8.345350
tournament 5,200,1,300,150,rosenbrock,6,221.469803,1426.494507,1638.866943,1310.689331,7.244400
tournament 5,200,3,300,150,rosenbrock,6,502.084167,1239.638916,1438.115479,774.130737,6.753570
tournament 5,125,3,300,150,rosenbrock,6,518.521545,1480.770386,1724.776855,890.440430,20.430220
tournament 5,185,1,300,150,rosenbrock,6,568.922668,1208.008423,1248.774780,946.285034,9.548495
tournament 5,155,1,300,150,rosenbrock,6,268.793793,1086.792114,1295.380859,915.526245,16.153575
tournament 5,165,3,300,150,rosenbrock,6,340.253632,1096.041748,1108.827393,1778.159546,12.911265
tournament 5,180,1,300,150,rosenbrock,6,382.007355,1019.277100,1040.511963,1066.391602,11.824690
tournament 5,165,2,300,150,rosenbrock,6,308.584778,1093.710938,1175.994019,765.702698,13.564230
tournament 5,170,1,300,150,rosenbrock,6,256.179077,1285.416748,1413.806763,1199.388550,13.556975
tournament 5,170,2,300,150,rosenbrock,6,185.025345,1376.875977,1695.310059,1337.121948,13.661440
tournament 5,135,2,300,150,rosenbrock,6,369.352905,794.099792,880.624695,1014.755554,19.827420
tournament 5,160,3,300,150,rosenbrock,6,273.962891,1120.272583,1384.211914,1322.235229,15.256250
tournament 5,170,3,300,150,rosenbrock,6,385.308899,1056.838867,1092.777100,1107.745117,14.116400
tournament 5,175,3,300,150,rosenbrock,6,148.291214,1261.527954,1602.182373,1243.297363,13.221535
tournament 5,145,3,300,150,rosenbrock,6,191.203949,851.329834,1018.000122,796.195312,18.336140
tournament 5,190,2,300,150,rosenbrock,6,331.652985,1208.540527,1420.029541,1266.471436,12.368755
tournament 5,195,3,300,150,rosenbrock,6,430.244659,1181.388794,1292.418091,1306.899048,11.951685
roulette wheel,35,1,600,300,rosenbrock,9,868.788208,3886.827881,4909.701172,3172.015869,36.067425
roulette wheel,85,2,600,300,rosenbrock,9,1542.397339,5837.542969,7196.791016,3603.420898,38.412885
roulette wheel,55,3,600,300,rosenbrock,9,1551.032227,5300.946777,5884.940430,3329.852295,40.031135
roulette wheel,40,2,600,300,rosenbrock,9,926.233765,3924.813477,4158.137207,3070.949463,36.318070
roulette wheel,35,3,600,300,rosenbrock,9,1393.087891,3879.831299,4237.914062,2568.389160,40.137765
roulette wheel,30,3,600,300,rosenbrock,9,1204.657593,3991.526123,4767.400391,2014.674683,41.582710
roulette wheel,5,1,600,300,rosenbrock,9,946.075073,2429.736816,2744.077881,1072.433350,43.534265
roulette wheel,35,2,600,300,rosenbrock,9,866.618530,4519.483398,5194.833984,2748.117188,42.952090
roulette wheel,30,2,600,300,rosenbrock,9,1012.168518,4460.103516,4928.580566,2432.222656,44.551665
roulette wheel,50,1,600,300,rosenbrock,9,1188.580566,4653.062012,5745.552734,2002.828735,42.403095
roulette wheel,45,2,600,300,rosenbrock,9,1592.512207,4380.323242,5512.752930,2630.125000,45.155245
roulette wheel,55,1,600,300,rosenbrock,9,564.900391,5825.881836,7134.318359,3334.208740,41.570140
roulette wheel,45,3,600,300,rosenbrock,9,2661.703125,4880.930664,5267.965820,2437.577881,48.775045
roulette wheel,20,2,600,300,rosenbrock,9,1775.773193,4332.715332,5277.282227,2220.116943,57.022410
roulette wheel,50,2,600,300,rosenbrock,9,2715.996338,5479.354004,6334.703613,2956.328369,48.251450
roulette wheel,50,3,600,300,rosenbrock,9,591.104858,4849.658203,6313.041992,3121.641113,51.899890
roulette wheel,55,2,600,300,rosenbrock,9,2250.895264,5544.311035,6461.291992,1942.367676,42.341445
roulette wheel,60,1,600,300,rosenbrock,9,347.806335,5617.151367,6687.420898,3707.181396,43.188500
roulette wheel,20,1,600,300,rosenbrock,9,479.170013,3614.783203,4514.627930,1699.799927,66.719590
roulette wheel,60,2,600,300,rosenbrock,9,2968.914062,7054.458008,8146.106934,3559.015625,37.792095
roulette wheel,15,1,600,300,rosenbrock,9,1082.039551,2900.924805,3327.937012,1858.954590,73.286245
roulette wheel,20,3,600,300,rosenbrock,9,1007.426514,4183.012207,5222.846680,1866.842773,74.407510
roulette wheel,25,2,600,300,rosenbrock,9,245.594696,3484.015869,4783.413574,2246.468750,74.988810
roulette wheel,10,2,600,300,rosenbrock,9,1033.078491,2898.300781,3367.352539,1606.939453,76.031435
roulette wheel,60,3,600,300,rosenbrock,9,1382.675049,4610.608398,5710.950195,2488.859863,38.726575
roulette wheel,25,1,600,300,rosenbrock,9,1140.458374,4210.916992,5264.899414,2214.014404,77.370650
roulette wheel,25,3,600,300,rosenbrock,9,458.249237,3624.572021,4344.028320,1848.819580,77.925000
roulette wheel,40,1,600,300,rosenbrock,9,1255.217773,4583.573242,5694.030273,2839.088623,75.245690
roulette wheel,10,3,600,300,rosenbrock,9,474.915253,2589.132812,3307.836182,1853.477783,79.625265
roulette wheel,15,2,600,300,rosenbrock,9,1720.847290,3638.194336,4199.727539,1575.477661,80.217030
roulette wheel,70,1,600,300,rosenbrock,9,1286.638672,4482.637207,4988.517090,3097.599609,34.690075
roulette wheel,5,3,600,300,rosenbrock,9,531.109741,1841.202515,2191.483398,1093.019287,82.655125
roulette wheel,15,3,600,300,rosenbrock,9,485.213196,3261.038086,3947.522461,1548.594727,83.024895
roulette wheel,65,1,600,300,rosenbrock,9,2217.863770,5848.544434,7160.878906,2956.958984,41.459415
roulette wheel,80,1,600,300,rosenbrock,9,2245.322266,4920.761719,5845.432617,3337.354004,37.675990
roulette wheel,65,3,600,300,rosenbrock,9,1348.256104,5410.916016,6071.989746,3129.693359,40.004040
roulette wheel,30,1,600,300,rosenbrock,9,2864.445801,5704.402832,5825.771484,3288.388428,84.798915
roulette wheel,40,3,600,300,rosenbrock,9,1397.109375,5287.698242,6339.128906,2244.358887,79.050105
roulette wheel,45,1,600,300,rosenbrock,9,1270.213257,4222.625977,5137.101562,2376.384766,78.104700
roulette wheel,75,1,600,300,rosenbrock,9,1213.131104,6144.611816,7293.847168,4104.458496,42.234275
roulette wheel,70,2,600,300,rosenbrock,9,3650.832764,5773.844238,6468.408203,3203.329102,43.051635
roulette wheel,65,2,600,300,rosenbrock,9,765.015320,5873.805176,7682.549805,3498.812988,47.385605
roulette wheel,80,2,600,300,rosenbrock,9,3352.849121,5829.249512,6650.355469,3611.070557,42.264365
roulette wheel,75,2,600,300,rosenbrock,9,1509.660522,4264.429688,5027.691406,2809.264160,44.690105
roulette wheel,75,3,600,300,rosenbrock,9,1129.259888,5838.476074,7108.761719,4557.249023,46.224010
roulette wheel,70,3,600,300,rosenbrock,9,1873.320801,5054.821289,6080.035156,2302.216309,46.975775
roulette wheel,80,3,600,300,rosenbrock,9,888.858459,5854.979980,7143.305664,3193.127686,41.835830
roulette wheel,5,2,600,300,rosenbrock,9,615.455933,2008.173096,2511.040527,1497.122192,73.893090
roulette wheel,85,1,600,300,rosenbrock,9,972.387451,4815.806152,5399.833008,3187.325439,42.104590
roulette wheel,10,1,600,300,rosenbrock,9,478.752747,2719.545166,3395.938721,1648.860107,42.264635
roulette wheel,85,3,600,300,rosenbrock,9,923.059998,4331.107910,5278.104004,3317.737061,48.147905
roulette wheel,90,2,600,300,rosenbrock,9,1837.166992,5984.357910,7469.631836,3895.045654,41.914905
roulette wheel,95,1,600,300,rosenbrock,9,3323.972412,6845.371582,7775.532227,2681.420410,40.607780
roulette wheel,90,1,600,300,rosenbrock,9,1237.961426,6366.124023,7847.581055,2467.302979,48.394315
roulette wheel,100,2,600,300,rosenbrock,9,1528.945801,6556.005859,7282.720215,4058.989014,33.006530
roulette wheel,125,1,600,300,rosenbrock,9,393.983459,6796.655273,7805.749023,3557.657471,32.033670
roulette wheel,120,1,600,300,rosenbrock,9,1360.771973,6158.112305,7870.798828,4446.083496,34.960195
roulette wheel,90,3,600,300,rosenbrock,9,2894.786621,6688.554688,7246.308594,3083.488770,48.593970
roulette wheel,130,2,600,300,rosenbrock,9,3939.052490,7324.544434,8435.637695,2349.375244,33.031460
roulette wheel,130,1,600,300,rosenbrock,9,1676.402344,6040.815430,6926.328125,3711.315430,43.074215
roulette wheel,125,2,600,300,rosenbrock,9,2409.193848,6411.842773,7344.640625,2877.614746,43.530730
roulette wheel,105,2,600,300,rosenbrock,9,2983.996338,6121.299805,6286.841797,3578.337402,49.760265
roulette wheel,120,3,600,300,rosenbrock,9,3546.561035,6847.663574,7654.246582,3823.175537,49.435655
roulette wheel,125,3,600,300,rosenbrock,9,914.260132,7909.497559,10168.624023,3800.351562,50.672925
roulette wheel,130,3,600,300,rosenbrock,9,1086.276489,6634.319336,7188.219727,4525.471680,44.759275
roulette wheel,135,2,600,300,rosenbrock,9,1542.994751,8745.591797,11300.310547,5816.886719,44.711080
roulette wheel,95,3,600,300,rosenbrock,9,2172.729980,5815.623535,6087.226562,3805.444824,56.678055
roulette wheel,100,1,600,300,rosenbrock,9,834.457764,7236.819336,8479.789062,3599.579346,58.387765
roulette wheel,115,1,600,300,rosenbrock,9,1795.755249,5785.667480,5714.880371,4884.524902,56.918305
roulette wheel,105,1,600,300,rosenbrock,9,1634.296387,5263.422852,6422.870117,4120.255859,59.112155
roulette wheel,95,2,600,300,rosenbrock,9,1805.552979,5203.065430,5561.100586,3596.834229,63.783620
roulette wheel,110,3,600,300,rosenbrock,9,2215.313232,6586.904785,7769.625977,4453.556641,58.755615
roulette wheel,120,2,600,300,rosenbrock,9,1790.363281,6110.972168,6953.724609,2902.072754,58.897880
roulette wheel,110,1,600,300,rosenbrock,9,1287.529419,6601.224609,7353.003418,6510.363281,62.643090
roulette wheel,135,3,600,300,rosenbrock,9,1403.265869,5318.856445,6628.431152,3972.688721,41.586540
roulette wheel,115,2,600,300,rosenbrock,9,1534.066406,5802.594727,6082.461914,3478.417236,65.517450
roulette wheel,100,3,600,300,rosenbrock,9,1373.288818,8154.944336,9550.145508,3859.697510,67.441920
roulette wheel,105,3,600,300,rosenbrock,9,2310.160645,4622.830078,4987.235352,3793.841309,67.900140
roulette wheel,110,2,600,300,rosenbrock,9,2152.817383,6424.419434,7820.701660,3532.305176,67.967100
roulette wheel,135,1,600,300,rosenbrock,9,2550.236816,6031.895508,6823.875977,3238.527832,61.659795
tournament 3,10,2,600,300,rosenbrock,9,935.826782,2304.321045,2743.189941,1410.905640,34.667870
roulette wheel,165,1,600,300,rosenbrock,9,2269.276123,5646.245605,7198.307617,5304.011719,37.772725
roulette wheel,140,2,600,300,rosenbrock,9,1638.920410,5317.353516,6562.355469,3954.294434,48.621705
roulette wheel,150,1,600,300,rosenbrock,9,1315.336914,5884.420898,6864.235352,2943.674561,41.960240
roulette wheel,160,1,600,300,rosenbrock,9,4637.421387,8926.979492,9342.991211,2894.432129,42.809150
roulette wheel,165,2,600,300,rosenbrock,9,3366.103760,8479.428711,9920.783203,4118.128418,41.841395
roulette wheel,165,3,600,300,rosenbrock,9,2893.103760,7472.030273,9443.545898,5174.179688,43.640565
roulette wheel,170,2,600,300,rosenbrock,9,3047.023682,8950.099609,10435.697266,4696.150879,43.530910
roulette wheel,115,3,600,300,rosenbrock,9,3851.647705,7203.828613,7709.303711,3073.192383,94.512145
roulette wheel,180,1,600,300,rosenbrock,9,3085.372559,6697.263184,7926.805176,3179.472900,41.405020
roulette wheel,175,3,600,300,rosenbrock,9,2367.748535,8426.144531,9416.990234,7764.055176,42.592130
roulette wheel,175,2,600,300,rosenbrock,9,898.188843,6081.223145,7172.774902,3736.361572,43.453280
roulette wheel,140,1,600,300,rosenbrock,9,3332.765381,7144.790039,7245.178711,4023.987793,67.571495
roulette wheel,185,2,600,300,rosenbrock,9,3768.016113,7576.326660,8853.023438,3517.550049,39.170750
roulette wheel,185,1,600,300,rosenbrock,9,1016.066406,7605.190430,8842.547852,5306.904785,41.003425
roulette wheel,180,2,600,300,rosenbrock,9,2619.833740,7675.027344,8548.677734,5662.524414,47.192720
roulette wheel,180,3,600,300,rosenbrock,9,2560.543701,9194.230469,11045.935547,4883.868164,48.754860
roulette wheel,185,3,600,300,rosenbrock,9,2422.982422,7226.959961,9161.228516,4506.929688,42.451180
roulette wheel,190,2,600,300,rosenbrock,9,4474.075195,9477.107422,10741.484375,5499.036133,56.938265
roulette wheel,145,1,600,300,rosenbrock,9,987.683899,6148.183594,7133.496094,3344.383545,99.890045
roulette wheel,155,1,600,300,rosenbrock,9,1278.860352,5015.607422,5444.737793,4907.014160,100.108310
roulette wheel,170,1,600,300,rosenbrock,9,3557.433838,6826.034180,8202.086914,4098.707031,98.875740
roulette wheel,145,2,600,300,rosenbrock,9,1909.812012,5645.244141,6866.290039,2904.311523,110.705215
roulette wheel,175,1,600,300,rosenbrock,9,1770.726807,7918.020996,9467.573242,5167.013672,106.276655
roulette wheel,155,2,600,300,rosenbrock,9,2517.317627,6840.177246,7638.904297,3690.406250,115.195195
roulette wheel,150,3,600,300,rosenbrock,9,3273.645020,8224.507812,9032.615234,3726.255127,119.401740
roulette wheel,155,3,600,300,rosenbrock,9,1576.732544,5564.982422,5996.364746,4276.320801,118.794340
roulette wheel,200,1,600,300,rosenbrock,9,807.976196,7693.055664,9089.091797,4891.474609,86.727770
roulette wheel,145,3,600,300,rosenbrock,9,450.786835,7026.423340,8797.747070,4773.444336,123.552815
roulette wheel,195,1,600,300,rosenbrock,9,783.933350,5832.923340,6240.449219,5170.003906,89.898810
roulette wheel,170,3,600,300,rosenbrock,9,1888.269287,6732.004395,8201.318359,4810.225586,118.927795
roulette wheel,150,2,600,300,rosenbrock,9,1104.957031,6120.458008,8296.051758,3602.346436,126.784765
roulette wheel,190,1,600,300,rosenbrock,9,2271.524170,7144.522461,8378.971680,4339.478516,103.553315
roulette wheel,140,3,600,300,rosenbrock,9,3354.165039,6547.884766,6852.913574,4939.583008,139.881470
tournament 3,5,1,600,300,rosenbrock,9,992.135803,2232.351562,2526.572021,1089.524170,90.502300
tournament 3,10,1,600,300,rosenbrock,9,977.120178,2340.069092,2654.473877,1235.424561,90.927750
tournament 3,25,1,600,300,rosenbrock,9,794.161011,4024.689453,4694.718750,2234.807373,87.693730
tournament 3,15,1,600,300,rosenbrock,9,1349.315918,3104.236816,3569.811279,1672.431641,91.518470
tournament 3,20,1,600,300,rosenbrock,9,621.909180,3362.798584,3684.562500,1979.616455,91.658830
tournament 3,30,1,600,300,rosenbrock,9,669.129272,3233.644287,3802.552246,2267.740723,89.682570
roulette wheel,195,2,600,300,rosenbrock,9,2390.885742,6054.292969,7129.773438,3486.412842,107.792325
tournament 3,35,1,600,300,rosenbrock,9,615.416260,3594.393066,4142.212402,2220.020264,91.315135
tournament 3,40,1,600,300,rosenbrock,9,3036.468506,4778.228516,5214.454102,1669.047729,89.235840
tournament 3,20,2,600,300,rosenbrock,9,453.064972,2883.460449,3386.940430,1696.370972,100.520305
roulette wheel,160,3,600,300,rosenbrock,9,2427.846191,5760.196289,6246.183594,3706.231201,149.709405
tournament 3,25,2,600,300,rosenbrock,9,1504.207031,4988.755859,5611.258789,2524.945557,99.216395
tournament 3,45,1,600,300,rosenbrock,9,898.234070,4355.112793,5139.000000,3298.714111,93.715885
roulette wheel,195,3,600,300,rosenbrock,9,2598.152832,8427.628906,10981.946289,4557.055176,115.991320
tournament 3,55,1,600,300,rosenbrock,9,989.693237,5375.938965,6405.946289,3756.407471,90.894970
tournament 3,50,1,600,300,rosenbrock,9,3102.975098,5392.551758,5875.038086,2314.501953,94.187795
tournament 3,35,2,600,300,rosenbrock,9,1712.785889,4476.335449,4916.910156,2298.618408,103.893350
tournament 3,70,1,600,300,rosenbrock,9,1525.646362,4865.135742,5578.747559,3252.454102,88.396000
tournament 3,65,1,600,300,rosenbrock,9,1834.641968,4943.709961,5832.612305,3082.290283,91.877650
tournament 3,20,3,600,300,rosenbrock,9,1153.160156,3054.548096,3259.623047,1671.499756,111.341945
tournament 3,25,3,600,300,rosenbrock,9,828.170105,3809.150146,4291.009766,1854.474365,109.536185
roulette wheel,200,3,600,300,rosenbrock,9,1814.061523,6651.260742,7145.304199,4032.275146,120.636195
roulette wheel,190,3,600,300,rosenbrock,9,2227.286621,7131.378906,7767.318848,4491.356934,132.873620
tournament 3,40,2,600,300,rosenbrock,9,1152.398804,5133.123047,5328.866211,2399.558105,105.705375
tournament 3,60,1,600,300,rosenbrock,9,1676.659668,5247.579590,6083.942871,3867.214355,98.615975
tournament 3,15,2,600,300,rosenbrock,9,1215.764404,2925.691895,3505.020020,1680.294067,114.507790
tournament 3,5,2,600,300,rosenbrock,9,656.391479,2004.406982,2351.799316,1337.005615,118.170325
tournament 3,30,3,600,300,rosenbrock,9,1522.035400,4592.541992,5127.132812,2207.397949,110.550560
tournament 3,15,3,600,300,rosenbrock,9,1796.527100,3617.455322,4118.603516,1613.793335,117.285830
tournament 3,45,3,600,300,rosenbrock,9,1660.735718,4465.066895,4870.067383,2750.891113,108.076815
tournament 3,50,2,600,300,rosenbrock,9,906.260254,5102.114258,6315.975586,2855.468262,107.777415
tournament 3,35,3,600,300,rosenbrock,9,1817.092285,3839.158691,4029.751953,1414.661987,112.630960
tournament 3,10,3,600,300,rosenbrock,9,1411.592041,2916.136230,3222.782715,1126.617920,120.720655
roulette wheel,160,2,600,300,rosenbrock,9,3898.586914,8104.565918,9572.685547,3115.931152,121.726125
tournament 3,75,1,600,300,rosenbrock,9,1724.476074,5422.700195,6300.561035,3704.837402,85.274260
tournament 3,30,2,600,300,rosenbrock,9,1650.756470,4061.807861,4751.398438,2346.398926,118.664850
roulette wheel,200,2,600,300,rosenbrock,9,5175.284668,9873.750000,11620.311523,2938.630371,130.745585
tournament 3,45,2,600,300,rosenbrock,9,2079.563965,5441.202637,6200.884277,2977.650391,115.265180
tournament 3,55,3,600,300,rosenbrock,9,1272.330688,4497.800293,4976.462891,3083.444336,110.594335
tournament 3,70,3,600,300,rosenbrock,9,1826.732666,5972.288086,7575.385742,3094.257812,106.870760
tournament 3,40,3,600,300,rosenbrock,9,1781.895264,3893.638184,4301.000977,2532.355225,122.750205
tournament 3,5,3,600,300,rosenbrock,9,939.642944,2179.012939,2385.158203,1129.476929,133.841750
tournament 3,55,2,600,300,rosenbrock,9,1711.001099,5112.659180,6163.870605,2583.158447,119.961600
tournament 3,60,2,600,300,rosenbrock,9,1854.797852,5394.979004,5880.996094,2953.511963,117.288925
tournament 3,60,3,600,300,rosenbrock,9,1939.995728,5305.144043,6952.041992,3559.460938,118.702720
tournament 3,50,3,600,300,rosenbrock,9,1192.938477,5101.903809,6475.063965,2594.307129,125.826360
tournament 3,65,2,600,300,rosenbrock,9,3113.636475,6576.737793,7906.881348,3253.385254,118.011815
tournament 3,70,2,600,300,rosenbrock,9,1687.109863,5018.029785,5789.790527,3055.951172,120.466095
tournament 3,65,3,600,300,rosenbrock,9,2068.826904,6538.383789,7338.923828,2782.419922,123.243845
tournament 3,80,1,600,300,rosenbrock,9,1156.736816,5849.855469,6875.418945,3772.771240,89.086080
tournament 3,85,1,600,300,rosenbrock,9,1842.447510,5456.872070,5842.969727,3221.593262,85.632505
tournament 3,90,1,600,300,rosenbrock,9,868.762207,4018.743652,4039.985840,3394.167236,83.404215
tournament 3,95,1,600,300,rosenbrock,9,2308.275391,7716.862305,8653.411133,4155.914062,88.917905
tournament 3,75,2,600,300,rosenbrock,9,2399.721191,5573.071289,5591.803223,3143.520752,119.577910
tournament 3,75,3,600,300,rosenbrock,9,2265.210693,5580.804199,5628.929688,2764.427246,122.949355
tournament 3,100,1,600,300,rosenbrock,9,1339.581055,6329.257812,7833.687500,4847.876465,88.708945
tournament 3,105,1,600,300,rosenbrock,9,1961.154175,5512.733398,6204.628418,3647.213623,86.230965
tournament 3,80,2,600,300,rosenbrock,9,1687.027222,5378.180664,5480.217285,3713.814697,118.692255
tournament 3,110,1,600,300,rosenbrock,9,2110.024414,6269.171387,7250.033203,3704.832764,85.852460
tournament 3,85,2,600,300,rosenbrock,9,2016.793213,5752.927246,6423.262695,3685.420898,112.699080
tournament 3,115,1,600,300,rosenbrock,9,1922.234497,6046.079102,7022.741211,3769.146240,87.468300
tournament 3,80,3,600,300,rosenbrock,9,1124.255371,4594.351562,4496.914062,3311.603027,125.619750
tournament 3,120,1,600,300,rosenbrock,9,3434.791260,6942.937500,7147.856445,4478.471680,85.660685
tournament 3,90,2,600,300,rosenbrock,9,2103.657959,5454.981445,5757.485352,3237.198242,114.772935
tournament 3,85,3,600,300,rosenbrock,9,2116.376953,5639.588379,6266.526855,3145.013428,122.518475
tournament 3,130,1,600,300,rosenbrock,9,1093.433472,7750.162109,8638.880859,4034.286133,83.924765
tournament 3,125,1,600,300,rosenbrock,9,2920.330811,7703.886230,9671.880859,3806.323242,88.323200
tournament 3,115,2,600,300,rosenbrock,9,1253.446777,6348.146973,7498.503906,3927.646973,96.802350
tournament 3,95,2,600,300,rosenbrock,9,2378.261963,4201.685547,4235.176758,2740.983887,118.029875
tournament 3,125,2,600,300,rosenbrock,9,1369.222290,6486.849121,7316.881836,3887.931396,90.619955
tournament 3,90,3,600,300,rosenbrock,9,1050.362061,5585.265137,6870.406250,3962.393555,123.556400
tournament 3,135,1,600,300,rosenbrock,9,2647.943115,5894.809570,6879.444824,2904.388916,88.476735
tournament 3,145,1,600,300,rosenbrock,9,642.137573,7603.295410,8792.144531,5033.461914,84.836215
tournament 3,95,3,600,300,rosenbrock,9,1490.923462,6438.277832,7589.416504,3220.904785,126.784570
tournament 3,140,1,600,300,rosenbrock,9,4367.175781,7662.680664,8496.048828,3836.167236,90.053290
tournament 3,125,3,600,300,rosenbrock,9,742.668030,5482.465820,6443.279785,4256.376465,98.982005
tournament 3,100,2,600,300,rosenbrock,9,2273.488770,6370.619141,6704.506836,3441.023438,123.736155
tournament 3,105,2,600,300,rosenbrock,9,633.037842,6074.773926,6833.145996,3085.094238,122.135185
tournament 3,150,1,600,300,rosenbrock,9,2918.420654,7452.695801,8686.919922,4658.599121,89.636230
tournament 3,155,1,600,300,rosenbrock,9,914.818604,7560.991211,8283.179688,4363.828125,88.752010
tournament 3,130,3,600,300,rosenbrock,9,3392.675781,8128.656250,9236.704102,3965.676758,103.379255
tournament 3,110,2,600,300,rosenbrock,9,1220.496460,4847.846680,6042.985840,4274.463379,122.497695
tournament 3,100,3,600,300,rosenbrock,9,1071.188232,5394.388184,6206.406250,3605.862549,128.869000
tournament 3,145,2,600,300,rosenbrock,9,1921.083618,8895.946289,9652.537109,5502.413086,96.030410
tournament 3,160,1,600,300,rosenbrock,9,3555.914062,8141.211914,9584.714844,4469.477539,87.140745
tournament 3,130,2,600,300,rosenbrock,9,4197.856445,7892.337402,8247.311523,4648.413086,108.580300
tournament 3,115,3,600,300,rosenbrock,9,1334.483643,7089.451172,8081.040039,3854.917969,120.884855
tournament 3,120,2,600,300,rosenbrock,9,3070.395752,6744.573242,7775.096191,3351.885254,117.907565
tournament 3,105,3,600,300,rosenbrock,9,2291.681152,6763.876465,7370.079590,3586.988525,132.348435
tournament 3,110,3,600,300,rosenbrock,9,994.085510,5938.929199,6525.374512,3434.596436,129.967375
tournament 3,170,1,600,300,rosenbrock,9,381.337097,7653.348633,8892.634766,3773.458496,89.202905
tournament 3,165,1,600,300,rosenbrock,9,1757.670288,7580.335938,8396.234375,3644.076172,92.452725
tournament 3,175,1,600,300,rosenbrock,9,3853.726318,6411.608887,6567.877930,4961.771484,88.829920
tournament 3,120,3,600,300,rosenbrock,9,1181.471069,5998.289551,6843.241699,4214.681641,123.396860
tournament 3,165,2,600,300,rosenbrock,9,1602.356567,7675.473145,9664.921875,3845.554688,99.109545
tournament 3,150,2,600,300,rosenbrock,9,1366.032959,6958.960449,7798.244141,4765.772949,108.725585
tournament 3,140,2,600,300,rosenbrock,9,4118.518555,8275.498047,8598.445312,4333.337402,115.956985
tournament 3,150,3,600,300,rosenbrock,9,2982.869629,6501.645508,7377.997070,3906.797852,107.985550
tournament 3,180,1,600,300,rosenbrock,9,1624.920532,8223.210938,10363.439453,4966.605469,94.398985
tournament 3,135,3,600,300,rosenbrock,9,3129.820801,6671.548340,7391.823242,4533.390625,119.447550
tournament 3,155,3,600,300,rosenbrock,9,1286.637695,7986.417969,9300.184570,5768.587402,107.931050
tournament 3,135,2,600,300,rosenbrock,9,2515.412109,8233.299805,9706.853516,4414.221680,124.981615
tournament 3,185,1,600,300,rosenbrock,9,3456.074707,7111.389160,7307.684570,4434.324219,88.700890
tournament 3,140,3,600,300,rosenbrock,9,1673.252197,6085.178711,7372.537598,3894.637939,125.484645
tournament 3,155,2,600,300,rosenbrock,9,3288.082031,7437.379395,8805.894531,4075.736572,119.095595
tournament 3,160,2,600,300,rosenbrock,9,2164.385742,6935.269531,7762.326172,4854.613281,117.484910
tournament 3,145,3,600,300,rosenbrock,9,3500.742676,7995.068848,9659.869141,4187.497070,128.644525
tournament 3,160,3,600,300,rosenbrock,9,2255.823730,7781.310547,8664.835938,4050.537842,123.106155
tournament 3,190,1,600,300,rosenbrock,9,1425.593384,6425.451172,8118.230957,3753.981201,88.058095
tournament 3,170,2,600,300,rosenbrock,9,2261.397949,6243.820312,6976.264648,3644.081543,121.821435
tournament 3,170,3,600,300,rosenbrock,9,2185.611084,6603.917969,7102.697266,4831.819336,122.314080
tournament 3,175,2,600,300,rosenbrock,9,4038.509766,8003.220703,8540.560547,2966.214844,120.929080
tournament 3,180,2,600,300,rosenbrock,9,2415.495605,8304.212891,9527.597656,6319.266602,120.019935
tournament 3,180,3,600,300,rosenbrock,9,811.772522,8115.689941,10932.321289,5668.483887,119.071335
tournament 3,195,1,600,300,rosenbrock,9,3502.875977,8788.573242,10048.155273,4230.085449,88.688865
tournament 3,175,3,600,300,rosenbrock,9,1979.420288,7198.247070,8838.619141,4254.129883,130.478220
tournament 3,165,3,600,300,rosenbrock,9,929.421753,5651.680176,7244.133789,4098.236816,139.279235
tournament 3,200,1,600,300,rosenbrock,9,1930.172363,9073.396484,10636.564453,3802.250488,90.889490
tournament 3,185,2,600,300,rosenbrock,9,1279.334595,6343.134766,7447.665527,4434.276367,124.767665
tournament 3,200,2,600,300,rosenbrock,9,3555.012695,7939.406738,8207.866211,3848.015869,99.018645
tournament 3,195,3,600,300,rosenbrock,9,2824.938965,7539.971191,8430.695312,5125.505371,104.883375
tournament 3,185,3,600,300,rosenbrock,9,1888.104248,6541.512695,7907.584961,3723.224365,119.784335
tournament 3,190,2,600,300,rosenbrock,9,3406.361816,8198.434570,9545.794922,4386.677734,115.485960
tournament 5,10,1,600,300,rosenbrock,9,963.149597,3167.409180,3661.803711,1715.933105,99.431730
tournament 5,5,1,600,300,rosenbrock,9,216.895538,2084.591553,2540.105469,1074.964233,103.995445
tournament 3,195,2,600,300,rosenbrock,9,1160.510010,6465.210449,7599.430664,5033.415527,117.563050
tournament 3,190,3,600,300,rosenbrock,9,2632.561035,7791.467285,8532.040039,4461.355469,126.032295
tournament 5,20,1,600,300,rosenbrock,9,754.258179,3450.213623,4131.537598,2283.741943,99.290990
tournament 5,15,1,600,300,rosenbrock,9,1503.667603,3622.843506,4056.581055,2190.237793,106.202860
tournament 3,200,3,600,300,rosenbrock,9,1701.760376,9586.109375,11716.462891,4889.599121,117.728315
tournament 5,30,1,600,300,rosenbrock,9,1068.971313,3431.482422,3790.221680,2114.754395,94.750190
tournament 5,25,1,600,300,rosenbrock,9,516.646362,3904.426514,4556.686523,1953.185059,100.193740
tournament 5,10,2,600,300,rosenbrock,9,950.587219,3070.614258,3103.683350,1829.677490,116.684565
tournament 5,15,2,600,300,rosenbrock,9,798.043335,3003.637451,3593.209961,1628.447876,113.266560
tournament 5,35,1,600,300,rosenbrock,9,1112.125488,3875.639893,5061.846680,3136.957520,97.283860
tournament 5,40,1,600,300,rosenbrock,9,515.981812,4039.959473,5227.759277,2841.974365,96.853535
tournament 5,10,3,600,300,rosenbrock,9,1676.173706,3516.422363,3858.226562,1376.295166,121.646570
tournament 5,50,1,600,300,rosenbrock,9,2838.604004,6387.114258,7455.003418,2896.183838,95.894825
tournament 5,45,1,600,300,rosenbrock,9,1804.435425,4781.636230,5558.304199,2426.732178,101.481165
tournament 5,25,2,600,300,rosenbrock,9,418.162476,3936.350586,4287.618164,2983.626221,112.856990
tournament 5,30,2,600,300,rosenbrock,9,728.304016,4973.684082,6156.113281,2060.946777,112.301165
tournament 5,55,1,600,300,rosenbrock,9,1360.278076,3700.151611,3941.282227,2101.964111,96.288495
tournament 5,5,2,600,300,rosenbrock,9,884.372986,2399.751953,2728.526855,1129.114014,136.651840
tournament 5,60,1,600,300,rosenbrock,9,1517.808838,3239.237061,3370.972656,2863.362793,98.347005
tournament 5,65,1,600,300,rosenbrock,9,1369.942017,4765.098145,6159.964844,3979.697754,96.690895
tournament 5,5,3,600,300,rosenbrock,9,720.352051,2227.932373,2720.770020,1108.161621,144.764265
tournament 5,20,2,600,300,rosenbrock,9,786.610901,3371.031250,3303.731445,2503.110596,134.345870
tournament 5,70,1,600,300,rosenbrock,9,723.446533,4522.614746,5288.118652,3407.541260,99.733680
tournament 5,50,3,600,300,rosenbrock,9,1113.976440,6256.996582,7405.126953,2423.812256,114.328480
tournament 5,15,3,600,300,rosenbrock,9,546.311401,3100.759277,3845.941406,1583.986328,144.902095
tournament 5,20,3,600,300,rosenbrock,9,1469.221802,3275.269531,3446.053223,1333.007080,138.203755
tournament 5,75,1,600,300,rosenbrock,9,1130.298584,6605.845703,7330.451660,4261.072754,99.532930
tournament 5,40,2,600,300,rosenbrock,9,1357.851318,5879.058594,7179.083008,2121.150391,128.328945
tournament 5,55,3,600,300,rosenbrock,9,572.100098,4587.682617,4458.875977,3546.924805,115.357480
tournament 5,50,2,600,300,rosenbrock,9,1664.097290,4862.084473,6188.419922,2959.104980,123.084530
tournament 5,80,1,600,300,rosenbrock,9,992.009888,5386.487793,6203.503906,2707.640869,95.328380
tournament 5,35,2,600,300,rosenbrock,9,1444.432739,4350.840332,5012.910645,2094.428223,136.459525
tournament 5,30,3,600,300,rosenbrock,9,797.770813,3833.927002,4601.114258,2150.253906,139.293245
tournament 5,85,1,600,300,rosenbrock,9,1395.832275,6203.395508,7739.139648,3443.691650,94.616195
tournament 5,40,3,600,300,rosenbrock,9,478.220520,4537.434570,5696.706055,2940.626221,134.861025
tournament 5,25,3,600,300,rosenbrock,9,1695.099609,3925.478516,4185.597656,1553.694092,145.265615
tournament 5,65,3,600,300,rosenbrock,9,3011.512451,5946.984375,6291.364258,3115.529297,115.638105
tournament 5,60,3,600,300,rosenbrock,9,2755.317139,5672.053223,5782.263672,2651.398438,120.338850
tournament 5,45,2,600,300,rosenbrock,9,240.612564,5157.884766,6160.980957,3062.180664,140.324190
tournament 5,35,3,600,300,rosenbrock,9,1483.768921,5624.310059,6648.507324,2425.446533,147.881710
tournament 5,65,2,600,300,rosenbrock,9,2838.039795,5660.340820,6608.146484,2601.641113,124.424960
tournament 5,60,2,600,300,rosenbrock,9,1920.670410,4998.041992,6040.614258,2851.048096,128.764675
tournament 5,55,2,600,300,rosenbrock,9,2502.400879,4970.105957,5307.133789,2178.050293,135.226625
tournament 5,90,1,600,300,rosenbrock,9,1366.409302,6014.418945,6931.770508,2805.406494,101.371375
tournament 5,95,1,600,300,rosenbrock,9,3058.373779,8112.134766,9623.541016,4189.449219,93.701395
tournament 5,45,3,600,300,rosenbrock,9,1368.391357,5195.945312,5727.587891,3754.720215,144.988435
tournament 5,70,2,600,300,rosenbrock,9,2150.732666,6734.868164,7035.484375,2841.185547,127.673595
tournament 5,90,2,600,300,rosenbrock,9,2062.841553,5681.271484,6651.666504,3516.206543,112.667575
tournament 5,75,2,600,300,rosenbrock,9,1486.714600,6027.796875,7054.100098,3544.794434,130.144345
tournament 5,100,1,600,300,rosenbrock,9,1727.061523,4804.406250,5109.861328,2774.833008,94.458165
tournament 5,80,2,600,300,rosenbrock,9,657.844971,4696.692383,5713.267090,4744.687988,123.855940
tournament 5,105,1,600,300,rosenbrock,9,1490.303467,6008.279297,6247.578613,3677.686523,95.416870
tournament 5,95,2,600,300,rosenbrock,9,1114.756226,6338.126953,7287.437500,4115.810059,117.726895
tournament 5,75,3,600,300,rosenbrock,9,950.332397,6714.105469,7858.978516,3100.727539,146.299470
tournament 5,110,1,600,300,rosenbrock,9,2252.248779,6217.044434,6711.207520,4228.833496,99.853850
tournament 5,100,2,600,300,rosenbrock,9,1946.995850,5362.668457,6213.566406,2852.265625,111.077295
tournament 5,70,3,600,300,rosenbrock,9,2009.706299,4497.879883,4913.566406,3129.432617,153.594225
tournament 5,115,1,600,300,rosenbrock,9,2618.869141,6409.986328,6998.815918,3174.943359,100.203285
tournament 5,80,3,600,300,rosenbrock,9,2112.558594,5343.563965,6435.390625,2484.686523,149.393480
tournament 5,85,2,600,300,rosenbrock,9,1879.239990,5272.498047,6251.770020,3476.804199,148.843050
tournament 5,120,1,600,300,rosenbrock,9,1280.664062,5479.701172,6272.278320,3667.620361,95.778955
tournament 5,105,3,600,300,rosenbrock,9,1276.923096,6642.795898,7585.729004,5418.520508,115.570245
tournament 5,125,1,600,300,rosenbrock,9,2282.131348,6990.097656,8877.546875,4708.055176,95.875575
tournament 5,85,3,600,300,rosenbrock,9,1414.393188,6135.958984,7048.556641,3339.346436,150.994975
tournament 5,130,1,600,300,rosenbrock,9,2702.174805,8009.369141,9569.948242,5289.317871,93.203255
tournament 5,100,3,600,300,rosenbrock,9,864.549683,5703.272949,6435.504883,3506.933350,130.922165
tournament 5,90,3,600,300,rosenbrock,9,2787.984375,6188.791504,7304.429688,3049.963867,150.342615
tournament 5,110,3,600,300,rosenbrock,9,2033.495850,6513.251465,7338.702148,4420.943359,118.084645
tournament 5,120,2,600,300,rosenbrock,9,2978.419434,7498.448730,8341.139648,3543.484131,109.656225
tournament 5,135,1,600,300,rosenbrock,9,2502.062988,5284.566895,5813.629883,5493.369629,94.976965
tournament 5,110,2,600,300,rosenbrock,9,2049.481689,6998.347656,8375.449219,3826.488037,124.752150
tournament 5,125,2,600,300,rosenbrock,9,2212.590820,6252.326172,7244.236816,3244.633545,108.957105
tournament 5,140,1,600,300,rosenbrock,9,4939.966797,8359.984375,8743.410156,4092.749023,95.525855
tournament 5,120,3,600,300,rosenbrock,9,1934.348633,5990.112793,6855.878418,3579.690674,114.364295
tournament 5,125,3,600,300,rosenbrock,9,2054.025391,6921.875488,8250.475586,4375.947266,110.844020
tournament 5,95,3,600,300,rosenbrock,9,1974.125488,6408.574219,7503.794922,2921.998535,150.208325
tournament 5,115,2,600,300,rosenbrock,9,794.417175,6306.277832,7925.269531,3440.357666,126.347270
tournament 5,105,2,600,300,rosenbrock,9,1785.614014,7436.275391,8462.301758,3322.000977,143.317500
tournament 5,145,1,600,300,rosenbrock,9,1655.851807,6517.275879,7820.886719,4456.240723,93.706390
tournament 5,130,3,600,300,rosenbrock,9,1918.383789,5914.427734,7462.107422,3550.917725,108.306995
tournament 5,170,1,600,300,rosenbrock,9,2681.569092,6710.452148,7526.311523,4948.765137,78.382385
tournament 5,150,1,600,300,rosenbrock,9,1313.132568,7904.608398,8189.077148,3902.104492,92.151445
tournament 5,155,2,600,300,rosenbrock,9,705.576050,6575.048828,7577.030762,5435.403809,86.252570
tournament 5,155,1,600,300,rosenbrock,9,2318.215820,5376.982910,6776.738770,3049.829102,88.143535
tournament 5,145,3,600,300,rosenbrock,9,2952.194824,6740.338867,7847.287109,4223.192871,93.590020
tournament 5,165,1,600,300,rosenbrock,9,2130.454590,6782.088867,8007.388672,4564.160156,85.553960
tournament 5,130,2,600,300,rosenbrock,9,2946.348145,6594.114746,6867.747070,3663.197021,116.186495
tournament 5,160,1,600,300,rosenbrock,9,2065.936523,7228.077148,8638.483398,3932.576416,87.846535
tournament 5,170,2,600,300,rosenbrock,9,2782.422852,7088.781738,8521.561523,3100.089111,81.772600
tournament 5,175,1,600,300,rosenbrock,9,2700.021240,6503.211426,7430.736328,3754.202393,80.415220
tournament 5,115,3,600,300,rosenbrock,9,2692.586670,5812.091797,6889.379395,2860.616455,137.425775
tournament 5,185,1,600,300,rosenbrock,9,573.947998,6784.984375,7176.802734,6331.157715,78.187970
tournament 5,180,1,600,300,rosenbrock,9,2871.362549,6329.576172,7413.742188,3612.266357,80.801240
tournament 5,185,3,600,300,rosenbrock,9,564.045593,6944.223145,7442.297852,5743.099609,67.734090
tournament 5,190,2,600,300,rosenbrock,9,1106.082153,9194.804688,10883.279297,5087.550293,63.941940
tournament 5,135,2,600,300,rosenbrock,9,2089.682129,5576.918945,6597.000977,3746.938965,119.891370
tournament 5,145,2,600,300,rosenbrock,9,731.948181,4941.995605,5333.958984,4565.801270,106.213835
tournament 5,140,2,600,300,rosenbrock,9,1801.273926,6483.729004,7818.019531,4703.737793,114.188955
tournament 5,135,3,600,300,rosenbrock,9,2914.533936,7238.790039,8335.132812,4028.520020,120.504025
tournament 5,170,3,600,300,rosenbrock,9,3216.707520,6875.459961,7319.533203,3669.262939,88.190955
tournament 5,160,2,600,300,rosenbrock,9,3693.219727,7393.140625,8228.615234,3425.238037,98.564765
tournament 5,200,2,600,300,rosenbrock,9,2380.465332,7705.201172,6947.111328,5312.262207,51.416345
tournament 5,150,3,600,300,rosenbrock,9,3246.344482,6968.141113,7306.865234,4242.543457,104.577600
tournament 5,140,3,600,300,rosenbrock,9,1693.359497,8091.589355,8878.325195,6225.771973,116.406045
tournament 5,150,2,600,300,rosenbrock,9,2777.999512,8103.043945,8238.995117,5084.585938,107.261105
tournament 5,160,3,600,300,rosenbrock,9,700.798889,6845.152344,8570.792969,4366.834961,100.844585
tournament 5,190,1,600,300,rosenbrock,9,3003.177246,7192.666992,7597.933594,5138.941895,73.437135
tournament 5,155,3,600,300,rosenbrock,9,4008.319824,7714.907227,8862.534180,4242.729980,103.075195
tournament 5,165,2,600,300,rosenbrock,9,1170.770142,7000.056641,8970.726562,4805.041016,100.596670
tournament 5,175,3,600,300,rosenbrock,9,2699.709717,6049.366699,6736.602539,4845.795410,90.906575
tournament 5,180,3,600,300,rosenbrock,9,3150.752686,6444.138672,6816.964844,4217.871094,89.123025
tournament 5,195,1,600,300,rosenbrock,9,2215.464355,8497.780273,8505.364258,7213.461914,69.240525
tournament 5,175,2,600,300,rosenbrock,9,3026.337158,9037.066406,10910.594727,5031.678223,92.619725
tournament 5,180,2,600,300,rosenbrock,9,805.321167,6176.882812,7776.277344,5097.963379,92.436155
tournament 5,165,3,600,300,rosenbrock,9,1831.502319,6482.094727,7035.254395,5794.651855,104.272760
tournament 5,185,2,600,300,rosenbrock,9,2455.448242,8059.099121,10183.366211,4318.927246,87.604100
tournament 5,200,1,600,300,rosenbrock,9,3048.905029,8013.937500,8618.634766,5170.548828,61.843550
tournament 5,195,3,600,300,rosenbrock,9,2651.415039,8274.382812,9686.567383,4128.840820,67.028625
tournament 5,195,2,600,300,rosenbrock,9,1898.047974,6190.223633,7873.100586,3094.370850,71.315465
tournament 5,200,3,600,300,rosenbrock,9,777.176514,6535.430664,7285.736328,4388.192871,63.947300
tournament 5,190,3,600,300,rosenbrock,9,3494.313965,8185.660645,9244.204102,3710.319092,79.881905
