n_leaders,a_factor,c_factor,convergence,population_size,num_iterations,objective,dimensionality,best_value,average_value_top_80,median_value,stddev_value,average_time_ms
3,0.200000,0.907884,linear,150,50,rastrigin,3,0.997368,3.480045,4.538991,2.696525,2.071750
3,0.200000,8.314736,linear,150,50,rastrigin,3,0.000000,1.057143,0.994959,2.036628,2.032370
3,0.200000,0.300000,linear,150,50,rastrigin,3,1.288988,5.679230,7.169486,4.088073,2.519490
3,0.200000,1.579374,linear,150,50,rastrigin,3,0.000004,3.523183,4.977718,2.514735,2.526390
3,0.200000,4.779626,linear,150,50,rastrigin,3,0.000000,2.176484,2.487402,2.704299,2.729150
3,0.200000,2.747511,linear,150,50,rastrigin,3,0.997568,3.096669,3.226457,1.975869,2.867245
3,0.200000,0.521886,linear,150,50,rastrigin,3,0.630487,4.846504,5.594987,4.724552,3.128955
3,0.245725,0.360805,linear,150,50,rastrigin,3,0.135149,5.608133,6.208312,4.145041,3.037060
3,0.245725,0.627664,linear,150,50,rastrigin,3,1.401802,5.188423,5.555754,4.556750,2.905450
3,0.200000,10.000000,linear,150,50,rastrigin,3,0.000000,0.559664,0.994957,1.177250,2.600850
3,0.200000,1.091897,linear,150,50,rastrigin,3,2.189468,5.118208,5.371608,3.885841,2.698030
3,0.200000,1.899487,linear,150,50,rastrigin,3,0.995020,3.148681,4.006263,2.789286,2.541165
3,0.200000,0.360805,linear,150,50,rastrigin,3,1.000633,5.095074,5.489119,4.321290,2.672510
3,0.245725,1.091897,linear,150,50,rastrigin,3,1.019934,3.719881,4.083490,3.471074,2.843595
3,0.245725,1.899487,linear,150,50,rastrigin,3,0.019642,3.071376,4.063884,3.108552,2.338085
3,0.245725,3.304387,linear,150,50,rastrigin,3,0.000000,1.929501,1.990016,2.710495,3.323900
3,0.245725,0.754882,linear,150,50,rastrigin,3,1.067436,4.881321,6.005808,3.726834,1.653555
3,0.245725,5.748380,linear,150,50,rastrigin,3,0.000000,0.746218,0.994958,1.102340,3.171685
3,0.200000,3.304387,linear,150,50,rastrigin,3,0.994957,2.614390,3.482371,2.711548,2.474105
3,0.245725,0.300000,linear,150,50,rastrigin,3,2.039923,6.703883,7.657990,4.365486,2.168935
3,0.245725,0.433935,linear,150,50,rastrigin,3,0.130253,4.281705,5.274004,3.000293,2.405865
3,0.200000,2.284483,linear,150,50,rastrigin,3,0.000013,2.417551,2.073977,3.365968,2.812750
3,0.200000,5.748380,linear,150,50,rastrigin,3,0.000000,2.238701,2.984875,2.131604,3.038155
3,0.200000,1.313208,linear,150,50,rastrigin,3,1.020638,3.656300,5.048298,2.547413,2.937615
3,0.245725,2.284483,linear,150,50,rastrigin,3,0.000154,1.751418,1.989921,2.105459,2.963020
3,0.245725,10.000000,linear,150,50,rastrigin,3,0.000000,0.684033,0.994957,0.860221,3.206920
3,0.301904,1.313208,linear,150,50,rastrigin,3,0.000000,3.061544,3.980351,3.542190,3.042330
3,0.245725,1.313208,linear,150,50,rastrigin,3,0.001385,3.374350,4.979131,3.091622,3.276195
3,0.200000,0.433935,linear,150,50,rastrigin,3,1.248495,4.799829,5.991980,3.778845,3.356585
3,0.200000,3.974133,linear,150,50,rastrigin,3,0.000063,1.679541,1.493249,2.801138,2.911205
3,0.301904,3.974133,linear,150,50,rastrigin,3,0.000000,1.616807,1.989917,2.502765,3.283245
3,0.245725,3.974133,linear,150,50,rastrigin,3,0.000000,1.866112,2.487396,2.687985,3.567310
3,0.245725,6.913484,linear,150,50,rastrigin,3,0.000000,1.554621,1.989915,1.528483,3.218350
3,0.301904,0.433935,linear,150,50,rastrigin,3,0.998514,5.097054,5.775193,4.102636,3.813800
3,0.200000,0.627664,linear,150,50,rastrigin,3,2.022549,5.459569,6.091444,3.124214,3.901830
3,0.370927,0.521886,linear,150,50,rastrigin,3,1.062622,4.417324,5.391543,3.740407,3.123895
3,0.301904,2.284483,linear,150,50,rastrigin,3,0.995161,2.748298,2.984875,2.328697,3.953725
3,0.370927,0.300000,linear,150,50,rastrigin,3,0.273411,5.326426,6.001144,3.192459,3.323930
3,0.370927,0.907884,linear,150,50,rastrigin,3,0.995266,4.337053,5.074506,3.158345,3.252970
3,0.370927,1.579374,linear,150,50,rastrigin,3,0.994965,3.058717,2.998060,2.632582,3.321605
3,0.200000,6.913484,linear,150,50,rastrigin,3,0.000000,1.492445,1.989916,2.017090,2.626660
3,0.245725,0.907884,linear,150,50,rastrigin,3,1.989992,3.633659,3.989047,2.511620,4.491050
3,0.301904,0.754882,linear,150,50,rastrigin,3,1.223845,3.560378,4.982836,2.714340,4.633165
3,0.370927,4.779626,linear,150,50,rastrigin,3,0.000000,1.181512,1.989915,1.269303,2.630415
3,0.301904,6.913484,linear,150,50,rastrigin,3,0.000000,0.808403,0.994957,0.826474,4.199430
3,0.245725,0.521886,linear,150,50,rastrigin,3,1.193352,5.653714,6.019493,3.233526,4.174730
3,0.370927,2.747511,linear,150,50,rastrigin,3,0.000008,2.274493,1.989919,1.848304,3.471265
3,0.370927,8.314736,linear,150,50,rastrigin,3,0.000000,0.559663,0.994957,1.154965,2.651320
3,0.245725,2.747511,linear,150,50,rastrigin,3,0.000156,1.685550,1.989953,2.253326,2.386810
3,0.455730,1.091897,linear,150,50,rastrigin,3,0.022076,2.968647,3.981504,2.177319,2.449155
3,0.455730,0.360805,linear,150,50,rastrigin,3,0.996216,5.385818,5.505095,5.273372,2.876965
3,0.301904,0.300000,linear,150,50,rastrigin,3,1.068531,4.376495,5.298402,3.440324,2.975470
3,0.301904,1.579374,linear,150,50,rastrigin,3,0.003933,3.196789,3.979848,3.540532,3.089545
3,0.245725,1.579374,linear,150,50,rastrigin,3,0.995262,2.860137,3.003472,2.463132,3.120720
3,0.245725,4.779626,linear,150,50,rastrigin,3,0.000000,1.554623,1.989918,2.167890,2.712785
3,0.455730,0.627664,linear,150,50,rastrigin,3,0.995914,4.294565,5.004246,2.805248,3.164765
3,0.301904,4.779626,linear,150,50,rastrigin,3,0.000000,1.430252,1.989916,1.352374,2.917220
3,0.245725,8.314736,linear,150,50,rastrigin,3,0.000000,0.684033,0.994957,1.018314,2.674795
3,0.455730,3.304387,linear,150,50,rastrigin,3,0.000000,1.119328,0.994960,1.437533,3.002245
3,0.455730,5.748380,linear,150,50,rastrigin,3,0.000000,0.497478,0.994957,0.637084,3.154470
3,0.301904,2.747511,linear,150,50,rastrigin,3,0.000000,1.554696,1.989916,2.213164,3.409105
3,0.301904,0.521886,linear,150,50,rastrigin,3,1.053185,4.787163,5.266454,2.902638,3.013995
3,0.370927,0.627664,linear,150,50,rastrigin,3,0.998013,4.049261,4.562169,3.426715,3.058145
3,0.455730,10.000000,linear,150,50,rastrigin,3,0.000000,0.248739,0.000000,0.586519,3.663215
3,0.200000,0.754882,linear,150,50,rastrigin,3,0.860039,4.081859,5.102817,3.954583,3.658680
3,0.370927,1.091897,linear,150,50,rastrigin,3,0.000069,3.611830,4.975015,2.487196,3.020845
3,0.559922,0.433935,linear,150,50,rastrigin,3,1.020824,4.206757,5.006965,2.801228,2.490335
3,0.455730,1.899487,linear,150,50,rastrigin,3,0.000000,2.611784,2.984878,2.237353,3.621830
3,0.370927,3.304387,linear,150,50,rastrigin,3,0.000000,1.181514,1.989917,2.121732,1.814995
3,0.370927,0.360805,linear,150,50,rastrigin,3,1.242441,4.831465,5.974741,2.630232,3.582650
3,0.370927,5.748380,linear,150,50,rastrigin,3,0.000000,0.870589,0.994959,0.905084,2.158705
3,0.301904,0.907884,linear,150,50,rastrigin,3,0.995003,3.736306,5.011795,3.314413,2.239070
3,0.559922,1.313208,linear,150,50,rastrigin,3,0.000029,2.927624,3.482699,2.431875,2.617855
3,0.559922,0.754882,linear,150,50,rastrigin,3,0.994972,3.402464,4.495282,2.883833,2.922305
3,0.301904,8.314736,linear,150,50,rastrigin,3,0.000000,0.808403,0.994957,1.116838,2.788855
3,0.455730,1.313208,linear,150,50,rastrigin,3,0.000008,2.432260,2.985672,2.883726,2.504615
3,0.370927,10.000000,linear,150,50,rastrigin,3,0.000000,0.373109,0.497478,1.024372,3.342470
3,0.370927,1.899487,linear,150,50,rastrigin,3,0.994959,2.552247,2.984876,1.909532,4.658495
3,0.455730,3.974133,linear,150,50,rastrigin,3,0.000000,0.684033,0.994957,0.889917,2.311125
3,0.301904,5.748380,linear,150,50,rastrigin,3,0.000000,0.746218,0.994957,1.008546,2.448235
3,0.455730,0.433935,linear,150,50,rastrigin,3,0.394650,3.763096,4.995627,3.739503,3.307400
3,0.559922,3.974133,linear,150,50,rastrigin,3,0.000000,0.684033,0.994957,0.968488,3.694835
3,0.301904,0.360805,linear,150,50,rastrigin,3,2.198408,5.512959,6.257736,2.824768,2.825265
3,0.559922,2.284483,linear,150,50,rastrigin,3,0.000000,2.176471,1.989918,2.257370,3.974100
3,0.301904,1.899487,linear,150,50,rastrigin,3,0.994967,2.753878,3.485852,2.766907,2.982245
3,0.455730,0.754882,linear,150,50,rastrigin,3,1.990244,4.988950,5.971788,3.220532,3.005715
3,0.687934,0.300000,linear,150,50,rastrigin,3,0.038383,3.997981,5.155626,2.802281,3.054320
3,0.687934,0.521886,linear,150,50,rastrigin,3,0.008827,3.846636,4.978088,4.176325,2.936265
3,0.687934,2.747511,linear,150,50,rastrigin,3,0.000000,0.497479,0.994957,0.744559,2.031765
3,0.559922,0.521886,linear,150,50,rastrigin,3,1.008352,3.708524,4.751747,3.881473,2.102490
3,0.455730,2.284483,linear,150,50,rastrigin,3,0.994957,2.363203,1.991250,1.457948,2.155505
3,0.455730,1.579374,linear,150,50,rastrigin,3,0.994961,2.759748,2.552519,2.841213,1.555040
3,0.370927,0.754882,linear,150,50,rastrigin,3,1.136086,4.325576,3.493460,5.911427,2.535685
3,0.455730,6.913484,linear,150,50,rastrigin,3,0.000000,0.497478,0.994957,0.487428,3.232310
3,0.370927,3.974133,linear,150,50,rastrigin,3,0.994957,1.616806,1.989916,1.173038,1.831475
3,0.559922,6.913484,linear,150,50,rastrigin,3,0.000000,0.124370,0.000000,0.455947,3.929420
3,0.687934,8.314736,linear,150,50,rastrigin,3,0.000000,0.000000,0.000000,0.507331,0.960180
3,0.301904,3.304387,linear,150,50,rastrigin,3,0.000002,2.549597,2.487396,2.199609,4.047220
3,0.301904,0.627664,linear,150,50,rastrigin,3,0.995163,4.409756,5.211793,3.053402,3.465140
3,0.687934,1.579374,linear,150,50,rastrigin,3,0.000000,1.554622,1.989916,1.451241,3.211620
3,0.559922,0.907884,linear,150,50,rastrigin,3,0.995668,4.215652,4.976429,2.735551,3.570510
3,0.687934,0.907884,linear,150,50,rastrigin,3,0.000004,2.620850,2.984897,2.381844,1.154230
3,0.559922,0.300000,linear,150,50,rastrigin,3,0.271235,4.195135,5.391536,3.611981,3.399600
3,0.370927,1.313208,linear,150,50,rastrigin,3,0.037338,2.441786,2.545508,2.099590,3.727325
3,0.301904,1.091897,linear,150,50,rastrigin,3,0.041649,3.486562,5.005545,3.173860,1.805890
3,0.370927,6.913484,linear,150,50,rastrigin,3,0.000000,0.746218,0.994957,0.703541,1.927120
3,0.455730,4.779626,linear,150,50,rastrigin,3,0.000000,0.621848,0.994957,1.307716,1.766645
3,0.687934,4.779626,linear,150,50,rastrigin,3,0.000000,0.248739,0.000000,0.736202,1.856455
3,0.370927,0.433935,linear,150,50,rastrigin,3,0.061899,4.394031,5.025017,3.629566,2.066865
3,0.845213,0.627664,linear,150,50,rastrigin,3,0.995655,2.445885,2.011683,2.990610,1.712995
3,0.455730,0.300000,linear,150,50,rastrigin,3,1.033138,5.265965,5.938719,3.983923,1.898515
3,0.845213,0.360805,linear,150,50,rastrigin,3,0.994974,3.104186,4.974870,2.213596,1.913985
3,0.559922,1.579374,linear,150,50,rastrigin,3,0.000000,2.487464,1.990252,2.545868,2.113245
3,0.301904,10.000000,linear,150,50,rastrigin,3,0.000000,0.186554,0.000000,0.580155,2.177955
3,0.687934,0.627664,linear,150,50,rastrigin,3,1.004194,3.116246,3.548293,2.553841,1.094175
3,0.559922,2.747511,linear,150,50,rastrigin,3,0.000000,0.994957,0.994957,1.690696,2.096505
3,0.370927,2.284483,linear,150,50,rastrigin,3,0.000000,1.492623,1.989920,1.315260,2.303570
3,0.559922,4.779626,linear,150,50,rastrigin,3,0.000000,0.870588,0.994959,1.024372,2.428395
3,0.845213,3.304387,linear,150,50,rastrigin,3,0.000000,0.497478,0.994957,0.694692,0.742860
3,0.845213,1.899487,linear,150,50,rastrigin,3,0.000000,0.994958,0.994958,1.107938,0.800400
3,0.845213,1.091897,linear,150,50,rastrigin,3,0.000000,2.238656,1.989920,2.266671,2.543095
3,0.455730,2.747511,linear,150,50,rastrigin,3,0.000000,1.616807,1.989916,1.754627,1.132615
3,0.455730,0.907884,linear,150,50,rastrigin,3,0.038109,2.888855,4.039120,2.396151,2.668990
3,0.687934,0.360805,linear,150,50,rastrigin,3,0.022488,4.400842,5.658888,3.278652,1.908700
3,1.038450,1.313208,linear,150,50,rastrigin,3,0.000000,1.430252,1.492438,2.274841,0.773730
3,0.455730,0.521886,linear,150,50,rastrigin,3,1.003502,3.759946,4.720232,2.987955,3.024575
3,0.687934,1.091897,linear,150,50,rastrigin,3,0.000080,2.860710,3.482690,2.548255,0.873250
3,0.559922,1.091897,linear,150,50,rastrigin,3,0.994957,4.056962,4.487423,3.219648,0.893735
3,0.559922,0.360805,linear,150,50,rastrigin,3,0.907875,3.631172,4.486615,3.177873,0.888375
3,1.038450,0.433935,linear,150,50,rastrigin,3,0.995266,3.310314,4.477313,2.356646,0.956210
3,1.275867,0.300000,linear,150,50,rastrigin,3,0.000000,2.945243,2.885149,2.558977,1.377100
3,0.845213,5.748380,linear,150,50,rastrigin,3,0.000000,0.062185,0.000000,0.911894,0.723170
3,1.038450,0.754882,linear,150,50,rastrigin,3,0.994957,1.991038,2.487400,2.405255,1.063380
3,0.559922,0.627664,linear,150,50,rastrigin,3,0.021721,3.476816,4.000243,3.183140,1.732665
3,0.559922,8.314736,linear,150,50,rastrigin,3,0.000000,0.062185,0.000000,0.430829,1.610970
3,1.038450,3.974133,linear,150,50,rastrigin,3,0.000000,0.124370,0.000000,0.455947,0.928310
3,1.038450,6.913484,linear,150,50,rastrigin,3,0.000000,0.000000,0.000000,0.355271,0.919780
3,0.687934,3.304387,linear,150,50,rastrigin,3,0.000000,0.870588,0.994957,1.037575,1.984200
3,0.455730,8.314736,linear,150,50,rastrigin,3,0.000000,0.248739,0.000000,0.667438,1.838730
3,0.687934,1.899487,linear,150,50,rastrigin,3,0.000000,1.181513,1.492438,1.062325,1.511310
3,0.845213,10.000000,linear,150,50,rastrigin,3,0.000000,0.000000,0.000000,0.216846,1.924210
3,0.687934,5.748380,linear,150,50,rastrigin,3,0.000000,0.062185,0.000000,0.430829,1.221685
3,0.687934,10.000000,linear,150,50,rastrigin,3,0.000000,0.000000,0.000000,0.216846,2.029105
3,1.038450,2.284483,linear,150,50,rastrigin,3,0.000000,0.621848,0.994957,0.650538,1.551940
3,0.845213,0.433935,linear,150,50,rastrigin,3,0.060062,3.270086,3.498983,3.608497,1.529445
3,0.845213,2.284483,linear,150,50,rastrigin,3,0.000000,1.119328,0.994959,1.402679,0.999475
3,0.845213,1.313208,linear,150,50,rastrigin,3,0.000000,1.554623,1.989918,2.409458,0.996765
3,0.845213,3.974133,linear,150,50,rastrigin,3,0.000000,0.310924,0.000000,0.588625,1.109255
3,0.845213,0.754882,linear,150,50,rastrigin,3,0.000309,2.738304,3.485052,2.873682,1.822665
3,1.038450,1.579374,linear,150,50,rastrigin,3,0.000000,1.243699,1.989914,1.570018,0.776790
3,1.275867,0.907884,linear,150,50,rastrigin,3,0.000000,1.181519,1.989917,2.186074,1.172055
3,1.275867,2.747511,linear,150,50,rastrigin,3,0.000000,0.186554,0.000000,0.580155,1.259610
3,0.559922,3.304387,linear,150,50,rastrigin,3,0.000000,0.932773,0.994957,1.197054,1.240705
3,0.687934,0.433935,linear,150,50,rastrigin,3,0.997498,4.043018,5.017833,3.001408,0.960970
3,1.275867,0.360805,linear,150,50,rastrigin,3,0.994968,2.580481,3.007273,2.813129,1.238500
3,0.687934,1.313208,linear,150,50,rastrigin,3,0.000000,1.430284,1.989916,1.588025,1.314590
3,1.567562,0.360805,linear,150,50,rastrigin,3,0.994961,2.142437,2.048987,2.840731,1.333640
3,0.687934,0.754882,linear,150,50,rastrigin,3,0.000498,2.554471,2.989329,2.041045,1.798910
3,1.275867,4.779626,linear,150,50,rastrigin,3,0.000000,0.000000,0.000000,0.355271,1.435775
3,1.275867,8.314736,linear,150,50,rastrigin,3,0.000000,0.000000,0.000000,0.355271,1.426050
3,1.038450,4.779626,linear,150,50,rastrigin,3,0.000000,0.000000,0.000000,0.355271,0.758250
3,0.559922,5.748380,linear,150,50,rastrigin,3,0.000000,0.435294,0.994957,0.580155,1.871605
3,1.038450,0.300000,linear,150,50,rastrigin,3,0.002617,3.238466,4.042756,3.052385,0.702130
3,1.275867,1.579374,linear,150,50,rastrigin,3,0.000000,0.559663,0.994957,1.277077,2.436860
3,0.559922,1.899487,linear,150,50,rastrigin,3,0.994957,1.435232,1.531285,1.420869,1.670020
3,0.559922,10.000000,linear,150,50,rastrigin,3,0.000000,0.000000,0.000000,0.355271,0.913405
3,0.845213,0.521886,linear,150,50,rastrigin,3,0.994961,3.081492,3.099145,2.865451,0.747070
3,1.038450,2.747511,linear,150,50,rastrigin,3,0.000000,0.435294,0.994957,0.867384,1.158450
3,1.567562,1.091897,linear,150,50,rastrigin,3,0.000000,1.305882,1.989915,1.505644,0.891800
3,1.275867,0.521886,linear,150,50,rastrigin,3,0.994957,2.675049,3.482436,2.915690,1.751505
3,0.687934,3.974133,linear,150,50,rastrigin,3,0.000000,0.435294,0.994957,0.762621,1.002625
3,0.845213,6.913484,linear,150,50,rastrigin,3,0.000000,0.000000,0.000000,0.397983,1.595720
3,1.038450,0.521886,linear,150,50,rastrigin,3,0.000853,3.111184,3.980661,2.515975,1.798680
3,0.845213,0.300000,linear,150,50,rastrigin,3,0.995508,3.924773,4.981448,2.424263,1.021685
3,1.567562,0.627664,linear,150,50,rastrigin,3,0.000000,2.611769,2.487432,2.750118,1.380710
3,0.845213,2.747511,linear,150,50,rastrigin,3,0.000000,0.497478,0.994957,0.694691,0.759560
3,0.845213,4.779626,linear,150,50,rastrigin,3,0.000000,0.186554,0.000000,0.474564,0.918770
3,0.687934,2.284483,linear,150,50,rastrigin,3,0.994957,1.616807,1.989917,2.050551,1.791140
3,0.845213,1.579374,linear,150,50,rastrigin,3,0.000000,1.243986,1.494205,1.438287,1.160595
3,1.038450,1.899487,linear,150,50,rastrigin,3,0.000000,0.808403,0.994957,1.301076,1.020095
3,1.038450,0.907884,linear,150,50,rastrigin,3,0.000000,1.181570,0.995413,1.366911,1.261735
3,1.567562,1.899487,linear,150,50,rastrigin,3,0.000000,0.310924,0.000000,0.494985,1.022620
3,0.845213,0.907884,linear,150,50,rastrigin,3,0.994959,2.435570,1.990018,1.920624,1.120665
3,1.038450,5.748380,linear,150,50,rastrigin,3,0.000000,0.000000,0.000000,0.298487,1.063665
3,1.567562,5.748380,linear,150,50,rastrigin,3,0.000000,0.000000,0.000000,0.216846,1.175980
3,1.567562,0.433935,linear,150,50,rastrigin,3,0.000025,2.870105,3.482406,2.045141,1.182895
3,1.275867,0.433935,linear,150,50,rastrigin,3,0.000008,2.874198,3.488754,3.365026,1.335680
3,1.567562,10.000000,linear,150,50,rastrigin,3,0.000000,0.000000,0.000000,0.355271,1.299075
3,1.275867,3.304387,linear,150,50,rastrigin,3,0.000000,0.124370,0.000000,0.455947,1.576505
3,1.275867,5.748380,linear,150,50,rastrigin,3,0.000000,0.000000,0.000000,0.355271,1.415875
3,0.687934,6.913484,linear,150,50,rastrigin,3,0.000000,0.124370,0.000000,0.455947,2.590595
3,1.275867,1.899487,linear,150,50,rastrigin,3,0.000000,0.684033,0.994957,0.915956,0.737600
3,1.038450,0.360805,linear,150,50,rastrigin,3,0.002451,3.133492,4.979075,2.840308,0.835465
3,1.038450,8.314736,linear,150,50,rastrigin,3,0.000000,0.000000,0.000000,0.298487,2.978290
3,1.275867,10.000000,linear,150,50,rastrigin,3,0.000000,0.000000,0.000000,0.298487,1.890390
3,1.925946,2.284483,linear,150,50,rastrigin,3,0.000000,0.000000,0.000000,0.905083,0.852395
3,1.038450,3.304387,linear,150,50,rastrigin,3,0.000000,0.310924,0.000000,0.588624,0.861485
3,1.925946,1.313208,linear,150,50,rastrigin,3,0.000000,0.497479,0.994957,0.694692,0.993785
3,1.038450,1.091897,linear,150,50,rastrigin,3,0.994957,2.487395,2.487396,2.277559,1.276175
3,1.275867,1.091897,linear,150,50,rastrigin,3,0.000000,0.994958,0.994958,1.352375,2.613240
3,1.925946,3.974133,linear,150,50,rastrigin,3,0.000000,0.000000,0.000000,0.216846,0.914050
3,0.845213,8.314736,linear,150,50,rastrigin,3,0.000000,0.000000,0.000000,0.000000,0.939700
3,1.567562,3.304387,linear,150,50,rastrigin,3,0.000000,0.000000,0.000000,0.298487,2.775980
3,1.275867,6.913484,linear,150,50,rastrigin,3,0.000000,0.000000,0.000000,0.433692,1.061135
3,1.038450,0.627664,linear,150,50,rastrigin,3,0.000000,1.885972,2.000808,3.307627,0.924350
3,1.567562,0.754882,linear,150,50,rastrigin,3,0.000000,1.119641,0.995265,1.672782,0.845785
3,2.366266,0.300000,linear,150,50,rastrigin,3,0.000000,2.876003,3.482353,2.036834,0.767435
3,1.925946,6.913484,linear,150,50,rastrigin,3,0.000000,0.000000,0.000000,0.216846,1.020775
3,1.925946,0.300000,linear,150,50,rastrigin,3,0.994997,3.796886,4.974789,2.846427,1.693450
3,1.925946,0.433935,linear,150,50,rastrigin,3,0.000000,2.301012,2.984876,2.154989,2.534975
3,2.366266,1.579374,linear,150,50,rastrigin,3,0.000000,0.124370,0.000000,0.455947,0.782980
3,2.366266,0.521886,linear,150,50,rastrigin,3,0.000000,1.554622,1.989917,1.600592,0.828040
3,2.366266,2.747511,linear,150,50,rastrigin,3,0.000000,0.000000,0.000000,0.397983,0.859190
3,2.366266,0.907884,linear,150,50,rastrigin,3,0.000000,0.870588,0.994957,0.988720,0.930495
3,1.925946,0.754882,linear,150,50,rastrigin,3,0.000000,1.678991,1.989916,2.277559,0.983490
3,1.567562,2.284483,linear,150,50,rastrigin,3,0.000000,0.248739,0.000000,0.586519,0.924590
3,2.366266,8.314736,linear,150,50,rastrigin,3,0.000000,0.000073,0.000005,0.397966,0.927090
3,2.366266,4.779626,linear,150,50,rastrigin,3,0.000000,0.000000,0.000000,0.397983,1.021080
3,1.275867,3.974133,linear,150,50,rastrigin,3,0.000000,0.000000,0.000000,0.355271,0.854625
3,2.907255,0.360805,linear,150,50,rastrigin,3,0.000000,2.052339,1.990821,1.702412,0.946680
3,1.567562,0.521886,linear,150,50,rastrigin,3,0.994959,3.608860,4.974788,3.011950,1.013170
3,1.567562,1.313208,linear,150,50,rastrigin,3,0.000000,0.746218,0.994957,0.938642,0.978960
3,1.567562,6.913484,linear,150,50,rastrigin,3,0.000000,0.000000,0.000000,0.000000,1.073700
3,1.275867,0.627664,linear,150,50,rastrigin,3,0.000006,2.363057,2.984876,2.639961,0.953645
3,2.907255,0.627664,linear,150,50,rastrigin,3,0.000000,0.994958,0.994957,1.521993,0.895450
3,2.907255,1.899487,linear,150,50,rastrigin,3,0.000000,0.000000,0.000000,0.397983,0.835815
3,1.275867,2.284483,linear,150,50,rastrigin,3,0.000000,0.435294,0.994957,0.762621,0.926075
3,2.907255,1.091897,linear,150,50,rastrigin,3,0.000000,0.435294,0.994957,0.710543,1.145640
3,1.275867,1.313208,linear,150,50,rastrigin,3,0.000000,0.870588,0.994957,1.424562,0.926655
3,1.038450,10.000000,linear,150,50,rastrigin,3,0.000000,0.000000,0.000000,0.298487,1.222685
3,1.925946,1.579374,linear,150,50,rastrigin,3,0.000000,0.497479,0.994957,0.989970,1.080595
3,2.907255,3.304387,linear,150,50,rastrigin,3,0.000000,0.000000,0.000000,0.216846,1.089555
3,2.907255,10.000000,linear,150,50,rastrigin,3,0.000015,0.437051,0.995044,0.581213,1.065750
3,1.567562,0.300000,linear,150,50,rastrigin,3,0.000332,3.255455,4.478484,3.017729,1.399600
3,1.925946,2.747511,linear,150,50,rastrigin,3,0.000000,0.062185,0.000000,0.430829,1.410575
3,3.571927,0.433935,linear,150,50,rastrigin,3,0.000000,1.243697,1.492436,1.146363,1.023745
3,2.907255,0.433935,linear,150,50,rastrigin,3,0.000000,1.678991,1.989914,1.790924,1.241545
3,2.907255,5.748380,linear,150,50,rastrigin,3,0.000000,0.000000,0.000000,0.507330,1.386335
3,2.366266,0.360805,linear,150,50,rastrigin,3,0.000000,1.616852,1.989961,1.898262,0.823895
3,1.567562,0.907884,linear,150,50,rastrigin,3,0.000000,1.368068,1.989916,1.868693,0.907345
3,1.925946,0.360805,linear,150,50,rastrigin,3,0.994961,3.177313,4.477368,2.329711,0.911745
3,1.925946,0.521886,linear,150,50,rastrigin,3,0.994957,2.922689,2.984875,3.176115,0.887555
3,1.925946,8.314736,linear,150,50,rastrigin,3,0.000000,0.000000,0.000000,0.216846,1.301505
3,2.366266,1.899487,linear,150,50,rastrigin,3,0.000000,0.248739,0.000000,0.487428,1.100140
3,1.925946,0.907884,linear,150,50,rastrigin,3,0.000000,1.305882,1.492435,1.524430,0.871695
3,1.275867,0.754882,linear,150,50,rastrigin,3,0.994957,2.052103,1.989918,1.682625,1.650935
3,3.571927,1.313208,linear,150,50,rastrigin,3,0.000000,0.000000,0.000000,0.216846,0.911945
3,2.366266,10.000000,linear,150,50,rastrigin,3,0.000000,0.187235,0.000223,0.665288,0.891385
3,1.567562,1.579374,linear,150,50,rastrigin,3,0.000000,0.746218,0.994957,0.535801,0.863390
3,2.366266,1.091897,linear,150,50,rastrigin,3,0.000000,0.435294,0.994957,0.580155,1.088270
3,1.567562,2.747511,linear,150,50,rastrigin,3,0.000000,0.062185,0.000000,0.430829,1.094335
3,1.567562,3.974133,linear,150,50,rastrigin,3,0.000000,0.000000,0.000000,0.216846,2.393975
3,3.571927,2.284483,linear,150,50,rastrigin,3,0.000000,0.000000,0.000000,0.355271,1.077045
3,4.388561,1.579374,linear,150,50,rastrigin,3,0.000000,0.000000,0.000000,0.216846,0.991530
3,2.366266,5.748380,linear,150,50,rastrigin,3,0.000000,0.000000,0.000000,0.298487,1.117560
3,3.571927,0.300000,linear,150,50,rastrigin,3,0.994957,2.238657,1.989925,2.434600,1.596300
3,2.366266,0.433935,linear,150,50,rastrigin,3,0.000000,2.487397,2.984888,2.296499,1.184995
3,3.571927,3.974133,linear,150,50,rastrigin,3,0.000000,0.000000,0.000000,0.355271,1.256675
3,2.907255,1.313208,linear,150,50,rastrigin,3,0.000000,0.373109,0.497478,0.988719,0.865360
3,2.366266,0.627664,linear,150,50,rastrigin,3,0.994957,1.616806,1.989916,1.356942,0.820585
3,4.388561,0.521886,linear,150,50,rastrigin,3,0.000000,0.621848,0.994957,0.994958,0.875890
3,4.388561,0.300000,linear,150,50,rastrigin,3,0.000000,1.865546,1.989917,2.281905,0.968210
3,2.907255,2.284483,linear,150,50,rastrigin,3,0.000000,0.062185,0.000000,0.430829,1.868650
3,2.907255,0.521886,linear,150,50,rastrigin,3,0.000000,1.243697,1.492436,1.262460,0.740500
3,3.571927,6.913484,linear,150,50,rastrigin,3,0.000000,0.249150,0.001412,0.586511,1.746830
3,1.925946,1.899487,linear,150,50,rastrigin,3,0.000000,0.186554,0.000000,0.665582,1.033345
3,2.366266,3.304387,linear,150,50,rastrigin,3,0.000000,0.000000,0.000000,0.298487,1.052630
3,3.571927,0.521886,linear,150,50,rastrigin,3,0.000000,0.746218,0.994957,0.860222,0.923065
3,4.388561,0.907884,linear,150,50,rastrigin,3,0.000000,0.310924,0.000000,0.494985,2.702970
3,1.925946,3.304387,linear,150,50,rastrigin,3,0.000000,0.000000,0.000000,0.000000,1.115500
3,1.925946,4.779626,linear,150,50,rastrigin,3,0.000000,0.000000,0.000000,0.355271,1.051220
3,1.567562,8.314736,linear,150,50,rastrigin,3,0.000000,0.000000,0.000000,0.298487,1.114905
3,2.907255,1.579374,linear,150,50,rastrigin,3,0.000000,0.186554,0.000000,0.474564,0.824505
3,2.907255,0.754882,linear,150,50,rastrigin,3,0.000000,0.808403,0.994957,1.705997,1.404400
3,2.907255,6.913484,linear,150,50,rastrigin,3,0.000000,0.062414,0.000010,0.430763,1.506530
3,2.907255,3.974133,linear,150,50,rastrigin,3,0.000000,0.000000,0.000000,0.000000,1.813770
3,4.388561,4.779626,linear,150,50,rastrigin,3,0.000000,0.063259,0.000013,0.430348,1.877495
3,2.366266,2.284483,linear,150,50,rastrigin,3,0.000000,0.000000,0.000000,0.298487,0.996290
3,3.571927,1.579374,linear,150,50,rastrigin,3,0.000000,0.000000,0.000000,0.355271,0.962425
3,4.388561,8.314736,linear,150,50,rastrigin,3,0.000652,0.578175,0.998248,0.726058,0.977400
3,1.925946,1.091897,linear,150,50,rastrigin,3,0.000000,0.808403,0.994957,0.629267,1.037265
3,3.571927,0.754882,linear,150,50,rastrigin,3,0.000000,0.497479,0.994957,0.744558,1.331510
3,2.907255,0.300000,linear,150,50,rastrigin,3,0.000000,1.682259,1.989923,2.380459,1.109710
3,1.925946,0.627664,linear,150,50,rastrigin,3,0.000000,1.305893,0.995040,2.154139,1.317605
3,3.571927,2.747511,linear,150,50,rastrigin,3,0.000000,0.000000,0.000000,0.216846,1.086540
3,3.571927,0.360805,linear,150,50,rastrigin,3,0.000000,1.430252,1.989914,1.491607,0.993715
3,4.388561,1.899487,linear,150,50,rastrigin,3,0.000000,0.000000,0.000000,0.216846,1.360660
3,5.391897,1.091897,linear,150,50,rastrigin,3,0.000000,0.062185,0.000000,0.430829,1.079265
3,3.571927,4.779626,linear,150,50,rastrigin,3,0.000000,0.062295,0.000000,0.553924,0.981145
3,2.366266,1.313208,linear,150,50,rastrigin,3,0.000000,0.373109,0.497478,1.094453,0.876025
3,3.571927,0.627664,linear,150,50,rastrigin,3,0.000000,0.746218,0.994957,0.832442,1.735370
3,2.366266,3.974133,linear,150,50,rastrigin,3,0.000000,0.000000,0.000000,0.298487,1.985105
3,5.391897,0.627664,linear,150,50,rastrigin,3,0.000000,0.373109,0.497478,0.586519,1.011925
3,4.388561,2.747511,linear,150,50,rastrigin,3,0.000000,0.000000,0.000000,0.298487,3.313810
3,1.567562,4.779626,linear,150,50,rastrigin,3,0.000000,0.000000,0.000000,0.298487,1.052015
3,2.907255,2.747511,linear,150,50,rastrigin,3,0.000000,0.000000,0.000000,0.216846,1.362085
3,4.388561,0.627664,linear,150,50,rastrigin,3,0.000000,0.497478,0.994957,0.694691,1.704250
3,5.391897,1.899487,linear,150,50,rastrigin,3,0.000000,0.000000,0.000000,0.216846,1.665115
3,2.366266,0.754882,linear,150,50,rastrigin,3,0.000000,0.870588,0.994957,2.199618,1.742720
3,3.571927,8.314736,linear,150,50,rastrigin,3,0.000004,0.377604,0.527147,0.721033,0.836265
3,5.391897,0.360805,linear,150,50,rastrigin,3,0.000000,0.435294,0.994957,1.008546,0.878130
3,4.388561,1.091897,linear,150,50,rastrigin,3,0.000000,0.310924,0.000000,0.731142,1.677850
3,2.907255,4.779626,linear,150,50,rastrigin,3,0.000000,0.000000,0.000000,0.298487,0.975460
3,5.391897,5.748380,linear,150,50,rastrigin,3,0.000042,0.376482,0.504751,0.660382,2.283125
3,8.139176,0.907884,linear,150,50,rastrigin,3,0.000000,0.000000,0.000000,0.298487,0.847585
3,6.624620,2.284483,linear,150,50,rastrigin,3,0.000000,0.000000,0.000000,0.397983,1.873290
3,6.624620,0.433935,linear,150,50,rastrigin,3,0.000000,0.559663,0.994957,0.619356,1.618470
3,8.139176,0.521886,linear,150,50,rastrigin,3,0.000000,0.186554,0.000000,0.474564,1.107050
3,6.624620,0.754882,linear,150,50,rastrigin,3,0.000000,0.000000,0.000000,0.507331,1.404570
3,5.391897,1.313208,linear,150,50,rastrigin,3,0.000000,0.000000,0.000000,0.298487,1.413475
3,1.925946,5.748380,linear,150,50,rastrigin,3,0.000000,0.000000,0.000000,0.355271,2.022825
3,2.907255,0.907884,linear,150,50,rastrigin,3,0.000000,0.310924,0.000000,0.999920,0.860860
3,4.388561,5.748380,linear,150,50,rastrigin,3,0.000000,0.063054,0.000242,0.430520,1.000505
3,4.388561,0.360805,linear,150,50,rastrigin,3,0.000000,1.492437,1.989916,0.974855,3.172210
3,1.925946,10.000000,linear,150,50,rastrigin,3,0.000000,0.062285,0.000003,0.430786,3.193450
3,6.624620,6.913484,linear,150,50,rastrigin,3,0.022793,0.721862,1.005556,0.613738,1.681195
3,2.907255,8.314736,linear,150,50,rastrigin,3,0.000000,0.000050,0.000048,0.298400,1.758270
3,4.388561,2.284483,linear,150,50,rastrigin,3,0.000000,0.000000,0.000000,0.216846,1.539220
3,3.571927,1.899487,linear,150,50,rastrigin,3,0.000000,0.000000,0.000000,0.298487,1.742145
3,5.391897,2.284483,linear,150,50,rastrigin,3,0.000000,0.124370,0.000000,0.455947,0.966305
3,2.366266,6.913484,linear,150,50,rastrigin,3,0.000000,0.000000,0.000000,0.298488,2.534660
3,4.388561,0.754882,linear,150,50,rastrigin,3,0.000000,0.248739,0.000000,0.487427,1.026265
3,3.571927,0.907884,linear,150,50,rastrigin,3,0.000000,0.559663,0.994957,0.674813,2.740390
3,3.571927,3.304387,linear,150,50,rastrigin,3,0.000000,0.186554,0.000000,0.474564,2.352355
3,5.391897,3.304387,linear,150,50,rastrigin,3,0.000000,0.000214,0.000000,0.533408,2.736745
3,6.624620,3.974133,linear,150,50,rastrigin,3,0.000002,0.000765,0.000223,0.533431,1.068100
3,6.624620,1.313208,linear,150,50,rastrigin,3,0.000000,0.000000,0.000000,0.216846,2.092115
3,5.391897,10.000000,linear,150,50,rastrigin,3,0.012222,0.983099,1.281256,1.200850,2.237990
3,8.139176,0.300000,linear,150,50,rastrigin,3,0.000000,0.746218,0.994957,0.860221,1.890680
3,6.624620,0.907884,linear,150,50,rastrigin,3,0.000000,0.000000,0.000000,0.000000,0.747655
3,4.388561,1.313208,linear,150,50,rastrigin,3,0.000000,0.000000,0.000000,0.355271,1.210550
3,3.571927,5.748380,linear,150,50,rastrigin,3,0.000000,0.000004,0.000000,0.298476,2.120795
3,6.624620,2.747511,linear,150,50,rastrigin,3,0.000000,0.062195,0.000002,0.553968,0.856690
3,5.391897,1.579374,linear,150,50,rastrigin,3,0.000000,0.000000,0.000000,0.216846,0.889625
3,10.000000,0.360805,linear,150,50,rastrigin,3,0.000000,0.310924,0.000000,0.665581,0.909300
3,4.388561,10.000000,linear,150,50,rastrigin,3,0.002087,0.731764,1.007826,0.794264,2.481785
3,8.139176,4.779626,linear,150,50,rastrigin,3,0.000559,0.729706,1.007404,0.725403,1.955595
3,10.000000,3.304387,linear,150,50,rastrigin,3,0.000015,0.463289,0.994975,0.695060,0.806880
3,8.139176,2.747511,linear,150,50,rastrigin,3,0.000000,0.311049,0.000882,0.588664,2.326755
3,6.624620,8.314736,linear,150,50,rastrigin,3,0.000399,1.118889,1.201739,1.045995,0.865210
3,4.388561,0.433935,linear,150,50,rastrigin,3,0.000000,0.994959,1.492437,1.690696,1.510255
3,0.200000,0.754882,quadratic,150,50,rastrigin,3,1.205914,4.508499,5.594197,3.048530,0.768730
3,10.000000,5.748380,linear,150,50,rastrigin,3,0.066521,1.501743,1.767833,1.011891,0.944220
3,8.139176,8.314736,linear,150,50,rastrigin,3,0.216391,1.594997,2.082602,1.122399,2.027060
3,5.391897,0.433935,linear,150,50,rastrigin,3,0.000000,0.559663,0.994957,0.619356,2.131895
3,8.139176,0.360805,linear,150,50,rastrigin,3,0.000000,0.621848,0.994957,0.650538,0.895760
3,6.624620,0.300000,linear,150,50,rastrigin,3,0.000000,0.559663,0.994957,0.674814,0.911820
3,10.000000,10.000000,linear,150,50,rastrigin,3,1.823853,3.176726,3.409433,1.814531,0.961535
3,8.139176,1.579374,linear,150,50,rastrigin,3,0.000000,0.000000,0.000000,0.397983,2.789935
3,0.200000,2.284483,quadratic,150,50,rastrigin,3,0.000183,2.815052,3.409132,2.237984,0.891440
3,5.391897,3.974133,linear,150,50,rastrigin,3,0.000000,0.062215,0.000008,0.430834,0.974160
3,5.391897,0.754882,linear,150,50,rastrigin,3,0.000000,0.124370,0.000000,0.455947,2.869915
3,6.624620,1.579374,linear,150,50,rastrigin,3,0.000000,0.000000,0.000000,0.216846,0.973635
3,4.388561,3.304387,linear,150,50,rastrigin,3,0.000000,0.000000,0.000000,0.298487,2.892895
3,6.624620,0.521886,linear,150,50,rastrigin,3,0.000000,0.310924,0.000000,0.494985,1.841125
3,10.000000,1.899487,linear,150,50,rastrigin,3,0.000000,0.000000,0.000000,0.216846,1.529810
3,6.624620,1.091897,linear,150,50,rastrigin,3,0.000000,0.000000,0.000000,0.216846,1.383270
3,0.200000,3.974133,quadratic,150,50,rastrigin,3,0.000000,2.549598,2.984892,2.526384,1.340435
3,5.391897,2.747511,linear,150,50,rastrigin,3,0.000000,0.248739,0.000000,0.487428,1.623270
3,3.571927,10.000000,linear,150,50,rastrigin,3,0.000574,0.440643,0.995011,0.649048,2.720405
3,5.391897,0.300000,linear,150,50,rastrigin,3,0.000000,1.057143,0.994959,1.537363,0.930040
3,4.388561,6.913484,linear,150,50,rastrigin,3,0.000002,0.377323,0.507160,0.721390,2.319685
3,6.624620,3.304387,linear,150,50,rastrigin,3,0.000000,0.248987,0.001043,0.487304,1.527430
3,8.139176,0.627664,linear,150,50,rastrigin,3,0.000000,0.000000,0.000000,0.397983,2.458205
3,8.139176,1.091897,linear,150,50,rastrigin,3,0.000000,0.000000,0.000000,0.298487,2.477590
3,0.200000,0.433935,quadratic,150,50,rastrigin,3,1.701077,4.295440,5.153947,3.690276,1.703915
3,5.391897,0.521886,linear,150,50,rastrigin,3,0.000000,0.932773,0.994959,1.315265,0.926880
3,5.391897,0.907884,linear,150,50,rastrigin,3,0.000000,0.000000,0.000000,0.298487,0.884620
3,0.200000,1.313208,quadratic,150,50,rastrigin,3,0.019196,4.200247,5.066585,2.859875,1.869005
3,8.139176,1.899487,linear,150,50,rastrigin,3,0.000000,0.000000,0.000000,0.355271,0.980635
3,0.245725,0.521886,quadratic,150,50,rastrigin,3,1.546915,5.178998,5.898987,3.338531,0.723275
3,6.624620,0.627664,linear,150,50,rastrigin,3,0.000000,0.124370,0.000000,0.569391,0.760565
3,0.245725,0.300000,quadratic,150,50,rastrigin,3,1.086081,4.869545,5.135308,4.116544,0.761620
3,0.245725,0.907884,quadratic,150,50,rastrigin,3,1.019032,3.633640,4.479019,2.729066,0.747765
3,0.200000,4.779626,quadratic,150,50,rastrigin,3,0.000000,1.430259,1.989916,1.823784,0.764920
3,10.000000,0.627664,linear,150,50,rastrigin,3,0.000000,0.000000,0.000000,0.000000,3.166150
3,3.571927,1.091897,linear,150,50,rastrigin,3,0.000000,0.310924,0.000000,1.171982,2.413735
3,10.000000,0.433935,linear,150,50,rastrigin,3,0.000000,0.248739,0.000000,0.487427,1.967170
3,10.000000,2.284483,linear,150,50,rastrigin,3,0.000000,0.311004,0.000517,0.495043,1.004155
3,6.624620,4.779626,linear,150,50,rastrigin,3,0.000067,0.560041,0.995010,0.624493,2.636185
3,0.245725,4.779626,quadratic,150,50,rastrigin,3,0.000000,1.554622,1.989916,1.462283,0.791315
3,8.139176,1.313208,linear,150,50,rastrigin,3,0.000000,0.000000,0.000000,0.216846,0.823695
3,8.139176,0.433935,linear,150,50,rastrigin,3,0.000000,0.435294,0.994957,0.580155,1.857160
3,5.391897,4.779626,linear,150,50,rastrigin,3,0.000000,0.311805,0.004190,0.588110,1.855835
3,0.200000,0.521886,quadratic,150,50,rastrigin,3,1.321489,5.546184,6.607635,3.536006,0.949930
3,8.139176,5.748380,linear,150,50,rastrigin,3,0.017139,0.733806,1.004970,1.155072,2.215820
3,8.139176,0.754882,linear,150,50,rastrigin,3,0.000000,0.000000,0.000000,0.298487,0.981320
3,0.200000,1.579374,quadratic,150,50,rastrigin,3,0.995678,3.769569,4.979230,2.512877,0.975095
3,5.391897,6.913484,linear,150,50,rastrigin,3,0.000576,0.387818,0.543176,0.769127,3.844095
3,0.301904,0.627664,quadratic,150,50,rastrigin,3,0.997274,3.888036,4.984602,4.495366,0.775840
3,10.000000,3.974133,linear,150,50,rastrigin,3,0.001190,0.381873,0.456632,1.102207,2.423670
3,0.200000,6.913484,quadratic,150,50,rastrigin,3,0.000000,1.554621,1.492436,2.762689,2.349820
3,0.200000,5.748380,quadratic,150,50,rastrigin,3,0.000000,1.305882,1.989915,1.787462,0.974955
3,8.139176,3.304387,linear,150,50,rastrigin,3,0.000006,0.255059,0.025140,0.583345,2.736260
3,0.200000,0.300000,quadratic,150,50,rastrigin,3,3.061295,6.808539,8.294291,3.333475,2.451155
3,0.200000,0.907884,quadratic,150,50,rastrigin,3,1.989937,5.158712,5.541956,3.996332,2.614210
3,6.624620,10.000000,linear,150,50,rastrigin,3,0.139915,1.485532,1.910001,1.023483,2.720235
3,0.245725,0.360805,quadratic,150,50,rastrigin,3,2.233986,5.307458,5.434309,3.719079,1.180885
3,0.301904,1.091897,quadratic,150,50,rastrigin,3,1.002098,2.738770,2.162706,3.323244,1.008235
3,6.624620,1.899487,linear,150,50,rastrigin,3,0.000000,0.000000,0.000000,0.216846,2.584930
3,0.245725,2.747511,quadratic,150,50,rastrigin,3,0.000032,2.611964,2.984943,3.194764,1.744875
3,0.245725,1.579374,quadratic,150,50,rastrigin,3,0.995073,3.916607,5.420280,3.129473,2.208575
3,0.301904,0.360805,quadratic,150,50,rastrigin,3,1.007099,4.616520,5.017514,5.548001,1.872735
3,0.245725,1.091897,quadratic,150,50,rastrigin,3,0.995350,3.920347,4.982214,3.705177,1.555370
3,0.200000,2.747511,quadratic,150,50,rastrigin,3,0.994959,3.982347,4.977513,2.882538,2.935550
3,0.245725,5.748380,quadratic,150,50,rastrigin,3,0.994957,1.430252,1.989916,1.258533,1.260690
3,6.624620,0.360805,linear,150,50,rastrigin,3,0.000000,0.808403,0.994957,1.116838,3.078065
3,10.000000,1.091897,linear,150,50,rastrigin,3,0.000000,0.000000,0.000000,0.355271,4.195315
3,0.245725,0.627664,quadratic,150,50,rastrigin,3,0.306225,4.286746,5.330263,2.871474,1.775850
3,0.200000,0.627664,quadratic,150,50,rastrigin,3,2.376648,7.326677,8.973146,3.695547,1.177290
3,0.301904,10.000000,quadratic,150,50,rastrigin,3,0.000000,0.497478,0.994957,0.569390,1.166725
3,10.000000,0.754882,linear,150,50,rastrigin,3,0.000000,0.000000,0.000000,0.355271,1.536740
3,8.139176,2.284483,linear,150,50,rastrigin,3,0.000000,0.000004,0.000000,0.355320,2.076600
3,10.000000,2.747511,linear,150,50,rastrigin,3,0.000004,0.254970,0.001210,0.588365,1.583650
3,10.000000,0.521886,linear,150,50,rastrigin,3,0.000000,0.000000,0.000000,0.355271,1.685010
3,0.245725,8.314736,quadratic,150,50,rastrigin,3,0.000000,0.994957,0.994957,1.237713,2.370015
3,0.370927,0.433935,quadratic,150,50,rastrigin,3,1.027046,4.946767,5.591870,4.100236,0.731015
3,0.370927,0.754882,quadratic,150,50,rastrigin,3,0.995644,4.632442,5.033525,3.253405,0.718985
3,0.200000,1.091897,quadratic,150,50,rastrigin,3,1.002531,5.215654,7.109885,4.490797,0.749670
3,10.000000,6.913484,linear,150,50,rastrigin,3,0.030552,1.224198,1.301955,0.703089,3.558440
3,0.245725,0.433935,quadratic,150,50,rastrigin,3,2.105640,5.897873,6.252721,2.598743,0.807175
3,8.139176,3.974133,linear,150,50,rastrigin,3,0.000141,0.192144,0.002827,0.736047,0.868700
3,8.139176,6.913484,linear,150,50,rastrigin,3,0.003918,0.804298,1.067101,0.640118,1.848715
3,8.139176,10.000000,linear,150,50,rastrigin,3,0.193092,2.136583,2.432911,1.840330,3.835535
3,0.245725,1.313208,quadratic,150,50,rastrigin,3,0.998238,3.359143,3.014129,2.822744,0.741635
3,0.245725,6.913484,quadratic,150,50,rastrigin,3,0.000000,0.746218,0.994957,0.736202,0.757975
3,0.245725,0.754882,quadratic,150,50,rastrigin,3,1.006666,4.942957,5.629121,4.164643,0.778500
3,0.301904,0.433935,quadratic,150,50,rastrigin,3,3.106119,6.353445,6.334675,4.136358,0.876665
3,0.245725,3.304387,quadratic,150,50,rastrigin,3,0.994957,2.363052,2.984875,2.356582,0.929570
3,0.200000,3.304387,quadratic,150,50,rastrigin,3,0.000000,2.986767,3.984734,2.330222,0.923795
3,10.000000,1.313208,linear,150,50,rastrigin,3,0.000000,0.000000,0.000000,0.000000,0.961425
3,10.000000,4.779626,linear,150,50,rastrigin,3,0.011099,0.643928,1.004165,0.864880,1.655660
3,0.301904,5.748380,quadratic,150,50,rastrigin,3,0.000000,1.119328,1.492437,1.154966,2.343180
3,4.388561,3.974133,linear,150,50,rastrigin,3,0.000000,0.000102,0.000000,0.397942,3.702245
3,0.455730,0.521886,quadratic,150,50,rastrigin,3,1.010967,4.436611,5.213929,4.181843,0.890530
3,0.200000,8.314736,quadratic,150,50,rastrigin,3,0.000000,1.492437,1.989916,1.903466,1.750145
3,0.301904,0.754882,quadratic,150,50,rastrigin,3,1.063534,5.592614,5.982179,3.719344,2.334785
3,0.301904,1.899487,quadratic,150,50,rastrigin,3,0.000246,1.747131,1.991873,2.563862,2.787520
3,0.301904,3.304387,quadratic,150,50,rastrigin,3,0.000000,2.425212,2.487396,1.634907,2.706870
3,0.370927,0.300000,quadratic,150,50,rastrigin,3,1.011974,4.937488,6.224280,5.012494,1.289955
3,0.200000,0.360805,quadratic,150,50,rastrigin,3,0.791252,4.671051,5.805716,3.524327,2.035330
3,5.391897,8.314736,linear,150,50,rastrigin,3,0.000717,0.801305,1.005199,1.055382,2.543825
3,10.000000,8.314736,linear,150,50,rastrigin,3,0.313358,1.644814,2.197182,1.242094,1.292075
3,0.370927,0.521886,quadratic,150,50,rastrigin,3,1.064531,5.323072,5.767275,3.018749,1.258050
3,0.200000,1.899487,quadratic,150,50,rastrigin,3,0.995075,3.446846,4.485267,3.108587,2.662405
3,0.455730,0.907884,quadratic,150,50,rastrigin,3,1.063643,4.119987,4.974972,3.036774,1.344895
3,0.245725,1.899487,quadratic,150,50,rastrigin,3,0.995035,3.747760,4.975227,2.170968,1.711655
3,10.000000,0.300000,linear,150,50,rastrigin,3,0.000000,0.621848,0.994957,0.455947,1.039160
3,0.455730,0.300000,quadratic,150,50,rastrigin,3,0.094879,4.486517,5.209782,3.546218,1.451620
3,0.370927,3.974133,quadratic,150,50,rastrigin,3,0.000000,0.932772,0.994957,2.222007,1.561675
3,0.370927,2.284483,quadratic,150,50,rastrigin,3,0.000004,1.741178,1.989918,1.792994,1.773280
3,0.455730,1.579374,quadratic,150,50,rastrigin,3,0.000002,2.301905,1.997075,1.847001,1.492345
3,0.455730,4.779626,quadratic,150,50,rastrigin,3,0.000000,0.559663,0.994957,1.085371,1.157445
3,0.559922,0.627664,quadratic,150,50,rastrigin,3,0.002890,3.390887,4.509878,3.144233,1.008070
3,0.245725,10.000000,quadratic,150,50,rastrigin,3,0.000000,0.497478,0.994957,0.922686,0.894575
3,0.301904,6.913484,quadratic,150,50,rastrigin,3,0.000000,0.994958,0.994958,0.596975,0.923935
3,0.200000,10.000000,quadratic,150,50,rastrigin,3,0.000000,1.057142,0.994957,1.471562,0.958965
3,0.301904,1.313208,quadratic,150,50,rastrigin,3,0.032314,3.697660,4.974880,4.096434,2.886790
3,0.370927,0.907884,quadratic,150,50,rastrigin,3,0.995148,2.527433,2.494558,3.704605,2.133890
3,6.624620,5.748380,linear,150,50,rastrigin,3,0.001915,0.534440,0.996117,0.806253,3.888775
3,0.301904,0.521886,quadratic,150,50,rastrigin,3,1.004436,3.918420,4.663486,4.786289,1.718325
3,0.301904,2.284483,quadratic,150,50,rastrigin,3,0.000000,2.674261,2.488544,4.646529,0.777775
3,0.559922,10.000000,quadratic,150,50,rastrigin,3,0.000000,0.000000,0.000000,0.216846,0.763905
3,0.370927,0.627664,quadratic,150,50,rastrigin,3,2.016293,4.689136,5.525945,3.088185,0.783555
3,0.455730,1.091897,quadratic,150,50,rastrigin,3,0.995268,3.423403,4.481180,2.908976,0.808970
3,0.370927,6.913484,quadratic,150,50,rastrigin,3,0.000000,0.435294,0.994957,0.710542,2.338990
3,0.455730,1.899487,quadratic,150,50,rastrigin,3,0.000000,2.176477,1.989967,2.222562,0.770305
3,0.559922,0.360805,quadratic,150,50,rastrigin,3,1.000717,5.138488,5.517482,3.960779,1.938985
3,0.455730,5.748380,quadratic,150,50,rastrigin,3,0.000000,0.373109,0.497478,1.188756,0.771550
3,0.455730,2.747511,quadratic,150,50,rastrigin,3,0.000000,1.869540,1.989917,1.585877,2.332820
3,0.559922,5.748380,quadratic,150,50,rastrigin,3,0.000000,0.310924,0.000000,0.588625,0.882695
3,0.245725,2.284483,quadratic,150,50,rastrigin,3,0.000000,1.869568,1.999912,1.952565,0.860850
3,0.559922,0.754882,quadratic,150,50,rastrigin,3,0.994976,3.387701,4.483222,3.743882,0.813575
3,0.370927,4.779626,quadratic,150,50,rastrigin,3,0.000000,0.808403,0.994957,1.071602,0.849305
3,0.455730,0.360805,quadratic,150,50,rastrigin,3,1.174559,3.784895,5.018885,2.879098,0.915420
3,0.687934,0.754882,quadratic,150,50,rastrigin,3,0.995018,3.251909,3.979896,2.575413,0.959625
3,0.370927,2.747511,quadratic,150,50,rastrigin,3,0.994957,2.487399,1.989954,2.317947,0.907680
3,0.370927,1.313208,quadratic,150,50,rastrigin,3,0.000237,3.799776,4.974792,3.115652,2.872730
3,0.455730,8.314736,quadratic,150,50,rastrigin,3,0.000000,0.062185,0.000000,0.430829,2.110805
3,0.370927,0.360805,quadratic,150,50,rastrigin,3,1.335911,5.123000,6.044281,3.789034,1.061490
3,10.000000,0.907884,linear,150,50,rastrigin,3,0.000000,0.000000,0.000000,0.000000,2.686250
3,0.559922,3.304387,quadratic,150,50,rastrigin,3,0.000000,0.808403,0.994957,1.421084,1.893550
3,0.687934,2.284483,quadratic,150,50,rastrigin,3,0.000000,1.119328,0.994959,1.338578,0.920935
3,0.687934,0.433935,quadratic,150,50,rastrigin,3,1.018229,4.397864,5.578484,2.854031,1.360110
3,0.455730,0.627664,quadratic,150,50,rastrigin,3,1.057703,3.724643,3.987924,4.018622,2.048040
3,10.000000,1.579374,linear,150,50,rastrigin,3,0.000000,0.000000,0.000000,0.355271,2.307925
3,0.245725,3.974133,quadratic,150,50,rastrigin,3,0.994957,2.114401,1.989945,1.451137,2.400905
3,0.559922,1.091897,quadratic,150,50,rastrigin,3,0.000008,2.122608,2.487494,2.775266,2.396865
3,0.370927,1.091897,quadratic,150,50,rastrigin,3,1.001368,4.565300,5.478132,3.181576,0.890470
3,0.559922,1.899487,quadratic,150,50,rastrigin,3,0.000000,2.300840,2.487396,2.238101,2.231110
3,0.301904,8.314736,quadratic,150,50,rastrigin,3,0.000000,0.497479,0.994957,0.694692,1.311270
3,0.845213,0.300000,quadratic,150,50,rastrigin,3,0.995302,3.721366,4.529222,3.226372,0.751430
3,0.301904,3.974133,quadratic,150,50,rastrigin,3,0.000000,2.176471,1.989918,2.426450,1.809695
3,0.687934,0.300000,quadratic,150,50,rastrigin,3,1.044994,5.112948,6.181939,3.352037,1.024985
3,0.301904,1.579374,quadratic,150,50,rastrigin,3,0.028574,2.388866,2.515065,2.039475,1.486825
3,0.559922,0.433935,quadratic,150,50,rastrigin,3,1.896618,5.081042,6.060802,3.306192,0.716655
3,0.687934,0.521886,quadratic,150,50,rastrigin,3,0.001703,3.605483,4.586819,4.088529,0.749745
3,0.455730,2.284483,quadratic,150,50,rastrigin,3,0.000000,1.803532,1.989921,2.252918,0.859380
3,0.455730,3.304387,quadratic,150,50,rastrigin,3,0.000000,1.181512,0.994959,1.269303,0.790680
3,0.845213,0.521886,quadratic,150,50,rastrigin,3,1.176952,3.333223,4.155722,3.407018,0.850450
3,0.559922,0.907884,quadratic,150,50,rastrigin,3,0.000881,1.995699,1.990255,3.246578,0.714885
3,0.370927,8.314736,quadratic,150,50,rastrigin,3,0.000000,0.497478,0.994957,0.569390,1.092895
3,0.687934,1.313208,quadratic,150,50,rastrigin,3,0.994957,2.300868,2.487397,2.281883,2.429460
3,0.301904,0.907884,quadratic,150,50,rastrigin,3,1.037796,5.031207,5.989573,3.951446,2.513080
3,0.301904,2.747511,quadratic,150,50,rastrigin,3,0.000000,1.989976,2.487441,1.489083,1.576745
3,0.687934,6.913484,quadratic,150,50,rastrigin,3,0.000000,0.000000,0.000000,0.000000,1.596585
3,0.455730,10.000000,quadratic,150,50,rastrigin,3,0.000000,0.000000,0.000000,0.397983,0.753100
3,0.370927,1.579374,quadratic,150,50,rastrigin,3,0.006104,3.049013,3.982170,2.189554,0.917260
3,0.687934,0.907884,quadratic,150,50,rastrigin,3,0.000000,2.798449,3.482356,2.255765,0.981235
3,0.559922,3.974133,quadratic,150,50,rastrigin,3,0.000000,0.684033,0.994957,1.085371,0.800075
3,0.845213,0.907884,quadratic,150,50,rastrigin,3,0.994957,2.300949,1.989944,2.395223,1.267845
3,0.455730,1.313208,quadratic,150,50,rastrigin,3,0.994959,3.187124,3.533221,3.239067,1.643150
3,0.687934,3.974133,quadratic,150,50,rastrigin,3,0.000000,0.497479,0.994957,0.694691,1.586665
3,0.455730,6.913484,quadratic,150,50,rastrigin,3,0.000000,0.684033,0.994957,0.569391,0.761895
3,0.687934,0.627664,quadratic,150,50,rastrigin,3,0.000935,2.804249,3.024394,3.396163,0.782550
3,1.038450,0.360805,quadratic,150,50,rastrigin,3,1.034187,3.941915,5.004004,2.535718,0.723295
3,0.370927,5.748380,quadratic,150,50,rastrigin,3,0.000000,0.808403,0.994957,0.665582,1.302765
3,0.559922,2.284483,quadratic,150,50,rastrigin,3,0.000000,0.870588,0.994959,1.274168,0.764680
3,0.845213,0.360805,quadratic,150,50,rastrigin,3,1.071140,3.599507,4.491530,2.540917,0.756955
3,0.455730,0.433935,quadratic,150,50,rastrigin,3,1.046867,4.423180,5.974883,3.776464,1.358300
3,0.845213,4.779626,quadratic,150,50,rastrigin,3,0.000000,0.000000,0.000000,0.298487,0.907500
3,0.687934,0.360805,quadratic,150,50,rastrigin,3,0.995277,4.070757,5.037043,3.223485,0.708760
3,1.038450,0.627664,quadratic,150,50,rastrigin,3,0.994959,3.347308,3.979862,3.390288,0.955985
3,0.845213,8.314736,quadratic,150,50,rastrigin,3,0.000000,0.000000,0.000000,0.216846,1.042130
3,0.845213,1.579374,quadratic,150,50,rastrigin,3,0.000000,1.119327,0.994957,1.929295,1.355700
3,0.559922,1.313208,quadratic,150,50,rastrigin,3,0.003902,2.425719,1.991876,2.298872,1.092990
3,1.038450,1.091897,quadratic,150,50,rastrigin,3,0.000000,1.741176,1.989916,2.398237,1.252910
3,0.559922,0.521886,quadratic,150,50,rastrigin,3,0.996929,4.443049,5.007409,3.210678,0.821435
3,0.559922,6.913484,quadratic,150,50,rastrigin,3,0.000000,0.000000,0.000000,0.216846,1.846135
3,0.370927,3.304387,quadratic,150,50,rastrigin,3,0.000000,1.741176,1.989916,2.704743,1.662905
3,0.301904,0.300000,quadratic,150,50,rastrigin,3,1.096111,5.831412,6.858039,3.200968,1.939440
3,0.845213,2.747511,quadratic,150,50,rastrigin,3,0.000000,0.559664,0.994957,1.043520,1.763905
3,1.038450,1.899487,quadratic,150,50,rastrigin,3,0.000000,0.808403,0.994957,0.665582,0.718895
3,0.687934,2.747511,quadratic,150,50,rastrigin,3,0.000000,0.746218,0.994957,1.330233,0.858545
3,0.845213,0.627664,quadratic,150,50,rastrigin,3,0.024548,3.182607,3.553284,1.457126,0.756585
3,0.455730,3.974133,quadratic,150,50,rastrigin,3,0.000000,0.994957,0.994957,1.107938,0.767470
3,1.038450,3.304387,quadratic,150,50,rastrigin,3,0.000000,0.062185,0.000000,0.430829,0.802790
3,0.370927,10.000000,quadratic,150,50,rastrigin,3,0.000000,0.124370,0.000000,0.455947,1.397020
3,0.455730,0.754882,quadratic,150,50,rastrigin,3,0.996988,3.371160,3.991013,2.312617,0.884865
3,1.038450,10.000000,quadratic,150,50,rastrigin,3,0.000000,0.000000,0.000000,0.355270,0.856710
3,0.301904,4.779626,quadratic,150,50,rastrigin,3,0.000000,1.181512,1.492436,2.179840,0.887430
3,0.687934,1.579374,quadratic,150,50,rastrigin,3,0.994957,2.176486,1.989918,1.787460,0.900775
3,0.687934,8.314736,quadratic,150,50,rastrigin,3,0.000000,0.000000,0.000000,0.000000,0.973400
3,0.559922,0.300000,quadratic,150,50,rastrigin,3,0.078478,4.606427,5.593266,4.087937,0.967670
3,0.559922,4.779626,quadratic,150,50,rastrigin,3,0.000000,0.559663,0.994957,0.474564,0.932535
3,1.038450,5.748380,quadratic,150,50,rastrigin,3,0.000000,0.000000,0.000000,0.000000,1.233990
3,0.845213,1.091897,quadratic,150,50,rastrigin,3,0.994957,2.798323,3.482378,2.829947,0.881210
3,0.370927,1.899487,quadratic,150,50,rastrigin,3,0.000027,3.235017,4.483994,2.060642,1.104500
3,1.275867,0.433935,quadratic,150,50,rastrigin,3,0.000002,2.240856,1.994667,2.767339,0.724490
3,1.275867,1.313208,quadratic,150,50,rastrigin,3,0.000000,0.808403,0.994957,1.556560,0.735925
3,1.275867,0.754882,quadratic,150,50,rastrigin,3,0.994957,2.490196,1.989917,2.694868,0.760130
3,0.687934,1.091897,quadratic,150,50,rastrigin,3,0.000000,2.673989,2.487453,3.041933,1.198510
3,0.845213,0.433935,quadratic,150,50,rastrigin,3,0.995073,2.596267,3.007376,2.501542,0.721165
3,1.038450,0.433935,quadratic,150,50,rastrigin,3,0.996443,2.966114,2.985430,2.261624,0.823350
3,0.687934,4.779626,quadratic,150,50,rastrigin,3,0.000000,0.062185,0.000000,0.430829,0.891695
3,1.275867,2.284483,quadratic,150,50,rastrigin,3,0.000000,0.186554,0.000000,0.580155,0.879345
3,1.567562,0.300000,quadratic,150,50,rastrigin,3,0.000029,2.495175,2.490902,2.542476,0.794845
3,0.845213,1.899487,quadratic,150,50,rastrigin,3,0.000000,1.181512,0.994958,1.222625,0.873605
3,1.275867,3.974133,quadratic,150,50,rastrigin,3,0.000000,0.000000,0.000000,0.216846,0.964425
3,1.275867,6.913484,quadratic,150,50,rastrigin,3,0.000000,0.000000,0.000000,0.298487,1.047445
3,0.845213,10.000000,quadratic,150,50,rastrigin,3,0.000000,0.000000,0.000000,0.000000,1.009795
3,0.559922,2.747511,quadratic,150,50,rastrigin,3,0.000000,0.932773,0.994958,2.124645,1.171615
3,1.038450,2.284483,quadratic,150,50,rastrigin,3,0.000000,0.994957,0.994957,0.949129,0.780940
3,1.567562,1.579374,quadratic,150,50,rastrigin,3,0.000000,0.497478,0.994957,0.958212,0.752880
3,0.845213,3.304387,quadratic,150,50,rastrigin,3,0.000000,0.684033,0.994957,0.507331,0.872075
3,1.567562,0.521886,quadratic,150,50,rastrigin,3,0.994959,2.176544,1.990008,1.437574,0.891040
3,0.559922,8.314736,quadratic,150,50,rastrigin,3,0.000000,0.000000,0.000000,0.298487,0.925995
3,1.925946,0.360805,quadratic,150,50,rastrigin,3,0.994957,2.612870,2.984885,2.096744,0.724210
3,1.275867,0.300000,quadratic,150,50,rastrigin,3,2.004417,3.690037,3.980953,2.967904,0.824760
3,1.038450,3.974133,quadratic,150,50,rastrigin,3,0.000000,0.000000,0.000000,0.596974,0.925860
3,1.925946,0.627664,quadratic,150,50,rastrigin,3,0.000000,0.932773,0.994959,1.389383,0.741720
3,1.567562,2.747511,quadratic,150,50,rastrigin,3,0.000000,0.000000,0.000000,0.355271,0.902985
3,1.038450,6.913484,quadratic,150,50,rastrigin,3,0.000000,0.000000,0.000000,0.000000,0.831395
3,1.038450,0.754882,quadratic,150,50,rastrigin,3,0.000027,1.680069,1.990003,1.477824,1.813060
3,0.687934,3.304387,quadratic,150,50,rastrigin,3,0.000000,0.559663,0.994957,0.788155,1.276825
3,1.275867,0.521886,quadratic,150,50,rastrigin,3,0.994961,2.923737,3.482660,2.939838,0.868320
3,1.925946,1.091897,quadratic,150,50,rastrigin,3,0.000000,0.870587,0.994957,0.696471,0.883550
3,0.687934,1.899487,quadratic,150,50,rastrigin,3,0.000000,1.430252,1.989916,1.673038,1.972700
3,1.275867,1.579374,quadratic,150,50,rastrigin,3,0.000000,1.119328,0.994959,1.366935,0.863065
3,1.038450,1.313208,quadratic,150,50,rastrigin,3,0.000000,1.305882,1.492436,1.269303,2.043835
3,0.845213,0.754882,quadratic,150,50,rastrigin,3,0.995152,2.117910,1.990617,1.672442,1.561140
3,0.845213,5.748380,quadratic,150,50,rastrigin,3,0.000000,0.000000,0.000000,0.000000,2.164370
3,0.687934,5.748380,quadratic,150,50,rastrigin,3,0.000000,0.124370,0.000000,0.455947,1.386465
3,1.567562,8.314736,quadratic,150,50,rastrigin,3,0.000000,0.000055,0.000009,0.298297,1.431930
3,1.567562,4.779626,quadratic,150,50,rastrigin,3,0.000000,0.000000,0.000000,0.216846,1.492175
3,1.275867,0.907884,quadratic,150,50,rastrigin,3,0.000000,1.989916,1.989917,2.274844,1.029805
3,1.567562,0.907884,quadratic,150,50,rastrigin,3,0.000000,1.368067,1.989916,1.570017,1.766870
3,1.567562,0.360805,quadratic,150,50,rastrigin,3,0.994957,2.740574,3.979850,2.800968,0.737950
3,0.559922,1.579374,quadratic,150,50,rastrigin,3,0.000000,2.176475,1.989919,2.157022,0.879435
3,1.038450,0.521886,quadratic,150,50,rastrigin,3,0.994967,3.117086,4.477384,3.428187,0.890930
3,1.925946,3.304387,quadratic,150,50,rastrigin,3,0.000000,0.000000,0.000000,0.000000,0.954055
3,1.925946,1.899487,quadratic,150,50,rastrigin,3,0.000000,0.186554,0.000000,0.580155,0.979315
3,1.038450,2.747511,quadratic,150,50,rastrigin,3,0.000000,0.373109,0.497478,0.586519,0.718840
3,0.687934,10.000000,quadratic,150,50,rastrigin,3,0.000000,0.000000,0.000000,0.216846,1.758505
3,1.925946,5.748380,quadratic,150,50,rastrigin,3,0.000000,0.000045,0.000000,0.397967,0.812085
3,1.275867,8.314736,quadratic,150,50,rastrigin,3,0.000000,0.000000,0.000000,0.216846,0.951260
3,1.275867,2.747511,quadratic,150,50,rastrigin,3,0.000000,0.248739,0.000000,0.487428,1.034635
3,1.038450,0.300000,quadratic,150,50,rastrigin,3,0.000000,4.020875,4.999840,3.206960,0.967130
3,1.275867,4.779626,quadratic,150,50,rastrigin,3,0.000000,0.000000,0.000000,0.000000,1.134820
3,0.845213,1.313208,quadratic,150,50,rastrigin,3,0.000000,1.741181,1.989918,1.926724,1.732865
3,1.567562,1.899487,quadratic,150,50,rastrigin,3,0.000000,0.248739,0.000000,1.181447,1.086825
3,0.845213,2.284483,quadratic,150,50,rastrigin,3,0.000000,0.808403,0.994957,1.213482,1.392105
3,1.038450,4.779626,quadratic,150,50,rastrigin,3,0.000000,0.000000,0.000000,0.216846,0.774270
3,1.275867,0.360805,quadratic,150,50,rastrigin,3,0.995012,3.512709,4.682908,2.373671,0.828465
3,1.925946,0.433935,quadratic,150,50,rastrigin,3,0.000000,2.300974,1.989922,3.419155,1.007750
3,1.275867,0.627664,quadratic,150,50,rastrigin,3,0.000000,2.624190,2.585896,3.052901,0.730395
3,1.038450,8.314736,quadratic,150,50,rastrigin,3,0.000000,0.000000,0.000000,0.298487,0.818665
3,2.366266,0.433935,quadratic,150,50,rastrigin,3,0.000000,1.679021,1.989916,1.437527,0.829125
3,2.366266,1.313208,quadratic,150,50,rastrigin,3,0.000000,0.559663,0.994957,0.553969,0.759210
3,1.925946,0.754882,quadratic,150,50,rastrigin,3,0.000000,1.430252,1.989916,1.570017,0.976650
3,1.275867,1.899487,quadratic,150,50,rastrigin,3,0.000000,0.373109,0.497478,0.497478,0.842055
3,1.038450,1.579374,quadratic,150,50,rastrigin,3,0.000000,0.994958,0.994957,1.056484,0.884195
3,1.275867,1.091897,quadratic,150,50,rastrigin,3,0.000000,1.181513,1.492436,1.736907,0.756930
3,2.366266,2.284483,quadratic,150,50,rastrigin,3,0.000000,0.000000,0.000000,0.216846,1.095095
3,1.567562,0.433935,quadratic,150,50,rastrigin,3,0.000000,1.810400,2.004364,2.022880,0.765610
3,0.845213,3.974133,quadratic,150,50,rastrigin,3,0.000000,0.435294,0.994957,0.494985,1.902765
3,1.925946,1.313208,quadratic,150,50,rastrigin,3,0.000000,0.559663,0.994957,0.619356,1.461580
3,1.567562,1.091897,quadratic,150,50,rastrigin,3,0.000000,1.057143,1.492436,1.416723,0.952925
3,2.366266,0.754882,quadratic,150,50,rastrigin,3,0.000000,1.430252,1.989915,1.842016,1.524485
3,1.567562,0.627664,quadratic,150,50,rastrigin,3,0.000000,1.368068,1.492438,2.507212,2.023565
3,1.038450,0.907884,quadratic,150,50,rastrigin,3,0.094948,1.436192,1.989916,1.575494,1.642990
3,1.925946,0.521886,quadratic,150,50,rastrigin,3,0.000000,1.927732,1.989918,1.315269,0.902135
3,0.845213,6.913484,quadratic,150,50,rastrigin,3,0.000000,0.000000,0.000000,0.216846,1.493580
3,2.366266,6.913484,quadratic,150,50,rastrigin,3,0.000002,0.077971,0.000877,0.426015,1.130245
3,1.275867,10.000000,quadratic,150,50,rastrigin,3,0.000000,0.000006,0.000000,0.355265,0.877470
3,1.275867,3.304387,quadratic,150,50,rastrigin,3,0.000000,0.000000,0.000000,0.355271,0.891185
3,2.907255,0.521886,quadratic,150,50,rastrigin,3,0.000000,1.305882,0.994958,1.678945,0.957760
3,1.925946,6.913484,quadratic,150,50,rastrigin,3,0.000000,0.000026,0.000002,0.355258,0.977515
3,1.567562,2.284483,quadratic,150,50,rastrigin,3,0.000000,0.248739,0.000000,0.487427,0.821915
3,1.925946,10.000000,quadratic,150,50,rastrigin,3,0.000031,0.504629,0.997632,1.128889,2.286260
3,1.567562,5.748380,quadratic,150,50,rastrigin,3,0.000000,0.000000,0.000000,0.298487,1.618810
3,2.907255,0.300000,quadratic,150,50,rastrigin,3,0.000000,1.865788,1.989917,1.708120,1.161905
3,1.275867,5.748380,quadratic,150,50,rastrigin,3,0.000000,0.000000,0.000000,0.216846,0.977255
3,2.907255,1.579374,quadratic,150,50,rastrigin,3,0.000000,0.000000,0.000000,0.298487,0.935305
3,1.567562,3.304387,quadratic,150,50,rastrigin,3,0.000000,0.000000,0.000000,0.298487,2.063050
3,1.567562,10.000000,quadratic,150,50,rastrigin,3,0.000015,0.125701,0.001438,0.455743,1.737010
3,2.907255,4.779626,quadratic,150,50,rastrigin,3,0.000000,0.000353,0.000018,0.397849,0.950340
3,2.907255,2.747511,quadratic,150,50,rastrigin,3,0.000000,0.000000,0.000000,0.000000,1.026515
3,2.366266,3.974133,quadratic,150,50,rastrigin,3,0.000000,0.000000,0.000000,0.000000,1.556935
3,2.907255,8.314736,quadratic,150,50,rastrigin,3,0.000202,0.301753,0.104439,0.662736,0.866445
3,1.925946,3.974133,quadratic,150,50,rastrigin,3,0.000000,0.000000,0.000000,0.216846,0.815990
3,3.571927,0.360805,quadratic,150,50,rastrigin,3,0.000000,1.305882,1.492436,0.964647,0.935805
3,3.571927,0.627664,quadratic,150,50,rastrigin,3,0.000000,0.808403,0.994957,1.116837,0.793765
3,1.925946,0.907884,quadratic,150,50,rastrigin,3,0.000000,1.119328,0.994959,1.437533,0.719910
3,1.925946,2.284483,quadratic,150,50,rastrigin,3,0.000000,0.124370,0.000000,0.455947,1.794095
3,2.366266,0.521886,quadratic,150,50,rastrigin,3,0.000000,1.492437,1.989918,1.961733,0.921440
3,3.571927,1.091897,quadratic,150,50,rastrigin,3,0.000000,0.310924,0.000000,0.494985,0.840220
3,2.907255,0.907884,quadratic,150,50,rastrigin,3,0.000000,0.373109,0.497478,0.949129,0.885965
3,3.571927,3.304387,quadratic,150,50,rastrigin,3,0.000000,0.186557,0.000002,0.474690,0.886515
3,1.925946,1.579374,quadratic,150,50,rastrigin,3,0.000000,0.186554,0.000000,0.736202,0.888055
3,2.366266,0.907884,quadratic,150,50,rastrigin,3,0.000000,0.497479,0.000000,1.550188,0.886565
3,1.567562,0.754882,quadratic,150,50,rastrigin,3,0.000000,2.487399,3.482352,2.001689,0.894855
3,1.567562,1.313208,quadratic,150,50,rastrigin,3,0.000000,0.870588,0.994957,1.389383,0.921705
3,3.571927,1.899487,quadratic,150,50,rastrigin,3,0.000000,0.000000,0.000000,0.216846,2.056890
3,3.571927,5.748380,quadratic,150,50,rastrigin,3,0.000225,0.628291,0.996264,0.694453,1.031315
3,2.366266,8.314736,quadratic,150,50,rastrigin,3,0.000059,0.381987,0.527145,0.584926,0.867605
3,3.571927,10.000000,quadratic,150,50,rastrigin,3,1.017803,1.637883,1.953349,0.650617,1.071800
3,4.388561,1.313208,quadratic,150,50,rastrigin,3,0.000000,0.000000,0.000000,0.355271,1.056020
3,4.388561,2.284483,quadratic,150,50,rastrigin,3,0.000000,0.000000,0.000000,0.355273,0.990130
3,2.907255,3.304387,quadratic,150,50,rastrigin,3,0.000000,0.000000,0.000000,0.298487,1.187745
3,4.388561,3.974133,quadratic,150,50,rastrigin,3,0.000011,0.251569,0.007751,0.488065,1.128095
3,2.366266,1.579374,quadratic,150,50,rastrigin,3,0.000000,0.186554,0.000000,0.474564,1.874190
3,4.388561,0.754882,quadratic,150,50,rastrigin,3,0.000000,0.435294,0.994957,0.494985,1.474105
3,2.366266,2.747511,quadratic,150,50,rastrigin,3,0.000000,0.000000,0.000000,0.298487,1.653550
3,5.391897,0.521886,quadratic,150,50,rastrigin,3,0.000000,0.435294,0.994957,0.974855,1.136240
3,2.366266,0.300000,quadratic,150,50,rastrigin,3,0.994957,2.487568,2.984875,3.268221,0.748775
3,1.925946,8.314736,quadratic,150,50,rastrigin,3,0.000002,0.187475,0.002341,0.579918,1.273140
3,4.388561,6.913484,quadratic,150,50,rastrigin,3,0.043119,0.747776,1.063161,0.763361,1.170325
3,2.907255,0.360805,quadratic,150,50,rastrigin,3,0.000000,1.678992,1.492438,1.569229,0.782440
3,2.907255,10.000000,quadratic,150,50,rastrigin,3,0.000570,1.002611,1.042233,0.631808,0.834245
3,3.571927,0.433935,quadratic,150,50,rastrigin,3,0.000000,1.305882,1.492437,1.128959,0.730880
3,2.907255,1.899487,quadratic,150,50,rastrigin,3,0.000000,0.000000,0.000000,0.355271,0.892050
3,1.925946,0.300000,quadratic,150,50,rastrigin,3,1.002398,3.482963,3.979832,2.952686,0.884000
3,5.391897,0.300000,quadratic,150,50,rastrigin,3,0.000000,1.057142,0.994958,2.599770,0.905845
3,3.571927,0.754882,quadratic,150,50,rastrigin,3,0.000000,0.373109,0.497478,0.497479,0.754565
3,4.388561,0.433935,quadratic,150,50,rastrigin,3,0.000000,0.435294,0.994957,1.334876,0.908205
3,1.567562,6.913484,quadratic,150,50,rastrigin,3,0.000000,0.000000,0.000000,0.355232,0.980570
3,1.567562,3.974133,quadratic,150,50,rastrigin,3,0.000000,0.000000,0.000000,0.355271,0.961005
3,2.366266,4.779626,quadratic,150,50,rastrigin,3,0.000000,0.000000,0.000000,0.298487,1.008190
3,2.907255,5.748380,quadratic,150,50,rastrigin,3,0.000004,0.437416,0.994961,0.493555,1.048325
3,3.571927,1.313208,quadratic,150,50,rastrigin,3,0.000000,0.000000,0.000000,0.355271,0.815340
3,2.366266,0.627664,quadratic,150,50,rastrigin,3,0.000000,0.870588,0.994957,1.458894,0.871595
3,2.907255,0.627664,quadratic,150,50,rastrigin,3,0.000000,1.181512,1.989914,1.428033,0.890990
3,3.571927,3.974133,quadratic,150,50,rastrigin,3,0.000000,0.064241,0.001143,0.429932,0.873335
3,1.925946,2.747511,quadratic,150,50,rastrigin,3,0.000000,0.000000,0.000000,0.298487,0.939490
3,2.907255,1.091897,quadratic,150,50,rastrigin,3,0.000000,0.373109,0.497478,0.659980,0.897520
3,3.571927,0.521886,quadratic,150,50,rastrigin,3,0.000000,0.994957,0.994957,1.316206,0.740305
3,3.571927,0.300000,quadratic,150,50,rastrigin,3,0.000000,1.741177,1.989916,1.484955,0.822435
3,1.925946,4.779626,quadratic,150,50,rastrigin,3,0.000000,0.000000,0.000000,0.216846,1.658915
3,3.571927,6.913484,quadratic,150,50,rastrigin,3,0.000454,0.656824,1.014553,0.965768,0.902375
3,5.391897,4.779626,quadratic,150,50,rastrigin,3,0.001785,0.543085,0.997647,0.782506,0.941660
3,5.391897,0.907884,quadratic,150,50,rastrigin,3,0.000000,0.000000,0.000000,0.000000,1.059660
3,5.391897,2.747511,quadratic,150,50,rastrigin,3,0.000002,0.311017,0.000409,0.589065,0.977825
3,6.624620,0.360805,quadratic,150,50,rastrigin,3,0.000000,0.559663,0.994957,0.674813,0.900190
3,2.366266,10.000000,quadratic,150,50,rastrigin,3,0.004038,0.536539,1.008378,0.692518,0.960445
3,4.388561,2.747511,quadratic,150,50,rastrigin,3,0.000000,0.000120,0.000000,0.355017,0.854510
3,5.391897,8.314736,quadratic,150,50,rastrigin,3,0.758377,1.846400,2.024496,1.529503,1.129500
3,2.366266,5.748380,quadratic,150,50,rastrigin,3,0.000000,0.000087,0.000078,0.298321,1.146395
3,4.388561,0.300000,quadratic,150,50,rastrigin,3,0.000000,1.430252,1.989916,1.458047,1.193400
3,4.388561,0.907884,quadratic,150,50,rastrigin,3,0.000000,0.000000,0.000000,0.397983,0.776465
3,2.366266,1.899487,quadratic,150,50,rastrigin,3,0.000000,0.000000,0.000000,0.397983,0.842730
3,5.391897,0.627664,quadratic,150,50,rastrigin,3,0.000000,0.124370,0.000000,0.915955,0.751105
3,4.388561,4.779626,quadratic,150,50,rastrigin,3,0.000126,0.325969,0.081855,0.490108,0.983130
3,6.624620,1.091897,quadratic,150,50,rastrigin,3,0.000000,0.000000,0.000000,0.216846,0.786030
3,4.388561,1.579374,quadratic,150,50,rastrigin,3,0.000000,0.000000,0.000000,0.216846,1.425410
3,2.907255,3.974133,quadratic,150,50,rastrigin,3,0.000000,0.000000,0.000000,0.298460,1.098070
3,2.366266,0.360805,quadratic,150,50,rastrigin,3,0.000088,2.922723,3.979832,2.442718,0.844415
3,4.388561,8.314736,quadratic,150,50,rastrigin,3,0.054123,1.445553,1.660547,1.185816,0.831090
3,2.907255,0.433935,quadratic,150,50,rastrigin,3,0.000000,1.243697,1.492436,0.915956,0.820890
3,2.366266,3.304387,quadratic,150,50,rastrigin,3,0.000000,0.000000,0.000000,0.216846,1.117960
3,5.391897,0.360805,quadratic,150,50,rastrigin,3,0.000000,0.373109,0.000000,1.293445,0.863575
3,5.391897,1.579374,quadratic,150,50,rastrigin,3,0.000000,0.000000,0.000000,0.000000,2.062510
3,6.624620,1.899487,quadratic,150,50,rastrigin,3,0.000000,0.000005,0.000000,0.216798,1.179425
3,2.907255,2.284483,quadratic,150,50,rastrigin,3,0.000000,0.000000,0.000000,0.000000,1.286500
3,3.571927,1.579374,quadratic,150,50,rastrigin,3,0.000000,0.000000,0.000000,0.216846,0.796635
3,2.907255,6.913484,quadratic,150,50,rastrigin,3,0.001888,0.508382,0.995211,0.569711,0.879410
3,6.624620,0.627664,quadratic,150,50,rastrigin,3,0.000000,0.000000,0.000000,0.355271,0.890255
3,3.571927,0.907884,quadratic,150,50,rastrigin,3,0.000000,0.062185,0.000000,0.430829,1.302200
3,4.388561,0.521886,quadratic,150,50,rastrigin,3,0.000000,0.310924,0.000000,1.293445,0.962310
3,6.624620,3.304387,quadratic,150,50,rastrigin,3,0.002300,0.385526,0.491545,0.648915,0.955560
3,2.366266,1.091897,quadratic,150,50,rastrigin,3,0.000000,0.435294,0.994957,0.937322,1.330645
3,6.624620,5.748380,quadratic,150,50,rastrigin,3,0.366713,2.026737,2.320715,0.693685,0.964465
3,3.571927,2.284483,quadratic,150,50,rastrigin,3,0.000000,0.000000,0.000000,0.216846,1.342000
3,8.139176,0.754882,quadratic,150,50,rastrigin,3,0.000000,0.000000,0.000000,0.397983,0.810700
3,8.139176,0.433935,quadratic,150,50,rastrigin,3,0.000000,0.124370,0.000000,0.569390,0.886875
3,2.907255,0.754882,quadratic,150,50,rastrigin,3,0.000000,0.746218,0.994957,1.202212,0.977800
3,8.139176,2.284483,quadratic,150,50,rastrigin,3,0.000183,0.317290,0.036016,0.665927,0.878210
3,8.139176,1.313208,quadratic,150,50,rastrigin,3,0.000000,0.000006,0.000000,0.397981,0.915370
3,3.571927,4.779626,quadratic,150,50,rastrigin,3,0.000034,0.253663,0.016580,0.667205,1.161550
3,5.391897,5.748380,quadratic,150,50,rastrigin,3,0.178593,1.039899,1.107412,1.056744,1.020305
3,4.388561,10.000000,quadratic,150,50,rastrigin,3,1.057810,2.072116,2.464100,2.050464,1.191410
3,10.000000,1.579374,quadratic,150,50,rastrigin,3,0.000015,0.187871,0.001289,0.476190,1.399815
3,6.624620,10.000000,quadratic,150,50,rastrigin,3,1.766762,5.011824,5.814175,2.563593,1.571470
3,8.139176,3.974133,quadratic,150,50,rastrigin,3,0.229080,1.549892,2.070627,1.078578,0.817690
3,10.000000,0.300000,quadratic,150,50,rastrigin,3,0.000000,0.373109,0.497478,0.722630,0.766175
3,4.388561,3.304387,quadratic,150,50,rastrigin,3,0.000002,0.249566,0.002926,0.488096,0.844465
3,6.624620,0.433935,quadratic,150,50,rastrigin,3,0.000000,0.435294,0.994957,0.762621,0.895255
3,4.388561,1.091897,quadratic,150,50,rastrigin,3,0.000000,0.000000,0.000000,0.298487,0.811875
3,5.391897,3.304387,quadratic,150,50,rastrigin,3,0.000048,0.272831,0.027535,0.476876,0.974500
3,6.624620,1.313208,quadratic,150,50,rastrigin,3,0.000000,0.000000,0.000000,0.216846,0.861660
3,3.571927,8.314736,quadratic,150,50,rastrigin,3,0.069536,1.208837,1.202649,0.743972,0.803955
3,10.000000,0.907884,quadratic,150,50,rastrigin,3,0.000000,0.000000,0.000000,0.000000,0.863170
3,5.391897,10.000000,quadratic,150,50,rastrigin,3,1.150665,2.265266,2.493452,1.280113,1.469945
3,0.200000,0.627664,exponential_3,150,50,rastrigin,3,1.329229,6.402278,7.698880,4.306941,0.754245
3,2.907255,1.313208,quadratic,150,50,rastrigin,3,0.000000,0.124370,0.000000,0.455947,0.882940
3,5.391897,0.433935,quadratic,150,50,rastrigin,3,0.000000,0.497478,0.994957,0.637084,0.891485
3,0.245725,0.433935,exponential_3,150,50,rastrigin,3,1.209099,5.896864,6.180462,3.085853,0.771785
3,10.000000,2.747511,quadratic,150,50,rastrigin,3,0.036190,1.030813,1.083978,0.745210,0.975965
3,10.000000,4.779626,quadratic,150,50,rastrigin,3,0.454145,2.550595,3.504576,2.078170,0.962970
3,0.200000,0.360805,exponential_3,150,50,rastrigin,3,1.175930,4.803864,5.847890,3.754692,0.937840
3,10.000000,8.314736,quadratic,150,50,rastrigin,3,1.642309,4.466289,5.317509,2.699904,0.976430
3,6.624620,2.284483,quadratic,150,50,rastrigin,3,0.000000,0.065060,0.000187,0.429710,0.989740
3,4.388561,0.627664,quadratic,150,50,rastrigin,3,0.000000,0.497479,0.994957,1.154965,0.948200
3,8.139176,0.907884,quadratic,150,50,rastrigin,3,0.000000,0.000000,0.000000,0.298487,0.815935
3,6.624620,1.579374,quadratic,150,50,rastrigin,3,0.000000,0.000000,0.000000,0.000000,0.962550
3,6.624620,0.754882,quadratic,150,50,rastrigin,3,0.000000,0.000000,0.000000,0.355271,1.146480
3,8.139176,6.913484,quadratic,150,50,rastrigin,3,0.359526,2.585429,2.908009,2.139295,1.961325
3,5.391897,0.754882,quadratic,150,50,rastrigin,3,0.000000,0.062185,0.000000,0.430829,1.890155
3,5.391897,1.091897,quadratic,150,50,rastrigin,3,0.000000,0.000000,0.000000,0.000000,2.118460
3,4.388561,0.360805,quadratic,150,50,rastrigin,3,0.000000,1.057142,0.994958,1.198088,2.008900
3,8.139176,1.579374,quadratic,150,50,rastrigin,3,0.000000,0.000011,0.000001,0.298480,0.819540
3,4.388561,1.899487,quadratic,150,50,rastrigin,3,0.000000,0.000000,0.000000,0.000000,1.820440
3,0.200000,1.091897,exponential_3,150,50,rastrigin,3,1.017056,3.016305,3.105959,2.012397,0.910305
3,8.139176,2.747511,quadratic,150,50,rastrigin,3,0.000429,0.370152,0.278686,0.469518,0.908145
3,8.139176,0.521886,quadratic,150,50,rastrigin,3,0.000000,0.000000,0.000000,0.397983,0.921770
3,0.200000,3.304387,exponential_3,150,50,rastrigin,3,0.000004,2.176888,1.990338,2.859537,0.733265
3,0.200000,5.748380,exponential_3,150,50,rastrigin,3,0.000000,1.939428,1.989932,1.971668,0.751230
3,0.200000,10.000000,exponential_3,150,50,rastrigin,3,0.000000,0.932773,0.994959,2.208604,0.741380
3,10.000000,0.360805,quadratic,150,50,rastrigin,3,0.000000,0.497478,0.994957,0.694691,0.850270
3,8.139176,0.300000,quadratic,150,50,rastrigin,3,0.000000,0.621848,0.994957,0.650538,0.915150
3,6.624620,3.974133,quadratic,150,50,rastrigin,3,0.037704,0.867662,1.052670,0.645630,1.841980
3,0.245725,0.754882,exponential_3,150,50,rastrigin,3,2.029469,5.657033,6.195222,3.591858,0.723675
3,10.000000,0.521886,quadratic,150,50,rastrigin,3,0.000000,0.000000,0.000000,0.000000,1.024015
3,4.388561,5.748380,quadratic,150,50,rastrigin,3,0.002625,0.721085,1.007605,0.754120,2.656595
3,5.391897,6.913484,quadratic,150,50,rastrigin,3,0.151979,1.474407,1.818162,1.187950,2.496400
3,6.624620,0.521886,quadratic,150,50,rastrigin,3,0.000000,0.124370,0.000000,0.455947,0.893445
3,5.391897,1.899487,quadratic,150,50,rastrigin,3,0.000000,0.000000,0.000000,0.298488,2.189260
3,8.139176,4.779626,quadratic,150,50,rastrigin,3,0.096130,1.278752,1.497097,0.892202,1.132400
3,0.245725,0.521886,exponential_3,150,50,rastrigin,3,1.372675,5.805724,6.447376,3.699348,0.795915
3,6.624620,0.300000,quadratic,150,50,rastrigin,3,0.000000,0.994957,0.994957,0.674813,0.863025
3,0.200000,1.899487,exponential_3,150,50,rastrigin,3,1.090361,3.206647,3.164761,2.793477,0.920175
3,3.571927,2.747511,quadratic,150,50,rastrigin,3,0.000000,0.000000,0.000000,0.000000,0.989745
3,0.200000,0.433935,exponential_3,150,50,rastrigin,3,1.025265,4.904064,5.760745,4.640527,0.766130
3,0.245725,2.284483,exponential_3,150,50,rastrigin,3,0.000036,3.129614,3.139701,3.490543,0.982945
3,5.391897,3.974133,quadratic,150,50,rastrigin,3,0.001106,0.501560,0.995858,0.922511,2.243105
3,0.200000,0.754882,exponential_3,150,50,rastrigin,3,2.217766,5.292595,6.014916,3.353998,1.116295
3,0.245725,1.313208,exponential_3,150,50,rastrigin,3,0.996950,3.172846,4.016978,2.580338,1.088905
3,10.000000,10.000000,quadratic,150,50,rastrigin,3,0.317842,6.188828,7.835350,3.776635,0.931200
3,0.245725,0.300000,exponential_3,150,50,rastrigin,3,1.005644,4.138221,4.864091,4.604400,0.735210
3,10.000000,1.091897,quadratic,150,50,rastrigin,3,0.000000,0.000000,0.000000,0.355271,1.275590
3,6.624620,6.913484,quadratic,150,50,rastrigin,3,0.495754,2.143474,2.369325,1.509972,1.314060
3,10.000000,5.748380,quadratic,150,50,rastrigin,3,1.221752,3.192812,3.343205,1.968751,1.079090
3,10.000000,3.304387,quadratic,150,50,rastrigin,3,0.003988,0.770279,1.042865,0.700730,1.226870
3,8.139176,1.091897,quadratic,150,50,rastrigin,3,0.000000,0.000000,0.000000,0.216846,0.855855
3,0.245725,6.913484,exponential_3,150,50,rastrigin,3,0.000000,0.870612,0.994958,0.696468,0.948170
3,0.301904,0.300000,exponential_3,150,50,rastrigin,3,1.004154,6.398522,7.225676,3.765661,0.780545
3,6.624620,0.907884,quadratic,150,50,rastrigin,3,0.000000,0.000000,0.000000,0.000000,0.954895
3,8.139176,8.314736,quadratic,150,50,rastrigin,3,1.228733,3.428471,3.737132,2.066600,0.950810
3,0.301904,0.521886,exponential_3,150,50,rastrigin,3,0.017452,3.902059,4.981975,3.634761,0.890370
3,0.200000,3.974133,exponential_3,150,50,rastrigin,3,0.000000,1.368640,1.492696,2.107624,0.731190
3,5.391897,1.313208,quadratic,150,50,rastrigin,3,0.000000,0.000000,0.000000,0.000000,0.963755
3,8.139176,3.304387,quadratic,150,50,rastrigin,3,0.017849,1.226142,2.002855,1.152096,0.814575
3,0.200000,6.913484,exponential_3,150,50,rastrigin,3,0.000000,1.492437,1.989916,1.804004,0.743145
3,10.000000,1.899487,quadratic,150,50,rastrigin,3,0.000032,0.133789,0.006076,0.461052,1.591860
3,0.301904,0.907884,exponential_3,150,50,rastrigin,3,0.999332,3.354829,3.533795,3.598386,0.876625
3,0.200000,1.313208,exponential_3,150,50,rastrigin,3,0.000067,3.220623,4.666350,3.507625,0.928165
3,10.000000,0.433935,quadratic,150,50,rastrigin,3,0.000000,0.062185,0.000000,0.430829,0.807315
3,8.139176,1.899487,quadratic,150,50,rastrigin,3,0.000000,0.000913,0.000194,0.636766,1.120880
3,8.139176,0.627664,quadratic,150,50,rastrigin,3,0.000000,0.000000,0.000000,0.355271,0.995320
3,6.624620,2.747511,quadratic,150,50,rastrigin,3,0.000601,0.428612,0.912629,0.659609,2.583865
3,0.245725,0.907884,exponential_3,150,50,rastrigin,3,0.000080,4.424767,5.076743,4.058656,0.852745
3,0.370927,1.091897,exponential_3,150,50,rastrigin,3,0.001102,3.770407,4.975681,2.319804,0.827375
3,6.624620,4.779626,quadratic,150,50,rastrigin,3,0.066822,1.004064,1.236265,0.833899,0.964420
3,8.139176,0.360805,quadratic,150,50,rastrigin,3,0.000000,0.310924,0.000000,1.102339,1.183955
3,0.301904,2.747511,exponential_3,150,50,rastrigin,3,0.000000,1.682964,1.990397,2.211229,0.846365
3,0.245725,0.627664,exponential_3,150,50,rastrigin,3,2.902752,6.319355,6.917130,3.034311,0.765080
3,8.139176,5.748380,quadratic,150,50,rastrigin,3,0.840919,2.311334,2.557243,1.305251,0.801080
3,0.200000,0.521886,exponential_3,150,50,rastrigin,3,2.149605,5.942899,6.219825,3.043880,0.775430
3,0.200000,0.300000,exponential_3,150,50,rastrigin,3,1.330767,5.885174,6.056437,4.281940,0.726565
3,0.200000,2.284483,exponential_3,150,50,rastrigin,3,0.997953,3.266268,3.980940,2.199588,0.867210
3,0.370927,0.360805,exponential_3,150,50,rastrigin,3,1.029324,4.830149,5.120002,4.245604,0.870250
3,0.200000,0.907884,exponential_3,150,50,rastrigin,3,1.015465,4.726930,5.301530,3.486558,0.778520
3,5.391897,2.284483,quadratic,150,50,rastrigin,3,0.000000,0.000022,0.000000,0.298247,1.029400
3,0.370927,0.627664,exponential_3,150,50,rastrigin,3,1.994843,5.328781,6.135465,3.129377,0.881795
3,0.245725,0.360805,exponential_3,150,50,rastrigin,3,1.999866,4.479793,5.241398,2.510438,0.823390
3,0.245725,1.579374,exponential_3,150,50,rastrigin,3,0.125513,2.571818,2.600340,3.939490,0.884745
3,0.245725,8.314736,exponential_3,150,50,rastrigin,3,0.000000,1.057143,0.994959,1.018314,0.767615
3,0.245725,2.747511,exponential_3,150,50,rastrigin,3,0.994965,3.175546,3.483841,1.900372,0.957500
3,10.000000,6.913484,quadratic,150,50,rastrigin,3,0.076923,4.344955,5.211078,2.814750,0.939510
3,6.624620,8.314736,quadratic,150,50,rastrigin,3,1.828381,3.279407,3.370625,1.685831,0.956450
3,10.000000,1.313208,quadratic,150,50,rastrigin,3,0.000000,0.000017,0.000002,0.298359,0.975955
3,0.301904,0.360805,exponential_3,150,50,rastrigin,3,2.995630,5.466793,6.051046,4.175406,1.583540
3,0.245725,3.974133,exponential_3,150,50,rastrigin,3,0.994957,2.490419,2.487398,2.320652,1.873490
3,10.000000,0.627664,quadratic,150,50,rastrigin,3,0.000000,0.000000,0.000000,0.216846,1.527620
3,0.301904,1.579374,exponential_3,150,50,rastrigin,3,0.000000,2.774136,2.540469,3.223258,0.869335
3,0.455730,6.913484,exponential_3,150,50,rastrigin,3,0.000000,0.435294,0.994957,0.580155,0.743610
3,0.200000,4.779626,exponential_3,150,50,rastrigin,3,0.000000,1.994103,1.989945,2.704646,0.734385
3,0.559922,0.521886,exponential_3,150,50,rastrigin,3,0.044624,3.064117,4.179999,2.713949,0.737965
3,0.370927,5.748380,exponential_3,150,50,rastrigin,3,0.000000,0.746218,0.994957,1.455498,0.695070
3,0.301904,4.779626,exponential_3,150,50,rastrigin,3,0.000000,1.430843,1.494934,1.682297,0.974760
3,0.301904,8.314736,exponential_3,150,50,rastrigin,3,0.000000,0.435296,0.994957,0.867383,1.600335
3,0.370927,1.899487,exponential_3,150,50,rastrigin,3,0.000000,2.442084,2.992782,3.642171,1.036020
3,0.200000,8.314736,exponential_3,150,50,rastrigin,3,0.000000,1.057143,1.492437,1.197055,0.755680
3,0.455730,2.284483,exponential_3,150,50,rastrigin,3,0.000019,2.986557,4.488426,2.814401,1.449670
3,0.370927,10.000000,exponential_3,150,50,rastrigin,3,0.000000,0.310924,0.000000,0.958212,0.718295
3,0.559922,0.300000,exponential_3,150,50,rastrigin,3,1.063156,5.090539,6.023932,4.253505,1.083245
3,10.000000,2.284483,quadratic,150,50,rastrigin,3,0.002369,0.644272,1.004339,0.570788,0.816155
3,0.200000,1.579374,exponential_3,150,50,rastrigin,3,0.995256,3.463944,4.040930,2.584500,0.856860
3,0.245725,1.091897,exponential_3,150,50,rastrigin,3,0.023571,2.953616,4.290400,3.212124,0.730180
3,0.455730,1.313208,exponential_3,150,50,rastrigin,3,0.000000,2.808229,3.005333,2.311669,0.848345
3,0.455730,0.754882,exponential_3,150,50,rastrigin,3,0.000271,2.910444,3.496447,3.353610,0.913325
3,0.301904,3.304387,exponential_3,150,50,rastrigin,3,0.994959,1.989950,1.989920,1.748244,0.785635
3,0.455730,3.974133,exponential_3,150,50,rastrigin,3,0.000000,1.119328,0.994959,1.445259,0.915710
3,0.559922,8.314736,exponential_3,150,50,rastrigin,3,0.000000,0.497478,0.994957,1.065813,1.171890
3,0.559922,0.907884,exponential_3,150,50,rastrigin,3,0.994968,3.397485,4.479550,2.781493,0.929840
3,0.559922,1.579374,exponential_3,150,50,rastrigin,3,0.000000,1.755587,1.990432,2.780316,0.790800
3,0.559922,4.779626,exponential_3,150,50,rastrigin,3,0.000000,0.684033,0.994957,0.621351,0.787215
3,8.139176,10.000000,quadratic,150,50,rastrigin,3,2.558853,5.538474,6.894481,2.851968,0.976725
3,10.000000,3.974133,quadratic,150,50,rastrigin,3,0.056507,1.813190,2.245127,1.107939,1.028040
3,0.301904,1.091897,exponential_3,150,50,rastrigin,3,1.011950,4.495522,5.137156,3.668194,1.524950
3,0.370927,0.754882,exponential_3,150,50,rastrigin,3,0.220051,3.474455,3.492971,2.862970,0.859855
3,0.245725,10.000000,exponential_3,150,50,rastrigin,3,0.000000,0.559664,0.994958,1.043521,0.809175
3,0.200000,2.747511,exponential_3,150,50,rastrigin,3,1.989916,3.429837,4.491921,2.082295,1.135800
3,0.301904,0.627664,exponential_3,150,50,rastrigin,3,0.817448,4.116677,5.411239,2.994411,1.159710
3,0.370927,3.304387,exponential_3,150,50,rastrigin,3,0.000000,1.370131,1.500765,1.663799,1.022955
3,0.370927,0.433935,exponential_3,150,50,rastrigin,3,0.995960,3.945606,5.007628,3.013763,1.070490
3,0.455730,0.433935,exponential_3,150,50,rastrigin,3,1.005877,5.170882,6.885492,3.351164,0.747500
3,0.245725,1.899487,exponential_3,150,50,rastrigin,3,0.998789,3.245029,3.993278,3.270948,1.064820
3,0.370927,1.313208,exponential_3,150,50,rastrigin,3,1.020714,3.621180,4.975412,3.382069,0.754340
3,0.301904,0.433935,exponential_3,150,50,rastrigin,3,2.527601,6.464213,8.059409,4.368719,0.780680
3,0.559922,2.747511,exponential_3,150,50,rastrigin,3,0.000000,1.305882,1.989916,2.475426,1.247395
3,0.245725,4.779626,exponential_3,150,50,rastrigin,3,0.000000,1.681398,1.989918,2.000394,1.664380
3,0.687934,10.000000,exponential_3,150,50,rastrigin,3,0.000000,0.373109,0.497478,0.586519,1.016430
3,0.455730,8.314736,exponential_3,150,50,rastrigin,3,0.000000,0.310924,0.000000,0.588625,0.688605
3,0.687934,5.748380,exponential_3,150,50,rastrigin,3,0.000000,0.248739,0.000000,0.964647,0.862235
3,0.559922,0.627664,exponential_3,150,50,rastrigin,3,0.778978,2.450961,2.987295,2.560712,0.700470
3,0.370927,6.913484,exponential_3,150,50,rastrigin,3,0.000000,0.870588,0.994957,1.229689,0.694655
3,0.559922,1.091897,exponential_3,150,50,rastrigin,3,0.994959,2.124359,1.992450,2.958016,0.861325
3,0.301904,1.899487,exponential_3,150,50,rastrigin,3,0.994982,3.317489,3.013607,2.902289,0.931160
3,10.000000,0.754882,quadratic,150,50,rastrigin,3,0.000000,0.000000,0.000000,0.216846,0.986120
3,0.687934,0.360805,exponential_3,150,50,rastrigin,3,0.995739,4.436250,5.077782,3.103966,1.454230
3,0.687934,1.899487,exponential_3,150,50,rastrigin,3,0.000000,1.243700,1.989916,2.121729,0.731610
3,0.301904,10.000000,exponential_3,150,50,rastrigin,3,0.000000,0.994959,0.994958,0.744558,0.862950
3,0.559922,0.360805,exponential_3,150,50,rastrigin,3,1.996082,5.876135,6.804344,2.510862,0.734135
3,0.301904,5.748380,exponential_3,150,50,rastrigin,3,0.000000,1.741177,1.989917,1.616615,0.928245
3,0.370927,2.284483,exponential_3,150,50,rastrigin,3,0.994959,2.316087,2.984982,2.203833,0.971825
3,0.455730,2.747511,exponential_3,150,50,rastrigin,3,0.000000,1.865645,1.989928,2.330673,0.965955
3,0.687934,3.304387,exponential_3,150,50,rastrigin,3,0.000000,0.994957,0.994957,1.731198,0.932090
3,0.687934,1.091897,exponential_3,150,50,rastrigin,3,0.000130,1.929484,2.002669,1.234719,0.693635
3,0.455730,10.000000,exponential_3,150,50,rastrigin,3,0.000000,0.559663,0.994957,0.553969,0.753395
3,0.370927,8.314736,exponential_3,150,50,rastrigin,3,0.000000,0.621848,0.994957,0.650538,0.746445
3,0.559922,0.754882,exponential_3,150,50,rastrigin,3,0.003775,3.123708,3.986691,2.544121,0.845995
3,0.687934,0.627664,exponential_3,150,50,rastrigin,3,1.070742,3.600836,4.477352,3.359349,1.157790
3,0.301904,3.974133,exponential_3,150,50,rastrigin,3,0.000000,1.305884,1.492439,1.664883,1.057565
3,0.559922,5.748380,exponential_3,150,50,rastrigin,3,0.000000,0.310924,0.000000,0.911894,0.859470
3,0.455730,0.521886,exponential_3,150,50,rastrigin,3,0.998493,4.316852,5.144279,3.745168,0.744310
3,0.370927,0.907884,exponential_3,150,50,rastrigin,3,0.997238,2.629472,3.017240,3.503136,0.867395
3,0.845213,1.313208,exponential_3,150,50,rastrigin,3,0.994959,1.865568,1.989918,1.492429,0.870200
3,0.301904,1.313208,exponential_3,150,50,rastrigin,3,0.005342,2.702238,2.989532,2.535523,0.902870
3,0.370927,3.974133,exponential_3,150,50,rastrigin,3,0.000000,1.492722,1.989917,1.438221,0.865805
3,0.845213,2.284483,exponential_3,150,50,rastrigin,3,0.000000,0.932776,0.994957,0.882936,0.913975
3,0.370927,0.521886,exponential_3,150,50,rastrigin,3,0.128952,3.949605,5.145929,3.059434,0.902120
3,0.301904,0.754882,exponential_3,150,50,rastrigin,3,1.001312,3.981363,5.091528,2.319137,0.955090
3,0.370927,1.579374,exponential_3,150,50,rastrigin,3,0.996904,2.850537,2.873076,2.509171,0.816670
3,0.845213,0.300000,exponential_3,150,50,rastrigin,3,0.142591,2.771938,2.997328,3.666391,0.703715
3,0.845213,6.913484,exponential_3,150,50,rastrigin,3,0.000000,0.373109,0.497478,0.586519,0.763910
3,0.559922,1.899487,exponential_3,150,50,rastrigin,3,0.000008,1.244914,1.989918,1.601129,0.718600
3,0.559922,3.304387,exponential_3,150,50,rastrigin,3,0.000000,1.119332,0.994961,1.065812,1.823515
3,0.845213,3.974133,exponential_3,150,50,rastrigin,3,0.000000,0.559664,0.994957,1.451241,0.960790
3,0.455730,0.300000,exponential_3,150,50,rastrigin,3,2.104015,5.435397,6.018053,3.286207,2.000895
3,0.245725,5.748380,exponential_3,150,50,rastrigin,3,0.000000,1.305886,1.989916,2.309391,0.897860
3,0.245725,3.304387,exponential_3,150,50,rastrigin,3,1.000408,2.800456,2.984890,2.250137,0.944710
3,0.559922,1.313208,exponential_3,150,50,rastrigin,3,0.994959,2.688260,2.489341,2.375633,0.839870
3,0.845213,0.433935,exponential_3,150,50,rastrigin,3,0.994965,4.411169,5.011324,2.671279,1.573670
3,0.455730,0.627664,exponential_3,150,50,rastrigin,3,0.995008,3.351535,4.026582,2.379450,0.717150
3,0.687934,6.913484,exponential_3,150,50,rastrigin,3,0.000000,0.559663,0.994957,0.619356,1.990035
3,0.455730,1.579374,exponential_3,150,50,rastrigin,3,0.000000,3.052063,4.974791,2.936348,2.186155
3,0.559922,0.433935,exponential_3,150,50,rastrigin,3,2.282867,4.405194,4.990751,2.600088,0.731065
3,0.845213,0.754882,exponential_3,150,50,rastrigin,3,0.000118,2.255771,1.991514,2.501633,1.727530
3,0.687934,3.974133,exponential_3,150,50,rastrigin,3,0.000000,0.684033,0.994957,0.736201,0.713265
3,0.687934,1.313208,exponential_3,150,50,rastrigin,3,0.994959,1.743009,1.989990,1.116610,0.713565
3,0.301904,2.284483,exponential_3,150,50,rastrigin,3,0.994959,2.694036,2.984882,3.823517,1.168785
3,0.687934,2.284483,exponential_3,150,50,rastrigin,3,0.000000,1.554645,1.989916,1.018300,0.918140
3,1.038450,1.899487,exponential_3,150,50,rastrigin,3,0.000000,1.057143,0.994959,1.451241,0.976855
3,0.370927,2.747511,exponential_3,150,50,rastrigin,3,0.000000,2.053021,2.487991,1.890500,0.899060
3,1.038450,0.627664,exponential_3,150,50,rastrigin,3,0.001026,2.656513,2.990251,2.248226,0.796555
3,0.559922,10.000000,exponential_3,150,50,rastrigin,3,0.000000,0.248739,0.000000,0.487427,1.151690
3,0.455730,4.779626,exponential_3,150,50,rastrigin,3,0.000000,0.808403,0.994957,0.826475,1.584615
3,1.038450,1.313208,exponential_3,150,50,rastrigin,3,0.000000,1.368099,1.492684,1.508915,0.757200
3,0.455730,0.907884,exponential_3,150,50,rastrigin,3,0.997982,3.110497,4.034526,2.507326,1.625005
3,0.559922,6.913484,exponential_3,150,50,rastrigin,3,0.000000,0.746218,0.994957,1.213482,0.718295
3,0.687934,0.754882,exponential_3,150,50,rastrigin,3,0.001286,2.630746,2.494697,4.502141,0.877360
3,1.038450,0.433935,exponential_3,150,50,rastrigin,3,0.995804,2.528355,2.556178,2.622254,1.205250
3,0.301904,6.913484,exponential_3,150,50,rastrigin,3,0.000000,1.305883,1.989916,1.213482,1.338015
3,1.038450,2.747511,exponential_3,150,50,rastrigin,3,0.000000,0.746218,0.994957,1.301077,1.462610
3,0.845213,1.579374,exponential_3,150,50,rastrigin,3,0.000000,1.368119,1.492788,2.343413,0.914935
3,0.559922,2.284483,exponential_3,150,50,rastrigin,3,0.000000,0.995928,0.994958,1.606595,0.751295
3,1.038450,8.314736,exponential_3,150,50,rastrigin,3,0.000000,0.062185,0.000000,0.430829,0.841930
3,0.845213,0.360805,exponential_3,150,50,rastrigin,3,0.994982,4.307379,5.499103,3.472420,0.848350
3,0.687934,0.433935,exponential_3,150,50,rastrigin,3,1.001991,3.379001,5.143649,2.996243,0.887630
3,1.038450,3.974133,exponential_3,150,50,rastrigin,3,0.000000,0.248739,0.000000,0.667438,0.941140
3,1.038450,0.907884,exponential_3,150,50,rastrigin,3,0.000000,2.176947,2.984878,2.374728,1.545990
3,0.455730,0.360805,exponential_3,150,50,rastrigin,3,1.026592,4.377200,5.994818,2.839396,0.747200
3,1.275867,0.627664,exponential_3,150,50,rastrigin,3,0.000000,1.518130,1.989918,1.659121,0.736010
3,1.275867,0.907884,exponential_3,150,50,rastrigin,3,0.000000,1.805457,1.989923,1.736440,0.740420
3,0.845213,2.747511,exponential_3,150,50,rastrigin,3,0.000000,0.808403,0.994957,1.307717,1.336805
3,0.455730,3.304387,exponential_3,150,50,rastrigin,3,0.000000,1.430753,1.989918,1.731170,0.854500
3,0.845213,0.521886,exponential_3,150,50,rastrigin,3,1.020027,3.312888,4.974957,2.901171,0.926345
3,1.275867,1.313208,exponential_3,150,50,rastrigin,3,0.000000,1.181513,1.492438,1.428035,0.788010
3,0.370927,4.779626,exponential_3,150,50,rastrigin,3,0.000000,1.181513,0.994964,1.451240,1.478195
3,0.370927,0.300000,exponential_3,150,50,rastrigin,3,1.210287,4.142215,5.051487,2.758181,1.473335
3,0.845213,8.314736,exponential_3,150,50,rastrigin,3,0.000000,0.000000,0.000000,0.355271,2.246360
3,0.687934,4.779626,exponential_3,150,50,rastrigin,3,0.000000,0.684033,0.994957,0.832442,0.692280
3,0.687934,8.314736,exponential_3,150,50,rastrigin,3,0.000000,0.186554,0.000000,1.111284,1.698920
3,0.687934,1.579374,exponential_3,150,50,rastrigin,3,0.000000,1.617035,1.989931,1.697200,0.709550
3,0.559922,3.974133,exponential_3,150,50,rastrigin,3,0.000000,0.746218,0.994957,1.056484,1.354890
3,0.687934,2.747511,exponential_3,150,50,rastrigin,3,0.000000,1.119328,1.492437,1.537363,0.752455
3,1.038450,5.748380,exponential_3,150,50,rastrigin,3,0.000000,0.124370,0.000000,0.915955,1.706705
3,0.845213,4.779626,exponential_3,150,50,rastrigin,3,0.000000,0.310924,0.000000,0.665581,1.465290
3,1.275867,1.899487,exponential_3,150,50,rastrigin,3,0.000000,1.057143,1.492436,1.315265,0.866595
3,1.038450,0.754882,exponential_3,150,50,rastrigin,3,0.994967,2.810272,3.025858,2.414435,0.703315
3,1.038450,2.284483,exponential_3,150,50,rastrigin,3,0.000000,1.057142,1.492435,1.484956,0.877520
3,1.275867,0.433935,exponential_3,150,50,rastrigin,3,1.991449,4.108872,4.478010,2.001392,1.445525
3,0.455730,1.899487,exponential_3,150,50,rastrigin,3,0.000118,2.239607,1.990019,2.236029,1.326885
3,0.845213,0.907884,exponential_3,150,50,rastrigin,3,0.000000,1.813077,1.990004,3.052428,1.130320
3,1.275867,2.747511,exponential_3,150,50,rastrigin,3,0.000000,0.559664,0.994957,0.722630,0.943655
3,1.275867,1.091897,exponential_3,150,50,rastrigin,3,0.000000,1.305889,1.989917,1.588040,0.741705
3,1.038450,1.579374,exponential_3,150,50,rastrigin,3,0.000000,1.430255,1.989916,2.424918,0.881640
3,0.687934,0.300000,exponential_3,150,50,rastrigin,3,0.063002,4.542003,5.552195,3.083318,0.905595
3,1.275867,3.974133,exponential_3,150,50,rastrigin,3,0.000000,0.062185,0.000000,0.553969,0.755130
3,1.038450,0.521886,exponential_3,150,50,rastrigin,3,0.994970,3.963823,4.974972,3.223604,0.716590
3,0.845213,1.899487,exponential_3,150,50,rastrigin,3,0.000000,1.243699,1.989916,1.462283,0.703255
3,1.275867,5.748380,exponential_3,150,50,rastrigin,3,0.000000,0.000000,0.000000,0.355271,0.901250
3,1.038450,3.304387,exponential_3,150,50,rastrigin,3,0.000000,0.497479,0.994957,0.989970,0.897025
3,1.567562,0.300000,exponential_3,150,50,rastrigin,3,0.994961,2.701118,2.013678,2.603634,0.822275
3,1.275867,8.314736,exponential_3,150,50,rastrigin,3,0.000000,0.124370,0.000000,0.569390,0.945720
3,1.275867,0.300000,exponential_3,150,50,rastrigin,3,0.995319,3.787236,5.002007,2.208126,1.004530
3,1.038450,0.300000,exponential_3,150,50,rastrigin,3,1.102505,3.633784,4.016827,3.876647,1.995100
3,0.687934,0.521886,exponential_3,150,50,rastrigin,3,1.002186,4.245461,5.212104,3.052587,0.946300
3,0.687934,0.907884,exponential_3,150,50,rastrigin,3,0.000225,3.178618,3.984178,2.360990,1.175860
3,1.275867,0.754882,exponential_3,150,50,rastrigin,3,0.000000,1.683382,1.989920,1.517239,0.735135
3,1.038450,1.091897,exponential_3,150,50,rastrigin,3,0.000000,1.741369,1.989924,2.120020,0.766445
3,1.567562,0.433935,exponential_3,150,50,rastrigin,3,0.995010,3.627863,4.481469,2.784531,0.785160
3,1.275867,1.579374,exponential_3,150,50,rastrigin,3,0.000000,0.870591,0.994957,1.188756,0.734640
3,0.845213,3.304387,exponential_3,150,50,rastrigin,3,0.000000,0.497479,0.994957,0.744559,0.848455
3,0.455730,1.091897,exponential_3,150,50,rastrigin,3,0.994972,2.882013,2.990053,2.787391,0.870250
3,0.845213,10.000000,exponential_3,150,50,rastrigin,3,0.000000,0.186554,0.000000,0.474564,0.780915
3,1.567562,1.899487,exponential_3,150,50,rastrigin,3,0.000000,0.559664,0.994957,0.674813,0.783545
3,0.455730,5.748380,exponential_3,150,50,rastrigin,3,0.000000,0.808403,0.994957,1.222625,2.712310
3,1.567562,1.313208,exponential_3,150,50,rastrigin,3,0.000000,0.994958,0.994957,1.197055,0.899530
3,1.567562,3.974133,exponential_3,150,50,rastrigin,3,0.000000,0.497478,0.994957,0.487428,0.786840
3,1.567562,0.627664,exponential_3,150,50,rastrigin,3,0.000000,1.306367,1.989917,1.357064,1.222115
3,1.567562,0.907884,exponential_3,150,50,rastrigin,3,0.000000,1.243699,1.989916,1.631853,1.140925
3,1.567562,5.748380,exponential_3,150,50,rastrigin,3,0.000000,0.124370,0.000000,0.455947,0.923340
3,1.038450,4.779626,exponential_3,150,50,rastrigin,3,0.000000,0.435294,0.994957,0.580155,1.614820
3,1.925946,0.300000,exponential_3,150,50,rastrigin,3,0.997967,3.818596,3.991932,2.960889,0.904070
3,0.845213,5.748380,exponential_3,150,50,rastrigin,3,0.000000,0.186554,0.000000,0.474564,0.919725
3,1.038450,6.913484,exponential_3,150,50,rastrigin,3,0.000000,0.497478,0.994957,0.487427,0.972685
3,1.925946,0.907884,exponential_3,150,50,rastrigin,3,0.000000,1.381071,1.492438,2.221305,0.798070
3,1.925946,1.313208,exponential_3,150,50,rastrigin,3,0.000000,1.057142,0.994957,1.234710,0.796480
3,1.925946,0.627664,exponential_3,150,50,rastrigin,3,0.000000,1.368397,1.989919,2.181973,0.963470
3,1.275867,2.284483,exponential_3,150,50,rastrigin,3,0.000000,0.684033,0.994957,0.621351,1.003565
3,0.845213,1.091897,exponential_3,150,50,rastrigin,3,0.000000,2.118372,1.991820,1.909180,0.922085
3,1.567562,0.521886,exponential_3,150,50,rastrigin,3,0.994957,1.617862,1.989921,3.135413,1.121850
3,1.275867,0.521886,exponential_3,150,50,rastrigin,3,0.000179,2.923410,3.482890,3.011411,1.000760
3,1.275867,4.779626,exponential_3,150,50,rastrigin,3,0.000000,0.062185,0.000000,0.430829,0.825705
3,0.845213,0.627664,exponential_3,150,50,rastrigin,3,0.004332,3.242272,4.482346,2.678098,1.780170
3,1.038450,10.000000,exponential_3,150,50,rastrigin,3,0.000000,0.000000,0.000000,0.298487,2.320950
3,1.925946,2.747511,exponential_3,150,50,rastrigin,3,0.000000,0.435294,0.994957,0.650538,0.906670
3,1.567562,2.747511,exponential_3,150,50,rastrigin,3,0.000000,0.124370,0.000000,0.969764,1.503660
3,1.925946,0.433935,exponential_3,150,50,rastrigin,3,0.000000,1.928450,1.990556,3.134625,1.352590
3,1.925946,3.974133,exponential_3,150,50,rastrigin,3,0.000000,0.186554,0.000000,0.474564,1.162910
3,1.275867,6.913484,exponential_3,150,50,rastrigin,3,0.000000,0.062185,0.000000,0.553969,1.036665
3,1.567562,0.754882,exponential_3,150,50,rastrigin,3,0.000000,1.741186,1.989918,1.768764,0.973235
3,1.567562,8.314736,exponential_3,150,50,rastrigin,3,0.000000,0.124370,0.000000,0.569391,1.798675
3,2.366266,1.313208,exponential_3,150,50,rastrigin,3,0.000000,0.559664,0.994957,1.416723,1.307125
3,1.275867,10.000000,exponential_3,150,50,rastrigin,3,0.000000,0.000000,0.000000,0.397983,0.806000
3,2.366266,0.627664,exponential_3,150,50,rastrigin,3,0.000000,1.451930,1.663773,1.841083,0.737700
3,2.366266,0.433935,exponential_3,150,50,rastrigin,3,0.994957,1.865688,1.989918,1.678844,0.760810
3,1.567562,0.360805,exponential_3,150,50,rastrigin,3,0.001373,2.738923,2.987623,2.437952,0.913830
3,2.366266,0.300000,exponential_3,150,50,rastrigin,3,0.000496,2.052721,1.990216,1.810093,0.826865
3,2.366266,0.907884,exponential_3,150,50,rastrigin,3,0.000000,1.181513,0.994959,0.861659,0.806155
3,2.366266,2.747511,exponential_3,150,50,rastrigin,3,0.000000,0.373109,0.497478,0.586519,0.727020
3,1.275867,3.304387,exponential_3,150,50,rastrigin,3,0.000000,0.373109,0.497478,0.659980,0.890620
3,1.925946,8.314736,exponential_3,150,50,rastrigin,3,0.000000,0.000000,0.000000,0.507331,1.019245
3,1.275867,0.360805,exponential_3,150,50,rastrigin,3,0.029938,2.807848,2.044780,2.712456,1.073110
3,1.038450,0.360805,exponential_3,150,50,rastrigin,3,0.000412,2.261634,2.727854,2.785851,1.056100
3,1.567562,2.284483,exponential_3,150,50,rastrigin,3,0.000000,0.497479,0.994957,0.762621,0.706905
3,2.366266,1.899487,exponential_3,150,50,rastrigin,3,0.000000,0.248739,0.000000,0.487427,0.865075
3,1.567562,3.304387,exponential_3,150,50,rastrigin,3,0.000000,0.373109,0.497478,0.586519,1.193500
3,2.366266,3.974133,exponential_3,150,50,rastrigin,3,0.000000,0.062185,0.000000,0.430829,0.903885
3,1.567562,1.579374,exponential_3,150,50,rastrigin,3,0.000000,0.621849,0.994957,1.173038,0.905595
3,1.925946,0.360805,exponential_3,150,50,rastrigin,3,0.994957,2.176907,1.992306,2.288288,0.708190
3,1.925946,1.579374,exponential_3,150,50,rastrigin,3,0.000000,0.684033,0.994957,0.968488,0.720650
3,1.925946,1.091897,exponential_3,150,50,rastrigin,3,0.000000,1.057143,0.994959,0.905084,0.761365
3,1.567562,4.779626,exponential_3,150,50,rastrigin,3,0.000000,0.124370,0.000000,0.455947,1.062200
3,2.907255,0.300000,exponential_3,150,50,rastrigin,3,0.994959,2.178170,1.990550,1.778312,0.896815
3,2.366266,8.314736,exponential_3,150,50,rastrigin,3,0.000000,0.124370,0.000000,0.569390,0.994740
3,1.925946,5.748380,exponential_3,150,50,rastrigin,3,0.000000,0.062185,0.000000,0.553969,1.213390
3,2.366266,5.748380,exponential_3,150,50,rastrigin,3,0.000000,0.062185,0.000000,0.430829,1.069550
3,2.366266,0.360805,exponential_3,150,50,rastrigin,3,0.000008,2.426395,2.494939,2.335137,0.854205
3,2.907255,2.747511,exponential_3,150,50,rastrigin,3,0.000000,0.062185,0.000000,0.553969,0.772200
3,2.907255,1.899487,exponential_3,150,50,rastrigin,3,0.000000,0.248739,0.000000,0.586519,0.842935
3,2.907255,0.907884,exponential_3,150,50,rastrigin,3,0.000000,0.559664,0.994957,1.416723,0.864120
3,2.907255,1.313208,exponential_3,150,50,rastrigin,3,0.000000,0.435294,0.994957,0.710542,0.860375
3,3.571927,0.907884,exponential_3,150,50,rastrigin,3,0.000000,0.373109,0.497478,0.777087,1.463795
3,2.907255,0.627664,exponential_3,150,50,rastrigin,3,0.000000,0.932774,0.994959,1.491665,0.961015
3,3.571927,3.974133,exponential_3,150,50,rastrigin,3,0.000000,0.000000,0.000000,0.397983,1.220905
3,1.567562,6.913484,exponential_3,150,50,rastrigin,3,0.000000,0.000000,0.000000,0.216846,1.507595
3,3.571927,0.300000,exponential_3,150,50,rastrigin,3,0.000050,1.679208,1.493226,1.831268,0.819335
3,2.907255,5.748380,exponential_3,150,50,rastrigin,3,0.000000,0.000000,0.000000,0.397983,0.994035
3,1.925946,3.304387,exponential_3,150,50,rastrigin,3,0.000000,0.373109,0.497478,0.497479,0.982565
3,2.907255,8.314736,exponential_3,150,50,rastrigin,3,0.000000,0.062185,0.000000,0.553969,1.099615
3,1.925946,4.779626,exponential_3,150,50,rastrigin,3,0.000000,0.000000,0.000000,0.397983,0.860460
3,1.925946,1.899487,exponential_3,150,50,rastrigin,3,0.000000,0.435294,0.994957,0.650538,0.956480
3,2.366266,1.579374,exponential_3,150,50,rastrigin,3,0.000000,0.497479,0.994957,0.694692,0.833660
3,1.925946,0.521886,exponential_3,150,50,rastrigin,3,0.000000,2.115695,2.487430,3.712376,0.927420
3,3.571927,0.627664,exponential_3,150,50,rastrigin,3,0.000000,0.994958,0.994957,1.316206,0.912055
3,3.571927,0.433935,exponential_3,150,50,rastrigin,3,0.000000,0.621859,0.994957,0.994958,0.919690
3,1.567562,10.000000,exponential_3,150,50,rastrigin,3,0.000000,0.000000,0.000000,0.216846,0.963800
3,3.571927,1.313208,exponential_3,150,50,rastrigin,3,0.000000,0.186554,0.000000,1.222624,0.803835
3,1.567562,1.091897,exponential_3,150,50,rastrigin,3,0.000000,1.243698,1.492437,1.438394,0.877770
3,2.366266,0.754882,exponential_3,150,50,rastrigin,3,0.000000,1.430255,1.989915,1.491607,0.906365
3,2.907255,2.284483,exponential_3,150,50,rastrigin,3,0.000000,0.000000,0.000000,0.298487,0.893875
3,2.366266,1.091897,exponential_3,150,50,rastrigin,3,0.000000,0.497478,0.994957,0.637084,0.919610
3,2.907255,3.974133,exponential_3,150,50,rastrigin,3,0.000000,0.124370,0.000000,0.455947,1.686365
3,2.366266,3.304387,exponential_3,150,50,rastrigin,3,0.000000,0.248739,0.000000,0.487428,1.029655
3,3.571927,1.091897,exponential_3,150,50,rastrigin,3,0.000000,0.621848,0.994957,0.650538,1.173260
3,3.571927,5.748380,exponential_3,150,50,rastrigin,3,0.000000,0.062185,0.000000,0.430829,0.842085
3,1.925946,0.754882,exponential_3,150,50,rastrigin,3,0.000000,1.373815,1.989918,1.302653,0.871710
3,3.571927,2.747511,exponential_3,150,50,rastrigin,3,0.000000,0.062185,0.000000,0.430829,0.899940
3,1.925946,10.000000,exponential_3,150,50,rastrigin,3,0.000000,0.062185,0.000000,0.430829,0.974825
3,2.366266,2.284483,exponential_3,150,50,rastrigin,3,0.000000,0.310924,0.000000,0.494985,0.956390
3,2.366266,4.779626,exponential_3,150,50,rastrigin,3,0.000000,0.000000,0.000000,0.000000,0.808260
3,4.388561,0.300000,exponential_3,150,50,rastrigin,3,0.000004,1.492475,1.989917,1.560522,0.865660
3,4.388561,0.907884,exponential_3,150,50,rastrigin,3,0.000000,0.559663,0.994957,0.619356,0.785220
3,4.388561,0.433935,exponential_3,150,50,rastrigin,3,0.000000,1.181513,0.994960,1.269303,0.895830
3,4.388561,0.627664,exponential_3,150,50,rastrigin,3,0.000000,0.559664,0.994957,0.722630,1.025400
3,2.907255,10.000000,exponential_3,150,50,rastrigin,3,0.000000,0.000000,0.000000,0.397983,1.091225
3,4.388561,1.313208,exponential_3,150,50,rastrigin,3,0.000000,0.373109,0.497478,0.586519,0.932640
3,2.907255,0.360805,exponential_3,150,50,rastrigin,3,0.000000,1.927829,1.989929,2.252937,0.969870
3,4.388561,2.747511,exponential_3,150,50,rastrigin,3,0.000000,0.124370,0.000000,0.455947,0.768385
3,3.571927,0.360805,exponential_3,150,50,rastrigin,3,0.000000,1.803366,1.989918,2.462901,1.792150
3,2.366266,10.000000,exponential_3,150,50,rastrigin,3,0.000000,0.000000,0.000000,0.397983,1.018200
3,2.907255,3.304387,exponential_3,150,50,rastrigin,3,0.000000,0.000000,0.000000,0.355271,0.748485
3,1.925946,6.913484,exponential_3,150,50,rastrigin,3,0.000000,0.000000,0.000000,0.216846,0.801570
3,6.624620,0.300000,exponential_3,150,50,rastrigin,3,0.000000,0.684033,0.994957,0.915956,0.881610
3,2.907255,1.579374,exponential_3,150,50,rastrigin,3,0.000000,0.310924,0.000000,0.494985,0.742545
3,4.388561,1.899487,exponential_3,150,50,rastrigin,3,0.000000,0.248739,0.000000,0.964647,1.171020
3,2.366266,0.521886,exponential_3,150,50,rastrigin,3,0.000000,1.865604,1.989917,1.792981,0.862780
3,4.388561,3.974133,exponential_3,150,50,rastrigin,3,0.000000,0.062185,0.000000,0.430829,0.889390
3,2.907255,1.091897,exponential_3,150,50,rastrigin,3,0.000000,0.621848,0.994957,0.696471,0.913535
3,2.907255,0.433935,exponential_3,150,50,rastrigin,3,0.000000,1.182601,0.994964,1.188415,0.841380
3,2.907255,0.754882,exponential_3,150,50,rastrigin,3,0.000000,0.932773,0.994958,0.722643,0.883710
3,3.571927,4.779626,exponential_3,150,50,rastrigin,3,0.000000,0.000000,0.000000,0.355271,0.937720
3,4.388561,5.748380,exponential_3,150,50,rastrigin,3,0.000000,0.000000,0.000000,0.355271,0.974190
3,4.388561,8.314736,exponential_3,150,50,rastrigin,3,0.000000,0.124370,0.000000,0.455947,0.992710
3,3.571927,1.899487,exponential_3,150,50,rastrigin,3,0.000000,0.124370,0.000000,0.455947,0.882270
3,2.907255,6.913484,exponential_3,150,50,rastrigin,3,0.000000,0.000000,0.000000,0.355271,0.888385
3,5.391897,0.433935,exponential_3,150,50,rastrigin,3,0.000000,0.684033,0.994957,0.665581,0.815140
3,5.391897,0.907884,exponential_3,150,50,rastrigin,3,0.000000,0.621848,0.994957,0.696470,0.828175
3,3.571927,0.754882,exponential_3,150,50,rastrigin,3,0.000000,0.435294,0.994957,0.762621,0.779730
3,8.139176,0.627664,exponential_3,150,50,rastrigin,3,0.000000,0.186554,0.000000,0.474564,0.865385
3,5.391897,1.899487,exponential_3,150,50,rastrigin,3,0.000000,0.124370,0.000000,0.569390,0.814505
3,3.571927,0.521886,exponential_3,150,50,rastrigin,3,0.000000,1.057143,0.994958,1.111284,0.856900
3,8.139176,0.433935,exponential_3,150,50,rastrigin,3,0.000000,0.310924,0.000000,0.988720,1.002415
3,1.925946,2.284483,exponential_3,150,50,rastrigin,3,0.000000,0.310924,0.000000,1.037574,1.001535
3,3.571927,8.314736,exponential_3,150,50,rastrigin,3,0.000000,0.000000,0.000000,0.355271,0.968430
3,6.624620,3.974133,exponential_3,150,50,rastrigin,3,0.000000,0.000000,0.000000,0.397983,1.370000
3,3.571927,1.579374,exponential_3,150,50,rastrigin,3,0.000000,0.248739,0.000000,0.667438,0.926925
3,2.907255,0.521886,exponential_3,150,50,rastrigin,3,0.000000,1.368073,1.989916,1.491609,0.940890
3,5.391897,3.974133,exponential_3,150,50,rastrigin,3,0.000000,0.186554,0.000000,0.737881,0.901515
3,5.391897,5.748380,exponential_3,150,50,rastrigin,3,0.000000,0.000000,0.000000,0.216846,1.004915
3,5.391897,8.314736,exponential_3,150,50,rastrigin,3,0.000000,0.062361,0.000111,0.430754,0.979350
3,2.907255,4.779626,exponential_3,150,50,rastrigin,3,0.000000,0.000000,0.000000,0.355271,0.955810
3,2.366266,6.913484,exponential_3,150,50,rastrigin,3,0.000000,0.000000,0.000000,0.507331,0.875045
3,6.624620,0.433935,exponential_3,150,50,rastrigin,3,0.000000,0.497479,0.994957,0.958212,0.914305
3,6.624620,0.907884,exponential_3,150,50,rastrigin,3,0.000000,0.186554,0.000000,0.580155,0.771515
3,3.571927,6.913484,exponential_3,150,50,rastrigin,3,0.000000,0.000000,0.000000,0.355271,0.870225
3,6.624620,0.627664,exponential_3,150,50,rastrigin,3,0.000000,0.559663,0.994957,0.553969,0.908820
3,3.571927,3.304387,exponential_3,150,50,rastrigin,3,0.000000,0.186554,0.000000,0.474564,0.920640
3,5.391897,2.284483,exponential_3,150,50,rastrigin,3,0.000000,0.373109,0.497478,0.497478,0.855305
3,4.388561,0.521886,exponential_3,150,50,rastrigin,3,0.000000,1.243697,0.994959,1.094454,0.947450
3,4.388561,0.754882,exponential_3,150,50,rastrigin,3,0.000000,0.559663,0.994957,0.884338,0.912785
3,4.388561,1.579374,exponential_3,150,50,rastrigin,3,0.000000,0.497479,0.994957,0.569390,0.894660
3,4.388561,1.091897,exponential_3,150,50,rastrigin,3,0.000000,0.062185,0.000000,0.731142,1.054120
3,6.624620,5.748380,exponential_3,150,50,rastrigin,3,0.000000,0.310948,0.000187,0.494971,0.815655
3,8.139176,0.754882,exponential_3,150,50,rastrigin,3,0.000000,0.248739,0.000000,0.586519,1.155660
3,8.139176,0.300000,exponential_3,150,50,rastrigin,3,0.000000,0.870588,0.994959,1.307716,0.794370
3,8.139176,8.314736,exponential_3,150,50,rastrigin,3,0.000414,0.446035,0.865314,0.491268,1.321495
3,6.624620,0.360805,exponential_3,150,50,rastrigin,3,0.000000,0.621848,0.994957,0.826474,0.760480
3,10.000000,0.627664,exponential_3,150,50,rastrigin,3,0.000000,0.248739,0.000000,0.667438,1.173890
3,6.624620,8.314736,exponential_3,150,50,rastrigin,3,0.000015,0.135077,0.001399,0.566401,1.042860
3,6.624620,4.779626,exponential_3,150,50,rastrigin,3,0.000000,0.000000,0.000000,0.355271,1.446740
3,4.388561,3.304387,exponential_3,150,50,rastrigin,3,0.000000,0.062185,0.000000,0.430829,1.452560
3,4.388561,2.284483,exponential_3,150,50,rastrigin,3,0.000000,0.000000,0.000000,0.397983,0.952220
3,5.391897,0.627664,exponential_3,150,50,rastrigin,3,0.000000,0.621848,0.994957,0.696470,0.986495
3,5.391897,1.313208,exponential_3,150,50,rastrigin,3,0.000000,0.000000,0.000000,0.397983,0.984385
3,8.139176,0.907884,exponential_3,150,50,rastrigin,3,0.000000,0.062185,0.000000,0.553969,1.001980
3,4.388561,4.779626,exponential_3,150,50,rastrigin,3,0.000000,0.062185,0.000000,0.430829,1.010350
3,8.139176,1.313208,exponential_3,150,50,rastrigin,3,0.000000,0.373109,0.497478,0.659981,1.002725
3,8.139176,2.747511,exponential_3,150,50,rastrigin,3,0.000000,0.000000,0.000000,0.355271,0.857825
3,5.391897,2.747511,exponential_3,150,50,rastrigin,3,0.000000,0.000000,0.000000,0.216846,0.994475
3,8.139176,1.899487,exponential_3,150,50,rastrigin,3,0.000000,0.000000,0.000000,0.355271,1.000640
3,5.391897,0.521886,exponential_3,150,50,rastrigin,3,0.000000,0.746218,0.994957,1.102340,0.734725
3,4.388561,6.913484,exponential_3,150,50,rastrigin,3,0.000000,0.000000,0.000000,0.355271,1.059520
3,4.388561,10.000000,exponential_3,150,50,rastrigin,3,0.000000,0.000024,0.000009,0.298476,1.182195
3,8.139176,0.360805,exponential_3,150,50,rastrigin,3,0.000000,0.559663,0.994957,1.018314,1.095130
3,8.139176,3.974133,exponential_3,150,50,rastrigin,3,0.000000,0.000000,0.000000,0.298486,1.072955
3,8.139176,0.521886,exponential_3,150,50,rastrigin,3,0.000000,0.373109,0.497478,0.722630,0.742605
3,6.624620,1.313208,exponential_3,150,50,rastrigin,3,0.000000,0.186554,0.000000,0.474564,0.911465
3,8.139176,1.091897,exponential_3,150,50,rastrigin,3,0.000000,0.000000,0.000000,0.355271,0.811560
3,5.391897,1.579374,exponential_3,150,50,rastrigin,3,0.000000,0.186554,0.000000,0.474564,0.976555
3,10.000000,0.300000,exponential_3,150,50,rastrigin,3,0.000000,0.248739,0.000000,0.586519,0.872040
3,5.391897,1.091897,exponential_3,150,50,rastrigin,3,0.000000,0.373109,0.497478,0.905083,1.279250
3,8.139176,5.748380,exponential_3,150,50,rastrigin,3,0.000000,0.310999,0.000400,0.495073,1.109145
3,3.571927,10.000000,exponential_3,150,50,rastrigin,3,0.000000,0.000001,0.000000,0.397983,1.030875
3,10.000000,0.433935,exponential_3,150,50,rastrigin,3,0.000000,0.310924,0.000000,0.911894,1.023980
3,5.391897,0.300000,exponential_3,150,50,rastrigin,3,0.000000,1.119328,0.994959,1.154966,0.814635
3,5.391897,6.913484,exponential_3,150,50,rastrigin,3,0.000000,0.000000,0.000000,0.298488,0.868245
3,6.624620,2.747511,exponential_3,150,50,rastrigin,3,0.000000,0.062185,0.000000,0.650538,0.972160
3,5.391897,10.000000,exponential_3,150,50,rastrigin,3,0.000038,0.268917,0.140413,0.452268,0.935145
3,6.624620,0.521886,exponential_3,150,50,rastrigin,3,0.000000,0.435294,0.994957,0.650538,0.788330
3,0.245725,2.747511,exponential_5,150,50,rastrigin,3,0.000208,2.864390,3.980123,1.928510,0.704895
3,10.000000,0.907884,exponential_3,150,50,rastrigin,3,0.000000,0.000000,0.000000,0.474564,0.933295
3,0.245725,1.313208,exponential_5,150,50,rastrigin,3,0.995693,4.326694,5.055368,3.495834,0.985295
3,8.139176,2.284483,exponential_3,150,50,rastrigin,3,0.000000,0.000000,0.000000,0.298487,1.244645
3,10.000000,1.899487,exponential_3,150,50,rastrigin,3,0.000000,0.124370,0.000000,0.455947,1.012800
3,6.624620,1.091897,exponential_3,150,50,rastrigin,3,0.000000,0.248739,0.000000,0.487428,1.123770
3,0.245725,8.314736,exponential_5,150,50,rastrigin,3,0.000000,1.181518,0.994960,0.968486,0.872740
3,6.624620,1.579374,exponential_3,150,50,rastrigin,3,0.000000,0.000000,0.000000,0.355271,1.035435
3,10.000000,5.748380,exponential_3,150,50,rastrigin,3,0.000011,0.112696,0.008764,0.537214,0.987630
3,10.000000,3.974133,exponential_3,150,50,rastrigin,3,0.000000,0.000000,0.000000,0.298487,1.059905
3,10.000000,8.314736,exponential_3,150,50,rastrigin,3,0.001947,0.984332,1.195731,0.910817,1.008830
3,0.301904,0.627664,exponential_5,150,50,rastrigin,3,0.996634,4.824540,5.396658,2.612908,0.812240
3,0.200000,0.907884,exponential_5,150,50,rastrigin,3,2.013447,5.627148,6.198278,2.804329,0.858885
3,3.571927,2.284483,exponential_3,150,50,rastrigin,3,0.000000,0.000000,0.000000,0.397983,1.032400
3,6.624620,6.913484,exponential_3,150,50,rastrigin,3,0.000000,0.064475,0.000216,0.430077,1.146360
3,0.200000,0.627664,exponential_5,150,50,rastrigin,3,2.375721,5.844052,6.393327,3.039912,1.089945
3,0.200000,1.899487,exponential_5,150,50,rastrigin,3,1.032515,3.836893,4.981243,2.390699,0.955200
3,8.139176,6.913484,exponential_3,150,50,rastrigin,3,0.000036,0.128418,0.003594,0.571969,1.355120
3,0.200000,1.313208,exponential_5,150,50,rastrigin,3,0.055794,3.426315,4.008025,2.542259,1.038065
3,10.000000,0.754882,exponential_3,150,50,rastrigin,3,0.000000,0.248739,0.000000,0.487427,0.970065
3,0.200000,3.974133,exponential_5,150,50,rastrigin,3,0.994959,3.422227,3.986157,2.733160,0.923560
3,0.200000,5.748380,exponential_5,150,50,rastrigin,3,0.000000,1.204828,0.995224,2.161153,1.001135
3,0.200000,8.314736,exponential_5,150,50,rastrigin,3,0.000000,1.181522,0.995025,1.262457,0.905325
3,6.624620,10.000000,exponential_3,150,50,rastrigin,3,0.002834,0.274272,0.146331,0.476928,1.074370
3,6.624620,1.899487,exponential_3,150,50,rastrigin,3,0.000000,0.000000,0.000000,0.397983,0.859660
3,5.391897,0.754882,exponential_3,150,50,rastrigin,3,0.000000,0.186554,0.000000,0.968488,0.935670
3,0.245725,0.300000,exponential_5,150,50,rastrigin,3,1.670443,7.058816,7.245076,2.885234,1.043210
3,8.139176,1.579374,exponential_3,150,50,rastrigin,3,0.000000,0.000000,0.000000,0.216846,0.774170
3,4.388561,0.360805,exponential_3,150,50,rastrigin,3,0.000000,1.243724,1.492645,1.505632,0.974145
3,0.245725,0.433935,exponential_5,150,50,rastrigin,3,1.109028,4.779354,5.735426,3.101723,0.909205
3,0.301904,1.313208,exponential_5,150,50,rastrigin,3,0.995245,4.021955,4.979139,2.872598,1.505005
3,5.391897,4.779626,exponential_3,150,50,rastrigin,3,0.000000,0.124370,0.000000,0.455947,0.802525
3,8.139176,3.304387,exponential_3,150,50,rastrigin,3,0.000000,0.062185,0.000000,0.430829,0.951220
3,0.245725,1.899487,exponential_5,150,50,rastrigin,3,0.995092,2.826847,3.083756,2.092572,0.701035
3,5.391897,3.304387,exponential_3,150,50,rastrigin,3,0.000000,0.062185,0.000000,0.430829,0.974290
3,0.245725,0.627664,exponential_5,150,50,rastrigin,3,1.211601,7.007217,8.210090,3.800874,0.869500
3,0.245725,0.907884,exponential_5,150,50,rastrigin,3,1.999781,3.948071,4.788168,3.164241,0.878410
3,8.139176,4.779626,exponential_3,150,50,rastrigin,3,0.000000,0.000002,0.000000,0.355264,0.795025
3,10.000000,1.313208,exponential_3,150,50,rastrigin,3,0.000000,0.000000,0.000000,0.355271,0.899160
3,0.200000,10.000000,exponential_5,150,50,rastrigin,3,0.000000,0.932802,0.994960,1.492414,0.711360
3,6.624620,0.754882,exponential_3,150,50,rastrigin,3,0.000000,0.248739,0.000000,0.487428,1.004945
3,0.370927,3.974133,exponential_5,150,50,rastrigin,3,0.000000,1.244019,1.989917,1.976769,0.715615
3,0.245725,5.748380,exponential_5,150,50,rastrigin,3,0.000000,1.430458,1.989917,2.163226,0.850260
3,10.000000,0.521886,exponential_3,150,50,rastrigin,3,0.000000,0.497479,0.994957,0.637083,0.784355
3,0.200000,0.300000,exponential_5,150,50,rastrigin,3,1.664253,6.154327,6.654777,3.319937,0.848435
3,10.000000,2.747511,exponential_3,150,50,rastrigin,3,0.000000,0.000000,0.000000,0.397983,1.043405
3,0.301904,0.300000,exponential_5,150,50,rastrigin,3,1.724621,6.779284,7.196300,3.491185,0.902795
3,10.000000,0.360805,exponential_3,150,50,rastrigin,3,0.000000,0.373109,0.000000,0.838367,1.028820
3,0.370927,8.314736,exponential_5,150,50,rastrigin,3,0.000000,0.559664,0.994957,0.938642,0.865145
3,0.370927,5.748380,exponential_5,150,50,rastrigin,3,0.000000,1.243942,1.989918,1.472284,0.954775
3,0.245725,3.304387,exponential_5,150,50,rastrigin,3,0.000031,2.052313,1.991412,1.831205,0.751995
3,0.301904,0.907884,exponential_5,150,50,rastrigin,3,1.006733,3.485027,4.994329,3.499482,0.850905
3,6.624620,3.304387,exponential_3,150,50,rastrigin,3,0.000000,0.000000,0.000000,0.216846,0.986865
3,10.000000,2.284483,exponential_3,150,50,rastrigin,3,0.000000,0.124370,0.000000,0.455947,0.837275
3,0.245725,0.754882,exponential_5,150,50,rastrigin,3,1.211798,4.939989,6.087034,3.818984,0.870630
3,0.301904,1.579374,exponential_5,150,50,rastrigin,3,0.000401,3.224401,3.517923,2.904334,1.165395
3,0.245725,1.579374,exponential_5,150,50,rastrigin,3,0.997419,3.689513,5.021980,3.759192,0.947600
3,0.301904,1.899487,exponential_5,150,50,rastrigin,3,0.027746,2.650795,2.598678,2.865093,0.894230
3,0.200000,2.747511,exponential_5,150,50,rastrigin,3,0.026402,2.570040,2.985339,2.296721,0.989315
3,0.245725,10.000000,exponential_5,150,50,rastrigin,3,0.000000,0.870590,0.994961,1.084230,0.925935
3,10.000000,6.913484,exponential_3,150,50,rastrigin,3,0.000177,0.416355,0.579948,0.489743,0.995820
3,0.301904,2.747511,exponential_5,150,50,rastrigin,3,0.994974,2.803262,2.985470,2.703724,1.064965
3,0.301904,5.748380,exponential_5,150,50,rastrigin,3,0.000000,1.305883,1.492437,1.541394,0.961855
3,0.301904,3.974133,exponential_5,150,50,rastrigin,3,0.000000,2.425262,2.487432,2.401823,1.057920
3,10.000000,10.000000,exponential_3,150,50,rastrigin,3,0.199743,1.568669,2.090974,1.090052,1.045550
3,10.000000,4.779626,exponential_3,150,50,rastrigin,3,0.000000,0.000640,0.000182,0.358933,1.115985
3,0.301904,8.314736,exponential_5,150,50,rastrigin,3,0.000061,1.119342,0.994959,0.969756,0.848360
3,0.370927,0.300000,exponential_5,150,50,rastrigin,3,1.152330,5.071379,5.781513,4.699423,0.849895
3,0.200000,1.091897,exponential_5,150,50,rastrigin,3,0.000650,3.363933,5.044487,3.466575,0.849835
3,0.370927,0.627664,exponential_5,150,50,rastrigin,3,1.142365,5.378036,6.067433,3.400724,0.787075
3,0.370927,0.907884,exponential_5,150,50,rastrigin,3,0.997173,3.338758,4.045919,2.572428,0.731195
3,0.301904,0.360805,exponential_5,150,50,rastrigin,3,1.239746,5.551464,6.117582,4.443481,1.221625
3,0.370927,0.433935,exponential_5,150,50,rastrigin,3,1.495180,4.379934,4.796572,3.255179,0.913455
3,0.200000,2.284483,exponential_5,150,50,rastrigin,3,0.999180,3.116719,3.076782,2.698241,0.897930
3,0.559922,0.627664,exponential_5,150,50,rastrigin,3,0.072798,2.359135,2.182714,1.786929,0.939775
3,0.200000,1.579374,exponential_5,150,50,rastrigin,3,1.015759,4.205356,5.150651,3.053283,0.868350
3,0.200000,6.913484,exponential_5,150,50,rastrigin,3,0.000000,1.368240,1.989917,1.541974,0.782460
3,0.370927,1.313208,exponential_5,150,50,rastrigin,3,0.994961,3.084248,2.996703,2.922912,0.877085
3,0.200000,4.779626,exponential_5,150,50,rastrigin,3,0.000000,1.933284,1.991622,2.412711,0.868700
3,0.559922,5.748380,exponential_5,150,50,rastrigin,3,0.000000,0.684033,0.994957,0.889918,0.739740
3,0.301904,3.304387,exponential_5,150,50,rastrigin,3,0.001457,1.622576,1.989919,2.442104,0.876080
3,0.301904,4.779626,exponential_5,150,50,rastrigin,3,0.994957,1.679013,1.989921,1.554289,0.881620
3,6.624620,2.284483,exponential_3,150,50,rastrigin,3,0.000000,0.062185,0.000000,0.553969,0.946625
3,0.200000,0.433935,exponential_5,150,50,rastrigin,3,2.052759,5.216461,5.656052,2.504319,0.850720
3,0.301904,0.433935,exponential_5,150,50,rastrigin,3,0.182335,4.804825,5.732096,3.975250,0.755870
3,0.245725,0.521886,exponential_5,150,50,rastrigin,3,0.032906,3.850075,4.530022,4.790155,0.875270
3,0.245725,0.360805,exponential_5,150,50,rastrigin,3,2.471661,5.861475,5.756304,3.842086,0.958795
3,0.370927,0.754882,exponential_5,150,50,rastrigin,3,1.724667,4.696366,5.078563,3.558285,0.745350
3,0.687934,0.300000,exponential_5,150,50,rastrigin,3,0.995190,4.559057,5.818034,3.621971,1.020210
3,0.245725,2.284483,exponential_5,150,50,rastrigin,3,0.000824,2.016640,2.002736,2.857683,0.732280
3,0.455730,0.627664,exponential_5,150,50,rastrigin,3,0.996653,4.203773,5.506002,3.286757,0.731920
3,0.455730,0.907884,exponential_5,150,50,rastrigin,3,0.995413,3.200785,3.547063,2.760932,0.727505
3,10.000000,1.091897,exponential_3,150,50,rastrigin,3,0.000000,0.000000,0.000000,0.355271,0.908075
3,0.370927,1.091897,exponential_5,150,50,rastrigin,3,1.736876,4.075942,4.977197,3.246908,0.972620
3,0.455730,1.313208,exponential_5,150,50,rastrigin,3,0.994957,2.871727,3.003129,1.994093,0.750475
3,0.245725,1.091897,exponential_5,150,50,rastrigin,3,0.190296,3.981761,4.994105,3.529636,0.969320
3,10.000000,1.579374,exponential_3,150,50,rastrigin,3,0.000000,0.248739,0.000000,0.487428,0.916570
3,0.687934,0.907884,exponential_5,150,50,rastrigin,3,0.994999,2.312348,2.022064,3.680549,1.112665
3,0.370927,4.779626,exponential_5,150,50,rastrigin,3,0.000000,1.254890,1.578880,1.176756,0.796685
3,0.200000,0.360805,exponential_5,150,50,rastrigin,3,1.892572,5.534682,6.211758,3.374024,0.732680
3,0.455730,2.747511,exponential_5,150,50,rastrigin,3,0.000000,1.246537,1.989916,1.617079,0.762355
3,0.455730,1.899487,exponential_5,150,50,rastrigin,3,0.000111,2.569265,2.984884,2.155843,0.851495
3,0.245725,6.913484,exponential_5,150,50,rastrigin,3,0.000000,1.181515,0.994969,1.708193,0.897685
3,0.301904,1.091897,exponential_5,150,50,rastrigin,3,0.000450,3.088985,3.058017,3.425373,0.720790
3,0.301904,0.754882,exponential_5,150,50,rastrigin,3,1.555998,3.519493,4.517333,3.182127,0.875950
3,0.370927,10.000000,exponential_5,150,50,rastrigin,3,0.000000,0.497479,0.994957,0.958212,0.855565
3,10.000000,3.304387,exponential_3,150,50,rastrigin,3,0.000000,0.000000,0.000000,0.298487,0.945860
3,0.370927,6.913484,exponential_5,150,50,rastrigin,3,0.000000,1.057144,0.994961,1.682626,0.880330
3,0.455730,3.974133,exponential_5,150,50,rastrigin,3,0.000000,1.057238,0.994960,1.537339,0.859190
3,0.455730,1.091897,exponential_5,150,50,rastrigin,3,0.995348,2.935028,3.488997,2.635237,0.752320
3,0.455730,0.754882,exponential_5,150,50,rastrigin,3,0.000277,4.586226,6.001996,3.402911,0.851320
3,0.559922,0.433935,exponential_5,150,50,rastrigin,3,1.237431,4.731263,5.650499,3.297373,0.714325
3,0.455730,5.748380,exponential_5,150,50,rastrigin,3,0.000000,0.746241,0.994959,1.056481,0.884365
3,0.845213,2.747511,exponential_5,150,50,rastrigin,3,0.000000,0.746220,0.994959,1.410595,0.757370
3,1.038450,0.433935,exponential_5,150,50,rastrigin,3,0.003216,2.692395,2.999880,2.543546,0.694830
3,0.200000,0.754882,exponential_5,150,50,rastrigin,3,1.095570,5.312143,5.971463,3.969685,0.898315
3,0.200000,3.304387,exponential_5,150,50,rastrigin,3,0.000731,2.577903,2.497082,2.643587,0.802800
3,0.370927,1.899487,exponential_5,150,50,rastrigin,3,0.001389,2.376722,2.987306,2.216652,0.792950
3,0.559922,1.313208,exponential_5,150,50,rastrigin,3,0.000107,3.299765,4.974793,1.931152,0.932035
3,0.559922,3.974133,exponential_5,150,50,rastrigin,3,0.000000,1.057146,1.492438,1.661161,0.840420
3,0.559922,2.747511,exponential_5,150,50,rastrigin,3,0.000000,0.811444,0.994962,2.049487,0.887280
3,0.370927,2.747511,exponential_5,150,50,rastrigin,3,0.000000,2.301125,2.984875,2.173434,0.828335
3,0.301904,6.913484,exponential_5,150,50,rastrigin,3,0.000000,0.994962,0.994959,0.958322,0.873165
3,0.455730,3.304387,exponential_5,150,50,rastrigin,3,0.994957,1.554806,1.989918,1.381462,0.980880
3,0.370927,0.360805,exponential_5,150,50,rastrigin,3,1.994678,5.135375,5.772032,3.776536,0.737830
3,0.301904,2.284483,exponential_5,150,50,rastrigin,3,0.995007,2.554208,2.489451,2.715063,0.954910
3,0.559922,8.314736,exponential_5,150,50,rastrigin,3,0.000000,0.559663,0.994957,1.293445,0.916405
3,0.687934,0.627664,exponential_5,150,50,rastrigin,3,0.995602,3.634467,4.500611,3.041436,0.751045
3,1.038450,1.313208,exponential_5,150,50,rastrigin,3,0.000000,1.567730,1.989916,2.551566,0.997335
3,0.687934,0.433935,exponential_5,150,50,rastrigin,3,1.010498,3.047307,4.097602,2.537104,0.961080
3,1.038450,1.899487,exponential_5,150,50,rastrigin,3,0.000000,0.932779,0.994961,1.719721,1.037005
3,8.139176,10.000000,exponential_3,150,50,rastrigin,3,0.022995,0.731330,1.027074,0.746027,0.858875
3,0.455730,0.300000,exponential_5,150,50,rastrigin,3,1.278339,5.247017,5.964113,3.460347,0.841730
3,0.370927,0.521886,exponential_5,150,50,rastrigin,3,0.882030,4.064459,5.099545,3.026769,0.760810
3,0.559922,0.754882,exponential_5,150,50,rastrigin,3,1.001322,3.534684,4.977259,3.038327,0.791865
3,0.301904,0.521886,exponential_5,150,50,rastrigin,3,0.155575,4.124489,5.024480,2.236143,0.728800
3,0.370927,1.579374,exponential_5,150,50,rastrigin,3,0.994976,3.902149,4.975348,2.744574,0.843435
3,0.687934,1.313208,exponential_5,150,50,rastrigin,3,0.994957,2.178163,2.488352,2.073399,0.909630
3,1.038450,5.748380,exponential_5,150,50,rastrigin,3,0.000000,0.248739,0.000000,0.915955,0.968420
3,0.559922,6.913484,exponential_5,150,50,rastrigin,3,0.000000,0.621848,0.994957,0.994958,0.835020
3,0.687934,2.747511,exponential_5,150,50,rastrigin,3,0.000000,1.120236,1.498897,1.672630,0.891750
3,0.687934,8.314736,exponential_5,150,50,rastrigin,3,0.000000,0.186554,0.000000,0.474565,0.863525
3,0.687934,5.748380,exponential_5,150,50,rastrigin,3,0.000000,0.310924,0.000000,0.588625,0.892555
3,0.687934,3.974133,exponential_5,150,50,rastrigin,3,0.000000,1.181515,1.492454,1.338579,0.944670
3,0.200000,0.521886,exponential_5,150,50,rastrigin,3,1.999987,5.912174,6.335750,3.687702,0.931155
3,0.845213,0.300000,exponential_5,150,50,rastrigin,3,0.000160,4.361644,5.000678,2.796130,0.870225
3,0.845213,0.627664,exponential_5,150,50,rastrigin,3,0.004162,2.892180,3.485571,2.644058,0.751645
3,0.845213,0.907884,exponential_5,150,50,rastrigin,3,0.994959,1.953629,1.998922,2.519037,0.787960
3,0.559922,4.779626,exponential_5,150,50,rastrigin,3,0.000000,0.559664,0.994957,1.428033,1.166970
3,0.845213,0.433935,exponential_5,150,50,rastrigin,3,0.995550,3.143103,3.042929,3.284095,0.997975
3,0.687934,0.360805,exponential_5,150,50,rastrigin,3,0.102409,3.837781,5.015058,3.240320,0.902070
3,1.275867,1.313208,exponential_5,150,50,rastrigin,3,0.000000,1.430306,1.989917,1.091058,0.751040
3,1.275867,1.899487,exponential_5,150,50,rastrigin,3,0.000000,1.305883,0.994960,1.679034,0.763905
3,0.845213,1.899487,exponential_5,150,50,rastrigin,3,0.000000,0.933490,0.994960,1.719961,0.715620
3,0.559922,0.300000,exponential_5,150,50,rastrigin,3,2.116978,6.449136,8.581982,3.502987,0.716595
3,0.845213,3.974133,exponential_5,150,50,rastrigin,3,0.000000,0.621849,0.994958,0.696471,0.751160
3,0.455730,1.579374,exponential_5,150,50,rastrigin,3,0.994963,2.251349,2.516795,2.386832,0.802055
3,0.845213,5.748380,exponential_5,150,50,rastrigin,3,0.000000,0.373109,0.497478,1.188756,0.791595
3,0.687934,1.091897,exponential_5,150,50,rastrigin,3,0.000023,2.241729,2.502057,3.217144,0.865340
3,0.845213,8.314736,exponential_5,150,50,rastrigin,3,0.000000,0.435294,0.994957,0.710542,0.841665
3,0.559922,0.907884,exponential_5,150,50,rastrigin,3,0.000738,3.481029,4.977151,3.591045,0.905650
3,1.038450,0.300000,exponential_5,150,50,rastrigin,3,0.042240,2.643831,2.777153,3.287628,0.871075
3,0.559922,1.899487,exponential_5,150,50,rastrigin,3,0.994961,2.186816,1.990631,1.852102,0.926350
3,0.455730,2.284483,exponential_5,150,50,rastrigin,3,0.000000,1.182249,0.997962,1.633048,0.907010
3,1.038450,0.627664,exponential_5,150,50,rastrigin,3,0.994965,2.684858,2.984892,1.887959,0.910030
3,1.038450,0.907884,exponential_5,150,50,rastrigin,3,0.000099,2.550029,2.984980,1.942063,0.890990
3,0.245725,3.974133,exponential_5,150,50,rastrigin,3,0.000000,2.070276,2.984877,2.543729,0.938570
3,0.301904,10.000000,exponential_5,150,50,rastrigin,3,0.000000,0.684034,0.994957,0.800620,0.800570
3,0.845213,1.091897,exponential_5,150,50,rastrigin,3,0.994961,2.618408,1.992758,2.252394,0.846505
3,1.038450,3.974133,exponential_5,150,50,rastrigin,3,0.000000,0.435294,0.994957,0.710543,0.736130
3,0.559922,0.521886,exponential_5,150,50,rastrigin,3,0.996410,4.534942,5.489373,3.460889,0.730830
3,0.455730,4.779626,exponential_5,150,50,rastrigin,3,0.000000,0.995019,0.994959,0.674796,0.843470
3,1.275867,1.579374,exponential_5,150,50,rastrigin,3,0.000000,1.119339,0.995034,1.307770,0.874295
3,0.559922,0.360805,exponential_5,150,50,rastrigin,3,1.175924,4.404216,5.107427,3.913049,0.735780
3,0.455730,6.913484,exponential_5,150,50,rastrigin,3,0.000000,1.057143,0.994959,0.619357,0.765805
3,1.038450,0.521886,exponential_5,150,50,rastrigin,3,0.052242,3.164638,3.981514,2.190984,0.759740
3,0.845213,6.913484,exponential_5,150,50,rastrigin,3,0.000000,0.559664,0.994957,0.938641,0.904635
3,1.038450,8.314736,exponential_5,150,50,rastrigin,3,0.000000,0.124370,0.000000,0.569391,0.872295
3,0.370927,2.284483,exponential_5,150,50,rastrigin,3,0.000340,2.248085,2.984952,2.199481,0.868160
3,0.559922,1.579374,exponential_5,150,50,rastrigin,3,0.002684,1.805044,1.989941,1.819617,0.853005
3,0.687934,1.899487,exponential_5,150,50,rastrigin,3,0.000002,0.939915,0.995072,1.192347,0.758975
3,0.370927,3.304387,exponential_5,150,50,rastrigin,3,0.000000,1.339016,1.492862,2.784197,0.861425
3,1.275867,0.627664,exponential_5,150,50,rastrigin,3,0.000576,2.678580,3.482356,2.637523,0.778885
3,0.559922,3.304387,exponential_5,150,50,rastrigin,3,0.000000,1.741177,1.989918,2.072759,0.919180
3,1.567562,2.747511,exponential_5,150,50,rastrigin,3,0.000000,0.746219,0.994958,1.202212,0.736370
3,1.275867,0.433935,exponential_5,150,50,rastrigin,3,0.000132,2.501416,3.482436,2.148714,0.859415
3,1.275867,0.300000,exponential_5,150,50,rastrigin,3,0.998178,4.143861,5.485172,4.298371,0.902260
3,0.687934,0.521886,exponential_5,150,50,rastrigin,3,1.033178,3.562017,4.531745,2.635000,0.774670
3,0.687934,0.754882,exponential_5,150,50,rastrigin,3,0.995157,3.132920,3.512114,2.704308,0.860675
3,1.567562,5.748380,exponential_5,150,50,rastrigin,3,0.000000,0.310924,0.000000,0.494985,0.820210
3,1.038450,2.284483,exponential_5,150,50,rastrigin,3,0.000000,1.119583,0.994960,1.065539,0.882150
3,1.567562,3.974133,exponential_5,150,50,rastrigin,3,0.000000,0.435295,0.994957,0.777086,1.067720
3,1.275867,2.747511,exponential_5,150,50,rastrigin,3,0.000000,0.684034,0.994958,0.832442,0.746180
3,0.455730,0.360805,exponential_5,150,50,rastrigin,3,0.153460,4.053324,5.002302,3.516282,0.803160
3,0.845213,1.313208,exponential_5,150,50,rastrigin,3,0.000000,2.251784,1.989921,2.525711,0.900760
3,1.275867,3.974133,exponential_5,150,50,rastrigin,3,0.000000,0.497480,0.994957,0.958212,0.757625
3,1.925946,0.433935,exponential_5,150,50,rastrigin,3,0.000217,2.301402,2.984880,2.489125,1.184235
3,1.038450,6.913484,exponential_5,150,50,rastrigin,3,0.000000,0.310925,0.000004,0.958212,0.873755
3,1.925946,2.747511,exponential_5,150,50,rastrigin,3,0.000000,0.684033,0.994957,0.889917,0.907595
3,0.687934,1.579374,exponential_5,150,50,rastrigin,3,0.000011,1.866266,1.990207,1.281915,0.926650
3,0.687934,3.304387,exponential_5,150,50,rastrigin,3,0.000000,0.808552,0.994959,2.208513,0.781510
3,0.687934,10.000000,exponential_5,150,50,rastrigin,3,0.000000,0.186554,0.000000,0.580155,0.793730
3,1.567562,0.300000,exponential_5,150,50,rastrigin,3,0.002235,2.510352,2.995475,2.650182,0.756760
3,0.845213,0.754882,exponential_5,150,50,rastrigin,3,0.995176,2.989039,3.981055,2.278144,0.752290
3,0.687934,6.913484,exponential_5,150,50,rastrigin,3,0.000000,0.497483,0.994957,0.922683,0.878485
3,1.275867,8.314736,exponential_5,150,50,rastrigin,3,0.000000,0.310924,0.000000,0.665582,0.948885
3,0.687934,4.779626,exponential_5,150,50,rastrigin,3,0.000000,0.808404,0.994959,1.222625,0.887780
3,0.845213,0.360805,exponential_5,150,50,rastrigin,3,0.995905,3.999731,5.306437,2.908573,0.854055
3,0.845213,0.521886,exponential_5,150,50,rastrigin,3,0.995108,3.880067,4.983863,3.517805,0.714165
3,1.275867,3.304387,exponential_5,150,50,rastrigin,3,0.000000,0.559664,0.994957,1.085371,0.710000
3,5.391897,0.360805,exponential_3,150,50,rastrigin,3,0.000000,0.932773,0.994959,0.999920,0.884990
3,1.038450,2.747511,exponential_5,150,50,rastrigin,3,0.000000,0.684034,0.994957,1.018313,0.809350
3,1.567562,0.433935,exponential_5,150,50,rastrigin,3,0.994965,3.858634,4.975070,3.064055,0.876865
3,1.275867,2.284483,exponential_5,150,50,rastrigin,3,0.000000,0.746220,0.994958,0.800616,0.849385
3,0.845213,2.284483,exponential_5,150,50,rastrigin,3,0.000000,0.995080,0.994993,1.512123,0.836855
3,1.567562,0.907884,exponential_5,150,50,rastrigin,3,0.000000,1.132841,0.996983,1.841327,0.719100
3,0.845213,4.779626,exponential_5,150,50,rastrigin,3,0.000000,0.497483,0.994957,0.990873,0.877050
3,2.366266,1.899487,exponential_5,150,50,rastrigin,3,0.000000,0.310924,0.000000,0.588625,0.698545
3,2.366266,0.907884,exponential_5,150,50,rastrigin,3,0.000000,0.621849,0.994957,0.943900,0.828135
3,0.845213,10.000000,exponential_5,150,50,rastrigin,3,0.000000,0.248739,0.000000,0.586519,0.705940
3,2.366266,1.313208,exponential_5,150,50,rastrigin,3,0.000000,0.684033,0.994957,0.736260,0.842425
3,2.366266,3.974133,exponential_5,150,50,rastrigin,3,0.000000,0.373109,0.497478,0.949129,0.714155
3,0.559922,1.091897,exponential_5,150,50,rastrigin,3,0.000050,2.966470,3.678986,2.492689,0.763840
3,2.907255,0.433935,exponential_5,150,50,rastrigin,3,0.000008,1.191084,0.996372,2.022400,0.692610
3,1.567562,1.899487,exponential_5,150,50,rastrigin,3,0.000000,0.621848,0.994957,0.915956,0.831780
3,2.907255,0.627664,exponential_5,150,50,rastrigin,3,0.000000,1.243702,1.492454,2.186073,0.766420
3,2.907255,0.300000,exponential_5,150,50,rastrigin,3,0.000172,2.866935,3.002163,2.257544,0.854045
3,1.038450,3.304387,exponential_5,150,50,rastrigin,3,0.000000,0.870588,0.994957,0.788155,0.700830
3,2.366266,5.748380,exponential_5,150,50,rastrigin,3,0.000000,0.186554,0.000000,0.580155,0.942100
3,2.366266,8.314736,exponential_5,150,50,rastrigin,3,0.000000,0.062185,0.000000,0.553969,0.913770
3,2.907255,0.907884,exponential_5,150,50,rastrigin,3,0.000000,0.932779,0.994959,1.102338,0.819090
3,1.567562,0.521886,exponential_5,150,50,rastrigin,3,0.994963,2.181214,1.990048,1.612849,0.853585
3,0.455730,8.314736,exponential_5,150,50,rastrigin,3,0.000000,0.994957,0.994957,0.674814,0.692110
3,2.907255,1.313208,exponential_5,150,50,rastrigin,3,0.000000,0.870589,0.994959,1.171983,0.859180
3,1.925946,0.300000,exponential_5,150,50,rastrigin,3,0.001442,2.508502,2.995117,1.655996,0.857275
3,1.925946,1.313208,exponential_5,150,50,rastrigin,3,0.000000,1.305886,1.492460,1.403559,0.803850
3,1.925946,0.627664,exponential_5,150,50,rastrigin,3,0.994957,2.985293,3.979892,2.204315,0.848035
3,1.925946,0.907884,exponential_5,150,50,rastrigin,3,0.000000,1.057145,1.492448,1.388494,0.850000
3,1.925946,1.899487,exponential_5,150,50,rastrigin,3,0.000000,0.621849,0.994958,0.696471,0.865910
3,1.038450,10.000000,exponential_5,150,50,rastrigin,3,0.000000,0.186555,0.000000,0.665581,0.911835
3,0.687934,2.284483,exponential_5,150,50,rastrigin,3,0.000000,1.369334,1.989917,1.116139,0.869275
3,1.275867,0.754882,exponential_5,150,50,rastrigin,3,0.000000,1.872717,1.989937,2.853537,0.801880
3,2.366266,4.779626,exponential_5,150,50,rastrigin,3,0.000000,0.248739,0.000000,0.586519,0.969800
3,1.567562,3.304387,exponential_5,150,50,rastrigin,3,0.000000,0.248739,0.000000,0.586519,0.767805
3,2.907255,0.521886,exponential_5,150,50,rastrigin,3,0.000000,1.368640,1.989918,1.601240,0.906505
3,1.275867,0.521886,exponential_5,150,50,rastrigin,3,0.994961,3.313289,4.089354,2.445096,0.806515
3,1.925946,5.748380,exponential_5,150,50,rastrigin,3,0.000000,0.062185,0.000000,0.553969,0.893200
3,1.925946,8.314736,exponential_5,150,50,rastrigin,3,0.000000,0.373109,0.497478,0.659980,0.825285
3,1.567562,6.913484,exponential_5,150,50,rastrigin,3,0.000000,0.186556,0.000000,0.474563,0.837600
3,1.275867,0.360805,exponential_5,150,50,rastrigin,3,0.996567,3.596082,4.975346,2.043329,0.934875
3,2.907255,1.091897,exponential_5,150,50,rastrigin,3,0.000000,0.435294,0.994957,0.867385,0.870445
3,2.366266,0.433935,exponential_5,150,50,rastrigin,3,0.000019,2.114866,2.491243,1.622725,0.836200
3,1.567562,4.779626,exponential_5,150,50,rastrigin,3,0.000000,0.435294,0.994957,0.580155,0.845155
3,1.925946,0.521886,exponential_5,150,50,rastrigin,3,0.000023,2.737814,2.987930,2.462412,0.694895
3,1.275867,4.779626,exponential_5,150,50,rastrigin,3,0.000000,0.310925,0.000002,0.731142,0.722605
3,1.925946,0.360805,exponential_5,150,50,rastrigin,3,0.000069,1.869763,1.989957,2.238753,0.995415
3,0.845213,1.579374,exponential_5,150,50,rastrigin,3,0.000000,1.247058,1.989917,1.537250,0.849025
3,2.366266,0.627664,exponential_5,150,50,rastrigin,3,0.000000,2.242126,2.502751,2.384130,0.871530
3,1.567562,0.360805,exponential_5,150,50,rastrigin,3,1.000898,3.262069,4.485372,2.552261,0.702415
3,3.571927,0.627664,exponential_5,150,50,rastrigin,3,0.000000,1.119542,0.994959,1.925913,0.942190
3,1.567562,1.313208,exponential_5,150,50,rastrigin,3,0.000000,0.934340,0.996002,1.188401,0.846260
3,3.571927,0.907884,exponential_5,150,50,rastrigin,3,0.000000,0.808408,0.994959,0.544961,0.907680
3,1.275867,10.000000,exponential_5,150,50,rastrigin,3,0.000000,0.248739,0.000000,0.667438,0.712310
3,1.925946,10.000000,exponential_5,150,50,rastrigin,3,0.000000,0.124370,0.000000,0.569391,0.758845
3,1.038450,0.360805,exponential_5,150,50,rastrigin,3,0.995090,4.031217,5.060192,3.400468,0.859500
3,3.571927,2.747511,exponential_5,150,50,rastrigin,3,0.000000,0.248742,0.000002,0.586518,0.925820
3,3.571927,1.899487,exponential_5,150,50,rastrigin,3,0.000000,0.559663,0.994957,0.619356,0.971340
3,1.925946,6.913484,exponential_5,150,50,rastrigin,3,0.000000,0.248739,0.000000,0.586520,0.904210
3,0.559922,10.000000,exponential_5,150,50,rastrigin,3,0.000000,0.497479,0.994957,0.744558,0.714290
3,3.571927,8.314736,exponential_5,150,50,rastrigin,3,0.000000,0.373109,0.497478,0.586519,0.876125
3,1.038450,4.779626,exponential_5,150,50,rastrigin,3,0.000000,0.310924,0.000000,0.788155,0.696330
3,4.388561,0.907884,exponential_5,150,50,rastrigin,3,0.000000,0.559664,0.994958,1.237713,0.686180
3,4.388561,0.433935,exponential_5,150,50,rastrigin,3,0.994957,1.493813,1.989918,2.176375,0.905835
3,4.388561,1.313208,exponential_5,150,50,rastrigin,3,0.000000,0.684034,0.994959,0.889918,0.747600
3,1.275867,0.907884,exponential_5,150,50,rastrigin,3,0.000002,1.811218,1.990108,1.819084,0.853805
3,2.907255,1.899487,exponential_5,150,50,rastrigin,3,0.000000,0.435294,0.994957,0.937322,0.815690
3,2.907255,3.974133,exponential_5,150,50,rastrigin,3,0.000000,0.248740,0.000000,0.586519,0.708485
3,1.567562,1.091897,exponential_5,150,50,rastrigin,3,0.000015,1.063089,0.994998,1.882980,0.867950
3,1.567562,1.579374,exponential_5,150,50,rastrigin,3,0.000000,0.684034,0.994957,1.649200,0.733760
3,4.388561,5.748380,exponential_5,150,50,rastrigin,3,0.000000,0.248739,0.000000,0.487428,0.735780
3,2.366266,2.284483,exponential_5,150,50,rastrigin,3,0.000000,0.435294,0.994957,0.650538,0.845880
3,2.907255,2.747511,exponential_5,150,50,rastrigin,3,0.000000,0.684033,0.994957,0.736202,0.903460
3,2.907255,5.748380,exponential_5,150,50,rastrigin,3,0.000000,0.248742,0.000000,0.586517,0.876795
3,1.925946,3.974133,exponential_5,150,50,rastrigin,3,0.000000,0.310924,0.000000,0.588625,0.853540
3,1.275867,5.748380,exponential_5,150,50,rastrigin,3,0.000000,0.435294,0.994957,0.580155,0.910060
3,1.567562,2.284483,exponential_5,150,50,rastrigin,3,0.000000,0.497479,0.994957,0.694692,0.845930
3,2.907255,0.754882,exponential_5,150,50,rastrigin,3,0.000000,0.870589,0.994957,1.352374,0.836500
3,2.907255,8.314736,exponential_5,150,50,rastrigin,3,0.000000,0.310924,0.000000,0.588625,0.782180
3,0.455730,10.000000,exponential_5,150,50,rastrigin,3,0.000000,0.435294,0.994957,0.650539,0.685770
3,2.907255,0.360805,exponential_5,150,50,rastrigin,3,0.000038,2.612777,2.985663,1.731707,0.911585
3,2.366266,6.913484,exponential_5,150,50,rastrigin,3,0.000000,0.559663,0.994957,0.474565,0.887400
3,2.366266,10.000000,exponential_5,150,50,rastrigin,3,0.000000,0.000000,0.000000,0.507331,0.808490
3,4.388561,0.521886,exponential_5,150,50,rastrigin,3,0.000000,0.808403,0.994957,1.024372,0.862875
3,4.388561,1.579374,exponential_5,150,50,rastrigin,3,0.000000,0.373109,0.497478,0.659981,0.917810
3,1.925946,1.579374,exponential_5,150,50,rastrigin,3,0.000000,0.746219,0.994958,1.188777,0.689880
3,1.567562,0.627664,exponential_5,150,50,rastrigin,3,0.000183,1.689923,1.989934,1.645211,0.728655
3,2.907255,2.284483,exponential_5,150,50,rastrigin,3,0.000000,0.497479,0.994957,0.637084,0.822250
3,1.925946,1.091897,exponential_5,150,50,rastrigin,3,0.000000,0.808473,0.994959,1.269275,0.698270
3,5.391897,1.899487,exponential_5,150,50,rastrigin,3,0.000000,0.186555,0.000000,0.802161,0.910390
3,3.571927,1.313208,exponential_5,150,50,rastrigin,3,0.000000,0.559663,0.994957,0.905083,0.689385
3,3.571927,0.433935,exponential_5,150,50,rastrigin,3,0.994959,1.741186,1.989920,1.309808,0.873130
3,1.925946,2.284483,exponential_5,150,50,rastrigin,3,0.000000,0.559664,0.994957,0.722630,0.870470
3,1.925946,3.304387,exponential_5,150,50,rastrigin,3,0.000000,0.310924,0.000001,0.665582,0.872550
3,0.455730,0.433935,exponential_5,150,50,rastrigin,3,1.016838,4.551183,5.837430,2.982847,0.812245
3,0.845213,3.304387,exponential_5,150,50,rastrigin,3,0.000000,0.932773,0.994959,0.722630,0.843250
3,3.571927,3.974133,exponential_5,150,50,rastrigin,3,0.000000,0.186554,0.000000,0.474565,0.813440
3,2.366266,2.747511,exponential_5,150,50,rastrigin,3,0.000000,0.435294,0.994957,0.580155,0.848430
3,1.038450,1.091897,exponential_5,150,50,rastrigin,3,0.000000,1.494156,1.989918,2.059346,0.716890
3,3.571927,5.748380,exponential_5,150,50,rastrigin,3,0.000000,0.373109,0.497478,0.586519,0.920255
3,0.559922,2.284483,exponential_5,150,50,rastrigin,3,0.000000,1.555524,1.499407,1.865780,0.844515
3,0.245725,4.779626,exponential_5,150,50,rastrigin,3,0.000000,1.803446,1.989916,2.309347,0.701110
3,1.038450,0.754882,exponential_5,150,50,rastrigin,3,0.000000,2.616250,2.502709,2.636715,0.859990
3,6.624620,1.899487,exponential_5,150,50,rastrigin,3,0.000000,0.310924,0.000000,0.588625,0.705795
3,4.388561,0.300000,exponential_5,150,50,rastrigin,3,0.000008,1.305887,1.492440,1.541390,0.849550
3,1.567562,0.754882,exponential_5,150,50,rastrigin,3,0.004234,1.245326,1.492545,0.857942,0.708515
3,1.038450,1.579374,exponential_5,150,50,rastrigin,3,0.000000,1.305887,1.989917,1.418160,0.930045
3,4.388561,3.974133,exponential_5,150,50,rastrigin,3,0.000000,0.621848,0.994957,0.722630,0.754300
3,3.571927,1.579374,exponential_5,150,50,rastrigin,3,0.000000,0.497478,0.994957,0.569391,0.813230
3,5.391897,2.284483,exponential_5,150,50,rastrigin,3,0.000000,0.435294,0.994957,0.710542,0.892955
3,3.571927,1.091897,exponential_5,150,50,rastrigin,3,0.000000,0.559664,0.994957,1.294113,0.678030
3,1.567562,8.314736,exponential_5,150,50,rastrigin,3,0.000000,0.310924,0.000000,0.494985,1.043320
3,3.571927,0.521886,exponential_5,150,50,rastrigin,3,0.000000,1.119328,1.492436,1.349630,0.862205
3,3.571927,4.779626,exponential_5,150,50,rastrigin,3,0.000000,0.000000,0.000000,0.397983,0.723210
3,3.571927,0.754882,exponential_5,150,50,rastrigin,3,0.000000,1.057272,0.994959,1.125069,0.860985
3,3.571927,3.304387,exponential_5,150,50,rastrigin,3,0.000000,0.186555,0.000000,0.580155,0.737590
3,0.455730,0.521886,exponential_5,150,50,rastrigin,3,1.196724,5.815607,6.224424,2.963276,0.948165
3,8.139176,0.907884,exponential_5,150,50,rastrigin,3,0.000000,0.621848,0.994957,0.533487,0.723250
3,2.366266,3.304387,exponential_5,150,50,rastrigin,3,0.000000,0.373109,0.497478,0.586519,0.808770
3,5.391897,0.300000,exponential_5,150,50,rastrigin,3,0.000000,1.368421,1.494794,1.269118,0.846630
3,8.139176,0.627664,exponential_5,150,50,rastrigin,3,0.000000,0.497549,0.994957,0.694631,0.848370
3,5.391897,0.627664,exponential_5,150,50,rastrigin,3,0.000000,0.559757,0.994957,0.915959,0.821525
3,4.388561,0.360805,exponential_5,150,50,rastrigin,3,0.000000,1.057146,0.994967,1.804782,0.843770
3,8.139176,1.899487,exponential_5,150,50,rastrigin,3,0.000000,0.124370,0.000000,0.569391,0.979070
3,6.624620,2.284483,exponential_5,150,50,rastrigin,3,0.000000,0.000000,0.000000,0.397983,1.016155
3,2.366266,0.300000,exponential_5,150,50,rastrigin,3,0.994961,3.173669,4.975113,2.557395,0.763685
3,2.907255,4.779626,exponential_5,150,50,rastrigin,3,0.000000,0.124370,0.000000,0.569391,0.719620
3,8.139176,2.747511,exponential_5,150,50,rastrigin,3,0.000000,0.186555,0.000000,0.474565,0.906660
3,4.388561,6.913484,exponential_5,150,50,rastrigin,3,0.000000,0.373109,0.497478,0.586519,0.747475
3,3.571927,0.300000,exponential_5,150,50,rastrigin,3,0.000000,1.812963,1.989917,2.886841,0.868660
3,5.391897,1.313208,exponential_5,150,50,rastrigin,3,0.000000,0.248739,0.000000,0.736202,0.847260
3,2.907255,1.579374,exponential_5,150,50,rastrigin,3,0.000000,0.684033,0.994957,0.665581,0.873250
3,10.000000,0.907884,exponential_5,150,50,rastrigin,3,0.000000,0.248739,0.000000,0.667438,0.708835
3,1.925946,0.754882,exponential_5,150,50,rastrigin,3,0.000002,1.243710,1.492455,1.102335,0.910070
3,10.000000,0.627664,exponential_5,150,50,rastrigin,3,0.000000,0.435294,0.994957,0.494985,0.852845
3,5.391897,5.748380,exponential_5,150,50,rastrigin,3,0.000000,0.248739,0.000000,0.586519,0.739430
3,1.925946,4.779626,exponential_5,150,50,rastrigin,3,0.000000,0.248739,0.000000,0.586520,0.867185
3,2.907255,6.913484,exponential_5,150,50,rastrigin,3,0.000000,0.124370,0.000000,0.569390,0.895210
3,5.391897,8.314736,exponential_5,150,50,rastrigin,3,0.000000,0.248739,0.000000,0.667438,0.757240
3,2.907255,10.000000,exponential_5,150,50,rastrigin,3,0.000000,0.186574,0.000000,0.474553,0.834645
3,5.391897,3.974133,exponential_5,150,50,rastrigin,3,0.000000,0.248739,0.000000,0.487428,0.956840
3,10.000000,1.899487,exponential_5,150,50,rastrigin,3,0.000000,0.186554,0.000000,0.580155,1.082680
3,6.624620,0.907884,exponential_5,150,50,rastrigin,3,0.000000,0.497484,0.994957,0.762640,0.697970
3,6.624620,0.433935,exponential_5,150,50,rastrigin,3,0.000000,0.684036,0.994957,0.665579,0.833415
3,6.624620,0.300000,exponential_5,150,50,rastrigin,3,0.000000,0.879210,0.994961,1.670953,0.901010
3,6.624620,0.627664,exponential_5,150,50,rastrigin,3,0.000000,0.621849,0.994957,0.650539,0.851170
3,6.624620,1.313208,exponential_5,150,50,rastrigin,3,0.000000,0.186555,0.000000,0.580155,0.738740
3,10.000000,8.314736,exponential_5,150,50,rastrigin,3,0.000000,0.435294,0.994957,0.494985,0.851305
3,2.366266,0.521886,exponential_5,150,50,rastrigin,3,0.000000,1.990094,1.989981,2.506613,0.851775
3,5.391897,1.579374,exponential_5,150,50,rastrigin,3,0.000000,0.310924,0.000000,0.588625,0.904045
3,6.624620,2.747511,exponential_5,150,50,rastrigin,3,0.000000,0.062185,0.000000,0.430829,0.922455
3,2.366266,0.754882,exponential_5,150,50,rastrigin,3,0.000000,1.119506,0.995050,1.274180,0.781325
3,10.000000,0.754882,exponential_5,150,50,rastrigin,3,0.000000,0.497479,0.994957,0.694692,0.840645
3,10.000000,1.091897,exponential_5,150,50,rastrigin,3,0.000000,0.186554,0.000000,0.580155,0.943970
3,6.624620,5.748380,exponential_5,150,50,rastrigin,3,0.000000,0.373109,0.497478,0.722631,0.885775
3,4.388561,8.314736,exponential_5,150,50,rastrigin,3,0.000000,0.186555,0.000000,0.580155,0.752095
3,8.139176,0.300000,exponential_5,150,50,rastrigin,3,0.000000,1.057144,0.994960,1.014662,0.840030
3,2.366266,1.091897,exponential_5,150,50,rastrigin,3,0.000000,0.808421,0.994959,1.222610,0.906400
3,6.624620,8.314736,exponential_5,150,50,rastrigin,3,0.000000,0.062214,0.000000,0.553957,0.923930
3,8.139176,0.433935,exponential_5,150,50,rastrigin,3,0.000000,0.746220,0.994957,0.989971,0.684345
3,2.366266,1.579374,exponential_5,150,50,rastrigin,3,0.000000,0.932773,0.994957,0.882937,0.918140
3,3.571927,6.913484,exponential_5,150,50,rastrigin,3,0.000000,0.373109,0.497478,0.659980,0.818215
3,3.571927,2.284483,exponential_5,150,50,rastrigin,3,0.000000,0.435294,0.994957,0.580155,0.825255
3,5.391897,0.433935,exponential_5,150,50,rastrigin,3,0.000000,0.747593,0.994957,1.821450,0.840575
3,5.391897,0.907884,exponential_5,150,50,rastrigin,3,0.000000,0.497479,0.994957,0.744558,0.682755
3,6.624620,0.360805,exponential_5,150,50,rastrigin,3,0.000000,1.368077,1.989916,1.188751,0.906075
3,4.388561,1.091897,exponential_5,150,50,rastrigin,3,0.000000,0.559664,0.994957,0.674814,0.738370
3,3.571927,10.000000,exponential_5,150,50,rastrigin,3,0.000000,0.373109,0.497478,0.497479,0.920015
3,8.139176,3.974133,exponential_5,150,50,rastrigin,3,0.000000,0.062185,0.000000,0.722630,0.728455
3,1.275867,1.091897,exponential_5,150,50,rastrigin,3,0.000000,1.623057,1.989918,1.730371,0.889305
3,4.388561,4.779626,exponential_5,150,50,rastrigin,3,0.000000,0.373109,0.497478,0.586519,0.897590
3,6.624620,6.913484,exponential_5,150,50,rastrigin,3,0.000000,0.559663,0.994957,0.619356,0.778660
3,8.139176,5.748380,exponential_5,150,50,rastrigin,3,0.000000,0.373109,0.497478,0.497479,0.908725
3,2.907255,3.304387,exponential_5,150,50,rastrigin,3,0.000000,0.373109,0.497478,0.659980,0.732400
3,8.139176,8.314736,exponential_5,150,50,rastrigin,3,0.000000,0.186554,0.000000,1.014662,0.916850
3,8.139176,1.091897,exponential_5,150,50,rastrigin,3,0.000000,0.559663,0.994957,0.474565,0.768475
3,10.000000,0.300000,exponential_5,150,50,rastrigin,3,0.000000,0.994958,0.994959,1.056484,0.881300
3,5.391897,2.747511,exponential_5,150,50,rastrigin,3,0.000000,0.310924,0.000002,0.494985,0.860205
3,10.000000,1.313208,exponential_5,150,50,rastrigin,3,0.000000,0.248739,0.000000,0.737881,0.871475
3,1.275867,6.913484,exponential_5,150,50,rastrigin,3,0.000000,0.248739,0.000000,0.586519,0.792515
3,5.391897,0.360805,exponential_5,150,50,rastrigin,3,0.000000,0.994959,0.994959,1.154966,0.839915
3,8.139176,0.360805,exponential_5,150,50,rastrigin,3,0.000000,0.684034,0.994959,1.229684,1.073905
3,8.139176,2.284483,exponential_5,150,50,rastrigin,3,0.000000,0.000001,0.000000,0.397983,0.777895
3,8.139176,0.754882,exponential_5,150,50,rastrigin,3,0.000000,0.497479,0.994957,0.882937,0.925815
3,10.000000,2.747511,exponential_5,150,50,rastrigin,3,0.000000,0.000000,0.000000,0.355271,0.915305
3,5.391897,0.754882,exponential_5,150,50,rastrigin,3,0.000000,0.684033,0.994957,0.569391,0.945325
3,10.000000,3.974133,exponential_5,150,50,rastrigin,3,0.000000,0.310924,0.000000,0.494985,0.867185
3,10.000000,5.748380,exponential_5,150,50,rastrigin,3,0.000000,0.435294,0.994957,0.494985,0.766800
3,2.366266,0.360805,exponential_5,150,50,rastrigin,3,0.994976,2.118310,1.994786,1.060886,0.868610
3,4.388561,0.627664,exponential_5,150,50,rastrigin,3,0.000000,0.870589,0.994959,1.138782,0.741850
3,5.391897,6.913484,exponential_5,150,50,rastrigin,3,0.000000,0.124370,0.000000,0.455947,0.753305
3,4.388561,1.899487,exponential_5,150,50,rastrigin,3,0.000000,0.124370,0.000000,0.455947,0.792590
3,5.391897,10.000000,exponential_5,150,50,rastrigin,3,0.000000,0.310925,0.000000,0.731142,0.768910
3,4.388561,2.747511,exponential_5,150,50,rastrigin,3,0.000000,0.248739,0.000000,0.487428,0.884885
3,8.139176,3.304387,exponential_5,150,50,rastrigin,3,0.000000,0.435296,0.994957,0.580153,0.931070
3,6.624620,3.974133,exponential_5,150,50,rastrigin,3,0.000000,0.186555,0.000000,0.580154,0.905435
3,8.139176,6.913484,exponential_5,150,50,rastrigin,3,0.000000,0.062185,0.000000,0.650538,0.986475
3,10.000000,0.360805,exponential_5,150,50,rastrigin,3,0.000000,0.621849,0.994959,1.214501,0.904970
3,6.624620,1.091897,exponential_5,150,50,rastrigin,3,0.000000,0.373109,0.497478,0.659981,0.718810
3,6.624620,0.521886,exponential_5,150,50,rastrigin,3,0.000000,0.621848,0.994957,0.915967,0.764460
3,10.000000,1.579374,exponential_5,150,50,rastrigin,3,0.000000,0.435294,0.994957,0.710542,0.890765
3,8.139176,1.313208,exponential_5,150,50,rastrigin,3,0.000000,0.497479,0.994957,0.694692,0.913575
3,6.624620,3.304387,exponential_5,150,50,rastrigin,3,0.000000,0.373109,0.497478,0.586519,0.834175
3,4.388561,0.754882,exponential_5,150,50,rastrigin,3,0.000000,0.870589,0.994958,0.974856,0.699235
3,8.139176,0.521886,exponential_5,150,50,rastrigin,3,0.000000,0.373109,0.497479,0.497479,0.675400
3,6.624620,0.754882,exponential_5,150,50,rastrigin,3,0.000000,0.435294,0.994957,0.710542,0.977125
3,1.567562,10.000000,exponential_5,150,50,rastrigin,3,0.000000,0.435294,0.994957,0.580155,0.885870
3,6.624620,1.579374,exponential_5,150,50,rastrigin,3,0.000000,0.435294,0.994957,0.494985,0.972250
3,10.000000,10.000000,exponential_5,150,50,rastrigin,3,0.000000,0.186554,0.000000,0.736202,0.940820
3,5.391897,1.091897,exponential_5,150,50,rastrigin,3,0.000000,0.373110,0.497488,0.777086,0.695175
3,10.000000,0.433935,exponential_5,150,50,rastrigin,3,0.000000,0.559722,0.994957,0.674758,0.871360
3,4.388561,10.000000,exponential_5,150,50,rastrigin,3,0.000000,0.373109,0.497478,0.659981,0.998020
3,6.624620,4.779626,exponential_5,150,50,rastrigin,3,0.000000,0.310924,0.000000,0.588625,0.829175
3,5.391897,0.521886,exponential_5,150,50,rastrigin,3,0.000000,1.305882,1.492437,0.958212,0.905355
3,5.391897,3.304387,exponential_5,150,50,rastrigin,3,0.000000,0.248739,0.000000,0.487428,0.761835
3,3.571927,0.360805,exponential_5,150,50,rastrigin,3,0.000015,1.559298,1.989919,1.778109,0.930505
3,8.139176,10.000000,exponential_5,150,50,rastrigin,3,0.000000,0.186554,0.000000,0.580155,0.949395
3,5.391897,4.779626,exponential_5,150,50,rastrigin,3,0.000000,0.435294,0.994957,0.494985,0.888825
3,10.000000,2.284483,exponential_5,150,50,rastrigin,3,0.000000,0.310924,0.000000,0.494985,0.898995
3,10.000000,3.304387,exponential_5,150,50,rastrigin,3,0.000000,0.435295,0.994957,0.650537,0.855250
3,8.139176,1.579374,exponential_5,150,50,rastrigin,3,0.000000,0.310924,0.000000,0.494985,0.794865
3,10.000000,6.913484,exponential_5,150,50,rastrigin,3,0.000000,0.248739,0.000000,0.586519,0.819850
3,4.388561,2.284483,exponential_5,150,50,rastrigin,3,0.000000,0.000000,0.000000,0.533487,0.865775
3,8.139176,4.779626,exponential_5,150,50,rastrigin,3,0.000000,0.497478,0.994957,0.637084,0.762990
3,6.624620,10.000000,exponential_5,150,50,rastrigin,3,0.000000,0.435294,0.994957,0.650538,0.889580
3,10.000000,0.521886,exponential_5,150,50,rastrigin,3,0.000000,0.497479,0.994957,0.958212,0.712105
3,10.000000,4.779626,exponential_5,150,50,rastrigin,3,0.000000,0.062185,0.000000,0.430829,0.786790
3,4.388561,3.304387,exponential_5,150,50,rastrigin,3,0.000000,0.310924,0.000000,0.731142,0.816645
3,0.301904,1.313208,linear,450,150,rastrigin,6,7.175274,13.901354,14.652409,6.435668,13.920640
3,0.301904,2.284483,linear,450,150,rastrigin,6,4.992861,9.790729,11.121392,5.338960,14.265210
3,0.200000,0.300000,linear,450,150,rastrigin,6,12.998932,21.997824,25.082228,5.983725,14.734305
3,0.200000,2.747511,linear,450,150,rastrigin,6,4.295870,10.941243,12.218883,6.210175,14.834020
3,0.301904,3.974133,linear,450,150,rastrigin,6,1.990093,6.282922,7.965675,4.651545,14.949795
3,0.200000,0.521886,linear,450,150,rastrigin,6,8.508263,18.229374,18.503265,7.483373,15.094595
3,0.245725,1.899487,linear,450,150,rastrigin,6,3.249208,13.354298,16.911400,5.732906,15.980110
3,0.200000,1.579374,linear,450,150,rastrigin,6,7.916126,15.260083,16.004431,5.500005,16.282055
3,0.245725,0.627664,linear,450,150,rastrigin,6,11.717453,18.927042,20.648798,6.716672,16.476955
3,0.301904,6.913484,linear,450,150,rastrigin,6,0.994957,3.917649,4.974790,3.411990,16.342360
3,0.245725,10.000000,linear,450,150,rastrigin,6,0.994957,2.611764,2.984873,2.257918,17.835165
3,0.245725,0.360805,linear,450,150,rastrigin,6,9.184877,20.679792,23.545666,7.994473,18.098695
3,0.687934,0.521886,linear,450,150,rastrigin,6,5.715649,12.960024,14.920963,6.655068,18.189285
3,0.301904,0.754882,linear,450,150,rastrigin,6,10.093861,16.974016,17.538054,7.311111,18.643665
3,0.245725,5.748380,linear,450,150,rastrigin,6,1.989914,4.234832,4.523147,2.341480,18.727910
3,0.245725,3.304387,linear,450,150,rastrigin,6,2.989983,9.096225,8.498920,5.923954,18.746650
3,0.301904,0.433935,linear,450,150,rastrigin,6,13.248707,19.688469,20.480286,7.221624,18.730910
3,0.200000,4.779626,linear,450,150,rastrigin,6,3.001604,7.605202,8.468780,6.037069,19.037655
3,0.200000,8.314736,linear,450,150,rastrigin,6,1.989918,5.598158,6.467240,3.546431,20.373535
3,0.245725,1.091897,linear,450,150,rastrigin,6,8.621706,13.864186,14.096485,7.352969,20.432050
3,0.370927,0.300000,linear,450,150,rastrigin,6,9.598316,20.819632,23.271866,6.498822,20.390595
3,0.370927,0.521886,linear,450,150,rastrigin,6,10.602125,20.081221,21.284107,9.443257,18.772800
3,0.370927,2.747511,linear,450,150,rastrigin,6,2.984894,7.931140,9.950886,5.601734,14.343780
3,0.370927,1.579374,linear,450,150,rastrigin,6,3.107281,10.622876,12.833718,6.834686,17.963015
3,0.370927,0.907884,linear,450,150,rastrigin,6,1.238689,14.489595,17.445145,5.914897,20.917470
3,0.455730,10.000000,linear,450,150,rastrigin,6,0.000000,0.248739,0.000000,0.586519,12.599590
3,0.370927,8.314736,linear,450,150,rastrigin,6,0.000000,1.678990,1.989914,1.581795,13.431630
3,0.455730,5.748380,linear,450,150,rastrigin,6,0.000000,2.300839,2.984871,1.847382,13.571965
3,0.559922,0.754882,linear,450,150,rastrigin,6,5.444435,12.015491,15.120338,5.920204,12.956905
3,0.559922,2.284483,linear,450,150,rastrigin,6,1.993286,6.966990,7.960740,3.393799,12.894270
3,0.200000,0.907884,linear,450,150,rastrigin,6,8.912828,16.225653,18.665379,6.499633,14.542580
3,0.687934,2.747511,linear,450,150,rastrigin,6,0.994957,4.477311,5.969747,3.040728,12.753165
3,0.559922,0.433935,linear,450,150,rastrigin,6,4.215149,13.837440,16.368729,6.905304,19.846775
3,0.687934,8.314736,linear,450,150,rastrigin,6,0.000000,0.000000,0.000000,0.355271,15.792795
3,0.455730,1.899487,linear,450,150,rastrigin,6,1.202267,7.700547,9.169570,5.781289,23.755025
3,0.845213,0.360805,linear,450,150,rastrigin,6,5.123074,12.576986,12.562514,7.762881,14.905810
3,0.455730,0.360805,linear,450,150,rastrigin,6,8.928513,17.450790,18.374352,7.761007,24.650040
3,0.455730,0.627664,linear,450,150,rastrigin,6,9.559782,16.480574,17.867311,6.137338,25.299485
3,0.845213,5.748380,linear,450,150,rastrigin,6,0.000000,0.186554,0.000000,0.474564,12.115725
3,1.038450,2.284483,linear,450,150,rastrigin,6,0.000000,3.544537,3.979832,3.869792,14.556135
3,0.301904,1.579374,linear,450,150,rastrigin,6,5.046223,11.151549,12.782200,5.015093,13.305290
3,0.370927,4.779626,linear,450,150,rastrigin,6,1.989914,4.042018,4.477311,3.538386,29.760750
3,0.687934,0.907884,linear,450,150,rastrigin,6,3.022816,11.403653,14.483795,5.458015,23.559770
3,0.687934,4.779626,linear,450,150,rastrigin,6,0.000000,1.430251,1.989914,1.130054,23.126700
3,0.559922,2.747511,linear,450,150,rastrigin,6,1.989918,5.658843,5.969763,4.970842,16.614100
3,0.301904,2.747511,linear,450,150,rastrigin,6,3.080719,10.546733,11.466703,5.386204,13.366155
3,0.455730,3.304387,linear,450,150,rastrigin,6,0.994959,5.223806,5.969752,5.098662,31.497100
3,0.687934,1.579374,linear,450,150,rastrigin,6,1.989952,6.948905,8.480692,4.870175,25.571010
3,0.200000,0.360805,linear,450,150,rastrigin,6,12.369917,21.019991,21.431038,6.822414,13.554940
3,0.559922,1.313208,linear,450,150,rastrigin,6,3.044947,9.607535,12.446228,5.796867,31.068400
3,0.687934,0.300000,linear,450,150,rastrigin,6,9.511364,20.566490,21.436304,6.184170,30.466660
3,0.845213,0.627664,linear,450,150,rastrigin,6,5.974409,12.608892,14.317637,4.923610,23.487205
3,0.301904,4.779626,linear,450,150,rastrigin,6,1.990074,6.530591,7.959694,5.187740,13.383250
3,0.455730,1.091897,linear,450,150,rastrigin,6,3.240549,9.970802,11.211730,6.204385,35.795320
3,0.559922,3.974133,linear,450,150,rastrigin,6,0.994957,4.601680,5.472265,1.673038,33.515360
3,0.200000,1.899487,linear,450,150,rastrigin,6,4.206493,13.403629,14.929646,6.487685,12.683370
3,0.559922,6.913484,linear,450,150,rastrigin,6,0.000000,0.932772,0.994957,0.867383,32.958070
3,0.245725,0.754882,linear,450,150,rastrigin,6,10.794130,17.436722,18.435570,5.410182,12.728370
3,1.038450,0.754882,linear,450,150,rastrigin,6,3.490677,9.423862,10.996216,6.789159,24.443220
3,0.845213,3.304387,linear,450,150,rastrigin,6,0.000000,2.238655,2.984872,2.098273,25.215030
3,0.301904,8.314736,linear,450,150,rastrigin,6,0.000000,2.052100,2.984871,1.277078,13.642190
3,0.845213,1.899487,linear,450,150,rastrigin,6,1.989916,4.789264,4.974814,4.319111,26.839900
3,0.245725,0.433935,linear,450,150,rastrigin,6,9.668251,19.713921,23.629612,6.432625,12.227235
3,0.845213,10.000000,linear,450,150,rastrigin,6,0.000000,0.000000,0.000000,5.414021,27.376285
3,0.687934,0.627664,linear,450,150,rastrigin,6,9.482872,14.731542,16.805693,4.330879,14.324505
3,0.200000,5.748380,linear,450,150,rastrigin,6,3.980019,6.916225,7.047733,4.427499,14.272990
3,0.245725,3.974133,linear,450,150,rastrigin,6,3.980419,8.836617,9.613333,5.959635,15.389515
3,1.038450,0.433935,linear,450,150,rastrigin,6,8.550652,14.993095,16.206738,5.445056,34.145930
3,1.038450,1.313208,linear,450,150,rastrigin,6,2.008270,6.609892,7.462568,4.161513,34.597195
3,0.301904,0.300000,linear,450,150,rastrigin,6,9.317783,20.356642,22.907185,6.204866,21.393060
3,0.370927,0.360805,linear,450,150,rastrigin,6,10.945150,21.153469,24.264914,7.589833,15.967220
3,1.038450,3.974133,linear,450,150,rastrigin,6,0.000000,0.559663,0.994957,0.968487,36.064450
3,0.370927,3.304387,linear,450,150,rastrigin,6,2.985258,7.527438,8.954653,4.826097,14.655090
3,1.038450,6.913484,linear,450,150,rastrigin,6,0.000000,0.000000,0.000000,0.216846,36.620295
3,0.245725,6.913484,linear,450,150,rastrigin,6,1.989918,4.228587,3.979836,3.009225,19.857480
3,0.845213,1.091897,linear,450,150,rastrigin,6,3.006796,7.524336,6.653593,7.491642,37.750515
3,1.275867,0.300000,linear,450,150,rastrigin,6,6.178675,14.383821,15.254974,6.539223,37.141885
3,0.301904,0.907884,linear,450,150,rastrigin,6,10.217308,16.804640,19.190409,6.186841,21.802725
3,0.370927,1.899487,linear,450,150,rastrigin,6,5.322903,11.204107,12.613025,4.166063,15.260775
3,0.301904,0.521886,linear,450,150,rastrigin,6,9.156887,16.702908,18.249035,5.999342,20.626280
3,0.370927,0.627664,linear,450,150,rastrigin,6,8.157549,17.086092,19.218094,8.628440,17.840480
3,0.245725,1.313208,linear,450,150,rastrigin,6,3.172518,17.050529,19.760069,8.356792,20.680110
3,0.559922,0.300000,linear,450,150,rastrigin,6,10.510956,19.888464,21.557499,6.966785,16.633770
3,0.200000,3.304387,linear,450,150,rastrigin,6,2.108894,10.831586,12.687273,7.860513,34.406375
3,0.200000,0.627664,linear,450,150,rastrigin,6,9.391356,19.675295,22.027317,6.290889,31.994070
3,0.559922,0.907884,linear,450,150,rastrigin,6,3.492159,11.264088,11.408330,6.222357,15.851185
3,0.245725,2.284483,linear,450,150,rastrigin,6,4.234791,11.379517,12.539364,6.172001,32.309765
3,0.455730,6.913484,linear,450,150,rastrigin,6,0.000000,1.678990,1.989914,1.356941,17.433820
3,0.200000,1.091897,linear,450,150,rastrigin,6,7.468159,14.424148,16.258045,6.506305,15.023915
3,0.200000,10.000000,linear,450,150,rastrigin,6,1.989914,3.855462,4.477309,4.694250,26.394895
3,0.687934,3.304387,linear,450,150,rastrigin,6,0.994957,4.539495,5.969746,2.769842,15.403210
3,0.370927,1.091897,linear,450,150,rastrigin,6,2.202812,14.719351,17.197041,6.191219,22.262340
3,0.845213,0.433935,linear,450,150,rastrigin,6,5.531406,12.871121,14.235730,5.499092,13.665470
3,0.370927,10.000000,linear,450,150,rastrigin,6,0.000000,0.746218,0.994957,0.703541,22.486965
3,1.275867,0.521886,linear,450,150,rastrigin,6,2.252979,10.357872,13.116072,6.450290,21.171990
3,0.455730,0.754882,linear,450,150,rastrigin,6,2.228390,14.214898,16.329819,7.571932,14.150855
3,0.301904,1.899487,linear,450,150,rastrigin,6,7.147808,11.770813,13.333822,6.894212,14.174955
3,0.845213,6.913484,linear,450,150,rastrigin,6,0.000000,0.000000,0.000000,0.355271,14.675575
3,0.559922,0.521886,linear,450,150,rastrigin,6,5.214348,12.692117,13.266609,6.950264,22.368150
3,0.370927,5.748380,linear,450,150,rastrigin,6,1.989914,3.606722,3.979832,2.876785,15.633065
3,0.301904,3.304387,linear,450,150,rastrigin,6,2.990442,10.157030,11.941783,5.064466,13.286310
3,0.559922,3.304387,linear,450,150,rastrigin,6,1.989914,4.663867,5.472271,4.877053,14.398185
3,0.687934,10.000000,linear,450,150,rastrigin,6,0.000000,0.000000,0.000000,0.000000,23.421490
3,0.200000,0.433935,linear,450,150,rastrigin,6,16.868343,23.594704,25.744755,6.687304,14.093860
3,0.301904,5.748380,linear,450,150,rastrigin,6,0.000000,3.980006,3.979836,4.243075,14.845400
3,0.455730,2.284483,linear,450,150,rastrigin,6,4.982071,8.782718,8.457943,4.447376,27.183430
3,0.200000,2.284483,linear,450,150,rastrigin,6,5.032112,10.857974,12.499384,6.286418,14.370435
3,0.559922,1.579374,linear,450,150,rastrigin,6,3.057129,7.166155,7.994226,4.516599,17.076140
3,1.038450,2.747511,linear,450,150,rastrigin,6,0.994957,2.549578,2.984873,1.622727,26.232485
3,0.455730,0.433935,linear,450,150,rastrigin,6,8.910358,17.122425,17.294769,6.766938,27.303735
3,0.687934,0.360805,linear,450,150,rastrigin,6,7.294369,15.984653,17.710955,7.789307,18.113050
3,0.245725,0.907884,linear,450,150,rastrigin,6,6.858227,16.275970,19.106176,6.918025,15.549620
3,0.559922,4.779626,linear,450,150,rastrigin,6,0.000000,1.305881,1.492435,2.124648,17.591055
3,0.301904,10.000000,linear,450,150,rastrigin,6,0.000000,1.678991,1.989915,2.166177,13.530245
3,0.455730,1.313208,linear,450,150,rastrigin,6,3.151134,9.490914,11.012618,7.394579,18.839160
3,0.245725,0.521886,linear,450,150,rastrigin,6,7.522360,20.829088,22.562752,7.883964,14.506935
3,0.200000,6.913484,linear,450,150,rastrigin,6,1.989922,4.603378,5.472289,3.727876,13.186735
3,0.559922,8.314736,linear,450,150,rastrigin,6,0.000000,0.000000,0.000000,0.397983,18.615155
3,0.687934,0.754882,linear,450,150,rastrigin,6,4.382725,12.824704,14.309230,7.579687,13.968115
3,0.245725,4.779626,linear,450,150,rastrigin,6,1.990431,5.803055,6.964790,2.559579,13.383410
3,0.687934,1.091897,linear,450,150,rastrigin,6,3.223179,7.440133,7.572334,4.499158,30.027150
3,0.370927,0.433935,linear,450,150,rastrigin,6,13.384174,22.654829,25.643566,6.005238,13.097915
3,0.370927,3.974133,linear,450,150,rastrigin,6,1.989916,5.846298,5.976547,3.905944,12.825915
3,0.687934,5.748380,linear,450,150,rastrigin,6,0.000000,0.870587,0.994957,1.307716,33.476525
3,0.687934,1.899487,linear,450,150,rastrigin,6,0.995010,5.359663,6.965122,4.351311,34.669595
3,0.370927,2.284483,linear,450,150,rastrigin,6,1.008476,9.244267,10.957912,6.724641,14.252200
3,0.455730,3.974133,linear,450,150,rastrigin,6,1.989916,5.285740,5.969749,3.890523,37.131340
3,0.559922,0.360805,linear,450,150,rastrigin,6,5.731810,15.656157,19.202103,5.712786,14.303175
3,1.038450,1.579374,linear,450,150,rastrigin,6,1.990948,5.101215,5.969826,3.105389,23.985315
3,0.845213,0.754882,linear,450,150,rastrigin,6,0.032038,11.105526,14.479252,7.149340,35.992475
3,0.455730,8.314736,linear,450,150,rastrigin,6,0.000000,0.559663,0.497478,1.237713,15.167080
3,0.559922,1.091897,linear,450,150,rastrigin,6,2.042835,10.521280,11.904084,5.775067,15.725260
3,0.200000,1.313208,linear,450,150,rastrigin,6,7.502087,14.004581,15.200941,6.833735,15.698260
3,0.687934,3.974133,linear,450,150,rastrigin,6,0.000000,1.803360,1.989914,0.860222,15.433095
3,1.038450,0.521886,linear,450,150,rastrigin,6,3.242302,10.052123,10.594661,7.410109,30.602780
3,1.038450,0.907884,linear,450,150,rastrigin,6,2.999895,8.066760,9.043989,5.650090,37.071855
3,0.845213,3.974133,linear,450,150,rastrigin,6,0.000000,0.932772,0.994957,1.193949,36.373525
3,0.845213,0.521886,linear,450,150,rastrigin,6,5.029066,13.535000,15.440416,5.925426,16.214540
3,0.845213,2.284483,linear,450,150,rastrigin,6,0.994957,4.228572,4.974790,3.495118,37.396865
3,1.038450,4.779626,linear,450,150,rastrigin,6,0.000000,0.373109,0.000000,1.214501,29.004615
3,1.038450,0.300000,linear,450,150,rastrigin,6,6.403374,16.042215,17.464592,4.902669,36.609655
3,0.455730,0.907884,linear,450,150,rastrigin,6,8.062050,14.348012,16.220284,5.480899,16.793350
3,1.275867,1.579374,linear,450,150,rastrigin,6,0.994957,3.171429,3.482352,2.462897,17.305105
3,0.301904,0.360805,linear,450,150,rastrigin,6,10.904732,18.682854,18.693371,9.655266,33.152970
3,0.845213,8.314736,linear,450,150,rastrigin,6,0.000000,0.000000,0.000000,0.000000,17.743795
3,1.275867,2.747511,linear,450,150,rastrigin,6,0.000000,1.305882,1.989914,1.319961,15.748815
3,0.845213,0.300000,linear,450,150,rastrigin,6,5.973843,15.527363,16.998438,8.514864,15.526595
3,0.370927,0.754882,linear,450,150,rastrigin,6,4.665184,13.550295,14.616928,5.303157,30.170060
3,1.275867,0.360805,linear,450,150,rastrigin,6,4.091785,15.919841,18.658073,7.291153,31.738970
3,0.301904,0.627664,linear,450,150,rastrigin,6,5.677019,16.943226,19.831432,6.893613,30.828620
3,0.301904,1.091897,linear,450,150,rastrigin,6,5.209490,13.593726,14.872370,6.265195,31.576680
3,0.245725,8.314736,linear,450,150,rastrigin,6,0.994957,3.731092,3.979832,3.602512,33.825235
3,1.275867,4.779626,linear,450,150,rastrigin,6,0.000000,0.000000,0.000000,0.355271,17.787270
3,0.245725,1.579374,linear,450,150,rastrigin,6,3.413498,13.844428,15.386663,7.114063,31.533830
3,1.567562,0.360805,linear,450,150,rastrigin,6,5.094776,11.019136,11.726842,4.864420,14.753650
3,1.038450,8.314736,linear,450,150,rastrigin,6,0.000000,0.000000,0.000000,0.000000,35.568910
3,0.845213,1.313208,linear,450,150,rastrigin,6,2.004166,6.980464,7.960665,5.154575,35.079070
3,1.275867,8.314736,linear,450,150,rastrigin,6,0.000000,0.000000,0.000000,5.414021,16.889610
3,0.200000,0.754882,linear,450,150,rastrigin,6,6.794411,18.345819,21.211740,6.849406,33.750970
3,0.559922,0.627664,linear,450,150,rastrigin,6,4.080505,12.196780,14.536748,7.356003,24.717635
3,1.567562,0.627664,linear,450,150,rastrigin,6,1.993629,7.346950,7.005598,3.696980,16.100035
3,0.200000,3.974133,linear,450,150,rastrigin,6,3.052324,10.242601,11.978306,4.247384,35.164590
3,0.245725,2.747511,linear,450,150,rastrigin,6,4.305923,9.871353,11.512292,4.365560,35.458825
3,1.038450,3.304387,linear,450,150,rastrigin,6,0.000000,1.057142,0.994957,1.312439,15.793290
3,1.275867,0.907884,linear,450,150,rastrigin,6,1.801378,5.817393,6.979019,3.863936,35.145615
3,0.245725,0.300000,linear,450,150,rastrigin,6,13.299625,21.453955,22.628929,6.890855,37.588220
3,1.567562,1.091897,linear,450,150,rastrigin,6,0.994959,5.099174,6.467249,2.556084,13.440625
3,0.370927,1.313208,linear,450,150,rastrigin,6,4.320461,12.612937,14.459495,4.383422,35.947620
3,0.455730,2.747511,linear,450,150,rastrigin,6,2.984903,8.460984,10.453139,5.138833,22.051060
3,1.567562,1.899487,linear,450,150,rastrigin,6,0.000000,1.865545,1.989916,1.676733,13.202830
3,0.455730,0.300000,linear,450,150,rastrigin,6,9.756924,18.498390,19.373508,7.765940,35.538620
3,0.455730,0.521886,linear,450,150,rastrigin,6,5.990583,14.226187,14.938027,7.658731,17.627615
3,1.275867,0.627664,linear,450,150,rastrigin,6,2.985834,7.701107,8.082995,3.648393,35.994820
3,0.370927,6.913484,linear,450,150,rastrigin,6,0.994957,1.865546,1.989916,1.619674,34.609985
3,1.925946,0.433935,linear,450,150,rastrigin,6,2.713943,9.674690,12.497827,5.362638,14.856395
3,1.567562,10.000000,linear,450,150,rastrigin,6,0.000000,0.124370,0.000000,7.585158,14.891850
3,1.567562,5.748380,linear,450,150,rastrigin,6,0.000000,0.000000,0.000000,0.216846,15.976405
3,1.925946,1.313208,linear,450,150,rastrigin,6,0.994957,2.549578,2.487394,2.364462,14.401920
3,0.559922,1.899487,linear,450,150,rastrigin,6,1.993277,5.910573,6.968474,4.431963,28.493995
3,1.567562,3.304387,linear,450,150,rastrigin,6,0.000000,0.000000,0.000000,0.533486,19.553765
3,1.925946,2.284483,linear,450,150,rastrigin,6,0.000000,0.497478,0.994957,0.694691,14.545375
3,1.925946,0.754882,linear,450,150,rastrigin,6,1.990707,6.032272,6.964750,2.925662,19.330400
3,0.687934,0.433935,linear,450,150,rastrigin,6,10.168154,16.728016,18.178905,4.934644,26.576175
3,0.455730,1.579374,linear,450,150,rastrigin,6,2.993021,8.256477,10.012243,5.652578,22.857555
3,1.925946,3.974133,linear,450,150,rastrigin,6,0.000000,0.000000,0.000000,0.298487,16.474010
3,0.559922,5.748380,linear,450,150,rastrigin,6,0.000000,1.741175,1.989914,2.163318,26.596675
3,0.687934,1.313208,linear,450,150,rastrigin,6,1.009834,8.801429,11.012177,4.670856,22.330065
3,0.559922,10.000000,linear,450,150,rastrigin,6,0.000000,0.000000,0.000000,0.298487,23.140030
3,2.366266,0.300000,linear,450,150,rastrigin,6,3.051487,10.612755,11.103206,5.870395,14.820690
3,2.366266,0.521886,linear,450,150,rastrigin,6,1.990353,6.720652,7.487317,5.587019,15.152365
3,0.687934,6.913484,linear,450,150,rastrigin,6,0.000000,0.310924,0.000000,0.665581,22.780080
3,1.925946,6.913484,linear,450,150,rastrigin,6,0.000000,0.000000,0.000000,0.507330,16.156615
3,2.366266,0.907884,linear,450,150,rastrigin,6,0.994957,3.357983,2.984876,2.991497,15.643440
3,0.687934,2.284483,linear,450,150,rastrigin,6,1.989920,7.213465,7.959673,3.937315,22.971095
3,1.038450,1.899487,linear,450,150,rastrigin,6,0.994957,3.668907,4.477309,3.284865,20.718965
3,0.455730,4.779626,linear,450,150,rastrigin,6,0.994957,2.736134,2.984875,2.356598,22.521560
3,2.366266,1.579374,linear,450,150,rastrigin,6,0.000000,0.932772,0.994957,1.048253,12.784030
3,1.038450,0.627664,linear,450,150,rastrigin,6,2.167683,8.969790,11.755027,4.889896,19.320085
3,2.366266,2.747511,linear,450,150,rastrigin,6,0.000000,0.000000,0.000000,0.355271,12.900825
3,1.275867,1.899487,linear,450,150,rastrigin,6,0.994957,2.984874,2.984874,4.005859,13.476190
3,1.275867,3.304387,linear,450,150,rastrigin,6,0.000000,0.435294,0.994957,0.580155,13.524990
3,2.907255,0.360805,linear,450,150,rastrigin,6,2.999788,7.357857,7.505140,5.745678,12.928735
3,0.845213,0.907884,linear,450,150,rastrigin,6,3.993252,7.341241,7.817268,3.608609,29.614055
3,1.275867,5.748380,linear,450,150,rastrigin,6,0.000000,0.000000,0.000000,0.216846,13.880020
3,1.567562,0.433935,linear,450,150,rastrigin,6,2.366346,10.067492,11.713014,5.770843,14.669990
3,1.275867,10.000000,linear,450,150,rastrigin,6,0.000000,0.000000,0.000000,5.630707,16.467970
3,1.038450,5.748380,linear,450,150,rastrigin,6,0.000000,0.000000,0.000000,0.355271,24.480690
3,1.038450,1.091897,linear,450,150,rastrigin,6,2.984915,7.175604,9.453036,5.044916,28.345495
3,1.567562,0.754882,linear,450,150,rastrigin,6,1.990564,5.674366,6.475287,3.667588,15.393840
3,0.845213,4.779626,linear,450,150,rastrigin,6,0.000000,0.684033,0.994957,0.650538,29.820700
3,3.571927,2.284483,linear,450,150,rastrigin,6,0.000000,0.000000,0.000000,0.000000,16.718660
3,1.567562,1.313208,linear,450,150,rastrigin,6,0.994959,3.979831,4.477308,2.733417,16.448505
3,0.845213,2.747511,linear,450,150,rastrigin,6,0.000004,2.363025,1.989917,2.335503,32.031130
3,1.038450,0.360805,linear,450,150,rastrigin,6,7.090593,12.344165,13.732172,6.509591,30.535640
3,1.567562,2.284483,linear,450,150,rastrigin,6,0.000000,1.119327,1.492435,1.018314,15.400855
3,1.925946,0.521886,linear,450,150,rastrigin,6,2.000385,9.098046,10.963603,5.107190,15.411455
3,2.366266,4.779626,linear,450,150,rastrigin,6,0.000000,0.000000,0.000000,5.414021,32.272915
3,2.907255,1.091897,linear,450,150,rastrigin,6,0.000000,1.243697,1.989914,5.684942,29.258500
3,1.925946,0.300000,linear,450,150,rastrigin,6,3.065586,10.133519,12.144665,7.390095,17.182150
3,1.925946,1.579374,linear,450,150,rastrigin,6,0.000000,1.616806,1.989914,1.366935,17.108555
3,1.567562,6.913484,linear,450,150,rastrigin,6,0.000000,0.000000,0.000000,5.406477,17.447040
3,1.567562,3.974133,linear,450,150,rastrigin,6,0.000000,0.000000,0.000000,0.397983,15.575960
3,2.907255,1.899487,linear,450,150,rastrigin,6,0.000000,0.000000,0.000000,0.397983,31.484455
3,1.925946,0.907884,linear,450,150,rastrigin,6,1.989920,6.405087,6.964707,5.551030,15.402060
3,2.366266,8.314736,linear,450,150,rastrigin,6,0.000000,0.621849,0.994957,9.942302,35.496630
3,2.907255,0.627664,linear,450,150,rastrigin,6,1.989918,5.783193,5.969750,5.172565,32.679705
3,2.907255,3.304387,linear,450,150,rastrigin,6,0.000000,0.000000,0.000000,0.216846,32.852840
3,1.925946,2.747511,linear,450,150,rastrigin,6,0.000000,0.000000,0.000000,0.355271,16.866050
3,3.571927,0.433935,linear,450,150,rastrigin,6,0.994957,5.412635,6.467229,3.085745,31.659670
3,2.907255,5.748380,linear,450,150,rastrigin,6,0.000000,0.373109,0.000000,7.528648,33.711795
3,0.845213,1.579374,linear,450,150,rastrigin,6,2.984894,8.290881,9.962322,5.240493,34.702245
3,1.275867,0.433935,linear,450,150,rastrigin,6,4.150280,10.729128,13.203466,9.504880,36.646495
3,4.388561,0.300000,linear,450,150,rastrigin,6,2.984877,5.790331,6.467299,3.271137,29.118970
3,4.388561,0.907884,linear,450,150,rastrigin,6,0.000000,0.497478,0.994957,0.958212,27.094500
3,1.925946,4.779626,linear,450,150,rastrigin,6,0.000000,0.000000,0.000000,0.355271,17.106860
3,1.038450,10.000000,linear,450,150,rastrigin,6,0.000000,0.000000,0.000000,5.414021,40.557745
3,2.366266,0.360805,linear,450,150,rastrigin,6,4.028217,10.350837,10.951284,4.020479,16.937785
3,3.571927,0.754882,linear,450,150,rastrigin,6,0.994957,2.300839,1.989918,3.726430,39.991165
3,5.391897,0.627664,linear,450,150,rastrigin,6,0.000000,1.119327,0.994957,0.860222,18.733850
3,2.907255,10.000000,linear,450,150,rastrigin,6,0.000000,0.684306,0.994958,6.357392,43.078625
3,3.571927,1.313208,linear,450,150,rastrigin,6,0.000000,0.373109,0.497478,0.586519,40.115240
3,2.366266,0.627664,linear,450,150,rastrigin,6,1.989922,5.969780,6.964783,2.787236,19.078640
3,3.571927,6.913484,linear,450,150,rastrigin,6,0.000000,2.300886,0.994959,11.611909,38.412230
3,2.366266,1.091897,linear,450,150,rastrigin,6,0.994957,2.052100,1.989914,1.740466,18.502935
3,5.391897,3.304387,linear,450,150,rastrigin,6,0.000000,0.373109,0.497478,8.535497,17.319220
3,5.391897,1.899487,linear,450,150,rastrigin,6,0.000000,0.000000,0.000000,0.216846,19.995670
3,1.275867,1.091897,linear,450,150,rastrigin,6,1.989983,5.444339,6.467336,4.199367,43.202805
3,1.275867,2.284483,linear,450,150,rastrigin,6,0.000000,1.616806,1.989916,1.495749,16.945535
3,1.925946,8.314736,linear,450,150,rastrigin,6,0.000000,0.124370,0.000000,0.569391,20.033915
3,2.366266,1.899487,linear,450,150,rastrigin,6,0.000000,0.373109,0.497478,0.659980,17.655470
3,5.391897,10.000000,linear,450,150,rastrigin,6,0.000507,2.127499,2.985634,6.195263,17.747570
3,3.571927,3.974133,linear,450,150,rastrigin,6,0.000000,0.124370,0.000000,8.038605,43.956795
3,2.907255,0.433935,linear,450,150,rastrigin,6,1.008856,5.404204,6.964739,3.602967,18.317960
3,6.624620,0.754882,linear,450,150,rastrigin,6,0.000000,0.124370,0.000000,0.915955,16.909705
3,2.366266,3.304387,linear,450,150,rastrigin,6,0.000000,0.000000,0.000000,0.216846,20.582925
3,1.275867,0.754882,linear,450,150,rastrigin,6,1.995628,7.646496,8.462577,5.068248,40.767395
3,1.275867,3.974133,linear,450,150,rastrigin,6,0.000000,0.124370,0.000000,0.455947,20.009325
3,1.567562,0.300000,linear,450,150,rastrigin,6,3.548529,12.973433,15.871840,6.198315,15.975730
3,1.567562,0.521886,linear,450,150,rastrigin,6,2.432678,8.897598,9.989740,5.729053,16.830510
3,4.388561,1.579374,linear,450,150,rastrigin,6,0.000000,0.000000,0.000000,0.298487,41.837025
3,4.388561,0.521886,linear,450,150,rastrigin,6,0.994957,2.922688,2.984875,1.787465,43.635670
3,1.275867,6.913484,linear,450,150,rastrigin,6,0.000000,0.000000,0.000000,0.000000,19.112995
3,4.388561,2.747511,linear,450,150,rastrigin,6,0.000000,0.000000,0.000000,5.414021,41.281260
3,5.391897,0.360805,linear,450,150,rastrigin,6,0.000000,3.420169,3.979834,2.507212,33.682990
3,4.388561,4.779626,linear,450,150,rastrigin,6,0.000000,0.559664,0.994957,9.517852,39.188505
3,4.388561,8.314736,linear,450,150,rastrigin,6,0.000000,0.995975,0.996672,8.356976,37.648750
3,5.391897,1.091897,linear,450,150,rastrigin,6,0.000000,0.000000,0.000000,0.216846,33.134200
3,1.567562,0.907884,linear,450,150,rastrigin,6,1.990017,5.846947,5.970010,4.675478,15.608435
3,6.624620,0.433935,linear,450,150,rastrigin,6,0.000000,2.425209,2.984873,2.466911,27.998035
3,5.391897,5.748380,linear,450,150,rastrigin,6,0.000000,4.357852,1.492548,12.701164,30.498980
3,6.624620,2.284483,linear,450,150,rastrigin,6,0.000000,0.124370,0.000000,7.397998,18.888985
3,3.571927,2.747511,linear,450,150,rastrigin,6,0.000000,0.000000,0.000000,5.406473,15.703270
3,1.567562,1.579374,linear,450,150,rastrigin,6,1.989914,4.228571,4.974787,1.673038,16.147185
3,1.567562,2.747511,linear,450,150,rastrigin,6,0.000000,0.435294,0.994957,0.580155,16.181150
3,6.624620,1.313208,linear,450,150,rastrigin,6,0.000000,0.000000,0.000000,0.216846,25.659620
3,1.925946,0.360805,linear,450,150,rastrigin,6,4.175253,10.854406,12.462442,4.596608,13.940340
3,1.925946,0.627664,linear,450,150,rastrigin,6,2.985458,6.043818,6.964931,5.215688,17.425945
3,1.925946,1.899487,linear,450,150,rastrigin,6,0.000000,0.746218,0.994957,0.800616,15.193775
3,8.139176,0.300000,linear,450,150,rastrigin,6,0.994957,3.855462,3.979832,2.778762,18.870375
3,1.567562,4.779626,linear,450,150,rastrigin,6,0.000000,0.000000,0.000000,0.000000,15.331265
3,1.567562,8.314736,linear,450,150,rastrigin,6,0.000000,0.062185,0.000000,7.420712,17.094285
3,6.624620,3.974133,linear,450,150,rastrigin,6,0.000000,1.119406,0.994975,7.908226,24.588055
3,1.925946,1.091897,linear,450,150,rastrigin,6,0.994957,4.850419,5.969746,2.741101,15.846795
3,2.366266,10.000000,linear,450,150,rastrigin,6,0.000000,0.746219,0.994957,8.427018,15.600245
3,1.925946,3.304387,linear,450,150,rastrigin,6,0.000000,0.000000,0.000000,5.406473,14.484225
3,6.624620,6.913484,linear,450,150,rastrigin,6,0.000998,1.371396,1.496524,8.547050,27.629125
3,1.925946,5.748380,linear,450,150,rastrigin,6,0.000000,0.000000,0.000000,0.507330,15.079560
3,2.366266,0.433935,linear,450,150,rastrigin,6,2.984938,8.494149,8.960711,4.908730,14.881850
3,2.907255,1.313208,linear,450,150,rastrigin,6,0.000000,0.932772,0.994957,1.062324,29.089690
3,2.366266,1.313208,linear,450,150,rastrigin,6,0.000000,2.052100,1.989916,2.177568,13.881290
3,2.366266,0.754882,linear,450,150,rastrigin,6,1.989914,3.939093,4.974789,3.655957,15.297970
3,2.366266,5.748380,linear,450,150,rastrigin,6,0.000000,0.186554,0.000000,10.315701,33.036120
3,8.139176,0.521886,linear,450,150,rastrigin,6,0.000000,0.373109,0.497478,0.788155,22.840910
3,8.139176,2.747511,linear,450,150,rastrigin,6,0.000000,0.684061,0.994957,6.149484,15.999155
3,2.366266,2.284483,linear,450,150,rastrigin,6,0.000000,0.000000,0.000000,0.533487,16.009545
3,1.925946,10.000000,linear,450,150,rastrigin,6,0.000000,0.373109,0.497478,9.656948,16.749800
3,8.139176,0.907884,linear,450,150,rastrigin,6,0.000000,0.000000,0.000000,0.298487,25.439205
3,2.907255,2.284483,linear,450,150,rastrigin,6,0.000000,0.000000,0.000000,5.421102,33.931790
3,2.907255,0.521886,linear,450,150,rastrigin,6,0.000231,4.913290,6.467237,3.303356,15.822955
3,2.907255,0.754882,linear,450,150,rastrigin,6,0.994957,3.357983,2.984875,3.840586,30.595880
3,3.571927,0.521886,linear,450,150,rastrigin,6,0.000004,3.233617,3.979833,4.562447,30.507455
3,5.391897,2.284483,linear,450,150,rastrigin,6,0.000000,0.000000,0.000000,5.407618,22.304600
3,2.366266,3.974133,linear,450,150,rastrigin,6,0.000000,0.000000,0.000000,0.216846,15.992670
3,2.907255,3.974133,linear,450,150,rastrigin,6,0.000000,0.000000,0.000000,0.355271,32.497940
3,3.571927,0.300000,linear,450,150,rastrigin,6,1.990143,7.621920,8.981213,5.475811,26.126340
3,4.388561,0.360805,linear,450,150,rastrigin,6,1.989922,4.663871,4.974795,4.903628,31.527555
3,3.571927,0.907884,linear,450,150,rastrigin,6,0.000000,1.057142,0.994957,1.858734,29.481040
3,5.391897,0.754882,linear,450,150,rastrigin,6,0.000000,0.559664,0.994957,1.528482,28.830305
3,4.388561,1.091897,linear,450,150,rastrigin,6,0.000000,0.186554,0.000000,0.474564,31.612025
3,8.139176,1.579374,linear,450,150,rastrigin,6,0.000000,0.124370,0.000000,0.455947,31.212775
3,10.000000,0.360805,linear,450,150,rastrigin,6,0.000000,1.119327,0.994957,0.915956,16.020815
3,10.000000,0.627664,linear,450,150,rastrigin,6,0.000000,0.000000,0.000000,0.216846,15.373115
3,2.907255,6.913484,linear,450,150,rastrigin,6,0.000000,0.559664,0.994957,9.665420,35.690610
3,8.139176,8.314736,linear,450,150,rastrigin,6,2.016102,3.332225,3.986793,6.074202,17.815510
3,6.624620,0.300000,linear,450,150,rastrigin,6,0.994957,4.042025,4.974788,3.524374,27.245625
3,3.571927,1.579374,linear,450,150,rastrigin,6,0.000000,0.000000,0.000000,0.298487,31.991220
3,6.624620,0.907884,linear,450,150,rastrigin,6,0.000000,0.000000,0.000000,0.000000,25.773095
3,5.391897,3.974133,linear,450,150,rastrigin,6,0.000000,0.621849,0.994957,0.696470,31.995270
3,10.000000,1.091897,linear,450,150,rastrigin,6,0.000000,0.000000,0.000000,0.216846,17.628330
3,3.571927,8.314736,linear,450,150,rastrigin,6,0.000000,1.245034,0.996026,5.213513,36.006875
3,1.275867,1.313208,linear,450,150,rastrigin,6,1.989916,4.415153,5.472270,3.559686,35.183940
3,10.000000,1.899487,linear,450,150,rastrigin,6,0.000000,0.994958,0.994957,10.275522,19.064995
3,10.000000,3.304387,linear,450,150,rastrigin,6,0.000008,3.300558,1.989927,11.951252,19.403785
3,10.000000,5.748380,linear,450,150,rastrigin,6,0.003403,1.985966,2.153614,8.360180,18.255830
3,10.000000,10.000000,linear,450,150,rastrigin,6,1.133595,3.947975,4.451694,2.866964,18.233080
3,6.624620,2.747511,linear,450,150,rastrigin,6,0.000000,0.186554,0.000000,5.369877,19.080030
3,3.571927,4.779626,linear,450,150,rastrigin,6,0.000000,0.310924,0.000000,5.349729,36.318060
3,3.571927,3.304387,linear,450,150,rastrigin,6,0.000000,0.000000,0.000000,7.434870,18.956060
3,0.200000,0.433935,quadratic,450,150,rastrigin,6,16.304201,22.007675,22.887903,5.384893,17.086910
3,0.200000,0.754882,quadratic,450,150,rastrigin,6,9.503462,16.117645,16.215895,6.975924,17.349830
3,0.200000,1.313208,quadratic,450,150,rastrigin,6,9.085381,15.468569,17.652462,5.287659,17.774060
3,5.391897,6.913484,linear,450,150,rastrigin,6,0.000906,1.306971,1.494324,9.625035,23.706100
3,8.139176,0.360805,linear,450,150,rastrigin,6,0.000000,2.176469,2.487393,1.375059,16.583200
3,4.388561,5.748380,linear,450,150,rastrigin,6,0.000025,1.057312,0.994970,6.062556,26.828995
3,8.139176,4.779626,linear,450,150,rastrigin,6,0.000000,2.426297,2.984904,10.691742,36.327970
3,0.200000,2.284483,quadratic,450,150,rastrigin,6,4.035583,11.979861,14.527252,7.579257,16.910640
3,0.200000,3.974133,quadratic,450,150,rastrigin,6,3.071125,8.667698,10.486264,4.930882,17.829815
3,2.907255,0.300000,linear,450,150,rastrigin,6,1.382236,8.450731,8.972787,6.328163,15.560550
3,4.388561,1.899487,linear,450,150,rastrigin,6,0.000000,0.000000,0.000000,0.298487,35.216515
3,5.391897,0.433935,linear,450,150,rastrigin,6,0.994957,3.420168,3.979831,2.604051,31.662980
3,0.200000,6.913484,quadratic,450,150,rastrigin,6,0.000252,7.469721,9.949580,4.605217,18.217385
3,4.388561,0.627664,linear,450,150,rastrigin,6,0.000000,1.741175,1.989915,1.242702,35.365945
3,5.391897,1.313208,linear,450,150,rastrigin,6,0.000000,0.000000,0.000000,0.298487,33.188780
3,6.624620,4.779626,linear,450,150,rastrigin,6,0.000000,1.306225,1.989929,6.090673,20.117945
3,6.624620,0.521886,linear,450,150,rastrigin,6,0.000000,1.119327,0.994957,0.795966,31.862915
3,0.245725,0.300000,quadratic,450,150,rastrigin,6,14.188234,21.180674,23.431700,5.418562,14.947380
3,4.388561,3.304387,linear,450,150,rastrigin,6,0.000000,0.000000,0.000000,0.355271,34.586040
3,4.388561,10.000000,linear,450,150,rastrigin,6,0.000252,1.497774,1.992251,6.031784,35.074940
3,0.245725,2.747511,quadratic,450,150,rastrigin,6,6.030109,11.860119,12.493912,6.024956,13.824175
3,0.245725,1.579374,quadratic,450,150,rastrigin,6,3.691692,12.890825,14.809220,5.172176,13.885240
3,6.624620,1.579374,linear,450,150,rastrigin,6,0.000000,0.000000,0.000000,0.216846,32.984905
3,0.245725,8.314736,quadratic,450,150,rastrigin,6,0.000000,2.860504,2.984875,3.346073,12.655825
3,0.245725,4.779626,quadratic,450,150,rastrigin,6,2.984911,8.963522,10.447297,4.649679,15.438105
3,8.139176,3.304387,linear,450,150,rastrigin,6,0.000000,1.243726,1.492649,8.282745,17.515170
3,0.301904,0.360805,quadratic,450,150,rastrigin,6,12.518938,21.505226,24.313850,6.808557,13.877820
3,8.139176,0.627664,linear,450,150,rastrigin,6,0.000000,0.124370,0.000000,0.455947,20.044010
3,0.301904,0.627664,quadratic,450,150,rastrigin,6,4.861141,15.990451,18.627079,8.819663,13.160170
3,3.571927,5.748380,linear,450,150,rastrigin,6,0.000000,0.435294,0.497480,10.734625,24.180245
3,8.139176,1.091897,linear,450,150,rastrigin,6,0.000000,0.000000,0.000000,7.462116,21.344745
3,2.907255,1.579374,linear,450,150,rastrigin,6,0.000000,0.310924,0.000000,0.736201,26.587880
3,6.624620,8.314736,linear,450,150,rastrigin,6,0.997044,1.895325,2.019465,6.384390,29.111050
3,10.000000,0.433935,linear,450,150,rastrigin,6,0.000000,0.435294,0.994957,0.722629,14.693145
3,0.245725,0.521886,quadratic,450,150,rastrigin,6,12.126850,19.848597,22.569227,6.380107,29.268910
3,3.571927,0.360805,linear,450,150,rastrigin,6,1.993311,5.359674,6.036137,2.945304,17.549905
3,10.000000,0.754882,linear,450,150,rastrigin,6,0.000000,0.000000,0.000000,0.000000,15.593225
3,3.571927,1.091897,linear,450,150,rastrigin,6,0.000000,0.808403,0.994957,0.696470,17.671160
3,2.366266,6.913484,linear,450,150,rastrigin,6,0.000000,0.062185,0.000000,5.390205,30.245255
3,8.139176,10.000000,linear,450,150,rastrigin,6,1.171099,3.962322,3.757887,9.868244,18.480425
3,8.139176,1.899487,linear,450,150,rastrigin,6,0.000000,0.310924,0.000000,8.758384,20.011425
3,3.571927,1.899487,linear,450,150,rastrigin,6,0.000000,0.000000,0.000000,0.298487,19.592480
3,10.000000,1.313208,linear,450,150,rastrigin,6,0.000000,0.062185,0.000000,0.430829,18.450325
3,0.200000,0.300000,quadratic,450,150,rastrigin,6,15.686783,23.134365,24.813646,5.691361,16.695045
3,0.301904,1.091897,quadratic,450,150,rastrigin,6,9.031036,13.836082,14.265944,7.272077,17.537945
3,10.000000,6.913484,linear,450,150,rastrigin,6,1.994583,3.715010,4.022039,8.240214,17.543275
3,10.000000,2.284483,linear,450,150,rastrigin,6,0.000000,2.052101,0.994958,12.064591,17.877240
3,0.301904,1.899487,quadratic,450,150,rastrigin,6,3.004171,9.836578,11.806752,4.340065,14.555660
3,3.571927,10.000000,linear,450,150,rastrigin,6,0.000000,0.934366,0.995537,0.998985,19.176160
3,10.000000,3.974133,linear,450,150,rastrigin,6,0.994959,1.806046,1.991061,10.027609,18.917500
3,5.391897,2.747511,linear,450,150,rastrigin,6,0.000000,0.124370,0.000000,8.038610,30.132150
3,0.200000,0.521886,quadratic,450,150,rastrigin,6,6.574738,19.724964,21.079578,6.307170,13.856010
3,0.245725,0.907884,quadratic,450,150,rastrigin,6,6.153748,18.933886,22.246967,6.430880,17.367575
3,2.907255,2.747511,linear,450,150,rastrigin,6,0.000000,0.000000,0.000000,0.298487,35.074690
3,0.200000,0.907884,quadratic,450,150,rastrigin,6,11.326038,18.545841,20.381851,5.213009,14.280110
3,2.907255,0.907884,linear,450,150,rastrigin,6,0.994957,3.295797,2.984875,1.964884,36.862170
3,3.571927,0.627664,linear,450,150,rastrigin,6,0.994957,3.420168,3.979834,3.194723,36.652520
3,4.388561,0.433935,linear,450,150,rastrigin,6,0.994957,3.668912,3.979835,4.083863,35.998600
3,5.391897,0.907884,linear,450,150,rastrigin,6,0.000000,0.373109,0.497478,0.722629,36.169790
3,2.907255,4.779626,linear,450,150,rastrigin,6,0.000000,0.062185,0.000000,5.389977,38.543660
3,6.624620,0.360805,linear,450,150,rastrigin,6,0.994957,2.300840,2.984873,2.401846,34.329570
3,4.388561,1.313208,linear,450,150,rastrigin,6,0.000000,0.000000,0.000000,0.216846,38.491180
3,6.624620,1.091897,linear,450,150,rastrigin,6,0.000000,0.000000,0.000000,0.216846,34.254485
3,2.907255,8.314736,linear,450,150,rastrigin,6,0.000000,0.870591,0.994966,10.157411,37.863315
3,5.391897,4.779626,linear,450,150,rastrigin,6,0.000000,0.746237,0.994961,7.861510,35.208250
3,0.200000,4.779626,quadratic,450,150,rastrigin,6,1.989929,10.623289,12.953506,8.069566,17.359250
3,0.200000,2.747511,quadratic,450,150,rastrigin,6,7.967804,13.625040,15.005023,2.815677,17.956495
3,6.624620,3.304387,linear,450,150,rastrigin,6,0.000000,0.684033,0.994957,10.191162,32.991365
3,0.301904,3.304387,quadratic,450,150,rastrigin,6,1.019997,8.780967,9.955198,6.149405,17.584915
3,0.200000,8.314736,quadratic,450,150,rastrigin,6,1.989918,4.788308,5.472351,4.784881,17.534975
3,0.245725,0.360805,quadratic,450,150,rastrigin,6,10.799730,19.136141,21.063768,5.800353,18.058475
3,0.245725,3.304387,quadratic,450,150,rastrigin,6,3.301567,9.191664,9.595070,4.661450,17.436090
3,0.245725,1.899487,quadratic,450,150,rastrigin,6,8.616642,15.796689,18.046150,4.848807,18.293755
3,0.301904,0.433935,quadratic,450,150,rastrigin,6,6.250767,22.744501,25.186840,8.561815,16.281185
3,0.200000,1.579374,quadratic,450,150,rastrigin,6,7.083687,16.092628,18.270622,4.546378,27.956480
3,0.245725,10.000000,quadratic,450,150,rastrigin,6,0.000000,2.052100,1.989916,1.451241,17.618040
3,8.139176,0.433935,linear,450,150,rastrigin,6,0.000000,1.430251,1.989914,1.441831,25.165040
3,0.245725,5.748380,quadratic,450,150,rastrigin,6,0.994961,6.778372,6.964717,3.757281,17.526470
3,8.139176,3.974133,linear,450,150,rastrigin,6,0.000000,0.870923,0.995178,6.335179,18.226125
3,0.301904,0.754882,quadratic,450,150,rastrigin,6,9.471199,17.895023,20.451923,6.675655,15.015720
3,6.624620,5.748380,linear,450,150,rastrigin,6,0.994957,3.738574,2.985018,11.838936,25.189870
3,5.391897,8.314736,linear,450,150,rastrigin,6,0.006184,2.185363,2.985475,6.088763,37.195580
3,0.301904,10.000000,quadratic,450,150,rastrigin,6,0.000000,1.305882,1.989914,1.392941,16.747615
3,10.000000,0.521886,linear,450,150,rastrigin,6,0.000000,0.373109,0.497478,0.659980,15.822010
3,0.245725,0.627664,quadratic,450,150,rastrigin,6,11.322868,18.519394,20.301823,4.563550,16.601700
3,10.000000,0.907884,linear,450,150,rastrigin,6,0.000000,0.000000,0.000000,5.398457,16.346500
3,6.624620,10.000000,linear,450,150,rastrigin,6,0.017887,2.977768,3.106268,9.762912,18.292870
3,0.370927,1.313208,quadratic,450,150,rastrigin,6,3.264891,13.429016,15.136571,5.992488,15.930015
3,0.370927,0.754882,quadratic,450,150,rastrigin,6,9.013138,15.204845,16.699316,4.697353,17.711155
3,10.000000,0.300000,linear,450,150,rastrigin,6,0.000000,2.052100,2.487394,2.177572,16.914470
3,0.200000,0.360805,quadratic,450,150,rastrigin,6,9.259518,21.092913,25.047153,7.459379,16.915280
3,10.000000,2.747511,linear,450,150,rastrigin,6,0.000000,1.057213,0.995279,8.510415,15.384050
3,10.000000,8.314736,linear,450,150,rastrigin,6,2.020477,3.449859,3.408727,1.768220,17.503575
3,0.301904,2.284483,quadratic,450,150,rastrigin,6,1.021889,11.544730,12.247512,5.861718,16.190870
3,10.000000,4.779626,linear,450,150,rastrigin,6,0.005014,2.126684,2.016684,11.691916,16.125725
3,4.388561,6.913484,linear,450,150,rastrigin,6,0.000000,1.305938,1.492691,8.268469,43.038475
3,10.000000,1.579374,linear,450,150,rastrigin,6,0.000000,0.124370,0.000000,9.337068,20.522380
3,8.139176,5.748380,linear,450,150,rastrigin,6,0.002968,1.938916,2.018743,9.304630,42.412905
3,5.391897,0.300000,linear,450,150,rastrigin,6,0.994957,4.290802,4.974790,3.392738,39.841065
3,4.388561,0.754882,linear,450,150,rastrigin,6,0.000000,1.492436,1.989914,2.299189,40.859125
3,6.624620,0.627664,linear,450,150,rastrigin,6,0.000000,0.373109,0.497478,0.882937,41.381230
3,4.388561,2.284483,linear,450,150,rastrigin,6,0.000000,0.000000,0.000000,5.406473,42.819335
3,5.391897,0.521886,linear,450,150,rastrigin,6,0.000000,1.865545,1.989915,2.351870,42.998850
3,5.391897,1.579374,linear,450,150,rastrigin,6,0.000000,0.000000,0.000000,0.298487,43.273045
3,0.245725,1.091897,quadratic,450,150,rastrigin,6,8.742973,15.976454,18.540190,8.766834,17.264205
3,4.388561,3.974133,linear,450,150,rastrigin,6,0.000000,0.559663,0.994957,8.680072,43.703750
3,0.200000,0.627664,quadratic,450,150,rastrigin,6,7.585011,17.636118,19.748222,6.400896,18.446770
3,8.139176,0.754882,linear,450,150,rastrigin,6,0.000000,0.000000,0.000000,0.216846,39.992580
3,6.624620,1.899487,linear,450,150,rastrigin,6,0.000000,0.000000,0.000000,0.533487,44.562765
3,0.301904,5.748380,quadratic,450,150,rastrigin,6,0.000000,4.352943,4.974787,3.214806,38.167285
3,0.200000,1.091897,quadratic,450,150,rastrigin,6,8.452000,18.557047,21.219894,5.827563,17.608230
3,0.370927,6.913484,quadratic,450,150,rastrigin,6,0.994957,2.300839,2.487394,2.077533,24.543650
3,0.370927,2.284483,quadratic,450,150,rastrigin,6,5.969791,11.346762,11.475749,5.277218,31.914645
3,0.370927,0.433935,quadratic,450,150,rastrigin,6,8.040672,18.922337,21.072392,7.525137,34.630560
3,8.139176,1.313208,linear,450,150,rastrigin,6,0.000000,0.000000,0.000000,5.414021,38.480120
3,0.370927,3.974133,quadratic,450,150,rastrigin,6,1.989918,5.038661,5.472750,6.358830,29.563295
3,8.139176,2.284483,linear,450,150,rastrigin,6,0.000000,2.300830,0.994957,11.188190,33.486000
3,0.301904,1.313208,quadratic,450,150,rastrigin,6,3.168568,12.454000,14.595909,6.287745,33.081245
3,0.200000,5.748380,quadratic,450,150,rastrigin,6,4.974838,8.032249,8.954866,2.775710,17.208520
3,0.200000,3.304387,quadratic,450,150,rastrigin,6,5.026926,12.202165,14.036480,5.052241,18.074020
3,0.455730,0.300000,quadratic,450,150,rastrigin,6,6.748535,18.930304,20.223667,8.308418,26.255180
3,0.301904,3.974133,quadratic,450,150,rastrigin,6,0.003258,5.225925,6.964716,4.266998,17.298995
3,0.200000,10.000000,quadratic,450,150,rastrigin,6,0.000000,3.420167,3.979832,2.215877,17.690475
3,0.245725,0.433935,quadratic,450,150,rastrigin,6,7.880091,19.368547,23.245998,8.990210,18.053115
3,0.245725,2.284483,quadratic,450,150,rastrigin,6,7.420826,12.890095,14.828929,5.022416,17.915320
3,0.245725,3.974133,quadratic,450,150,rastrigin,6,1.990307,7.721139,9.452736,6.392350,18.313995
3,0.200000,1.899487,quadratic,450,150,rastrigin,6,9.892120,14.581143,15.752650,4.503732,15.616335
3,0.301904,0.521886,quadratic,450,150,rastrigin,6,6.315193,18.591122,22.873432,7.899110,19.011430
3,0.455730,0.907884,quadratic,450,150,rastrigin,6,2.230732,17.069242,19.976950,7.232456,25.083485
3,0.301904,0.300000,quadratic,450,150,rastrigin,6,13.511129,20.966894,22.640644,4.930892,15.026460
3,0.559922,5.748380,quadratic,450,150,rastrigin,6,0.000000,1.119327,0.994957,1.307717,17.864925
3,0.559922,1.091897,quadratic,450,150,rastrigin,6,4.988115,12.756314,15.607995,6.587026,31.738345
3,0.455730,0.521886,quadratic,450,150,rastrigin,6,7.933376,15.597374,17.640717,5.783279,35.072965
3,0.245725,6.913484,quadratic,450,150,rastrigin,6,2.984875,4.726058,4.974792,2.117063,18.692270
3,0.455730,8.314736,quadratic,450,150,rastrigin,6,0.000000,0.310924,0.000000,0.895462,33.340745
3,0.559922,0.627664,quadratic,450,150,rastrigin,6,7.080830,16.722969,17.165550,7.185295,33.476960
3,0.301904,0.907884,quadratic,450,150,rastrigin,6,5.431032,14.504300,15.803944,7.492193,17.434625
3,0.559922,1.899487,quadratic,450,150,rastrigin,6,2.984901,5.656896,6.501722,2.964128,34.556935
3,0.245725,0.754882,quadratic,450,150,rastrigin,6,11.564177,18.464838,21.139544,6.419048,15.551995
3,0.687934,1.313208,quadratic,450,150,rastrigin,6,2.007803,9.292006,10.452956,5.446914,15.835785
3,0.559922,0.360805,quadratic,450,150,rastrigin,6,8.998888,17.901693,22.071903,8.468178,35.153320
3,0.455730,4.779626,quadratic,450,150,rastrigin,6,1.989914,4.042015,4.974785,2.584494,35.401900
3,0.559922,10.000000,quadratic,450,150,rastrigin,6,0.000000,0.000000,0.000000,0.298487,19.912645
3,0.455730,1.579374,quadratic,450,150,rastrigin,6,4.704491,9.408235,10.613461,4.607938,36.922700
3,0.687934,2.284483,quadratic,450,150,rastrigin,6,1.995029,4.912930,5.969746,4.655864,16.283275
3,0.845213,0.300000,quadratic,450,150,rastrigin,6,9.299036,17.590925,19.116089,4.882012,15.111755
3,0.845213,1.579374,quadratic,450,150,rastrigin,6,1.989937,5.970097,6.965991,4.312434,14.575980
3,0.559922,3.304387,quadratic,450,150,rastrigin,6,0.994957,4.539500,4.974828,4.044889,34.859535
3,0.845213,0.521886,quadratic,450,150,rastrigin,6,6.179314,12.911715,14.522852,5.652822,15.436385
3,0.845213,0.907884,quadratic,450,150,rastrigin,6,2.997995,10.504070,11.954257,5.392375,15.168320
3,0.301904,2.747511,quadratic,450,150,rastrigin,6,2.187521,7.686101,9.952901,4.629869,15.101515
3,0.687934,6.913484,quadratic,450,150,rastrigin,6,0.000000,0.000000,0.000000,0.216846,16.204975
3,0.455730,2.747511,quadratic,450,150,rastrigin,6,2.984879,6.413238,7.723496,4.622688,38.320980
3,0.687934,0.754882,quadratic,450,150,rastrigin,6,1.077915,8.930540,10.089720,6.300681,19.881260
3,0.845213,4.779626,quadratic,450,150,rastrigin,6,0.000000,0.186554,0.000000,0.580155,15.429525
3,0.687934,0.433935,quadratic,450,150,rastrigin,6,5.898916,14.880901,16.041271,7.563066,24.964855
3,0.370927,0.300000,quadratic,450,150,rastrigin,6,12.122093,20.586433,22.000051,7.130075,25.981185
3,0.687934,3.974133,quadratic,450,150,rastrigin,6,0.000000,2.176469,1.989915,2.783657,24.363490
3,0.370927,1.579374,quadratic,450,150,rastrigin,6,3.940916,9.856270,11.240201,6.219296,25.398085
3,0.370927,0.907884,quadratic,450,150,rastrigin,6,2.587551,12.338576,13.694156,6.454740,25.739470
3,1.567562,0.300000,quadratic,450,150,rastrigin,6,6.208248,11.325452,12.061178,5.731565,15.001115
3,0.245725,1.313208,quadratic,450,150,rastrigin,6,6.108257,16.288694,17.642065,6.836962,16.772395
3,0.845213,1.091897,quadratic,450,150,rastrigin,6,1.993153,7.631097,9.951334,6.073398,16.298350
3,0.370927,8.314736,quadratic,450,150,rastrigin,6,0.000000,1.430251,1.989914,2.036020,16.682345
3,1.925946,3.304387,quadratic,450,150,rastrigin,6,0.000000,0.000000,0.000000,0.000000,17.763195
3,0.455730,0.360805,quadratic,450,150,rastrigin,6,5.472469,18.860195,18.725546,7.945935,16.370080
3,1.275867,1.313208,quadratic,450,150,rastrigin,6,0.994957,4.166387,4.974788,3.230164,18.777695
3,1.275867,6.913484,quadratic,450,150,rastrigin,6,0.000000,0.000000,0.000000,0.216846,18.350015
3,0.687934,8.314736,quadratic,450,150,rastrigin,6,0.000000,0.000000,0.000000,0.000000,19.459475
3,1.038450,10.000000,quadratic,450,150,rastrigin,6,0.000000,0.124370,0.000000,8.847737,20.278945
3,1.567562,0.521886,quadratic,450,150,rastrigin,6,1.643814,7.986910,9.266024,5.807644,16.636690
3,0.301904,4.779626,quadratic,450,150,rastrigin,6,1.989994,6.405368,6.964708,3.163411,18.643855
3,0.845213,2.747511,quadratic,450,150,rastrigin,6,0.994957,3.047057,3.979831,2.279191,34.170520
3,1.567562,1.579374,quadratic,450,150,rastrigin,6,0.994957,1.865545,1.989915,2.373344,16.392440
3,1.567562,2.747511,quadratic,450,150,rastrigin,6,0.000000,0.000000,0.000000,0.355271,18.669785
3,1.567562,0.907884,quadratic,450,150,rastrigin,6,1.989914,5.971344,6.964746,4.254560,21.395425
3,1.567562,4.779626,quadratic,450,150,rastrigin,6,0.000000,0.000000,0.000000,0.000000,19.275020
3,1.925946,0.360805,quadratic,450,150,rastrigin,6,3.986225,9.811850,11.711667,6.124242,16.037850
3,8.139176,6.913484,linear,450,150,rastrigin,6,0.998020,4.011050,4.990703,10.569128,40.340520
3,1.038450,0.360805,quadratic,450,150,rastrigin,6,5.032331,14.463290,16.872034,8.017554,38.126495
3,0.845213,8.314736,quadratic,450,150,rastrigin,6,0.000000,0.000000,0.000000,0.000000,40.417005
3,1.038450,0.627664,quadratic,450,150,rastrigin,6,3.846947,9.687335,11.174273,4.858840,36.985295
3,1.925946,0.627664,quadratic,450,150,rastrigin,6,2.984896,6.597730,7.462925,4.410785,15.420235
3,1.925946,1.899487,quadratic,450,150,rastrigin,6,0.000000,0.746218,0.994957,0.629266,14.720905
3,1.925946,1.091897,quadratic,450,150,rastrigin,6,0.994957,4.539495,5.472267,2.546393,15.305175
3,0.687934,0.300000,quadratic,450,150,rastrigin,6,8.947495,15.418020,16.945503,7.048275,14.131030
3,0.687934,2.747511,quadratic,450,150,rastrigin,6,0.994957,3.482353,3.979828,2.089411,13.734880
3,0.687934,1.579374,quadratic,450,150,rastrigin,6,2.985008,8.781885,8.460114,5.155907,16.801025
3,1.038450,3.304387,quadratic,450,150,rastrigin,6,0.000000,0.746218,0.994957,0.736202,38.626345
3,1.275867,0.433935,quadratic,450,150,rastrigin,6,5.259232,10.667710,11.995045,4.097742,38.652375
3,1.038450,1.091897,quadratic,450,150,rastrigin,6,2.985535,8.834485,9.955038,4.018688,41.226220
3,0.845213,1.899487,quadratic,450,150,rastrigin,6,0.000000,4.290770,4.974788,3.961134,14.805325
3,0.845213,0.360805,quadratic,450,150,rastrigin,6,6.367767,15.971978,17.268909,5.650868,15.851875
3,1.038450,1.899487,quadratic,450,150,rastrigin,6,0.000000,3.544537,3.979834,2.922448,40.977120
3,0.301904,6.913484,quadratic,450,150,rastrigin,6,0.994957,3.047059,2.984877,2.611643,40.389300
3,0.455730,1.091897,quadratic,450,150,rastrigin,6,1.125256,11.591302,14.014315,6.436201,28.748895
3,0.370927,0.521886,quadratic,450,150,rastrigin,6,6.238377,15.848529,18.145901,7.779096,40.288235
3,1.275867,0.754882,quadratic,450,150,rastrigin,6,2.987610,7.590546,6.996572,4.323539,41.321085
3,1.275867,3.974133,quadratic,450,150,rastrigin,6,0.000000,0.000000,0.000000,0.216846,41.654970
3,0.845213,0.627664,quadratic,450,150,rastrigin,6,5.411407,12.427792,13.148923,6.769818,14.457160
3,1.038450,5.748380,quadratic,450,150,rastrigin,6,0.000000,0.000000,0.000000,0.000000,42.679340
3,0.370927,2.747511,quadratic,450,150,rastrigin,6,2.985558,9.292487,10.464348,5.306159,42.957270
3,1.567562,8.314736,quadratic,450,150,rastrigin,6,0.000000,0.870588,0.994958,9.921189,33.264915
3,0.559922,6.913484,quadratic,450,150,rastrigin,6,0.000000,0.124370,0.000000,0.455947,31.846485
3,0.559922,1.313208,quadratic,450,150,rastrigin,6,4.019905,9.407510,10.456376,4.813266,33.997505
3,0.370927,4.779626,quadratic,450,150,rastrigin,6,0.994957,4.042017,4.974789,2.466911,22.497760
3,1.567562,0.360805,quadratic,450,150,rastrigin,6,2.451223,11.337660,13.270608,6.060308,17.304660
3,0.845213,5.748380,quadratic,450,150,rastrigin,6,0.000000,0.000000,0.000000,0.000000,18.641275
3,0.301904,1.579374,quadratic,450,150,rastrigin,6,2.508541,10.764030,12.020110,5.290045,21.952455
3,1.275867,2.284483,quadratic,450,150,rastrigin,6,0.000000,1.430251,1.989914,2.124644,24.910410
3,0.687934,0.907884,quadratic,450,150,rastrigin,6,3.996414,9.050399,9.927241,4.888951,20.301485
3,0.370927,1.091897,quadratic,450,150,rastrigin,6,7.186310,14.114739,15.584742,4.963240,19.217555
3,0.845213,1.313208,quadratic,450,150,rastrigin,6,1.990196,8.952079,10.450406,5.445952,18.830980
3,0.455730,10.000000,quadratic,450,150,rastrigin,6,0.000000,0.000000,0.000000,0.000000,35.839200
3,0.559922,0.754882,quadratic,450,150,rastrigin,6,5.466866,13.639453,14.463949,8.617165,36.006210
3,0.455730,0.627664,quadratic,450,150,rastrigin,6,7.751003,17.980185,19.399897,8.066195,37.230460
3,1.925946,5.748380,quadratic,450,150,rastrigin,6,0.000000,0.000000,0.000000,5.406474,21.567015
3,1.925946,3.974133,quadratic,450,150,rastrigin,6,0.000000,0.000000,0.000000,0.000000,20.456345
3,0.559922,2.284483,quadratic,450,150,rastrigin,6,2.984882,4.855559,5.472398,3.945837,37.624915
3,1.275867,1.579374,quadratic,450,150,rastrigin,6,0.994957,3.482353,3.979832,2.299189,19.914595
3,1.567562,0.627664,quadratic,450,150,rastrigin,6,2.985481,9.892277,11.442317,7.471462,17.830340
3,0.455730,5.748380,quadratic,450,150,rastrigin,6,0.000000,1.803360,1.989914,1.765174,36.618390
3,1.275867,8.314736,quadratic,450,150,rastrigin,6,0.000000,0.186554,0.000000,7.391309,20.172935
3,0.455730,1.899487,quadratic,450,150,rastrigin,6,4.007000,11.236488,11.656080,4.202095,36.098750
3,0.559922,0.433935,quadratic,450,150,rastrigin,6,4.839268,17.070009,19.643230,7.608534,37.864990
3,0.687934,10.000000,quadratic,450,150,rastrigin,6,0.000000,0.000000,0.000000,0.000000,19.376160
3,0.845213,3.304387,quadratic,450,150,rastrigin,6,0.000000,1.678990,1.989914,1.319961,16.339745
3,0.559922,3.974133,quadratic,450,150,rastrigin,6,0.994957,3.606722,3.482355,3.200530,33.735935
3,1.275867,0.300000,quadratic,450,150,rastrigin,6,6.109192,12.868984,14.890571,6.971196,20.767480
3,1.925946,10.000000,quadratic,450,150,rastrigin,6,0.000210,1.556528,1.989993,11.192413,20.433750
3,1.567562,1.899487,quadratic,450,150,rastrigin,6,0.000000,1.368066,1.989914,1.538167,17.591770
3,1.567562,3.304387,quadratic,450,150,rastrigin,6,0.000000,0.000000,0.000000,0.298487,18.404180
3,0.687934,0.521886,quadratic,450,150,rastrigin,6,5.236441,13.160026,14.742824,5.964137,29.759055
3,0.687934,4.779626,quadratic,450,150,rastrigin,6,0.000000,1.119327,0.994957,0.855895,30.058110
3,0.370927,0.360805,quadratic,450,150,rastrigin,6,9.757088,18.098469,20.334629,7.153871,30.237100
3,1.567562,1.091897,quadratic,450,150,rastrigin,6,1.989918,4.352946,4.974792,3.304019,16.531290
3,0.455730,3.304387,quadratic,450,150,rastrigin,6,1.003738,5.597604,6.964717,4.496010,34.275130
3,0.370927,10.000000,quadratic,450,150,rastrigin,6,0.000000,0.373109,0.497478,1.160309,30.264730
3,0.370927,1.899487,quadratic,450,150,rastrigin,6,5.151726,11.406857,11.254372,6.514921,31.667485
3,1.925946,0.433935,quadratic,450,150,rastrigin,6,4.159100,8.639350,9.977171,5.449713,12.973290
3,1.925946,0.754882,quadratic,450,150,rastrigin,6,1.989933,5.410208,6.467227,4.817760,13.585440
3,0.455730,0.433935,quadratic,450,150,rastrigin,6,4.454615,17.652924,19.396019,6.830058,34.220165
3,1.925946,1.313208,quadratic,450,150,rastrigin,6,0.994957,2.238654,1.989916,1.694352,14.417255
3,0.687934,0.360805,quadratic,450,150,rastrigin,6,6.437057,14.910542,16.042509,5.615228,13.906390
3,0.687934,1.899487,quadratic,450,150,rastrigin,6,2.984909,7.102336,8.457188,3.888047,13.790905
3,1.567562,5.748380,quadratic,450,150,rastrigin,6,0.000000,0.000000,0.000000,5.421102,22.788200
3,1.925946,2.284483,quadratic,450,150,rastrigin,6,0.000000,0.062185,0.000000,0.430829,18.973205
3,0.687934,3.304387,quadratic,450,150,rastrigin,6,0.994957,2.549579,2.984874,1.890419,19.242420
3,0.845213,2.284483,quadratic,450,150,rastrigin,6,0.000000,4.290755,4.974788,3.684026,13.362225
3,0.845213,0.754882,quadratic,450,150,rastrigin,6,4.018192,12.481577,15.778577,5.745965,15.538210
3,1.567562,0.433935,quadratic,450,150,rastrigin,6,4.064095,9.803197,10.366248,6.878267,14.674325
3,0.845213,6.913484,quadratic,450,150,rastrigin,6,0.000000,0.000000,0.000000,0.216846,16.423660
3,1.567562,10.000000,quadratic,450,150,rastrigin,6,0.000000,0.870636,0.994964,8.552696,18.136280
3,2.366266,2.284483,quadratic,450,150,rastrigin,6,0.000000,0.000000,0.000000,0.000000,14.770555
3,0.455730,1.313208,quadratic,450,150,rastrigin,6,3.421215,9.661318,11.228930,5.392941,23.025915
3,1.275867,1.899487,quadratic,450,150,rastrigin,6,0.000000,2.363024,2.984872,2.857363,14.741775
3,1.925946,6.913484,quadratic,450,150,rastrigin,6,0.000000,0.621849,0.994957,10.886478,17.759135
3,0.845213,0.433935,quadratic,450,150,rastrigin,6,7.062828,15.334570,17.089128,6.880954,27.248925
3,1.567562,0.754882,quadratic,450,150,rastrigin,6,1.990343,6.593355,6.966256,4.519554,18.069625
3,1.925946,4.779626,quadratic,450,150,rastrigin,6,0.000000,0.000000,0.000000,0.474565,20.581200
3,1.038450,0.433935,quadratic,450,150,rastrigin,6,7.247114,14.463332,16.403379,5.288774,35.833015
3,1.038450,0.754882,quadratic,450,150,rastrigin,6,3.026047,10.568827,12.041719,7.409141,35.917885
3,2.366266,0.433935,quadratic,450,150,rastrigin,6,2.991396,7.841702,8.460350,4.967587,37.023930
3,1.275867,10.000000,quadratic,450,150,rastrigin,6,0.000000,0.435294,0.994957,6.173875,15.597895
3,0.559922,8.314736,quadratic,450,150,rastrigin,6,0.000000,0.000000,0.000000,0.355271,29.127590
3,2.366266,3.974133,quadratic,450,150,rastrigin,6,0.000000,0.000000,0.000000,0.000000,14.878935
3,0.559922,1.579374,quadratic,450,150,rastrigin,6,4.981319,9.191570,10.481858,3.740588,30.999170
3,1.275867,0.360805,quadratic,450,150,rastrigin,6,4.037796,12.885818,14.936398,7.514857,15.958160
3,0.845213,10.000000,quadratic,450,150,rastrigin,6,0.000000,0.000000,0.000000,7.462116,44.086250
3,2.366266,0.300000,quadratic,450,150,rastrigin,6,3.073082,8.200337,8.284521,6.916120,16.696645
3,0.559922,0.300000,quadratic,450,150,rastrigin,6,3.816154,15.301040,17.023083,8.032048,30.352260
3,1.275867,0.907884,quadratic,450,150,rastrigin,6,2.985619,7.539856,8.954734,4.516207,37.336280
3,1.567562,2.284483,quadratic,450,150,rastrigin,6,0.000000,0.808403,0.994957,0.665581,17.040915
3,1.038450,3.974133,quadratic,450,150,rastrigin,6,0.000000,0.000000,0.000000,0.355271,43.494625
3,1.567562,1.313208,quadratic,450,150,rastrigin,6,1.989916,3.420167,3.979833,2.230902,15.075915
3,1.567562,3.974133,quadratic,450,150,rastrigin,6,0.000000,0.000000,0.000000,0.000000,19.717650
3,0.559922,2.747511,quadratic,450,150,rastrigin,6,1.989916,5.099163,6.467227,3.947382,33.139525
3,1.038450,1.313208,quadratic,450,150,rastrigin,6,1.989927,5.161725,6.964708,2.951843,43.734315
3,1.275867,0.521886,quadratic,450,150,rastrigin,6,3.985603,8.862993,9.606202,7.037272,43.740375
3,0.455730,0.754882,quadratic,450,150,rastrigin,6,8.115154,16.967417,18.602484,5.857172,34.558185
3,0.559922,0.907884,quadratic,450,150,rastrigin,6,2.543943,12.000744,14.132251,5.664816,34.258000
3,0.370927,0.627664,quadratic,450,150,rastrigin,6,5.052368,13.120230,15.993464,6.049351,43.075615
3,2.907255,0.300000,quadratic,450,150,rastrigin,6,2.040171,8.048899,10.454768,4.537470,17.820365
3,0.455730,6.913484,quadratic,450,150,rastrigin,6,0.000000,1.181512,1.492435,1.307717,32.566575
3,0.370927,5.748380,quadratic,450,150,rastrigin,6,0.994957,2.860503,2.984873,2.303493,41.694360
3,0.370927,3.304387,quadratic,450,150,rastrigin,6,2.985418,6.905503,7.968920,3.670488,43.189355
3,1.038450,2.284483,quadratic,450,150,rastrigin,6,0.000000,3.109242,2.984874,3.365249,44.612835
3,0.301904,8.314736,quadratic,450,150,rastrigin,6,0.000000,2.425209,2.487394,2.524920,45.139270
3,2.366266,0.754882,quadratic,450,150,rastrigin,6,0.994957,4.290756,5.472266,2.942700,41.487790
3,1.275867,4.779626,quadratic,450,150,rastrigin,6,0.000000,0.000000,0.000000,0.000000,45.496425
3,1.275867,2.747511,quadratic,450,150,rastrigin,6,0.000000,0.497478,0.994957,0.848635,40.474590
3,2.366266,1.313208,quadratic,450,150,rastrigin,6,0.000000,1.305882,1.989914,1.084230,39.631440
3,1.038450,6.913484,quadratic,450,150,rastrigin,6,0.000000,0.000000,0.000000,0.000000,45.834010
3,0.687934,1.091897,quadratic,450,150,rastrigin,6,4.040478,8.606867,9.528339,5.160549,41.130150
3,1.925946,0.521886,quadratic,450,150,rastrigin,6,1.998566,7.605667,8.475194,4.212345,19.904235
3,1.925946,1.579374,quadratic,450,150,rastrigin,6,0.000000,1.305881,1.989914,1.858734,17.724855
3,1.925946,0.907884,quadratic,450,150,rastrigin,6,1.989914,4.104206,4.477314,3.659430,19.608575
3,0.455730,2.284483,quadratic,450,150,rastrigin,6,2.986309,5.982403,6.505749,4.030708,34.252980
3,0.845213,3.974133,quadratic,450,150,rastrigin,6,0.000000,0.746218,0.994957,1.253607,32.242200
3,0.559922,0.521886,quadratic,450,150,rastrigin,6,6.273970,15.281132,17.045906,7.961451,34.102700
3,0.687934,0.627664,quadratic,450,150,rastrigin,6,6.155083,13.159748,13.048607,5.696058,28.895890
3,0.559922,4.779626,quadratic,450,150,rastrigin,6,0.994957,1.865545,1.989914,1.673039,32.662150
3,2.907255,2.747511,quadratic,450,150,rastrigin,6,0.000000,0.000000,0.000000,0.000000,21.453990
3,2.907255,4.779626,quadratic,450,150,rastrigin,6,0.000000,0.684034,0.994957,9.259255,20.958015
3,0.687934,5.748380,quadratic,450,150,rastrigin,6,0.000000,0.248739,0.000000,0.586518,29.999195
3,1.925946,2.747511,quadratic,450,150,rastrigin,6,0.000000,0.000000,0.000000,0.216846,21.099655
3,0.455730,3.974133,quadratic,450,150,rastrigin,6,0.995041,4.104208,4.477311,2.385297,28.096220
3,2.907255,0.521886,quadratic,450,150,rastrigin,6,0.994959,4.726129,5.472269,3.193202,27.766595
3,1.567562,6.913484,quadratic,450,150,rastrigin,6,0.000000,0.000000,0.000000,6.279716,21.945855
3,2.907255,8.314736,quadratic,450,150,rastrigin,6,0.000294,1.575411,1.096652,11.402248,18.489145
3,2.907255,0.907884,quadratic,450,150,rastrigin,6,0.994957,2.425209,2.984873,1.720443,27.416230
3,2.366266,6.913484,quadratic,450,150,rastrigin,6,0.000000,0.933393,0.995287,9.981414,31.478575
3,3.571927,0.360805,quadratic,450,150,rastrigin,6,1.989918,6.469656,6.966892,3.553629,19.128460
3,3.571927,0.627664,quadratic,450,150,rastrigin,6,0.994957,2.984873,2.984875,1.524430,17.588510
3,2.907255,1.579374,quadratic,450,150,rastrigin,6,0.000000,0.000000,0.000000,0.216846,26.498560
3,3.571927,1.091897,quadratic,450,150,rastrigin,6,0.000000,0.248739,0.000000,0.586518,17.279035
3,3.571927,1.899487,quadratic,450,150,rastrigin,6,0.000000,0.000000,0.000000,0.000000,17.238595
3,2.366266,2.747511,quadratic,450,150,rastrigin,6,0.000000,0.000000,0.000000,0.216846,16.640045
3,1.925946,0.300000,quadratic,450,150,rastrigin,6,4.467182,12.587179,12.937297,5.166755,17.339310
3,3.571927,5.748380,quadratic,450,150,rastrigin,6,0.000004,1.123137,1.005525,9.450213,16.907900
3,3.571927,3.304387,quadratic,450,150,rastrigin,6,0.000000,0.186554,0.000000,5.411108,17.977750
3,3.571927,10.000000,quadratic,450,150,rastrigin,6,1.003977,3.437572,3.309635,10.984071,16.939530
3,4.388561,0.754882,quadratic,450,150,rastrigin,6,0.000000,1.181511,0.994957,1.018314,14.626715
3,4.388561,0.433935,quadratic,450,150,rastrigin,6,1.989914,4.539495,5.472270,3.628514,18.243330
3,1.925946,8.314736,quadratic,450,150,rastrigin,6,0.000000,0.497918,0.994958,6.183035,21.602890
3,4.388561,1.313208,quadratic,450,150,rastrigin,6,0.000000,0.000000,0.000000,0.000000,15.510535
3,2.366266,4.779626,quadratic,450,150,rastrigin,6,0.000000,0.000000,0.000000,0.474565,15.356150
3,2.366266,0.360805,quadratic,450,150,rastrigin,6,3.030422,10.220614,10.991777,4.904912,15.657855
3,4.388561,6.913484,quadratic,450,150,rastrigin,6,0.049473,2.203717,2.986213,6.085356,16.824440
3,5.391897,0.521886,quadratic,450,150,rastrigin,6,0.994957,1.927730,1.989916,1.234710,15.399750
3,5.391897,0.907884,quadratic,450,150,rastrigin,6,0.000000,0.000000,0.000000,0.216846,14.274325
3,1.038450,0.521886,quadratic,450,150,rastrigin,6,5.370289,11.306755,13.690095,6.280713,21.400290
3,2.366266,0.521886,quadratic,450,150,rastrigin,6,0.995054,6.531003,5.970455,6.104638,21.255705
3,5.391897,1.579374,quadratic,450,150,rastrigin,6,0.000000,0.000000,0.000000,0.000000,18.275805
3,1.038450,0.907884,quadratic,450,150,rastrigin,6,4.106308,8.239719,9.951004,2.959425,25.363560
3,5.391897,0.300000,quadratic,450,150,rastrigin,6,0.995022,3.606888,3.482409,2.577393,23.635075
3,4.388561,2.284483,quadratic,450,150,rastrigin,6,0.000000,0.000000,0.000000,0.216846,25.610085
3,4.388561,3.974133,quadratic,450,150,rastrigin,6,0.000004,2.616452,0.994995,12.423469,25.559360
3,2.907255,0.360805,quadratic,450,150,rastrigin,6,3.987564,8.220417,9.454560,4.378714,15.908495
3,1.275867,1.091897,quadratic,450,150,rastrigin,6,0.994980,6.478832,7.057438,4.139294,27.196865
3,8.139176,0.433935,quadratic,450,150,rastrigin,6,0.000000,0.621848,0.994957,1.089921,15.683915
3,8.139176,0.754882,quadratic,450,150,rastrigin,6,0.000000,0.000000,0.000000,0.000000,17.164230
3,2.907255,3.304387,quadratic,450,150,rastrigin,6,0.000000,0.000000,0.000000,0.355271,17.291370
3,6.624620,10.000000,quadratic,450,150,rastrigin,6,4.598377,9.988134,8.458254,10.860039,19.660365
3,1.038450,0.300000,quadratic,450,150,rastrigin,6,7.469318,17.022396,19.040726,8.201532,34.852315
3,1.038450,4.779626,quadratic,450,150,rastrigin,6,0.000000,0.000000,0.000000,0.216846,32.383860
3,10.000000,0.907884,quadratic,450,150,rastrigin,6,0.000000,0.124370,0.000000,9.904113,19.928395
3,2.907255,5.748380,quadratic,450,150,rastrigin,6,0.000000,0.870963,0.995015,5.279154,20.989605
3,10.000000,1.579374,quadratic,450,150,rastrigin,6,0.000002,1.243735,1.989918,9.876405,21.550835
3,5.391897,2.747511,quadratic,450,150,rastrigin,6,0.000000,1.057144,0.994962,8.501554,32.986270
3,10.000000,4.779626,quadratic,450,150,rastrigin,6,2.112383,5.673053,4.348616,11.695344,20.981260
3,2.907255,10.000000,quadratic,450,150,rastrigin,6,1.015968,2.362624,3.000146,8.431948,21.553920
3,5.391897,4.779626,quadratic,450,150,rastrigin,6,0.016304,3.868239,2.500049,12.411702,36.088885
3,3.571927,0.433935,quadratic,450,150,rastrigin,6,1.990376,5.596767,5.969747,5.267367,19.325115
3,6.624620,0.627664,quadratic,450,150,rastrigin,6,0.000000,0.124370,0.000000,0.569390,35.718230
3,5.391897,8.314736,quadratic,450,150,rastrigin,6,1.055672,3.585377,4.041251,6.260003,36.866070
3,1.275867,0.627664,quadratic,450,150,rastrigin,6,2.991005,10.561765,12.549619,8.246894,37.142265
3,3.571927,0.754882,quadratic,450,150,rastrigin,6,0.994957,2.176469,1.989916,1.107938,19.986140
3,1.038450,1.579374,quadratic,450,150,rastrigin,6,1.989920,3.979851,3.979836,4.216540,41.562575
3,10.000000,0.300000,quadratic,450,150,rastrigin,6,0.994957,1.181512,0.994957,0.665581,34.473375
3,3.571927,1.313208,quadratic,450,150,rastrigin,6,0.000000,0.000000,0.000000,0.298487,21.478560
3,6.624620,1.091897,quadratic,450,150,rastrigin,6,0.000000,0.000000,0.000000,0.000000,41.138255
3,6.624620,0.360805,quadratic,450,150,rastrigin,6,0.000000,2.052100,1.989917,2.246927,42.483270
3,2.366266,1.579374,quadratic,450,150,rastrigin,6,0.000000,0.435294,0.497478,1.130054,38.003165
3,1.275867,3.304387,quadratic,450,150,rastrigin,6,0.000000,0.000000,0.000000,0.298487,38.178230
3,1.038450,2.747511,quadratic,450,150,rastrigin,6,0.000000,1.492436,1.989914,1.085371,40.959100
3,8.139176,1.313208,quadratic,450,150,rastrigin,6,0.000000,0.000000,0.000000,8.863445,37.503360
3,10.000000,0.521886,quadratic,450,150,rastrigin,6,0.000000,0.000000,0.000000,0.216846,36.271320
3,2.366266,3.304387,quadratic,450,150,rastrigin,6,0.000000,0.000000,0.000000,5.421102,22.222450
3,6.624620,3.304387,quadratic,450,150,rastrigin,6,0.000864,5.361566,3.006060,12.140935,41.621165
3,10.000000,8.314736,quadratic,450,150,rastrigin,6,5.970181,9.578106,10.868059,2.840088,22.826360
3,1.275867,5.748380,quadratic,450,150,rastrigin,6,0.000000,0.000000,0.000000,0.216846,40.299115
3,8.139176,6.913484,quadratic,450,150,rastrigin,6,1.641113,6.421734,6.807434,11.296288,38.497340
3,3.571927,2.284483,quadratic,450,150,rastrigin,6,0.000000,0.000000,0.000000,0.355271,23.005520
3,3.571927,6.913484,quadratic,450,150,rastrigin,6,0.001892,1.563242,1.992226,8.484223,22.400875
3,2.366266,0.907884,quadratic,450,150,rastrigin,6,0.994957,2.922688,2.984874,3.043982,41.204705
3,8.139176,3.974133,quadratic,450,150,rastrigin,6,0.996975,2.749217,2.990491,10.077966,39.046595
3,2.907255,1.091897,quadratic,450,150,rastrigin,6,0.000000,1.305882,1.989914,3.042355,32.000995
3,2.907255,0.627664,quadratic,450,150,rastrigin,6,1.989916,4.726051,5.969747,2.916090,35.468840
3,6.624620,5.748380,quadratic,450,150,rastrigin,6,2.166018,3.965695,4.134415,7.891633,41.189775
3,1.038450,8.314736,quadratic,450,150,rastrigin,6,0.000000,0.000000,0.000000,0.000000,41.454350
3,6.624620,1.899487,quadratic,450,150,rastrigin,6,0.000000,0.435295,0.994957,7.949934,44.427750
3,8.139176,2.284483,quadratic,450,150,rastrigin,6,0.000025,1.181766,1.492891,9.799111,40.561735
3,10.000000,2.747511,quadratic,450,150,rastrigin,6,0.001097,1.886917,2.490349,8.719028,38.810470
3,2.366266,8.314736,quadratic,450,150,rastrigin,6,0.000000,1.492732,1.989957,9.913106,32.383370
3,4.388561,0.300000,quadratic,450,150,rastrigin,6,0.994968,5.045403,5.985480,2.972650,19.738745
3,2.907255,1.899487,quadratic,450,150,rastrigin,6,0.000000,0.000000,0.000000,0.216846,30.279210
3,4.388561,0.521886,quadratic,450,150,rastrigin,6,0.000000,3.109242,3.979829,3.604905,20.235180
3,4.388561,0.907884,quadratic,450,150,rastrigin,6,0.000000,0.559663,0.994957,0.619356,20.730540
3,0.200000,0.360805,exponential_3,450,150,rastrigin,6,15.115114,21.712280,22.604355,6.093606,21.906280
3,3.571927,3.974133,quadratic,450,150,rastrigin,6,0.000000,2.802388,0.994963,12.086592,27.057920
3,0.200000,0.627664,exponential_3,450,150,rastrigin,6,9.898317,17.424915,18.281162,6.764514,18.257290
3,4.388561,1.579374,quadratic,450,150,rastrigin,6,0.000000,0.000000,0.000000,0.000000,23.056720
3,4.388561,8.314736,quadratic,450,150,rastrigin,6,0.298004,3.103897,3.412169,10.131490,18.328845
3,2.366266,5.748380,quadratic,450,150,rastrigin,6,0.000000,0.994960,0.994961,9.635961,22.212965
3,5.391897,0.627664,quadratic,450,150,rastrigin,6,0.000000,0.994957,0.994957,1.154966,19.718995
3,5.391897,0.360805,quadratic,450,150,rastrigin,6,0.994957,3.979835,4.477311,3.896875,15.703715
3,8.139176,0.521886,quadratic,450,150,rastrigin,6,0.000000,0.000000,0.000000,0.355271,15.810755
3,0.200000,3.304387,exponential_3,450,150,rastrigin,6,4.982412,11.697762,13.146605,5.551865,16.834625
3,2.366266,0.627664,quadratic,450,150,rastrigin,6,1.989918,5.980252,6.966799,4.871940,17.809540
3,5.391897,1.091897,quadratic,450,150,rastrigin,6,0.000000,0.000000,0.000000,0.000000,19.723950
3,0.200000,1.091897,exponential_3,450,150,rastrigin,6,6.648495,16.846378,19.611855,7.905643,18.144515
3,2.907255,0.433935,quadratic,450,150,rastrigin,6,1.991051,5.289810,6.467360,4.613722,18.080995
3,4.388561,4.779626,quadratic,450,150,rastrigin,6,0.000095,1.679649,1.990199,11.023337,18.102405
3,4.388561,2.747511,quadratic,450,150,rastrigin,6,0.000000,0.248739,0.000000,10.231073,19.062145
3,2.907255,3.974133,quadratic,450,150,rastrigin,6,0.000000,0.062185,0.000000,5.390039,16.703375
3,5.391897,1.899487,quadratic,450,150,rastrigin,6,0.000000,0.124370,0.000000,8.812326,19.545295
3,0.200000,1.899487,exponential_3,450,150,rastrigin,6,8.472454,13.458864,14.251375,4.886174,20.192645
3,8.139176,0.300000,quadratic,450,150,rastrigin,6,0.994957,3.295797,3.979831,2.154720,17.196155
3,8.139176,0.907884,quadratic,450,150,rastrigin,6,0.000000,0.000000,0.000000,0.000000,18.434285
3,0.200000,5.748380,exponential_3,450,150,rastrigin,6,1.009319,7.083901,7.521115,6.046064,19.834555
3,3.571927,0.300000,quadratic,450,150,rastrigin,6,1.057850,6.977309,8.457648,5.860492,13.916150
3,10.000000,1.899487,quadratic,450,150,rastrigin,6,0.000000,6.287960,1.990497,13.005158,17.254375
3,2.907255,6.913484,quadratic,450,150,rastrigin,6,0.000000,3.074387,1.989925,12.029760,18.411575
3,0.200000,10.000000,exponential_3,450,150,rastrigin,6,0.994959,4.355485,4.976735,3.102961,20.557660
3,10.000000,5.748380,quadratic,450,150,rastrigin,6,0.715197,6.849266,7.604689,8.775833,16.758440
3,3.571927,0.521886,quadratic,450,150,rastrigin,6,1.989918,4.726048,5.472266,3.686377,12.848800
3,10.000000,1.091897,quadratic,450,150,rastrigin,6,0.000000,0.124370,0.000000,8.600971,24.174215
3,3.571927,0.907884,quadratic,450,150,rastrigin,6,0.000000,0.808403,0.994957,0.586519,13.758450
3,5.391897,3.304387,quadratic,450,150,rastrigin,6,0.000000,2.678432,1.492720,12.232606,24.553515
3,3.571927,1.579374,quadratic,450,150,rastrigin,6,0.000000,0.000000,0.000000,0.000000,14.998120
3,10.000000,10.000000,quadratic,450,150,rastrigin,6,6.760677,12.945392,12.765234,8.304728,16.142240
3,3.571927,8.314736,quadratic,450,150,rastrigin,6,0.013134,1.893890,2.040874,11.379407,16.649355
3,3.571927,2.747511,quadratic,450,150,rastrigin,6,0.000000,0.000000,0.000000,7.434871,18.766970
3,0.245725,3.974133,exponential_3,450,150,rastrigin,6,1.002615,10.367359,12.032376,5.160128,23.893955
3,5.391897,5.748380,quadratic,450,150,rastrigin,6,0.995953,3.005187,3.509911,5.823571,31.484600
3,0.301904,0.300000,exponential_3,450,150,rastrigin,6,11.694761,21.492550,23.280243,7.622912,19.618375
3,4.388561,0.360805,quadratic,450,150,rastrigin,6,0.000017,4.415203,5.969748,3.169439,18.693180
3,0.200000,0.433935,exponential_3,450,150,rastrigin,6,11.566574,20.144934,21.408119,5.680507,16.163995
3,4.388561,1.091897,quadratic,450,150,rastrigin,6,0.000000,0.000000,0.000000,0.298487,18.008510
3,4.388561,0.627664,quadratic,450,150,rastrigin,6,0.000000,1.554621,1.989914,3.035841,18.106640
3,0.200000,0.754882,exponential_3,450,150,rastrigin,6,9.781349,19.169989,21.204014,7.138828,17.584335
3,4.388561,1.899487,quadratic,450,150,rastrigin,6,0.000000,0.000000,0.000000,5.421102,18.416495
3,10.000000,0.360805,quadratic,450,150,rastrigin,6,0.000000,0.684033,0.994957,1.085370,33.418350
3,0.245725,0.433935,exponential_3,450,150,rastrigin,6,5.705448,19.415878,21.673233,7.144095,33.611650
3,4.388561,10.000000,quadratic,450,150,rastrigin,6,1.275650,4.075844,4.316869,8.017427,17.139140
3,0.301904,0.907884,exponential_3,450,150,rastrigin,6,6.988029,15.535267,18.135454,6.341854,17.028865
3,6.624620,0.754882,quadratic,450,150,rastrigin,6,0.000000,0.000000,0.000000,0.000000,35.465090
3,5.391897,0.754882,quadratic,450,150,rastrigin,6,0.000000,0.062185,0.000000,0.430829,17.511600
3,5.391897,10.000000,quadratic,450,150,rastrigin,6,2.158710,5.383986,6.292142,8.057329,35.909370
3,10.000000,0.627664,quadratic,450,150,rastrigin,6,0.000000,0.000000,0.000000,0.000000,35.892890
3,8.139176,0.627664,quadratic,450,150,rastrigin,6,0.000000,0.000000,0.000000,0.000000,16.426925
3,8.139176,1.579374,quadratic,450,150,rastrigin,6,0.000000,0.497479,0.994957,11.353594,39.021405
3,8.139176,8.314736,quadratic,450,150,rastrigin,6,0.836678,6.498164,7.672111,9.825500,36.767490
3,0.245725,2.284483,exponential_3,450,150,rastrigin,6,2.039009,8.883464,9.154334,6.534859,39.417715
3,6.624620,0.433935,quadratic,450,150,rastrigin,6,0.000000,1.430251,1.989915,1.491607,40.219325
3,0.245725,0.754882,exponential_3,450,150,rastrigin,6,10.853027,19.562424,20.503124,5.323146,41.689220
3,2.907255,0.754882,quadratic,450,150,rastrigin,6,0.994957,4.228570,4.974788,1.504822,33.959455
3,0.245725,6.913484,exponential_3,450,150,rastrigin,6,2.984884,6.281250,6.964740,4.146128,40.339920
3,2.366266,1.899487,quadratic,450,150,rastrigin,6,0.000000,0.000000,0.000000,0.355271,43.159765
3,8.139176,4.779626,quadratic,450,150,rastrigin,6,2.035225,7.640425,6.091676,12.459125,37.353205
3,0.245725,1.313208,exponential_3,450,150,rastrigin,6,7.249928,13.428401,14.866961,7.621229,43.394560
3,2.907255,2.284483,quadratic,450,150,rastrigin,6,0.000000,0.000000,0.000000,0.000000,35.468475
3,6.624620,3.974133,quadratic,450,150,rastrigin,6,0.022026,2.184402,2.985549,9.928636,45.214090
3,10.000000,3.304387,quadratic,450,150,rastrigin,6,1.004147,3.141131,3.003006,10.908244,37.392965
3,6.624620,1.313208,quadratic,450,150,rastrigin,6,0.000000,0.000000,0.000000,0.216846,46.561180
3,2.366266,10.000000,quadratic,450,150,rastrigin,6,0.002171,1.742501,1.992503,9.948622,38.138000
3,3.571927,4.779626,quadratic,450,150,rastrigin,6,0.000000,0.932799,0.994964,9.784736,34.126695
3,0.301904,4.779626,exponential_3,450,150,rastrigin,6,2.361898,6.126360,7.959764,5.323498,19.360230
3,5.391897,1.313208,quadratic,450,150,rastrigin,6,0.000000,0.000000,0.000000,0.000000,19.557820
3,5.391897,0.433935,quadratic,450,150,rastrigin,6,0.994957,3.109243,3.979832,2.462894,28.417930
3,2.366266,1.091897,quadratic,450,150,rastrigin,6,0.000000,2.238654,2.984871,1.292488,43.422775
3,0.301904,8.314736,exponential_3,450,150,rastrigin,6,0.994957,2.736135,2.984875,2.959474,20.048415
3,2.907255,1.313208,quadratic,450,150,rastrigin,6,0.000000,0.248739,0.000000,0.487428,43.539835
3,0.301904,0.521886,exponential_3,450,150,rastrigin,6,6.660353,15.904198,17.706940,6.742579,43.033610
3,6.624620,6.913484,quadratic,450,150,rastrigin,6,2.280205,6.398418,6.149766,11.001202,44.040540
3,5.391897,2.284483,quadratic,450,150,rastrigin,6,0.000000,0.248739,0.000000,6.154204,21.078140
3,8.139176,0.360805,quadratic,450,150,rastrigin,6,0.000000,1.803361,1.989916,1.792995,19.176740
3,0.370927,0.360805,exponential_3,450,150,rastrigin,6,13.410412,21.250139,23.590446,6.326405,18.608720
3,4.388561,5.748380,quadratic,450,150,rastrigin,6,0.000641,1.381947,1.089575,5.875544,23.603845
3,8.139176,1.091897,quadratic,450,150,rastrigin,6,0.000000,0.000000,0.000000,5.414021,19.483690
3,6.624620,2.284483,quadratic,450,150,rastrigin,6,0.000000,0.746267,0.994957,11.383584,44.676360
3,8.139176,2.747511,quadratic,450,150,rastrigin,6,0.001009,1.183549,1.494502,10.030841,44.519885
3,0.370927,0.627664,exponential_3,450,150,rastrigin,6,5.536789,13.091589,14.158476,5.198959,19.006315
3,4.388561,3.304387,quadratic,450,150,rastrigin,6,0.000000,2.496955,0.994960,12.117194,24.210845
3,10.000000,2.284483,quadratic,450,150,rastrigin,6,0.994970,1.993364,1.992328,9.975525,20.480395
3,10.000000,6.913484,quadratic,450,150,rastrigin,6,2.671942,6.804094,8.355510,8.879372,18.186495
3,0.370927,1.091897,exponential_3,450,150,rastrigin,6,5.040897,12.540263,14.497659,8.326990,18.245565
3,0.200000,3.974133,exponential_3,450,150,rastrigin,6,3.050734,10.360473,11.508301,6.290183,33.009550
3,0.370927,1.899487,exponential_3,450,150,rastrigin,6,2.993954,9.769733,11.095898,6.070672,19.146475
3,0.301904,2.747511,exponential_3,450,150,rastrigin,6,3.146490,8.831974,10.511309,6.684967,30.356445
3,0.301904,1.579374,exponential_3,450,150,rastrigin,6,8.535000,12.949169,12.321920,4.965540,31.447890
3,10.000000,1.313208,quadratic,450,150,rastrigin,6,0.000000,1.989964,0.994957,11.403760,20.482075
3,0.200000,1.313208,exponential_3,450,150,rastrigin,6,9.046902,16.196407,17.492548,5.438349,30.754195
3,5.391897,3.974133,quadratic,450,150,rastrigin,6,0.000000,3.784158,2.986006,11.759731,17.767910
3,0.200000,2.284483,exponential_3,450,150,rastrigin,6,5.404274,15.991203,16.084698,5.514770,27.529060
3,0.370927,3.304387,exponential_3,450,150,rastrigin,6,0.995529,7.107116,9.460785,6.003439,16.854995
3,0.200000,6.913484,exponential_3,450,150,rastrigin,6,2.027222,5.600858,5.982927,5.446349,27.020990
3,0.245725,0.300000,exponential_3,450,150,rastrigin,6,15.481945,23.161137,24.882938,4.841121,26.389855
3,0.200000,0.300000,exponential_3,450,150,rastrigin,6,9.684624,23.070890,27.512943,7.970369,16.195840
3,0.370927,5.748380,exponential_3,450,150,rastrigin,6,0.997377,3.606878,3.979833,2.667263,15.016125
3,0.245725,4.779626,exponential_3,450,150,rastrigin,6,1.989941,6.735206,7.462465,4.788064,14.781645
3,0.200000,0.521886,exponential_3,450,150,rastrigin,6,6.110352,22.410450,24.981007,7.461832,13.176585
3,0.370927,10.000000,exponential_3,450,150,rastrigin,6,0.000000,1.554621,1.989914,1.381345,16.099255
3,0.455730,0.754882,exponential_3,450,150,rastrigin,6,3.689508,16.932285,20.825771,7.701093,13.338515
3,0.455730,0.433935,exponential_3,450,150,rastrigin,6,8.985878,17.352650,21.797503,7.854299,14.624120
3,0.200000,0.907884,exponential_3,450,150,rastrigin,6,10.767538,19.493570,21.242722,5.784428,14.022735
3,0.455730,1.313208,exponential_3,450,150,rastrigin,6,2.154211,8.976667,9.206528,7.137103,19.415165
3,0.301904,0.360805,exponential_3,450,150,rastrigin,6,10.534962,22.223248,27.586369,9.337176,22.433725
3,0.455730,6.913484,exponential_3,450,150,rastrigin,6,0.000000,2.052101,2.984874,2.354501,15.925245
3,5.391897,6.913484,quadratic,450,150,rastrigin,6,1.094973,3.156570,3.184559,9.745540,25.464410
3,0.559922,0.300000,exponential_3,450,150,rastrigin,6,11.577385,17.308529,18.944050,4.654098,16.788835
3,0.455730,2.284483,exponential_3,450,150,rastrigin,6,2.985344,7.290307,9.949879,6.343952,22.299710
3,0.455730,3.974133,exponential_3,450,150,rastrigin,6,1.989918,3.856281,3.985997,2.883445,23.126980
3,0.245725,0.521886,exponential_3,450,150,rastrigin,6,10.585377,17.218212,19.475210,7.506718,24.831815
3,0.301904,1.091897,exponential_3,450,150,rastrigin,6,4.060272,12.129086,15.020188,6.492521,24.797040
3,6.624620,0.300000,quadratic,450,150,rastrigin,6,1.989916,3.544538,3.979831,2.257370,24.458250
3,0.301904,5.748380,exponential_3,450,150,rastrigin,6,1.989916,4.353293,4.974876,3.301518,19.960490
3,1.038450,0.433935,exponential_3,450,150,rastrigin,6,5.983730,13.949201,15.902586,4.942513,19.468555
3,0.301904,10.000000,exponential_3,450,150,rastrigin,6,0.000000,2.052101,1.989918,1.690696,19.383290
3,0.559922,8.314736,exponential_3,450,150,rastrigin,6,0.000000,0.932772,0.994958,5.490055,20.849330
3,0.687934,1.899487,exponential_3,450,150,rastrigin,6,1.020901,5.730085,5.510160,4.257297,19.338715
3,10.000000,0.433935,quadratic,450,150,rastrigin,6,0.000000,0.000000,0.000000,0.533486,29.436895
3,0.370927,0.433935,exponential_3,450,150,rastrigin,6,3.809843,16.775257,19.598621,5.807627,18.600090
3,0.687934,3.304387,exponential_3,450,150,rastrigin,6,0.994961,3.233613,2.984876,2.093554,20.361935
3,0.245725,0.907884,exponential_3,450,150,rastrigin,6,9.871395,17.185444,17.540258,6.124503,23.935850
3,0.687934,10.000000,exponential_3,450,150,rastrigin,6,0.000000,0.684033,0.994957,0.569390,18.847900
3,6.624620,0.907884,quadratic,450,150,rastrigin,6,0.000000,0.000000,0.000000,0.000000,37.361745
3,0.559922,1.579374,exponential_3,450,150,rastrigin,6,3.988262,10.362190,11.124013,4.820528,32.096110
3,0.559922,2.747511,exponential_3,450,150,rastrigin,6,0.994957,5.537418,6.964903,3.689632,33.980055
3,0.370927,0.754882,exponential_3,450,150,rastrigin,6,6.819212,17.722490,18.923260,5.615547,18.633920
3,0.245725,1.579374,exponential_3,450,150,rastrigin,6,4.334137,12.642955,14.674893,6.666747,35.422240
3,0.559922,0.521886,exponential_3,450,150,rastrigin,6,5.773535,16.958424,19.624195,6.645604,35.782745
3,8.139176,1.899487,quadratic,450,150,rastrigin,6,0.000000,0.995093,1.492440,10.831504,39.053385
3,10.000000,0.754882,quadratic,450,150,rastrigin,6,0.000000,0.000000,0.000000,0.000000,39.686950
3,0.245725,2.747511,exponential_3,450,150,rastrigin,6,4.196625,11.250944,12.973694,6.434596,38.697595
3,0.559922,4.779626,exponential_3,450,150,rastrigin,6,0.000000,3.295802,3.979832,1.484954,37.179765
3,8.139176,10.000000,quadratic,450,150,rastrigin,6,1.720480,8.409409,10.332201,5.913136,39.788825
3,0.687934,0.360805,exponential_3,450,150,rastrigin,6,6.506889,14.265142,16.623798,6.629830,35.966360
3,6.624620,0.521886,quadratic,450,150,rastrigin,6,0.000000,0.746218,0.994957,0.736201,38.642050
3,0.370927,1.313208,exponential_3,450,150,rastrigin,6,5.883108,13.253210,15.473417,4.815464,17.095515
3,0.687934,5.748380,exponential_3,450,150,rastrigin,6,0.000000,1.181512,1.492435,1.479112,33.914285
3,0.370927,2.284483,exponential_3,450,150,rastrigin,6,5.996967,10.876624,11.074202,5.485390,16.909410
3,8.139176,5.748380,quadratic,450,150,rastrigin,6,0.252110,5.957930,6.940699,10.259164,38.822625
3,10.000000,3.974133,quadratic,450,150,rastrigin,6,1.015881,3.184806,3.276751,9.702693,39.331670
3,0.845213,1.313208,exponential_3,450,150,rastrigin,6,1.990005,7.395742,7.989347,4.823533,19.462885
3,0.845213,2.284483,exponential_3,450,150,rastrigin,6,0.000000,4.352958,4.974792,3.966122,19.614700
3,6.624620,4.779626,quadratic,450,150,rastrigin,6,0.062464,1.910790,2.100693,6.362092,40.444930
3,0.245725,8.314736,exponential_3,450,150,rastrigin,6,0.994961,4.042186,4.974793,3.923337,41.155115
3,0.301904,0.627664,exponential_3,450,150,rastrigin,6,8.921890,18.088444,19.950874,4.617640,40.143215
3,0.370927,3.974133,exponential_3,450,150,rastrigin,6,0.994968,5.043561,5.475447,4.714472,18.614220
3,0.845213,3.974133,exponential_3,450,150,rastrigin,6,0.000000,2.363026,2.984875,1.491607,19.460200
3,0.687934,0.627664,exponential_3,450,150,rastrigin,6,5.433025,12.977976,12.507418,5.396200,41.838360
3,0.559922,0.907884,exponential_3,450,150,rastrigin,6,2.154575,11.703921,13.180459,6.262695,42.635910
3,6.624620,8.314736,quadratic,450,150,rastrigin,6,2.665207,6.920581,8.012415,8.918182,41.011665
3,6.624620,1.579374,quadratic,450,150,rastrigin,6,0.000000,0.000000,0.000000,8.067515,42.892140
3,0.370927,6.913484,exponential_3,450,150,rastrigin,6,0.000000,2.238655,2.984872,2.892231,17.878710
3,1.038450,0.300000,exponential_3,450,150,rastrigin,6,4.190180,15.439090,17.433126,7.019149,19.168930
3,0.845213,0.433935,exponential_3,450,150,rastrigin,6,3.596107,13.613862,14.924861,7.156183,26.656000
3,0.245725,5.748380,exponential_3,450,150,rastrigin,6,2.984888,7.366841,7.959750,6.562549,19.543320
3,0.845213,6.913484,exponential_3,450,150,rastrigin,6,0.000000,0.497478,0.994957,0.808307,23.136375
3,0.455730,0.907884,exponential_3,450,150,rastrigin,6,5.409008,14.355171,16.910469,5.639853,18.011975
3,0.455730,0.300000,exponential_3,450,150,rastrigin,6,4.628666,18.465714,22.496513,7.177786,20.687055
3,0.687934,1.091897,exponential_3,450,150,rastrigin,6,4.004965,9.408607,10.704814,7.355474,18.072730
3,0.455730,0.521886,exponential_3,450,150,rastrigin,6,8.591385,17.835442,20.140055,6.411345,16.509315
3,0.200000,8.314736,exponential_3,450,150,rastrigin,6,0.000416,4.425611,5.473798,3.960472,27.133765
3,0.455730,1.579374,exponential_3,450,150,rastrigin,6,5.973618,11.056069,13.203304,5.247707,17.057590
3,6.624620,2.747511,quadratic,450,150,rastrigin,6,0.000006,0.870789,0.995023,9.549749,42.667600
3,0.845213,0.754882,exponential_3,450,150,rastrigin,6,5.191986,11.003227,12.694777,6.546990,35.563800
3,0.455730,8.314736,exponential_3,450,150,rastrigin,6,0.000000,1.430252,1.989914,1.702366,16.687820
3,1.038450,0.907884,exponential_3,450,150,rastrigin,6,2.094425,7.489662,8.482483,4.889616,15.749030
3,0.301904,0.433935,exponential_3,450,150,rastrigin,6,11.866640,19.042494,21.690506,5.803236,17.720945
3,1.038450,0.627664,exponential_3,450,150,rastrigin,6,7.019770,11.508363,13.042082,4.705656,20.343795
3,8.139176,3.304387,quadratic,450,150,rastrigin,6,0.008066,2.140192,2.022826,10.123614,41.387620
3,0.200000,4.779626,exponential_3,450,150,rastrigin,6,3.979946,8.646667,10.072656,4.549371,36.426140
3,0.301904,1.899487,exponential_3,450,150,rastrigin,6,3.229000,9.405396,11.110359,7.209785,35.281940
3,0.559922,0.360805,exponential_3,450,150,rastrigin,6,12.179239,17.023140,17.733973,7.407001,15.899540
3,0.200000,2.747511,exponential_3,450,150,rastrigin,6,4.666901,12.144749,13.957922,6.553948,34.911450
3,0.200000,1.579374,exponential_3,450,150,rastrigin,6,8.330942,14.609566,16.176937,5.937027,34.973055
3,0.301904,3.304387,exponential_3,450,150,rastrigin,6,1.999641,9.494169,10.468919,5.334896,36.402810
3,0.245725,0.360805,exponential_3,450,150,rastrigin,6,12.369087,22.934427,24.813095,6.123090,34.225805
3,0.455730,2.747511,exponential_3,450,150,rastrigin,6,2.030500,7.413735,8.638395,4.291411,16.907690
3,0.301904,1.313208,exponential_3,450,150,rastrigin,6,6.111431,13.731735,15.254292,6.009209,15.684885
3,0.559922,10.000000,exponential_3,450,150,rastrigin,6,0.000000,0.497478,0.994957,0.744558,14.696535
3,0.301904,6.913484,exponential_3,450,150,rastrigin,6,0.994957,4.166389,4.974792,3.752916,15.456580
3,0.455730,4.779626,exponential_3,450,150,rastrigin,6,1.989954,4.974793,5.969747,3.146314,19.661470
3,1.038450,0.521886,exponential_3,450,150,rastrigin,6,6.032486,14.100428,16.051369,4.675555,17.487810
3,0.687934,3.974133,exponential_3,450,150,rastrigin,6,0.994957,2.736135,2.984875,2.292725,18.752890
3,1.038450,1.313208,exponential_3,450,150,rastrigin,6,0.996851,6.544704,6.965275,3.188881,25.032880
3,0.687934,2.284483,exponential_3,450,150,rastrigin,6,1.989918,5.667621,6.468188,3.219468,24.293275
3,0.370927,1.579374,exponential_3,450,150,rastrigin,6,3.209085,11.675065,13.679014,7.053438,13.641475
3,0.370927,0.907884,exponential_3,450,150,rastrigin,6,4.000797,13.739738,15.407889,7.018834,14.675475
3,0.245725,0.627664,exponential_3,450,150,rastrigin,6,12.725281,19.333620,21.717184,6.868879,27.597390
3,0.370927,0.300000,exponential_3,450,150,rastrigin,6,10.823776,20.161554,20.913177,5.848159,27.208290
3,0.370927,2.747511,exponential_3,450,150,rastrigin,6,3.981432,8.971052,10.469419,4.822155,14.995975
3,0.845213,1.579374,exponential_3,450,150,rastrigin,6,2.984877,6.778798,7.959714,3.792266,14.311650
3,0.370927,4.779626,exponential_3,450,150,rastrigin,6,0.996609,4.416375,5.477438,2.533770,14.728710
3,0.845213,4.779626,exponential_3,450,150,rastrigin,6,0.000000,1.616806,1.989914,1.269302,15.280795
3,0.845213,2.747511,exponential_3,450,150,rastrigin,6,0.994957,3.668910,3.979833,2.168459,16.531900
3,0.370927,0.521886,exponential_3,450,150,rastrigin,6,8.009411,17.890013,19.564259,6.884433,29.841890
3,1.038450,1.899487,exponential_3,450,150,rastrigin,6,1.989914,3.917675,4.974791,2.603577,33.047415
3,0.370927,8.314736,exponential_3,450,150,rastrigin,6,0.000000,1.865546,1.989916,1.556561,16.789780
3,1.038450,0.360805,exponential_3,450,150,rastrigin,6,4.537046,12.208261,14.396726,7.117763,16.785580
3,1.275867,2.747511,exponential_3,450,150,rastrigin,6,0.994957,1.368066,1.492435,1.352374,14.760370
3,0.845213,0.300000,exponential_3,450,150,rastrigin,6,9.584248,16.327847,18.223951,6.249716,29.898605
3,0.455730,1.091897,exponential_3,450,150,rastrigin,6,5.277534,12.718691,14.659071,7.125803,14.881555
3,0.455730,0.360805,exponential_3,450,150,rastrigin,6,7.084904,18.253778,19.468067,6.363225,15.383390
3,0.455730,0.627664,exponential_3,450,150,rastrigin,6,4.168123,14.779365,15.769255,7.921183,13.258230
3,0.245725,1.091897,exponential_3,450,150,rastrigin,6,2.228861,15.101309,17.219887,5.593749,36.897355
3,0.455730,1.899487,exponential_3,450,150,rastrigin,6,3.980934,8.905119,10.067104,4.372415,15.061980
3,0.245725,1.899487,exponential_3,450,150,rastrigin,6,3.081348,11.110583,11.763244,6.248078,37.621655
3,0.455730,10.000000,exponential_3,450,150,rastrigin,6,0.000000,1.368067,1.989914,1.160310,16.027250
3,1.275867,8.314736,exponential_3,450,150,rastrigin,6,0.000000,0.248739,0.000000,7.998885,17.172400
3,0.559922,5.748380,exponential_3,450,150,rastrigin,6,0.994957,2.238655,2.487394,1.649201,42.499340
3,1.275867,0.300000,exponential_3,450,150,rastrigin,6,4.282457,13.343271,15.227941,6.038286,42.788705
3,1.038450,3.974133,exponential_3,450,150,rastrigin,6,0.000000,1.057142,0.994957,0.968488,43.581040
3,0.559922,0.433935,exponential_3,450,150,rastrigin,6,5.406082,16.130283,19.439581,7.402441,16.219025
3,1.038450,0.754882,exponential_3,450,150,rastrigin,6,1.216618,11.096361,14.033397,6.471202,17.337895
3,1.038450,8.314736,exponential_3,450,150,rastrigin,6,0.000000,0.435294,0.994957,5.323441,45.984755
3,0.559922,0.627664,exponential_3,450,150,rastrigin,6,8.626961,15.860072,15.936223,6.762550,46.039345
3,0.455730,3.304387,exponential_3,450,150,rastrigin,6,2.984879,5.597589,5.969877,4.119325,17.051935
3,0.245725,3.304387,exponential_3,450,150,rastrigin,6,2.993839,9.919788,10.630767,5.768638,46.274865
3,0.687934,0.300000,exponential_3,450,150,rastrigin,6,8.542311,16.974827,19.032307,6.526273,17.079880
3,1.567562,2.747511,exponential_3,450,150,rastrigin,6,0.000000,0.994957,0.994958,0.895462,17.727510
3,1.567562,3.974133,exponential_3,450,150,rastrigin,6,0.000000,0.559663,0.994957,5.301312,16.905685
3,1.038450,5.748380,exponential_3,450,150,rastrigin,6,0.000000,0.746218,0.994957,0.736202,47.433795
3,0.455730,5.748380,exponential_3,450,150,rastrigin,6,0.000000,2.300866,2.487496,2.992725,17.106940
3,0.559922,3.304387,exponential_3,450,150,rastrigin,6,0.994961,3.923340,4.478018,3.688418,49.752710
3,0.559922,1.899487,exponential_3,450,150,rastrigin,6,4.035259,8.172017,8.961453,3.233377,50.448815
3,0.301904,3.974133,exponential_3,450,150,rastrigin,6,1.990957,7.101054,8.979274,5.527517,49.530845
3,1.275867,0.627664,exponential_3,450,150,rastrigin,6,5.115847,9.815791,11.040256,4.675670,47.401915
3,0.687934,0.433935,exponential_3,450,150,rastrigin,6,8.135456,16.487915,20.197578,5.793903,48.868885
3,1.275867,0.433935,exponential_3,450,150,rastrigin,6,5.485321,13.675852,14.888036,6.016516,48.177720
3,1.038450,2.747511,exponential_3,450,150,rastrigin,6,0.994957,2.363025,1.989917,1.505645,52.535980
3,0.245725,10.000000,exponential_3,450,150,rastrigin,6,0.000000,2.487396,2.487396,2.466915,47.126605
3,1.567562,5.748380,exponential_3,450,150,rastrigin,6,0.000000,0.373109,0.497478,0.788154,19.499585
3,0.845213,0.521886,exponential_3,450,150,rastrigin,6,5.509523,12.774362,14.709206,6.660936,41.991365
3,0.687934,4.779626,exponential_3,450,150,rastrigin,6,0.000000,2.238655,1.989917,2.026273,17.603215
3,1.275867,0.907884,exponential_3,450,150,rastrigin,6,3.062870,8.849248,10.005674,5.389482,50.212475
3,0.845213,8.314736,exponential_3,450,150,rastrigin,6,0.000000,0.497479,0.994957,1.065812,41.481485
3,0.687934,1.313208,exponential_3,450,150,rastrigin,6,1.000763,10.235474,12.268532,5.262418,37.930750
3,0.687934,0.754882,exponential_3,450,150,rastrigin,6,5.107485,11.124553,12.381383,5.314944,51.368605
3,1.038450,1.091897,exponential_3,450,150,rastrigin,6,2.984879,6.746998,7.038551,4.419894,33.323625
3,1.275867,1.899487,exponential_3,450,150,rastrigin,6,0.994957,3.420167,3.979832,2.084668,49.300505
3,0.559922,1.091897,exponential_3,450,150,rastrigin,6,3.327015,10.262606,11.720873,6.067924,51.034820
3,0.687934,2.747511,exponential_3,450,150,rastrigin,6,1.989925,4.229207,4.477381,4.149947,19.125905
3,0.301904,0.754882,exponential_3,450,150,rastrigin,6,6.543400,16.480076,18.882891,4.695439,55.021385
3,1.567562,1.899487,exponential_3,450,150,rastrigin,6,0.994957,1.865547,1.989918,1.492437,29.856950
3,1.275867,1.313208,exponential_3,450,150,rastrigin,6,0.995022,5.537589,6.469576,4.325847,52.250645
3,1.567562,8.314736,exponential_3,450,150,rastrigin,6,0.000000,0.062185,0.000000,8.191083,19.696235
3,0.687934,6.913484,exponential_3,450,150,rastrigin,6,0.000000,1.119327,1.492435,1.349626,31.743505
3,1.925946,0.300000,exponential_3,450,150,rastrigin,6,2.643436,10.040893,12.431382,5.171363,18.763370
3,1.038450,1.579374,exponential_3,450,150,rastrigin,6,0.994959,5.473518,6.964736,3.153345,24.345360
3,1.275867,3.974133,exponential_3,450,150,rastrigin,6,0.000000,0.808403,0.994957,1.479111,44.320450
3,0.845213,0.907884,exponential_3,450,150,rastrigin,6,1.995939,9.366011,11.482826,6.222928,41.646040
3,1.567562,1.313208,exponential_3,450,150,rastrigin,6,0.994957,4.166575,4.477315,4.359551,35.487110
3,0.301904,2.284483,exponential_3,450,150,rastrigin,6,4.171572,11.807733,13.959754,5.340747,37.710310
3,1.275867,5.748380,exponential_3,450,150,rastrigin,6,0.000000,0.497478,0.994957,0.487427,43.534990
3,1.567562,0.907884,exponential_3,450,150,rastrigin,6,0.999372,6.033043,6.965177,2.998901,36.429745
3,1.925946,0.627664,exponential_3,450,150,rastrigin,6,1.991373,6.490171,6.965238,3.826691,18.385590
3,1.925946,0.907884,exponential_3,450,150,rastrigin,6,0.994961,4.353902,5.969757,3.730019,19.410165
3,1.567562,0.300000,exponential_3,450,150,rastrigin,6,4.629078,11.107144,13.955424,6.008319,39.673640
3,1.567562,0.433935,exponential_3,450,150,rastrigin,6,4.823341,8.689385,10.475920,5.384509,39.815375
3,1.567562,0.627664,exponential_3,450,150,rastrigin,6,4.048717,9.307711,9.979549,5.059726,39.081105
3,1.925946,1.313208,exponential_3,450,150,rastrigin,6,0.994957,2.673950,2.984873,2.098276,18.756070
3,1.038450,2.284483,exponential_3,450,150,rastrigin,6,0.000000,2.176473,2.487396,2.572980,14.744505
3,0.845213,5.748380,exponential_3,450,150,rastrigin,6,0.000000,0.870588,0.994957,1.385816,18.523840
3,0.845213,3.304387,exponential_3,450,150,rastrigin,6,0.000000,1.803361,1.989918,2.093553,18.220880
3,0.845213,1.899487,exponential_3,450,150,rastrigin,6,1.989967,5.582292,6.478537,3.338116,20.573730
3,1.925946,1.899487,exponential_3,450,150,rastrigin,6,0.000000,1.678991,1.989915,1.676733,18.878070
3,1.925946,0.433935,exponential_3,450,150,rastrigin,6,2.262638,7.695657,9.231149,7.177612,24.372355
3,1.925946,2.747511,exponential_3,450,150,rastrigin,6,0.000000,0.994957,0.994957,5.240981,18.188425
3,1.925946,3.974133,exponential_3,450,150,rastrigin,6,0.000000,0.248739,0.000000,0.667438,18.626960
3,0.845213,0.360805,exponential_3,450,150,rastrigin,6,3.581076,14.088705,16.253199,6.607580,18.794870
3,1.925946,5.748380,exponential_3,450,150,rastrigin,6,0.000000,0.186554,0.000000,0.580155,17.562465
3,1.275867,3.304387,exponential_3,450,150,rastrigin,6,0.000000,1.243697,1.989914,0.795966,19.861240
3,1.925946,8.314736,exponential_3,450,150,rastrigin,6,0.000000,0.248739,0.000000,9.289053,16.260115
3,2.366266,0.433935,exponential_3,450,150,rastrigin,6,2.986120,9.536198,12.438066,6.161690,15.092790
3,2.366266,0.300000,exponential_3,450,150,rastrigin,6,4.358679,9.981757,11.597680,7.237816,17.807545
3,2.366266,0.627664,exponential_3,450,150,rastrigin,6,0.995075,5.047895,4.975343,3.189770,15.297825
3,2.366266,0.907884,exponential_3,450,150,rastrigin,6,0.994957,3.357988,3.482355,3.852167,16.126805
3,2.366266,2.747511,exponential_3,450,150,rastrigin,6,0.000000,0.746218,0.994957,5.261011,15.670415
3,2.366266,1.313208,exponential_3,450,150,rastrigin,6,0.000000,1.865546,1.989917,1.814946,17.044590
3,1.275867,0.360805,exponential_3,450,150,rastrigin,6,3.269060,12.521342,15.535950,6.550566,16.838725
3,2.366266,1.899487,exponential_3,450,150,rastrigin,6,0.000000,1.119328,1.492436,1.111284,16.732615
3,1.275867,10.000000,exponential_3,450,150,rastrigin,6,0.000000,0.559663,0.994957,8.674331,17.532185
3,2.366266,3.974133,exponential_3,450,150,rastrigin,6,0.000000,0.310924,0.000000,7.972811,15.897500
3,2.366266,8.314736,exponential_3,450,150,rastrigin,6,0.000000,0.373109,0.497478,5.338295,15.959720
3,1.567562,4.779626,exponential_3,450,150,rastrigin,6,0.000000,0.373109,0.497478,0.659980,15.366140
3,1.567562,3.304387,exponential_3,450,150,rastrigin,6,0.000000,0.808403,0.994957,0.905083,16.019155
3,2.907255,0.300000,exponential_3,450,150,rastrigin,6,2.364241,7.021544,7.960446,5.115402,12.873305
3,2.907255,0.907884,exponential_3,450,150,rastrigin,6,0.000000,2.363026,2.984875,2.603576,15.512870
3,0.559922,0.754882,exponential_3,450,150,rastrigin,6,4.087799,12.971886,13.607460,6.221552,28.309515
3,0.559922,6.913484,exponential_3,450,150,rastrigin,6,0.000000,1.927731,1.989918,5.343163,29.944500
3,1.038450,10.000000,exponential_3,450,150,rastrigin,6,0.000000,0.373109,0.497478,0.731141,31.318700
3,1.038450,4.779626,exponential_3,450,150,rastrigin,6,0.000000,0.746218,0.994957,0.938641,35.112380
3,2.907255,1.899487,exponential_3,450,150,rastrigin,6,0.000000,1.181511,1.989914,0.855895,19.324960
3,2.366266,5.748380,exponential_3,450,150,rastrigin,6,0.000000,0.000000,0.000000,8.059385,35.205255
3,1.925946,0.360805,exponential_3,450,150,rastrigin,6,4.523293,10.583664,11.985962,4.035840,19.944385
3,1.567562,10.000000,exponential_3,450,150,rastrigin,6,0.000000,0.435294,0.497478,10.748196,22.321190
3,1.925946,1.091897,exponential_3,450,150,rastrigin,6,1.989916,5.161380,5.472281,3.262154,21.353405
3,3.571927,0.433935,exponential_3,450,150,rastrigin,6,1.989948,5.267829,6.471011,3.931056,20.587060
3,1.925946,0.754882,exponential_3,450,150,rastrigin,6,2.984959,6.347462,6.964746,4.220250,21.739355
3,1.925946,1.579374,exponential_3,450,150,rastrigin,6,0.000000,2.363024,2.984873,2.466913,21.007665
3,3.571927,0.627664,exponential_3,450,150,rastrigin,6,1.989916,3.855464,3.979839,3.087171,20.939020
3,1.925946,2.284483,exponential_3,450,150,rastrigin,6,0.000000,0.994957,0.994957,1.008545,21.119005
3,3.571927,0.907884,exponential_3,450,150,rastrigin,6,0.000000,2.300840,2.984875,2.367078,21.283460
3,1.038450,6.913484,exponential_3,450,150,rastrigin,6,0.000000,0.248739,0.000000,5.360504,37.032760
3,1.925946,3.304387,exponential_3,450,150,rastrigin,6,0.000000,0.435294,0.994957,0.710542,20.064095
3,1.925946,4.779626,exponential_3,450,150,rastrigin,6,0.000000,0.373109,0.497478,5.340382,23.086615
3,3.571927,1.313208,exponential_3,450,150,rastrigin,6,0.000000,0.684033,0.994957,0.770690,22.436595
3,2.907255,0.433935,exponential_3,450,150,rastrigin,6,2.998886,6.659061,7.466336,3.398086,39.735575
3,1.925946,6.913484,exponential_3,450,150,rastrigin,6,0.000000,0.373109,0.497478,10.244514,19.253490
3,0.559922,2.284483,exponential_3,450,150,rastrigin,6,1.028820,6.968457,7.962989,5.196118,41.767665
3,0.559922,3.974133,exponential_3,450,150,rastrigin,6,0.000000,3.668908,3.979834,3.424662,44.920460
3,1.275867,0.521886,exponential_3,450,150,rastrigin,6,2.059267,11.068966,12.914176,7.697452,42.206105
3,1.038450,3.304387,exponential_3,450,150,rastrigin,6,0.000000,2.052100,2.487394,1.352375,43.172240
3,1.567562,6.913484,exponential_3,450,150,rastrigin,6,0.000000,0.248739,0.000000,5.360505,42.962485
3,0.687934,0.521886,exponential_3,450,150,rastrigin,6,3.537582,15.092172,17.512798,7.044149,44.471510
3,3.571927,1.899487,exponential_3,450,150,rastrigin,6,0.000000,0.373109,0.497478,0.882937,17.136755
3,2.366266,0.360805,exponential_3,450,150,rastrigin,6,2.999334,9.624544,10.498791,5.060417,16.010695
3,2.907255,1.313208,exponential_3,450,150,rastrigin,6,0.000000,1.368069,1.989915,2.193421,41.085560
3,2.907255,0.627664,exponential_3,450,150,rastrigin,6,0.994959,4.104396,3.980315,3.648932,45.732790
3,0.845213,10.000000,exponential_3,450,150,rastrigin,6,0.000000,0.186554,0.000000,0.474564,42.775310
3,0.845213,0.627664,exponential_3,450,150,rastrigin,6,3.433201,10.349087,12.449531,5.125021,45.800880
3,1.567562,2.284483,exponential_3,450,150,rastrigin,6,0.000000,1.616806,1.989917,1.517922,42.098060
3,1.275867,0.754882,exponential_3,450,150,rastrigin,6,1.995930,9.458893,10.554206,5.359155,47.012950
3,3.571927,0.300000,exponential_3,450,150,rastrigin,6,1.996395,6.638033,7.042825,5.688680,39.017125
3,0.687934,8.314736,exponential_3,450,150,rastrigin,6,0.000000,0.746218,0.994957,0.958212,41.814980
3,0.687934,1.579374,exponential_3,450,150,rastrigin,6,2.985538,7.075356,6.995970,4.279746,42.783250
3,2.907255,3.974133,exponential_3,450,150,rastrigin,6,0.000000,0.373109,0.497478,0.659980,41.484275
3,1.275867,1.091897,exponential_3,450,150,rastrigin,6,1.990572,4.729713,4.977179,4.832336,46.059750
3,2.366266,3.304387,exponential_3,450,150,rastrigin,6,0.000000,0.373109,0.497478,5.340382,17.714875
3,2.907255,8.314736,exponential_3,450,150,rastrigin,6,0.000000,0.186554,0.000000,10.315701,41.958835
3,1.925946,10.000000,exponential_3,450,150,rastrigin,6,0.000000,0.559663,0.994957,5.301312,19.773010
3,2.366266,0.754882,exponential_3,450,150,rastrigin,6,0.994965,4.735617,5.969761,4.481966,19.688545
3,2.366266,1.579374,exponential_3,450,150,rastrigin,6,0.000000,1.616806,1.989914,1.576309,18.682385
3,1.567562,1.091897,exponential_3,450,150,rastrigin,6,1.989922,4.480642,5.969749,3.584335,43.499655
3,2.907255,2.747511,exponential_3,450,150,rastrigin,6,0.000000,0.310924,0.000000,0.588624,47.541840
3,1.275867,1.579374,exponential_3,450,150,rastrigin,6,0.000113,4.042037,3.979838,4.897295,47.951005
3,2.366266,2.284483,exponential_3,450,150,rastrigin,6,0.000000,0.870588,0.994957,0.882937,18.205370
3,0.687934,0.907884,exponential_3,450,150,rastrigin,6,3.563162,10.898714,12.397348,4.595322,49.352930
3,2.366266,4.779626,exponential_3,450,150,rastrigin,6,0.000000,0.248739,0.000000,7.376054,17.308990
3,3.571927,3.974133,exponential_3,450,150,rastrigin,6,0.000000,0.062185,0.000000,0.430829,19.539325
3,0.559922,1.313208,exponential_3,450,150,rastrigin,6,3.814968,9.620068,11.130170,5.476376,50.822595
3,1.275867,4.779626,exponential_3,450,150,rastrigin,6,0.000000,0.435294,0.994957,1.008545,49.559070
3,1.275867,2.284483,exponential_3,450,150,rastrigin,6,0.994957,1.865546,1.989916,3.770335,51.473615
3,0.845213,1.091897,exponential_3,450,150,rastrigin,6,3.986267,9.924249,11.046323,3.422565,49.309500
3,1.567562,1.579374,exponential_3,450,150,rastrigin,6,0.994957,3.606723,3.979833,2.364990,50.777985
3,1.567562,0.360805,exponential_3,450,150,rastrigin,6,6.045658,13.935924,15.394268,6.764601,49.878605
3,1.275867,6.913484,exponential_3,450,150,rastrigin,6,0.000000,0.373109,0.000000,0.937321,50.891600
3,1.567562,0.754882,exponential_3,450,150,rastrigin,6,1.994425,5.288992,6.467940,3.816770,50.214950
3,1.567562,0.521886,exponential_3,450,150,rastrigin,6,2.039606,9.493870,11.511610,6.882940,50.247540
3,2.907255,5.748380,exponential_3,450,150,rastrigin,6,0.000000,0.124370,0.000000,7.397999,52.412730
3,2.366266,10.000000,exponential_3,450,150,rastrigin,6,0.000000,0.248739,0.000000,7.517627,20.562615
3,1.925946,0.521886,exponential_3,450,150,rastrigin,6,2.015924,9.125246,11.204049,5.079220,48.644780
3,3.571927,5.748380,exponential_3,450,150,rastrigin,6,0.000000,0.621848,0.994957,7.267893,21.053130
3,4.388561,0.300000,exponential_3,450,150,rastrigin,6,2.985109,6.581779,6.964758,3.926946,16.284940
3,2.366266,0.521886,exponential_3,450,150,rastrigin,6,2.990189,7.990119,8.460959,4.271812,34.537455
3,2.366266,1.091897,exponential_3,450,150,rastrigin,6,0.994957,2.176478,1.989973,2.288396,33.589705
3,4.388561,0.627664,exponential_3,450,150,rastrigin,6,0.000000,2.798319,2.984876,2.024441,15.640335
3,2.907255,1.091897,exponential_3,450,150,rastrigin,6,0.000000,1.927730,1.989916,2.394110,17.894345
3,2.907255,2.284483,exponential_3,450,150,rastrigin,6,0.000000,0.310924,0.000000,0.665581,16.314630
3,4.388561,0.433935,exponential_3,450,150,rastrigin,6,1.989916,3.482409,3.979834,1.916403,16.757855
3,4.388561,0.907884,exponential_3,450,150,rastrigin,6,0.000000,1.616806,1.989915,1.197055,16.648375
3,3.571927,2.747511,exponential_3,450,150,rastrigin,6,0.000000,0.310924,0.000000,0.665581,32.714780
3,2.907255,0.360805,exponential_3,450,150,rastrigin,6,3.001549,8.261132,9.477399,5.433118,19.811895
3,3.571927,8.314736,exponential_3,450,150,rastrigin,6,0.000000,0.621848,0.994957,7.254261,22.960080
3,4.388561,1.899487,exponential_3,450,150,rastrigin,6,0.000000,0.248739,0.000000,5.576156,17.837450
3,4.388561,2.747511,exponential_3,450,150,rastrigin,6,0.000000,0.248739,0.000000,7.367157,18.145025
3,2.366266,6.913484,exponential_3,450,150,rastrigin,6,0.000000,0.497478,0.994957,7.290332,19.570700
3,3.571927,0.521886,exponential_3,450,150,rastrigin,6,0.995461,4.788674,5.472270,4.238785,19.821465
3,4.388561,1.313208,exponential_3,450,150,rastrigin,6,0.000000,0.870587,0.994957,0.696470,21.419975
3,3.571927,1.091897,exponential_3,450,150,rastrigin,6,0.994957,1.678990,1.989915,1.512205,18.312650
3,4.388561,3.974133,exponential_3,450,150,rastrigin,6,0.000000,0.373109,0.000000,9.819798,21.673570
3,4.388561,8.314736,exponential_3,450,150,rastrigin,6,0.000000,0.000000,0.000000,5.398457,18.517355
3,5.391897,0.627664,exponential_3,450,150,rastrigin,6,0.994957,2.052099,1.989915,2.131623,14.951495
3,5.391897,0.433935,exponential_3,450,150,rastrigin,6,0.994957,3.109248,3.979833,1.837308,16.718900
3,4.388561,5.748380,exponential_3,450,150,rastrigin,6,0.000000,0.124370,0.000000,7.406189,27.955300
3,3.571927,1.579374,exponential_3,450,150,rastrigin,6,0.000000,0.559663,0.994957,0.938641,17.670820
3,3.571927,0.754882,exponential_3,450,150,rastrigin,6,0.994957,2.673951,2.984873,2.401846,27.921210
3,2.907255,0.521886,exponential_3,450,150,rastrigin,6,1.991982,5.601699,5.970984,4.209809,17.276385
3,6.624620,0.300000,exponential_3,450,150,rastrigin,6,0.994987,4.228580,4.974793,4.200960,17.316480
3,5.391897,0.907884,exponential_3,450,150,rastrigin,6,0.000000,0.870587,0.994957,1.229689,19.148670
3,5.391897,5.748380,exponential_3,450,150,rastrigin,6,0.000000,0.248739,0.000000,0.487428,18.888475
3,5.391897,0.300000,exponential_3,450,150,rastrigin,6,2.985363,5.784748,6.470376,3.544863,28.488810
3,2.907255,0.754882,exponential_3,450,150,rastrigin,6,0.994959,3.855464,4.477311,3.197437,17.676160
3,5.391897,1.899487,exponential_3,450,150,rastrigin,6,0.000000,0.062185,0.000000,7.420711,22.921065
3,3.571927,2.284483,exponential_3,450,150,rastrigin,6,0.000000,0.373109,0.497478,7.324201,22.365325
3,5.391897,8.314736,exponential_3,450,150,rastrigin,6,0.000000,0.310924,0.000000,8.767271,24.375725
3,6.624620,8.314736,exponential_3,450,150,rastrigin,6,0.000000,0.435451,0.994957,9.208061,19.505605
3,8.139176,0.433935,exponential_3,450,150,rastrigin,6,0.000000,1.430251,1.989914,1.146363,19.643740
3,8.139176,0.300000,exponential_3,450,150,rastrigin,6,0.994957,3.233613,3.979832,3.390164,19.760745
3,8.139176,0.627664,exponential_3,450,150,rastrigin,6,0.000000,0.870587,0.994957,0.974856,19.011895
3,6.624620,3.974133,exponential_3,450,150,rastrigin,6,0.000000,0.248739,0.000000,7.517629,20.998225
3,6.624620,0.433935,exponential_3,450,150,rastrigin,6,0.994957,2.984874,2.984878,3.290885,22.748775
3,2.907255,4.779626,exponential_3,450,150,rastrigin,6,0.000000,0.248739,0.000000,0.487427,21.288255
3,6.624620,5.748380,exponential_3,450,150,rastrigin,6,0.000000,0.621848,0.497478,10.179498,21.578425
3,6.624620,2.747511,exponential_3,450,150,rastrigin,6,0.000000,0.310924,0.000000,7.360437,22.755900
3,5.391897,1.313208,exponential_3,450,150,rastrigin,6,0.000000,0.248739,0.000000,0.586519,29.136440
3,8.139176,1.313208,exponential_3,450,150,rastrigin,6,0.000000,0.435294,0.994957,5.534949,17.668515
3,6.624620,0.627664,exponential_3,450,150,rastrigin,6,0.000000,1.368066,1.989914,0.895462,26.555390
3,6.624620,1.899487,exponential_3,450,150,rastrigin,6,0.000000,0.435294,0.994957,5.329016,26.649505
3,5.391897,2.747511,exponential_3,450,150,rastrigin,6,0.000000,0.310924,0.000000,10.268541,31.909890
3,2.907255,3.304387,exponential_3,450,150,rastrigin,6,0.000000,0.310924,0.000000,7.982912,23.664715
3,8.139176,0.907884,exponential_3,450,150,rastrigin,6,0.000000,0.435294,0.994957,0.650538,23.479860
3,3.571927,4.779626,exponential_3,450,150,rastrigin,6,0.000000,0.062185,0.000000,5.389969,16.519020
3,8.139176,2.747511,exponential_3,450,150,rastrigin,6,0.000000,0.310924,0.000000,8.767273,17.006695
3,3.571927,0.360805,exponential_3,450,150,rastrigin,6,2.987259,8.408013,8.957796,3.484493,28.836490
3,2.907255,1.579374,exponential_3,450,150,rastrigin,6,0.000000,0.808403,0.994957,1.269303,31.984185
3,6.624620,0.907884,exponential_3,450,150,rastrigin,6,0.000000,0.684033,0.994957,0.736202,32.617150
3,5.391897,3.974133,exponential_3,450,150,rastrigin,6,0.000000,0.310924,0.000000,5.347559,37.653470
3,6.624620,1.313208,exponential_3,450,150,rastrigin,6,0.000000,0.124370,0.000000,0.659980,33.249770
3,2.907255,10.000000,exponential_3,450,150,rastrigin,6,0.000000,0.373109,0.497478,5.338298,33.807005
3,0.200000,0.433935,exponential_5,450,150,rastrigin,6,12.630505,20.347677,22.645634,6.198648,17.313295
3,8.139176,1.899487,exponential_3,450,150,rastrigin,6,0.000000,0.373109,0.497478,5.338296,31.885525
3,10.000000,2.747511,exponential_3,450,150,rastrigin,6,0.000000,0.248739,0.000000,9.298260,20.318985
3,0.200000,0.300000,exponential_5,450,150,rastrigin,6,6.598883,22.625036,24.064846,8.109751,18.452000
3,4.388561,0.360805,exponential_3,450,150,rastrigin,6,0.995739,5.099486,5.969761,3.882379,19.965815
3,0.245725,0.627664,exponential_5,450,150,rastrigin,6,15.659925,22.884399,25.597761,4.803055,20.338190
3,4.388561,0.754882,exponential_3,450,150,rastrigin,6,0.000000,1.678992,1.989915,2.257370,19.335715
3,3.571927,6.913484,exponential_3,450,150,rastrigin,6,0.000000,0.186554,0.000000,7.380581,20.551470
3,4.388561,0.521886,exponential_3,450,150,rastrigin,6,0.000107,2.798331,2.984877,2.271024,18.325185
3,0.200000,0.627664,exponential_5,450,150,rastrigin,6,10.714283,19.194921,21.278763,7.768647,19.431225
3,4.388561,1.091897,exponential_3,450,150,rastrigin,6,0.000000,0.808403,0.994958,6.403587,18.433935
3,0.200000,0.907884,exponential_5,450,150,rastrigin,6,8.612520,16.814869,17.602898,5.264184,22.131280
3,8.139176,3.974133,exponential_3,450,150,rastrigin,6,0.000000,0.373109,0.497478,9.370715,34.536670
3,3.571927,10.000000,exponential_3,450,150,rastrigin,6,0.000000,0.248739,0.000000,7.367159,22.431630
3,0.200000,1.899487,exponential_5,450,150,rastrigin,6,4.642550,14.741242,17.204487,6.856879,19.866735
3,4.388561,2.284483,exponential_3,450,150,rastrigin,6,0.000000,0.559663,0.994957,6.177667,22.540255
3,4.388561,3.304387,exponential_3,450,150,rastrigin,6,0.000000,0.124371,0.000000,7.406188,22.682960
3,10.000000,0.627664,exponential_3,450,150,rastrigin,6,0.000000,0.435294,0.994957,5.323442,28.764855
3,4.388561,1.579374,exponential_3,450,150,rastrigin,6,0.000000,0.373109,0.497478,0.974856,21.732075
3,0.200000,2.747511,exponential_5,450,150,rastrigin,6,4.815845,9.647272,10.526402,5.468159,21.195675
3,0.200000,1.313208,exponential_5,450,150,rastrigin,6,7.163679,13.854728,15.201643,5.989444,24.282415
3,8.139176,5.748380,exponential_3,450,150,rastrigin,6,0.000000,0.186556,0.000000,7.391304,36.678005
3,5.391897,0.754882,exponential_3,450,150,rastrigin,6,0.000000,1.492436,1.989914,1.652948,20.306865
3,10.000000,0.907884,exponential_3,450,150,rastrigin,6,0.000000,0.310924,0.000000,0.665581,34.088390
3,4.388561,10.000000,exponential_3,450,150,rastrigin,6,0.000000,3.357954,0.497478,11.274573,22.191725
3,4.388561,4.779626,exponential_3,450,150,rastrigin,6,0.000000,0.373109,0.497478,7.324876,24.272735
3,5.391897,0.521886,exponential_3,450,150,rastrigin,6,0.000000,1.741176,1.989915,2.048744,19.197515
3,0.200000,3.974133,exponential_5,450,150,rastrigin,6,2.020212,10.692152,12.946502,6.001785,18.255385
3,10.000000,0.433935,exponential_3,450,150,rastrigin,6,0.000000,1.057142,0.994957,0.777087,37.524900
3,10.000000,0.300000,exponential_3,450,150,rastrigin,6,0.994957,2.300840,1.989918,1.971799,38.304410
3,10.000000,1.313208,exponential_3,450,150,rastrigin,6,0.000000,0.435294,0.994957,9.886607,37.612305
3,4.388561,6.913484,exponential_3,450,150,rastrigin,6,0.000000,0.186554,0.000000,7.391304,21.684915
3,10.000000,1.899487,exponential_3,450,150,rastrigin,6,0.000000,0.186554,0.000000,8.005060,37.796260
3,10.000000,5.748380,exponential_3,450,150,rastrigin,6,0.000000,0.000723,0.000041,8.599048,37.377685
3,2.907255,6.913484,exponential_3,450,150,rastrigin,6,0.000000,2.114271,0.994957,10.530019,38.973670
3,8.139176,8.314736,exponential_3,450,150,rastrigin,6,0.002441,0.519660,0.995902,8.498752,41.823820
3,0.200000,5.748380,exponential_5,450,150,rastrigin,6,1.998877,6.784184,7.526027,5.459765,17.129910
3,6.624620,0.360805,exponential_3,450,150,rastrigin,6,0.994957,3.544562,3.979828,2.969902,12.991465
3,3.571927,3.304387,exponential_3,450,150,rastrigin,6,0.000000,0.497478,0.994957,8.681034,35.728000
3,10.000000,8.314736,exponential_3,450,150,rastrigin,6,0.136497,1.730685,2.122691,7.611093,38.915385
3,8.139176,0.521886,exponential_3,450,150,rastrigin,6,0.000000,0.746218,0.994957,1.008545,13.167055
3,0.245725,0.433935,exponential_5,450,150,rastrigin,6,9.072456,21.786692,23.504852,6.602813,14.303010
3,5.391897,6.913484,exponential_3,450,150,rastrigin,6,0.000000,0.062185,0.000000,5.389969,16.467810
3,8.139176,0.360805,exponential_3,450,150,rastrigin,6,0.994957,1.803362,1.989916,2.159307,15.174550
3,0.200000,8.314736,exponential_5,450,150,rastrigin,6,1.989916,5.171239,5.997680,2.935076,21.670010
3,6.624620,10.000000,exponential_3,450,150,rastrigin,6,0.000021,0.333794,0.150917,6.224017,16.769905
3,0.245725,0.300000,exponential_5,450,150,rastrigin,6,12.844309,21.200508,23.296490,6.719199,19.226650
3,6.624620,6.913484,exponential_3,450,150,rastrigin,6,0.000000,0.310924,0.000000,8.754848,14.688910
3,6.624620,4.779626,exponential_3,450,150,rastrigin,6,0.000000,0.248739,0.000000,7.367157,18.907575
3,8.139176,1.579374,exponential_3,450,150,rastrigin,6,0.000000,0.124370,0.000000,5.380778,15.284870
3,10.000000,3.974133,exponential_3,450,150,rastrigin,6,0.000000,0.186554,0.000000,9.317822,17.347825
3,0.245725,0.907884,exponential_5,450,150,rastrigin,6,6.198891,16.791969,19.892427,6.806560,14.913430
3,0.245725,1.313208,exponential_5,450,150,rastrigin,6,6.353111,12.088097,14.641335,5.601937,15.023210
3,8.139176,1.091897,exponential_3,450,150,rastrigin,6,0.000000,0.124370,0.000000,0.659980,15.865490
3,8.139176,3.304387,exponential_3,450,150,rastrigin,6,0.000000,0.248739,0.000000,8.764024,16.688280
3,5.391897,1.091897,exponential_3,450,150,rastrigin,6,0.000000,0.994957,0.994957,0.744558,29.957170
3,0.301904,0.300000,exponential_5,450,150,rastrigin,6,17.153481,23.981962,24.787703,4.861691,13.595680
3,5.391897,0.360805,exponential_3,450,150,rastrigin,6,1.989916,3.979836,4.974792,3.307406,30.968980
3,0.200000,0.521886,exponential_5,450,150,rastrigin,6,10.238260,20.969488,24.085829,7.025786,17.082480
3,8.139176,2.284483,exponential_3,450,150,rastrigin,6,0.000000,0.497478,0.994957,7.297120,17.443700
3,10.000000,3.304387,exponential_3,450,150,rastrigin,6,0.000000,0.373109,0.497478,5.335746,17.572970
3,0.200000,0.754882,exponential_5,450,150,rastrigin,6,8.781616,18.698261,21.377445,7.307574,17.409575
3,5.391897,2.284483,exponential_3,450,150,rastrigin,6,0.000000,0.248739,0.000000,5.360503,34.736355
3,0.200000,1.091897,exponential_5,450,150,rastrigin,6,6.278843,16.639807,18.954781,7.541667,19.240510
3,5.391897,4.779626,exponential_3,450,150,rastrigin,6,0.000000,0.186554,0.000000,0.580155,23.833360
3,8.139176,4.779626,exponential_3,450,150,rastrigin,6,0.000000,0.310924,0.000000,5.349642,18.704615
3,0.301904,0.907884,exponential_5,450,150,rastrigin,6,5.770157,16.079060,17.625950,6.137180,18.307480
3,8.139176,0.754882,exponential_3,450,150,rastrigin,6,0.000000,0.559663,0.994957,5.297344,36.328010
3,0.301904,1.313208,exponential_5,450,150,rastrigin,6,4.181614,15.008549,18.330559,6.341625,17.998980
3,5.391897,10.000000,exponential_3,450,150,rastrigin,6,0.000000,2.114277,0.994958,11.293034,41.010975
3,0.301904,1.899487,exponential_5,450,150,rastrigin,6,5.679071,14.208708,16.937864,7.252223,18.150545
3,0.200000,2.284483,exponential_5,450,150,rastrigin,6,3.445034,13.416773,13.757769,8.348381,21.364125
3,0.200000,3.304387,exponential_5,450,150,rastrigin,6,5.087959,11.908731,13.295219,5.919775,16.734475
3,0.301904,2.747511,exponential_5,450,150,rastrigin,6,4.264961,11.016182,12.948093,6.145875,17.722840
3,10.000000,0.754882,exponential_3,450,150,rastrigin,6,0.000000,0.310924,0.000000,7.360439,21.041695
3,0.301904,3.974133,exponential_5,450,150,rastrigin,6,3.000076,8.650494,10.076075,4.413132,18.845140
3,0.301904,5.748380,exponential_5,450,150,rastrigin,6,1.081179,4.927527,5.970717,4.155962,17.528130
3,0.301904,8.314736,exponential_5,450,150,rastrigin,6,0.994957,2.984889,3.482354,2.477416,19.147990
3,0.200000,4.779626,exponential_5,450,150,rastrigin,6,3.008089,9.073986,10.957342,5.243573,18.501655
3,5.391897,1.579374,exponential_3,450,150,rastrigin,6,0.000000,0.310924,0.000000,0.588625,42.859405
3,6.624620,0.521886,exponential_3,450,150,rastrigin,6,0.000000,2.114286,2.984872,1.345034,46.959280
3,0.200000,1.579374,exponential_5,450,150,rastrigin,6,6.674782,17.985605,19.060711,6.461662,25.331745
3,6.624620,3.304387,exponential_3,450,150,rastrigin,6,0.000000,0.124370,0.000000,9.803189,48.488695
3,0.370927,0.433935,exponential_5,450,150,rastrigin,6,9.029140,16.682531,19.622339,5.041462,15.103315
3,8.139176,6.913484,exponential_3,450,150,rastrigin,6,0.000000,0.248768,0.000002,6.225438,28.124865
3,6.624620,0.754882,exponential_3,450,150,rastrigin,6,0.000000,0.808403,0.994957,0.958212,47.657825
3,10.000000,1.091897,exponential_3,450,150,rastrigin,6,0.000000,0.435294,0.994957,7.307796,26.926965
3,0.245725,1.899487,exponential_5,450,150,rastrigin,6,4.560457,11.222258,12.889761,6.637981,46.633965
3,0.245725,0.521886,exponential_5,450,150,rastrigin,6,8.114265,16.076380,17.921778,6.403733,14.596810
3,0.200000,6.913484,exponential_5,450,150,rastrigin,6,2.037392,7.711024,9.454215,3.411478,15.597270
3,6.624620,2.284483,exponential_3,450,150,rastrigin,6,0.000000,0.186554,0.000000,8.792781,48.917675
3,5.391897,3.304387,exponential_3,450,150,rastrigin,6,0.000000,0.621848,0.994957,9.725591,49.237300
3,0.245725,2.747511,exponential_5,450,150,rastrigin,6,5.646255,12.066894,13.329259,4.425865,46.698485
3,0.370927,0.907884,exponential_5,450,150,rastrigin,6,8.231028,15.810851,18.828360,6.924743,16.182710
3,0.245725,8.314736,exponential_5,450,150,rastrigin,6,0.994961,3.669030,3.979851,4.784846,44.097270
3,0.245725,3.974133,exponential_5,450,150,rastrigin,6,3.078819,8.614329,8.143917,4.383293,45.608600
3,0.370927,0.300000,exponential_5,450,150,rastrigin,6,9.846508,18.427296,19.488598,7.315145,28.518400
3,0.370927,3.974133,exponential_5,450,150,rastrigin,6,1.989944,7.174910,7.968980,4.808300,16.284555
3,0.370927,1.899487,exponential_5,450,150,rastrigin,6,1.515600,9.675396,11.556347,5.028582,16.831930
3,6.624620,1.579374,exponential_3,450,150,rastrigin,6,0.000000,0.435294,0.497478,10.225034,46.669365
3,0.200000,0.360805,exponential_5,450,150,rastrigin,6,16.978102,24.364370,26.280693,5.861960,45.475810
3,0.370927,2.747511,exponential_5,450,150,rastrigin,6,2.987621,9.485342,10.950779,4.851363,17.067025
3,0.301904,0.627664,exponential_5,450,150,rastrigin,6,10.022038,19.439411,22.258709,7.396395,43.566075
3,0.245725,0.754882,exponential_5,450,150,rastrigin,6,7.386547,19.143528,21.623770,7.333630,46.086500
3,0.245725,5.748380,exponential_5,450,150,rastrigin,6,2.985210,6.003485,6.969335,3.144085,46.367645
3,6.624620,1.091897,exponential_3,450,150,rastrigin,6,0.000000,0.621848,0.994957,5.278623,48.737815
3,0.301904,0.433935,exponential_5,450,150,rastrigin,6,15.332102,23.384052,26.625275,6.443591,46.051230
3,0.370927,5.748380,exponential_5,450,150,rastrigin,6,1.989916,4.422215,5.472304,2.278945,14.670205
3,0.370927,8.314736,exponential_5,450,150,rastrigin,6,0.994957,2.487397,2.984876,2.824693,15.544850
3,0.455730,0.433935,exponential_5,450,150,rastrigin,6,8.256771,14.955094,14.696062,6.634114,14.887310
3,10.000000,0.521886,exponential_3,450,150,rastrigin,6,0.000000,0.746218,0.994957,0.629267,32.217365
3,8.139176,10.000000,exponential_3,450,150,rastrigin,6,0.081230,1.611923,2.010759,11.175664,30.629730
3,0.245725,1.579374,exponential_5,450,150,rastrigin,6,4.169048,14.104456,16.072235,7.036281,16.033890
3,0.455730,0.907884,exponential_5,450,150,rastrigin,6,6.321709,17.460754,20.324875,6.602094,16.132505
3,0.301904,0.360805,exponential_5,450,150,rastrigin,6,11.770813,20.186140,23.824158,5.785717,16.564385
3,0.455730,1.899487,exponential_5,450,150,rastrigin,6,2.990294,9.752400,10.965736,6.051819,15.541900
3,0.455730,1.313208,exponential_5,450,150,rastrigin,6,1.372498,9.898446,11.867333,5.398128,17.268090
3,0.455730,2.747511,exponential_5,450,150,rastrigin,6,2.011797,5.977376,6.486534,4.235809,16.543755
3,0.455730,5.748380,exponential_5,450,150,rastrigin,6,0.994957,2.675414,2.001430,2.788683,15.748190
3,0.455730,8.314736,exponential_5,450,150,rastrigin,6,0.994957,2.238657,2.487399,1.094453,16.017320
3,0.559922,0.300000,exponential_5,450,150,rastrigin,6,10.450682,18.948652,21.873028,6.347659,15.711670
3,0.559922,0.433935,exponential_5,450,150,rastrigin,6,6.620846,15.557906,17.475285,6.986845,15.672720
3,10.000000,0.360805,exponential_3,450,150,rastrigin,6,0.000000,1.616806,1.989915,1.560530,40.544255
3,0.559922,0.627664,exponential_5,450,150,rastrigin,6,4.180769,14.096830,16.262613,6.859423,15.799635
3,10.000000,1.579374,exponential_3,450,150,rastrigin,6,0.000000,0.310924,0.000000,7.992695,38.644500
3,0.370927,0.627664,exponential_5,450,150,rastrigin,6,8.693172,17.457981,19.868996,6.078646,37.333120
3,0.301904,1.091897,exponential_5,450,150,rastrigin,6,4.975044,13.819570,15.719440,9.189351,16.129735
3,0.301904,1.579374,exponential_5,450,150,rastrigin,6,1.959583,11.412439,13.673477,6.426223,14.657245
3,0.559922,2.747511,exponential_5,450,150,rastrigin,6,0.994959,6.301527,5.972786,6.622134,15.328695
3,0.559922,3.974133,exponential_5,450,150,rastrigin,6,1.989918,4.974798,5.969748,2.669748,14.743110
3,0.370927,1.313208,exponential_5,450,150,rastrigin,6,3.117832,11.739886,13.576784,5.977510,42.647765
3,0.200000,10.000000,exponential_5,450,150,rastrigin,6,0.994959,3.815159,4.974801,2.687031,42.482915
3,10.000000,2.284483,exponential_3,450,150,rastrigin,6,0.000000,2.052086,0.994957,10.554314,47.081950
3,0.559922,1.899487,exponential_5,450,150,rastrigin,6,1.002541,6.282828,7.561938,5.434195,22.137955
3,10.000000,6.913484,exponential_3,450,150,rastrigin,6,0.000420,0.762555,1.007494,8.432793,47.454820
3,10.000000,10.000000,exponential_3,450,150,rastrigin,6,1.432863,4.165352,5.105836,1.934556,47.662300
3,0.559922,8.314736,exponential_5,450,150,rastrigin,6,0.000000,1.616823,1.989917,5.166071,14.003030
3,0.301904,6.913484,exponential_5,450,150,rastrigin,6,1.989922,4.104211,4.974794,2.022220,15.494350
3,0.301904,10.000000,exponential_5,450,150,rastrigin,6,0.000000,2.798320,2.984876,2.001695,14.791070
3,0.301904,2.284483,exponential_5,450,150,rastrigin,6,2.493074,9.989030,12.005520,5.557816,24.934110
3,0.245725,0.360805,exponential_5,450,150,rastrigin,6,14.006224,20.911734,21.351042,7.848576,45.035215
3,0.455730,0.300000,exponential_5,450,150,rastrigin,6,10.796555,18.813513,20.338654,6.006374,43.753330
3,0.245725,1.091897,exponential_5,450,150,rastrigin,6,3.561022,17.020052,18.581581,7.132901,39.681655
3,0.370927,0.521886,exponential_5,450,150,rastrigin,6,12.545710,18.542376,19.921604,4.210860,16.887310
3,0.687934,5.748380,exponential_5,450,150,rastrigin,6,0.000000,2.363026,2.984872,1.331163,15.639475
3,0.301904,3.304387,exponential_5,450,150,rastrigin,6,1.996727,8.905394,9.497789,6.713446,26.992030
3,0.687934,3.974133,exponential_5,450,150,rastrigin,6,0.994957,2.176476,2.487396,1.612784,16.185710
3,0.301904,4.779626,exponential_5,450,150,rastrigin,6,1.990852,5.582847,6.966338,6.471687,22.362420
3,0.455730,3.974133,exponential_5,450,150,rastrigin,6,1.989929,4.728153,5.969815,3.636666,37.534925
3,0.455730,0.627664,exponential_5,450,150,rastrigin,6,8.311237,19.055267,23.138485,6.565825,40.294480
3,0.370927,1.091897,exponential_5,450,150,rastrigin,6,5.085648,10.852073,11.778424,7.106090,15.923965
3,10.000000,4.779626,exponential_3,450,150,rastrigin,6,0.000000,1.989901,0.994957,10.753280,44.919665
3,0.370927,4.779626,exponential_5,450,150,rastrigin,6,0.994961,5.411084,5.969776,3.124861,16.421220
3,0.559922,0.907884,exponential_5,450,150,rastrigin,6,4.435062,12.496905,13.661762,7.201559,36.820520
3,0.370927,2.284483,exponential_5,450,150,rastrigin,6,3.233675,10.957803,11.588587,5.050381,15.942205
3,0.559922,1.313208,exponential_5,450,150,rastrigin,6,4.048416,9.869419,10.058182,4.491448,37.035995
3,0.370927,0.360805,exponential_5,450,150,rastrigin,6,11.149853,20.984962,23.284679,4.865846,18.688470
3,0.559922,5.748380,exponential_5,450,150,rastrigin,6,0.000000,1.492439,1.989914,1.218570,31.513210
3,0.687934,2.747511,exponential_5,450,150,rastrigin,6,1.989929,4.985640,4.979589,3.402250,25.865635
3,0.687934,0.627664,exponential_5,450,150,rastrigin,6,4.436560,11.436790,12.324140,5.256822,27.616340
3,0.370927,3.304387,exponential_5,450,150,rastrigin,6,2.003075,6.073855,6.980436,4.420684,16.754350
3,0.687934,1.313208,exponential_5,450,150,rastrigin,6,2.023663,9.197540,10.495326,4.190077,27.945115
3,0.370927,6.913484,exponential_5,450,150,rastrigin,6,0.994959,3.358019,3.482555,2.244160,15.229250
3,0.455730,0.521886,exponential_5,450,150,rastrigin,6,4.916138,13.102369,14.646834,8.058129,14.902450
3,0.370927,10.000000,exponential_5,450,150,rastrigin,6,0.000000,1.865546,1.989916,2.611645,16.366355
3,0.455730,1.091897,exponential_5,450,150,rastrigin,6,6.370029,11.295280,11.631089,6.328564,14.570030
3,0.845213,3.974133,exponential_5,450,150,rastrigin,6,0.994957,2.487395,2.984874,1.237713,15.409275
3,0.455730,1.579374,exponential_5,450,150,rastrigin,6,2.183031,7.615845,9.297391,5.700291,13.678010
3,0.845213,5.748380,exponential_5,450,150,rastrigin,6,0.000000,1.492437,1.989916,0.650538,16.374580
3,0.455730,3.304387,exponential_5,450,150,rastrigin,6,1.990055,5.547897,6.486916,5.769906,14.233135
3,0.845213,1.899487,exponential_5,450,150,rastrigin,6,1.989988,5.172209,6.002083,4.628884,18.893105
3,0.455730,6.913484,exponential_5,450,150,rastrigin,6,0.994957,2.300856,2.984875,1.601227,15.668310
3,0.559922,0.521886,exponential_5,450,150,rastrigin,6,4.486170,13.502527,14.515666,5.247457,13.366315
3,0.687934,0.300000,exponential_5,450,150,rastrigin,6,9.118565,17.159195,17.826534,5.496325,42.669965
3,0.845213,2.747511,exponential_5,450,150,rastrigin,6,0.995008,4.228655,4.974794,4.686823,22.710565
3,0.245725,2.284483,exponential_5,450,150,rastrigin,6,2.373741,12.986142,15.497461,4.974289,42.227935
3,0.687934,0.433935,exponential_5,450,150,rastrigin,6,8.096197,15.021540,16.724201,5.628922,44.472255
3,0.687934,1.899487,exponential_5,450,150,rastrigin,6,1.993708,6.476112,7.959969,5.833858,43.116955
3,0.687934,0.907884,exponential_5,450,150,rastrigin,6,3.112888,10.787057,14.216599,5.946589,46.136615
3,0.845213,0.300000,exponential_5,450,150,rastrigin,6,8.122387,16.549419,19.551315,7.097201,45.283940
3,0.245725,3.304387,exponential_5,450,150,rastrigin,6,1.107185,10.472232,11.836603,6.534717,44.868470
3,0.245725,4.779626,exponential_5,450,150,rastrigin,6,3.002876,6.927002,7.520171,2.977140,43.834820
3,1.038450,0.433935,exponential_5,450,150,rastrigin,6,3.883678,13.652308,15.636322,7.488122,16.409580
3,0.687934,8.314736,exponential_5,450,150,rastrigin,6,0.000000,1.430252,1.989915,1.868690,48.356485
3,0.245725,10.000000,exponential_5,450,150,rastrigin,6,0.994967,2.736149,2.984877,2.096523,46.357880
3,0.559922,3.304387,exponential_5,450,150,rastrigin,6,0.000011,3.427264,2.989635,3.358770,16.477410
3,0.301904,0.754882,exponential_5,450,150,rastrigin,6,3.660229,15.320374,17.533512,6.945244,38.175540
3,1.038450,0.627664,exponential_5,450,150,rastrigin,6,3.304184,11.533139,13.548351,4.780014,18.224930
3,0.559922,4.779626,exponential_5,450,150,rastrigin,6,0.995029,2.736279,2.984877,1.792898,17.831725
3,0.845213,0.433935,exponential_5,450,150,rastrigin,6,2.022274,11.051173,11.966769,5.878499,45.774790
3,1.038450,5.748380,exponential_5,450,150,rastrigin,6,0.000000,0.932772,0.994957,0.824976,16.322785
3,1.038450,3.974133,exponential_5,450,150,rastrigin,6,0.000000,1.430251,1.989914,1.188756,16.804035
3,1.038450,8.314736,exponential_5,450,150,rastrigin,6,0.000000,0.497479,0.994957,0.905084,16.677740
3,0.845213,0.907884,exponential_5,450,150,rastrigin,6,4.027367,11.642874,12.395092,6.374729,40.183990
3,0.559922,10.000000,exponential_5,450,150,rastrigin,6,0.000000,1.305881,1.492436,0.905083,18.345285
3,0.845213,0.627664,exponential_5,450,150,rastrigin,6,5.358276,12.316967,13.971419,4.535192,44.301545
3,0.455730,10.000000,exponential_5,450,150,rastrigin,6,0.000000,1.678992,1.989916,1.229689,31.238145
3,0.245725,6.913484,exponential_5,450,150,rastrigin,6,0.994972,4.177545,4.532052,3.290768,38.758350
3,0.301904,0.521886,exponential_5,450,150,rastrigin,6,11.198387,21.633991,25.540621,8.868642,39.280965
3,0.845213,1.313208,exponential_5,450,150,rastrigin,6,1.991119,8.595665,9.958758,4.319048,40.064065
3,0.455730,2.284483,exponential_5,450,150,rastrigin,6,2.030561,9.089341,10.969090,6.009333,36.269840
3,0.559922,0.754882,exponential_5,450,150,rastrigin,6,6.731213,14.079043,15.698342,4.606046,28.542595
3,1.275867,0.627664,exponential_5,450,150,rastrigin,6,3.017162,8.380635,10.451951,4.786133,16.863075
3,0.687934,6.913484,exponential_5,450,150,rastrigin,6,0.000000,1.181512,0.994959,0.915956,16.779725
3,0.559922,0.360805,exponential_5,450,150,rastrigin,6,10.773869,17.237452,18.277643,6.272100,33.527070
3,0.687934,4.779626,exponential_5,450,150,rastrigin,6,0.000000,2.052102,2.984873,1.388492,16.492830
3,0.559922,2.284483,exponential_5,450,150,rastrigin,6,1.992409,6.922513,7.562538,5.099042,24.631915
3,1.275867,0.907884,exponential_5,450,150,rastrigin,6,1.005638,6.690313,7.474958,4.322845,17.714895
3,1.275867,1.313208,exponential_5,450,150,rastrigin,6,1.989933,5.676506,6.964713,5.559264,16.106325
3,1.275867,3.974133,exponential_5,450,150,rastrigin,6,0.994957,1.678991,1.989914,5.269269,13.022445
3,1.275867,1.899487,exponential_5,450,150,rastrigin,6,0.994957,3.047113,2.985250,4.081425,14.936850
3,0.845213,8.314736,exponential_5,450,150,rastrigin,6,0.000000,0.870588,0.994957,0.999920,41.298820
3,1.275867,8.314736,exponential_5,450,150,rastrigin,6,0.000000,0.870587,0.994957,5.278623,14.892715
3,1.275867,5.748380,exponential_5,450,150,rastrigin,6,0.000000,0.808403,0.994957,8.004779,15.634630
3,1.567562,0.300000,exponential_5,450,150,rastrigin,6,2.955097,12.676585,15.109135,7.242957,16.052285
3,1.567562,1.313208,exponential_5,450,150,rastrigin,6,0.995148,3.731215,4.974790,2.648732,14.014555
3,1.567562,0.627664,exponential_5,450,150,rastrigin,6,2.991508,7.342373,8.051908,4.206534,14.540850
3,0.370927,0.754882,exponential_5,450,150,rastrigin,6,5.046814,15.077455,18.258831,7.788065,41.083050
3,1.567562,1.899487,exponential_5,450,150,rastrigin,6,0.000107,2.052165,2.487396,1.850725,14.213295
3,1.567562,0.433935,exponential_5,450,150,rastrigin,6,3.985180,10.346097,10.999611,5.862699,16.211900
3,0.845213,4.779626,exponential_5,450,150,rastrigin,6,0.000000,1.678991,1.989916,1.946535,15.197235
3,1.275867,2.747511,exponential_5,450,150,rastrigin,6,0.000000,2.114285,2.984872,1.349627,20.385015
3,1.038450,0.300000,exponential_5,450,150,rastrigin,6,11.395321,15.622806,15.999235,5.357867,44.569130
3,1.567562,2.747511,exponential_5,450,150,rastrigin,6,0.994957,1.492437,1.989915,1.367841,14.540580
3,1.567562,3.974133,exponential_5,450,150,rastrigin,6,0.000000,1.057143,0.994959,5.203383,13.458920
3,1.567562,0.907884,exponential_5,450,150,rastrigin,6,1.017336,6.420360,6.965306,3.810293,19.925970
3,1.567562,5.748380,exponential_5,450,150,rastrigin,6,0.000000,0.808403,0.994957,1.024371,14.909560
3,1.038450,1.899487,exponential_5,450,150,rastrigin,6,0.000004,4.850535,5.969759,2.519580,44.573400
3,0.370927,1.579374,exponential_5,450,150,rastrigin,6,3.995028,11.289116,13.275377,5.376791,46.322570
3,0.845213,6.913484,exponential_5,450,150,rastrigin,6,0.000000,0.808403,0.994957,1.024372,22.534220
3,1.038450,0.907884,exponential_5,450,150,rastrigin,6,5.014378,8.784944,9.076612,6.654294,47.221215
3,1.038450,1.313208,exponential_5,450,150,rastrigin,6,2.985174,7.838701,8.966156,3.820978,46.692925
3,1.038450,2.747511,exponential_5,450,150,rastrigin,6,0.000000,1.927780,1.989918,2.517063,47.870015
3,1.275867,0.433935,exponential_5,450,150,rastrigin,6,6.277666,14.376366,15.732982,6.859702,45.620720
3,1.038450,0.521886,exponential_5,450,150,rastrigin,6,6.219528,14.001711,15.846425,6.593348,14.173975
3,0.455730,0.360805,exponential_5,450,150,rastrigin,6,5.719086,18.202425,21.540249,6.881187,46.917245
3,1.925946,0.907884,exponential_5,450,150,rastrigin,6,0.995098,4.668023,4.485570,4.083514,13.978790
3,1.925946,1.899487,exponential_5,450,150,rastrigin,6,0.000000,1.554622,1.989917,1.936337,13.374940
3,1.038450,4.779626,exponential_5,450,150,rastrigin,6,0.000000,1.243697,1.989914,1.834611,13.411960
3,1.275867,0.300000,exponential_5,450,150,rastrigin,6,5.621300,14.225467,17.174892,5.409013,50.079565
3,1.038450,0.754882,exponential_5,450,150,rastrigin,6,2.210258,9.054000,9.726140,4.820602,15.717570
3,1.038450,6.913484,exponential_5,450,150,rastrigin,6,0.000000,0.932772,0.994957,0.808307,15.631035
3,1.038450,10.000000,exponential_5,450,150,rastrigin,6,0.000000,0.621848,0.994957,7.558339,16.233060
3,1.925946,2.747511,exponential_5,450,150,rastrigin,6,0.000000,1.492436,1.989914,1.352375,14.680015
3,1.925946,3.974133,exponential_5,450,150,rastrigin,6,0.000000,1.057143,1.492435,5.454783,14.308915
3,0.687934,0.754882,exponential_5,450,150,rastrigin,6,4.052444,10.559346,11.569341,6.320960,39.171015
3,0.455730,4.779626,exponential_5,450,150,rastrigin,6,0.994961,3.483912,4.974791,1.909906,45.927535
3,0.559922,1.091897,exponential_5,450,150,rastrigin,6,3.048031,13.330648,16.251282,7.770025,44.097260
3,0.559922,6.913484,exponential_5,450,150,rastrigin,6,0.000000,1.803361,2.487394,1.479112,42.608390
3,0.455730,0.754882,exponential_5,450,150,rastrigin,6,7.463852,16.589710,19.386469,7.715820,46.468265
3,0.687934,3.304387,exponential_5,450,150,rastrigin,6,0.994959,3.544568,3.482520,3.915671,42.689840
3,0.559922,1.579374,exponential_5,450,150,rastrigin,6,2.082445,9.288796,11.318909,7.145833,44.152600
3,0.687934,1.579374,exponential_5,450,150,rastrigin,6,1.237404,5.842500,7.027997,3.516440,42.747600
3,0.845213,3.304387,exponential_5,450,150,rastrigin,6,0.994957,2.736136,2.984876,3.146330,31.705445
3,0.845213,2.284483,exponential_5,450,150,rastrigin,6,2.000435,5.288220,5.969750,4.046043,37.375105
3,1.275867,0.754882,exponential_5,450,150,rastrigin,6,3.074280,8.228448,8.469522,5.023995,14.078100
3,2.366266,0.627664,exponential_5,450,150,rastrigin,6,2.984921,7.036761,7.960826,4.695731,14.798970
3,2.366266,1.313208,exponential_5,450,150,rastrigin,6,0.000000,2.238657,2.984875,1.873984,16.173955
3,0.687934,0.360805,exponential_5,450,150,rastrigin,6,8.828959,18.912491,22.913744,6.353488,38.010325
3,1.275867,4.779626,exponential_5,450,150,rastrigin,6,0.000000,1.430252,1.989916,1.331162,14.355410
3,1.275867,1.579374,exponential_5,450,150,rastrigin,6,1.989918,4.291173,4.974815,3.985929,17.904975
3,1.275867,1.091897,exponential_5,450,150,rastrigin,6,0.033205,5.563550,6.980322,3.443393,19.160030
3,1.275867,2.284483,exponential_5,450,150,rastrigin,6,0.994957,2.736163,2.984877,2.048754,17.940590
3,1.275867,6.913484,exponential_5,450,150,rastrigin,6,0.000000,0.994957,0.994957,0.777087,15.102265
3,1.567562,1.579374,exponential_5,450,150,rastrigin,6,1.989916,3.731115,3.482358,4.156241,15.301010
3,1.275867,10.000000,exponential_5,450,150,rastrigin,6,0.000000,1.119327,0.994959,9.473939,18.288240
3,0.845213,10.000000,exponential_5,450,150,rastrigin,6,0.000000,1.243697,0.994958,6.248511,18.995285
3,1.567562,0.360805,exponential_5,450,150,rastrigin,6,4.607609,11.629108,12.167336,6.959370,15.649390
3,1.567562,0.754882,exponential_5,450,150,rastrigin,6,2.028818,6.999846,7.576343,5.222853,16.715200
3,1.567562,2.284483,exponential_5,450,150,rastrigin,6,0.994957,1.927734,1.989919,1.618909,13.587890
3,2.366266,1.899487,exponential_5,450,150,rastrigin,6,0.000000,1.119328,0.994960,1.019529,26.081005
3,1.567562,8.314736,exponential_5,450,150,rastrigin,6,0.000000,0.559664,0.994957,5.310641,45.991305
3,1.567562,0.521886,exponential_5,450,150,rastrigin,6,4.013710,10.324900,10.463560,6.136150,13.836485
3,0.687934,0.521886,exponential_5,450,150,rastrigin,6,6.198856,11.948528,12.533948,6.147603,46.011455
3,0.687934,1.091897,exponential_5,450,150,rastrigin,6,4.116932,9.488226,11.587880,3.971461,45.186615
3,0.687934,2.284483,exponential_5,450,150,rastrigin,6,1.990110,5.188703,5.490559,3.245235,46.530125
3,1.925946,0.433935,exponential_5,450,150,rastrigin,6,2.140223,10.726075,13.474811,5.760676,45.175395
3,2.366266,3.974133,exponential_5,450,150,rastrigin,6,0.000000,0.684033,0.994957,5.270411,14.787420
3,1.567562,3.304387,exponential_5,450,150,rastrigin,6,0.000000,1.368069,1.989914,1.214499,13.392215
3,1.925946,0.300000,exponential_5,450,150,rastrigin,6,2.335941,10.341422,10.731228,6.636106,45.873340
3,1.925946,1.313208,exponential_5,450,150,rastrigin,6,1.989916,2.673972,2.984875,1.673025,45.997845
3,1.567562,1.091897,exponential_5,450,150,rastrigin,6,1.989927,5.908596,6.965222,4.291922,14.532305
3,1.567562,4.779626,exponential_5,450,150,rastrigin,6,0.000000,0.932772,0.994957,0.650538,14.616250
3,1.925946,0.627664,exponential_5,450,150,rastrigin,6,2.988699,7.807776,8.964030,6.224640,47.126815
3,0.845213,0.521886,exponential_5,450,150,rastrigin,6,2.324100,13.400608,16.187332,6.105621,46.757085
3,0.687934,10.000000,exponential_5,450,150,rastrigin,6,0.000000,1.181512,1.989914,1.154966,48.868540
3,0.845213,0.360805,exponential_5,450,150,rastrigin,6,3.864298,14.081453,16.421944,7.634848,49.532500
3,0.845213,1.091897,exponential_5,450,150,rastrigin,6,3.048374,8.550542,9.569366,5.143567,47.537780
3,0.845213,0.754882,exponential_5,450,150,rastrigin,6,4.018902,11.990956,15.659761,7.305966,45.209120
3,1.925946,5.748380,exponential_5,450,150,rastrigin,6,0.000000,0.684033,0.994957,1.018314,44.121920
3,2.366266,0.433935,exponential_5,450,150,rastrigin,6,4.976337,8.132786,8.559539,3.788181,38.599735
3,2.366266,0.300000,exponential_5,450,150,rastrigin,6,2.999695,9.361982,11.618851,4.654396,40.346365
3,2.366266,0.907884,exponential_5,450,150,rastrigin,6,1.989918,4.477889,5.472275,3.248321,38.756645
3,2.366266,2.747511,exponential_5,450,150,rastrigin,6,0.000000,1.492437,1.989915,0.905084,26.411925
3,0.845213,1.579374,exponential_5,450,150,rastrigin,6,0.994997,5.943298,6.967932,5.170625,44.080575
3,1.567562,6.913484,exponential_5,450,150,rastrigin,6,0.000000,0.994958,0.994957,9.738720,20.481330
3,1.925946,8.314736,exponential_5,450,150,rastrigin,6,0.000000,0.808403,0.994957,5.261012,50.818950
3,2.366266,8.314736,exponential_5,450,150,rastrigin,6,0.000000,2.860489,1.989914,10.479964,23.648630
3,2.907255,0.300000,exponential_5,450,150,rastrigin,6,3.011513,8.510655,10.483852,5.379797,22.467030
3,1.038450,1.091897,exponential_5,450,150,rastrigin,6,6.964756,10.090492,9.953932,4.889784,25.020725
3,1.275867,3.304387,exponential_5,450,150,rastrigin,6,0.000000,1.554621,1.989915,0.989970,34.513380
3,2.907255,0.907884,exponential_5,450,150,rastrigin,6,0.994957,3.420202,4.477310,3.563592,23.796350
3,1.925946,2.284483,exponential_5,450,150,rastrigin,6,0.000000,1.305882,0.994957,1.345034,26.819995
3,3.571927,2.747511,exponential_5,450,150,rastrigin,6,0.000000,1.305882,1.989914,7.069874,21.753880
3,1.038450,0.360805,exponential_5,450,150,rastrigin,6,3.971584,12.655762,13.526030,5.627598,40.556505
3,3.571927,3.974133,exponential_5,450,150,rastrigin,6,0.000000,0.808403,0.994957,5.237438,21.900570
3,1.925946,1.091897,exponential_5,450,150,rastrigin,6,0.994965,4.104459,4.477350,2.704616,30.113855
3,2.907255,0.627664,exponential_5,450,150,rastrigin,6,1.991810,4.353992,3.981397,5.202819,28.475735
3,2.907255,1.313208,exponential_5,450,150,rastrigin,6,0.000000,1.927731,2.487396,1.116838,30.238690
3,3.571927,1.899487,exponential_5,450,150,rastrigin,6,0.000000,1.305882,0.994960,1.541382,26.976215
3,3.571927,0.907884,exponential_5,450,150,rastrigin,6,0.000011,1.927734,1.989919,1.643185,28.254320
3,2.907255,1.899487,exponential_5,450,150,rastrigin,6,0.000000,1.057143,1.492437,1.455498,32.890450
3,1.925946,4.779626,exponential_5,450,150,rastrigin,6,0.000000,1.119328,1.989914,5.211859,32.340515
3,1.038450,2.284483,exponential_5,450,150,rastrigin,6,0.000149,3.668921,4.477314,3.092368,40.713875
3,1.925946,3.304387,exponential_5,450,150,rastrigin,6,0.000000,0.497478,0.994957,0.905084,33.903260
3,2.366266,5.748380,exponential_5,450,150,rastrigin,6,0.000000,0.559664,0.994957,0.884338,42.553900
3,4.388561,0.300000,exponential_5,450,150,rastrigin,6,1.990026,5.490430,6.972893,4.856410,32.927300
3,2.366266,0.754882,exponential_5,450,150,rastrigin,6,0.000000,4.975167,5.970193,4.222411,34.752720
3,3.571927,5.748380,exponential_5,450,150,rastrigin,6,0.000000,1.057143,0.994957,9.489649,34.610005
3,1.275867,0.521886,exponential_5,450,150,rastrigin,6,2.192533,10.686335,13.108153,6.449772,44.420720
3,1.038450,3.304387,exponential_5,450,150,rastrigin,6,0.994957,2.860504,3.482352,2.182113,45.112635
3,4.388561,0.433935,exponential_5,450,150,rastrigin,6,0.995068,3.423900,3.979833,4.861939,34.781660
3,1.038450,1.579374,exponential_5,450,150,rastrigin,6,1.989944,5.103174,5.970100,4.734957,45.641390
3,2.366266,1.579374,exponential_5,450,150,rastrigin,6,0.000000,1.803362,1.989917,2.462898,37.112820
3,4.388561,1.313208,exponential_5,450,150,rastrigin,6,0.000000,1.119327,0.994960,0.722630,33.488070
3,4.388561,0.627664,exponential_5,450,150,rastrigin,6,0.000000,2.984908,3.482618,3.267861,35.233540
3,4.388561,0.907884,exponential_5,450,150,rastrigin,6,0.000000,2.363025,2.984875,2.351870,35.831730
3,3.571927,8.314736,exponential_5,450,150,rastrigin,6,0.000000,0.621848,0.994957,6.171826,38.291800
3,4.388561,2.747511,exponential_5,450,150,rastrigin,6,0.000000,0.248739,0.000000,0.667438,33.464675
3,4.388561,5.748380,exponential_5,450,150,rastrigin,6,0.000000,0.559663,0.994957,6.175084,32.595355
3,4.388561,3.974133,exponential_5,450,150,rastrigin,6,0.000000,0.808403,0.994957,7.355099,34.002135
3,2.907255,0.433935,exponential_5,450,150,rastrigin,6,1.994350,7.244743,7.573944,4.592657,48.706500
3,2.366266,2.284483,exponential_5,450,150,rastrigin,6,0.000000,0.932773,0.994957,0.937322,35.252070
3,3.571927,0.300000,exponential_5,450,150,rastrigin,6,1.053600,7.409868,9.640422,3.594182,46.928865
3,1.275867,0.360805,exponential_5,450,150,rastrigin,6,6.662367,11.012259,12.076319,5.441430,49.881055
3,5.391897,0.907884,exponential_5,450,150,rastrigin,6,0.994957,1.803361,1.989914,1.705998,28.656155
3,4.388561,8.314736,exponential_5,450,150,rastrigin,6,0.000000,0.932773,0.994957,9.795488,34.713310
3,2.907255,2.747511,exponential_5,450,150,rastrigin,6,0.000000,0.932772,0.994957,0.999920,49.641585
3,2.907255,3.974133,exponential_5,450,150,rastrigin,6,0.000000,0.559664,0.994957,0.722629,49.469775
3,3.571927,0.433935,exponential_5,450,150,rastrigin,6,1.990402,5.085775,6.964710,2.842309,48.025535
3,2.907255,5.748380,exponential_5,450,150,rastrigin,6,0.000000,0.870587,0.994957,7.495052,50.102580
3,3.571927,0.627664,exponential_5,450,150,rastrigin,6,0.994959,2.985102,2.489002,3.291900,48.950775
3,2.907255,8.314736,exponential_5,450,150,rastrigin,6,0.000000,0.932772,0.994957,9.163262,51.591955
3,2.366266,4.779626,exponential_5,450,150,rastrigin,6,0.000000,0.621849,0.994957,8.048502,32.785010
3,3.571927,1.313208,exponential_5,450,150,rastrigin,6,0.000000,1.989916,1.989918,1.102339,50.162715
3,5.391897,1.899487,exponential_5,450,150,rastrigin,6,0.000000,0.746219,0.994957,5.315308,30.318240
3,5.391897,1.313208,exponential_5,450,150,rastrigin,6,0.000000,0.808403,0.994957,7.841123,31.517490
3,1.567562,10.000000,exponential_5,450,150,rastrigin,6,0.000000,0.559663,0.994957,6.171826,43.097040
3,4.388561,1.899487,exponential_5,450,150,rastrigin,6,0.000000,0.746218,0.994957,7.226074,48.539390
3,5.391897,0.300000,exponential_5,450,150,rastrigin,6,1.989956,5.924630,6.965928,4.386731,43.139170
3,5.391897,0.433935,exponential_5,450,150,rastrigin,6,0.994961,3.420568,3.979835,5.057543,43.223670
3,5.391897,0.627664,exponential_5,450,150,rastrigin,6,0.000000,1.927732,1.989918,2.426447,45.793310
3,1.925946,0.521886,exponential_5,450,150,rastrigin,6,3.049709,8.380687,9.011629,5.973321,47.699270
3,1.925946,0.360805,exponential_5,450,150,rastrigin,6,3.112534,9.410697,10.476668,5.376930,45.335190
3,1.925946,1.579374,exponential_5,450,150,rastrigin,6,0.994957,2.363027,2.487406,1.920939,48.390260
3,6.624620,0.627664,exponential_5,450,150,rastrigin,6,0.000000,2.114285,1.989917,2.401847,33.988445
3,1.925946,0.754882,exponential_5,450,150,rastrigin,6,1.990646,5.387059,6.012977,5.683868,48.575625
3,2.366266,10.000000,exponential_5,450,150,rastrigin,6,0.000000,0.497478,0.994957,9.930251,35.870475
3,2.907255,0.360805,exponential_5,450,150,rastrigin,6,2.988800,8.276873,8.974118,4.770248,35.566885
3,2.907255,1.091897,exponential_5,450,150,rastrigin,6,0.000000,2.300840,1.989920,2.260109,34.352335
3,5.391897,3.974133,exponential_5,450,150,rastrigin,6,0.000000,0.808403,0.994957,1.222624,47.949310
3,6.624620,0.907884,exponential_5,450,150,rastrigin,6,0.000000,1.119327,0.994958,1.307717,38.066620
3,3.571927,3.304387,exponential_5,450,150,rastrigin,6,0.000000,0.559663,0.994957,0.553969,36.614865
3,5.391897,5.748380,exponential_5,450,150,rastrigin,6,0.000000,0.684033,0.994957,8.011208,48.469610
3,6.624620,0.300000,exponential_5,450,150,rastrigin,6,1.989918,5.037451,6.467237,3.350291,46.612220
3,5.391897,8.314736,exponential_5,450,150,rastrigin,6,0.000000,0.621849,0.994957,5.386530,47.700465
3,6.624620,1.899487,exponential_5,450,150,rastrigin,6,0.000000,0.994957,0.994957,7.459463,37.511450
3,1.925946,6.913484,exponential_5,450,150,rastrigin,6,0.000000,1.057142,0.994958,9.139413,46.476795
3,2.907255,1.579374,exponential_5,450,150,rastrigin,6,0.000000,1.554622,1.989915,1.719724,35.100165
3,5.391897,2.747511,exponential_5,450,150,rastrigin,6,0.000000,0.746218,0.994957,7.217843,52.499275
3,2.366266,1.091897,exponential_5,450,150,rastrigin,6,0.000000,2.176479,2.984873,2.309928,44.899005
3,6.624620,0.433935,exponential_5,450,150,rastrigin,6,0.000004,2.363027,2.984875,1.649202,43.157135
3,2.366266,3.304387,exponential_5,450,150,rastrigin,6,0.000000,0.746218,0.994957,7.992469,44.352285
3,2.366266,0.360805,exponential_5,450,150,rastrigin,6,5.142197,9.593287,11.510386,6.383512,46.213430
3,2.366266,0.521886,exponential_5,450,150,rastrigin,6,0.995144,6.238259,7.497208,4.523564,47.196890
3,1.925946,10.000000,exponential_5,450,150,rastrigin,6,0.000000,0.870588,0.994958,5.259134,43.289380
3,2.907255,0.754882,exponential_5,450,150,rastrigin,6,0.000246,3.234402,3.979893,3.122513,37.642410
3,6.624620,1.313208,exponential_5,450,150,rastrigin,6,0.000000,1.430251,1.989914,7.655647,41.239125
3,6.624620,3.974133,exponential_5,450,150,rastrigin,6,0.000000,0.994958,0.994957,9.273246,39.460440
3,3.571927,4.779626,exponential_5,450,150,rastrigin,6,0.000000,0.808403,0.994957,7.946937,40.794995
3,2.907255,2.284483,exponential_5,450,150,rastrigin,6,0.000000,1.243697,1.492437,1.517921,37.946305
3,8.139176,0.300000,exponential_5,450,150,rastrigin,6,0.994957,2.736624,2.986496,2.656066,36.265940
3,4.388561,0.360805,exponential_5,450,150,rastrigin,6,1.990723,5.509694,5.976698,3.287056,35.509940
3,8.139176,1.313208,exponential_5,450,150,rastrigin,6,0.000000,1.119327,1.492437,7.119967,32.058430
3,6.624620,5.748380,exponential_5,450,150,rastrigin,6,0.000000,0.994957,0.994957,9.160165,38.898780
3,8.139176,0.433935,exponential_5,450,150,rastrigin,6,0.000000,2.114286,2.487395,2.074553,36.771335
3,3.571927,1.091897,exponential_5,450,150,rastrigin,6,0.000000,1.741177,1.989916,1.649200,40.868145
3,3.571927,2.284483,exponential_5,450,150,rastrigin,6,0.000000,0.808403,0.994957,7.219210,42.392130
3,6.624620,2.747511,exponential_5,450,150,rastrigin,6,0.000000,0.684033,0.994957,7.252146,45.768050
3,3.571927,6.913484,exponential_5,450,150,rastrigin,6,0.000000,1.119327,0.994957,7.121200,39.228830
3,4.388561,0.521886,exponential_5,450,150,rastrigin,6,1.990833,3.855546,3.979966,1.269227,38.256585
3,8.139176,0.627664,exponential_5,450,150,rastrigin,6,0.000000,1.243697,0.994959,0.911894,40.789810
3,8.139176,2.747511,exponential_5,450,150,rastrigin,6,0.000000,1.492437,1.989916,5.178514,29.259555
3,2.366266,6.913484,exponential_5,450,150,rastrigin,6,0.000000,0.870588,0.994957,5.244757,42.402125
3,8.139176,1.899487,exponential_5,450,150,rastrigin,6,0.000000,1.119328,0.994960,8.475196,38.523725
3,4.388561,1.091897,exponential_5,450,150,rastrigin,6,0.000000,0.994958,1.492437,1.151747,36.625695
3,4.388561,1.579374,exponential_5,450,150,rastrigin,6,0.000000,0.870587,0.994957,1.181447,38.491900
3,4.388561,0.754882,exponential_5,450,150,rastrigin,6,0.000000,2.300923,2.985530,2.001693,37.887695
3,6.624620,8.314736,exponential_5,450,150,rastrigin,6,0.000000,0.746218,0.994957,5.464086,46.838845
3,8.139176,0.907884,exponential_5,450,150,rastrigin,6,0.000000,1.243696,1.492436,0.915956,43.001165
3,4.388561,4.779626,exponential_5,450,150,rastrigin,6,0.000000,0.746218,0.994957,5.267362,36.645940
3,4.388561,3.304387,exponential_5,450,150,rastrigin,6,0.000000,0.559663,0.994957,1.089922,37.875465
3,3.571927,10.000000,exponential_5,450,150,rastrigin,6,0.000000,0.684033,0.994957,6.373709,39.252815
3,4.388561,6.913484,exponential_5,450,150,rastrigin,6,0.000000,0.808403,0.994957,0.922686,39.092575
3,5.391897,1.091897,exponential_5,450,150,rastrigin,6,0.994957,1.368067,1.492436,0.838366,33.869130
3,4.388561,10.000000,exponential_5,450,150,rastrigin,6,0.000000,2.549565,1.492435,10.722523,35.798290
3,2.907255,0.521886,exponential_5,450,150,rastrigin,6,1.990204,6.594034,7.959840,3.722025,42.567960
3,3.571927,0.521886,exponential_5,450,150,rastrigin,6,0.994989,4.851172,5.969753,3.166220,34.987675
3,8.139176,5.748380,exponential_5,450,150,rastrigin,6,0.000000,0.684033,0.994957,5.269237,31.231730
3,8.139176,3.974133,exponential_5,450,150,rastrigin,6,0.000000,1.119327,0.994957,10.182112,42.652815
3,5.391897,2.284483,exponential_5,450,150,rastrigin,6,0.000000,1.119327,1.492435,8.215582,29.242540
3,3.571927,0.360805,exponential_5,450,150,rastrigin,6,2.005135,6.489144,6.964906,3.968387,45.338130
3,5.391897,1.579374,exponential_5,450,150,rastrigin,6,0.000000,1.057143,0.994965,7.292893,29.735895
3,8.139176,8.314736,exponential_5,450,150,rastrigin,6,0.000000,0.746218,0.994958,7.861520,31.430120
3,6.624620,0.754882,exponential_5,450,150,rastrigin,6,0.000000,1.430251,1.989914,1.491608,26.249555
3,2.907255,4.779626,exponential_5,450,150,rastrigin,6,0.000000,0.932772,0.994958,5.453877,44.503485
3,10.000000,1.899487,exponential_5,450,150,rastrigin,6,0.000000,0.746218,0.994957,5.493665,25.882815
3,3.571927,0.754882,exponential_5,450,150,rastrigin,6,0.994957,2.922690,2.984876,1.588868,41.337605
3,10.000000,1.313208,exponential_5,450,150,rastrigin,6,0.000000,0.497479,0.994957,5.306679,27.303730
3,10.000000,3.974133,exponential_5,450,150,rastrigin,6,0.000000,3.793272,0.994957,12.096140,24.633465
3,2.907255,3.304387,exponential_5,450,150,rastrigin,6,0.000000,0.932773,0.994959,6.119426,48.702915
3,2.907255,6.913484,exponential_5,450,150,rastrigin,6,0.000000,0.621848,0.994957,0.650538,45.043120
3,10.000000,2.747511,exponential_5,450,150,rastrigin,6,0.000000,0.870589,0.994957,6.128397,29.462890
3,8.139176,0.360805,exponential_5,450,150,rastrigin,6,0.995106,3.233623,3.979832,2.649278,21.545960
3,3.571927,1.579374,exponential_5,450,150,rastrigin,6,0.000000,1.554622,1.989916,1.258533,42.072035
3,10.000000,8.314736,exponential_5,450,150,rastrigin,6,0.000000,1.119327,0.994959,7.121183,24.057195
3,6.624620,2.284483,exponential_5,450,150,rastrigin,6,0.994957,1.243697,0.994957,8.935792,25.041710
3,2.907255,10.000000,exponential_5,450,150,rastrigin,6,0.000000,1.057142,0.994958,10.238712,44.853735
3,5.391897,0.360805,exponential_5,450,150,rastrigin,6,0.994957,3.855956,4.480765,3.237738,38.626785
3,5.391897,0.521886,exponential_5,450,150,rastrigin,6,0.994957,2.860506,2.984877,2.281901,38.092195
3,6.624620,6.913484,exponential_5,450,150,rastrigin,6,0.000000,0.746218,0.994957,7.218701,22.998565
3,8.139176,0.521886,exponential_5,450,150,rastrigin,6,0.000000,1.927731,1.989918,1.731198,23.051425
3,4.388561,2.284483,exponential_5,450,150,rastrigin,6,0.000000,0.684033,0.994957,0.736201,41.102885
3,5.391897,0.754882,exponential_5,450,150,rastrigin,6,0.000000,1.803362,1.989918,0.989970,38.237715
3,6.624620,4.779626,exponential_5,450,150,rastrigin,6,0.000000,0.621848,0.994957,5.291967,25.503595
3,8.139176,2.284483,exponential_5,450,150,rastrigin,6,0.000000,0.559663,0.994957,7.418042,22.377960
3,10.000000,0.627664,exponential_5,450,150,rastrigin,6,0.000000,0.994957,0.994957,0.838367,38.131435
3,6.624620,1.091897,exponential_5,450,150,rastrigin,6,0.000000,1.181512,0.994959,5.411965,34.057755
3,10.000000,0.433935,exponential_5,450,150,rastrigin,6,0.000000,1.865545,1.989914,6.022566,39.954615
3,10.000000,0.300000,exponential_5,450,150,rastrigin,6,0.994957,2.549582,2.984878,2.072768,41.298450
3,5.391897,4.779626,exponential_5,450,150,rastrigin,6,0.000000,0.994958,0.994957,9.773326,38.078240
3,8.139176,6.913484,exponential_5,450,150,rastrigin,6,0.000000,0.870588,0.994957,8.692430,19.965390
3,8.139176,1.091897,exponential_5,450,150,rastrigin,6,0.000000,1.057142,0.994957,5.265714,25.436295
3,6.624620,1.579374,exponential_5,450,150,rastrigin,6,0.000000,0.621848,0.994957,7.412872,31.372195
3,10.000000,0.907884,exponential_5,450,150,rastrigin,6,0.000000,0.932773,0.994957,0.882937,41.309485
3,10.000000,2.284483,exponential_5,450,150,rastrigin,6,0.000000,0.808403,0.994957,8.828737,14.149975
3,8.139176,1.579374,exponential_5,450,150,rastrigin,6,0.000000,0.373109,0.497478,1.319961,31.333400
3,8.139176,0.754882,exponential_5,450,150,rastrigin,6,0.000000,0.870588,0.994957,1.146363,29.345470
3,6.624620,3.304387,exponential_5,450,150,rastrigin,6,0.000000,1.181512,0.994958,10.237791,30.296345
3,6.624620,0.360805,exponential_5,450,150,rastrigin,6,0.994957,4.290857,5.969748,2.573380,37.885305
3,5.391897,6.913484,exponential_5,450,150,rastrigin,6,0.000000,0.684033,0.994957,7.399509,39.194790
3,6.624620,10.000000,exponential_5,450,150,rastrigin,6,0.000000,1.119327,0.994957,5.193784,29.448605
3,5.391897,3.304387,exponential_5,450,150,rastrigin,6,0.000000,0.808403,0.994957,0.938641,35.926510
3,10.000000,4.779626,exponential_5,450,150,rastrigin,6,0.000000,1.181512,1.492435,0.795967,15.646585
3,6.624620,0.521886,exponential_5,450,150,rastrigin,6,0.000000,1.368068,1.492440,1.868695,36.235140
3,10.000000,5.748380,exponential_5,450,150,rastrigin,6,0.000000,0.994958,0.994959,9.035054,37.704415
3,5.391897,10.000000,exponential_5,450,150,rastrigin,6,0.000000,0.559663,0.994957,5.517035,39.200445
3,10.000000,1.579374,exponential_5,450,150,rastrigin,6,0.000000,0.870588,0.994957,5.248530,16.568830
3,8.139176,4.779626,exponential_5,450,150,rastrigin,6,0.000000,1.119327,0.994957,9.797609,23.475325
3,10.000000,3.304387,exponential_5,450,150,rastrigin,6,0.000000,2.425196,0.994960,11.219101,14.655630
3,8.139176,3.304387,exponential_5,450,150,rastrigin,6,0.000000,0.932773,0.994957,10.024457,32.773740
3,10.000000,10.000000,exponential_5,450,150,rastrigin,6,0.000000,0.559664,0.994957,5.511877,14.364265
3,8.139176,10.000000,exponential_5,450,150,rastrigin,6,0.000000,1.243697,1.492435,9.592230,23.916540
3,10.000000,0.521886,exponential_5,450,150,rastrigin,6,0.000000,0.870588,0.994958,0.974855,14.174250
3,10.000000,0.754882,exponential_5,450,150,rastrigin,6,0.000000,1.057142,1.492435,5.650225,15.723295
3,10.000000,0.360805,exponential_5,450,150,rastrigin,6,0.994957,2.425211,1.989922,1.929304,14.639955
3,10.000000,1.091897,exponential_5,450,150,rastrigin,6,0.000000,0.870587,0.994957,0.722630,13.209620
3,10.000000,6.913484,exponential_5,450,150,rastrigin,6,0.000000,0.621849,0.994957,7.579757,13.576220
3,0.687934,2.747511,linear,900,300,rastrigin,9,2.984909,9.949682,11.442301,5.811087,319.367975
3,0.455730,0.627664,linear,900,300,rastrigin,9,15.880894,31.170055,35.189178,9.394320,322.082545
3,0.200000,0.521886,linear,900,300,rastrigin,9,35.785263,44.977009,47.721260,7.331125,323.584280
3,0.200000,1.579374,linear,900,300,rastrigin,9,21.176468,31.377977,34.266006,9.812350,327.423365
3,0.370927,4.779626,linear,900,300,rastrigin,9,2.984898,10.453006,11.939583,8.587061,327.265440
3,0.200000,4.779626,linear,900,300,rastrigin,9,10.734592,18.038406,18.797510,5.551898,329.911215
3,0.845213,0.360805,linear,900,300,rastrigin,9,17.263969,29.313095,32.756187,8.801603,320.279795
3,0.301904,1.313208,linear,900,300,rastrigin,9,14.063297,29.288599,31.489912,8.507649,335.472965
3,0.301904,2.284483,linear,900,300,rastrigin,9,9.188412,20.897432,23.226419,7.531268,336.641130
3,0.559922,6.913484,linear,900,300,rastrigin,9,0.000000,1.616805,1.989914,6.976001,329.501195
3,0.370927,8.314736,linear,900,300,rastrigin,9,0.994957,2.673947,2.984871,1.512205,335.444840
3,0.245725,10.000000,linear,900,300,rastrigin,9,1.989914,5.099159,6.467226,5.981947,337.749385
3,0.245725,5.748380,linear,900,300,rastrigin,9,7.974163,15.753599,20.396982,10.741535,337.853320
3,0.455730,1.091897,linear,900,300,rastrigin,9,10.327572,25.012749,28.329147,7.734528,337.315225
3,0.245725,3.304387,linear,900,300,rastrigin,9,9.265793,20.526047,24.076675,9.981974,340.630690
3,0.245725,0.627664,linear,900,300,rastrigin,9,26.559887,39.558517,44.418434,9.421731,343.159045
3,0.559922,3.974133,linear,900,300,rastrigin,9,1.989914,5.658832,5.969822,4.967563,338.877130
3,0.559922,0.754882,linear,900,300,rastrigin,9,15.815014,26.550821,30.348564,6.879974,340.834540
3,0.245725,0.360805,linear,900,300,rastrigin,9,32.663136,44.626141,47.143673,7.409658,346.666530
3,0.301904,3.974133,linear,900,300,rastrigin,9,7.077042,17.296907,20.962170,6.087836,347.508460
3,0.200000,8.314736,linear,900,300,rastrigin,9,3.012512,10.014244,9.950743,5.852024,336.252255
3,0.301904,0.754882,linear,900,300,rastrigin,9,23.923878,33.211838,35.751762,8.394146,349.621550
3,0.455730,1.899487,linear,900,300,rastrigin,9,10.021915,18.629131,20.670385,7.042610,346.808405
3,0.245725,1.091897,linear,900,300,rastrigin,9,15.959438,29.654259,31.697048,9.653414,350.159265
3,0.200000,2.747511,linear,900,300,rastrigin,9,12.822662,22.111271,27.431753,8.169744,347.830595
3,0.370927,0.907884,linear,900,300,rastrigin,9,17.664845,30.900433,32.568947,7.244351,349.750930
3,0.559922,0.433935,linear,900,300,rastrigin,9,24.387077,33.083878,32.837799,9.455038,346.713780
3,0.200000,0.907884,linear,900,300,rastrigin,9,26.082058,36.140121,37.826336,9.818130,352.520350
3,0.455730,5.748380,linear,900,300,rastrigin,9,0.994957,5.285714,6.964703,2.414696,349.889060
3,1.038450,2.284483,linear,900,300,rastrigin,9,0.000000,5.534452,5.969751,4.999349,334.707135
3,0.845213,3.304387,linear,900,300,rastrigin,9,1.989914,4.352942,4.974791,2.892227,338.295310
3,0.687934,4.779626,linear,900,300,rastrigin,9,0.000000,3.979829,4.974785,6.496966,344.318195
3,1.038450,0.754882,linear,900,300,rastrigin,9,11.957447,17.085281,18.075512,7.142183,337.796495
3,1.038450,1.313208,linear,900,300,rastrigin,9,6.015179,14.008833,15.921412,6.054527,339.670695
3,1.275867,0.300000,linear,900,300,rastrigin,9,17.463661,29.403049,32.921551,9.735314,334.389840
3,1.275867,0.521886,linear,900,300,rastrigin,9,11.458355,21.792532,25.726631,7.623210,334.008020
3,0.455730,10.000000,linear,900,300,rastrigin,9,0.000000,0.435294,0.994957,0.494985,355.885915
3,1.038450,0.433935,linear,900,300,rastrigin,9,12.455753,29.090363,32.358871,8.680695,342.622055
3,1.038450,3.974133,linear,900,300,rastrigin,9,0.000000,0.373109,0.497478,1.056483,338.685895
3,1.275867,2.747511,linear,900,300,rastrigin,9,0.994957,2.300839,2.487394,0.800616,328.424425
3,0.845213,1.899487,linear,900,300,rastrigin,9,3.979893,11.143821,12.953281,5.883821,345.602280
3,0.845213,5.748380,linear,900,300,rastrigin,9,0.000000,0.000000,0.000000,0.355271,348.801595
3,0.200000,0.300000,linear,900,300,rastrigin,9,32.154099,46.934864,51.480267,9.595311,368.865080
3,0.845213,10.000000,linear,900,300,rastrigin,9,0.000000,0.000000,0.000000,0.000000,354.432120
3,0.301904,6.913484,linear,900,300,rastrigin,9,3.979828,9.452103,9.949585,4.150330,373.080975
3,1.275867,4.779626,linear,900,300,rastrigin,9,0.000000,0.000000,0.000000,0.000000,345.273390
3,1.567562,0.360805,linear,900,300,rastrigin,9,15.805096,24.629442,26.247757,7.924505,341.091255
3,1.567562,3.304387,linear,900,300,rastrigin,9,0.000000,0.000000,0.000000,0.298487,332.191480
3,1.567562,0.627664,linear,900,300,rastrigin,9,5.156452,14.971177,15.374210,10.834133,340.015590
3,1.567562,1.091897,linear,900,300,rastrigin,9,4.109928,12.889270,12.453951,7.748823,337.131915
3,0.370927,0.300000,linear,900,300,rastrigin,9,24.552248,42.015118,44.301445,9.763698,386.529750
3,0.370927,2.747511,linear,900,300,rastrigin,9,7.403618,17.287430,19.566549,7.430565,386.300100
3,0.455730,3.304387,linear,900,300,rastrigin,9,3.079063,12.489395,15.621555,6.993023,390.944865
3,0.245725,1.899487,linear,900,300,rastrigin,9,12.734318,28.495060,35.224464,13.726682,395.655725
3,0.687934,1.579374,linear,900,300,rastrigin,9,9.142281,17.245316,19.933294,6.193054,387.330450
3,0.559922,1.313208,linear,900,300,rastrigin,9,11.268665,21.735867,23.224331,7.157122,392.124235
3,0.559922,2.284483,linear,900,300,rastrigin,9,7.153641,15.618067,16.934059,6.165040,391.942710
3,0.301904,0.433935,linear,900,300,rastrigin,9,22.721703,38.273720,42.225334,8.936608,399.849915
3,0.370927,0.521886,linear,900,300,rastrigin,9,28.549740,37.781212,40.848198,7.991209,400.434855
3,0.687934,0.300000,linear,900,300,rastrigin,9,26.594337,34.635735,37.274422,8.017900,393.084715
3,0.687934,0.521886,linear,900,300,rastrigin,9,18.610069,33.725155,35.489822,9.783044,392.401235
3,1.275867,8.314736,linear,900,300,rastrigin,9,0.000000,0.000000,0.000000,5.421102,367.558075
3,0.687934,0.907884,linear,900,300,rastrigin,9,8.876369,23.306719,26.398170,9.638970,394.415150
3,1.567562,5.748380,linear,900,300,rastrigin,9,0.000000,0.000000,0.000000,0.000000,353.607390
3,0.370927,1.579374,linear,900,300,rastrigin,9,15.725628,23.522219,25.045624,9.180246,403.800585
3,0.455730,0.360805,linear,900,300,rastrigin,9,27.852295,36.600300,37.582359,8.726782,403.513160
3,0.687934,8.314736,linear,900,300,rastrigin,9,0.000000,0.000000,0.000000,0.298487,395.170095
3,0.845213,1.091897,linear,900,300,rastrigin,9,6.164230,15.837318,17.154533,7.124346,394.703000
3,1.038450,6.913484,linear,900,300,rastrigin,9,0.000000,0.000000,0.000000,0.000000,392.991835
3,1.275867,0.907884,linear,900,300,rastrigin,9,8.049690,16.911245,19.930649,8.127856,390.704325
3,1.275867,1.579374,linear,900,300,rastrigin,9,2.984879,7.338078,7.959667,5.910309,388.911795
3,0.845213,0.627664,linear,900,300,rastrigin,9,12.937660,22.383566,24.873205,6.304058,404.257700
3,1.567562,10.000000,linear,900,300,rastrigin,9,0.000000,3.295770,0.000004,11.388147,365.296885
3,1.567562,1.899487,linear,900,300,rastrigin,9,0.994957,3.233612,3.979832,2.489383,384.650920
3,0.687934,3.304387,linear,900,300,rastrigin,9,0.994957,5.907568,6.964706,4.568951,253.734380
3,0.370927,5.748380,linear,900,300,rastrigin,9,4.974789,8.581550,9.452101,3.424645,256.449155
3,0.455730,0.754882,linear,900,300,rastrigin,9,19.710251,33.961220,35.371468,9.667930,263.527735
3,0.455730,1.313208,linear,900,300,rastrigin,9,12.531219,25.297903,28.856770,10.696694,253.802085
3,0.845213,0.433935,linear,900,300,rastrigin,9,18.877846,29.038910,29.422258,8.726284,268.965495
3,0.245725,3.974133,linear,900,300,rastrigin,9,5.604214,17.364601,22.630819,8.550224,261.714195
3,0.559922,8.314736,linear,900,300,rastrigin,9,0.000000,0.373109,0.497478,0.659980,274.350115
3,0.245725,0.433935,linear,900,300,rastrigin,9,30.839394,42.575020,45.095726,6.781106,262.453500
3,0.370927,1.091897,linear,900,300,rastrigin,9,13.548645,26.060961,30.609547,11.073585,257.943805
3,0.245725,1.313208,linear,900,300,rastrigin,9,13.697296,31.913204,36.237236,10.466570,261.874290
3,0.455730,6.913484,linear,900,300,rastrigin,9,0.994957,3.420166,3.979828,2.874632,260.937840
3,1.038450,1.579374,linear,900,300,rastrigin,9,3.078690,12.649639,14.454556,6.905747,262.018660
3,1.038450,0.907884,linear,900,300,rastrigin,9,3.138447,16.326593,21.151766,8.097411,265.677895
3,1.038450,2.747511,linear,900,300,rastrigin,9,2.984871,4.726049,4.477312,4.949586,268.006600
3,0.845213,3.974133,linear,900,300,rastrigin,9,0.994957,3.357981,3.979830,1.708172,269.733640
3,1.275867,0.627664,linear,900,300,rastrigin,9,7.661949,17.818169,18.787121,10.137254,269.203030
3,0.559922,0.300000,linear,900,300,rastrigin,9,18.930199,35.187737,39.455925,8.934449,270.087370
3,0.845213,2.284483,linear,900,300,rastrigin,9,0.995190,7.897775,8.954660,6.967653,268.949175
3,1.275867,0.360805,linear,900,300,rastrigin,9,10.815674,28.771608,31.350508,9.667383,272.049955
3,1.038450,0.521886,linear,900,300,rastrigin,9,15.494709,24.689062,27.106327,8.881145,273.451970
3,1.038450,4.779626,linear,900,300,rastrigin,9,0.000000,0.000000,0.000000,0.216846,274.810150
3,1.038450,0.300000,linear,900,300,rastrigin,9,9.335052,29.591431,33.532421,12.074503,268.175665
3,0.200000,0.360805,linear,900,300,rastrigin,9,40.086548,51.728210,53.889297,7.682059,271.789080
3,0.845213,6.913484,linear,900,300,rastrigin,9,0.000000,0.000000,0.000000,0.000000,279.442275
3,0.687934,5.748380,linear,900,300,rastrigin,9,0.000000,0.808403,0.994957,0.905083,284.616275
3,1.275867,3.304387,linear,900,300,rastrigin,9,0.000000,0.497478,0.994957,0.808307,282.360745
3,0.200000,0.627664,linear,900,300,rastrigin,9,36.639084,47.021523,50.443367,7.564575,329.680940
3,0.370927,10.000000,linear,900,300,rastrigin,9,0.000000,1.492436,1.989914,1.831236,324.507570
3,0.200000,5.748380,linear,900,300,rastrigin,9,6.966347,14.308640,17.015903,6.550424,334.603645
3,0.301904,0.521886,linear,900,300,rastrigin,9,33.638290,41.108250,42.091415,8.736087,264.734460
3,0.559922,2.747511,linear,900,300,rastrigin,9,6.968040,15.135296,17.967369,5.162440,266.867265
3,0.301904,1.579374,linear,900,300,rastrigin,9,14.771049,28.773781,29.370859,10.895914,332.643995
3,0.301904,2.747511,linear,900,300,rastrigin,9,7.495377,16.966881,20.003300,8.950051,331.444435
3,0.200000,1.899487,linear,900,300,rastrigin,9,8.795250,29.513622,32.399055,10.452948,340.237070
3,0.559922,4.779626,linear,900,300,rastrigin,9,0.994957,5.721006,6.964703,3.284869,324.320630
3,1.275867,5.748380,linear,900,300,rastrigin,9,0.000000,0.000000,0.000000,0.000000,297.831845
3,0.245725,0.754882,linear,900,300,rastrigin,9,22.032906,34.831909,38.600372,9.723410,334.200865
3,0.301904,4.779626,linear,900,300,rastrigin,9,4.976482,9.879814,10.945087,6.836399,330.226945
3,0.301904,0.300000,linear,900,300,rastrigin,9,29.386955,40.913998,44.288906,8.392433,343.163640
3,0.245725,6.913484,linear,900,300,rastrigin,9,2.984985,9.987928,12.934507,6.399796,341.686085
3,0.200000,10.000000,linear,900,300,rastrigin,9,3.979832,9.328162,11.442005,4.928442,333.386780
3,0.559922,0.907884,linear,900,300,rastrigin,9,7.188530,23.762863,27.109417,10.641165,339.105440
3,0.455730,2.284483,linear,900,300,rastrigin,9,5.097008,13.635057,14.490477,10.087948,335.319155
3,0.200000,3.304387,linear,900,300,rastrigin,9,13.283226,24.619564,25.699108,11.221933,336.580925
3,0.301904,0.907884,linear,900,300,rastrigin,9,18.539017,32.032013,36.468430,9.142009,338.279845
3,0.200000,1.091897,linear,900,300,rastrigin,9,13.068520,33.329754,35.352840,9.808764,341.808275
3,0.559922,0.521886,linear,900,300,rastrigin,9,18.505672,30.924959,34.248192,8.472335,344.436630
3,0.301904,8.314736,linear,900,300,rastrigin,9,2.984871,6.467247,5.969931,6.596786,337.323325
3,1.567562,0.754882,linear,900,300,rastrigin,9,8.189137,14.357498,15.543148,5.564351,332.720650
3,0.370927,3.304387,linear,900,300,rastrigin,9,6.271461,15.985273,17.947182,8.630674,325.513560
3,1.567562,0.433935,linear,900,300,rastrigin,9,7.372753,20.774542,22.044479,10.895463,337.219900
3,0.370927,0.360805,linear,900,300,rastrigin,9,22.148415,38.088573,41.343689,9.400497,331.341310
3,0.455730,3.974133,linear,900,300,rastrigin,9,3.979897,8.339188,8.954685,3.994068,327.052500
3,0.559922,1.579374,linear,900,300,rastrigin,9,8.038662,17.228985,20.159876,6.614144,323.553815
3,0.245725,2.284483,linear,900,300,rastrigin,9,10.029182,24.025572,30.433254,13.404122,329.545315
3,1.567562,3.974133,linear,900,300,rastrigin,9,0.000000,0.000000,0.000000,0.000000,344.703245
3,0.687934,1.899487,linear,900,300,rastrigin,9,3.091034,12.706768,16.552650,6.422522,333.301785
3,0.370927,0.627664,linear,900,300,rastrigin,9,29.019497,38.708664,41.313969,10.100880,327.033535
3,1.567562,1.313208,linear,900,300,rastrigin,9,2.984875,7.089381,7.959665,5.803687,352.168250
3,0.687934,0.627664,linear,900,300,rastrigin,9,11.051876,27.039324,31.399462,11.138797,333.773750
3,0.687934,0.360805,linear,900,300,rastrigin,9,19.677166,35.639458,39.522125,10.333495,336.585860
3,0.687934,1.091897,linear,900,300,rastrigin,9,5.564678,20.045290,24.084232,9.458272,335.930910
3,0.687934,10.000000,linear,900,300,rastrigin,9,0.000000,0.000000,0.000000,5.421102,332.741630
3,0.845213,1.313208,linear,900,300,rastrigin,9,4.829319,13.955627,16.531361,6.504477,333.787085
3,0.455730,0.433935,linear,900,300,rastrigin,9,24.831848,35.545391,39.226456,9.460299,338.762335
3,0.370927,1.899487,linear,900,300,rastrigin,9,6.982895,19.164852,23.701324,9.522599,342.065945
3,1.275867,1.899487,linear,900,300,rastrigin,9,2.984871,7.026892,8.954617,5.889575,331.021965
3,0.845213,0.754882,linear,900,300,rastrigin,9,10.053368,22.789677,27.433151,8.779642,335.625665
3,1.567562,2.284483,linear,900,300,rastrigin,9,0.000000,1.492436,1.989914,1.441830,332.508735
3,1.275867,1.091897,linear,900,300,rastrigin,9,4.982708,12.528607,14.541775,6.879270,340.759750
3,1.925946,0.300000,linear,900,300,rastrigin,9,12.325386,23.340128,25.161211,10.953002,340.350895
3,1.567562,6.913484,linear,900,300,rastrigin,9,0.000000,0.000000,0.000000,5.421102,358.257205
3,1.038450,8.314736,linear,900,300,rastrigin,9,0.000000,0.000000,0.000000,0.000000,349.375915
3,1.275867,10.000000,linear,900,300,rastrigin,9,0.000000,0.000000,0.000000,9.374673,369.192200
3,0.687934,3.974133,linear,900,300,rastrigin,9,1.989914,4.601679,5.969746,3.844124,269.956535
3,0.845213,0.521886,linear,900,300,rastrigin,9,8.506233,26.895103,29.814146,10.889219,257.099740
3,0.370927,6.913484,linear,900,300,rastrigin,9,1.989914,5.969746,7.462185,3.728102,273.622940
3,0.455730,0.907884,linear,900,300,rastrigin,9,9.233173,28.782547,32.408722,8.612647,272.223375
3,0.245725,0.521886,linear,900,300,rastrigin,9,25.644951,44.658924,49.012100,9.869746,259.523615
3,0.455730,1.579374,linear,900,300,rastrigin,9,13.639530,21.147984,22.101519,5.768052,273.089410
3,1.275867,0.433935,linear,900,300,rastrigin,9,13.215145,25.618069,29.323036,9.777804,245.391675
3,0.245725,4.779626,linear,900,300,rastrigin,9,7.967918,13.766537,15.595388,7.853733,269.081450
3,0.245725,1.579374,linear,900,300,rastrigin,9,13.929073,32.912964,36.194759,11.111260,261.233775
3,1.038450,1.899487,linear,900,300,rastrigin,9,2.984886,9.825270,12.934481,4.710172,259.371560
3,1.038450,3.304387,linear,900,300,rastrigin,9,0.000000,2.673948,2.984871,5.173733,255.388190
3,0.455730,8.314736,linear,900,300,rastrigin,9,0.000000,0.746218,0.994957,1.056483,262.352005
3,1.038450,1.091897,linear,900,300,rastrigin,9,2.999893,15.965319,17.977907,6.763853,258.671970
3,0.370927,1.313208,linear,900,300,rastrigin,9,12.806667,31.637255,35.668610,10.128919,270.301605
3,0.200000,0.433935,linear,900,300,rastrigin,9,38.060699,45.996937,47.990776,6.370161,245.561145
3,1.275867,0.754882,linear,900,300,rastrigin,9,7.447685,16.897491,18.125618,6.860428,256.134890
3,1.038450,0.360805,linear,900,300,rastrigin,9,15.233505,25.498682,25.366699,15.895962,256.366560
3,0.559922,0.360805,linear,900,300,rastrigin,9,28.802361,36.515137,38.531807,8.700210,265.469210
3,1.038450,0.627664,linear,900,300,rastrigin,9,9.001503,21.912996,24.053259,9.036341,262.310415
3,0.845213,4.779626,linear,900,300,rastrigin,9,0.000000,1.119327,1.989914,0.964647,267.501165
3,0.559922,10.000000,linear,900,300,rastrigin,9,0.000000,0.000000,0.000000,0.216846,287.206615
3,0.845213,2.747511,linear,900,300,rastrigin,9,2.984875,6.902523,7.959663,5.823672,269.370555
3,1.275867,3.974133,linear,900,300,rastrigin,9,0.000000,0.000000,0.000000,0.355271,257.879800
3,1.038450,5.748380,linear,900,300,rastrigin,9,0.000000,0.000000,0.000000,0.216846,273.826790
3,0.687934,6.913484,linear,900,300,rastrigin,9,0.000000,0.062185,0.000000,0.553969,265.775310
3,0.845213,8.314736,linear,900,300,rastrigin,9,0.000000,0.000000,0.000000,0.000000,276.866205
3,0.301904,0.627664,linear,900,300,rastrigin,9,25.791191,38.636215,43.117943,7.576272,255.453925
3,0.559922,3.304387,linear,900,300,rastrigin,9,3.987526,9.951426,10.950331,6.822154,259.772505
3,1.275867,6.913484,linear,900,300,rastrigin,9,0.000000,0.000000,0.000000,0.000000,292.270890
3,0.200000,0.754882,linear,900,300,rastrigin,9,20.250160,37.345291,37.851295,12.710196,341.509565
3,0.559922,5.748380,linear,900,300,rastrigin,9,0.994957,2.673948,2.984871,1.820393,330.500755
3,0.455730,0.300000,linear,900,300,rastrigin,9,23.152519,43.617382,45.442780,8.558400,345.562185
3,0.200000,6.913484,linear,900,300,rastrigin,9,6.966656,13.328936,13.955605,8.057473,344.945325
3,0.301904,1.899487,linear,900,300,rastrigin,9,14.288006,22.347805,23.307388,10.087308,342.711220
3,0.301904,3.304387,linear,900,300,rastrigin,9,8.612492,17.127012,18.859165,7.000666,344.709900
3,0.200000,2.284483,linear,900,300,rastrigin,9,14.006870,28.807480,32.670216,9.837373,349.151125
3,0.245725,8.314736,linear,900,300,rastrigin,9,3.979843,8.457829,8.954880,4.684064,339.646875
3,0.301904,5.748380,linear,900,300,rastrigin,9,2.985237,10.951852,12.968554,4.276350,347.446630
3,0.245725,0.907884,linear,900,300,rastrigin,9,15.022247,35.408852,39.812679,11.625826,358.570495
3,0.301904,0.360805,linear,900,300,rastrigin,9,29.665180,43.865990,48.022697,9.124498,356.002440
3,0.200000,3.974133,linear,900,300,rastrigin,9,12.145016,22.864214,24.521263,7.944827,347.815515
3,0.455730,2.747511,linear,900,300,rastrigin,9,3.985645,14.162418,17.108105,6.985917,350.684715
3,0.245725,0.300000,linear,900,300,rastrigin,9,37.271152,48.357861,50.344727,5.771439,354.958280
3,0.301904,10.000000,linear,900,300,rastrigin,9,0.994957,3.544536,3.979828,3.699777,336.716170
3,0.559922,1.091897,linear,900,300,rastrigin,9,12.057213,19.337399,20.710907,7.813203,354.814460
3,0.455730,4.779626,linear,900,300,rastrigin,9,2.984871,8.892440,8.954638,5.930420,324.591765
3,0.559922,0.627664,linear,900,300,rastrigin,9,20.809563,33.378113,38.342918,10.229971,350.701065
3,0.301904,1.091897,linear,900,300,rastrigin,9,17.632015,33.247696,36.904221,10.774014,354.533285
3,0.200000,1.313208,linear,900,300,rastrigin,9,18.869667,31.952204,35.634727,9.479118,352.989795
3,0.370927,3.974133,linear,900,300,rastrigin,9,1.223988,10.905529,12.934927,8.637160,335.415115
3,1.567562,0.907884,linear,900,300,rastrigin,9,5.976460,13.454646,14.934187,5.231259,339.154015
3,0.370927,0.433935,linear,900,300,rastrigin,9,25.629364,36.443462,38.229385,9.991132,337.237680
3,0.559922,1.899487,linear,900,300,rastrigin,9,4.457539,19.330389,24.398411,7.939457,334.022115
3,0.245725,2.747511,linear,900,300,rastrigin,9,15.298515,21.695610,24.261839,7.488653,334.021095
3,1.567562,0.521886,linear,900,300,rastrigin,9,18.100864,22.735966,23.223408,6.681444,343.378875
3,0.687934,2.284483,linear,900,300,rastrigin,9,2.985138,10.463969,12.937567,6.562459,338.517125
3,0.370927,0.754882,linear,900,300,rastrigin,9,19.324127,32.651234,34.227150,9.673168,339.702355
3,0.687934,0.754882,linear,900,300,rastrigin,9,12.918438,24.249382,28.289509,6.905154,336.747360
3,0.845213,1.579374,linear,900,300,rastrigin,9,5.988247,12.583411,14.455120,6.349977,329.830240
3,1.567562,4.779626,linear,900,300,rastrigin,9,0.000000,0.000000,0.000000,0.000000,356.849450
3,1.567562,1.579374,linear,900,300,rastrigin,9,3.979828,7.337814,7.462187,3.891793,349.004335
3,0.687934,0.433935,linear,900,300,rastrigin,9,22.200653,33.753593,36.666447,6.333488,348.302135
3,1.275867,2.284483,linear,900,300,rastrigin,9,0.994957,2.860502,2.984873,4.136855,330.064370
3,0.687934,1.313208,linear,900,300,rastrigin,9,7.215485,15.435526,18.095797,8.761208,344.003210
3,0.845213,0.907884,linear,900,300,rastrigin,9,7.480396,18.200470,19.979351,7.584215,327.758640
3,0.370927,2.284483,linear,900,300,rastrigin,9,13.184143,20.297421,23.736914,9.812769,337.615845
3,1.567562,2.747511,linear,900,300,rastrigin,9,0.000000,0.373109,0.497478,0.788155,331.480055
3,0.455730,0.521886,linear,900,300,rastrigin,9,29.523972,37.729519,39.771172,7.858081,339.224405
3,0.845213,0.300000,linear,900,300,rastrigin,9,23.583862,35.352211,38.286041,9.945179,348.692270
3,1.275867,1.313208,linear,900,300,rastrigin,9,6.965553,11.010078,11.939875,3.948823,337.336490
3,1.925946,0.433935,linear,900,300,rastrigin,9,13.283901,21.415901,22.874063,6.805819,260.679615
3,1.925946,1.313208,linear,900,300,rastrigin,9,1.989914,6.467226,7.959658,4.899589,251.870800
3,1.567562,0.300000,linear,900,300,rastrigin,9,15.418072,25.615625,28.799238,10.455376,343.493695
3,1.925946,0.754882,linear,900,300,rastrigin,9,4.135143,10.383083,10.972706,5.709980,263.430075
3,1.925946,2.284483,linear,900,300,rastrigin,9,0.000000,0.497478,0.994957,0.710541,262.925855
3,2.366266,0.907884,linear,900,300,rastrigin,9,1.989925,8.270627,9.452103,6.744232,250.916785
3,2.366266,0.300000,linear,900,300,rastrigin,9,11.367516,19.439724,20.352289,8.971710,251.911320
3,2.366266,0.521886,linear,900,300,rastrigin,9,7.009129,15.718572,17.488558,6.305115,251.826255
3,1.038450,10.000000,linear,900,300,rastrigin,9,0.000000,0.000000,0.000000,5.414021,362.401495
3,2.907255,0.627664,linear,900,300,rastrigin,9,4.974792,11.010257,11.457670,6.130728,246.745580
3,2.366266,1.579374,linear,900,300,rastrigin,9,0.000000,1.865545,1.989914,5.810032,259.156920
3,1.925946,0.360805,linear,900,300,rastrigin,9,8.361603,19.328556,22.145947,8.813763,373.221155
3,2.907255,0.360805,linear,900,300,rastrigin,9,9.049889,15.784286,16.022554,9.121607,254.493510
3,2.907255,1.091897,linear,900,300,rastrigin,9,0.000000,3.171427,3.482351,2.873341,255.170685
3,1.567562,8.314736,linear,900,300,rastrigin,9,0.000000,6.280614,0.000000,12.146832,375.886565
3,3.571927,0.433935,linear,900,300,rastrigin,9,6.964912,13.036125,14.427233,7.386385,253.010550
3,1.925946,3.974133,linear,900,300,rastrigin,9,0.000000,0.000000,0.000000,0.000000,280.524450
3,2.907255,1.899487,linear,900,300,rastrigin,9,0.000000,0.000000,0.000000,0.355271,265.596995
3,2.366266,2.747511,linear,900,300,rastrigin,9,0.000000,0.000000,0.000000,0.000000,280.162380
3,1.925946,6.913484,linear,900,300,rastrigin,9,0.000000,10.944437,24.873718,12.534284,290.705910
3,3.571927,0.754882,linear,900,300,rastrigin,9,0.994957,6.902520,7.959663,3.779198,262.689475
3,3.571927,1.313208,linear,900,300,rastrigin,9,0.000000,0.062185,0.000000,0.553969,264.183310
3,2.366266,4.779626,linear,900,300,rastrigin,9,0.000000,0.000000,0.000000,0.216846,283.980675
3,2.366266,8.314736,linear,900,300,rastrigin,9,0.000000,12.809983,24.873724,12.535092,283.481685
3,2.907255,3.304387,linear,900,300,rastrigin,9,0.000000,0.000000,0.000000,0.000000,276.595850
3,4.388561,0.300000,linear,900,300,rastrigin,9,8.313366,14.761461,16.959782,6.233843,251.253420
3,4.388561,0.521886,linear,900,300,rastrigin,9,2.984871,6.156300,6.467224,6.005073,253.662175
3,2.907255,10.000000,linear,900,300,rastrigin,9,0.000000,20.223965,28.921015,15.516750,290.814615
3,2.907255,5.748380,linear,900,300,rastrigin,9,0.000000,6.467171,0.994957,12.157531,292.824285
3,3.571927,2.284483,linear,900,300,rastrigin,9,0.000000,0.000000,0.000000,0.000000,280.348270
3,3.571927,3.974133,linear,900,300,rastrigin,9,0.000000,4.912561,0.994957,12.028998,289.127990
3,3.571927,6.913484,linear,900,300,rastrigin,9,0.000000,16.043669,24.873787,13.738738,285.986485
3,4.388561,0.907884,linear,900,300,rastrigin,9,0.000000,0.932772,0.994957,1.062323,255.906970
3,4.388561,1.579374,linear,900,300,rastrigin,9,0.000000,0.000000,0.000000,0.000000,350.717825
3,5.391897,0.360805,linear,900,300,rastrigin,9,1.989914,8.519536,9.453449,3.305917,337.748330
3,5.391897,0.627664,linear,900,300,rastrigin,9,0.000000,2.425208,2.487392,6.151795,343.210275
3,1.925946,0.521886,linear,900,300,rastrigin,9,6.417259,19.941441,22.230614,6.595058,254.798640
3,4.388561,2.747511,linear,900,300,rastrigin,9,0.000000,0.000000,0.000000,9.393024,363.606005
3,5.391897,1.091897,linear,900,300,rastrigin,9,0.000000,0.000000,0.000000,0.216846,347.623775
3,1.925946,1.579374,linear,900,300,rastrigin,9,0.994957,3.295799,3.979832,4.893518,260.181790
3,2.907255,0.754882,linear,900,300,rastrigin,9,1.989914,7.959671,8.954676,5.105144,254.783370
3,2.366266,1.091897,linear,900,300,rastrigin,9,1.989914,7.089073,7.959661,6.823389,258.321855
3,2.366266,0.360805,linear,900,300,rastrigin,9,6.883507,19.060526,22.545700,10.788193,259.509685
3,6.624620,0.754882,linear,900,300,rastrigin,9,0.000000,0.062185,0.000000,6.270772,347.221790
3,2.366266,0.627664,linear,900,300,rastrigin,9,4.095448,11.707793,12.085760,4.627810,264.302650
3,1.925946,2.747511,linear,900,300,rastrigin,9,0.000000,0.000000,0.000000,0.298487,270.842315
3,4.388561,4.779626,linear,900,300,rastrigin,9,0.000000,18.717527,24.873722,10.166888,389.634640
3,6.624620,0.433935,linear,900,300,rastrigin,9,0.994957,4.166385,4.477312,2.495339,354.482915
3,2.907255,0.433935,linear,900,300,rastrigin,9,6.057682,14.945332,16.924200,8.162960,255.103150
3,1.925946,0.907884,linear,900,300,rastrigin,9,4.975067,11.069296,11.939863,4.584826,275.088710
3,10.000000,0.360805,linear,900,300,rastrigin,9,0.000000,1.989914,1.989914,1.094453,334.435845
3,4.388561,8.314736,linear,900,300,rastrigin,9,0.994980,17.515762,28.924549,12.670897,395.245480
3,8.139176,0.521886,linear,900,300,rastrigin,9,0.000000,0.746218,0.994957,0.535801,353.725600
3,6.624620,2.284483,linear,900,300,rastrigin,9,0.000000,9.452015,12.934338,12.572460,361.476405
3,8.139176,0.300000,linear,900,300,rastrigin,9,2.984879,6.280672,7.959658,4.449571,356.788065
3,5.391897,1.899487,linear,900,300,rastrigin,9,0.000000,0.000000,0.000000,0.000000,385.365025
3,2.907255,1.313208,linear,900,300,rastrigin,9,0.000000,1.803360,1.989914,7.080231,266.533550
3,2.366266,1.899487,linear,900,300,rastrigin,9,0.000000,0.248739,0.000000,0.736201,273.883605
3,5.391897,3.304387,linear,900,300,rastrigin,9,0.000000,6.467170,0.994957,12.153456,384.176530
3,6.624620,1.313208,linear,900,300,rastrigin,9,0.000000,0.000000,0.000000,0.000000,372.668100
3,3.571927,0.907884,linear,900,300,rastrigin,9,0.994957,3.357982,3.979830,2.907587,255.654285
3,3.571927,0.521886,linear,900,300,rastrigin,9,2.984879,10.324469,12.934469,4.174253,268.906615
3,5.391897,5.748380,linear,900,300,rastrigin,9,0.994957,11.442307,14.427420,13.283582,387.279665
3,5.391897,10.000000,linear,900,300,rastrigin,9,0.995811,7.229041,5.474373,12.265500,385.804975
3,10.000000,0.627664,linear,900,300,rastrigin,9,0.000000,0.000000,0.000000,6.303998,357.864245
3,8.139176,1.579374,linear,900,300,rastrigin,9,0.000000,1.616793,0.000000,11.124367,368.776625
3,8.139176,0.907884,linear,900,300,rastrigin,9,0.000000,0.000000,0.000000,0.000000,373.390185
3,0.200000,0.754882,quadratic,900,300,rastrigin,9,27.754013,39.598270,44.361050,10.582663,345.015900
3,10.000000,1.091897,linear,900,300,rastrigin,9,0.000000,0.000000,0.000000,0.000000,361.622540
3,2.907255,2.284483,linear,900,300,rastrigin,9,0.000000,0.000000,0.000000,0.000000,278.194600
3,6.624620,6.913484,linear,900,300,rastrigin,9,0.995041,15.695665,25.870623,12.953891,381.374535
3,8.139176,4.779626,linear,900,300,rastrigin,9,0.995422,16.199184,28.924215,13.175377,370.412175
3,0.200000,2.284483,quadratic,900,300,rastrigin,9,13.211510,26.881670,29.373503,10.007659,343.610345
3,8.139176,8.314736,linear,900,300,rastrigin,9,1.995338,17.532835,30.430557,16.510626,371.771880
3,4.388561,0.360805,linear,900,300,rastrigin,9,2.987640,10.212793,11.984604,5.511201,263.841785
3,0.200000,3.974133,quadratic,900,300,rastrigin,9,11.376411,20.300968,22.023710,6.595362,345.662830
3,0.200000,1.313208,quadratic,900,300,rastrigin,9,17.401360,35.538666,39.496841,8.856454,349.802110
3,0.245725,0.300000,quadratic,900,300,rastrigin,9,32.420097,42.407234,46.922684,8.106068,343.853725
3,8.139176,2.747511,linear,900,300,rastrigin,9,0.994957,15.244120,25.371223,15.910800,379.729670
3,0.200000,6.913484,quadratic,900,300,rastrigin,9,4.975128,11.007621,12.731827,7.269598,346.698230
3,3.571927,1.579374,linear,900,300,rastrigin,9,0.000000,0.000000,0.000000,0.000000,273.791220
3,0.245725,1.579374,quadratic,900,300,rastrigin,9,19.257111,28.215176,30.691063,9.188788,338.507555
3,10.000000,1.899487,linear,900,300,rastrigin,9,0.000000,11.379734,24.873720,12.412820,370.986610
3,1.925946,4.779626,linear,900,300,rastrigin,9,0.000000,0.000000,0.000000,0.216846,289.713405
3,0.245725,0.521886,quadratic,900,300,rastrigin,9,24.893257,39.711475,45.696960,9.344133,345.859425
3,4.388561,0.627664,linear,900,300,rastrigin,9,0.000000,4.850418,5.969744,6.860120,261.116860
3,10.000000,5.748380,linear,900,300,rastrigin,9,0.996109,11.784098,6.468918,14.212298,363.908185
3,0.200000,0.433935,quadratic,900,300,rastrigin,9,28.499441,41.897068,44.148788,11.398732,362.238045
3,10.000000,3.304387,linear,900,300,rastrigin,9,0.994968,16.692654,27.401196,15.083476,372.045540
3,0.245725,0.907884,quadratic,900,300,rastrigin,9,24.064011,37.283585,38.438038,10.213882,347.714995
3,6.624620,3.974133,linear,900,300,rastrigin,9,0.000626,11.002774,13.929325,13.366345,399.940025
3,2.366266,3.304387,linear,900,300,rastrigin,9,0.000000,0.000000,0.000000,0.000000,287.483415
3,1.925946,8.314736,linear,900,300,rastrigin,9,0.000000,8.083963,1.492435,13.282166,290.740425
3,3.571927,0.300000,linear,900,300,rastrigin,9,8.979568,18.057514,18.963217,8.365748,271.496780
3,0.245725,4.779626,quadratic,900,300,rastrigin,9,10.945061,16.834639,18.436476,7.441344,332.909535
3,2.366266,5.748380,linear,900,300,rastrigin,9,0.000000,4.788192,0.000000,12.393824,297.094855
3,2.366266,10.000000,linear,900,300,rastrigin,9,0.000000,9.083498,3.482357,13.382748,301.333645
3,2.907255,3.974133,linear,900,300,rastrigin,9,0.000000,0.000000,0.000000,0.474564,297.820655
3,10.000000,10.000000,linear,900,300,rastrigin,9,4.102077,13.317687,11.967430,17.877319,389.615600
3,3.571927,2.747511,linear,900,300,rastrigin,9,0.000000,0.000000,0.000000,0.000000,286.793875
3,2.907255,6.913484,linear,900,300,rastrigin,9,0.000000,9.887312,13.431816,12.152644,294.883140
3,0.245725,2.747511,quadratic,900,300,rastrigin,9,12.977295,21.799990,24.458193,8.512188,370.382460
3,4.388561,1.091897,linear,900,300,rastrigin,9,0.000000,0.000000,0.000000,0.474564,264.777630
3,3.571927,4.779626,linear,900,300,rastrigin,9,0.000000,6.342800,0.497478,12.710917,293.810825
3,0.301904,0.360805,quadratic,900,300,rastrigin,9,26.335516,43.917408,48.668686,8.146120,346.934320
3,3.571927,8.314736,linear,900,300,rastrigin,9,0.994957,18.810123,28.550747,11.911318,288.261330
3,0.245725,8.314736,quadratic,900,300,rastrigin,9,1.989922,7.649570,8.457150,4.101087,361.516990
3,1.925946,0.627664,linear,900,300,rastrigin,9,8.055183,14.509336,16.933853,4.620143,259.819650
3,1.925946,1.899487,linear,900,300,rastrigin,9,0.000000,1.741175,2.487392,1.600460,255.311975
3,2.366266,0.754882,linear,900,300,rastrigin,9,3.982349,7.836732,8.954624,5.795009,244.242845
3,2.907255,0.907884,linear,900,300,rastrigin,9,2.984871,7.213442,7.959663,5.026987,251.957105
3,2.366266,0.433935,linear,900,300,rastrigin,9,2.155907,20.349131,23.524326,8.258357,249.362340
3,2.366266,1.313208,linear,900,300,rastrigin,9,0.000000,3.233612,3.979830,5.316001,254.706665
3,1.925946,1.091897,linear,900,300,rastrigin,9,1.989914,6.218503,7.959663,6.305196,252.498745
3,2.907255,0.521886,linear,900,300,rastrigin,9,5.976967,12.362487,13.929979,6.695573,253.658340
3,5.391897,0.433935,linear,900,300,rastrigin,9,2.984871,6.778151,7.959667,3.737383,313.018820
3,1.925946,3.304387,linear,900,300,rastrigin,9,0.000000,0.000000,0.000000,0.000000,277.175015
3,2.907255,1.579374,linear,900,300,rastrigin,9,0.000000,0.186554,0.000000,0.665581,259.554135
3,3.571927,0.627664,linear,900,300,rastrigin,9,0.994957,6.902520,7.959665,4.605637,253.896180
3,3.571927,1.091897,linear,900,300,rastrigin,9,0.000000,1.430251,1.989914,5.231529,258.097330
3,2.366266,2.284483,linear,900,300,rastrigin,9,0.000000,0.000000,0.000000,0.298487,267.999310
3,4.388561,0.433935,linear,900,300,rastrigin,9,5.969742,10.633712,12.436970,6.354585,246.846215
3,4.388561,3.304387,linear,900,300,rastrigin,9,0.000000,3.233584,0.000000,12.617825,340.873580
3,4.388561,1.899487,linear,900,300,rastrigin,9,0.000000,0.000000,0.000000,0.000000,366.892400
3,2.907255,2.747511,linear,900,300,rastrigin,9,0.000000,0.000000,0.000000,0.000000,271.701495
3,5.391897,0.754882,linear,900,300,rastrigin,9,0.000000,0.994957,0.994957,0.949128,359.548835
3,10.000000,0.433935,linear,900,300,rastrigin,9,0.000000,0.621848,0.994957,0.650537,315.347705
3,2.907255,0.300000,linear,900,300,rastrigin,9,10.055984,18.693851,21.535019,9.917709,253.336745
3,4.388561,0.754882,linear,900,300,rastrigin,9,0.000000,2.176469,2.487394,5.829379,265.071565
3,3.571927,0.360805,linear,900,300,rastrigin,9,4.025719,13.030357,13.565920,7.217801,259.510620
3,3.571927,1.899487,linear,900,300,rastrigin,9,0.000000,0.000000,0.000000,0.000000,276.435420
3,5.391897,1.313208,linear,900,300,rastrigin,9,0.000000,0.000000,0.000000,0.000000,381.866795
3,6.624620,0.907884,linear,900,300,rastrigin,9,0.000000,0.000000,0.000000,0.000000,358.633330
3,1.925946,5.748380,linear,900,300,rastrigin,9,0.000000,0.000000,0.000000,0.000003,289.209920
3,6.624620,2.747511,linear,900,300,rastrigin,9,0.000000,11.130994,24.873718,12.514838,346.644120
3,6.624620,0.521886,linear,900,300,rastrigin,9,0.994957,2.300839,2.984871,1.678946,362.060670
3,2.366266,3.974133,linear,900,300,rastrigin,9,0.000000,0.000000,0.000000,0.000000,283.104350
3,8.139176,0.627664,linear,900,300,rastrigin,9,0.000000,0.000000,0.000000,0.355271,361.401520
3,0.200000,0.907884,quadratic,900,300,rastrigin,9,20.469910,38.254280,41.441193,9.932667,333.715335
3,3.571927,3.304387,linear,900,300,rastrigin,9,0.000000,0.000001,0.000000,10.384261,292.433115
3,1.925946,10.000000,linear,900,300,rastrigin,9,0.000000,9.887312,13.929295,12.748479,298.420205
3,2.366266,6.913484,linear,900,300,rastrigin,9,0.000000,12.809970,24.873718,12.253527,298.777680
3,8.139176,0.360805,linear,900,300,rastrigin,9,1.989914,4.042014,4.477308,1.719724,364.212335
3,2.907255,4.779626,linear,900,300,rastrigin,9,0.000000,1.616804,0.000000,11.837982,298.694925
3,4.388561,1.313208,linear,900,300,rastrigin,9,0.000000,0.000000,0.000000,0.298487,288.957025
3,2.907255,8.314736,linear,900,300,rastrigin,9,0.000000,10.352117,14.426773,17.137417,296.974915
3,8.139176,1.899487,linear,900,300,rastrigin,9,0.000000,6.342799,0.497478,12.710904,349.184505
3,0.200000,2.747511,quadratic,900,300,rastrigin,9,9.174988,21.236702,24.076151,10.456626,335.021300
3,3.571927,5.748380,linear,900,300,rastrigin,9,0.994957,14.862062,24.873720,11.265841,296.180480
3,4.388561,5.748380,linear,900,300,rastrigin,9,0.000000,7.868376,1.989918,13.343072,394.005225
3,3.571927,10.000000,linear,900,300,rastrigin,9,0.000153,11.962396,14.924276,16.470587,298.772995
3,5.391897,2.284483,linear,900,300,rastrigin,9,0.000000,0.000000,0.000000,9.374671,378.953350
3,0.200000,4.779626,quadratic,900,300,rastrigin,9,7.145130,14.144279,15.228800,8.763807,339.982685
3,0.245725,0.360805,quadratic,900,300,rastrigin,9,32.797577,44.655170,48.887917,7.107761,338.389780
3,10.000000,1.313208,linear,900,300,rastrigin,9,0.000000,0.000000,0.000000,7.434870,357.700920
3,0.245725,1.899487,quadratic,900,300,rastrigin,9,13.810143,23.246576,26.295343,7.330760,337.204110
3,6.624620,0.300000,linear,900,300,rastrigin,9,2.984871,7.400211,8.458454,3.602517,370.136405
3,0.200000,8.314736,quadratic,900,300,rastrigin,9,6.966812,13.497903,15.442467,7.694922,343.611775
3,0.200000,1.579374,quadratic,900,300,rastrigin,9,15.836731,29.922388,31.101166,7.352635,348.946105
3,4.388561,10.000000,linear,900,300,rastrigin,9,0.994987,13.209955,17.447742,16.395765,404.571620
3,0.245725,0.627664,quadratic,900,300,rastrigin,9,32.548836,42.001545,43.374882,6.569991,342.587905
3,6.624620,8.314736,linear,900,300,rastrigin,9,2.016922,15.831237,29.420658,17.121887,367.248320
3,8.139176,5.748380,linear,900,300,rastrigin,9,0.995235,16.142485,28.924591,13.487198,368.295120
3,8.139176,10.000000,linear,900,300,rastrigin,9,2.996231,18.868765,31.424944,15.068084,365.265530
3,6.624620,1.579374,linear,900,300,rastrigin,9,0.000000,0.000000,0.000000,5.421102,393.275650
3,10.000000,0.754882,linear,900,300,rastrigin,9,0.000000,0.000000,0.000000,0.000000,386.701125
3,5.391897,3.974133,linear,900,300,rastrigin,9,0.000000,16.989664,25.371277,17.691978,399.017855
3,0.245725,1.091897,quadratic,900,300,rastrigin,9,20.196697,32.169434,34.463913,7.235353,347.107720
3,8.139176,1.091897,linear,900,300,rastrigin,9,0.000000,0.000000,0.000000,0.216846,386.439855
3,0.245725,5.748380,quadratic,900,300,rastrigin,9,6.967167,14.509288,16.421631,5.465252,345.698515
3,5.391897,6.913484,linear,900,300,rastrigin,9,0.000107,13.578923,26.372896,18.321604,396.074210
3,10.000000,3.974133,linear,900,300,rastrigin,9,0.994972,14.764448,28.391590,13.405542,369.519455
3,10.000000,2.284483,linear,900,300,rastrigin,9,0.000000,15.119679,25.371254,12.680517,379.592945
3,10.000000,6.913484,linear,900,300,rastrigin,9,2.355515,14.820101,19.958534,15.795906,374.165235
3,0.200000,0.521886,quadratic,900,300,rastrigin,9,19.789665,42.549099,47.098812,10.987762,376.393695
3,0.200000,0.300000,quadratic,900,300,rastrigin,9,37.625996,49.837173,53.121178,6.542469,379.963680
3,8.139176,3.304387,linear,900,300,rastrigin,9,0.000000,16.373613,27.866018,16.949572,406.586270
3,0.245725,3.304387,quadratic,900,300,rastrigin,9,7.019806,22.095526,25.549774,8.696782,387.835845
3,0.301904,0.433935,quadratic,900,300,rastrigin,9,27.778549,40.785454,44.938171,9.724280,384.814260
3,0.245725,10.000000,quadratic,900,300,rastrigin,9,2.984871,6.467227,7.462185,5.490062,379.065390
3,6.624620,4.779626,linear,900,300,rastrigin,9,0.994957,15.479675,27.894291,18.070404,411.272610
3,0.301904,0.627664,quadratic,900,300,rastrigin,9,25.517845,33.082470,34.734711,6.341462,267.202690
3,0.301904,1.091897,quadratic,900,300,rastrigin,9,20.834976,28.894949,31.391993,7.763339,259.783555
3,0.301904,10.000000,quadratic,900,300,rastrigin,9,0.000000,2.487393,1.989916,5.720748,257.657245
3,0.301904,1.899487,quadratic,900,300,rastrigin,9,10.152481,25.121578,28.682234,6.994239,263.317635
3,0.301904,3.304387,quadratic,900,300,rastrigin,9,6.973820,17.841911,19.838449,6.238819,262.883005
3,0.301904,5.748380,quadratic,900,300,rastrigin,9,4.974796,10.015503,11.455019,5.439273,269.512090
3,0.370927,0.433935,quadratic,900,300,rastrigin,9,29.411385,41.941879,44.527740,9.076670,259.770365
3,0.370927,0.754882,quadratic,900,300,rastrigin,9,16.044666,34.250237,39.433159,10.837345,260.256090
3,0.370927,1.313208,quadratic,900,300,rastrigin,9,15.985775,26.384426,29.278397,10.327028,260.222250
3,0.370927,6.913484,quadratic,900,300,rastrigin,9,1.989914,4.726048,5.969746,3.960815,254.185200
3,0.370927,3.974133,quadratic,900,300,rastrigin,9,5.969814,12.042387,13.432610,5.362605,260.027480
3,0.370927,2.284483,quadratic,900,300,rastrigin,9,6.568352,18.691238,22.238697,9.194551,269.497365
3,0.455730,0.300000,quadratic,900,300,rastrigin,9,31.088585,41.205219,43.472210,10.299103,268.470405
3,0.455730,0.521886,quadratic,900,300,rastrigin,9,20.408447,33.797821,36.251053,5.832450,266.365005
3,0.455730,0.907884,quadratic,900,300,rastrigin,9,17.501991,28.398602,31.717413,10.429770,257.614695
3,0.455730,1.579374,quadratic,900,300,rastrigin,9,11.960773,20.854576,22.484713,6.250166,262.759145
3,0.455730,4.779626,quadratic,900,300,rastrigin,9,1.989914,7.462184,7.959665,4.609128,260.612080
3,0.455730,2.747511,quadratic,900,300,rastrigin,9,7.176250,13.688848,14.114004,7.322785,264.775010
3,5.391897,0.521886,linear,900,300,rastrigin,9,0.994957,4.477308,4.974787,3.363411,353.620485
3,0.455730,8.314736,quadratic,900,300,rastrigin,9,0.000000,0.310924,0.000000,0.895461,277.963045
3,0.559922,0.360805,quadratic,900,300,rastrigin,9,25.181622,37.228539,40.658421,9.634271,262.353380
3,0.559922,0.627664,quadratic,900,300,rastrigin,9,14.000317,27.999390,32.410912,8.216404,259.288285
3,0.559922,1.899487,quadratic,900,300,rastrigin,9,6.010185,16.120705,19.047619,7.999844,262.771300
3,0.559922,3.304387,quadratic,900,300,rastrigin,9,2.984875,9.701551,9.953421,7.028731,266.778265
3,0.559922,5.748380,quadratic,900,300,rastrigin,9,0.000000,1.865545,1.989914,1.458046,264.992600
3,0.559922,1.091897,quadratic,900,300,rastrigin,9,8.837860,23.054911,26.268778,8.429065,272.559850
3,0.687934,0.433935,quadratic,900,300,rastrigin,9,12.734386,31.755527,35.831032,9.875788,270.681970
3,0.687934,0.754882,quadratic,900,300,rastrigin,9,9.418041,22.470905,27.999542,9.742185,268.317220
3,0.687934,1.313208,quadratic,900,300,rastrigin,9,12.029465,17.533016,17.234287,7.085450,265.059045
3,10.000000,0.521886,linear,900,300,rastrigin,9,0.000000,0.000000,0.000000,0.355271,345.181120
3,0.559922,10.000000,quadratic,900,300,rastrigin,9,0.000000,0.000000,0.000000,0.000000,290.199440
3,4.388561,3.974133,linear,900,300,rastrigin,9,0.000000,14.178030,24.873732,12.226324,364.445995
3,5.391897,0.907884,linear,900,300,rastrigin,9,0.000000,0.062185,0.000000,0.553969,364.072125
3,4.388561,2.284483,linear,900,300,rastrigin,9,0.000000,0.000000,0.000000,0.000000,382.088965
3,6.624620,1.091897,linear,900,300,rastrigin,9,0.000000,0.000000,0.000000,0.000000,353.987695
3,6.624620,0.627664,linear,900,300,rastrigin,9,0.000000,0.310924,0.000000,0.588624,348.927110
3,0.200000,1.091897,quadratic,900,300,rastrigin,9,21.332066,35.879341,38.369293,8.532904,347.182415
3,5.391897,1.579374,linear,900,300,rastrigin,9,0.000000,0.000000,0.000000,0.000000,369.529270
3,6.624620,3.304387,linear,900,300,rastrigin,9,0.000000,13.003547,24.873726,14.902445,364.358815
3,0.200000,3.304387,quadratic,900,300,rastrigin,9,14.201389,22.906052,27.058426,9.981220,344.331095
3,8.139176,0.754882,linear,900,300,rastrigin,9,0.000000,0.000000,0.000000,0.000000,364.946695
3,0.245725,2.284483,quadratic,900,300,rastrigin,9,12.257095,24.747669,29.901958,8.435789,339.141550
3,0.200000,10.000000,quadratic,900,300,rastrigin,9,1.989922,8.394972,8.954620,7.940242,336.862120
3,0.200000,5.748380,quadratic,900,300,rastrigin,9,5.994305,14.814610,16.506044,10.017829,347.938575
3,8.139176,0.433935,linear,900,300,rastrigin,9,0.000000,1.803360,1.989914,1.116836,367.989450
3,0.301904,1.313208,quadratic,900,300,rastrigin,9,14.150661,29.718353,34.437080,7.982215,255.873730
3,0.245725,0.754882,quadratic,900,300,rastrigin,9,18.789692,36.690109,41.385223,9.330185,334.165175
3,0.245725,0.433935,quadratic,900,300,rastrigin,9,35.085396,45.509827,46.900703,8.248473,348.552765
3,8.139176,2.284483,linear,900,300,rastrigin,9,0.000000,11.130997,24.873718,12.605460,366.100485
3,6.624620,0.360805,linear,900,300,rastrigin,9,0.994957,5.721009,6.964712,2.978232,347.181865
3,10.000000,0.300000,linear,900,300,rastrigin,9,1.989914,3.793275,3.979834,3.038693,334.345865
3,0.301904,0.754882,quadratic,900,300,rastrigin,9,16.682426,36.063293,38.710484,9.222649,263.488865
3,0.200000,1.899487,quadratic,900,300,rastrigin,9,14.734146,27.029575,28.764732,9.364375,344.827545
3,0.301904,3.974133,quadratic,900,300,rastrigin,9,6.966679,15.309862,17.995424,9.186569,258.371315
3,5.391897,0.300000,linear,900,300,rastrigin,9,2.984886,11.577192,12.976040,6.084429,353.848845
3,0.245725,1.313208,quadratic,900,300,rastrigin,9,18.327351,30.500713,32.781639,9.695230,339.628955
3,0.370927,0.300000,quadratic,900,300,rastrigin,9,21.458553,38.272476,42.326996,11.141381,268.827100
3,0.301904,2.284483,quadratic,900,300,rastrigin,9,15.529892,25.625607,27.040550,9.015391,268.489980
3,4.388561,6.913484,linear,900,300,rastrigin,9,0.000000,16.275169,25.872398,13.018298,385.885960
3,10.000000,1.579374,linear,900,300,rastrigin,9,0.000000,9.638569,13.431816,14.478042,375.210695
3,6.624620,10.000000,linear,900,300,rastrigin,9,1.997177,24.569386,31.905975,11.043420,362.287025
3,0.370927,0.521886,quadratic,900,300,rastrigin,9,21.614742,38.369411,40.907349,8.822538,264.693110
3,0.370927,0.907884,quadratic,900,300,rastrigin,9,18.083344,31.735825,36.282940,10.257878,265.531340
3,0.301904,6.913484,quadratic,900,300,rastrigin,9,0.994957,7.089074,7.959663,7.448701,267.337100
3,5.391897,2.747511,linear,900,300,rastrigin,9,0.000000,7.835222,0.497478,12.828978,384.405945
3,0.245725,6.913484,quadratic,900,300,rastrigin,9,5.969864,10.776748,11.939592,4.381395,354.564885
3,8.139176,6.913484,linear,900,300,rastrigin,9,1.991566,14.602589,18.424761,17.842937,373.168310
3,0.370927,1.579374,quadratic,900,300,rastrigin,9,11.879074,24.525976,26.168297,8.651348,265.372315
3,6.624620,1.899487,linear,900,300,rastrigin,9,0.000000,3.295771,0.000000,11.644685,383.839935
3,10.000000,2.747511,linear,900,300,rastrigin,9,0.000000,11.452650,14.924473,13.572370,363.916590
3,0.370927,8.314736,quadratic,900,300,rastrigin,9,0.000000,2.425209,2.984871,1.334875,267.407075
3,0.370927,4.779626,quadratic,900,300,rastrigin,9,3.979832,9.391729,9.452110,7.238523,265.538960
3,8.139176,1.313208,linear,900,300,rastrigin,9,0.000000,0.000000,0.000000,9.873767,380.973685
3,10.000000,0.907884,linear,900,300,rastrigin,9,0.000000,0.000000,0.000000,8.095140,389.660320
3,10.000000,4.779626,linear,900,300,rastrigin,9,0.997047,10.159030,4.975945,17.793022,371.132375
3,0.370927,2.747511,quadratic,900,300,rastrigin,9,6.077965,16.114189,18.285597,7.340229,262.717465
3,0.200000,0.627664,quadratic,900,300,rastrigin,9,21.496674,38.338856,43.608715,9.376011,371.682440
3,5.391897,4.779626,linear,900,300,rastrigin,9,0.000000,12.416176,25.868687,13.631277,394.755500
3,10.000000,8.314736,linear,900,300,rastrigin,9,2.549171,14.066109,9.497799,13.355541,376.939695
3,5.391897,8.314736,linear,900,300,rastrigin,9,0.995167,18.198265,29.919598,15.649587,390.801325
3,0.455730,0.360805,quadratic,900,300,rastrigin,9,23.327641,40.682915,43.488705,8.524397,263.457510
3,0.200000,0.360805,quadratic,900,300,rastrigin,9,40.735100,51.861519,55.018848,7.518228,367.993575
3,0.301904,0.521886,quadratic,900,300,rastrigin,9,25.920349,39.231964,43.544300,8.682584,351.301730
3,0.455730,1.091897,quadratic,900,300,rastrigin,9,11.221046,28.647503,32.680244,8.386843,252.773710
3,0.301904,0.300000,quadratic,900,300,rastrigin,9,32.975929,43.459953,46.010849,8.133451,353.650570
3,0.455730,0.627664,quadratic,900,300,rastrigin,9,13.742928,28.054174,31.818127,8.584540,264.681195
3,0.245725,3.974133,quadratic,900,300,rastrigin,9,8.070316,16.236006,19.675014,8.066588,362.003260
3,0.455730,1.899487,quadratic,900,300,rastrigin,9,9.211502,20.506262,21.687778,10.309681,253.844445
3,0.455730,5.748380,quadratic,900,300,rastrigin,9,0.994957,5.845376,6.964706,3.248499,256.010190
3,0.455730,3.304387,quadratic,900,300,rastrigin,9,4.976234,13.267028,15.422140,8.534237,256.130675
3,8.139176,3.974133,linear,900,300,rastrigin,9,0.000008,19.927753,28.924501,14.012952,392.433135
3,6.624620,5.748380,linear,900,300,rastrigin,9,0.994965,7.785141,3.486010,13.753370,387.848045
3,0.559922,0.433935,quadratic,900,300,rastrigin,9,13.810928,34.030388,39.023365,9.590180,262.742620
3,0.559922,0.754882,quadratic,900,300,rastrigin,9,14.063774,27.328054,31.962137,10.622416,262.030845
3,0.455730,10.000000,quadratic,900,300,rastrigin,9,0.000000,0.000000,0.000000,0.000000,278.351915
3,0.559922,2.284483,quadratic,900,300,rastrigin,9,6.966835,15.325777,16.687256,8.413824,262.092925
3,0.559922,3.974133,quadratic,900,300,rastrigin,9,1.989914,6.902521,7.959663,5.592118,259.759075
3,0.687934,0.521886,quadratic,900,300,rastrigin,9,16.414673,30.416874,33.909157,7.613092,258.633420
3,0.559922,1.313208,quadratic,900,300,rastrigin,9,6.421017,18.842611,19.081520,8.286302,265.006400
3,0.559922,6.913484,quadratic,900,300,rastrigin,9,0.000000,0.435294,0.994957,0.710541,269.500205
3,0.687934,0.907884,quadratic,900,300,rastrigin,9,14.479694,24.727026,26.734013,9.984896,260.226620
3,0.687934,1.579374,quadratic,900,300,rastrigin,9,5.123753,15.839996,16.930094,8.680243,259.879025
3,0.687934,0.300000,quadratic,900,300,rastrigin,9,17.208824,38.609772,40.684021,9.655370,264.412905
3,0.687934,2.284483,quadratic,900,300,rastrigin,9,3.979977,9.409874,11.443066,6.856575,340.073135
3,0.687934,3.974133,quadratic,900,300,rastrigin,9,0.994957,4.726049,3.979836,5.534981,335.847300
3,0.301904,1.579374,quadratic,900,300,rastrigin,9,17.384926,27.457266,30.749563,10.658065,257.952950
3,0.687934,6.913484,quadratic,900,300,rastrigin,9,0.000000,0.000000,0.000000,0.000000,345.638855
3,0.301904,0.907884,quadratic,900,300,rastrigin,9,17.032619,33.120075,38.876846,9.254008,258.009450
3,0.301904,4.779626,quadratic,900,300,rastrigin,9,3.983284,13.241024,14.939625,6.331549,260.212505
3,0.370927,0.360805,quadratic,900,300,rastrigin,9,16.839020,39.504627,41.913933,11.393576,258.367085
3,0.301904,8.314736,quadratic,900,300,rastrigin,9,2.984871,6.529411,7.462187,4.549674,251.472215
3,0.845213,0.300000,quadratic,900,300,rastrigin,9,23.319035,34.535095,37.633469,7.737201,355.309175
3,0.301904,2.747511,quadratic,900,300,rastrigin,9,12.023033,18.770187,21.120434,6.140512,263.616335
3,0.370927,0.627664,quadratic,900,300,rastrigin,9,21.985737,34.127068,35.896919,9.089044,261.953670
3,0.370927,1.091897,quadratic,900,300,rastrigin,9,18.572952,26.348284,27.922562,7.942522,261.568020
3,0.845213,0.521886,quadratic,900,300,rastrigin,9,15.359158,28.207142,31.197565,8.983259,355.445590
3,0.845213,1.579374,quadratic,900,300,rastrigin,9,4.040100,13.335627,14.935562,6.019645,347.997335
3,0.370927,1.899487,quadratic,900,300,rastrigin,9,9.508499,18.545868,19.695602,9.304000,263.795340
3,0.370927,5.748380,quadratic,900,300,rastrigin,9,3.979832,7.586617,8.457150,4.702633,256.343170
3,0.370927,3.304387,quadratic,900,300,rastrigin,9,3.049393,12.229047,14.593624,6.304059,253.760885
3,0.845213,4.779626,quadratic,900,300,rastrigin,9,0.000000,0.000000,0.000000,0.474565,350.648860
3,0.370927,10.000000,quadratic,900,300,rastrigin,9,0.000000,0.621848,0.994957,1.065812,264.985120
3,1.038450,0.360805,quadratic,900,300,rastrigin,9,13.865585,27.042828,27.413368,8.567596,345.149395
3,0.845213,2.747511,quadratic,900,300,rastrigin,9,3.979836,6.840336,7.462187,4.022801,356.383130
3,1.038450,1.091897,quadratic,900,300,rastrigin,9,5.992107,17.478342,19.524246,10.014839,332.758305
3,0.845213,0.907884,quadratic,900,300,rastrigin,9,11.284164,20.566856,22.270130,9.645535,370.981970
3,1.038450,1.899487,quadratic,900,300,rastrigin,9,2.988884,7.835583,9.949583,4.151157,337.735520
3,0.845213,8.314736,quadratic,900,300,rastrigin,9,0.000000,0.000000,0.000000,0.000000,361.755450
3,0.455730,0.433935,quadratic,900,300,rastrigin,9,22.353035,36.871155,39.614792,7.758869,258.399255
3,1.038450,0.627664,quadratic,900,300,rastrigin,9,11.821335,19.262842,20.055132,9.551170,352.230335
3,0.455730,1.313208,quadratic,900,300,rastrigin,9,12.843693,22.456234,23.970514,9.802027,255.976880
3,1.038450,3.304387,quadratic,900,300,rastrigin,9,0.000000,1.430251,1.989914,1.441831,341.927745
3,1.275867,2.284483,quadratic,900,300,rastrigin,9,0.994957,3.793276,3.979836,2.881942,330.769525
3,0.455730,0.754882,quadratic,900,300,rastrigin,9,13.832062,29.951813,34.488514,8.615230,253.232100
3,1.275867,0.754882,quadratic,900,300,rastrigin,9,4.751133,16.804855,19.015312,8.678895,338.110130
3,1.275867,0.433935,quadratic,900,300,rastrigin,9,6.682697,24.485172,26.011772,13.068018,339.945315
3,1.275867,3.974133,quadratic,900,300,rastrigin,9,0.000000,0.000000,0.000000,6.303998,338.391925
3,0.455730,2.284483,quadratic,900,300,rastrigin,9,5.983429,16.688070,19.455112,6.649914,253.023190
3,1.038450,5.748380,quadratic,900,300,rastrigin,9,0.000000,0.000000,0.000000,0.000000,362.045985
3,1.275867,1.313208,quadratic,900,300,rastrigin,9,1.989933,10.449545,11.448492,5.123327,356.649285
3,1.567562,0.300000,quadratic,900,300,rastrigin,9,12.971813,25.682539,28.701298,8.082995,345.236445
3,1.567562,1.579374,quadratic,900,300,rastrigin,9,3.979828,5.845376,6.467224,2.667893,335.764165
3,0.455730,3.974133,quadratic,900,300,rastrigin,9,1.990395,8.335907,9.949581,4.700804,260.731595
3,0.455730,6.913484,quadratic,900,300,rastrigin,9,0.994957,2.549578,2.984871,2.442716,265.611945
3,1.567562,0.907884,quadratic,900,300,rastrigin,9,3.992367,11.843497,14.082251,8.201477,344.433425
3,1.567562,0.521886,quadratic,900,300,rastrigin,9,11.188568,19.093098,20.536926,6.455250,350.560605
3,1.038450,10.000000,quadratic,900,300,rastrigin,9,0.000000,3.295771,0.000013,11.306032,377.236395
3,1.567562,2.747511,quadratic,900,300,rastrigin,9,0.000000,0.000000,0.000000,0.298487,343.854415
3,0.559922,0.521886,quadratic,900,300,rastrigin,9,13.987228,34.352898,37.357029,10.533031,257.442270
3,1.925946,0.627664,quadratic,900,300,rastrigin,9,7.973942,17.039829,19.634436,8.374290,335.365310
3,1.275867,6.913484,quadratic,900,300,rastrigin,9,0.000000,0.000000,0.000000,8.095137,380.386000
3,1.925946,0.360805,quadratic,900,300,rastrigin,9,9.689880,22.396606,25.525776,7.200492,343.777395
3,1.567562,4.779626,quadratic,900,300,rastrigin,9,0.000000,0.000000,0.000000,0.000000,361.225600
3,0.559922,0.907884,quadratic,900,300,rastrigin,9,13.331882,26.902435,31.746710,8.735722,264.781840
3,0.559922,0.300000,quadratic,900,300,rastrigin,9,20.026131,32.393383,36.295715,8.798587,257.930515
3,0.559922,2.747511,quadratic,900,300,rastrigin,9,3.992268,10.658427,12.561563,3.613083,259.294465
3,1.925946,1.899487,quadratic,900,300,rastrigin,9,0.000000,0.684033,0.994957,1.085370,349.234835
3,0.559922,4.779626,quadratic,900,300,rastrigin,9,0.994957,4.601679,5.472265,4.054984,262.461575
3,1.925946,1.091897,quadratic,900,300,rastrigin,9,1.989922,6.964757,6.964703,6.624254,353.783815
3,2.366266,0.433935,quadratic,900,300,rastrigin,9,8.985428,16.776192,17.713388,7.664293,344.857150
3,0.687934,0.627664,quadratic,900,300,rastrigin,9,18.057606,26.946194,28.797115,9.829146,259.244785
3,0.559922,1.579374,quadratic,900,300,rastrigin,9,10.125065,18.369259,20.839411,5.972199,255.282085
3,1.567562,8.314736,quadratic,900,300,rastrigin,9,0.000000,14.302414,24.873726,12.231113,380.189555
3,1.925946,3.304387,quadratic,900,300,rastrigin,9,0.000000,0.000000,0.000000,0.000000,359.047730
3,0.687934,1.091897,quadratic,900,300,rastrigin,9,11.875454,21.777464,23.719410,7.348977,256.386175
3,0.687934,1.899487,quadratic,900,300,rastrigin,9,7.963463,13.713058,16.423771,6.515677,258.444635
3,2.366266,0.754882,quadratic,900,300,rastrigin,9,1.990135,7.960059,9.452305,5.862021,357.271355
3,2.366266,1.313208,quadratic,900,300,rastrigin,9,0.994957,2.549579,2.984873,5.168947,359.958435
3,0.687934,0.360805,quadratic,900,300,rastrigin,9,15.258060,30.314829,33.601208,10.021358,252.310470
3,0.559922,8.314736,quadratic,900,300,rastrigin,9,0.000000,0.000000,0.000000,0.000000,276.966465
3,1.925946,5.748380,quadratic,900,300,rastrigin,9,0.000000,3.171401,0.000000,11.706615,376.620495
3,2.366266,2.284483,quadratic,900,300,rastrigin,9,0.000000,0.000000,0.000000,0.000000,367.121700
3,2.907255,0.300000,quadratic,900,300,rastrigin,9,5.060055,16.257652,17.388708,8.103408,346.382975
3,1.925946,10.000000,quadratic,900,300,rastrigin,9,0.994957,21.055969,29.909792,15.889951,386.153080
3,2.366266,6.913484,quadratic,900,300,rastrigin,9,0.994957,11.879072,13.929729,15.783962,380.329805
3,2.366266,3.974133,quadratic,900,300,rastrigin,9,0.000000,0.000000,0.000000,7.462118,386.048870
3,2.907255,0.521886,quadratic,900,300,rastrigin,9,2.985535,11.160669,13.465672,6.444245,355.216385
3,2.907255,0.907884,quadratic,900,300,rastrigin,9,2.984871,4.104200,3.979834,3.453435,266.932680
3,2.907255,1.579374,quadratic,900,300,rastrigin,9,0.000000,0.000000,0.000000,0.000000,269.805350
3,0.687934,2.747511,quadratic,900,300,rastrigin,9,3.979939,10.074680,10.945618,5.497313,336.816180
3,3.571927,1.091897,quadratic,900,300,rastrigin,9,0.000000,0.310924,0.000000,0.665581,259.823755
3,3.571927,0.360805,quadratic,900,300,rastrigin,9,8.956093,15.909672,17.912285,5.248749,272.848700
3,3.571927,0.627664,quadratic,900,300,rastrigin,9,1.989914,7.462183,8.954620,7.150357,269.473905
3,2.907255,2.747511,quadratic,900,300,rastrigin,9,0.000000,0.000000,0.000000,0.000000,295.017510
3,2.907255,8.314736,quadratic,900,300,rastrigin,9,0.000076,19.628513,29.919651,15.392768,289.345795
3,2.907255,4.779626,quadratic,900,300,rastrigin,9,0.000000,8.776924,1.492435,15.930134,296.673680
3,0.687934,4.779626,quadratic,900,300,rastrigin,9,0.000000,1.741175,1.989914,4.137142,333.810155
3,4.388561,0.433935,quadratic,900,300,rastrigin,9,3.979836,8.395947,9.452106,4.646518,256.333340
3,0.687934,8.314736,quadratic,900,300,rastrigin,9,0.000000,0.000000,0.000000,0.000000,333.665995
3,4.388561,0.754882,quadratic,900,300,rastrigin,9,0.000000,1.616805,1.989914,1.197054,271.249470
3,3.571927,1.899487,quadratic,900,300,rastrigin,9,0.000000,0.000000,0.000000,0.000000,298.160835
3,3.571927,3.304387,quadratic,900,300,rastrigin,9,0.000000,12.436862,24.873718,12.422376,302.647995
3,3.571927,10.000000,quadratic,900,300,rastrigin,9,1.993107,14.365554,18.993689,16.037888,301.241925
3,3.571927,5.748380,quadratic,900,300,rastrigin,9,1.989922,14.387250,26.866463,16.014675,307.385860
3,4.388561,1.313208,quadratic,900,300,rastrigin,9,0.000000,0.000000,0.000000,0.000000,301.932610
3,0.845213,0.360805,quadratic,900,300,rastrigin,9,21.059761,31.732664,32.351967,9.053080,358.081655
3,5.391897,0.300000,quadratic,900,300,rastrigin,9,5.972572,11.397842,13.432249,6.135327,259.018475
3,1.038450,2.284483,quadratic,900,300,rastrigin,9,2.984871,6.778148,7.462185,5.755275,321.442165
3,0.845213,0.627664,quadratic,900,300,rastrigin,9,12.088284,23.759243,25.024647,8.762840,359.188250
3,0.845213,1.899487,quadratic,900,300,rastrigin,9,2.997002,9.940456,11.941093,6.886049,348.035240
3,0.845213,3.304387,quadratic,900,300,rastrigin,9,1.989914,3.731091,3.979830,1.765875,330.836930
3,4.388561,2.284483,quadratic,900,300,rastrigin,9,0.000000,0.062185,0.000000,8.844836,301.076310
3,4.388561,3.974133,quadratic,900,300,rastrigin,9,0.000000,8.515408,2.984875,15.766588,303.335285
3,1.275867,2.747511,quadratic,900,300,rastrigin,9,0.000000,1.181511,1.492435,1.307716,330.299255
3,5.391897,0.521886,quadratic,900,300,rastrigin,9,1.989914,4.415123,4.974785,3.433671,270.957605
3,1.038450,3.974133,quadratic,900,300,rastrigin,9,0.000000,0.000000,0.000000,0.355271,334.845865
3,4.388561,6.913484,quadratic,900,300,rastrigin,9,0.997089,13.718989,18.442984,16.538826,302.443520
3,0.845213,5.748380,quadratic,900,300,rastrigin,9,0.000000,0.000000,0.000000,0.000000,354.039070
3,1.038450,1.313208,quadratic,900,300,rastrigin,9,3.980293,12.456251,12.963114,9.005489,349.368700
3,1.275867,0.907884,quadratic,900,300,rastrigin,9,5.004654,17.122847,19.903013,7.039531,334.177630
3,1.038450,0.433935,quadratic,900,300,rastrigin,9,13.946144,28.080282,31.480076,8.347322,355.631470
3,1.275867,0.521886,quadratic,900,300,rastrigin,9,5.163094,18.816420,21.342155,7.801631,335.985305
3,0.845213,1.091897,quadratic,900,300,rastrigin,9,8.254700,16.997646,19.910238,7.136239,355.745005
3,1.275867,4.779626,quadratic,900,300,rastrigin,9,0.000000,0.000000,0.000000,0.000000,342.939805
3,0.845213,10.000000,quadratic,900,300,rastrigin,9,0.000000,0.000000,0.000000,0.000000,359.839505
3,5.391897,0.907884,quadratic,900,300,rastrigin,9,0.000000,0.000000,0.000000,0.216846,292.219960
3,6.624620,0.360805,quadratic,900,300,rastrigin,9,2.984871,7.835294,8.954622,6.628944,270.707945
3,1.567562,1.899487,quadratic,900,300,rastrigin,9,1.989914,3.731091,3.979832,2.936386,335.692850
3,1.038450,0.754882,quadratic,900,300,rastrigin,9,10.258667,17.502224,19.468912,6.808704,365.383330
3,5.391897,8.314736,quadratic,900,300,rastrigin,9,2.007847,18.568008,31.912960,14.377982,284.348050
3,1.567562,1.091897,quadratic,900,300,rastrigin,9,4.974934,9.951874,11.448597,4.933822,331.924805
3,1.275867,1.579374,quadratic,900,300,rastrigin,9,2.984871,9.327743,11.442015,8.274265,345.236300
3,1.567562,0.360805,quadratic,900,300,rastrigin,9,5.552620,27.039160,32.539165,11.144538,346.155770
3,6.624620,0.627664,quadratic,900,300,rastrigin,9,0.000000,0.000000,0.000000,0.298487,281.939140
3,5.391897,2.747511,quadratic,900,300,rastrigin,9,0.000000,15.081817,25.868732,12.586918,301.907160
3,1.275867,0.300000,quadratic,900,300,rastrigin,9,17.832859,29.840296,33.937805,8.223262,336.632765
3,5.391897,1.579374,quadratic,900,300,rastrigin,9,0.000000,0.000000,0.000000,0.216846,311.268875
3,5.391897,4.779626,quadratic,900,300,rastrigin,9,1.991413,14.827936,27.894604,13.218080,304.488095
3,6.624620,1.091897,quadratic,900,300,rastrigin,9,0.000000,0.000000,0.000000,0.000000,290.819250
3,1.925946,0.754882,quadratic,900,300,rastrigin,9,6.038765,11.145496,12.567013,3.786327,340.138980
3,1.567562,0.627664,quadratic,900,300,rastrigin,9,13.959064,20.251104,22.254955,7.233162,359.446480
3,1.038450,6.913484,quadratic,900,300,rastrigin,9,0.000000,0.000000,0.000000,0.000000,379.424245
3,1.567562,3.304387,quadratic,900,300,rastrigin,9,0.000000,0.000000,0.000000,0.000000,363.799140
3,1.925946,0.433935,quadratic,900,300,rastrigin,9,12.222752,25.295673,29.835857,7.944150,346.205825
3,6.624620,1.899487,quadratic,900,300,rastrigin,9,0.000000,9.638577,12.934361,12.714116,311.182180
3,2.366266,0.521886,quadratic,900,300,rastrigin,9,4.429302,14.147206,16.105263,4.475649,341.479195
3,1.925946,1.313208,quadratic,900,300,rastrigin,9,1.989914,4.415125,4.974785,3.430802,350.631900
3,1.925946,2.284483,quadratic,900,300,rastrigin,9,0.000000,0.000000,0.000000,0.000000,354.563660
3,2.366266,1.579374,quadratic,900,300,rastrigin,9,0.000000,0.373109,0.497478,1.056483,339.940105
3,1.567562,5.748380,quadratic,900,300,rastrigin,9,0.000000,0.000000,0.000000,0.355271,377.532185
3,1.567562,10.000000,quadratic,900,300,rastrigin,9,0.000000,12.721135,25.371290,15.933062,362.535375
3,1.275867,8.314736,quadratic,900,300,rastrigin,9,0.000000,3.171400,0.000000,11.706596,388.809405
3,2.366266,0.907884,quadratic,900,300,rastrigin,9,1.989914,7.275631,7.959665,5.861792,355.061345
3,1.925946,3.974133,quadratic,900,300,rastrigin,9,0.000000,0.000000,0.000000,0.000000,367.675100
3,2.907255,1.091897,quadratic,900,300,rastrigin,9,0.994957,2.300838,2.984871,5.393871,275.472205
3,2.907255,0.360805,quadratic,900,300,rastrigin,9,5.168404,15.044920,17.988375,5.722751,353.770850
3,2.366266,0.300000,quadratic,900,300,rastrigin,9,7.439041,23.573544,28.824646,8.582512,353.316500
3,2.366266,2.747511,quadratic,900,300,rastrigin,9,0.000000,0.000000,0.000000,0.000000,372.324945
3,3.571927,0.433935,quadratic,900,300,rastrigin,9,4.203739,12.092076,13.435057,6.819222,258.378125
3,3.571927,0.754882,quadratic,900,300,rastrigin,9,0.994957,5.969743,6.964703,4.699516,264.577900
3,3.571927,1.313208,quadratic,900,300,rastrigin,9,0.000000,0.000000,0.000000,0.298487,271.744390
3,2.907255,0.627664,quadratic,900,300,rastrigin,9,3.979851,9.949668,10.944540,6.410371,352.453330
3,2.907255,1.899487,quadratic,900,300,rastrigin,9,0.000000,0.000000,0.000000,0.000000,295.122975
3,1.925946,6.913484,quadratic,900,300,rastrigin,9,0.000000,12.757260,24.873741,12.673208,390.520000
3,4.388561,0.521886,quadratic,900,300,rastrigin,9,1.989914,5.845376,5.969746,4.175261,271.433155
3,2.366266,4.779626,quadratic,900,300,rastrigin,9,0.000000,10.944437,24.873718,12.784184,397.938290
3,2.366266,8.314736,quadratic,900,300,rastrigin,9,0.000000,12.711903,17.445332,16.407986,408.946655
3,2.907255,10.000000,quadratic,900,300,rastrigin,9,0.994980,8.727684,5.476656,13.634763,299.254415
3,2.907255,3.304387,quadratic,900,300,rastrigin,9,0.000000,0.000000,0.000000,6.296302,306.967170
3,4.388561,0.300000,quadratic,900,300,rastrigin,9,8.151897,17.433437,19.595867,6.074629,259.020795
3,0.687934,3.304387,quadratic,900,300,rastrigin,9,3.979828,6.840335,7.959658,3.304019,343.010710
3,2.907255,5.748380,quadratic,900,300,rastrigin,9,0.000011,14.752592,26.863762,13.418407,315.229595
3,4.388561,0.907884,quadratic,900,300,rastrigin,9,0.000000,0.000000,0.000000,0.533486,284.082215
3,5.391897,0.360805,quadratic,900,300,rastrigin,9,2.984871,8.395305,8.457142,6.843173,267.441840
3,3.571927,3.974133,quadratic,900,300,rastrigin,9,0.000000,15.114468,24.874203,12.526031,299.800340
3,3.571927,2.284483,quadratic,900,300,rastrigin,9,0.000000,0.000000,0.000000,0.000000,306.997340
3,3.571927,6.913484,quadratic,900,300,rastrigin,9,0.997124,18.323269,29.919693,13.275585,298.005245
3,0.687934,5.748380,quadratic,900,300,rastrigin,9,0.000000,0.248739,0.000000,5.361657,339.359695
3,5.391897,0.627664,quadratic,900,300,rastrigin,9,0.000000,1.616805,1.989914,1.591933,277.810015
3,4.388561,1.579374,quadratic,900,300,rastrigin,9,0.000000,0.000000,0.000000,0.000000,308.112125
3,4.388561,2.747511,quadratic,900,300,rastrigin,9,0.000000,5.099117,0.994957,14.270757,296.300350
3,6.624620,0.433935,quadratic,900,300,rastrigin,9,0.000000,3.482351,4.477308,3.987280,261.015080
3,4.388561,4.779626,quadratic,900,300,rastrigin,9,0.000145,14.264565,29.421926,18.669197,294.031940
3,0.687934,10.000000,quadratic,900,300,rastrigin,9,0.000000,0.000000,0.000000,0.000000,366.245100
3,4.388561,8.314736,quadratic,900,300,rastrigin,9,2.005665,11.105075,6.473598,16.727129,300.658765
3,5.391897,1.091897,quadratic,900,300,rastrigin,9,0.000000,0.000000,0.000000,0.000000,287.868190
3,0.845213,3.974133,quadratic,900,300,rastrigin,9,0.000000,1.305881,0.994957,1.804689,333.250200
3,0.845213,0.433935,quadratic,900,300,rastrigin,9,15.157333,25.998781,29.513609,10.038151,347.800775
3,6.624620,0.754882,quadratic,900,300,rastrigin,9,0.000000,0.000000,0.000000,0.000000,282.055555
3,1.038450,2.747511,quadratic,900,300,rastrigin,9,0.994957,2.984872,2.984873,2.818996,343.992710
3,5.391897,10.000000,quadratic,900,300,rastrigin,9,2.557819,6.997907,8.603746,8.738967,293.643440
3,0.845213,2.284483,quadratic,900,300,rastrigin,9,2.984898,8.272594,8.970373,4.237782,350.654870
3,1.275867,3.304387,quadratic,900,300,rastrigin,9,0.000000,0.000000,0.000000,0.216846,339.813335
3,0.845213,0.754882,quadratic,900,300,rastrigin,9,13.272190,23.130825,25.403502,8.280582,358.635925
3,5.391897,5.748380,quadratic,900,300,rastrigin,9,1.990414,17.521023,30.417747,15.672082,294.344730
3,5.391897,3.304387,quadratic,900,300,rastrigin,9,0.000000,18.815186,28.924614,16.555696,305.927735
3,5.391897,1.899487,quadratic,900,300,rastrigin,9,0.000000,1.803347,0.000004,11.407030,298.683580
3,1.275867,0.627664,quadratic,900,300,rastrigin,9,7.398872,16.532234,19.512608,7.060325,336.444040
3,1.275867,1.091897,quadratic,900,300,rastrigin,9,2.990669,11.537046,12.941093,7.145833,340.756315
3,1.038450,1.579374,quadratic,900,300,rastrigin,9,5.969841,11.095162,11.939556,4.446983,342.910525
3,1.038450,4.779626,quadratic,900,300,rastrigin,9,0.000000,0.000000,0.000000,0.000000,352.047380
3,1.038450,0.521886,quadratic,900,300,rastrigin,9,4.775684,20.758926,24.901115,10.097074,347.957085
3,6.624620,1.313208,quadratic,900,300,rastrigin,9,0.000000,0.000000,0.000000,0.000000,303.075610
3,0.845213,1.313208,quadratic,900,300,rastrigin,9,5.975086,17.243692,18.994507,7.060436,348.810310
3,0.845213,6.913484,quadratic,900,300,rastrigin,9,0.000000,0.000000,0.000000,0.000000,359.964735
3,1.567562,1.313208,quadratic,900,300,rastrigin,9,2.984871,8.643730,9.452106,6.356056,334.567950
3,1.038450,0.300000,quadratic,900,300,rastrigin,9,12.585037,29.815922,32.776962,9.413329,350.687150
3,1.567562,2.284483,quadratic,900,300,rastrigin,9,0.000000,1.057142,0.994957,0.694691,344.545490
3,1.567562,0.433935,quadratic,900,300,rastrigin,9,6.934639,23.580580,28.660048,10.011310,338.226540
3,1.275867,0.360805,quadratic,900,300,rastrigin,9,14.550892,24.244026,26.295792,8.534651,334.333110
3,6.624620,2.284483,quadratic,900,300,rastrigin,9,0.000000,8.790005,1.989914,13.563645,300.482585
3,1.038450,0.907884,quadratic,900,300,rastrigin,9,10.568775,19.825636,21.301359,7.822648,349.947900
3,1.275867,5.748380,quadratic,900,300,rastrigin,9,0.000000,0.000000,0.000000,0.000000,365.264155
3,1.925946,0.907884,quadratic,900,300,rastrigin,9,4.974792,9.268987,10.944597,4.915106,333.845620
3,1.275867,1.899487,quadratic,900,300,rastrigin,9,1.989914,6.964704,7.959663,6.878132,362.085255
3,2.907255,1.313208,quadratic,900,300,rastrigin,9,0.000000,0.124370,0.000000,0.659980,276.075195
3,1.567562,0.754882,quadratic,900,300,rastrigin,9,8.961582,15.950632,16.026995,8.595122,352.051350
3,3.571927,0.521886,quadratic,900,300,rastrigin,9,3.980087,8.582680,9.949579,5.115303,269.827675
3,3.571927,0.907884,quadratic,900,300,rastrigin,9,0.000000,2.114284,1.989914,1.951614,264.079885
3,1.925946,0.521886,quadratic,900,300,rastrigin,9,9.310768,16.531727,16.616337,9.852991,355.272375
3,2.366266,0.627664,quadratic,900,300,rastrigin,9,4.983719,13.458971,14.498096,8.791762,347.687725
3,3.571927,1.579374,quadratic,900,300,rastrigin,9,0.000000,0.000000,0.000000,0.000000,285.008875
3,1.567562,3.974133,quadratic,900,300,rastrigin,9,0.000000,0.000000,0.000000,0.000000,372.217880
3,1.925946,1.579374,quadratic,900,300,rastrigin,9,0.994957,2.673947,2.984871,2.233675,351.837750
3,1.038450,8.314736,quadratic,900,300,rastrigin,9,0.000000,0.000000,0.000000,6.296309,384.419905
3,2.366266,1.899487,quadratic,900,300,rastrigin,9,0.000000,0.000000,0.000000,0.216846,354.717495
3,2.366266,1.091897,quadratic,900,300,rastrigin,9,1.989914,5.347897,5.969749,4.244631,344.776755
3,2.907255,2.284483,quadratic,900,300,rastrigin,9,0.000000,0.000000,0.000000,0.000000,296.376485
3,4.388561,0.627664,quadratic,900,300,rastrigin,9,0.000000,3.917645,5.969746,5.745570,273.445375
3,3.571927,0.300000,quadratic,900,300,rastrigin,9,5.031651,16.175646,18.299788,8.549271,261.957875
3,1.925946,0.300000,quadratic,900,300,rastrigin,9,10.625793,23.118008,26.225733,7.691162,356.172945
3,1.925946,2.747511,quadratic,900,300,rastrigin,9,0.000000,0.000000,0.000000,0.000000,375.666605
3,4.388561,0.360805,quadratic,900,300,rastrigin,9,4.006638,8.923780,8.956032,7.248759,258.506560
3,1.567562,6.913484,quadratic,900,300,rastrigin,9,0.000000,9.389851,12.934338,13.062572,372.312220
3,1.925946,4.779626,quadratic,900,300,rastrigin,9,0.000000,0.000003,0.000000,8.863423,371.686985
3,2.907255,0.433935,quadratic,900,300,rastrigin,9,4.981644,12.549681,14.931385,5.281910,356.575470
3,2.366266,0.360805,quadratic,900,300,rastrigin,9,10.252052,19.209635,19.687710,7.191426,360.511515
3,2.907255,0.754882,quadratic,900,300,rastrigin,9,1.989914,6.653780,7.959661,6.988789,343.057370
3,1.275867,10.000000,quadratic,900,300,rastrigin,9,0.000000,17.960730,24.873743,12.905561,392.202455
3,5.391897,0.433935,quadratic,900,300,rastrigin,9,3.979836,6.342855,6.964701,2.204678,260.020380
3,4.388561,1.091897,quadratic,900,300,rastrigin,9,0.000000,0.000000,0.000000,0.216846,284.846310
3,2.907255,3.974133,quadratic,900,300,rastrigin,9,0.000000,8.021778,0.994957,12.697724,298.508470
3,2.907255,6.913484,quadratic,900,300,rastrigin,9,0.000141,17.004040,27.898331,14.848319,298.748380
3,2.366266,3.304387,quadratic,900,300,rastrigin,9,0.000000,0.000000,0.000000,0.000000,383.776730
3,3.571927,8.314736,quadratic,900,300,rastrigin,9,1.990383,17.452639,30.404633,13.663415,293.353900
3,3.571927,4.779626,quadratic,900,300,rastrigin,9,0.000000,12.881786,25.372194,13.913116,299.542495
3,5.391897,0.754882,quadratic,900,300,rastrigin,9,0.000000,0.186554,0.000000,0.665581,274.125775
3,6.624620,0.521886,quadratic,900,300,rastrigin,9,0.000000,1.616805,1.989914,1.961731,269.501635
3,1.925946,8.314736,quadratic,900,300,rastrigin,9,0.995163,19.802027,28.911966,13.331934,390.610475
3,3.571927,2.747511,quadratic,900,300,rastrigin,9,0.000000,0.000001,0.000000,7.434870,312.760740
3,6.624620,3.304387,quadratic,900,300,rastrigin,9,0.996101,16.390219,29.919514,13.772112,365.964930
3,4.388561,3.304387,quadratic,900,300,rastrigin,9,0.000000,14.269636,25.868851,15.102612,296.137435
3,4.388561,1.899487,quadratic,900,300,rastrigin,9,0.000000,0.000000,0.000000,0.000000,305.299360
3,6.624620,0.300000,quadratic,900,300,rastrigin,9,0.994957,7.276930,7.959667,4.767865,259.666850
3,4.388561,5.748380,quadratic,900,300,rastrigin,9,0.996780,13.895252,19.437155,13.053585,295.133530
3,2.366266,10.000000,quadratic,900,300,rastrigin,9,0.000015,9.341203,4.478153,14.061682,389.429660
3,2.366266,5.748380,quadratic,900,300,rastrigin,9,0.000000,13.586862,24.873735,12.777519,399.202090
3,4.388561,10.000000,quadratic,900,300,rastrigin,9,1.064819,11.137726,7.585241,15.750218,290.144130
3,5.391897,1.313208,quadratic,900,300,rastrigin,9,0.000000,0.000000,0.000000,0.000000,299.073385
3,6.624620,0.907884,quadratic,900,300,rastrigin,9,0.000000,0.000000,0.000000,0.000000,295.752055
3,6.624620,5.748380,quadratic,900,300,rastrigin,9,3.003742,19.055571,29.941488,12.378222,369.187310
3,5.391897,6.913484,quadratic,900,300,rastrigin,9,2.017200,19.851479,31.416233,14.862726,290.623750
3,5.391897,3.974133,quadratic,900,300,rastrigin,9,0.995636,17.882631,29.917877,17.262836,299.304870
3,5.391897,2.284483,quadratic,900,300,rastrigin,9,0.000000,9.576385,13.431816,14.664452,299.248265
3,8.139176,0.433935,quadratic,900,300,rastrigin,9,0.000000,1.492436,1.989914,6.203774,329.140645
3,6.624620,10.000000,quadratic,900,300,rastrigin,9,7.535156,18.118084,16.934080,16.170183,365.125760
3,6.624620,1.579374,quadratic,900,300,rastrigin,9,0.000000,1.678977,0.000000,10.717196,300.044825
3,0.245725,1.313208,exponential_3,900,300,rastrigin,9,23.062473,32.812138,34.512638,7.113305,254.636330
3,0.245725,3.974133,exponential_3,900,300,rastrigin,9,6.012009,16.473839,17.588648,9.948456,260.803440
3,0.245725,6.913484,exponential_3,900,300,rastrigin,9,1.072849,13.067791,16.417328,8.758117,258.716005
3,6.624620,2.747511,quadratic,900,300,rastrigin,9,0.994957,10.019851,3.482403,15.745031,304.648415
3,10.000000,0.300000,quadratic,900,300,rastrigin,9,1.989914,3.917645,4.477308,2.426453,339.879760
3,10.000000,0.521886,quadratic,900,300,rastrigin,9,0.000000,0.000000,0.000000,0.000000,340.393625
3,8.139176,0.754882,quadratic,900,300,rastrigin,9,0.000000,0.000000,0.000000,0.000000,372.986440
3,8.139176,1.313208,quadratic,900,300,rastrigin,9,0.000000,0.248739,0.000000,8.008317,372.921920
3,0.301904,0.907884,exponential_3,900,300,rastrigin,9,16.410027,25.937603,26.698320,11.772613,261.225885
3,0.200000,1.091897,exponential_3,900,300,rastrigin,9,20.147995,36.685287,41.068489,8.832490,333.068825
3,0.200000,0.360805,exponential_3,900,300,rastrigin,9,37.106079,46.039951,47.383789,8.384065,339.963775
3,8.139176,2.284483,quadratic,900,300,rastrigin,9,0.994995,11.960851,14.427963,16.524986,376.354760
3,8.139176,3.974133,quadratic,900,300,rastrigin,9,1.000134,16.642750,29.422569,15.050077,372.354675
3,0.200000,1.899487,exponential_3,900,300,rastrigin,9,19.307053,29.010563,33.321907,9.140783,334.945455
3,0.370927,1.091897,exponential_3,900,300,rastrigin,9,9.884663,24.555683,28.611820,11.617954,248.974030
3,0.370927,1.899487,exponential_3,900,300,rastrigin,9,12.520222,23.402817,27.497946,8.373046,251.051085
3,0.200000,10.000000,exponential_3,900,300,rastrigin,9,2.985123,8.156316,8.985929,5.656958,339.878260
3,0.200000,0.627664,exponential_3,900,300,rastrigin,9,34.234173,43.492893,46.251045,7.910365,353.214000
3,10.000000,0.907884,quadratic,900,300,rastrigin,9,0.000000,0.000000,0.000000,10.384262,369.495500
3,10.000000,1.579374,quadratic,900,300,rastrigin,9,0.000000,16.997726,24.874016,13.871891,368.944920
3,0.370927,0.627664,exponential_3,900,300,rastrigin,9,15.410934,33.126499,36.469090,8.085584,263.436160
3,8.139176,6.913484,quadratic,900,300,rastrigin,9,4.045105,18.304296,30.501137,15.255569,387.222395
3,0.200000,3.304387,exponential_3,900,300,rastrigin,9,10.088341,21.357540,25.011194,8.190215,352.080360
3,10.000000,2.747511,quadratic,900,300,rastrigin,9,1.990181,16.758907,29.387827,13.604032,373.643435
3,0.370927,10.000000,exponential_3,900,300,rastrigin,9,0.994957,2.922688,3.482351,2.822505,261.978925
3,0.200000,5.748380,exponential_3,900,300,rastrigin,9,7.362343,14.283865,16.520536,6.855614,355.657275
3,0.245725,0.433935,exponential_3,900,300,rastrigin,9,29.183582,43.406178,45.173912,7.950163,343.015315
3,0.245725,0.754882,exponential_3,900,300,rastrigin,9,26.207306,39.449642,41.212273,7.113599,345.588635
3,10.000000,8.314736,quadratic,900,300,rastrigin,9,3.378437,15.407796,16.426872,10.654036,381.862530
3,10.000000,4.779626,quadratic,900,300,rastrigin,9,3.378254,11.696978,9.077095,12.796796,387.426050
3,0.559922,0.521886,exponential_3,900,300,rastrigin,9,18.659687,30.026934,31.577282,7.830530,256.056475
3,0.559922,0.300000,exponential_3,900,300,rastrigin,9,27.456772,39.683167,40.422432,10.137118,258.200910
3,0.559922,0.907884,exponential_3,900,300,rastrigin,9,8.017742,24.009060,25.704557,9.045568,267.127885
3,0.245725,2.284483,exponential_3,900,300,rastrigin,9,8.723412,21.954506,25.090954,12.005882,369.618370
3,0.559922,1.579374,exponential_3,900,300,rastrigin,9,6.133652,18.407394,19.858046,9.696038,265.481020
3,0.301904,0.300000,exponential_3,900,300,rastrigin,9,38.458611,48.851246,50.689644,7.681383,358.577070
3,0.301904,0.521886,exponential_3,900,300,rastrigin,9,28.935062,37.808609,40.661255,8.021018,358.176350
3,0.301904,2.747511,exponential_3,900,300,rastrigin,9,9.887173,21.272655,23.133606,9.137460,349.373485
3,0.559922,4.779626,exponential_3,900,300,rastrigin,9,1.989914,5.036974,5.472271,2.317961,253.185630
3,0.301904,4.779626,exponential_3,900,300,rastrigin,9,9.949684,17.854460,20.455072,7.672570,349.437585
3,0.301904,1.579374,exponential_3,900,300,rastrigin,9,12.287338,24.607103,27.348240,7.260922,357.965080
3,0.301904,8.314736,exponential_3,900,300,rastrigin,9,0.995472,6.156339,6.964706,6.835512,344.082765
3,0.687934,0.360805,exponential_3,900,300,rastrigin,9,26.103771,37.002808,39.339424,8.211957,254.643060
3,0.559922,8.314736,exponential_3,900,300,rastrigin,9,0.000000,1.492436,1.989914,7.460625,266.434460
3,0.687934,0.627664,exponential_3,900,300,rastrigin,9,13.681770,29.362480,34.049278,11.426943,258.236495
3,0.370927,3.304387,exponential_3,900,300,rastrigin,9,9.059555,15.697376,17.636147,6.303938,348.579840
3,0.455730,0.433935,exponential_3,900,300,rastrigin,9,18.606201,31.548487,34.566502,9.741614,346.102395
3,0.370927,5.748380,exponential_3,900,300,rastrigin,9,0.995121,7.153111,8.954636,3.908183,353.377930
3,0.370927,0.360805,exponential_3,900,300,rastrigin,9,25.778618,40.544926,43.316837,9.822168,364.010555
3,0.687934,1.899487,exponential_3,900,300,rastrigin,9,5.984329,12.038927,13.453697,6.686828,264.449130
3,0.455730,0.754882,exponential_3,900,300,rastrigin,9,15.336472,32.191128,36.325687,9.240880,346.216090
3,0.687934,3.304387,exponential_3,900,300,rastrigin,9,2.984882,8.768488,10.944580,4.574363,253.181670
3,0.845213,0.433935,exponential_3,900,300,rastrigin,9,19.374310,30.992226,35.891075,7.272621,252.938385
3,0.687934,5.748380,exponential_3,900,300,rastrigin,9,0.000000,2.238654,2.984871,1.807430,258.102600
3,0.687934,10.000000,exponential_3,900,300,rastrigin,9,0.000000,0.559663,0.994957,9.658432,260.867085
3,0.455730,6.913484,exponential_3,900,300,rastrigin,9,1.989914,3.482353,3.979832,2.507216,348.936060
3,0.455730,2.284483,exponential_3,900,300,rastrigin,9,8.019669,16.578732,18.939989,8.127066,352.594345
3,0.845213,2.284483,exponential_3,900,300,rastrigin,9,2.984921,9.952122,11.455721,4.810445,257.062160
3,0.455730,3.974133,exponential_3,900,300,rastrigin,9,2.104179,9.982900,10.580427,5.630147,354.271090
3,0.455730,1.313208,exponential_3,900,300,rastrigin,9,13.580769,25.225185,27.686207,8.766231,365.053830
3,0.845213,3.974133,exponential_3,900,300,rastrigin,9,0.994957,3.109243,2.984871,5.586581,260.994555
3,0.559922,2.747511,exponential_3,900,300,rastrigin,9,1.253410,12.026049,13.011951,8.259441,350.260115
3,0.845213,6.913484,exponential_3,900,300,rastrigin,9,0.000000,1.057142,0.994957,9.122763,267.337960
3,1.038450,0.300000,exponential_3,900,300,rastrigin,9,17.933239,30.397408,34.269531,9.421639,263.814240
3,1.038450,0.433935,exponential_3,900,300,rastrigin,9,14.341599,24.428078,28.050858,8.078243,257.038775
3,1.038450,0.627664,exponential_3,900,300,rastrigin,9,10.200783,24.354900,28.053047,9.785272,261.232855
3,0.687934,1.091897,exponential_3,900,300,rastrigin,9,4.096668,18.229202,20.477362,5.954527,354.147475
3,0.245725,1.579374,exponential_3,900,300,rastrigin,9,19.905830,32.882576,35.655628,8.831808,261.404915
3,1.038450,0.907884,exponential_3,900,300,rastrigin,9,6.091587,15.704515,18.220352,12.699025,263.088840
3,1.038450,1.313208,exponential_3,900,300,rastrigin,9,4.252193,12.195035,13.014164,6.607224,249.026460
3,0.245725,4.779626,exponential_3,900,300,rastrigin,9,4.441017,18.376492,20.425531,8.990723,255.568155
3,0.845213,0.754882,exponential_3,900,300,rastrigin,9,10.031952,25.753450,29.132524,10.802921,348.427640
3,0.245725,8.314736,exponential_3,900,300,rastrigin,9,5.969769,9.390428,10.447077,4.342082,260.353940
3,0.845213,1.313208,exponential_3,900,300,rastrigin,9,10.519924,18.664211,23.516697,8.535082,351.671875
3,6.624620,3.974133,quadratic,900,300,rastrigin,9,0.999825,8.722381,5.478012,16.171516,376.212865
3,0.301904,1.091897,exponential_3,900,300,rastrigin,9,15.862537,28.578634,30.432281,7.654183,255.024370
3,0.370927,1.313208,exponential_3,900,300,rastrigin,9,18.857208,25.791632,27.829041,7.434187,260.350740
3,6.624620,6.913484,quadratic,900,300,rastrigin,9,2.001343,13.632194,9.440367,13.759766,359.798245
3,0.370927,2.284483,exponential_3,900,300,rastrigin,9,9.162739,17.772230,21.036688,8.492760,266.038720
3,0.455730,0.300000,exponential_3,900,300,rastrigin,9,27.238140,40.509476,41.660545,8.470536,250.205335
3,8.139176,0.521886,quadratic,900,300,rastrigin,9,0.000000,0.062185,0.000000,0.430829,344.824595
3,0.370927,0.754882,exponential_3,900,300,rastrigin,9,14.725483,33.502468,39.391205,10.528883,268.976130
3,8.139176,0.300000,quadratic,900,300,rastrigin,9,2.984871,6.094114,6.964706,5.054726,340.847000
3,0.559922,0.360805,exponential_3,900,300,rastrigin,9,21.279289,34.470520,34.965172,9.023844,263.949205
3,0.559922,1.091897,exponential_3,900,300,rastrigin,9,14.319733,24.529665,27.886503,7.940501,256.889820
3,0.559922,0.627664,exponential_3,900,300,rastrigin,9,20.866512,32.953671,36.128727,8.283826,269.915310
3,10.000000,0.360805,quadratic,900,300,rastrigin,9,0.000000,0.746218,0.994957,0.736201,345.541000
3,0.200000,1.313208,exponential_3,900,300,rastrigin,9,26.776047,37.504543,40.857533,8.011891,335.248885
3,0.559922,1.899487,exponential_3,900,300,rastrigin,9,6.329464,19.395344,22.078817,8.292792,257.209195
3,10.000000,0.627664,quadratic,900,300,rastrigin,9,0.000000,0.000000,0.000000,0.000000,356.133315
3,0.200000,0.433935,exponential_3,900,300,rastrigin,9,31.700081,43.660637,45.650112,6.937881,342.750230
3,0.200000,2.284483,exponential_3,900,300,rastrigin,9,14.793278,25.395016,28.115265,7.249930,340.629840
3,0.559922,5.748380,exponential_3,900,300,rastrigin,9,0.994957,3.109244,2.984879,5.561718,257.448440
3,0.245725,0.300000,exponential_3,900,300,rastrigin,9,37.597534,47.739990,50.533386,7.245293,338.663515
3,8.139176,1.579374,quadratic,900,300,rastrigin,9,0.000000,16.043591,24.873770,15.108410,367.113000
3,0.687934,0.433935,exponential_3,900,300,rastrigin,9,18.980507,30.897421,34.225143,9.762112,259.084005
3,0.200000,0.754882,exponential_3,900,300,rastrigin,9,25.488403,38.395821,41.027893,9.866970,345.926195
3,8.139176,0.907884,quadratic,900,300,rastrigin,9,0.000000,0.000000,0.000000,0.000000,376.108940
3,0.687934,0.754882,exponential_3,900,300,rastrigin,9,13.518730,26.247238,29.369083,10.681250,259.765935
3,0.200000,3.974133,exponential_3,900,300,rastrigin,9,7.776001,19.836454,19.770061,10.108692,344.076965
3,0.245725,0.521886,exponential_3,900,300,rastrigin,9,30.839224,40.635880,43.070824,8.028275,340.462180
3,8.139176,4.779626,quadratic,900,300,rastrigin,9,2.995178,17.731586,30.947384,17.439537,372.369850
3,0.200000,6.913484,exponential_3,900,300,rastrigin,9,6.968334,15.652300,16.935127,6.263702,350.158475
3,0.559922,10.000000,exponential_3,900,300,rastrigin,9,0.000000,0.932772,0.994957,7.328255,277.588505
3,0.687934,2.284483,exponential_3,900,300,rastrigin,9,2.988533,10.528187,11.981224,5.664865,259.569275
3,8.139176,2.747511,quadratic,900,300,rastrigin,9,0.000000,9.843070,4.477461,20.610756,386.475135
3,10.000000,1.091897,quadratic,900,300,rastrigin,9,0.000000,0.186554,0.000000,9.430397,373.872390
3,0.845213,0.521886,exponential_3,900,300,rastrigin,9,17.869049,28.110083,29.306147,8.736148,257.415120
3,0.687934,6.913484,exponential_3,900,300,rastrigin,9,0.000000,1.430251,1.989914,9.620052,256.186095
3,0.245725,0.907884,exponential_3,900,300,rastrigin,9,18.290745,36.738716,40.920654,9.137892,356.452635
3,0.845213,0.300000,exponential_3,900,300,rastrigin,9,20.514561,31.712189,34.724068,7.964711,256.988320
3,10.000000,1.899487,quadratic,900,300,rastrigin,9,0.994980,14.816762,29.422026,17.665415,381.977065
3,8.139176,8.314736,quadratic,900,300,rastrigin,9,4.168156,14.113215,13.039667,15.030548,379.094900
3,10.000000,3.304387,quadratic,900,300,rastrigin,9,2.021080,15.730695,29.387356,13.091989,379.326135
3,0.845213,2.747511,exponential_3,900,300,rastrigin,9,1.989914,8.208693,8.954622,5.872773,260.132120
3,0.687934,3.974133,exponential_3,900,300,rastrigin,9,1.989914,6.156301,6.964705,3.794882,278.860375
3,10.000000,10.000000,quadratic,900,300,rastrigin,9,7.638687,14.579706,14.571312,11.021767,375.929030
3,10.000000,5.748380,quadratic,900,300,rastrigin,9,4.369717,9.912823,8.134794,11.658412,379.659795
3,0.245725,2.747511,exponential_3,900,300,rastrigin,9,11.172337,18.849400,22.887314,8.108369,349.788875
3,0.301904,0.627664,exponential_3,900,300,rastrigin,9,19.710423,34.636444,39.386353,10.995679,344.386080
3,0.845213,4.779626,exponential_3,900,300,rastrigin,9,0.994957,2.176469,1.989914,7.270620,266.132975
3,0.301904,0.360805,exponential_3,900,300,rastrigin,9,27.271935,42.007694,45.133553,10.174748,355.552010
3,0.301904,5.748380,exponential_3,900,300,rastrigin,9,2.055359,7.690413,8.962538,3.631310,345.151060
3,0.301904,3.304387,exponential_3,900,300,rastrigin,9,7.367569,17.720684,21.520267,8.734997,354.101530
3,0.370927,3.974133,exponential_3,900,300,rastrigin,9,5.146660,12.873915,14.441858,10.110127,334.852355
3,0.301904,10.000000,exponential_3,900,300,rastrigin,9,0.994957,4.415127,4.974792,3.267868,350.953770
3,1.038450,0.360805,exponential_3,900,300,rastrigin,9,15.548164,31.150663,33.066410,7.863558,258.625605
3,0.455730,0.521886,exponential_3,900,300,rastrigin,9,23.108963,31.488106,34.440376,7.307374,335.759050
3,1.038450,0.521886,exponential_3,900,300,rastrigin,9,9.917183,25.487953,28.536821,7.938359,259.357120
3,0.845213,8.314736,exponential_3,900,300,rastrigin,9,0.000000,2.052086,0.994957,11.550801,272.278435
3,1.038450,0.754882,exponential_3,900,300,rastrigin,9,8.334789,21.777868,24.036337,9.430280,263.590520
3,0.301904,1.899487,exponential_3,900,300,rastrigin,9,10.117668,23.014946,23.378511,7.634549,373.979760
3,0.370927,0.433935,exponential_3,900,300,rastrigin,9,23.755360,37.549969,41.528034,7.533652,355.992325
3,0.455730,0.907884,exponential_3,900,300,rastrigin,9,14.053890,28.000820,30.381552,10.500726,354.173470
3,0.370927,6.913484,exponential_3,900,300,rastrigin,9,0.994957,5.783194,6.964703,5.197645,363.927025
3,0.245725,1.899487,exponential_3,900,300,rastrigin,9,9.456532,29.168640,30.837479,11.800961,269.609775
3,1.038450,1.091897,exponential_3,900,300,rastrigin,9,8.297211,16.315750,17.951942,6.163220,269.510310
3,0.245725,5.748380,exponential_3,900,300,rastrigin,9,2.998886,10.984445,12.464008,6.614654,259.766070
3,0.455730,8.314736,exponential_3,900,300,rastrigin,9,0.000000,2.736134,2.984875,1.900212,348.128855
3,0.455730,2.747511,exponential_3,900,300,rastrigin,9,4.443760,12.779385,14.969786,7.595044,354.760205
3,0.245725,10.000000,exponential_3,900,300,rastrigin,9,1.989918,7.026998,7.959663,5.402869,265.681030
3,1.038450,1.579374,exponential_3,900,300,rastrigin,9,2.990646,10.035237,11.451378,4.551573,272.032760
3,0.455730,1.579374,exponential_3,900,300,rastrigin,9,8.305309,22.788433,24.950048,10.159290,354.698030
3,0.559922,3.304387,exponential_3,900,300,rastrigin,9,3.984703,8.478932,8.495054,5.314343,337.384955
3,0.455730,4.779626,exponential_3,900,300,rastrigin,9,2.984886,7.089479,7.959694,6.790792,372.682725
3,0.301904,1.313208,exponential_3,900,300,rastrigin,9,14.368935,27.464340,29.525589,8.032895,269.295160
3,0.370927,1.579374,exponential_3,900,300,rastrigin,9,15.000694,23.943886,25.961464,5.812997,261.694730
3,0.370927,2.747511,exponential_3,900,300,rastrigin,9,6.715885,17.097277,19.807650,7.675674,274.733520
3,0.370927,0.907884,exponential_3,900,300,rastrigin,9,13.151836,29.941753,34.309189,9.523790,263.944340
3,0.455730,0.360805,exponential_3,900,300,rastrigin,9,23.252728,40.693134,43.137115,8.377540,276.126320
3,0.687934,1.313208,exponential_3,900,300,rastrigin,9,11.825741,22.483805,24.013758,6.488392,354.971785
3,0.559922,0.433935,exponential_3,900,300,rastrigin,9,18.229282,32.693829,37.448986,9.638176,258.189880
3,0.845213,0.907884,exponential_3,900,300,rastrigin,9,12.665600,24.204605,28.565355,7.995795,355.081205
3,0.559922,1.313208,exponential_3,900,300,rastrigin,9,8.560211,18.532999,21.036179,7.331372,263.295225
3,0.559922,0.754882,exponential_3,900,300,rastrigin,9,19.561947,28.580534,30.302189,9.219198,263.633160
3,0.845213,1.579374,exponential_3,900,300,rastrigin,9,5.008503,14.413652,15.979143,9.373123,358.939140
3,0.559922,2.284483,exponential_3,900,300,rastrigin,9,4.017845,12.895584,14.465298,8.633865,263.702365
3,0.559922,6.913484,exponential_3,900,300,rastrigin,9,0.000000,2.425210,2.984875,2.401847,264.232370
3,6.624620,4.779626,quadratic,900,300,rastrigin,9,0.995037,15.834783,29.422331,17.477764,367.157905
3,0.687934,0.521886,exponential_3,900,300,rastrigin,9,19.824432,28.961884,32.789665,9.084447,257.890630
3,8.139176,0.627664,quadratic,900,300,rastrigin,9,0.000000,0.000000,0.000000,0.000000,336.572190
3,8.139176,0.360805,quadratic,900,300,rastrigin,9,0.994957,2.984873,3.979828,2.011562,335.176050
3,6.624620,8.314736,quadratic,900,300,rastrigin,9,4.340275,10.042446,10.282957,14.585221,358.079420
3,0.687934,2.747511,exponential_3,900,300,rastrigin,9,2.984997,8.897258,9.950361,5.341743,254.104580
3,0.687934,0.907884,exponential_3,900,300,rastrigin,9,11.019791,20.797031,23.367113,8.115267,271.776900
3,0.687934,0.300000,exponential_3,900,300,rastrigin,9,22.572937,36.442196,40.490479,11.233121,260.498630
3,0.845213,0.627664,exponential_3,900,300,rastrigin,9,11.541260,22.399242,24.787088,6.427757,258.569615
3,0.687934,8.314736,exponential_3,900,300,rastrigin,9,0.000000,0.559664,0.994957,7.279292,259.005440
3,0.845213,0.360805,exponential_3,900,300,rastrigin,9,21.394245,33.606228,35.784023,7.997129,257.811060
3,0.687934,4.779626,exponential_3,900,300,rastrigin,9,0.994957,3.793276,4.477310,2.934701,255.884525
3,10.000000,0.433935,quadratic,900,300,rastrigin,9,0.000000,0.000000,0.000000,0.355271,336.501300
3,0.845213,3.304387,exponential_3,900,300,rastrigin,9,1.989914,6.964704,7.959663,5.719665,258.620615
3,0.200000,0.521886,exponential_3,900,300,rastrigin,9,33.649078,42.955601,45.738533,6.961524,332.489205
3,0.200000,1.579374,exponential_3,900,300,rastrigin,9,13.725544,30.563057,33.865128,10.004688,346.534130
3,0.845213,5.748380,exponential_3,900,300,rastrigin,9,0.000000,0.808403,0.994957,1.253607,256.972290
3,0.200000,2.747511,exponential_3,900,300,rastrigin,9,10.196526,22.119995,24.119362,6.673918,342.990600
3,0.245725,0.360805,exponential_3,900,300,rastrigin,9,31.887260,44.427002,45.341087,8.368383,340.875385
3,10.000000,0.754882,quadratic,900,300,rastrigin,9,0.000000,0.000000,0.000000,0.000000,360.135890
3,0.200000,4.779626,exponential_3,900,300,rastrigin,9,8.996151,19.260946,22.361547,7.903203,341.052380
3,0.200000,0.907884,exponential_3,900,300,rastrigin,9,25.376183,35.181274,36.843639,7.073615,348.445875
3,0.245725,0.627664,exponential_3,900,300,rastrigin,9,30.972137,39.611618,40.729813,7.232173,344.897915
3,1.038450,3.974133,exponential_3,900,300,rastrigin,9,0.000000,2.487393,2.984871,7.206348,251.500790
3,0.200000,8.314736,exponential_3,900,300,rastrigin,9,3.045452,11.410365,12.942492,7.645575,341.374205
3,1.038450,1.899487,exponential_3,900,300,rastrigin,9,1.990585,9.281423,10.966543,6.504244,269.857050
3,8.139176,1.899487,quadratic,900,300,rastrigin,9,0.000000,14.457470,27.343678,16.860004,367.476930
3,1.038450,2.747511,exponential_3,900,300,rastrigin,9,0.000000,4.601681,5.472269,7.108665,275.358690
3,0.845213,10.000000,exponential_3,900,300,rastrigin,9,0.000000,2.052086,0.994957,11.303164,277.598950
3,8.139176,5.748380,quadratic,900,300,rastrigin,9,1.018955,18.943155,30.430870,14.653275,361.935195
3,1.038450,8.314736,exponential_3,900,300,rastrigin,9,0.000000,0.186554,0.000000,5.370881,263.244020
3,8.139176,1.091897,quadratic,900,300,rastrigin,9,0.000000,0.000000,0.000000,8.081504,392.272195
3,1.275867,0.300000,exponential_3,900,300,rastrigin,9,15.146179,28.404612,30.112942,9.888558,267.236185
3,1.038450,5.748380,exponential_3,900,300,rastrigin,9,0.000000,0.373109,0.497478,7.321328,275.904300
3,1.275867,0.627664,exponential_3,900,300,rastrigin,9,12.578175,20.440361,21.528208,4.894187,260.097630
3,0.245725,1.091897,exponential_3,900,300,rastrigin,9,17.792519,33.491051,36.951401,9.110196,367.799355
3,0.200000,0.300000,exponential_3,900,300,rastrigin,9,30.042404,47.548073,50.426994,8.780820,351.805575
3,1.275867,0.433935,exponential_3,900,300,rastrigin,9,7.389130,21.086901,23.332960,9.934338,269.004570
3,0.301904,0.754882,exponential_3,900,300,rastrigin,9,15.299156,33.028103,37.855034,10.571389,342.989250
3,8.139176,3.304387,quadratic,900,300,rastrigin,9,0.994987,14.536763,27.402712,15.473474,385.344880
3,10.000000,2.284483,quadratic,900,300,rastrigin,9,1.989937,16.808367,29.389599,15.595355,373.631060
3,10.000000,1.313208,quadratic,900,300,rastrigin,9,0.000000,9.825132,13.431822,12.960340,387.494310
3,10.000000,3.974133,quadratic,900,300,rastrigin,9,0.015736,9.719999,6.550611,13.340215,373.042925
3,0.245725,3.304387,exponential_3,900,300,rastrigin,9,8.784855,20.711006,22.595949,9.942161,354.164915
3,0.370927,4.779626,exponential_3,900,300,rastrigin,9,3.979839,10.515991,11.955139,8.995595,339.257930
3,0.301904,6.913484,exponential_3,900,300,rastrigin,9,2.984901,7.898646,8.464321,5.121106,347.143645
3,0.301904,0.433935,exponential_3,900,300,rastrigin,9,27.134075,39.509556,43.876022,11.764496,350.681345
3,1.275867,0.907884,exponential_3,900,300,rastrigin,9,4.374680,13.941306,16.645962,9.333310,265.695090
3,8.139176,10.000000,quadratic,900,300,rastrigin,9,5.579506,19.707125,23.605742,12.158471,384.816570
3,10.000000,6.913484,quadratic,900,300,rastrigin,9,3.135159,15.929788,14.482830,13.012215,379.222695
3,1.275867,1.313208,exponential_3,900,300,rastrigin,9,2.985008,10.147259,11.944477,4.705559,269.414995
3,0.301904,3.974133,exponential_3,900,300,rastrigin,9,9.035858,17.840647,20.432716,7.108336,363.702580
3,0.370927,0.300000,exponential_3,900,300,rastrigin,9,30.455612,43.020157,45.768326,8.114344,357.142835
3,0.455730,0.627664,exponential_3,900,300,rastrigin,9,20.723370,33.130489,35.795937,10.089015,354.182315
3,1.275867,3.974133,exponential_3,900,300,rastrigin,9,0.000000,0.932772,0.994957,1.197055,262.945745
3,0.301904,2.284483,exponential_3,900,300,rastrigin,9,9.121525,18.471375,22.718544,10.700504,352.034005
3,0.455730,1.091897,exponential_3,900,300,rastrigin,9,6.306984,21.869057,21.897928,10.974222,341.904045
3,1.275867,2.747511,exponential_3,900,300,rastrigin,9,0.994957,2.922687,2.984875,6.322088,269.488480
3,1.275867,1.899487,exponential_3,900,300,rastrigin,9,1.989914,5.596666,6.467228,3.233203,270.991130
3,0.370927,0.521886,exponential_3,900,300,rastrigin,9,26.940201,37.823185,40.546741,8.567568,351.118625
3,0.370927,8.314736,exponential_3,900,300,rastrigin,9,0.994957,4.663863,5.969746,6.622219,345.156685
3,0.455730,10.000000,exponential_3,900,300,rastrigin,9,0.000000,1.616805,1.989914,1.759556,345.570450
3,0.455730,3.304387,exponential_3,900,300,rastrigin,9,3.982727,12.149057,14.527786,5.390157,350.526170
3,0.559922,3.974133,exponential_3,900,300,rastrigin,9,0.994976,6.778637,7.462267,7.175470,342.363650
3,1.567562,0.433935,exponential_3,900,300,rastrigin,9,9.643661,21.706676,24.374586,9.821376,256.400400
3,1.567562,0.300000,exponential_3,900,300,rastrigin,9,14.172134,29.687765,33.160805,9.193237,271.986695
3,1.275867,5.748380,exponential_3,900,300,rastrigin,9,0.000000,0.435294,0.994957,5.319952,288.146170
3,1.275867,8.314736,exponential_3,900,300,rastrigin,9,0.000000,5.036931,0.994957,12.384034,278.279140
3,0.455730,5.748380,exponential_3,900,300,rastrigin,9,1.989914,6.964706,7.959661,5.897974,351.581320
3,0.455730,1.899487,exponential_3,900,300,rastrigin,9,8.379665,19.333187,23.054680,7.061501,372.352735
3,1.567562,0.627664,exponential_3,900,300,rastrigin,9,7.091991,15.630259,19.138039,9.409236,266.814490
3,1.567562,1.313208,exponential_3,900,300,rastrigin,9,3.980354,8.208768,8.457184,4.224498,275.951440
3,1.925946,0.300000,exponential_3,900,300,rastrigin,9,12.175842,21.845232,23.787626,9.495992,262.023355
3,0.687934,1.579374,exponential_3,900,300,rastrigin,9,7.394409,16.219162,19.500078,6.507813,350.506535
3,1.925946,0.433935,exponential_3,900,300,rastrigin,9,9.394047,19.143167,20.573381,9.235291,266.292365
3,1.925946,0.907884,exponential_3,900,300,rastrigin,9,3.982052,10.514830,11.943338,6.313102,268.334040
3,1.925946,0.627664,exponential_3,900,300,rastrigin,9,4.048294,13.357234,15.027884,5.684470,269.554935
3,1.567562,5.748380,exponential_3,900,300,rastrigin,9,0.000000,0.186555,0.000000,0.580155,288.322170
3,1.567562,8.314736,exponential_3,900,300,rastrigin,9,0.000000,1.741162,0.000000,10.694657,297.774385
3,0.845213,1.091897,exponential_3,900,300,rastrigin,9,9.022053,15.119503,17.741913,7.114254,352.614575
3,1.925946,1.313208,exponential_3,900,300,rastrigin,9,3.979836,7.151258,6.964706,3.153790,277.552265
3,1.567562,0.907884,exponential_3,900,300,rastrigin,9,5.465771,11.307207,12.714563,6.337143,329.376865
3,1.925946,2.747511,exponential_3,900,300,rastrigin,9,0.000000,0.994957,0.994957,5.574382,280.393185
3,0.845213,1.899487,exponential_3,900,300,rastrigin,9,3.980904,11.560754,13.944750,4.559569,352.620445
3,1.567562,1.899487,exponential_3,900,300,rastrigin,9,1.989914,5.223530,5.969744,2.322216,339.478235
3,1.567562,3.974133,exponential_3,900,300,rastrigin,9,0.000000,0.746218,0.994957,9.875086,337.455360
3,1.567562,2.747511,exponential_3,900,300,rastrigin,9,0.994957,2.114284,2.487392,5.229636,353.224110
3,1.925946,8.314736,exponential_3,900,300,rastrigin,9,0.000000,0.000000,0.000000,8.059386,299.276180
3,1.038450,2.284483,exponential_3,900,300,rastrigin,9,1.989914,5.785940,6.467529,5.615197,270.720320
3,1.038450,4.779626,exponential_3,900,300,rastrigin,9,0.000000,0.746218,0.994957,0.800616,279.477760
3,1.925946,1.899487,exponential_3,900,300,rastrigin,9,0.994957,2.860505,3.482351,2.069775,343.456900
3,1.038450,3.304387,exponential_3,900,300,rastrigin,9,1.989914,3.979831,3.979834,5.543894,284.201835
3,1.925946,3.974133,exponential_3,900,300,rastrigin,9,0.000000,0.248743,0.000000,7.517626,344.788850
3,2.366266,0.433935,exponential_3,900,300,rastrigin,9,8.088036,21.216972,24.963669,8.219181,336.274815
3,1.925946,5.748380,exponential_3,900,300,rastrigin,9,0.000000,0.435294,0.000000,10.325810,349.613870
3,2.366266,5.748380,exponential_3,900,300,rastrigin,9,0.000000,6.342799,0.497478,12.911481,297.243870
3,1.275867,0.360805,exponential_3,900,300,rastrigin,9,14.358219,26.319515,29.548878,7.946526,276.277415
3,1.275867,0.754882,exponential_3,900,300,rastrigin,9,5.923683,18.773460,22.860113,9.508399,282.664685
3,1.275867,0.521886,exponential_3,900,300,rastrigin,9,5.793869,22.759144,27.105465,10.438108,275.374005
3,2.366266,1.313208,exponential_3,900,300,rastrigin,9,0.000053,3.544540,3.979834,6.680819,334.943690
3,1.038450,6.913484,exponential_3,900,300,rastrigin,9,0.000000,0.373109,0.497480,5.551022,290.101695
3,1.038450,10.000000,exponential_3,900,300,rastrigin,9,0.000000,0.186554,0.000000,7.380581,300.302580
3,2.366266,0.627664,exponential_3,900,300,rastrigin,9,3.984570,11.431406,13.433701,5.502692,350.081680
3,2.366266,0.907884,exponential_3,900,300,rastrigin,9,1.989922,7.775726,7.959665,3.803674,341.353355
3,2.366266,0.300000,exponential_3,900,300,rastrigin,9,10.216854,23.283264,27.949261,8.904809,360.525580
3,2.366266,1.899487,exponential_3,900,300,rastrigin,9,0.000000,1.554620,1.989914,1.484955,337.697865
3,1.275867,1.091897,exponential_3,900,300,rastrigin,9,5.986691,12.965152,14.663647,7.804100,272.365395
3,1.275867,1.579374,exponential_3,900,300,rastrigin,9,2.984875,10.522659,12.934454,5.361675,270.719320
3,2.366266,2.747511,exponential_3,900,300,rastrigin,9,0.000000,0.621849,0.994957,8.652478,358.654050
3,2.366266,3.974133,exponential_3,900,300,rastrigin,9,0.000000,1.865531,0.000000,11.741261,356.299665
3,1.275867,4.779626,exponential_3,900,300,rastrigin,9,0.000000,0.373109,0.497478,5.771350,277.195515
3,1.275867,3.304387,exponential_3,900,300,rastrigin,9,0.000000,2.238654,2.984871,1.402679,274.326765
3,1.275867,2.284483,exponential_3,900,300,rastrigin,9,0.994957,4.229034,4.974792,2.300638,280.798095
3,2.366266,8.314736,exponential_3,900,300,rastrigin,9,0.000000,4.974747,0.994957,11.997362,370.388980
3,2.907255,0.300000,exponential_3,900,300,rastrigin,9,9.067608,21.955404,25.584356,7.821049,356.781850
3,2.907255,0.627664,exponential_3,900,300,rastrigin,9,1.990120,10.388147,11.940094,5.745231,348.783795
3,2.907255,1.313208,exponential_3,900,300,rastrigin,9,0.994957,2.798318,2.984875,2.230903,343.680090
3,2.907255,1.899487,exponential_3,900,300,rastrigin,9,0.000000,0.746218,0.994957,7.380581,342.332835
3,2.907255,0.433935,exponential_3,900,300,rastrigin,9,7.962021,15.207897,16.640301,6.785357,362.524960
3,2.907255,0.907884,exponential_3,900,300,rastrigin,9,1.989918,6.405048,6.964710,4.179714,354.919230
3,1.567562,0.521886,exponential_3,900,300,rastrigin,9,9.559155,17.741631,19.766466,8.165692,275.078280
3,2.907255,2.747511,exponential_3,900,300,rastrigin,9,0.000000,0.497478,0.994957,7.451497,356.429565
3,2.907255,3.974133,exponential_3,900,300,rastrigin,9,0.000000,0.124370,0.000000,9.337076,355.285630
3,3.571927,0.300000,exponential_3,900,300,rastrigin,9,3.896950,17.934958,20.755304,7.870176,349.773435
3,3.571927,0.627664,exponential_3,900,300,rastrigin,9,2.984875,8.332804,10.447063,5.552157,346.039005
3,3.571927,1.313208,exponential_3,900,300,rastrigin,9,0.000000,1.492435,1.989914,5.397313,336.465415
3,1.567562,0.360805,exponential_3,900,300,rastrigin,9,7.117970,23.247396,26.283674,8.565732,277.740795
3,3.571927,0.433935,exponential_3,900,300,rastrigin,9,4.977303,11.998538,14.935532,5.967168,355.869815
3,3.571927,0.907884,exponential_3,900,300,rastrigin,9,0.000000,3.606720,4.974785,6.368402,346.188115
3,2.907255,8.314736,exponential_3,900,300,rastrigin,9,0.000000,1.865532,0.000000,10.639441,366.311205
3,2.907255,5.748380,exponential_3,900,300,rastrigin,9,0.000000,1.678977,0.000000,14.349382,372.452525
3,1.275867,6.913484,exponential_3,900,300,rastrigin,9,0.000000,0.124370,0.000000,8.020689,287.109875
3,3.571927,1.899487,exponential_3,900,300,rastrigin,9,0.000000,2.238641,0.994957,10.475821,352.324535
3,1.567562,0.754882,exponential_3,900,300,rastrigin,9,4.000999,13.005796,16.146317,6.298000,285.411020
3,1.275867,10.000000,exponential_3,900,300,rastrigin,9,0.000000,6.280615,0.000002,13.022459,305.464120
3,1.567562,1.579374,exponential_3,900,300,rastrigin,9,1.989914,5.534474,5.969749,4.618510,279.420480
3,3.571927,2.747511,exponential_3,900,300,rastrigin,9,0.000000,0.497478,0.994957,10.613476,369.708535
3,4.388561,0.433935,exponential_3,900,300,rastrigin,9,1.990002,7.840196,8.955290,4.596169,348.397800
3,4.388561,0.300000,exponential_3,900,300,rastrigin,9,8.974579,15.525763,16.530825,7.669333,355.491935
3,1.925946,0.360805,exponential_3,900,300,rastrigin,9,10.104568,20.802404,22.829323,7.222034,280.393570
3,3.571927,3.974133,exponential_3,900,300,rastrigin,9,0.000000,1.678977,0.000000,10.717196,371.461600
3,1.925946,0.521886,exponential_3,900,300,rastrigin,9,9.018799,18.939480,22.913975,7.185536,277.343740
3,4.388561,0.907884,exponential_3,900,300,rastrigin,9,0.994957,2.736133,2.984871,1.292487,346.285125
3,3.571927,8.314736,exponential_3,900,300,rastrigin,9,0.000000,6.529355,0.994957,12.796519,369.559475
3,1.925946,1.091897,exponential_3,900,300,rastrigin,9,2.984936,9.079398,10.447744,8.010886,281.886690
3,4.388561,0.627664,exponential_3,900,300,rastrigin,9,1.989918,5.472270,6.964705,6.792680,354.779020
3,3.571927,5.748380,exponential_3,900,300,rastrigin,9,0.000000,9.389830,12.934340,12.542276,384.918590
3,1.925946,0.754882,exponential_3,900,300,rastrigin,9,6.982605,14.541911,14.927118,6.147264,294.129445
3,4.388561,1.313208,exponential_3,900,300,rastrigin,9,0.000000,0.684033,0.994957,5.295474,347.560150
3,1.567562,6.913484,exponential_3,900,300,rastrigin,9,0.000000,3.295772,0.000023,12.284030,294.530685
3,1.925946,1.579374,exponential_3,900,300,rastrigin,9,1.989914,4.352941,4.477312,4.507877,284.768265
3,4.388561,1.899487,exponential_3,900,300,rastrigin,9,0.000000,1.803347,0.000000,11.047415,355.803535
3,1.925946,3.304387,exponential_3,900,300,rastrigin,9,0.000000,0.746218,0.994957,9.880097,289.217910
3,1.567562,10.000000,exponential_3,900,300,rastrigin,9,0.000000,0.310924,0.000000,7.360436,311.892655
3,4.388561,2.747511,exponential_3,900,300,rastrigin,9,0.000000,0.248739,0.000000,9.857528,361.946780
3,5.391897,0.300000,exponential_3,900,300,rastrigin,9,5.970230,10.877949,12.993509,5.932290,275.128560
3,1.925946,10.000000,exponential_3,900,300,rastrigin,9,0.000000,3.420139,0.497478,11.585847,304.793570
3,1.567562,1.091897,exponential_3,900,300,rastrigin,9,5.973232,12.834351,14.992197,8.157858,348.532145
3,5.391897,0.433935,exponential_3,900,300,rastrigin,9,2.984879,6.964829,7.959669,4.555048,283.409820
3,5.391897,0.627664,exponential_3,900,300,rastrigin,9,0.000000,3.979832,3.979836,2.905464,274.398790
3,1.567562,2.284483,exponential_3,900,300,rastrigin,9,0.000000,2.611762,2.984871,6.911863,346.256290
3,4.388561,8.314736,exponential_3,900,300,rastrigin,9,0.000000,3.420140,0.994957,11.581576,315.632545
3,4.388561,3.974133,exponential_3,900,300,rastrigin,9,0.000000,2.052086,0.000000,10.573056,372.000385
3,1.567562,4.779626,exponential_3,900,300,rastrigin,9,0.000000,0.000000,0.000000,7.434870,343.073235
3,1.567562,3.304387,exponential_3,900,300,rastrigin,9,0.000000,0.497478,0.994957,0.905083,334.122980
3,4.388561,5.748380,exponential_3,900,300,rastrigin,9,0.000000,0.186554,0.000000,9.406716,369.169970
3,5.391897,0.907884,exponential_3,900,300,rastrigin,9,0.000000,1.305881,1.989914,5.577709,283.858175
3,2.366266,6.913484,exponential_3,900,300,rastrigin,9,0.000000,0.186555,0.000000,9.317821,298.414840
3,5.391897,1.313208,exponential_3,900,300,rastrigin,9,0.000000,0.435294,0.994957,7.632465,289.733395
3,5.391897,1.899487,exponential_3,900,300,rastrigin,9,0.000000,1.927716,0.000000,10.616038,295.119370
3,5.391897,2.747511,exponential_3,900,300,rastrigin,9,0.000000,0.497479,0.994957,8.680037,297.653370
3,5.391897,3.974133,exponential_3,900,300,rastrigin,9,0.000000,0.373111,0.000000,9.819795,289.155255
3,1.925946,2.284483,exponential_3,900,300,rastrigin,9,0.000000,2.114284,2.984871,7.344449,354.233000
3,6.624620,0.300000,exponential_3,900,300,rastrigin,9,1.989929,8.956554,11.943241,5.702644,270.564810
3,6.624620,0.433935,exponential_3,900,300,rastrigin,9,1.989914,5.285713,6.964705,6.411650,262.870535
3,5.391897,5.748380,exponential_3,900,300,rastrigin,9,0.000000,3.420139,0.497478,11.585849,299.063780
3,1.925946,4.779626,exponential_3,900,300,rastrigin,9,0.000000,0.124370,0.000000,8.620019,356.765190
3,2.366266,1.579374,exponential_3,900,300,rastrigin,9,0.000000,2.549578,2.984871,6.011837,341.636375
3,2.366266,0.521886,exponential_3,900,300,rastrigin,9,5.049168,14.293890,16.148842,8.618858,360.677345
3,2.366266,1.091897,exponential_3,900,300,rastrigin,9,0.994957,4.974790,5.969746,5.598344,339.167540
3,5.391897,8.314736,exponential_3,900,300,rastrigin,9,0.000000,7.897413,0.994957,12.838560,298.083990
3,2.366266,2.284483,exponential_3,900,300,rastrigin,9,0.000000,1.181511,1.492435,5.421103,342.988720
3,2.366266,0.754882,exponential_3,900,300,rastrigin,9,3.981255,10.181155,10.950203,5.739949,350.571010
3,1.925946,6.913484,exponential_3,900,300,rastrigin,9,0.000000,6.342799,0.497478,14.803443,370.077300
3,6.624620,0.627664,exponential_3,900,300,rastrigin,9,0.000000,2.363023,2.984871,1.242701,270.106465
3,6.624620,0.907884,exponential_3,900,300,rastrigin,9,0.000000,1.057142,0.994957,9.776225,269.904835
3,2.366266,0.360805,exponential_3,900,300,rastrigin,9,7.466480,16.480721,19.282951,6.850202,361.982210
3,2.366266,4.779626,exponential_3,900,300,rastrigin,9,0.000000,4.912562,0.994957,12.387844,350.508945
3,2.366266,3.304387,exponential_3,900,300,rastrigin,9,0.000000,0.497478,0.994957,9.686143,361.462880
3,6.624620,1.313208,exponential_3,900,300,rastrigin,9,0.000000,0.062185,0.000000,8.823546,288.194580
3,6.624620,1.899487,exponential_3,900,300,rastrigin,9,0.000000,0.435294,0.000000,10.439950,285.573170
3,2.907255,2.284483,exponential_3,900,300,rastrigin,9,0.000000,0.186554,0.000000,8.014511,335.750005
3,6.624620,2.747511,exponential_3,900,300,rastrigin,9,0.000000,0.186554,0.000000,8.792780,280.696805
3,2.907255,0.754882,exponential_3,900,300,rastrigin,9,2.984879,9.270932,10.447056,4.873208,342.995495
3,8.139176,0.300000,exponential_3,900,300,rastrigin,9,1.989914,7.897484,7.959660,8.034560,258.378295
3,2.907255,0.360805,exponential_3,900,300,rastrigin,9,9.512646,17.309721,19.818100,7.741710,351.033360
3,2.907255,1.579374,exponential_3,900,300,rastrigin,9,0.000000,1.243696,1.989914,1.253606,348.290780
3,2.907255,1.091897,exponential_3,900,300,rastrigin,9,1.989914,4.912606,4.974791,7.641754,345.205275
3,8.139176,0.433935,exponential_3,900,300,rastrigin,9,0.994957,2.425210,2.984871,8.182850,255.025135
3,6.624620,3.974133,exponential_3,900,300,rastrigin,9,0.000000,1.927716,0.497478,10.991661,297.840100
3,2.907255,0.521886,exponential_3,900,300,rastrigin,9,8.961880,15.463823,17.992022,10.612155,359.227840
3,6.624620,5.748380,exponential_3,900,300,rastrigin,9,0.000000,6.591538,0.994957,12.229479,292.888970
3,2.366266,10.000000,exponential_3,900,300,rastrigin,9,0.000000,9.452014,12.934338,12.845100,373.177305
3,2.907255,3.304387,exponential_3,900,300,rastrigin,9,0.000000,0.186556,0.000000,8.792781,349.550195
3,8.139176,0.627664,exponential_3,900,300,rastrigin,9,0.000000,1.741175,1.989914,9.115243,263.029880
3,2.907255,4.779626,exponential_3,900,300,rastrigin,9,0.000000,1.741162,0.000000,10.690027,355.703685
3,3.571927,0.754882,exponential_3,900,300,rastrigin,9,0.994957,4.539517,3.979834,4.692961,354.701090
3,6.624620,8.314736,exponential_3,900,300,rastrigin,9,0.000000,9.643072,12.934338,13.477785,300.597795
3,3.571927,1.579374,exponential_3,900,300,rastrigin,9,0.000000,0.932773,0.994957,8.907990,356.237855
3,3.571927,0.360805,exponential_3,900,300,rastrigin,9,7.030781,14.130522,14.111696,6.972136,362.091875
3,3.571927,0.521886,exponential_3,900,300,rastrigin,9,3.979893,9.396980,10.960938,4.861133,359.295285
3,3.571927,1.091897,exponential_3,900,300,rastrigin,9,0.000000,2.425208,2.487394,1.831911,357.658555
3,8.139176,0.907884,exponential_3,900,300,rastrigin,9,0.000000,0.684033,0.994957,10.643147,279.060705
3,3.571927,2.284483,exponential_3,900,300,rastrigin,9,0.000000,0.310924,0.000000,9.263543,349.547345
3,2.907255,10.000000,exponential_3,900,300,rastrigin,9,0.000000,2.052086,0.994957,10.642231,364.544005
3,8.139176,1.313208,exponential_3,900,300,rastrigin,9,0.000000,4.788192,0.000000,12.474593,278.902025
3,4.388561,0.521886,exponential_3,900,300,rastrigin,9,1.989922,6.716160,6.964720,6.069147,343.094590
3,2.907255,6.913484,exponential_3,900,300,rastrigin,9,0.000000,0.373109,0.000000,8.737865,374.760090
3,3.571927,3.304387,exponential_3,900,300,rastrigin,9,0.000000,0.248739,0.000000,10.297052,352.735575
3,8.139176,1.899487,exponential_3,900,300,rastrigin,9,0.000000,0.124372,0.000000,9.337072,283.815590
3,5.391897,0.360805,exponential_3,900,300,rastrigin,9,4.975060,9.017902,9.454649,6.815365,265.862315
3,4.388561,0.360805,exponential_3,900,300,rastrigin,9,3.121353,12.849212,14.965370,5.875467,355.209185
3,4.388561,1.091897,exponential_3,900,300,rastrigin,9,0.000000,1.243698,1.989914,7.231537,354.215195
3,4.388561,0.754882,exponential_3,900,300,rastrigin,9,1.989914,3.357982,3.979828,5.650011,355.488090
3,3.571927,4.779626,exponential_3,900,300,rastrigin,9,0.000000,0.186555,0.000000,9.924567,367.582085
3,5.391897,0.521886,exponential_3,900,300,rastrigin,9,1.989914,6.218489,7.462185,3.336816,260.511865
3,3.571927,10.000000,exponential_3,900,300,rastrigin,9,0.000000,3.420139,0.000004,11.987284,377.050910
3,5.391897,0.754882,exponential_3,900,300,rastrigin,9,0.000000,2.238655,2.984871,2.238101,267.211965
3,3.571927,6.913484,exponential_3,900,300,rastrigin,9,0.000000,1.616793,0.000000,11.915379,367.804385
3,4.388561,1.579374,exponential_3,900,300,rastrigin,9,0.000000,0.435294,0.994957,9.986606,360.876310
3,10.000000,0.433935,exponential_3,900,300,rastrigin,9,0.000000,1.927730,1.989920,1.731197,261.936500
3,8.139176,2.747511,exponential_3,900,300,rastrigin,9,0.000000,4.850377,0.497482,12.064445,299.981650
3,4.388561,2.284483,exponential_3,900,300,rastrigin,9,0.000000,8.146146,1.492435,12.476613,363.911770
3,5.391897,1.091897,exponential_3,900,300,rastrigin,9,0.000000,0.932772,0.994957,5.453192,276.642605
3,5.391897,1.579374,exponential_3,900,300,rastrigin,9,0.000000,0.310924,0.000000,7.360435,290.606945
3,4.388561,10.000000,exponential_3,900,300,rastrigin,9,0.000000,4.912562,0.994957,14.604863,317.387460
3,4.388561,3.304387,exponential_3,900,300,rastrigin,9,0.000000,0.000000,0.000000,7.434870,364.278175
3,5.391897,2.284483,exponential_3,900,300,rastrigin,9,0.000000,1.927716,0.000000,10.996181,299.344215
3,6.624620,0.521886,exponential_3,900,300,rastrigin,9,0.000000,3.668906,4.477310,3.650281,274.375930
3,5.391897,3.304387,exponential_3,900,300,rastrigin,9,0.000000,6.342799,0.497478,12.652494,301.037250
3,6.624620,0.360805,exponential_3,900,300,rastrigin,9,4.974792,7.586566,7.959661,3.185020,280.126680
3,10.000000,0.300000,exponential_3,900,300,rastrigin,9,1.989914,5.099160,5.969748,5.893561,349.841155
3,5.391897,4.779626,exponential_3,900,300,rastrigin,9,0.000000,0.124370,0.000000,9.904114,314.471210
3,8.139176,3.974133,exponential_3,900,300,rastrigin,9,0.000000,0.124370,0.000000,10.338847,380.699090
3,5.391897,6.913484,exponential_3,900,300,rastrigin,9,0.000000,0.062185,0.000000,9.926951,314.603975
3,6.624620,0.754882,exponential_3,900,300,rastrigin,9,0.000000,0.684033,0.994957,1.330232,285.259230
3,6.624620,1.091897,exponential_3,900,300,rastrigin,9,0.000000,1.927717,0.497488,11.075663,283.495105
3,4.388561,4.779626,exponential_3,900,300,rastrigin,9,0.000000,0.186555,0.000000,7.391305,387.994385
3,8.139176,5.748380,exponential_3,900,300,rastrigin,9,0.000000,1.865531,0.497478,10.809743,397.055010
3,8.139176,8.314736,exponential_3,900,300,rastrigin,9,0.000000,9.216906,1.031092,14.107179,395.249515
3,5.391897,10.000000,exponential_3,900,300,rastrigin,9,0.000000,3.295769,0.000002,11.970331,312.911420
3,10.000000,0.627664,exponential_3,900,300,rastrigin,9,0.000000,0.870587,0.994957,7.191214,349.797875
3,4.388561,6.913484,exponential_3,900,300,rastrigin,9,0.000000,5.036931,0.994957,12.028235,398.054825
3,10.000000,0.907884,exponential_3,900,300,rastrigin,9,0.000000,0.124370,0.000000,8.812320,366.554445
3,10.000000,1.313208,exponential_3,900,300,rastrigin,9,0.000000,1.989901,0.994957,10.963376,359.303150
3,10.000000,1.899487,exponential_3,900,300,rastrigin,9,0.000000,1.803347,0.000004,10.662559,366.426005
3,6.624620,2.284483,exponential_3,900,300,rastrigin,9,0.000000,3.482324,0.994957,11.215151,305.482075
3,8.139176,0.360805,exponential_3,900,300,rastrigin,9,2.984875,5.285714,5.969746,2.958218,296.389090
3,8.139176,0.521886,exponential_3,900,300,rastrigin,9,0.994957,2.363023,2.487394,1.508928,285.100965
3,6.624620,1.579374,exponential_3,900,300,rastrigin,9,0.000000,0.310924,0.000000,9.263557,315.591145
3,10.000000,2.747511,exponential_3,900,300,rastrigin,9,0.000000,4.663824,0.000002,13.022225,377.219445
3,10.000000,3.974133,exponential_3,900,300,rastrigin,9,0.000000,0.310924,0.000000,9.738191,384.852225
3,0.200000,0.300000,exponential_5,900,300,rastrigin,9,31.920885,48.122623,53.109962,8.036280,368.890135
3,6.624620,3.304387,exponential_3,900,300,rastrigin,9,0.000000,0.248739,0.000000,8.787148,328.391155
3,8.139176,0.754882,exponential_3,900,300,rastrigin,9,0.000000,0.621848,0.994957,7.564906,301.845690
3,0.200000,0.433935,exponential_5,900,300,rastrigin,9,32.658104,46.748058,49.596840,7.907425,358.955605
3,10.000000,5.748380,exponential_3,900,300,rastrigin,9,0.000000,0.062234,0.000004,10.457832,391.186960
3,10.000000,8.314736,exponential_3,900,300,rastrigin,9,1.129135,14.376507,29.011143,13.595611,397.630450
3,6.624620,4.779626,exponential_3,900,300,rastrigin,9,0.000000,3.482325,0.497486,11.883623,325.947200
3,0.200000,0.627664,exponential_5,900,300,rastrigin,9,27.647858,45.627544,49.814720,9.964487,373.964580
3,6.624620,6.913484,exponential_3,900,300,rastrigin,9,0.000000,4.850377,0.497478,12.705216,338.758510
3,0.200000,0.907884,exponential_5,900,300,rastrigin,9,20.632401,36.425468,37.959888,7.922903,368.056960
3,8.139176,1.091897,exponential_3,900,300,rastrigin,9,0.000000,0.186554,0.000000,8.806701,313.552350
3,6.624620,10.000000,exponential_3,900,300,rastrigin,9,0.000000,11.678627,22.219198,13.687175,329.827375
3,0.200000,1.313208,exponential_5,900,300,rastrigin,9,22.181015,31.860151,35.943172,8.826764,370.547340
3,0.200000,8.314736,exponential_5,900,300,rastrigin,9,3.162186,11.114662,12.948103,7.680377,352.096400
3,8.139176,1.579374,exponential_3,900,300,rastrigin,9,0.000000,0.186554,0.000000,5.370882,319.438455
3,0.200000,3.974133,exponential_5,900,300,rastrigin,9,7.162949,20.313730,21.867180,8.822507,363.615755
3,0.200000,2.747511,exponential_5,900,300,rastrigin,9,11.206619,23.984123,26.980436,10.879303,375.934605
3,0.200000,1.899487,exponential_5,900,300,rastrigin,9,16.743511,28.621655,30.828396,13.639808,378.288425
3,0.301904,0.627664,exponential_5,900,300,rastrigin,9,29.631310,43.348301,47.131050,9.645850,305.600515
3,0.245725,0.300000,exponential_5,900,300,rastrigin,9,23.840057,46.754642,49.578712,7.676931,366.836800
3,0.200000,5.748380,exponential_5,900,300,rastrigin,9,8.062004,14.198099,15.980238,5.060664,373.611595
3,0.245725,0.433935,exponential_5,900,300,rastrigin,9,32.137436,44.760811,48.395386,7.021094,365.166650
3,0.301904,3.974133,exponential_5,900,300,rastrigin,9,7.060806,19.257488,20.651785,7.106788,299.438950
3,0.245725,1.313208,exponential_5,900,300,rastrigin,9,19.998981,29.303360,29.520048,8.005695,364.654270
3,8.139176,2.284483,exponential_3,900,300,rastrigin,9,0.000000,4.850377,0.000004,12.152089,332.378900
3,0.245725,0.907884,exponential_5,900,300,rastrigin,9,21.575542,34.396782,38.440880,8.625254,373.749320
3,0.245725,0.627664,exponential_5,900,300,rastrigin,9,24.471268,35.656281,36.783058,11.113300,379.902740
3,0.245725,3.974133,exponential_5,900,300,rastrigin,9,5.370033,18.363667,22.267576,6.673268,365.612820
3,0.301904,8.314736,exponential_5,900,300,rastrigin,9,1.990250,6.840477,7.959833,3.395639,298.703725
3,0.245725,5.748380,exponential_5,900,300,rastrigin,9,7.973259,14.437782,15.565540,8.245131,365.700415
3,0.245725,1.899487,exponential_5,900,300,rastrigin,9,12.541031,26.236774,31.219049,10.409124,376.034310
3,0.245725,2.747511,exponential_5,900,300,rastrigin,9,11.094849,24.811909,27.339729,8.341258,378.613905
3,0.245725,8.314736,exponential_5,900,300,rastrigin,9,1.990021,7.840577,8.462368,5.603051,365.573270
3,0.301904,0.433935,exponential_5,900,300,rastrigin,9,29.934185,41.848537,45.013302,9.382852,366.062890
3,10.000000,0.521886,exponential_3,900,300,rastrigin,9,0.000000,1.368066,1.989914,9.945883,306.277930
3,0.370927,0.907884,exponential_5,900,300,rastrigin,9,17.744576,29.184933,31.338509,7.822076,295.712085
3,0.301904,0.300000,exponential_5,900,300,rastrigin,9,30.477085,43.406006,47.237972,10.031900,374.553370
3,0.370927,1.313208,exponential_5,900,300,rastrigin,9,15.030029,24.897757,28.148146,6.956701,291.367465
3,0.370927,1.899487,exponential_5,900,300,rastrigin,9,10.145081,18.833485,19.733852,7.448665,290.956840
3,0.301904,0.907884,exponential_5,900,300,rastrigin,9,22.820259,34.049751,37.129524,8.572948,382.844160
3,8.139176,3.304387,exponential_3,900,300,rastrigin,9,0.000000,3.420139,0.497478,11.247212,334.753650
3,0.301904,1.313208,exponential_5,900,300,rastrigin,9,19.464573,30.116343,33.166794,8.895861,385.199170
3,0.370927,5.748380,exponential_5,900,300,rastrigin,9,2.986889,10.451315,11.948204,7.143017,288.556400
3,0.370927,3.974133,exponential_5,900,300,rastrigin,9,4.387550,13.211174,15.461721,9.587647,294.181165
3,0.301904,2.747511,exponential_5,900,300,rastrigin,9,8.928719,21.873835,25.330931,9.153747,377.978810
3,0.370927,8.314736,exponential_5,900,300,rastrigin,9,0.994957,5.410089,6.467224,5.184275,292.413235
3,0.370927,0.300000,exponential_5,900,300,rastrigin,9,21.487667,43.473328,46.504272,7.532112,365.272675
3,0.301904,5.748380,exponential_5,900,300,rastrigin,9,4.976242,11.149424,12.460506,4.669172,370.254210
3,0.455730,0.300000,exponential_5,900,300,rastrigin,9,20.351868,40.727478,45.828644,8.877604,293.746230
3,0.301904,1.899487,exponential_5,900,300,rastrigin,9,15.207859,27.719276,32.581688,8.464985,388.515095
3,0.455730,0.433935,exponential_5,900,300,rastrigin,9,23.957008,33.256393,37.136318,7.821610,293.279630
3,0.370927,0.433935,exponential_5,900,300,rastrigin,9,29.825472,39.219009,40.309952,6.707008,381.213665
3,0.455730,0.627664,exponential_5,900,300,rastrigin,9,12.252617,28.075342,31.367180,11.110161,297.643860
3,0.370927,0.627664,exponential_5,900,300,rastrigin,9,22.637772,34.807701,36.772240,9.567472,388.275980
3,0.455730,0.907884,exponential_5,900,300,rastrigin,9,14.972546,23.939501,24.879951,9.256697,298.458350
3,0.455730,1.313208,exponential_5,900,300,rastrigin,9,7.355736,22.400267,23.908922,7.275692,290.678600
3,0.455730,2.747511,exponential_5,900,300,rastrigin,9,7.299709,14.488802,15.962219,6.326269,291.551385
3,0.370927,2.747511,exponential_5,900,300,rastrigin,9,6.049389,15.310421,18.156439,7.727667,379.484555
3,10.000000,0.360805,exponential_3,900,300,rastrigin,9,0.000000,3.047059,3.979830,2.029323,349.237985
3,0.455730,5.748380,exponential_5,900,300,rastrigin,9,1.989922,5.285725,5.969774,5.231566,286.175320
3,0.455730,8.314736,exponential_5,900,300,rastrigin,9,0.000000,2.860505,3.482355,2.093550,287.548960
3,0.559922,0.300000,exponential_5,900,300,rastrigin,9,22.772800,35.316906,39.375999,9.653818,288.229505
3,10.000000,0.754882,exponential_3,900,300,rastrigin,9,0.000000,0.435294,0.497484,9.227648,351.739640
3,0.559922,0.433935,exponential_5,900,300,rastrigin,9,21.248398,38.879448,42.571159,10.611803,306.457780
3,0.559922,0.627664,exponential_5,900,300,rastrigin,9,17.930126,30.520565,34.530243,8.449875,282.272840
3,8.139176,4.779626,exponential_3,900,300,rastrigin,9,0.000000,0.186554,0.000000,8.806701,394.690520
3,0.455730,1.899487,exponential_5,900,300,rastrigin,9,8.190041,16.682840,19.491785,7.198404,374.886595
3,0.455730,3.974133,exponential_5,900,300,rastrigin,9,3.979843,11.164703,12.940598,7.515177,366.169420
3,0.559922,0.907884,exponential_5,900,300,rastrigin,9,14.105007,28.389345,31.013680,9.647390,296.161030
3,0.559922,1.313208,exponential_5,900,300,rastrigin,9,10.123241,22.346901,29.143419,9.456347,286.945990
3,0.559922,3.974133,exponential_5,900,300,rastrigin,9,2.985882,6.592273,7.466148,2.733197,267.182070
3,0.559922,1.899487,exponential_5,900,300,rastrigin,9,6.993317,16.413359,20.101217,8.037210,276.581365
3,8.139176,6.913484,exponential_3,900,300,rastrigin,9,0.000000,4.788193,0.000011,12.384624,391.904055
3,8.139176,10.000000,exponential_3,900,300,rastrigin,9,0.197929,9.377575,2.855249,16.338957,391.769430
3,0.559922,2.747511,exponential_5,900,300,rastrigin,9,3.035629,10.586750,12.451416,6.424860,275.375185
3,10.000000,1.091897,exponential_3,900,300,rastrigin,9,0.000000,3.295769,0.000000,11.970348,367.263345
3,10.000000,1.579374,exponential_3,900,300,rastrigin,9,0.000000,1.803347,0.000000,10.750512,368.781425
3,0.559922,5.748380,exponential_5,900,300,rastrigin,9,1.989914,4.850431,5.969744,3.331244,283.295230
3,0.301904,0.754882,exponential_5,900,300,rastrigin,9,24.591309,34.288067,36.652359,7.633931,276.188395
3,10.000000,2.284483,exponential_3,900,300,rastrigin,9,0.000000,1.741162,0.000000,11.070367,372.183525
3,0.301904,4.779626,exponential_5,900,300,rastrigin,9,8.130154,13.415348,14.470776,4.499395,275.315485
3,0.200000,0.521886,exponential_5,900,300,rastrigin,9,19.339729,41.075779,46.255318,11.964619,353.668375
3,0.559922,8.314736,exponential_5,900,300,rastrigin,9,0.000000,2.860506,2.984877,5.406476,278.314300
3,0.200000,0.360805,exponential_5,900,300,rastrigin,9,31.657951,46.974426,50.000946,7.612561,359.303490
3,0.301904,10.000000,exponential_5,900,300,rastrigin,9,1.989922,5.037079,5.969749,2.186007,271.192465
3,10.000000,3.304387,exponential_3,900,300,rastrigin,9,0.000000,0.000000,0.000000,9.361307,387.851960
3,0.687934,0.300000,exponential_5,900,300,rastrigin,9,19.880013,37.228878,39.427906,11.386713,267.362325
3,10.000000,4.779626,exponential_3,900,300,rastrigin,9,0.000000,1.927716,0.994957,10.606708,391.034420
3,0.200000,1.091897,exponential_5,900,300,rastrigin,9,26.542519,35.704350,36.279346,7.296418,358.557130
3,0.370927,1.091897,exponential_5,900,300,rastrigin,9,18.848114,29.223038,31.306669,10.974174,279.635155
3,0.200000,10.000000,exponential_5,900,300,rastrigin,9,4.974915,11.507410,12.437017,8.061916,348.737670
3,10.000000,10.000000,exponential_3,900,300,rastrigin,9,3.867607,16.214130,20.808947,15.784876,383.381215
3,0.200000,0.754882,exponential_5,900,300,rastrigin,9,18.803368,44.693031,48.535488,10.681509,375.211825
3,10.000000,6.913484,exponential_3,900,300,rastrigin,9,0.000004,7.625955,1.030273,13.909974,396.712375
3,0.370927,1.579374,exponential_5,900,300,rastrigin,9,11.200871,23.911907,29.031601,8.888545,273.813250
3,0.200000,4.779626,exponential_5,900,300,rastrigin,9,11.330082,18.116444,19.209120,6.314190,355.470860
3,0.370927,2.284483,exponential_5,900,300,rastrigin,9,11.197903,19.568794,23.851063,8.765718,273.513045
3,0.245725,0.360805,exponential_5,900,300,rastrigin,9,31.020582,42.266403,45.949848,8.074841,347.368045
3,0.370927,6.913484,exponential_5,900,300,rastrigin,9,2.984898,6.529520,6.964861,5.007265,265.007035
3,0.245725,0.521886,exponential_5,900,300,rastrigin,9,26.767166,41.452118,45.000923,7.621132,345.808480
3,0.687934,0.433935,exponential_5,900,300,rastrigin,9,15.653465,28.016310,31.530235,9.883875,274.668005
3,0.370927,10.000000,exponential_5,900,300,rastrigin,9,1.989914,3.979831,3.979836,6.140347,266.570895
3,0.370927,4.779626,exponential_5,900,300,rastrigin,9,2.985016,9.819376,11.491440,8.901103,269.153905
3,0.200000,3.304387,exponential_5,900,300,rastrigin,9,8.357483,22.129490,23.235298,11.329274,374.186945
3,0.455730,0.360805,exponential_5,900,300,rastrigin,9,21.207920,39.716011,44.383640,8.166087,273.511625
3,0.200000,2.284483,exponential_5,900,300,rastrigin,9,15.006374,25.966400,29.837919,8.477276,376.353400
3,0.245725,1.579374,exponential_5,900,300,rastrigin,9,13.888054,30.878153,34.573357,11.665895,358.579170
3,0.200000,1.579374,exponential_5,900,300,rastrigin,9,21.624512,31.225405,33.301975,7.622144,394.342555
3,0.200000,6.913484,exponential_5,900,300,rastrigin,9,8.011963,13.309238,14.010082,5.808866,371.022420
3,0.455730,0.521886,exponential_5,900,300,rastrigin,9,21.394966,34.627922,38.617035,8.970518,266.458355
3,0.245725,6.913484,exponential_5,900,300,rastrigin,9,3.980595,11.141740,14.185061,5.375327,359.151695
3,0.245725,0.754882,exponential_5,900,300,rastrigin,9,21.487968,37.995621,40.706249,12.845030,371.207150
3,0.245725,1.091897,exponential_5,900,300,rastrigin,9,18.925674,35.242203,38.764618,8.503853,381.423525
3,0.245725,4.779626,exponential_5,900,300,rastrigin,9,5.879429,16.436504,20.429182,8.425150,379.377500
3,0.455730,0.754882,exponential_5,900,300,rastrigin,9,11.961109,26.556728,28.792923,10.064592,272.342855
3,0.455730,1.091897,exponential_5,900,300,rastrigin,9,11.476902,22.723570,23.915627,9.256519,272.641590
3,0.245725,3.304387,exponential_5,900,300,rastrigin,9,10.347076,19.546213,20.909424,9.469775,375.831905
3,0.301904,0.521886,exponential_5,900,300,rastrigin,9,20.868839,36.366676,39.949944,7.610207,366.094135
3,0.455730,3.304387,exponential_5,900,300,rastrigin,9,4.985424,11.207853,13.962620,4.571712,264.038490
3,0.245725,10.000000,exponential_5,900,300,rastrigin,9,3.979843,6.591933,7.462246,5.502715,374.318180
3,0.455730,1.579374,exponential_5,900,300,rastrigin,9,9.941917,18.340084,21.184921,7.311873,279.901650
3,0.245725,2.284483,exponential_5,900,300,rastrigin,9,16.186344,24.839029,28.973318,8.948887,392.004905
3,0.301904,0.360805,exponential_5,900,300,rastrigin,9,25.641739,44.394714,47.934319,8.776752,382.150080
3,0.370927,0.360805,exponential_5,900,300,rastrigin,9,29.306488,38.876820,40.136406,9.732000,347.368320
3,0.301904,1.091897,exponential_5,900,300,rastrigin,9,22.829620,33.243568,33.643417,12.389841,374.965930
3,0.455730,6.913484,exponential_5,900,300,rastrigin,9,1.989914,5.036976,5.472273,2.375430,261.425095
3,0.301904,6.913484,exponential_5,900,300,rastrigin,9,0.995209,5.539043,5.981903,4.723163,363.094620
3,0.455730,10.000000,exponential_5,900,300,rastrigin,9,0.994957,3.047060,3.482361,5.122784,265.338610
3,0.301904,3.304387,exponential_5,900,300,rastrigin,9,8.226913,19.713341,22.982147,7.544236,372.320160
3,0.301904,1.579374,exponential_5,900,300,rastrigin,9,20.661598,25.195951,26.264523,6.392244,376.772060
3,0.559922,0.360805,exponential_5,900,300,rastrigin,9,21.041698,37.558899,43.022392,10.515984,272.501550
3,0.301904,2.284483,exponential_5,900,300,rastrigin,9,16.410408,26.102657,31.012814,10.463416,379.436755
3,0.559922,0.521886,exponential_5,900,300,rastrigin,9,23.620762,33.486164,35.109138,8.026196,260.583720
3,0.559922,0.754882,exponential_5,900,300,rastrigin,9,12.539280,23.986441,26.688576,9.285232,263.420325
3,0.370927,0.521886,exponential_5,900,300,rastrigin,9,21.201267,37.413425,40.185135,7.947225,379.537105
3,0.559922,1.091897,exponential_5,900,300,rastrigin,9,8.938957,23.827438,24.606926,9.988375,265.986965
3,0.559922,4.779626,exponential_5,900,300,rastrigin,9,2.984875,6.342938,6.964781,2.956825,265.949310
3,0.559922,1.579374,exponential_5,900,300,rastrigin,9,17.265488,21.727089,21.740053,7.052741,275.530665
3,0.559922,3.304387,exponential_5,900,300,rastrigin,9,4.975174,13.234843,14.924469,6.767950,266.849130
3,0.559922,2.284483,exponential_5,900,300,rastrigin,9,6.968136,16.308853,20.511093,8.246814,272.873775
3,0.370927,0.754882,exponential_5,900,300,rastrigin,9,19.283195,32.902775,36.194981,10.435860,387.688695
3,0.687934,0.627664,exponential_5,900,300,rastrigin,9,15.757084,29.396603,31.123196,8.269016,360.530645
3,0.559922,6.913484,exponential_5,900,300,rastrigin,9,0.994957,3.917648,3.979834,2.462900,262.724900
3,0.687934,8.314736,exponential_5,900,300,rastrigin,9,0.000000,2.860502,3.482349,8.622827,267.783925
3,0.370927,3.304387,exponential_5,900,300,rastrigin,9,5.973137,17.651636,21.063454,8.586267,379.510050
3,0.559922,10.000000,exponential_5,900,300,rastrigin,9,0.000000,1.554620,1.989914,7.791336,263.620250
3,0.845213,0.433935,exponential_5,900,300,rastrigin,9,18.666309,29.989286,32.589600,7.317055,276.347500
3,0.845213,1.313208,exponential_5,900,300,rastrigin,9,9.001606,18.619318,20.468937,8.754115,270.837495
3,0.687934,0.907884,exponential_5,900,300,rastrigin,9,11.510948,22.740488,25.599642,9.779747,366.933155
3,0.687934,0.360805,exponential_5,900,300,rastrigin,9,22.971272,34.000683,35.753014,8.682007,272.451815
3,0.687934,1.313208,exponential_5,900,300,rastrigin,9,9.677235,19.609510,20.801365,8.237812,373.213905
3,0.455730,4.779626,exponential_5,900,300,rastrigin,9,2.984928,8.085362,9.949585,4.331917,367.415295
3,0.455730,2.284483,exponential_5,900,300,rastrigin,9,7.754280,17.322733,20.444887,10.940351,374.866260
3,0.687934,2.747511,exponential_5,900,300,rastrigin,9,2.986443,10.215332,9.967142,5.797551,353.898445
3,0.687934,1.899487,exponential_5,900,300,rastrigin,9,3.625874,12.463075,15.208767,6.932915,357.264410
3,0.687934,3.974133,exponential_5,900,300,rastrigin,9,1.989960,6.902532,6.964716,4.132353,344.745280
3,0.845213,5.748380,exponential_5,900,300,rastrigin,9,0.000000,1.989916,1.989916,1.726187,277.711845
3,0.687934,5.748380,exponential_5,900,300,rastrigin,9,0.994957,3.171436,3.979832,5.335746,342.830550
3,1.038450,0.907884,exponential_5,900,300,rastrigin,9,8.855495,15.883482,18.769590,7.980838,271.614015
3,0.687934,0.521886,exponential_5,900,300,rastrigin,9,21.552711,33.087128,36.555851,8.052071,263.135090
3,1.038450,3.974133,exponential_5,900,300,rastrigin,9,1.989914,2.984874,2.984875,2.565288,266.615995
3,1.038450,1.899487,exponential_5,900,300,rastrigin,9,2.985435,8.397058,9.456207,6.141187,277.698565
3,1.275867,0.300000,exponential_5,900,300,rastrigin,9,16.592430,27.799246,29.813866,9.941818,265.426590
3,1.038450,8.314736,exponential_5,900,300,rastrigin,9,0.000000,5.347855,0.994957,12.299451,268.965410
3,0.845213,0.300000,exponential_5,900,300,rastrigin,9,24.885246,33.692596,35.970234,9.673368,358.941610
3,1.275867,0.627664,exponential_5,900,300,rastrigin,9,9.213978,19.255098,21.735298,7.885103,269.982645
3,0.845213,1.899487,exponential_5,900,300,rastrigin,9,4.251572,11.738882,12.935322,5.720245,347.038425
3,1.275867,3.974133,exponential_5,900,300,rastrigin,9,0.994957,1.927731,1.989916,1.550189,283.818660
3,0.845213,0.627664,exponential_5,900,300,rastrigin,9,6.990398,25.039356,27.588398,10.188831,370.192890
3,0.845213,0.907884,exponential_5,900,300,rastrigin,9,9.222672,21.648489,23.464420,8.676947,367.273860
3,0.845213,8.314736,exponential_5,900,300,rastrigin,9,0.000000,1.616805,1.989914,7.155860,343.677160
3,1.567562,0.627664,exponential_5,900,300,rastrigin,9,13.726727,20.726856,21.939888,5.603965,269.959875
3,1.567562,0.907884,exponential_5,900,300,rastrigin,9,4.976067,12.567017,14.153189,6.723634,269.651160
3,0.845213,3.974133,exponential_5,900,300,rastrigin,9,0.994957,4.042021,3.979843,6.729539,351.419120
3,0.845213,2.747511,exponential_5,900,300,rastrigin,9,3.023815,7.903643,8.954634,5.680016,362.312925
3,1.038450,0.627664,exponential_5,900,300,rastrigin,9,11.679134,21.243748,23.048080,7.770921,352.217175
3,1.567562,2.747511,exponential_5,900,300,rastrigin,9,1.989914,3.109244,3.482353,6.166490,280.309405
3,1.038450,0.300000,exponential_5,900,300,rastrigin,9,12.807838,32.352753,36.159103,8.703694,365.896945
3,1.567562,5.748380,exponential_5,900,300,rastrigin,9,0.000000,5.783153,1.989918,14.917165,280.495265
3,1.038450,2.747511,exponential_5,900,300,rastrigin,9,1.990089,6.778162,6.964706,5.292675,352.888065
3,1.038450,5.748380,exponential_5,900,300,rastrigin,9,0.994957,1.554621,1.492435,8.567404,347.739090
3,1.038450,1.313208,exponential_5,900,300,rastrigin,9,5.023441,13.097630,16.070211,8.562866,360.508615
3,1.038450,0.433935,exponential_5,900,300,rastrigin,9,12.805042,27.315586,31.303791,11.041814,377.007255
3,1.925946,0.907884,exponential_5,900,300,rastrigin,9,2.988159,8.960283,10.193766,5.896186,267.915735
3,1.925946,1.899487,exponential_5,900,300,rastrigin,9,1.989914,4.166390,4.477333,5.162959,272.393645
3,1.275867,0.907884,exponential_5,900,300,rastrigin,9,3.996399,14.295485,17.492491,6.799547,362.317180
3,1.275867,0.433935,exponential_5,900,300,rastrigin,9,14.691879,23.196083,23.586584,9.178925,366.511275
3,1.275867,1.899487,exponential_5,900,300,rastrigin,9,0.000015,6.530300,7.462191,6.746856,360.739930
3,1.275867,1.313208,exponential_5,900,300,rastrigin,9,3.981319,10.061146,10.980497,6.040812,367.087660
3,1.275867,5.748380,exponential_5,900,300,rastrigin,9,0.994957,1.678990,1.989914,12.973581,356.480670
3,1.925946,5.748380,exponential_5,900,300,rastrigin,9,0.000000,1.430251,1.989914,9.630345,280.673195
3,2.366266,0.300000,exponential_5,900,300,rastrigin,9,4.744858,24.508821,28.012100,9.838407,267.158915
3,1.275867,2.747511,exponential_5,900,300,rastrigin,9,0.994957,4.477310,5.472267,6.135512,375.132745
3,2.366266,0.433935,exponential_5,900,300,rastrigin,9,8.037151,22.724865,26.769564,9.665511,271.812195
3,1.275867,8.314736,exponential_5,900,300,rastrigin,9,0.000000,5.472225,0.994957,12.243717,362.929625
3,2.366266,1.313208,exponential_5,900,300,rastrigin,9,0.995056,5.099172,6.467224,2.978218,259.175805
3,2.366266,0.907884,exponential_5,900,300,rastrigin,9,1.994755,11.008632,13.431978,5.959532,266.146830
3,1.567562,0.433935,exponential_5,900,300,rastrigin,9,5.622654,21.664455,26.770641,9.810599,363.876340
3,1.567562,1.899487,exponential_5,900,300,rastrigin,9,2.984879,5.285719,5.472273,3.743999,356.681335
3,1.567562,0.300000,exponential_5,900,300,rastrigin,9,6.489559,22.431515,24.610533,10.499393,369.695545
3,1.567562,1.313208,exponential_5,900,300,rastrigin,9,3.994858,7.674299,7.963377,3.603781,368.060485
3,1.567562,3.974133,exponential_5,900,300,rastrigin,9,0.000000,2.238655,2.984871,9.830757,362.604240
3,2.366266,1.899487,exponential_5,900,300,rastrigin,9,0.994957,3.171429,3.979832,7.097690,267.356100
3,1.925946,0.433935,exponential_5,900,300,rastrigin,9,9.876415,17.985893,20.528734,7.822387,351.371965
3,2.366266,2.747511,exponential_5,900,300,rastrigin,9,0.994957,3.855447,2.487396,10.008385,274.769710
3,2.366266,3.974133,exponential_5,900,300,rastrigin,9,0.000000,4.228543,1.492435,11.402161,275.031155
3,1.567562,8.314736,exponential_5,900,300,rastrigin,9,0.000000,10.446973,13.929295,11.991862,371.116610
3,1.925946,0.300000,exponential_5,900,300,rastrigin,9,6.426655,24.799728,28.179020,11.488997,363.817725
3,2.366266,8.314736,exponential_5,900,300,rastrigin,9,0.000000,7.586497,2.984873,12.164565,276.741800
3,1.925946,2.747511,exponential_5,900,300,rastrigin,9,0.000000,1.741176,1.989916,7.079359,356.755060
3,1.925946,1.313208,exponential_5,900,300,rastrigin,9,2.984879,6.594045,7.463331,4.722135,365.050975
3,2.907255,0.433935,exponential_5,900,300,rastrigin,9,9.383369,14.901053,15.887060,7.479685,261.431720
3,0.687934,10.000000,exponential_5,900,300,rastrigin,9,0.994957,5.099129,2.487394,11.448097,280.705010
3,1.925946,0.627664,exponential_5,900,300,rastrigin,9,7.086700,15.303882,18.928038,8.595709,374.050475
3,1.925946,3.974133,exponential_5,900,300,rastrigin,9,0.000000,4.601653,1.989918,11.641523,371.668790
3,0.845213,0.521886,exponential_5,900,300,rastrigin,9,14.535217,25.836033,28.611095,9.036426,272.629425
3,1.925946,8.314736,exponential_5,900,300,rastrigin,9,0.000000,8.830183,2.487394,12.861682,365.013950
3,0.845213,1.579374,exponential_5,900,300,rastrigin,9,7.044590,14.260321,16.972694,6.724326,271.351500
3,2.907255,0.627664,exponential_5,900,300,rastrigin,9,5.985897,11.931437,12.811914,7.318807,264.386940
3,2.366266,0.627664,exponential_5,900,300,rastrigin,9,5.261471,11.399330,13.013657,5.306023,366.565390
3,0.687934,0.754882,exponential_5,900,300,rastrigin,9,8.663475,20.939373,24.218479,9.111497,348.647190
3,0.845213,6.913484,exponential_5,900,300,rastrigin,9,0.000000,1.989915,2.487394,5.918700,267.421505
3,1.038450,1.091897,exponential_5,900,300,rastrigin,9,3.313442,13.532207,15.007259,7.908222,270.611980
3,1.038450,4.779626,exponential_5,900,300,rastrigin,9,0.994957,2.736134,2.984873,5.333894,263.238480
3,2.366266,5.748380,exponential_5,900,300,rastrigin,9,0.000000,15.110806,24.873800,13.600543,362.239835
3,2.907255,1.899487,exponential_5,900,300,rastrigin,9,0.994957,1.678991,1.989914,9.496403,268.816175
3,1.038450,2.284483,exponential_5,900,300,rastrigin,9,2.984879,7.402094,8.955450,4.879182,268.693970
3,1.275867,0.754882,exponential_5,900,300,rastrigin,9,12.083183,20.123892,21.185913,7.584111,259.488915
3,1.275867,0.360805,exponential_5,900,300,rastrigin,9,13.823196,28.241573,30.497124,10.584905,275.661075
3,2.907255,0.300000,exponential_5,900,300,rastrigin,9,7.877178,19.762424,23.560539,11.841789,367.047700
3,1.038450,10.000000,exponential_5,900,300,rastrigin,9,0.994957,4.477282,1.989914,11.282529,286.973070
3,0.687934,1.091897,exponential_5,900,300,rastrigin,9,9.968697,18.569801,20.344208,9.693023,362.789995
3,0.687934,1.579374,exponential_5,900,300,rastrigin,9,4.816917,16.437321,19.482700,8.936777,352.444300
3,1.567562,1.091897,exponential_5,900,300,rastrigin,9,5.970043,10.957143,12.437269,6.782038,268.285510
3,0.687934,6.913484,exponential_5,900,300,rastrigin,9,0.000000,2.238654,2.487394,2.322216,340.577045
3,1.567562,0.754882,exponential_5,900,300,rastrigin,9,6.058201,15.998508,19.559187,8.645216,270.949635
3,1.275867,4.779626,exponential_5,900,300,rastrigin,9,0.000000,1.927730,1.989914,10.786939,291.951045
3,0.687934,3.304387,exponential_5,900,300,rastrigin,9,2.984882,5.665919,6.014442,2.774715,354.554060
3,2.907255,0.907884,exponential_5,900,300,rastrigin,9,1.989918,6.467536,6.964809,4.047213,363.664675
3,2.907255,1.313208,exponential_5,900,300,rastrigin,9,0.994957,3.606722,3.482359,2.486896,363.342180
3,0.687934,2.284483,exponential_5,900,300,rastrigin,9,4.076019,13.534889,14.000240,5.477609,357.437475
3,0.687934,4.779626,exponential_5,900,300,rastrigin,9,1.989914,4.601682,5.969748,2.842182,358.092085
3,1.567562,3.304387,exponential_5,900,300,rastrigin,9,0.000000,2.425210,2.984873,7.076747,270.578735
3,1.567562,6.913484,exponential_5,900,300,rastrigin,9,0.000000,1.243696,0.994957,10.115853,279.723275
3,0.845213,0.360805,exponential_5,900,300,rastrigin,9,19.005791,34.036800,38.057636,9.679701,349.913435
3,1.925946,1.091897,exponential_5,900,300,rastrigin,9,2.985672,8.535060,8.996372,4.679207,267.966365
3,1.925946,2.284483,exponential_5,900,300,rastrigin,9,0.994957,2.425209,2.984871,5.159363,265.022815
3,0.845213,2.284483,exponential_5,900,300,rastrigin,9,4.978195,12.253733,12.946194,7.204276,351.551055
3,2.366266,0.521886,exponential_5,900,300,rastrigin,9,3.997883,18.074829,20.957441,7.771403,261.815195
3,0.845213,0.754882,exponential_5,900,300,rastrigin,9,10.567741,23.007290,25.655724,8.718781,356.250765
3,1.925946,6.913484,exponential_5,900,300,rastrigin,9,0.000000,1.243697,1.492435,7.414039,272.362625
3,0.845213,1.091897,exponential_5,900,300,rastrigin,9,10.109196,19.545050,23.065140,8.319931,356.624540
3,2.366266,0.360805,exponential_5,900,300,rastrigin,9,2.402462,16.902592,21.277365,11.391800,276.429405
3,0.845213,10.000000,exponential_5,900,300,rastrigin,9,0.000000,5.845336,1.989914,16.926483,351.884350
3,2.366266,1.579374,exponential_5,900,300,rastrigin,9,0.994957,3.295798,3.482357,2.330730,261.033925
3,0.845213,3.304387,exponential_5,900,300,rastrigin,9,0.994957,6.902722,8.457142,4.225874,343.995755
3,2.366266,1.091897,exponential_5,900,300,rastrigin,9,0.994957,4.912773,5.969753,3.635292,265.100650
3,0.845213,4.779626,exponential_5,900,300,rastrigin,9,0.994957,3.109245,2.984880,2.405964,354.937140
3,1.038450,6.913484,exponential_5,900,300,rastrigin,9,0.000000,1.119327,0.994957,10.177242,338.288630
3,1.038450,0.754882,exponential_5,900,300,rastrigin,9,10.742981,22.349688,25.204166,9.018458,351.887985
3,2.366266,2.284483,exponential_5,900,300,rastrigin,9,0.000000,2.238654,2.984871,1.528482,271.312545
3,1.038450,3.304387,exponential_5,900,300,rastrigin,9,1.989914,4.166387,4.477310,5.150729,354.630070
3,1.038450,0.360805,exponential_5,900,300,rastrigin,9,15.789165,26.168446,29.580000,8.043042,361.996710
3,2.366266,3.304387,exponential_5,900,300,rastrigin,9,0.000000,5.720964,1.989916,11.710293,272.607235
3,1.038450,1.579374,exponential_5,900,300,rastrigin,9,3.263294,11.327494,12.942358,5.863563,361.144755
3,2.366266,4.779626,exponential_5,900,300,rastrigin,9,0.000000,7.089018,0.994957,12.336869,272.876555
3,1.038450,0.521886,exponential_5,900,300,rastrigin,9,9.211361,24.701031,26.595497,9.916450,362.274630
3,2.907255,2.747511,exponential_5,900,300,rastrigin,9,0.000000,6.964649,1.989914,12.103670,267.611235
3,2.366266,10.000000,exponential_5,900,300,rastrigin,9,0.000000,15.115238,24.873741,14.953414,280.322925
3,2.907255,0.521886,exponential_5,900,300,rastrigin,9,8.088547,12.234799,13.439529,4.826941,270.807605
3,1.275867,6.913484,exponential_5,900,300,rastrigin,9,0.000000,1.119330,0.994957,9.596742,349.641305
3,1.275867,1.091897,exponential_5,900,300,rastrigin,9,7.714474,15.019089,16.664589,9.147381,368.482690
3,1.275867,2.284483,exponential_5,900,300,rastrigin,9,1.990047,5.534675,5.969799,3.071088,366.235275
3,1.275867,1.579374,exponential_5,900,300,rastrigin,9,3.980511,7.905561,8.960335,7.064212,364.130440
3,1.275867,3.304387,exponential_5,900,300,rastrigin,9,0.000000,3.295797,3.979830,9.189576,358.323300
3,1.275867,0.521886,exponential_5,900,300,rastrigin,9,8.049416,19.925964,21.126261,12.162488,379.654170
3,2.907255,3.974133,exponential_5,900,300,rastrigin,9,0.000000,11.943865,24.873720,14.858332,274.847335
3,2.907255,0.754882,exponential_5,900,300,rastrigin,9,3.983879,9.329263,10.944534,6.120352,260.862800
3,1.567562,2.284483,exponential_5,900,300,rastrigin,9,0.994965,4.228572,4.974787,2.514605,348.189615
3,1.275867,10.000000,exponential_5,900,300,rastrigin,9,0.000000,13.560641,24.873724,14.249988,369.824090
3,2.907255,5.748380,exponential_5,900,300,rastrigin,9,0.000000,9.016738,4.477310,12.848049,285.731270
3,1.925946,0.521886,exponential_5,900,300,rastrigin,9,9.255898,17.804483,21.044895,7.146547,351.708335
3,3.571927,0.300000,exponential_5,900,300,rastrigin,9,4.459267,17.665842,20.653460,8.391709,263.767780
3,1.567562,0.521886,exponential_5,900,300,rastrigin,9,11.388130,20.323826,23.428865,7.725164,374.655690
3,1.567562,1.579374,exponential_5,900,300,rastrigin,9,1.990208,7.835922,8.461349,4.476825,367.092345
3,3.571927,0.627664,exponential_5,900,300,rastrigin,9,2.036243,8.842863,9.949663,9.782515,263.607145
3,1.567562,0.360805,exponential_5,900,300,rastrigin,9,14.913925,27.091305,30.858437,8.626575,380.015965
3,3.571927,0.433935,exponential_5,900,300,rastrigin,9,7.962063,10.682051,10.989138,2.933231,272.483805
3,1.567562,4.779626,exponential_5,900,300,rastrigin,9,0.000000,1.616806,1.989914,9.643695,376.428550
3,2.907255,2.284483,exponential_5,900,300,rastrigin,9,0.000000,6.218447,2.984871,11.873370,270.970830
3,3.571927,0.907884,exponential_5,900,300,rastrigin,9,0.994957,5.347899,6.467224,3.438009,277.897915
3,1.925946,0.360805,exponential_5,900,300,rastrigin,9,6.790306,20.019396,23.838861,9.860072,373.575405
3,3.571927,1.899487,exponential_5,900,300,rastrigin,9,0.000000,1.492437,1.989916,9.714272,270.769200
3,3.571927,1.313208,exponential_5,900,300,rastrigin,9,0.994957,2.736135,2.984879,2.489381,272.377425
3,1.567562,10.000000,exponential_5,900,300,rastrigin,9,0.000000,7.275573,1.989914,14.580626,379.554900
3,1.925946,1.579374,exponential_5,900,300,rastrigin,9,1.989914,4.974838,5.969749,2.394123,356.876015
3,3.571927,2.747511,exponential_5,900,300,rastrigin,9,0.000000,14.862060,25.371208,12.052610,264.848475
3,1.925946,3.304387,exponential_5,900,300,rastrigin,9,0.000000,1.741176,1.989916,7.402183,369.608840
3,1.925946,4.779626,exponential_5,900,300,rastrigin,9,0.000000,5.845337,1.989920,14.830769,354.051935
3,1.925946,0.754882,exponential_5,900,300,rastrigin,9,2.011776,13.399014,15.442802,7.790069,370.683955
3,1.925946,10.000000,exponential_5,900,300,rastrigin,9,0.000000,9.949502,13.929295,12.167711,367.911430
3,4.388561,0.433935,exponential_5,900,300,rastrigin,9,4.981544,9.095018,8.959782,4.864509,262.240290
3,2.366266,0.754882,exponential_5,900,300,rastrigin,9,3.338242,10.576323,12.437698,6.245321,364.881505
3,4.388561,0.627664,exponential_5,900,300,rastrigin,9,1.989929,5.223609,6.467234,5.185178,270.716875
3,2.907255,8.314736,exponential_5,900,300,rastrigin,9,0.994957,4.663836,1.989914,11.250834,361.995550
3,3.571927,8.314736,exponential_5,900,300,rastrigin,9,0.000000,10.322609,13.929302,12.919682,289.571800
3,2.366266,6.913484,exponential_5,900,300,rastrigin,9,0.000000,8.892368,3.979828,12.575041,358.316065
3,4.388561,2.747511,exponential_5,900,300,rastrigin,9,0.000000,4.352911,1.989914,11.713314,280.551440
3,2.907255,0.360805,exponential_5,900,300,rastrigin,9,7.053478,16.440866,16.611467,8.685753,346.455235
3,5.391897,0.300000,exponential_5,900,300,rastrigin,9,3.002686,12.918816,14.434776,7.910228,263.380685
3,4.388561,3.974133,exponential_5,900,300,rastrigin,9,0.000000,14.675526,24.873747,16.207180,282.627175
3,5.391897,0.627664,exponential_5,900,300,rastrigin,9,0.994957,4.290764,4.974787,5.888512,260.982430
3,4.388561,8.314736,exponential_5,900,300,rastrigin,9,0.000000,8.519258,1.989916,14.431478,292.082435
3,2.907255,1.579374,exponential_5,900,300,rastrigin,9,0.000000,2.176470,2.984873,5.357042,326.782470
3,5.391897,1.313208,exponential_5,900,300,rastrigin,9,0.000000,1.119327,0.994957,9.813260,269.184790
3,2.907255,1.091897,exponential_5,900,300,rastrigin,9,2.984871,5.223534,5.969751,3.591158,334.871685
3,3.571927,5.748380,exponential_5,900,300,rastrigin,9,0.000000,11.815028,24.873722,15.128739,351.359215
3,6.624620,0.300000,exponential_5,900,300,rastrigin,9,2.998196,9.325617,11.940439,5.402707,265.590285
3,4.388561,1.899487,exponential_5,900,300,rastrigin,9,0.000000,4.166362,1.989914,11.351736,340.727980
3,3.571927,3.974133,exponential_5,900,300,rastrigin,9,0.000000,5.658783,1.989914,14.926208,365.834790
3,4.388561,0.300000,exponential_5,900,300,rastrigin,9,6.314415,15.015425,16.907341,8.543566,357.819340
3,4.388561,0.907884,exponential_5,900,300,rastrigin,9,0.994957,2.984874,2.984875,2.375429,353.554080
3,5.391897,5.748380,exponential_5,900,300,rastrigin,9,0.000000,7.399942,2.487392,14.932525,283.755060
3,5.391897,2.747511,exponential_5,900,300,rastrigin,9,0.000000,7.275573,2.984871,15.298806,287.628375
3,4.388561,1.313208,exponential_5,900,300,rastrigin,9,0.000000,5.285685,3.482353,11.935813,366.757720
3,6.624620,1.313208,exponential_5,900,300,rastrigin,9,0.000000,5.783150,2.487392,11.704510,281.445445
3,5.391897,0.433935,exponential_5,900,300,rastrigin,9,1.989960,8.086844,8.954708,6.682608,349.031965
3,6.624620,3.974133,exponential_5,900,300,rastrigin,9,0.000000,10.073874,13.431816,12.603489,294.203750
3,4.388561,5.748380,exponential_5,900,300,rastrigin,9,0.000000,1.430251,1.989914,9.706824,372.977850
3,6.624620,8.314736,exponential_5,900,300,rastrigin,9,0.000000,7.275573,1.989914,15.188162,287.783605
3,8.139176,0.433935,exponential_5,900,300,rastrigin,9,1.989914,3.979829,4.477308,2.394104,269.017490
3,2.907255,3.304387,exponential_5,900,300,rastrigin,9,0.000000,4.415096,1.492435,11.218132,270.208550
3,8.139176,0.627664,exponential_5,900,300,rastrigin,9,0.000000,2.611763,2.984871,1.661163,270.758885
3,8.139176,0.300000,exponential_5,900,300,rastrigin,9,1.990643,7.089661,8.954636,5.250441,285.372320
3,5.391897,0.907884,exponential_5,900,300,rastrigin,9,0.000000,1.989915,2.984871,5.096634,343.763860
3,8.139176,1.313208,exponential_5,900,300,rastrigin,9,0.000000,1.368066,1.492435,10.574297,273.352645
3,8.139176,2.747511,exponential_5,900,300,rastrigin,9,0.994957,7.462137,2.487392,12.559670,269.995360
3,8.139176,1.899487,exponential_5,900,300,rastrigin,9,0.000000,4.104173,1.989914,11.550091,273.084905
3,5.391897,1.899487,exponential_5,900,300,rastrigin,9,0.000000,4.415098,1.492435,11.573003,352.117220
3,10.000000,0.433935,exponential_5,900,300,rastrigin,9,0.994957,1.989915,1.989920,1.986800,251.407360
3,6.624620,0.627664,exponential_5,900,300,rastrigin,9,0.994957,3.544538,3.979834,1.661905,340.650085
3,6.624620,0.433935,exponential_5,900,300,rastrigin,9,1.989967,6.094131,6.964706,4.301382,347.831025
3,2.907255,4.779626,exponential_5,900,300,rastrigin,9,0.000000,5.596596,1.492435,12.201470,271.929165
3,5.391897,3.974133,exponential_5,900,300,rastrigin,9,0.000000,5.658780,1.492435,12.025739,365.049610
3,8.139176,3.974133,exponential_5,900,300,rastrigin,9,0.000000,2.922673,1.989914,10.475350,285.148130
3,6.624620,0.907884,exponential_5,900,300,rastrigin,9,0.000000,1.865546,1.989918,8.595805,353.186670
3,5.391897,8.314736,exponential_5,900,300,rastrigin,9,0.000000,9.078919,2.984873,12.278824,367.742190
3,10.000000,1.899487,exponential_5,900,300,rastrigin,9,0.000000,8.705816,2.487392,12.828708,243.902695
3,8.139176,5.748380,exponential_5,900,300,rastrigin,9,0.000000,13.680557,25.371199,12.440297,288.502480
3,10.000000,1.313208,exponential_5,900,300,rastrigin,9,0.000000,13.933750,25.868677,12.672644,255.826080
3,10.000000,0.907884,exponential_5,900,300,rastrigin,9,0.000000,8.643625,2.984871,12.465617,260.622665
3,6.624620,1.899487,exponential_5,900,300,rastrigin,9,0.000000,4.352914,1.989914,11.428550,350.187650
3,6.624620,2.747511,exponential_5,900,300,rastrigin,9,0.000000,8.643630,2.984873,14.427142,350.643635
3,8.139176,8.314736,exponential_5,900,300,rastrigin,9,0.000000,8.767997,4.477306,15.105815,294.327415
3,2.907255,6.913484,exponential_5,900,300,rastrigin,9,0.000000,7.275574,1.989914,12.300549,283.401810
3,3.571927,0.360805,exponential_5,900,300,rastrigin,9,6.149181,15.206486,14.602745,7.088707,272.101395
3,3.571927,0.521886,exponential_5,900,300,rastrigin,9,3.164158,11.177032,13.443060,7.270846,262.158295
3,10.000000,2.747511,exponential_5,900,300,rastrigin,9,0.000000,7.275575,1.989914,12.118928,261.449415
3,3.571927,0.754882,exponential_5,900,300,rastrigin,9,1.991829,5.722069,6.964708,3.581640,272.701590
3,10.000000,8.314736,exponential_5,900,300,rastrigin,9,0.994957,17.784719,24.873747,13.555631,251.613470
3,10.000000,5.748380,exponential_5,900,300,rastrigin,9,0.000000,8.705816,2.984875,12.005024,258.966720
3,6.624620,5.748380,exponential_5,900,300,rastrigin,9,0.000000,9.949494,13.431816,14.712177,363.572065
3,3.571927,1.091897,exponential_5,900,300,rastrigin,9,0.994957,3.357983,3.979828,2.131047,266.802055
3,3.571927,1.579374,exponential_5,900,300,rastrigin,9,0.000000,2.052100,2.487394,5.470188,264.636020
3,3.571927,2.284483,exponential_5,900,300,rastrigin,9,0.000000,1.368067,1.989914,10.171684,265.923010
3,8.139176,0.907884,exponential_5,900,300,rastrigin,9,0.000000,1.181511,1.492435,5.257954,351.362515
3,10.000000,3.974133,exponential_5,900,300,rastrigin,9,0.000000,10.322603,13.929295,14.258958,287.173890
3,3.571927,3.304387,exponential_5,900,300,rastrigin,9,0.000000,6.902473,1.492435,12.504468,267.779235
3,10.000000,0.300000,exponential_5,900,300,rastrigin,9,0.994957,5.410456,6.467228,3.519362,349.849370
3,4.388561,0.521886,exponential_5,900,300,rastrigin,9,2.985931,8.771297,10.944977,4.473423,256.524985
3,4.388561,0.754882,exponential_5,900,300,rastrigin,9,1.989914,4.788237,5.472271,3.885430,247.053895
3,10.000000,0.627664,exponential_5,900,300,rastrigin,9,0.000000,1.927730,2.487392,8.479857,341.375610
3,3.571927,10.000000,exponential_5,900,300,rastrigin,9,0.000000,9.016773,2.984873,15.076674,252.697600
3,5.391897,0.360805,exponential_5,900,300,rastrigin,9,3.980152,9.838263,10.975548,6.687798,239.544455
3,4.388561,3.304387,exponential_5,900,300,rastrigin,9,0.000000,5.907541,2.487394,14.418535,249.795625
3,4.388561,4.779626,exponential_5,900,300,rastrigin,9,0.000000,8.643629,2.984871,14.764848,244.352150
3,5.391897,0.754882,exponential_5,900,300,rastrigin,9,0.000000,2.549581,2.984877,2.364984,227.590205
3,6.624620,0.360805,exponential_5,900,300,rastrigin,9,2.984879,7.214331,8.954859,4.109566,215.101995
3,4.388561,10.000000,exponential_5,900,300,rastrigin,9,0.000000,8.705811,2.487394,12.357925,234.606030
3,5.391897,1.579374,exponential_5,900,300,rastrigin,9,0.000000,1.678990,1.989914,9.948860,225.957735
3,5.391897,6.913484,exponential_5,900,300,rastrigin,9,0.000000,7.275576,1.989914,12.319427,213.850245
3,5.391897,3.304387,exponential_5,900,300,rastrigin,9,0.000000,5.720982,1.989918,11.845166,213.232845
3,6.624620,1.579374,exponential_5,900,300,rastrigin,9,0.000000,4.788206,2.487392,11.281081,195.008050
3,8.139176,0.521886,exponential_5,900,300,rastrigin,9,0.994957,3.482352,3.979834,5.979165,172.153290
3,8.139176,0.754882,exponential_5,900,300,rastrigin,9,0.000000,1.119327,0.994957,5.657011,175.283210
3,6.624620,4.779626,exponential_5,900,300,rastrigin,9,0.000000,10.384792,13.929298,13.214148,179.511270
3,6.624620,10.000000,exponential_5,900,300,rastrigin,9,0.000000,10.198235,13.929295,12.166888,182.044310
3,2.907255,10.000000,exponential_5,900,300,rastrigin,9,0.000000,7.337758,2.487392,15.435837,315.928400
3,8.139176,10.000000,exponential_5,900,300,rastrigin,9,0.000000,10.446974,13.929296,12.369825,142.543405
3,8.139176,0.360805,exponential_5,900,300,rastrigin,9,1.990456,5.658956,6.964706,3.176042,197.381000
3,10.000000,4.779626,exponential_5,900,300,rastrigin,9,0.000000,11.690659,24.873718,12.776318,121.640435
3,10.000000,3.304387,exponential_5,900,300,rastrigin,9,0.000000,2.673934,1.989914,10.844552,156.048375
3,6.624620,0.521886,exponential_5,900,300,rastrigin,9,0.994957,3.544537,4.477310,2.208605,188.675760
3,10.000000,0.521886,exponential_5,900,300,rastrigin,9,0.994957,1.989915,1.989914,7.479342,195.822080
3,8.139176,1.579374,exponential_5,900,300,rastrigin,9,0.000000,8.394887,2.487392,12.115930,205.849880
3,8.139176,3.304387,exponential_5,900,300,rastrigin,9,0.000000,5.596596,1.989914,11.557160,206.190180
3,8.139176,2.284483,exponential_5,900,300,rastrigin,9,0.000000,8.892368,2.984875,12.399808,207.188910
3,10.000000,2.284483,exponential_5,900,300,rastrigin,9,0.000000,10.198256,13.929295,12.966406,184.433025
3,4.388561,1.579374,exponential_5,900,300,rastrigin,9,0.000000,1.678990,1.989914,6.176709,254.760280
3,5.391897,4.779626,exponential_5,900,300,rastrigin,9,0.000000,10.571353,14.924252,14.626793,193.351465
3,8.139176,4.779626,exponential_5,900,300,rastrigin,9,0.000000,9.949495,13.431816,12.397347,194.674405
3,8.139176,1.091897,exponential_5,900,300,rastrigin,9,0.000000,5.845335,2.487394,12.336085,142.754915
3,5.391897,2.284483,exponential_5,900,300,rastrigin,9,0.994957,13.556190,24.873726,11.964809,211.745145
3,10.000000,1.579374,exponential_5,900,300,rastrigin,9,0.000000,7.151203,1.989914,12.309072,187.238710
3,10.000000,1.091897,exponential_5,900,300,rastrigin,9,0.000000,3.047044,1.989914,10.548806,187.229805
3,4.388561,1.091897,exponential_5,900,300,rastrigin,9,0.994957,2.114284,1.989914,7.919964,284.210215
3,4.388561,6.913484,exponential_5,900,300,rastrigin,9,0.000000,9.078919,2.487392,14.678840,237.747905
3,4.388561,0.360805,exponential_5,900,300,rastrigin,9,4.053974,13.165157,14.964916,5.586638,290.102800
3,8.139176,6.913484,exponential_5,900,300,rastrigin,9,0.000000,7.586497,2.984871,11.903681,199.343355
3,3.571927,6.913484,exponential_5,900,300,rastrigin,9,0.000000,13.431824,24.873718,13.922549,304.375790
3,4.388561,2.284483,exponential_5,900,300,rastrigin,9,0.994957,6.218444,2.487392,14.275055,296.365645
3,5.391897,1.091897,exponential_5,900,300,rastrigin,9,0.000000,1.678991,1.989918,7.923179,237.625485
3,10.000000,10.000000,exponential_5,900,300,rastrigin,9,0.000000,13.556190,24.873720,14.182166,176.113840
3,3.571927,4.779626,exponential_5,900,300,rastrigin,9,0.000000,7.586500,2.487398,12.004375,300.092505
3,10.000000,6.913484,exponential_5,900,300,rastrigin,9,0.994957,13.680562,24.873720,11.655370,178.672915
3,5.391897,0.521886,exponential_5,900,300,rastrigin,9,0.994965,6.218513,7.959675,3.895334,259.143730
3,6.624620,0.754882,exponential_5,900,300,rastrigin,9,0.000000,2.611766,2.984875,1.818352,229.890130
3,6.624620,2.284483,exponential_5,900,300,rastrigin,9,0.000000,10.198235,13.929295,14.719253,210.658980
3,6.624620,1.091897,exponential_5,900,300,rastrigin,9,0.000000,3.482337,2.487396,11.068396,222.092295
3,5.391897,10.000000,exponential_5,900,300,rastrigin,9,0.000000,13.556192,25.371204,14.514451,226.538935
3,6.624620,3.304387,exponential_5,900,300,rastrigin,9,0.000000,11.752854,24.873718,12.387324,216.587160
3,6.624620,6.913484,exponential_5,900,300,rastrigin,9,0.994957,10.073869,13.431816,12.460900,198.245130
3,10.000000,0.754882,exponential_5,900,300,rastrigin,9,0.000000,1.741175,1.989914,10.744097,153.795185
3,10.000000,0.360805,exponential_5,900,300,rastrigin,9,0.994957,2.922864,3.482353,7.897758,164.483070
