n_leaders,a_factor,c_factor,convergence,population_size,num_iterations,objective,dimensionality,best_value,average_value_top_80,median_value,stddev_value,average_time_ms
3,0.500000,3.316448,linear,150,50,rosenbrock,3,0.036868,0.792581,0.647168,2.365726,0.623055
3,0.585390,0.585390,linear,150,50,rosenbrock,3,0.120751,2.751702,3.347824,15.979003,0.635405
3,0.500000,5.322296,linear,150,50,rosenbrock,3,0.032710,0.381468,0.400546,1.855532,0.652690
3,0.500000,2.066557,linear,150,50,rosenbrock,3,0.000062,0.638962,0.549757,3.179421,0.701375
3,0.585390,1.507637,linear,150,50,rosenbrock,3,0.005293,1.303002,1.096637,2.974147,0.667260
3,0.939444,3.882831,linear,150,50,rosenbrock,3,0.000358,0.329443,0.307629,1.074563,0.826190
3,2.419483,1.507637,linear,150,50,rosenbrock,3,0.002693,0.934518,0.591685,2.393272,0.856830
3,0.500000,0.500000,linear,150,50,rosenbrock,3,0.002693,2.906723,2.422760,4.671978,0.983355
3,0.500000,0.802409,linear,150,50,rosenbrock,3,0.018620,0.670834,0.696664,24.601601,1.017180
3,0.685363,4.545940,linear,150,50,rosenbrock,3,0.002347,0.459153,0.376032,3.425090,0.768720
3,0.585390,2.419483,linear,150,50,rosenbrock,3,0.098434,0.901296,0.750107,1.922778,0.972915
3,0.585390,3.882831,linear,150,50,rosenbrock,3,0.009317,0.553138,0.376045,3.061162,1.244740
3,0.802409,3.316448,linear,150,50,rosenbrock,3,0.009522,0.233622,0.276715,2.665642,0.703115
3,0.685363,7.295407,linear,150,50,rosenbrock,3,0.000830,0.140351,0.179802,2.050286,1.274710
3,0.585390,0.939444,linear,150,50,rosenbrock,3,0.002138,1.094805,1.289666,1.622231,0.784095
3,0.802409,2.066557,linear,150,50,rosenbrock,3,0.010487,0.700194,0.716220,2.475371,0.736005
3,0.939444,2.419483,linear,150,50,rosenbrock,3,0.022801,1.240135,0.801250,3.195676,0.722205
3,0.802409,5.322296,linear,150,50,rosenbrock,3,0.008206,0.224141,0.188078,2.682935,0.958675
3,0.500000,8.541316,linear,150,50,rosenbrock,3,0.000032,0.167502,0.219868,3.607596,1.644590
3,0.585390,6.231237,linear,150,50,rosenbrock,3,0.036372,1.319578,0.384460,3.015403,1.665915
3,0.585390,10.000000,linear,150,50,rosenbrock,3,0.000204,0.186420,0.204231,1.393574,1.651990
3,0.802409,0.500000,linear,150,50,rosenbrock,3,0.000048,1.591191,1.493181,3.200982,1.414800
3,0.685363,2.832683,linear,150,50,rosenbrock,3,0.023079,0.542675,0.435396,2.902685,1.592990
3,0.685363,0.685363,linear,150,50,rosenbrock,3,0.011637,3.207513,3.023386,46.755615,1.718175
3,0.685363,1.765111,linear,150,50,rosenbrock,3,0.000018,1.345187,0.948418,2.495332,1.678615
3,0.685363,1.099883,linear,150,50,rosenbrock,3,0.005251,2.714111,3.846890,3.373876,1.695005
3,0.939444,0.939444,linear,150,50,rosenbrock,3,0.071882,1.827463,1.905889,2.976506,1.260940
3,1.099883,1.099883,linear,150,50,rosenbrock,3,0.000117,0.822379,0.595120,1.541087,0.933640
3,0.802409,1.287720,linear,150,50,rosenbrock,3,0.000557,0.842207,0.935514,1.616831,1.375265
3,1.287720,0.500000,linear,150,50,rosenbrock,3,0.036331,2.122134,1.741631,17.622868,0.665105
3,0.802409,0.802409,linear,150,50,rosenbrock,3,0.012774,0.872943,0.844006,2.006239,1.544445
3,0.939444,0.585390,linear,150,50,rosenbrock,3,0.001570,1.396303,1.641555,2.554994,1.358770
3,0.802409,8.541316,linear,150,50,rosenbrock,3,0.001086,0.174834,0.249493,0.742542,1.367520
3,1.099883,4.545940,linear,150,50,rosenbrock,3,0.013742,1.066859,0.525212,2.521156,0.784890
3,0.939444,6.231237,linear,150,50,rosenbrock,3,0.000244,0.226350,0.272051,1.544583,1.233070
3,0.939444,1.507637,linear,150,50,rosenbrock,3,0.000017,0.719368,0.673801,3.070578,1.457215
3,1.287720,1.287720,linear,150,50,rosenbrock,3,0.020196,0.747299,0.716954,2.459513,0.779480
3,1.287720,3.316448,linear,150,50,rosenbrock,3,0.000000,0.315165,0.322226,0.790137,0.757430
3,0.939444,10.000000,linear,150,50,rosenbrock,3,0.006676,0.505334,0.367696,1.986971,1.236630
3,1.099883,7.295407,linear,150,50,rosenbrock,3,0.000011,0.468742,0.207038,2.352134,0.928770
3,1.099883,0.685363,linear,150,50,rosenbrock,3,0.048194,0.902484,0.852389,2.896422,1.294070
3,1.099883,1.765111,linear,150,50,rosenbrock,3,0.038135,0.482889,0.598057,1.379377,1.201430
3,1.287720,5.322296,linear,150,50,rosenbrock,3,0.017516,0.503568,0.252844,1.967904,0.814030
3,1.099883,2.832683,linear,150,50,rosenbrock,3,0.000377,0.210749,0.281811,2.879865,1.179820
3,1.287720,2.066557,linear,150,50,rosenbrock,3,0.018715,1.224587,0.736016,3.405846,1.064955
3,1.507637,0.939444,linear,150,50,rosenbrock,3,0.007176,1.077188,0.924734,1.869902,0.749075
3,1.287720,0.802409,linear,150,50,rosenbrock,3,0.136727,1.767072,2.155671,1.958200,1.143950
3,1.507637,0.585390,linear,150,50,rosenbrock,3,0.028355,1.558693,1.310362,3.249458,0.904395
3,1.507637,1.507637,linear,150,50,rosenbrock,3,0.012374,0.955957,0.480188,2.443371,0.813000
3,1.765111,0.685363,linear,150,50,rosenbrock,3,0.011076,0.649878,0.610435,2.543299,0.667760
3,1.287720,8.541316,linear,150,50,rosenbrock,3,0.000035,0.298687,0.359100,1.515747,1.230655
3,1.765111,7.295407,linear,150,50,rosenbrock,3,0.000269,0.365320,0.322537,2.006948,0.693565
3,1.765111,1.099883,linear,150,50,rosenbrock,3,0.096667,1.097349,0.721075,2.914622,0.805435
3,2.066557,0.500000,linear,150,50,rosenbrock,3,0.002707,0.994519,0.792067,1.672017,0.734545
3,2.066557,1.287720,linear,150,50,rosenbrock,3,0.012070,0.317006,0.357769,1.265690,0.709745
3,1.765111,2.832683,linear,150,50,rosenbrock,3,0.008028,0.107922,0.141115,2.375994,0.944170
3,2.066557,0.802409,linear,150,50,rosenbrock,3,0.004038,1.151495,0.921385,2.245846,0.836825
3,1.507637,3.882831,linear,150,50,rosenbrock,3,0.009211,0.160618,0.208196,1.720629,1.159745
3,1.765111,4.545940,linear,150,50,rosenbrock,3,0.008125,0.147320,0.231773,1.090126,0.986320
3,1.507637,2.419483,linear,150,50,rosenbrock,3,0.029816,0.208297,0.249280,3.394968,1.234500
3,1.507637,6.231237,linear,150,50,rosenbrock,3,0.010039,0.292618,0.307670,1.488699,1.187390
3,1.507637,10.000000,linear,150,50,rosenbrock,3,0.081613,2.172538,2.550375,2.496502,1.190885
3,1.765111,1.765111,linear,150,50,rosenbrock,3,0.001697,0.418847,0.449497,2.564608,1.129825
3,2.066557,3.316448,linear,150,50,rosenbrock,3,0.002546,0.119462,0.169235,0.563262,1.028920
3,0.939444,4.545940,linear,150,50,rosenbrock,3,0.047835,0.256283,0.309507,0.808770,0.752540
3,2.066557,8.541316,linear,150,50,rosenbrock,3,0.003897,0.426928,0.338448,2.020391,1.078455
3,0.500000,3.882831,linear,150,50,rosenbrock,3,0.017885,0.682118,0.545865,3.006768,0.966320
3,2.066557,5.322296,linear,150,50,rosenbrock,3,0.005173,0.490565,0.356745,2.776943,1.098735
3,2.066557,2.066557,linear,150,50,rosenbrock,3,0.002846,0.249841,0.308539,1.810403,1.159135
3,2.419483,0.585390,linear,150,50,rosenbrock,3,0.002649,0.987321,0.836798,2.698616,1.195455
3,0.685363,5.322296,linear,150,50,rosenbrock,3,0.079442,0.242461,0.266349,2.115210,0.727565
3,0.500000,0.585390,linear,150,50,rosenbrock,3,0.000357,2.441118,3.274576,17.715742,0.782920
3,0.802409,2.419483,linear,150,50,rosenbrock,3,0.003582,0.515821,0.551469,1.912764,0.663425
3,0.802409,3.882831,linear,150,50,rosenbrock,3,0.032876,1.033232,0.431602,3.869457,0.811980
3,0.802409,6.231237,linear,150,50,rosenbrock,3,0.001668,0.099072,0.109167,0.851698,0.747600
3,2.419483,1.765111,linear,150,50,rosenbrock,3,0.007359,0.670616,0.315319,2.786340,0.979090
3,0.939444,2.832683,linear,150,50,rosenbrock,3,0.006534,0.736906,0.418734,3.854524,0.791665
3,2.419483,0.939444,linear,150,50,rosenbrock,3,0.000403,0.715073,0.478892,2.964480,1.621625
3,0.685363,8.541316,linear,150,50,rosenbrock,3,0.000118,0.126205,0.172054,1.809031,1.126975
3,0.500000,0.939444,linear,150,50,rosenbrock,3,0.008073,2.690719,3.773193,2.925901,1.157375
3,0.500000,6.231237,linear,150,50,rosenbrock,3,0.002479,0.273756,0.339414,2.720743,1.435025
3,0.500000,2.419483,linear,150,50,rosenbrock,3,0.000026,1.291597,0.896338,2.234562,1.432565
3,0.585390,2.832683,linear,150,50,rosenbrock,3,0.008532,0.519970,0.663635,4.010396,1.200635
3,0.500000,1.287720,linear,150,50,rosenbrock,3,0.002424,1.266104,1.057162,3.148242,1.756500
3,0.685363,0.802409,linear,150,50,rosenbrock,3,0.000000,1.452512,1.580116,2.775941,0.850600
3,1.099883,1.287720,linear,150,50,rosenbrock,3,0.001141,0.653939,0.553031,2.183036,0.688890
3,0.500000,10.000000,linear,150,50,rosenbrock,3,0.000274,0.075207,0.090044,1.071999,1.256525
3,0.585390,0.685363,linear,150,50,rosenbrock,3,0.026128,1.900818,1.262906,47.254200,2.021560
3,1.287720,0.585390,linear,150,50,rosenbrock,3,0.039848,1.385721,1.379655,3.186355,0.798390
3,0.585390,1.099883,linear,150,50,rosenbrock,3,0.058709,1.408650,1.628333,1.847127,1.679930
3,0.585390,4.545940,linear,150,50,rosenbrock,3,0.074584,0.468417,0.475214,1.933130,1.788585
3,0.585390,7.295407,linear,150,50,rosenbrock,3,0.000114,0.177791,0.128362,2.828403,1.454260
3,0.585390,1.765111,linear,150,50,rosenbrock,3,0.000048,1.373601,1.646045,2.582671,2.108095
3,1.099883,5.322296,linear,150,50,rosenbrock,3,0.000000,0.129128,0.151697,2.730278,0.790720
3,0.685363,0.500000,linear,150,50,rosenbrock,3,0.288339,3.709722,3.531967,111.565697,1.532520
3,1.287720,6.231237,linear,150,50,rosenbrock,3,0.000856,0.471208,0.299331,3.268947,0.732460
3,1.287720,1.507637,linear,150,50,rosenbrock,3,0.031124,0.431311,0.512238,1.158915,0.816025
3,1.287720,3.882831,linear,150,50,rosenbrock,3,0.001268,0.296924,0.282095,1.857522,0.829620
3,1.099883,8.541316,linear,150,50,rosenbrock,3,0.000288,0.373214,0.228474,1.888185,0.842340
3,0.685363,3.316448,linear,150,50,rosenbrock,3,0.043237,0.851454,0.480737,2.960727,1.554510
3,0.802409,0.585390,linear,150,50,rosenbrock,3,0.002447,1.462748,1.409063,2.615614,1.618550
3,0.939444,1.099883,linear,150,50,rosenbrock,3,0.000006,1.548137,1.139054,2.434916,1.358695
3,1.287720,2.419483,linear,150,50,rosenbrock,3,0.017112,0.417206,0.446970,2.915462,0.767330
3,0.685363,2.066557,linear,150,50,rosenbrock,3,0.000515,1.276267,1.153351,2.395581,1.628205
3,0.802409,1.507637,linear,150,50,rosenbrock,3,0.026750,0.914833,0.834092,1.958747,1.369375
3,0.802409,0.939444,linear,150,50,rosenbrock,3,0.048357,1.715769,2.082437,2.791235,1.247695
3,1.507637,1.099883,linear,150,50,rosenbrock,3,0.032070,1.770211,1.654056,2.886102,0.792410
3,0.685363,1.287720,linear,150,50,rosenbrock,3,0.022878,0.795110,0.607906,2.531497,1.599380
3,0.939444,7.295407,linear,150,50,rosenbrock,3,0.000999,0.466295,0.306597,1.677544,1.262170
3,0.939444,0.685363,linear,150,50,rosenbrock,3,0.228124,2.154976,2.179465,3.089691,1.414155
3,1.507637,1.765111,linear,150,50,rosenbrock,3,0.019428,0.260102,0.275989,1.126158,0.891005
3,1.099883,0.802409,linear,150,50,rosenbrock,3,0.212971,1.848383,1.444190,3.550719,1.467505
3,1.765111,8.541316,linear,150,50,rosenbrock,3,0.001461,0.407283,0.384663,1.934888,0.740710
3,0.802409,10.000000,linear,150,50,rosenbrock,3,0.014756,0.219178,0.217197,1.571267,1.646445
3,1.765111,0.802409,linear,150,50,rosenbrock,3,0.001742,0.424970,0.669250,2.595060,0.951785
3,2.066557,1.507637,linear,150,50,rosenbrock,3,0.024623,0.443598,0.368033,2.718152,0.819620
3,1.765111,1.287720,linear,150,50,rosenbrock,3,0.000609,0.304653,0.438083,1.332292,0.843310
3,1.099883,0.500000,linear,150,50,rosenbrock,3,0.008946,0.919928,0.882428,1.991459,1.673330
3,1.099883,2.066557,linear,150,50,rosenbrock,3,0.003585,0.863897,0.455311,2.341363,1.703450
3,1.099883,3.316448,linear,150,50,rosenbrock,3,0.042999,0.436829,0.299579,1.281091,1.663695
3,2.066557,0.585390,linear,150,50,rosenbrock,3,0.017907,1.176186,0.873000,3.452076,0.988455
3,1.765111,3.316448,linear,150,50,rosenbrock,3,0.000724,0.190038,0.188303,1.143015,0.909090
3,2.066557,0.939444,linear,150,50,rosenbrock,3,0.019316,1.327734,1.206272,2.838135,0.916170
3,1.287720,0.939444,linear,150,50,rosenbrock,3,0.020651,0.684811,0.860775,2.412950,1.471145
3,1.507637,0.685363,linear,150,50,rosenbrock,3,0.114053,1.220635,1.280827,1.628604,1.503780
3,1.765111,2.066557,linear,150,50,rosenbrock,3,0.004328,0.239261,0.231583,2.477105,0.754750
3,0.939444,1.765111,linear,150,50,rosenbrock,3,0.000005,0.377345,0.389099,2.400324,2.035210
3,1.765111,5.322296,linear,150,50,rosenbrock,3,0.002857,0.601982,0.277410,2.012692,0.928360
3,1.765111,0.500000,linear,150,50,rosenbrock,3,0.003301,1.065711,1.088684,2.357547,0.844270
3,1.507637,2.832683,linear,150,50,rosenbrock,3,0.001110,0.644898,0.322815,1.712388,0.982165
3,1.507637,7.295407,linear,150,50,rosenbrock,3,0.013981,0.413076,0.354862,1.760593,1.169200
3,1.287720,10.000000,linear,150,50,rosenbrock,3,0.000162,0.387743,0.293528,3.028128,1.581160
3,1.507637,4.545940,linear,150,50,rosenbrock,3,0.004672,0.100186,0.118922,0.210418,1.373325
3,0.939444,5.322296,linear,150,50,rosenbrock,3,0.038844,0.554784,0.339548,3.473519,0.931375
3,0.685363,6.231237,linear,150,50,rosenbrock,3,0.000570,0.400759,0.283277,2.516922,0.896675
3,0.802409,4.545940,linear,150,50,rosenbrock,3,0.006665,0.209649,0.236857,1.410023,0.798635
3,0.802409,7.295407,linear,150,50,rosenbrock,3,0.009130,0.305987,0.277667,1.541990,0.762880
3,2.066557,2.419483,linear,150,50,rosenbrock,3,0.001848,0.398224,0.292439,1.992317,1.046675
3,0.802409,2.832683,linear,150,50,rosenbrock,3,0.000000,0.486034,0.414328,3.042670,0.971770
3,2.066557,3.882831,linear,150,50,rosenbrock,3,0.000244,0.134480,0.189579,1.531332,1.185090
3,0.500000,4.545940,linear,150,50,rosenbrock,3,0.000004,0.842732,0.612600,3.590827,1.092845
3,2.066557,10.000000,linear,150,50,rosenbrock,3,0.057528,0.387097,0.492579,1.749816,1.133515
3,0.939444,3.316448,linear,150,50,rosenbrock,3,0.001569,0.650922,0.391902,2.758699,0.764175
3,0.685363,0.939444,linear,150,50,rosenbrock,3,0.000552,1.468884,1.766384,2.999998,0.647355
3,2.419483,0.685363,linear,150,50,rosenbrock,3,0.154103,0.721177,0.701680,2.682950,1.256290
3,2.419483,2.066557,linear,150,50,rosenbrock,3,0.000118,0.255174,0.302237,1.720322,0.948025
3,2.419483,1.099883,linear,150,50,rosenbrock,3,0.007560,0.408211,0.446186,3.015345,0.933380
3,1.099883,1.507637,linear,150,50,rosenbrock,3,0.000620,1.415983,0.988822,3.135438,0.747460
3,2.066557,6.231237,linear,150,50,rosenbrock,3,0.027332,0.710437,0.460445,2.231915,1.407775
3,0.500000,0.685363,linear,150,50,rosenbrock,3,0.007943,1.014049,0.826896,4.378004,1.390245
3,0.500000,1.507637,linear,150,50,rosenbrock,3,0.053884,2.361982,3.204935,2.759427,0.961290
3,0.500000,7.295407,linear,150,50,rosenbrock,3,0.000353,0.249889,0.234920,1.664883,1.073870
3,0.500000,2.832683,linear,150,50,rosenbrock,3,0.002775,0.524499,0.673020,1.049691,1.106820
3,1.287720,0.685363,linear,150,50,rosenbrock,3,0.123958,1.713793,2.401054,2.637349,0.784200
3,0.685363,10.000000,linear,150,50,rosenbrock,3,0.061523,0.196298,0.221089,0.686105,1.165300
3,0.500000,1.099883,linear,150,50,rosenbrock,3,0.001137,1.545186,2.072731,1.968093,1.219320
3,0.585390,0.500000,linear,150,50,rosenbrock,3,0.003168,3.000956,3.632656,89.238792,1.016450
3,0.585390,3.316448,linear,150,50,rosenbrock,3,0.026361,1.193535,1.315772,3.003313,1.295115
3,0.585390,0.802409,linear,150,50,rosenbrock,3,0.704119,3.286159,3.996263,8.031559,1.042455
3,0.585390,1.287720,linear,150,50,rosenbrock,3,0.009965,1.074653,1.012985,2.650777,0.979885
3,0.585390,2.066557,linear,150,50,rosenbrock,3,0.000551,0.380873,0.405260,1.705329,0.840740
3,1.099883,6.231237,linear,150,50,rosenbrock,3,0.008871,0.223656,0.271657,1.482846,0.832485
3,1.287720,1.765111,linear,150,50,rosenbrock,3,0.003421,1.054687,0.480217,3.753680,0.682440
3,0.685363,0.585390,linear,150,50,rosenbrock,3,0.018423,2.549432,2.452089,17.403114,0.872735
3,1.287720,7.295407,linear,150,50,rosenbrock,3,0.003765,0.229301,0.278723,0.725091,0.821685
3,1.099883,10.000000,linear,150,50,rosenbrock,3,0.010130,0.139922,0.197006,2.887439,0.733670
3,0.585390,5.322296,linear,150,50,rosenbrock,3,0.000733,0.288611,0.356483,1.857717,1.151880
3,0.585390,8.541316,linear,150,50,rosenbrock,3,0.000995,0.401246,0.254128,0.984129,1.119900
3,1.287720,4.545940,linear,150,50,rosenbrock,3,0.039059,0.667038,0.271543,2.617912,0.851110
3,1.287720,2.832683,linear,150,50,rosenbrock,3,0.025663,0.334992,0.308667,1.200690,0.695110
3,0.802409,0.685363,linear,150,50,rosenbrock,3,0.013742,1.642982,1.831007,2.049093,0.923265
3,0.685363,3.882831,linear,150,50,rosenbrock,3,0.000908,0.831743,0.567809,3.008527,1.018825
3,0.685363,2.419483,linear,150,50,rosenbrock,3,0.003029,0.405478,0.479717,1.678468,0.868660
3,0.802409,1.099883,linear,150,50,rosenbrock,3,0.035924,1.331191,1.297726,2.505664,0.878170
3,1.507637,1.287720,linear,150,50,rosenbrock,3,0.000020,0.298041,0.301733,1.281786,0.875760
3,0.802409,1.765111,linear,150,50,rosenbrock,3,0.101245,0.771924,0.737439,2.545976,0.913420
3,0.939444,8.541316,linear,150,50,rosenbrock,3,0.004810,0.156031,0.203885,1.279463,0.875715
3,0.685363,1.507637,linear,150,50,rosenbrock,3,0.001426,0.980455,1.046565,2.441257,0.976255
3,1.765111,10.000000,linear,150,50,rosenbrock,3,0.003574,1.087199,0.552383,2.439893,0.849430
3,1.507637,2.066557,linear,150,50,rosenbrock,3,0.003758,0.323603,0.307594,2.419547,0.922295
3,2.066557,1.765111,linear,150,50,rosenbrock,3,0.000887,0.930788,0.328011,2.005398,0.803945
3,1.765111,0.939444,linear,150,50,rosenbrock,3,0.001675,0.316947,0.343542,2.606512,0.889330
3,0.939444,1.287720,linear,150,50,rosenbrock,3,0.007957,1.093989,0.787491,3.035435,1.457610
3,1.765111,1.507637,linear,150,50,rosenbrock,3,0.014394,0.235589,0.298071,0.354580,0.873260
3,1.765111,3.882831,linear,150,50,rosenbrock,3,0.001755,0.135962,0.189686,2.215329,0.810465
3,0.939444,0.802409,linear,150,50,rosenbrock,3,0.086730,2.352581,2.238242,3.889405,1.270525
3,2.066557,0.685363,linear,150,50,rosenbrock,3,0.015645,1.403284,0.927407,2.824291,0.855335
3,2.066557,1.099883,linear,150,50,rosenbrock,3,0.035015,0.318019,0.421239,2.913842,0.897480
3,1.099883,3.882831,linear,150,50,rosenbrock,3,0.004937,0.271649,0.243440,1.262935,0.936500
3,1.765111,2.419483,linear,150,50,rosenbrock,3,0.006254,0.183138,0.235259,0.224784,0.720405
3,1.099883,0.939444,linear,150,50,rosenbrock,3,0.015946,0.999744,0.942748,2.679948,1.326220
3,1.765111,6.231237,linear,150,50,rosenbrock,3,0.055963,0.216922,0.275225,1.515194,0.790005
3,1.765111,0.585390,linear,150,50,rosenbrock,3,0.095027,1.236543,1.074254,2.787808,0.791105
3,1.507637,3.316448,linear,150,50,rosenbrock,3,0.000000,0.126183,0.142026,1.867664,0.859580
3,1.507637,8.541316,linear,150,50,rosenbrock,3,0.005651,0.513757,0.400997,1.991071,0.913300
3,1.099883,0.585390,linear,150,50,rosenbrock,3,0.000953,1.004167,1.002760,2.615070,1.311005
3,2.419483,2.419483,linear,150,50,rosenbrock,3,0.001890,0.096516,0.107457,1.551607,0.748075
3,0.939444,2.066557,linear,150,50,rosenbrock,3,0.040764,0.508476,0.457965,2.677292,1.140810
3,0.939444,0.500000,linear,150,50,rosenbrock,3,0.034039,2.448527,3.083166,2.337205,1.658720
3,1.099883,2.419483,linear,150,50,rosenbrock,3,0.000012,0.935504,0.421450,3.383386,1.416235
3,2.419483,6.231237,linear,150,50,rosenbrock,3,0.001263,0.269681,0.283786,1.500929,0.730885
3,1.507637,0.802409,linear,150,50,rosenbrock,3,0.033943,1.320891,0.969499,3.296746,1.289715
3,2.419483,3.882831,linear,150,50,rosenbrock,3,0.032124,0.217315,0.257263,1.558244,0.894925
3,2.419483,10.000000,linear,150,50,rosenbrock,3,0.000021,0.433631,0.464655,1.776291,0.747160
3,2.832683,0.685363,linear,150,50,rosenbrock,3,0.015891,0.583074,0.656855,1.577419,0.738745
3,2.832683,1.765111,linear,150,50,rosenbrock,3,0.004192,0.231159,0.284633,2.149826,0.884660
3,2.832683,2.832683,linear,150,50,rosenbrock,3,0.000965,0.365061,0.234428,1.607352,0.843835
3,1.507637,0.500000,linear,150,50,rosenbrock,3,0.001797,1.117546,0.996015,3.340377,1.401895
3,1.507637,5.322296,linear,150,50,rosenbrock,3,0.000025,0.255973,0.238594,2.457195,1.381430
3,2.419483,0.500000,linear,150,50,rosenbrock,3,0.002385,1.441755,1.027136,3.453824,1.016050
3,1.287720,1.099883,linear,150,50,rosenbrock,3,0.005532,0.737500,0.704312,2.511023,1.719690
3,2.066557,2.832683,linear,150,50,rosenbrock,3,0.001850,0.169056,0.213204,0.804335,1.154265
3,2.419483,0.802409,linear,150,50,rosenbrock,3,0.000055,0.511838,0.532270,2.878236,1.036720
3,2.419483,1.287720,linear,150,50,rosenbrock,3,0.000511,0.279141,0.259242,1.552297,0.972470
3,2.832683,4.545940,linear,150,50,rosenbrock,3,0.019496,0.294306,0.370326,1.817907,1.193705
3,2.066557,4.545940,linear,150,50,rosenbrock,3,0.001841,0.349720,0.341191,1.376466,1.279895
3,3.316448,2.066557,linear,150,50,rosenbrock,3,0.014430,0.563840,0.170484,2.310907,0.711095
3,2.832683,1.099883,linear,150,50,rosenbrock,3,0.036310,0.223650,0.305005,1.600479,1.313830
3,3.316448,0.802409,linear,150,50,rosenbrock,3,0.005837,0.300876,0.395556,1.315822,0.816610
3,2.832683,0.802409,linear,150,50,rosenbrock,3,0.000838,0.706224,0.472969,2.766378,0.675665
3,3.316448,0.500000,linear,150,50,rosenbrock,3,0.019137,0.822965,0.542150,2.623017,0.972090
3,3.316448,1.287720,linear,150,50,rosenbrock,3,0.002005,0.253203,0.248766,1.122849,0.972885
3,3.882831,3.882831,linear,150,50,rosenbrock,3,0.000331,0.647574,0.518033,2.982287,0.809190
3,2.832683,7.295407,linear,150,50,rosenbrock,3,0.000072,0.357365,0.478973,1.574953,1.327050
3,3.882831,6.231237,linear,150,50,rosenbrock,3,0.018057,1.165022,0.470167,2.523147,0.830610
3,0.500000,1.765111,linear,150,50,rosenbrock,3,0.002018,0.938142,0.938858,2.817341,1.251950
3,4.545940,0.685363,linear,150,50,rosenbrock,3,0.000004,0.543555,0.430560,2.252916,0.730095
3,3.882831,10.000000,linear,150,50,rosenbrock,3,0.125063,1.491298,0.801035,4.345150,0.852495
3,3.316448,8.541316,linear,150,50,rosenbrock,3,0.001889,0.612440,0.450284,2.122106,1.201280
3,3.316448,5.322296,linear,150,50,rosenbrock,3,0.054071,0.912539,0.492993,3.673956,1.230520
3,2.066557,7.295407,linear,150,50,rosenbrock,3,0.000044,0.335196,0.376241,1.607937,1.540115
3,3.882831,0.939444,linear,150,50,rosenbrock,3,0.040052,0.361882,0.300726,2.560406,1.342600
3,4.545940,1.099883,linear,150,50,rosenbrock,3,0.000196,0.147576,0.198496,3.235095,0.857220
3,3.316448,3.316448,linear,150,50,rosenbrock,3,0.011290,0.795688,0.600268,2.797420,1.403430
3,3.882831,0.585390,linear,150,50,rosenbrock,3,0.001195,0.437503,0.477914,2.523488,1.416775
3,3.882831,1.507637,linear,150,50,rosenbrock,3,0.031892,0.257991,0.233204,3.227699,1.462055
3,4.545940,1.765111,linear,150,50,rosenbrock,3,0.000281,0.242548,0.251728,0.912981,0.927355
3,2.832683,1.287720,linear,150,50,rosenbrock,3,0.039625,0.235125,0.267837,2.232271,0.791045
3,4.545940,7.295407,linear,150,50,rosenbrock,3,0.008759,0.718662,0.610188,2.120859,0.872500
3,4.545940,2.832683,linear,150,50,rosenbrock,3,0.009061,0.248248,0.270527,2.326068,1.075330
3,5.322296,0.500000,linear,150,50,rosenbrock,3,0.003351,0.854665,0.515157,2.737182,0.964265
3,5.322296,3.316448,linear,150,50,rosenbrock,3,0.003823,0.582403,0.474133,2.029143,0.767130
3,5.322296,2.066557,linear,150,50,rosenbrock,3,0.040258,0.308269,0.346997,1.396470,0.843860
3,5.322296,1.287720,linear,150,50,rosenbrock,3,0.000050,0.172743,0.217555,2.770457,0.931075
3,5.322296,0.802409,linear,150,50,rosenbrock,3,0.000214,0.184446,0.231163,1.485197,1.020090
3,5.322296,5.322296,linear,150,50,rosenbrock,3,0.043113,1.088120,0.819113,2.132148,0.858825
3,6.231237,0.585390,linear,150,50,rosenbrock,3,0.000155,0.290005,0.238544,2.363241,0.809260
3,6.231237,1.507637,linear,150,50,rosenbrock,3,0.000098,1.022533,0.477943,2.567833,0.824550
3,6.231237,2.419483,linear,150,50,rosenbrock,3,0.001951,0.248409,0.322296,1.206917,0.794115
3,5.322296,8.541316,linear,150,50,rosenbrock,3,0.003665,1.395262,1.189733,3.615534,0.859045
3,6.231237,0.939444,linear,150,50,rosenbrock,3,0.000040,0.441213,0.292391,2.062595,0.933520
3,7.295407,0.685363,linear,150,50,rosenbrock,3,0.001124,0.203740,0.272142,1.218830,0.748955
3,6.231237,10.000000,linear,150,50,rosenbrock,3,0.028292,2.121432,1.534041,4.190012,0.765755
3,6.231237,3.882831,linear,150,50,rosenbrock,3,0.113738,0.649872,0.643607,2.852347,0.981425
3,6.231237,6.231237,linear,150,50,rosenbrock,3,0.006492,1.712112,1.071569,3.657861,0.917505
3,7.295407,2.832683,linear,150,50,rosenbrock,3,0.000778,1.858050,1.346456,3.029878,0.747900
3,7.295407,1.099883,linear,150,50,rosenbrock,3,0.000080,0.072529,0.088774,1.643317,0.847335
3,7.295407,1.765111,linear,150,50,rosenbrock,3,0.006996,0.279822,0.327694,0.716267,0.860505
3,7.295407,7.295407,linear,150,50,rosenbrock,3,0.017330,2.312037,2.460662,3.198353,0.892900
3,8.541316,1.287720,linear,150,50,rosenbrock,3,0.002280,0.207272,0.287003,1.410113,0.792485
3,8.541316,0.802409,linear,150,50,rosenbrock,3,0.000102,0.134715,0.179966,1.059003,0.811900
3,2.419483,2.832683,linear,150,50,rosenbrock,3,0.000309,0.296721,0.199977,1.261006,0.735595
3,8.541316,2.066557,linear,150,50,rosenbrock,3,0.001015,0.307710,0.432160,1.116611,0.839865
3,8.541316,3.316448,linear,150,50,rosenbrock,3,0.085354,1.112398,0.685323,3.885274,0.823070
3,2.419483,7.295407,linear,150,50,rosenbrock,3,0.000413,0.334569,0.453775,1.949436,0.827835
3,2.419483,4.545940,linear,150,50,rosenbrock,3,0.011089,0.212964,0.260623,1.541251,0.722905
3,2.832683,0.500000,linear,150,50,rosenbrock,3,0.154716,1.917413,1.870338,3.135595,0.639235
3,10.000000,0.585390,linear,150,50,rosenbrock,3,0.013226,0.775632,0.236726,2.455502,0.905590
3,8.541316,0.500000,linear,150,50,rosenbrock,3,0.005706,0.261472,0.296703,2.990663,1.095520
3,7.295407,4.545940,linear,150,50,rosenbrock,3,0.040038,1.584805,0.974890,3.148004,1.318955
3,2.832683,2.066557,linear,150,50,rosenbrock,3,0.004737,0.260369,0.235514,1.988043,0.736595
3,8.541316,5.322296,linear,150,50,rosenbrock,3,0.446491,1.422375,1.272822,1.851337,1.090315
3,8.541316,8.541316,linear,150,50,rosenbrock,3,0.161135,3.915565,4.462723,4.727741,1.093535
3,3.882831,2.419483,linear,150,50,rosenbrock,3,0.003549,0.376756,0.320707,1.761274,0.847610
3,10.000000,2.419483,linear,150,50,rosenbrock,3,0.000026,0.588783,0.558915,1.964755,0.949820
3,2.832683,3.316448,linear,150,50,rosenbrock,3,0.001250,0.174679,0.224873,1.188128,0.807750
3,10.000000,0.939444,linear,150,50,rosenbrock,3,0.018768,0.348235,0.321936,1.423745,1.311155
3,10.000000,1.507637,linear,150,50,rosenbrock,3,0.007769,0.543688,0.448692,1.988981,1.203705
3,10.000000,6.231237,linear,150,50,rosenbrock,3,0.229188,1.215914,1.136722,2.930778,0.930405
3,10.000000,10.000000,linear,150,50,rosenbrock,3,0.806614,4.378886,5.687939,7.208336,0.767735
3,10.000000,3.882831,linear,150,50,rosenbrock,3,0.064994,0.850848,0.738402,2.958831,1.102710
3,0.500000,1.099883,quadratic,150,50,rosenbrock,3,0.006072,1.397488,1.386230,2.075991,0.888515
3,0.500000,1.765111,quadratic,150,50,rosenbrock,3,0.002985,1.816713,2.862457,1.712234,0.837570
3,0.500000,0.685363,quadratic,150,50,rosenbrock,3,0.051290,1.296869,1.801602,2.497199,0.990395
3,0.500000,2.832683,quadratic,150,50,rosenbrock,3,0.039873,1.279113,0.762766,2.754403,0.865870
3,0.500000,4.545940,quadratic,150,50,rosenbrock,3,0.086065,0.380326,0.329199,1.849707,0.830505
3,2.832683,5.322296,linear,150,50,rosenbrock,3,0.033048,1.706254,1.850556,3.027295,0.861305
3,0.500000,7.295407,quadratic,150,50,rosenbrock,3,0.002770,0.129027,0.169881,2.326015,0.807730
3,3.316448,0.585390,linear,150,50,rosenbrock,3,0.010556,1.901169,1.665235,3.444060,0.656900
3,2.832683,0.939444,linear,150,50,rosenbrock,3,0.000327,0.523295,0.358897,3.531267,0.714885
3,3.882831,4.545940,linear,150,50,rosenbrock,3,0.000692,0.539991,0.460672,1.826696,0.675520
3,3.882831,7.295407,linear,150,50,rosenbrock,3,0.003888,0.681359,0.819120,2.935766,0.721720
3,4.545940,0.802409,linear,150,50,rosenbrock,3,0.028661,0.536784,0.294951,1.897511,0.673030
3,4.545940,4.545940,linear,150,50,rosenbrock,3,0.002650,0.803805,0.280081,2.291034,1.069505
3,2.832683,8.541316,linear,150,50,rosenbrock,3,0.218169,2.107236,2.177780,3.612902,0.793110
3,3.316448,2.419483,linear,150,50,rosenbrock,3,0.001842,0.341488,0.199082,2.036333,1.423040
3,4.545940,1.287720,linear,150,50,rosenbrock,3,0.001462,0.729377,0.358572,2.465137,0.754310
3,0.585390,0.802409,quadratic,150,50,rosenbrock,3,0.069431,1.733471,1.709728,2.737026,0.800365
3,4.545940,8.541316,linear,150,50,rosenbrock,3,0.002500,2.391513,3.310511,3.869039,0.782505
3,0.500000,3.316448,quadratic,150,50,rosenbrock,3,0.026320,1.457035,1.488217,3.169122,0.903760
3,6.231237,1.765111,linear,150,50,rosenbrock,3,0.000136,0.168384,0.179206,1.551793,0.768740
3,6.231237,2.832683,linear,150,50,rosenbrock,3,0.001456,2.027849,1.639432,3.170050,0.789195
3,0.500000,5.322296,quadratic,150,50,rosenbrock,3,0.001118,0.476440,0.265490,2.620727,0.991580
3,2.832683,6.231237,linear,150,50,rosenbrock,3,0.000036,0.457331,0.440936,1.817644,0.921405
3,5.322296,3.882831,linear,150,50,rosenbrock,3,0.000102,0.316085,0.309119,1.854014,0.914155
3,3.316448,0.939444,linear,150,50,rosenbrock,3,0.004617,0.637671,0.442008,2.788407,1.704520
3,7.295407,0.802409,linear,150,50,rosenbrock,3,0.004769,0.127997,0.135434,1.595762,0.778990
3,3.316448,1.507637,linear,150,50,rosenbrock,3,0.004111,0.189904,0.182240,1.372683,1.668820
3,4.545940,0.500000,linear,150,50,rosenbrock,3,0.022192,1.449544,1.305130,2.793821,1.501225
3,6.231237,1.099883,linear,150,50,rosenbrock,3,0.000208,0.246824,0.193213,3.000817,0.981070
3,7.295407,0.500000,linear,150,50,rosenbrock,3,0.000642,0.198956,0.226766,1.431891,0.910335
3,7.295407,3.316448,linear,150,50,rosenbrock,3,0.001949,0.617551,0.487680,1.880492,0.737915
3,0.585390,0.500000,quadratic,150,50,rosenbrock,3,0.188358,2.986280,3.775901,82.887566,1.810775
3,6.231237,4.545940,linear,150,50,rosenbrock,3,0.010251,2.625809,4.201275,2.974425,1.062455
3,6.231237,7.295407,linear,150,50,rosenbrock,3,0.040594,2.337307,2.373454,4.204388,0.899115
3,7.295407,1.287720,linear,150,50,rosenbrock,3,0.000280,0.243014,0.265166,2.341989,0.802270
3,7.295407,2.066557,linear,150,50,rosenbrock,3,0.000612,0.539841,0.452290,3.541097,0.852185
3,3.316448,6.231237,linear,150,50,rosenbrock,3,0.001467,0.654083,0.427336,2.156043,1.837345
3,2.419483,3.316448,linear,150,50,rosenbrock,3,0.000242,0.234369,0.261437,2.868855,0.808530
3,3.316448,3.882831,linear,150,50,rosenbrock,3,0.001020,0.312153,0.258741,1.678357,1.984715
3,2.419483,8.541316,linear,150,50,rosenbrock,3,0.000021,0.989697,0.609478,2.192483,0.735025
3,8.541316,3.882831,linear,150,50,rosenbrock,3,0.003837,0.891861,0.564918,3.076235,0.805260
3,8.541316,1.507637,linear,150,50,rosenbrock,3,0.029299,0.705817,0.469491,3.163226,0.996255
3,3.882831,1.099883,linear,150,50,rosenbrock,3,0.001860,0.526922,0.280316,3.343572,2.158000
3,7.295407,8.541316,linear,150,50,rosenbrock,3,0.035260,2.060974,1.872869,4.494160,1.185710
3,2.419483,5.322296,linear,150,50,rosenbrock,3,0.007185,0.328070,0.369712,2.830287,0.733680
3,3.882831,1.765111,linear,150,50,rosenbrock,3,0.018406,0.234707,0.203241,3.154271,2.252415
3,2.832683,0.585390,linear,150,50,rosenbrock,3,0.012392,1.998212,3.588399,3.177958,0.786665
3,3.316448,10.000000,linear,150,50,rosenbrock,3,0.012598,1.431309,0.819885,3.704334,2.382500
3,8.541316,0.939444,linear,150,50,rosenbrock,3,0.001375,0.376142,0.299261,1.524865,1.304495
3,3.882831,0.685363,linear,150,50,rosenbrock,3,0.026076,0.625500,0.491623,2.191578,2.382385
3,5.322296,0.585390,linear,150,50,rosenbrock,3,0.004851,0.304989,0.279152,2.165794,2.294260
3,8.541316,2.419483,linear,150,50,rosenbrock,3,0.005241,0.956372,0.600836,2.274834,1.359435
3,6.231237,0.685363,linear,150,50,rosenbrock,3,0.000002,0.386220,0.249302,2.365550,2.315180
3,5.322296,6.231237,linear,150,50,rosenbrock,3,0.000420,2.538395,4.372693,3.075259,2.368415
3,5.322296,10.000000,linear,150,50,rosenbrock,3,0.050075,2.036417,2.143915,3.281175,2.237770
3,5.322296,1.507637,linear,150,50,rosenbrock,3,0.017827,0.456464,0.223447,3.487297,2.426970
3,5.322296,2.419483,linear,150,50,rosenbrock,3,0.027540,0.251406,0.259206,1.935523,2.520515
3,2.832683,2.419483,linear,150,50,rosenbrock,3,0.012131,0.094435,0.127457,1.324418,0.897795
3,5.322296,0.939444,linear,150,50,rosenbrock,3,0.000884,0.116762,0.148838,0.366046,2.588745
3,0.585390,5.322296,quadratic,150,50,rosenbrock,3,0.000368,0.803331,0.378681,2.568770,0.864470
3,0.585390,1.287720,quadratic,150,50,rosenbrock,3,0.049533,1.632763,1.106023,3.056414,0.987160
3,3.882831,5.322296,linear,150,50,rosenbrock,3,0.013643,1.013748,0.663149,2.189932,0.894130
3,3.882831,2.832683,linear,150,50,rosenbrock,3,0.000000,1.537603,0.387196,2.482424,1.191625
3,3.316448,0.685363,linear,150,50,rosenbrock,3,0.048159,0.395953,0.486733,1.821681,1.075005
3,2.832683,1.507637,linear,150,50,rosenbrock,3,0.000478,0.260177,0.272122,1.769183,1.085135
3,8.541316,4.545940,linear,150,50,rosenbrock,3,0.072540,2.125655,1.063617,3.628609,1.115655
3,8.541316,1.765111,linear,150,50,rosenbrock,3,0.011667,0.582174,0.340461,3.867872,1.132490
3,2.832683,3.882831,linear,150,50,rosenbrock,3,0.043723,0.346687,0.378059,0.693328,1.270900
3,4.545940,0.939444,linear,150,50,rosenbrock,3,0.023016,0.457210,0.235989,2.966469,0.998375
3,4.545940,2.066557,linear,150,50,rosenbrock,3,0.000198,0.233575,0.194949,1.747274,1.158535
3,4.545940,3.316448,linear,150,50,rosenbrock,3,0.000054,0.621012,0.294199,4.210231,1.217715
3,3.882831,8.541316,linear,150,50,rosenbrock,3,0.000373,2.457490,4.208989,3.047929,1.085490
3,10.000000,2.832683,linear,150,50,rosenbrock,3,0.000003,0.992926,0.847864,3.635059,1.397720
3,4.545940,5.322296,linear,150,50,rosenbrock,3,0.000022,0.238507,0.272372,1.894820,0.940280
3,10.000000,7.295407,linear,150,50,rosenbrock,3,0.050892,2.188170,2.484101,2.588318,1.527685
3,10.000000,1.099883,linear,150,50,rosenbrock,3,0.000159,0.590574,0.367843,2.912775,1.549155
3,10.000000,1.765111,linear,150,50,rosenbrock,3,0.000699,0.517418,0.396301,3.049943,1.712360
3,2.832683,10.000000,linear,150,50,rosenbrock,3,0.004169,1.570567,0.885237,2.236658,0.879325
3,10.000000,0.685363,linear,150,50,rosenbrock,3,0.000010,0.150706,0.180240,0.688743,2.003890
3,8.541316,6.231237,linear,150,50,rosenbrock,3,0.029141,1.569383,1.197564,3.235127,1.886755
3,8.541316,0.585390,linear,150,50,rosenbrock,3,0.001949,0.149833,0.202003,0.273416,2.095130
3,7.295407,5.322296,linear,150,50,rosenbrock,3,0.030030,0.656055,0.698859,3.206973,2.122590
3,3.316448,2.832683,linear,150,50,rosenbrock,3,0.000819,0.410120,0.331255,1.719040,0.883735
3,4.545940,1.507637,linear,150,50,rosenbrock,3,0.006540,0.179140,0.207983,1.519825,0.856710
3,0.500000,0.500000,quadratic,150,50,rosenbrock,3,0.008169,2.432921,3.590800,5.486939,2.010795
3,6.231237,2.066557,linear,150,50,rosenbrock,3,0.002713,1.673549,1.015049,2.330976,0.860250
3,5.322296,4.545940,linear,150,50,rosenbrock,3,0.022772,2.123305,2.843292,2.850610,0.834335
3,10.000000,4.545940,linear,150,50,rosenbrock,3,0.003825,0.927795,0.810644,2.823280,2.076620
3,0.500000,2.066557,quadratic,150,50,rosenbrock,3,0.000136,0.486416,0.616122,1.006298,2.073470
3,7.295407,0.939444,linear,150,50,rosenbrock,3,0.000021,0.306601,0.264681,2.710448,0.837870
3,4.545940,10.000000,linear,150,50,rosenbrock,3,0.000848,1.903183,1.299589,4.123344,0.983870
3,6.231237,1.287720,linear,150,50,rosenbrock,3,0.000375,0.149614,0.203328,2.053786,0.829660
3,8.541316,10.000000,linear,150,50,rosenbrock,3,0.289004,3.270929,3.352597,4.432879,2.443190
3,3.316448,1.099883,linear,150,50,rosenbrock,3,0.000158,0.265748,0.291013,1.724126,1.073220
3,7.295407,0.585390,linear,150,50,rosenbrock,3,0.007786,0.182233,0.235108,1.937709,0.950425
3,7.295407,3.882831,linear,150,50,rosenbrock,3,0.002830,0.499336,0.479742,1.995746,0.893845
3,6.231237,5.322296,linear,150,50,rosenbrock,3,0.011298,1.008865,0.844301,2.025544,0.649465
3,6.231237,3.316448,linear,150,50,rosenbrock,3,0.001412,0.754972,0.451568,2.045441,1.408175
3,3.316448,1.765111,linear,150,50,rosenbrock,3,0.006059,0.663478,0.259215,1.846421,1.411125
3,7.295407,2.419483,linear,150,50,rosenbrock,3,0.009134,0.480785,0.497136,2.687052,0.780220
3,0.585390,8.541316,quadratic,150,50,rosenbrock,3,0.000134,0.109945,0.156945,1.028029,0.720650
3,0.500000,3.882831,quadratic,150,50,rosenbrock,3,0.002959,1.106754,0.648415,2.505265,1.690310
3,0.685363,0.585390,quadratic,150,50,rosenbrock,3,0.063706,1.483877,1.590919,2.766064,0.722850
3,0.585390,0.939444,quadratic,150,50,rosenbrock,3,0.000628,1.119605,1.385683,2.729092,1.854800
3,7.295407,10.000000,linear,150,50,rosenbrock,3,0.155739,4.261403,4.791180,4.987372,0.916640
3,0.500000,6.231237,quadratic,150,50,rosenbrock,3,0.000030,0.934493,0.173846,3.282661,1.849850
3,4.545940,0.585390,linear,150,50,rosenbrock,3,0.005816,0.668560,0.344508,2.270580,1.710220
3,0.500000,0.802409,quadratic,150,50,rosenbrock,3,0.013262,1.632117,2.170384,1.961204,1.040230
3,0.585390,2.066557,quadratic,150,50,rosenbrock,3,0.026156,1.652513,1.283390,2.485047,1.941380
3,8.541316,1.099883,linear,150,50,rosenbrock,3,0.000478,0.376884,0.362290,1.395152,0.923690
3,3.882831,2.066557,linear,150,50,rosenbrock,3,0.018135,0.245656,0.263451,1.483939,1.165790
3,8.541316,2.832683,linear,150,50,rosenbrock,3,0.029480,1.347772,0.957426,3.864896,0.928980
3,0.685363,0.939444,quadratic,150,50,rosenbrock,3,0.000055,0.727276,0.760142,1.158916,0.873485
3,10.000000,5.322296,linear,150,50,rosenbrock,3,0.017044,1.405114,1.275261,3.566015,1.386370
3,6.231237,8.541316,linear,150,50,rosenbrock,3,0.011895,2.329536,2.678916,4.528448,1.441240
3,0.500000,1.287720,quadratic,150,50,rosenbrock,3,0.011874,0.942633,1.189337,2.576204,1.452295
3,0.500000,8.541316,quadratic,150,50,rosenbrock,3,0.005386,0.099490,0.106309,2.037736,1.525340
3,3.316448,4.545940,linear,150,50,rosenbrock,3,0.051257,0.827187,0.493242,2.556601,1.562590
3,0.585390,0.585390,quadratic,150,50,rosenbrock,3,0.020708,1.467788,1.200896,27.211016,1.988760
3,0.585390,1.507637,quadratic,150,50,rosenbrock,3,0.052834,1.204611,1.115185,2.980467,0.835035
3,0.585390,6.231237,quadratic,150,50,rosenbrock,3,0.001204,0.345116,0.202975,2.918988,0.894190
3,6.231237,0.500000,linear,150,50,rosenbrock,3,0.035954,0.696348,0.317051,4.009733,1.284360
3,0.685363,1.507637,quadratic,150,50,rosenbrock,3,0.000104,0.753644,0.793039,2.567415,0.804470
3,6.231237,0.802409,linear,150,50,rosenbrock,3,0.004809,1.062195,0.222821,2.205026,1.341390
3,0.685363,2.419483,quadratic,150,50,rosenbrock,3,0.000509,0.414910,0.501048,2.392211,0.786425
3,7.295407,1.507637,linear,150,50,rosenbrock,3,0.070188,0.336256,0.323978,1.987102,1.931855
3,0.685363,10.000000,quadratic,150,50,rosenbrock,3,0.002686,0.302160,0.323678,2.589202,0.684160
3,0.685363,6.231237,quadratic,150,50,rosenbrock,3,0.032838,0.153410,0.142109,2.373190,0.762465
3,0.802409,1.765111,quadratic,150,50,rosenbrock,3,0.012926,0.971712,0.927337,2.986986,0.703610
3,3.882831,1.287720,linear,150,50,rosenbrock,3,0.002390,0.239578,0.220102,1.110626,2.246275
3,4.545940,6.231237,linear,150,50,rosenbrock,3,0.000778,1.839313,1.577515,3.125642,0.763985
3,3.882831,0.500000,linear,150,50,rosenbrock,3,0.003202,0.928825,0.461973,2.416988,2.121230
3,3.316448,7.295407,linear,150,50,rosenbrock,3,0.006194,0.418656,0.457928,1.722855,2.367570
3,3.882831,0.802409,linear,150,50,rosenbrock,3,0.000011,0.217336,0.321681,1.565958,2.071690
3,0.802409,2.832683,quadratic,150,50,rosenbrock,3,0.127486,0.383836,0.396031,1.340328,0.746915
3,5.322296,2.832683,linear,150,50,rosenbrock,3,0.115884,0.331407,0.396235,1.982734,2.008165
3,0.802409,4.545940,quadratic,150,50,rosenbrock,3,0.000473,0.382439,0.197741,2.987399,0.770845
3,0.802409,7.295407,quadratic,150,50,rosenbrock,3,0.011948,0.175472,0.212480,0.796037,0.787700
3,5.322296,1.765111,linear,150,50,rosenbrock,3,0.000087,0.655489,0.256858,1.888712,2.170950
3,5.322296,7.295407,linear,150,50,rosenbrock,3,0.069130,1.600008,1.152453,4.041461,2.208705
3,0.802409,1.099883,quadratic,150,50,rosenbrock,3,0.000655,1.770897,2.085410,3.423531,1.289275
3,5.322296,0.685363,linear,150,50,rosenbrock,3,0.004180,0.369864,0.303505,1.300753,2.393375
3,0.939444,0.500000,quadratic,150,50,rosenbrock,3,0.039641,1.276338,1.566862,150.465759,0.775130
3,5.322296,1.099883,linear,150,50,rosenbrock,3,0.000132,0.132587,0.183130,1.932773,2.192665
3,0.939444,0.802409,quadratic,150,50,rosenbrock,3,0.000006,0.721775,0.987345,2.591473,0.824890
3,0.585390,3.316448,quadratic,150,50,rosenbrock,3,0.005952,1.028239,0.805586,1.890429,0.781170
3,3.882831,3.316448,linear,150,50,rosenbrock,3,0.001046,0.244346,0.294822,1.917277,1.825480
3,0.802409,0.685363,quadratic,150,50,rosenbrock,3,0.000991,1.073493,1.109685,2.037564,1.664235
3,0.685363,3.882831,quadratic,150,50,rosenbrock,3,0.000367,0.452657,0.200927,1.555115,1.863235
3,4.545940,3.882831,linear,150,50,rosenbrock,3,0.067516,0.351840,0.399756,2.781795,1.660145
3,0.939444,1.287720,quadratic,150,50,rosenbrock,3,0.019117,2.014910,2.238559,3.921739,0.772340
3,4.545940,2.419483,linear,150,50,rosenbrock,3,0.001842,0.296416,0.324235,1.786265,1.715475
3,0.939444,2.066557,quadratic,150,50,rosenbrock,3,0.007088,0.657882,0.436556,2.449608,0.830300
3,0.939444,3.316448,quadratic,150,50,rosenbrock,3,0.005179,0.191868,0.239141,2.605414,0.780970
3,10.000000,3.316448,linear,150,50,rosenbrock,3,0.003779,1.192234,0.457650,3.186295,1.755255
3,10.000000,1.287720,linear,150,50,rosenbrock,3,0.008933,0.284973,0.306930,2.844286,1.759215
3,10.000000,0.802409,linear,150,50,rosenbrock,3,0.005038,0.159550,0.195449,1.647751,1.677915
3,1.099883,0.585390,quadratic,150,50,rosenbrock,3,0.005687,1.517998,1.278282,3.608541,0.843380
3,10.000000,8.541316,linear,150,50,rosenbrock,3,0.341536,2.562219,2.971087,2.435416,1.825190
3,0.939444,8.541316,quadratic,150,50,rosenbrock,3,0.001553,0.170034,0.176034,1.822608,0.857795
3,0.939444,5.322296,quadratic,150,50,rosenbrock,3,0.016341,0.159668,0.128359,2.679430,0.896345
3,1.099883,0.939444,quadratic,150,50,rosenbrock,3,0.002287,0.728714,0.443260,3.709474,0.809925
3,1.099883,1.507637,quadratic,150,50,rosenbrock,3,0.054811,0.824904,0.485899,2.726120,0.818705
3,7.295407,6.231237,linear,150,50,rosenbrock,3,0.114267,3.116402,5.279684,3.701324,1.954345
3,8.541316,7.295407,linear,150,50,rosenbrock,3,0.178572,2.013371,1.509739,2.688084,1.980420
3,8.541316,0.685363,linear,150,50,rosenbrock,3,0.009951,0.174843,0.187074,3.131532,1.976805
3,10.000000,2.066557,linear,150,50,rosenbrock,3,0.000203,0.232531,0.288468,1.804073,2.069805
3,1.099883,3.882831,quadratic,150,50,rosenbrock,3,0.010671,0.550738,0.403292,2.184218,0.726040
3,0.500000,2.419483,quadratic,150,50,rosenbrock,3,0.025673,1.473492,1.922925,2.620169,1.479425
3,0.585390,10.000000,quadratic,150,50,rosenbrock,3,0.004891,0.178413,0.199387,2.391161,0.706200
3,0.500000,0.585390,quadratic,150,50,rosenbrock,3,0.177720,2.535136,2.920352,36.929806,1.935655
3,1.099883,2.419483,quadratic,150,50,rosenbrock,3,0.000119,0.481365,0.172927,2.720438,1.025970
3,1.099883,10.000000,quadratic,150,50,rosenbrock,3,0.006253,0.345852,0.445011,1.772622,0.811745
3,10.000000,0.500000,linear,150,50,rosenbrock,3,0.000022,0.182773,0.252260,1.366711,1.501275
3,1.287720,4.545940,quadratic,150,50,rosenbrock,3,0.051214,0.182908,0.165925,1.498849,0.677430
3,0.685363,1.099883,quadratic,150,50,rosenbrock,3,0.010846,1.186836,1.208261,2.485081,0.662370
3,1.287720,2.832683,quadratic,150,50,rosenbrock,3,0.002516,0.126772,0.138945,1.431945,0.793160
3,1.287720,1.765111,quadratic,150,50,rosenbrock,3,0.000436,0.194620,0.261568,2.126655,0.882235
3,0.685363,0.685363,quadratic,150,50,rosenbrock,3,0.043915,2.137488,2.959481,2.479359,1.291650
3,0.685363,1.765111,quadratic,150,50,rosenbrock,3,0.022568,0.422575,0.597224,0.821232,0.676530
3,1.287720,1.099883,quadratic,150,50,rosenbrock,3,0.010335,0.450809,0.583692,3.331920,1.319770
3,0.585390,1.765111,quadratic,150,50,rosenbrock,3,0.000292,0.822071,0.880420,3.087010,0.810130
3,0.585390,7.295407,quadratic,150,50,rosenbrock,3,0.000326,0.209098,0.193620,1.409936,0.893645
3,1.507637,0.802409,quadratic,150,50,rosenbrock,3,0.006823,1.103699,0.897783,2.047015,1.065260
3,0.585390,0.685363,quadratic,150,50,rosenbrock,3,0.188329,3.042211,3.788336,97.666611,1.009015
3,0.585390,2.419483,quadratic,150,50,rosenbrock,3,0.021410,1.570963,0.758778,3.701549,1.519135
3,0.802409,2.066557,quadratic,150,50,rosenbrock,3,0.006912,0.587899,0.489566,2.559732,0.685420
3,1.099883,6.231237,quadratic,150,50,rosenbrock,3,0.000265,0.178203,0.156209,1.271171,1.725885
3,0.500000,0.939444,quadratic,150,50,rosenbrock,3,0.352365,2.647362,3.576999,2.388576,1.625005
3,0.685363,2.832683,quadratic,150,50,rosenbrock,3,0.006975,0.234431,0.314859,1.064544,0.937960
3,0.802409,0.500000,quadratic,150,50,rosenbrock,3,0.144914,1.821195,2.213051,1.384900,0.789180
3,1.507637,1.287720,quadratic,150,50,rosenbrock,3,0.000732,0.681502,0.625118,1.858221,1.072750
3,1.507637,2.066557,quadratic,150,50,rosenbrock,3,0.000018,0.289040,0.216692,1.617373,0.975330
3,0.685363,7.295407,quadratic,150,50,rosenbrock,3,0.006013,0.219509,0.162519,2.028429,0.857570
3,1.287720,0.685363,quadratic,150,50,rosenbrock,3,0.027029,1.524556,0.999427,3.907176,1.759120
3,1.507637,0.500000,quadratic,150,50,rosenbrock,3,0.016706,0.942456,0.833435,1.699608,1.521700
3,0.500000,1.507637,quadratic,150,50,rosenbrock,3,0.004398,0.738176,0.869231,2.152027,1.543745
3,1.507637,8.541316,quadratic,150,50,rosenbrock,3,0.001390,0.400694,0.466363,1.118761,0.694985
3,0.585390,1.099883,quadratic,150,50,rosenbrock,3,0.040501,1.502899,1.931656,2.198487,1.897045
3,0.500000,10.000000,quadratic,150,50,rosenbrock,3,0.001468,0.156904,0.176392,1.649352,1.549410
3,1.287720,7.295407,quadratic,150,50,rosenbrock,3,0.000003,0.231316,0.306527,1.692122,1.620975
3,1.507637,5.322296,quadratic,150,50,rosenbrock,3,0.008776,0.491876,0.540652,2.259499,0.949000
3,1.507637,3.316448,quadratic,150,50,rosenbrock,3,0.000478,0.078699,0.108557,0.474169,1.242030
3,0.802409,3.316448,quadratic,150,50,rosenbrock,3,0.021823,0.294385,0.262312,2.390769,0.705610
3,1.765111,0.939444,quadratic,150,50,rosenbrock,3,0.036351,0.733868,0.618942,2.667611,0.849520
3,1.765111,0.585390,quadratic,150,50,rosenbrock,3,0.079537,1.159960,0.754782,2.853075,0.985200
3,0.802409,8.541316,quadratic,150,50,rosenbrock,3,0.008724,0.483748,0.281347,2.138891,0.718560
3,0.802409,5.322296,quadratic,150,50,rosenbrock,3,0.009159,0.100132,0.134645,2.645114,0.764385
3,1.765111,2.419483,quadratic,150,50,rosenbrock,3,0.001957,0.111307,0.150936,0.396182,0.893330
3,0.802409,1.287720,quadratic,150,50,rosenbrock,3,0.002357,1.320004,0.850375,3.044275,0.702215
3,1.765111,1.507637,quadratic,150,50,rosenbrock,3,0.001103,0.211775,0.249272,2.733507,1.022480
3,1.765111,3.882831,quadratic,150,50,rosenbrock,3,0.025393,0.224161,0.268603,1.263651,0.857425
3,0.939444,0.585390,quadratic,150,50,rosenbrock,3,0.000508,0.816145,1.239533,2.614872,0.741105
3,0.939444,0.939444,quadratic,150,50,rosenbrock,3,0.004031,1.705419,1.425750,3.393684,0.723505
3,2.066557,0.685363,quadratic,150,50,rosenbrock,3,0.038744,0.886543,0.803394,1.731355,0.779460
3,0.585390,3.882831,quadratic,150,50,rosenbrock,3,0.000066,0.753983,0.343751,2.649164,0.785010
3,1.765111,6.231237,quadratic,150,50,rosenbrock,3,0.000950,0.369248,0.345460,1.738183,1.087790
3,2.066557,1.099883,quadratic,150,50,rosenbrock,3,0.000802,0.448782,0.351520,2.757498,0.767950
3,0.939444,1.507637,quadratic,150,50,rosenbrock,3,0.002100,0.634181,0.476351,1.876318,0.673795
3,1.765111,10.000000,quadratic,150,50,rosenbrock,3,0.000510,1.622908,0.903113,3.679752,1.113505
3,0.802409,0.802409,quadratic,150,50,rosenbrock,3,0.069974,2.682122,2.347375,3.857581,0.948015
3,0.939444,3.882831,quadratic,150,50,rosenbrock,3,0.000114,0.122717,0.146125,1.933461,0.774185
3,1.099883,0.685363,quadratic,150,50,rosenbrock,3,0.000564,0.489854,0.188175,2.219638,0.713085
3,0.939444,2.419483,quadratic,150,50,rosenbrock,3,0.029178,0.402005,0.356853,3.044924,0.926565
3,0.685363,4.545940,quadratic,150,50,rosenbrock,3,0.003760,0.341694,0.242432,1.767152,1.094685
3,1.099883,1.099883,quadratic,150,50,rosenbrock,3,0.006935,0.660148,0.612468,2.091434,0.694145
3,2.066557,1.765111,quadratic,150,50,rosenbrock,3,0.025473,0.369919,0.214176,1.975337,1.095925
3,2.066557,2.832683,quadratic,150,50,rosenbrock,3,0.001222,0.179986,0.225067,0.966573,1.063385
3,2.066557,4.545940,quadratic,150,50,rosenbrock,3,0.000229,0.242940,0.308407,2.014477,0.987835
3,1.099883,1.765111,quadratic,150,50,rosenbrock,3,0.012264,0.419232,0.481176,2.064547,0.805510
3,0.939444,6.231237,quadratic,150,50,rosenbrock,3,0.000267,0.186888,0.179357,1.781311,0.926755
3,0.939444,10.000000,quadratic,150,50,rosenbrock,3,0.015448,0.405369,0.348428,1.821367,1.032485
3,2.419483,0.500000,quadratic,150,50,rosenbrock,3,0.000282,1.570849,1.656664,2.921092,1.174010
3,2.066557,7.295407,quadratic,150,50,rosenbrock,3,0.000381,0.251909,0.318493,1.615044,1.202725
3,0.685363,0.500000,quadratic,150,50,rosenbrock,3,0.008417,1.747489,2.634649,7.103632,0.777355
3,2.419483,0.802409,quadratic,150,50,rosenbrock,3,0.000205,1.108762,1.022361,1.985079,1.182555
3,2.419483,1.287720,quadratic,150,50,rosenbrock,3,0.002514,0.309451,0.202854,2.570024,1.136315
3,1.099883,4.545940,quadratic,150,50,rosenbrock,3,0.000522,0.150361,0.178010,1.489076,1.043905
3,1.765111,7.295407,quadratic,150,50,rosenbrock,3,0.005621,0.321490,0.383951,1.486757,1.112985
3,2.419483,2.066557,quadratic,150,50,rosenbrock,3,0.000105,0.135756,0.148725,1.206086,1.209225
3,1.287720,5.322296,quadratic,150,50,rosenbrock,3,0.005049,0.277891,0.273576,1.614339,0.855415
3,1.287720,0.500000,quadratic,150,50,rosenbrock,3,0.000292,1.533897,2.228994,2.847227,0.901845
3,2.419483,8.541316,quadratic,150,50,rosenbrock,3,0.011310,0.817213,0.722695,1.970646,1.188960
3,0.685363,0.802409,quadratic,150,50,rosenbrock,3,0.001391,1.119492,1.092039,1.999861,0.760745
3,1.099883,2.832683,quadratic,150,50,rosenbrock,3,0.000013,0.138489,0.168478,0.970355,1.018610
3,2.419483,5.322296,quadratic,150,50,rosenbrock,3,0.000020,0.247860,0.349595,1.517036,1.354390
3,0.685363,2.066557,quadratic,150,50,rosenbrock,3,0.000335,0.945297,0.642922,3.118937,0.849465
3,0.685363,1.287720,quadratic,150,50,rosenbrock,3,0.005313,1.536121,1.249554,3.436812,1.190005
3,2.832683,0.939444,quadratic,150,50,rosenbrock,3,0.001282,0.343164,0.286755,2.022790,1.197665
3,2.832683,1.507637,quadratic,150,50,rosenbrock,3,0.008855,0.249236,0.149318,1.738217,0.739640
3,1.287720,3.316448,quadratic,150,50,rosenbrock,3,0.002166,0.137638,0.184257,0.795104,1.207315
3,2.832683,2.419483,quadratic,150,50,rosenbrock,3,0.004445,0.272831,0.320750,1.290058,0.859085
3,2.832683,0.585390,quadratic,150,50,rosenbrock,3,0.005142,0.547158,0.526991,2.133251,1.658705
3,0.802409,0.585390,quadratic,150,50,rosenbrock,3,0.124748,1.985681,3.135952,51.418320,0.690600
3,0.802409,2.419483,quadratic,150,50,rosenbrock,3,0.002048,0.411488,0.430353,1.647498,0.837260
3,1.287720,2.066557,quadratic,150,50,rosenbrock,3,0.000495,0.648060,0.350042,3.770857,1.459905
3,0.685363,3.316448,quadratic,150,50,rosenbrock,3,0.005095,0.203539,0.262447,1.491985,0.836475
3,1.507637,10.000000,quadratic,150,50,rosenbrock,3,0.041736,0.855237,0.522414,3.040128,0.819625
3,1.287720,1.287720,quadratic,150,50,rosenbrock,3,0.000002,0.308635,0.343440,0.735102,1.347325
3,0.685363,8.541316,quadratic,150,50,rosenbrock,3,0.002912,0.168132,0.168412,1.384380,0.922400
3,2.832683,3.882831,quadratic,150,50,rosenbrock,3,0.007401,0.437248,0.324224,1.852360,1.161840
3,1.507637,1.507637,quadratic,150,50,rosenbrock,3,0.018601,0.357703,0.359716,2.913602,1.038135
3,0.802409,3.882831,quadratic,150,50,rosenbrock,3,0.000224,0.206321,0.235294,1.671668,0.829725
3,1.507637,0.939444,quadratic,150,50,rosenbrock,3,0.000485,1.151729,0.638484,3.211327,1.340405
3,1.507637,2.419483,quadratic,150,50,rosenbrock,3,0.023890,0.186692,0.162126,2.049611,1.143715
3,0.802409,6.231237,quadratic,150,50,rosenbrock,3,0.003282,0.145923,0.178619,2.021780,0.835300
3,0.802409,10.000000,quadratic,150,50,rosenbrock,3,0.012741,0.161500,0.205570,1.139926,0.877110
3,1.765111,1.099883,quadratic,150,50,rosenbrock,3,0.000043,1.303540,0.443705,2.788791,0.998590
3,1.507637,6.231237,quadratic,150,50,rosenbrock,3,0.019478,0.755568,0.408521,2.241222,1.099305
3,0.802409,1.507637,quadratic,150,50,rosenbrock,3,0.001995,0.726858,0.660059,1.640130,0.790305
3,1.765111,0.685363,quadratic,150,50,rosenbrock,3,0.197160,1.184698,0.671750,3.011967,1.319845
3,0.939444,0.685363,quadratic,150,50,rosenbrock,3,0.002695,2.513114,3.349098,2.423177,0.755015
3,0.939444,1.099883,quadratic,150,50,rosenbrock,3,0.000063,0.903255,1.065527,3.383976,0.774905
3,1.099883,7.295407,quadratic,150,50,rosenbrock,3,0.000000,0.170157,0.207629,1.340008,1.981350
3,0.585390,2.832683,quadratic,150,50,rosenbrock,3,0.080097,0.538442,0.567570,2.516619,2.068040
3,0.585390,4.545940,quadratic,150,50,rosenbrock,3,0.001341,0.154227,0.221596,2.765326,0.817840
3,3.316448,0.685363,quadratic,150,50,rosenbrock,3,0.002174,0.375484,0.355061,2.609228,1.880795
3,0.939444,4.545940,quadratic,150,50,rosenbrock,3,0.000493,0.319017,0.271884,2.120741,0.740710
3,0.939444,1.765111,quadratic,150,50,rosenbrock,3,0.040622,0.552899,0.520769,3.544616,0.801270
3,1.507637,3.882831,quadratic,150,50,rosenbrock,3,0.012082,0.184231,0.218059,1.359717,1.789480
3,1.099883,0.802409,quadratic,150,50,rosenbrock,3,0.155873,1.210972,1.070298,3.657231,0.737135
3,0.939444,2.832683,quadratic,150,50,rosenbrock,3,0.004152,0.645847,0.325708,1.563784,0.720100
3,2.832683,6.231237,quadratic,150,50,rosenbrock,3,0.001490,0.400537,0.416791,2.855273,2.197335
3,1.507637,0.585390,quadratic,150,50,rosenbrock,3,0.091745,1.175720,1.227050,2.786895,2.052910
3,3.316448,1.099883,quadratic,150,50,rosenbrock,3,0.000000,0.207890,0.211008,1.258888,1.993175
3,2.832683,10.000000,quadratic,150,50,rosenbrock,3,0.309608,1.888437,1.271837,3.698754,2.153865
3,1.765111,2.832683,quadratic,150,50,rosenbrock,3,0.001166,0.100032,0.131188,1.037870,1.529495
3,1.099883,1.287720,quadratic,150,50,rosenbrock,3,0.024082,0.445202,0.557091,1.727939,0.713605
3,1.287720,8.541316,quadratic,150,50,rosenbrock,3,0.010774,0.570088,0.384481,2.621241,1.969925
3,1.765111,1.765111,quadratic,150,50,rosenbrock,3,0.001377,0.128638,0.158560,1.745168,1.395315
3,1.287720,0.802409,quadratic,150,50,rosenbrock,3,0.002199,1.652787,1.347655,2.912214,2.181835
3,2.066557,0.500000,quadratic,150,50,rosenbrock,3,0.203231,1.652395,1.111001,2.810184,0.973845
3,2.066557,0.802409,quadratic,150,50,rosenbrock,3,0.000633,1.297280,0.697076,2.854152,1.252440
3,3.316448,1.765111,quadratic,150,50,rosenbrock,3,0.000005,0.139165,0.169536,1.158913,2.142035
3,1.765111,4.545940,quadratic,150,50,rosenbrock,3,0.000891,0.091568,0.125993,0.809490,1.494405
3,1.099883,0.500000,quadratic,150,50,rosenbrock,3,0.006248,1.098049,1.073129,25.045294,0.698110
3,0.685363,5.322296,quadratic,150,50,rosenbrock,3,0.037235,0.152698,0.176506,1.117288,1.050310
3,1.099883,2.066557,quadratic,150,50,rosenbrock,3,0.000009,0.193798,0.293326,1.480100,0.885120
3,2.066557,1.287720,quadratic,150,50,rosenbrock,3,0.000031,0.379859,0.320219,2.872862,1.364435
3,0.802409,0.939444,quadratic,150,50,rosenbrock,3,0.034879,1.616800,1.394646,2.894072,1.343830
3,0.939444,7.295407,quadratic,150,50,rosenbrock,3,0.000831,0.176567,0.214293,2.212029,0.963700
3,2.066557,3.316448,quadratic,150,50,rosenbrock,3,0.034179,0.317157,0.266192,1.324317,1.053910
3,2.066557,2.066557,quadratic,150,50,rosenbrock,3,0.012395,0.091446,0.110410,1.961347,1.204605
3,3.316448,2.832683,quadratic,150,50,rosenbrock,3,0.005702,0.285475,0.369473,0.796500,0.847565
3,1.287720,6.231237,quadratic,150,50,rosenbrock,3,0.006241,0.611858,0.459532,2.373867,0.750305
3,2.419483,3.316448,quadratic,150,50,rosenbrock,3,0.045218,0.968263,0.563734,2.108920,1.777390
3,1.099883,5.322296,quadratic,150,50,rosenbrock,3,0.002115,0.200267,0.173274,1.187008,0.826605
3,2.066557,8.541316,quadratic,150,50,rosenbrock,3,0.030645,0.875145,0.821662,2.109277,1.028470
3,1.287720,0.585390,quadratic,150,50,rosenbrock,3,0.007913,1.388232,1.346688,3.226049,0.709700
3,1.765111,8.541316,quadratic,150,50,rosenbrock,3,0.000454,0.787274,0.462048,2.155162,0.863190
3,2.419483,0.585390,quadratic,150,50,rosenbrock,3,0.027394,0.687451,0.637888,1.584556,1.205900
3,3.316448,4.545940,quadratic,150,50,rosenbrock,3,0.033333,1.004764,0.481724,4.098673,0.700765
3,2.066557,5.322296,quadratic,150,50,rosenbrock,3,0.012094,1.370368,0.510110,2.548884,1.549070
3,3.882831,0.500000,quadratic,150,50,rosenbrock,3,0.003282,1.285671,0.817483,2.245456,0.669675
3,2.419483,2.419483,quadratic,150,50,rosenbrock,3,0.000259,0.316346,0.204621,1.630814,1.263875
3,2.419483,1.507637,quadratic,150,50,rosenbrock,3,0.007732,0.111126,0.150800,1.936970,1.318420
3,2.419483,0.939444,quadratic,150,50,rosenbrock,3,0.013320,0.922089,0.382013,3.302329,1.465065
3,3.316448,7.295407,quadratic,150,50,rosenbrock,3,0.003504,2.027809,1.665677,3.185411,1.124090
3,1.099883,3.316448,quadratic,150,50,rosenbrock,3,0.025137,0.149361,0.152460,0.905318,1.155855
3,2.419483,6.231237,quadratic,150,50,rosenbrock,3,0.013186,0.562349,0.450464,1.827295,1.202290
3,2.419483,10.000000,quadratic,150,50,rosenbrock,3,0.014018,1.628800,0.834379,3.057734,1.272200
3,1.765111,0.500000,quadratic,150,50,rosenbrock,3,0.001700,1.462710,1.681557,2.700870,0.657225
3,3.882831,2.066557,quadratic,150,50,rosenbrock,3,0.004115,0.196917,0.178923,1.517126,0.748255
3,1.287720,2.419483,quadratic,150,50,rosenbrock,3,0.003171,0.469645,0.206893,2.943405,0.766295
3,3.882831,0.802409,quadratic,150,50,rosenbrock,3,0.000016,0.247284,0.294332,2.694479,0.869330
3,2.832683,2.832683,quadratic,150,50,rosenbrock,3,0.004707,0.129968,0.141238,1.570306,1.045970
3,2.832683,0.685363,quadratic,150,50,rosenbrock,3,0.007962,0.555751,0.439819,2.277304,0.925705
3,2.832683,1.099883,quadratic,150,50,rosenbrock,3,0.000615,0.278392,0.211986,2.018769,1.214730
3,3.882831,1.287720,quadratic,150,50,rosenbrock,3,0.007491,0.148304,0.188454,0.846821,0.909705
3,2.832683,1.765111,quadratic,150,50,rosenbrock,3,0.001495,0.390521,0.228125,1.745800,1.252630
3,3.882831,3.316448,quadratic,150,50,rosenbrock,3,0.006425,0.699048,0.545081,2.051825,0.844700
3,1.287720,3.882831,quadratic,150,50,rosenbrock,3,0.003062,0.140760,0.141742,1.308313,1.300860
3,3.882831,5.322296,quadratic,150,50,rosenbrock,3,0.015395,1.432631,0.926445,2.469259,0.916915
3,3.882831,8.541316,quadratic,150,50,rosenbrock,3,0.381104,2.454908,2.989115,3.131227,0.853310
3,1.287720,1.507637,quadratic,150,50,rosenbrock,3,0.115662,1.138301,0.580829,2.957430,1.189965
3,1.507637,1.765111,quadratic,150,50,rosenbrock,3,0.026234,0.311449,0.324429,1.757016,1.218200
3,1.507637,1.099883,quadratic,150,50,rosenbrock,3,0.000680,0.314599,0.385527,2.110854,1.119450
3,2.832683,4.545940,quadratic,150,50,rosenbrock,3,0.014456,0.614864,0.434825,2.054030,1.326835
3,1.507637,2.832683,quadratic,150,50,rosenbrock,3,0.002854,0.358782,0.260213,1.530460,1.071530
3,4.545940,0.585390,quadratic,150,50,rosenbrock,3,0.002338,0.431148,0.277264,2.877464,0.994475
3,4.545940,2.419483,quadratic,150,50,rosenbrock,3,0.001495,0.329774,0.339974,1.771892,0.755325
3,4.545940,0.939444,quadratic,150,50,rosenbrock,3,0.013282,0.168855,0.145841,1.436058,0.838545
3,4.545940,1.507637,quadratic,150,50,rosenbrock,3,0.000093,0.154507,0.235910,0.529414,0.852535
3,5.322296,0.685363,quadratic,150,50,rosenbrock,3,0.013429,0.666441,0.271152,1.921771,0.813865
3,4.545940,6.231237,quadratic,150,50,rosenbrock,3,0.014913,2.348219,3.771686,3.217138,0.935190
3,5.322296,1.099883,quadratic,150,50,rosenbrock,3,0.008705,0.271288,0.229158,1.463259,0.746310
3,1.765111,1.287720,quadratic,150,50,rosenbrock,3,0.006243,0.395880,0.248766,3.138619,1.261645
3,1.099883,8.541316,quadratic,150,50,rosenbrock,3,0.000486,0.554653,0.363509,2.183236,1.100020
3,1.765111,0.802409,quadratic,150,50,rosenbrock,3,0.007285,1.234819,0.717044,3.225954,1.302005
3,5.322296,1.765111,quadratic,150,50,rosenbrock,3,0.000179,0.428138,0.425018,1.573497,0.906380
3,4.545940,10.000000,quadratic,150,50,rosenbrock,3,0.190602,3.080286,4.140007,3.601676,1.285835
3,5.322296,2.832683,quadratic,150,50,rosenbrock,3,0.021497,0.330244,0.406397,1.979289,0.758665
3,1.507637,7.295407,quadratic,150,50,rosenbrock,3,0.000799,0.311023,0.447137,2.094497,1.704190
3,5.322296,4.545940,quadratic,150,50,rosenbrock,3,0.023866,1.699063,0.966631,3.454178,0.840880
3,6.231237,0.500000,quadratic,150,50,rosenbrock,3,0.000636,0.327066,0.237359,2.086597,0.846335
3,4.545940,3.882831,quadratic,150,50,rosenbrock,3,0.000163,2.702013,5.191388,2.368797,1.700770
3,3.316448,3.316448,quadratic,150,50,rosenbrock,3,0.001694,1.131301,0.468807,2.273896,0.832640
3,6.231237,2.066557,quadratic,150,50,rosenbrock,3,0.032082,0.828734,0.454259,1.989754,0.932900
3,3.316448,0.802409,quadratic,150,50,rosenbrock,3,0.008668,0.183082,0.212013,1.250336,1.793245
3,1.507637,4.545940,quadratic,150,50,rosenbrock,3,0.000478,0.207543,0.242383,1.574341,1.661150
3,6.231237,3.316448,quadratic,150,50,rosenbrock,3,0.006474,1.210187,0.516034,2.374576,0.890885
3,6.231237,5.322296,quadratic,150,50,rosenbrock,3,0.107872,2.179217,2.197463,4.049381,0.887890
3,3.316448,5.322296,quadratic,150,50,rosenbrock,3,0.007043,0.693239,0.427051,3.098024,0.907250
3,3.882831,0.585390,quadratic,150,50,rosenbrock,3,0.001778,0.434606,0.446940,1.864379,0.864425
3,3.316448,8.541316,quadratic,150,50,rosenbrock,3,0.007055,0.679012,0.750723,2.939869,0.817355
3,3.882831,2.419483,quadratic,150,50,rosenbrock,3,0.001502,0.213936,0.224882,1.810111,0.785260
3,7.295407,0.939444,quadratic,150,50,rosenbrock,3,0.006406,0.193362,0.256288,1.055026,0.837225
3,7.295407,1.507637,quadratic,150,50,rosenbrock,3,0.012373,0.385150,0.436030,1.619235,0.762120
3,3.882831,0.939444,quadratic,150,50,rosenbrock,3,0.000157,0.119250,0.144411,1.050258,0.773335
3,2.832683,3.316448,quadratic,150,50,rosenbrock,3,0.000112,0.219255,0.278950,1.849476,0.849720
3,1.765111,5.322296,quadratic,150,50,rosenbrock,3,0.014921,0.977804,0.429337,2.157869,2.115120
3,2.832683,7.295407,quadratic,150,50,rosenbrock,3,0.000155,0.341796,0.339820,2.867066,2.363235
3,3.316448,1.287720,quadratic,150,50,rosenbrock,3,0.004695,0.122356,0.152727,0.134900,2.221600
3,3.882831,1.507637,quadratic,150,50,rosenbrock,3,0.012255,0.324340,0.185400,1.868856,1.007055
3,3.316448,0.500000,quadratic,150,50,rosenbrock,3,0.016690,1.046669,0.645582,2.480909,2.434190
3,1.765111,2.066557,quadratic,150,50,rosenbrock,3,0.003785,0.401663,0.218838,2.904910,2.418570
3,2.066557,1.507637,quadratic,150,50,rosenbrock,3,0.010029,0.112737,0.125309,1.057285,2.398030
3,6.231237,0.802409,quadratic,150,50,rosenbrock,3,0.017448,0.156798,0.169606,1.280669,2.391505
3,1.287720,10.000000,quadratic,150,50,rosenbrock,3,0.000218,0.534943,0.481066,1.990435,2.540205
3,3.316448,2.066557,quadratic,150,50,rosenbrock,3,0.006942,0.501286,0.230722,3.219864,2.523410
3,2.066557,0.939444,quadratic,150,50,rosenbrock,3,0.021722,1.049388,0.508948,3.434783,2.536480
3,1.287720,0.939444,quadratic,150,50,rosenbrock,3,0.244616,1.761643,1.580684,2.966552,2.583175
3,6.231237,1.287720,quadratic,150,50,rosenbrock,3,0.066483,0.349347,0.382543,1.654314,2.437450
3,5.322296,7.295407,quadratic,150,50,rosenbrock,3,0.027677,1.795751,1.284239,4.612046,2.602025
3,1.507637,0.685363,quadratic,150,50,rosenbrock,3,0.003452,0.488130,0.582504,2.576447,2.706810
3,2.066557,10.000000,quadratic,150,50,rosenbrock,3,0.006647,1.282306,0.909603,3.385206,2.383560
3,1.765111,3.316448,quadratic,150,50,rosenbrock,3,0.029159,0.187926,0.210491,2.653593,2.706380
3,2.832683,2.066557,quadratic,150,50,rosenbrock,3,0.000062,0.219749,0.173532,2.804677,1.160180
3,2.066557,2.419483,quadratic,150,50,rosenbrock,3,0.006608,0.479976,0.226391,3.688710,2.518310
3,3.882831,3.882831,quadratic,150,50,rosenbrock,3,0.003223,0.931379,0.548938,2.085373,1.078790
3,2.066557,0.585390,quadratic,150,50,rosenbrock,3,0.031847,1.679619,1.287100,2.813759,2.694665
3,6.231237,8.541316,quadratic,150,50,rosenbrock,3,0.198713,3.194278,4.125149,4.222956,2.389455
3,3.882831,10.000000,quadratic,150,50,rosenbrock,3,0.068186,3.106104,4.273730,3.896678,1.066780
3,4.545940,0.685363,quadratic,150,50,rosenbrock,3,0.003047,0.790390,0.337890,2.608959,1.035595
3,2.066557,3.882831,quadratic,150,50,rosenbrock,3,0.000255,0.249077,0.314428,1.247744,2.680835
3,4.545940,2.832683,quadratic,150,50,rosenbrock,3,0.004880,1.685974,0.875346,2.479909,1.036270
3,3.882831,6.231237,quadratic,150,50,rosenbrock,3,0.048565,1.720065,1.746819,2.138692,1.123330
3,2.419483,3.882831,quadratic,150,50,rosenbrock,3,0.010363,0.146874,0.175085,1.536103,2.632665
3,5.322296,0.802409,quadratic,150,50,rosenbrock,3,0.000143,0.110405,0.122955,1.822643,1.019110
3,4.545940,1.099883,quadratic,150,50,rosenbrock,3,0.000167,0.172367,0.171298,2.488302,1.149755
3,5.322296,1.287720,quadratic,150,50,rosenbrock,3,0.000436,0.259420,0.206854,3.125897,0.883175
3,4.545940,1.765111,quadratic,150,50,rosenbrock,3,0.004633,0.308578,0.303006,1.980583,1.091980
3,4.545940,7.295407,quadratic,150,50,rosenbrock,3,0.004859,1.799297,1.254736,3.017552,1.012475
3,2.419483,0.685363,quadratic,150,50,rosenbrock,3,0.000040,1.199789,0.598050,3.316746,2.614830
3,7.295407,0.585390,quadratic,150,50,rosenbrock,3,0.000307,0.284852,0.141833,3.213338,2.201705
3,2.419483,1.765111,quadratic,150,50,rosenbrock,3,0.010643,0.536236,0.220930,2.405995,2.257840
3,2.419483,7.295407,quadratic,150,50,rosenbrock,3,0.027040,2.024409,2.208738,2.897286,2.337590
3,2.419483,2.832683,quadratic,150,50,rosenbrock,3,0.007825,0.296533,0.245524,1.837270,2.391935
3,2.832683,0.500000,quadratic,150,50,rosenbrock,3,0.000526,0.990990,0.853915,3.275747,2.409780
3,2.832683,1.287720,quadratic,150,50,rosenbrock,3,0.000032,0.242948,0.223110,1.429212,2.040680
3,2.419483,1.099883,quadratic,150,50,rosenbrock,3,0.002085,0.325605,0.316892,2.307353,2.466875
3,2.066557,6.231237,quadratic,150,50,rosenbrock,3,0.000084,0.273914,0.327936,1.948802,2.717040
3,2.832683,0.802409,quadratic,150,50,rosenbrock,3,0.001776,0.918730,0.402568,3.440394,2.281945
3,7.295407,3.882831,quadratic,150,50,rosenbrock,3,0.014134,0.951356,0.986204,3.207549,1.924695
3,7.295407,6.231237,quadratic,150,50,rosenbrock,3,0.291187,2.138776,2.172417,3.240023,1.927150
3,5.322296,2.066557,quadratic,150,50,rosenbrock,3,0.004293,0.219839,0.283939,2.408343,0.860110
3,7.295407,10.000000,quadratic,150,50,rosenbrock,3,1.860934,6.173490,6.807732,3.280890,1.958495
3,8.541316,0.685363,quadratic,150,50,rosenbrock,3,0.001453,0.165332,0.190219,1.055673,1.995550
3,5.322296,3.316448,quadratic,150,50,rosenbrock,3,0.017981,1.053917,0.691658,2.086809,0.965690
3,5.322296,0.500000,quadratic,150,50,rosenbrock,3,0.020328,0.239944,0.302879,1.670812,0.980190
3,2.832683,5.322296,quadratic,150,50,rosenbrock,3,0.002884,0.969083,0.760014,2.521168,2.090620
3,7.295407,2.419483,quadratic,150,50,rosenbrock,3,0.000596,0.348986,0.393128,2.921179,2.206330
3,5.322296,5.322296,quadratic,150,50,rosenbrock,3,0.009034,1.021486,0.754935,2.997476,0.981165
3,3.316448,3.882831,quadratic,150,50,rosenbrock,3,0.001477,0.306894,0.340042,1.107388,0.957470
3,6.231237,0.585390,quadratic,150,50,rosenbrock,3,0.008429,0.146937,0.209325,2.428037,0.979105
3,8.541316,1.765111,quadratic,150,50,rosenbrock,3,0.023506,1.053034,0.475203,3.114913,1.202470
3,4.545940,4.545940,quadratic,150,50,rosenbrock,3,0.117345,1.277707,0.998366,2.121558,1.005960
3,8.541316,1.099883,quadratic,150,50,rosenbrock,3,0.001274,0.226193,0.300060,1.228809,1.481935
3,3.316448,0.939444,quadratic,150,50,rosenbrock,3,0.116723,0.724823,0.317212,3.646158,0.996840
3,8.541316,7.295407,quadratic,150,50,rosenbrock,3,0.596388,3.735842,3.702442,6.700033,0.996705
3,6.231237,3.882831,quadratic,150,50,rosenbrock,3,0.076127,1.885605,1.510993,2.178487,0.998980
3,0.585390,0.685363,exponential_3,150,50,rosenbrock,3,0.251068,2.035131,1.907118,3.651247,0.877585
3,8.541316,2.832683,quadratic,150,50,rosenbrock,3,0.027243,2.250610,2.358181,2.385982,1.271785
3,6.231237,2.419483,quadratic,150,50,rosenbrock,3,0.031273,0.617864,0.674415,1.801168,1.110580
3,3.316448,6.231237,quadratic,150,50,rosenbrock,3,0.003767,0.847496,0.561350,2.129616,0.927790
3,3.882831,0.685363,quadratic,150,50,rosenbrock,3,0.009149,0.951070,0.296158,2.319624,1.018120
3,3.316448,10.000000,quadratic,150,50,rosenbrock,3,0.026689,0.950600,0.929498,3.641267,0.967390
3,8.541316,4.545940,quadratic,150,50,rosenbrock,3,0.031481,2.481935,3.671627,3.057221,1.494660
3,3.882831,1.099883,quadratic,150,50,rosenbrock,3,0.040914,0.206093,0.156994,1.335798,0.677675
3,10.000000,0.500000,quadratic,150,50,rosenbrock,3,0.000249,0.243460,0.207667,0.377158,0.858550
3,0.802409,0.585390,exponential_3,150,50,rosenbrock,3,0.549564,2.925879,3.576868,2.541427,0.809740
3,0.500000,2.419483,exponential_3,150,50,rosenbrock,3,0.004632,1.218951,1.066564,2.477477,0.817880
3,3.882831,1.765111,quadratic,150,50,rosenbrock,3,0.034629,0.189309,0.223158,1.522893,0.996455
3,3.882831,4.545940,quadratic,150,50,rosenbrock,3,0.000213,0.569076,0.627236,1.516622,0.902720
3,4.545940,0.802409,quadratic,150,50,rosenbrock,3,0.002363,0.244830,0.210520,1.278611,0.978975
3,4.545940,3.316448,quadratic,150,50,rosenbrock,3,0.018753,1.093587,0.733413,2.207667,0.890050
3,3.882831,2.832683,quadratic,150,50,rosenbrock,3,0.020059,0.588134,0.345383,2.168976,2.044645
3,4.545940,0.500000,quadratic,150,50,rosenbrock,3,0.028136,0.810044,0.451487,2.619120,1.110425
3,3.882831,7.295407,quadratic,150,50,rosenbrock,3,0.022978,2.789700,5.014931,4.557889,0.921750
3,7.295407,1.099883,quadratic,150,50,rosenbrock,3,0.000050,0.151454,0.179311,1.386901,2.123880
3,2.832683,8.541316,quadratic,150,50,rosenbrock,3,0.028884,1.115117,0.513066,2.217576,1.670860
3,10.000000,8.541316,quadratic,150,50,rosenbrock,3,1.035227,9.277222,9.046097,14.044875,1.626175
3,4.545940,2.066557,quadratic,150,50,rosenbrock,3,0.000067,0.266390,0.364794,1.716772,0.690270
3,10.000000,3.316448,quadratic,150,50,rosenbrock,3,0.034128,1.323962,1.082387,3.696200,1.662825
3,5.322296,1.507637,quadratic,150,50,rosenbrock,3,0.000064,0.283211,0.293225,2.162581,0.748140
3,0.500000,0.585390,exponential_3,150,50,rosenbrock,3,0.079562,2.832307,3.294127,13.521539,1.592480
3,3.316448,0.585390,quadratic,150,50,rosenbrock,3,0.090347,0.510519,0.487893,2.409319,1.735850
3,4.545940,1.287720,quadratic,150,50,rosenbrock,3,0.000021,0.144939,0.202220,1.389682,0.801685
3,5.322296,0.939444,quadratic,150,50,rosenbrock,3,0.000019,1.011743,0.223411,3.328313,0.895910
3,0.500000,0.939444,exponential_3,150,50,rosenbrock,3,0.021782,1.519995,1.584359,1.996943,1.820065
3,4.545940,8.541316,quadratic,150,50,rosenbrock,3,0.149567,3.462065,4.074501,3.612298,0.890655
3,3.316448,2.419483,quadratic,150,50,rosenbrock,3,0.002043,0.199005,0.230991,2.051657,1.962865
3,6.231237,6.231237,quadratic,150,50,rosenbrock,3,0.050911,2.005028,2.211228,3.214143,0.881665
3,3.316448,1.507637,quadratic,150,50,rosenbrock,3,0.000625,0.192227,0.164366,2.378178,2.101540
3,0.939444,2.832683,exponential_3,150,50,rosenbrock,3,0.022188,0.639191,0.603966,2.628997,0.826050
3,5.322296,2.419483,quadratic,150,50,rosenbrock,3,0.000145,1.107829,0.558789,2.288262,0.719870
3,7.295407,1.765111,quadratic,150,50,rosenbrock,3,0.022519,1.191067,0.588207,3.387404,2.504575
3,6.231237,0.939444,quadratic,150,50,rosenbrock,3,0.020694,0.568224,0.313831,2.255280,2.439400
3,5.322296,3.882831,quadratic,150,50,rosenbrock,3,0.039670,0.573834,0.751880,1.706434,0.799140
3,5.322296,0.585390,quadratic,150,50,rosenbrock,3,0.001949,0.397931,0.302867,3.204882,0.901980
3,6.231237,0.685363,quadratic,150,50,rosenbrock,3,0.002799,0.084300,0.119908,1.805561,0.873945
3,5.322296,6.231237,quadratic,150,50,rosenbrock,3,0.041669,2.421018,3.428366,3.760512,0.915380
3,10.000000,2.066557,quadratic,150,50,rosenbrock,3,0.036406,1.976290,1.069741,3.429247,2.724845
3,0.685363,5.322296,exponential_3,150,50,rosenbrock,3,0.000010,0.270224,0.343305,1.941594,0.970255
3,0.500000,3.882831,exponential_3,150,50,rosenbrock,3,0.014881,1.437872,1.134196,2.763482,2.674520
3,6.231237,4.545940,quadratic,150,50,rosenbrock,3,0.002490,1.838300,1.694418,2.309506,0.835840
3,6.231237,1.507637,quadratic,150,50,rosenbrock,3,0.010461,0.854102,0.361087,2.131950,2.845895
3,0.500000,1.507637,exponential_3,150,50,rosenbrock,3,0.046206,1.270784,1.403348,2.709343,2.812440
3,2.419483,4.545940,quadratic,150,50,rosenbrock,3,0.025465,0.300022,0.389520,1.532522,2.275730
3,0.500000,6.231237,exponential_3,150,50,rosenbrock,3,0.047821,0.424883,0.489767,1.919748,2.812335
3,10.000000,1.287720,quadratic,150,50,rosenbrock,3,0.000270,0.350366,0.444562,1.254214,3.118475
3,10.000000,0.802409,quadratic,150,50,rosenbrock,3,0.043456,0.392790,0.334537,2.259517,3.195835
3,6.231237,10.000000,quadratic,150,50,rosenbrock,3,0.400377,3.620683,3.899438,12.044242,2.863840
3,0.500000,10.000000,exponential_3,150,50,rosenbrock,3,0.000542,0.248751,0.323699,1.600395,2.813335
3,6.231237,2.832683,quadratic,150,50,rosenbrock,3,0.007556,0.624388,0.584330,1.981404,0.960940
3,10.000000,5.322296,quadratic,150,50,rosenbrock,3,0.411110,3.237484,4.306097,4.209639,3.199670
3,0.802409,1.507637,exponential_3,150,50,rosenbrock,3,0.002882,0.749718,0.866067,2.213230,0.951970
3,0.802409,0.939444,exponential_3,150,50,rosenbrock,3,0.053639,1.267081,1.388933,2.622973,1.139510
3,0.685363,2.066557,exponential_3,150,50,rosenbrock,3,0.000021,0.438910,0.429788,2.801443,1.798635
3,0.585390,4.545940,exponential_3,150,50,rosenbrock,3,0.003439,0.563328,0.563280,2.145337,2.095580
3,0.802409,2.419483,exponential_3,150,50,rosenbrock,3,0.000370,1.427023,0.757784,3.204340,1.049495
3,0.585390,7.295407,exponential_3,150,50,rosenbrock,3,0.088053,0.814942,0.486551,2.782993,2.168700
3,10.000000,0.585390,quadratic,150,50,rosenbrock,3,0.001109,0.346349,0.264047,1.505095,0.987490
3,0.585390,1.099883,exponential_3,150,50,rosenbrock,3,0.019024,1.073902,1.172075,2.500239,2.257190
3,0.685363,0.802409,exponential_3,150,50,rosenbrock,3,0.047007,1.995233,2.862204,15.173759,2.247185
3,0.802409,0.685363,exponential_3,150,50,rosenbrock,3,0.002444,1.845032,2.894898,129.294357,1.025180
3,0.802409,6.231237,exponential_3,150,50,rosenbrock,3,0.020713,0.289949,0.342192,1.718768,0.931530
3,0.500000,2.832683,exponential_3,150,50,rosenbrock,3,0.065149,0.405604,0.473307,2.377707,1.024585
3,0.939444,0.685363,exponential_3,150,50,rosenbrock,3,0.010362,0.692879,0.791946,2.764485,0.761675
3,0.585390,1.765111,exponential_3,150,50,rosenbrock,3,0.003383,0.799561,0.775125,2.297072,2.454825
3,0.685363,6.231237,exponential_3,150,50,rosenbrock,3,0.020386,0.234257,0.316486,1.516606,1.143185
3,0.802409,10.000000,exponential_3,150,50,rosenbrock,3,0.028780,0.279956,0.325559,2.353809,0.972830
3,7.295407,4.545940,quadratic,150,50,rosenbrock,3,0.030951,2.448895,2.874508,4.649548,2.465610
3,8.541316,0.500000,quadratic,150,50,rosenbrock,3,0.026952,0.136965,0.152399,1.573561,2.346855
3,7.295407,7.295407,quadratic,150,50,rosenbrock,3,0.552630,3.569332,4.083512,5.644087,2.503675
3,0.939444,1.099883,exponential_3,150,50,rosenbrock,3,0.002324,2.367713,3.086865,3.267977,0.910240
3,7.295407,2.832683,quadratic,150,50,rosenbrock,3,0.015702,1.707577,0.828300,3.401244,2.314760
3,0.585390,0.802409,exponential_3,150,50,rosenbrock,3,0.002309,1.203192,1.108916,2.271095,1.979150
3,0.685363,1.287720,exponential_3,150,50,rosenbrock,3,0.000099,2.089498,1.409080,3.673911,2.609010
3,0.685363,3.316448,exponential_3,150,50,rosenbrock,3,0.000003,0.612430,0.483634,2.078281,2.392405
3,7.295407,0.685363,quadratic,150,50,rosenbrock,3,0.010599,0.114609,0.141577,2.360890,2.800215
3,8.541316,0.802409,quadratic,150,50,rosenbrock,3,0.006129,0.215702,0.246758,1.442632,2.470865
3,8.541316,2.066557,quadratic,150,50,rosenbrock,3,0.109298,2.252363,2.533787,4.126931,2.272770
3,8.541316,1.287720,quadratic,150,50,rosenbrock,3,0.000004,0.502304,0.416887,3.008128,2.222105
3,0.685363,0.500000,exponential_3,150,50,rosenbrock,3,0.211541,1.863065,2.523145,2.046141,2.825045
3,8.541316,3.316448,quadratic,150,50,rosenbrock,3,0.002549,2.125170,1.666832,3.245825,2.061675
3,8.541316,5.322296,quadratic,150,50,rosenbrock,3,0.082980,2.604276,3.348608,2.930215,1.873415
3,0.685363,8.541316,exponential_3,150,50,rosenbrock,3,0.000397,1.500585,0.606753,2.330821,2.377385
3,8.541316,8.541316,quadratic,150,50,rosenbrock,3,1.568738,7.842600,7.881769,6.682322,2.374765
3,4.545940,5.322296,quadratic,150,50,rosenbrock,3,0.005728,0.900165,0.557131,4.179042,2.412970
3,5.322296,8.541316,quadratic,150,50,rosenbrock,3,0.066724,3.111017,3.945385,4.042162,2.248320
3,1.099883,0.500000,exponential_3,150,50,rosenbrock,3,0.056441,1.895197,1.849812,2.631357,0.845500
3,1.099883,2.066557,exponential_3,150,50,rosenbrock,3,0.000266,0.469451,0.623153,1.707476,0.804140
3,1.099883,1.287720,exponential_3,150,50,rosenbrock,3,0.003533,0.543882,0.639564,2.413878,0.819985
3,1.099883,3.316448,exponential_3,150,50,rosenbrock,3,0.001941,0.390614,0.206700,2.551539,0.746025
3,7.295407,1.287720,quadratic,150,50,rosenbrock,3,0.011598,0.231300,0.336342,1.612685,1.029145
3,0.939444,7.295407,exponential_3,150,50,rosenbrock,3,0.006864,0.626429,0.459705,2.325534,1.023825
3,7.295407,0.500000,quadratic,150,50,rosenbrock,3,0.007854,0.230826,0.196514,2.863545,1.305600
3,6.231237,7.295407,quadratic,150,50,rosenbrock,3,0.327268,2.623775,3.070742,2.716404,0.858750
3,0.939444,3.316448,exponential_3,150,50,rosenbrock,3,0.000909,0.366199,0.554257,1.433969,0.793750
3,1.287720,0.939444,exponential_3,150,50,rosenbrock,3,0.001280,0.952276,0.736622,2.795082,0.743800
3,1.287720,2.419483,exponential_3,150,50,rosenbrock,3,0.004053,1.562321,0.694149,4.102563,0.709465
3,7.295407,2.066557,quadratic,150,50,rosenbrock,3,0.029462,0.473110,0.423707,2.073411,0.817555
3,0.939444,4.545940,exponential_3,150,50,rosenbrock,3,0.000081,0.432684,0.423334,2.866366,1.468645
3,0.802409,3.882831,exponential_3,150,50,rosenbrock,3,0.078562,0.503609,0.576228,1.575792,0.764935
3,1.287720,3.882831,exponential_3,150,50,rosenbrock,3,0.012722,0.754876,0.458702,3.745734,0.867230
3,1.099883,5.322296,exponential_3,150,50,rosenbrock,3,0.029431,0.369421,0.409338,2.299436,1.589685
3,0.585390,2.832683,exponential_3,150,50,rosenbrock,3,0.000033,0.527821,0.715605,2.248263,1.866610
3,1.099883,0.802409,exponential_3,150,50,rosenbrock,3,0.002477,0.701246,0.760643,1.730517,1.815535
3,1.287720,0.585390,exponential_3,150,50,rosenbrock,3,0.072027,1.195341,1.342104,2.832205,1.342540
3,0.500000,0.685363,exponential_3,150,50,rosenbrock,3,0.143468,3.557811,4.259519,72.151245,1.872640
3,1.287720,6.231237,exponential_3,150,50,rosenbrock,3,0.000209,0.224249,0.266434,2.600606,0.862870
3,10.000000,3.882831,quadratic,150,50,rosenbrock,3,0.479736,1.623362,1.660776,4.356791,1.964420
3,0.500000,1.099883,exponential_3,150,50,rosenbrock,3,0.000934,2.023285,2.444924,3.181802,1.845710
3,10.000000,10.000000,quadratic,150,50,rosenbrock,3,0.823128,18.190744,21.335320,20.438728,2.059445
3,0.939444,1.765111,exponential_3,150,50,rosenbrock,3,0.032248,0.706167,0.550897,2.716055,0.836420
3,1.099883,8.541316,exponential_3,150,50,rosenbrock,3,0.009204,0.199166,0.245652,1.503448,1.736550
3,1.287720,1.507637,exponential_3,150,50,rosenbrock,3,0.143330,0.910709,0.832636,2.436212,1.488160
3,6.231237,1.099883,quadratic,150,50,rosenbrock,3,0.006196,0.145796,0.204192,0.210350,1.601405
3,0.802409,1.099883,exponential_3,150,50,rosenbrock,3,0.000022,0.568572,0.720558,2.735590,0.904690
3,1.507637,0.685363,exponential_3,150,50,rosenbrock,3,0.002576,0.666903,0.716638,1.394530,0.974485
3,0.802409,1.765111,exponential_3,150,50,rosenbrock,3,0.009425,1.078979,0.921635,2.472974,0.991140
3,10.000000,0.685363,quadratic,150,50,rosenbrock,3,0.013868,0.260247,0.245508,1.276751,0.847220
3,0.802409,2.832683,exponential_3,150,50,rosenbrock,3,0.015865,0.387836,0.478753,1.195118,0.994620
3,0.802409,0.802409,exponential_3,150,50,rosenbrock,3,0.000052,1.216039,1.174658,3.185618,0.876420
3,0.500000,3.316448,exponential_3,150,50,rosenbrock,3,0.000692,0.988793,0.746247,2.767801,0.827240
3,0.939444,0.802409,exponential_3,150,50,rosenbrock,3,0.099643,1.792346,2.446497,2.746608,0.931795
3,0.802409,7.295407,exponential_3,150,50,rosenbrock,3,0.002798,0.334273,0.376446,2.674214,1.060945
3,10.000000,2.419483,quadratic,150,50,rosenbrock,3,0.028881,1.684283,1.257289,4.143859,2.159845
3,0.939444,0.500000,exponential_3,150,50,rosenbrock,3,0.283003,1.826660,2.476096,1.742669,0.873170
3,0.685363,7.295407,exponential_3,150,50,rosenbrock,3,0.010696,0.636759,0.431382,1.652246,1.026845
3,0.500000,4.545940,exponential_3,150,50,rosenbrock,3,0.042951,0.479173,0.591388,2.811679,2.094215
3,0.939444,1.287720,exponential_3,150,50,rosenbrock,3,0.003130,1.163298,0.515249,3.360149,0.837005
3,1.287720,10.000000,exponential_3,150,50,rosenbrock,3,0.012725,0.206302,0.234356,2.950106,2.043470
3,0.585390,5.322296,exponential_3,150,50,rosenbrock,3,0.008376,0.483220,0.539173,3.079137,1.924625
3,0.585390,1.287720,exponential_3,150,50,rosenbrock,3,0.055432,1.693410,1.447550,3.233063,1.644140
3,1.099883,2.419483,exponential_3,150,50,rosenbrock,3,0.000055,0.740186,0.542439,3.294118,0.821880
3,6.231237,1.765111,quadratic,150,50,rosenbrock,3,0.021359,0.806380,0.342483,2.191303,2.258090
3,10.000000,1.507637,quadratic,150,50,rosenbrock,3,0.005890,0.401864,0.600906,1.633167,2.234795
3,0.585390,8.541316,exponential_3,150,50,rosenbrock,3,0.002670,0.281782,0.357492,0.843333,1.940450
3,0.685363,2.419483,exponential_3,150,50,rosenbrock,3,0.128333,0.815878,0.743107,1.720505,2.103245
3,0.685363,0.939444,exponential_3,150,50,rosenbrock,3,0.002836,1.373399,1.118579,3.477438,1.803805
3,1.099883,1.507637,exponential_3,150,50,rosenbrock,3,0.035602,1.741879,1.599622,3.001793,0.881145
3,0.500000,7.295407,exponential_3,150,50,rosenbrock,3,0.006038,0.325738,0.436640,1.357605,2.348215
3,1.099883,0.585390,exponential_3,150,50,rosenbrock,3,0.002769,1.385901,1.363465,32.435116,0.956730
3,1.507637,1.765111,exponential_3,150,50,rosenbrock,3,0.003126,0.896857,0.698685,1.628171,0.847005
3,1.099883,3.882831,exponential_3,150,50,rosenbrock,3,0.119668,0.715827,0.660570,1.337731,0.980560
3,0.939444,8.541316,exponential_3,150,50,rosenbrock,3,0.001112,0.457973,0.379084,3.343164,0.902720
3,10.000000,0.939444,quadratic,150,50,rosenbrock,3,0.004365,0.228677,0.280596,1.801435,2.563260
3,10.000000,6.231237,quadratic,150,50,rosenbrock,3,0.570382,6.367090,6.294107,6.638769,2.453405
3,0.500000,1.765111,exponential_3,150,50,rosenbrock,3,0.001255,1.142588,1.191320,3.878426,2.631495
3,0.585390,0.500000,exponential_3,150,50,rosenbrock,3,0.109910,2.849849,3.251468,98.861923,2.604775
3,0.939444,3.882831,exponential_3,150,50,rosenbrock,3,0.005790,0.556867,0.504954,1.334814,0.927635
3,1.507637,4.545940,exponential_3,150,50,rosenbrock,3,0.031409,0.278250,0.251580,1.778631,1.047280
3,1.287720,1.099883,exponential_3,150,50,rosenbrock,3,0.096364,1.698649,1.573085,2.356474,1.025970
3,1.507637,7.295407,exponential_3,150,50,rosenbrock,3,0.000228,0.274372,0.219411,1.595737,0.876070
3,0.585390,2.066557,exponential_3,150,50,rosenbrock,3,0.001352,1.106496,0.974594,3.406667,2.187110
3,1.287720,2.832683,exponential_3,150,50,rosenbrock,3,0.000806,0.647621,0.498317,2.964534,0.990265
3,0.802409,4.545940,exponential_3,150,50,rosenbrock,3,0.006696,1.006765,0.516773,3.063593,0.711640
3,0.685363,1.507637,exponential_3,150,50,rosenbrock,3,0.001221,0.486224,0.629255,1.786081,2.147005
3,1.287720,4.545940,exponential_3,150,50,rosenbrock,3,0.007646,0.244541,0.282837,1.623695,0.968860
3,1.287720,0.685363,exponential_3,150,50,rosenbrock,3,0.573734,2.069952,2.264452,3.009990,0.846415
3,1.507637,1.099883,exponential_3,150,50,rosenbrock,3,0.016278,0.733046,0.388479,3.000940,2.101010
3,7.295407,3.316448,quadratic,150,50,rosenbrock,3,0.005912,0.938860,0.912303,3.649215,2.401810
3,0.585390,0.939444,exponential_3,150,50,rosenbrock,3,0.061100,1.862581,2.410678,2.506722,2.418335
3,0.685363,0.585390,exponential_3,150,50,rosenbrock,3,0.031984,1.440977,1.443347,2.799962,2.331265
3,7.295407,8.541316,quadratic,150,50,rosenbrock,3,1.416628,4.368498,5.356565,4.392152,2.539425
3,8.541316,0.585390,quadratic,150,50,rosenbrock,3,0.000199,0.303500,0.210941,3.693930,2.549485
3,0.685363,3.882831,exponential_3,150,50,rosenbrock,3,0.009257,0.414711,0.443912,2.779067,2.533140
3,8.541316,1.507637,quadratic,150,50,rosenbrock,3,0.000629,1.065700,0.616265,2.109905,2.460345
3,8.541316,6.231237,quadratic,150,50,rosenbrock,3,0.192035,2.482557,2.945369,4.066955,2.450165
3,0.685363,10.000000,exponential_3,150,50,rosenbrock,3,0.021952,0.465301,0.416447,3.525649,2.504305
3,7.295407,0.802409,quadratic,150,50,rosenbrock,3,0.019301,0.185027,0.197084,1.299950,2.666030
3,8.541316,2.419483,quadratic,150,50,rosenbrock,3,0.119730,1.664400,1.035347,2.190630,2.638140
3,1.287720,7.295407,exponential_3,150,50,rosenbrock,3,0.001352,0.193360,0.245589,1.375539,1.217710
3,7.295407,5.322296,quadratic,150,50,rosenbrock,3,0.030195,1.616917,1.676988,2.992832,2.688330
3,8.541316,3.882831,quadratic,150,50,rosenbrock,3,0.073452,1.803099,1.956341,2.969010,2.583210
3,8.541316,0.939444,quadratic,150,50,rosenbrock,3,0.000342,0.454467,0.420339,1.823347,2.688900
3,0.939444,2.066557,exponential_3,150,50,rosenbrock,3,0.018660,0.649066,0.595390,1.812350,1.022315
3,1.507637,2.832683,exponential_3,150,50,rosenbrock,3,0.010148,1.576993,1.496915,2.612150,2.148735
3,8.541316,10.000000,quadratic,150,50,rosenbrock,3,2.151951,9.636343,12.106159,19.228422,2.527565
3,5.322296,10.000000,quadratic,150,50,rosenbrock,3,0.465343,2.540733,2.611758,4.588244,2.638370
3,0.802409,1.287720,exponential_3,150,50,rosenbrock,3,0.006006,1.615948,0.991845,4.003863,1.132680
3,0.802409,2.066557,exponential_3,150,50,rosenbrock,3,0.000123,0.890377,0.663730,3.410325,1.162335
3,0.939444,0.939444,exponential_3,150,50,rosenbrock,3,0.000203,0.953722,0.845932,2.734426,0.992615
3,1.765111,0.685363,exponential_3,150,50,rosenbrock,3,0.004074,0.984771,0.933875,3.034484,1.215720
3,1.287720,1.765111,exponential_3,150,50,rosenbrock,3,0.000025,0.693210,0.633813,3.396057,1.351045
3,1.765111,1.287720,exponential_3,150,50,rosenbrock,3,0.000176,0.346064,0.427551,1.877815,1.054685
3,1.765111,0.939444,exponential_3,150,50,rosenbrock,3,0.000976,1.061756,0.809404,2.050476,1.081380
3,1.765111,0.500000,exponential_3,150,50,rosenbrock,3,0.014517,1.735371,2.386388,3.224622,1.336150
3,0.802409,8.541316,exponential_3,150,50,rosenbrock,3,0.012074,0.274643,0.348091,2.201029,1.005215
3,0.939444,5.322296,exponential_3,150,50,rosenbrock,3,0.003593,0.322445,0.414033,2.646041,2.176190
3,0.585390,3.316448,exponential_3,150,50,rosenbrock,3,0.037242,1.658804,0.932003,2.949203,1.990835
3,0.802409,3.316448,exponential_3,150,50,rosenbrock,3,0.061899,0.968942,0.695440,2.387477,1.502000
3,10.000000,2.832683,quadratic,150,50,rosenbrock,3,0.018057,2.372305,1.872304,4.426779,0.857265
3,0.939444,0.585390,exponential_3,150,50,rosenbrock,3,0.001824,1.259102,1.112443,120.369736,0.858485
3,1.765111,1.765111,exponential_3,150,50,rosenbrock,3,0.000042,0.351889,0.281698,3.230730,0.930415
3,1.099883,6.231237,exponential_3,150,50,rosenbrock,3,0.000625,0.216839,0.246422,0.576132,2.460620
3,0.500000,5.322296,exponential_3,150,50,rosenbrock,3,0.000405,0.311531,0.420856,3.508641,0.836290
3,0.500000,0.500000,exponential_3,150,50,rosenbrock,3,0.112388,3.426579,3.129563,36.195553,2.120965
3,1.099883,0.939444,exponential_3,150,50,rosenbrock,3,0.003521,1.372128,1.477285,2.190300,2.526040
3,10.000000,4.545940,quadratic,150,50,rosenbrock,3,0.102980,2.007094,1.739159,3.014396,2.249595
3,0.939444,1.507637,exponential_3,150,50,rosenbrock,3,0.037177,1.173223,0.747694,3.783224,0.825005
3,1.099883,2.832683,exponential_3,150,50,rosenbrock,3,0.000405,0.372376,0.451087,2.371026,0.801125
3,0.500000,0.802409,exponential_3,150,50,rosenbrock,3,0.034315,1.196257,1.184870,2.715644,2.504815
3,1.099883,1.765111,exponential_3,150,50,rosenbrock,3,0.003571,0.606047,0.586961,3.053516,0.800920
3,0.500000,1.287720,exponential_3,150,50,rosenbrock,3,0.003543,1.897405,1.341834,3.665315,2.212225
3,1.099883,0.685363,exponential_3,150,50,rosenbrock,3,0.002316,1.326710,1.697071,1.911065,0.811300
3,0.585390,2.419483,exponential_3,150,50,rosenbrock,3,0.008847,0.848403,0.691438,2.511234,2.316660
3,1.507637,2.066557,exponential_3,150,50,rosenbrock,3,0.000000,0.394108,0.594645,2.303405,0.894715
3,1.099883,10.000000,exponential_3,150,50,rosenbrock,3,0.001558,0.322393,0.402225,1.876995,2.463835
3,1.765111,2.419483,exponential_3,150,50,rosenbrock,3,0.000731,0.452856,0.308378,2.407976,1.080100
3,10.000000,1.765111,quadratic,150,50,rosenbrock,3,0.015622,1.588876,0.740516,2.370519,1.096770
3,1.099883,4.545940,exponential_3,150,50,rosenbrock,3,0.018355,0.626023,0.367879,2.726408,0.897315
3,0.500000,8.541316,exponential_3,150,50,rosenbrock,3,0.074251,0.345555,0.429386,1.495159,1.066865
3,0.939444,10.000000,exponential_3,150,50,rosenbrock,3,0.011444,0.614940,0.424078,2.190297,0.981560
3,0.500000,2.066557,exponential_3,150,50,rosenbrock,3,0.002444,0.919395,1.065336,1.518579,0.848795
3,1.765111,3.316448,exponential_3,150,50,rosenbrock,3,0.012061,0.958210,0.530769,3.866703,0.871160
3,1.507637,8.541316,exponential_3,150,50,rosenbrock,3,0.002744,0.287306,0.331200,2.676701,0.735475
3,0.585390,1.507637,exponential_3,150,50,rosenbrock,3,0.005769,1.801114,1.783034,2.960742,1.601685
3,0.685363,2.832683,exponential_3,150,50,rosenbrock,3,0.000417,0.718728,0.646198,2.803770,1.633675
3,1.507637,5.322296,exponential_3,150,50,rosenbrock,3,0.033938,0.269589,0.341381,1.438883,0.950725
3,0.802409,5.322296,exponential_3,150,50,rosenbrock,3,0.000022,0.343085,0.398317,2.364472,0.847385
3,1.507637,0.500000,exponential_3,150,50,rosenbrock,3,0.001183,1.305033,1.293199,6.034144,1.720615
3,1.507637,0.802409,exponential_3,150,50,rosenbrock,3,0.000280,0.546227,0.714786,3.090893,0.897600
3,10.000000,1.099883,quadratic,150,50,rosenbrock,3,0.000147,0.258770,0.271791,3.051539,1.225885
3,0.585390,6.231237,exponential_3,150,50,rosenbrock,3,0.041199,0.527916,0.594897,1.690353,1.740570
3,10.000000,7.295407,quadratic,150,50,rosenbrock,3,1.457963,6.222931,7.232845,9.990364,1.134850
3,1.287720,3.316448,exponential_3,150,50,rosenbrock,3,0.018759,0.477506,0.390768,3.691572,0.924190
3,0.585390,0.585390,exponential_3,150,50,rosenbrock,3,0.008301,2.513302,3.612047,31.923893,1.120695
3,0.685363,1.099883,exponential_3,150,50,rosenbrock,3,0.000000,0.695460,0.940982,0.963914,1.707245
3,0.585390,10.000000,exponential_3,150,50,rosenbrock,3,0.023585,0.460402,0.338727,1.897981,1.787440
3,1.287720,0.802409,exponential_3,150,50,rosenbrock,3,0.015295,0.735976,0.613930,3.355038,0.726295
3,1.287720,1.287720,exponential_3,150,50,rosenbrock,3,0.105399,1.011739,0.906603,2.788294,1.340005
3,1.287720,5.322296,exponential_3,150,50,rosenbrock,3,0.002944,0.619132,0.390358,3.272280,0.960975
3,1.765111,0.802409,exponential_3,150,50,rosenbrock,3,0.026551,1.036766,1.133973,1.921162,0.848465
3,1.287720,8.541316,exponential_3,150,50,rosenbrock,3,0.000694,0.247254,0.272578,2.258480,1.111645
3,0.939444,2.419483,exponential_3,150,50,rosenbrock,3,0.029513,0.525345,0.754913,1.010686,1.029705
3,2.419483,0.939444,exponential_3,150,50,rosenbrock,3,0.023851,0.519897,0.604658,3.245488,1.017270
3,0.685363,0.685363,exponential_3,150,50,rosenbrock,3,0.002353,1.579142,2.219040,5.949513,1.254185
3,2.419483,0.685363,exponential_3,150,50,rosenbrock,3,0.000488,1.281899,0.831626,2.359144,1.059385
3,1.765111,1.507637,exponential_3,150,50,rosenbrock,3,0.049475,0.787836,0.676051,2.525774,0.966760
3,2.419483,0.500000,exponential_3,150,50,rosenbrock,3,0.001808,1.187014,0.628538,2.723036,1.110475
3,1.765111,1.099883,exponential_3,150,50,rosenbrock,3,0.000001,0.358753,0.418961,2.701867,1.018550
3,1.287720,2.066557,exponential_3,150,50,rosenbrock,3,0.010486,0.609962,0.489131,2.782011,1.044625
3,0.802409,0.500000,exponential_3,150,50,rosenbrock,3,0.111957,2.925169,3.604498,6.199408,1.421685
3,1.507637,1.287720,exponential_3,150,50,rosenbrock,3,0.000136,0.592546,0.665478,1.127921,1.607200
3,2.419483,1.287720,exponential_3,150,50,rosenbrock,3,0.134366,1.528479,0.673769,2.992994,0.815095
3,2.066557,1.765111,exponential_3,150,50,rosenbrock,3,0.001740,0.699316,0.481036,3.015636,1.466880
3,0.685363,1.765111,exponential_3,150,50,rosenbrock,3,0.006931,0.885775,0.808554,2.720064,2.108995
3,1.765111,6.231237,exponential_3,150,50,rosenbrock,3,0.011461,0.206217,0.291460,1.134939,1.798780
3,3.316448,1.765111,exponential_3,150,50,rosenbrock,3,0.005188,0.396905,0.403484,2.925668,1.635505
3,2.066557,6.231237,exponential_3,150,50,rosenbrock,3,0.008735,0.411059,0.225948,3.816206,1.650425
3,2.419483,2.419483,exponential_3,150,50,rosenbrock,3,0.100952,1.218945,0.489657,3.523772,0.685875
3,2.832683,0.939444,exponential_3,150,50,rosenbrock,3,0.017063,0.499711,0.399039,3.395318,0.691200
3,2.419483,4.545940,exponential_3,150,50,rosenbrock,3,0.036700,0.836976,0.522708,3.077772,0.832850
3,2.832683,3.316448,exponential_3,150,50,rosenbrock,3,0.000098,0.329463,0.343937,2.870577,0.717325
3,2.832683,0.685363,exponential_3,150,50,rosenbrock,3,0.000034,1.103429,0.724123,3.400825,0.784155
3,1.765111,2.066557,exponential_3,150,50,rosenbrock,3,0.007421,0.191518,0.193150,1.991532,0.836110
3,2.832683,1.765111,exponential_3,150,50,rosenbrock,3,0.000685,0.310570,0.397400,2.855312,0.860460
3,1.507637,2.419483,exponential_3,150,50,rosenbrock,3,0.129374,0.362503,0.376657,2.082599,0.691090
3,1.765111,8.541316,exponential_3,150,50,rosenbrock,3,0.004437,0.219004,0.271922,2.051978,2.207575
3,1.765111,4.545940,exponential_3,150,50,rosenbrock,3,0.000136,0.360656,0.363590,1.498668,2.283660
3,2.066557,0.685363,exponential_3,150,50,rosenbrock,3,0.024327,0.623487,0.417219,3.064641,2.270095
3,0.685363,4.545940,exponential_3,150,50,rosenbrock,3,0.008696,0.251159,0.312864,3.022860,2.409150
3,2.066557,1.287720,exponential_3,150,50,rosenbrock,3,0.033667,1.555596,1.005889,2.542430,2.358920
3,2.066557,0.500000,exponential_3,150,50,rosenbrock,3,0.000157,0.626834,0.451893,3.475880,2.507835
3,2.066557,0.939444,exponential_3,150,50,rosenbrock,3,0.013932,1.345200,1.266158,2.564443,2.554430
3,2.066557,2.419483,exponential_3,150,50,rosenbrock,3,0.000164,0.224215,0.291232,0.844846,2.542170
3,2.832683,8.541316,exponential_3,150,50,rosenbrock,3,0.005577,0.333890,0.272759,1.907817,0.794140
3,2.066557,4.545940,exponential_3,150,50,rosenbrock,3,0.006309,0.188934,0.248127,2.106449,2.541130
3,2.066557,8.541316,exponential_3,150,50,rosenbrock,3,0.006630,0.553292,0.340821,2.113897,2.553795
3,1.507637,3.316448,exponential_3,150,50,rosenbrock,3,0.005350,0.315282,0.337522,2.853514,2.578800
3,3.316448,0.685363,exponential_3,150,50,rosenbrock,3,0.003164,0.852120,0.631601,3.172935,0.762565
3,1.765111,3.882831,exponential_3,150,50,rosenbrock,3,0.002168,0.405421,0.442475,1.614836,0.874860
3,1.765111,0.585390,exponential_3,150,50,rosenbrock,3,0.001958,0.768553,0.897573,1.839867,2.428730
3,1.507637,10.000000,exponential_3,150,50,rosenbrock,3,0.000001,0.636538,0.352522,1.931193,0.940410
3,1.507637,6.231237,exponential_3,150,50,rosenbrock,3,0.065856,1.121808,0.376340,2.866247,0.927250
3,3.316448,2.419483,exponential_3,150,50,rosenbrock,3,0.004299,0.671492,0.351578,3.222331,0.954995
3,1.507637,0.939444,exponential_3,150,50,rosenbrock,3,0.036496,1.283040,0.914978,3.606941,1.017605
3,3.316448,8.541316,exponential_3,150,50,rosenbrock,3,0.126970,1.219242,0.406610,2.193419,1.032325
3,0.939444,6.231237,exponential_3,150,50,rosenbrock,3,0.007891,0.241580,0.319533,1.189076,2.405190
3,2.419483,8.541316,exponential_3,150,50,rosenbrock,3,0.003150,0.579713,0.307090,2.354252,2.061410
3,2.832683,0.500000,exponential_3,150,50,rosenbrock,3,0.000327,1.014332,0.919154,1.592175,2.165205
3,0.585390,3.882831,exponential_3,150,50,rosenbrock,3,0.000244,0.414448,0.458533,2.171135,2.352580
3,2.419483,1.765111,exponential_3,150,50,rosenbrock,3,0.014780,0.489093,0.519973,2.815805,2.384090
3,3.882831,2.419483,exponential_3,150,50,rosenbrock,3,0.006125,0.403778,0.311710,2.088237,0.997630
3,2.832683,6.231237,exponential_3,150,50,rosenbrock,3,0.000129,0.173007,0.223848,1.234704,1.919320
3,3.882831,6.231237,exponential_3,150,50,rosenbrock,3,0.000852,1.164635,0.342057,2.422096,0.784820
3,3.882831,3.316448,exponential_3,150,50,rosenbrock,3,0.018696,1.665679,1.547741,2.302860,1.020095
3,3.882831,1.287720,exponential_3,150,50,rosenbrock,3,0.000610,0.252868,0.360595,1.519246,1.213125
3,3.882831,1.765111,exponential_3,150,50,rosenbrock,3,0.000209,0.249634,0.285746,1.779374,1.205030
3,3.882831,4.545940,exponential_3,150,50,rosenbrock,3,0.023547,0.236409,0.305917,1.510342,1.037650
3,2.419483,1.099883,exponential_3,150,50,rosenbrock,3,0.000252,0.518005,0.567688,3.335439,0.778865
3,2.066557,3.316448,exponential_3,150,50,rosenbrock,3,0.011132,0.664910,0.385593,2.770154,1.787770
3,2.419483,6.231237,exponential_3,150,50,rosenbrock,3,0.009174,0.296702,0.303445,1.920935,2.654900
3,3.316448,0.500000,exponential_3,150,50,rosenbrock,3,0.005589,0.746020,0.735152,2.832613,2.011870
3,1.765111,2.832683,exponential_3,150,50,rosenbrock,3,0.004049,0.446059,0.382128,2.442483,2.299410
3,2.832683,4.545940,exponential_3,150,50,rosenbrock,3,0.000750,0.327228,0.298205,1.518486,2.521300
3,3.316448,6.231237,exponential_3,150,50,rosenbrock,3,0.009630,0.252836,0.276271,2.713853,1.783395
3,3.316448,0.939444,exponential_3,150,50,rosenbrock,3,0.013537,0.296387,0.362692,2.543861,1.951125
3,1.287720,0.500000,exponential_3,150,50,rosenbrock,3,0.085629,2.168697,3.251912,3.576213,2.454895
3,2.832683,2.419483,exponential_3,150,50,rosenbrock,3,0.057936,0.324666,0.375526,1.675724,2.681410
3,1.099883,1.099883,exponential_3,150,50,rosenbrock,3,0.010835,0.643409,0.909170,1.487165,2.737295
3,1.099883,7.295407,exponential_3,150,50,rosenbrock,3,0.000198,0.736086,0.388152,2.100302,2.761540
3,2.419483,0.802409,exponential_3,150,50,rosenbrock,3,0.019027,1.320528,1.177046,2.817222,0.800935
3,2.419483,3.316448,exponential_3,150,50,rosenbrock,3,0.008852,0.534306,0.416048,2.944424,2.847590
3,3.316448,3.316448,exponential_3,150,50,rosenbrock,3,0.003048,0.283364,0.313618,1.211330,1.913615
3,3.882831,0.500000,exponential_3,150,50,rosenbrock,3,0.006970,1.506526,1.604308,2.834175,1.813985
3,4.545940,0.500000,exponential_3,150,50,rosenbrock,3,0.002496,0.722759,0.644662,3.271379,0.767080
3,1.507637,0.585390,exponential_3,150,50,rosenbrock,3,0.014408,1.386087,1.265227,2.334705,1.992890
3,2.832683,1.287720,exponential_3,150,50,rosenbrock,3,0.004825,1.377384,0.828944,4.066836,2.901005
3,3.316448,4.545940,exponential_3,150,50,rosenbrock,3,0.000108,0.854081,0.316134,2.414232,2.095065
3,3.316448,1.287720,exponential_3,150,50,rosenbrock,3,0.042131,0.957591,0.451053,2.733691,2.348430
3,4.545940,0.685363,exponential_3,150,50,rosenbrock,3,0.032151,0.317061,0.350565,1.804448,0.866255
3,3.882831,0.685363,exponential_3,150,50,rosenbrock,3,0.000565,0.517242,0.640732,2.174343,2.318540
3,3.882831,0.939444,exponential_3,150,50,rosenbrock,3,0.019152,0.420821,0.478278,2.583413,2.253770
3,2.832683,0.802409,exponential_3,150,50,rosenbrock,3,0.002310,0.458747,0.623011,1.446430,0.757665
3,2.419483,5.322296,exponential_3,150,50,rosenbrock,3,0.000006,0.320094,0.301872,0.834866,0.957415
3,2.832683,3.882831,exponential_3,150,50,rosenbrock,3,0.003558,0.517922,0.446612,1.698892,0.886665
3,3.882831,8.541316,exponential_3,150,50,rosenbrock,3,0.002960,0.285436,0.350009,2.789690,1.792380
3,2.832683,2.066557,exponential_3,150,50,rosenbrock,3,0.001070,1.380710,0.427427,2.478871,0.865285
3,2.419483,0.585390,exponential_3,150,50,rosenbrock,3,0.001282,0.621919,0.762308,2.524672,1.504195
3,4.545940,1.287720,exponential_3,150,50,rosenbrock,3,0.001021,0.133707,0.138137,1.239060,1.388755
3,4.545940,2.419483,exponential_3,150,50,rosenbrock,3,0.000010,0.973479,0.288523,3.838234,1.030670
3,4.545940,3.316448,exponential_3,150,50,rosenbrock,3,0.002698,0.303660,0.272250,2.303693,1.011120
3,2.066557,2.066557,exponential_3,150,50,rosenbrock,3,0.047688,0.433658,0.516454,1.356676,1.443010
3,4.545940,1.765111,exponential_3,150,50,rosenbrock,3,0.002950,0.989670,0.266336,4.178275,1.455170
3,1.765111,7.295407,exponential_3,150,50,rosenbrock,3,0.007481,1.157504,0.384181,2.388009,1.463585
3,3.316448,2.066557,exponential_3,150,50,rosenbrock,3,0.000005,0.404863,0.392703,1.406799,1.479810
3,2.066557,7.295407,exponential_3,150,50,rosenbrock,3,0.001956,0.405523,0.355186,1.677246,1.454285
3,2.832683,10.000000,exponential_3,150,50,rosenbrock,3,0.000005,1.418533,0.746989,2.352392,0.939415
3,4.545940,6.231237,exponential_3,150,50,rosenbrock,3,0.001469,0.954044,0.351676,3.090967,0.796085
3,3.316448,0.802409,exponential_3,150,50,rosenbrock,3,0.063403,0.631984,0.584749,1.761038,1.075975
3,2.419483,1.507637,exponential_3,150,50,rosenbrock,3,0.008539,0.881718,0.770816,3.010521,1.865900
3,5.322296,0.500000,exponential_3,150,50,rosenbrock,3,0.001868,0.522274,0.559589,3.654239,0.943595
3,5.322296,0.685363,exponential_3,150,50,rosenbrock,3,0.001789,0.648221,0.477101,1.523559,1.082305
3,2.419483,2.832683,exponential_3,150,50,rosenbrock,3,0.000086,0.508967,0.338009,2.208562,2.041195
3,4.545940,0.939444,exponential_3,150,50,rosenbrock,3,0.007771,0.608191,0.574663,2.078568,2.288665
3,3.316448,2.832683,exponential_3,150,50,rosenbrock,3,0.000514,0.373002,0.347330,2.477175,1.124575
3,5.322296,1.287720,exponential_3,150,50,rosenbrock,3,0.000518,0.641435,0.477792,2.447771,0.843000
3,2.832683,1.099883,exponential_3,150,50,rosenbrock,3,0.000001,0.192526,0.192819,0.295169,2.259590
3,5.322296,0.939444,exponential_3,150,50,rosenbrock,3,0.002180,0.682984,0.458022,1.766573,1.060430
3,3.316448,10.000000,exponential_3,150,50,rosenbrock,3,0.021936,0.536853,0.446441,1.969454,1.072360
3,2.832683,0.585390,exponential_3,150,50,rosenbrock,3,0.005714,0.393393,0.420972,1.554537,0.836525
3,2.419483,10.000000,exponential_3,150,50,rosenbrock,3,0.006509,0.542836,0.256427,2.022759,0.848860
3,5.322296,1.765111,exponential_3,150,50,rosenbrock,3,0.000875,0.344199,0.381053,1.573414,0.852745
3,2.419483,2.066557,exponential_3,150,50,rosenbrock,3,0.034091,0.365800,0.404058,2.033606,0.897765
3,1.507637,1.507637,exponential_3,150,50,rosenbrock,3,0.069516,1.288933,1.183864,2.668934,2.529080
3,3.882831,3.882831,exponential_3,150,50,rosenbrock,3,0.002999,0.271615,0.329647,2.800500,0.966525
3,3.882831,7.295407,exponential_3,150,50,rosenbrock,3,0.002085,1.585077,0.557174,3.741917,1.000770
3,3.882831,1.507637,exponential_3,150,50,rosenbrock,3,0.000056,0.171692,0.227640,0.725357,1.019445
3,3.882831,5.322296,exponential_3,150,50,rosenbrock,3,0.053171,0.420033,0.366279,1.800000,0.955055
3,3.882831,2.832683,exponential_3,150,50,rosenbrock,3,0.121353,1.244089,0.529866,3.586097,1.163700
3,3.882831,2.066557,exponential_3,150,50,rosenbrock,3,0.000056,0.120879,0.156392,1.139056,1.097190
3,5.322296,2.419483,exponential_3,150,50,rosenbrock,3,0.013819,0.851012,0.345280,2.475490,1.086125
3,2.066557,0.802409,exponential_3,150,50,rosenbrock,3,0.068716,0.673810,0.768361,2.724922,2.309920
3,2.066557,1.099883,exponential_3,150,50,rosenbrock,3,0.000299,1.096912,0.664713,3.735964,2.630100
3,6.231237,0.500000,exponential_3,150,50,rosenbrock,3,0.055738,0.721810,0.680848,1.471537,0.812810
3,6.231237,0.939444,exponential_3,150,50,rosenbrock,3,0.067078,0.245964,0.286033,2.723450,0.840855
3,2.066557,0.585390,exponential_3,150,50,rosenbrock,3,0.048334,1.164656,0.832716,3.483343,3.013695
3,1.507637,3.882831,exponential_3,150,50,rosenbrock,3,0.008727,0.290873,0.401209,1.349241,2.793630
3,4.545940,0.585390,exponential_3,150,50,rosenbrock,3,0.012922,0.339214,0.397493,2.232689,0.961990
3,1.765111,5.322296,exponential_3,150,50,rosenbrock,3,0.030740,0.311326,0.370174,1.022521,3.043820
3,1.765111,10.000000,exponential_3,150,50,rosenbrock,3,0.002209,0.284213,0.299658,2.894469,3.052745
3,4.545940,4.545940,exponential_3,150,50,rosenbrock,3,0.000939,0.469201,0.309765,3.009541,3.037955
3,2.066557,5.322296,exponential_3,150,50,rosenbrock,3,0.002055,0.311930,0.303825,1.528191,2.870765
3,2.066557,1.507637,exponential_3,150,50,rosenbrock,3,0.037887,1.313446,0.604376,3.153922,3.083070
3,6.231237,1.287720,exponential_3,150,50,rosenbrock,3,0.010837,0.306915,0.374960,2.610665,1.002020
3,6.231237,2.419483,exponential_3,150,50,rosenbrock,3,0.000117,0.427429,0.373551,1.619832,0.896785
3,2.066557,2.832683,exponential_3,150,50,rosenbrock,3,0.000462,1.161863,0.455363,3.751302,3.099255
3,4.545940,0.802409,exponential_3,150,50,rosenbrock,3,0.067669,0.379098,0.454801,2.574453,1.104535
3,6.231237,1.765111,exponential_3,150,50,rosenbrock,3,0.000920,0.563746,0.479824,3.006773,0.998260
3,6.231237,3.316448,exponential_3,150,50,rosenbrock,3,0.000003,1.001231,0.427187,2.306384,1.005065
3,2.066557,3.882831,exponential_3,150,50,rosenbrock,3,0.068328,1.234087,0.501068,3.822153,1.788790
3,2.066557,10.000000,exponential_3,150,50,rosenbrock,3,0.001044,0.433645,0.312657,2.927964,3.201865
3,4.545940,8.541316,exponential_3,150,50,rosenbrock,3,0.035771,1.080495,0.365374,3.272224,3.064495
3,4.545940,3.882831,exponential_3,150,50,rosenbrock,3,0.012106,1.412208,0.444991,2.439290,1.051115
3,4.545940,2.832683,exponential_3,150,50,rosenbrock,3,0.000134,0.482800,0.378500,3.055382,1.093470
3,2.832683,7.295407,exponential_3,150,50,rosenbrock,3,0.004018,0.324163,0.398549,2.819972,2.520125
3,3.316448,1.099883,exponential_3,150,50,rosenbrock,3,0.009973,1.202059,0.450525,3.680510,1.865855
3,5.322296,3.316448,exponential_3,150,50,rosenbrock,3,0.002363,0.942192,0.408205,2.086777,1.963190
3,3.316448,0.585390,exponential_3,150,50,rosenbrock,3,0.000002,1.835317,2.530558,2.902143,2.015720
3,3.316448,7.295407,exponential_3,150,50,rosenbrock,3,0.000258,0.594135,0.425704,1.699575,2.034330
3,7.295407,0.939444,exponential_3,150,50,rosenbrock,3,0.000025,0.785491,0.489417,2.575937,0.808880
3,7.295407,0.685363,exponential_3,150,50,rosenbrock,3,0.005081,0.814437,0.432164,2.354628,0.950340
3,3.882831,0.585390,exponential_3,150,50,rosenbrock,3,0.006571,1.154119,1.048313,2.886536,2.054895
3,2.419483,7.295407,exponential_3,150,50,rosenbrock,3,0.002028,0.192248,0.264982,1.135249,2.308900
3,2.419483,3.882831,exponential_3,150,50,rosenbrock,3,0.010910,0.386604,0.267053,1.993729,2.125070
3,3.316448,3.882831,exponential_3,150,50,rosenbrock,3,0.070585,0.427988,0.404704,1.949566,2.128200
3,7.295407,1.287720,exponential_3,150,50,rosenbrock,3,0.013918,0.351463,0.399637,2.271440,0.962030
3,5.322296,0.585390,exponential_3,150,50,rosenbrock,3,0.041818,1.145816,0.532581,2.169374,0.943725
3,4.545940,7.295407,exponential_3,150,50,rosenbrock,3,0.008869,0.312179,0.260924,2.982961,1.109995
3,3.316448,5.322296,exponential_3,150,50,rosenbrock,3,0.033359,0.591333,0.329331,2.107411,2.250655
3,4.545940,1.099883,exponential_3,150,50,rosenbrock,3,0.000354,0.475282,0.479785,2.427093,0.998900
3,2.832683,1.507637,exponential_3,150,50,rosenbrock,3,0.007153,0.331109,0.360382,0.684886,2.287050
3,5.322296,0.802409,exponential_3,150,50,rosenbrock,3,0.006983,0.551679,0.428522,2.235470,1.068000
3,7.295407,1.765111,exponential_3,150,50,rosenbrock,3,0.005835,0.289582,0.314536,1.546213,1.063145
3,5.322296,6.231237,exponential_3,150,50,rosenbrock,3,0.004963,0.505417,0.433078,2.959943,2.488015
3,5.322296,8.541316,exponential_3,150,50,rosenbrock,3,0.007225,1.626261,0.792481,3.781168,2.546680
3,4.545940,1.507637,exponential_3,150,50,rosenbrock,3,0.005516,0.200152,0.276389,2.519044,2.128035
3,5.322296,4.545940,exponential_3,150,50,rosenbrock,3,0.000067,1.009093,0.247727,2.731636,2.619480
3,2.832683,5.322296,exponential_3,150,50,rosenbrock,3,0.030350,0.464518,0.393809,2.604302,2.645830
3,6.231237,0.685363,exponential_3,150,50,rosenbrock,3,0.001140,0.766512,0.650993,1.860662,2.491255
3,7.295407,3.316448,exponential_3,150,50,rosenbrock,3,0.027403,0.224051,0.220791,1.722652,0.926315
3,3.882831,0.802409,exponential_3,150,50,rosenbrock,3,0.000655,0.376231,0.464061,1.382377,2.528305
3,7.295407,2.419483,exponential_3,150,50,rosenbrock,3,0.006793,1.247268,0.492233,3.756419,1.305695
3,5.322296,2.066557,exponential_3,150,50,rosenbrock,3,0.000000,0.214526,0.284511,1.220649,2.767420
3,3.316448,1.507637,exponential_3,150,50,rosenbrock,3,0.000335,0.353066,0.386794,1.890195,2.622900
3,3.882831,1.099883,exponential_3,150,50,rosenbrock,3,0.108451,0.577021,0.386364,3.189408,2.619045
3,5.322296,1.099883,exponential_3,150,50,rosenbrock,3,0.046315,0.452112,0.348072,2.473806,0.809685
3,3.882831,10.000000,exponential_3,150,50,rosenbrock,3,0.008225,0.559647,0.375126,1.921399,2.675415
3,8.541316,0.939444,exponential_3,150,50,rosenbrock,3,0.000375,0.468568,0.413096,2.326523,0.762870
3,8.541316,3.316448,exponential_3,150,50,rosenbrock,3,0.063656,1.231716,0.436041,3.124956,0.736060
3,8.541316,1.765111,exponential_3,150,50,rosenbrock,3,0.048643,1.498308,0.465476,2.653050,0.836920
3,8.541316,4.545940,exponential_3,150,50,rosenbrock,3,0.000791,0.590921,0.401879,2.271807,0.759575
3,8.541316,1.287720,exponential_3,150,50,rosenbrock,3,0.049925,0.395485,0.378549,1.760433,0.957715
3,7.295407,4.545940,exponential_3,150,50,rosenbrock,3,0.051451,0.342921,0.331492,1.709090,1.047325
3,4.545940,2.066557,exponential_3,150,50,rosenbrock,3,0.001331,0.223084,0.280108,2.090473,2.478580
3,6.231237,8.541316,exponential_3,150,50,rosenbrock,3,0.003406,0.606572,0.507443,3.234714,2.186470
3,5.322296,2.832683,exponential_3,150,50,rosenbrock,3,0.003203,1.107441,0.457189,3.312132,1.022110
3,6.231237,0.585390,exponential_3,150,50,rosenbrock,3,0.008923,0.325431,0.332953,2.151623,0.824855
3,6.231237,6.231237,exponential_3,150,50,rosenbrock,3,0.000000,0.435729,0.489220,1.980476,2.385750
3,6.231237,4.545940,exponential_3,150,50,rosenbrock,3,0.000048,0.684317,0.434772,3.106312,2.876555
3,6.231237,1.099883,exponential_3,150,50,rosenbrock,3,0.023512,0.947968,0.498995,3.097269,0.751570
3,5.322296,1.507637,exponential_3,150,50,rosenbrock,3,0.006148,0.260327,0.310277,2.919589,1.988420
3,8.541316,2.419483,exponential_3,150,50,rosenbrock,3,0.090434,1.120861,0.479123,2.352567,1.369115
3,7.295407,0.500000,exponential_3,150,50,rosenbrock,3,0.000440,1.059033,0.530270,3.590063,2.485315
3,8.541316,0.500000,exponential_3,150,50,rosenbrock,3,0.016158,0.758065,0.416214,1.675565,1.448275
3,7.295407,6.231237,exponential_3,150,50,rosenbrock,3,0.017815,0.604792,0.438298,3.119982,1.463450
3,7.295407,8.541316,exponential_3,150,50,rosenbrock,3,0.006824,0.879384,0.338886,2.311028,1.583710
3,2.832683,2.832683,exponential_3,150,50,rosenbrock,3,0.002108,0.523337,0.371996,2.680960,1.581165
3,8.541316,0.685363,exponential_3,150,50,rosenbrock,3,0.018366,0.386135,0.389205,1.247184,1.592815
3,6.231237,2.832683,exponential_3,150,50,rosenbrock,3,0.026648,0.319500,0.297747,1.560946,0.790950
3,6.231237,1.507637,exponential_3,150,50,rosenbrock,3,0.000552,0.536169,0.334794,3.445106,0.807525
3,10.000000,0.939444,exponential_3,150,50,rosenbrock,3,0.011939,0.410622,0.282205,1.964107,0.895645
3,8.541316,2.066557,exponential_3,150,50,rosenbrock,3,0.000546,0.277699,0.320303,1.793994,0.826740
3,6.231237,2.066557,exponential_3,150,50,rosenbrock,3,0.022126,0.373031,0.280570,2.341913,0.745415
3,10.000000,6.231237,exponential_3,150,50,rosenbrock,3,0.035754,0.656499,0.573390,2.248939,0.885740
3,6.231237,3.882831,exponential_3,150,50,rosenbrock,3,0.014115,0.211243,0.275738,1.808644,0.913270
3,8.541316,6.231237,exponential_3,150,50,rosenbrock,3,0.004571,0.251989,0.317760,2.021717,1.679130
3,0.500000,0.685363,exponential_5,150,50,rosenbrock,3,0.000306,1.552110,1.722323,2.175839,0.764075
3,0.500000,0.939444,exponential_5,150,50,rosenbrock,3,0.004868,1.214750,1.357621,2.687595,0.778280
3,10.000000,1.287720,exponential_3,150,50,rosenbrock,3,0.004469,0.250308,0.328885,1.261752,1.556975
3,10.000000,2.419483,exponential_3,150,50,rosenbrock,3,0.013669,0.296155,0.351852,1.790253,1.559330
3,10.000000,8.541316,exponential_3,150,50,rosenbrock,3,0.031008,1.874329,2.301461,2.105442,1.191380
3,7.295407,0.802409,exponential_3,150,50,rosenbrock,3,0.021775,0.452229,0.532078,1.462656,0.770900
3,0.585390,0.685363,exponential_5,150,50,rosenbrock,3,0.019352,2.084694,2.826471,3.148297,0.766425
3,0.585390,0.939444,exponential_5,150,50,rosenbrock,3,0.003019,1.745678,2.476112,2.328202,0.759440
3,7.295407,1.099883,exponential_3,150,50,rosenbrock,3,0.010710,0.200400,0.238469,1.132676,0.870135
3,0.585390,1.765111,exponential_5,150,50,rosenbrock,3,0.006350,1.106039,1.285699,1.805268,0.762760
3,7.295407,1.507637,exponential_3,150,50,rosenbrock,3,0.004690,0.350387,0.350434,4.361559,0.889815
3,10.000000,0.500000,exponential_3,150,50,rosenbrock,3,0.000996,0.755130,0.461931,3.788714,1.993285
3,0.585390,3.316448,exponential_5,150,50,rosenbrock,3,0.010605,0.881627,0.630951,3.076758,0.811235
3,7.295407,2.066557,exponential_3,150,50,rosenbrock,3,0.008186,0.288150,0.320070,2.213416,0.785125
3,8.541316,8.541316,exponential_3,150,50,rosenbrock,3,0.112618,2.271436,2.724451,3.690565,2.552120
3,10.000000,1.765111,exponential_3,150,50,rosenbrock,3,0.000003,0.599940,0.343689,2.168087,2.202075
3,4.545940,5.322296,exponential_3,150,50,rosenbrock,3,0.022711,0.346542,0.399304,1.587697,2.202850
3,8.541316,1.099883,exponential_3,150,50,rosenbrock,3,0.002886,0.327614,0.399011,1.486023,0.865960
3,7.295407,2.832683,exponential_3,150,50,rosenbrock,3,0.000281,0.227639,0.269835,2.644628,0.919250
3,10.000000,0.685363,exponential_3,150,50,rosenbrock,3,0.035125,0.298548,0.366980,2.116832,2.708985
3,8.541316,3.882831,exponential_3,150,50,rosenbrock,3,0.019531,0.755987,0.352139,3.308944,0.863940
3,10.000000,4.545940,exponential_3,150,50,rosenbrock,3,0.020805,0.860636,0.431438,2.306553,2.536320
3,7.295407,5.322296,exponential_3,150,50,rosenbrock,3,0.008380,0.289215,0.392371,2.724462,0.801435
3,0.585390,1.287720,exponential_5,150,50,rosenbrock,3,0.001602,1.186187,1.302029,1.564573,1.653380
3,7.295407,3.882831,exponential_3,150,50,rosenbrock,3,0.107020,0.631600,0.489910,1.898056,1.068725
3,0.685363,1.287720,exponential_5,150,50,rosenbrock,3,0.013299,1.104114,0.912934,2.593512,0.968455
3,0.500000,0.500000,exponential_5,150,50,rosenbrock,3,0.241537,3.309831,3.633539,77.034508,2.240260
3,0.585390,2.419483,exponential_5,150,50,rosenbrock,3,0.088877,1.620183,1.846577,2.024453,1.704890
3,8.541316,1.507637,exponential_3,150,50,rosenbrock,3,0.147873,2.189428,2.816190,2.340961,0.937635
3,8.541316,5.322296,exponential_3,150,50,rosenbrock,3,0.027264,0.685504,0.547837,1.987534,0.986515
3,0.685363,3.316448,exponential_5,150,50,rosenbrock,3,0.022499,0.682797,0.685745,2.973862,0.858790
3,0.500000,1.287720,exponential_5,150,50,rosenbrock,3,0.228192,1.589773,1.552530,3.087104,2.486965
3,0.500000,3.316448,exponential_5,150,50,rosenbrock,3,0.000178,0.768476,0.786007,1.639201,2.419530
3,0.500000,4.545940,exponential_5,150,50,rosenbrock,3,0.021176,0.762942,0.556647,2.253970,2.463180
3,0.500000,6.231237,exponential_5,150,50,rosenbrock,3,0.029585,0.389913,0.402242,2.707924,2.444605
3,0.500000,1.765111,exponential_5,150,50,rosenbrock,3,0.144180,1.409766,1.297037,2.145741,2.609470
3,4.545940,10.000000,exponential_3,150,50,rosenbrock,3,0.000055,1.304406,0.554473,3.972969,2.915025
3,0.500000,8.541316,exponential_5,150,50,rosenbrock,3,0.001489,0.440297,0.600588,2.904010,2.504415
3,0.585390,0.500000,exponential_5,150,50,rosenbrock,3,0.008675,1.441406,1.049024,10.394885,2.519105
3,0.500000,2.419483,exponential_5,150,50,rosenbrock,3,0.008024,0.619310,0.565505,3.032703,2.671925
3,5.322296,3.882831,exponential_3,150,50,rosenbrock,3,0.001032,0.247159,0.387843,2.952770,2.719735
3,0.685363,1.507637,exponential_5,150,50,rosenbrock,3,0.000584,1.417884,1.090556,3.296656,0.922130
3,0.685363,6.231237,exponential_5,150,50,rosenbrock,3,0.006378,0.823839,0.752804,2.646860,1.020945
3,0.802409,0.685363,exponential_5,150,50,rosenbrock,3,0.044697,1.660500,2.096255,3.058989,1.030040
3,10.000000,3.316448,exponential_3,150,50,rosenbrock,3,0.022810,1.133302,0.433077,3.101472,1.960980
3,0.802409,1.765111,exponential_5,150,50,rosenbrock,3,0.034715,0.809776,0.692684,1.883120,1.005135
3,8.541316,2.832683,exponential_3,150,50,rosenbrock,3,0.003147,0.194517,0.278998,1.948704,1.179220
3,10.000000,1.099883,exponential_3,150,50,rosenbrock,3,0.008743,0.337761,0.350181,3.370495,1.133565
3,0.802409,2.419483,exponential_5,150,50,rosenbrock,3,0.030886,0.424686,0.421128,1.810796,1.047195
3,0.802409,0.939444,exponential_5,150,50,rosenbrock,3,0.007626,0.641681,0.713679,2.756290,1.231405
3,5.322296,7.295407,exponential_3,150,50,rosenbrock,3,0.000081,0.794540,0.397527,2.671934,2.632000
3,10.000000,7.295407,exponential_3,150,50,rosenbrock,3,0.001916,1.137324,0.777933,3.164738,1.148215
3,10.000000,0.802409,exponential_3,150,50,rosenbrock,3,0.021998,0.862446,0.466096,2.865979,1.360780
3,0.802409,1.287720,exponential_5,150,50,rosenbrock,3,0.017758,0.995326,0.977280,2.545315,1.238385
3,0.585390,4.545940,exponential_5,150,50,rosenbrock,3,0.001302,0.807331,0.644923,2.356303,2.540275
3,0.585390,8.541316,exponential_5,150,50,rosenbrock,3,0.000000,0.549097,0.272296,1.979863,2.391240
3,10.000000,2.066557,exponential_3,150,50,rosenbrock,3,0.033875,0.824591,0.593825,2.488190,1.881410
3,5.322296,10.000000,exponential_3,150,50,rosenbrock,3,0.000479,0.642430,0.390436,2.104527,2.849510
3,0.685363,0.500000,exponential_5,150,50,rosenbrock,3,0.019545,3.491742,3.230637,44.041931,2.592875
3,0.500000,0.802409,exponential_5,150,50,rosenbrock,3,0.002593,1.494665,1.749844,2.467268,1.148855
3,0.685363,1.765111,exponential_5,150,50,rosenbrock,3,0.000146,1.412038,1.301449,2.823389,2.597870
3,8.541316,7.295407,exponential_3,150,50,rosenbrock,3,0.171091,2.272045,3.062162,3.754316,1.252690
3,0.685363,0.685363,exponential_5,150,50,rosenbrock,3,0.000444,2.099227,2.712807,2.756740,2.689355
3,0.500000,1.099883,exponential_5,150,50,rosenbrock,3,0.004273,1.231093,1.423687,2.713235,0.895955
3,0.585390,6.231237,exponential_5,150,50,rosenbrock,3,0.000453,0.854955,0.609430,3.423625,2.843080
3,7.295407,7.295407,exponential_3,150,50,rosenbrock,3,0.000460,1.120014,0.594113,4.036128,1.792965
3,5.322296,5.322296,exponential_3,150,50,rosenbrock,3,0.005129,0.214680,0.277606,2.534405,2.875015
3,6.231237,0.802409,exponential_3,150,50,rosenbrock,3,0.061427,0.450823,0.408020,1.235909,2.889315
3,0.685363,0.939444,exponential_5,150,50,rosenbrock,3,0.009205,1.569974,1.728665,3.260499,2.818020
3,0.685363,2.419483,exponential_5,150,50,rosenbrock,3,0.000010,1.298674,0.771342,2.440329,2.694310
3,0.802409,0.500000,exponential_5,150,50,rosenbrock,3,0.057915,2.265651,2.695107,2.717599,2.044585
3,0.802409,4.545940,exponential_5,150,50,rosenbrock,3,0.000464,1.170679,0.394821,3.900086,0.826260
3,6.231237,10.000000,exponential_3,150,50,rosenbrock,3,0.000562,0.356903,0.537879,1.842852,2.695420
3,0.802409,6.231237,exponential_5,150,50,rosenbrock,3,0.032971,0.845765,0.675985,2.231497,0.805080
3,0.802409,3.316448,exponential_5,150,50,rosenbrock,3,0.029259,0.987264,0.731604,3.173904,0.950910
3,10.000000,1.507637,exponential_3,150,50,rosenbrock,3,0.123859,1.009717,0.474644,2.151551,0.985295
3,7.295407,0.585390,exponential_3,150,50,rosenbrock,3,0.002467,0.337922,0.432891,1.278651,2.141500
3,0.585390,1.099883,exponential_5,150,50,rosenbrock,3,0.013868,1.900169,2.320406,2.654329,0.910675
3,7.295407,10.000000,exponential_3,150,50,rosenbrock,3,0.008808,1.404272,0.871255,2.708222,2.147310
3,6.231237,7.295407,exponential_3,150,50,rosenbrock,3,0.000001,1.298895,0.526751,2.464494,2.415280
3,10.000000,2.832683,exponential_3,150,50,rosenbrock,3,0.003661,1.117194,0.703154,3.717402,1.055285
3,8.541316,0.585390,exponential_3,150,50,rosenbrock,3,0.001015,0.230603,0.343550,2.955432,2.214850
3,6.231237,5.322296,exponential_3,150,50,rosenbrock,3,0.000236,1.859401,0.786050,2.753396,2.286245
3,0.585390,2.066557,exponential_5,150,50,rosenbrock,3,0.026917,1.109274,1.102791,2.321062,0.984540
3,10.000000,10.000000,exponential_3,150,50,rosenbrock,3,0.305435,2.928874,3.897397,2.292472,1.112325
3,0.585390,0.802409,exponential_5,150,50,rosenbrock,3,0.015060,1.261458,1.464072,2.254930,1.129200
3,10.000000,0.585390,exponential_3,150,50,rosenbrock,3,0.048834,0.307722,0.367972,2.894622,0.959280
3,0.585390,3.882831,exponential_5,150,50,rosenbrock,3,0.004361,1.737965,0.938750,2.779717,0.887620
3,0.802409,8.541316,exponential_5,150,50,rosenbrock,3,0.006285,0.946350,0.637538,2.973004,0.737965
3,0.685363,4.545940,exponential_5,150,50,rosenbrock,3,0.009249,0.343765,0.455390,3.145502,0.929170
3,0.939444,0.685363,exponential_5,150,50,rosenbrock,3,0.004102,1.442276,1.836061,2.352070,0.763450
3,0.685363,8.541316,exponential_5,150,50,rosenbrock,3,0.035051,0.331693,0.436109,1.415383,0.819520
3,0.939444,2.419483,exponential_5,150,50,rosenbrock,3,0.003603,0.434051,0.586643,2.176305,0.764240
3,10.000000,5.322296,exponential_3,150,50,rosenbrock,3,0.002746,0.853500,0.727277,2.945759,0.904390
3,0.585390,1.507637,exponential_5,150,50,rosenbrock,3,0.009332,2.437346,3.468410,2.272634,0.823015
3,0.685363,3.882831,exponential_5,150,50,rosenbrock,3,0.000059,0.449686,0.518488,2.614734,0.689755
3,8.541316,10.000000,exponential_3,150,50,rosenbrock,3,0.021496,1.232483,0.870863,2.568583,1.367240
3,0.585390,2.832683,exponential_5,150,50,rosenbrock,3,0.001157,1.448446,0.948167,3.990189,0.816505
3,0.939444,1.287720,exponential_5,150,50,rosenbrock,3,0.025894,1.191630,1.062016,2.078433,1.034410
3,8.541316,0.802409,exponential_3,150,50,rosenbrock,3,0.001334,0.267025,0.294933,2.935354,0.833425
3,0.939444,4.545940,exponential_5,150,50,rosenbrock,3,0.004623,0.941068,0.475714,3.628324,0.820915
3,0.939444,3.316448,exponential_5,150,50,rosenbrock,3,0.003425,0.763062,0.708102,2.200456,0.920080
3,0.939444,0.939444,exponential_5,150,50,rosenbrock,3,0.008542,1.485746,1.269672,3.502667,1.265895
3,0.939444,0.500000,exponential_5,150,50,rosenbrock,3,0.010961,1.713058,1.834627,13.330961,1.541445
3,1.099883,0.500000,exponential_5,150,50,rosenbrock,3,0.008758,1.415920,1.273715,2.707428,0.769275
3,0.802409,0.802409,exponential_5,150,50,rosenbrock,3,0.000057,0.467453,0.632413,19.941748,0.773645
3,0.685363,7.295407,exponential_5,150,50,rosenbrock,3,0.033920,0.598494,0.629460,2.859277,0.875035
3,1.099883,0.685363,exponential_5,150,50,rosenbrock,3,0.000343,1.610705,1.202306,86.819542,0.677015
3,1.099883,0.939444,exponential_5,150,50,rosenbrock,3,0.018848,1.175097,1.001088,1.866491,0.691495
3,0.802409,1.099883,exponential_5,150,50,rosenbrock,3,0.000067,1.087416,1.050611,1.775165,0.702900
3,1.099883,1.765111,exponential_5,150,50,rosenbrock,3,0.008964,0.470848,0.620905,2.833000,0.680740
3,0.802409,2.832683,exponential_5,150,50,rosenbrock,3,0.036149,0.521748,0.513399,1.299240,0.751210
3,0.802409,1.507637,exponential_5,150,50,rosenbrock,3,0.005374,1.460559,0.945431,3.124747,0.701500
3,0.685363,5.322296,exponential_5,150,50,rosenbrock,3,0.005436,0.461622,0.506626,2.669922,1.431865
3,1.099883,6.231237,exponential_5,150,50,rosenbrock,3,0.011486,0.552558,0.450197,1.642784,0.723355
3,1.287720,0.500000,exponential_5,150,50,rosenbrock,3,0.002452,2.001628,1.062763,3.261626,0.699580
3,0.500000,0.585390,exponential_5,150,50,rosenbrock,3,0.032804,3.702744,5.367223,38.003448,2.112880
3,0.939444,1.765111,exponential_5,150,50,rosenbrock,3,0.000018,0.667703,0.683680,2.658287,2.277410
3,0.500000,2.066557,exponential_5,150,50,rosenbrock,3,0.010284,1.001768,0.614445,3.729135,1.879180
3,1.099883,1.099883,exponential_5,150,50,rosenbrock,3,0.002487,1.423373,1.318690,2.982881,0.683600
3,0.802409,3.882831,exponential_5,150,50,rosenbrock,3,0.000068,0.710175,0.392275,2.892810,0.681445
3,0.802409,5.322296,exponential_5,150,50,rosenbrock,3,0.010932,1.131454,0.603566,1.976147,0.788215
3,0.802409,7.295407,exponential_5,150,50,rosenbrock,3,0.051958,0.371737,0.477243,1.895717,0.739495
3,1.287720,2.419483,exponential_5,150,50,rosenbrock,3,0.002612,0.584409,0.692249,2.658364,0.791630
3,0.500000,10.000000,exponential_5,150,50,rosenbrock,3,0.009472,0.363345,0.262643,2.518454,2.057740
3,1.287720,6.231237,exponential_5,150,50,rosenbrock,3,0.002236,0.773411,0.528176,3.095962,0.698355
3,0.939444,6.231237,exponential_5,150,50,rosenbrock,3,0.000047,0.201019,0.275914,0.208554,2.289590
3,0.500000,5.322296,exponential_5,150,50,rosenbrock,3,0.014189,0.982138,0.651520,3.432737,2.440250
3,0.500000,3.882831,exponential_5,150,50,rosenbrock,3,0.046566,1.192835,0.894407,3.072480,2.459650
3,0.500000,2.832683,exponential_5,150,50,rosenbrock,3,0.011936,1.049502,0.917473,3.398853,2.308680
3,1.507637,1.765111,exponential_5,150,50,rosenbrock,3,0.007529,0.707117,0.665790,2.285467,0.862815
3,0.500000,1.507637,exponential_5,150,50,rosenbrock,3,0.000659,1.365522,1.735048,1.819666,2.664945
3,1.507637,3.316448,exponential_5,150,50,rosenbrock,3,0.011473,0.254411,0.277860,0.866782,0.936615
3,0.802409,2.066557,exponential_5,150,50,rosenbrock,3,0.000061,1.493626,1.795660,2.986323,2.269565
3,10.000000,3.882831,exponential_3,150,50,rosenbrock,3,0.000194,1.733334,0.737697,2.323973,2.391970
3,1.507637,6.231237,exponential_5,150,50,rosenbrock,3,0.000112,0.226751,0.323647,1.310860,0.807255
3,0.500000,7.295407,exponential_5,150,50,rosenbrock,3,0.000201,0.319573,0.437904,2.813794,2.743325
3,0.585390,0.585390,exponential_5,150,50,rosenbrock,3,0.107840,1.823748,2.517308,2.041601,2.710300
3,0.939444,0.802409,exponential_5,150,50,rosenbrock,3,0.000010,1.009106,1.183301,2.595717,0.806400
3,0.802409,10.000000,exponential_5,150,50,rosenbrock,3,0.004357,0.896167,0.556722,2.447619,0.856665
3,1.765111,0.685363,exponential_5,150,50,rosenbrock,3,0.009845,1.188115,1.094272,2.775574,0.867725
3,0.939444,2.832683,exponential_5,150,50,rosenbrock,3,0.000128,0.409965,0.603263,1.163802,0.982445
3,1.099883,2.419483,exponential_5,150,50,rosenbrock,3,0.011817,1.921880,0.703505,4.355772,2.338295
3,0.939444,5.322296,exponential_5,150,50,rosenbrock,3,0.000202,1.011654,0.787697,1.760037,0.740945
3,0.939444,1.507637,exponential_5,150,50,rosenbrock,3,0.035663,0.937296,1.002066,2.871586,0.948705
3,1.099883,3.316448,exponential_5,150,50,rosenbrock,3,0.014643,0.695594,0.679087,2.351429,2.225510
3,1.099883,1.287720,exponential_5,150,50,rosenbrock,3,0.005353,0.573650,0.739777,1.403126,2.570620
3,0.939444,3.882831,exponential_5,150,50,rosenbrock,3,0.044809,0.608133,0.591198,3.161390,0.878170
3,1.287720,3.316448,exponential_5,150,50,rosenbrock,3,0.000606,0.443607,0.554336,1.525497,1.993135
3,1.099883,8.541316,exponential_5,150,50,rosenbrock,3,0.000698,0.396877,0.545976,2.944058,2.603205
3,1.507637,0.685363,exponential_5,150,50,rosenbrock,3,0.034127,1.736461,1.452203,4.092871,1.970010
3,0.939444,8.541316,exponential_5,150,50,rosenbrock,3,0.012827,0.331383,0.434274,2.895462,1.679250
3,1.507637,2.419483,exponential_5,150,50,rosenbrock,3,0.035810,0.478354,0.421473,2.496027,1.985610
3,0.939444,1.099883,exponential_5,150,50,rosenbrock,3,0.013254,0.878758,1.229879,1.416693,1.070975
3,1.765111,0.939444,exponential_5,150,50,rosenbrock,3,0.002516,0.580570,0.610832,2.810214,1.644740
3,0.685363,0.802409,exponential_5,150,50,rosenbrock,3,0.016174,1.129939,1.446481,3.038892,2.768655
3,1.099883,0.585390,exponential_5,150,50,rosenbrock,3,0.010357,1.225733,1.183644,12.169610,0.993175
3,1.507637,8.541316,exponential_5,150,50,rosenbrock,3,0.000051,0.454635,0.556349,1.412665,1.751600
3,1.507637,4.545940,exponential_5,150,50,rosenbrock,3,0.000369,0.693226,0.398098,2.629075,1.979280
3,1.287720,0.685363,exponential_5,150,50,rosenbrock,3,0.005622,0.693650,0.896118,1.058005,2.673310
3,0.585390,10.000000,exponential_5,150,50,rosenbrock,3,0.000008,0.841583,0.403737,3.104993,2.976900
3,1.099883,0.802409,exponential_5,150,50,rosenbrock,3,0.003471,1.113233,1.123706,2.908651,0.998440
3,1.099883,2.066557,exponential_5,150,50,rosenbrock,3,0.156674,1.497617,0.919008,3.245852,0.846130
3,1.765111,3.316448,exponential_5,150,50,rosenbrock,3,0.105744,0.601663,0.512559,3.603746,1.090105
3,0.585390,5.322296,exponential_5,150,50,rosenbrock,3,0.007832,0.376267,0.482096,2.005718,3.207490
3,1.765111,6.231237,exponential_5,150,50,rosenbrock,3,0.000457,0.862877,0.658453,3.546551,0.928265
3,0.939444,0.585390,exponential_5,150,50,rosenbrock,3,0.062677,1.839406,2.553888,3.607911,1.271950
3,1.765111,2.419483,exponential_5,150,50,rosenbrock,3,0.003226,0.526369,0.552013,2.397312,1.208310
3,0.685363,2.066557,exponential_5,150,50,rosenbrock,3,0.001648,0.514500,0.635398,1.608836,3.089840
3,1.287720,1.287720,exponential_5,150,50,rosenbrock,3,0.000649,1.048098,0.986004,2.989972,2.900885
3,0.685363,1.099883,exponential_5,150,50,rosenbrock,3,0.000245,1.597780,1.925375,3.512897,2.953870
3,1.287720,0.939444,exponential_5,150,50,rosenbrock,3,0.004498,1.488048,1.196642,3.169683,2.978765
3,1.765111,8.541316,exponential_5,150,50,rosenbrock,3,0.000124,0.394759,0.419093,1.434978,0.998490
3,1.765111,4.545940,exponential_5,150,50,rosenbrock,3,0.000010,0.946975,0.533372,2.760385,1.150915
3,0.685363,0.585390,exponential_5,150,50,rosenbrock,3,0.249126,2.656605,3.610320,107.400581,3.334680
3,1.287720,8.541316,exponential_5,150,50,rosenbrock,3,0.062464,0.501060,0.430153,2.886805,2.726680
3,0.585390,7.295407,exponential_5,150,50,rosenbrock,3,0.000009,0.491575,0.381451,2.082047,3.153560
3,1.099883,7.295407,exponential_5,150,50,rosenbrock,3,0.017346,0.768934,0.499529,3.166748,0.894090
3,1.099883,4.545940,exponential_5,150,50,rosenbrock,3,0.120637,0.950593,0.724614,2.496399,3.383900
3,0.802409,0.585390,exponential_5,150,50,rosenbrock,3,0.059987,0.855885,0.898831,1.383018,3.056210
3,0.685363,2.832683,exponential_5,150,50,rosenbrock,3,0.000379,0.510227,0.639440,1.778468,3.159560
3,1.287720,4.545940,exponential_5,150,50,rosenbrock,3,0.005005,0.408440,0.481581,2.339054,2.956595
3,1.507637,0.939444,exponential_5,150,50,rosenbrock,3,0.002392,1.604555,1.126229,3.494431,2.751665
3,1.765111,0.500000,exponential_5,150,50,rosenbrock,3,0.062360,1.788512,2.133695,3.571161,2.363855
3,1.507637,1.287720,exponential_5,150,50,rosenbrock,3,0.115031,1.141103,0.800290,3.159212,2.798675
3,1.507637,0.500000,exponential_5,150,50,rosenbrock,3,0.055727,1.129883,1.134326,2.509885,2.859345
3,0.685363,10.000000,exponential_5,150,50,rosenbrock,3,0.001790,0.562376,0.584201,2.864015,2.482110
3,1.287720,0.585390,exponential_5,150,50,rosenbrock,3,0.083553,1.187079,1.223769,1.658091,0.853940
3,2.066557,0.500000,exponential_5,150,50,rosenbrock,3,0.054157,1.112073,1.207553,2.165166,1.186550
3,1.765111,1.287720,exponential_5,150,50,rosenbrock,3,0.000234,0.609167,0.609605,2.002994,2.532585
3,2.066557,1.765111,exponential_5,150,50,rosenbrock,3,0.017552,0.664614,0.592116,2.198425,0.700415
3,0.939444,2.066557,exponential_5,150,50,rosenbrock,3,0.015157,0.655578,0.654508,2.052546,0.813500
3,2.066557,0.685363,exponential_5,150,50,rosenbrock,3,0.034654,1.304976,0.928791,3.254866,0.908630
3,2.066557,1.287720,exponential_5,150,50,rosenbrock,3,0.038378,0.484165,0.597754,2.029256,0.817360
3,1.765111,1.765111,exponential_5,150,50,rosenbrock,3,0.000024,0.276711,0.421978,1.112907,2.627225
3,2.066557,2.419483,exponential_5,150,50,rosenbrock,3,0.002550,0.498505,0.540366,3.843964,0.792240
3,1.287720,2.832683,exponential_5,150,50,rosenbrock,3,0.005262,0.974339,0.729570,2.263737,0.763680
3,1.287720,1.765111,exponential_5,150,50,rosenbrock,3,0.173039,0.822427,0.793160,2.109544,1.896305
3,2.066557,0.939444,exponential_5,150,50,rosenbrock,3,0.415559,1.503569,1.204952,2.353996,1.029500
3,2.066557,3.316448,exponential_5,150,50,rosenbrock,3,0.000035,0.551858,0.564962,1.186611,0.929260
3,2.066557,4.545940,exponential_5,150,50,rosenbrock,3,0.020313,0.613754,0.706857,3.520241,0.865640
3,1.287720,7.295407,exponential_5,150,50,rosenbrock,3,0.028620,0.657592,0.517941,2.963998,0.895015
3,1.507637,2.066557,exponential_5,150,50,rosenbrock,3,0.004145,0.692726,0.653527,2.384294,0.870130
3,2.419483,0.500000,exponential_5,150,50,rosenbrock,3,0.011983,0.938342,0.747220,3.800118,0.882310
3,1.507637,3.882831,exponential_5,150,50,rosenbrock,3,0.006185,0.465852,0.564677,1.486901,0.831110
3,2.419483,0.939444,exponential_5,150,50,rosenbrock,3,0.017446,1.048643,0.759885,2.427717,0.846015
3,2.066557,6.231237,exponential_5,150,50,rosenbrock,3,0.000013,0.252590,0.366809,1.141186,1.077255
3,1.507637,7.295407,exponential_5,150,50,rosenbrock,3,0.000534,0.314892,0.343466,1.961196,0.834140
3,2.419483,3.316448,exponential_5,150,50,rosenbrock,3,0.006600,0.617206,0.525452,1.838158,0.732685
3,2.419483,4.545940,exponential_5,150,50,rosenbrock,3,0.008542,0.996767,0.455454,3.579463,0.836160
3,2.832683,0.685363,exponential_5,150,50,rosenbrock,3,0.000019,1.070520,0.660304,3.251742,0.708165
3,2.832683,0.500000,exponential_5,150,50,rosenbrock,3,0.270819,1.526808,1.161885,2.760677,0.858710
3,2.419483,6.231237,exponential_5,150,50,rosenbrock,3,0.000121,0.670858,0.504985,1.882908,0.940805
3,2.419483,8.541316,exponential_5,150,50,rosenbrock,3,0.020573,0.859546,0.591281,2.003379,0.894350
3,1.765111,0.802409,exponential_5,150,50,rosenbrock,3,0.003875,1.381715,1.729490,2.996000,1.001980
3,2.419483,1.765111,exponential_5,150,50,rosenbrock,3,0.000609,0.303733,0.337378,2.078153,1.185655
3,1.099883,2.832683,exponential_5,150,50,rosenbrock,3,0.063801,0.872324,0.809489,2.144043,1.043485
3,0.939444,7.295407,exponential_5,150,50,rosenbrock,3,0.005013,0.330518,0.457775,2.923060,1.686150
3,2.419483,2.419483,exponential_5,150,50,rosenbrock,3,0.005657,0.672049,0.579731,3.267488,1.229855
3,1.099883,1.507637,exponential_5,150,50,rosenbrock,3,0.013976,1.029699,0.901513,2.441528,0.951820
3,2.419483,0.685363,exponential_5,150,50,rosenbrock,3,0.001326,0.391750,0.488664,1.472247,1.552640
3,2.832683,0.939444,exponential_5,150,50,rosenbrock,3,0.000144,0.410146,0.602299,1.484865,0.753915
3,2.066557,8.541316,exponential_5,150,50,rosenbrock,3,0.002292,0.852176,0.726548,3.576805,1.771730
3,2.419483,1.287720,exponential_5,150,50,rosenbrock,3,0.006042,0.431686,0.488313,2.717876,1.553680
3,2.832683,1.765111,exponential_5,150,50,rosenbrock,3,0.037873,0.462292,0.608423,1.728483,0.801500
3,2.832683,3.316448,exponential_5,150,50,rosenbrock,3,0.002247,0.504749,0.409201,2.022328,0.746120
3,1.765111,3.882831,exponential_5,150,50,rosenbrock,3,0.000318,0.797901,0.573698,2.907344,0.670650
3,1.099883,3.882831,exponential_5,150,50,rosenbrock,3,0.003333,0.887997,0.755206,2.275011,1.513145
3,2.832683,4.545940,exponential_5,150,50,rosenbrock,3,0.000728,0.680195,0.556645,2.788745,0.766110
3,1.765111,7.295407,exponential_5,150,50,rosenbrock,3,0.010124,0.339743,0.461700,1.578828,0.794330
3,1.765111,10.000000,exponential_5,150,50,rosenbrock,3,0.173307,1.051427,0.569578,3.406781,0.711010
3,1.765111,2.832683,exponential_5,150,50,rosenbrock,3,0.039293,0.744629,0.487136,3.012655,0.798980
3,1.765111,5.322296,exponential_5,150,50,rosenbrock,3,0.022280,0.318957,0.413329,1.147375,0.761435
3,1.507637,0.802409,exponential_5,150,50,rosenbrock,3,0.105136,2.091078,1.744394,3.114415,1.497075
3,1.099883,10.000000,exponential_5,150,50,rosenbrock,3,0.009073,0.265742,0.397046,1.440453,1.671645
3,2.832683,2.419483,exponential_5,150,50,rosenbrock,3,0.006489,0.442135,0.483891,1.462964,1.139020
3,1.287720,3.882831,exponential_5,150,50,rosenbrock,3,0.006521,0.365166,0.502231,2.122983,1.923230
3,0.939444,10.000000,exponential_5,150,50,rosenbrock,3,0.016492,0.767104,0.550141,2.690857,1.723705
3,3.316448,1.765111,exponential_5,150,50,rosenbrock,3,0.000016,1.033073,0.569060,3.129960,0.705980
3,1.507637,2.832683,exponential_5,150,50,rosenbrock,3,0.003755,1.047848,0.704308,3.191273,1.742310
3,1.507637,10.000000,exponential_5,150,50,rosenbrock,3,0.027054,0.749828,0.495322,3.766807,1.523060
3,2.832683,1.287720,exponential_5,150,50,rosenbrock,3,0.004504,0.398698,0.531377,1.348682,1.720830
3,1.507637,5.322296,exponential_5,150,50,rosenbrock,3,0.011849,0.440304,0.596645,2.854333,1.565740
3,1.765111,1.099883,exponential_5,150,50,rosenbrock,3,0.011278,1.503226,0.980393,3.392921,1.897250
3,2.832683,8.541316,exponential_5,150,50,rosenbrock,3,0.094680,2.074644,2.421323,3.450770,1.484080
3,3.316448,8.541316,exponential_5,150,50,rosenbrock,3,0.003473,0.334442,0.394065,1.918366,0.723250
3,2.066557,2.066557,exponential_5,150,50,rosenbrock,3,0.001019,2.321376,3.587846,3.507726,0.808420
3,4.545940,0.939444,exponential_5,150,50,rosenbrock,3,0.001796,0.494358,0.477575,2.539255,0.952265
3,3.316448,6.231237,exponential_5,150,50,rosenbrock,3,0.000075,0.925214,0.631939,4.414892,0.999185
3,1.287720,0.802409,exponential_5,150,50,rosenbrock,3,0.000001,1.648366,2.422945,2.088316,2.063570
3,2.066557,2.832683,exponential_5,150,50,rosenbrock,3,0.000077,0.296523,0.416903,2.784457,0.964565
3,3.882831,0.500000,exponential_5,150,50,rosenbrock,3,0.002176,0.698288,0.904698,1.604421,1.022215
3,1.287720,10.000000,exponential_5,150,50,rosenbrock,3,0.009153,0.346283,0.438591,1.551160,1.696820
3,2.066557,3.882831,exponential_5,150,50,rosenbrock,3,0.003005,0.790694,0.639276,3.389206,0.882475
3,3.316448,2.419483,exponential_5,150,50,rosenbrock,3,0.011375,0.640323,0.556832,2.021812,1.481660
3,2.066557,0.802409,exponential_5,150,50,rosenbrock,3,0.019487,1.234395,0.904708,2.969337,1.237660
3,1.287720,1.099883,exponential_5,150,50,rosenbrock,3,0.001412,0.894358,0.560342,2.744907,2.098200
3,2.066557,1.099883,exponential_5,150,50,rosenbrock,3,0.082060,0.529053,0.598910,2.431989,1.059340
3,3.882831,0.685363,exponential_5,150,50,rosenbrock,3,0.002219,0.834939,0.793075,3.018880,0.736055
3,3.316448,4.545940,exponential_5,150,50,rosenbrock,3,0.000594,0.342472,0.405342,2.483984,1.542160
3,2.066557,5.322296,exponential_5,150,50,rosenbrock,3,0.047535,0.525507,0.539260,1.694853,1.082810
3,3.316448,0.685363,exponential_5,150,50,rosenbrock,3,0.096515,2.784722,3.414985,4.152793,2.353840
3,2.832683,6.231237,exponential_5,150,50,rosenbrock,3,0.020149,0.252352,0.317934,2.463653,2.514715
3,3.316448,0.500000,exponential_5,150,50,rosenbrock,3,0.005037,0.859223,1.104896,1.502649,2.495750
3,3.882831,0.939444,exponential_5,150,50,rosenbrock,3,0.166181,0.879762,0.759264,1.899675,1.019090
3,2.419483,0.585390,exponential_5,150,50,rosenbrock,3,0.010046,1.542632,1.953238,2.508037,0.948760
3,2.419483,1.099883,exponential_5,150,50,rosenbrock,3,0.020215,0.658276,0.646904,2.347972,0.866135
3,3.882831,1.765111,exponential_5,150,50,rosenbrock,3,0.000116,0.253175,0.288423,1.957563,0.790840
3,3.882831,1.287720,exponential_5,150,50,rosenbrock,3,0.000175,0.399117,0.577455,1.840007,1.050265
3,2.066557,7.295407,exponential_5,150,50,rosenbrock,3,0.004558,1.062539,0.482649,3.134013,0.959875
3,1.287720,1.507637,exponential_5,150,50,rosenbrock,3,0.009975,1.743033,1.425823,2.821713,2.848165
3,1.765111,0.585390,exponential_5,150,50,rosenbrock,3,0.000000,1.011749,0.833685,85.337364,2.339300
3,2.832683,0.802409,exponential_5,150,50,rosenbrock,3,0.008543,0.435562,0.627751,1.484202,0.886255
3,2.066557,1.507637,exponential_5,150,50,rosenbrock,3,0.001815,0.569612,0.494065,2.070659,2.134230
3,1.287720,5.322296,exponential_5,150,50,rosenbrock,3,0.024558,0.341405,0.397666,1.418402,2.388140
3,2.419483,3.882831,exponential_5,150,50,rosenbrock,3,0.000223,0.721144,0.547610,4.033999,1.018730
3,2.419483,5.322296,exponential_5,150,50,rosenbrock,3,0.000818,1.274303,0.536136,2.608099,0.960775
3,2.832683,0.585390,exponential_5,150,50,rosenbrock,3,0.000419,2.032135,1.429054,3.872849,0.873115
3,2.419483,10.000000,exponential_5,150,50,rosenbrock,3,0.004078,0.697891,0.449430,3.514897,0.808245
3,3.316448,3.316448,exponential_5,150,50,rosenbrock,3,0.000309,0.922612,0.504299,2.969626,2.482815
3,1.507637,1.099883,exponential_5,150,50,rosenbrock,3,0.122585,1.624732,0.910978,3.883589,2.532465
3,1.099883,5.322296,exponential_5,150,50,rosenbrock,3,0.003376,0.388990,0.471876,2.849946,2.570805
3,1.765111,1.507637,exponential_5,150,50,rosenbrock,3,0.038100,1.222175,1.144365,3.160923,2.365220
3,3.316448,0.939444,exponential_5,150,50,rosenbrock,3,0.001461,0.371864,0.539485,2.228920,2.948110
3,1.507637,1.507637,exponential_5,150,50,rosenbrock,3,0.020423,0.624318,0.666013,3.275484,2.491100
3,3.882831,2.419483,exponential_5,150,50,rosenbrock,3,0.000146,0.542897,0.634622,1.698878,0.976785
3,3.316448,1.287720,exponential_5,150,50,rosenbrock,3,0.000103,0.581214,0.576133,2.347372,2.857700
3,1.765111,2.066557,exponential_5,150,50,rosenbrock,3,0.023035,0.500818,0.668607,2.626755,2.336655
3,1.507637,0.585390,exponential_5,150,50,rosenbrock,3,0.000911,1.339574,1.516673,2.705625,2.571440
3,1.287720,2.066557,exponential_5,150,50,rosenbrock,3,0.104135,1.164987,0.699431,2.504925,2.278505
3,2.832683,3.882831,exponential_5,150,50,rosenbrock,3,0.002335,0.733588,0.572768,3.760454,0.697210
3,2.832683,1.099883,exponential_5,150,50,rosenbrock,3,0.003395,0.387203,0.458149,2.287966,0.853765
3,2.419483,7.295407,exponential_5,150,50,rosenbrock,3,0.000940,0.722437,0.503868,3.303100,1.319945
3,3.882831,8.541316,exponential_5,150,50,rosenbrock,3,0.000335,1.707936,1.548361,3.293127,0.799645
3,2.832683,2.066557,exponential_5,150,50,rosenbrock,3,0.000036,0.928037,0.647122,2.967378,0.927440
3,3.882831,4.545940,exponential_5,150,50,rosenbrock,3,0.009878,0.917174,0.501207,3.146128,1.098070
3,3.882831,6.231237,exponential_5,150,50,rosenbrock,3,0.013082,0.412223,0.487197,1.856947,1.105645
3,4.545940,0.685363,exponential_5,150,50,rosenbrock,3,0.014639,0.466964,0.498351,2.324550,0.792525
3,2.832683,5.322296,exponential_5,150,50,rosenbrock,3,0.001300,0.601263,0.536547,2.976272,0.831530
3,2.066557,0.585390,exponential_5,150,50,rosenbrock,3,0.003150,1.797714,2.742360,2.966333,0.890075
3,4.545940,1.287720,exponential_5,150,50,rosenbrock,3,0.009222,2.003045,0.749853,4.458157,0.861010
3,4.545940,1.765111,exponential_5,150,50,rosenbrock,3,0.000000,0.568155,0.529540,2.337852,0.868070
3,2.066557,10.000000,exponential_5,150,50,rosenbrock,3,0.004853,0.437982,0.553872,1.963872,1.277885
3,2.419483,1.507637,exponential_5,150,50,rosenbrock,3,0.000942,0.994588,0.530550,2.811105,1.332345
3,2.832683,2.832683,exponential_5,150,50,rosenbrock,3,0.000509,0.888750,0.527742,2.153174,0.888555
3,3.316448,2.066557,exponential_5,150,50,rosenbrock,3,0.019839,0.338235,0.447978,2.079917,0.716285
3,2.419483,2.066557,exponential_5,150,50,rosenbrock,3,0.006892,1.699788,0.646477,4.833117,1.815240
3,3.882831,3.316448,exponential_5,150,50,rosenbrock,3,0.000008,0.744601,0.609350,2.306753,1.731260
3,5.322296,1.287720,exponential_5,150,50,rosenbrock,3,0.001245,0.595921,0.544438,3.356940,0.688240
3,3.316448,10.000000,exponential_5,150,50,rosenbrock,3,0.031876,0.474165,0.513333,3.790453,0.819195
3,3.316448,7.295407,exponential_5,150,50,rosenbrock,3,0.001919,0.566162,0.553220,2.997084,0.710640
3,8.541316,2.419483,exponential_5,150,50,rosenbrock,3,0.001025,0.896706,0.545370,3.372722,0.845195
3,4.545940,1.099883,exponential_5,150,50,rosenbrock,3,0.005048,0.424951,0.537680,2.042034,0.842455
3,2.832683,1.507637,exponential_5,150,50,rosenbrock,3,0.005040,1.517944,0.957683,2.124590,0.962140
3,2.419483,0.802409,exponential_5,150,50,rosenbrock,3,0.000165,1.091582,0.722538,3.076715,2.007940
3,4.545940,0.500000,exponential_5,150,50,rosenbrock,3,0.016448,1.243398,0.857865,2.221903,1.738980
3,5.322296,1.765111,exponential_5,150,50,rosenbrock,3,0.000685,0.222443,0.328469,0.936333,0.841290
3,3.882831,0.585390,exponential_5,150,50,rosenbrock,3,0.042698,0.574548,0.729529,3.315731,0.744100
3,5.322296,2.419483,exponential_5,150,50,rosenbrock,3,0.000201,0.154029,0.170684,1.410818,0.849770
3,2.419483,2.832683,exponential_5,150,50,rosenbrock,3,0.000918,0.352360,0.515475,0.267700,2.261995
3,5.322296,4.545940,exponential_5,150,50,rosenbrock,3,0.034171,0.619146,0.625792,1.944496,0.803130
3,4.545940,3.316448,exponential_5,150,50,rosenbrock,3,0.000023,0.315750,0.459411,0.698553,1.753595
3,4.545940,4.545940,exponential_5,150,50,rosenbrock,3,0.072410,0.641407,0.605941,2.322814,1.922885
3,3.882831,0.802409,exponential_5,150,50,rosenbrock,3,0.042073,0.995055,0.651429,3.052638,0.919250
3,5.322296,3.316448,exponential_5,150,50,rosenbrock,3,0.024719,0.873591,0.507770,4.042993,1.174225
3,4.545940,8.541316,exponential_5,150,50,rosenbrock,3,0.171194,1.574321,1.016310,3.431875,1.893405
3,3.882831,1.507637,exponential_5,150,50,rosenbrock,3,0.021140,0.389877,0.550866,3.647259,0.885505
3,6.231237,1.287720,exponential_5,150,50,rosenbrock,3,0.004218,0.258713,0.316723,2.503270,1.051250
3,3.882831,2.066557,exponential_5,150,50,rosenbrock,3,0.022288,1.183320,0.699513,2.474490,0.997760
3,4.545940,6.231237,exponential_5,150,50,rosenbrock,3,0.003539,0.272419,0.346777,1.511534,2.207005
3,3.882831,1.099883,exponential_5,150,50,rosenbrock,3,0.000099,1.064541,0.538507,3.049994,1.154065
3,4.545940,2.419483,exponential_5,150,50,rosenbrock,3,0.033046,0.368055,0.506348,3.413675,2.483220
3,5.322296,0.939444,exponential_5,150,50,rosenbrock,3,0.007475,1.128550,0.706847,2.517058,2.051265
3,6.231237,4.545940,exponential_5,150,50,rosenbrock,3,0.002729,0.544698,0.467608,2.916337,0.953325
3,5.322296,0.500000,exponential_5,150,50,rosenbrock,3,0.033854,0.644113,0.692319,2.225409,2.160050
3,6.231237,6.231237,exponential_5,150,50,rosenbrock,3,0.001889,0.363960,0.408796,2.552588,0.937980
3,5.322296,0.685363,exponential_5,150,50,rosenbrock,3,0.008129,0.450737,0.668569,1.982532,2.158115
3,3.316448,5.322296,exponential_5,150,50,rosenbrock,3,0.088129,1.180561,0.768070,4.203303,1.460360
3,7.295407,0.500000,exponential_5,150,50,rosenbrock,3,0.036716,0.469897,0.420543,2.159411,0.958970
3,7.295407,0.939444,exponential_5,150,50,rosenbrock,3,0.000000,0.360506,0.467983,1.448795,0.883460
3,6.231237,0.685363,exponential_5,150,50,rosenbrock,3,0.002480,0.323906,0.338419,0.851623,1.512685
3,5.322296,6.231237,exponential_5,150,50,rosenbrock,3,0.025287,0.299751,0.380133,1.369852,1.630820
3,7.295407,0.685363,exponential_5,150,50,rosenbrock,3,0.026128,0.829777,0.732894,2.414020,0.995735
3,7.295407,1.287720,exponential_5,150,50,rosenbrock,3,0.181025,0.695045,0.531114,2.810091,0.932285
3,6.231237,0.500000,exponential_5,150,50,rosenbrock,3,0.003728,0.458986,0.485914,2.264688,1.733255
3,6.231237,1.765111,exponential_5,150,50,rosenbrock,3,0.020859,0.424756,0.512372,2.793460,1.431815
3,6.231237,0.939444,exponential_5,150,50,rosenbrock,3,0.001761,0.250573,0.330039,0.941674,1.714760
3,3.316448,2.832683,exponential_5,150,50,rosenbrock,3,0.000040,0.374573,0.513851,1.264460,2.012475
3,3.316448,0.585390,exponential_5,150,50,rosenbrock,3,0.000760,1.264450,1.029165,3.422113,1.907590
3,5.322296,8.541316,exponential_5,150,50,rosenbrock,3,0.068604,0.999432,0.591788,2.912266,2.087510
3,3.316448,0.802409,exponential_5,150,50,rosenbrock,3,0.000097,0.587578,0.656355,1.592089,2.022660
3,3.882831,2.832683,exponential_5,150,50,rosenbrock,3,0.002758,0.576806,0.400240,3.825443,0.870995
3,2.832683,7.295407,exponential_5,150,50,rosenbrock,3,0.023924,0.771020,0.491680,2.080024,2.109650
3,7.295407,8.541316,exponential_5,150,50,rosenbrock,3,0.110734,1.281593,0.767947,2.132363,0.848710
3,8.541316,0.939444,exponential_5,150,50,rosenbrock,3,0.007076,0.735372,0.665989,1.839161,0.880590
3,8.541316,1.287720,exponential_5,150,50,rosenbrock,3,0.040210,0.286551,0.420542,3.443516,1.069195
3,4.545940,2.066557,exponential_5,150,50,rosenbrock,3,0.001078,0.687018,0.544444,2.529569,0.836855
3,8.541316,1.765111,exponential_5,150,50,rosenbrock,3,0.086634,1.338794,0.759851,3.088017,1.004095
3,4.545940,0.802409,exponential_5,150,50,rosenbrock,3,0.034618,0.458153,0.494405,2.277571,0.926300
3,8.541316,4.545940,exponential_5,150,50,rosenbrock,3,0.003663,0.221842,0.271538,2.807357,0.944425
3,8.541316,3.316448,exponential_5,150,50,rosenbrock,3,0.063658,0.896208,0.615720,2.187396,0.993475
3,5.322296,0.585390,exponential_5,150,50,rosenbrock,3,0.055501,1.269521,0.670055,3.121780,1.221970
3,2.832683,10.000000,exponential_5,150,50,rosenbrock,3,0.006341,0.428496,0.419662,2.861473,1.055295
3,3.882831,10.000000,exponential_5,150,50,rosenbrock,3,0.033874,1.236566,0.538511,3.390197,1.154435
3,6.231237,3.316448,exponential_5,150,50,rosenbrock,3,0.005317,0.445069,0.430629,1.765113,2.438955
3,3.882831,5.322296,exponential_5,150,50,rosenbrock,3,0.004141,1.280968,0.485434,4.358838,1.259445
3,4.545940,1.507637,exponential_5,150,50,rosenbrock,3,0.002891,0.283184,0.323059,1.622489,1.227410
3,6.231237,8.541316,exponential_5,150,50,rosenbrock,3,0.000808,0.639544,0.346946,3.725228,2.475520
3,10.000000,0.685363,exponential_5,150,50,rosenbrock,3,0.000279,1.266092,0.474526,4.313526,0.883395
3,7.295407,1.765111,exponential_5,150,50,rosenbrock,3,0.005883,0.355345,0.434983,3.656946,1.898865
3,10.000000,1.287720,exponential_5,150,50,rosenbrock,3,0.003994,1.141542,0.780915,4.685598,0.773060
3,5.322296,1.507637,exponential_5,150,50,rosenbrock,3,0.109776,0.947094,0.602498,3.303804,0.813940
3,10.000000,1.765111,exponential_5,150,50,rosenbrock,3,0.006660,0.401347,0.432251,3.615233,0.788585
3,10.000000,2.419483,exponential_5,150,50,rosenbrock,3,0.020440,0.756242,0.556107,1.947634,0.805125
3,8.541316,2.832683,exponential_5,150,50,rosenbrock,3,0.013927,1.791628,1.021653,3.270902,0.858255
3,6.231237,2.419483,exponential_5,150,50,rosenbrock,3,0.053363,1.168627,0.414548,2.701360,2.917145
3,7.295407,3.316448,exponential_5,150,50,rosenbrock,3,0.002811,1.311321,0.482383,3.191102,2.015015
3,10.000000,6.231237,exponential_5,150,50,rosenbrock,3,0.000758,0.237417,0.271645,1.893124,0.769185
3,3.316448,1.099883,exponential_5,150,50,rosenbrock,3,0.053669,0.470273,0.614700,1.371285,2.125300
3,5.322296,2.832683,exponential_5,150,50,rosenbrock,3,0.010703,0.997776,0.576548,2.846226,0.800070
3,3.316448,3.882831,exponential_5,150,50,rosenbrock,3,0.000002,1.046033,0.496726,3.347585,2.483155
3,7.295407,4.545940,exponential_5,150,50,rosenbrock,3,0.003300,0.439616,0.372941,3.006274,2.184785
3,3.316448,1.507637,exponential_5,150,50,rosenbrock,3,0.009622,0.650845,0.587335,2.388411,2.200725
3,7.295407,2.419483,exponential_5,150,50,rosenbrock,3,0.008280,0.312967,0.346256,2.746953,2.331875
3,5.322296,5.322296,exponential_5,150,50,rosenbrock,3,0.000430,1.510112,0.732086,2.648913,0.743820
3,8.541316,6.231237,exponential_5,150,50,rosenbrock,3,0.000594,1.660795,1.466743,2.213179,1.815090
3,7.295407,6.231237,exponential_5,150,50,rosenbrock,3,0.002560,0.918751,0.384398,2.299397,2.469300
3,8.541316,0.685363,exponential_5,150,50,rosenbrock,3,0.001189,0.231478,0.248272,2.633649,2.503035
3,6.231237,1.507637,exponential_5,150,50,rosenbrock,3,0.010479,0.476336,0.543767,2.773648,0.797940
3,6.231237,5.322296,exponential_5,150,50,rosenbrock,3,0.012560,1.092269,0.628187,2.225276,0.792115
3,3.882831,7.295407,exponential_5,150,50,rosenbrock,3,0.004424,0.492008,0.279213,3.010325,2.361960
3,7.295407,1.099883,exponential_5,150,50,rosenbrock,3,0.053226,0.518604,0.542076,3.508240,0.898325
3,7.295407,0.585390,exponential_5,150,50,rosenbrock,3,0.031387,0.533064,0.570032,2.021559,0.929595
3,8.541316,8.541316,exponential_5,150,50,rosenbrock,3,0.003202,0.965248,0.464937,3.220743,2.126915
3,7.295407,0.802409,exponential_5,150,50,rosenbrock,3,0.000299,0.528881,0.596882,2.427352,0.850840
3,10.000000,0.939444,exponential_5,150,50,rosenbrock,3,0.167155,0.987598,0.710819,2.622453,1.941705
3,10.000000,0.500000,exponential_5,150,50,rosenbrock,3,0.001920,0.307579,0.392446,2.139067,2.057760
3,6.231237,7.295407,exponential_5,150,50,rosenbrock,3,0.001721,1.385585,0.850939,2.416685,1.080710
3,7.295407,1.507637,exponential_5,150,50,rosenbrock,3,0.000170,0.469232,0.443922,1.790159,0.883655
3,7.295407,10.000000,exponential_5,150,50,rosenbrock,3,0.003374,0.518705,0.400675,3.279866,0.805675
3,5.322296,2.066557,exponential_5,150,50,rosenbrock,3,0.005965,0.630744,0.443285,3.057654,1.862795
3,3.882831,3.882831,exponential_5,150,50,rosenbrock,3,0.000064,1.115572,0.507688,3.182536,2.206125
3,4.545940,0.585390,exponential_5,150,50,rosenbrock,3,0.003154,0.465198,0.560512,1.984305,1.946485
3,8.541316,0.500000,exponential_5,150,50,rosenbrock,3,0.000730,0.551849,0.421726,2.695471,1.448390
3,10.000000,4.545940,exponential_5,150,50,rosenbrock,3,0.000033,1.108020,0.610401,3.788051,2.043785
3,10.000000,3.316448,exponential_5,150,50,rosenbrock,3,0.002623,0.875007,0.322428,3.090870,2.132150
3,8.541316,1.099883,exponential_5,150,50,rosenbrock,3,0.001013,0.510545,0.469809,1.940814,0.926220
3,5.322296,3.882831,exponential_5,150,50,rosenbrock,3,0.039648,2.011731,2.524008,3.648033,1.597820
3,8.541316,1.507637,exponential_5,150,50,rosenbrock,3,0.002267,0.342280,0.395720,3.124036,0.869810
3,8.541316,5.322296,exponential_5,150,50,rosenbrock,3,0.031181,0.972374,0.455699,3.105945,0.836590
3,8.541316,3.882831,exponential_5,150,50,rosenbrock,3,0.023771,0.788006,0.426895,3.086188,0.898230
3,8.541316,2.066557,exponential_5,150,50,rosenbrock,3,0.003429,0.477999,0.448886,1.972916,1.000570
3,5.322296,10.000000,exponential_5,150,50,rosenbrock,3,0.000087,1.458798,0.683081,3.249728,1.397055
3,6.231237,2.832683,exponential_5,150,50,rosenbrock,3,0.000036,0.337826,0.367318,2.949719,1.725145
3,10.000000,2.066557,exponential_5,150,50,rosenbrock,3,0.007990,1.413872,0.976988,3.780207,0.710800
3,10.000000,8.541316,exponential_5,150,50,rosenbrock,3,0.004106,0.178356,0.176251,3.326114,2.367015
3,10.000000,0.802409,exponential_5,150,50,rosenbrock,3,0.024949,0.435463,0.475177,2.070119,0.836405
3,10.000000,1.507637,exponential_5,150,50,rosenbrock,3,0.011350,0.340366,0.415896,1.472498,0.851855
3,10.000000,2.832683,exponential_5,150,50,rosenbrock,3,0.035967,1.320178,0.556450,4.336740,0.728385
3,4.545940,5.322296,exponential_5,150,50,rosenbrock,3,0.018661,0.452748,0.559042,2.005094,2.080180
3,4.545940,2.832683,exponential_5,150,50,rosenbrock,3,0.004221,0.254106,0.333047,1.565820,2.236905
3,4.545940,10.000000,exponential_5,150,50,rosenbrock,3,0.135173,1.473791,0.549994,2.298081,2.286625
3,7.295407,2.066557,exponential_5,150,50,rosenbrock,3,0.050999,2.054405,1.893517,3.192696,1.157095
3,6.231237,3.882831,exponential_5,150,50,rosenbrock,3,0.005568,0.952168,0.696361,3.896481,1.248815
3,4.545940,3.882831,exponential_5,150,50,rosenbrock,3,0.002433,1.245421,0.621548,2.742711,2.477295
3,10.000000,7.295407,exponential_5,150,50,rosenbrock,3,0.015672,1.763389,0.490868,3.844166,0.689845
3,6.231237,10.000000,exponential_5,150,50,rosenbrock,3,0.014893,1.380930,0.716476,2.277922,1.269305
3,5.322296,1.099883,exponential_5,150,50,rosenbrock,3,0.000005,0.869027,0.507862,3.911487,2.408490
3,10.000000,0.585390,exponential_5,150,50,rosenbrock,3,0.044166,0.906613,0.500365,4.063142,0.714845
3,4.545940,7.295407,exponential_5,150,50,rosenbrock,3,0.002714,0.505059,0.361016,1.889925,2.466335
3,5.322296,7.295407,exponential_5,150,50,rosenbrock,3,0.001383,0.281377,0.355916,0.950583,2.247645
3,7.295407,7.295407,exponential_5,150,50,rosenbrock,3,0.010245,0.598626,0.409093,1.919309,0.772045
3,7.295407,3.882831,exponential_5,150,50,rosenbrock,3,0.004888,1.061438,0.557588,2.274253,0.825370
3,5.322296,0.802409,exponential_5,150,50,rosenbrock,3,0.000554,0.364138,0.511269,0.538092,2.459200
3,6.231237,1.099883,exponential_5,150,50,rosenbrock,3,0.048133,0.355818,0.444045,1.545295,2.065635
3,7.295407,5.322296,exponential_5,150,50,rosenbrock,3,0.001339,0.963174,0.531535,2.131161,0.866440
3,6.231237,2.066557,exponential_5,150,50,rosenbrock,3,0.005338,0.494087,0.488471,2.190586,2.191670
3,6.231237,0.585390,exponential_5,150,50,rosenbrock,3,0.020239,0.571181,0.430360,2.099264,2.286275
3,8.541316,0.802409,exponential_5,150,50,rosenbrock,3,0.000004,1.420983,0.333771,3.640293,0.920330
3,7.295407,2.832683,exponential_5,150,50,rosenbrock,3,0.000002,0.553483,0.450871,3.180303,0.979205
3,8.541316,0.585390,exponential_5,150,50,rosenbrock,3,0.017435,0.640198,0.563336,3.426106,1.045695
3,8.541316,10.000000,exponential_5,150,50,rosenbrock,3,0.000128,1.389531,0.520151,4.343809,1.081770
3,6.231237,0.802409,exponential_5,150,50,rosenbrock,3,0.003059,0.364999,0.521376,2.480521,1.429375
3,8.541316,7.295407,exponential_5,150,50,rosenbrock,3,0.000526,1.195174,0.621884,3.098636,1.189985
3,10.000000,1.099883,exponential_5,150,50,rosenbrock,3,0.045930,0.358712,0.432082,2.712585,1.334370
3,10.000000,10.000000,exponential_5,150,50,rosenbrock,3,0.003344,0.303316,0.297976,2.015745,0.793260
3,10.000000,3.882831,exponential_5,150,50,rosenbrock,3,0.021455,1.128251,0.547009,2.267078,0.853850
3,10.000000,5.322296,exponential_5,150,50,rosenbrock,3,0.005467,1.448400,0.506366,4.016196,0.843025
3,1.287720,5.322296,linear,450,150,rosenbrock,6,0.007493,0.518400,0.690125,0.942247,33.211690
3,0.939444,2.419483,linear,450,150,rosenbrock,6,0.347622,2.563195,2.722627,1.682061,34.303315
3,0.939444,10.000000,linear,450,150,rosenbrock,6,0.071009,1.246915,1.152503,1.630499,35.321840
3,1.099883,7.295407,linear,450,150,rosenbrock,6,0.004500,1.122939,0.773479,1.771579,35.658580
3,1.099883,4.545940,linear,450,150,rosenbrock,6,0.000333,0.483668,0.637046,1.430636,35.876295
3,0.802409,3.316448,linear,450,150,rosenbrock,6,0.042185,1.631563,2.016881,1.700638,37.588700
3,1.099883,1.765111,linear,450,150,rosenbrock,6,0.016174,2.028848,2.530055,24.359274,37.128050
3,0.939444,6.231237,linear,450,150,rosenbrock,6,0.000433,0.545149,0.805022,1.938089,38.527440
3,0.939444,3.882831,linear,450,150,rosenbrock,6,0.047655,0.815406,0.962881,1.454370,38.995945
3,1.099883,2.832683,linear,450,150,rosenbrock,6,0.003204,0.977892,1.342496,1.809228,38.892940
3,0.585390,1.507637,linear,450,150,rosenbrock,6,0.258875,29.284916,32.844704,135.310913,40.550250
3,1.287720,0.802409,linear,450,150,rosenbrock,6,0.322801,4.596170,5.753921,38.084610,38.484280
3,0.500000,2.066557,linear,450,150,rosenbrock,6,0.541232,4.858211,5.129870,39.821503,41.583100
3,0.500000,0.500000,linear,450,150,rosenbrock,6,24.966311,442.913239,552.875122,653.438354,41.810410
3,0.500000,5.322296,linear,450,150,rosenbrock,6,0.029211,1.676019,1.955252,1.889240,44.002495
3,0.939444,0.939444,linear,450,150,rosenbrock,6,0.005681,9.572482,5.069868,33.847805,44.209965
3,1.287720,8.541316,linear,450,150,rosenbrock,6,0.059770,1.930178,1.601354,1.977215,41.154980
3,1.099883,0.685363,linear,450,150,rosenbrock,6,0.626481,25.243176,12.197177,86.546982,47.011905
3,0.939444,0.585390,linear,450,150,rosenbrock,6,4.722756,121.512321,155.717667,239.259018,47.715940
3,0.585390,0.585390,linear,450,150,rosenbrock,6,58.712852,231.591599,181.528137,410.962006,48.199790
3,0.685363,1.099883,linear,450,150,rosenbrock,6,1.143565,56.913361,66.801201,174.362488,48.174555
3,0.685363,4.545940,linear,450,150,rosenbrock,6,0.039358,1.184974,1.377033,1.287266,48.475135
3,0.500000,8.541316,linear,450,150,rosenbrock,6,0.000180,0.783740,0.916371,2.018643,48.760275
3,1.507637,2.419483,linear,450,150,rosenbrock,6,0.235924,1.129090,1.221174,2.225257,40.669405
3,0.500000,0.802409,linear,450,150,rosenbrock,6,5.864844,206.340973,194.147919,336.610535,49.339060
3,0.802409,0.802409,linear,450,150,rosenbrock,6,2.889987,71.685226,103.453194,231.317123,49.347825
3,1.507637,0.585390,linear,450,150,rosenbrock,6,3.446463,22.089895,8.409363,85.174782,43.533125
3,0.585390,3.882831,linear,450,150,rosenbrock,6,0.021943,2.321856,2.629638,1.739151,49.893710
3,0.802409,2.066557,linear,450,150,rosenbrock,6,0.067947,2.456969,3.275932,6.032806,49.878420
3,0.802409,8.541316,linear,450,150,rosenbrock,6,0.022535,0.893661,0.891217,1.307640,50.103235
3,1.507637,1.507637,linear,450,150,rosenbrock,6,0.358333,2.010978,2.290042,22.946993,43.158175
3,0.685363,1.765111,linear,450,150,rosenbrock,6,1.410556,3.557650,4.285190,103.386086,50.610820
3,0.500000,3.316448,linear,450,150,rosenbrock,6,0.041589,3.506753,4.400834,1.813619,50.789605
3,1.099883,1.099883,linear,450,150,rosenbrock,6,0.009082,8.172274,4.023988,74.853813,49.692770
3,1.287720,1.287720,linear,450,150,rosenbrock,6,0.000314,3.061663,3.666319,29.078138,48.027600
3,0.685363,7.295407,linear,450,150,rosenbrock,6,0.000537,0.919037,0.771149,1.986258,50.811045
3,0.585390,6.231237,linear,450,150,rosenbrock,6,0.001937,0.782003,1.131199,1.455893,51.413745
3,0.939444,1.507637,linear,450,150,rosenbrock,6,0.000454,3.229930,3.882253,21.375275,51.439775
3,0.802409,1.287720,linear,450,150,rosenbrock,6,0.000470,12.255398,5.939568,42.437508,51.505960
3,0.685363,2.832683,linear,450,150,rosenbrock,6,0.091183,2.656814,2.959373,32.234131,51.656085
3,0.585390,0.939444,linear,450,150,rosenbrock,6,4.999400,94.355331,127.807159,216.976761,51.742460
3,0.685363,0.685363,linear,450,150,rosenbrock,6,4.840674,166.595352,191.799362,222.108490,52.023575
3,0.585390,10.000000,linear,450,150,rosenbrock,6,0.023136,0.532627,0.732064,0.851290,52.314585
3,1.507637,10.000000,linear,450,150,rosenbrock,6,0.170922,3.306243,5.288668,544.557373,42.900755
3,0.585390,2.419483,linear,450,150,rosenbrock,6,0.001571,3.196465,4.274301,71.318344,52.837825
3,1.507637,0.939444,linear,450,150,rosenbrock,6,3.153671,4.437513,4.682237,47.369541,46.372570
3,1.287720,2.066557,linear,450,150,rosenbrock,6,0.035163,1.346184,1.664733,2.037764,49.784095
3,1.507637,6.231237,linear,450,150,rosenbrock,6,0.005480,0.958274,1.045692,1.971081,44.599145
3,0.802409,0.500000,linear,450,150,rosenbrock,6,17.458666,150.897858,192.574219,143.558121,54.234060
3,0.802409,5.322296,linear,450,150,rosenbrock,6,0.042475,0.682487,0.758820,1.390660,54.517960
3,1.287720,0.500000,linear,450,150,rosenbrock,6,1.668623,50.047462,54.571075,151.574280,53.481260
3,1.765111,0.685363,linear,450,150,rosenbrock,6,0.127498,3.935890,4.236413,45.847141,45.282675
3,0.500000,1.287720,linear,450,150,rosenbrock,6,2.516943,11.773869,9.331716,71.865059,51.590065
3,1.287720,3.316448,linear,450,150,rosenbrock,6,0.255170,0.833448,0.959384,0.871778,53.419520
3,2.066557,1.287720,linear,450,150,rosenbrock,6,0.020762,1.200883,1.864499,1.719848,39.138140
3,2.066557,2.066557,linear,450,150,rosenbrock,6,0.015841,0.920693,0.968011,1.726832,38.419380
3,2.066557,3.316448,linear,450,150,rosenbrock,6,0.005301,0.602958,0.725891,1.508565,37.836730
3,2.066557,0.500000,linear,450,150,rosenbrock,6,0.088532,12.598841,5.825829,78.991730,42.582975
3,1.507637,3.882831,linear,450,150,rosenbrock,6,0.046291,1.098358,0.921467,1.669769,51.161600
3,1.765111,2.832683,linear,450,150,rosenbrock,6,0.049046,0.751014,0.891934,1.349962,46.489360
3,1.765111,1.099883,linear,450,150,rosenbrock,6,0.085073,2.259719,2.722284,1.900963,49.950020
3,1.765111,1.765111,linear,450,150,rosenbrock,6,0.023085,0.923536,1.351590,1.132026,49.206315
3,1.765111,4.545940,linear,450,150,rosenbrock,6,0.025939,0.686968,0.832981,1.490153,47.276620
3,2.066557,0.802409,linear,450,150,rosenbrock,6,0.265542,3.097441,3.734460,44.678398,46.944185
3,2.066557,8.541316,linear,450,150,rosenbrock,6,0.051707,2.374086,2.272981,544.599609,40.559105
3,1.765111,7.295407,linear,450,150,rosenbrock,6,0.156779,2.993648,5.321376,544.612610,47.315095
3,2.066557,5.322296,linear,450,150,rosenbrock,6,0.000115,1.511852,1.437006,1.801225,42.188080
3,2.419483,0.939444,linear,450,150,rosenbrock,6,0.000171,1.829308,2.233712,2.103496,40.334635
3,1.099883,0.500000,linear,450,150,rosenbrock,6,9.237226,148.078827,183.184341,169.453537,29.432645
3,2.419483,0.585390,linear,450,150,rosenbrock,6,0.231849,3.271526,3.973946,38.968403,43.375465
3,2.419483,2.419483,linear,450,150,rosenbrock,6,0.007550,0.448509,0.665846,1.202648,39.487905
3,2.419483,1.507637,linear,450,150,rosenbrock,6,0.008983,0.766355,1.136410,35.098804,41.869500
3,2.419483,3.882831,linear,450,150,rosenbrock,6,0.001080,1.231087,1.245040,1.751743,38.668455
3,2.419483,6.231237,linear,450,150,rosenbrock,6,0.024216,1.816115,1.859612,2.437701,37.362510
3,0.802409,3.882831,linear,450,150,rosenbrock,6,0.651884,1.409451,1.521572,1.280855,29.017030
3,2.419483,10.000000,linear,450,150,rosenbrock,6,0.228365,3.319223,4.294540,749.535706,37.510810
3,2.832683,0.685363,linear,450,150,rosenbrock,6,0.004325,2.321265,2.888975,3.780470,37.658795
3,0.585390,1.765111,linear,450,150,rosenbrock,6,0.209280,31.529274,5.307627,98.681732,24.325815
3,0.500000,2.419483,linear,450,150,rosenbrock,6,0.521730,3.803563,4.691809,43.106506,22.137560
3,2.832683,1.099883,linear,450,150,rosenbrock,6,0.038256,1.098272,1.454985,0.638672,38.872080
3,2.832683,2.832683,linear,450,150,rosenbrock,6,0.081795,1.027762,1.076800,1.750818,36.948240
3,1.287720,6.231237,linear,450,150,rosenbrock,6,0.007211,1.400876,1.207380,1.886572,36.945740
3,0.939444,2.832683,linear,450,150,rosenbrock,6,0.010079,2.114066,1.803378,2.333640,37.338660
3,1.099883,0.802409,linear,450,150,rosenbrock,6,3.574618,19.891804,6.431152,237.960800,17.877440
3,2.832683,1.765111,linear,450,150,rosenbrock,6,0.000046,0.609184,0.846358,1.203431,39.881065
3,1.099883,2.066557,linear,450,150,rosenbrock,6,0.021362,1.884451,2.291595,21.495142,33.513525
3,0.939444,7.295407,linear,450,150,rosenbrock,6,0.000244,0.808160,0.824300,1.750644,33.831705
3,1.099883,8.541316,linear,450,150,rosenbrock,6,0.008144,1.161420,1.096798,2.014569,35.459710
3,0.939444,4.545940,linear,450,150,rosenbrock,6,0.113923,0.852964,0.913327,1.394458,32.690370
3,1.099883,3.316448,linear,450,150,rosenbrock,6,0.000013,0.839402,1.077984,1.745183,32.211080
3,1.287720,0.939444,linear,450,150,rosenbrock,6,0.067269,2.948892,3.803226,47.559467,29.250110
3,1.099883,5.322296,linear,450,150,rosenbrock,6,0.024266,0.516555,0.661141,1.159392,36.715655
3,0.500000,0.585390,linear,450,150,rosenbrock,6,36.902298,413.387054,505.829468,387.185120,27.684335
3,1.287720,10.000000,linear,450,150,rosenbrock,6,0.082205,2.206692,1.992849,749.897644,25.943620
3,0.939444,1.099883,linear,450,150,rosenbrock,6,0.250065,5.902290,5.694629,50.037739,34.140305
3,0.500000,6.231237,linear,450,150,rosenbrock,6,0.023129,0.957489,1.361459,1.319309,36.144385
3,1.507637,2.832683,linear,450,150,rosenbrock,6,0.011740,0.539083,0.727284,1.909452,24.504690
3,1.507637,1.765111,linear,450,150,rosenbrock,6,0.150341,1.316871,1.771945,1.924894,20.573595
3,1.507637,0.685363,linear,450,150,rosenbrock,6,3.642273,7.511280,5.565702,40.177418,24.293360
3,0.939444,0.685363,linear,450,150,rosenbrock,6,2.749349,99.584381,131.071899,213.666855,40.255050
3,0.685363,1.287720,linear,450,150,rosenbrock,6,0.003724,34.621262,18.585155,112.940620,40.226885
3,1.507637,1.099883,linear,450,150,rosenbrock,6,0.074691,3.172942,3.841575,23.520645,25.922995
3,1.765111,0.500000,linear,450,150,rosenbrock,6,0.942324,11.366230,10.827763,57.777538,26.698830
3,1.507637,7.295407,linear,450,150,rosenbrock,6,0.061563,1.121680,1.280918,2.009439,26.217925
3,0.500000,10.000000,linear,450,150,rosenbrock,6,0.062217,0.592769,0.691843,1.080084,40.166940
3,0.685363,5.322296,linear,450,150,rosenbrock,6,0.000898,0.617083,0.945767,2.173091,41.362255
3,0.585390,0.685363,linear,450,150,rosenbrock,6,12.649565,126.784706,166.910919,295.936951,44.528760
3,1.765111,0.802409,linear,450,150,rosenbrock,6,0.020242,3.033072,3.928561,30.990582,26.659770
3,0.802409,2.419483,linear,450,150,rosenbrock,6,0.015728,2.681776,3.054594,44.738781,36.100565
3,0.802409,10.000000,linear,450,150,rosenbrock,6,0.000584,1.658337,1.248624,2.725570,36.294000
3,0.500000,0.939444,linear,450,150,rosenbrock,6,9.568058,123.409966,152.849503,188.580643,43.511065
3,0.802409,0.939444,linear,450,150,rosenbrock,6,1.134115,20.926693,20.880516,74.426048,43.214315
3,1.765111,3.316448,linear,450,150,rosenbrock,6,0.106535,1.250134,0.825840,1.600920,32.429185
3,2.066557,0.585390,linear,450,150,rosenbrock,6,0.100116,3.463769,4.178902,53.581024,33.976415
3,0.685363,2.066557,linear,450,150,rosenbrock,6,0.828336,3.450535,3.824706,50.009949,42.950415
3,2.066557,0.939444,linear,450,150,rosenbrock,6,0.000003,1.967318,2.632319,1.539143,32.203255
3,2.066557,10.000000,linear,450,150,rosenbrock,6,1.093287,3.278109,3.931219,749.545410,33.208875
3,0.585390,4.545940,linear,450,150,rosenbrock,6,0.011655,1.941796,2.216768,2.286633,49.402020
3,1.099883,1.287720,linear,450,150,rosenbrock,6,0.012142,3.004498,3.633349,8.378846,46.216635
3,1.287720,1.507637,linear,450,150,rosenbrock,6,0.079960,2.790782,3.067706,2.022265,46.584005
3,2.419483,1.099883,linear,450,150,rosenbrock,6,0.156364,1.703883,2.125809,22.712999,37.616370
3,2.066557,6.231237,linear,450,150,rosenbrock,6,0.001642,1.114347,1.364883,545.033508,38.192590
3,0.500000,3.882831,linear,450,150,rosenbrock,6,0.000088,2.039814,2.883518,20.937311,50.019610
3,0.685363,0.802409,linear,450,150,rosenbrock,6,3.440459,98.405472,129.170685,178.810883,46.224310
3,1.765111,8.541316,linear,450,150,rosenbrock,6,0.476159,2.458061,2.111268,544.711548,39.970835
3,1.099883,0.585390,linear,450,150,rosenbrock,6,3.447946,58.372185,59.173309,106.706886,38.292715
3,0.939444,1.765111,linear,450,150,rosenbrock,6,0.004153,2.674392,3.886844,52.020802,48.065860
3,0.685363,8.541316,linear,450,150,rosenbrock,6,0.032053,0.563112,0.719916,1.253767,49.293520
3,0.802409,1.507637,linear,450,150,rosenbrock,6,0.043658,10.122662,5.619441,127.160797,48.969440
3,0.585390,7.295407,linear,450,150,rosenbrock,6,0.007649,0.729004,0.959382,0.445177,50.011195
3,1.287720,2.419483,linear,450,150,rosenbrock,6,0.033505,1.061206,1.297272,1.042344,48.522065
3,0.685363,3.316448,linear,450,150,rosenbrock,6,0.330153,2.302516,2.640837,1.366558,50.327135
3,2.066557,3.882831,linear,450,150,rosenbrock,6,0.253923,1.295691,0.980971,1.846592,48.432470
3,2.832683,0.500000,linear,450,150,rosenbrock,6,0.101154,3.149686,4.017321,27.351421,39.336700
3,0.802409,4.545940,linear,450,150,rosenbrock,6,0.000005,0.837763,1.120611,1.782557,40.179155
3,2.066557,1.507637,linear,450,150,rosenbrock,6,0.072402,1.362709,1.519957,1.664194,50.176830
3,2.066557,2.419483,linear,450,150,rosenbrock,6,0.104262,0.508780,0.595325,0.821327,50.455750
3,2.832683,0.802409,linear,450,150,rosenbrock,6,0.402994,2.026507,2.623451,1.028540,41.365050
3,0.685363,0.500000,linear,450,150,rosenbrock,6,47.054802,349.895386,340.700439,354.511932,55.389115
3,0.585390,2.832683,linear,450,150,rosenbrock,6,0.039455,1.963413,2.715166,45.384392,55.095345
3,0.585390,1.099883,linear,450,150,rosenbrock,6,0.198926,59.726852,30.908516,127.671219,56.890090
3,2.832683,1.287720,linear,450,150,rosenbrock,6,0.016647,1.074673,1.219552,2.576425,41.345805
3,1.287720,0.585390,linear,450,150,rosenbrock,6,0.524164,32.965652,10.892128,163.181641,55.030270
3,0.802409,0.585390,linear,450,150,rosenbrock,6,11.789060,118.056427,105.971611,350.174713,56.977415
3,0.802409,6.231237,linear,450,150,rosenbrock,6,0.000109,0.797620,0.851486,1.579872,56.845530
3,2.832683,3.316448,linear,450,150,rosenbrock,6,0.047052,1.768068,1.286238,2.029299,43.156615
3,1.287720,7.295407,linear,450,150,rosenbrock,6,0.017533,1.426003,1.126937,2.063424,42.739420
3,0.500000,1.507637,linear,450,150,rosenbrock,6,0.535328,24.865726,22.129833,163.963745,56.750690
3,0.939444,3.316448,linear,450,150,rosenbrock,6,0.015120,1.407892,1.486562,2.720436,42.097530
3,0.500000,2.832683,linear,450,150,rosenbrock,6,0.581229,3.819525,4.223753,25.788111,45.446865
3,1.287720,3.882831,linear,450,150,rosenbrock,6,0.076011,0.998883,0.915150,1.644086,58.204490
3,1.507637,4.545940,linear,450,150,rosenbrock,6,0.037794,0.725866,0.899264,0.895112,57.627680
3,0.939444,5.322296,linear,450,150,rosenbrock,6,0.000006,0.556521,0.744033,1.078525,40.561125
3,1.099883,2.419483,linear,450,150,rosenbrock,6,0.030149,1.509434,2.004449,1.830423,42.632225
3,1.765111,2.066557,linear,450,150,rosenbrock,6,0.052121,0.947089,1.156389,0.985890,57.355340
3,1.765111,1.287720,linear,450,150,rosenbrock,6,0.022038,1.768025,2.291187,1.904504,57.902455
3,2.832683,2.066557,linear,450,150,rosenbrock,6,0.000029,0.529275,0.642271,1.496330,43.445970
3,0.939444,8.541316,linear,450,150,rosenbrock,6,0.002217,0.638328,1.000972,1.470275,42.729960
3,1.099883,10.000000,linear,450,150,rosenbrock,6,0.000891,1.378349,1.186554,2.174463,42.975535
3,1.765111,5.322296,linear,450,150,rosenbrock,6,0.004932,2.610920,4.747835,2.532174,59.312590
3,2.419483,0.685363,linear,450,150,rosenbrock,6,0.008019,3.343894,3.562014,1.734333,55.573180
3,1.287720,1.099883,linear,450,150,rosenbrock,6,0.135976,1.893628,2.780059,29.736078,41.829695
3,0.500000,0.685363,linear,450,150,rosenbrock,6,17.023300,342.896118,326.005676,398.357086,40.189365
3,2.419483,1.765111,linear,450,150,rosenbrock,6,0.002418,0.681695,0.849073,1.447405,54.908925
3,2.419483,4.545940,linear,450,150,rosenbrock,6,0.007378,1.588346,1.425298,1.828283,54.250855
3,1.099883,3.882831,linear,450,150,rosenbrock,6,0.018280,0.693588,0.770340,1.588421,44.441400
3,0.585390,2.066557,linear,450,150,rosenbrock,6,1.017911,5.625331,5.389002,72.796921,52.823735
3,1.507637,0.500000,linear,450,150,rosenbrock,6,2.447533,102.753456,114.448990,166.917328,40.828110
3,1.099883,0.939444,linear,450,150,rosenbrock,6,0.189687,3.098857,4.147686,129.951324,49.069860
3,1.099883,6.231237,linear,450,150,rosenbrock,6,0.020993,0.957755,0.965108,1.623714,42.586770
3,2.419483,2.832683,linear,450,150,rosenbrock,6,0.001200,0.533464,0.826157,1.560432,57.409400
3,2.419483,7.295407,linear,450,150,rosenbrock,6,0.075541,3.607729,5.414908,605.246460,55.516910
3,0.939444,1.287720,linear,450,150,rosenbrock,6,0.007169,4.884685,5.337730,44.956390,41.003170
3,1.507637,2.066557,linear,450,150,rosenbrock,6,0.045143,1.267712,1.350817,1.920480,38.634975
3,1.507637,3.316448,linear,450,150,rosenbrock,6,0.006068,0.622807,0.834722,0.963399,38.694975
3,1.507637,0.802409,linear,450,150,rosenbrock,6,0.075864,3.479738,4.371310,42.587643,39.731155
3,0.500000,7.295407,linear,450,150,rosenbrock,6,0.000012,0.538007,0.612925,1.402779,42.033095
3,0.685363,1.507637,linear,450,150,rosenbrock,6,2.945279,16.895042,5.639168,64.859901,37.720850
3,1.507637,1.287720,linear,450,150,rosenbrock,6,0.022848,2.065996,2.892681,40.445744,36.461985
3,1.507637,8.541316,linear,450,150,rosenbrock,6,0.041162,1.147643,1.465674,544.955627,36.288670
3,1.765111,0.585390,linear,450,150,rosenbrock,6,0.813836,33.879356,9.537237,147.765350,37.348535
3,0.585390,0.500000,linear,450,150,rosenbrock,6,12.863153,357.604980,310.334595,497.454865,36.544725
3,0.939444,0.802409,linear,450,150,rosenbrock,6,1.525265,11.751810,10.506021,145.618408,42.711810
3,0.939444,0.500000,linear,450,150,rosenbrock,6,16.411251,112.817299,136.580048,188.166321,29.104620
3,0.802409,2.832683,linear,450,150,rosenbrock,6,0.304591,2.361855,2.690709,1.521808,31.409085
3,1.765111,0.939444,linear,450,150,rosenbrock,6,0.793280,3.961493,4.141766,46.275982,33.997680
3,1.765111,3.882831,linear,450,150,rosenbrock,6,0.008247,1.565611,1.102345,2.245013,30.036620
3,0.585390,0.802409,linear,450,150,rosenbrock,6,0.914920,93.460854,136.643661,404.238373,40.235155
3,0.585390,5.322296,linear,450,150,rosenbrock,6,0.010643,1.390904,1.555784,1.315843,25.106710
3,2.419483,0.500000,linear,450,150,rosenbrock,6,0.051729,3.822390,4.632991,108.488403,26.778025
3,0.685363,6.231237,linear,450,150,rosenbrock,6,0.029330,1.280123,1.219921,1.602134,43.232505
3,2.066557,0.685363,linear,450,150,rosenbrock,6,0.587467,3.119145,3.975768,34.061001,31.361430
3,0.500000,1.099883,linear,450,150,rosenbrock,6,10.947225,93.577347,129.895218,103.987679,36.460100
3,2.066557,1.099883,linear,450,150,rosenbrock,6,0.002792,2.754483,2.871194,1.769451,30.266705
3,0.685363,2.419483,linear,450,150,rosenbrock,6,0.576592,2.505686,3.140436,27.450315,31.970435
3,1.099883,1.507637,linear,450,150,rosenbrock,6,0.085071,2.545527,3.388758,24.279047,28.470515
3,0.802409,1.099883,linear,450,150,rosenbrock,6,0.806465,5.800129,6.451292,37.673450,38.387515
3,2.419483,1.287720,linear,450,150,rosenbrock,6,0.327218,0.969438,1.281153,1.040075,28.334905
3,2.066557,7.295407,linear,450,150,rosenbrock,6,0.225414,2.837551,3.364376,544.651062,28.019435
3,1.765111,10.000000,linear,450,150,rosenbrock,6,0.549969,3.139423,3.864700,892.303467,27.966340
3,2.832683,4.545940,linear,450,150,rosenbrock,6,0.201871,2.542313,2.916293,1.824520,27.777005
3,2.832683,0.585390,linear,450,150,rosenbrock,6,0.083101,2.868275,3.656301,56.886360,28.154300
3,2.832683,7.295407,linear,450,150,rosenbrock,6,0.008466,2.646627,2.365534,543.620605,30.139985
3,1.287720,1.765111,linear,450,150,rosenbrock,6,0.001591,1.733490,2.323165,19.979586,40.907670
3,2.832683,0.939444,linear,450,150,rosenbrock,6,0.129801,2.161348,2.068913,2.460995,29.633685
3,2.832683,1.507637,linear,450,150,rosenbrock,6,0.123722,0.871505,0.946076,1.364409,28.822625
3,0.685363,3.882831,linear,450,150,rosenbrock,6,0.077072,2.282103,2.168150,2.158937,34.019675
3,0.500000,4.545940,linear,450,150,rosenbrock,6,0.195528,2.301216,2.671911,1.491658,41.157550
3,2.832683,3.882831,linear,450,150,rosenbrock,6,0.040318,1.152035,1.382868,2.280720,31.476395
3,3.316448,0.500000,linear,450,150,rosenbrock,6,0.001718,2.076829,2.927263,60.654293,31.858140
3,0.939444,2.066557,linear,450,150,rosenbrock,6,0.096425,2.698415,3.144374,2.086052,42.966165
3,0.685363,0.939444,linear,450,150,rosenbrock,6,4.439939,17.651846,16.083305,145.853455,45.212210
3,3.316448,0.802409,linear,450,150,rosenbrock,6,0.511572,2.234066,2.178498,24.314442,32.635080
3,0.802409,1.765111,linear,450,150,rosenbrock,6,0.147831,3.150469,3.476064,43.877808,43.933315
3,0.685363,10.000000,linear,450,150,rosenbrock,6,0.261359,1.275162,0.936508,2.243035,46.031430
3,3.316448,3.316448,linear,450,150,rosenbrock,6,0.383451,2.126872,1.494851,1.983242,33.006400
3,0.585390,8.541316,linear,450,150,rosenbrock,6,0.000050,0.690513,0.820226,1.451352,44.534830
3,1.287720,2.832683,linear,450,150,rosenbrock,6,0.018770,0.650470,1.027874,1.185242,44.244550
3,2.832683,2.419483,linear,450,150,rosenbrock,6,0.040403,0.853163,1.006149,1.353771,31.724650
3,3.316448,2.066557,linear,450,150,rosenbrock,6,0.051914,0.579643,0.716276,1.352637,34.057465
3,2.066557,2.832683,linear,450,150,rosenbrock,6,0.039229,0.841354,0.839116,1.416347,41.681015
3,2.066557,4.545940,linear,450,150,rosenbrock,6,0.021335,1.069372,1.034810,1.957030,45.115160
3,2.066557,1.765111,linear,450,150,rosenbrock,6,0.008613,0.540787,0.633519,2.202193,44.414220
3,3.316448,5.322296,linear,450,150,rosenbrock,6,0.001512,2.070842,2.214498,2.031405,34.600215
3,3.316448,8.541316,linear,450,150,rosenbrock,6,0.021393,3.680977,5.419368,890.483948,35.706735
3,3.316448,1.287720,linear,450,150,rosenbrock,6,0.007871,0.687690,0.853329,2.235353,40.701860
3,3.882831,0.585390,linear,450,150,rosenbrock,6,0.123515,1.707851,2.178765,2.032148,34.640735
3,3.882831,1.507637,linear,450,150,rosenbrock,6,0.232382,0.651924,0.742150,1.697240,32.700440
3,0.585390,3.316448,linear,450,150,rosenbrock,6,0.448711,2.876357,3.173976,31.702692,47.439415
3,0.585390,1.287720,linear,450,150,rosenbrock,6,1.125160,38.977867,37.473160,113.451950,47.429605
3,3.882831,0.939444,linear,450,150,rosenbrock,6,0.030484,0.863682,1.196500,1.525942,37.176400
3,1.287720,0.685363,linear,450,150,rosenbrock,6,0.893614,13.226847,7.696367,57.826862,47.486295
3,0.685363,0.585390,linear,450,150,rosenbrock,6,12.505854,202.799179,225.153259,447.198669,49.291495
3,0.802409,0.685363,linear,450,150,rosenbrock,6,0.527986,58.962852,59.132446,250.643539,48.144760
3,0.802409,7.295407,linear,450,150,rosenbrock,6,0.074780,0.610212,0.791781,1.397225,48.468245
3,3.882831,3.882831,linear,450,150,rosenbrock,6,0.033026,2.301242,2.049545,2.132848,35.324430
3,3.882831,10.000000,linear,450,150,rosenbrock,6,0.051530,64.867828,3.760017,998.474670,34.993220
3,4.545940,1.765111,linear,450,150,rosenbrock,6,0.022985,0.652860,0.808350,1.214149,32.858760
3,4.545940,1.099883,linear,450,150,rosenbrock,6,0.016102,0.631910,0.786729,1.537472,34.234615
3,0.500000,1.765111,linear,450,150,rosenbrock,6,0.818090,8.211663,8.446436,31.793219,52.324755
3,1.765111,6.231237,linear,450,150,rosenbrock,6,0.056752,2.024504,1.701434,2.515780,48.244410
3,4.545940,0.685363,linear,450,150,rosenbrock,6,0.063506,1.088238,1.418677,1.636846,36.862150
3,1.287720,4.545940,linear,450,150,rosenbrock,6,0.001058,0.676160,0.850342,0.992144,52.727295
3,4.545940,2.832683,linear,450,150,rosenbrock,6,0.006161,1.616284,1.535757,544.864868,35.741955
3,5.322296,0.802409,linear,450,150,rosenbrock,6,0.000906,0.599971,0.771427,1.233312,32.993365
3,1.507637,5.322296,linear,450,150,rosenbrock,6,0.002575,1.970419,2.590644,2.132705,52.809595
3,1.765111,1.507637,linear,450,150,rosenbrock,6,0.122666,1.488630,2.001754,1.918418,52.532620
3,1.765111,2.419483,linear,450,150,rosenbrock,6,0.043065,0.621230,0.820621,7.637574,54.561540
3,5.322296,0.500000,linear,450,150,rosenbrock,6,0.119230,1.549506,2.029552,1.839245,37.058365
3,2.419483,2.066557,linear,450,150,rosenbrock,6,0.007172,0.629694,0.793759,1.176017,50.171080
3,2.419483,0.802409,linear,450,150,rosenbrock,6,0.086989,2.304446,3.029445,1.866903,53.179250
3,5.322296,1.287720,linear,450,150,rosenbrock,6,0.521812,1.661714,1.175963,1.669977,38.250445
3,2.419483,5.322296,linear,450,150,rosenbrock,6,0.000601,1.106492,1.497374,1.783527,50.873245
3,6.231237,0.585390,linear,450,150,rosenbrock,6,0.003973,0.786419,1.090247,1.205775,33.193815
3,4.545940,7.295407,linear,450,150,rosenbrock,6,0.026801,3.225783,3.886503,2.199641,39.818180
3,4.545940,4.545940,linear,450,150,rosenbrock,6,0.311370,4.048295,5.419412,747.758606,41.693800
3,3.882831,2.419483,linear,450,150,rosenbrock,6,0.018565,0.818920,1.145905,1.335279,51.107350
3,2.419483,3.316448,linear,450,150,rosenbrock,6,0.077698,1.381009,1.315577,1.628380,47.239355
3,5.322296,2.066557,linear,450,150,rosenbrock,6,0.000527,1.013075,1.237611,1.835710,39.826205
3,6.231237,0.939444,linear,450,150,rosenbrock,6,0.009971,0.588046,0.749912,1.518272,34.988085
3,3.882831,6.231237,linear,450,150,rosenbrock,6,0.580995,3.136445,2.829630,545.014038,50.855210
3,2.419483,8.541316,linear,450,150,rosenbrock,6,0.014380,3.522079,5.415451,2.366871,48.715435
3,6.231237,3.882831,linear,450,150,rosenbrock,6,0.252448,3.947937,5.419415,892.119263,33.442990
3,5.322296,5.322296,linear,450,150,rosenbrock,6,0.012741,2.799242,3.533690,2.540074,40.026105
3,5.322296,3.316448,linear,450,150,rosenbrock,6,0.002236,2.418832,2.198409,544.670593,42.163745
3,7.295407,1.099883,linear,450,150,rosenbrock,6,0.012922,0.650595,0.814305,1.442610,34.042005
3,5.322296,8.541316,linear,450,150,rosenbrock,6,0.503879,4.485404,5.419444,892.342224,43.667520
3,6.231237,10.000000,linear,450,150,rosenbrock,6,0.072466,10.219500,4.719185,596.500061,36.814805
3,7.295407,1.765111,linear,450,150,rosenbrock,6,0.201685,1.573094,1.382623,544.873962,35.732970
3,6.231237,1.507637,linear,450,150,rosenbrock,6,0.000004,1.068802,1.152569,1.722382,43.483590
3,8.541316,0.802409,linear,450,150,rosenbrock,6,0.011096,0.650991,0.802330,0.469258,32.784180
3,8.541316,0.500000,linear,450,150,rosenbrock,6,0.001302,0.629520,0.772029,2.183246,33.312950
3,7.295407,2.832683,linear,450,150,rosenbrock,6,0.038359,3.571281,5.418540,882.224060,35.654680
3,6.231237,2.419483,linear,450,150,rosenbrock,6,0.013159,2.354570,1.940070,1.984711,43.114000
3,7.295407,0.685363,linear,450,150,rosenbrock,6,0.008338,0.550685,0.766746,1.584344,39.422705
3,6.231237,6.231237,linear,450,150,rosenbrock,6,0.015658,2.677538,3.028125,2.242743,41.167955
3,8.541316,8.541316,linear,450,150,rosenbrock,6,0.201048,4.159759,4.453697,543.884521,29.335155
3,7.295407,7.295407,linear,450,150,rosenbrock,6,0.255392,3.882489,5.419671,749.542236,35.682685
3,2.832683,5.322296,linear,450,150,rosenbrock,6,0.040857,1.503094,1.735404,2.355795,36.095705
3,2.832683,8.541316,linear,450,150,rosenbrock,6,0.351998,3.414442,5.029906,544.545898,35.995735
3,8.541316,1.287720,linear,450,150,rosenbrock,6,0.117103,1.645514,1.449617,544.854431,36.618350
3,7.295407,4.545940,linear,450,150,rosenbrock,6,0.036657,2.734014,3.540249,575.292969,40.485345
3,8.541316,3.316448,linear,450,150,rosenbrock,6,0.336127,3.165925,3.276044,2.103918,35.972080
3,10.000000,0.939444,linear,450,150,rosenbrock,6,0.092229,1.446649,1.241112,1.873915,34.342410
3,3.316448,0.585390,linear,450,150,rosenbrock,6,0.278221,2.754967,3.245691,1.563236,33.810720
3,8.541316,5.322296,linear,450,150,rosenbrock,6,0.001144,4.666080,5.419480,542.704651,38.090795
3,3.316448,0.939444,linear,450,150,rosenbrock,6,0.030289,1.206294,1.507611,1.448951,35.165185
3,8.541316,2.066557,linear,450,150,rosenbrock,6,0.158708,2.504385,2.884603,544.703552,42.536600
3,3.316448,3.882831,linear,450,150,rosenbrock,6,0.025451,1.223658,1.537698,544.936279,32.615845
3,3.316448,2.419483,linear,450,150,rosenbrock,6,0.085385,1.052230,1.088863,1.593493,31.648725
3,0.500000,1.099883,quadratic,450,150,rosenbrock,6,0.193127,32.835236,24.540649,54.712208,32.996010
3,10.000000,0.585390,linear,450,150,rosenbrock,6,0.022891,0.950470,0.895664,1.509242,43.031455
3,3.316448,6.231237,linear,450,150,rosenbrock,6,0.007361,3.582384,5.419434,749.426636,29.989080
3,3.882831,0.685363,linear,450,150,rosenbrock,6,0.029326,1.362797,2.002440,1.573813,29.954745
3,10.000000,1.507637,linear,450,150,rosenbrock,6,0.220928,2.734324,2.348682,2.306803,43.423345
3,0.500000,7.295407,quadratic,450,150,rosenbrock,6,0.012143,0.389024,0.509918,1.194188,29.522700
3,3.882831,1.765111,linear,450,150,rosenbrock,6,0.000034,0.741660,0.817263,1.562982,31.027795
3,0.585390,0.500000,quadratic,450,150,rosenbrock,6,57.948368,342.954193,380.586121,620.789490,28.787380
3,10.000000,2.419483,linear,450,150,rosenbrock,6,0.021049,2.468549,2.704182,2.739333,43.623405
3,3.316448,10.000000,linear,450,150,rosenbrock,6,0.002779,2.631697,3.089066,892.519531,33.663165
3,10.000000,6.231237,linear,450,150,rosenbrock,6,0.330172,3.981866,4.210349,749.686157,42.270860
3,10.000000,3.882831,linear,450,150,rosenbrock,6,2.413182,4.185613,5.419394,65.226097,44.508125
3,3.882831,1.099883,linear,450,150,rosenbrock,6,0.006166,0.652121,0.958313,1.540269,31.509690
3,10.000000,10.000000,linear,450,150,rosenbrock,6,0.209646,74.342384,6.177173,779.919006,42.580420
3,0.500000,0.685363,quadratic,450,150,rosenbrock,6,76.684189,295.801453,276.713806,295.820770,42.078140
3,0.585390,0.802409,quadratic,450,150,rosenbrock,6,9.206330,127.546692,163.861786,260.153717,33.192210
3,0.585390,1.287720,quadratic,450,150,rosenbrock,6,2.775511,53.632404,46.853813,175.538086,32.293555
3,3.882831,4.545940,linear,450,150,rosenbrock,6,0.003748,3.188983,4.993479,500.825623,29.099865
3,0.500000,1.765111,quadratic,450,150,rosenbrock,6,2.173974,10.652117,5.514778,116.438828,41.559035
3,4.545940,2.066557,linear,450,150,rosenbrock,6,0.122438,1.025299,1.225893,1.717658,28.850945
3,0.500000,2.832683,quadratic,450,150,rosenbrock,6,0.032311,2.910561,3.869336,28.324467,40.647390
3,4.545940,0.500000,linear,450,150,rosenbrock,6,0.151934,2.336448,2.409285,1.398856,29.410920
3,4.545940,1.287720,linear,450,150,rosenbrock,6,0.021946,0.760304,0.707909,1.327335,29.246880
3,3.316448,1.507637,linear,450,150,rosenbrock,6,0.008068,0.544215,0.756398,1.322640,40.375480
3,0.500000,4.545940,quadratic,450,150,rosenbrock,6,0.002146,1.383134,2.006621,18.654535,42.647275
3,0.585390,2.066557,quadratic,450,150,rosenbrock,6,0.686484,4.581127,4.887437,44.433449,38.736980
3,5.322296,0.939444,linear,450,150,rosenbrock,6,0.009524,0.660172,0.848116,1.202520,31.599165
3,4.545940,3.316448,linear,450,150,rosenbrock,6,0.264821,2.425875,2.061208,1.996922,32.145525
3,0.585390,3.316448,quadratic,450,150,rosenbrock,6,0.244491,2.839615,2.879487,1.736743,41.460850
3,4.545940,0.802409,linear,450,150,rosenbrock,6,0.064579,0.969917,1.240049,1.122198,37.712940
3,5.322296,0.585390,linear,450,150,rosenbrock,6,0.002639,0.887014,1.241035,1.565661,32.616590
3,5.322296,1.507637,linear,450,150,rosenbrock,6,0.102276,1.159393,0.958759,1.898688,30.686890
3,6.231237,0.685363,linear,450,150,rosenbrock,6,0.002016,0.682805,0.859711,1.339276,31.710865
3,0.585390,5.322296,quadratic,450,150,rosenbrock,6,0.009073,0.929161,0.821303,1.824498,43.718725
3,0.585390,8.541316,quadratic,450,150,rosenbrock,6,0.027383,0.680170,0.620876,1.464539,43.381950
3,4.545940,5.322296,linear,450,150,rosenbrock,6,1.261436,3.470730,4.367034,749.574951,36.368675
3,0.685363,0.585390,quadratic,450,150,rosenbrock,6,40.230228,203.313019,262.909058,352.676178,47.303035
3,4.545940,8.541316,linear,450,150,rosenbrock,6,0.859107,4.832935,5.419476,891.771667,39.292225
3,5.322296,2.419483,linear,450,150,rosenbrock,6,0.001235,2.171433,1.817106,2.217456,36.099930
3,7.295407,1.287720,linear,450,150,rosenbrock,6,0.023799,1.436202,1.248481,1.753390,33.065070
3,6.231237,4.545940,linear,450,150,rosenbrock,6,0.020333,3.253156,4.371783,749.507019,35.427800
3,0.685363,0.939444,quadratic,450,150,rosenbrock,6,3.915756,96.620308,132.663406,124.500168,48.463000
3,6.231237,1.099883,linear,450,150,rosenbrock,6,0.033447,1.414503,1.060547,1.865936,37.168485
3,0.685363,1.507637,quadratic,450,150,rosenbrock,6,0.565071,3.723396,4.570149,59.096054,47.492185
3,0.685363,2.419483,quadratic,450,150,rosenbrock,6,0.039882,2.833679,3.157894,30.650572,47.353865
3,7.295407,0.500000,linear,450,150,rosenbrock,6,0.021213,0.897364,1.148367,1.339429,34.810115
3,8.541316,0.585390,linear,450,150,rosenbrock,6,0.049095,0.575050,0.789178,0.964719,34.397440
3,0.685363,6.231237,quadratic,450,150,rosenbrock,6,0.014933,0.491210,0.504391,1.092170,47.614365
3,5.322296,3.882831,linear,450,150,rosenbrock,6,0.000660,2.183076,2.570642,749.904053,38.257650
3,6.231237,1.765111,linear,450,150,rosenbrock,6,0.336961,1.557380,1.553005,1.828183,35.918210
3,8.541316,0.939444,linear,450,150,rosenbrock,6,0.005351,0.946393,0.993285,1.672609,35.688595
3,0.685363,3.882831,quadratic,450,150,rosenbrock,6,0.230587,1.416973,1.204152,27.938204,50.028350
3,0.685363,10.000000,quadratic,450,150,rosenbrock,6,0.231336,1.161112,1.073466,1.781751,48.296585
3,2.832683,6.231237,linear,450,150,rosenbrock,6,0.000025,2.723413,3.563867,2.119862,34.489470
3,7.295407,0.802409,linear,450,150,rosenbrock,6,0.004733,0.613184,0.751376,1.057956,36.477250
3,0.802409,0.685363,quadratic,450,150,rosenbrock,6,3.577512,101.930923,110.935455,256.747986,47.521520
3,6.231237,2.832683,linear,450,150,rosenbrock,6,0.002025,2.711568,2.211597,2.026846,38.260505
3,8.541316,1.507637,linear,450,150,rosenbrock,6,0.020029,1.794301,1.369546,534.090759,36.050125
3,7.295407,8.541316,linear,450,150,rosenbrock,6,1.851034,3.920295,4.489341,763.912720,36.644130
3,2.832683,10.000000,linear,450,150,rosenbrock,6,0.181814,3.350126,5.419422,1.947241,36.859335
3,3.882831,2.832683,linear,450,150,rosenbrock,6,0.215878,1.491747,1.389299,1.889660,50.932460
3,7.295407,5.322296,linear,450,150,rosenbrock,6,0.011221,3.518048,4.710902,65.366554,36.962290
3,10.000000,1.099883,linear,450,150,rosenbrock,6,0.008948,1.950853,1.411751,866.895996,36.422875
3,0.802409,1.099883,quadratic,450,150,rosenbrock,6,2.789770,31.547970,12.865416,141.877350,47.754985
3,3.316448,0.685363,linear,450,150,rosenbrock,6,0.030440,2.395466,2.861364,1.540592,36.958840
3,5.322296,10.000000,linear,450,150,rosenbrock,6,2.419418,4.349238,3.887549,890.381653,46.663210
3,6.231237,7.295407,linear,450,150,rosenbrock,6,2.285450,4.183493,5.419474,65.226509,41.169730
3,3.316448,1.099883,linear,450,150,rosenbrock,6,0.000006,1.060632,0.997788,2.372977,36.809035
3,8.541316,6.231237,linear,450,150,rosenbrock,6,0.155500,4.159966,4.845183,763.875427,37.734885
3,8.541316,3.882831,linear,450,150,rosenbrock,6,1.385812,3.780167,5.389545,544.549011,38.984675
3,5.322296,6.231237,linear,450,150,rosenbrock,6,0.013253,3.744443,5.419408,892.189575,49.788585
3,3.882831,7.295407,linear,450,150,rosenbrock,6,0.005793,3.088200,5.419430,544.629089,51.321100
3,8.541316,2.419483,linear,450,150,rosenbrock,6,0.100100,3.685283,5.419437,892.073730,37.269415
3,7.295407,3.316448,linear,450,150,rosenbrock,6,0.110999,2.197605,2.502416,717.315918,46.085665
3,3.316448,4.545940,linear,450,150,rosenbrock,6,0.044574,1.315388,1.692149,1.800314,37.194185
3,0.500000,1.287720,quadratic,450,150,rosenbrock,6,3.398058,44.839863,51.458763,209.649704,36.640660
3,3.316448,7.295407,linear,450,150,rosenbrock,6,0.217129,3.128673,2.954101,999.665894,34.924080
3,7.295407,2.066557,linear,450,150,rosenbrock,6,0.187258,2.315194,1.999970,1.959038,49.969645
3,3.316448,2.832683,linear,450,150,rosenbrock,6,0.014365,2.294650,2.864855,2.056324,38.609660
3,8.541316,10.000000,linear,450,150,rosenbrock,6,2.758319,5.575133,5.028636,291.996704,45.507985
3,3.882831,0.802409,linear,450,150,rosenbrock,6,0.129459,1.609575,1.481300,2.431174,36.711040
3,3.882831,2.066557,linear,450,150,rosenbrock,6,0.022722,0.709980,0.856475,1.554986,36.038640
3,0.500000,8.541316,quadratic,450,150,rosenbrock,6,0.031194,0.446114,0.483306,1.013374,37.757280
3,3.882831,0.500000,linear,450,150,rosenbrock,6,0.475525,2.660765,2.940361,25.644594,33.184280
3,10.000000,0.685363,linear,450,150,rosenbrock,6,0.001598,0.993647,0.800609,1.692515,43.652590
3,3.882831,1.287720,linear,450,150,rosenbrock,6,0.019080,0.838272,0.761172,1.595642,31.511910
3,10.000000,1.765111,linear,450,150,rosenbrock,6,0.100136,2.217899,2.240990,1.997429,42.185860
3,0.585390,0.585390,quadratic,450,150,rosenbrock,6,13.993359,240.806946,297.352600,444.806915,38.671495
3,3.882831,5.322296,linear,450,150,rosenbrock,6,0.779397,3.494083,5.386722,209.603836,29.612735
3,4.545940,1.507637,linear,450,150,rosenbrock,6,0.000114,0.696625,1.009196,1.301765,27.887415
3,4.545940,0.585390,linear,450,150,rosenbrock,6,0.025585,2.718847,3.333604,18.754524,28.823385
3,0.585390,0.939444,quadratic,450,150,rosenbrock,6,4.921814,77.748184,112.918533,178.857376,35.749740
3,4.545940,2.419483,linear,450,150,rosenbrock,6,0.011638,1.931538,1.637459,2.451708,32.797435
3,0.585390,1.507637,quadratic,450,150,rosenbrock,6,0.698311,14.013060,9.103550,107.349731,35.223220
3,10.000000,2.832683,linear,450,150,rosenbrock,6,0.036363,2.856297,3.064567,749.757935,46.321275
3,10.000000,7.295407,linear,450,150,rosenbrock,6,0.029934,10.634610,4.597150,759.185852,44.161805
3,4.545940,3.882831,linear,450,150,rosenbrock,6,0.005873,4.074828,5.418593,749.401245,27.912550
3,0.500000,0.500000,quadratic,450,150,rosenbrock,6,50.138626,350.469971,487.958374,793.752625,41.844365
3,5.322296,1.099883,linear,450,150,rosenbrock,6,0.036147,0.671916,0.761737,1.240371,30.350950
3,0.500000,0.802409,quadratic,450,150,rosenbrock,6,6.664906,173.901016,218.515045,287.266754,42.717145
3,10.000000,4.545940,linear,450,150,rosenbrock,6,0.057450,3.355709,3.844039,897.571716,47.072970
3,6.231237,0.802409,linear,450,150,rosenbrock,6,0.000028,0.345533,0.485456,1.020305,29.138890
3,5.322296,0.685363,linear,450,150,rosenbrock,6,0.238503,1.172185,1.176214,1.464370,30.616180
3,0.500000,2.066557,quadratic,450,150,rosenbrock,6,0.774104,14.567459,5.125542,80.147812,41.959980
3,5.322296,1.765111,linear,450,150,rosenbrock,6,0.022566,1.822261,1.344246,1.944413,31.544010
3,0.585390,2.419483,quadratic,450,150,rosenbrock,6,0.056358,1.964396,2.814470,22.706366,35.992970
3,0.585390,3.882831,quadratic,450,150,rosenbrock,6,0.132299,1.734343,2.063600,2.028083,35.922355
3,3.316448,1.765111,linear,450,150,rosenbrock,6,0.002473,0.436786,0.678374,1.273838,41.649075
3,7.295407,1.507637,linear,450,150,rosenbrock,6,0.000010,1.335037,1.426808,1.832798,29.519525
3,0.500000,5.322296,quadratic,450,150,rosenbrock,6,0.054696,1.122501,1.257297,2.062062,42.762710
3,0.500000,3.316448,quadratic,450,150,rosenbrock,6,0.066344,2.612687,2.862399,31.778072,46.700805
3,6.231237,5.322296,linear,450,150,rosenbrock,6,0.581708,3.376777,3.658211,892.344360,31.909925
3,6.231237,1.287720,linear,450,150,rosenbrock,6,0.382080,1.722868,1.254685,1.837637,33.416800
3,4.545940,0.939444,linear,450,150,rosenbrock,6,0.000005,0.775264,0.977104,2.035724,42.664350
3,7.295407,0.585390,linear,450,150,rosenbrock,6,0.210241,0.816627,0.848094,1.388186,32.784570
3,0.585390,10.000000,quadratic,450,150,rosenbrock,6,0.000098,0.619654,0.584793,1.408538,40.481435
3,8.541316,0.685363,linear,450,150,rosenbrock,6,0.009749,0.796890,0.763800,1.636971,32.835240
3,4.545940,6.231237,linear,450,150,rosenbrock,6,0.590670,3.823100,5.419424,666.436096,40.628230
3,0.802409,1.765111,quadratic,450,150,rosenbrock,6,1.034828,3.706611,3.872877,53.817345,31.177855
3,8.541316,1.099883,linear,450,150,rosenbrock,6,0.042401,1.842340,1.402887,2.122791,33.823000
3,0.685363,0.685363,quadratic,450,150,rosenbrock,6,5.576194,171.447235,177.289383,338.330566,43.740105
3,5.322296,2.832683,linear,450,150,rosenbrock,6,0.066174,2.057165,1.912861,544.783264,42.633500
3,4.545940,10.000000,linear,450,150,rosenbrock,6,0.053364,22.457941,5.419848,993.652771,43.986375
3,0.685363,1.099883,quadratic,450,150,rosenbrock,6,1.863973,33.608696,26.468864,181.475876,42.584165
3,0.802409,2.832683,quadratic,450,150,rosenbrock,6,0.020679,1.348304,1.819515,1.951815,31.724740
3,0.585390,6.231237,quadratic,450,150,rosenbrock,6,0.003010,0.524402,0.596620,0.759653,49.024855
3,7.295407,10.000000,linear,450,150,rosenbrock,6,0.715291,3.483144,3.930620,747.463928,33.408580
3,0.685363,2.832683,quadratic,450,150,rosenbrock,6,0.172426,2.436064,2.872277,1.518551,43.152325
3,10.000000,1.287720,linear,450,150,rosenbrock,6,0.017843,1.600765,1.620824,536.864502,31.976600
3,8.541316,1.765111,linear,450,150,rosenbrock,6,0.144889,2.839333,3.703546,2.100955,35.353065
3,0.802409,4.545940,quadratic,450,150,rosenbrock,6,0.000075,0.491694,0.474579,1.515195,31.202920
3,6.231237,2.066557,linear,450,150,rosenbrock,6,0.183842,2.121724,1.750969,2.384541,41.642385
3,0.685363,1.765111,quadratic,450,150,rosenbrock,6,0.062885,3.351885,4.323001,76.737610,46.151305
3,5.322296,4.545940,linear,450,150,rosenbrock,6,0.056796,4.164387,5.419438,891.964417,43.772135
3,6.231237,3.316448,linear,450,150,rosenbrock,6,0.007539,3.596807,5.417728,1.956193,38.685080
3,0.685363,7.295407,quadratic,450,150,rosenbrock,6,0.003268,0.392355,0.510637,0.663964,45.452760
3,7.295407,0.939444,linear,450,150,rosenbrock,6,0.027660,0.692452,0.848000,1.420413,41.897060
3,7.295407,6.231237,linear,450,150,rosenbrock,6,0.168160,3.714749,4.362090,575.076294,37.397820
3,8.541316,7.295407,linear,450,150,rosenbrock,6,0.040401,3.107525,3.695251,575.344788,34.808110
3,0.685363,4.545940,quadratic,450,150,rosenbrock,6,0.010901,0.693018,0.822062,1.218030,46.590910
3,8.541316,4.545940,linear,450,150,rosenbrock,6,0.011547,4.193323,5.419444,763.855164,34.680975
3,0.802409,7.295407,quadratic,450,150,rosenbrock,6,0.001546,0.605549,0.727165,0.982491,35.712340
3,0.939444,0.802409,quadratic,450,150,rosenbrock,6,1.174344,17.419979,11.274197,71.916977,31.655075
3,6.231237,8.541316,linear,450,150,rosenbrock,6,0.015885,4.456605,4.638299,747.578857,39.031865
3,0.939444,0.500000,quadratic,450,150,rosenbrock,6,15.607800,176.938339,175.867096,232.573334,33.580240
3,0.802409,0.802409,quadratic,450,150,rosenbrock,6,3.174688,48.468246,61.807747,156.476929,48.694100
3,0.802409,0.500000,quadratic,450,150,rosenbrock,6,25.889597,231.788132,322.035400,250.420502,50.810840
3,8.541316,2.832683,linear,450,150,rosenbrock,6,0.095305,2.698851,3.572053,544.629944,36.220310
3,0.939444,1.287720,quadratic,450,150,rosenbrock,6,0.037196,12.397415,5.523077,80.528969,32.452410
3,0.500000,1.507637,quadratic,450,150,rosenbrock,6,1.303327,57.524158,82.551270,116.405853,34.605205
3,0.802409,1.287720,quadratic,450,150,rosenbrock,6,0.336126,3.242804,3.992189,49.359787,48.057465
3,0.939444,3.316448,quadratic,450,150,rosenbrock,6,0.123947,1.006495,1.092167,1.479780,34.053865
3,3.882831,3.316448,linear,450,150,rosenbrock,6,0.000014,2.491933,2.095223,891.630127,50.667670
3,0.939444,2.066557,quadratic,450,150,rosenbrock,6,0.554178,3.038316,3.264103,28.050461,34.911180
3,10.000000,0.802409,linear,450,150,rosenbrock,6,0.065013,0.927932,0.969589,1.745072,32.662235
3,0.939444,5.322296,quadratic,450,150,rosenbrock,6,0.023715,0.545836,0.590275,0.656949,34.319465
3,6.231237,0.500000,linear,450,150,rosenbrock,6,0.037641,1.230207,1.427016,1.153825,48.051630
3,10.000000,2.066557,linear,450,150,rosenbrock,6,0.038043,2.863259,2.814292,892.440918,31.733330
3,3.882831,8.541316,linear,450,150,rosenbrock,6,0.014996,3.203998,3.825517,544.482666,44.132015
3,0.939444,8.541316,quadratic,450,150,rosenbrock,6,0.041160,1.769667,1.484212,1.968971,35.404925
3,1.099883,0.585390,quadratic,450,150,rosenbrock,6,5.611979,67.651398,76.828384,217.578674,33.206335
3,1.099883,0.939444,quadratic,450,150,rosenbrock,6,0.845285,7.158457,6.383030,67.170357,32.615375
3,1.099883,2.419483,quadratic,450,150,rosenbrock,6,0.101014,1.029515,1.230671,1.684087,31.141685
3,5.322296,7.295407,linear,450,150,rosenbrock,6,0.124526,4.146685,5.419443,544.534607,49.210040
3,1.099883,1.507637,quadratic,450,150,rosenbrock,6,0.698891,2.884398,3.049700,1.751117,34.208670
3,7.295407,3.882831,linear,450,150,rosenbrock,6,0.120541,3.773750,5.419371,892.017151,47.329995
3,7.295407,2.419483,linear,450,150,rosenbrock,6,0.046657,1.724339,2.073066,2.353070,45.969445
3,1.099883,3.882831,quadratic,450,150,rosenbrock,6,0.091725,0.377136,0.519326,1.395643,31.155660
3,10.000000,0.500000,linear,450,150,rosenbrock,6,0.021414,0.636228,0.841921,1.415184,45.787985
3,0.500000,10.000000,quadratic,450,150,rosenbrock,6,0.001484,0.367139,0.515563,1.525408,44.199660
3,1.099883,6.231237,quadratic,450,150,rosenbrock,6,0.004090,0.563806,0.717808,1.091760,32.348775
3,1.099883,10.000000,quadratic,450,150,rosenbrock,6,0.007631,1.777890,1.820587,544.834839,31.176585
3,0.585390,0.685363,quadratic,450,150,rosenbrock,6,10.488066,312.708618,302.027557,520.137512,43.384680
3,1.287720,1.099883,quadratic,450,150,rosenbrock,6,0.580223,3.977895,4.835694,40.530891,28.948480
3,1.287720,0.685363,quadratic,450,150,rosenbrock,6,0.160759,27.597557,21.282364,96.897659,31.206090
3,10.000000,3.316448,linear,450,150,rosenbrock,6,0.240092,3.905616,5.419267,544.522522,38.286225
3,0.585390,1.099883,quadratic,450,150,rosenbrock,6,8.666189,63.903454,71.514061,91.606476,42.027010
3,0.500000,0.939444,quadratic,450,150,rosenbrock,6,14.087831,107.482559,135.875946,181.843170,35.214580
3,10.000000,8.541316,linear,450,150,rosenbrock,6,0.117868,4.284744,5.512337,748.235535,39.023615
3,0.585390,1.765111,quadratic,450,150,rosenbrock,6,0.311137,3.732060,4.267170,55.430721,42.939005
3,1.287720,4.545940,quadratic,450,150,rosenbrock,6,0.121765,0.572173,0.710815,0.861569,26.685705
3,1.287720,7.295407,quadratic,450,150,rosenbrock,6,0.033238,2.166112,1.738995,2.306228,26.333085
3,1.287720,2.832683,quadratic,450,150,rosenbrock,6,0.003285,0.494012,0.633755,0.681194,29.958385
3,0.500000,0.585390,quadratic,450,150,rosenbrock,6,46.984699,261.675079,290.084961,280.925446,40.645040
3,1.507637,1.287720,quadratic,450,150,rosenbrock,6,0.043271,1.967478,2.136117,2.170747,26.242030
3,0.500000,2.419483,quadratic,450,150,rosenbrock,6,0.061580,3.190595,3.900675,43.639786,39.235865
3,1.507637,0.802409,quadratic,450,150,rosenbrock,6,0.079390,3.558388,4.155695,41.679806,29.008800
3,10.000000,5.322296,linear,450,150,rosenbrock,6,0.782618,14.522595,5.420355,758.204895,42.650005
3,0.802409,2.066557,quadratic,450,150,rosenbrock,6,0.391218,2.715650,2.981431,27.915110,26.873065
3,0.585390,2.832683,quadratic,450,150,rosenbrock,6,0.000907,2.319155,3.279983,1.908291,38.887040
3,1.507637,3.316448,quadratic,450,150,rosenbrock,6,0.001081,0.366529,0.530413,1.295951,26.980080
3,0.585390,4.545940,quadratic,450,150,rosenbrock,6,0.040838,1.365710,1.311647,1.931188,39.173965
3,1.287720,1.765111,quadratic,450,150,rosenbrock,6,0.127148,1.513099,1.835559,17.863831,38.794320
3,0.802409,3.316448,quadratic,450,150,rosenbrock,6,0.000491,1.002403,1.262380,1.591056,27.996635
3,0.685363,0.500000,quadratic,450,150,rosenbrock,6,26.107359,327.851318,365.338318,489.353058,36.980560
3,1.765111,0.585390,quadratic,450,150,rosenbrock,6,0.166811,4.048442,4.629950,30.437033,28.406815
3,1.507637,0.500000,quadratic,450,150,rosenbrock,6,1.378623,20.036461,18.170639,144.065292,39.881385
3,0.500000,6.231237,quadratic,450,150,rosenbrock,6,0.005826,0.499169,0.644804,0.946787,43.408630
3,0.500000,3.882831,quadratic,450,150,rosenbrock,6,0.094736,2.038280,2.665025,34.803497,42.790965
3,1.765111,1.507637,quadratic,450,150,rosenbrock,6,0.048250,0.707296,0.829475,1.404019,28.877305
3,0.685363,0.802409,quadratic,450,150,rosenbrock,6,7.555123,66.306198,70.952774,219.447388,35.408570
3,1.765111,0.939444,quadratic,450,150,rosenbrock,6,0.072045,1.817895,2.174879,1.271085,29.752365
3,0.802409,5.322296,quadratic,450,150,rosenbrock,6,0.001428,0.546849,0.464711,1.289935,29.962620
3,1.507637,2.066557,quadratic,450,150,rosenbrock,6,0.010066,0.597147,0.703438,1.681855,39.596255
3,1.507637,8.541316,quadratic,450,150,rosenbrock,6,0.002348,3.143593,5.097189,544.595276,39.603965
3,1.507637,5.322296,quadratic,450,150,rosenbrock,6,0.156665,1.982554,1.498018,1.864578,40.961780
3,2.066557,1.099883,quadratic,450,150,rosenbrock,6,0.041461,1.869413,2.089048,2.050136,29.816000
3,0.939444,0.939444,quadratic,450,150,rosenbrock,6,0.197286,60.150139,16.063412,174.153320,28.836490
3,0.685363,1.287720,quadratic,450,150,rosenbrock,6,0.089948,17.969330,6.196979,88.291534,43.052355
3,0.685363,3.316448,quadratic,450,150,rosenbrock,6,0.091789,1.485189,1.876327,1.269468,40.166320
3,0.585390,7.295407,quadratic,450,150,rosenbrock,6,0.031847,0.464464,0.478462,1.359962,42.237645
3,0.939444,1.507637,quadratic,450,150,rosenbrock,6,0.057670,2.948050,3.775517,62.426403,28.181920
3,0.802409,8.541316,quadratic,450,150,rosenbrock,6,0.024560,0.803598,0.974913,1.336760,32.591640
3,2.066557,1.765111,quadratic,450,150,rosenbrock,6,0.118278,0.467194,0.506887,0.807337,33.501335
3,1.765111,3.882831,quadratic,450,150,rosenbrock,6,0.001551,0.588300,0.701935,1.427938,38.394495
3,1.765111,2.419483,quadratic,450,150,rosenbrock,6,0.000043,0.540470,0.504173,1.396248,40.616505
3,0.685363,2.066557,quadratic,450,150,rosenbrock,6,1.823155,4.018570,4.297695,1.392771,40.414605
3,0.939444,0.585390,quadratic,450,150,rosenbrock,6,4.970946,63.749092,63.875648,213.075348,33.327630
3,2.066557,7.295407,quadratic,450,150,rosenbrock,6,0.245065,3.407199,5.418068,544.449463,29.952865
3,0.685363,8.541316,quadratic,450,150,rosenbrock,6,0.003334,0.667714,0.747711,1.062320,39.307660
3,0.939444,3.882831,quadratic,450,150,rosenbrock,6,0.094438,0.398632,0.542513,0.982933,30.522535
3,1.765111,6.231237,quadratic,450,150,rosenbrock,6,0.037285,1.926928,2.204214,1.968996,41.005955
3,2.066557,0.685363,quadratic,450,150,rosenbrock,6,0.351006,3.487500,3.895596,22.186016,39.693200
3,2.066557,2.832683,quadratic,450,150,rosenbrock,6,0.062710,0.498538,0.552495,0.986291,38.906505
3,2.066557,4.545940,quadratic,450,150,rosenbrock,6,0.038013,1.738922,1.754581,2.243722,36.935425
3,1.765111,10.000000,quadratic,450,150,rosenbrock,6,0.247022,3.791559,5.419438,892.085815,43.851720
3,0.939444,2.419483,quadratic,450,150,rosenbrock,6,0.063761,1.572207,2.093886,17.417896,34.212735
3,0.939444,6.231237,quadratic,450,150,rosenbrock,6,0.000539,1.013495,0.894401,1.364161,33.248695
3,0.685363,5.322296,quadratic,450,150,rosenbrock,6,0.066825,0.381120,0.522150,1.120348,43.378425
3,1.099883,0.685363,quadratic,450,150,rosenbrock,6,1.483531,60.955357,13.425912,248.495239,30.536555
3,1.099883,1.099883,quadratic,450,150,rosenbrock,6,1.705220,12.234385,5.479916,41.188335,30.504020
3,2.419483,0.802409,quadratic,450,150,rosenbrock,6,0.004441,1.667020,2.102876,1.066687,36.504585
3,2.419483,2.066557,quadratic,450,150,rosenbrock,6,0.000693,0.324578,0.477437,0.753160,34.258345
3,0.939444,10.000000,quadratic,450,150,rosenbrock,6,0.007644,1.461141,1.535822,2.011999,33.034865
3,1.099883,2.832683,quadratic,450,150,rosenbrock,6,0.066132,1.422798,1.308872,2.348739,33.211665
3,0.802409,0.939444,quadratic,450,150,rosenbrock,6,0.291456,54.632278,16.006390,199.662521,44.681080
3,0.802409,0.585390,quadratic,450,150,rosenbrock,6,10.024424,125.955711,119.566711,227.151169,45.284605
3,1.099883,1.765111,quadratic,450,150,rosenbrock,6,0.877893,2.274766,2.723212,21.797907,35.131830
3,1.099883,7.295407,quadratic,450,150,rosenbrock,6,0.000048,1.268984,1.377720,1.804324,30.429600
3,1.099883,4.545940,quadratic,450,150,rosenbrock,6,0.006355,0.428268,0.511107,0.872754,33.472420
3,0.802409,1.507637,quadratic,450,150,rosenbrock,6,0.000257,4.077170,4.452421,20.300169,47.130675
3,1.287720,0.802409,quadratic,450,150,rosenbrock,6,0.070176,7.352193,6.842657,76.142166,31.489180
3,2.419483,1.287720,quadratic,450,150,rosenbrock,6,0.044563,0.592002,0.785248,1.746316,46.264160
3,1.287720,0.500000,quadratic,450,150,rosenbrock,6,0.888218,74.146057,104.319595,138.849701,34.156755
3,2.419483,3.316448,quadratic,450,150,rosenbrock,6,0.018490,0.919713,1.139944,1.158404,44.882960
3,1.287720,1.287720,quadratic,450,150,rosenbrock,6,0.145111,2.224671,2.231641,33.337650,33.757755
3,2.419483,0.500000,quadratic,450,150,rosenbrock,6,0.667357,3.718245,4.561160,27.922724,50.449550
3,2.832683,3.882831,quadratic,450,150,rosenbrock,6,0.065011,2.493484,2.211988,2.409532,34.300340
3,2.832683,10.000000,quadratic,450,150,rosenbrock,6,0.026309,159.833878,5.419863,1082.205322,33.007675
3,2.419483,8.541316,quadratic,450,150,rosenbrock,6,0.200253,4.449521,5.419446,749.314087,44.825460
3,1.287720,3.316448,quadratic,450,150,rosenbrock,6,0.010144,0.422272,0.521716,1.614300,29.672130
3,1.287720,5.322296,quadratic,450,150,rosenbrock,6,0.508072,0.982055,0.991988,1.561216,31.970950
3,2.419483,5.322296,quadratic,450,150,rosenbrock,6,0.213145,2.155639,2.339994,2.325385,49.432950
3,1.507637,0.939444,quadratic,450,150,rosenbrock,6,0.042079,2.688753,3.035488,17.482740,29.495195
3,1.507637,1.507637,quadratic,450,150,rosenbrock,6,0.388177,1.763968,1.899407,1.042072,31.426480
3,2.832683,0.585390,quadratic,450,150,rosenbrock,6,0.242906,2.491874,2.921053,1.708006,48.095610
3,1.287720,8.541316,quadratic,450,150,rosenbrock,6,0.011767,2.000814,1.934238,749.952942,33.835325
3,2.832683,0.939444,quadratic,450,150,rosenbrock,6,0.023426,1.489967,1.569459,2.486995,46.512565
3,3.316448,0.685363,quadratic,450,150,rosenbrock,6,0.007842,1.392826,1.959657,2.046498,37.717090
3,2.832683,1.507637,quadratic,450,150,rosenbrock,6,0.003427,0.475647,0.549886,1.257950,47.727120
3,3.316448,1.765111,quadratic,450,150,rosenbrock,6,0.001059,0.608728,0.753975,1.383859,35.121275
3,0.802409,2.419483,quadratic,450,150,rosenbrock,6,0.004767,1.609346,1.783519,2.183843,32.269100
3,0.802409,3.882831,quadratic,450,150,rosenbrock,6,0.248445,0.725329,0.740201,1.218503,28.547545
3,2.832683,2.419483,quadratic,450,150,rosenbrock,6,0.008334,1.689303,1.149142,1.718976,47.263520
3,1.507637,3.882831,quadratic,450,150,rosenbrock,6,0.018221,0.492074,0.534547,1.124423,31.802975
3,3.316448,2.832683,quadratic,450,150,rosenbrock,6,0.006422,1.071575,1.552115,1.635089,36.420045
3,2.832683,6.231237,quadratic,450,150,rosenbrock,6,1.022736,4.568585,5.015286,544.256165,45.554765
3,1.765111,0.685363,quadratic,450,150,rosenbrock,6,0.093902,3.947347,5.406926,67.103027,30.706385
3,3.316448,4.545940,quadratic,450,150,rosenbrock,6,0.251216,3.442695,5.419436,749.639648,37.859010
3,1.765111,1.765111,quadratic,450,150,rosenbrock,6,0.036075,0.961595,0.992057,1.602198,30.097920
3,3.316448,1.099883,quadratic,450,150,rosenbrock,6,0.002824,0.440603,0.575033,1.126402,46.613535
3,1.287720,2.066557,quadratic,450,150,rosenbrock,6,0.010522,1.256966,1.252459,2.064422,38.269585
3,0.802409,6.231237,quadratic,450,150,rosenbrock,6,0.003377,0.423254,0.503597,0.698614,31.760955
3,1.765111,1.099883,quadratic,450,150,rosenbrock,6,0.046508,2.512782,3.093492,39.640690,32.055735
3,1.507637,0.585390,quadratic,450,150,rosenbrock,6,0.051001,9.265279,7.909740,65.346535,36.040935
3,2.066557,1.287720,quadratic,450,150,rosenbrock,6,0.010548,1.151922,1.226499,1.588459,30.622215
3,3.882831,0.500000,quadratic,450,150,rosenbrock,6,0.201294,2.562446,2.814104,2.917758,41.859420
3,0.939444,1.099883,quadratic,450,150,rosenbrock,6,2.280258,14.342665,5.169749,71.155418,30.870570
3,3.316448,7.295407,quadratic,450,150,rosenbrock,6,0.926884,170.119492,5.419706,1077.832397,43.631405
3,3.882831,0.802409,quadratic,450,150,rosenbrock,6,0.149196,0.761981,0.958290,2.033650,41.539045
3,0.939444,1.765111,quadratic,450,150,rosenbrock,6,0.159889,2.275410,3.047982,2.403796,30.414745
3,0.802409,10.000000,quadratic,450,150,rosenbrock,6,0.022704,0.960447,1.094511,1.870343,30.378925
3,3.882831,2.066557,quadratic,450,150,rosenbrock,6,0.001312,1.614912,1.447477,1.935849,40.848405
3,3.882831,1.287720,quadratic,450,150,rosenbrock,6,0.033225,0.378786,0.506843,1.053476,41.796565
3,3.882831,3.316448,quadratic,450,150,rosenbrock,6,0.008308,3.695743,5.372865,2.280625,41.244435
3,1.507637,2.419483,quadratic,450,150,rosenbrock,6,0.063129,0.503239,0.546089,1.358650,40.314905
3,0.939444,0.685363,quadratic,450,150,rosenbrock,6,4.288985,43.160965,30.079615,101.694893,31.322725
3,2.066557,2.066557,quadratic,450,150,rosenbrock,6,0.001984,0.388814,0.516671,0.693267,35.204810
3,1.507637,10.000000,quadratic,450,150,rosenbrock,6,0.026191,3.837809,5.419413,749.465271,40.938015
3,2.066557,8.541316,quadratic,450,150,rosenbrock,6,0.255051,3.560877,4.402966,1.586554,33.195140
3,1.507637,6.231237,quadratic,450,150,rosenbrock,6,0.018192,2.262478,2.316564,2.197141,41.316915
3,0.939444,4.545940,quadratic,450,150,rosenbrock,6,0.024797,0.321863,0.346553,1.015572,31.998665
3,3.882831,8.541316,quadratic,450,150,rosenbrock,6,0.712368,3.664043,4.497988,296.982056,41.023175
3,3.882831,5.322296,quadratic,450,150,rosenbrock,6,0.013141,3.776470,5.419439,763.837463,43.220215
3,0.939444,2.832683,quadratic,450,150,rosenbrock,6,0.009430,0.970332,1.253236,1.646238,31.329360
3,4.545940,0.939444,quadratic,450,150,rosenbrock,6,0.101022,0.384041,0.476357,0.646919,40.060665
3,4.545940,0.585390,quadratic,450,150,rosenbrock,6,0.011329,1.267790,1.258591,1.950587,44.165125
3,1.099883,0.802409,quadratic,450,150,rosenbrock,6,0.473368,27.138681,25.743320,61.159527,32.284885
3,0.939444,7.295407,quadratic,450,150,rosenbrock,6,0.069097,0.799436,0.982120,1.462703,33.373585
3,1.765111,4.545940,quadratic,450,150,rosenbrock,6,0.154652,0.966425,1.264973,1.838657,43.569280
3,1.099883,1.287720,quadratic,450,150,rosenbrock,6,0.883592,3.966584,4.454133,48.023296,31.845770
3,1.099883,3.316448,quadratic,450,150,rosenbrock,6,0.056485,0.476418,0.576097,0.779008,29.644700
3,1.765111,2.832683,quadratic,450,150,rosenbrock,6,0.000655,0.485268,0.541733,1.274693,44.000210
3,1.765111,7.295407,quadratic,450,150,rosenbrock,6,0.210704,2.629067,2.520004,544.700439,40.978585
3,2.066557,0.802409,quadratic,450,150,rosenbrock,6,0.043991,3.078499,3.893194,68.151237,40.419065
3,4.545940,1.507637,quadratic,450,150,rosenbrock,6,0.000544,0.628726,0.732782,1.450419,43.153920
3,1.099883,0.500000,quadratic,450,150,rosenbrock,6,0.731408,87.411530,100.949509,190.712555,33.191515
3,1.099883,2.066557,quadratic,450,150,rosenbrock,6,0.094541,1.733667,1.876386,1.611928,31.589650
3,2.066557,5.322296,quadratic,450,150,rosenbrock,6,0.537284,2.955524,2.667320,544.618530,42.178800
3,4.545940,2.419483,quadratic,450,150,rosenbrock,6,0.008373,2.698087,2.382656,544.217896,39.649080
3,2.066557,3.316448,quadratic,450,150,rosenbrock,6,0.006535,0.945824,1.057322,1.467198,44.230840
3,1.099883,8.541316,quadratic,450,150,rosenbrock,6,0.003854,1.487075,1.590873,1.884393,33.913140
3,1.099883,5.322296,quadratic,450,150,rosenbrock,6,0.010115,0.427565,0.614720,1.399428,34.357050
3,2.066557,0.500000,quadratic,450,150,rosenbrock,6,1.735909,10.598202,9.127653,93.644157,44.288965
3,1.287720,1.507637,quadratic,450,150,rosenbrock,6,0.020890,2.416806,3.073817,2.932349,30.060985
3,2.419483,0.939444,quadratic,450,150,rosenbrock,6,0.002201,2.100705,2.009273,2.062024,41.132355
3,1.287720,0.939444,quadratic,450,150,rosenbrock,6,0.012129,3.880182,4.117913,49.561886,34.870425
3,2.419483,2.419483,quadratic,450,150,rosenbrock,6,0.005496,0.467930,0.575841,1.089171,41.394050
3,1.287720,0.585390,quadratic,450,150,rosenbrock,6,0.123753,49.028988,36.930176,145.806381,34.235745
3,1.287720,3.882831,quadratic,450,150,rosenbrock,6,0.000517,0.780694,0.520992,1.333958,31.379965
3,4.545940,3.882831,quadratic,450,150,rosenbrock,6,0.133871,3.880458,5.419438,677.317688,44.924040
3,1.287720,6.231237,quadratic,450,150,rosenbrock,6,0.001044,1.453745,1.423750,1.708961,31.930180
3,1.507637,1.099883,quadratic,450,150,rosenbrock,6,0.409477,2.619021,3.436372,64.104774,30.600020
3,1.507637,1.765111,quadratic,450,150,rosenbrock,6,0.326327,1.404905,1.458933,1.851999,30.486140
3,4.545940,6.231237,quadratic,450,150,rosenbrock,6,0.577921,4.450005,5.421420,749.289429,45.849580
3,2.832683,4.545940,quadratic,450,150,rosenbrock,6,0.010043,2.218840,2.377707,2.029968,36.850255
3,4.545940,10.000000,quadratic,450,150,rosenbrock,6,1.217510,17.440184,5.403296,743.739624,43.491680
3,2.419483,1.507637,quadratic,450,150,rosenbrock,6,0.026424,0.534831,0.651105,1.019825,42.136460
3,3.316448,0.500000,quadratic,450,150,rosenbrock,6,0.002379,2.669970,3.021779,1.405498,37.780905
3,1.287720,10.000000,quadratic,450,150,rosenbrock,6,0.068734,2.719656,2.396198,544.615356,33.269925
3,2.419483,0.585390,quadratic,450,150,rosenbrock,6,0.355115,2.939087,3.518236,19.862919,43.598780
3,3.316448,0.802409,quadratic,450,150,rosenbrock,6,0.341596,1.373796,1.395246,1.406319,33.952795
3,5.322296,0.685363,quadratic,450,150,rosenbrock,6,0.320181,0.680500,0.619130,1.173706,32.249180
3,1.507637,4.545940,quadratic,450,150,rosenbrock,6,0.017158,1.008665,1.176600,1.480859,32.147760
3,5.322296,1.099883,quadratic,450,150,rosenbrock,6,0.137128,0.556854,0.702449,1.126457,33.323105
3,3.316448,2.066557,quadratic,450,150,rosenbrock,6,0.003452,0.757198,0.866595,1.454696,34.522210
3,2.419483,3.882831,quadratic,450,150,rosenbrock,6,0.013463,1.535241,1.540773,2.035714,48.437400
3,1.765111,0.802409,quadratic,450,150,rosenbrock,6,0.974604,3.235410,3.917046,52.758694,30.723200
3,1.765111,2.066557,quadratic,450,150,rosenbrock,6,0.010256,0.417532,0.457741,1.195243,29.564020
3,1.765111,1.287720,quadratic,450,150,rosenbrock,6,0.087774,1.735625,2.058585,14.072895,30.633275
3,2.419483,10.000000,quadratic,450,150,rosenbrock,6,0.008344,3.030876,3.277632,745.147583,48.207215
3,5.322296,1.765111,quadratic,450,150,rosenbrock,6,0.068999,1.532211,1.686513,1.971763,31.630845
3,3.316448,3.316448,quadratic,450,150,rosenbrock,6,0.021908,1.623889,1.846246,544.864319,38.279690
3,2.419483,6.231237,quadratic,450,150,rosenbrock,6,0.094277,3.525219,5.419431,536.018982,48.159580
3,5.322296,2.832683,quadratic,450,150,rosenbrock,6,0.943795,3.202296,3.042236,544.581604,30.264165
3,3.316448,5.322296,quadratic,450,150,rosenbrock,6,0.052659,4.170297,5.419441,749.438599,37.346825
3,2.066557,1.507637,quadratic,450,150,rosenbrock,6,0.000433,0.808055,0.758960,1.892988,33.042885
3,2.832683,0.685363,quadratic,450,150,rosenbrock,6,0.003136,1.475623,2.125083,1.251483,47.830355
3,1.287720,2.419483,quadratic,450,150,rosenbrock,6,0.121362,0.848104,0.864779,1.325971,35.864590
3,1.507637,0.685363,quadratic,450,150,rosenbrock,6,0.065853,2.835354,3.775542,52.160595,34.915735
3,2.832683,1.099883,quadratic,450,150,rosenbrock,6,0.009509,0.629444,0.798988,0.700751,47.667165
3,5.322296,4.545940,quadratic,450,150,rosenbrock,6,0.120736,3.693087,4.709415,543.953064,30.634295
3,5.322296,7.295407,quadratic,450,150,rosenbrock,6,0.034149,4.118433,5.176358,544.467834,30.353485
3,2.832683,1.765111,quadratic,450,150,rosenbrock,6,0.003449,0.406158,0.534549,0.940066,47.880085
3,6.231237,0.500000,quadratic,450,150,rosenbrock,6,0.004258,0.529238,0.691081,0.985168,28.724600
3,2.832683,2.832683,quadratic,450,150,rosenbrock,6,0.003927,1.375542,1.424343,1.499229,47.316395
3,2.066557,2.419483,quadratic,450,150,rosenbrock,6,0.004303,0.495831,0.555640,0.947273,29.831965
3,2.832683,7.295407,quadratic,450,150,rosenbrock,6,0.002866,3.287262,3.852249,890.795105,48.436990
3,6.231237,0.802409,quadratic,450,150,rosenbrock,6,0.002838,0.433745,0.527778,0.321650,31.109835
3,3.316448,1.287720,quadratic,450,150,rosenbrock,6,0.007087,0.375246,0.496970,0.567931,48.021380
3,1.507637,2.832683,quadratic,450,150,rosenbrock,6,0.001603,0.392762,0.499119,1.224115,36.560005
3,2.066557,10.000000,quadratic,450,150,rosenbrock,6,1.880252,4.396982,5.419441,543.559326,33.884740
3,3.882831,2.419483,quadratic,450,150,rosenbrock,6,0.001795,1.393309,1.545174,544.909912,40.450905
3,6.231237,1.287720,quadratic,450,150,rosenbrock,6,0.016935,0.892513,1.263737,1.698078,32.001300
3,3.882831,0.585390,quadratic,450,150,rosenbrock,6,0.007254,1.461081,1.920807,1.764302,46.528090
3,3.316448,8.541316,quadratic,450,150,rosenbrock,6,0.058339,4.046058,3.867365,890.057922,45.526090
3,3.882831,1.507637,quadratic,450,150,rosenbrock,6,0.233395,0.882004,0.857042,1.660162,41.684990
3,6.231237,8.541316,quadratic,450,150,rosenbrock,6,0.203126,5.141468,4.988798,43.485081,28.618495
3,6.231237,3.316448,quadratic,450,150,rosenbrock,6,0.164791,4.376384,5.419442,999.262878,31.226795
3,6.231237,2.066557,quadratic,450,150,rosenbrock,6,0.012721,3.324100,5.417684,2.351948,31.715140
3,3.882831,0.939444,quadratic,450,150,rosenbrock,6,0.000001,0.507261,0.640121,1.320863,46.484425
3,1.507637,7.295407,quadratic,450,150,rosenbrock,6,0.000487,1.994713,1.880311,2.090420,38.116360
3,1.765111,0.500000,quadratic,450,150,rosenbrock,6,0.042767,6.799117,7.398042,71.671234,40.102295
3,6.231237,5.322296,quadratic,450,150,rosenbrock,6,0.179077,4.138843,5.425655,890.721741,32.517775
3,3.882831,3.882831,quadratic,450,150,rosenbrock,6,0.720460,3.297122,4.110128,732.540710,46.695285
3,3.882831,10.000000,quadratic,450,150,rosenbrock,6,0.011835,4.672692,5.434058,892.023621,42.612980
3,7.295407,0.939444,quadratic,450,150,rosenbrock,6,0.066279,0.726008,0.977691,1.432379,31.842255
3,7.295407,0.585390,quadratic,450,150,rosenbrock,6,0.155371,0.477960,0.557083,0.660837,34.392245
3,4.545940,1.099883,quadratic,450,150,rosenbrock,6,0.047945,0.503568,0.597356,0.884529,43.422205
3,7.295407,1.507637,quadratic,450,150,rosenbrock,6,0.017622,2.681440,2.335246,544.668335,32.672400
3,1.765111,5.322296,quadratic,450,150,rosenbrock,6,0.001176,1.677245,1.773704,2.005362,42.443140
3,7.295407,2.419483,quadratic,450,150,rosenbrock,6,0.001307,2.925754,3.180746,545.115112,33.052735
3,7.295407,3.882831,quadratic,450,150,rosenbrock,6,0.481632,3.010067,3.542909,545.286926,31.488485
3,4.545940,0.685363,quadratic,450,150,rosenbrock,6,0.002963,0.790004,0.786032,2.764354,45.098195
3,3.882831,6.231237,quadratic,450,150,rosenbrock,6,1.026270,4.191673,5.419460,544.287781,47.795185
3,1.765111,8.541316,quadratic,450,150,rosenbrock,6,0.007442,2.535844,2.845722,2.207581,41.579620
3,1.765111,3.316448,quadratic,450,150,rosenbrock,6,0.014931,1.487685,1.063024,1.608217,43.047815
3,4.545940,1.765111,quadratic,450,150,rosenbrock,6,0.003644,1.546313,1.293150,1.804094,40.899000
3,8.541316,0.685363,quadratic,450,150,rosenbrock,6,0.043081,0.619014,0.687680,1.340914,30.537395
3,4.545940,2.832683,quadratic,450,150,rosenbrock,6,0.062804,3.176941,5.372356,749.569519,39.763785
3,7.295407,6.231237,quadratic,450,150,rosenbrock,6,0.902325,4.892751,5.717292,574.789307,33.891545
3,2.066557,6.231237,quadratic,450,150,rosenbrock,6,0.039477,2.826200,2.724671,1.819043,42.231815
3,7.295407,10.000000,quadratic,450,150,rosenbrock,6,3.350157,9.277159,8.603050,51.271084,33.818285
3,2.066557,0.939444,quadratic,450,150,rosenbrock,6,0.043302,2.840443,3.762669,1.913458,45.029155
3,2.066557,3.882831,quadratic,450,150,rosenbrock,6,0.025568,1.215620,1.358348,1.823586,41.334950
3,8.541316,2.832683,quadratic,450,150,rosenbrock,6,0.516640,24.332169,5.420752,993.572693,32.661860
3,8.541316,1.099883,quadratic,450,150,rosenbrock,6,0.626609,1.855018,1.862098,1.496547,33.526055
3,8.541316,1.765111,quadratic,450,150,rosenbrock,6,0.162147,3.566570,5.419437,891.965393,33.421695
3,2.066557,0.585390,quadratic,450,150,rosenbrock,6,0.489763,3.854994,4.133743,29.095900,42.276215
3,2.419483,1.099883,quadratic,450,150,rosenbrock,6,0.293277,0.966013,1.242371,1.218547,43.358410
3,4.545940,4.545940,quadratic,450,150,rosenbrock,6,0.279409,3.956665,5.419441,544.332275,39.204710
3,8.541316,4.545940,quadratic,450,150,rosenbrock,6,1.185539,3.908547,4.433980,65.389763,33.593445
3,4.545940,7.295407,quadratic,450,150,rosenbrock,6,0.227060,3.607264,4.467351,10.307778,38.434170
3,2.419483,2.832683,quadratic,450,150,rosenbrock,6,0.005755,0.827344,1.031168,1.316384,42.930470
3,5.322296,1.287720,quadratic,450,150,rosenbrock,6,0.001219,0.608183,0.857736,1.236709,30.064180
3,5.322296,0.802409,quadratic,450,150,rosenbrock,6,0.000746,0.334461,0.488611,0.285462,32.945425
3,2.419483,1.765111,quadratic,450,150,rosenbrock,6,0.008649,0.380381,0.474136,0.759210,38.063590
3,8.541316,7.295407,quadratic,450,150,rosenbrock,6,3.104985,262.702789,39.807816,1057.822021,33.079935
3,10.000000,0.802409,quadratic,450,150,rosenbrock,6,0.060139,1.036842,1.288554,1.507616,30.343080
3,2.832683,5.322296,quadratic,450,150,rosenbrock,6,0.036536,4.140281,5.419438,544.304443,41.068090
3,10.000000,1.287720,quadratic,450,150,rosenbrock,6,0.016928,2.447145,2.379024,543.971130,30.420170
3,3.316448,0.585390,quadratic,450,150,rosenbrock,6,0.786016,2.955022,3.253725,18.354605,40.178900
3,3.316448,0.939444,quadratic,450,150,rosenbrock,6,0.007608,0.844005,0.876039,2.419517,37.863605
3,10.000000,0.500000,quadratic,450,150,rosenbrock,6,0.147459,0.627762,0.668797,1.048344,33.216625
3,5.322296,0.500000,quadratic,450,150,rosenbrock,6,0.008822,0.937465,1.219722,2.516445,43.345775
3,5.322296,3.316448,quadratic,450,150,rosenbrock,6,0.644096,3.640995,5.419429,544.400452,30.297865
3,5.322296,2.066557,quadratic,450,150,rosenbrock,6,0.005993,2.907079,3.697535,2.434160,32.485845
3,2.419483,0.685363,quadratic,450,150,rosenbrock,6,0.096437,2.359043,2.886220,23.863195,40.303530
3,10.000000,2.066557,quadratic,450,150,rosenbrock,6,0.085954,3.198976,3.383776,749.771667,31.078230
3,3.316448,2.419483,quadratic,450,150,rosenbrock,6,0.013451,1.982438,1.574602,1.962800,37.811080
3,3.316448,3.882831,quadratic,450,150,rosenbrock,6,0.019109,2.743223,3.846966,2.919058,36.618480
3,5.322296,5.322296,quadratic,450,150,rosenbrock,6,0.021315,3.917595,5.120271,749.467163,30.340745
3,5.322296,8.541316,quadratic,450,150,rosenbrock,6,0.104302,3.635384,4.179349,890.836182,31.216810
3,3.316448,6.231237,quadratic,450,150,rosenbrock,6,0.002693,4.302696,5.419446,892.071167,37.206705
3,2.419483,4.545940,quadratic,450,150,rosenbrock,6,0.055099,1.853472,1.896285,1.931781,42.700770
3,6.231237,0.585390,quadratic,450,150,rosenbrock,6,0.029023,0.481942,0.585386,0.603962,30.812300
3,2.832683,0.500000,quadratic,450,150,rosenbrock,6,0.209668,3.043598,3.819897,14.947868,41.961830
3,10.000000,5.322296,quadratic,450,150,rosenbrock,6,1.077143,11.200159,10.600471,550.710693,35.906620
3,10.000000,8.541316,quadratic,450,150,rosenbrock,6,5.714155,28.439484,18.290474,733.766541,31.742630
3,10.000000,3.316448,quadratic,450,150,rosenbrock,6,1.587938,5.520334,5.461572,744.506226,38.783355
3,2.419483,7.295407,quadratic,450,150,rosenbrock,6,0.005399,3.324952,5.411785,544.455444,43.598290
3,6.231237,0.939444,quadratic,450,150,rosenbrock,6,0.034681,0.504027,0.592761,1.362120,31.231330
3,6.231237,1.507637,quadratic,450,150,rosenbrock,6,0.001334,1.577221,1.675871,1.910139,27.852440
3,2.832683,0.802409,quadratic,450,150,rosenbrock,6,0.178861,1.401781,1.794435,15.748133,44.892135
3,0.500000,0.939444,exponential_3,450,150,rosenbrock,6,2.097253,93.579651,99.840683,193.407745,33.262525
3,2.832683,1.287720,quadratic,450,150,rosenbrock,6,0.001013,0.459988,0.554080,0.750760,42.583790
3,0.500000,0.585390,exponential_3,450,150,rosenbrock,6,11.281128,214.239395,185.573669,328.913910,34.442875
3,3.882831,2.832683,quadratic,450,150,rosenbrock,6,0.082068,2.361788,2.155013,2.021932,34.798405
3,6.231237,10.000000,quadratic,450,150,rosenbrock,6,0.402977,13.210756,14.594633,571.504395,32.333880
3,6.231237,2.419483,quadratic,450,150,rosenbrock,6,0.000252,2.617904,2.716098,2.005124,32.092580
3,6.231237,3.882831,quadratic,450,150,rosenbrock,6,0.161102,4.725740,5.419464,221.790466,33.273195
3,3.882831,1.765111,quadratic,450,150,rosenbrock,6,0.004374,0.567103,0.820646,1.098724,36.916035
3,2.832683,2.066557,quadratic,450,150,rosenbrock,6,0.002515,0.411114,0.593682,0.815215,48.210925
3,2.832683,8.541316,quadratic,450,150,rosenbrock,6,0.764685,3.565581,5.419444,892.157593,45.394355
3,7.295407,1.099883,quadratic,450,150,rosenbrock,6,0.057259,1.546756,1.462514,1.769441,29.598490
3,6.231237,6.231237,quadratic,450,150,rosenbrock,6,0.127534,3.997681,4.659721,891.223083,32.188145
3,2.832683,3.316448,quadratic,450,150,rosenbrock,6,0.077394,1.529547,1.586697,2.012922,47.896530
3,7.295407,0.685363,quadratic,450,150,rosenbrock,6,0.027292,0.546986,0.639536,1.038988,31.577795
3,7.295407,2.832683,quadratic,450,150,rosenbrock,6,1.180233,4.110914,5.419429,749.423889,29.751455
3,0.500000,2.419483,exponential_3,450,150,rosenbrock,6,1.193457,9.368214,3.874332,159.951935,35.898410
3,0.500000,1.507637,exponential_3,450,150,rosenbrock,6,3.532313,29.601667,41.336716,179.541183,37.688695
3,7.295407,1.765111,quadratic,450,150,rosenbrock,6,0.338472,3.310503,5.419358,773.974487,33.345655
3,3.316448,1.507637,quadratic,450,150,rosenbrock,6,0.050942,0.395632,0.442621,1.320679,49.376405
3,7.295407,4.545940,quadratic,450,150,rosenbrock,6,0.151310,4.660984,5.421769,543.978821,32.984790
3,3.316448,10.000000,quadratic,450,150,rosenbrock,6,0.302279,3.832806,4.910935,892.286682,47.027960
3,3.882831,0.685363,quadratic,450,150,rosenbrock,6,0.201074,1.500177,1.434484,12.789042,48.145550
3,3.882831,1.099883,quadratic,450,150,rosenbrock,6,0.081821,0.463894,0.554573,1.430289,43.164780
3,8.541316,0.802409,quadratic,450,150,rosenbrock,6,0.034928,0.609095,0.814712,1.328987,32.823315
3,7.295407,7.295407,quadratic,450,150,rosenbrock,6,0.424316,6.594769,6.260142,999.179382,33.666020
3,0.500000,3.882831,exponential_3,450,150,rosenbrock,6,0.128042,2.845763,3.289706,44.126480,40.883365
3,0.500000,6.231237,exponential_3,450,150,rosenbrock,6,0.082880,1.987386,2.381291,1.848239,38.682420
3,8.541316,0.500000,quadratic,450,150,rosenbrock,6,0.000004,0.288065,0.421718,0.709945,33.996715
3,3.882831,4.545940,quadratic,450,150,rosenbrock,6,0.089773,3.526117,5.417919,888.844910,46.329170
3,8.541316,1.287720,quadratic,450,150,rosenbrock,6,0.040837,2.514668,3.427880,2.325452,32.479875
3,4.545940,0.500000,quadratic,450,150,rosenbrock,6,0.073901,1.709157,1.902980,2.514510,46.630350
3,0.500000,10.000000,exponential_3,450,150,rosenbrock,6,0.268019,1.747896,1.736300,216.099350,40.765050
3,8.541316,2.066557,quadratic,450,150,rosenbrock,6,0.771000,4.047644,5.410794,544.380127,34.018665
3,8.541316,3.316448,quadratic,450,150,rosenbrock,6,0.001448,3.446661,3.996089,748.751160,35.784950
3,3.882831,7.295407,quadratic,450,150,rosenbrock,6,0.020986,3.625301,3.976403,763.973938,44.117880
3,4.545940,1.287720,quadratic,450,150,rosenbrock,6,0.002317,0.407086,0.562382,1.045711,48.420190
3,8.541316,5.322296,quadratic,450,150,rosenbrock,6,1.145824,5.160727,4.538424,761.743835,33.888765
3,0.585390,1.099883,exponential_3,450,150,rosenbrock,6,0.230310,49.348175,63.861603,138.259399,39.016575
3,8.541316,8.541316,quadratic,450,150,rosenbrock,6,3.324627,24.055735,16.015812,741.754578,31.487275
3,4.545940,0.802409,quadratic,450,150,rosenbrock,6,0.001799,0.366927,0.492133,0.283312,47.049350
3,0.585390,1.765111,exponential_3,450,150,rosenbrock,6,0.299179,6.461198,5.400178,191.703339,39.735465
3,4.545940,3.316448,quadratic,450,150,rosenbrock,6,0.002121,2.733789,2.916031,2.241911,43.701575
3,4.545940,2.066557,quadratic,450,150,rosenbrock,6,0.094672,1.438067,1.541039,1.842358,45.747445
3,5.322296,0.939444,quadratic,450,150,rosenbrock,6,0.194915,0.436734,0.516768,0.494891,34.995105
3,5.322296,1.507637,quadratic,450,150,rosenbrock,6,0.207378,1.683348,1.445101,1.776106,35.203825
3,10.000000,1.507637,quadratic,450,150,rosenbrock,6,0.191787,2.784068,2.743481,544.771423,32.069865
3,10.000000,0.939444,quadratic,450,150,rosenbrock,6,0.051202,1.229205,1.425955,1.616992,34.067755
3,0.585390,0.685363,exponential_3,450,150,rosenbrock,6,29.574461,236.624115,243.700317,336.440643,44.077875
3,0.585390,2.832683,exponential_3,450,150,rosenbrock,6,0.247101,3.897281,4.051977,31.253563,40.337255
3,0.585390,4.545940,exponential_3,450,150,rosenbrock,6,0.011051,1.635813,2.327790,2.673808,41.830870
3,10.000000,0.585390,quadratic,450,150,rosenbrock,6,0.112000,0.921910,0.763001,1.220997,32.229255
3,0.585390,7.295407,exponential_3,450,150,rosenbrock,6,0.036810,1.249583,1.700947,2.032721,41.564275
3,4.545940,5.322296,quadratic,450,150,rosenbrock,6,0.223916,3.777508,5.419447,745.139587,44.464725
3,5.322296,2.419483,quadratic,450,150,rosenbrock,6,0.130710,2.055730,2.098790,2.058924,33.998705
3,5.322296,3.882831,quadratic,450,150,rosenbrock,6,0.696023,3.823238,5.419439,749.316650,34.549990
3,10.000000,2.419483,quadratic,450,150,rosenbrock,6,0.413487,3.514433,5.419459,215.683563,32.488670
3,4.545940,8.541316,quadratic,450,150,rosenbrock,6,0.076975,3.135560,4.191498,215.911880,45.020715
3,0.685363,0.500000,exponential_3,450,150,rosenbrock,6,19.826336,258.888092,329.499695,276.054810,44.174920
3,0.685363,1.287720,exponential_3,450,150,rosenbrock,6,0.138123,11.065087,9.925512,42.825768,40.711840
3,5.322296,10.000000,quadratic,450,150,rosenbrock,6,0.128543,380.097229,6.900442,1132.067383,31.221435
3,5.322296,6.231237,quadratic,450,150,rosenbrock,6,1.601543,4.424117,5.422370,749.241089,33.282850
3,0.685363,0.802409,exponential_3,450,150,rosenbrock,6,2.369961,165.712433,197.764740,329.969727,44.468350
3,6.231237,0.685363,quadratic,450,150,rosenbrock,6,0.092697,0.352518,0.424804,1.266994,30.254230
3,0.685363,2.066557,exponential_3,450,150,rosenbrock,6,0.167395,3.639552,3.960512,40.754631,41.545705
3,0.685363,3.316448,exponential_3,450,150,rosenbrock,6,0.073918,2.500100,2.909825,2.472870,40.006215
3,5.322296,0.585390,quadratic,450,150,rosenbrock,6,0.005848,0.663214,0.817859,1.575027,41.813650
3,0.685363,5.322296,exponential_3,450,150,rosenbrock,6,0.363849,1.884176,2.032792,1.778571,40.023290
3,10.000000,10.000000,quadratic,450,150,rosenbrock,6,12.693766,56.245132,73.597969,533.335449,33.423095
3,0.685363,8.541316,exponential_3,450,150,rosenbrock,6,0.059422,1.569353,1.560602,1.669968,42.117725
3,6.231237,1.765111,quadratic,450,150,rosenbrock,6,0.000661,2.239542,1.953406,2.144084,31.746550
3,0.802409,0.939444,exponential_3,450,150,rosenbrock,6,0.895175,28.732651,14.333933,212.758072,39.754070
3,0.500000,1.099883,exponential_3,450,150,rosenbrock,6,6.982753,39.319054,46.347221,163.349625,32.105970
3,6.231237,1.099883,quadratic,450,150,rosenbrock,6,0.001344,1.267370,1.215325,1.674555,34.338930
3,0.802409,1.507637,exponential_3,450,150,rosenbrock,6,0.010389,5.577386,4.416738,38.923428,40.574000
3,0.802409,0.585390,exponential_3,450,150,rosenbrock,6,6.266748,158.295441,232.632355,359.303955,43.362180
3,10.000000,6.231237,quadratic,450,150,rosenbrock,6,0.883259,19.346561,9.551706,770.446411,40.773390
3,6.231237,2.832683,quadratic,450,150,rosenbrock,6,0.131525,3.257228,4.354711,749.726807,30.524195
3,7.295407,0.500000,quadratic,450,150,rosenbrock,6,0.094195,0.432384,0.529737,0.300812,31.195285
3,10.000000,3.882831,quadratic,450,150,rosenbrock,6,1.894246,5.154972,5.463269,544.109192,39.937615
3,0.802409,2.419483,exponential_3,450,150,rosenbrock,6,0.518416,2.780399,3.353972,2.229981,41.695295
3,7.295407,1.287720,quadratic,450,150,rosenbrock,6,0.031750,1.788106,1.549142,2.110084,30.377605
3,6.231237,4.545940,quadratic,450,150,rosenbrock,6,0.431972,3.501738,3.733512,544.423950,34.309985
3,0.802409,10.000000,exponential_3,450,150,rosenbrock,6,0.035131,1.850378,1.502229,2.130591,35.979860
3,6.231237,7.295407,quadratic,450,150,rosenbrock,6,0.622326,4.897202,5.473243,544.302551,29.915025
3,0.500000,0.685363,exponential_3,450,150,rosenbrock,6,27.776047,224.987762,141.534515,366.042358,37.685210
3,7.295407,0.802409,quadratic,450,150,rosenbrock,6,0.024278,0.742632,0.712696,1.369013,29.408765
3,0.802409,6.231237,exponential_3,450,150,rosenbrock,6,0.000007,1.607716,1.811093,2.255786,39.783085
3,0.802409,3.882831,exponential_3,450,150,rosenbrock,6,0.000720,2.193018,2.393953,2.944257,41.007255
3,0.939444,0.685363,exponential_3,450,150,rosenbrock,6,0.438165,56.209320,55.412342,268.238129,36.098845
3,7.295407,3.316448,quadratic,450,150,rosenbrock,6,0.065748,2.695990,3.075763,545.266541,32.601810
3,7.295407,2.066557,quadratic,450,150,rosenbrock,6,0.115304,3.421851,5.419438,880.829346,31.241290
3,0.939444,1.099883,exponential_3,450,150,rosenbrock,6,0.010041,6.332737,5.718262,51.004929,39.369245
3,0.500000,1.765111,exponential_3,450,150,rosenbrock,6,0.244744,25.172794,12.364811,131.381271,33.906400
3,0.939444,1.765111,exponential_3,450,150,rosenbrock,6,0.210104,3.164431,3.916541,24.863012,39.559825
3,0.500000,2.832683,exponential_3,450,150,rosenbrock,6,0.398735,9.345100,3.827360,43.514961,35.310310
3,7.295407,5.322296,quadratic,450,150,rosenbrock,6,1.381724,3.743164,4.463134,545.135559,33.109130
3,7.295407,8.541316,quadratic,450,150,rosenbrock,6,3.294031,7.180863,7.260899,39.166576,30.367625
3,8.541316,0.939444,quadratic,450,150,rosenbrock,6,0.050245,1.057218,1.237027,1.834530,31.266830
3,0.500000,4.545940,exponential_3,450,150,rosenbrock,6,0.020728,2.585697,3.193563,16.001072,31.361270
3,8.541316,0.585390,quadratic,450,150,rosenbrock,6,0.011971,0.399456,0.519901,0.966305,31.004420
3,0.939444,2.832683,exponential_3,450,150,rosenbrock,6,0.031794,2.701056,3.083307,65.592003,43.120200
3,8.541316,2.419483,quadratic,450,150,rosenbrock,6,0.005344,3.761433,5.419395,749.643372,30.136615
3,0.500000,7.295407,exponential_3,450,150,rosenbrock,6,0.098159,1.449107,1.748370,1.465121,36.126370
3,8.541316,3.882831,quadratic,450,150,rosenbrock,6,0.577960,4.920049,5.431494,544.807373,31.987760
3,8.541316,6.231237,quadratic,450,150,rosenbrock,6,1.950005,5.573563,5.853124,544.480957,29.704035
3,0.585390,0.500000,exponential_3,450,150,rosenbrock,6,68.516937,419.376129,528.750671,559.746704,33.964295
3,8.541316,1.507637,quadratic,450,150,rosenbrock,6,0.002503,2.412254,2.591317,2.537022,35.857005
3,0.939444,4.545940,exponential_3,450,150,rosenbrock,6,0.041014,1.420590,2.003891,1.063482,43.645900
3,8.541316,10.000000,quadratic,450,150,rosenbrock,6,7.225133,16.485420,18.101093,41.730614,30.168825
3,0.939444,7.295407,exponential_3,450,150,rosenbrock,6,0.448612,1.261140,1.416659,1.267905,44.950285
3,1.099883,0.500000,exponential_3,450,150,rosenbrock,6,5.109197,160.827393,200.648285,241.168732,45.647390
3,1.287720,2.419483,exponential_3,450,150,rosenbrock,6,0.000043,1.614207,2.177810,1.649742,29.960410
3,0.585390,1.287720,exponential_3,450,150,rosenbrock,6,4.092913,46.368095,40.799564,160.979095,36.078185
3,1.287720,1.507637,exponential_3,450,150,rosenbrock,6,0.000223,3.050288,3.903154,27.770878,31.530640
3,1.099883,0.802409,exponential_3,450,150,rosenbrock,6,0.419791,37.650051,34.989357,178.141083,47.118540
3,10.000000,1.765111,quadratic,450,150,rosenbrock,6,0.102538,3.745101,5.419360,892.077026,30.892285
3,1.099883,2.066557,exponential_3,450,150,rosenbrock,6,0.018930,2.779785,3.266076,12.508939,43.360005
3,1.099883,1.287720,exponential_3,450,150,rosenbrock,6,0.009344,2.870689,3.985637,27.856022,44.158970
3,0.585390,2.066557,exponential_3,450,150,rosenbrock,6,0.373671,3.461682,4.529358,87.163269,36.448910
3,10.000000,1.099883,quadratic,450,150,rosenbrock,6,0.001574,2.603480,2.274024,544.686462,33.108680
3,10.000000,0.685363,quadratic,450,150,rosenbrock,6,0.015125,0.825821,0.910222,1.178066,31.393150
3,1.099883,3.316448,exponential_3,450,150,rosenbrock,6,0.000966,1.606000,1.965820,2.259499,45.401175
3,1.287720,0.585390,exponential_3,450,150,rosenbrock,6,0.804424,27.920422,8.138318,116.425064,42.175515
3,0.585390,0.802409,exponential_3,450,150,rosenbrock,6,62.027905,137.340027,157.542908,109.205147,37.952235
3,1.287720,10.000000,exponential_3,450,150,rosenbrock,6,0.128829,1.477003,1.325990,2.327657,32.191745
3,1.099883,5.322296,exponential_3,450,150,rosenbrock,6,0.001260,1.340292,1.569264,1.999859,49.149905
3,0.585390,3.316448,exponential_3,450,150,rosenbrock,6,0.294708,2.923690,3.230995,24.763004,38.495180
3,1.287720,0.939444,exponential_3,450,150,rosenbrock,6,0.166112,13.786779,4.605482,99.355171,44.069415
3,1.287720,6.231237,exponential_3,450,150,rosenbrock,6,0.300333,2.286473,1.764587,1.995441,35.621490
3,0.585390,5.322296,exponential_3,450,150,rosenbrock,6,0.173109,1.294384,1.621786,1.875295,38.808470
3,10.000000,2.832683,quadratic,450,150,rosenbrock,6,0.101543,3.703019,4.154008,748.094971,35.218020
3,1.099883,8.541316,exponential_3,450,150,rosenbrock,6,0.008728,2.270156,1.745895,2.799297,48.317855
3,1.507637,1.099883,exponential_3,450,150,rosenbrock,6,0.013752,3.380306,4.143944,46.633957,32.497005
3,1.507637,1.765111,exponential_3,450,150,rosenbrock,6,0.098835,1.777251,2.435754,1.315473,33.384585
3,1.507637,2.832683,exponential_3,450,150,rosenbrock,6,0.003760,1.600457,1.923878,1.420901,34.423755
3,0.585390,8.541316,exponential_3,450,150,rosenbrock,6,0.072948,1.704947,1.656764,2.212171,42.603595
3,0.500000,0.500000,exponential_3,450,150,rosenbrock,6,111.831947,506.512054,746.300415,644.996033,32.698205
3,0.685363,1.507637,exponential_3,450,150,rosenbrock,6,0.195700,5.841353,5.893094,73.555222,41.109310
3,1.507637,0.685363,exponential_3,450,150,rosenbrock,6,0.495747,11.114740,6.011104,145.163788,42.996915
3,1.765111,0.500000,exponential_3,450,150,rosenbrock,6,1.975375,17.682083,14.735132,45.752766,33.743315
3,1.287720,3.882831,exponential_3,450,150,rosenbrock,6,0.491894,1.644340,1.690721,1.621414,45.812365
3,0.500000,1.287720,exponential_3,450,150,rosenbrock,6,1.940541,48.452263,50.591324,172.182785,34.591385
3,1.507637,7.295407,exponential_3,450,150,rosenbrock,6,0.203344,2.123085,1.885728,2.078145,35.587755
3,1.765111,0.685363,exponential_3,450,150,rosenbrock,6,0.073148,4.485670,5.540497,37.273590,31.479740
3,0.685363,0.585390,exponential_3,450,150,rosenbrock,6,19.848131,228.647446,320.165344,216.619156,44.257955
3,0.685363,0.939444,exponential_3,450,150,rosenbrock,6,4.656723,54.011650,60.045444,104.022690,42.162325
3,1.765111,0.939444,exponential_3,450,150,rosenbrock,6,0.138372,3.486811,4.038989,33.422478,33.931620
3,1.765111,1.765111,exponential_3,450,150,rosenbrock,6,0.034602,1.812930,2.188126,2.067927,31.616750
3,0.685363,2.419483,exponential_3,450,150,rosenbrock,6,0.012116,3.169266,3.790474,39.900593,43.152045
3,1.765111,1.287720,exponential_3,450,150,rosenbrock,6,0.000010,2.236561,3.024579,2.660487,34.008890
3,0.685363,6.231237,exponential_3,450,150,rosenbrock,6,0.000031,1.168911,1.562909,1.645460,42.941590
3,1.765111,2.419483,exponential_3,450,150,rosenbrock,6,0.011954,1.593199,2.020789,24.453003,33.452200
3,0.685363,3.882831,exponential_3,450,150,rosenbrock,6,0.147368,2.059868,2.538892,2.082771,44.982360
3,1.765111,3.316448,exponential_3,450,150,rosenbrock,6,0.105759,1.179011,1.479271,1.106795,32.741905
3,0.685363,10.000000,exponential_3,450,150,rosenbrock,6,0.006543,1.095572,1.414443,2.347082,42.624645
3,1.507637,4.545940,exponential_3,450,150,rosenbrock,6,0.926200,2.685689,3.062274,1.957437,46.135895
3,0.802409,1.099883,exponential_3,450,150,rosenbrock,6,4.152731,25.667566,13.377079,159.503036,44.129370
3,1.765111,6.231237,exponential_3,450,150,rosenbrock,6,0.010702,1.606438,1.309992,2.164530,32.952475
3,1.765111,4.545940,exponential_3,450,150,rosenbrock,6,0.050068,1.095773,1.374670,1.174936,33.838415
3,0.802409,0.685363,exponential_3,450,150,rosenbrock,6,3.326537,77.745293,72.021774,226.309448,44.617730
3,0.802409,1.765111,exponential_3,450,150,rosenbrock,6,1.436595,3.897263,4.291759,11.554778,46.049390
3,2.066557,0.685363,exponential_3,450,150,rosenbrock,6,0.196399,3.738938,4.967813,27.358124,29.422165
3,0.802409,2.832683,exponential_3,450,150,rosenbrock,6,0.001440,2.240941,2.798605,22.912102,41.523455
3,10.000000,7.295407,quadratic,450,150,rosenbrock,6,1.763182,19.700750,16.500191,742.599609,44.557845
3,0.939444,0.500000,exponential_3,450,150,rosenbrock,6,5.408399,150.410934,164.794647,203.886642,41.990080
3,2.066557,0.500000,exponential_3,450,150,rosenbrock,6,0.021304,12.898893,5.453959,70.777580,32.482090
3,2.066557,0.939444,exponential_3,450,150,rosenbrock,6,0.034287,2.892688,3.731593,1.720453,29.439945
3,10.000000,4.545940,quadratic,450,150,rosenbrock,6,0.063829,5.946126,6.439767,761.556946,45.558970
3,0.500000,0.802409,exponential_3,450,150,rosenbrock,6,33.357063,145.936493,164.162323,437.755005,42.765955
3,1.765111,8.541316,exponential_3,450,150,rosenbrock,6,0.002043,2.083047,1.930122,544.779541,35.259250
3,0.802409,7.295407,exponential_3,450,150,rosenbrock,6,0.349879,1.569362,1.510938,1.532822,42.816570
3,2.066557,1.287720,exponential_3,450,150,rosenbrock,6,0.054317,1.963595,2.443841,1.923971,31.651200
3,0.939444,0.802409,exponential_3,450,150,rosenbrock,6,0.585272,43.116329,26.006834,97.948730,41.602230
3,0.802409,4.545940,exponential_3,450,150,rosenbrock,6,0.157389,1.379929,1.839189,1.224840,44.746800
3,2.066557,1.765111,exponential_3,450,150,rosenbrock,6,0.360427,1.663193,2.069976,1.652498,32.757065
3,2.066557,4.545940,exponential_3,450,150,rosenbrock,6,0.068840,1.992654,1.446748,2.215449,29.302890
3,2.066557,2.419483,exponential_3,450,150,rosenbrock,6,0.004355,1.368903,1.686840,1.570673,33.229260
3,0.500000,2.066557,exponential_3,450,150,rosenbrock,6,1.750146,33.737564,17.673813,69.430016,43.835865
3,0.939444,2.066557,exponential_3,450,150,rosenbrock,6,0.047615,2.978141,3.694949,27.469879,42.795740
3,0.939444,1.287720,exponential_3,450,150,rosenbrock,6,0.000977,5.407689,5.125239,68.185616,45.059755
3,2.066557,3.316448,exponential_3,450,150,rosenbrock,6,0.000091,1.011414,1.320307,2.241337,32.265295
3,0.500000,3.316448,exponential_3,450,150,rosenbrock,6,0.036891,3.517565,4.813801,39.200562,42.441580
3,0.500000,5.322296,exponential_3,450,150,rosenbrock,6,0.000025,2.157308,2.856689,1.729189,41.695985
3,0.585390,0.585390,exponential_3,450,150,rosenbrock,6,70.772507,338.661438,383.288330,318.101715,35.556975
3,1.287720,2.832683,exponential_3,450,150,rosenbrock,6,0.100223,1.396078,1.790059,1.374933,31.569715
3,0.500000,8.541316,exponential_3,450,150,rosenbrock,6,0.136918,1.448987,1.760952,2.014125,40.781340
3,2.066557,6.231237,exponential_3,450,150,rosenbrock,6,0.005957,2.739095,4.537991,544.659729,30.340065
3,1.287720,1.765111,exponential_3,450,150,rosenbrock,6,0.000143,1.961064,2.411530,2.356639,32.596030
3,0.939444,3.316448,exponential_3,450,150,rosenbrock,6,0.068669,1.735261,2.262146,20.255598,44.630920
3,2.419483,0.500000,exponential_3,450,150,rosenbrock,6,0.355540,4.429643,4.840398,23.842880,26.607225
3,2.066557,8.541316,exponential_3,450,150,rosenbrock,6,0.001144,2.216486,1.694512,544.756653,29.077805
3,0.939444,5.322296,exponential_3,450,150,rosenbrock,6,0.571560,1.441587,1.644547,193.729202,42.433000
3,0.585390,2.419483,exponential_3,450,150,rosenbrock,6,0.194804,3.231547,3.736886,2.691436,32.179400
3,0.585390,1.507637,exponential_3,450,150,rosenbrock,6,3.548530,11.289256,10.759632,63.888912,38.277705
3,1.507637,0.500000,exponential_3,450,150,rosenbrock,6,3.964261,26.090210,6.911839,92.499252,27.625585
3,0.939444,8.541316,exponential_3,450,150,rosenbrock,6,0.012131,0.976675,1.176841,2.265902,43.581745
3,0.585390,0.939444,exponential_3,450,150,rosenbrock,6,6.058066,93.961105,124.158035,226.873093,33.235825
3,1.099883,0.585390,exponential_3,450,150,rosenbrock,6,2.161715,60.621738,56.997078,173.671616,46.201835
3,1.507637,1.287720,exponential_3,450,150,rosenbrock,6,0.393206,3.360042,4.001864,1.765065,27.661550
3,0.585390,3.882831,exponential_3,450,150,rosenbrock,6,0.494818,2.139328,2.846783,1.285370,32.669760
3,1.099883,2.419483,exponential_3,450,150,rosenbrock,6,0.139450,1.625085,2.108896,1.227631,41.687355
3,1.287720,7.295407,exponential_3,450,150,rosenbrock,6,0.000265,2.060479,2.051278,2.402063,31.539670
3,1.099883,0.939444,exponential_3,450,150,rosenbrock,6,0.809857,7.880850,5.895190,53.422626,44.076845
3,2.419483,0.685363,exponential_3,450,150,rosenbrock,6,0.019412,3.644109,4.424439,17.995262,31.968205
3,0.585390,6.231237,exponential_3,450,150,rosenbrock,6,0.033197,1.540295,1.780050,1.686962,32.534170
3,1.507637,3.316448,exponential_3,450,150,rosenbrock,6,0.003109,0.914445,1.335372,2.000914,31.581410
3,1.507637,2.066557,exponential_3,450,150,rosenbrock,6,0.025164,1.710431,2.246361,1.530293,32.321260
3,1.765111,0.585390,exponential_3,450,150,rosenbrock,6,0.890484,12.927238,5.670116,78.130768,29.719605
3,1.099883,3.882831,exponential_3,450,150,rosenbrock,6,0.006395,1.517500,1.946039,1.423630,43.065640
3,0.685363,1.765111,exponential_3,450,150,rosenbrock,6,0.303470,18.295197,4.357682,70.007584,32.198520
3,2.419483,0.939444,exponential_3,450,150,rosenbrock,6,0.017985,2.968692,3.257135,2.027308,33.219810
3,1.099883,1.507637,exponential_3,450,150,rosenbrock,6,0.002724,2.637769,3.506033,24.996738,47.923310
3,2.419483,1.287720,exponential_3,450,150,rosenbrock,6,0.070974,1.492317,2.254558,2.081779,32.214340
3,1.287720,0.685363,exponential_3,450,150,rosenbrock,6,0.559657,10.269096,8.536224,67.874664,45.071460
3,1.765111,0.802409,exponential_3,450,150,rosenbrock,6,0.000179,3.267353,4.069339,34.123734,31.104130
3,1.507637,8.541316,exponential_3,450,150,rosenbrock,6,0.035682,2.186304,1.772241,1.918505,32.639275
3,0.585390,10.000000,exponential_3,450,150,rosenbrock,6,0.120338,1.241911,1.593451,1.647606,37.815815
3,1.287720,1.099883,exponential_3,450,150,rosenbrock,6,1.025789,3.916135,5.402462,71.718658,43.168235
3,1.765111,2.066557,exponential_3,450,150,rosenbrock,6,0.010658,1.358497,2.083615,1.370205,32.177530
3,1.765111,1.099883,exponential_3,450,150,rosenbrock,6,0.001652,2.565746,3.274012,44.068703,32.055000
3,1.099883,10.000000,exponential_3,450,150,rosenbrock,6,0.002279,1.781536,1.454854,544.835022,42.471705
3,1.099883,6.231237,exponential_3,450,150,rosenbrock,6,0.000600,1.337687,1.622370,1.995464,47.362450
3,0.685363,1.099883,exponential_3,450,150,rosenbrock,6,4.255187,65.084114,99.771103,147.526276,33.572265
3,1.765111,1.507637,exponential_3,450,150,rosenbrock,6,0.018883,1.927883,2.498971,1.708535,31.067610
3,1.765111,2.832683,exponential_3,450,150,rosenbrock,6,0.047848,0.898821,1.132723,1.388274,30.650600
3,0.685363,2.832683,exponential_3,450,150,rosenbrock,6,0.026724,2.922464,3.652203,15.207582,34.079870
3,1.507637,0.802409,exponential_3,450,150,rosenbrock,6,0.564057,5.567877,5.603364,65.491547,41.183110
3,1.765111,3.882831,exponential_3,450,150,rosenbrock,6,0.002670,1.581689,1.496448,2.523342,29.411265
3,1.287720,4.545940,exponential_3,450,150,rosenbrock,6,0.387719,1.471708,1.642783,1.393313,43.724480
3,1.765111,7.295407,exponential_3,450,150,rosenbrock,6,0.004264,2.072824,1.504311,544.782959,30.535845
3,0.685363,0.685363,exponential_3,450,150,rosenbrock,6,5.312361,102.072922,109.160660,281.837952,42.241770
3,2.066557,0.802409,exponential_3,450,150,rosenbrock,6,0.668854,3.749974,4.751370,48.042118,28.798855
3,0.685363,7.295407,exponential_3,450,150,rosenbrock,6,0.005705,0.965170,1.254630,1.260319,38.806415
3,1.765111,5.322296,exponential_3,450,150,rosenbrock,6,0.003862,1.101033,1.243317,545.002258,31.670640
3,0.802409,0.500000,exponential_3,450,150,rosenbrock,6,10.661628,131.320679,166.477966,276.598083,34.994680
3,2.066557,1.099883,exponential_3,450,150,rosenbrock,6,0.033967,1.730906,2.295555,1.567369,28.725765
3,2.066557,0.585390,exponential_3,450,150,rosenbrock,6,0.027290,16.266918,5.322987,77.305984,29.838450
3,0.685363,4.545940,exponential_3,450,150,rosenbrock,6,0.004320,1.826517,2.216732,2.182969,41.539900
3,1.765111,10.000000,exponential_3,450,150,rosenbrock,6,0.026154,2.338582,2.444673,544.732483,30.682985
3,0.802409,0.802409,exponential_3,450,150,rosenbrock,6,0.420376,56.155869,55.153282,142.629776,39.023855
3,1.507637,5.322296,exponential_3,450,150,rosenbrock,6,0.101450,1.180539,1.316744,1.851102,42.766100
3,0.802409,1.287720,exponential_3,450,150,rosenbrock,6,0.121464,9.385136,7.642347,69.674507,41.970855
3,2.066557,1.507637,exponential_3,450,150,rosenbrock,6,1.106441,2.005871,2.211897,1.059347,30.706990
3,0.939444,0.585390,exponential_3,450,150,rosenbrock,6,3.266977,55.250156,78.179428,159.222809,36.405610
3,0.802409,2.066557,exponential_3,450,150,rosenbrock,6,0.146436,2.414689,3.387968,1.768358,39.749325
3,2.419483,1.765111,exponential_3,450,150,rosenbrock,6,0.276845,1.304925,1.561682,1.107827,38.342290
3,2.066557,2.832683,exponential_3,450,150,rosenbrock,6,0.016063,1.456134,1.380758,1.992073,29.021970
3,2.066557,2.066557,exponential_3,450,150,rosenbrock,6,0.380732,1.900211,2.120445,1.349327,29.929225
3,2.066557,5.322296,exponential_3,450,150,rosenbrock,6,0.015221,1.536407,1.610296,1.847408,29.983545
3,0.802409,3.316448,exponential_3,450,150,rosenbrock,6,0.003479,2.072653,2.602235,65.714928,41.650865
3,2.419483,3.316448,exponential_3,450,150,rosenbrock,6,0.017855,2.559462,3.462149,2.506827,37.957345
3,2.419483,2.419483,exponential_3,450,150,rosenbrock,6,0.408561,1.512537,1.455803,1.855699,41.514340
3,2.066557,3.882831,exponential_3,450,150,rosenbrock,6,0.586058,1.969261,1.619941,2.265737,31.513155
3,0.802409,8.541316,exponential_3,450,150,rosenbrock,6,0.016586,1.419939,1.595714,65.155930,40.846345
3,2.066557,7.295407,exponential_3,450,150,rosenbrock,6,0.077615,3.369294,5.305882,2.395588,29.084945
3,1.287720,2.066557,exponential_3,450,150,rosenbrock,6,0.043054,2.387021,2.735692,34.735718,29.532855
3,2.419483,0.585390,exponential_3,450,150,rosenbrock,6,0.697592,4.096019,5.222939,52.687710,28.560645
3,2.066557,10.000000,exponential_3,450,150,rosenbrock,6,0.032409,3.318015,5.169342,1.962938,28.763390
3,1.287720,3.316448,exponential_3,450,150,rosenbrock,6,0.202436,1.365824,1.705016,1.327975,33.396455
3,0.939444,0.939444,exponential_3,450,150,rosenbrock,6,0.460481,37.614071,6.814636,163.364792,42.121955
3,0.939444,2.419483,exponential_3,450,150,rosenbrock,6,0.747205,2.330410,2.962865,1.232845,39.232470
3,1.507637,0.585390,exponential_3,450,150,rosenbrock,6,0.478165,9.868832,6.535807,81.894470,28.747695
3,0.802409,5.322296,exponential_3,450,150,rosenbrock,6,0.082558,1.390607,1.712918,1.024037,44.011885
3,2.419483,4.545940,exponential_3,450,150,rosenbrock,6,0.276178,1.878050,1.606981,1.939957,43.336235
3,1.507637,1.507637,exponential_3,450,150,rosenbrock,6,0.014178,2.508427,3.168010,1.479918,29.698040
3,0.939444,1.507637,exponential_3,450,150,rosenbrock,6,0.453503,3.504779,3.997424,29.808641,43.910180
3,2.419483,8.541316,exponential_3,450,150,rosenbrock,6,0.050905,2.064696,1.827027,544.736938,41.894915
3,2.832683,0.500000,exponential_3,450,150,rosenbrock,6,0.712236,8.279967,4.097332,69.040520,43.286200
3,2.832683,0.685363,exponential_3,450,150,rosenbrock,6,0.095722,2.594895,3.222907,2.104211,43.251655
3,0.939444,3.882831,exponential_3,450,150,rosenbrock,6,0.230754,1.612278,1.919594,1.479782,41.690095
3,1.287720,8.541316,exponential_3,450,150,rosenbrock,6,0.057462,0.906919,1.048533,2.432583,32.567930
3,2.419483,6.231237,exponential_3,450,150,rosenbrock,6,0.002381,1.769201,1.597347,1.836047,47.211470
3,1.507637,2.419483,exponential_3,450,150,rosenbrock,6,0.665297,2.256250,2.266152,1.410343,29.570430
3,2.419483,0.802409,exponential_3,450,150,rosenbrock,6,0.000506,3.062362,3.860447,1.758233,32.621290
3,2.832683,4.545940,exponential_3,450,150,rosenbrock,6,0.067492,1.948877,1.788923,2.512834,30.914360
3,2.419483,1.099883,exponential_3,450,150,rosenbrock,6,0.135693,2.371734,2.871626,1.366976,29.887605
3,1.507637,3.882831,exponential_3,450,150,rosenbrock,6,0.058629,1.324889,1.605364,1.761068,32.517580
3,2.832683,0.939444,exponential_3,450,150,rosenbrock,6,0.007412,1.887653,2.454101,1.775769,41.807545
3,2.419483,1.507637,exponential_3,450,150,rosenbrock,6,0.071937,1.072620,1.486344,1.026200,29.169815
3,2.832683,1.287720,exponential_3,450,150,rosenbrock,6,0.000841,1.573223,2.045255,1.546577,44.706435
3,2.832683,8.541316,exponential_3,450,150,rosenbrock,6,0.761150,2.619563,2.956785,1.985785,30.789470
3,2.832683,1.765111,exponential_3,450,150,rosenbrock,6,0.042707,1.531493,1.804586,1.961782,43.035215
3,1.099883,0.685363,exponential_3,450,150,rosenbrock,6,1.357576,34.117439,29.068167,67.847992,42.425420
3,2.832683,2.419483,exponential_3,450,150,rosenbrock,6,0.213361,0.952034,1.290347,1.086061,41.853430
3,0.939444,6.231237,exponential_3,450,150,rosenbrock,6,0.264993,1.174484,1.414666,1.746071,48.319495
3,3.316448,0.685363,exponential_3,450,150,rosenbrock,6,0.033353,2.430252,2.820903,2.490994,29.300370
3,1.099883,1.099883,exponential_3,450,150,rosenbrock,6,0.018950,5.167967,5.401873,80.152267,41.364745
3,0.939444,10.000000,exponential_3,450,150,rosenbrock,6,0.015503,1.484502,1.448512,544.891235,46.689675
3,2.832683,3.316448,exponential_3,450,150,rosenbrock,6,0.040396,1.078474,1.317413,1.992457,41.371095
3,1.099883,2.832683,exponential_3,450,150,rosenbrock,6,0.020866,1.774723,2.317000,1.450857,44.174430
3,1.507637,10.000000,exponential_3,450,150,rosenbrock,6,0.069410,2.389856,2.107693,2.168695,34.441415
3,2.832683,6.231237,exponential_3,450,150,rosenbrock,6,0.065730,1.804063,1.597712,1.951287,39.262490
3,3.316448,0.939444,exponential_3,450,150,rosenbrock,6,0.075771,2.073855,2.333528,8.835436,31.161870
3,3.316448,2.419483,exponential_3,450,150,rosenbrock,6,0.030349,1.052219,1.385085,1.517257,28.580460
3,3.316448,1.765111,exponential_3,450,150,rosenbrock,6,0.002907,1.288511,1.510731,1.728370,29.932590
3,3.316448,0.500000,exponential_3,450,150,rosenbrock,6,1.516922,3.768709,4.019771,32.992031,39.064975
3,1.099883,4.545940,exponential_3,450,150,rosenbrock,6,0.001080,1.028513,1.262498,1.544603,46.249455
3,1.099883,1.765111,exponential_3,450,150,rosenbrock,6,0.137928,2.862760,3.293448,43.073895,44.758110
3,3.316448,4.545940,exponential_3,450,150,rosenbrock,6,0.002259,1.401909,1.270273,1.873365,30.867890
3,3.316448,6.231237,exponential_3,450,150,rosenbrock,6,0.288296,2.302091,1.545202,2.361773,30.141465
3,3.882831,0.500000,exponential_3,450,150,rosenbrock,6,0.061917,3.202233,3.448379,26.247036,30.013000
3,3.316448,1.287720,exponential_3,450,150,rosenbrock,6,0.001110,0.942048,1.339039,1.069865,37.510330
3,1.287720,0.802409,exponential_3,450,150,rosenbrock,6,0.584091,11.381900,6.315436,106.543297,45.663250
3,1.287720,1.287720,exponential_3,450,150,rosenbrock,6,0.784177,3.768072,3.700547,66.774368,46.089180
3,3.316448,3.316448,exponential_3,450,150,rosenbrock,6,0.126374,2.726595,4.650516,1.981318,39.573290
3,3.882831,0.939444,exponential_3,450,150,rosenbrock,6,0.001901,1.227492,1.744693,1.814993,33.162915
3,3.882831,1.765111,exponential_3,450,150,rosenbrock,6,0.095970,1.051354,1.469626,1.708441,31.544340
3,1.287720,0.500000,exponential_3,450,150,rosenbrock,6,5.572607,84.120537,90.457840,131.218262,45.020850
3,3.882831,2.419483,exponential_3,450,150,rosenbrock,6,0.000220,1.253137,1.518211,1.990779,32.281535
3,1.099883,7.295407,exponential_3,450,150,rosenbrock,6,0.000024,1.287184,1.401171,2.393295,45.204060
3,3.882831,0.685363,exponential_3,450,150,rosenbrock,6,0.947636,2.324008,2.794699,15.854158,36.450080
3,3.882831,4.545940,exponential_3,450,150,rosenbrock,6,0.025810,2.581062,3.697697,2.640276,32.108320
3,1.507637,0.939444,exponential_3,450,150,rosenbrock,6,0.512277,3.870319,4.583108,53.936104,44.761560
3,3.882831,1.287720,exponential_3,450,150,rosenbrock,6,0.021072,0.924584,1.433676,1.457494,38.528175
3,4.545940,0.500000,exponential_3,450,150,rosenbrock,6,0.006274,2.220970,2.957481,2.014449,33.232400
3,1.287720,5.322296,exponential_3,450,150,rosenbrock,6,0.022913,1.238675,1.415160,2.322473,46.411485
3,4.545940,2.419483,exponential_3,450,150,rosenbrock,6,0.021008,1.079124,1.319971,1.466239,32.191800
3,4.545940,1.765111,exponential_3,450,150,rosenbrock,6,0.003950,1.010968,1.252297,1.798904,32.514885
3,3.316448,8.541316,exponential_3,450,150,rosenbrock,6,0.338878,2.745451,3.491752,2.074735,46.047365
3,3.882831,6.231237,exponential_3,450,150,rosenbrock,6,0.292741,1.837639,1.507864,1.880624,38.922670
3,4.545940,1.287720,exponential_3,450,150,rosenbrock,6,0.180996,1.085070,1.301113,1.393362,34.165645
3,4.545940,4.545940,exponential_3,450,150,rosenbrock,6,0.006242,1.003768,1.116140,544.983765,31.613720
3,4.545940,0.685363,exponential_3,450,150,rosenbrock,6,0.002985,1.696279,2.223807,1.519984,37.897475
3,5.322296,0.500000,exponential_3,450,150,rosenbrock,6,0.037329,2.019811,2.480345,22.454725,31.029980
3,4.545940,8.541316,exponential_3,450,150,rosenbrock,6,0.010059,1.858619,1.406371,2.243665,32.798795
3,5.322296,0.685363,exponential_3,450,150,rosenbrock,6,0.159624,2.118315,2.299626,1.709307,31.996890
3,1.507637,6.231237,exponential_3,450,150,rosenbrock,6,0.094014,1.212647,1.348276,1.650015,42.487330
3,5.322296,0.939444,exponential_3,450,150,rosenbrock,6,0.000022,1.323044,1.595565,1.470044,32.556890
3,2.419483,2.066557,exponential_3,450,150,rosenbrock,6,0.011297,1.376089,1.637753,2.225209,39.537585
3,3.882831,3.316448,exponential_3,450,150,rosenbrock,6,0.000337,2.065746,1.643460,2.035576,47.126650
3,5.322296,1.287720,exponential_3,450,150,rosenbrock,6,0.081215,1.476027,1.543704,1.878869,33.553695
3,5.322296,3.316448,exponential_3,450,150,rosenbrock,6,0.026767,2.251011,1.882432,2.529806,32.336915
3,3.882831,8.541316,exponential_3,450,150,rosenbrock,6,0.009341,2.330611,2.094568,2.072767,45.458970
3,4.545940,0.939444,exponential_3,450,150,rosenbrock,6,0.013428,1.815505,1.906559,2.406181,44.854615
3,2.419483,3.882831,exponential_3,450,150,rosenbrock,6,0.002202,1.473315,1.371835,2.501776,42.169555
3,2.419483,2.832683,exponential_3,450,150,rosenbrock,6,0.287745,1.448638,1.436593,1.824577,41.489955
3,4.545940,3.316448,exponential_3,450,150,rosenbrock,6,0.009251,1.635106,1.518986,2.523585,43.533225
3,5.322296,6.231237,exponential_3,450,150,rosenbrock,6,0.002352,1.632376,1.205715,544.864868,33.566245
3,5.322296,1.765111,exponential_3,450,150,rosenbrock,6,0.003453,1.743878,1.662596,2.073685,40.096740
3,5.322296,2.419483,exponential_3,450,150,rosenbrock,6,0.141048,1.443014,1.287986,2.503661,40.489835
3,4.545940,6.231237,exponential_3,450,150,rosenbrock,6,0.000305,1.201533,1.403262,1.677332,44.560795
3,2.832683,5.322296,exponential_3,450,150,rosenbrock,6,0.000880,1.558124,1.505500,1.980405,30.762050
3,6.231237,0.685363,exponential_3,450,150,rosenbrock,6,0.011259,0.857960,0.951946,1.858447,32.912590
3,6.231237,0.939444,exponential_3,450,150,rosenbrock,6,0.140282,1.163943,1.453984,1.056207,32.729345
3,2.419483,5.322296,exponential_3,450,150,rosenbrock,6,0.234404,1.632469,1.503599,1.807017,40.819720
3,6.231237,1.287720,exponential_3,450,150,rosenbrock,6,0.059679,1.303289,1.440382,1.418489,33.541920
3,6.231237,2.419483,exponential_3,450,150,rosenbrock,6,0.020566,2.456633,3.216879,2.560137,32.683000
3,6.231237,3.316448,exponential_3,450,150,rosenbrock,6,0.007939,1.086490,1.107725,544.968567,31.247240
3,6.231237,1.765111,exponential_3,450,150,rosenbrock,6,0.057708,1.144382,1.427874,544.953552,34.654680
3,5.322296,4.545940,exponential_3,450,150,rosenbrock,6,0.016419,1.481546,1.505517,544.849609,44.219520
3,2.832683,10.000000,exponential_3,450,150,rosenbrock,6,0.343811,2.182215,1.679234,534.208984,31.660590
3,5.322296,8.541316,exponential_3,450,150,rosenbrock,6,0.045853,2.517605,1.864878,2.075403,42.868000
3,6.231237,0.500000,exponential_3,450,150,rosenbrock,6,0.068096,2.233001,2.555889,1.935541,40.173325
3,2.832683,0.585390,exponential_3,450,150,rosenbrock,6,0.164685,2.868261,3.782286,1.920437,43.860970
3,3.316448,0.802409,exponential_3,450,150,rosenbrock,6,0.144331,1.868253,2.636857,44.026619,30.490985
3,2.419483,10.000000,exponential_3,450,150,rosenbrock,6,0.041017,2.253438,2.012830,2.156431,45.407920
3,2.832683,0.802409,exponential_3,450,150,rosenbrock,6,0.159352,2.818327,3.319920,65.569809,44.046780
3,2.419483,7.295407,exponential_3,450,150,rosenbrock,6,0.069567,2.453805,3.167130,544.713501,43.404545
3,3.316448,1.099883,exponential_3,450,150,rosenbrock,6,0.012926,1.285417,1.780355,1.966683,30.206745
3,2.832683,1.099883,exponential_3,450,150,rosenbrock,6,0.034961,1.728822,2.398779,65.850311,44.799815
3,3.316448,2.832683,exponential_3,450,150,rosenbrock,6,0.006859,2.460476,2.224603,1.988766,32.495655
3,2.832683,1.507637,exponential_3,450,150,rosenbrock,6,0.014824,1.165981,1.678037,34.941620,44.943580
3,6.231237,4.545940,exponential_3,450,150,rosenbrock,6,0.019818,2.908625,5.228487,749.640320,42.507415
3,7.295407,0.939444,exponential_3,450,150,rosenbrock,6,0.056763,1.605015,1.524998,1.881742,35.414495
3,2.832683,2.832683,exponential_3,450,150,rosenbrock,6,0.008074,0.996595,1.359791,1.084410,42.041805
3,3.316448,2.066557,exponential_3,450,150,rosenbrock,6,0.012195,1.232992,1.372653,1.359880,34.327450
3,3.316448,7.295407,exponential_3,450,150,rosenbrock,6,0.036584,1.640853,1.632281,750.051208,31.885075
3,2.832683,2.066557,exponential_3,450,150,rosenbrock,6,0.135126,1.536909,1.752387,2.032107,47.450330
3,3.316448,5.322296,exponential_3,450,150,rosenbrock,6,0.012914,1.428402,1.348090,1.897166,33.125755
3,3.882831,0.585390,exponential_3,450,150,rosenbrock,6,0.016606,2.840698,3.335419,22.214766,32.799025
3,7.295407,0.500000,exponential_3,450,150,rosenbrock,6,0.313611,2.130229,2.105246,2.137989,42.544385
3,6.231237,6.231237,exponential_3,450,150,rosenbrock,6,0.018408,2.453327,2.775369,2.039678,45.943805
3,3.882831,2.066557,exponential_3,450,150,rosenbrock,6,0.108145,1.417827,1.472688,1.908449,32.082520
3,2.832683,7.295407,exponential_3,450,150,rosenbrock,6,0.000286,1.755773,1.529002,544.841125,42.428745
3,3.882831,1.099883,exponential_3,450,150,rosenbrock,6,0.567782,1.695041,1.854839,2.220496,32.778180
3,3.882831,2.832683,exponential_3,450,150,rosenbrock,6,0.007585,1.766217,1.571867,2.454634,30.837260
3,6.231237,8.541316,exponential_3,450,150,rosenbrock,6,0.257941,2.013765,2.121210,1.836764,47.331370
3,2.832683,3.882831,exponential_3,450,150,rosenbrock,6,0.020403,0.927260,1.281660,1.886722,45.395510
3,7.295407,0.685363,exponential_3,450,150,rosenbrock,6,0.013435,1.126201,1.672516,1.857418,44.544755
3,3.882831,5.322296,exponential_3,450,150,rosenbrock,6,0.151627,1.344653,1.293858,1.844781,30.734840
3,3.316448,0.585390,exponential_3,450,150,rosenbrock,6,1.502170,2.994111,3.425138,46.140862,43.419075
3,3.316448,1.507637,exponential_3,450,150,rosenbrock,6,0.024813,1.792129,1.907369,2.140988,41.963025
3,7.295407,1.287720,exponential_3,450,150,rosenbrock,6,0.000393,1.456346,1.469217,2.478358,44.603620
3,7.295407,1.765111,exponential_3,450,150,rosenbrock,6,0.238401,1.728415,1.492446,2.376514,43.998380
3,4.545940,2.066557,exponential_3,450,150,rosenbrock,6,0.039079,1.512746,1.383857,1.776504,31.839925
3,3.316448,3.882831,exponential_3,450,150,rosenbrock,6,0.003294,1.248207,1.406487,2.377920,41.580885
3,4.545940,0.585390,exponential_3,450,150,rosenbrock,6,0.014173,2.121181,2.461265,19.013454,33.620015
3,4.545940,2.832683,exponential_3,450,150,rosenbrock,6,0.016019,1.338737,1.297180,544.919861,32.496865
3,7.295407,2.419483,exponential_3,450,150,rosenbrock,6,0.465424,1.969431,1.611264,544.802551,45.018125
3,7.295407,3.316448,exponential_3,450,150,rosenbrock,6,0.432109,2.610098,2.192105,544.647217,44.787725
3,3.882831,0.802409,exponential_3,450,150,rosenbrock,6,1.392141,2.447057,2.442109,66.511925,39.243765
3,3.882831,1.507637,exponential_3,450,150,rosenbrock,6,0.004479,2.303134,1.953912,2.542834,38.211700
3,5.322296,0.802409,exponential_3,450,150,rosenbrock,6,0.000395,1.151819,1.843623,1.491137,31.953620
3,3.882831,7.295407,exponential_3,450,150,rosenbrock,6,0.000056,2.662473,3.403545,749.777283,35.309240
3,4.545940,1.507637,exponential_3,450,150,rosenbrock,6,0.059481,1.337091,1.513567,1.855877,34.991645
3,5.322296,0.585390,exponential_3,450,150,rosenbrock,6,0.043563,1.847717,2.326836,1.621862,33.482835
3,4.545940,10.000000,exponential_3,450,150,rosenbrock,6,0.011232,2.927088,5.252396,564.591370,33.752985
3,4.545940,5.322296,exponential_3,450,150,rosenbrock,6,0.025136,2.072391,1.734976,544.783386,35.811425
3,4.545940,0.802409,exponential_3,450,150,rosenbrock,6,0.144099,1.979126,2.290283,2.568251,34.931050
3,7.295407,6.231237,exponential_3,450,150,rosenbrock,6,0.007632,2.105521,1.799204,2.011882,45.843620
3,5.322296,1.099883,exponential_3,450,150,rosenbrock,6,0.012179,0.858696,1.293203,1.429639,33.382930
3,7.295407,4.545940,exponential_3,450,150,rosenbrock,6,0.449717,3.385984,5.297596,2.365363,49.804940
3,8.541316,0.939444,exponential_3,450,150,rosenbrock,6,0.129630,1.194308,1.417208,1.283900,32.867385
3,8.541316,0.500000,exponential_3,450,150,rosenbrock,6,0.038464,1.194360,1.462112,1.536291,42.891825
3,7.295407,8.541316,exponential_3,450,150,rosenbrock,6,0.046250,2.808346,4.126854,892.467529,45.109905
3,5.322296,1.507637,exponential_3,450,150,rosenbrock,6,0.000240,1.668641,1.528889,204.856949,30.900200
3,5.322296,3.882831,exponential_3,450,150,rosenbrock,6,0.000149,1.435784,1.392811,544.898560,33.305560
3,3.316448,10.000000,exponential_3,450,150,rosenbrock,6,0.018000,2.047874,1.642757,538.245605,44.675020
3,5.322296,7.295407,exponential_3,450,150,rosenbrock,6,0.063740,2.318485,1.950437,748.296387,30.587425
3,5.322296,2.066557,exponential_3,450,150,rosenbrock,6,0.077404,1.375711,1.305666,544.909363,30.587405
3,3.882831,3.882831,exponential_3,450,150,rosenbrock,6,0.169859,1.666484,1.394729,2.766418,40.164965
3,8.541316,1.287720,exponential_3,450,150,rosenbrock,6,0.023444,1.699768,1.560058,544.853577,36.021560
3,8.541316,0.685363,exponential_3,450,150,rosenbrock,6,0.020268,1.312083,1.673953,1.949884,45.155845
3,8.541316,1.765111,exponential_3,450,150,rosenbrock,6,0.017321,3.121960,4.907893,544.542236,35.899700
3,6.231237,0.802409,exponential_3,450,150,rosenbrock,6,0.000237,1.007640,1.451195,1.674077,30.729230
3,6.231237,1.099883,exponential_3,450,150,rosenbrock,6,0.012150,1.549808,1.542284,544.877136,33.588945
3,4.545940,1.099883,exponential_3,450,150,rosenbrock,6,0.177239,1.626021,1.821038,1.421037,42.409125
3,6.231237,2.066557,exponential_3,450,150,rosenbrock,6,0.001198,0.951468,1.414420,1.708490,30.255515
3,6.231237,2.832683,exponential_3,450,150,rosenbrock,6,0.228804,1.463582,1.202008,572.027710,32.047325
3,6.231237,3.882831,exponential_3,450,150,rosenbrock,6,0.242753,1.924979,1.568839,120.945862,31.534190
3,8.541316,3.316448,exponential_3,450,150,rosenbrock,6,0.159314,1.725789,1.414716,544.797302,33.476230
3,3.882831,10.000000,exponential_3,450,150,rosenbrock,6,0.085278,2.443939,2.774108,544.713440,44.587820
3,6.231237,1.507637,exponential_3,450,150,rosenbrock,6,0.000823,0.963263,1.250993,1.792196,33.831565
3,8.541316,2.419483,exponential_3,450,150,rosenbrock,6,0.019682,1.717468,1.541150,2.395301,36.476215
3,8.541316,4.545940,exponential_3,450,150,rosenbrock,6,0.011405,2.352646,1.854735,208.515320,32.192800
3,4.545940,3.882831,exponential_3,450,150,rosenbrock,6,0.000019,1.629596,1.443911,544.865540,42.709535
3,4.545940,7.295407,exponential_3,450,150,rosenbrock,6,0.077481,1.851745,1.502859,544.822205,40.078140
3,5.322296,2.832683,exponential_3,450,150,rosenbrock,6,0.536396,1.982281,1.479585,2.360219,41.333615
3,8.541316,6.231237,exponential_3,450,150,rosenbrock,6,0.031083,3.913906,5.419160,887.534607,32.355960
3,8.541316,8.541316,exponential_3,450,150,rosenbrock,6,0.290002,3.694838,5.420026,34.596371,31.741500
3,5.322296,5.322296,exponential_3,450,150,rosenbrock,6,0.050613,2.598299,3.240255,2.536958,38.646080
3,10.000000,1.287720,exponential_3,450,150,rosenbrock,6,0.001522,0.896016,1.205525,1.591926,29.783050
3,10.000000,2.419483,exponential_3,450,150,rosenbrock,6,0.783209,2.446138,1.881340,1.817417,28.104545
3,10.000000,0.500000,exponential_3,450,150,rosenbrock,6,0.014642,1.296297,1.635666,2.186460,33.933070
3,5.322296,10.000000,exponential_3,450,150,rosenbrock,6,0.000165,2.439327,2.218337,697.079773,39.652730
3,10.000000,0.685363,exponential_3,450,150,rosenbrock,6,0.044744,1.139336,1.258177,544.976135,34.056350
3,6.231237,0.585390,exponential_3,450,150,rosenbrock,6,0.067788,1.680783,2.071813,1.649923,39.177005
3,7.295407,1.099883,exponential_3,450,150,rosenbrock,6,0.057328,1.596950,1.743867,204.937073,30.319670
3,10.000000,8.541316,exponential_3,450,150,rosenbrock,6,0.349953,3.235723,3.640865,892.574768,29.896010
3,0.500000,1.287720,exponential_5,450,150,rosenbrock,6,0.006168,56.535664,61.079292,77.504517,26.802275
3,0.500000,0.685363,exponential_5,450,150,rosenbrock,6,10.674850,255.282883,304.061768,502.293488,29.332350
3,10.000000,3.316448,exponential_3,450,150,rosenbrock,6,0.154844,2.032348,1.695583,544.743408,34.265355
3,6.231237,5.322296,exponential_3,450,150,rosenbrock,6,0.000265,2.308637,2.068309,2.240474,33.783295
3,10.000000,1.765111,exponential_3,450,150,rosenbrock,6,0.008597,1.302616,1.396077,2.427500,36.481870
3,10.000000,0.939444,exponential_3,450,150,rosenbrock,6,0.496188,1.217114,1.492296,1.568251,38.896755
3,0.500000,0.939444,exponential_5,450,150,rosenbrock,6,5.381617,126.255951,154.044220,128.237305,30.990020
3,10.000000,6.231237,exponential_3,450,150,rosenbrock,6,0.373912,3.253295,4.108250,544.537842,33.991160
3,0.500000,2.419483,exponential_5,450,150,rosenbrock,6,0.947856,3.780960,4.490335,24.983467,28.181530
3,0.500000,3.316448,exponential_5,450,150,rosenbrock,6,0.013721,3.281462,3.817034,1.663731,29.155905
3,0.500000,0.500000,exponential_5,450,150,rosenbrock,6,4.491384,346.123840,463.212585,1077.484619,36.054800
3,6.231237,7.295407,exponential_3,450,150,rosenbrock,6,0.032722,3.203522,5.213729,544.573975,33.723035
3,0.500000,6.231237,exponential_5,450,150,rosenbrock,6,0.022771,2.089476,2.942617,1.550361,29.170955
3,10.000000,4.545940,exponential_3,450,150,rosenbrock,6,0.001850,1.475452,1.701492,1.666209,40.886395
3,0.500000,1.765111,exponential_5,450,150,rosenbrock,6,2.002808,18.055204,14.441525,77.029778,35.341260
3,7.295407,0.585390,exponential_3,450,150,rosenbrock,6,0.015856,1.510062,1.763185,1.851801,37.661240
3,0.585390,1.765111,exponential_5,450,150,rosenbrock,6,0.800712,37.189007,23.816547,101.213791,29.271980
3,0.585390,1.287720,exponential_5,450,150,rosenbrock,6,2.465418,37.437317,21.536903,98.299500,29.596670
3,0.585390,0.685363,exponential_5,450,150,rosenbrock,6,10.092802,207.720917,243.149902,267.811188,31.503155
3,6.231237,10.000000,exponential_3,450,150,rosenbrock,6,0.012363,2.520803,2.542042,749.847473,39.482660
3,0.585390,0.500000,exponential_5,450,150,rosenbrock,6,102.193542,296.006165,278.962646,267.870178,36.476485
3,7.295407,0.802409,exponential_3,450,150,rosenbrock,6,0.286006,2.510727,2.432495,2.046906,39.278405
3,0.500000,4.545940,exponential_5,450,150,rosenbrock,6,0.023505,2.665563,3.399079,1.483968,41.177330
3,0.500000,8.541316,exponential_5,450,150,rosenbrock,6,0.000109,1.954653,2.594807,1.786763,38.729865
3,0.585390,4.545940,exponential_5,450,150,rosenbrock,6,0.052255,2.381270,2.922856,23.643324,30.323825
3,0.685363,0.500000,exponential_5,450,150,rosenbrock,6,14.771061,215.379913,230.855240,257.628235,29.426175
3,0.585390,8.541316,exponential_5,450,150,rosenbrock,6,0.279100,2.072860,2.265054,215.685226,30.405935
3,0.685363,0.685363,exponential_5,450,150,rosenbrock,6,1.396490,119.295357,163.653168,204.326538,30.545110
3,0.685363,0.939444,exponential_5,450,150,rosenbrock,6,3.915932,38.487125,46.433556,97.119690,30.784300
3,0.685363,1.765111,exponential_5,450,150,rosenbrock,6,0.049654,3.148448,3.900759,9.815923,28.469750
3,7.295407,2.066557,exponential_3,450,150,rosenbrock,6,0.796661,3.091950,5.147632,749.661011,40.072320
3,0.585390,0.939444,exponential_5,450,150,rosenbrock,6,4.943856,64.231331,58.380222,203.261505,39.663990
3,7.295407,1.507637,exponential_3,450,150,rosenbrock,6,0.001253,2.234743,2.531682,544.724243,42.303950
3,7.295407,3.882831,exponential_3,450,150,rosenbrock,6,0.133480,2.663127,3.040183,544.675476,39.074735
3,0.585390,2.419483,exponential_5,450,150,rosenbrock,6,1.030858,13.389742,6.046225,47.471172,39.810020
3,0.585390,6.231237,exponential_5,450,150,rosenbrock,6,0.000425,1.286082,1.519235,14.279135,37.961755
3,7.295407,2.832683,exponential_3,450,150,rosenbrock,6,0.090867,1.620412,1.539644,544.864075,41.946965
3,0.685363,3.316448,exponential_5,450,150,rosenbrock,6,0.006977,3.263795,3.551150,24.835421,29.556650
3,0.585390,3.316448,exponential_5,450,150,rosenbrock,6,0.603721,2.853684,3.490741,29.620626,41.179745
3,0.685363,6.231237,exponential_5,450,150,rosenbrock,6,0.069900,2.072966,2.700412,2.242506,30.126655
3,0.685363,2.419483,exponential_5,450,150,rosenbrock,6,0.616384,3.915550,4.804069,20.896133,32.075940
3,0.685363,1.287720,exponential_5,450,150,rosenbrock,6,2.977211,21.642536,9.014647,80.129555,41.137980
3,7.295407,7.295407,exponential_3,450,150,rosenbrock,6,0.013391,2.598917,2.080904,544.684265,43.317325
3,0.802409,3.316448,exponential_5,450,150,rosenbrock,6,0.104267,2.788913,3.344139,1.714995,30.055555
3,8.541316,1.099883,exponential_3,450,150,rosenbrock,6,0.404173,2.378768,1.653719,1.987739,40.417940
3,0.802409,0.939444,exponential_5,450,150,rosenbrock,6,0.075460,75.658730,89.217751,163.316330,31.886380
3,0.802409,2.419483,exponential_5,450,150,rosenbrock,6,0.831333,4.256474,5.086002,29.618288,31.180705
3,7.295407,5.322296,exponential_3,450,150,rosenbrock,6,0.008401,1.187652,1.344224,1.978125,43.448055
3,0.802409,1.765111,exponential_5,450,150,rosenbrock,6,0.295661,3.194419,4.072860,21.062193,33.362485
3,0.685363,8.541316,exponential_5,450,150,rosenbrock,6,0.052794,2.159028,2.260724,2.532882,38.748565
3,0.802409,0.685363,exponential_5,450,150,rosenbrock,6,3.261179,138.064560,106.994507,329.682220,35.326525
3,8.541316,0.585390,exponential_3,450,150,rosenbrock,6,0.051699,1.181428,1.525885,2.001088,43.599210
3,0.802409,6.231237,exponential_5,450,150,rosenbrock,6,0.110481,1.566070,2.052205,2.278396,32.276380
3,8.541316,2.832683,exponential_3,450,150,rosenbrock,6,0.001005,2.206468,1.712253,544.757690,32.727040
3,7.295407,10.000000,exponential_3,450,150,rosenbrock,6,2.357133,285.675842,5.125209,1112.301025,45.106050
3,8.541316,1.507637,exponential_3,450,150,rosenbrock,6,0.047607,1.598260,1.548269,1.826756,39.798530
3,8.541316,2.066557,exponential_3,450,150,rosenbrock,6,0.024192,2.573330,3.360874,2.184762,39.824920
3,8.541316,5.322296,exponential_3,450,150,rosenbrock,6,0.033777,2.286378,2.305573,2.228083,34.553150
3,0.685363,4.545940,exponential_5,450,150,rosenbrock,6,1.349257,2.833552,2.951227,1.080158,45.677940
3,0.802409,0.500000,exponential_5,450,150,rosenbrock,6,5.762210,260.700897,375.251038,295.282898,46.198090
3,8.541316,3.882831,exponential_3,450,150,rosenbrock,6,0.013677,2.866033,5.020797,544.589783,41.443150
3,10.000000,2.832683,exponential_3,450,150,rosenbrock,6,0.053382,2.350792,1.976033,1.961688,32.850260
3,8.541316,10.000000,exponential_3,450,150,rosenbrock,6,0.344072,4.751336,5.631742,749.217651,35.221655
3,0.802409,4.545940,exponential_5,450,150,rosenbrock,6,0.082055,2.207183,2.619664,29.206026,44.183890
3,0.802409,1.287720,exponential_5,450,150,rosenbrock,6,2.205989,22.983311,5.530671,197.695755,47.101525
3,10.000000,1.507637,exponential_3,450,150,rosenbrock,6,0.120167,3.338041,5.134720,544.549072,36.570670
3,8.541316,0.802409,exponential_3,450,150,rosenbrock,6,0.000641,1.338347,1.599355,1.966284,49.535660
3,0.939444,2.419483,exponential_5,450,150,rosenbrock,6,0.632635,2.686886,3.430487,2.011531,32.245605
3,0.500000,0.802409,exponential_5,450,150,rosenbrock,6,8.472931,263.865082,282.052307,233.952835,33.482785
3,8.541316,7.295407,exponential_3,450,150,rosenbrock,6,0.024379,3.304247,5.418132,749.609924,41.237165
3,0.500000,1.507637,exponential_5,450,150,rosenbrock,6,0.834945,33.636513,10.297710,214.621460,34.468375
3,10.000000,10.000000,exponential_3,450,150,rosenbrock,6,1.310160,163.106262,7.196208,1081.396484,35.880650
3,0.802409,8.541316,exponential_5,450,150,rosenbrock,6,0.000328,1.459883,1.770584,1.860888,46.905925
3,10.000000,0.585390,exponential_3,450,150,rosenbrock,6,0.457119,1.690378,1.632482,1.717863,40.762605
3,10.000000,7.295407,exponential_3,450,150,rosenbrock,6,0.006299,3.203055,4.275988,670.677246,31.572015
3,10.000000,0.802409,exponential_3,450,150,rosenbrock,6,0.017171,1.595489,1.339875,1.916335,38.704115
3,0.939444,0.685363,exponential_5,450,150,rosenbrock,6,3.275789,40.421757,26.219627,175.853104,45.731675
3,0.500000,1.099883,exponential_5,450,150,rosenbrock,6,5.538966,58.008827,71.507599,80.486076,33.258925
3,0.500000,3.882831,exponential_5,450,150,rosenbrock,6,0.465333,2.546441,3.027732,41.147408,31.582505
3,0.939444,0.500000,exponential_5,450,150,rosenbrock,6,1.985005,134.834946,152.384613,181.703491,48.077975
3,0.500000,2.832683,exponential_5,450,150,rosenbrock,6,0.185631,4.689829,5.474900,51.639542,34.305825
3,10.000000,3.882831,exponential_3,450,150,rosenbrock,6,0.000313,1.675362,1.605549,544.855103,39.839390
3,0.500000,7.295407,exponential_5,450,150,rosenbrock,6,1.037511,2.318492,2.634650,14.086259,31.794050
3,0.939444,0.939444,exponential_5,450,150,rosenbrock,6,1.379475,10.815636,9.862262,100.030067,47.557460
3,10.000000,2.066557,exponential_3,450,150,rosenbrock,6,0.009330,0.851256,0.938544,1.300524,40.074115
3,0.585390,1.507637,exponential_5,450,150,rosenbrock,6,0.495145,27.939270,10.279403,115.856117,29.553810
3,0.939444,1.765111,exponential_5,450,150,rosenbrock,6,0.322812,2.899489,4.176056,69.702736,45.098730
3,0.939444,1.287720,exponential_5,450,150,rosenbrock,6,0.006800,5.064229,5.402717,184.634918,47.644280
3,10.000000,1.099883,exponential_3,450,150,rosenbrock,6,0.196237,0.837626,1.152604,1.249793,40.994880
3,0.500000,0.585390,exponential_5,450,150,rosenbrock,6,46.645943,272.785919,382.672974,541.523865,38.508310
3,0.939444,3.316448,exponential_5,450,150,rosenbrock,6,0.002252,2.014629,2.543839,2.558631,44.791525
3,0.585390,2.066557,exponential_5,450,150,rosenbrock,6,0.288416,3.650963,4.380835,42.113365,33.377045
3,0.585390,0.802409,exponential_5,450,150,rosenbrock,6,5.578019,236.650467,310.137146,199.334976,34.972000
3,0.939444,4.545940,exponential_5,450,150,rosenbrock,6,0.039731,1.749047,2.377457,1.972109,41.721340
3,0.500000,2.066557,exponential_5,450,150,rosenbrock,6,0.824066,10.279896,8.539902,59.713932,39.772815
3,0.685363,0.585390,exponential_5,450,150,rosenbrock,6,8.004023,211.242584,243.202240,344.131195,30.316755
3,10.000000,5.322296,exponential_3,450,150,rosenbrock,6,0.125663,2.329326,2.069346,544.704224,41.549820
3,0.585390,10.000000,exponential_5,450,150,rosenbrock,6,0.010798,1.615308,2.233524,1.601685,31.529910
3,0.685363,0.802409,exponential_5,450,150,rosenbrock,6,4.460237,54.850861,43.175224,107.027740,30.871920
3,0.585390,5.322296,exponential_5,450,150,rosenbrock,6,0.391652,2.669600,3.015370,2.345685,32.459110
3,0.685363,2.066557,exponential_5,450,150,rosenbrock,6,0.049943,3.909219,5.013062,48.391853,30.549765
3,0.685363,1.099883,exponential_5,450,150,rosenbrock,6,0.256692,26.643948,13.876904,109.951241,31.997470
3,0.939444,6.231237,exponential_5,450,150,rosenbrock,6,0.002420,1.906207,2.406235,1.444252,43.582050
3,0.500000,5.322296,exponential_5,450,150,rosenbrock,6,0.155922,2.965973,3.281007,1.522451,40.765010
3,0.939444,8.541316,exponential_5,450,150,rosenbrock,6,0.007343,1.573800,1.993324,2.604558,44.460140
3,0.585390,0.585390,exponential_5,450,150,rosenbrock,6,5.864840,257.117432,340.988953,273.291107,43.547370
3,1.099883,0.500000,exponential_5,450,150,rosenbrock,6,6.222733,82.033646,74.602219,234.236664,42.448110
3,0.500000,10.000000,exponential_5,450,150,rosenbrock,6,0.009919,2.427180,2.577144,1.498412,40.816190
3,0.685363,2.832683,exponential_5,450,150,rosenbrock,6,0.907644,3.149054,3.624635,1.748145,27.609340
3,0.685363,3.882831,exponential_5,450,150,rosenbrock,6,0.121003,3.061311,3.253384,2.327340,30.549645
3,0.685363,7.295407,exponential_5,450,150,rosenbrock,6,0.265153,1.682009,2.016355,1.497640,31.608125
3,0.585390,1.099883,exponential_5,450,150,rosenbrock,6,6.756270,108.322929,115.738953,224.302307,39.790190
3,1.099883,0.685363,exponential_5,450,150,rosenbrock,6,0.829789,53.977547,51.684608,149.569214,41.849160
3,0.802409,3.882831,exponential_5,450,150,rosenbrock,6,0.002483,2.630998,2.830654,21.857807,30.910455
3,1.099883,0.939444,exponential_5,450,150,rosenbrock,6,0.139486,12.981968,8.899364,143.463226,40.474755
3,0.802409,1.099883,exponential_5,450,150,rosenbrock,6,2.047222,56.096684,66.830727,225.093475,29.373165
3,0.585390,2.832683,exponential_5,450,150,rosenbrock,6,0.003416,3.019053,4.009421,17.880098,38.909280
3,1.099883,1.287720,exponential_5,450,150,rosenbrock,6,0.024793,3.153381,3.832832,57.230637,40.446720
3,0.802409,2.066557,exponential_5,450,150,rosenbrock,6,0.534882,3.696214,4.060128,54.796364,31.324510
3,0.585390,7.295407,exponential_5,450,150,rosenbrock,6,0.003734,1.479990,2.262247,2.238757,41.817915
3,0.802409,2.832683,exponential_5,450,150,rosenbrock,6,0.010124,2.948156,3.659798,65.365921,33.732075
3,0.802409,7.295407,exponential_5,450,150,rosenbrock,6,0.203760,1.585368,2.084373,2.527701,29.888530
3,0.802409,0.802409,exponential_5,450,150,rosenbrock,6,1.321409,55.124886,76.924744,88.726128,30.960090
3,1.099883,1.765111,exponential_5,450,150,rosenbrock,6,0.000182,3.662940,4.335080,15.852682,41.876835
3,0.685363,1.507637,exponential_5,450,150,rosenbrock,6,1.802853,6.749079,5.875468,99.473724,38.813350
3,1.099883,8.541316,exponential_5,450,150,rosenbrock,6,0.000498,1.422684,1.991603,1.403705,30.647925
3,0.585390,3.882831,exponential_5,450,150,rosenbrock,6,0.059886,2.356187,2.946411,36.238007,41.840135
3,1.099883,2.419483,exponential_5,450,150,rosenbrock,6,0.000002,3.003752,3.367524,1.816544,39.983270
3,1.099883,4.545940,exponential_5,450,150,rosenbrock,6,0.004070,1.840562,2.059222,2.150759,38.269145
3,1.099883,3.316448,exponential_5,450,150,rosenbrock,6,0.003232,2.068985,2.681165,2.580117,40.678670
3,0.685363,10.000000,exponential_5,450,150,rosenbrock,6,0.000426,2.544441,2.404630,1.967956,37.513145
3,1.287720,2.419483,exponential_5,450,150,rosenbrock,6,0.081677,2.444055,2.930793,1.557322,28.853875
3,1.287720,1.287720,exponential_5,450,150,rosenbrock,6,0.053258,3.725241,4.363860,31.966291,32.894390
3,1.287720,3.316448,exponential_5,450,150,rosenbrock,6,0.383012,2.137879,2.485285,1.221109,31.264355
3,1.287720,0.685363,exponential_5,450,150,rosenbrock,6,0.563808,29.353596,17.479275,123.680161,36.804925
3,1.287720,0.939444,exponential_5,450,150,rosenbrock,6,0.100515,13.113710,5.943541,68.382019,36.647660
3,1.099883,6.231237,exponential_5,450,150,rosenbrock,6,0.210444,1.877932,1.855080,2.327036,41.715445
3,1.287720,8.541316,exponential_5,450,150,rosenbrock,6,0.581684,2.047069,2.161604,544.785278,29.766125
3,1.507637,0.685363,exponential_5,450,150,rosenbrock,6,0.803875,29.516014,6.953492,166.670776,29.407385
3,1.287720,0.500000,exponential_5,450,150,rosenbrock,6,0.423825,57.608627,24.529442,206.575668,40.462630
3,1.287720,4.545940,exponential_5,450,150,rosenbrock,6,0.007556,1.500134,2.025753,2.441543,33.077825
3,0.939444,2.832683,exponential_5,450,150,rosenbrock,6,0.029695,2.408274,3.031326,2.307550,32.014680
3,1.507637,0.939444,exponential_5,450,150,rosenbrock,6,0.005693,3.517443,4.201064,34.298794,31.310525
3,1.287720,1.765111,exponential_5,450,150,rosenbrock,6,0.350979,2.639525,3.218697,2.138805,39.416400
3,0.802409,0.585390,exponential_5,450,150,rosenbrock,6,9.388577,98.007591,102.114128,137.334930,41.097090
3,1.507637,1.765111,exponential_5,450,150,rosenbrock,6,0.003366,2.480499,3.038856,22.775621,33.918060
3,1.507637,4.545940,exponential_5,450,150,rosenbrock,6,0.069076,1.538341,1.962860,1.404051,30.351265
3,1.507637,0.500000,exponential_5,450,150,rosenbrock,6,1.889263,21.739523,14.143778,89.378372,37.381485
3,1.507637,1.287720,exponential_5,450,150,rosenbrock,6,0.051457,2.803458,3.752054,6.452973,34.929755
3,0.685363,5.322296,exponential_5,450,150,rosenbrock,6,0.020539,1.372364,2.325619,1.511869,45.149865
3,1.765111,0.500000,exponential_5,450,150,rosenbrock,6,0.206520,6.394479,5.907824,48.115986,30.679325
3,0.802409,5.322296,exponential_5,450,150,rosenbrock,6,0.012868,1.919835,2.393600,1.712936,43.840190
3,1.507637,3.316448,exponential_5,450,150,rosenbrock,6,0.240776,1.868458,2.187562,1.816008,34.945840
3,1.507637,2.419483,exponential_5,450,150,rosenbrock,6,0.013471,1.594163,1.940265,2.550238,36.994960
3,1.287720,6.231237,exponential_5,450,150,rosenbrock,6,0.004300,1.306710,1.869434,1.745862,42.487675
3,1.507637,6.231237,exponential_5,450,150,rosenbrock,6,0.351224,2.708495,2.629752,1.971548,33.315630
3,0.802409,10.000000,exponential_5,450,150,rosenbrock,6,0.000068,1.873075,2.236356,2.760690,40.529520
3,1.765111,0.939444,exponential_5,450,150,rosenbrock,6,0.062299,2.755797,3.788102,29.729919,30.622965
3,0.802409,1.507637,exponential_5,450,150,rosenbrock,6,0.629507,3.973871,4.705485,47.686893,46.867665
3,0.939444,0.802409,exponential_5,450,150,rosenbrock,6,0.959208,21.116343,19.731544,81.988159,41.915920
3,1.507637,8.541316,exponential_5,450,150,rosenbrock,6,0.071504,3.119987,4.753013,544.553894,38.388260
3,1.765111,1.287720,exponential_5,450,150,rosenbrock,6,0.011541,3.147964,3.440360,33.933662,34.439830
3,0.939444,0.585390,exponential_5,450,150,rosenbrock,6,2.037362,66.933922,83.778656,212.179016,43.089350
3,1.765111,2.419483,exponential_5,450,150,rosenbrock,6,0.120362,1.780773,1.982626,1.709779,33.574440
3,1.765111,3.316448,exponential_5,450,150,rosenbrock,6,0.127281,2.561194,2.394888,1.787146,33.476665
3,1.765111,0.685363,exponential_5,450,150,rosenbrock,6,0.264174,4.753255,4.989103,128.637955,40.782500
3,1.765111,1.765111,exponential_5,450,150,rosenbrock,6,0.306895,2.138688,2.778804,1.565302,35.748045
3,2.066557,0.685363,exponential_5,450,150,rosenbrock,6,0.092695,17.822680,5.292846,77.658905,31.202755
3,1.765111,6.231237,exponential_5,450,150,rosenbrock,6,0.000017,1.796432,2.312240,544.783630,33.857150
3,2.066557,1.287720,exponential_5,450,150,rosenbrock,6,0.056527,2.551540,3.443755,40.606297,31.836400
3,2.066557,0.939444,exponential_5,450,150,rosenbrock,6,1.365596,3.555396,3.708627,50.082691,32.407925
3,2.066557,0.500000,exponential_5,450,150,rosenbrock,6,0.035074,3.936376,5.099847,59.222664,33.366155
3,0.939444,1.099883,exponential_5,450,150,rosenbrock,6,0.079714,22.311949,7.202942,135.521942,45.780165
3,0.939444,2.066557,exponential_5,450,150,rosenbrock,6,0.008886,2.495328,3.586841,58.253338,43.190285
3,1.765111,4.545940,exponential_5,450,150,rosenbrock,6,0.039718,1.424774,1.967239,544.920471,37.276770
3,0.939444,1.507637,exponential_5,450,150,rosenbrock,6,2.200598,4.580897,5.240266,41.418476,43.341350
3,1.765111,8.541316,exponential_5,450,150,rosenbrock,6,1.284992,4.013887,5.418950,2.531689,37.621500
3,2.066557,1.765111,exponential_5,450,150,rosenbrock,6,0.098842,2.145099,2.487597,24.368183,35.995255
3,0.939444,3.882831,exponential_5,450,150,rosenbrock,6,0.032763,2.086390,2.554930,1.734323,43.596230
3,0.939444,5.322296,exponential_5,450,150,rosenbrock,6,0.075608,1.718528,2.258638,2.580142,42.555230
3,2.419483,0.500000,exponential_5,450,150,rosenbrock,6,1.101025,4.229652,4.845378,50.034832,31.769870
3,2.066557,2.419483,exponential_5,450,150,rosenbrock,6,0.532637,1.600855,1.798090,65.854332,38.569110
3,2.419483,0.939444,exponential_5,450,150,rosenbrock,6,0.010498,2.775670,3.472547,41.305710,31.125795
3,2.066557,8.541316,exponential_5,450,150,rosenbrock,6,0.241993,1.394696,1.785959,1.703295,34.821680
3,2.066557,6.231237,exponential_5,450,150,rosenbrock,6,0.057686,2.124481,2.098305,2.372985,34.952425
3,2.419483,1.287720,exponential_5,450,150,rosenbrock,6,0.149501,2.214571,2.628944,1.810440,30.683490
3,0.939444,7.295407,exponential_5,450,150,rosenbrock,6,0.000003,1.756998,2.217510,2.145660,42.295115
3,2.066557,3.316448,exponential_5,450,150,rosenbrock,6,1.122456,2.563539,2.252700,2.181711,39.914235
3,2.066557,4.545940,exponential_5,450,150,rosenbrock,6,0.028980,3.071669,3.927292,214.819214,39.370625
3,2.419483,2.419483,exponential_5,450,150,rosenbrock,6,0.054822,2.392059,2.449505,1.903686,32.350240
3,2.419483,4.545940,exponential_5,450,150,rosenbrock,6,0.023110,1.922551,2.147457,216.024109,31.447750
3,1.099883,0.585390,exponential_5,450,150,rosenbrock,6,4.462432,77.863937,100.239105,348.196716,42.249375
3,2.419483,0.685363,exponential_5,450,150,rosenbrock,6,0.001726,3.947535,4.402272,69.737823,39.638065
3,2.419483,6.231237,exponential_5,450,150,rosenbrock,6,0.024725,3.280156,5.417946,544.568054,32.835590
3,0.939444,10.000000,exponential_5,450,150,rosenbrock,6,0.268740,2.080148,2.275601,544.778931,45.584905
3,2.419483,8.541316,exponential_5,450,150,rosenbrock,6,0.099999,3.045510,4.742071,749.674500,33.328005
3,1.099883,0.802409,exponential_5,450,150,rosenbrock,6,0.444321,31.827364,29.619049,90.822731,42.002165
3,1.099883,1.099883,exponential_5,450,150,rosenbrock,6,0.192572,20.540333,6.002841,167.968338,41.779210
3,1.099883,10.000000,exponential_5,450,150,rosenbrock,6,0.395309,2.056899,2.192782,573.465515,32.834335
3,2.419483,1.765111,exponential_5,450,150,rosenbrock,6,0.256445,1.741045,2.277727,1.457900,41.136660
3,1.099883,1.507637,exponential_5,450,150,rosenbrock,6,0.480110,3.555644,4.016061,30.133438,40.760050
3,2.419483,3.316448,exponential_5,450,150,rosenbrock,6,0.013306,1.488740,2.111889,2.280132,40.630355
3,1.099883,2.066557,exponential_5,450,150,rosenbrock,6,0.185068,2.578211,3.277783,25.348801,38.199385
3,1.287720,1.507637,exponential_5,450,150,rosenbrock,6,0.171152,3.713916,4.499431,29.587751,31.746270
3,1.287720,3.882831,exponential_5,450,150,rosenbrock,6,0.015451,1.591602,2.137527,1.661460,32.580550
3,1.287720,2.832683,exponential_5,450,150,rosenbrock,6,0.045279,2.246708,2.786326,9.669953,33.221260
3,2.832683,0.500000,exponential_5,450,150,rosenbrock,6,0.039820,3.120733,4.596644,42.197502,40.518860
3,1.287720,10.000000,exponential_5,450,150,rosenbrock,6,0.017681,1.887893,2.080989,2.028215,31.430045
3,1.099883,2.832683,exponential_5,450,150,rosenbrock,6,0.010364,1.751569,2.456151,1.423898,39.302570
3,2.832683,0.685363,exponential_5,450,150,rosenbrock,6,0.370981,3.625879,4.172370,71.521965,42.465375
3,1.507637,0.802409,exponential_5,450,150,rosenbrock,6,0.071245,5.124432,4.965584,95.909943,32.873410
3,2.832683,0.939444,exponential_5,450,150,rosenbrock,6,0.009059,2.605179,3.135988,33.593029,38.879960
3,1.287720,5.322296,exponential_5,450,150,rosenbrock,6,0.052951,1.918835,2.189234,2.411315,33.177970
3,1.099883,3.882831,exponential_5,450,150,rosenbrock,6,0.033952,2.367584,2.503743,65.653130,40.970660
3,1.507637,5.322296,exponential_5,450,150,rosenbrock,6,0.043800,2.423857,2.139727,1.930532,31.330350
3,1.507637,1.099883,exponential_5,450,150,rosenbrock,6,0.299889,14.363415,5.383321,57.831882,34.058135
3,1.099883,5.322296,exponential_5,450,150,rosenbrock,6,0.000961,1.784294,2.299149,1.637644,42.893850
3,1.507637,2.066557,exponential_5,450,150,rosenbrock,6,0.001334,2.308818,2.960905,2.411558,31.919655
3,1.287720,0.802409,exponential_5,450,150,rosenbrock,6,0.819600,21.973728,5.991605,125.702011,39.673180
3,2.832683,1.287720,exponential_5,450,150,rosenbrock,6,0.139245,2.089918,2.504644,1.849532,34.746720
3,1.287720,1.099883,exponential_5,450,150,rosenbrock,6,0.227542,6.584885,4.201595,52.089672,39.802695
3,1.287720,0.585390,exponential_5,450,150,rosenbrock,6,2.429303,40.587540,27.341068,112.916672,36.170875
3,1.099883,7.295407,exponential_5,450,150,rosenbrock,6,0.025265,2.520184,2.260573,1.860061,39.710865
3,1.765111,0.585390,exponential_5,450,150,rosenbrock,6,0.001410,22.067781,7.978323,109.211464,32.081720
3,1.507637,3.882831,exponential_5,450,150,rosenbrock,6,0.053608,1.283193,1.819981,2.219391,30.793945
3,1.287720,2.066557,exponential_5,450,150,rosenbrock,6,0.180164,2.205453,2.968717,1.623092,41.242975
3,2.832683,1.765111,exponential_5,450,150,rosenbrock,6,0.117918,2.131978,2.355773,1.808324,40.357685
3,1.507637,1.507637,exponential_5,450,150,rosenbrock,6,0.001103,2.903406,3.294918,30.409184,38.110835
3,1.507637,7.295407,exponential_5,450,150,rosenbrock,6,0.330497,2.935971,2.600611,544.543457,33.128525
3,1.765111,1.099883,exponential_5,450,150,rosenbrock,6,0.000175,2.101852,3.248053,2.196251,31.562790
3,1.507637,0.585390,exponential_5,450,150,rosenbrock,6,1.332894,5.811535,6.204293,55.399372,41.593640
3,2.832683,2.419483,exponential_5,450,150,rosenbrock,6,0.494349,2.592031,2.314492,2.225756,39.576965
3,1.507637,2.832683,exponential_5,450,150,rosenbrock,6,0.016156,2.414865,2.637349,2.175003,38.186375
3,1.765111,2.832683,exponential_5,450,150,rosenbrock,6,0.145273,2.509079,2.413901,2.640694,31.715415
3,1.765111,3.882831,exponential_5,450,150,rosenbrock,6,0.112355,1.698398,2.119120,1.180330,32.051605
3,2.066557,1.507637,exponential_5,450,150,rosenbrock,6,0.049009,2.092185,2.742792,1.403365,30.038320
3,1.287720,7.295407,exponential_5,450,150,rosenbrock,6,0.010381,1.639455,2.067361,1.505728,41.878715
3,1.507637,10.000000,exponential_5,450,150,rosenbrock,6,0.899045,3.293051,5.417977,749.536560,36.624355
3,2.066557,0.585390,exponential_5,450,150,rosenbrock,6,0.541497,13.212780,5.149544,70.809860,30.510890
3,2.066557,0.802409,exponential_5,450,150,rosenbrock,6,0.013108,2.466207,3.292533,32.850636,31.541530
3,2.832683,3.316448,exponential_5,450,150,rosenbrock,6,0.000087,1.664511,2.152611,2.283191,45.218900
3,2.066557,1.099883,exponential_5,450,150,rosenbrock,6,0.202490,3.209658,3.644984,49.901035,32.076355
3,1.765111,7.295407,exponential_5,450,150,rosenbrock,6,0.012569,2.042813,2.125603,544.790466,34.692400
3,1.765111,1.507637,exponential_5,450,150,rosenbrock,6,0.048856,2.631938,3.057479,2.682078,39.321875
3,1.765111,0.802409,exponential_5,450,150,rosenbrock,6,0.190143,4.916580,5.029021,22.861441,37.363110
3,2.832683,4.545940,exponential_5,450,150,rosenbrock,6,0.005460,1.274566,2.096903,544.933655,45.058445
3,1.765111,2.066557,exponential_5,450,150,rosenbrock,6,0.408713,2.212389,2.584816,2.049825,37.468810
3,2.832683,6.231237,exponential_5,450,150,rosenbrock,6,0.070938,2.408588,2.152185,1.771274,44.596560
3,2.832683,8.541316,exponential_5,450,150,rosenbrock,6,0.017935,3.250550,5.389196,285.501923,44.504160
3,2.066557,2.066557,exponential_5,450,150,rosenbrock,6,0.037458,1.994613,2.437530,1.825189,30.289375
3,3.316448,0.500000,exponential_5,450,150,rosenbrock,6,0.156519,2.915701,3.378448,31.949617,42.617455
3,2.419483,0.585390,exponential_5,450,150,rosenbrock,6,0.235464,4.361158,5.296441,31.566496,31.137170
3,2.419483,1.507637,exponential_5,450,150,rosenbrock,6,0.107198,2.127197,2.562761,1.679515,29.875885
3,1.765111,5.322296,exponential_5,450,150,rosenbrock,6,0.031004,1.753324,2.046436,1.858547,39.631350
3,3.316448,0.685363,exponential_5,450,150,rosenbrock,6,0.576912,2.413276,3.145586,35.013111,42.954355
3,2.419483,1.099883,exponential_5,450,150,rosenbrock,6,0.439424,2.700173,3.075371,65.634354,33.144470
3,2.066557,7.295407,exponential_5,450,150,rosenbrock,6,0.129196,2.664604,2.399753,892.448425,32.818825
3,2.066557,10.000000,exponential_5,450,150,rosenbrock,6,0.278111,1.476650,1.806696,1.411468,33.299705
3,3.316448,0.939444,exponential_5,450,150,rosenbrock,6,0.261657,2.397339,2.784027,1.388400,43.510540
3,2.066557,2.832683,exponential_5,450,150,rosenbrock,6,0.079401,2.782860,2.732074,34.658920,35.823150
3,1.765111,10.000000,exponential_5,450,150,rosenbrock,6,0.254554,2.626622,2.295774,749.739319,41.443330
3,2.419483,5.322296,exponential_5,450,150,rosenbrock,6,0.040277,2.109144,2.143562,544.775208,31.760320
3,2.419483,2.832683,exponential_5,450,150,rosenbrock,6,0.119909,2.501935,2.672589,1.922794,32.171810
3,2.419483,7.295407,exponential_5,450,150,rosenbrock,6,0.020899,1.765558,2.071220,1.476300,31.839125
3,3.316448,1.287720,exponential_5,450,150,rosenbrock,6,0.017130,1.745253,2.458185,1.705379,45.863460
3,2.419483,10.000000,exponential_5,450,150,rosenbrock,6,0.005027,2.574508,2.311602,544.688416,31.133860
3,3.316448,1.765111,exponential_5,450,150,rosenbrock,6,0.001080,1.627713,1.980740,2.473416,42.810455
3,3.882831,0.685363,exponential_5,450,150,rosenbrock,6,0.058384,2.353745,2.677841,1.953281,30.971225
3,2.066557,3.882831,exponential_5,450,150,rosenbrock,6,0.044002,1.762072,2.013492,1.716982,39.307295
3,2.066557,5.322296,exponential_5,450,150,rosenbrock,6,0.039924,2.588293,2.205225,2.956857,38.570970
3,3.316448,2.419483,exponential_5,450,150,rosenbrock,6,0.008332,1.515401,1.951547,2.260093,44.904455
3,3.316448,3.316448,exponential_5,450,150,rosenbrock,6,0.052224,2.495703,2.311237,2.026271,42.030520
3,2.419483,0.802409,exponential_5,450,150,rosenbrock,6,1.180784,3.690205,4.140620,50.794918,36.929870
3,3.882831,2.419483,exponential_5,450,150,rosenbrock,6,0.002016,2.153312,2.016387,749.919800,31.872965
3,3.882831,1.765111,exponential_5,450,150,rosenbrock,6,0.014134,2.143117,2.094881,65.683426,32.005385
3,3.882831,4.545940,exponential_5,450,150,rosenbrock,6,0.046113,2.371333,2.336033,561.100037,31.822180
3,2.419483,2.066557,exponential_5,450,150,rosenbrock,6,0.027686,1.615932,1.868689,1.418429,37.313155
3,3.882831,3.316448,exponential_5,450,150,rosenbrock,6,0.023963,1.768998,2.047140,2.034236,34.420915
3,3.316448,8.541316,exponential_5,450,150,rosenbrock,6,0.000009,2.511968,2.364804,2.198796,42.517735
3,2.419483,3.882831,exponential_5,450,150,rosenbrock,6,0.002379,2.775707,3.620505,2.953531,38.981710
3,3.316448,4.545940,exponential_5,450,150,rosenbrock,6,0.000270,2.559509,2.579015,544.701355,47.170650
3,4.545940,0.939444,exponential_5,450,150,rosenbrock,6,0.027441,1.660532,2.328393,1.407716,30.850220
3,4.545940,0.500000,exponential_5,450,150,rosenbrock,6,0.006727,2.547923,3.491167,1.808875,32.471305
3,3.882831,8.541316,exponential_5,450,150,rosenbrock,6,0.056665,2.577403,2.356717,2.005638,34.244940
3,3.316448,6.231237,exponential_5,450,150,rosenbrock,6,0.000457,2.867970,3.804008,2.745740,46.288235
3,3.882831,0.500000,exponential_5,450,150,rosenbrock,6,0.003172,3.316322,3.634918,47.444283,44.006880
3,4.545940,1.287720,exponential_5,450,150,rosenbrock,6,0.022577,1.467001,2.275293,1.659068,32.191050
3,2.832683,0.585390,exponential_5,450,150,rosenbrock,6,0.138983,3.782844,4.463883,38.844536,39.507555
3,4.545940,2.419483,exponential_5,450,150,rosenbrock,6,0.689591,2.625368,2.334835,2.564190,31.921835
3,3.882831,0.939444,exponential_5,450,150,rosenbrock,6,0.002620,1.641674,2.166493,1.179636,44.629275
3,3.882831,6.231237,exponential_5,450,150,rosenbrock,6,0.022301,3.211445,4.408256,575.136841,39.546970
3,2.832683,1.099883,exponential_5,450,150,rosenbrock,6,0.047431,2.275433,2.908352,24.582380,37.693495
3,2.832683,0.802409,exponential_5,450,150,rosenbrock,6,0.105874,3.045228,3.894244,2.736636,39.163080
3,4.545940,0.685363,exponential_5,450,150,rosenbrock,6,0.065963,2.585650,3.181107,1.696880,36.733100
3,3.882831,1.287720,exponential_5,450,150,rosenbrock,6,0.636722,2.642940,2.586040,1.475560,46.146500
3,5.322296,0.685363,exponential_5,450,150,rosenbrock,6,0.009452,1.918259,2.372299,1.616278,30.514530
3,2.832683,1.507637,exponential_5,450,150,rosenbrock,6,0.167877,2.197049,2.570860,1.764496,34.943200
3,4.545940,1.765111,exponential_5,450,150,rosenbrock,6,0.026453,1.536880,1.903471,1.928146,40.656300
3,4.545940,3.316448,exponential_5,450,150,rosenbrock,6,0.000458,1.798466,2.132015,1.562361,38.751590
3,5.322296,2.419483,exponential_5,450,150,rosenbrock,6,0.000196,2.489395,2.216359,749.824341,30.661025
3,5.322296,0.500000,exponential_5,450,150,rosenbrock,6,0.095867,2.092231,2.776864,1.378811,34.501675
3,4.545940,4.545940,exponential_5,450,150,rosenbrock,6,1.830971,4.091244,5.419261,891.705933,40.893585
3,5.322296,6.231237,exponential_5,450,150,rosenbrock,6,0.011030,3.240064,5.417493,544.521606,32.215285
3,5.322296,0.939444,exponential_5,450,150,rosenbrock,6,0.063869,1.396512,1.973867,1.651147,39.155015
3,5.322296,1.765111,exponential_5,450,150,rosenbrock,6,0.000376,1.385715,1.831512,544.944519,36.678115
3,5.322296,8.541316,exponential_5,450,150,rosenbrock,6,0.124538,2.051270,2.173554,544.791077,32.927665
3,5.322296,1.287720,exponential_5,450,150,rosenbrock,6,0.047925,2.941962,3.624332,2.059437,37.129610
3,6.231237,0.500000,exponential_5,450,150,rosenbrock,6,0.093063,2.067924,2.587583,1.700268,33.331510
3,4.545940,6.231237,exponential_5,450,150,rosenbrock,6,0.085789,2.225112,2.241437,2.469131,43.792460
3,6.231237,1.765111,exponential_5,450,150,rosenbrock,6,0.003702,1.692477,1.776812,749.978027,31.009870
3,6.231237,1.287720,exponential_5,450,150,rosenbrock,6,0.000009,2.492548,2.279593,2.697032,31.454810
3,5.322296,3.316448,exponential_5,450,150,rosenbrock,6,0.010797,2.903248,4.270494,749.711609,38.026480
3,4.545940,8.541316,exponential_5,450,150,rosenbrock,6,0.005094,1.663129,2.165856,749.974365,44.242095
3,2.832683,2.066557,exponential_5,450,150,rosenbrock,6,0.071037,1.482654,1.987156,2.231193,42.195480
3,6.231237,3.316448,exponential_5,450,150,rosenbrock,6,0.038629,2.155269,2.236032,749.940002,32.574760
3,2.832683,2.832683,exponential_5,450,150,rosenbrock,6,0.026434,2.244387,2.378612,210.405182,41.121990
3,6.231237,0.939444,exponential_5,450,150,rosenbrock,6,0.015671,1.410930,1.808360,2.081028,38.137410
3,6.231237,2.419483,exponential_5,450,150,rosenbrock,6,1.046081,3.811449,5.417906,544.473999,35.385855
3,5.322296,4.545940,exponential_5,450,150,rosenbrock,6,0.005230,3.049234,3.752580,749.617126,42.500770
3,6.231237,4.545940,exponential_5,450,150,rosenbrock,6,0.224055,2.695315,2.633270,892.457031,36.224565
3,6.231237,0.685363,exponential_5,450,150,rosenbrock,6,0.006393,1.640027,2.005265,2.582694,42.004355
3,7.295407,0.685363,exponential_5,450,150,rosenbrock,6,0.025994,1.514077,2.035765,1.615917,29.935410
3,6.231237,6.231237,exponential_5,450,150,rosenbrock,6,0.077562,2.398906,2.292704,2.077132,38.276845
3,7.295407,0.939444,exponential_5,450,150,rosenbrock,6,0.045134,1.808148,2.006844,2.402215,33.162145
3,7.295407,0.500000,exponential_5,450,150,rosenbrock,6,0.004107,2.070314,2.543012,11.120179,36.539880
3,6.231237,8.541316,exponential_5,450,150,rosenbrock,6,0.379760,3.060660,3.721959,1.891775,39.181095
3,7.295407,2.419483,exponential_5,450,150,rosenbrock,6,0.032849,2.451029,2.316368,888.467712,32.779310
3,2.832683,3.882831,exponential_5,450,150,rosenbrock,6,0.018061,2.337592,2.252305,544.006409,46.018705
3,7.295407,1.765111,exponential_5,450,150,rosenbrock,6,0.000050,2.736487,2.429954,544.668396,34.086505
3,7.295407,3.316448,exponential_5,450,150,rosenbrock,6,0.008026,2.380954,2.319196,544.677063,33.924360
3,2.832683,5.322296,exponential_5,450,150,rosenbrock,6,0.041083,1.590980,1.917297,1.778310,43.388960
3,8.541316,0.685363,exponential_5,450,150,rosenbrock,6,0.045662,1.677177,1.872647,216.110977,31.390215
3,8.541316,0.500000,exponential_5,450,150,rosenbrock,6,0.194244,2.225713,2.482075,1.421844,31.683320
3,2.832683,7.295407,exponential_5,450,150,rosenbrock,6,0.245707,3.757061,5.418693,758.347900,43.214485
3,7.295407,1.287720,exponential_5,450,150,rosenbrock,6,0.001050,2.204462,2.012920,544.758362,39.460225
3,3.316448,0.585390,exponential_5,450,150,rosenbrock,6,0.083622,2.470458,3.556029,25.810053,41.755485
3,8.541316,0.939444,exponential_5,450,150,rosenbrock,6,0.106225,2.086635,2.089995,20.697245,32.277665
3,3.882831,0.802409,exponential_5,450,150,rosenbrock,6,0.010827,2.537140,3.073013,65.661919,30.581155
3,7.295407,8.541316,exponential_5,450,150,rosenbrock,6,0.481211,2.659827,2.227590,544.628662,34.432275
3,2.832683,10.000000,exponential_5,450,150,rosenbrock,6,0.648523,2.738303,2.376441,184.208939,45.038740
3,7.295407,4.545940,exponential_5,450,150,rosenbrock,6,0.029053,2.591175,2.572691,544.688660,36.999580
3,7.295407,6.231237,exponential_5,450,150,rosenbrock,6,0.030111,2.167712,2.072882,2.816813,39.388500
3,3.316448,0.802409,exponential_5,450,150,rosenbrock,6,0.825640,3.329924,4.244151,66.069588,45.521780
3,3.882831,2.832683,exponential_5,450,150,rosenbrock,6,0.007606,2.035704,1.908864,2.519468,31.153760
3,3.882831,5.322296,exponential_5,450,150,rosenbrock,6,0.001159,1.998312,2.113559,544.795288,32.236390
3,3.882831,3.882831,exponential_5,450,150,rosenbrock,6,0.000033,2.306692,2.245382,544.693054,31.451910
3,3.882831,2.066557,exponential_5,450,150,rosenbrock,6,0.230033,2.076329,1.937419,2.041584,33.512140
3,8.541316,1.765111,exponential_5,450,150,rosenbrock,6,0.313138,2.847910,2.889582,544.604431,37.550165
3,8.541316,1.287720,exponential_5,450,150,rosenbrock,6,0.026153,1.561141,1.861098,1.782058,39.339135
3,4.545940,1.099883,exponential_5,450,150,rosenbrock,6,0.173294,1.764121,2.262234,1.417828,30.363715
3,3.316448,1.099883,exponential_5,450,150,rosenbrock,6,0.113927,1.948554,2.438745,1.979196,46.800040
3,4.545940,0.585390,exponential_5,450,150,rosenbrock,6,0.086270,2.128156,2.816157,19.712044,30.298300
3,3.316448,1.507637,exponential_5,450,150,rosenbrock,6,0.101595,1.664674,2.059498,1.500570,44.510005
3,4.545940,1.507637,exponential_5,450,150,rosenbrock,6,0.015208,1.997038,2.224934,65.699997,28.794500
3,3.882831,10.000000,exponential_5,450,150,rosenbrock,6,0.012287,2.744288,2.521467,2.373585,32.424965
3,8.541316,2.419483,exponential_5,450,150,rosenbrock,6,0.022359,2.399220,2.298632,544.718628,39.388900
3,3.316448,2.066557,exponential_5,450,150,rosenbrock,6,0.466657,2.705290,2.437917,2.250254,46.095190
3,8.541316,3.316448,exponential_5,450,150,rosenbrock,6,0.123558,2.438820,2.265532,544.725342,38.813115
3,4.545940,2.832683,exponential_5,450,150,rosenbrock,6,0.203995,2.818066,3.203480,544.548706,29.884030
3,3.316448,2.832683,exponential_5,450,150,rosenbrock,6,0.063031,2.811466,2.493450,2.386575,43.643985
3,8.541316,4.545940,exponential_5,450,150,rosenbrock,6,0.046997,1.995925,1.877800,749.894470,39.412005
3,3.316448,3.882831,exponential_5,450,150,rosenbrock,6,0.130905,1.897645,2.176512,544.818054,45.912815
3,3.316448,10.000000,exponential_5,450,150,rosenbrock,6,0.078858,3.262842,5.418707,892.175781,43.983280
3,5.322296,0.802409,exponential_5,450,150,rosenbrock,6,0.000146,1.417692,1.989827,2.238705,30.332550
3,8.541316,6.231237,exponential_5,450,150,rosenbrock,6,0.016179,2.332339,2.075378,749.872070,38.493115
3,3.316448,5.322296,exponential_5,450,150,rosenbrock,6,0.005561,2.586516,2.237183,1.969379,44.446865
3,10.000000,0.685363,exponential_5,450,150,rosenbrock,6,0.000407,1.496685,2.057336,1.846103,31.527595
3,3.316448,7.295407,exponential_5,450,150,rosenbrock,6,0.085011,2.318596,2.159123,749.876099,43.002800
3,5.322296,2.832683,exponential_5,450,150,rosenbrock,6,0.000032,2.310980,2.177827,3.184692,31.370275
3,5.322296,0.585390,exponential_5,450,150,rosenbrock,6,0.394994,2.864751,3.087074,34.650593,31.657960
3,8.541316,8.541316,exponential_5,450,150,rosenbrock,6,0.020061,3.964709,5.418633,999.314087,38.889000
3,3.882831,0.585390,exponential_5,450,150,rosenbrock,6,0.005117,2.119546,3.014191,1.791917,44.854415
3,5.322296,2.066557,exponential_5,450,150,rosenbrock,6,0.038960,1.958860,2.312262,544.822693,30.682900
3,4.545940,0.802409,exponential_5,450,150,rosenbrock,6,0.009323,1.846388,2.468705,2.487215,38.665075
3,5.322296,7.295407,exponential_5,450,150,rosenbrock,6,0.003077,2.332481,2.630600,575.366028,31.933055
3,5.322296,10.000000,exponential_5,450,150,rosenbrock,6,0.267346,3.519102,5.389857,573.220154,30.635815
3,6.231237,0.585390,exponential_5,450,150,rosenbrock,6,0.235192,1.868521,2.405335,2.052314,30.128090
3,10.000000,0.500000,exponential_5,450,150,rosenbrock,6,0.071380,1.808959,2.108785,1.405175,41.005040
3,3.882831,1.099883,exponential_5,450,150,rosenbrock,6,0.000127,1.916830,2.454099,1.792929,44.334895
3,6.231237,2.066557,exponential_5,450,150,rosenbrock,6,0.489302,2.554636,2.279680,61.954277,31.299790
3,6.231237,1.507637,exponential_5,450,150,rosenbrock,6,0.017108,1.997457,2.028258,544.796326,30.506225
3,3.882831,7.295407,exponential_5,450,150,rosenbrock,6,0.056500,3.142963,4.024982,544.441711,45.873560
3,3.882831,1.507637,exponential_5,450,150,rosenbrock,6,0.038292,1.723915,2.063315,1.266794,44.159960
3,4.545940,3.882831,exponential_5,450,150,rosenbrock,6,0.060183,2.361887,2.292247,544.647583,42.136905
3,4.545940,5.322296,exponential_5,450,150,rosenbrock,6,0.102314,2.607927,2.075516,1.980465,40.862970
3,4.545940,2.066557,exponential_5,450,150,rosenbrock,6,0.007289,2.354244,2.268350,2.521792,43.654730
3,7.295407,0.802409,exponential_5,450,150,rosenbrock,6,0.105180,1.655267,2.180426,23.394693,27.103580
3,6.231237,3.882831,exponential_5,450,150,rosenbrock,6,0.027863,2.619760,2.276597,2.356879,31.838095
3,6.231237,2.832683,exponential_5,450,150,rosenbrock,6,0.106363,2.466971,2.282014,1.846234,30.356820
3,7.295407,2.832683,exponential_5,450,150,rosenbrock,6,0.209299,2.486549,2.328760,544.665710,27.360710
3,4.545940,7.295407,exponential_5,450,150,rosenbrock,6,0.001063,2.333560,2.084480,544.616211,40.639710
3,7.295407,0.585390,exponential_5,450,150,rosenbrock,6,0.010984,2.356241,2.476709,2.630671,28.520665
3,7.295407,2.066557,exponential_5,450,150,rosenbrock,6,0.000054,1.669389,2.268406,210.515488,26.983510
3,7.295407,1.099883,exponential_5,450,150,rosenbrock,6,0.029006,2.241339,2.159722,544.703491,29.570685
3,5.322296,1.507637,exponential_5,450,150,rosenbrock,6,0.013011,1.444454,1.862925,1.350794,43.191050
3,7.295407,3.882831,exponential_5,450,150,rosenbrock,6,0.780227,2.101610,2.193340,544.731201,27.272930
3,4.545940,10.000000,exponential_5,450,150,rosenbrock,6,0.627502,4.492213,5.417936,897.149048,38.369525
3,5.322296,1.099883,exponential_5,450,150,rosenbrock,6,0.102294,1.643908,2.200925,1.243729,44.880070
3,8.541316,0.585390,exponential_5,450,150,rosenbrock,6,0.091241,1.412539,2.025954,1.682889,25.478955
3,10.000000,6.231237,exponential_5,450,150,rosenbrock,6,0.207180,2.905650,2.994832,749.718689,21.031285
3,10.000000,0.939444,exponential_5,450,150,rosenbrock,6,0.175215,2.640306,2.284961,1.899796,38.217070
3,6.231237,0.802409,exponential_5,450,150,rosenbrock,6,0.053534,1.522102,1.968732,1.553095,33.080375
3,8.541316,0.802409,exponential_5,450,150,rosenbrock,6,0.177449,1.405374,1.877581,1.574130,27.006070
3,7.295407,10.000000,exponential_5,450,150,rosenbrock,6,0.188441,2.545600,2.247096,1.614837,21.564750
3,10.000000,1.287720,exponential_5,450,150,rosenbrock,6,0.043937,3.215440,5.393148,544.512756,37.647910
3,8.541316,1.099883,exponential_5,450,150,rosenbrock,6,0.017752,2.805705,3.328063,544.589050,23.285255
3,5.322296,3.882831,exponential_5,450,150,rosenbrock,6,0.071458,2.228139,2.249819,544.755310,43.006480
3,10.000000,1.765111,exponential_5,450,150,rosenbrock,6,0.042119,2.935392,4.141549,2.480867,32.205070
3,10.000000,2.419483,exponential_5,450,150,rosenbrock,6,0.000306,2.354157,2.271320,544.745544,30.779740
3,10.000000,0.802409,exponential_5,450,150,rosenbrock,6,0.000527,1.973862,2.215900,204.791885,15.441460
3,10.000000,3.316448,exponential_5,450,150,rosenbrock,6,0.347354,3.172970,5.416539,749.641846,28.877140
3,10.000000,8.541316,exponential_5,450,150,rosenbrock,6,0.036202,2.645991,2.407786,544.691284,24.474385
3,10.000000,4.545940,exponential_5,450,150,rosenbrock,6,0.001653,3.012915,5.408511,544.652039,27.474875
3,6.231237,7.295407,exponential_5,450,150,rosenbrock,6,0.005870,2.304674,2.341025,544.744202,38.558495
3,7.295407,1.507637,exponential_5,450,150,rosenbrock,6,0.012300,3.887930,5.386737,65.410439,30.721410
3,7.295407,7.295407,exponential_5,450,150,rosenbrock,6,0.292409,2.289416,2.164167,26.814348,25.484140
3,6.231237,5.322296,exponential_5,450,150,rosenbrock,6,0.284056,3.045513,4.561498,892.280762,42.153225
3,6.231237,1.099883,exponential_5,450,150,rosenbrock,6,0.066364,1.688668,2.315813,1.461421,44.026000
3,5.322296,5.322296,exponential_5,450,150,rosenbrock,6,0.092411,2.042704,2.063429,749.800964,43.212425
3,6.231237,10.000000,exponential_5,450,150,rosenbrock,6,0.056493,2.476942,2.198318,575.342590,40.030750
3,8.541316,1.507637,exponential_5,450,150,rosenbrock,6,0.022901,1.374779,2.002641,544.966370,25.550880
3,10.000000,7.295407,exponential_5,450,150,rosenbrock,6,0.093169,2.436032,2.308275,544.717651,10.980070
3,8.541316,3.882831,exponential_5,450,150,rosenbrock,6,0.394010,2.062472,2.234887,544.782593,24.904105
3,8.541316,10.000000,exponential_5,450,150,rosenbrock,6,0.126903,2.138308,1.944650,544.771484,23.277065
3,8.541316,2.066557,exponential_5,450,150,rosenbrock,6,0.149992,2.608969,2.509426,215.898346,29.019355
3,10.000000,1.099883,exponential_5,450,150,rosenbrock,6,0.001896,1.645456,1.743225,544.812988,12.947160
3,7.295407,5.322296,exponential_5,450,150,rosenbrock,6,0.192251,2.940446,2.634156,65.412331,32.109990
3,8.541316,5.322296,exponential_5,450,150,rosenbrock,6,0.636693,3.193997,3.900434,892.286804,27.218020
3,8.541316,7.295407,exponential_5,450,150,rosenbrock,6,0.555553,3.128584,4.097307,2.264071,26.540720
3,8.541316,2.832683,exponential_5,450,150,rosenbrock,6,0.383432,2.795295,2.313555,544.600464,28.958680
3,10.000000,0.585390,exponential_5,450,150,rosenbrock,6,0.060456,1.503421,2.035135,1.762605,25.354685
3,10.000000,2.832683,exponential_5,450,150,rosenbrock,6,0.019958,472.222412,5.419438,1191.694580,12.448365
3,10.000000,1.507637,exponential_5,450,150,rosenbrock,6,0.080496,2.186829,2.118492,1.631475,14.963135
3,10.000000,10.000000,exponential_5,450,150,rosenbrock,6,0.002939,2.569170,2.472773,749.826294,12.432740
3,10.000000,2.066557,exponential_5,450,150,rosenbrock,6,0.012994,2.704510,2.332507,544.614258,14.378755
3,10.000000,3.882831,exponential_5,450,150,rosenbrock,6,0.115773,2.806482,2.315520,2.984085,13.858465
3,10.000000,5.322296,exponential_5,450,150,rosenbrock,6,0.054751,3.295560,5.406860,544.510681,13.154700
3,0.500000,0.500000,linear,900,300,rosenbrock,9,684.529541,3427.128174,3655.132812,4098.399902,255.081830
3,0.939444,0.939444,linear,900,300,rosenbrock,9,7.819918,102.295868,101.158127,114.483208,256.393845
3,1.099883,0.685363,linear,900,300,rosenbrock,9,80.133995,279.492584,335.528198,335.967865,259.686100
3,1.765111,7.295407,linear,900,300,rosenbrock,9,0.000642,3.435434,4.118158,892.562500,262.643725
3,0.939444,0.585390,linear,900,300,rosenbrock,9,42.083771,355.703979,424.434814,413.850037,263.911600
3,1.099883,1.765111,linear,900,300,rosenbrock,9,1.690169,5.105292,5.618063,43.312881,263.569420
3,0.802409,5.322296,linear,900,300,rosenbrock,9,0.021585,1.436261,1.876149,1.062174,266.339350
3,0.585390,0.939444,linear,900,300,rosenbrock,9,114.074234,451.445343,467.795288,450.357727,270.670970
3,1.099883,4.545940,linear,900,300,rosenbrock,9,0.030804,1.104680,1.692804,1.508373,267.935540
3,1.099883,2.832683,linear,900,300,rosenbrock,9,0.216499,1.948738,2.540706,210.473495,272.658620
3,1.287720,0.500000,linear,900,300,rosenbrock,9,23.091652,363.626068,282.946686,604.101624,273.502450
3,0.685363,1.765111,linear,900,300,rosenbrock,9,9.204098,48.278839,74.240562,40.874561,279.961280
3,0.939444,1.507637,linear,900,300,rosenbrock,9,1.150206,9.592887,10.101520,48.178616,281.113615
3,0.585390,0.585390,linear,900,300,rosenbrock,9,181.808228,1340.561035,1644.493408,1093.776611,284.283945
3,1.287720,2.066557,linear,900,300,rosenbrock,9,0.010456,3.517101,4.211215,2.060025,280.195535
3,0.939444,3.882831,linear,900,300,rosenbrock,9,0.007819,2.045458,2.588285,1.452267,284.793640
3,1.287720,0.802409,linear,900,300,rosenbrock,9,6.571004,47.014423,43.988998,97.741142,282.858205
3,1.507637,1.507637,linear,900,300,rosenbrock,9,0.008660,4.005077,4.879492,2.018257,277.165445
3,1.287720,1.287720,linear,900,300,rosenbrock,9,0.786460,37.508846,46.746605,57.749729,285.305300
3,1.765111,0.685363,linear,900,300,rosenbrock,9,2.465813,43.854546,63.657753,154.292068,278.071045
3,1.765111,1.765111,linear,900,300,rosenbrock,9,0.003462,2.607848,3.136030,1.444407,277.222930
3,1.507637,6.231237,linear,900,300,rosenbrock,9,0.021779,2.337845,2.807561,1.117864,280.098620
3,1.765111,4.545940,linear,900,300,rosenbrock,9,0.044753,1.805674,2.197213,0.880111,277.336480
3,1.507637,2.419483,linear,900,300,rosenbrock,9,0.059802,1.394901,1.774620,2.141316,282.322730
3,1.507637,10.000000,linear,900,300,rosenbrock,9,0.118052,4.046356,5.147856,892.435120,281.131435
3,0.585390,2.419483,linear,900,300,rosenbrock,9,2.020794,15.705607,9.117462,30.860342,295.396615
3,0.685363,2.832683,linear,900,300,rosenbrock,9,0.599035,4.161716,5.679054,17.138000,296.338350
3,0.585390,3.882831,linear,900,300,rosenbrock,9,0.067826,3.621332,4.766991,21.836594,298.259530
3,2.066557,1.287720,linear,900,300,rosenbrock,9,0.005728,4.200955,4.947547,1.921052,276.909480
3,0.802409,0.500000,linear,900,300,rosenbrock,9,658.741089,2135.543457,2465.384766,1556.929321,302.244660
3,0.685363,7.295407,linear,900,300,rosenbrock,9,0.002015,1.027140,1.347475,1.439858,302.542270
3,0.685363,0.685363,linear,900,300,rosenbrock,9,223.596588,876.980469,1023.240540,1807.723511,307.092840
3,0.802409,1.287720,linear,900,300,rosenbrock,9,13.347961,172.842285,177.413742,271.265259,307.262685
3,2.419483,0.939444,linear,900,300,rosenbrock,9,0.017661,3.928890,4.951377,2.037567,275.757605
3,0.500000,1.287720,linear,900,300,rosenbrock,9,18.003252,227.654694,203.645859,422.548950,308.821255
3,0.685363,4.545940,linear,900,300,rosenbrock,9,0.105387,2.291909,3.151414,65.728531,308.806650
3,0.585390,1.507637,linear,900,300,rosenbrock,9,12.144538,113.712372,130.103363,140.195663,310.550030
3,0.802409,0.802409,linear,900,300,rosenbrock,9,41.919853,410.818115,437.199890,600.331421,310.873515
3,0.802409,8.541316,linear,900,300,rosenbrock,9,0.012571,1.404246,1.760145,1.182594,311.128065
3,2.832683,1.099883,linear,900,300,rosenbrock,9,0.052587,2.527817,3.179493,1.708753,273.023270
3,1.099883,1.099883,linear,900,300,rosenbrock,9,6.334596,33.856979,30.566736,137.400360,309.924595
3,0.500000,0.802409,linear,900,300,rosenbrock,9,234.882492,1072.328491,1089.853760,1593.971680,313.932870
3,0.802409,2.066557,linear,900,300,rosenbrock,9,0.911494,29.793537,9.496382,64.415184,313.637525
3,0.802409,3.316448,linear,900,300,rosenbrock,9,0.000047,2.618274,3.913725,2.322136,313.800190
3,2.419483,1.507637,linear,900,300,rosenbrock,9,0.079612,1.738426,1.976847,1.613854,280.822565
3,0.585390,10.000000,linear,900,300,rosenbrock,9,0.011625,1.145988,1.510405,0.653219,314.337700
3,0.685363,1.099883,linear,900,300,rosenbrock,9,36.038994,211.080734,193.563141,328.156403,315.894710
3,2.419483,3.882831,linear,900,300,rosenbrock,9,0.107130,2.531264,2.817782,1.262109,279.555715
3,0.939444,6.231237,linear,900,300,rosenbrock,9,0.036635,1.478022,1.638588,0.959655,314.332470
3,2.066557,8.541316,linear,900,300,rosenbrock,9,0.004070,4.506135,5.418988,749.698914,287.643480
3,0.500000,5.322296,linear,900,300,rosenbrock,9,0.086976,3.402509,4.087484,19.867971,317.090125
3,1.287720,8.541316,linear,900,300,rosenbrock,9,0.001082,2.831712,3.457610,1.589722,309.778835
3,0.500000,8.541316,linear,900,300,rosenbrock,9,0.001110,0.979600,1.465046,1.209893,318.399935
3,2.832683,1.765111,linear,900,300,rosenbrock,9,0.002918,0.755142,1.072122,0.667651,282.554665
3,0.939444,10.000000,linear,900,300,rosenbrock,9,0.000546,2.544027,2.883361,544.712463,321.787715
3,0.585390,6.231237,linear,900,300,rosenbrock,9,0.001492,1.231804,2.001531,1.457399,323.108260
3,1.765111,1.099883,linear,900,300,rosenbrock,9,0.068348,8.588251,5.783049,39.787018,308.177165
3,1.287720,5.322296,linear,900,300,rosenbrock,9,0.015817,1.547610,2.124743,1.369470,316.207480
3,2.419483,10.000000,linear,900,300,rosenbrock,9,0.447580,4.739842,5.421138,575.027283,285.135900
3,2.832683,0.685363,linear,900,300,rosenbrock,9,0.015446,4.705455,5.773350,15.814800,285.588150
3,0.500000,2.066557,linear,900,300,rosenbrock,9,6.167751,69.681862,80.267136,184.654770,323.898295
3,1.099883,7.295407,linear,900,300,rosenbrock,9,0.029191,1.807339,2.351125,750.075500,325.232755
3,0.939444,2.419483,linear,900,300,rosenbrock,9,0.000292,4.340438,4.879241,27.341772,328.785980
3,2.832683,4.545940,linear,900,300,rosenbrock,9,0.666630,3.359085,3.793104,749.836853,287.593690
3,1.287720,3.316448,linear,900,300,rosenbrock,9,0.002888,0.888987,1.306912,0.832165,334.892305
3,1.507637,0.585390,linear,900,300,rosenbrock,9,14.628838,132.833893,127.086227,221.816864,331.943770
3,1.507637,0.939444,linear,900,300,rosenbrock,9,0.160536,13.552315,8.400993,227.016418,331.266340
3,1.507637,3.882831,linear,900,300,rosenbrock,9,0.073570,1.194754,1.705461,1.193507,330.117795
3,1.765111,2.832683,linear,900,300,rosenbrock,9,0.064654,1.122149,1.563029,1.425822,334.654750
3,0.500000,3.316448,linear,900,300,rosenbrock,9,0.111065,9.840164,7.991967,47.598354,335.814780
3,2.066557,0.500000,linear,900,300,rosenbrock,9,8.096319,98.203232,129.806747,141.795395,338.760740
3,2.066557,5.322296,linear,900,300,rosenbrock,9,0.332406,2.822361,3.332511,1.142619,331.234070
3,2.066557,2.066557,linear,900,300,rosenbrock,9,0.021374,0.953853,1.384178,1.205559,337.655235
3,2.066557,0.802409,linear,900,300,rosenbrock,9,1.424919,6.427577,6.807687,48.349480,341.207560
3,2.419483,0.585390,linear,900,300,rosenbrock,9,0.107188,14.913652,9.139328,46.889366,332.637230
3,2.066557,3.316448,linear,900,300,rosenbrock,9,0.024985,1.275943,1.642708,0.671703,341.173800
3,2.419483,2.419483,linear,900,300,rosenbrock,9,0.058139,0.950393,1.181233,0.673221,336.275390
3,2.419483,6.231237,linear,900,300,rosenbrock,9,0.013109,4.371029,5.361356,544.676941,333.777770
3,2.832683,2.832683,linear,900,300,rosenbrock,9,0.051010,1.959577,2.177901,544.877380,338.374735
3,1.099883,0.802409,linear,900,300,rosenbrock,9,5.681952,120.489426,116.367661,286.032684,268.806145
3,0.500000,0.585390,linear,900,300,rosenbrock,9,574.058105,2409.188232,2348.235352,2644.842773,276.853505
3,0.939444,1.099883,linear,900,300,rosenbrock,9,3.643130,73.706284,62.317467,202.193237,276.754405
3,1.099883,2.066557,linear,900,300,rosenbrock,9,0.430700,4.715850,5.156392,66.279892,270.331045
3,0.939444,0.685363,linear,900,300,rosenbrock,9,82.216354,310.878265,348.962830,435.147125,276.679215
3,0.802409,6.231237,linear,900,300,rosenbrock,9,0.006186,1.045862,1.412993,1.142416,278.361225
3,1.765111,8.541316,linear,900,300,rosenbrock,9,0.231820,3.952281,4.640297,749.782593,281.911155
3,1.099883,3.316448,linear,900,300,rosenbrock,9,0.015232,1.623535,2.210856,0.902077,273.868685
3,0.939444,1.765111,linear,900,300,rosenbrock,9,0.162576,4.244046,5.398987,29.327932,269.596510
3,0.685363,2.066557,linear,900,300,rosenbrock,9,2.479754,20.197323,14.092488,44.622955,277.760740
3,1.099883,5.322296,linear,900,300,rosenbrock,9,0.060313,0.989896,1.423237,1.212725,284.388860
3,1.287720,0.585390,linear,900,300,rosenbrock,9,25.002216,171.608353,194.717941,158.464752,278.887440
3,1.287720,2.419483,linear,900,300,rosenbrock,9,0.003726,2.019995,3.122580,1.715322,275.563435
3,1.507637,7.295407,linear,900,300,rosenbrock,9,0.231105,2.607759,3.236971,1.454717,269.728285
3,1.507637,1.765111,linear,900,300,rosenbrock,9,0.177139,3.304038,3.939180,14.516268,276.809505
3,0.939444,4.545940,linear,900,300,rosenbrock,9,0.028900,1.069382,1.479025,0.787421,280.295510
3,1.765111,0.500000,linear,900,300,rosenbrock,9,3.126023,154.357971,158.671478,300.772705,272.550735
3,1.765111,5.322296,linear,900,300,rosenbrock,9,0.136443,1.845172,2.398726,1.092216,275.936275
3,1.287720,1.507637,linear,900,300,rosenbrock,9,0.023596,8.329046,5.779328,33.731323,282.655720
3,1.765111,2.066557,linear,900,300,rosenbrock,9,0.001908,1.195747,1.991738,1.400046,279.027690
3,1.287720,0.939444,linear,900,300,rosenbrock,9,5.816772,31.786776,29.723360,148.153458,288.193905
3,2.066557,1.507637,linear,900,300,rosenbrock,9,0.004379,3.205441,3.789897,215.881241,274.356950
3,1.507637,2.832683,linear,900,300,rosenbrock,9,0.005524,0.874974,1.145056,1.559972,283.954835
3,1.765111,0.802409,linear,900,300,rosenbrock,9,6.630987,28.066885,15.822062,55.284107,287.068855
3,2.419483,1.099883,linear,900,300,rosenbrock,9,0.039380,2.271617,3.405046,17.877342,271.824175
3,0.585390,1.099883,linear,900,300,rosenbrock,9,15.690292,443.214264,459.950195,498.444031,320.368905
3,2.832683,1.287720,linear,900,300,rosenbrock,9,0.067073,1.936132,2.216455,1.291421,279.115225
3,2.419483,1.765111,linear,900,300,rosenbrock,9,0.005989,1.512687,1.996778,1.228773,273.279180
3,0.585390,0.685363,linear,900,300,rosenbrock,9,244.797577,1125.277954,1557.076416,1373.358765,320.349255
3,2.419483,4.545940,linear,900,300,rosenbrock,9,0.003216,3.068228,3.195684,999.883728,282.496500
3,2.066557,10.000000,linear,900,300,rosenbrock,9,1.676562,161.135986,5.421160,1082.066772,279.195040
3,0.585390,2.832683,linear,900,300,rosenbrock,9,0.741315,18.020121,11.585772,33.999207,318.004435
3,0.685363,3.316448,linear,900,300,rosenbrock,9,0.256722,4.563987,5.123771,66.773140,320.368570
3,0.585390,4.545940,linear,900,300,rosenbrock,9,0.074469,3.181043,4.189453,18.317854,322.618305
3,0.802409,0.585390,linear,900,300,rosenbrock,9,334.364868,1141.476318,1128.005127,1133.094360,320.894265
3,2.832683,2.066557,linear,900,300,rosenbrock,9,0.006884,1.286362,1.575773,545.031860,284.984420
3,0.500000,1.507637,linear,900,300,rosenbrock,9,46.397884,165.373199,174.509933,236.416687,316.762600
3,2.832683,0.802409,linear,900,300,rosenbrock,9,0.609913,3.964152,4.661471,25.949554,279.360480
3,0.685363,8.541316,linear,900,300,rosenbrock,9,0.024885,0.916093,1.166103,1.496397,325.028740
3,0.685363,5.322296,linear,900,300,rosenbrock,9,0.004756,1.602985,2.188318,1.237037,319.181055
3,0.585390,1.765111,linear,900,300,rosenbrock,9,10.908879,60.292671,78.220688,141.343246,321.300920
3,0.685363,0.802409,linear,900,300,rosenbrock,9,137.644455,587.163574,604.922058,782.544373,328.928480
3,0.802409,0.939444,linear,900,300,rosenbrock,9,31.705061,184.860077,202.995560,270.331146,319.681960
3,2.832683,0.500000,linear,900,300,rosenbrock,9,0.441548,27.171345,21.406366,57.583538,291.322635
3,2.832683,5.322296,linear,900,300,rosenbrock,9,0.342134,3.581488,4.117841,999.826050,284.048710
3,0.685363,1.287720,linear,900,300,rosenbrock,9,30.267761,175.979065,216.972015,225.927185,312.997760
3,0.802409,10.000000,linear,900,300,rosenbrock,9,0.005350,1.440164,2.110911,0.990832,325.544440
3,0.802409,1.507637,linear,900,300,rosenbrock,9,6.899465,50.792236,71.159340,274.881165,335.797805
3,0.802409,3.882831,linear,900,300,rosenbrock,9,0.114334,2.904031,3.352681,19.967470,327.569270
3,0.500000,0.939444,linear,900,300,rosenbrock,9,210.407288,1168.635742,1283.302490,1501.260620,330.976615
3,1.099883,1.287720,linear,900,300,rosenbrock,9,0.546963,17.173456,8.869715,70.097809,334.467445
3,0.802409,2.419483,linear,900,300,rosenbrock,9,0.007716,3.595080,4.999873,22.321344,331.625450
3,0.685363,0.500000,linear,900,300,rosenbrock,9,549.619751,2115.099854,2858.096680,1852.751587,330.973925
3,1.287720,10.000000,linear,900,300,rosenbrock,9,0.736263,3.881474,4.240074,749.737061,325.474985
3,0.939444,7.295407,linear,900,300,rosenbrock,9,0.000022,1.667216,2.113165,0.752005,334.130690
3,0.500000,6.231237,linear,900,300,rosenbrock,9,0.355759,2.987527,3.289431,1.398978,331.982590
3,0.500000,10.000000,linear,900,300,rosenbrock,9,0.001075,0.861358,1.310204,545.113647,328.469240
3,1.099883,0.500000,linear,900,300,rosenbrock,9,109.909454,552.914368,603.663818,942.610352,330.871155
3,1.287720,6.231237,linear,900,300,rosenbrock,9,0.025405,1.497618,2.047664,0.939150,328.086815
3,1.765111,1.287720,linear,900,300,rosenbrock,9,0.297724,4.512700,5.077514,2.169106,336.352520
3,0.585390,7.295407,linear,900,300,rosenbrock,9,0.020390,1.072720,1.362727,1.158953,343.526285
3,0.500000,2.419483,linear,900,300,rosenbrock,9,3.929418,39.362423,46.435921,56.968723,351.145810
3,1.507637,0.685363,linear,900,300,rosenbrock,9,4.969971,37.822952,33.817856,59.385872,341.964790
3,1.287720,3.882831,linear,900,300,rosenbrock,9,0.053040,1.277370,1.624253,1.184667,345.385880
3,1.507637,1.099883,linear,900,300,rosenbrock,9,0.371145,11.052475,6.402308,53.810158,345.640040
3,0.939444,2.832683,linear,900,300,rosenbrock,9,0.029388,2.822417,4.503424,38.744610,355.315315
3,1.099883,8.541316,linear,900,300,rosenbrock,9,0.015887,1.853566,2.441223,544.887390,364.855820
3,0.500000,3.882831,linear,900,300,rosenbrock,9,1.486758,9.483643,7.598897,32.875664,354.337495
3,1.507637,4.545940,linear,900,300,rosenbrock,9,0.219168,1.678474,1.989468,1.000875,359.168765
3,1.765111,3.316448,linear,900,300,rosenbrock,9,0.031938,1.205358,1.524827,1.110994,359.498645
3,2.419483,0.685363,linear,900,300,rosenbrock,9,0.160700,20.975330,8.897779,70.140991,346.291010
3,2.066557,0.585390,linear,900,300,rosenbrock,9,11.418197,98.987343,125.092804,207.306351,355.803595
3,2.066557,6.231237,linear,900,300,rosenbrock,9,0.121166,3.698136,4.182981,544.638000,357.166875
3,2.066557,2.419483,linear,900,300,rosenbrock,9,0.006156,1.464206,1.701953,0.700843,356.604020
3,2.066557,3.882831,linear,900,300,rosenbrock,9,0.659268,2.158402,2.355692,544.852173,351.987125
3,2.419483,2.832683,linear,900,300,rosenbrock,9,0.000534,1.196351,1.619974,1.180442,358.339920
3,2.066557,0.939444,linear,900,300,rosenbrock,9,1.980792,9.851391,6.309741,43.325008,369.265255
3,2.832683,3.316448,linear,900,300,rosenbrock,9,0.212366,2.355388,2.820037,1.080835,364.713175
3,2.419483,7.295407,linear,900,300,rosenbrock,9,0.496284,4.173158,4.994343,749.793762,370.070310
3,0.500000,0.685363,linear,900,300,rosenbrock,9,222.225647,2436.939453,2879.962646,2149.567139,275.575405
3,0.939444,1.287720,linear,900,300,rosenbrock,9,4.609626,26.535912,15.426523,87.927376,281.655900
3,1.099883,0.939444,linear,900,300,rosenbrock,9,8.332647,86.447021,99.310951,234.546310,288.633540
3,1.099883,2.419483,linear,900,300,rosenbrock,9,0.325766,3.186913,3.905467,16.292511,286.311245
3,0.802409,7.295407,linear,900,300,rosenbrock,9,0.021239,1.149578,1.510337,0.736499,282.393425
3,0.939444,0.802409,linear,900,300,rosenbrock,9,3.132245,185.788757,209.267532,159.521011,289.330390
3,1.099883,3.882831,linear,900,300,rosenbrock,9,0.001894,1.466495,2.095342,1.589407,282.804775
3,1.765111,10.000000,linear,900,300,rosenbrock,9,0.426792,4.133894,5.044869,544.845215,284.367120
3,0.939444,2.066557,linear,900,300,rosenbrock,9,0.245735,4.252173,5.121929,216.091293,282.379850
3,0.685363,2.419483,linear,900,300,rosenbrock,9,1.242419,12.173151,7.957540,65.912361,286.622405
3,1.507637,8.541316,linear,900,300,rosenbrock,9,0.067820,3.401844,3.892291,575.159058,285.558950
3,1.287720,0.685363,linear,900,300,rosenbrock,9,21.195095,194.698135,263.679718,209.392548,292.770805
3,1.287720,2.832683,linear,900,300,rosenbrock,9,0.053793,1.686630,2.166889,1.339815,286.438700
3,0.939444,5.322296,linear,900,300,rosenbrock,9,0.005270,0.923722,1.438639,1.163712,285.182675
3,1.287720,1.765111,linear,900,300,rosenbrock,9,0.068754,4.121733,4.984554,17.661934,281.761735
3,1.507637,2.066557,linear,900,300,rosenbrock,9,1.119317,3.331602,3.358505,9.862774,291.793850
3,1.099883,6.231237,linear,900,300,rosenbrock,9,0.000539,1.066985,1.499360,1.235263,300.641320
3,1.765111,0.585390,linear,900,300,rosenbrock,9,13.455789,67.059486,83.187943,177.496002,290.728735
3,1.765111,6.231237,linear,900,300,rosenbrock,9,0.208554,2.474122,3.197378,544.795227,288.991555
3,1.507637,3.316448,linear,900,300,rosenbrock,9,0.002203,0.787375,1.164069,0.680688,284.071015
3,1.765111,2.419483,linear,900,300,rosenbrock,9,0.009263,1.070505,1.640231,1.624650,294.380305
3,1.287720,1.099883,linear,900,300,rosenbrock,9,1.778397,23.659122,17.165190,41.727539,296.315765
3,2.419483,1.287720,linear,900,300,rosenbrock,9,0.135844,2.557827,3.443863,1.816120,291.009400
3,1.765111,0.939444,linear,900,300,rosenbrock,9,1.115894,5.653352,5.739884,32.982033,293.559565
3,2.066557,1.765111,linear,900,300,rosenbrock,9,0.092896,1.750931,2.109087,1.553919,298.346825
3,2.419483,2.066557,linear,900,300,rosenbrock,9,0.125685,1.248537,1.468824,1.331286,276.522830
3,2.832683,1.507637,linear,900,300,rosenbrock,9,0.043331,1.312543,1.852504,1.620512,291.597370
3,2.419483,5.322296,linear,900,300,rosenbrock,9,0.076947,3.220835,3.697855,749.893616,284.401775
3,2.419483,0.500000,linear,900,300,rosenbrock,9,3.790314,55.477974,73.642502,71.018860,289.313815
3,0.585390,1.287720,linear,900,300,rosenbrock,9,23.033205,303.121307,280.729126,383.724152,327.633905
3,2.832683,0.939444,linear,900,300,rosenbrock,9,0.395724,3.214442,4.099484,1.765628,289.760930
3,2.832683,2.419483,linear,900,300,rosenbrock,9,0.011486,1.285059,1.772110,0.819589,300.545240
3,2.832683,0.585390,linear,900,300,rosenbrock,9,0.249369,8.786995,7.194243,41.212414,287.425960
3,0.585390,0.802409,linear,900,300,rosenbrock,9,195.685287,1270.863159,1269.734375,1339.476440,333.029090
3,0.585390,3.316448,linear,900,300,rosenbrock,9,0.517040,4.683964,5.378539,35.736034,320.694500
3,2.832683,6.231237,linear,900,300,rosenbrock,9,0.200223,3.905202,4.510470,749.931763,295.120590
3,0.802409,0.685363,linear,900,300,rosenbrock,9,22.771103,460.427765,597.021118,459.408173,317.879485
3,0.685363,3.882831,linear,900,300,rosenbrock,9,0.047449,2.994125,4.139960,43.012115,336.219395
3,0.585390,5.322296,linear,900,300,rosenbrock,9,0.027876,2.216915,2.998865,1.816744,335.911340
3,0.685363,6.231237,linear,900,300,rosenbrock,9,0.000011,1.057051,1.629840,0.822456,330.905935
3,0.685363,1.507637,linear,900,300,rosenbrock,9,4.870584,74.823120,98.873566,108.659615,323.581260
3,0.685363,0.939444,linear,900,300,rosenbrock,9,19.523911,385.382568,410.493469,365.546967,330.592830
3,0.802409,1.099883,linear,900,300,rosenbrock,9,44.728828,141.253754,157.829498,159.840134,329.208555
3,0.685363,10.000000,linear,900,300,rosenbrock,9,0.076784,1.560358,1.736371,0.722971,340.427005
3,0.585390,2.066557,linear,900,300,rosenbrock,9,3.193911,37.590157,51.727173,43.502632,336.603235
3,0.685363,0.585390,linear,900,300,rosenbrock,9,270.337891,1845.155762,1980.557373,1936.888184,312.991125
3,0.939444,0.500000,linear,900,300,rosenbrock,9,49.720779,776.721313,999.926270,1250.766479,330.088150
3,0.802409,1.765111,linear,900,300,rosenbrock,9,2.334301,15.454706,8.157650,46.951294,329.693370
3,0.802409,4.545940,linear,900,300,rosenbrock,9,0.122892,1.471138,2.064024,1.343868,325.271305
3,1.099883,1.507637,linear,900,300,rosenbrock,9,0.584635,5.411912,6.162894,22.849712,330.323455
3,0.500000,1.765111,linear,900,300,rosenbrock,9,11.290707,112.222450,117.881676,241.681671,361.232545
3,1.507637,0.500000,linear,900,300,rosenbrock,9,14.276194,212.177658,250.693146,358.660400,331.676770
3,0.802409,2.832683,linear,900,300,rosenbrock,9,0.251353,3.829546,4.817060,32.994579,339.599655
3,1.765111,1.507637,linear,900,300,rosenbrock,9,0.618433,3.122511,4.049910,1.845627,326.455940
3,0.939444,8.541316,linear,900,300,rosenbrock,9,0.117877,1.664190,2.223720,0.797192,342.709455
3,0.500000,1.099883,linear,900,300,rosenbrock,9,50.283859,456.329712,551.133179,569.631104,359.827120
3,1.287720,7.295407,linear,900,300,rosenbrock,9,0.003038,1.774384,2.530677,1.480958,338.464915
3,0.500000,7.295407,linear,900,300,rosenbrock,9,0.008250,1.654126,2.374439,1.590593,349.957165
3,0.585390,0.500000,linear,900,300,rosenbrock,9,379.664001,2728.789307,3105.469238,2883.510254,354.225130
3,1.099883,0.585390,linear,900,300,rosenbrock,9,78.634613,413.692261,541.012756,496.447998,352.431720
3,0.585390,8.541316,linear,900,300,rosenbrock,9,0.012153,0.865644,1.318368,0.678829,362.995855
3,0.500000,2.832683,linear,900,300,rosenbrock,9,2.297238,27.209618,13.004763,57.435242,351.086805
3,1.507637,0.802409,linear,900,300,rosenbrock,9,11.803619,42.836601,50.601974,54.146309,353.088530
3,1.507637,1.287720,linear,900,300,rosenbrock,9,0.534379,5.792452,6.007860,39.117142,351.703630
3,1.287720,4.545940,linear,900,300,rosenbrock,9,0.055345,0.835777,1.175917,0.878713,354.152635
3,0.939444,3.316448,linear,900,300,rosenbrock,9,0.135867,2.331380,3.076510,204.841293,357.777485
3,1.099883,10.000000,linear,900,300,rosenbrock,9,0.033455,3.452950,3.951264,892.359802,360.491595
3,2.419483,0.802409,linear,900,300,rosenbrock,9,0.130436,4.942825,5.296050,37.623425,350.639990
3,1.507637,5.322296,linear,900,300,rosenbrock,9,0.001870,1.488434,2.217356,1.301264,355.655310
3,0.500000,4.545940,linear,900,300,rosenbrock,9,0.002398,3.594744,4.770330,27.217497,359.751230
3,2.066557,7.295407,linear,900,300,rosenbrock,9,0.169257,3.394044,4.432894,749.909424,352.564050
3,2.832683,7.295407,linear,900,300,rosenbrock,9,3.820525,5.107030,5.420437,892.141479,279.108140
3,2.066557,0.685363,linear,900,300,rosenbrock,9,4.618534,21.259050,9.057476,39.737026,359.308825
3,1.765111,3.882831,linear,900,300,rosenbrock,9,0.145714,1.421161,1.782799,0.665454,365.046530
3,3.316448,1.287720,linear,900,300,rosenbrock,9,0.176878,1.247097,1.767519,0.722742,274.679695
3,3.316448,0.500000,linear,900,300,rosenbrock,9,0.009510,10.201073,7.634508,39.261810,277.737655
3,3.316448,0.802409,linear,900,300,rosenbrock,9,0.006948,3.602234,4.671747,2.302665,280.183430
3,2.066557,2.832683,linear,900,300,rosenbrock,9,0.378449,1.360504,1.590295,0.479023,365.484535
3,2.066557,1.099883,linear,900,300,rosenbrock,9,0.000046,2.921346,4.673234,37.568470,356.170410
3,3.316448,8.541316,linear,900,300,rosenbrock,9,1.201673,4.709899,5.421162,892.676392,272.771895
3,3.882831,0.585390,linear,900,300,rosenbrock,9,1.531116,4.044514,4.863472,30.902658,272.633940
3,3.316448,2.066557,linear,900,300,rosenbrock,9,0.000987,1.354436,1.740569,545.025085,281.041715
3,3.882831,0.939444,linear,900,300,rosenbrock,9,0.183211,1.874136,2.222893,1.727357,267.808930
3,3.316448,3.316448,linear,900,300,rosenbrock,9,0.065645,2.759275,3.153233,749.915283,279.042450
3,2.419483,3.316448,linear,900,300,rosenbrock,9,0.298058,1.948525,2.173409,544.900208,367.946520
3,3.316448,5.322296,linear,900,300,rosenbrock,9,0.968856,4.522162,5.282800,892.224548,280.165720
3,2.832683,3.882831,linear,900,300,rosenbrock,9,0.029464,2.790514,3.344493,1.415481,357.569495
3,2.419483,8.541316,linear,900,300,rosenbrock,9,2.089510,161.078598,5.421161,1081.768677,357.418335
3,2.066557,4.545940,linear,900,300,rosenbrock,9,0.063330,1.953640,2.598587,1.284629,375.552810
3,4.545940,0.685363,linear,900,300,rosenbrock,9,0.060353,2.259078,3.128984,1.747167,263.607500
3,3.882831,1.507637,linear,900,300,rosenbrock,9,0.020855,1.183726,1.504709,0.711884,272.615380
3,3.882831,2.419483,linear,900,300,rosenbrock,9,0.273394,2.786126,2.936532,544.650574,273.977220
3,3.882831,3.882831,linear,900,300,rosenbrock,9,2.208319,4.204137,4.862438,749.609863,277.063815
3,3.882831,6.231237,linear,900,300,rosenbrock,9,1.365057,6.154936,5.421162,890.436157,281.852940
3,5.322296,0.500000,linear,900,300,rosenbrock,9,0.043617,2.787971,3.531079,1.922124,267.495420
3,3.882831,10.000000,linear,900,300,rosenbrock,9,0.013407,534.544678,5.421254,1175.772705,281.965370
3,4.545940,2.832683,linear,900,300,rosenbrock,9,0.309540,3.780408,4.403151,999.786316,279.094200
3,4.545940,4.545940,linear,900,300,rosenbrock,9,4.054679,317.437866,5.421160,1145.272827,277.581675
3,4.545940,1.099883,linear,900,300,rosenbrock,9,0.087664,1.142707,1.402372,0.782470,287.387445
3,4.545940,1.765111,linear,900,300,rosenbrock,9,0.367668,1.825700,2.307373,544.896362,288.777980
3,5.322296,2.066557,linear,900,300,rosenbrock,9,0.138028,2.641093,3.292283,544.876831,272.494415
3,5.322296,1.287720,linear,900,300,rosenbrock,9,0.057196,1.512988,1.750303,544.954590,275.807940
3,4.545940,7.295407,linear,900,300,rosenbrock,9,0.081387,4.960859,5.421163,300.681702,290.234230
3,5.322296,3.316448,linear,900,300,rosenbrock,9,2.745605,4.839824,5.418392,544.730530,281.987465
3,5.322296,0.802409,linear,900,300,rosenbrock,9,0.000014,0.820168,1.066264,0.872250,288.285115
3,5.322296,5.322296,linear,900,300,rosenbrock,9,2.129269,847.635498,500.527069,1216.958008,279.319475
3,5.322296,8.541316,linear,900,300,rosenbrock,9,2.064814,18.393160,5.427280,893.823425,285.552250
3,6.231237,0.585390,linear,900,300,rosenbrock,9,0.470064,2.040119,2.497491,1.093460,279.666690
3,6.231237,2.419483,linear,900,300,rosenbrock,9,0.591250,3.753953,4.127062,1.389903,269.617020
3,6.231237,3.882831,linear,900,300,rosenbrock,9,0.022749,5.201740,5.421162,892.331421,278.920890
3,7.295407,0.685363,linear,900,300,rosenbrock,9,0.489123,1.237540,1.488054,1.312726,271.531715
3,6.231237,1.507637,linear,900,300,rosenbrock,9,0.028889,2.042985,2.536596,544.903748,292.770960
3,6.231237,0.939444,linear,900,300,rosenbrock,9,0.005706,1.301186,1.752925,0.814348,326.325655
3,6.231237,10.000000,linear,900,300,rosenbrock,9,1.418043,251.011292,7.934385,5414.549805,330.731570
3,6.231237,6.231237,linear,900,300,rosenbrock,9,4.697586,6.148456,5.450934,764.153259,338.373105
3,7.295407,1.765111,linear,900,300,rosenbrock,9,1.121382,3.433393,3.737541,544.715332,321.746360
3,7.295407,1.099883,linear,900,300,rosenbrock,9,0.002180,1.783687,2.247776,544.889648,336.192110
3,7.295407,2.832683,linear,900,300,rosenbrock,9,0.021743,4.109842,5.195282,764.498474,338.895735
3,7.295407,4.545940,linear,900,300,rosenbrock,9,0.250544,5.055525,5.421163,748.542725,332.174275
3,8.541316,3.316448,linear,900,300,rosenbrock,9,0.370970,284.490295,5.421138,1065.901855,324.180760
3,8.541316,5.322296,linear,900,300,rosenbrock,9,5.326390,198.167999,5.440313,984.551514,322.298360
3,8.541316,1.287720,linear,900,300,rosenbrock,9,0.334287,2.642886,3.194096,544.910400,329.144380
3,7.295407,7.295407,linear,900,300,rosenbrock,9,0.071178,70.510353,6.514083,997.215271,335.691920
3,8.541316,0.802409,linear,900,300,rosenbrock,9,0.007365,1.248397,1.792258,545.017151,334.224475
3,8.541316,2.066557,linear,900,300,rosenbrock,9,0.053907,3.895635,4.349265,1.394014,337.448940
3,8.541316,8.541316,linear,900,300,rosenbrock,9,2.323866,247.556488,50.585274,1063.459229,331.483305
3,8.541316,0.500000,linear,900,300,rosenbrock,9,0.049219,1.502122,1.750684,1.768815,345.306840
3,10.000000,0.939444,linear,900,300,rosenbrock,9,0.000174,1.982903,2.614372,750.074463,331.156105
3,10.000000,3.882831,linear,900,300,rosenbrock,9,0.114493,5.807798,5.745884,5442.899902,328.213325
3,10.000000,2.419483,linear,900,300,rosenbrock,9,3.332533,223.270142,5.421161,1074.650024,332.234390
3,10.000000,0.585390,linear,900,300,rosenbrock,9,0.013028,1.208434,1.499026,1.171924,344.313250
3,10.000000,10.000000,linear,900,300,rosenbrock,9,4.722168,263.251282,40.886703,1058.609497,322.891965
3,10.000000,6.231237,linear,900,300,rosenbrock,9,1.008863,828.158875,995.942871,5334.099121,331.735740
3,0.500000,1.099883,quadratic,900,300,rosenbrock,9,98.401939,628.017944,833.523560,1307.403564,328.423995
3,10.000000,1.507637,linear,900,300,rosenbrock,9,0.374266,3.767503,4.675493,999.645752,378.637145
3,0.500000,0.685363,quadratic,900,300,rosenbrock,9,545.797974,1695.117310,1963.415527,1602.256714,359.332920
3,3.316448,1.507637,linear,900,300,rosenbrock,9,0.267275,1.178372,1.369138,1.049130,278.430140
3,3.316448,0.585390,linear,900,300,rosenbrock,9,0.494466,11.628735,7.651499,69.480240,278.156980
3,2.832683,8.541316,linear,900,300,rosenbrock,9,0.136584,4.614371,5.421160,545.292725,286.632110
3,0.500000,1.765111,quadratic,900,300,rosenbrock,9,34.209846,124.896034,128.713562,234.394897,359.885240
3,0.500000,2.832683,quadratic,900,300,rosenbrock,9,0.972494,32.328274,42.188938,38.204723,353.800170
3,3.882831,0.685363,linear,900,300,rosenbrock,9,0.158365,3.205854,3.885722,21.272211,273.241590
3,3.316448,0.939444,linear,900,300,rosenbrock,9,0.000153,2.711946,3.171383,1.946253,280.654895
3,3.882831,1.099883,linear,900,300,rosenbrock,9,0.001341,1.343615,1.998306,20.304163,284.475000
3,0.500000,4.545940,quadratic,900,300,rosenbrock,9,0.185377,3.496203,4.438068,2.340158,366.791630
3,3.316448,6.231237,linear,900,300,rosenbrock,9,0.135504,3.973015,5.188510,544.812073,283.139265
3,0.585390,0.500000,quadratic,900,300,rosenbrock,9,766.822327,2757.944336,3340.489746,2003.180054,346.396505
3,3.316448,2.419483,linear,900,300,rosenbrock,9,0.876708,1.998249,2.291894,0.918133,294.486725
3,3.316448,3.882831,linear,900,300,rosenbrock,9,0.232863,4.022197,4.725351,749.615723,294.323330
3,0.500000,7.295407,quadratic,900,300,rosenbrock,9,0.140466,0.695578,0.790688,0.801614,355.870495
3,3.316448,10.000000,linear,900,300,rosenbrock,9,3.412296,536.095093,7.416009,5390.040527,299.770100
3,3.882831,1.765111,linear,900,300,rosenbrock,9,0.833841,1.831525,2.121854,0.481917,287.835795
3,0.585390,0.802409,quadratic,900,300,rosenbrock,9,53.248230,708.504578,691.731628,739.371338,354.452025
3,0.585390,2.066557,quadratic,900,300,rosenbrock,9,3.895932,12.851542,10.949558,36.344997,350.851605
3,0.585390,1.287720,quadratic,900,300,rosenbrock,9,31.960135,172.622147,186.980209,253.408569,358.875080
3,4.545940,0.802409,linear,900,300,rosenbrock,9,0.003046,0.719201,0.494364,2.312358,298.310905
3,4.545940,3.316448,linear,900,300,rosenbrock,9,0.845383,4.266719,5.213391,544.466797,281.116020
3,0.585390,3.316448,quadratic,900,300,rosenbrock,9,0.053684,4.606219,5.695214,16.217335,352.873035
3,4.545940,0.500000,linear,900,300,rosenbrock,9,0.285320,3.656367,4.351635,22.308817,287.608490
3,4.545940,2.066557,linear,900,300,rosenbrock,9,1.504581,2.671215,2.818096,749.994446,280.787010
3,3.882831,2.832683,linear,900,300,rosenbrock,9,0.000251,2.781146,3.365083,749.888367,304.206440
3,3.882831,4.545940,linear,900,300,rosenbrock,9,0.018734,3.790478,5.304678,544.875793,300.976745
3,3.882831,7.295407,linear,900,300,rosenbrock,9,2.189348,161.568451,5.421160,1082.260864,295.800010
3,5.322296,0.585390,linear,900,300,rosenbrock,9,0.457419,1.886762,2.382290,1.213783,299.283045
3,5.322296,2.419483,linear,900,300,rosenbrock,9,0.186306,3.931510,4.551571,749.586853,287.516305
3,4.545940,1.287720,linear,900,300,rosenbrock,9,0.169417,1.328489,1.481955,1.011188,294.123365
3,4.545940,8.541316,linear,900,300,rosenbrock,9,0.245985,5.312032,5.421266,958.890381,281.099820
3,4.545940,5.322296,linear,900,300,rosenbrock,9,0.766836,4.565472,5.419699,575.244263,298.510125
3,0.685363,1.507637,quadratic,900,300,rosenbrock,9,7.425714,76.805992,100.792725,159.642487,353.689475
3,0.585390,5.322296,quadratic,900,300,rosenbrock,9,0.032227,1.028900,1.417391,1.578535,366.446630
3,5.322296,1.507637,linear,900,300,rosenbrock,9,1.307533,2.179329,2.324412,0.864335,294.600400
3,0.685363,0.939444,quadratic,900,300,rosenbrock,9,87.354965,295.406158,280.330383,786.712219,363.133060
3,5.322296,3.882831,linear,900,300,rosenbrock,9,1.258742,4.725799,5.420356,749.837097,288.380295
3,0.585390,8.541316,quadratic,900,300,rosenbrock,9,0.045858,0.641073,0.771882,0.425848,368.439115
3,0.685363,2.419483,quadratic,900,300,rosenbrock,9,2.966915,6.909384,7.676483,37.749886,359.016445
3,0.685363,0.585390,quadratic,900,300,rosenbrock,9,264.893921,1297.249756,1533.088867,1875.373535,368.440630
3,0.685363,3.882831,quadratic,900,300,rosenbrock,9,0.204427,2.383343,3.010765,1.811793,367.459795
3,5.322296,0.939444,linear,900,300,rosenbrock,9,0.075043,1.134334,1.442445,0.848669,298.842795
3,0.685363,10.000000,quadratic,900,300,rosenbrock,9,0.035559,1.685034,2.279691,544.943542,357.063040
3,0.802409,1.099883,quadratic,900,300,rosenbrock,9,24.623844,134.753082,107.285248,281.017365,349.593460
3,0.685363,6.231237,quadratic,900,300,rosenbrock,9,0.016976,0.383474,0.453352,0.844583,364.448090
3,5.322296,6.231237,linear,900,300,rosenbrock,9,0.037719,317.053284,5.421185,1145.668335,297.063220
3,0.802409,0.685363,quadratic,900,300,rosenbrock,9,152.059998,525.877991,672.896057,708.700012,358.562035
3,0.802409,1.765111,quadratic,900,300,rosenbrock,9,0.996019,24.109291,12.852783,54.664375,354.867300
3,5.322296,10.000000,linear,900,300,rosenbrock,9,2.879015,295.876282,9.454117,1060.367798,291.186695
3,6.231237,0.685363,linear,900,300,rosenbrock,9,0.022049,1.623034,2.038008,216.168015,294.597540
3,0.802409,2.832683,quadratic,900,300,rosenbrock,9,0.037841,3.555293,4.634817,20.191057,362.599075
3,6.231237,2.832683,linear,900,300,rosenbrock,9,1.113371,4.271836,4.771850,544.725830,304.958910
3,6.231237,4.545940,linear,900,300,rosenbrock,9,0.008559,4.066144,5.421153,775.241516,301.782875
3,7.295407,0.802409,linear,900,300,rosenbrock,9,0.016064,1.269725,1.535670,0.771490,304.534050
3,6.231237,1.765111,linear,900,300,rosenbrock,9,0.029258,2.507634,3.197776,544.856018,309.494685
3,6.231237,1.099883,linear,900,300,rosenbrock,9,0.061336,1.582433,1.883991,1.016966,338.947550
3,7.295407,0.500000,linear,900,300,rosenbrock,9,0.023415,1.434574,1.897934,65.950455,326.806675
3,6.231237,7.295407,linear,900,300,rosenbrock,9,0.572796,136.233490,5.799341,5419.942383,335.095510
3,7.295407,2.066557,linear,900,300,rosenbrock,9,0.688417,4.159611,5.159933,1.335233,334.222910
3,7.295407,1.287720,linear,900,300,rosenbrock,9,0.695635,2.446079,2.655282,544.816772,335.235565
3,8.541316,3.882831,linear,900,300,rosenbrock,9,0.061356,179.907043,5.421173,1075.773926,337.011260
3,7.295407,5.322296,linear,900,300,rosenbrock,9,0.327359,317.744629,6.789106,1145.047729,339.441100
3,7.295407,3.316448,linear,900,300,rosenbrock,9,3.846173,5.192521,5.421098,749.482605,343.926330
3,8.541316,0.939444,linear,900,300,rosenbrock,9,0.003848,2.016718,2.384645,0.820446,332.047560
3,8.541316,1.507637,linear,900,300,rosenbrock,9,0.947123,3.650309,4.094557,892.621887,338.674905
3,7.295407,8.541316,linear,900,300,rosenbrock,9,0.307176,19.327909,5.868462,893.622009,336.719980
3,8.541316,2.419483,linear,900,300,rosenbrock,9,2.613182,5.166314,5.421160,999.298096,333.682365
3,8.541316,10.000000,linear,900,300,rosenbrock,9,2.020365,20.940271,10.716465,757.951050,338.842600
3,10.000000,1.099883,linear,900,300,rosenbrock,9,0.088616,3.140301,3.336763,1.491248,335.147105
3,8.541316,0.585390,linear,900,300,rosenbrock,9,0.005607,0.991839,1.363808,0.726464,340.890430
3,8.541316,6.231237,linear,900,300,rosenbrock,9,0.027356,5.237264,5.787326,575.606018,357.310440
3,10.000000,4.545940,linear,900,300,rosenbrock,9,0.016640,319.636169,5.423917,1144.541382,335.959925
3,0.500000,0.500000,quadratic,900,300,rosenbrock,9,1013.718140,3363.652344,3931.817871,3170.015625,329.791180
3,10.000000,0.685363,linear,900,300,rosenbrock,9,0.223515,1.594059,1.909384,0.684221,334.249230
3,3.316448,1.765111,linear,900,300,rosenbrock,9,0.000302,1.146112,1.392548,0.642559,296.790920
3,2.832683,10.000000,linear,900,300,rosenbrock,9,0.803224,4.908121,5.421162,574.864990,296.377545
3,10.000000,2.832683,linear,900,300,rosenbrock,9,0.014221,316.269104,5.421160,1145.674072,343.026130
3,3.316448,0.685363,linear,900,300,rosenbrock,9,0.044288,3.707261,4.671327,21.788471,300.398095
3,3.882831,0.802409,linear,900,300,rosenbrock,9,0.039234,1.996948,2.874534,1.927626,292.617260
3,0.500000,1.287720,quadratic,900,300,rosenbrock,9,87.827568,297.074097,329.615967,314.165344,337.510990
3,3.316448,1.099883,linear,900,300,rosenbrock,9,0.013446,1.744861,2.273488,2.009759,297.017010
3,10.000000,7.295407,linear,900,300,rosenbrock,9,4.809164,226.234772,9.793341,1074.410889,345.340225
3,3.882831,1.287720,linear,900,300,rosenbrock,9,0.087616,1.181270,1.607132,216.263626,298.292510
3,3.316448,7.295407,linear,900,300,rosenbrock,9,2.247481,248.407425,5.421161,1064.328125,297.362300
3,3.316448,4.545940,linear,900,300,rosenbrock,9,1.244716,4.241767,4.769942,749.731079,290.415080
3,3.316448,2.832683,linear,900,300,rosenbrock,9,0.020459,2.130375,2.687595,544.821960,297.011210
3,3.882831,0.500000,linear,900,300,rosenbrock,9,0.019589,4.520468,5.839327,27.878014,292.990010
3,4.545940,0.939444,linear,900,300,rosenbrock,9,0.029671,1.242517,1.503369,544.953064,286.486465
3,3.882831,2.066557,linear,900,300,rosenbrock,9,0.000813,1.196865,1.765974,545.003174,306.566285
3,4.545940,0.585390,linear,900,300,rosenbrock,9,0.003227,2.699403,4.013365,2.172023,293.050075
3,4.545940,3.882831,linear,900,300,rosenbrock,9,0.970460,4.640028,5.417634,599.925049,297.000115
3,4.545940,2.419483,linear,900,300,rosenbrock,9,0.384206,3.076592,3.517136,544.663086,291.998305
3,3.882831,5.322296,linear,900,300,rosenbrock,9,0.373189,4.326051,5.212319,892.654358,292.275540
3,0.500000,3.316448,quadratic,900,300,rosenbrock,9,0.200289,7.790504,5.421168,35.751701,342.558280
3,3.882831,8.541316,linear,900,300,rosenbrock,9,3.888974,86.193817,5.421441,5427.933105,296.110890
3,0.500000,2.066557,quadratic,900,300,rosenbrock,9,6.447745,116.343887,129.086380,189.395859,343.184720
3,3.882831,3.316448,linear,900,300,rosenbrock,9,1.386820,3.555893,3.783571,544.666870,299.723530
3,4.545940,6.231237,linear,900,300,rosenbrock,9,3.377207,535.890991,7.432482,1174.940430,286.800325
3,5.322296,2.832683,linear,900,300,rosenbrock,9,1.146627,4.231428,4.912237,897.665833,293.575215
3,5.322296,0.685363,linear,900,300,rosenbrock,9,0.001398,1.434645,2.180419,1.736758,295.182130
3,4.545940,1.507637,linear,900,300,rosenbrock,9,0.012025,1.338122,1.795561,1.154110,295.091255
3,4.545940,10.000000,linear,900,300,rosenbrock,9,2.660833,69.981339,5.469184,889.065491,294.893085
3,10.000000,1.765111,linear,900,300,rosenbrock,9,0.098029,4.830715,5.412650,763.868958,366.385720
3,0.500000,0.802409,quadratic,900,300,rosenbrock,9,577.983765,1656.456299,1686.955322,970.762573,366.852595
3,5.322296,1.765111,linear,900,300,rosenbrock,9,0.006857,1.461565,2.437989,1.667888,295.666035
3,0.585390,0.585390,quadratic,900,300,rosenbrock,9,630.022949,1868.758301,1911.319824,2297.186523,347.870445
3,5.322296,4.545940,linear,900,300,rosenbrock,9,0.255257,479.452515,5.421162,1170.423584,299.088965
3,0.585390,0.939444,quadratic,900,300,rosenbrock,9,205.866943,835.688721,1020.208130,781.315552,344.340650
3,5.322296,7.295407,linear,900,300,rosenbrock,9,0.041809,284.852692,5.421177,1066.213379,284.638890
3,6.231237,0.500000,linear,900,300,rosenbrock,9,0.101703,2.712246,3.225129,1.658816,281.435610
3,5.322296,1.099883,linear,900,300,rosenbrock,9,0.014438,0.985132,1.391964,0.868317,294.058930
3,0.500000,8.541316,quadratic,900,300,rosenbrock,9,0.000613,0.309029,0.409423,0.356048,354.408560
3,0.500000,5.322296,quadratic,900,300,rosenbrock,9,0.047590,1.852564,2.352665,1.675058,366.783015
3,0.585390,1.507637,quadratic,900,300,rosenbrock,9,6.303403,93.173775,119.388763,163.137497,348.999820
3,0.585390,2.419483,quadratic,900,300,rosenbrock,9,1.612144,24.220974,10.515447,60.483490,354.482045
3,6.231237,0.802409,linear,900,300,rosenbrock,9,0.025189,1.131784,1.408614,1.057663,287.776495
3,0.585390,3.882831,quadratic,900,300,rosenbrock,9,0.176669,4.039394,4.942813,20.955927,358.939475
3,6.231237,3.316448,linear,900,300,rosenbrock,9,0.924176,223.071381,5.421162,1074.883423,280.379555
3,0.685363,1.765111,quadratic,900,300,rosenbrock,9,0.563873,29.715776,30.830002,49.248810,352.200350
3,0.585390,6.231237,quadratic,900,300,rosenbrock,9,0.011065,0.558843,0.686596,0.922298,352.847225
3,7.295407,0.939444,linear,900,300,rosenbrock,9,0.027238,1.486715,1.912757,1.089881,283.433335
3,6.231237,2.066557,linear,900,300,rosenbrock,9,1.551951,3.983832,4.644923,892.112122,279.656310
3,0.685363,0.685363,quadratic,900,300,rosenbrock,9,84.571884,654.948730,783.942627,983.229492,346.627580
3,0.685363,2.832683,quadratic,900,300,rosenbrock,9,0.962815,4.457343,5.191877,24.973461,351.695405
3,6.231237,5.322296,linear,900,300,rosenbrock,9,3.921303,473.917969,5.421206,1192.066895,295.896450
3,0.802409,0.500000,quadratic,900,300,rosenbrock,9,310.880615,1353.164917,1671.194214,1708.992188,344.468700
3,0.685363,1.099883,quadratic,900,300,rosenbrock,9,41.677368,324.401978,309.688629,429.777008,368.298765
3,0.585390,10.000000,quadratic,900,300,rosenbrock,9,0.020483,1.092142,1.484442,0.678986,365.023380
3,0.685363,4.545940,quadratic,900,300,rosenbrock,9,0.000015,0.919845,1.234699,1.088820,356.748445
3,0.802409,2.066557,quadratic,900,300,rosenbrock,9,0.235448,10.031970,7.571187,34.412563,353.023615
3,0.685363,7.295407,quadratic,900,300,rosenbrock,9,0.000008,0.677260,0.826873,0.405491,358.712185
3,0.802409,1.287720,quadratic,900,300,rosenbrock,9,10.013330,96.155533,97.992516,121.402115,362.713585
3,0.802409,0.802409,quadratic,900,300,rosenbrock,9,77.094002,311.874390,384.453613,434.941010,359.133105
3,0.802409,3.316448,quadratic,900,300,rosenbrock,9,0.483079,3.393520,4.001082,66.686951,352.913065
3,7.295407,0.585390,linear,900,300,rosenbrock,9,0.000193,1.227968,1.462585,1.093446,313.435775
3,6.231237,1.287720,linear,900,300,rosenbrock,9,0.020560,1.407095,2.035712,750.206299,331.217520
3,7.295407,2.419483,linear,900,300,rosenbrock,9,1.507155,4.164333,4.860372,544.547607,319.141840
3,6.231237,8.541316,linear,900,300,rosenbrock,9,0.024318,4.834984,5.605291,999.986572,331.547685
3,0.802409,7.295407,quadratic,900,300,rosenbrock,9,0.000014,1.267740,1.665610,0.575219,270.743175
3,0.939444,0.500000,quadratic,900,300,rosenbrock,9,77.537704,893.346130,942.810547,1067.335327,267.100945
3,7.295407,1.507637,linear,900,300,rosenbrock,9,0.476825,2.907336,3.332542,892.541626,329.093930
3,0.802409,4.545940,quadratic,900,300,rosenbrock,9,0.002820,0.414459,0.600330,1.014569,276.411385
3,0.939444,0.802409,quadratic,900,300,rosenbrock,9,12.017790,227.461395,247.069000,395.184967,273.294710
3,0.939444,1.287720,quadratic,900,300,rosenbrock,9,1.565711,16.771704,14.237804,225.798096,272.290825
3,7.295407,6.231237,linear,900,300,rosenbrock,9,0.005726,6.541252,5.768050,775.148499,320.464930
3,8.541316,4.545940,linear,900,300,rosenbrock,9,1.469586,241.956436,5.518157,1067.923218,323.437700
3,0.939444,2.066557,quadratic,900,300,rosenbrock,9,0.462813,5.349364,5.949525,63.649834,273.193330
3,0.939444,5.322296,quadratic,900,300,rosenbrock,9,0.019691,0.691289,0.898928,0.416576,271.904060
3,8.541316,1.099883,linear,900,300,rosenbrock,9,0.065218,1.945871,2.627319,544.904175,325.721775
3,1.099883,0.585390,quadratic,900,300,rosenbrock,9,96.850143,372.706543,449.689026,390.354889,271.752110
3,0.939444,3.316448,quadratic,900,300,rosenbrock,9,0.003287,0.789779,1.052985,1.245905,280.662300
3,10.000000,1.287720,linear,900,300,rosenbrock,9,0.192480,3.541434,4.005839,749.946228,323.495770
3,7.295407,3.882831,linear,900,300,rosenbrock,9,1.201836,67.056396,5.421160,900.022766,339.524480
3,10.000000,0.500000,linear,900,300,rosenbrock,9,0.006723,0.790503,1.252367,0.676988,329.138880
3,0.939444,8.541316,quadratic,900,300,rosenbrock,9,0.025896,1.918315,2.867523,750.180786,282.272060
3,1.099883,2.419483,quadratic,900,300,rosenbrock,9,0.274187,2.496667,2.932143,1.579110,268.722670
3,1.099883,0.939444,quadratic,900,300,rosenbrock,9,10.335093,71.557991,76.361885,120.547928,280.896060
3,8.541316,1.765111,linear,900,300,rosenbrock,9,0.577747,4.064970,4.574669,892.158569,339.165370
3,1.287720,0.685363,quadratic,900,300,rosenbrock,9,4.785101,118.208382,156.537781,191.681488,264.486320
3,8.541316,0.685363,linear,900,300,rosenbrock,9,0.044507,1.318202,1.493889,750.209656,329.779975
3,1.099883,6.231237,quadratic,900,300,rosenbrock,9,0.155091,1.648880,2.255792,0.843623,271.080375
3,1.099883,1.507637,quadratic,900,300,rosenbrock,9,0.514913,5.377002,6.829021,35.695965,272.882125
3,1.099883,3.882831,quadratic,900,300,rosenbrock,9,0.000271,0.474540,0.580417,0.329571,274.108515
3,8.541316,7.295407,linear,900,300,rosenbrock,9,0.202113,46.884750,7.438031,885.260193,332.121755
3,1.099883,10.000000,quadratic,900,300,rosenbrock,9,0.001679,3.643326,4.256517,544.493591,274.169100
3,7.295407,10.000000,linear,900,300,rosenbrock,9,5.284688,226.127106,9.523578,1073.708618,347.610565
3,0.500000,0.585390,quadratic,900,300,rosenbrock,9,330.861877,2133.154541,2053.665527,1689.888184,334.504570
3,10.000000,5.322296,linear,900,300,rosenbrock,9,0.832458,404.219818,9.447606,1121.639038,336.816515
3,1.507637,0.500000,quadratic,900,300,rosenbrock,9,33.647930,235.529907,309.635376,316.016541,267.500715
3,10.000000,3.316448,linear,900,300,rosenbrock,9,0.188608,5.752890,5.601854,897.373657,328.784010
3,1.287720,1.099883,quadratic,900,300,rosenbrock,9,4.230087,41.393089,43.245422,74.263451,275.668325
3,0.500000,1.507637,quadratic,900,300,rosenbrock,9,12.346699,261.204803,284.518005,383.977844,322.945260
3,1.287720,1.765111,quadratic,900,300,rosenbrock,9,0.972495,4.404057,4.840981,15.458364,272.295995
3,8.541316,2.832683,linear,900,300,rosenbrock,9,0.000951,4.280375,5.196697,892.566956,349.945835
3,10.000000,0.802409,linear,900,300,rosenbrock,9,0.103340,1.935819,2.408177,544.948669,336.688620
3,1.287720,2.832683,quadratic,900,300,rosenbrock,9,0.036226,0.599782,0.684401,0.824199,276.641685
3,1.287720,4.545940,quadratic,900,300,rosenbrock,9,0.069049,1.093349,1.492080,0.750665,276.666085
3,1.507637,0.802409,quadratic,900,300,rosenbrock,9,4.517937,32.529964,29.301640,65.846321,265.908605
3,1.287720,7.295407,quadratic,900,300,rosenbrock,9,0.555534,3.567813,4.155438,544.756348,279.817160
3,10.000000,8.541316,linear,900,300,rosenbrock,9,5.432044,604.808411,48.721733,1151.844360,333.744000
3,1.507637,1.287720,quadratic,900,300,rosenbrock,9,0.045639,4.553929,5.828717,4.203906,273.743905
3,1.507637,2.066557,quadratic,900,300,rosenbrock,9,0.052185,1.110293,1.508177,1.900685,272.451050
3,1.507637,5.322296,quadratic,900,300,rosenbrock,9,0.051848,1.953686,2.822356,1.528588,275.443045
3,1.507637,3.316448,quadratic,900,300,rosenbrock,9,0.001707,0.590034,0.879106,0.462860,278.018550
3,1.507637,8.541316,quadratic,900,300,rosenbrock,9,2.313674,4.856901,5.405824,749.533325,267.989580
3,1.765111,0.585390,quadratic,900,300,rosenbrock,9,8.520884,41.658230,47.949837,83.467888,284.272145
3,1.765111,0.939444,quadratic,900,300,rosenbrock,9,0.375871,3.744302,5.438145,14.679424,274.309795
3,1.765111,1.507637,quadratic,900,300,rosenbrock,9,0.026231,2.261302,3.684685,65.739082,270.621840
3,0.500000,3.882831,quadratic,900,300,rosenbrock,9,0.386364,6.212111,7.426617,44.365398,357.305350
3,0.500000,2.419483,quadratic,900,300,rosenbrock,9,7.186057,49.920513,71.034157,96.252197,355.143670
3,1.765111,2.419483,quadratic,900,300,rosenbrock,9,0.117560,0.504921,0.640771,0.263862,274.631830
3,10.000000,2.066557,linear,900,300,rosenbrock,9,0.128965,4.543925,5.415255,544.794250,355.382205
3,0.500000,0.939444,quadratic,900,300,rosenbrock,9,106.705315,621.694641,705.213623,1040.161865,354.531945
3,0.585390,0.685363,quadratic,900,300,rosenbrock,9,285.425293,1360.083984,1521.869385,2007.536133,355.953380
3,0.500000,10.000000,quadratic,900,300,rosenbrock,9,0.227220,0.918165,1.047564,0.385098,353.209065
3,0.500000,6.231237,quadratic,900,300,rosenbrock,9,0.033507,1.105354,1.562076,1.085840,351.281030
3,0.585390,1.099883,quadratic,900,300,rosenbrock,9,78.551880,509.914001,637.480957,493.132355,359.825700
3,0.585390,1.765111,quadratic,900,300,rosenbrock,9,5.216002,49.883354,61.563698,93.151939,355.498365
3,0.585390,2.832683,quadratic,900,300,rosenbrock,9,0.357142,12.459623,8.034199,38.440289,357.078425
3,0.585390,7.295407,quadratic,900,300,rosenbrock,9,0.000207,0.435728,0.588182,0.399030,340.817230
3,0.585390,4.545940,quadratic,900,300,rosenbrock,9,0.003071,2.343240,3.036470,15.949284,361.904595
3,0.685363,2.066557,quadratic,900,300,rosenbrock,9,0.943563,24.996956,8.933847,76.538223,358.077700
3,0.685363,0.802409,quadratic,900,300,rosenbrock,9,366.259766,811.235291,1015.871826,547.078125,351.616825
3,0.802409,0.585390,quadratic,900,300,rosenbrock,9,295.973969,1347.657349,1599.957275,1620.596680,346.454410
3,0.685363,3.316448,quadratic,900,300,rosenbrock,9,0.015397,3.640946,4.824741,2.314201,352.566905
3,0.685363,1.287720,quadratic,900,300,rosenbrock,9,8.286639,169.747864,207.133545,199.506042,343.284705
3,0.685363,0.500000,quadratic,900,300,rosenbrock,9,369.045532,2267.862549,3100.302979,2540.665527,342.555665
3,0.802409,1.507637,quadratic,900,300,rosenbrock,9,4.720721,51.976082,64.076241,60.781593,336.724385
3,0.802409,0.939444,quadratic,900,300,rosenbrock,9,62.409710,155.444641,157.624115,238.877045,343.660190
3,0.685363,5.322296,quadratic,900,300,rosenbrock,9,0.139137,0.597371,0.667953,1.088084,358.804625
3,0.685363,8.541316,quadratic,900,300,rosenbrock,9,0.000050,0.902699,1.380979,545.107971,360.772460
3,0.802409,2.419483,quadratic,900,300,rosenbrock,9,0.044534,3.960026,5.265088,15.615318,363.094750
3,0.802409,3.882831,quadratic,900,300,rosenbrock,9,0.007450,0.943967,1.305820,1.143893,374.978455
3,0.802409,5.322296,quadratic,900,300,rosenbrock,9,0.000382,0.519780,0.705571,0.340836,273.458670
3,0.939444,1.507637,quadratic,900,300,rosenbrock,9,0.261242,6.418275,7.321491,29.626650,269.878115
3,0.939444,0.585390,quadratic,900,300,rosenbrock,9,104.428230,507.838318,593.205933,647.139709,280.208835
3,0.802409,8.541316,quadratic,900,300,rosenbrock,9,0.572739,2.118427,2.407941,1.151608,283.598980
3,0.939444,0.939444,quadratic,900,300,rosenbrock,9,10.401731,103.800415,100.925583,283.993042,276.512560
3,0.939444,2.419483,quadratic,900,300,rosenbrock,9,0.019683,4.365787,4.817590,16.021084,272.880380
3,1.099883,0.685363,quadratic,900,300,rosenbrock,9,117.738792,246.314804,278.168274,202.160004,265.792065
3,0.939444,6.231237,quadratic,900,300,rosenbrock,9,0.053760,1.006576,1.437530,0.685516,275.952090
3,0.939444,3.882831,quadratic,900,300,rosenbrock,9,0.015611,0.562273,0.817855,0.494986,271.150315
3,1.765111,3.882831,quadratic,900,300,rosenbrock,9,0.135120,1.612300,2.291814,0.973398,339.950150
3,1.765111,6.231237,quadratic,900,300,rosenbrock,9,0.311674,4.113210,4.922708,544.843079,337.809665
3,1.099883,1.099883,quadratic,900,300,rosenbrock,9,1.797357,41.299744,66.573318,51.087265,269.839795
3,1.287720,0.802409,quadratic,900,300,rosenbrock,9,4.554377,136.493408,180.244324,285.309265,265.456195
3,2.066557,1.099883,quadratic,900,300,rosenbrock,9,0.021213,2.687431,4.016870,20.014214,315.890645
3,0.939444,10.000000,quadratic,900,300,rosenbrock,9,0.085421,3.491373,4.025149,749.866943,274.236300
3,1.099883,1.765111,quadratic,900,300,rosenbrock,9,0.947430,5.873084,6.055630,37.293125,265.972575
3,1.099883,2.832683,quadratic,900,300,rosenbrock,9,0.006826,1.144481,1.349504,1.990814,276.809635
3,1.765111,10.000000,quadratic,900,300,rosenbrock,9,1.904449,4.861102,5.421144,575.378845,335.810875
3,1.099883,4.545940,quadratic,900,300,rosenbrock,9,0.000720,0.759228,1.166682,0.539298,270.471955
3,1.287720,0.500000,quadratic,900,300,rosenbrock,9,33.610592,484.516449,598.304199,393.857117,267.170225
3,1.507637,0.585390,quadratic,900,300,rosenbrock,9,11.732317,157.822174,184.960693,219.552780,261.440985
3,1.099883,7.295407,quadratic,900,300,rosenbrock,9,0.007278,1.751758,2.632488,1.210721,275.507165
3,2.066557,0.685363,quadratic,900,300,rosenbrock,9,2.752462,25.374491,18.396502,58.537537,334.911450
3,1.287720,1.287720,quadratic,900,300,rosenbrock,9,3.089674,7.409674,8.546005,26.319187,274.123860
3,1.287720,3.316448,quadratic,900,300,rosenbrock,9,0.011293,0.450553,0.614796,1.109993,272.365165
3,2.066557,1.765111,quadratic,900,300,rosenbrock,9,0.045332,0.597442,0.779234,1.100920,331.460170
3,1.287720,5.322296,quadratic,900,300,rosenbrock,9,0.032215,1.583207,2.143857,0.917543,274.663995
3,2.066557,2.832683,quadratic,900,300,rosenbrock,9,0.015792,0.924744,1.122038,1.235631,329.658585
3,1.507637,0.939444,quadratic,900,300,rosenbrock,9,0.669549,7.918537,8.535935,64.855560,274.814620
3,1.287720,8.541316,quadratic,900,300,rosenbrock,9,0.517684,4.065272,4.861948,892.586792,277.316680
3,1.287720,2.066557,quadratic,900,300,rosenbrock,9,0.019463,1.940643,2.942114,59.627060,283.364220
3,1.507637,1.507637,quadratic,900,300,rosenbrock,9,0.000796,3.952699,4.479161,15.010890,274.146590
3,2.066557,4.545940,quadratic,900,300,rosenbrock,9,0.008262,2.319587,3.150288,1.708369,334.431590
3,2.419483,0.500000,quadratic,900,300,rosenbrock,9,0.453989,27.459755,22.088100,51.683594,325.382385
3,1.507637,2.419483,quadratic,900,300,rosenbrock,9,0.028858,0.492709,0.559437,0.419384,275.615635
3,1.507637,3.882831,quadratic,900,300,rosenbrock,9,0.000005,1.198096,1.681130,0.776375,274.086155
3,1.507637,10.000000,quadratic,900,300,rosenbrock,9,0.202662,316.924988,5.421161,1145.586670,274.604360
3,2.066557,7.295407,quadratic,900,300,rosenbrock,9,1.881252,12.451416,5.421161,996.908203,335.351405
3,2.419483,0.802409,quadratic,900,300,rosenbrock,9,0.134198,4.957358,5.817728,24.897675,326.300310
3,2.419483,1.287720,quadratic,900,300,rosenbrock,9,0.000000,0.742030,1.273027,27.941248,328.885625
3,1.507637,6.231237,quadratic,900,300,rosenbrock,9,0.278010,2.948109,3.433273,1.752242,286.143905
3,2.419483,2.066557,quadratic,900,300,rosenbrock,9,0.000352,0.510689,0.777298,0.488928,328.115450
3,2.419483,3.316448,quadratic,900,300,rosenbrock,9,0.000004,2.003356,2.791681,1.336748,324.369250
3,2.419483,5.322296,quadratic,900,300,rosenbrock,9,2.490072,4.978322,5.421162,999.445862,330.458765
3,2.832683,0.939444,quadratic,900,300,rosenbrock,9,0.000036,1.940215,3.205290,2.475309,327.573440
3,2.832683,0.585390,quadratic,900,300,rosenbrock,9,0.024046,5.488153,6.533975,30.627199,332.416220
3,2.419483,8.541316,quadratic,900,300,rosenbrock,9,5.089042,171.664764,5.423776,1078.050537,338.912455
3,2.832683,1.507637,quadratic,900,300,rosenbrock,9,0.093248,0.549125,0.649857,0.501631,336.884735
3,1.765111,0.685363,quadratic,900,300,rosenbrock,9,4.845021,39.064297,55.688927,107.286896,276.635025
3,1.765111,1.765111,quadratic,900,300,rosenbrock,9,0.017549,1.338277,1.684278,1.433833,275.969030
3,2.832683,2.419483,quadratic,900,300,rosenbrock,9,0.065952,2.060220,2.421172,0.764184,336.968135
3,2.832683,6.231237,quadratic,900,300,rosenbrock,9,1.379742,629.481812,5.421180,1224.514526,332.679125
3,1.765111,1.099883,quadratic,900,300,rosenbrock,9,0.031983,4.090117,4.964745,2.224488,281.209940
3,2.832683,3.882831,quadratic,900,300,rosenbrock,9,0.014361,4.291391,5.110725,892.143311,338.483600
3,1.765111,2.832683,quadratic,900,300,rosenbrock,9,0.015082,0.638591,0.934615,0.507278,285.413070
3,3.316448,0.685363,quadratic,900,300,rosenbrock,9,0.391009,3.380121,4.188581,1.730867,346.055045
3,2.832683,10.000000,quadratic,900,300,rosenbrock,9,4.140237,327.407532,5.742291,1140.400513,350.271685
3,3.316448,1.099883,quadratic,900,300,rosenbrock,9,0.087184,0.498232,0.646400,0.410394,344.908255
3,3.316448,1.765111,quadratic,900,300,rosenbrock,9,0.015276,1.052636,1.402887,0.702761,357.061970
3,3.316448,2.832683,quadratic,900,300,rosenbrock,9,0.037403,2.799043,3.559741,1.515832,352.028650
3,3.882831,0.500000,quadratic,900,300,rosenbrock,9,0.069844,4.322549,4.996734,16.006403,343.962695
3,3.882831,0.802409,quadratic,900,300,rosenbrock,9,0.003430,1.056560,1.422943,20.810389,346.803550
3,3.316448,7.295407,quadratic,900,300,rosenbrock,9,0.001107,4.883619,5.424497,747.798950,354.260585
3,3.316448,4.545940,quadratic,900,300,rosenbrock,9,4.100412,24.013920,5.421162,994.353027,371.155555
3,0.939444,0.685363,quadratic,900,300,rosenbrock,9,23.339058,342.201294,388.908173,478.218109,277.655855
3,0.802409,6.231237,quadratic,900,300,rosenbrock,9,0.032800,0.490790,0.691533,0.425591,279.366090
3,0.939444,1.765111,quadratic,900,300,rosenbrock,9,0.046575,11.996796,6.758258,41.064690,278.847695
3,0.802409,10.000000,quadratic,900,300,rosenbrock,9,0.267800,2.570938,2.941322,1.189067,273.611670
3,0.939444,1.099883,quadratic,900,300,rosenbrock,9,13.623490,76.716415,84.471497,152.143204,272.028665
3,3.882831,3.316448,quadratic,900,300,rosenbrock,9,1.272189,66.439476,5.420430,899.991211,360.598050
3,3.882831,2.066557,quadratic,900,300,rosenbrock,9,0.062961,2.490863,3.103787,544.769165,368.351685
3,3.882831,1.287720,quadratic,900,300,rosenbrock,9,0.002483,0.709418,0.947883,545.126709,382.745015
3,3.882831,5.322296,quadratic,900,300,rosenbrock,9,0.024654,473.000916,5.421309,1192.432129,354.686355
3,4.545940,1.507637,quadratic,900,300,rosenbrock,9,0.032239,2.025344,2.417967,0.949922,349.416375
3,4.545940,0.585390,quadratic,900,300,rosenbrock,9,0.014287,1.811279,2.082016,1.796334,355.958830
3,3.882831,8.541316,quadratic,900,300,rosenbrock,9,5.031039,337.487732,6.603589,1137.323730,361.193505
3,0.939444,2.832683,quadratic,900,300,rosenbrock,9,0.093653,1.825027,2.866858,1.956415,280.433735
3,4.545940,2.419483,quadratic,900,300,rosenbrock,9,1.769708,4.295456,4.993211,544.777954,353.896650
3,1.099883,1.287720,quadratic,900,300,rosenbrock,9,4.291265,14.345505,9.313358,36.492958,266.527350
3,1.099883,0.802409,quadratic,900,300,rosenbrock,9,8.478412,86.495461,91.688217,144.223801,280.522790
3,4.545940,0.939444,quadratic,900,300,rosenbrock,9,0.000259,0.499862,0.661921,1.097379,364.118560
3,0.939444,7.295407,quadratic,900,300,rosenbrock,9,0.055090,1.362184,2.302002,1.078709,280.065050
3,0.939444,4.545940,quadratic,900,300,rosenbrock,9,0.009271,0.625373,0.751646,0.339434,285.268835
3,1.287720,0.939444,quadratic,900,300,rosenbrock,9,4.400478,28.677397,22.819626,88.869919,276.148640
3,4.545940,3.882831,quadratic,900,300,rosenbrock,9,2.611974,5.221533,5.421132,764.329712,366.191770
3,1.099883,0.500000,quadratic,900,300,rosenbrock,9,28.929953,874.325623,938.466064,1182.416992,274.824550
3,1.099883,3.316448,quadratic,900,300,rosenbrock,9,0.013475,0.497092,0.597563,1.073133,275.397075
3,1.287720,0.585390,quadratic,900,300,rosenbrock,9,14.962271,206.951935,206.762848,263.983673,268.544880
3,1.507637,0.685363,quadratic,900,300,rosenbrock,9,9.233206,93.192764,85.823898,213.852509,270.777745
3,1.099883,8.541316,quadratic,900,300,rosenbrock,9,0.186640,3.340109,4.005091,892.566956,273.062605
3,4.545940,6.231237,quadratic,900,300,rosenbrock,9,0.002192,29.729650,5.985392,992.330566,363.649360
3,5.322296,1.099883,quadratic,900,300,rosenbrock,9,0.018883,0.894754,1.332170,0.715593,351.627515
3,1.099883,2.066557,quadratic,900,300,rosenbrock,9,0.046366,3.010245,4.129240,15.473303,283.971610
3,4.545940,10.000000,quadratic,900,300,rosenbrock,9,3.499450,338.366425,44.463009,1135.629761,369.424940
3,5.322296,0.685363,quadratic,900,300,rosenbrock,9,0.266695,0.720337,0.748891,0.491906,359.350155
3,1.099883,5.322296,quadratic,900,300,rosenbrock,9,0.072539,0.857888,1.350447,0.689488,284.923750
3,5.322296,1.765111,quadratic,900,300,rosenbrock,9,0.192988,3.730052,4.294515,749.596985,351.662220
3,1.287720,3.882831,quadratic,900,300,rosenbrock,9,0.000160,0.692328,0.969173,0.578341,273.999690
3,1.287720,6.231237,quadratic,900,300,rosenbrock,9,0.023746,2.208758,2.859965,1.463365,270.430320
3,1.507637,1.099883,quadratic,900,300,rosenbrock,9,0.883464,6.427668,8.499348,16.955189,269.140040
3,1.287720,1.507637,quadratic,900,300,rosenbrock,9,0.215041,5.030901,6.074339,19.832872,283.082195
3,1.507637,1.765111,quadratic,900,300,rosenbrock,9,0.161476,1.832942,2.523781,1.325047,271.581995
3,1.287720,10.000000,quadratic,900,300,rosenbrock,9,0.947653,4.706978,5.394431,999.750977,274.200215
3,1.765111,4.545940,quadratic,900,300,rosenbrock,9,0.270036,2.518345,3.068978,1.075311,325.786945
3,1.287720,2.419483,quadratic,900,300,rosenbrock,9,0.097633,1.220356,1.357620,1.506709,285.147980
3,1.765111,0.500000,quadratic,900,300,rosenbrock,9,12.136049,179.705719,192.439804,239.550842,270.613360
3,1.765111,7.295407,quadratic,900,300,rosenbrock,9,0.292182,4.679238,5.409680,749.822998,338.277825
3,1.507637,7.295407,quadratic,900,300,rosenbrock,9,0.007138,3.695121,4.436646,749.956787,269.683395
3,1.507637,4.545940,quadratic,900,300,rosenbrock,9,0.155457,1.625174,2.175457,1.360088,278.465510
3,2.066557,1.287720,quadratic,900,300,rosenbrock,9,0.049461,2.394946,2.923979,34.835732,330.877745
3,2.066557,0.500000,quadratic,900,300,rosenbrock,9,7.730249,58.371059,80.846031,48.233650,328.954585
3,1.507637,2.832683,quadratic,900,300,rosenbrock,9,0.000005,0.348990,0.517196,0.346865,286.522640
3,2.066557,0.802409,quadratic,900,300,rosenbrock,9,0.006883,10.406595,6.899928,37.845020,332.917550
3,2.066557,2.066557,quadratic,900,300,rosenbrock,9,0.076087,0.480393,0.565862,0.340802,323.804905
3,1.765111,2.066557,quadratic,900,300,rosenbrock,9,0.002378,0.489363,0.548769,1.223547,269.730810
3,1.765111,1.287720,quadratic,900,300,rosenbrock,9,0.049048,3.828602,4.985251,28.145351,267.627500
3,1.765111,0.802409,quadratic,900,300,rosenbrock,9,3.520592,9.769547,8.596556,75.788063,274.822335
3,2.066557,3.316448,quadratic,900,300,rosenbrock,9,0.013847,1.906810,2.302843,0.829331,332.261560
3,2.066557,5.322296,quadratic,900,300,rosenbrock,9,0.156226,4.212423,4.871540,892.355530,324.193230
3,2.419483,0.585390,quadratic,900,300,rosenbrock,9,3.719558,29.255974,13.308984,69.339897,331.792655
3,2.066557,8.541316,quadratic,900,300,rosenbrock,9,0.521532,378.746399,5.421169,1133.477905,331.063700
3,2.419483,2.419483,quadratic,900,300,rosenbrock,9,0.011454,1.124572,1.624497,0.759309,326.914710
3,1.765111,3.316448,quadratic,900,300,rosenbrock,9,0.146112,1.315745,1.618052,0.477894,276.381920
3,2.419483,1.507637,quadratic,900,300,rosenbrock,9,0.001373,0.422159,0.630085,0.349555,334.192000
3,2.419483,3.882831,quadratic,900,300,rosenbrock,9,0.003181,3.427154,3.964369,1.412905,332.070010
3,2.419483,0.939444,quadratic,900,300,rosenbrock,9,0.002939,3.984353,4.411043,14.419598,340.395560
3,2.832683,0.685363,quadratic,900,300,rosenbrock,9,0.016124,4.534495,5.192083,25.744822,321.067795
3,2.832683,1.099883,quadratic,900,300,rosenbrock,9,0.032978,1.192299,1.513987,1.164683,341.018785
3,2.419483,10.000000,quadratic,900,300,rosenbrock,9,0.080357,4.821020,5.430363,14.976228,335.732285
3,2.419483,6.231237,quadratic,900,300,rosenbrock,9,0.086838,107.872047,5.421160,1022.845154,346.310605
3,2.832683,1.765111,quadratic,900,300,rosenbrock,9,0.120916,0.576240,0.746470,0.340464,339.036630
3,2.832683,2.832683,quadratic,900,300,rosenbrock,9,0.017706,3.132616,3.625872,1.284721,337.580705
3,2.832683,7.295407,quadratic,900,300,rosenbrock,9,3.500260,5.895854,5.448060,763.703369,336.601515
3,2.832683,4.545940,quadratic,900,300,rosenbrock,9,0.432256,4.045182,5.420286,892.244324,335.192810
3,5.322296,2.832683,quadratic,900,300,rosenbrock,9,0.088434,222.012527,5.401702,1075.735840,278.996980
3,5.322296,4.545940,quadratic,900,300,rosenbrock,9,4.349603,473.271118,510.008392,5367.215332,281.301805
3,3.316448,0.802409,quadratic,900,300,rosenbrock,9,0.237894,2.916018,3.124756,1.302280,360.140580
3,5.322296,7.295407,quadratic,900,300,rosenbrock,9,4.245084,632.258728,235.285660,1135.561401,288.615885
3,3.316448,0.500000,quadratic,900,300,rosenbrock,9,0.703674,15.097137,8.163254,39.035686,363.462200
3,3.316448,1.287720,quadratic,900,300,rosenbrock,9,0.011437,0.423839,0.574932,0.352935,356.678900
3,6.231237,0.500000,quadratic,900,300,rosenbrock,9,0.006127,0.670182,0.600601,27.981892,292.529625
3,6.231237,0.802409,quadratic,900,300,rosenbrock,9,0.004518,0.701007,0.835288,0.497995,298.221215
3,6.231237,1.287720,quadratic,900,300,rosenbrock,9,2.223656,3.272132,3.399299,749.728577,287.133540
3,6.231237,2.066557,quadratic,900,300,rosenbrock,9,0.852115,4.151792,5.281528,749.969116,283.801070
3,6.231237,3.316448,quadratic,900,300,rosenbrock,9,0.434543,67.048317,5.424346,900.688110,285.584485
3,3.316448,2.066557,quadratic,900,300,rosenbrock,9,0.340175,1.808975,2.315601,0.898188,361.631380
3,3.882831,0.585390,quadratic,900,300,rosenbrock,9,0.867764,4.579009,4.846320,18.848505,353.026820
3,6.231237,8.541316,quadratic,900,300,rosenbrock,9,3.253177,44.626614,30.829830,986.656616,280.746950
3,7.295407,0.939444,quadratic,900,300,rosenbrock,9,0.000896,1.821844,2.413574,0.963291,274.562680
3,7.295407,0.585390,quadratic,900,300,rosenbrock,9,0.000064,0.437016,0.528629,1.127932,280.562605
3,6.231237,5.322296,quadratic,900,300,rosenbrock,9,3.155082,100.815575,18.727682,986.371399,288.832480
3,3.316448,8.541316,quadratic,900,300,rosenbrock,9,0.011419,452.798096,46.918274,5390.723633,347.599300
3,3.882831,0.939444,quadratic,900,300,rosenbrock,9,0.001267,0.572905,0.702820,0.780297,351.409625
3,7.295407,6.231237,quadratic,900,300,rosenbrock,9,3.230613,361.936707,94.254929,5408.473145,277.800475
3,7.295407,3.882831,quadratic,900,300,rosenbrock,9,2.697728,24.499029,5.492006,892.944641,280.808920
3,3.316448,3.316448,quadratic,900,300,rosenbrock,9,3.782309,4.896652,5.411737,544.399902,367.510750
3,7.295407,1.507637,quadratic,900,300,rosenbrock,9,0.159097,4.091217,5.361438,999.799744,286.310175
3,7.295407,2.419483,quadratic,900,300,rosenbrock,9,2.346716,67.310844,5.421175,899.945618,286.805260
3,8.541316,0.685363,quadratic,900,300,rosenbrock,9,0.001333,1.044889,1.570570,1.136082,283.611405
3,7.295407,10.000000,quadratic,900,300,rosenbrock,9,5.844972,36.633366,30.217285,764.828186,289.920855
3,3.316448,5.322296,quadratic,900,300,rosenbrock,9,0.008063,472.686035,5.421164,1192.854248,357.771555
3,8.541316,1.099883,quadratic,900,300,rosenbrock,9,0.003768,3.684270,4.375727,999.814819,279.766930
3,8.541316,4.545940,quadratic,900,300,rosenbrock,9,3.439944,877.621582,996.613892,1026.543457,281.037800
3,8.541316,7.295407,quadratic,900,300,rosenbrock,9,1.671790,233.261108,12.324039,1070.335327,283.256400
3,8.541316,1.765111,quadratic,900,300,rosenbrock,9,0.524100,4.262883,5.421124,749.898132,288.574075
3,10.000000,0.500000,quadratic,900,300,rosenbrock,9,0.076208,0.736657,0.857041,1.103015,284.275450
3,10.000000,0.802409,quadratic,900,300,rosenbrock,9,0.000928,2.436716,2.972956,1.026738,280.881090
3,8.541316,2.832683,quadratic,900,300,rosenbrock,9,5.421171,91.306473,5.821237,990.076599,296.103530
3,3.882831,3.882831,quadratic,900,300,rosenbrock,9,0.143955,66.169983,5.421160,998.771484,364.165325
3,10.000000,1.287720,quadratic,900,300,rosenbrock,9,0.475395,4.211814,4.559032,544.522400,283.246665
3,10.000000,3.316448,quadratic,900,300,rosenbrock,9,4.358959,754.091187,502.046600,1178.513672,276.466185
3,3.882831,1.507637,quadratic,900,300,rosenbrock,9,0.000818,1.456288,1.863944,1.305632,362.962665
3,10.000000,2.066557,quadratic,900,300,rosenbrock,9,1.036987,77.065865,5.422407,994.617493,282.001965
3,4.545940,2.832683,quadratic,900,300,rosenbrock,9,0.881385,4.609001,5.362998,999.836060,354.058155
3,4.545940,1.765111,quadratic,900,300,rosenbrock,9,1.247113,2.992265,3.162786,749.941101,362.041310
3,3.882831,10.000000,quadratic,900,300,rosenbrock,9,4.208457,231.494843,9.662930,1071.239136,360.213140
3,4.545940,0.685363,quadratic,900,300,rosenbrock,9,0.036723,2.006278,2.165843,59.584759,363.178435
3,3.882831,2.419483,quadratic,900,300,rosenbrock,9,0.175145,3.081948,3.725168,1.431666,379.859340
3,3.882831,6.231237,quadratic,900,300,rosenbrock,9,0.175005,21.787493,5.774427,892.161743,375.582690
3,4.545940,4.545940,quadratic,900,300,rosenbrock,9,1.692484,180.000336,5.421219,1075.196411,348.715580
3,10.000000,5.322296,quadratic,900,300,rosenbrock,9,5.145583,178.824478,31.084946,5409.719727,290.108130
3,4.545940,1.099883,quadratic,900,300,rosenbrock,9,0.007602,0.657127,0.924326,0.557804,364.850620
3,0.500000,0.939444,exponential_3,900,300,rosenbrock,9,252.681458,1182.536987,1334.638672,1046.485718,269.246655
3,5.322296,0.500000,quadratic,900,300,rosenbrock,9,0.021002,2.870911,3.448318,2.079223,344.882355
3,0.500000,0.585390,exponential_3,900,300,rosenbrock,9,297.569397,2676.911377,2803.348633,2553.981201,272.190930
3,4.545940,7.295407,quadratic,900,300,rosenbrock,9,0.066627,6.655609,6.108044,746.939514,352.028635
3,5.322296,1.287720,quadratic,900,300,rosenbrock,9,0.159769,1.883215,2.180520,0.760784,350.100975
3,10.000000,8.541316,quadratic,900,300,rosenbrock,9,7.388339,676.036255,121.920998,1198.367065,277.017865
3,1.765111,5.322296,quadratic,900,300,rosenbrock,9,1.004553,3.584468,3.993880,544.774292,325.188600
3,1.765111,8.541316,quadratic,900,300,rosenbrock,9,1.856123,4.493935,5.420616,544.687622,321.559250
3,2.066557,0.585390,quadratic,900,300,rosenbrock,9,0.206107,39.273674,48.917679,74.653793,316.093355
3,5.322296,0.802409,quadratic,900,300,rosenbrock,9,0.002135,0.283674,0.349111,0.340696,360.714445
3,2.066557,1.507637,quadratic,900,300,rosenbrock,9,0.019165,1.237883,1.566162,1.990308,328.530370
3,0.500000,1.507637,exponential_3,900,300,rosenbrock,9,49.585739,178.314346,190.844986,207.550430,272.145850
3,2.066557,0.939444,quadratic,900,300,rosenbrock,9,1.319411,5.614581,6.202356,39.807144,316.473385
3,5.322296,2.066557,quadratic,900,300,rosenbrock,9,0.284595,3.870932,4.715763,749.705017,360.710290
3,2.066557,2.419483,quadratic,900,300,rosenbrock,9,0.002874,0.669176,0.961554,0.415149,331.730960
3,2.066557,6.231237,quadratic,900,300,rosenbrock,9,2.361379,4.743526,5.407893,999.820129,326.021335
3,2.066557,3.882831,quadratic,900,300,rosenbrock,9,0.002665,2.159763,2.735825,544.777832,329.145930
3,2.419483,0.685363,quadratic,900,300,rosenbrock,9,0.020853,16.154736,8.782652,58.787174,319.214905
3,2.419483,4.545940,quadratic,900,300,rosenbrock,9,0.743016,4.057124,4.876074,1.353543,315.904770
3,2.066557,10.000000,quadratic,900,300,rosenbrock,9,2.821471,129.475189,5.421337,994.373291,326.132665
3,2.419483,1.765111,quadratic,900,300,rosenbrock,9,0.045058,0.519331,0.644016,0.296910,324.652165
3,2.419483,2.832683,quadratic,900,300,rosenbrock,9,0.035686,1.569449,2.263819,750.201111,338.083335
3,2.419483,1.099883,quadratic,900,300,rosenbrock,9,0.000011,2.669957,3.109528,65.625023,330.728540
3,2.832683,0.802409,quadratic,900,300,rosenbrock,9,0.799943,4.096471,4.606562,209.769989,337.668310
3,2.832683,0.500000,quadratic,900,300,rosenbrock,9,0.717135,22.080799,12.882288,67.357933,326.232080
3,2.832683,1.287720,quadratic,900,300,rosenbrock,9,0.093415,0.594855,0.684725,0.370223,330.413535
3,2.832683,3.316448,quadratic,900,300,rosenbrock,9,0.037671,3.572206,4.068150,749.696289,322.499515
3,2.419483,7.295407,quadratic,900,300,rosenbrock,9,0.160310,4.778974,5.421163,892.719788,336.110065
3,2.832683,8.541316,quadratic,900,300,rosenbrock,9,0.033453,473.355835,5.711860,7379.226562,325.241840
3,2.832683,5.322296,quadratic,900,300,rosenbrock,9,0.104252,3.689253,5.191728,892.442261,329.490120
3,2.832683,2.066557,quadratic,900,300,rosenbrock,9,0.023334,1.290045,1.609634,0.630314,336.550000
3,5.322296,5.322296,quadratic,900,300,rosenbrock,9,4.360501,322.857056,5.434290,1142.919678,288.430825
3,5.322296,3.316448,quadratic,900,300,rosenbrock,9,0.024839,744.023010,429.400055,1180.485229,294.311965
3,6.231237,0.585390,quadratic,900,300,rosenbrock,9,0.017012,0.609159,0.720296,0.403847,289.657140
3,6.231237,0.939444,quadratic,900,300,rosenbrock,9,0.001960,1.208763,1.642138,0.707581,289.199855
3,6.231237,2.419483,quadratic,900,300,rosenbrock,9,0.011973,4.385460,5.421160,892.557617,285.996235
3,5.322296,8.541316,quadratic,900,300,rosenbrock,9,2.486282,462.473694,82.727127,5387.404297,304.562055
3,6.231237,1.507637,quadratic,900,300,rosenbrock,9,1.718632,3.641001,3.912029,544.816650,288.487140
3,7.295407,0.685363,quadratic,900,300,rosenbrock,9,0.102109,0.685316,0.747400,0.411968,279.340130
3,6.231237,3.882831,quadratic,900,300,rosenbrock,9,3.373992,273.619110,28.821692,1053.632690,290.015885
3,6.231237,10.000000,quadratic,900,300,rosenbrock,9,5.039226,56.545162,52.033375,873.276184,283.057570
3,7.295407,7.295407,quadratic,900,300,rosenbrock,9,1.099565,167.310669,82.050148,772.079529,282.458960
3,7.295407,4.545940,quadratic,900,300,rosenbrock,9,0.881161,135.268234,6.135454,897.642029,282.758405
3,7.295407,1.765111,quadratic,900,300,rosenbrock,9,0.242935,4.715336,5.384598,544.416931,279.478120
3,7.295407,2.832683,quadratic,900,300,rosenbrock,9,1.310518,629.756592,7.468515,1223.915283,277.451050
3,6.231237,6.231237,quadratic,900,300,rosenbrock,9,0.717795,380.388733,7.148541,1133.206055,291.742255
3,7.295407,1.099883,quadratic,900,300,rosenbrock,9,0.000675,2.438203,3.101001,544.780090,293.901655
3,8.541316,0.802409,quadratic,900,300,rosenbrock,9,0.764909,2.091988,2.283957,0.499456,278.554495
3,3.316448,0.939444,quadratic,900,300,rosenbrock,9,0.104782,0.922224,1.238040,0.837577,347.166780
3,8.541316,1.287720,quadratic,900,300,rosenbrock,9,0.871840,4.299654,5.165299,544.549927,284.042075
3,8.541316,0.500000,quadratic,900,300,rosenbrock,9,0.082259,0.534252,0.680282,0.305213,294.834510
3,8.541316,5.322296,quadratic,900,300,rosenbrock,9,2.025414,83.493286,14.785589,778.015869,284.882375
3,3.316448,0.585390,quadratic,900,300,rosenbrock,9,0.715306,9.273488,5.838668,35.399448,346.174345
3,8.541316,8.541316,quadratic,900,300,rosenbrock,9,7.404725,569.032471,91.070763,5380.483887,294.103105
3,8.541316,2.066557,quadratic,900,300,rosenbrock,9,0.067574,311.454376,5.421165,1138.977783,289.000100
3,3.316448,1.507637,quadratic,900,300,rosenbrock,9,0.000227,0.401076,0.546010,0.555215,352.970320
3,8.541316,3.316448,quadratic,900,300,rosenbrock,9,3.380060,319.351196,7.785833,1145.048706,281.317845
3,10.000000,1.507637,quadratic,900,300,rosenbrock,9,1.653966,161.025055,5.421151,1082.398315,284.244375
3,3.882831,0.685363,quadratic,900,300,rosenbrock,9,0.298693,3.022342,3.626962,1.743643,345.661155
3,10.000000,0.939444,quadratic,900,300,rosenbrock,9,0.204572,3.213130,3.867817,544.724792,295.986975
3,10.000000,2.419483,quadratic,900,300,rosenbrock,9,0.002147,6.887157,9.443892,5438.946777,285.408220
3,3.316448,2.419483,quadratic,900,300,rosenbrock,9,0.001481,2.210118,2.622706,0.926960,354.406635
3,10.000000,0.585390,quadratic,900,300,rosenbrock,9,0.029246,1.245403,1.508433,0.629638,307.842330
3,3.882831,1.099883,quadratic,900,300,rosenbrock,9,0.062555,0.532683,0.666745,0.335717,347.870370
3,3.316448,3.882831,quadratic,900,300,rosenbrock,9,2.713540,5.089502,5.421160,999.341736,344.947275
3,0.500000,1.099883,exponential_3,900,300,rosenbrock,9,84.592941,663.178040,685.963684,659.150940,278.775235
3,0.500000,0.685363,exponential_3,900,300,rosenbrock,9,929.832458,2706.277588,3469.196777,1913.404785,277.785355
3,10.000000,3.882831,quadratic,900,300,rosenbrock,9,0.764428,158.080215,58.026657,982.068604,308.587755
3,3.316448,10.000000,quadratic,900,300,rosenbrock,9,0.124689,759.672485,539.804871,1175.085693,365.381545
3,3.316448,6.231237,quadratic,900,300,rosenbrock,9,0.032259,4.892181,5.421163,892.668030,352.290450
3,10.000000,10.000000,quadratic,900,300,rosenbrock,9,7.419660,418.047424,86.626968,1114.221191,288.902540
3,10.000000,6.231237,quadratic,900,300,rosenbrock,9,6.193963,229.574982,91.642868,969.192566,302.428170
3,0.500000,1.765111,exponential_3,900,300,rosenbrock,9,21.367170,103.656860,113.195068,96.167297,284.727135
3,3.882831,1.765111,quadratic,900,300,rosenbrock,9,0.005151,1.634373,1.997475,0.850864,349.139170
3,3.882831,4.545940,quadratic,900,300,rosenbrock,9,0.208223,534.605957,5.421181,1175.723755,359.390375
3,4.545940,3.316448,quadratic,900,300,rosenbrock,9,0.907776,4.700873,5.420442,892.443359,356.900150
3,4.545940,0.500000,quadratic,900,300,rosenbrock,9,2.261304,4.599098,4.596255,24.877405,353.126440
3,4.545940,0.802409,quadratic,900,300,rosenbrock,9,0.007182,0.429079,0.561803,0.850479,351.555225
3,4.545940,2.066557,quadratic,900,300,rosenbrock,9,0.003556,3.245523,3.976718,999.888184,356.416220
3,4.545940,5.322296,quadratic,900,300,rosenbrock,9,0.251200,644.992432,304.922913,1127.051636,348.158835
3,0.500000,3.882831,exponential_3,900,300,rosenbrock,9,0.048193,4.890870,5.921362,214.694977,330.489175
3,0.500000,2.419483,exponential_3,900,300,rosenbrock,9,1.451206,39.631344,37.019432,76.790726,333.062125
3,3.882831,2.832683,quadratic,900,300,rosenbrock,9,1.491198,4.374809,5.326404,892.260742,355.931890
3,3.882831,7.295407,quadratic,900,300,rosenbrock,9,5.084260,85.102654,8.635527,991.437195,355.766590
3,0.500000,6.231237,exponential_3,900,300,rosenbrock,9,0.042934,2.670178,4.043767,33.401211,334.146095
3,4.545940,1.287720,quadratic,900,300,rosenbrock,9,0.250243,1.212078,1.468068,1.361395,350.667285
3,0.500000,10.000000,exponential_3,900,300,rosenbrock,9,0.023262,2.837587,3.349760,1.712130,327.005330
3,4.545940,8.541316,quadratic,900,300,rosenbrock,9,5.303814,506.795013,89.563438,1173.577881,349.044665
3,5.322296,1.507637,quadratic,900,300,rosenbrock,9,0.127937,2.563148,3.066250,544.693054,348.667265
3,5.322296,0.939444,quadratic,900,300,rosenbrock,9,0.001930,0.527681,0.750068,0.471510,341.256085
3,0.585390,0.685363,exponential_3,900,300,rosenbrock,9,513.355042,1908.880371,2247.122070,2682.957275,331.634335
3,5.322296,0.585390,quadratic,900,300,rosenbrock,9,0.002753,1.157734,1.448393,1.594295,359.627505
3,5.322296,2.419483,quadratic,900,300,rosenbrock,9,0.009750,4.738243,5.420174,749.779297,339.649420
3,0.585390,1.099883,exponential_3,900,300,rosenbrock,9,102.475647,521.616821,616.039429,1072.272217,320.323750
3,0.585390,2.832683,exponential_3,900,300,rosenbrock,9,0.618794,18.128548,11.259292,70.965042,316.412050
3,0.585390,1.765111,exponential_3,900,300,rosenbrock,9,6.783571,58.238113,78.628456,220.911972,318.908895
3,0.585390,4.545940,exponential_3,900,300,rosenbrock,9,0.145449,3.725286,4.912961,1.985910,319.205120
3,0.585390,7.295407,exponential_3,900,300,rosenbrock,9,0.173836,2.909261,3.468349,65.621964,312.729220
3,0.685363,0.802409,exponential_3,900,300,rosenbrock,9,128.375488,577.014526,610.737244,668.804138,308.278485
3,0.685363,1.287720,exponential_3,900,300,rosenbrock,9,9.523690,213.022247,267.388611,298.197052,301.914745
3,0.685363,0.500000,exponential_3,900,300,rosenbrock,9,326.275452,1154.542969,1174.255371,1680.840088,314.932140
3,0.685363,2.066557,exponential_3,900,300,rosenbrock,9,0.184807,8.030907,7.346444,35.033264,303.245170
3,0.685363,3.316448,exponential_3,900,300,rosenbrock,9,0.069308,3.886527,4.845969,68.861656,299.510520
3,0.802409,0.585390,exponential_3,900,300,rosenbrock,9,248.543259,816.378540,929.645630,1157.410034,286.944860
3,0.802409,0.939444,exponential_3,900,300,rosenbrock,9,42.995998,145.031891,131.247650,264.053619,283.762060
3,0.685363,8.541316,exponential_3,900,300,rosenbrock,9,0.221406,2.580922,3.134760,750.041809,294.023205
3,0.685363,5.322296,exponential_3,900,300,rosenbrock,9,0.055960,3.333121,4.148101,1.395830,297.873290
3,0.802409,1.507637,exponential_3,900,300,rosenbrock,9,6.866268,53.576447,75.511887,70.977119,285.228565
3,0.802409,3.882831,exponential_3,900,300,rosenbrock,9,0.067223,3.045438,4.473719,6.372988,278.944065
3,0.802409,2.419483,exponential_3,900,300,rosenbrock,9,0.091250,5.453148,6.118400,59.792854,282.275780
3,7.295407,0.802409,quadratic,900,300,rosenbrock,9,0.084558,1.102168,1.627691,0.744717,228.246945
3,5.322296,3.882831,quadratic,900,300,rosenbrock,9,4.318644,181.129089,6.172044,1075.174194,249.433865
3,0.802409,10.000000,exponential_3,900,300,rosenbrock,9,0.001491,2.466705,2.941523,544.835876,189.759870
3,6.231237,2.832683,quadratic,900,300,rosenbrock,9,1.844312,23.752226,5.421165,883.854126,239.813845
3,7.295407,0.500000,quadratic,900,300,rosenbrock,9,0.003310,0.455431,0.588086,1.076437,234.362030
3,7.295407,2.066557,quadratic,900,300,rosenbrock,9,0.041067,5.403360,5.421163,999.475647,234.271270
3,5.322296,6.231237,quadratic,900,300,rosenbrock,9,2.807385,387.420288,16.756836,5405.190918,279.208735
3,10.000000,1.099883,quadratic,900,300,rosenbrock,9,0.883191,4.345605,5.227107,892.439209,189.212290
3,6.231237,0.685363,quadratic,900,300,rosenbrock,9,0.022924,0.451347,0.546583,0.356748,267.768900
3,6.231237,4.545940,quadratic,900,300,rosenbrock,9,0.104964,5.200038,5.428534,1000.101196,268.415290
3,6.231237,1.099883,quadratic,900,300,rosenbrock,9,0.001383,1.367967,2.066360,545.023132,276.141825
3,6.231237,1.765111,quadratic,900,300,rosenbrock,9,0.043715,3.681217,4.826844,749.903931,270.927170
3,5.322296,10.000000,quadratic,900,300,rosenbrock,9,4.031664,174.488464,37.741425,883.072327,272.535925
3,7.295407,3.316448,quadratic,900,300,rosenbrock,9,0.041529,4.700975,5.422340,892.737732,262.090975
3,7.295407,5.322296,quadratic,900,300,rosenbrock,9,0.647163,709.891663,115.408966,5358.029785,266.726695
3,0.939444,0.685363,exponential_3,900,300,rosenbrock,9,69.582901,430.644012,581.957642,285.834778,231.319505
3,0.802409,6.231237,exponential_3,900,300,rosenbrock,9,0.001857,2.264216,3.214143,210.449661,249.159730
3,7.295407,1.287720,quadratic,900,300,rosenbrock,9,0.004438,2.682274,3.369192,1.525181,268.679470
3,7.295407,8.541316,quadratic,900,300,rosenbrock,9,3.568722,217.977661,79.245758,975.635864,279.777000
3,8.541316,0.939444,quadratic,900,300,rosenbrock,9,0.424747,2.782205,3.247777,1.259509,278.135170
3,6.231237,7.295407,quadratic,900,300,rosenbrock,9,0.278593,231.307144,115.825996,877.758728,286.470390
3,8.541316,0.585390,quadratic,900,300,rosenbrock,9,0.000157,0.800625,1.129868,0.525906,265.800365
3,8.541316,3.882831,quadratic,900,300,rosenbrock,9,3.984944,386.994995,6.854997,1129.625122,257.086980
3,8.541316,2.419483,quadratic,900,300,rosenbrock,9,0.897650,9.753206,5.496901,997.983521,261.596570
3,0.939444,4.545940,exponential_3,900,300,rosenbrock,9,0.133063,2.766559,3.657204,1.602235,234.975505
3,0.939444,1.765111,exponential_3,900,300,rosenbrock,9,4.867919,17.436493,10.693906,185.976608,242.403700
3,8.541316,1.507637,quadratic,900,300,rosenbrock,9,0.776636,4.453162,5.420083,764.137573,278.400090
3,0.939444,1.099883,exponential_3,900,300,rosenbrock,9,13.052597,87.620872,108.200493,85.806366,254.446635
3,8.541316,6.231237,quadratic,900,300,rosenbrock,9,2.304764,344.065247,44.779900,1132.407349,278.640035
3,8.541316,10.000000,quadratic,900,300,rosenbrock,9,4.935262,37.123932,29.396528,752.346008,272.206665
3,10.000000,2.832683,quadratic,900,300,rosenbrock,9,0.019238,436.878662,34.547367,1079.276489,256.258885
3,0.939444,7.295407,exponential_3,900,300,rosenbrock,9,0.076837,3.333681,3.958773,573.413330,239.203570
3,1.099883,0.500000,exponential_3,900,300,rosenbrock,9,103.773865,714.178833,917.613403,645.773376,233.983065
3,0.500000,1.287720,exponential_3,900,300,rosenbrock,9,143.361526,498.992615,647.225586,810.223816,253.834740
3,0.939444,2.832683,exponential_3,900,300,rosenbrock,9,1.193493,3.823865,4.257400,1.442025,260.065560
3,10.000000,1.765111,quadratic,900,300,rosenbrock,9,0.955104,5.386961,5.421165,775.101990,277.802085
3,10.000000,0.685363,quadratic,900,300,rosenbrock,9,0.010062,1.950360,2.423833,1.099798,267.146380
3,10.000000,4.545940,quadratic,900,300,rosenbrock,9,2.582136,129.656555,7.112206,994.062439,256.949945
3,0.500000,0.802409,exponential_3,900,300,rosenbrock,9,80.538567,1937.437378,2176.865234,1938.135376,269.498520
3,0.500000,0.500000,exponential_3,900,300,rosenbrock,9,649.390564,3638.607910,4770.811035,3875.612061,255.145750
3,10.000000,7.295407,quadratic,900,300,rosenbrock,9,5.839871,103.849754,72.104874,968.080505,266.454405
3,0.500000,2.066557,exponential_3,900,300,rosenbrock,9,7.215469,62.549438,83.335098,99.892654,269.461015
3,1.099883,0.802409,exponential_3,900,300,rosenbrock,9,8.386501,107.308197,144.278442,164.343185,271.260425
3,0.500000,4.545940,exponential_3,900,300,rosenbrock,9,0.070437,4.352980,5.254771,15.525128,258.715210
3,0.500000,2.832683,exponential_3,900,300,rosenbrock,9,0.334267,17.095272,11.142879,213.914215,264.579445
3,0.500000,7.295407,exponential_3,900,300,rosenbrock,9,0.116749,2.818525,3.724984,1.945481,267.239335
3,0.585390,0.500000,exponential_3,900,300,rosenbrock,9,111.153786,3230.285400,3321.209473,2779.026367,279.588210
3,1.099883,1.287720,exponential_3,900,300,rosenbrock,9,3.322698,37.986839,29.873283,66.156754,322.166755
3,0.585390,0.802409,exponential_3,900,300,rosenbrock,9,197.445328,1227.809814,1537.020996,1342.431763,281.064215
3,1.507637,7.295407,exponential_3,900,300,rosenbrock,9,0.009885,2.690776,3.265065,749.898438,275.508575
3,1.507637,1.765111,exponential_3,900,300,rosenbrock,9,1.679560,4.341631,5.050668,215.637741,280.064625
3,1.099883,2.066557,exponential_3,900,300,rosenbrock,9,0.723326,4.948400,5.664412,30.991121,336.366605
3,1.507637,2.832683,exponential_3,900,300,rosenbrock,9,1.312317,3.221725,3.838038,1.240043,282.330190
3,1.765111,1.765111,exponential_3,900,300,rosenbrock,9,0.006450,3.765201,4.580611,24.246660,274.600980
3,1.099883,3.316448,exponential_3,900,300,rosenbrock,9,0.044056,3.641056,4.170067,1.803571,335.265900
3,0.585390,1.287720,exponential_3,900,300,rosenbrock,9,66.866051,264.309814,265.630341,439.100189,308.234555
3,1.765111,0.685363,exponential_3,900,300,rosenbrock,9,6.194938,38.700592,50.118454,113.893639,279.427395
3,0.585390,3.316448,exponential_3,900,300,rosenbrock,9,0.369149,5.755169,6.323561,45.290215,308.356235
3,0.585390,2.066557,exponential_3,900,300,rosenbrock,9,3.067701,43.518974,60.444454,101.726418,307.978120
3,1.765111,0.939444,exponential_3,900,300,rosenbrock,9,1.488623,15.255134,7.686707,49.549309,281.960840
3,1.507637,4.545940,exponential_3,900,300,rosenbrock,9,0.767884,3.307177,3.300245,1.201530,286.921105
3,1.765111,1.287720,exponential_3,900,300,rosenbrock,9,3.650933,6.866293,7.642143,68.126350,281.717250
3,1.099883,5.322296,exponential_3,900,300,rosenbrock,9,0.020197,1.761738,2.611899,1.768250,341.651065
3,1.765111,0.500000,exponential_3,900,300,rosenbrock,9,24.588058,99.645073,114.133255,116.216675,288.767745
3,2.066557,0.500000,exponential_3,900,300,rosenbrock,9,8.218081,64.042297,84.921936,96.679359,273.705470
3,2.066557,0.685363,exponential_3,900,300,rosenbrock,9,1.474063,44.587643,69.131180,209.801346,272.069100
3,0.685363,0.939444,exponential_3,900,300,rosenbrock,9,17.655785,316.161774,379.775696,252.459381,310.107645
3,1.765111,3.316448,exponential_3,900,300,rosenbrock,9,1.616264,3.195875,3.313134,749.779297,284.605480
3,1.765111,4.545940,exponential_3,900,300,rosenbrock,9,0.005798,2.001442,2.857092,1.430571,284.224705
3,1.099883,8.541316,exponential_3,900,300,rosenbrock,9,0.014281,2.478076,3.274487,544.919373,346.231735
3,1.765111,2.419483,exponential_3,900,300,rosenbrock,9,0.046310,2.476883,3.511588,216.023117,290.385370
3,1.287720,1.507637,exponential_3,900,300,rosenbrock,9,0.570061,5.395707,6.335014,93.036591,342.265970
3,1.765111,8.541316,exponential_3,900,300,rosenbrock,9,0.032679,2.835771,3.366982,749.834412,287.227205
3,1.765111,6.231237,exponential_3,900,300,rosenbrock,9,0.182699,3.483759,4.189162,544.723755,290.535730
3,1.287720,0.939444,exponential_3,900,300,rosenbrock,9,3.101121,41.391029,46.777496,107.798393,347.003645
3,0.585390,8.541316,exponential_3,900,300,rosenbrock,9,0.001111,2.170447,3.008605,216.016373,323.361465
3,0.685363,1.507637,exponential_3,900,300,rosenbrock,9,19.050369,117.170067,151.347198,229.960846,322.594445
3,0.802409,0.685363,exponential_3,900,300,rosenbrock,9,57.636059,601.988586,596.976562,814.976624,317.092355
3,1.287720,2.419483,exponential_3,900,300,rosenbrock,9,0.328327,3.022428,4.148053,1.794563,347.147235
3,2.066557,1.765111,exponential_3,900,300,rosenbrock,9,0.107869,3.626409,4.142954,1.585755,274.845335
3,0.685363,0.585390,exponential_3,900,300,rosenbrock,9,88.835258,1025.835815,865.286072,2093.116943,322.619265
3,2.066557,0.939444,exponential_3,900,300,rosenbrock,9,1.126181,6.432583,7.748921,9.564462,281.803700
3,1.287720,0.585390,exponential_3,900,300,rosenbrock,9,8.668369,246.967346,240.508789,489.759369,356.354635
3,0.802409,1.099883,exponential_3,900,300,rosenbrock,9,67.743362,219.029205,192.978439,325.362488,317.603420
3,0.685363,3.882831,exponential_3,900,300,rosenbrock,9,0.143184,4.039341,5.077775,18.490749,320.507010
3,0.585390,5.322296,exponential_3,900,300,rosenbrock,9,0.493208,3.363410,4.207033,16.381485,329.844885
3,0.685363,2.419483,exponential_3,900,300,rosenbrock,9,1.485911,25.391224,12.062174,52.269600,324.905400
3,1.507637,0.685363,exponential_3,900,300,rosenbrock,9,8.076302,54.041191,73.092422,198.427139,341.563040
3,1.507637,1.099883,exponential_3,900,300,rosenbrock,9,2.239911,8.037602,7.594276,45.642399,340.973765
3,2.066557,3.316448,exponential_3,900,300,rosenbrock,9,0.022905,3.145474,3.571240,892.561279,273.542990
3,1.287720,10.000000,exponential_3,900,300,rosenbrock,9,0.089732,2.613481,3.120094,749.973755,347.710715
3,0.802409,1.765111,exponential_3,900,300,rosenbrock,9,1.353917,26.322815,15.881665,58.049828,321.537015
3,1.287720,6.231237,exponential_3,900,300,rosenbrock,9,0.037953,2.328482,3.211597,1.616456,351.668720
3,0.685363,10.000000,exponential_3,900,300,rosenbrock,9,0.008271,2.641051,3.294769,544.699463,325.366050
3,0.802409,2.832683,exponential_3,900,300,rosenbrock,9,0.298747,5.514565,6.605991,2.137952,320.364565
3,2.066557,2.419483,exponential_3,900,300,rosenbrock,9,0.001695,2.816557,3.927584,892.479248,279.358985
3,0.685363,6.231237,exponential_3,900,300,rosenbrock,9,0.000973,2.574610,3.721330,34.832287,325.482860
3,0.802409,4.545940,exponential_3,900,300,rosenbrock,9,0.025783,2.602090,3.979329,210.299164,323.224175
3,2.066557,1.287720,exponential_3,900,300,rosenbrock,9,0.358701,4.498260,5.301692,24.709805,289.734285
3,2.419483,0.500000,exponential_3,900,300,rosenbrock,9,1.331635,45.621387,49.955666,120.635323,273.504345
3,1.287720,3.882831,exponential_3,900,300,rosenbrock,9,0.133127,3.231248,3.590099,1.262848,359.319615
3,2.066557,8.541316,exponential_3,900,300,rosenbrock,9,0.170454,3.270159,3.719649,749.839966,276.101680
3,2.066557,6.231237,exponential_3,900,300,rosenbrock,9,0.074789,2.961053,3.336973,544.691223,276.431635
3,2.066557,4.545940,exponential_3,900,300,rosenbrock,9,0.001324,3.113828,3.552401,749.754578,281.452785
3,2.419483,0.685363,exponential_3,900,300,rosenbrock,9,0.123274,30.250092,8.892179,59.998695,268.144540
3,2.419483,0.939444,exponential_3,900,300,rosenbrock,9,0.024858,4.207382,5.490539,66.101067,266.585640
3,0.939444,0.500000,exponential_3,900,300,rosenbrock,9,175.690369,914.531860,746.593872,1848.399536,339.112210
3,2.419483,1.287720,exponential_3,900,300,rosenbrock,9,0.334764,3.040927,4.184469,34.707180,273.093205
3,2.419483,1.765111,exponential_3,900,300,rosenbrock,9,0.027752,2.485928,3.634844,65.712509,268.781815
3,2.419483,2.419483,exponential_3,900,300,rosenbrock,9,0.012632,3.557271,4.167453,544.741272,269.917180
3,0.939444,0.802409,exponential_3,900,300,rosenbrock,9,16.891621,204.065781,208.489227,380.163971,338.503160
3,2.419483,3.316448,exponential_3,900,300,rosenbrock,9,0.036483,2.798111,3.391554,1.952379,269.558810
3,0.802409,7.295407,exponential_3,900,300,rosenbrock,9,0.000138,1.683859,2.714663,1.782149,342.534820
3,0.939444,5.322296,exponential_3,900,300,rosenbrock,9,0.010928,2.342823,3.091402,216.061829,324.666900
3,2.419483,4.545940,exponential_3,900,300,rosenbrock,9,2.243387,3.293751,3.349161,544.707031,272.788090
3,2.419483,6.231237,exponential_3,900,300,rosenbrock,9,0.141150,2.543547,3.092229,749.797729,269.802775
3,0.939444,1.287720,exponential_3,900,300,rosenbrock,9,0.503179,43.831699,57.975090,74.481964,340.286120
3,0.939444,2.066557,exponential_3,900,300,rosenbrock,9,0.206436,5.382386,6.346868,73.454750,346.439510
3,0.939444,3.316448,exponential_3,900,300,rosenbrock,9,0.017937,4.559398,5.138371,23.762449,342.913440
3,1.099883,0.585390,exponential_3,900,300,rosenbrock,9,44.459183,371.780090,383.800476,662.686340,349.518160
3,0.939444,8.541316,exponential_3,900,300,rosenbrock,9,0.000202,2.403187,3.328463,1.638893,355.014260
3,1.099883,0.939444,exponential_3,900,300,rosenbrock,9,4.955071,80.135605,81.006683,221.762161,338.452910
3,0.500000,5.322296,exponential_3,900,300,rosenbrock,9,0.005638,3.236119,4.748546,2.125934,297.835890
3,0.500000,3.316448,exponential_3,900,300,rosenbrock,9,0.625186,26.697884,13.463860,51.932049,310.787755
3,1.507637,2.066557,exponential_3,900,300,rosenbrock,9,0.286962,3.562296,4.236799,10.812098,261.746940
3,0.500000,8.541316,exponential_3,900,300,rosenbrock,9,0.010695,2.537844,3.335441,1.558124,315.627085
3,0.585390,0.585390,exponential_3,900,300,rosenbrock,9,201.172394,1670.154297,1751.572754,1906.954102,301.798205
3,1.507637,8.541316,exponential_3,900,300,rosenbrock,9,1.096757,3.330859,3.505707,1.050433,273.126500
3,0.585390,0.939444,exponential_3,900,300,rosenbrock,9,168.371185,530.605469,626.228210,1010.211243,300.863530
3,1.765111,2.066557,exponential_3,900,300,rosenbrock,9,0.044649,3.042146,4.056629,1.761582,269.178105
3,1.507637,3.316448,exponential_3,900,300,rosenbrock,9,0.005187,2.617022,3.464146,210.397842,271.325520
3,1.765111,0.802409,exponential_3,900,300,rosenbrock,9,0.749517,26.797550,30.302654,36.491119,267.977960
3,1.765111,1.507637,exponential_3,900,300,rosenbrock,9,0.285171,4.297457,5.131905,1.687553,269.950680
3,1.765111,1.099883,exponential_3,900,300,rosenbrock,9,0.065551,10.750931,7.338731,215.147522,274.823280
3,1.765111,0.585390,exponential_3,900,300,rosenbrock,9,7.880070,57.884556,68.313637,211.469284,272.492110
3,2.066557,0.802409,exponential_3,900,300,rosenbrock,9,4.085520,6.981851,7.623519,33.150784,274.818850
3,1.765111,3.882831,exponential_3,900,300,rosenbrock,9,0.351013,3.156354,3.193598,544.585999,271.747760
3,1.765111,10.000000,exponential_3,900,300,rosenbrock,9,2.733136,3.707563,4.041244,544.481140,266.445165
3,2.066557,0.585390,exponential_3,900,300,rosenbrock,9,3.909771,44.037720,54.359180,72.401680,277.574900
3,1.765111,5.322296,exponential_3,900,300,rosenbrock,9,0.000446,2.600076,3.314226,763.270752,273.356370
3,1.765111,2.832683,exponential_3,900,300,rosenbrock,9,0.011322,2.003707,3.370069,1.840467,270.860500
3,1.507637,5.322296,exponential_3,900,300,rosenbrock,9,1.041694,3.263396,3.616000,544.773865,283.544375
3,1.765111,7.295407,exponential_3,900,300,rosenbrock,9,0.025435,2.592100,3.426944,544.751892,271.486550
3,2.066557,2.066557,exponential_3,900,300,rosenbrock,9,0.021554,3.094334,3.903265,210.355942,265.639525
3,2.066557,1.099883,exponential_3,900,300,rosenbrock,9,0.187743,3.133474,3.781752,2.043650,266.474410
3,1.099883,1.507637,exponential_3,900,300,rosenbrock,9,4.210775,13.658245,8.252665,42.130932,349.237775
3,0.585390,2.419483,exponential_3,900,300,rosenbrock,9,0.094134,26.313860,21.978189,69.052361,304.911980
3,0.585390,3.882831,exponential_3,900,300,rosenbrock,9,1.574198,5.248645,6.013804,2.079068,310.407130
3,0.585390,1.507637,exponential_3,900,300,rosenbrock,9,4.382866,122.057060,134.437347,163.671402,315.757560
3,2.066557,3.882831,exponential_3,900,300,rosenbrock,9,0.003967,1.986356,3.215077,892.951538,278.720560
3,0.685363,1.099883,exponential_3,900,300,rosenbrock,9,46.434807,334.994690,282.244141,624.544617,317.615295
3,1.099883,2.419483,exponential_3,900,300,rosenbrock,9,0.028552,2.974712,4.104135,22.363482,339.683645
3,0.685363,1.765111,exponential_3,900,300,rosenbrock,9,6.240268,20.129242,19.248314,50.721619,313.676215
3,0.585390,10.000000,exponential_3,900,300,rosenbrock,9,0.025469,2.019969,3.079674,210.511322,319.001730
3,2.419483,1.099883,exponential_3,900,300,rosenbrock,9,0.001425,3.861228,5.097624,2.115743,282.861940
3,2.419483,0.585390,exponential_3,900,300,rosenbrock,9,0.024342,28.694124,29.776901,41.569168,288.221905
3,2.419483,0.802409,exponential_3,900,300,rosenbrock,9,0.173698,4.684077,6.474315,2.841510,285.712415
3,2.066557,1.507637,exponential_3,900,300,rosenbrock,9,0.203308,2.959372,4.365021,1.913861,290.332850
3,2.066557,2.832683,exponential_3,900,300,rosenbrock,9,0.024265,3.281227,3.951407,1.286368,294.809530
3,2.066557,10.000000,exponential_3,900,300,rosenbrock,9,2.223056,159.891449,4.183558,1082.159058,291.614125
3,1.099883,6.231237,exponential_3,900,300,rosenbrock,9,0.023585,2.427012,3.197007,544.887024,342.804135
3,1.099883,3.882831,exponential_3,900,300,rosenbrock,9,0.474390,2.541990,3.469140,65.706284,355.336105
3,2.419483,1.507637,exponential_3,900,300,rosenbrock,9,0.116729,3.477948,4.143701,1.213891,288.650365
3,2.066557,5.322296,exponential_3,900,300,rosenbrock,9,0.121599,3.717041,4.651187,764.064575,295.256320
3,2.066557,7.295407,exponential_3,900,300,rosenbrock,9,0.000489,2.958159,3.847030,1.800733,297.405375
3,2.419483,2.066557,exponential_3,900,300,rosenbrock,9,0.200633,2.661620,3.317374,544.714966,292.693035
3,0.802409,0.802409,exponential_3,900,300,rosenbrock,9,46.276115,481.210632,639.781067,634.755981,328.952915
3,2.419483,3.882831,exponential_3,900,300,rosenbrock,9,0.151670,2.798379,3.313442,749.920288,287.914155
3,0.685363,0.685363,exponential_3,900,300,rosenbrock,9,88.640121,770.596497,802.077698,1761.478027,329.635200
3,0.802409,1.287720,exponential_3,900,300,rosenbrock,9,9.945419,84.964310,94.145950,214.158478,326.003450
3,1.287720,1.099883,exponential_3,900,300,rosenbrock,9,1.786882,17.846546,19.830219,49.173817,349.679005
3,0.802409,2.066557,exponential_3,900,300,rosenbrock,9,1.712080,17.728809,8.439575,63.029949,325.061980
3,2.419483,5.322296,exponential_3,900,300,rosenbrock,9,0.363155,2.724714,3.072100,544.855896,291.201240
3,0.585390,6.231237,exponential_3,900,300,rosenbrock,9,0.404159,3.685390,4.118485,209.822372,333.358840
3,0.685363,4.545940,exponential_3,900,300,rosenbrock,9,0.056074,3.094746,4.476068,24.390064,335.394185
3,0.802409,0.500000,exponential_3,900,300,rosenbrock,9,417.116028,1495.011963,1763.685059,1123.490356,322.806935
3,0.685363,2.832683,exponential_3,900,300,rosenbrock,9,0.447165,5.318755,6.874194,36.216759,333.068625
3,1.287720,1.765111,exponential_3,900,300,rosenbrock,9,0.175311,4.397812,5.485041,33.920296,356.326605
3,2.419483,2.832683,exponential_3,900,300,rosenbrock,9,0.178008,2.466788,3.030457,544.730957,310.122565
3,0.685363,7.295407,exponential_3,900,300,rosenbrock,9,0.001309,2.932590,3.552613,1.919912,323.359555
3,0.802409,3.316448,exponential_3,900,300,rosenbrock,9,0.095569,3.569474,4.643931,16.195612,326.543365
3,2.419483,7.295407,exponential_3,900,300,rosenbrock,9,0.690756,2.759202,3.168179,749.899841,291.678755
3,0.802409,5.322296,exponential_3,900,300,rosenbrock,9,0.063028,2.749672,3.778454,1.686116,329.699800
3,1.099883,10.000000,exponential_3,900,300,rosenbrock,9,0.110711,3.130520,3.310117,892.481445,369.822575
3,1.507637,0.802409,exponential_3,900,300,rosenbrock,9,2.382099,41.673565,59.285553,48.171768,344.497275
3,1.287720,2.832683,exponential_3,900,300,rosenbrock,9,0.009350,3.335907,4.112069,1.985635,359.002485
3,1.287720,0.685363,exponential_3,900,300,rosenbrock,9,50.424644,159.774231,178.991837,202.635010,357.281750
3,1.287720,7.295407,exponential_3,900,300,rosenbrock,9,0.008849,3.096236,3.349093,892.465576,352.994185
3,1.507637,1.287720,exponential_3,900,300,rosenbrock,9,0.309160,5.327013,6.791073,32.863655,359.191605
3,1.507637,0.500000,exponential_3,900,300,rosenbrock,9,14.432018,222.271362,283.252014,386.811859,369.934225
3,0.939444,0.585390,exponential_3,900,300,rosenbrock,9,47.621796,670.849426,628.983643,1243.494019,354.575380
3,1.287720,4.545940,exponential_3,900,300,rosenbrock,9,0.000375,2.253611,3.316047,545.031738,364.017070
3,0.939444,0.939444,exponential_3,900,300,rosenbrock,9,16.253613,182.759338,164.560883,357.085022,353.634105
3,0.802409,8.541316,exponential_3,900,300,rosenbrock,9,0.524307,3.761832,4.103235,772.974426,355.924945
3,0.939444,6.231237,exponential_3,900,300,rosenbrock,9,0.372939,2.908495,3.256703,544.858643,357.790085
3,0.939444,2.419483,exponential_3,900,300,rosenbrock,9,0.386844,5.005269,5.545685,38.810478,349.991980
3,0.939444,1.507637,exponential_3,900,300,rosenbrock,9,5.325472,17.286486,10.501879,60.316639,357.365570
3,0.939444,3.882831,exponential_3,900,300,rosenbrock,9,0.283463,2.869849,4.047687,1.704981,340.466185
3,1.099883,0.685363,exponential_3,900,300,rosenbrock,9,87.471313,291.408447,336.151062,329.169525,346.659770
3,0.939444,10.000000,exponential_3,900,300,rosenbrock,9,0.260343,2.833464,2.949567,999.954834,357.210880
3,1.507637,2.419483,exponential_3,900,300,rosenbrock,9,0.258526,2.946723,3.983447,1.958324,279.188810
3,1.507637,10.000000,exponential_3,900,300,rosenbrock,9,0.282998,3.424781,4.518764,892.519409,280.082465
3,2.832683,1.765111,exponential_3,900,300,rosenbrock,9,0.044608,3.314039,4.587080,2.007193,279.753655
3,2.832683,2.419483,exponential_3,900,300,rosenbrock,9,0.019839,1.883838,2.706028,1.222487,281.106340
3,1.507637,3.882831,exponential_3,900,300,rosenbrock,9,0.030813,2.179169,3.181664,216.075043,285.541985
3,2.419483,8.541316,exponential_3,900,300,rosenbrock,9,0.671305,3.756683,4.328543,764.140625,334.309620
3,2.832683,4.545940,exponential_3,900,300,rosenbrock,9,0.210549,3.306964,3.467123,999.828674,277.605415
3,2.832683,3.316448,exponential_3,900,300,rosenbrock,9,0.003353,3.425034,3.887455,544.698853,278.540300
3,3.316448,0.500000,exponential_3,900,300,rosenbrock,9,4.051958,18.733803,10.687695,77.203461,270.677340
3,2.832683,6.231237,exponential_3,900,300,rosenbrock,9,0.000042,3.374859,4.220320,749.738159,278.962325
3,3.316448,0.939444,exponential_3,900,300,rosenbrock,9,0.016045,2.640582,3.101822,34.772991,271.386015
3,1.099883,1.099883,exponential_3,900,300,rosenbrock,9,6.752098,46.425484,39.203892,325.379333,344.208295
3,1.507637,6.231237,exponential_3,900,300,rosenbrock,9,0.443213,3.206054,3.648377,544.775940,275.256460
3,2.832683,8.541316,exponential_3,900,300,rosenbrock,9,0.229217,3.397934,3.888284,749.783752,279.159890
3,3.316448,0.685363,exponential_3,900,300,rosenbrock,9,0.029263,5.342964,5.849256,40.984188,278.567470
3,2.832683,0.500000,exponential_3,900,300,rosenbrock,9,1.873287,10.959108,12.191792,48.086994,327.420150
3,3.316448,1.765111,exponential_3,900,300,rosenbrock,9,0.052348,3.043811,3.309201,1.616823,282.256140
3,3.316448,2.419483,exponential_3,900,300,rosenbrock,9,1.088740,3.613782,4.235869,749.680054,278.566795
3,3.316448,3.316448,exponential_3,900,300,rosenbrock,9,0.430477,2.880380,3.238791,573.542297,278.139555
3,3.316448,4.545940,exponential_3,900,300,rosenbrock,9,0.179722,3.174092,3.257951,749.852295,281.983530
3,2.832683,0.685363,exponential_3,900,300,rosenbrock,9,0.068811,6.043863,5.925961,38.673695,327.869165
3,3.316448,1.287720,exponential_3,900,300,rosenbrock,9,0.006028,3.027112,3.443737,210.188934,295.814025
3,2.832683,0.939444,exponential_3,900,300,rosenbrock,9,0.033696,4.213024,5.183652,2.299976,332.605540
3,2.832683,1.287720,exponential_3,900,300,rosenbrock,9,0.107976,3.446289,4.175928,1.781468,330.957655
3,3.882831,0.685363,exponential_3,900,300,rosenbrock,9,0.945098,3.649450,4.480154,1.909482,280.202600
3,3.882831,4.545940,exponential_3,900,300,rosenbrock,9,0.026382,3.343328,3.562735,999.814636,267.169740
3,3.882831,6.231237,exponential_3,900,300,rosenbrock,9,0.063511,2.717832,3.434739,749.856201,270.233575
3,3.882831,3.316448,exponential_3,900,300,rosenbrock,9,0.035558,2.713020,3.087456,544.882324,279.670865
3,3.882831,2.419483,exponential_3,900,300,rosenbrock,9,0.039015,2.639452,3.397466,750.069519,283.642705
3,4.545940,0.500000,exponential_3,900,300,rosenbrock,9,0.217973,5.053525,6.168622,70.672882,274.723375
3,4.545940,0.685363,exponential_3,900,300,rosenbrock,9,0.127275,3.227428,4.360274,15.338392,275.979325
3,4.545940,0.939444,exponential_3,900,300,rosenbrock,9,0.007024,1.988145,2.719225,1.837217,277.051180
3,4.545940,1.765111,exponential_3,900,300,rosenbrock,9,0.915298,2.781195,3.149688,210.385162,279.696570
3,3.882831,8.541316,exponential_3,900,300,rosenbrock,9,0.601412,3.855421,4.438434,749.510132,289.457865
3,4.545940,3.316448,exponential_3,900,300,rosenbrock,9,1.284792,3.749770,4.228021,749.672363,279.405775
3,3.882831,0.500000,exponential_3,900,300,rosenbrock,9,0.362678,4.795444,6.076578,30.781059,326.505520
3,4.545940,1.287720,exponential_3,900,300,rosenbrock,9,0.015088,2.394101,3.272223,571.913452,286.526950
3,5.322296,0.500000,exponential_3,900,300,rosenbrock,9,0.057700,4.259768,5.293975,57.526356,270.400805
3,3.316448,6.231237,exponential_3,900,300,rosenbrock,9,0.002029,3.187179,3.637971,749.727356,341.834725
3,3.316448,8.541316,exponential_3,900,300,rosenbrock,9,0.017251,159.499435,4.709921,1082.407715,343.885135
3,1.099883,1.765111,exponential_3,900,300,rosenbrock,9,0.231481,5.628057,6.624797,44.041492,352.147830
3,3.882831,1.287720,exponential_3,900,300,rosenbrock,9,0.048746,2.514632,3.422352,1.534237,324.877575
3,5.322296,2.419483,exponential_3,900,300,rosenbrock,9,0.150851,3.165097,3.585382,892.433289,281.491445
3,3.882831,0.939444,exponential_3,900,300,rosenbrock,9,0.014670,2.955083,4.041018,1.678092,341.757435
3,3.882831,1.765111,exponential_3,900,300,rosenbrock,9,0.208832,2.662789,3.357830,544.821716,328.348090
3,5.322296,6.231237,exponential_3,900,300,rosenbrock,9,0.223107,2.895584,4.328758,544.807495,282.628040
3,1.099883,2.832683,exponential_3,900,300,rosenbrock,9,0.992038,3.651510,4.609603,65.510681,352.080310
3,4.545940,6.231237,exponential_3,900,300,rosenbrock,9,0.265039,3.239764,3.752077,892.626587,327.134580
3,4.545940,2.419483,exponential_3,900,300,rosenbrock,9,0.052451,3.453150,4.256794,892.523499,342.141215
3,5.322296,0.685363,exponential_3,900,300,rosenbrock,9,0.000698,3.568560,4.179434,65.512505,332.072800
3,1.099883,7.295407,exponential_3,900,300,rosenbrock,9,0.395583,3.271759,3.642235,999.851074,358.614785
3,4.545940,8.541316,exponential_3,900,300,rosenbrock,9,0.020261,3.105443,3.537486,999.893005,335.722740
3,1.099883,4.545940,exponential_3,900,300,rosenbrock,9,0.016930,2.294391,3.161082,544.939453,359.372815
3,5.322296,0.939444,exponential_3,900,300,rosenbrock,9,0.075418,1.971010,3.210764,2.134117,334.970310
3,1.287720,1.287720,exponential_3,900,300,rosenbrock,9,0.491057,6.529655,7.734180,66.806602,341.384185
3,4.545940,4.545940,exponential_3,900,300,rosenbrock,9,0.132879,3.362187,4.276587,1.448160,353.431375
3,5.322296,1.287720,exponential_3,900,300,rosenbrock,9,0.116152,1.999069,2.453673,1.490307,333.627030
3,5.322296,1.765111,exponential_3,900,300,rosenbrock,9,0.181276,2.818391,3.310183,749.750427,337.076930
3,5.322296,4.545940,exponential_3,900,300,rosenbrock,9,0.007839,2.895810,3.415704,749.960083,330.349880
3,5.322296,3.316448,exponential_3,900,300,rosenbrock,9,2.546328,3.917464,4.124267,544.487488,337.565620
3,1.287720,2.066557,exponential_3,900,300,rosenbrock,9,0.338883,4.693317,5.218941,14.352368,348.157155
3,5.322296,8.541316,exponential_3,900,300,rosenbrock,9,0.043718,3.752513,4.979151,749.633362,339.649990
3,1.287720,0.500000,exponential_3,900,300,rosenbrock,9,42.727074,322.151489,356.745544,245.092438,349.406810
3,1.507637,0.939444,exponential_3,900,300,rosenbrock,9,1.145120,47.320137,52.880905,150.838043,350.802665
3,1.507637,1.507637,exponential_3,900,300,rosenbrock,9,0.463974,5.037885,5.717439,34.031284,342.306540
3,1.287720,0.802409,exponential_3,900,300,rosenbrock,9,0.765168,93.382607,114.071297,217.428467,352.947995
3,1.507637,0.585390,exponential_3,900,300,rosenbrock,9,46.128513,150.951477,173.203888,328.409698,342.824025
3,1.287720,8.541316,exponential_3,900,300,rosenbrock,9,0.101194,2.038831,2.826975,544.872131,353.280740
3,1.287720,3.316448,exponential_3,900,300,rosenbrock,9,0.000074,2.936189,3.831570,1.468952,363.486750
3,1.287720,5.322296,exponential_3,900,300,rosenbrock,9,0.502053,2.816541,3.150459,544.653687,344.305015
3,6.231237,0.500000,exponential_3,900,300,rosenbrock,9,0.025820,3.015013,4.368016,65.593742,351.787290
3,6.231237,0.685363,exponential_3,900,300,rosenbrock,9,0.006285,1.941204,2.677728,1.644190,347.486830
3,6.231237,0.939444,exponential_3,900,300,rosenbrock,9,0.000886,3.241230,4.002295,544.640930,349.773340
3,6.231237,1.287720,exponential_3,900,300,rosenbrock,9,0.504159,2.957201,3.178351,544.730896,359.256220
3,6.231237,1.765111,exponential_3,900,300,rosenbrock,9,0.007587,3.052264,3.410152,749.810913,354.408020
3,6.231237,2.419483,exponential_3,900,300,rosenbrock,9,0.438112,3.382184,4.118605,544.545837,358.524530
3,6.231237,3.316448,exponential_3,900,300,rosenbrock,9,0.669903,3.835558,4.530725,544.681641,356.796885
3,6.231237,4.545940,exponential_3,900,300,rosenbrock,9,0.016584,3.392175,4.492347,749.669922,349.944065
3,6.231237,8.541316,exponential_3,900,300,rosenbrock,9,0.049586,3.557450,3.941449,749.840759,286.316625
3,7.295407,0.500000,exponential_3,900,300,rosenbrock,9,0.030991,3.958822,4.300257,1.532465,277.310405
3,2.832683,2.066557,exponential_3,900,300,rosenbrock,9,0.041709,2.940544,3.471828,210.440079,278.657545
3,6.231237,6.231237,exponential_3,900,300,rosenbrock,9,0.044617,3.454764,4.570148,749.801636,351.715850
3,2.832683,5.322296,exponential_3,900,300,rosenbrock,9,0.619505,3.315788,3.577625,897.772339,277.573950
3,2.832683,2.832683,exponential_3,900,300,rosenbrock,9,0.289641,3.220673,3.390928,1.735136,288.530515
3,3.316448,0.585390,exponential_3,900,300,rosenbrock,9,0.288797,10.865884,7.587204,218.760193,283.303185
3,2.832683,7.295407,exponential_3,900,300,rosenbrock,9,0.067773,3.577324,4.293254,1.466609,282.603805
3,7.295407,0.685363,exponential_3,900,300,rosenbrock,9,0.001534,2.872281,3.383257,1.600634,292.179615
3,3.316448,1.099883,exponential_3,900,300,rosenbrock,9,0.058814,3.440042,4.072479,210.258530,288.476675
3,2.832683,3.882831,exponential_3,900,300,rosenbrock,9,0.039359,2.780789,3.091763,575.452759,293.591915
3,3.316448,0.802409,exponential_3,900,300,rosenbrock,9,0.155753,4.300617,5.108022,1.596494,287.712635
3,3.316448,2.066557,exponential_3,900,300,rosenbrock,9,0.101613,3.211807,4.000017,762.999573,284.572295
3,2.832683,10.000000,exponential_3,900,300,rosenbrock,9,2.154311,3.870739,4.485266,749.708130,290.382830
3,7.295407,1.287720,exponential_3,900,300,rosenbrock,9,0.041605,2.691325,3.256378,544.762634,291.544170
3,3.316448,2.832683,exponential_3,900,300,rosenbrock,9,0.007988,2.093488,3.162939,1.686676,286.433455
3,3.316448,5.322296,exponential_3,900,300,rosenbrock,9,0.093203,2.733751,3.257153,750.073792,286.497035
3,3.316448,3.882831,exponential_3,900,300,rosenbrock,9,0.070291,3.033916,3.613276,749.950134,291.504250
3,3.316448,1.507637,exponential_3,900,300,rosenbrock,9,0.021843,2.799307,3.283552,544.661499,283.610340
3,3.882831,0.802409,exponential_3,900,300,rosenbrock,9,0.003050,3.548786,4.443015,1.514334,282.789490
3,2.419483,10.000000,exponential_3,900,300,rosenbrock,9,0.051100,3.642864,4.519773,892.204346,340.001860
3,3.882831,5.322296,exponential_3,900,300,rosenbrock,9,0.662941,3.730304,4.527074,892.249512,288.091695
3,3.882831,2.832683,exponential_3,900,300,rosenbrock,9,0.094924,2.720546,3.322364,749.892212,273.193120
3,2.832683,0.585390,exponential_3,900,300,rosenbrock,9,0.892164,10.772423,8.315378,30.826284,335.022420
3,2.832683,0.802409,exponential_3,900,300,rosenbrock,9,0.133026,3.844017,5.391521,2.562460,324.924570
3,4.545940,0.585390,exponential_3,900,300,rosenbrock,9,0.057430,4.178664,5.085657,24.030933,277.324705
3,3.882831,3.882831,exponential_3,900,300,rosenbrock,9,0.017398,3.234156,3.296217,575.150024,284.045565
3,2.832683,1.099883,exponential_3,900,300,rosenbrock,9,0.578956,3.918224,4.648686,65.399513,323.572590
3,3.882831,7.295407,exponential_3,900,300,rosenbrock,9,0.000200,2.978886,4.256351,749.881409,302.675320
3,4.545940,2.066557,exponential_3,900,300,rosenbrock,9,0.121806,4.172277,5.093632,999.542725,292.769110
3,4.545940,1.099883,exponential_3,900,300,rosenbrock,9,0.002160,2.013717,2.902611,2.039164,293.213515
3,7.295407,0.939444,exponential_3,900,300,rosenbrock,9,0.272699,3.228616,3.392476,573.520569,364.131785
3,4.545940,3.882831,exponential_3,900,300,rosenbrock,9,0.266060,3.185544,4.017620,544.774292,287.965070
3,3.882831,10.000000,exponential_3,900,300,rosenbrock,9,0.005364,2.966548,3.929250,528.412170,290.146875
3,4.545940,0.802409,exponential_3,900,300,rosenbrock,9,0.067449,2.834019,4.069556,1.840571,295.724340
3,5.322296,0.585390,exponential_3,900,300,rosenbrock,9,0.145449,3.533289,4.688518,24.306458,286.727150
3,2.832683,1.507637,exponential_3,900,300,rosenbrock,9,0.108412,2.677787,3.642139,1.702653,336.806885
3,4.545940,1.507637,exponential_3,900,300,rosenbrock,9,0.000543,1.985819,2.749522,1.827229,298.695755
3,5.322296,2.832683,exponential_3,900,300,rosenbrock,9,0.109492,3.477279,4.310944,892.491150,286.552170
3,3.882831,0.585390,exponential_3,900,300,rosenbrock,9,0.098967,5.008116,5.773478,33.331730,333.687905
3,5.322296,7.295407,exponential_3,900,300,rosenbrock,9,2.216318,3.744767,4.287494,544.435486,301.462440
3,3.316448,7.295407,exponential_3,900,300,rosenbrock,9,1.228289,3.380296,3.392884,544.581238,334.163440
3,3.882831,1.099883,exponential_3,900,300,rosenbrock,9,0.004219,2.850621,3.535281,1.467687,325.880980
3,3.882831,2.066557,exponential_3,900,300,rosenbrock,9,0.150981,2.670424,3.149889,215.939041,330.210315
3,3.882831,1.507637,exponential_3,900,300,rosenbrock,9,0.014904,2.448175,3.131194,544.960388,340.398810
3,3.316448,10.000000,exponential_3,900,300,rosenbrock,9,0.029723,3.519511,4.213998,749.566406,352.637745
3,7.295407,1.765111,exponential_3,900,300,rosenbrock,9,0.004984,2.233780,3.014160,1.598639,358.055100
3,4.545940,7.295407,exponential_3,900,300,rosenbrock,9,0.183222,2.916088,3.479112,1.388936,343.900225
3,4.545940,2.832683,exponential_3,900,300,rosenbrock,9,0.041687,3.115602,3.535932,892.523865,338.275010
3,5.322296,0.802409,exponential_3,900,300,rosenbrock,9,0.142295,2.570513,3.416376,187.842316,331.804145
3,7.295407,2.419483,exponential_3,900,300,rosenbrock,9,0.793764,3.421061,3.731825,999.704346,367.176900
3,4.545940,10.000000,exponential_3,900,300,rosenbrock,9,0.731093,65.660721,5.060975,998.053101,343.022700
3,5.322296,1.507637,exponential_3,900,300,rosenbrock,9,0.007602,2.477265,3.349568,544.879639,338.536755
3,4.545940,5.322296,exponential_3,900,300,rosenbrock,9,0.155166,3.171000,3.600039,573.431213,343.539985
3,5.322296,1.099883,exponential_3,900,300,rosenbrock,9,0.364958,2.660380,3.296008,1.491544,349.327425
3,5.322296,2.066557,exponential_3,900,300,rosenbrock,9,0.104373,2.749172,3.561267,544.663513,342.632440
3,7.295407,3.316448,exponential_3,900,300,rosenbrock,9,0.816406,3.095784,3.452985,749.872681,360.303165
3,5.322296,3.882831,exponential_3,900,300,rosenbrock,9,0.045613,3.166156,3.940558,749.867310,340.380815
3,5.322296,10.000000,exponential_3,900,300,rosenbrock,9,1.617210,4.088383,4.469229,0.915658,337.066265
3,5.322296,5.322296,exponential_3,900,300,rosenbrock,9,0.001112,3.000768,3.319756,749.968201,345.326610
3,7.295407,6.231237,exponential_3,900,300,rosenbrock,9,0.781447,3.979278,4.803132,892.348267,358.409170
3,7.295407,4.545940,exponential_3,900,300,rosenbrock,9,0.045664,3.096345,3.719260,749.721924,372.705680
3,7.295407,0.585390,exponential_3,900,300,rosenbrock,9,0.876915,3.717717,3.774566,1.120678,279.837510
3,7.295407,8.541316,exponential_3,900,300,rosenbrock,9,0.253693,4.379398,5.335625,749.741577,368.004455
3,8.541316,2.419483,exponential_3,900,300,rosenbrock,9,0.066913,3.729647,4.421637,892.291809,349.226445
3,6.231237,10.000000,exponential_3,900,300,rosenbrock,9,1.342207,160.731537,5.421142,1082.197510,294.066760
3,8.541316,0.685363,exponential_3,900,300,rosenbrock,9,0.423948,3.372072,3.491471,544.725830,365.463050
3,8.541316,0.500000,exponential_3,900,300,rosenbrock,9,0.275167,3.117481,3.940259,575.463867,369.157745
3,8.541316,6.231237,exponential_3,900,300,rosenbrock,9,1.798158,4.047331,4.754569,749.794312,289.742890
3,8.541316,0.939444,exponential_3,900,300,rosenbrock,9,0.559879,2.800853,3.228866,544.820923,369.623540
3,8.541316,1.287720,exponential_3,900,300,rosenbrock,9,0.118627,3.171455,3.276733,892.500732,364.222825
3,10.000000,0.500000,exponential_3,900,300,rosenbrock,9,0.126211,2.545682,3.367303,1.617130,287.673505
3,8.541316,8.541316,exponential_3,900,300,rosenbrock,9,0.358368,5.033694,5.421828,748.068909,292.442825
3,8.541316,1.765111,exponential_3,900,300,rosenbrock,9,0.005064,3.549862,4.138458,999.739441,370.483845
3,8.541316,4.545940,exponential_3,900,300,rosenbrock,9,0.655954,3.559683,3.892082,1.115803,362.539380
3,10.000000,0.685363,exponential_3,900,300,rosenbrock,9,0.157475,2.035926,3.172813,1.686991,288.342100
3,8.541316,3.316448,exponential_3,900,300,rosenbrock,9,0.753947,3.657614,4.048712,749.574646,368.661010
3,10.000000,0.939444,exponential_3,900,300,rosenbrock,9,0.164211,3.413026,4.318770,749.661133,289.305310
3,7.295407,0.802409,exponential_3,900,300,rosenbrock,9,0.014182,3.094778,3.543183,749.786438,290.173480
3,6.231237,0.585390,exponential_3,900,300,rosenbrock,9,0.089667,2.524321,3.871981,1.857668,365.621980
3,10.000000,2.419483,exponential_3,900,300,rosenbrock,9,0.125848,3.089331,3.959990,892.587891,282.041575
3,6.231237,0.802409,exponential_3,900,300,rosenbrock,9,0.087677,3.044016,3.356088,1.859875,367.162595
3,6.231237,1.099883,exponential_3,900,300,rosenbrock,9,0.002551,2.401748,2.996536,544.735229,360.936830
3,10.000000,1.765111,exponential_3,900,300,rosenbrock,9,0.023578,3.292282,3.828707,1.670377,291.070835
3,10.000000,6.231237,exponential_3,900,300,rosenbrock,9,1.351213,4.453490,5.391384,892.505737,290.087870
3,10.000000,1.287720,exponential_3,900,300,rosenbrock,9,0.427305,2.798579,3.299348,750.019287,298.395630
3,0.500000,0.685363,exponential_5,900,300,rosenbrock,9,213.652008,1604.088257,1818.448486,1859.731812,280.599705
3,7.295407,1.507637,exponential_3,900,300,rosenbrock,9,0.617638,3.414354,3.667356,892.382568,296.295435
3,10.000000,8.541316,exponential_3,900,300,rosenbrock,9,1.252467,245.661224,7.443545,1066.701782,284.225450
3,10.000000,4.545940,exponential_3,900,300,rosenbrock,9,1.495022,3.875548,4.391320,749.676086,301.575605
3,10.000000,3.316448,exponential_3,900,300,rosenbrock,9,0.357744,3.003717,3.279106,892.651550,302.349615
3,6.231237,1.507637,exponential_3,900,300,rosenbrock,9,0.357021,3.247161,3.462215,544.706482,362.024610
3,0.500000,0.500000,exponential_5,900,300,rosenbrock,9,685.837891,3856.953125,4784.216797,3649.195801,293.806940
3,6.231237,2.066557,exponential_3,900,300,rosenbrock,9,0.065803,2.420416,3.318021,749.919983,368.691500
3,0.500000,0.939444,exponential_5,900,300,rosenbrock,9,119.764183,1080.103760,1257.071045,1194.267578,285.407905
3,0.500000,1.765111,exponential_5,900,300,rosenbrock,9,67.139343,226.223007,233.287628,274.251160,276.338180
3,6.231237,2.832683,exponential_3,900,300,rosenbrock,9,1.230671,3.603165,4.201732,892.221680,369.322580
3,6.231237,5.322296,exponential_3,900,300,rosenbrock,9,0.030051,3.230484,3.615802,575.224182,364.747200
3,0.500000,2.419483,exponential_5,900,300,rosenbrock,9,6.877981,31.321598,24.636282,45.987030,280.214785
3,0.500000,6.231237,exponential_5,900,300,rosenbrock,9,0.265382,3.639539,4.413349,20.030281,278.521275
3,6.231237,3.882831,exponential_3,900,300,rosenbrock,9,0.000069,3.125012,3.684995,1.537027,374.475140
3,6.231237,7.295407,exponential_3,900,300,rosenbrock,9,1.050116,3.541156,3.908990,999.756042,360.841950
3,0.500000,8.541316,exponential_5,900,300,rosenbrock,9,0.135574,3.299116,4.465097,1.773895,287.559150
3,0.585390,0.685363,exponential_5,900,300,rosenbrock,9,73.411491,1351.131226,1863.625244,1967.809814,290.700900
3,0.585390,1.765111,exponential_5,900,300,rosenbrock,9,6.528690,62.267838,75.269501,150.671051,288.931360
3,0.500000,1.287720,exponential_5,900,300,rosenbrock,9,18.657967,313.415833,416.422211,341.146210,326.734415
3,0.585390,2.419483,exponential_5,900,300,rosenbrock,9,4.795584,13.833968,13.319374,65.560410,288.038560
3,0.585390,4.545940,exponential_5,900,300,rosenbrock,9,0.695575,4.007023,5.091772,23.555065,289.177560
3,0.585390,1.287720,exponential_5,900,300,rosenbrock,9,30.052868,250.973877,273.687592,299.861786,295.863730
3,0.585390,0.939444,exponential_5,900,300,rosenbrock,9,70.583893,524.406616,629.325134,772.020691,297.710670
3,0.585390,3.316448,exponential_5,900,300,rosenbrock,9,1.462470,7.463864,7.770579,29.438639,290.987845
3,0.500000,3.316448,exponential_5,900,300,rosenbrock,9,4.286411,15.276845,8.603712,60.158485,338.021155
3,0.585390,8.541316,exponential_5,900,300,rosenbrock,9,0.027060,3.845962,4.521254,65.408905,301.844780
3,0.500000,4.545940,exponential_5,900,300,rosenbrock,9,0.078263,4.896920,5.844047,16.255547,338.893965
3,0.585390,0.500000,exponential_5,900,300,rosenbrock,9,427.978668,1634.887329,2107.285156,2685.481934,335.089635
3,0.685363,0.500000,exponential_5,900,300,rosenbrock,9,809.427307,1964.909546,2038.566040,1521.179321,305.434055
3,0.685363,0.939444,exponential_5,900,300,rosenbrock,9,13.927616,368.770172,449.407959,427.304230,285.956180
3,0.585390,6.231237,exponential_5,900,300,rosenbrock,9,0.426114,3.804579,4.468415,65.430161,343.014910
3,7.295407,1.099883,exponential_3,900,300,rosenbrock,9,0.147273,2.954042,3.718147,750.005188,365.613645
3,0.685363,0.685363,exponential_5,900,300,rosenbrock,9,82.161758,1394.582642,1500.384033,1537.825928,338.829580
3,0.685363,1.287720,exponential_5,900,300,rosenbrock,9,12.529802,162.625549,231.715240,375.405670,330.924310
3,0.685363,2.419483,exponential_5,900,300,rosenbrock,9,5.954221,28.774794,10.288595,215.670029,327.856765
3,0.685363,3.316448,exponential_5,900,300,rosenbrock,9,0.102968,10.239952,7.341609,39.423237,328.091590
3,0.685363,1.765111,exponential_5,900,300,rosenbrock,9,0.817683,42.283363,62.416420,139.873062,338.483755
3,0.685363,4.545940,exponential_5,900,300,rosenbrock,9,0.000039,3.455988,5.088211,21.845013,340.958985
3,0.685363,8.541316,exponential_5,900,300,rosenbrock,9,0.017399,2.534349,3.751472,544.968567,329.235125
3,0.685363,6.231237,exponential_5,900,300,rosenbrock,9,0.274288,2.804036,4.094375,1.725830,336.691060
3,0.802409,0.500000,exponential_5,900,300,rosenbrock,9,421.335876,1957.303955,2045.492188,1268.799438,334.744210
3,7.295407,2.066557,exponential_3,900,300,rosenbrock,9,0.162466,2.536063,3.293783,1.706754,360.896000
3,0.802409,8.541316,exponential_5,900,300,rosenbrock,9,0.071879,3.984467,5.418273,749.793762,279.655545
3,0.802409,0.685363,exponential_5,900,300,rosenbrock,9,219.932159,659.900085,677.553711,1500.333984,329.512595
3,0.939444,0.500000,exponential_5,900,300,rosenbrock,9,290.663757,1789.718506,2459.941162,1289.580200,285.433435
3,0.802409,0.939444,exponential_5,900,300,rosenbrock,9,15.124253,213.349228,269.549438,454.323853,339.344140
3,0.802409,2.419483,exponential_5,900,300,rosenbrock,9,4.467633,15.631650,11.107868,65.704071,332.906630
3,0.802409,1.287720,exponential_5,900,300,rosenbrock,9,9.440752,77.346710,106.241074,191.730072,344.517775
3,7.295407,2.832683,exponential_3,900,300,rosenbrock,9,0.978041,3.901579,4.514645,749.598083,359.670035
3,0.802409,3.316448,exponential_5,900,300,rosenbrock,9,0.675926,4.495879,4.895663,9.006615,335.779530
3,8.541316,7.295407,exponential_3,900,300,rosenbrock,9,0.442532,4.563515,5.383001,999.932922,293.101815
3,10.000000,0.585390,exponential_3,900,300,rosenbrock,9,0.052429,2.669141,3.232195,892.684631,286.668715
3,0.802409,4.545940,exponential_5,900,300,rosenbrock,9,0.002352,3.485446,4.637375,2.069661,339.845420
3,0.802409,6.231237,exponential_5,900,300,rosenbrock,9,0.313685,3.636714,4.412675,544.942932,338.884595
3,0.802409,1.765111,exponential_5,900,300,rosenbrock,9,2.388267,22.141762,20.096815,73.576019,351.608650
3,0.939444,0.685363,exponential_5,900,300,rosenbrock,9,85.197342,405.020874,411.635010,635.078430,287.870420
3,10.000000,0.802409,exponential_3,900,300,rosenbrock,9,0.007218,3.083463,3.285231,749.695801,292.194050
3,10.000000,1.099883,exponential_3,900,300,rosenbrock,9,0.163557,63.361794,3.318318,997.983337,290.680290
3,8.541316,10.000000,exponential_3,900,300,rosenbrock,9,0.512657,5.929724,6.364541,892.625977,300.586285
3,0.500000,0.802409,exponential_5,900,300,rosenbrock,9,288.891083,1574.808594,1819.467041,1241.599365,282.218675
3,7.295407,3.882831,exponential_3,900,300,rosenbrock,9,0.801037,3.393113,4.459208,544.604919,358.639895
3,10.000000,2.832683,exponential_3,900,300,rosenbrock,9,0.368940,3.315183,3.545588,1.330886,297.505945
3,10.000000,5.322296,exponential_3,900,300,rosenbrock,9,1.828211,316.739075,5.421159,1145.194092,285.918960
3,7.295407,7.295407,exponential_3,900,300,rosenbrock,9,0.021293,3.443877,4.048973,749.844055,359.139195
3,10.000000,1.507637,exponential_3,900,300,rosenbrock,9,2.129360,3.852478,4.030010,749.593018,294.593105
3,10.000000,2.066557,exponential_3,900,300,rosenbrock,9,0.481200,3.959260,4.624526,892.358948,295.681345
3,10.000000,7.295407,exponential_3,900,300,rosenbrock,9,0.435106,4.621675,5.424321,892.812927,296.447010
3,10.000000,3.882831,exponential_3,900,300,rosenbrock,9,0.031148,3.052599,3.371885,544.797180,287.419655
3,0.500000,0.585390,exponential_5,900,300,rosenbrock,9,336.755737,1775.865723,1905.359375,2186.885498,281.267485
3,0.939444,2.419483,exponential_5,900,300,rosenbrock,9,1.522592,4.439738,5.211164,15.878545,293.928625
3,10.000000,10.000000,exponential_3,900,300,rosenbrock,9,4.162251,24.129528,22.171206,538.705505,294.710465
3,7.295407,5.322296,exponential_3,900,300,rosenbrock,9,0.507794,3.419086,3.829397,892.473633,370.395840
3,7.295407,10.000000,exponential_3,900,300,rosenbrock,9,0.307829,317.465759,5.431985,1145.645996,360.079400
3,0.500000,2.066557,exponential_5,900,300,rosenbrock,9,7.224403,64.983093,87.257217,87.725250,285.973135
3,0.500000,1.099883,exponential_5,900,300,rosenbrock,9,171.492645,658.713135,728.291870,660.775146,287.705880
3,0.500000,2.832683,exponential_5,900,300,rosenbrock,9,4.747553,68.116028,96.178856,69.219177,284.158880
3,8.541316,2.832683,exponential_3,900,300,rosenbrock,9,0.164926,3.275054,4.313249,544.591553,361.644890
3,8.541316,0.802409,exponential_3,900,300,rosenbrock,9,0.302938,2.889102,3.117545,544.865540,363.540565
3,0.500000,7.295407,exponential_5,900,300,rosenbrock,9,0.003152,2.880315,4.623224,2.265916,291.299005
3,8.541316,0.585390,exponential_3,900,300,rosenbrock,9,0.495106,3.270523,3.524254,575.323975,368.292280
3,8.541316,1.507637,exponential_3,900,300,rosenbrock,9,0.083599,2.866479,3.393149,749.880920,361.749555
3,8.541316,2.066557,exponential_3,900,300,rosenbrock,9,0.008689,3.005814,3.546080,999.843811,359.030710
3,8.541316,5.322296,exponential_3,900,300,rosenbrock,9,0.348343,160.040451,4.501756,1082.164795,358.259685
3,0.500000,10.000000,exponential_5,900,300,rosenbrock,9,0.931959,3.659895,4.366369,1.901872,290.950510
3,0.939444,0.939444,exponential_5,900,300,rosenbrock,9,10.029136,104.814026,110.431213,118.671043,354.655170
3,0.939444,1.287720,exponential_5,900,300,rosenbrock,9,9.400128,55.802849,71.464249,89.021889,351.940115
3,8.541316,1.099883,exponential_3,900,300,rosenbrock,9,0.021399,2.959495,3.424628,749.872070,374.107540
3,0.939444,1.765111,exponential_5,900,300,rosenbrock,9,2.723374,6.434500,7.096184,21.163689,350.319705
3,8.541316,3.882831,exponential_3,900,300,rosenbrock,9,0.176028,2.987006,3.376192,1.345450,364.565590
3,0.585390,5.322296,exponential_5,900,300,rosenbrock,9,2.673468,4.475450,5.137661,1.520126,281.010055
3,0.585390,1.099883,exponential_5,900,300,rosenbrock,9,10.020727,150.020966,161.603027,329.994049,279.964455
3,0.585390,0.802409,exponential_5,900,300,rosenbrock,9,150.552612,1080.232178,1410.382080,1451.787109,293.268795
3,0.939444,3.316448,exponential_5,900,300,rosenbrock,9,0.255105,3.791376,5.165512,66.405235,349.292355
3,0.585390,2.832683,exponential_5,900,300,rosenbrock,9,4.626733,20.661180,8.782403,218.809982,288.463380
3,0.585390,2.066557,exponential_5,900,300,rosenbrock,9,4.012111,68.782494,78.771538,131.994904,291.931640
3,0.585390,1.507637,exponential_5,900,300,rosenbrock,9,7.789604,82.104706,99.028618,272.904022,290.277380
3,0.585390,3.882831,exponential_5,900,300,rosenbrock,9,0.129379,4.642043,5.864926,20.019011,293.690790
3,0.939444,4.545940,exponential_5,900,300,rosenbrock,9,0.366938,2.837203,4.456918,2.049806,351.958050
3,0.939444,6.231237,exponential_5,900,300,rosenbrock,9,0.000895,3.129080,4.138791,1.850517,348.857690
3,0.585390,10.000000,exponential_5,900,300,rosenbrock,9,0.011975,2.968757,3.547420,600.575256,295.496020
3,1.099883,0.500000,exponential_5,900,300,rosenbrock,9,103.768646,569.824646,650.759033,700.582397,353.675405
3,0.939444,8.541316,exponential_5,900,300,rosenbrock,9,0.022594,4.264949,5.286852,544.654236,367.272255
3,0.685363,1.099883,exponential_5,900,300,rosenbrock,9,91.606331,335.552704,368.512573,464.684845,285.798240
3,0.500000,1.507637,exponential_5,900,300,rosenbrock,9,20.618353,273.141754,306.375061,312.652588,329.391755
3,1.099883,0.685363,exponential_5,900,300,rosenbrock,9,25.872578,241.325378,289.840057,447.697021,357.788260
3,0.685363,0.585390,exponential_5,900,300,rosenbrock,9,243.824158,1623.081299,1780.984619,1797.553223,293.086920
3,0.585390,0.585390,exponential_5,900,300,rosenbrock,9,344.581635,1842.893311,2283.385742,1595.779663,335.499585
3,0.500000,5.322296,exponential_5,900,300,rosenbrock,9,0.020532,4.581864,5.596343,19.402533,338.162740
3,0.500000,3.882831,exponential_5,900,300,rosenbrock,9,0.708795,10.164166,7.134197,50.022022,348.872875
3,0.585390,7.295407,exponential_5,900,300,rosenbrock,9,0.004571,2.868680,4.168479,1.858975,342.028645
3,1.099883,0.939444,exponential_5,900,300,rosenbrock,9,5.314661,102.489784,130.553207,181.259445,357.342500
3,0.685363,1.507637,exponential_5,900,300,rosenbrock,9,8.409912,66.932663,69.897934,235.604645,341.886560
3,0.685363,2.066557,exponential_5,900,300,rosenbrock,9,4.031923,36.205372,40.468403,83.579285,326.879615
3,0.685363,0.802409,exponential_5,900,300,rosenbrock,9,106.582596,683.409790,839.211060,767.682373,348.795490
3,0.685363,2.832683,exponential_5,900,300,rosenbrock,9,3.453783,6.555135,7.049415,32.976688,337.364435
3,0.802409,10.000000,exponential_5,900,300,rosenbrock,9,2.456736,4.435628,4.267387,897.781555,289.172365
3,0.685363,3.882831,exponential_5,900,300,rosenbrock,9,0.577253,5.170908,5.804755,27.128901,344.154650
3,0.685363,5.322296,exponential_5,900,300,rosenbrock,9,0.113790,3.880899,4.931653,2.035062,340.908640
3,0.939444,0.585390,exponential_5,900,300,rosenbrock,9,83.875214,675.791260,809.909973,811.759766,302.290055
3,0.802409,0.585390,exponential_5,900,300,rosenbrock,9,87.837639,951.748291,978.963013,1663.666016,331.535940
3,0.685363,10.000000,exponential_5,900,300,rosenbrock,9,0.015849,3.525115,4.331124,544.670593,344.621790
3,0.685363,7.295407,exponential_5,900,300,rosenbrock,9,0.220108,3.499663,4.322030,1.646874,341.023580
3,0.939444,0.802409,exponential_5,900,300,rosenbrock,9,44.754295,238.221405,286.167389,231.233536,286.034845
3,1.099883,2.419483,exponential_5,900,300,rosenbrock,9,0.241465,4.902638,5.743103,47.922600,299.846880
3,1.099883,6.231237,exponential_5,900,300,rosenbrock,9,0.382407,4.240119,5.307696,764.412292,288.229110
3,1.099883,3.316448,exponential_5,900,300,rosenbrock,9,0.061038,3.703674,4.735189,222.312012,299.791265
3,0.802409,0.802409,exponential_5,900,300,rosenbrock,9,42.773849,420.043091,356.004364,624.745605,335.707520
3,1.287720,0.500000,exponential_5,900,300,rosenbrock,9,94.268341,445.270294,463.721741,1299.290161,294.788190
3,1.099883,8.541316,exponential_5,900,300,rosenbrock,9,0.089395,3.919775,5.420429,892.528564,294.850995
3,1.099883,4.545940,exponential_5,900,300,rosenbrock,9,0.000234,2.989422,4.282764,2.222629,303.727585
3,1.099883,1.287720,exponential_5,900,300,rosenbrock,9,0.822653,26.280785,25.459631,58.697502,354.154060
3,1.287720,4.545940,exponential_5,900,300,rosenbrock,9,0.172492,3.949106,4.454930,65.423592,289.802730
3,1.287720,6.231237,exponential_5,900,300,rosenbrock,9,0.883824,4.631618,5.421159,574.804260,290.187975
3,1.287720,3.316448,exponential_5,900,300,rosenbrock,9,0.665525,3.313687,4.410488,65.600311,293.132960
3,0.802409,1.099883,exponential_5,900,300,rosenbrock,9,10.670233,170.609222,166.964294,245.391129,333.957935
3,1.287720,8.541316,exponential_5,900,300,rosenbrock,9,2.289774,5.306461,5.421160,896.489746,292.528845
3,1.507637,0.500000,exponential_5,900,300,rosenbrock,9,47.861259,280.811920,342.085052,485.131775,289.637145
3,1.287720,2.419483,exponential_5,900,300,rosenbrock,9,0.440533,3.884928,5.167170,35.155880,295.778540
3,1.287720,0.939444,exponential_5,900,300,rosenbrock,9,7.856223,82.704468,84.430435,229.964523,300.116300
3,1.287720,1.287720,exponential_5,900,300,rosenbrock,9,1.597605,6.012055,6.651463,20.408604,301.461695
3,0.802409,1.507637,exponential_5,900,300,rosenbrock,9,5.013274,33.622169,35.741993,137.037277,336.230460
3,1.507637,1.287720,exponential_5,900,300,rosenbrock,9,1.008512,10.698196,7.296883,35.896339,282.454130
3,0.802409,2.832683,exponential_5,900,300,rosenbrock,9,2.989998,5.356211,5.693588,15.251278,344.748635
3,0.802409,3.882831,exponential_5,900,300,rosenbrock,9,0.470254,4.589295,5.095892,17.604015,337.015280
3,0.939444,2.832683,exponential_5,900,300,rosenbrock,9,0.519427,5.982335,7.138139,30.137138,305.540865
3,0.802409,2.066557,exponential_5,900,300,rosenbrock,9,0.806456,30.359470,25.192467,59.465179,331.959280
3,0.802409,5.322296,exponential_5,900,300,rosenbrock,9,0.000219,4.051344,4.554484,1.819010,338.043285
3,0.802409,7.295407,exponential_5,900,300,rosenbrock,9,0.580308,4.235955,4.435615,215.701813,337.006385
3,1.507637,1.765111,exponential_5,900,300,rosenbrock,9,0.493279,3.794553,5.517759,27.652996,295.162005
3,1.099883,1.765111,exponential_5,900,300,rosenbrock,9,1.049424,10.378399,8.141279,72.840279,358.447830
3,1.507637,2.419483,exponential_5,900,300,rosenbrock,9,0.701627,3.016928,3.797369,66.135078,305.203535
3,1.507637,6.231237,exponential_5,900,300,rosenbrock,9,0.730522,4.140256,4.720165,600.186096,292.413005
3,1.287720,0.685363,exponential_5,900,300,rosenbrock,9,10.023680,93.994179,98.854141,228.390381,360.280610
3,1.765111,1.287720,exponential_5,900,300,rosenbrock,9,0.058975,4.953737,5.545946,68.641876,298.717945
3,1.287720,1.765111,exponential_5,900,300,rosenbrock,9,0.076451,13.023396,6.829300,42.705376,355.657910
3,1.765111,4.545940,exponential_5,900,300,rosenbrock,9,0.135121,3.932748,4.816106,544.907532,288.712640
3,1.765111,6.231237,exponential_5,900,300,rosenbrock,9,3.632210,5.290969,5.420422,999.515869,297.290695
3,2.066557,0.500000,exponential_5,900,300,rosenbrock,9,4.656557,104.544327,109.124924,226.868942,295.477860
3,1.765111,8.541316,exponential_5,900,300,rosenbrock,9,0.069474,66.508759,5.421152,900.219177,298.581150
3,1.765111,3.316448,exponential_5,900,300,rosenbrock,9,0.000159,2.661052,3.872073,575.689941,301.288570
3,1.507637,0.939444,exponential_5,900,300,rosenbrock,9,5.872592,36.521080,42.434822,99.973152,353.707000
3,2.066557,0.939444,exponential_5,900,300,rosenbrock,9,0.023977,5.165518,6.417727,61.142857,292.488445
3,2.066557,0.685363,exponential_5,900,300,rosenbrock,9,0.909499,18.155115,9.049543,70.972145,300.811775
3,1.507637,0.685363,exponential_5,900,300,rosenbrock,9,3.449299,65.658104,75.525993,108.862938,360.687175
3,1.507637,3.316448,exponential_5,900,300,rosenbrock,9,0.024355,2.540896,4.251733,2.586846,357.335125
3,1.507637,8.541316,exponential_5,900,300,rosenbrock,9,0.111142,83.458725,5.094688,991.322937,351.512170
3,1.507637,4.545940,exponential_5,900,300,rosenbrock,9,0.024390,4.010353,5.216709,292.515320,359.262615
3,2.066557,1.765111,exponential_5,900,300,rosenbrock,9,0.007984,3.508932,4.821065,210.152466,286.177905
3,1.765111,0.939444,exponential_5,900,300,rosenbrock,9,4.114784,22.654121,8.385361,221.960938,348.425450
3,2.066557,1.287720,exponential_5,900,300,rosenbrock,9,0.266604,5.605628,5.807687,89.801186,297.972220
3,2.066557,3.316448,exponential_5,900,300,rosenbrock,9,0.095398,2.968971,3.939121,544.654541,286.251040
3,1.765111,0.685363,exponential_5,900,300,rosenbrock,9,5.130192,76.859482,80.754181,228.441345,353.410855
3,1.765111,0.500000,exponential_5,900,300,rosenbrock,9,18.490215,171.592606,213.050690,172.353531,364.154205
3,0.939444,1.099883,exponential_5,900,300,rosenbrock,9,5.584720,87.608063,78.879898,297.355652,354.890955
3,0.939444,2.066557,exponential_5,900,300,rosenbrock,9,1.739940,12.878146,6.492691,37.220860,355.872420
3,0.939444,1.507637,exponential_5,900,300,rosenbrock,9,4.588396,20.821560,9.027607,50.629765,363.370490
3,1.765111,2.419483,exponential_5,900,300,rosenbrock,9,0.000865,3.473105,4.477682,2.359303,358.491120
3,1.765111,1.765111,exponential_5,900,300,rosenbrock,9,0.002441,4.027632,5.098699,2.532526,363.736220
3,0.939444,3.882831,exponential_5,900,300,rosenbrock,9,0.447794,4.010094,4.992690,2.595344,362.497820
3,2.066557,2.419483,exponential_5,900,300,rosenbrock,9,0.018114,3.680336,4.255030,1.193163,325.185705
3,0.939444,5.322296,exponential_5,900,300,rosenbrock,9,1.039517,3.761977,4.252925,1.117143,362.779670
3,0.939444,7.295407,exponential_5,900,300,rosenbrock,9,0.267147,3.853798,4.670955,215.922470,369.237625
3,1.099883,0.585390,exponential_5,900,300,rosenbrock,9,138.427887,497.401672,596.566284,911.484009,353.897040
3,0.939444,10.000000,exponential_5,900,300,rosenbrock,9,0.019940,3.598005,4.433323,544.863586,356.900565
3,2.066557,4.545940,exponential_5,900,300,rosenbrock,9,0.701683,128.007141,5.420429,994.090027,319.786940
3,1.099883,0.802409,exponential_5,900,300,rosenbrock,9,17.774445,141.067322,152.343475,204.074966,355.570790
3,2.066557,8.541316,exponential_5,900,300,rosenbrock,9,0.002296,127.392647,4.950539,994.566345,323.776115
3,2.066557,6.231237,exponential_5,900,300,rosenbrock,9,2.209884,4.755153,5.421160,897.421997,329.499040
3,2.419483,0.500000,exponential_5,900,300,rosenbrock,9,5.063608,56.974457,63.819283,118.288773,327.510860
3,2.419483,2.419483,exponential_5,900,300,rosenbrock,9,0.325906,3.016061,4.097428,597.423218,287.333685
3,2.419483,6.231237,exponential_5,900,300,rosenbrock,9,0.010765,3.040771,4.303608,575.583374,281.910380
3,2.419483,1.765111,exponential_5,900,300,rosenbrock,9,0.059015,3.104726,4.191417,1.921274,322.679240
3,2.419483,0.685363,exponential_5,900,300,rosenbrock,9,2.287112,14.096769,8.626389,227.560959,331.406450
3,1.099883,2.832683,exponential_5,900,300,rosenbrock,9,1.759467,4.991641,5.213199,1.925282,282.019530
3,2.419483,3.316448,exponential_5,900,300,rosenbrock,9,0.912295,4.375710,5.389261,1.455731,322.898030
3,1.287720,0.585390,exponential_5,900,300,rosenbrock,9,29.113909,223.957184,241.806396,338.612732,276.154340
3,2.419483,1.287720,exponential_5,900,300,rosenbrock,9,0.000140,4.025366,5.163984,2.028485,338.081360
3,2.419483,0.939444,exponential_5,900,300,rosenbrock,9,0.077593,4.869670,5.817636,40.878357,340.545855
3,1.099883,7.295407,exponential_5,900,300,rosenbrock,9,0.004834,3.370528,4.263006,1000.150085,284.704800
3,1.099883,3.882831,exponential_5,900,300,rosenbrock,9,0.001848,2.513927,3.660668,1.771575,286.466490
3,2.832683,0.939444,exponential_5,900,300,rosenbrock,9,3.220472,5.412471,5.572705,31.843550,292.861945
3,1.287720,3.882831,exponential_5,900,300,rosenbrock,9,0.049239,3.113317,4.078690,1.741009,274.791765
3,1.099883,10.000000,exponential_5,900,300,rosenbrock,9,0.038548,4.262709,5.400285,892.534058,285.743915
3,1.099883,1.099883,exponential_5,900,300,rosenbrock,9,5.564349,47.315437,49.674744,212.371399,360.779220
3,1.099883,5.322296,exponential_5,900,300,rosenbrock,9,0.001351,3.212668,4.095795,1.598209,281.403410
3,1.287720,1.099883,exponential_5,900,300,rosenbrock,9,3.278534,39.749855,40.444046,82.241356,272.592815
3,1.287720,7.295407,exponential_5,900,300,rosenbrock,9,0.990489,4.283664,5.055415,747.735107,278.966910
3,2.419483,4.545940,exponential_5,900,300,rosenbrock,9,0.043344,3.899695,4.550395,764.381836,326.778010
3,1.287720,1.507637,exponential_5,900,300,rosenbrock,9,0.502130,7.768734,8.546861,32.157944,277.171455
3,1.507637,0.585390,exponential_5,900,300,rosenbrock,9,12.544510,159.283524,177.485886,209.716721,280.929990
3,1.287720,2.832683,exponential_5,900,300,rosenbrock,9,0.021823,3.362573,4.595172,1.712664,280.614555
3,1.287720,10.000000,exponential_5,900,300,rosenbrock,9,0.026541,4.373593,5.174900,892.326233,286.038435
3,1.287720,5.322296,exponential_5,900,300,rosenbrock,9,0.007384,3.280773,4.088724,1.854185,295.617690
3,2.832683,0.500000,exponential_5,900,300,rosenbrock,9,5.889506,40.478176,59.703316,66.343384,322.163680
3,2.419483,8.541316,exponential_5,900,300,rosenbrock,9,0.045497,66.337372,5.419708,998.475891,330.264800
3,1.507637,1.507637,exponential_5,900,300,rosenbrock,9,0.020931,3.914756,5.475814,2.469290,283.788235
3,2.832683,0.685363,exponential_5,900,300,rosenbrock,9,3.812395,10.453911,7.521791,57.009583,329.719290
3,1.507637,2.066557,exponential_5,900,300,rosenbrock,9,0.045084,4.148130,5.051569,90.281158,275.690520
3,2.832683,6.231237,exponential_5,900,300,rosenbrock,9,0.984723,4.473499,5.418235,999.643250,289.686800
3,1.507637,7.295407,exponential_5,900,300,rosenbrock,9,0.000086,4.022499,5.387260,574.855469,276.018240
3,2.832683,1.287720,exponential_5,900,300,rosenbrock,9,0.094021,3.982663,4.764100,1.551143,329.194580
3,1.507637,2.832683,exponential_5,900,300,rosenbrock,9,0.569083,3.652667,4.780555,65.457802,283.940435
3,2.832683,1.765111,exponential_5,900,300,rosenbrock,9,0.143209,3.706209,4.312845,65.470093,322.050660
3,1.765111,1.507637,exponential_5,900,300,rosenbrock,9,1.582083,3.954170,4.934817,16.478220,278.345505
3,2.832683,2.419483,exponential_5,900,300,rosenbrock,9,0.384311,3.959939,4.401164,749.894043,326.023425
3,1.765111,5.322296,exponential_5,900,300,rosenbrock,9,0.215457,3.823108,4.323562,999.762512,275.379285
3,3.316448,0.500000,exponential_5,900,300,rosenbrock,9,0.815393,8.969276,7.077399,36.567165,316.974375
3,2.832683,3.316448,exponential_5,900,300,rosenbrock,9,0.420409,4.407583,4.794164,775.112915,325.710590
3,2.066557,0.585390,exponential_5,900,300,rosenbrock,9,3.430764,73.500069,89.888962,104.493835,272.225260
3,1.765111,7.295407,exponential_5,900,300,rosenbrock,9,3.781655,4.670856,5.362381,999.641174,275.548075
3,1.765111,10.000000,exponential_5,900,300,rosenbrock,9,1.640639,66.307655,5.362963,997.973206,276.749335
3,1.765111,3.882831,exponential_5,900,300,rosenbrock,9,0.096091,3.867118,4.291943,892.637756,276.557370
3,2.066557,1.099883,exponential_5,900,300,rosenbrock,9,0.092541,4.618511,6.047547,31.209171,269.492080
3,2.832683,4.545940,exponential_5,900,300,rosenbrock,9,0.000430,4.815006,5.419713,999.407593,332.186965
3,1.099883,1.507637,exponential_5,900,300,rosenbrock,9,0.546340,14.839050,8.747236,38.845589,358.008000
3,2.832683,8.541316,exponential_5,900,300,rosenbrock,9,1.952033,4.853156,5.421161,999.511108,333.925095
3,2.066557,0.802409,exponential_5,900,300,rosenbrock,9,1.844036,10.131582,7.476048,60.563416,282.243840
3,3.316448,0.685363,exponential_5,900,300,rosenbrock,9,0.065558,5.520606,6.193136,36.605770,339.399550
3,2.066557,2.066557,exponential_5,900,300,rosenbrock,9,0.904645,3.342081,4.343109,1.795678,277.681300
3,1.099883,2.066557,exponential_5,900,300,rosenbrock,9,1.013749,10.975245,6.148363,42.746647,350.039835
3,2.066557,1.507637,exponential_5,900,300,rosenbrock,9,0.247085,4.553360,5.043676,38.087788,280.358500
3,2.066557,3.882831,exponential_5,900,300,rosenbrock,9,0.035201,23.267010,5.420429,892.864014,285.374250
3,1.287720,0.802409,exponential_5,900,300,rosenbrock,9,8.526627,141.288849,147.190857,331.367798,356.074825
3,1.287720,2.066557,exponential_5,900,300,rosenbrock,9,0.668855,4.172276,5.466881,21.234472,355.460715
3,1.507637,1.099883,exponential_5,900,300,rosenbrock,9,5.290611,11.541224,11.953181,38.773827,350.237620
3,1.507637,0.802409,exponential_5,900,300,rosenbrock,9,8.968550,65.707848,77.769379,236.364120,360.210310
3,1.507637,3.882831,exponential_5,900,300,rosenbrock,9,0.283583,4.067635,4.605903,65.414124,352.835490
3,1.507637,10.000000,exponential_5,900,300,rosenbrock,9,3.296159,317.078430,5.420429,1145.114136,349.821200
3,1.765111,1.099883,exponential_5,900,300,rosenbrock,9,0.630103,6.466280,6.966883,39.957134,347.305440
3,1.765111,0.802409,exponential_5,900,300,rosenbrock,9,5.909361,34.162075,30.683064,77.952789,349.164620
3,2.066557,2.832683,exponential_5,900,300,rosenbrock,9,0.046942,3.028692,4.158152,892.869385,320.120805
3,1.507637,5.322296,exponential_5,900,300,rosenbrock,9,0.145149,3.054919,4.143909,750.146790,360.742650
3,1.765111,0.585390,exponential_5,900,300,rosenbrock,9,12.944291,108.286713,116.851776,157.658127,349.362600
3,3.316448,0.939444,exponential_5,900,300,rosenbrock,9,1.059920,4.442796,5.155968,34.403702,350.085870
3,1.765111,2.066557,exponential_5,900,300,rosenbrock,9,0.587862,3.895452,4.925647,216.093796,337.573040
3,3.316448,1.287720,exponential_5,900,300,rosenbrock,9,0.128432,3.442871,4.329805,216.048660,361.044085
3,3.316448,1.765111,exponential_5,900,300,rosenbrock,9,0.023940,3.406320,4.402783,1.886445,359.334940
3,3.316448,2.419483,exponential_5,900,300,rosenbrock,9,0.398473,4.102292,5.229511,749.736084,354.040330
3,1.765111,2.832683,exponential_5,900,300,rosenbrock,9,0.062922,2.836957,3.567392,2.169050,365.754320
3,3.316448,3.316448,exponential_5,900,300,rosenbrock,9,0.024275,22.910633,5.335004,890.686157,342.410520
3,2.419483,2.832683,exponential_5,900,300,rosenbrock,9,0.008487,3.881714,4.552992,575.085754,274.554880
3,2.066557,5.322296,exponential_5,900,300,rosenbrock,9,0.042409,4.129886,5.418200,5446.477051,330.985635
3,2.066557,10.000000,exponential_5,900,300,rosenbrock,9,0.448767,473.032043,5.421160,1191.860352,329.392765
3,2.066557,7.295407,exponential_5,900,300,rosenbrock,9,0.268766,4.535825,5.421159,749.651489,330.842930
3,3.316448,4.545940,exponential_5,900,300,rosenbrock,9,0.591658,4.171926,5.336128,892.294128,360.234315
3,3.882831,0.500000,exponential_5,900,300,rosenbrock,9,1.045576,6.648432,7.107366,42.492455,349.300275
3,3.316448,6.231237,exponential_5,900,300,rosenbrock,9,0.031059,4.345501,5.421160,544.739502,361.677195
3,2.419483,7.295407,exponential_5,900,300,rosenbrock,9,0.002156,471.685486,5.421162,1192.763550,277.818610
3,3.316448,8.541316,exponential_5,900,300,rosenbrock,9,0.101381,3.813827,4.903582,749.991150,359.201915
3,2.419483,0.585390,exponential_5,900,300,rosenbrock,9,1.844998,35.660782,34.186775,70.612656,317.154040
3,3.882831,0.685363,exponential_5,900,300,rosenbrock,9,0.633611,4.687964,5.651599,14.073653,271.727280
3,2.832683,1.099883,exponential_5,900,300,rosenbrock,9,0.003210,4.015268,5.245126,3.945621,267.811665
3,3.882831,2.419483,exponential_5,900,300,rosenbrock,9,0.229485,3.747423,4.331395,544.907898,267.194685
3,3.882831,1.287720,exponential_5,900,300,rosenbrock,9,0.040838,3.283358,4.313470,2.190849,274.046510
3,3.882831,0.939444,exponential_5,900,300,rosenbrock,9,0.002676,4.140791,4.816110,216.063736,280.963885
3,4.545940,0.500000,exponential_5,900,300,rosenbrock,9,0.270511,5.068220,5.916219,20.352091,267.823635
3,4.545940,1.287720,exponential_5,900,300,rosenbrock,9,0.108789,3.497298,4.268392,1.648726,263.160370
3,3.882831,3.316448,exponential_5,900,300,rosenbrock,9,2.211014,66.588219,5.419678,998.324158,278.247260
3,4.545940,0.685363,exponential_5,900,300,rosenbrock,9,0.000712,3.376904,4.832260,7.244784,272.839615
3,3.882831,1.765111,exponential_5,900,300,rosenbrock,9,0.052589,3.307119,4.201087,215.842224,282.022700
3,3.882831,8.541316,exponential_5,900,300,rosenbrock,9,0.861976,4.349728,5.417517,892.390381,277.024440
3,4.545940,1.765111,exponential_5,900,300,rosenbrock,9,0.174265,2.668842,3.879180,544.931396,267.442010
3,4.545940,0.939444,exponential_5,900,300,rosenbrock,9,0.078918,3.986313,4.782996,1.947088,275.769335
3,3.882831,6.231237,exponential_5,900,300,rosenbrock,9,0.009729,21.785591,4.780182,756.871338,293.241950
3,4.545940,2.419483,exponential_5,900,300,rosenbrock,9,0.189175,316.177490,5.421160,1145.617920,278.448215
3,2.419483,2.066557,exponential_5,900,300,rosenbrock,9,0.426585,4.037666,4.523137,1.310977,323.657255
3,4.545940,3.316448,exponential_5,900,300,rosenbrock,9,0.349172,5.071026,5.421160,747.825073,279.670050
3,4.545940,6.231237,exponential_5,900,300,rosenbrock,9,0.108908,4.065200,5.013354,572.645447,268.526930
3,2.832683,7.295407,exponential_5,900,300,rosenbrock,9,0.041808,4.560654,5.420435,575.255127,272.854410
3,4.545940,4.545940,exponential_5,900,300,rosenbrock,9,0.000036,2.785348,4.854694,1000.332031,280.686170
3,2.419483,3.882831,exponential_5,900,300,rosenbrock,9,0.195656,3.552329,4.364931,750.042236,325.382150
3,2.419483,1.507637,exponential_5,900,300,rosenbrock,9,0.580639,3.859532,4.750509,18.271423,331.482795
3,2.419483,0.802409,exponential_5,900,300,rosenbrock,9,4.096539,20.964056,8.568826,64.778870,346.179810
3,2.419483,5.322296,exponential_5,900,300,rosenbrock,9,0.367579,140.317551,5.364178,1056.149536,324.226115
3,2.419483,1.099883,exponential_5,900,300,rosenbrock,9,2.122382,4.755940,5.404914,22.385769,339.032710
3,4.545940,8.541316,exponential_5,900,300,rosenbrock,9,0.045596,3.722535,4.384255,544.858093,292.412805
3,2.419483,10.000000,exponential_5,900,300,rosenbrock,9,1.894735,179.690170,5.418981,1075.403076,319.254485
3,5.322296,0.939444,exponential_5,900,300,rosenbrock,9,0.011110,3.648407,4.356775,204.563629,277.296965
3,5.322296,2.419483,exponential_5,900,300,rosenbrock,9,0.111272,4.146698,5.390510,544.642883,274.106440
3,5.322296,0.685363,exponential_5,900,300,rosenbrock,9,0.108080,3.668977,4.579199,65.508560,288.751835
3,5.322296,0.500000,exponential_5,900,300,rosenbrock,9,0.130178,4.413299,5.264350,29.918745,291.696695
3,2.832683,0.802409,exponential_5,900,300,rosenbrock,9,0.407999,5.894422,6.437193,215.637589,324.415010
3,3.882831,4.545940,exponential_5,900,300,rosenbrock,9,1.861263,4.242926,4.932819,544.735962,355.124285
3,5.322296,1.765111,exponential_5,900,300,rosenbrock,9,0.000727,3.930678,4.946780,749.984863,282.339190
3,5.322296,1.287720,exponential_5,900,300,rosenbrock,9,0.647862,4.259188,5.418988,573.308228,282.705000
3,2.832683,0.585390,exponential_5,900,300,rosenbrock,9,3.893382,11.362122,7.780801,43.154518,338.793660
3,5.322296,3.316448,exponential_5,900,300,rosenbrock,9,2.423387,473.398010,5.419699,1191.702881,289.334585
3,5.322296,6.231237,exponential_5,900,300,rosenbrock,9,1.267156,67.009369,5.421160,997.952332,284.494605
3,2.832683,2.066557,exponential_5,900,300,rosenbrock,9,0.644528,3.717699,4.349307,1.412176,327.911745
3,2.832683,1.507637,exponential_5,900,300,rosenbrock,9,0.026472,3.567595,4.581604,7.646144,339.994570
3,2.832683,2.832683,exponential_5,900,300,rosenbrock,9,0.012212,2.975908,4.112241,544.983337,324.724845
3,6.231237,0.685363,exponential_5,900,300,rosenbrock,9,0.004269,3.087215,4.573140,2.236529,279.937675
3,2.832683,3.882831,exponential_5,900,300,rosenbrock,9,0.912414,4.361832,5.418149,761.265991,326.081925
3,3.316448,0.585390,exponential_5,900,300,rosenbrock,9,5.199741,15.670796,10.879529,48.376621,332.289625
3,5.322296,8.541316,exponential_5,900,300,rosenbrock,9,0.013331,3.969786,4.745553,892.591003,292.666955
3,6.231237,0.939444,exponential_5,900,300,rosenbrock,9,0.521950,3.905780,4.532739,571.788635,287.279385
3,3.316448,0.802409,exponential_5,900,300,rosenbrock,9,1.208076,5.081394,5.816519,12.852267,327.810585
3,2.832683,10.000000,exponential_5,900,300,rosenbrock,9,3.466210,66.893471,5.421160,997.829224,336.215630
3,2.832683,5.322296,exponential_5,900,300,rosenbrock,9,1.153169,3.824442,4.896507,573.157654,342.884190
3,5.322296,4.545940,exponential_5,900,300,rosenbrock,9,0.060696,5.021692,5.421160,999.255737,348.160875
3,6.231237,0.500000,exponential_5,900,300,rosenbrock,9,0.040387,3.706647,5.002724,2.244283,357.026290
3,6.231237,1.765111,exponential_5,900,300,rosenbrock,9,0.001984,4.308292,5.404943,999.523499,345.971110
3,6.231237,1.287720,exponential_5,900,300,rosenbrock,9,0.079953,4.247245,5.354281,749.369202,355.063230
3,6.231237,2.419483,exponential_5,900,300,rosenbrock,9,0.065524,3.606117,5.363194,892.284546,347.043610
3,7.295407,3.316448,exponential_5,900,300,rosenbrock,9,0.084462,4.411242,5.389103,999.597778,283.706420
3,7.295407,0.685363,exponential_5,900,300,rosenbrock,9,1.211657,3.791383,4.499959,1.301210,322.559765
3,6.231237,3.316448,exponential_5,900,300,rosenbrock,9,0.014678,3.986246,4.808609,544.840515,350.060725
3,6.231237,4.545940,exponential_5,900,300,rosenbrock,9,1.394861,197.940613,5.421160,1068.409180,349.614455
3,6.231237,6.231237,exponential_5,900,300,rosenbrock,9,0.007671,4.206523,5.416143,574.488098,349.141745
3,8.541316,0.500000,exponential_5,900,300,rosenbrock,9,0.001435,3.905592,4.548182,2.905155,275.497850
3,7.295407,0.500000,exponential_5,900,300,rosenbrock,9,0.395928,4.026742,5.034760,1.687684,355.084185
3,3.316448,1.099883,exponential_5,900,300,rosenbrock,9,0.691123,4.071148,4.999919,1.566264,346.350175
3,7.295407,0.939444,exponential_5,900,300,rosenbrock,9,0.020759,3.501901,4.201121,2.058507,351.542755
3,3.882831,0.802409,exponential_5,900,300,rosenbrock,9,0.081807,3.525217,4.655301,1.971435,282.561490
3,7.295407,1.287720,exponential_5,900,300,rosenbrock,9,0.011692,3.946971,5.133116,2.171466,351.211275
3,3.882831,3.882831,exponential_5,900,300,rosenbrock,9,0.268634,4.117690,5.420429,892.532166,264.788480
3,4.545940,0.802409,exponential_5,900,300,rosenbrock,9,0.071643,3.881652,4.876534,2.105620,266.912690
3,7.295407,4.545940,exponential_5,900,300,rosenbrock,9,0.037421,284.331177,5.419845,1065.681396,316.614525
3,6.231237,8.541316,exponential_5,900,300,rosenbrock,9,0.059735,3.999419,5.363967,897.816223,370.245150
3,3.882831,1.099883,exponential_5,900,300,rosenbrock,9,0.032112,2.866871,4.340460,216.081543,275.780235
3,7.295407,1.765111,exponential_5,900,300,rosenbrock,9,0.016531,3.751181,4.520748,5443.226074,354.309945
3,8.541316,0.939444,exponential_5,900,300,rosenbrock,9,0.001299,3.709100,5.420422,575.348267,282.643055
3,3.882831,1.507637,exponential_5,900,300,rosenbrock,9,0.261654,3.131080,4.053126,1.671048,282.711265
3,4.545940,1.507637,exponential_5,900,300,rosenbrock,9,0.525244,3.546143,4.355555,544.907349,277.588320
3,4.545940,0.585390,exponential_5,900,300,rosenbrock,9,0.006289,4.687160,5.521978,10.697291,282.559440
3,4.545940,2.066557,exponential_5,900,300,rosenbrock,9,0.394383,3.765844,5.418986,2.167757,273.585870
3,3.882831,2.832683,exponential_5,900,300,rosenbrock,9,0.016521,3.528529,5.147579,749.555847,290.001910
3,3.316448,1.507637,exponential_5,900,300,rosenbrock,9,0.000692,2.861321,3.997093,1.704984,350.000610
3,8.541316,0.685363,exponential_5,900,300,rosenbrock,9,0.131141,3.764122,4.349858,1.460587,306.347655
3,7.295407,6.231237,exponential_5,900,300,rosenbrock,9,1.791375,189.994400,5.419011,897.056396,328.861060
3,7.295407,8.541316,exponential_5,900,300,rosenbrock,9,0.857497,4.542598,5.420432,892.474609,327.040225
3,3.882831,2.066557,exponential_5,900,300,rosenbrock,9,0.415830,4.214660,4.876439,748.047180,278.336375
3,3.882831,10.000000,exponential_5,900,300,rosenbrock,9,2.090286,473.114136,5.421160,1192.000366,283.012235
3,4.545940,1.099883,exponential_5,900,300,rosenbrock,9,0.680849,3.848553,4.552960,1.947797,278.595500
3,4.545940,2.832683,exponential_5,900,300,rosenbrock,9,0.528140,4.192988,5.057234,544.701965,271.156935
3,3.316448,2.832683,exponential_5,900,300,rosenbrock,9,1.117047,66.423737,5.421160,900.404602,357.066830
3,3.316448,2.066557,exponential_5,900,300,rosenbrock,9,0.122095,3.935030,4.529201,775.266357,360.819360
3,7.295407,2.419483,exponential_5,900,300,rosenbrock,9,0.029061,4.221280,5.281028,774.792847,354.947395
3,3.316448,3.882831,exponential_5,900,300,rosenbrock,9,1.135778,160.468567,5.421160,1082.113037,353.472535
3,3.882831,7.295407,exponential_5,900,300,rosenbrock,9,0.015412,3.931558,5.418290,749.713806,279.421185
3,4.545940,3.882831,exponential_5,900,300,rosenbrock,9,0.252525,4.423364,5.417539,999.782837,273.805220
3,4.545940,5.322296,exponential_5,900,300,rosenbrock,9,0.426755,4.530673,5.421162,774.073853,264.508945
3,4.545940,7.295407,exponential_5,900,300,rosenbrock,9,0.462045,3.670589,4.301845,749.975586,274.532870
3,8.541316,1.765111,exponential_5,900,300,rosenbrock,9,0.016874,4.341004,5.418948,892.520020,274.213160
3,3.882831,0.585390,exponential_5,900,300,rosenbrock,9,1.838634,5.239601,5.842749,23.674744,339.939445
3,5.322296,1.099883,exponential_5,900,300,rosenbrock,9,0.062058,2.666711,4.172989,65.722198,245.208735
3,5.322296,2.832683,exponential_5,900,300,rosenbrock,9,3.193363,4.694765,5.188063,892.480408,244.704560
3,4.545940,10.000000,exponential_5,900,300,rosenbrock,9,0.127349,4.242797,5.418941,890.364868,256.553155
3,3.316448,5.322296,exponential_5,900,300,rosenbrock,9,0.000002,3.852122,4.719619,749.494263,351.121005
3,3.316448,10.000000,exponential_5,900,300,rosenbrock,9,0.019985,4.251324,5.419682,891.911865,347.021395
3,3.316448,7.295407,exponential_5,900,300,rosenbrock,9,1.895935,317.049530,5.419669,1145.011719,351.021540
3,5.322296,2.066557,exponential_5,900,300,rosenbrock,9,1.234730,66.587364,5.419686,782.902893,244.352840
3,5.322296,0.802409,exponential_5,900,300,rosenbrock,9,0.961917,3.664610,4.270224,297.248474,252.688745
3,5.322296,0.585390,exponential_5,900,300,rosenbrock,9,1.749476,4.440464,5.037338,1.353522,252.647710
3,5.322296,1.507637,exponential_5,900,300,rosenbrock,9,0.021515,4.053332,5.037387,763.116577,245.630860
3,8.541316,1.287720,exponential_5,900,300,rosenbrock,9,1.406813,4.013096,4.769971,897.776672,308.036555
3,5.322296,7.295407,exponential_5,900,300,rosenbrock,9,0.011962,3.468249,4.202229,892.696106,237.802695
3,5.322296,3.882831,exponential_5,900,300,rosenbrock,9,0.620220,4.531311,5.178792,892.552307,248.118460
3,6.231237,0.802409,exponential_5,900,300,rosenbrock,9,0.639628,3.639865,4.213253,215.927673,219.351640
3,6.231237,1.099883,exponential_5,900,300,rosenbrock,9,0.104345,4.609346,5.419702,747.239380,208.271240
3,5.322296,10.000000,exponential_5,900,300,rosenbrock,9,0.252309,3.716923,4.499534,296.994873,220.259135
3,8.541316,3.316448,exponential_5,900,300,rosenbrock,9,1.547303,4.684281,5.419699,598.440674,309.198735
3,10.000000,2.419483,exponential_5,900,300,rosenbrock,9,0.100039,5.032640,5.421160,763.801086,248.256195
3,8.541316,2.419483,exponential_5,900,300,rosenbrock,9,0.013102,2.907279,4.741400,893.027161,322.253100
3,8.541316,8.541316,exponential_5,900,300,rosenbrock,9,2.609316,5.013115,5.421159,999.343201,308.372975
3,8.541316,4.545940,exponential_5,900,300,rosenbrock,9,0.050963,3.681447,5.195082,999.975464,316.518900
3,7.295407,3.882831,exponential_5,900,300,rosenbrock,9,2.198671,3.993702,4.162880,888.578552,133.654565
3,8.541316,6.231237,exponential_5,900,300,rosenbrock,9,0.026375,22.834923,5.200859,757.835022,313.806980
3,8.541316,0.585390,exponential_5,900,300,rosenbrock,9,0.209163,2.826368,4.040177,545.101746,113.564890
3,10.000000,0.685363,exponential_5,900,300,rosenbrock,9,0.000416,3.639018,4.267686,749.825623,295.577165
3,10.000000,0.500000,exponential_5,900,300,rosenbrock,9,0.003490,3.440490,4.435554,297.362793,310.990440
3,8.541316,1.099883,exponential_5,900,300,rosenbrock,9,0.000108,3.399567,4.491040,749.820312,100.374395
3,6.231237,2.832683,exponential_5,900,300,rosenbrock,9,2.935444,5.148110,5.420429,896.763062,157.845300
3,8.541316,2.066557,exponential_5,900,300,rosenbrock,9,0.258204,3.960881,5.418937,749.898132,77.618325
3,3.882831,5.322296,exponential_5,900,300,rosenbrock,9,0.000257,160.514633,5.421152,1082.182495,307.434045
3,10.000000,0.939444,exponential_5,900,300,rosenbrock,9,0.603754,4.115137,5.363354,999.717773,304.437385
3,8.541316,0.802409,exponential_5,900,300,rosenbrock,9,0.607420,3.673085,4.119519,1.097361,106.925110
3,7.295407,2.066557,exponential_5,900,300,rosenbrock,9,0.028200,4.318393,5.223066,749.819580,118.813205
3,10.000000,1.765111,exponential_5,900,300,rosenbrock,9,1.095268,4.743795,5.421161,749.836731,296.700815
3,10.000000,1.287720,exponential_5,900,300,rosenbrock,9,0.002093,3.826729,5.027242,775.083801,302.083925
3,5.322296,5.322296,exponential_5,900,300,rosenbrock,9,0.043755,316.580994,5.421160,1145.272949,256.143175
3,7.295407,0.802409,exponential_5,900,300,rosenbrock,9,0.093142,3.846189,5.188147,215.831055,173.233850
3,7.295407,10.000000,exponential_5,900,300,rosenbrock,9,0.119108,66.567642,5.420423,997.859802,122.306380
3,10.000000,3.316448,exponential_5,900,300,rosenbrock,9,0.837645,4.288283,4.908374,897.633423,292.262245
3,10.000000,6.231237,exponential_5,900,300,rosenbrock,9,1.578878,4.836218,5.421160,764.097351,274.889965
3,6.231237,10.000000,exponential_5,900,300,rosenbrock,9,1.158486,472.002502,5.421160,1192.287720,144.960280
3,6.231237,0.585390,exponential_5,900,300,rosenbrock,9,1.673283,4.568951,5.048786,67.134903,228.468810
3,10.000000,4.545940,exponential_5,900,300,rosenbrock,9,0.240085,4.275397,4.981989,897.749084,297.911155
3,7.295407,1.507637,exponential_5,900,300,rosenbrock,9,1.751804,5.538260,5.421160,5441.187988,151.364680
3,6.231237,1.507637,exponential_5,900,300,rosenbrock,9,0.099293,3.914349,5.006137,892.417969,205.306885
3,6.231237,2.066557,exponential_5,900,300,rosenbrock,9,0.680668,66.174187,5.106685,998.261719,210.946195
3,7.295407,2.832683,exponential_5,900,300,rosenbrock,9,0.028376,65.590324,5.308093,906.922241,124.492155
3,6.231237,3.882831,exponential_5,900,300,rosenbrock,9,0.329462,160.620911,5.418978,1082.347412,181.815905
3,10.000000,8.541316,exponential_5,900,300,rosenbrock,9,0.051208,4.657453,5.420428,892.383179,281.435045
3,6.231237,5.322296,exponential_5,900,300,rosenbrock,9,0.000324,4.417278,5.421160,574.142578,184.686535
3,6.231237,7.295407,exponential_5,900,300,rosenbrock,9,2.835404,5.062427,5.420429,897.366089,182.491190
3,7.295407,1.099883,exponential_5,900,300,rosenbrock,9,0.355401,4.674348,5.416741,575.121704,170.459705
3,7.295407,0.585390,exponential_5,900,300,rosenbrock,9,0.253967,3.880425,4.636427,14.390582,172.536690
3,8.541316,5.322296,exponential_5,900,300,rosenbrock,9,0.161413,3.915421,4.762843,749.898315,79.613480
3,8.541316,1.507637,exponential_5,900,300,rosenbrock,9,0.000857,222.174484,5.420429,1075.116333,115.595970
3,7.295407,5.322296,exponential_5,900,300,rosenbrock,9,0.022899,4.061472,4.406265,544.977234,186.210055
3,7.295407,7.295407,exponential_5,900,300,rosenbrock,9,1.191097,4.129658,5.271681,844.396912,176.301470
3,10.000000,2.832683,exponential_5,900,300,rosenbrock,9,0.001487,3.159627,4.241756,993.849487,115.326130
3,8.541316,2.832683,exponential_5,900,300,rosenbrock,9,0.410508,4.232476,5.185636,999.866089,116.479560
3,10.000000,1.099883,exponential_5,900,300,rosenbrock,9,1.400512,4.644294,5.419698,749.682373,86.715575
3,8.541316,7.295407,exponential_5,900,300,rosenbrock,9,0.515279,179.275208,5.421160,1075.570190,111.682050
3,8.541316,10.000000,exponential_5,900,300,rosenbrock,9,0.648787,4.529178,5.362421,663.063049,115.416065
3,10.000000,0.585390,exponential_5,900,300,rosenbrock,9,0.010660,3.367241,4.211148,544.962219,105.086335
3,10.000000,1.507637,exponential_5,900,300,rosenbrock,9,0.070491,3.675164,4.356755,888.664001,80.464590
3,10.000000,0.802409,exponential_5,900,300,rosenbrock,9,0.094842,4.102099,5.137635,779.377380,108.271350
3,10.000000,7.295407,exponential_5,900,300,rosenbrock,9,0.073959,23.052286,5.301977,892.936340,65.213010
3,8.541316,3.882831,exponential_5,900,300,rosenbrock,9,0.055337,3.835802,4.655523,544.737183,128.795955
3,10.000000,5.322296,exponential_5,900,300,rosenbrock,9,0.021052,3.787602,4.843862,575.428345,69.677420
3,10.000000,2.066557,exponential_5,900,300,rosenbrock,9,0.132119,22.881115,5.417538,980.799255,90.127225
3,10.000000,3.882831,exponential_5,900,300,rosenbrock,9,0.090878,4.132662,5.389923,1.634150,85.117055
3,10.000000,10.000000,exponential_5,900,300,rosenbrock,9,1.596909,4.414044,5.334749,749.738647,78.419950
