n_leaders,a_factor,c_factor,convergence,population_size,num_iterations,objective,dimensionality,best_value,average_value_top_80,median_value,stddev_value,average_time_ms
3,0.500000,3.316448,linear,150,50,rastrigin,3,0.000000,0.994957,0.994957,1.421084,2.333025
3,0.500000,1.287720,linear,150,50,rastrigin,3,0.994957,3.303734,4.481862,2.767838,2.405050
3,0.500000,0.802409,linear,150,50,rastrigin,3,0.006050,3.167824,3.975554,2.248215,2.436165
3,0.500000,0.500000,linear,150,50,rastrigin,3,1.129608,4.619706,5.353220,3.027201,2.626760
3,0.500000,5.322296,linear,150,50,rastrigin,3,0.000000,0.621848,0.994957,0.696470,2.682495
3,0.500000,8.541316,linear,150,50,rastrigin,3,0.000000,0.248739,0.000000,0.487428,2.732790
3,0.585390,0.585390,linear,150,50,rastrigin,3,0.000355,4.083294,5.089354,3.030498,2.755245
3,0.500000,2.066557,linear,150,50,rastrigin,3,0.000000,1.928061,1.989932,2.053459,2.988510
3,0.585390,0.939444,linear,150,50,rastrigin,3,0.994961,2.238881,1.990196,3.004446,2.158825
3,0.585390,2.419483,linear,150,50,rastrigin,3,0.000000,1.492440,1.989916,1.403559,2.530185
3,0.500000,3.882831,linear,150,50,rastrigin,3,0.000000,2.052100,1.989916,2.288400,2.870205
3,0.585390,1.507637,linear,150,50,rastrigin,3,0.003448,1.865769,1.989918,1.423439,2.815720
3,0.500000,1.507637,linear,150,50,rastrigin,3,0.000431,2.242774,2.519648,2.937867,2.965665
3,0.500000,0.585390,linear,150,50,rastrigin,3,0.999729,4.030499,4.983420,2.516846,2.873940
3,0.500000,0.939444,linear,150,50,rastrigin,3,0.995174,3.502833,4.478056,2.830654,3.019120
3,0.500000,10.000000,linear,150,50,rastrigin,3,0.000000,0.124370,0.000000,0.455947,2.279740
3,0.500000,6.231237,linear,150,50,rastrigin,3,0.000000,0.435294,0.994957,1.146362,2.809105
3,0.585390,3.882831,linear,150,50,rastrigin,3,0.000000,0.870587,0.994957,0.621351,3.535290
3,0.585390,0.685363,linear,150,50,rastrigin,3,0.063244,3.358804,4.729641,2.165483,3.062545
3,0.585390,10.000000,linear,150,50,rastrigin,3,0.000000,0.000000,0.000000,0.216846,2.918550
3,0.500000,2.419483,linear,150,50,rastrigin,3,0.000000,1.678993,1.989915,1.818350,3.166160
3,0.585390,2.832683,linear,150,50,rastrigin,3,0.000000,1.057143,0.994959,1.622727,3.192195
3,0.500000,4.545940,linear,150,50,rastrigin,3,0.000000,0.870587,0.994957,1.229689,3.342340
3,0.585390,1.765111,linear,150,50,rastrigin,3,0.994957,1.866331,1.989918,2.405461,3.495340
3,0.500000,0.685363,linear,150,50,rastrigin,3,1.995539,4.061510,4.496971,2.504252,3.117640
3,0.500000,1.765111,linear,150,50,rastrigin,3,0.000000,1.679181,1.989922,1.873931,3.762430
3,0.585390,1.099883,linear,150,50,rastrigin,3,0.996059,3.547023,4.974788,3.562721,3.247650
3,0.685363,1.099883,linear,150,50,rastrigin,3,0.000004,2.924791,3.487862,2.961795,3.332365
3,0.685363,0.685363,linear,150,50,rastrigin,3,0.000025,2.627271,2.994942,2.549623,3.415175
3,0.585390,4.545940,linear,150,50,rastrigin,3,0.000000,0.808403,0.994957,1.619674,3.203580
3,0.500000,7.295407,linear,150,50,rastrigin,3,0.000000,0.435294,0.994957,0.494985,3.338600
3,0.500000,1.099883,linear,150,50,rastrigin,3,0.000036,2.567876,2.984908,2.874915,3.576715
3,0.585390,0.500000,linear,150,50,rastrigin,3,0.091352,3.690782,5.015916,3.019085,3.575050
3,0.585390,6.231237,linear,150,50,rastrigin,3,0.000000,0.497478,0.994957,0.694692,3.696400
3,0.685363,4.545940,linear,150,50,rastrigin,3,0.000000,0.373109,0.497478,0.659980,3.428610
3,0.685363,2.832683,linear,150,50,rastrigin,3,0.000000,0.994958,0.994958,1.550188,3.819530
3,0.685363,1.765111,linear,150,50,rastrigin,3,0.000000,1.803361,1.989916,1.820392,4.349150
3,0.685363,7.295407,linear,150,50,rastrigin,3,0.000000,0.186554,0.000000,0.580155,3.038140
3,0.802409,0.802409,linear,150,50,rastrigin,3,0.994959,2.560841,2.985910,1.898849,3.222430
3,0.585390,0.802409,linear,150,50,rastrigin,3,0.995016,2.508512,2.984910,2.968879,3.545130
3,0.685363,0.500000,linear,150,50,rastrigin,3,0.003605,4.355412,5.124853,3.475802,3.447890
3,0.500000,2.832683,linear,150,50,rastrigin,3,0.000000,1.119328,1.492436,1.445260,3.681035
3,0.585390,3.316448,linear,150,50,rastrigin,3,0.000000,0.808403,0.994958,1.588820,3.091005
3,0.802409,2.066557,linear,150,50,rastrigin,3,0.000000,0.684033,0.994957,2.050551,2.816380
3,0.685363,0.802409,linear,150,50,rastrigin,3,0.000004,2.241919,1.992651,3.075269,2.741035
3,0.585390,2.066557,linear,150,50,rastrigin,3,0.000000,1.616808,1.989916,1.154965,3.279090
3,0.585390,5.322296,linear,150,50,rastrigin,3,0.000000,0.248739,0.000000,0.586519,2.986765
3,0.802409,3.316448,linear,150,50,rastrigin,3,0.000000,0.746218,0.994957,0.736201,3.374005
3,0.685363,1.287720,linear,150,50,rastrigin,3,0.000002,1.865558,1.989917,2.065679,3.097190
3,0.802409,0.500000,linear,150,50,rastrigin,3,0.995106,3.958017,4.975745,2.415201,5.412620
3,0.802409,1.287720,linear,150,50,rastrigin,3,0.000002,1.865595,1.989918,1.708138,4.020345
3,0.939444,0.585390,linear,150,50,rastrigin,3,0.000139,3.734508,4.974837,2.504636,2.768880
3,0.585390,1.287720,linear,150,50,rastrigin,3,0.000021,1.929880,1.989920,1.991810,3.569385
3,0.802409,5.322296,linear,150,50,rastrigin,3,0.000000,0.124370,0.000000,0.455947,3.597490
3,0.685363,3.316448,linear,150,50,rastrigin,3,0.000000,0.621848,0.994957,0.650538,2.110680
3,0.802409,8.541316,linear,150,50,rastrigin,3,0.000000,0.000000,0.000000,0.216846,3.881885
3,0.685363,5.322296,linear,150,50,rastrigin,3,0.000000,0.248739,0.000000,0.667438,2.786510
3,0.685363,8.541316,linear,150,50,rastrigin,3,0.000000,0.000000,0.000000,0.397983,2.302575
3,0.685363,2.066557,linear,150,50,rastrigin,3,0.000000,1.243697,1.989916,1.538168,2.671790
3,0.939444,3.882831,linear,150,50,rastrigin,3,0.000000,0.186554,0.000000,0.917305,2.323395
3,0.585390,7.295407,linear,150,50,rastrigin,3,0.000000,0.435294,0.994957,0.580155,3.110635
3,0.939444,2.419483,linear,150,50,rastrigin,3,0.000000,0.932773,0.994957,0.937322,2.781690
3,0.939444,1.507637,linear,150,50,rastrigin,3,0.000000,1.243698,1.492437,2.257367,2.842300
3,0.802409,0.939444,linear,150,50,rastrigin,3,0.000004,2.177194,1.990048,1.917321,3.212125
3,0.939444,0.939444,linear,150,50,rastrigin,3,0.000000,2.114323,1.989918,2.396307,4.266010
3,0.685363,0.585390,linear,150,50,rastrigin,3,0.994995,2.839731,3.290220,3.446496,3.148725
3,0.939444,10.000000,linear,150,50,rastrigin,3,0.000000,0.000000,0.000000,0.355271,3.385115
3,1.099883,0.685363,linear,150,50,rastrigin,3,0.994957,1.743948,1.508486,3.095704,2.621100
3,0.939444,6.231237,linear,150,50,rastrigin,3,0.000000,0.000000,0.000000,0.355271,3.466340
3,0.802409,2.419483,linear,150,50,rastrigin,3,0.000000,0.870588,0.994957,1.708896,2.653075
3,0.802409,3.882831,linear,150,50,rastrigin,3,0.000000,0.310924,0.000000,0.665581,2.675880
3,0.802409,0.585390,linear,150,50,rastrigin,3,0.000126,3.122899,3.987313,2.048244,2.136645
3,1.099883,1.099883,linear,150,50,rastrigin,3,0.000000,1.368083,1.989916,1.588037,2.788180
3,0.685363,0.939444,linear,150,50,rastrigin,3,0.995056,3.049777,3.979831,2.131337,2.815020
3,0.685363,1.507637,linear,150,50,rastrigin,3,0.000000,1.989920,1.989929,1.868698,2.693680
3,1.099883,2.832683,linear,150,50,rastrigin,3,0.000000,0.373109,0.497478,0.722629,2.930235
3,1.099883,1.765111,linear,150,50,rastrigin,3,0.000000,0.870587,0.994957,1.188756,3.080375
3,0.802409,1.507637,linear,150,50,rastrigin,3,0.000000,1.181514,1.492438,2.534211,2.264285
3,0.802409,10.000000,linear,150,50,rastrigin,3,0.000000,0.000000,0.000000,0.397983,2.157440
3,0.939444,0.685363,linear,150,50,rastrigin,3,0.994957,2.570629,2.606929,2.361139,2.767420
3,0.685363,3.882831,linear,150,50,rastrigin,3,0.000000,0.435294,0.994957,1.197054,2.515265
3,1.099883,4.545940,linear,150,50,rastrigin,3,0.000000,0.062185,0.000000,0.430829,2.656480
3,0.939444,4.545940,linear,150,50,rastrigin,3,0.000000,0.124370,0.000000,0.915955,1.361300
3,0.802409,6.231237,linear,150,50,rastrigin,3,0.000000,0.124370,0.000000,0.569390,2.813455
3,0.939444,2.832683,linear,150,50,rastrigin,3,0.000000,0.373109,0.497478,1.128959,1.573025
3,0.802409,1.099883,linear,150,50,rastrigin,3,0.994957,2.300923,2.984875,1.779805,1.718420
3,1.099883,7.295407,linear,150,50,rastrigin,3,0.000000,0.000000,0.000000,0.000000,1.754725
3,1.099883,0.500000,linear,150,50,rastrigin,3,0.994959,2.553594,2.498264,2.473179,1.788555
3,0.939444,1.099883,linear,150,50,rastrigin,3,0.994957,2.052271,1.989918,1.754571,2.034945
3,0.802409,2.832683,linear,150,50,rastrigin,3,0.000000,1.119327,0.994957,0.968488,1.607505
3,0.685363,10.000000,linear,150,50,rastrigin,3,0.000000,0.000000,0.000000,0.397983,2.538405
3,0.685363,6.231237,linear,150,50,rastrigin,3,0.000000,0.000000,0.000000,0.533487,3.525060
3,0.939444,1.765111,linear,150,50,rastrigin,3,0.000000,1.368067,1.492437,1.720443,2.591940
3,0.685363,2.419483,linear,150,50,rastrigin,3,0.000000,0.684033,0.994957,0.889918,2.793800
3,0.585390,8.541316,linear,150,50,rastrigin,3,0.000000,0.062185,0.000000,0.430829,2.444975
3,1.099883,2.066557,linear,150,50,rastrigin,3,0.000000,0.497479,0.994957,0.744558,1.495590
3,0.802409,4.545940,linear,150,50,rastrigin,3,0.000000,0.310924,0.000000,0.731141,2.069030
3,1.099883,0.802409,linear,150,50,rastrigin,3,0.994957,2.176503,1.989928,2.449278,2.415950
3,1.099883,1.287720,linear,150,50,rastrigin,3,0.000000,1.119328,1.492437,1.537363,1.815295
3,1.287720,0.802409,linear,150,50,rastrigin,3,0.000000,1.554624,1.989916,1.528537,1.925225
3,0.939444,7.295407,linear,150,50,rastrigin,3,0.000000,0.000000,0.000000,0.355271,2.815850
3,1.287720,1.287720,linear,150,50,rastrigin,3,0.000000,0.808403,0.994957,1.222625,1.864670
3,1.099883,3.316448,linear,150,50,rastrigin,3,0.000000,0.248739,0.000000,0.487427,2.186160
3,0.939444,0.802409,linear,150,50,rastrigin,3,0.000008,3.297591,4.477309,2.840102,1.886110
3,1.099883,5.322296,linear,150,50,rastrigin,3,0.000000,0.000000,0.000000,0.355271,1.840105
3,0.939444,0.500000,linear,150,50,rastrigin,3,0.994957,2.633104,2.516273,2.373669,2.473800
3,0.802409,0.685363,linear,150,50,rastrigin,3,0.000032,1.824093,1.990441,2.011541,2.766115
3,0.939444,5.322296,linear,150,50,rastrigin,3,0.000000,0.000000,0.000000,0.397983,2.268370
3,0.802409,1.765111,linear,150,50,rastrigin,3,0.000000,1.181512,0.994959,0.659988,2.817440
3,1.287720,0.500000,linear,150,50,rastrigin,3,0.000000,2.301863,2.490746,2.144812,3.036270
3,0.802409,7.295407,linear,150,50,rastrigin,3,0.000000,0.000000,0.000000,0.355271,2.200665
3,0.939444,3.316448,linear,150,50,rastrigin,3,0.000000,0.248739,0.000000,0.667438,2.316245
3,1.507637,0.939444,linear,150,50,rastrigin,3,0.000000,0.932777,0.994957,1.726184,1.210660
3,1.287720,2.066557,linear,150,50,rastrigin,3,0.000000,0.746218,0.994957,1.056484,2.309750
3,1.099883,8.541316,linear,150,50,rastrigin,3,0.000000,0.000000,0.000000,0.000000,2.317305
3,1.287720,8.541316,linear,150,50,rastrigin,3,0.000000,0.000000,0.000000,0.216846,2.132270
3,1.099883,0.585390,linear,150,50,rastrigin,3,0.994957,3.183980,4.479449,2.736457,2.615380
3,0.939444,1.287720,linear,150,50,rastrigin,3,0.000000,1.181665,1.492444,1.484968,2.701425
3,1.287720,3.316448,linear,150,50,rastrigin,3,0.000000,0.124370,0.000000,0.455947,2.768440
3,1.099883,2.419483,linear,150,50,rastrigin,3,0.000000,0.497478,0.994957,0.487428,1.794870
3,1.287720,5.322296,linear,150,50,rastrigin,3,0.000000,0.000000,0.000000,0.000000,2.811475
3,0.939444,8.541316,linear,150,50,rastrigin,3,0.000000,0.000000,0.000000,0.298488,1.691560
3,1.507637,0.585390,linear,150,50,rastrigin,3,0.994957,2.673971,1.990076,2.215022,2.764275
3,0.939444,2.066557,linear,150,50,rastrigin,3,0.000000,0.746218,0.994957,1.356941,3.046090
3,1.287720,0.939444,linear,150,50,rastrigin,3,0.994957,1.741177,1.989917,1.874640,2.104370
3,1.099883,1.507637,linear,150,50,rastrigin,3,0.000000,1.057146,0.994959,1.537361,2.222925
3,1.287720,1.507637,linear,150,50,rastrigin,3,0.000000,1.057143,0.994957,1.451240,2.252180
3,1.099883,3.882831,linear,150,50,rastrigin,3,0.000000,0.248739,0.000000,0.586519,2.245670
3,1.507637,2.419483,linear,150,50,rastrigin,3,0.000000,0.248739,0.000000,0.586519,2.040330
3,1.507637,1.507637,linear,150,50,rastrigin,3,0.000000,0.870588,0.994959,1.094453,2.547220
3,1.287720,0.585390,linear,150,50,rastrigin,3,0.000023,2.052859,2.984875,1.748850,1.876970
3,1.099883,0.939444,linear,150,50,rastrigin,3,0.000000,1.927951,1.989918,1.946476,2.720950
3,1.507637,10.000000,linear,150,50,rastrigin,3,0.000000,0.000000,0.000000,0.397983,2.187910
3,1.099883,10.000000,linear,150,50,rastrigin,3,0.000000,0.000000,0.000000,0.355271,1.950490
3,1.507637,1.099883,linear,150,50,rastrigin,3,0.000000,0.684033,0.994957,1.437533,1.998225
3,1.765111,1.765111,linear,150,50,rastrigin,3,0.000000,0.186554,0.000000,0.474564,2.282070
3,1.765111,2.832683,linear,150,50,rastrigin,3,0.000000,0.000000,0.000000,0.397983,2.164170
3,1.507637,3.882831,linear,150,50,rastrigin,3,0.000000,0.000000,0.000000,0.216846,2.651565
3,1.287720,10.000000,linear,150,50,rastrigin,3,0.000000,0.000000,0.000000,0.000000,2.341890
3,1.765111,1.099883,linear,150,50,rastrigin,3,0.000000,0.932773,0.994957,1.736907,2.631195
3,1.765111,0.685363,linear,150,50,rastrigin,3,0.994957,1.305894,0.995047,1.792990,2.769625
3,1.507637,6.231237,linear,150,50,rastrigin,3,0.000000,0.000000,0.000000,0.397983,2.900315
3,2.066557,0.802409,linear,150,50,rastrigin,3,0.000000,1.181512,1.492436,1.428033,1.093820
3,1.099883,6.231237,linear,150,50,rastrigin,3,0.000000,0.000000,0.000000,0.397983,3.245255
3,1.287720,2.419483,linear,150,50,rastrigin,3,0.000000,0.310924,0.000000,0.588625,3.063675
3,1.287720,6.231237,linear,150,50,rastrigin,3,0.000000,0.000000,0.000000,0.355271,1.957180
3,2.066557,0.500000,linear,150,50,rastrigin,3,0.000000,1.554703,1.989916,2.563875,2.019955
3,1.507637,0.685363,linear,150,50,rastrigin,3,0.000000,1.616809,1.989918,2.074549,2.059810
3,1.287720,3.882831,linear,150,50,rastrigin,3,0.000000,0.124370,0.000000,0.455947,2.153015
3,2.066557,1.287720,linear,150,50,rastrigin,3,0.000000,0.559663,0.994957,0.674813,1.720615
3,1.765111,7.295407,linear,150,50,rastrigin,3,0.000000,0.000000,0.000000,0.216846,2.350190
3,1.765111,0.500000,linear,150,50,rastrigin,3,0.000023,1.741387,1.989918,2.320639,1.117560
3,1.765111,4.545940,linear,150,50,rastrigin,3,0.000000,0.000000,0.000000,0.355271,2.810510
3,1.287720,1.099883,linear,150,50,rastrigin,3,0.000000,1.057143,0.994959,1.014663,2.305025
3,1.507637,1.765111,linear,150,50,rastrigin,3,0.000000,0.559663,0.994957,0.722630,1.817420
3,1.287720,1.765111,linear,150,50,rastrigin,3,0.000000,0.746218,0.994957,1.345034,2.219255
3,2.066557,5.322296,linear,150,50,rastrigin,3,0.000000,0.000000,0.000000,0.355271,1.886730
3,2.066557,8.541316,linear,150,50,rastrigin,3,0.000000,0.000013,0.000000,0.397978,1.628670
3,1.765111,2.066557,linear,150,50,rastrigin,3,0.000000,0.248739,0.000000,0.667438,1.651355
3,2.066557,3.316448,linear,150,50,rastrigin,3,0.000000,0.000000,0.000000,0.397983,2.403825
3,2.066557,2.066557,linear,150,50,rastrigin,3,0.000000,0.124370,0.000000,0.569390,2.550535
3,1.287720,0.685363,linear,150,50,rastrigin,3,0.000000,2.300843,2.487398,1.720459,2.307455
3,1.507637,0.500000,linear,150,50,rastrigin,3,0.994957,2.737712,2.002503,2.591483,1.275095
3,1.765111,0.802409,linear,150,50,rastrigin,3,0.000000,1.430252,1.492437,1.796443,1.061920
3,1.507637,2.832683,linear,150,50,rastrigin,3,0.000000,0.062185,0.000000,0.430829,2.494315
3,1.507637,1.287720,linear,150,50,rastrigin,3,0.000000,0.932773,0.994957,1.489117,2.117670
3,2.066557,0.585390,linear,150,50,rastrigin,3,0.000000,1.554623,1.989918,2.074554,0.933220
3,1.765111,0.585390,linear,150,50,rastrigin,3,0.000000,1.617095,1.989918,1.197046,0.764115
3,1.765111,3.316448,linear,150,50,rastrigin,3,0.000000,0.000000,0.000000,0.216846,1.611020
3,1.765111,1.287720,linear,150,50,rastrigin,3,0.000000,0.746218,0.994957,0.860221,1.304655
3,1.287720,7.295407,linear,150,50,rastrigin,3,0.000000,0.000000,0.000000,0.216846,1.008920
3,2.419483,0.939444,linear,150,50,rastrigin,3,0.000000,0.684033,0.994957,1.661162,1.066790
3,1.287720,2.832683,linear,150,50,rastrigin,3,0.000000,0.186554,0.000000,0.474564,1.128675
3,1.765111,5.322296,linear,150,50,rastrigin,3,0.000000,0.000000,0.000000,0.355271,0.941435
3,2.419483,0.585390,linear,150,50,rastrigin,3,0.000000,1.368067,1.989916,1.541382,2.157470
3,1.507637,7.295407,linear,150,50,rastrigin,3,0.000000,0.000000,0.000000,0.298487,1.337300
3,2.066557,0.939444,linear,150,50,rastrigin,3,0.000000,0.808403,0.994957,1.492436,1.365020
3,1.765111,8.541316,linear,150,50,rastrigin,3,0.000000,0.000000,0.000000,0.298487,1.207780
3,1.287720,4.545940,linear,150,50,rastrigin,3,0.000000,0.000000,0.000000,0.298487,1.294170
3,2.066557,1.507637,linear,150,50,rastrigin,3,0.000000,0.435294,0.994957,0.722630,1.317210
3,1.507637,0.802409,linear,150,50,rastrigin,3,0.994957,1.742516,1.989918,1.679934,1.601485
3,2.066557,2.419483,linear,150,50,rastrigin,3,0.000000,0.062185,0.000000,0.553969,0.820530
3,2.419483,6.231237,linear,150,50,rastrigin,3,0.000000,0.062185,0.000000,0.430829,0.911010
3,2.419483,1.507637,linear,150,50,rastrigin,3,0.000000,0.435294,0.994957,0.494985,1.420825
3,2.832683,1.099883,linear,150,50,rastrigin,3,0.000000,0.248739,0.000000,0.586518,0.987900
3,1.507637,3.316448,linear,150,50,rastrigin,3,0.000000,0.248739,0.000000,0.487427,0.886250
3,1.507637,4.545940,linear,150,50,rastrigin,3,0.000000,0.000000,0.000000,0.216846,2.570630
3,2.419483,2.419483,linear,150,50,rastrigin,3,0.000000,0.000000,0.000000,0.298487,1.145370
3,1.765111,2.419483,linear,150,50,rastrigin,3,0.000000,0.248739,0.000000,0.915955,1.146940
3,1.507637,2.066557,linear,150,50,rastrigin,3,0.000000,0.559663,0.994957,0.938641,1.397380
3,2.832683,0.685363,linear,150,50,rastrigin,3,0.000000,1.057142,1.492435,1.198088,1.339005
3,2.066557,3.882831,linear,150,50,rastrigin,3,0.000000,0.000000,0.000000,0.000000,1.345260
3,2.419483,3.882831,linear,150,50,rastrigin,3,0.000000,0.000000,0.000000,0.298487,1.400085
3,2.066557,10.000000,linear,150,50,rastrigin,3,0.000000,0.310968,0.000233,0.494956,1.032165
3,2.419483,10.000000,linear,150,50,rastrigin,3,0.000000,0.310973,0.000156,0.588619,1.451665
3,2.066557,6.231237,linear,150,50,rastrigin,3,0.000000,0.000000,0.000000,0.355271,1.514030
3,2.066557,0.685363,linear,150,50,rastrigin,3,0.000000,1.678992,1.989918,2.339206,1.319585
3,1.765111,0.939444,linear,150,50,rastrigin,3,0.000000,2.300840,1.989922,2.449291,1.632350
3,1.765111,3.882831,linear,150,50,rastrigin,3,0.000000,0.000000,0.000000,0.397983,1.348375
3,2.419483,1.765111,linear,150,50,rastrigin,3,0.000000,0.186554,0.000000,0.580155,0.829490
3,2.832683,1.287720,linear,150,50,rastrigin,3,0.000000,0.062185,0.000000,0.430829,0.743840
3,2.832683,4.545940,linear,150,50,rastrigin,3,0.000000,0.000000,0.000000,0.216846,1.036625
3,2.832683,2.832683,linear,150,50,rastrigin,3,0.000000,0.000000,0.000000,0.298488,1.608800
3,2.066557,1.765111,linear,150,50,rastrigin,3,0.000000,0.124370,0.000000,0.659980,1.266870
3,2.066557,2.832683,linear,150,50,rastrigin,3,0.000000,0.000000,0.000000,0.298487,1.306735
3,2.832683,1.765111,linear,150,50,rastrigin,3,0.000000,0.000000,0.000000,0.298487,1.756085
3,3.316448,1.287720,linear,150,50,rastrigin,3,0.000000,0.000000,0.000000,0.397983,0.823680
3,1.765111,10.000000,linear,150,50,rastrigin,3,0.000000,0.062199,0.000000,0.430823,1.664455
3,2.419483,7.295407,linear,150,50,rastrigin,3,0.000000,0.000001,0.000000,0.397983,1.625345
3,2.419483,0.685363,linear,150,50,rastrigin,3,0.000000,0.746218,0.994957,0.860222,1.709755
3,1.507637,5.322296,linear,150,50,rastrigin,3,0.000000,0.000000,0.000000,0.216846,1.271265
3,3.316448,0.802409,linear,150,50,rastrigin,3,0.000000,0.621848,0.994957,0.596975,1.128315
3,2.419483,0.500000,linear,150,50,rastrigin,3,0.000059,1.865550,1.989916,1.646944,0.896495
3,1.765111,6.231237,linear,150,50,rastrigin,3,0.000000,0.000000,0.000000,0.298487,2.281335
3,2.419483,1.099883,linear,150,50,rastrigin,3,0.000000,0.497479,0.497478,1.085371,2.357020
3,2.066557,7.295407,linear,150,50,rastrigin,3,0.000000,0.000000,0.000000,0.216844,1.019445
3,2.066557,1.099883,linear,150,50,rastrigin,3,0.000000,0.746218,0.994957,1.071602,2.022580
3,2.832683,7.295407,linear,150,50,rastrigin,3,0.000000,0.062200,0.000004,0.650534,2.167990
3,1.507637,8.541316,linear,150,50,rastrigin,3,0.000000,0.000000,0.000000,0.216846,2.112390
3,2.419483,4.545940,linear,150,50,rastrigin,3,0.000000,0.000000,0.000000,0.397983,1.187805
3,2.832683,1.507637,linear,150,50,rastrigin,3,0.000000,0.124370,0.000000,0.455947,1.207145
3,1.765111,1.507637,linear,150,50,rastrigin,3,0.000000,0.559663,0.994957,0.722630,2.849670
3,2.066557,4.545940,linear,150,50,rastrigin,3,0.000000,0.000000,0.000000,0.298487,1.501345
3,3.316448,3.316448,linear,150,50,rastrigin,3,0.000000,0.000000,0.000000,0.397983,1.446340
3,3.316448,5.322296,linear,150,50,rastrigin,3,0.000000,0.000000,0.000000,0.298548,1.518520
3,3.882831,0.585390,linear,150,50,rastrigin,3,0.000000,0.684033,0.994957,0.800617,0.916000
3,2.419483,2.832683,linear,150,50,rastrigin,3,0.000000,0.000000,0.000000,0.000000,1.968970
3,3.882831,1.507637,linear,150,50,rastrigin,3,0.000000,0.000000,0.000000,0.355271,0.768930
3,2.832683,0.802409,linear,150,50,rastrigin,3,0.000000,1.119328,0.994957,1.652948,1.724360
3,3.882831,0.939444,linear,150,50,rastrigin,3,0.000000,0.435294,0.994957,0.650538,0.953320
3,2.832683,0.500000,linear,150,50,rastrigin,3,0.000000,1.243698,1.492437,1.570062,1.775365
3,3.316448,1.507637,linear,150,50,rastrigin,3,0.000000,0.000000,0.000000,0.298487,1.177125
3,3.316448,2.066557,linear,150,50,rastrigin,3,0.000000,0.000000,0.000000,0.298487,1.868640
3,2.832683,3.316448,linear,150,50,rastrigin,3,0.000000,0.000000,0.000000,0.355271,1.231325
3,2.419483,2.066557,linear,150,50,rastrigin,3,0.000000,0.124370,0.000000,0.455947,1.308035
3,2.832683,5.322296,linear,150,50,rastrigin,3,0.000000,0.000000,0.000000,0.507331,1.957735
3,3.316448,0.939444,linear,150,50,rastrigin,3,0.000000,0.124370,0.000000,0.455947,1.101920
3,2.419483,8.541316,linear,150,50,rastrigin,3,0.000000,0.311655,0.005833,0.588147,1.467975
3,3.316448,0.500000,linear,150,50,rastrigin,3,0.000000,1.119328,0.994959,1.307717,2.821275
3,3.316448,8.541316,linear,150,50,rastrigin,3,0.000023,0.375026,0.507729,0.497613,1.662815
3,2.419483,0.802409,linear,150,50,rastrigin,3,0.000000,0.994958,0.994958,1.512205,1.513390
3,2.832683,2.066557,linear,150,50,rastrigin,3,0.000000,0.000000,0.000000,0.216846,1.715100
3,3.882831,2.419483,linear,150,50,rastrigin,3,0.000000,0.000000,0.000000,0.298487,1.109790
3,2.419483,1.287720,linear,150,50,rastrigin,3,0.000000,0.310924,0.000000,0.494985,1.129650
3,3.882831,3.882831,linear,150,50,rastrigin,3,0.000000,0.000000,0.000000,0.355271,1.396915
3,2.832683,8.541316,linear,150,50,rastrigin,3,0.000000,0.065633,0.000372,0.649188,1.041315
3,4.545940,1.099883,linear,150,50,rastrigin,3,0.000000,0.124370,0.000000,0.455947,0.997100
3,2.419483,5.322296,linear,150,50,rastrigin,3,0.000000,0.000000,0.000000,0.355271,1.088400
3,3.882831,10.000000,linear,150,50,rastrigin,3,0.000250,0.526783,0.998951,0.734445,1.191595
3,4.545940,2.832683,linear,150,50,rastrigin,3,0.000000,0.000000,0.000000,0.216846,0.974650
3,3.316448,6.231237,linear,150,50,rastrigin,3,0.000000,0.000010,0.000003,0.297761,1.034865
3,2.832683,0.939444,linear,150,50,rastrigin,3,0.000000,0.621848,0.994957,1.043520,0.884675
3,3.882831,6.231237,linear,150,50,rastrigin,3,0.000000,0.249019,0.000524,0.667338,1.415740
3,3.316448,3.882831,linear,150,50,rastrigin,3,0.000000,0.000000,0.000000,0.355271,1.119565
3,4.545940,1.765111,linear,150,50,rastrigin,3,0.000000,0.000000,0.000000,0.298487,1.160350
3,4.545940,0.685363,linear,150,50,rastrigin,3,0.000000,0.373109,0.497478,0.722630,1.386965
3,3.882831,1.099883,linear,150,50,rastrigin,3,0.000000,0.062185,0.000000,0.430829,1.069900
3,3.882831,1.765111,linear,150,50,rastrigin,3,0.000000,0.000000,0.000000,0.397983,1.365875
3,2.419483,3.316448,linear,150,50,rastrigin,3,0.000000,0.000000,0.000000,0.216846,1.439665
3,3.882831,0.685363,linear,150,50,rastrigin,3,0.000000,0.684033,0.994957,0.968488,1.449415
3,2.832683,0.585390,linear,150,50,rastrigin,3,0.000000,1.741176,1.492437,1.818352,1.162330
3,4.545940,4.545940,linear,150,50,rastrigin,3,0.000000,0.000006,0.000007,0.298486,0.905955
3,3.316448,1.765111,linear,150,50,rastrigin,3,0.000000,0.000000,0.000000,0.507330,1.290005
3,3.316448,1.099883,linear,150,50,rastrigin,3,0.000000,0.186554,0.000000,0.474564,0.825545
3,3.316448,0.585390,linear,150,50,rastrigin,3,0.000000,1.057142,0.994957,0.619356,0.928440
3,2.832683,10.000000,linear,150,50,rastrigin,3,0.000011,0.266222,0.010147,0.479702,0.979870
3,3.882831,2.832683,linear,150,50,rastrigin,3,0.000000,0.000000,0.000000,0.298487,1.116760
3,2.832683,6.231237,linear,150,50,rastrigin,3,0.000000,0.000001,0.000000,0.355271,1.326680
3,3.316448,2.419483,linear,150,50,rastrigin,3,0.000000,0.000000,0.000000,0.397983,1.553510
3,3.316448,10.000000,linear,150,50,rastrigin,3,0.000002,0.324534,0.081724,0.586017,1.370600
3,5.322296,1.287720,linear,150,50,rastrigin,3,0.000000,0.000000,0.000000,0.397983,0.957555
3,2.832683,3.882831,linear,150,50,rastrigin,3,0.000000,0.000000,0.000000,0.216846,1.721200
3,3.882831,4.545940,linear,150,50,rastrigin,3,0.000000,0.186558,0.000001,0.474564,1.447135
3,4.545940,0.500000,linear,150,50,rastrigin,3,0.000000,0.435294,0.994957,0.710542,1.035310
3,3.882831,7.295407,linear,150,50,rastrigin,3,0.000006,0.129335,0.002694,0.453541,0.975715
3,4.545940,7.295407,linear,150,50,rastrigin,3,0.000095,0.264530,0.050733,0.487762,1.613605
3,2.832683,2.419483,linear,150,50,rastrigin,3,0.000000,0.000000,0.000000,0.000000,1.648840
3,4.545940,0.802409,linear,150,50,rastrigin,3,0.000000,0.186554,0.000000,0.580155,0.891890
3,4.545940,1.287720,linear,150,50,rastrigin,3,0.000000,0.000000,0.000000,0.397983,1.554915
3,3.882831,1.287720,linear,150,50,rastrigin,3,0.000000,0.124370,0.000000,0.569391,0.920305
3,4.545940,2.066557,linear,150,50,rastrigin,3,0.000000,0.000000,0.000000,0.298487,0.943130
3,5.322296,0.802409,linear,150,50,rastrigin,3,0.000000,0.062185,0.000000,0.430829,1.989060
3,4.545940,5.322296,linear,150,50,rastrigin,3,0.000000,0.124634,0.000214,0.660028,0.954630
3,3.316448,4.545940,linear,150,50,rastrigin,3,0.000000,0.062185,0.000000,0.430829,1.568620
3,3.316448,7.295407,linear,150,50,rastrigin,3,0.000000,0.125737,0.000066,0.455983,1.726490
3,5.322296,2.066557,linear,150,50,rastrigin,3,0.000000,0.000000,0.000000,0.355271,1.752495
3,5.322296,5.322296,linear,150,50,rastrigin,3,0.000000,0.257441,0.014950,0.663373,1.037315
3,4.545940,3.316448,linear,150,50,rastrigin,3,0.000000,0.000000,0.000000,0.507331,1.813105
3,6.231237,1.507637,linear,150,50,rastrigin,3,0.000000,0.000000,0.000000,0.216846,0.911530
3,5.322296,0.500000,linear,150,50,rastrigin,3,0.000000,0.746219,0.994957,0.989969,2.533285
3,3.882831,0.802409,linear,150,50,rastrigin,3,0.000000,0.310924,0.000000,0.588625,1.260840
3,3.882831,0.500000,linear,150,50,rastrigin,3,0.000000,0.497479,0.994957,1.451241,0.889895
3,5.322296,3.316448,linear,150,50,rastrigin,3,0.000000,0.062196,0.000000,0.430824,1.525720
3,3.316448,0.685363,linear,150,50,rastrigin,3,0.000000,0.435294,0.994957,1.293445,1.050875
3,5.322296,1.507637,linear,150,50,rastrigin,3,0.000000,0.000000,0.000000,0.298487,0.943480
3,3.882831,2.066557,linear,150,50,rastrigin,3,0.000000,0.000000,0.000000,0.298487,1.708580
3,6.231237,0.939444,linear,150,50,rastrigin,3,0.000000,0.000000,0.000000,0.298487,1.093265
3,3.882831,5.322296,linear,150,50,rastrigin,3,0.000000,0.000021,0.000011,0.355239,0.885675
3,6.231237,2.419483,linear,150,50,rastrigin,3,0.000000,0.000000,0.000000,0.298487,1.025525
3,5.322296,8.541316,linear,150,50,rastrigin,3,0.002625,0.607498,1.010900,0.780495,1.384815
3,3.316448,2.832683,linear,150,50,rastrigin,3,0.000000,0.000000,0.000000,0.000000,1.220125
3,4.545940,0.585390,linear,150,50,rastrigin,3,0.000000,0.684033,0.994957,0.430829,1.098685
3,6.231237,0.585390,linear,150,50,rastrigin,3,0.000000,0.310924,0.000000,0.588625,1.729540
3,3.882831,8.541316,linear,150,50,rastrigin,3,0.000042,0.261782,0.009257,0.662055,1.387610
3,4.545940,8.541316,linear,150,50,rastrigin,3,0.002033,0.524769,0.998274,0.643533,1.381465
3,5.322296,0.939444,linear,150,50,rastrigin,3,0.000000,0.062185,0.000000,0.430829,1.069250
3,3.882831,3.316448,linear,150,50,rastrigin,3,0.000000,0.000000,0.000000,0.298487,2.262445
3,5.322296,6.231237,linear,150,50,rastrigin,3,0.000002,0.260635,0.028376,0.589700,1.178215
3,4.545940,1.507637,linear,150,50,rastrigin,3,0.000000,0.000000,0.000000,0.298487,1.311370
3,6.231237,6.231237,linear,150,50,rastrigin,3,0.000540,0.701264,1.003335,0.771602,1.351915
3,4.545940,6.231237,linear,150,50,rastrigin,3,0.000008,0.187220,0.000504,0.474237,1.328165
3,6.231237,1.099883,linear,150,50,rastrigin,3,0.000000,0.000000,0.000000,0.216846,0.963765
3,7.295407,4.545940,linear,150,50,rastrigin,3,0.000170,0.444030,0.995101,0.645831,1.141040
3,7.295407,0.685363,linear,150,50,rastrigin,3,0.000000,0.000000,0.000000,0.397983,1.436365
3,5.322296,3.882831,linear,150,50,rastrigin,3,0.000000,0.062786,0.000005,0.553714,1.274860
3,6.231237,1.765111,linear,150,50,rastrigin,3,0.000000,0.000000,0.000000,0.298487,1.337160
3,7.295407,1.765111,linear,150,50,rastrigin,3,0.000000,0.000000,0.000000,0.355271,1.406135
3,4.545940,2.419483,linear,150,50,rastrigin,3,0.000000,0.000000,0.000000,0.298487,1.864715
3,7.295407,2.832683,linear,150,50,rastrigin,3,0.000000,0.000021,0.000003,0.355252,1.589635
3,4.545940,3.882831,linear,150,50,rastrigin,3,0.000000,0.125064,0.000000,0.455604,1.806365
3,6.231237,3.882831,linear,150,50,rastrigin,3,0.000000,0.249402,0.002524,0.667061,2.153165
3,5.322296,2.419483,linear,150,50,rastrigin,3,0.000000,0.000000,0.000000,0.298487,1.923010
3,4.545940,0.939444,linear,150,50,rastrigin,3,0.000000,0.062185,0.000000,0.430829,2.153200
3,5.322296,1.765111,linear,150,50,rastrigin,3,0.000000,0.000000,0.000000,0.000000,1.671605
3,7.295407,1.099883,linear,150,50,rastrigin,3,0.000000,0.000000,0.000000,0.000000,1.757315
3,6.231237,10.000000,linear,150,50,rastrigin,3,0.032591,0.818144,1.022793,0.926056,2.227600
3,5.322296,10.000000,linear,150,50,rastrigin,3,0.072495,0.811947,1.048459,0.711539,0.992035
3,8.541316,8.541316,linear,150,50,rastrigin,3,0.141575,1.145061,1.272068,1.296396,0.932175
3,7.295407,7.295407,linear,150,50,rastrigin,3,0.029758,0.961697,1.064810,1.383582,1.863715
3,8.541316,3.316448,linear,150,50,rastrigin,3,0.000008,0.313665,0.017966,0.589089,1.028750
3,8.541316,1.287720,linear,150,50,rastrigin,3,0.000000,0.000000,0.000000,0.216846,1.265985
3,5.322296,1.099883,linear,150,50,rastrigin,3,0.000000,0.000000,0.000000,0.355271,1.190195
3,6.231237,0.685363,linear,150,50,rastrigin,3,0.000000,0.124370,0.000000,0.569390,1.341320
3,8.541316,0.500000,linear,150,50,rastrigin,3,0.000000,0.248739,0.000000,0.487428,1.375240
3,8.541316,0.802409,linear,150,50,rastrigin,3,0.000000,0.000000,0.000000,0.298487,1.393550
3,4.545940,10.000000,linear,150,50,rastrigin,3,0.000736,0.643774,1.001310,0.670482,1.290660
3,8.541316,2.066557,linear,150,50,rastrigin,3,0.000000,0.062186,0.000000,0.430829,1.281810
3,8.541316,5.322296,linear,150,50,rastrigin,3,0.000153,0.457245,0.639549,0.804141,1.302140
3,6.231237,7.295407,linear,150,50,rastrigin,3,0.001024,0.577306,0.998070,0.559480,1.407860
3,5.322296,0.585390,linear,150,50,rastrigin,3,0.000000,0.248739,0.000000,0.487428,2.673290
3,6.231237,1.287720,linear,150,50,rastrigin,3,0.000000,0.000000,0.000000,0.298487,1.436565
3,6.231237,2.066557,linear,150,50,rastrigin,3,0.000000,0.000000,0.000000,0.397983,1.470685
3,5.322296,7.295407,linear,150,50,rastrigin,3,0.000059,0.383847,0.548244,0.688712,1.668375
3,7.295407,2.066557,linear,150,50,rastrigin,3,0.000000,0.000000,0.000000,0.397983,1.050200
3,6.231237,2.832683,linear,150,50,rastrigin,3,0.000000,0.000001,0.000000,0.397983,2.207025
3,6.231237,0.500000,linear,150,50,rastrigin,3,0.000000,0.621848,0.994957,0.994958,0.969405
3,7.295407,1.287720,linear,150,50,rastrigin,3,0.000000,0.000000,0.000000,0.216846,1.045800
3,10.000000,0.939444,linear,150,50,rastrigin,3,0.000000,0.000000,0.000000,0.000000,1.109205
3,8.541316,1.507637,linear,150,50,rastrigin,3,0.000000,0.000000,0.000000,0.355271,1.038335
3,8.541316,3.882831,linear,150,50,rastrigin,3,0.000114,0.216877,0.012108,0.467463,1.065710
3,5.322296,4.545940,linear,150,50,rastrigin,3,0.000000,0.249643,0.001272,0.666915,2.208945
3,10.000000,2.419483,linear,150,50,rastrigin,3,0.000000,0.000133,0.000043,0.397936,1.126880
3,7.295407,5.322296,linear,150,50,rastrigin,3,0.000175,0.480166,1.005376,0.857556,1.571030
3,10.000000,1.507637,linear,150,50,rastrigin,3,0.000000,0.000000,0.000000,0.355271,1.146525
3,5.322296,2.832683,linear,150,50,rastrigin,3,0.000000,0.000001,0.000000,0.397983,1.165750
3,7.295407,0.500000,linear,150,50,rastrigin,3,0.000000,0.248739,0.000000,0.487428,1.197215
3,7.295407,0.802409,linear,150,50,rastrigin,3,0.000000,0.000000,0.000000,0.298487,1.476895
3,7.295407,3.316448,linear,150,50,rastrigin,3,0.000002,0.062404,0.000149,0.430753,1.271240
3,7.295407,8.541316,linear,150,50,rastrigin,3,0.048239,1.194800,1.376190,1.098922,1.267990
3,6.231237,4.545940,linear,150,50,rastrigin,3,0.000038,0.249290,0.000856,0.487423,1.227945
3,8.541316,10.000000,linear,150,50,rastrigin,3,0.714733,2.587034,3.087229,1.508010,1.413090
3,6.231237,0.802409,linear,150,50,rastrigin,3,0.000000,0.062185,0.000000,0.430829,0.895740
3,10.000000,0.585390,linear,150,50,rastrigin,3,0.000000,0.000000,0.000000,0.397983,1.851410
3,8.541316,0.585390,linear,150,50,rastrigin,3,0.000000,0.062185,0.000000,0.430829,1.047775
3,8.541316,0.939444,linear,150,50,rastrigin,3,0.000000,0.000000,0.000000,0.355271,0.855545
3,0.500000,0.685363,quadratic,150,50,rastrigin,3,1.064579,4.923090,5.564892,3.131074,0.798495
3,10.000000,6.231237,linear,150,50,rastrigin,3,0.048603,1.220461,1.309663,0.883400,0.848560
3,5.322296,0.685363,linear,150,50,rastrigin,3,0.000000,0.310924,0.000000,0.588625,0.902930
3,10.000000,10.000000,linear,150,50,rastrigin,3,0.391590,2.152070,2.536015,1.703049,0.937620
3,6.231237,8.541316,linear,150,50,rastrigin,3,0.018517,1.174385,1.418183,0.949122,0.970355
3,10.000000,3.882831,linear,150,50,rastrigin,3,0.000481,0.557696,0.996735,0.795629,0.981820
3,0.585390,0.500000,quadratic,150,50,rastrigin,3,0.999531,3.638608,4.979730,2.822308,0.831480
3,0.500000,1.099883,quadratic,150,50,rastrigin,3,0.005716,2.740263,2.998405,2.613258,0.912295
3,0.500000,7.295407,quadratic,150,50,rastrigin,3,0.000000,0.000000,0.000000,0.905083,0.920125
3,0.500000,4.545940,quadratic,150,50,rastrigin,3,0.000000,0.497479,0.994957,1.065813,0.977125
3,7.295407,2.419483,linear,150,50,rastrigin,3,0.000000,0.000000,0.000000,0.298489,1.014250
3,8.541316,2.419483,linear,150,50,rastrigin,3,0.000000,0.186611,0.000007,0.580127,1.172295
3,0.500000,2.832683,quadratic,150,50,rastrigin,3,0.000000,1.119328,0.994959,1.682626,1.166715
3,0.500000,1.765111,quadratic,150,50,rastrigin,3,0.994957,1.990152,1.989961,1.667805,1.259925
3,8.541316,6.231237,linear,150,50,rastrigin,3,0.015917,0.827975,1.074604,0.694315,1.893095
3,8.541316,1.765111,linear,150,50,rastrigin,3,0.000000,0.000038,0.000000,0.397968,1.043470
3,10.000000,1.099883,linear,150,50,rastrigin,3,0.000000,0.000000,0.000000,0.397983,1.092640
3,7.295407,1.507637,linear,150,50,rastrigin,3,0.000000,0.000000,0.000000,0.298487,1.365580
3,0.585390,0.802409,quadratic,150,50,rastrigin,3,0.000010,4.183943,5.474190,4.035260,0.938520
3,8.541316,4.545940,linear,150,50,rastrigin,3,0.000425,0.524003,0.998610,0.648146,0.949020
3,6.231237,3.316448,linear,150,50,rastrigin,3,0.000000,0.186588,0.000025,0.474709,1.612065
3,7.295407,0.939444,linear,150,50,rastrigin,3,0.000000,0.000000,0.000000,0.474565,0.856730
3,7.295407,10.000000,linear,150,50,rastrigin,3,0.039988,1.250715,1.716717,1.485968,0.815935
3,0.585390,1.287720,quadratic,150,50,rastrigin,3,0.000036,2.487822,2.488295,3.524327,0.908690
3,10.000000,2.832683,linear,150,50,rastrigin,3,0.000000,0.437996,0.994972,0.762833,1.035510
3,10.000000,1.765111,linear,150,50,rastrigin,3,0.000000,0.186556,0.000001,0.474564,1.025985
3,7.295407,3.882831,linear,150,50,rastrigin,3,0.000000,0.436043,0.994965,0.710219,1.006880
3,0.500000,0.802409,quadratic,150,50,rastrigin,3,0.000492,2.803793,3.902437,3.191589,0.839515
3,8.541316,0.685363,linear,150,50,rastrigin,3,0.000000,0.000000,0.000000,0.533487,0.944770
3,6.231237,5.322296,linear,150,50,rastrigin,3,0.000042,0.196802,0.009465,0.474014,1.022325
3,0.500000,5.322296,quadratic,150,50,rastrigin,3,0.000000,0.559663,0.994957,2.045718,1.035200
3,10.000000,0.500000,linear,150,50,rastrigin,3,0.000000,0.000000,0.000000,0.298487,1.077215
3,10.000000,0.685363,linear,150,50,rastrigin,3,0.000000,0.000000,0.000000,0.216846,1.130610
3,10.000000,7.295407,linear,150,50,rastrigin,3,0.892826,1.769500,1.969831,1.130712,0.990675
3,7.295407,6.231237,linear,150,50,rastrigin,3,0.000088,0.703559,1.015338,1.027266,1.545105
3,8.541316,1.099883,linear,150,50,rastrigin,3,0.000000,0.000000,0.000000,0.298487,1.314560
3,0.500000,0.500000,quadratic,150,50,rastrigin,3,0.090698,3.656046,5.308995,3.268445,0.741255
3,7.295407,0.585390,linear,150,50,rastrigin,3,0.000000,0.062185,0.000000,0.553969,1.729165
3,0.585390,2.066557,quadratic,150,50,rastrigin,3,0.000000,1.181513,1.989916,2.300803,0.740160
3,0.585390,3.316448,quadratic,150,50,rastrigin,3,0.000000,0.746218,0.994957,1.116837,1.013030
3,0.685363,0.585390,quadratic,150,50,rastrigin,3,0.005390,2.585070,2.557854,3.306201,0.772920
3,0.500000,0.939444,quadratic,150,50,rastrigin,3,1.007099,4.172021,4.487265,3.629956,0.846960
3,0.585390,0.939444,quadratic,150,50,rastrigin,3,0.000000,2.304003,2.984885,1.847159,0.749030
3,0.685363,0.939444,quadratic,150,50,rastrigin,3,0.000010,2.799023,2.985246,2.519827,0.871325
3,0.685363,1.507637,quadratic,150,50,rastrigin,3,0.000000,2.301139,1.992306,2.133837,0.927590
3,8.541316,2.832683,linear,150,50,rastrigin,3,0.000000,0.311967,0.007911,0.588030,1.093855
3,0.685363,2.419483,quadratic,150,50,rastrigin,3,0.000000,1.368067,1.492437,1.736906,0.887985
3,0.585390,5.322296,quadratic,150,50,rastrigin,3,0.000000,0.248739,0.000000,0.487428,1.442175
3,0.500000,8.541316,quadratic,150,50,rastrigin,3,0.000000,0.000000,0.000000,0.355271,1.285395
3,0.500000,3.316448,quadratic,150,50,rastrigin,3,0.000000,0.746218,0.994957,0.826474,1.286985
3,0.685363,6.231237,quadratic,150,50,rastrigin,3,0.000000,0.186554,0.000000,0.474564,0.820295
3,0.585390,0.585390,quadratic,150,50,rastrigin,3,0.998150,2.779109,2.985659,1.921967,1.472735
3,10.000000,4.545940,linear,150,50,rastrigin,3,0.001198,0.979721,1.025913,0.650745,1.578925
3,0.802409,2.832683,quadratic,150,50,rastrigin,3,0.000000,0.870588,0.994957,0.764242,0.920120
3,0.500000,1.287720,quadratic,150,50,rastrigin,3,0.994968,2.242512,1.989968,3.344437,1.641580
3,0.685363,10.000000,quadratic,150,50,rastrigin,3,0.000000,0.000000,0.000000,0.000000,1.516725
3,10.000000,1.287720,linear,150,50,rastrigin,3,0.000000,0.000000,0.000000,0.216846,1.580420
3,0.802409,0.685363,quadratic,150,50,rastrigin,3,0.000134,1.994506,2.018573,3.688145,0.893975
3,10.000000,8.541316,linear,150,50,rastrigin,3,1.100910,2.227363,2.560605,1.739421,0.843850
3,0.802409,4.545940,quadratic,150,50,rastrigin,3,0.000000,0.310924,0.000000,0.665582,0.842765
3,0.500000,6.231237,quadratic,150,50,rastrigin,3,0.000000,0.310924,0.000000,0.731141,0.884620
3,0.802409,1.765111,quadratic,150,50,rastrigin,3,0.000000,1.865547,1.989918,2.084070,0.908170
3,0.585390,1.507637,quadratic,150,50,rastrigin,3,0.000000,2.425588,1.992945,2.422202,1.086585
3,0.585390,8.541316,quadratic,150,50,rastrigin,3,0.000000,0.000000,0.000000,0.216846,1.856880
3,10.000000,0.802409,linear,150,50,rastrigin,3,0.000000,0.000000,0.000000,0.298487,0.957030
3,0.685363,3.882831,quadratic,150,50,rastrigin,3,0.000000,0.435294,0.994957,0.710542,0.897735
3,0.500000,0.585390,quadratic,150,50,rastrigin,3,0.995094,3.758276,4.511523,3.258438,0.903195
3,8.541316,7.295407,linear,150,50,rastrigin,3,0.002752,0.911418,1.153090,1.166576,1.187130
3,0.585390,2.419483,quadratic,150,50,rastrigin,3,0.000000,0.932775,0.994961,1.352372,0.858050
3,0.939444,0.500000,quadratic,150,50,rastrigin,3,0.001698,2.767818,3.001318,2.552318,0.724125
3,0.585390,3.882831,quadratic,150,50,rastrigin,3,0.000000,0.684033,0.994957,1.173038,1.404685
3,0.802409,1.099883,quadratic,150,50,rastrigin,3,0.994957,2.922691,3.482352,2.409864,1.421800
3,0.685363,0.685363,quadratic,150,50,rastrigin,3,0.001522,2.987377,3.490104,2.506703,0.854465
3,10.000000,2.066557,linear,150,50,rastrigin,3,0.000000,0.000008,0.000000,0.397995,1.577805
3,0.500000,2.066557,quadratic,150,50,rastrigin,3,0.000006,2.114407,2.487411,1.987288,1.060765
3,0.802409,7.295407,quadratic,150,50,rastrigin,3,0.000000,0.000000,0.000000,0.216846,1.114730
3,10.000000,3.316448,linear,150,50,rastrigin,3,0.000000,0.256803,0.015496,0.585835,1.729675
3,0.585390,0.685363,quadratic,150,50,rastrigin,3,0.002090,3.231841,4.480268,2.533453,0.763565
3,0.685363,1.765111,quadratic,150,50,rastrigin,3,0.000000,1.492437,1.492437,1.682626,0.956625
3,0.685363,7.295407,quadratic,150,50,rastrigin,3,0.000000,0.000000,0.000000,0.298487,0.853105
3,0.685363,4.545940,quadratic,150,50,rastrigin,3,0.000000,0.497478,0.994957,0.637084,0.910630
3,0.802409,3.316448,quadratic,150,50,rastrigin,3,0.000000,0.497478,0.994957,0.487427,0.835200
3,0.685363,1.099883,quadratic,150,50,rastrigin,3,0.000000,2.425279,2.487526,2.662905,1.132865
3,0.585390,1.099883,quadratic,150,50,rastrigin,3,0.026285,2.492850,2.985034,2.504722,0.750220
3,0.685363,2.832683,quadratic,150,50,rastrigin,3,0.000000,0.746218,0.994957,0.703541,1.092960
3,0.500000,10.000000,quadratic,150,50,rastrigin,3,0.000000,0.000000,0.000000,0.298487,1.079850
3,0.585390,6.231237,quadratic,150,50,rastrigin,3,0.000000,0.124370,0.000000,0.455947,1.110705
3,0.939444,2.066557,quadratic,150,50,rastrigin,3,0.000000,0.994957,0.994957,0.895462,0.850130
3,0.802409,0.500000,quadratic,150,50,rastrigin,3,0.013329,3.113505,4.197274,2.555510,0.926790
3,0.802409,5.322296,quadratic,150,50,rastrigin,3,0.000000,0.000000,0.000000,0.298487,0.926415
3,0.802409,0.802409,quadratic,150,50,rastrigin,3,0.000067,2.959791,3.979866,1.951675,0.990330
3,10.000000,5.322296,linear,150,50,rastrigin,3,0.013100,1.213090,1.416906,0.950475,1.182970
3,0.939444,0.802409,quadratic,150,50,rastrigin,3,0.000120,2.176545,1.989973,2.257375,1.565455
3,0.500000,1.507637,quadratic,150,50,rastrigin,3,0.994961,3.124214,3.979830,2.230109,1.783155
3,0.585390,2.832683,quadratic,150,50,rastrigin,3,0.000000,1.181512,0.994957,1.188756,0.748525
3,0.939444,1.287720,quadratic,150,50,rastrigin,3,0.000000,1.305882,1.492436,1.403561,1.411370
3,0.802409,2.066557,quadratic,150,50,rastrigin,3,0.000000,0.932773,0.994957,1.277078,0.964160
3,0.939444,0.585390,quadratic,150,50,rastrigin,3,0.994959,2.578486,2.642475,2.394027,0.793325
3,0.685363,0.802409,quadratic,150,50,rastrigin,3,0.000082,3.238396,2.990539,3.833997,0.723130
3,0.500000,3.882831,quadratic,150,50,rastrigin,3,0.000000,0.932773,0.994957,0.569391,0.892155
3,0.939444,8.541316,quadratic,150,50,rastrigin,3,0.000000,0.000000,0.000000,0.216846,0.887020
3,0.585390,4.545940,quadratic,150,50,rastrigin,3,0.000000,0.310924,0.000000,1.037574,0.874280
3,0.802409,1.287720,quadratic,150,50,rastrigin,3,0.994957,2.300841,1.989919,2.751914,0.905455
3,0.685363,2.066557,quadratic,150,50,rastrigin,3,0.000000,1.741176,1.989917,1.550187,0.710880
3,1.099883,2.419483,quadratic,150,50,rastrigin,3,0.000000,0.310924,0.000000,0.588625,0.811175
3,0.500000,2.419483,quadratic,150,50,rastrigin,3,0.000000,0.994958,0.994958,1.014662,0.908415
3,0.685363,5.322296,quadratic,150,50,rastrigin,3,0.000000,0.124370,0.000000,0.569390,1.196970
3,0.685363,8.541316,quadratic,150,50,rastrigin,3,0.000000,0.000000,0.000000,0.216846,0.825260
3,0.802409,8.541316,quadratic,150,50,rastrigin,3,0.000000,0.000000,0.000000,0.000000,1.001510
3,0.939444,5.322296,quadratic,150,50,rastrigin,3,0.000000,0.000000,0.000000,0.216846,1.376465
3,0.939444,3.316448,quadratic,150,50,rastrigin,3,0.000000,0.186554,0.000000,0.474564,1.573135
3,1.099883,0.939444,quadratic,150,50,rastrigin,3,0.994957,1.989918,1.989918,1.388491,1.231995
3,0.802409,3.882831,quadratic,150,50,rastrigin,3,0.000000,0.186554,0.000000,0.665581,0.746260
3,1.099883,3.882831,quadratic,150,50,rastrigin,3,0.000000,0.062185,0.000000,0.430829,0.777425
3,0.585390,1.765111,quadratic,150,50,rastrigin,3,0.000000,1.554735,1.989918,1.726068,1.742410
3,0.939444,2.419483,quadratic,150,50,rastrigin,3,0.000000,0.621848,0.994957,1.576310,0.767485
3,0.585390,10.000000,quadratic,150,50,rastrigin,3,0.000000,0.000000,0.000000,0.216846,1.792250
3,1.099883,0.585390,quadratic,150,50,rastrigin,3,0.994959,3.054969,3.482362,2.672695,0.952725
3,1.099883,1.507637,quadratic,150,50,rastrigin,3,0.000000,1.243697,1.989914,1.381344,1.585390
3,0.685363,3.316448,quadratic,150,50,rastrigin,3,0.000000,0.435294,0.994957,1.173038,0.943935
3,0.802409,6.231237,quadratic,150,50,rastrigin,3,0.000000,0.000000,0.000000,0.000000,0.800575
3,0.939444,0.685363,quadratic,150,50,rastrigin,3,0.000000,2.302304,2.984879,2.026234,0.716840
3,0.802409,2.419483,quadratic,150,50,rastrigin,3,0.000000,0.497478,0.994957,1.438393,0.734295
3,1.287720,1.099883,quadratic,150,50,rastrigin,3,0.000000,1.181530,1.492578,1.392932,0.808690
3,1.287720,1.765111,quadratic,150,50,rastrigin,3,0.000000,0.497478,0.994957,1.008546,0.790285
3,0.585390,7.295407,quadratic,150,50,rastrigin,3,0.000000,0.000000,0.000000,0.216846,1.052260
3,0.802409,0.939444,quadratic,150,50,rastrigin,3,0.995426,2.363074,1.989933,1.588034,0.914545
3,1.287720,0.685363,quadratic,150,50,rastrigin,3,0.000000,2.489933,2.487593,2.384303,0.910335
3,0.939444,0.939444,quadratic,150,50,rastrigin,3,0.000000,1.305942,1.492437,2.215832,0.980120
3,0.685363,1.287720,quadratic,150,50,rastrigin,3,0.000031,2.487424,2.487593,1.920924,1.300815
3,1.099883,10.000000,quadratic,150,50,rastrigin,3,0.000000,0.062188,0.000000,0.430829,1.061355
3,1.507637,0.500000,quadratic,150,50,rastrigin,3,0.000002,3.357991,4.477313,2.528833,1.172150
3,1.099883,6.231237,quadratic,150,50,rastrigin,3,0.000000,0.000000,0.000000,0.298487,1.523080
3,0.802409,0.585390,quadratic,150,50,rastrigin,3,0.995014,3.520717,4.477503,3.492517,0.870010
3,1.099883,2.832683,quadratic,150,50,rastrigin,3,0.000000,0.248739,0.000000,0.667438,0.820180
3,1.507637,0.802409,quadratic,150,50,rastrigin,3,0.000000,1.243698,0.994959,2.163318,0.718330
3,1.507637,1.287720,quadratic,150,50,rastrigin,3,0.000000,0.746218,0.994957,1.146362,0.754835
3,1.287720,7.295407,quadratic,150,50,rastrigin,3,0.000000,0.000000,0.000000,0.298468,1.038460
3,0.939444,1.507637,quadratic,150,50,rastrigin,3,0.000000,1.181515,0.994976,1.292487,0.898225
3,1.099883,1.099883,quadratic,150,50,rastrigin,3,0.000000,1.119328,1.492437,1.631094,0.864770
3,0.802409,10.000000,quadratic,150,50,rastrigin,3,0.000000,0.000000,0.000000,0.000000,1.217285
3,0.939444,3.882831,quadratic,150,50,rastrigin,3,0.000000,0.000000,0.000000,0.533487,0.888760
3,1.507637,3.316448,quadratic,150,50,rastrigin,3,0.000000,0.000000,0.000000,0.298487,1.208810
3,1.099883,4.545940,quadratic,150,50,rastrigin,3,0.000000,0.000000,0.000000,0.298487,0.922870
3,1.287720,2.066557,quadratic,150,50,rastrigin,3,0.000000,0.497478,0.994957,0.637083,0.897990
3,0.939444,6.231237,quadratic,150,50,rastrigin,3,0.000000,0.000000,0.000000,0.216846,0.978375
3,1.287720,4.545940,quadratic,150,50,rastrigin,3,0.000000,0.000000,0.000000,0.000000,1.839855
3,0.939444,10.000000,quadratic,150,50,rastrigin,3,0.000000,0.000000,0.000000,0.216846,1.311235
3,1.507637,2.066557,quadratic,150,50,rastrigin,3,0.000000,0.310924,0.000000,0.588625,1.025370
3,0.939444,2.832683,quadratic,150,50,rastrigin,3,0.000000,0.310924,0.000000,0.494985,0.928980
3,1.287720,2.832683,quadratic,150,50,rastrigin,3,0.000000,0.124370,0.000000,0.659981,1.187450
3,1.765111,0.585390,quadratic,150,50,rastrigin,3,0.000000,2.300840,1.989918,2.317952,0.716215
3,0.685363,0.500000,quadratic,150,50,rastrigin,3,1.001936,3.842246,5.057630,3.044188,0.879925
3,1.099883,1.765111,quadratic,150,50,rastrigin,3,0.000000,0.870588,0.994957,1.037575,0.799505
3,1.765111,0.939444,quadratic,150,50,rastrigin,3,0.000000,1.305882,0.994958,1.779834,0.752900
3,1.507637,8.541316,quadratic,150,50,rastrigin,3,0.000000,0.000007,0.000003,0.355273,0.848740
3,1.099883,0.685363,quadratic,150,50,rastrigin,3,0.000000,2.736399,3.482353,2.978120,0.915690
3,1.287720,1.287720,quadratic,150,50,rastrigin,3,0.000000,1.057142,0.994958,1.065813,0.866220
3,0.939444,1.099883,quadratic,150,50,rastrigin,3,0.994957,2.487395,1.989919,2.343437,0.782645
3,1.099883,3.316448,quadratic,150,50,rastrigin,3,0.000000,0.310924,0.000000,0.588625,0.732085
3,1.287720,0.802409,quadratic,150,50,rastrigin,3,0.000000,1.741176,1.989918,2.096507,0.889240
3,1.507637,0.585390,quadratic,150,50,rastrigin,3,0.000000,1.741199,2.487396,2.227019,0.875970
3,1.765111,3.882831,quadratic,150,50,rastrigin,3,0.000000,0.000000,0.000000,0.000000,0.962815
3,1.765111,1.507637,quadratic,150,50,rastrigin,3,0.000000,0.373109,0.497478,0.586519,1.127250
3,1.099883,7.295407,quadratic,150,50,rastrigin,3,0.000000,0.000000,0.000000,0.000000,0.981670
3,0.802409,1.507637,quadratic,150,50,rastrigin,3,0.000000,1.554622,1.989916,1.719723,1.175545
3,1.507637,0.939444,quadratic,150,50,rastrigin,3,0.000000,0.932773,0.994957,1.581795,0.739225
3,1.507637,1.507637,quadratic,150,50,rastrigin,3,0.000000,0.621848,0.994957,0.696470,0.751785
3,1.287720,0.500000,quadratic,150,50,rastrigin,3,0.994959,1.867470,1.990171,1.587318,1.208075
3,1.507637,5.322296,quadratic,150,50,rastrigin,3,0.000000,0.000000,0.000000,0.000000,1.623770
3,1.099883,5.322296,quadratic,150,50,rastrigin,3,0.000000,0.000000,0.000000,0.216846,0.819975
3,1.287720,8.541316,quadratic,150,50,rastrigin,3,0.000000,0.000111,0.000000,0.397940,0.947150
3,1.765111,2.419483,quadratic,150,50,rastrigin,3,0.000000,0.000000,0.000000,0.355271,1.516225
3,1.507637,3.882831,quadratic,150,50,rastrigin,3,0.000000,0.000000,0.000000,0.216846,0.965400
3,1.765111,10.000000,quadratic,150,50,rastrigin,3,0.000189,0.505874,0.995032,0.564848,1.046290
3,1.099883,0.500000,quadratic,150,50,rastrigin,3,0.994961,2.558324,2.526253,2.361819,0.769880
3,2.066557,0.685363,quadratic,150,50,rastrigin,3,0.000000,1.368067,1.989914,1.352374,0.739220
3,1.507637,2.419483,quadratic,150,50,rastrigin,3,0.000000,0.062185,0.000000,0.430829,0.784260
3,1.099883,1.287720,quadratic,150,50,rastrigin,3,0.000000,1.119328,0.994959,2.596437,1.152795
3,1.287720,2.419483,quadratic,150,50,rastrigin,3,0.000000,0.373109,0.497478,0.905083,1.189005
3,1.765111,6.231237,quadratic,150,50,rastrigin,3,0.000000,0.000001,0.000000,0.298487,1.669520
3,0.939444,7.295407,quadratic,150,50,rastrigin,3,0.000000,0.000000,0.000000,0.298487,0.980620
3,0.939444,1.765111,quadratic,150,50,rastrigin,3,0.000000,0.932773,0.994957,1.048253,1.368285
3,1.765111,1.099883,quadratic,150,50,rastrigin,3,0.000000,0.932773,0.994957,0.882938,0.743145
3,1.287720,3.316448,quadratic,150,50,rastrigin,3,0.000000,0.000000,0.000000,0.355271,0.935005
3,1.507637,10.000000,quadratic,150,50,rastrigin,3,0.000000,0.000491,0.000220,0.533316,0.896495
3,1.287720,5.322296,quadratic,150,50,rastrigin,3,0.000000,0.000000,0.000000,0.216846,1.376535
3,1.287720,1.507637,quadratic,150,50,rastrigin,3,0.000000,0.870588,0.994957,1.094454,0.855910
3,2.066557,2.832683,quadratic,150,50,rastrigin,3,0.000000,0.000000,0.000000,0.298487,0.807970
3,1.099883,0.802409,quadratic,150,50,rastrigin,3,0.000000,2.798341,2.984878,2.166234,0.919035
3,1.765111,0.685363,quadratic,150,50,rastrigin,3,0.000000,1.927731,1.989919,1.525241,1.236635
3,1.507637,1.099883,quadratic,150,50,rastrigin,3,0.000000,1.305882,1.989914,1.331162,0.751320
3,2.419483,0.500000,quadratic,150,50,rastrigin,3,0.000000,1.616807,1.989916,1.495749,1.003170
3,1.099883,2.066557,quadratic,150,50,rastrigin,3,0.000000,0.684033,0.994957,1.018314,1.469670
3,0.939444,4.545940,quadratic,150,50,rastrigin,3,0.000000,0.124370,0.000000,0.569390,2.171685
3,1.507637,1.765111,quadratic,150,50,rastrigin,3,0.000000,0.186554,0.000000,0.474564,0.700310
3,2.419483,1.287720,quadratic,150,50,rastrigin,3,0.000000,0.248739,0.000000,0.487427,1.010115
3,2.066557,0.802409,quadratic,150,50,rastrigin,3,0.000000,0.746218,0.994957,2.211400,1.200155
3,1.507637,2.832683,quadratic,150,50,rastrigin,3,0.000000,0.000000,0.000000,0.216846,0.891275
3,1.765111,2.832683,quadratic,150,50,rastrigin,3,0.000000,0.000000,0.000000,0.355271,0.982660
3,1.765111,4.545940,quadratic,150,50,rastrigin,3,0.000000,0.000000,0.000000,0.000000,1.447210
3,2.066557,1.765111,quadratic,150,50,rastrigin,3,0.000000,0.000000,0.000000,0.355271,1.609875
3,1.507637,0.685363,quadratic,150,50,rastrigin,3,0.000010,1.492484,1.989916,1.550168,1.503335
3,1.765111,1.287720,quadratic,150,50,rastrigin,3,0.000000,0.684033,0.994957,0.665582,0.736785
3,1.287720,10.000000,quadratic,150,50,rastrigin,3,0.000000,0.062337,0.000003,0.430763,0.864580
3,1.287720,0.585390,quadratic,150,50,rastrigin,3,0.994957,2.301306,1.993609,2.185880,1.411570
3,1.765111,0.500000,quadratic,150,50,rastrigin,3,0.000000,1.619988,1.989918,1.950407,0.717990
3,1.287720,3.882831,quadratic,150,50,rastrigin,3,0.000000,0.000000,0.000000,0.000000,1.213675
3,2.066557,3.316448,quadratic,150,50,rastrigin,3,0.000000,0.000000,0.000000,0.216846,0.996480
3,1.765111,7.295407,quadratic,150,50,rastrigin,3,0.000000,0.000338,0.000008,0.533363,1.053485
3,1.287720,0.939444,quadratic,150,50,rastrigin,3,0.000000,1.554878,1.989917,2.050311,1.722670
3,2.066557,1.099883,quadratic,150,50,rastrigin,3,0.000000,0.621848,0.994957,0.994958,2.139345
3,2.066557,0.500000,quadratic,150,50,rastrigin,3,0.000000,1.741177,1.989918,2.163318,0.910840
3,2.419483,0.802409,quadratic,150,50,rastrigin,3,0.000000,0.870587,0.994957,1.229689,1.668420
3,2.066557,7.295407,quadratic,150,50,rastrigin,3,0.000006,0.259646,0.004122,0.482078,1.714095
3,2.066557,4.545940,quadratic,150,50,rastrigin,3,0.000000,0.000000,0.000000,0.000003,1.856190
3,2.419483,5.322296,quadratic,150,50,rastrigin,3,0.000000,0.000011,0.000003,0.298479,0.928685
3,2.419483,3.316448,quadratic,150,50,rastrigin,3,0.000000,0.000000,0.000000,0.355271,1.237275
3,1.287720,6.231237,quadratic,150,50,rastrigin,3,0.000000,0.000000,0.000000,0.000000,0.985915
3,1.765111,0.802409,quadratic,150,50,rastrigin,3,0.000000,0.808403,0.994957,1.084230,0.757740
3,1.507637,6.231237,quadratic,150,50,rastrigin,3,0.000000,0.000000,0.000000,0.216846,1.909230
3,2.832683,0.585390,quadratic,150,50,rastrigin,3,0.000000,1.181512,1.492435,1.402679,0.739845
3,2.419483,2.066557,quadratic,150,50,rastrigin,3,0.000000,0.000000,0.000000,0.355271,1.435285
3,2.419483,0.585390,quadratic,150,50,rastrigin,3,0.000000,1.181513,1.492439,1.262460,0.753170
3,1.507637,4.545940,quadratic,150,50,rastrigin,3,0.000000,0.000000,0.000000,0.216846,1.754775
3,2.832683,2.419483,quadratic,150,50,rastrigin,3,0.000000,0.000000,0.000000,0.000000,0.827755
3,2.419483,1.507637,quadratic,150,50,rastrigin,3,0.000000,0.062185,0.000000,0.553969,0.807450
3,2.832683,0.939444,quadratic,150,50,rastrigin,3,0.000000,0.621848,0.994957,1.089922,0.916380
3,1.765111,1.765111,quadratic,150,50,rastrigin,3,0.000000,0.435294,0.994957,0.937322,1.231585
3,2.832683,1.507637,quadratic,150,50,rastrigin,3,0.000000,0.248739,0.000000,0.487427,0.978190
3,2.066557,0.939444,quadratic,150,50,rastrigin,3,0.000000,0.932773,0.994957,1.146362,0.785250
3,2.419483,8.541316,quadratic,150,50,rastrigin,3,0.000118,0.686306,0.997858,0.794816,1.824740
3,2.832683,3.882831,quadratic,150,50,rastrigin,3,0.000000,0.000003,0.000000,0.355274,0.845325
3,2.066557,3.882831,quadratic,150,50,rastrigin,3,0.000000,0.000000,0.000000,0.216846,0.818990
3,3.316448,0.685363,quadratic,150,50,rastrigin,3,0.000000,0.808403,0.994957,1.338579,0.874065
3,2.066557,2.066557,quadratic,150,50,rastrigin,3,0.000000,0.000000,0.000000,0.298487,0.972965
3,3.316448,1.099883,quadratic,150,50,rastrigin,3,0.000000,0.062185,0.000000,0.430829,0.923945
3,2.832683,6.231237,quadratic,150,50,rastrigin,3,0.000015,0.438873,0.995441,0.712635,0.983650
3,2.832683,10.000000,quadratic,150,50,rastrigin,3,0.003174,0.603605,1.012610,0.731866,1.086145
3,3.316448,2.832683,quadratic,150,50,rastrigin,3,0.000000,0.000000,0.000000,0.216846,1.036320
3,1.765111,3.316448,quadratic,150,50,rastrigin,3,0.000000,0.000000,0.000000,0.298487,1.344580
3,3.316448,7.295407,quadratic,150,50,rastrigin,3,0.002342,0.691801,1.028887,0.617491,0.811235
3,1.099883,8.541316,quadratic,150,50,rastrigin,3,0.000000,0.000000,0.000000,0.000000,1.954585
3,1.765111,5.322296,quadratic,150,50,rastrigin,3,0.000000,0.000000,0.000000,0.000067,1.407705
3,2.066557,8.541316,quadratic,150,50,rastrigin,3,0.000103,0.127426,0.001182,0.568127,0.849935
3,2.419483,6.231237,quadratic,150,50,rastrigin,3,0.000000,0.249162,0.000406,0.678099,0.838635
3,3.316448,1.765111,quadratic,150,50,rastrigin,3,0.000000,0.000000,0.000000,0.000000,0.816960
3,2.832683,0.685363,quadratic,150,50,rastrigin,3,0.000000,0.621848,0.994957,1.111283,0.788900
3,3.882831,0.802409,quadratic,150,50,rastrigin,3,0.000000,0.248739,0.000000,0.915955,0.888945
3,2.066557,5.322296,quadratic,150,50,rastrigin,3,0.000000,0.000000,0.000000,0.216844,1.003960
3,2.419483,3.882831,quadratic,150,50,rastrigin,3,0.000000,0.000000,0.000000,0.298482,0.980705
3,2.419483,0.685363,quadratic,150,50,rastrigin,3,0.000000,1.305882,1.989915,1.202212,1.439345
3,2.419483,0.939444,quadratic,150,50,rastrigin,3,0.000000,0.684033,0.994957,1.102340,1.369585
3,2.066557,1.287720,quadratic,150,50,rastrigin,3,0.000000,0.559663,0.994957,1.177250,1.411460
3,2.832683,2.832683,quadratic,150,50,rastrigin,3,0.000000,0.000000,0.000000,0.000000,0.815555
3,2.066557,0.585390,quadratic,150,50,rastrigin,3,0.000000,0.994982,0.994959,1.550180,1.446950
3,2.419483,1.765111,quadratic,150,50,rastrigin,3,0.000000,0.000000,0.000000,0.355271,0.750885
3,2.419483,2.419483,quadratic,150,50,rastrigin,3,0.000000,0.000000,0.000000,0.216846,0.943405
3,3.316448,4.545940,quadratic,150,50,rastrigin,3,0.000002,0.187222,0.001344,0.580316,1.031855
3,1.765111,8.541316,quadratic,150,50,rastrigin,3,0.000000,0.062314,0.000150,0.430904,1.910730
3,1.507637,7.295407,quadratic,150,50,rastrigin,3,0.000000,0.000000,0.000000,0.397983,1.996320
3,3.882831,0.500000,quadratic,150,50,rastrigin,3,0.000000,0.559663,0.994957,0.474564,1.491660
3,1.765111,2.066557,quadratic,150,50,rastrigin,3,0.000000,0.248739,0.000000,0.586519,0.900780
3,3.882831,2.066557,quadratic,150,50,rastrigin,3,0.000000,0.000000,0.000000,0.000000,0.875550
3,3.316448,0.802409,quadratic,150,50,rastrigin,3,0.000000,0.559663,0.994957,0.938641,0.701200
3,2.832683,1.765111,quadratic,150,50,rastrigin,3,0.000000,0.000000,0.000000,0.355271,0.969715
3,2.066557,10.000000,quadratic,150,50,rastrigin,3,0.001511,0.346839,0.163190,0.571067,0.930515
3,2.832683,4.545940,quadratic,150,50,rastrigin,3,0.000000,0.124460,0.000045,0.569358,0.851720
3,3.882831,3.316448,quadratic,150,50,rastrigin,3,0.000000,0.000270,0.000005,0.533388,0.853935
3,3.882831,1.287720,quadratic,150,50,rastrigin,3,0.000000,0.000000,0.000000,0.000000,0.953835
3,3.316448,8.541316,quadratic,150,50,rastrigin,3,0.020952,0.529250,1.029380,0.658926,0.853200
3,2.066557,2.419483,quadratic,150,50,rastrigin,3,0.000000,0.000000,0.000000,0.298487,1.564080
3,3.316448,1.287720,quadratic,150,50,rastrigin,3,0.000000,0.000000,0.000000,0.355271,1.010585
3,2.419483,7.295407,quadratic,150,50,rastrigin,3,0.000013,0.131607,0.003267,0.733034,0.824630
3,3.316448,2.066557,quadratic,150,50,rastrigin,3,0.000000,0.000000,0.000000,0.216846,0.791960
3,4.545940,0.585390,quadratic,150,50,rastrigin,3,0.000000,0.435294,0.497478,1.214501,0.900590
3,3.316448,3.316448,quadratic,150,50,rastrigin,3,0.000000,0.000000,0.000000,0.000016,1.073275
3,2.832683,0.802409,quadratic,150,50,rastrigin,3,0.000000,0.746218,0.994957,0.860221,0.720055
3,4.545940,0.939444,quadratic,150,50,rastrigin,3,0.000000,0.000000,0.000000,0.298487,0.728525
3,3.882831,0.939444,quadratic,150,50,rastrigin,3,0.000000,0.000000,0.000000,0.533487,0.826850
3,3.316448,0.500000,quadratic,150,50,rastrigin,3,0.000000,0.870588,0.994959,1.646948,0.857940
3,2.832683,3.316448,quadratic,150,50,rastrigin,3,0.000000,0.000000,0.000000,0.216846,0.808865
3,2.066557,6.231237,quadratic,150,50,rastrigin,3,0.000000,0.000011,0.000005,0.355316,1.552760
3,2.419483,1.099883,quadratic,150,50,rastrigin,3,0.000000,0.621848,0.994957,0.860221,0.898095
3,2.066557,1.507637,quadratic,150,50,rastrigin,3,0.000000,0.248739,0.000000,0.487427,0.905985
3,2.832683,1.099883,quadratic,150,50,rastrigin,3,0.000000,0.124370,0.000000,0.915955,2.053200
3,2.832683,7.295407,quadratic,150,50,rastrigin,3,0.001118,0.615756,0.998038,0.817438,1.751300
3,4.545940,2.419483,quadratic,150,50,rastrigin,3,0.000000,0.000001,0.000000,0.474562,0.956745
3,3.316448,0.939444,quadratic,150,50,rastrigin,3,0.000000,0.435294,0.994957,0.937322,0.803970
3,2.419483,10.000000,quadratic,150,50,rastrigin,3,0.000957,0.805893,1.021313,0.520671,1.378635
3,3.882831,5.322296,quadratic,150,50,rastrigin,3,0.000383,0.135149,0.063562,0.429368,1.893255
3,3.882831,0.585390,quadratic,150,50,rastrigin,3,0.000000,0.621848,0.994957,1.089921,0.876850
3,3.882831,8.541316,quadratic,150,50,rastrigin,3,0.032368,0.943911,1.271982,0.989372,1.791815
3,3.882831,2.419483,quadratic,150,50,rastrigin,3,0.000000,0.000000,0.000000,0.216846,0.900595
3,4.545940,1.507637,quadratic,150,50,rastrigin,3,0.000000,0.000000,0.000000,0.000000,1.108425
3,4.545940,6.231237,quadratic,150,50,rastrigin,3,0.029793,0.845773,1.037937,0.504723,1.016625
3,5.322296,0.685363,quadratic,150,50,rastrigin,3,0.000000,0.248739,0.000000,0.487428,0.781435
3,2.832683,5.322296,quadratic,150,50,rastrigin,3,0.000000,0.000564,0.000162,0.354157,0.834905
3,4.545940,10.000000,quadratic,150,50,rastrigin,3,0.308372,1.583273,1.817966,1.852266,1.131205
3,2.419483,4.545940,quadratic,150,50,rastrigin,3,0.000000,0.000000,0.000000,0.000063,1.588215
3,3.882831,3.882831,quadratic,150,50,rastrigin,3,0.000000,0.001303,0.000688,0.355112,0.840440
3,3.316448,10.000000,quadratic,150,50,rastrigin,3,0.373070,1.323120,1.502388,1.203519,0.807800
3,5.322296,1.765111,quadratic,150,50,rastrigin,3,0.000000,0.000000,0.000000,0.298487,0.846615
3,3.316448,1.507637,quadratic,150,50,rastrigin,3,0.000000,0.000000,0.000000,0.298487,0.925795
3,5.322296,1.099883,quadratic,150,50,rastrigin,3,0.000000,0.000000,0.000000,0.216846,1.012270
3,2.832683,2.066557,quadratic,150,50,rastrigin,3,0.000000,0.000000,0.000000,0.216846,1.271935
3,3.316448,2.419483,quadratic,150,50,rastrigin,3,0.000000,0.000000,0.000000,0.216846,0.857275
3,3.316448,5.322296,quadratic,150,50,rastrigin,3,0.000004,0.076796,0.003235,0.549808,1.738130
3,4.545940,1.099883,quadratic,150,50,rastrigin,3,0.000000,0.000000,0.000000,0.298487,0.781835
3,4.545940,3.882831,quadratic,150,50,rastrigin,3,0.000021,0.063933,0.002253,0.430792,1.896360
3,3.316448,0.585390,quadratic,150,50,rastrigin,3,0.000000,0.808403,0.994957,1.385815,0.851420
3,5.322296,2.832683,quadratic,150,50,rastrigin,3,0.000000,0.063426,0.000828,0.430366,0.972170
3,3.882831,1.507637,quadratic,150,50,rastrigin,3,0.000000,0.000000,0.000000,0.000000,1.533775
3,2.419483,2.832683,quadratic,150,50,rastrigin,3,0.000000,0.000000,0.000000,0.216846,2.031080
3,5.322296,4.545940,quadratic,150,50,rastrigin,3,0.003460,0.678795,1.017905,1.032009,0.900005
3,4.545940,2.832683,quadratic,150,50,rastrigin,3,0.000000,0.000014,0.000002,0.298477,0.807590
3,2.832683,1.287720,quadratic,150,50,rastrigin,3,0.000000,0.186554,0.000000,0.580155,0.885460
3,6.231237,1.287720,quadratic,150,50,rastrigin,3,0.000000,0.000000,0.000000,0.000000,0.872125
3,2.832683,0.500000,quadratic,150,50,rastrigin,3,0.000000,1.554622,1.989916,1.600460,0.893470
3,4.545940,0.685363,quadratic,150,50,rastrigin,3,0.000000,0.124370,0.000000,0.569390,1.351610
3,3.882831,2.832683,quadratic,150,50,rastrigin,3,0.000000,0.000000,0.000000,0.355268,0.875445
3,3.882831,6.231237,quadratic,150,50,rastrigin,3,0.013334,0.610669,1.016403,0.728782,0.991090
3,2.832683,8.541316,quadratic,150,50,rastrigin,3,0.001268,0.468275,0.996798,0.774068,1.141410
3,3.316448,3.882831,quadratic,150,50,rastrigin,3,0.000000,0.000006,0.000001,0.355267,1.486930
3,4.545940,7.295407,quadratic,150,50,rastrigin,3,0.141855,1.251408,1.218731,0.703431,1.450600
3,5.322296,0.802409,quadratic,150,50,rastrigin,3,0.000000,0.000000,0.000000,0.355271,0.824680
3,6.231237,0.500000,quadratic,150,50,rastrigin,3,0.000000,0.124370,0.000000,0.455947,1.393430
3,3.882831,1.099883,quadratic,150,50,rastrigin,3,0.000000,0.000000,0.000000,0.298487,0.998970
3,6.231237,8.541316,quadratic,150,50,rastrigin,3,0.495821,2.542830,2.769478,1.396551,1.271740
3,6.231237,0.802409,quadratic,150,50,rastrigin,3,0.000000,0.000000,0.000000,0.355271,1.489555
3,6.231237,2.066557,quadratic,150,50,rastrigin,3,0.000000,0.062237,0.000010,0.554038,0.865980
3,3.882831,0.685363,quadratic,150,50,rastrigin,3,0.000000,0.559663,0.994957,1.403561,1.394460
3,3.882831,4.545940,quadratic,150,50,rastrigin,3,0.000038,0.250009,0.003366,0.487765,0.834965
3,5.322296,0.500000,quadratic,150,50,rastrigin,3,0.000000,0.373109,0.497478,0.659980,0.863235
3,5.322296,7.295407,quadratic,150,50,rastrigin,3,0.016682,1.308119,1.516024,1.221663,1.625770
3,6.231237,5.322296,quadratic,150,50,rastrigin,3,0.019466,1.120867,1.315184,1.202945,0.871025
3,6.231237,3.316448,quadratic,150,50,rastrigin,3,0.000572,0.243400,0.045484,0.653363,1.007165
3,5.322296,2.066557,quadratic,150,50,rastrigin,3,0.000000,0.000003,0.000000,0.298458,0.957185
3,4.545940,1.287720,quadratic,150,50,rastrigin,3,0.000000,0.000000,0.000000,0.216846,0.775245
3,7.295407,0.585390,quadratic,150,50,rastrigin,3,0.000000,0.000000,0.000000,0.355271,0.925640
3,3.882831,10.000000,quadratic,150,50,rastrigin,3,0.092871,1.556183,1.828841,1.118228,0.965180
3,7.295407,0.939444,quadratic,150,50,rastrigin,3,0.000000,0.000000,0.000000,0.000000,0.937785
3,4.545940,1.765111,quadratic,150,50,rastrigin,3,0.000000,0.000000,0.000000,0.216846,1.762360
3,7.295407,6.231237,quadratic,150,50,rastrigin,3,1.127182,2.097886,1.998049,1.748085,1.149810
3,7.295407,1.507637,quadratic,150,50,rastrigin,3,0.000000,0.000000,0.000000,0.216846,0.956330
3,6.231237,1.507637,quadratic,150,50,rastrigin,3,0.000000,0.000000,0.000000,0.298487,0.814425
3,4.545940,4.545940,quadratic,150,50,rastrigin,3,0.000145,0.531569,0.995193,0.737170,1.028475
3,5.322296,5.322296,quadratic,150,50,rastrigin,3,0.881006,1.131823,1.124638,0.723679,0.878015
3,8.541316,4.545940,quadratic,150,50,rastrigin,3,0.046726,1.596680,2.064422,1.100381,0.900355
3,7.295407,10.000000,quadratic,150,50,rastrigin,3,2.293797,4.614631,5.053621,3.102559,0.826355
3,5.322296,0.939444,quadratic,150,50,rastrigin,3,0.000000,0.000000,0.000000,0.507331,0.837680
3,4.545940,0.802409,quadratic,150,50,rastrigin,3,0.000000,0.124370,0.000000,0.569390,0.909485
3,8.541316,7.295407,quadratic,150,50,rastrigin,3,2.194641,4.065413,4.461754,2.315079,0.839635
3,8.541316,1.765111,quadratic,150,50,rastrigin,3,0.000006,0.003989,0.000267,0.396512,0.824430
3,4.545940,8.541316,quadratic,150,50,rastrigin,3,0.268730,2.263398,2.699378,1.569723,0.967485
3,8.541316,0.685363,quadratic,150,50,rastrigin,3,0.000000,0.000000,0.000000,0.397983,0.999630
3,8.541316,1.099883,quadratic,150,50,rastrigin,3,0.000000,0.000000,0.000000,0.298487,1.014555
3,5.322296,1.287720,quadratic,150,50,rastrigin,3,0.000000,0.000000,0.000000,0.000000,2.003040
3,3.882831,1.765111,quadratic,150,50,rastrigin,3,0.000000,0.000000,0.000000,0.216846,1.424615
3,3.882831,7.295407,quadratic,150,50,rastrigin,3,0.011261,0.660817,1.013368,0.689211,1.298530
3,5.322296,0.585390,quadratic,150,50,rastrigin,3,0.000000,0.124370,0.000000,0.455947,1.360995
3,6.231237,2.419483,quadratic,150,50,rastrigin,3,0.000023,0.187239,0.000943,0.474452,0.808935
3,6.231237,6.231237,quadratic,150,50,rastrigin,3,0.187912,1.363025,1.444976,0.963788,0.793885
3,5.322296,2.419483,quadratic,150,50,rastrigin,3,0.000000,0.186612,0.000060,0.474538,0.922265
3,5.322296,8.541316,quadratic,150,50,rastrigin,3,0.376915,2.085964,2.816143,1.248662,0.963195
3,6.231237,0.939444,quadratic,150,50,rastrigin,3,0.000000,0.000000,0.000000,0.000000,1.035370
3,8.541316,5.322296,quadratic,150,50,rastrigin,3,1.037359,2.328874,2.510687,1.652804,0.871460
3,5.322296,3.316448,quadratic,150,50,rastrigin,3,0.000010,0.253155,0.008268,0.487005,1.954055
3,6.231237,1.765111,quadratic,150,50,rastrigin,3,0.000000,0.000000,0.000000,0.298487,0.805960
3,7.295407,1.099883,quadratic,150,50,rastrigin,3,0.000000,0.000000,0.000000,0.000000,0.936150
3,7.295407,1.765111,quadratic,150,50,rastrigin,3,0.000000,0.000305,0.000036,0.397862,0.863765
3,6.231237,10.000000,quadratic,150,50,rastrigin,3,2.541153,4.526338,4.476705,1.944666,0.944805
3,6.231237,0.585390,quadratic,150,50,rastrigin,3,0.000000,0.186554,0.000000,0.474564,1.283120
3,8.541316,2.066557,quadratic,150,50,rastrigin,3,0.000015,0.007839,0.001253,0.395605,0.925690
3,7.295407,7.295407,quadratic,150,50,rastrigin,3,1.528584,3.187963,3.263475,1.518513,0.980495
3,4.545940,3.316448,quadratic,150,50,rastrigin,3,0.000004,0.248940,0.000531,0.487332,2.165885
3,8.541316,2.832683,quadratic,150,50,rastrigin,3,0.010105,0.608013,1.010308,0.643897,1.351110
3,7.295407,2.419483,quadratic,150,50,rastrigin,3,0.000065,0.133768,0.006243,0.582040,2.222065
3,7.295407,0.685363,quadratic,150,50,rastrigin,3,0.000000,0.000000,0.000000,0.355271,1.214090
3,7.295407,3.882831,quadratic,150,50,rastrigin,3,0.026909,0.783498,1.042933,0.681935,1.537350
3,3.316448,6.231237,quadratic,150,50,rastrigin,3,0.000004,0.317999,0.038788,0.665129,1.553360
3,5.322296,6.231237,quadratic,150,50,rastrigin,3,0.038971,0.965773,1.046766,0.661107,0.813250
3,8.541316,0.500000,quadratic,150,50,rastrigin,3,0.000000,0.124370,0.000000,0.569391,0.819075
3,4.545940,2.066557,quadratic,150,50,rastrigin,3,0.000000,0.000000,0.000000,0.216846,1.476460
3,8.541316,8.541316,quadratic,150,50,rastrigin,3,2.670227,4.335524,4.624602,1.884343,0.817700
3,6.231237,3.882831,quadratic,150,50,rastrigin,3,0.000912,0.731261,1.041624,0.583965,1.882405
3,10.000000,0.500000,quadratic,150,50,rastrigin,3,0.000000,0.000000,0.000000,0.216846,1.070445
3,10.000000,0.802409,quadratic,150,50,rastrigin,3,0.000000,0.000000,0.000000,0.000000,1.035555
3,4.545940,0.500000,quadratic,150,50,rastrigin,3,0.000000,0.435294,0.994957,0.710542,1.227510
3,10.000000,8.541316,quadratic,150,50,rastrigin,3,1.792774,5.617014,7.139221,2.942485,0.860605
3,6.231237,2.832683,quadratic,150,50,rastrigin,3,0.000029,0.188568,0.001860,0.917617,0.921580
3,10.000000,3.316448,quadratic,150,50,rastrigin,3,0.061188,1.214816,1.306656,0.774075,1.008790
3,10.000000,5.322296,quadratic,150,50,rastrigin,3,0.441969,2.051288,2.131733,1.802017,1.009820
3,10.000000,2.066557,quadratic,150,50,rastrigin,3,0.000082,0.537214,0.995490,0.724123,1.042145
3,4.545940,5.322296,quadratic,150,50,rastrigin,3,0.009333,0.411885,0.547636,1.141569,1.115590
3,8.541316,6.231237,quadratic,150,50,rastrigin,3,1.299631,3.202562,4.104439,1.957613,0.851350
3,10.000000,1.287720,quadratic,150,50,rastrigin,3,0.000000,0.000011,0.000004,0.533501,1.161285
3,5.322296,1.507637,quadratic,150,50,rastrigin,3,0.000000,0.000000,0.000000,0.000000,1.206340
3,0.500000,0.585390,exponential_3,150,50,rastrigin,3,1.170753,4.117620,5.042536,2.831292,0.814970
3,6.231237,7.295407,quadratic,150,50,rastrigin,3,0.073126,2.963915,3.540401,1.504211,1.338190
3,5.322296,3.882831,quadratic,150,50,rastrigin,3,0.000046,0.449771,0.995276,0.661257,0.986100
3,8.541316,0.802409,quadratic,150,50,rastrigin,3,0.000000,0.000000,0.000000,0.000000,1.621100
3,8.541316,1.287720,quadratic,150,50,rastrigin,3,0.000000,0.000000,0.000000,0.355271,1.631310
3,6.231237,1.099883,quadratic,150,50,rastrigin,3,0.000000,0.000000,0.000000,0.000000,1.422585
3,7.295407,2.066557,quadratic,150,50,rastrigin,3,0.000000,0.062545,0.000550,0.430967,1.053690
3,7.295407,1.287720,quadratic,150,50,rastrigin,3,0.000000,0.000000,0.000000,0.298487,1.081630
3,5.322296,10.000000,quadratic,150,50,rastrigin,3,1.095261,2.724081,2.819317,2.147062,1.551995
3,0.500000,0.939444,exponential_3,150,50,rastrigin,3,1.989922,3.195516,2.997583,2.251839,0.818790
3,6.231237,0.685363,quadratic,150,50,rastrigin,3,0.000000,0.000000,0.000000,0.298487,0.892295
3,7.295407,0.500000,quadratic,150,50,rastrigin,3,0.000000,0.248739,0.000000,0.487428,1.052880
3,8.541316,3.316448,quadratic,150,50,rastrigin,3,0.061224,1.192477,1.116245,0.828343,0.893525
3,0.500000,2.419483,exponential_3,150,50,rastrigin,3,0.000000,1.493240,1.989917,2.176775,0.771960
3,8.541316,0.585390,quadratic,150,50,rastrigin,3,0.000000,0.000000,0.000000,0.216847,0.775655
3,8.541316,2.419483,quadratic,150,50,rastrigin,3,0.000217,0.340374,0.193621,0.488500,1.059465
3,7.295407,2.832683,quadratic,150,50,rastrigin,3,0.000046,0.380567,0.509400,0.726125,0.976580
3,0.500000,3.882831,exponential_3,150,50,rastrigin,3,0.000000,0.994971,0.994959,0.777083,0.876250
3,8.541316,10.000000,quadratic,150,50,rastrigin,3,0.121330,4.806067,5.375284,1.827946,0.875120
3,0.500000,1.507637,exponential_3,150,50,rastrigin,3,0.000000,2.364505,2.491061,2.474782,0.986765
3,10.000000,0.585390,quadratic,150,50,rastrigin,3,0.000000,0.000000,0.000000,0.000000,0.902230
3,10.000000,10.000000,quadratic,150,50,rastrigin,3,1.002848,6.305324,7.123978,3.654723,0.810540
3,0.500000,10.000000,exponential_3,150,50,rastrigin,3,0.000000,0.373109,0.497478,0.586519,0.838880
3,0.585390,0.685363,exponential_3,150,50,rastrigin,3,1.148930,3.742942,4.528750,2.518308,0.915270
3,6.231237,4.545940,quadratic,150,50,rastrigin,3,0.001255,0.779373,1.045867,0.767922,1.288450
3,10.000000,0.939444,quadratic,150,50,rastrigin,3,0.000000,0.000000,0.000000,0.216846,1.009705
3,7.295407,4.545940,quadratic,150,50,rastrigin,3,0.048792,0.931089,1.158909,0.992861,1.511680
3,7.295407,0.802409,quadratic,150,50,rastrigin,3,0.000000,0.000000,0.000000,0.216846,1.601505
3,0.585390,7.295407,exponential_3,150,50,rastrigin,3,0.000000,0.248739,0.000000,0.586518,0.702880
3,0.500000,6.231237,exponential_3,150,50,rastrigin,3,0.000000,0.497479,0.994957,0.808308,1.155300
3,7.295407,8.541316,quadratic,150,50,rastrigin,3,1.818842,4.201444,4.709704,2.765753,1.793250
3,0.585390,1.765111,exponential_3,150,50,rastrigin,3,0.045464,1.744246,1.990313,2.205832,0.809150
3,0.585390,2.832683,exponential_3,150,50,rastrigin,3,0.000000,1.181517,1.492438,1.887800,0.778200
3,10.000000,3.882831,quadratic,150,50,rastrigin,3,0.151379,1.381478,1.735642,0.899823,0.980235
3,0.585390,1.099883,exponential_3,150,50,rastrigin,3,0.000656,2.597212,2.985600,2.056975,0.873150
3,0.802409,2.419483,exponential_3,150,50,rastrigin,3,0.000000,0.932775,0.994960,1.554173,0.923295
3,10.000000,2.419483,quadratic,150,50,rastrigin,3,0.001175,0.486863,0.872877,0.537687,1.033065
3,0.685363,0.802409,exponential_3,150,50,rastrigin,3,1.247360,3.692676,4.974802,2.233212,0.746715
3,0.500000,0.685363,exponential_3,150,50,rastrigin,3,2.033531,4.979144,5.710394,4.192544,0.888020
3,10.000000,6.231237,quadratic,150,50,rastrigin,3,0.692654,4.375117,4.529442,1.765148,1.104600
3,0.685363,0.500000,exponential_3,150,50,rastrigin,3,0.014223,2.793357,3.050802,2.522179,0.956685
3,0.685363,1.287720,exponential_3,150,50,rastrigin,3,0.000004,1.805528,1.989930,1.557369,0.821000
3,7.295407,3.316448,quadratic,150,50,rastrigin,3,0.001019,0.428714,0.712554,0.717628,1.182300
3,0.685363,3.316448,exponential_3,150,50,rastrigin,3,0.000000,0.932773,0.994957,1.489116,0.719515
3,0.500000,1.099883,exponential_3,150,50,rastrigin,3,0.994984,3.035071,3.979837,3.347264,0.707100
3,0.685363,2.066557,exponential_3,150,50,rastrigin,3,0.000000,1.119339,0.995041,4.101100,0.921580
3,0.500000,2.832683,exponential_3,150,50,rastrigin,3,0.994957,1.617458,1.989917,1.437371,0.821465
3,0.802409,0.585390,exponential_3,150,50,rastrigin,3,0.000832,2.253383,2.534599,2.676089,0.860745
3,0.685363,8.541316,exponential_3,150,50,rastrigin,3,0.000000,0.186554,0.000000,0.474565,0.905670
3,0.685363,5.322296,exponential_3,150,50,rastrigin,3,0.000000,0.435294,0.994957,0.974855,0.951895
3,8.541316,0.939444,quadratic,150,50,rastrigin,3,0.000000,0.000000,0.000000,0.000000,1.166965
3,0.802409,1.507637,exponential_3,150,50,rastrigin,3,0.994957,1.492932,1.493701,2.212927,0.823415
3,8.541316,1.507637,quadratic,150,50,rastrigin,3,0.000000,0.062197,0.000010,0.430825,1.193040
3,0.500000,0.802409,exponential_3,150,50,rastrigin,3,0.997177,2.550517,2.998780,3.296598,0.765790
3,0.585390,4.545940,exponential_3,150,50,rastrigin,3,0.000000,0.497479,0.994957,1.218569,0.841780
3,0.500000,0.500000,exponential_3,150,50,rastrigin,3,1.004782,3.827068,4.975500,3.353466,0.748335
3,10.000000,0.685363,quadratic,150,50,rastrigin,3,0.000000,0.000000,0.000000,0.000000,0.859005
3,10.000000,1.507637,quadratic,150,50,rastrigin,3,0.000000,0.125625,0.000501,0.570055,0.989210
3,0.585390,0.802409,exponential_3,150,50,rastrigin,3,0.004803,2.581845,3.038555,3.630025,0.722485
3,0.802409,0.939444,exponential_3,150,50,rastrigin,3,0.006189,2.239401,2.488674,1.911789,1.282650
3,0.585390,0.500000,exponential_3,150,50,rastrigin,3,1.000944,4.187023,5.031041,2.876359,0.820640
3,8.541316,3.882831,quadratic,150,50,rastrigin,3,0.052332,1.295185,1.712753,0.791562,1.406640
3,0.585390,8.541316,exponential_3,150,50,rastrigin,3,0.000000,0.373109,0.497478,0.659980,0.866020
3,0.802409,10.000000,exponential_3,150,50,rastrigin,3,0.000000,0.062185,0.000000,0.430829,0.900615
3,0.585390,2.066557,exponential_3,150,50,rastrigin,3,0.000000,0.936904,0.994960,2.075541,0.799550
3,0.500000,1.765111,exponential_3,150,50,rastrigin,3,0.000000,2.558434,3.482977,2.927625,1.381650
3,10.000000,1.099883,quadratic,150,50,rastrigin,3,0.000000,0.000000,0.000000,0.216845,0.994270
3,0.802409,6.231237,exponential_3,150,50,rastrigin,3,0.000000,0.186554,0.000000,0.474564,1.053825
3,0.585390,1.287720,exponential_3,150,50,rastrigin,3,0.994957,1.752943,1.990001,2.772973,0.781620
3,7.295407,5.322296,quadratic,150,50,rastrigin,3,0.327484,1.352227,1.475740,1.339606,1.117065
3,0.500000,7.295407,exponential_3,150,50,rastrigin,3,0.000000,0.310929,0.000041,1.202209,0.997860
3,10.000000,4.545940,quadratic,150,50,rastrigin,3,1.130894,2.361746,2.708414,1.683782,1.005505
3,0.585390,3.316448,exponential_3,150,50,rastrigin,3,0.000000,0.932773,0.994959,1.237713,1.093385
3,0.802409,2.832683,exponential_3,150,50,rastrigin,3,0.000000,0.684033,0.994957,1.319961,0.974530
3,0.802409,3.882831,exponential_3,150,50,rastrigin,3,0.000000,0.870588,0.994957,1.188756,0.834400
3,0.939444,0.685363,exponential_3,150,50,rastrigin,3,0.994961,2.428169,2.004066,3.237109,1.252300
3,0.500000,4.545940,exponential_3,150,50,rastrigin,3,0.000000,1.057143,1.492437,2.131042,0.858880
3,10.000000,2.832683,quadratic,150,50,rastrigin,3,0.012314,0.737563,1.030908,0.924153,1.093810
3,0.685363,0.939444,exponential_3,150,50,rastrigin,3,0.001801,2.307755,1.990944,2.337385,1.149460
3,10.000000,7.295407,quadratic,150,50,rastrigin,3,1.562210,4.605742,5.582603,2.431899,2.143170
3,0.500000,1.287720,exponential_3,150,50,rastrigin,3,0.000160,2.322809,2.532890,1.711131,0.724970
3,0.685363,3.882831,exponential_3,150,50,rastrigin,3,0.000000,0.994958,0.994957,0.838367,0.768265
3,0.685363,1.507637,exponential_3,150,50,rastrigin,3,0.994957,2.426556,2.498078,2.147276,0.835875
3,0.685363,6.231237,exponential_3,150,50,rastrigin,3,0.000000,0.497478,0.994957,0.922686,0.750280
3,0.685363,0.585390,exponential_3,150,50,rastrigin,3,0.994957,2.812906,2.031477,3.972860,0.962870
3,0.939444,1.099883,exponential_3,150,50,rastrigin,3,0.000000,1.865718,1.990014,1.898281,0.927235
3,0.685363,2.419483,exponential_3,150,50,rastrigin,3,0.994957,1.492455,1.989917,1.484948,0.898505
3,0.500000,3.316448,exponential_3,150,50,rastrigin,3,0.000000,1.123115,1.025218,1.436017,0.961905
3,0.802409,0.685363,exponential_3,150,50,rastrigin,3,0.995131,2.535082,2.338773,3.406459,0.965755
3,0.685363,10.000000,exponential_3,150,50,rastrigin,3,0.000000,0.000000,0.000000,0.533487,0.981740
3,0.939444,4.545940,exponential_3,150,50,rastrigin,3,0.000000,0.248739,0.000000,0.667438,0.697800
3,0.802409,1.765111,exponential_3,150,50,rastrigin,3,0.000000,1.011063,1.030469,1.412820,0.738455
3,0.939444,1.765111,exponential_3,150,50,rastrigin,3,0.000000,0.870589,0.994959,1.458894,0.839755
3,0.939444,2.832683,exponential_3,150,50,rastrigin,3,0.000000,0.621848,0.994957,0.764242,0.888785
3,0.585390,0.939444,exponential_3,150,50,rastrigin,3,0.001757,2.634567,2.530844,3.047135,0.708705
3,0.939444,7.295407,exponential_3,150,50,rastrigin,3,0.000000,0.124370,0.000000,0.455947,1.150530
3,0.585390,0.585390,exponential_3,150,50,rastrigin,3,0.994959,3.492317,4.626732,2.884249,0.824680
3,0.585390,2.419483,exponential_3,150,50,rastrigin,3,0.000000,1.373045,1.517655,1.756188,0.719080
3,0.585390,5.322296,exponential_3,150,50,rastrigin,3,0.000000,0.310924,0.000000,0.588625,1.242295
3,0.802409,1.099883,exponential_3,150,50,rastrigin,3,0.000002,1.937078,1.989937,3.089178,0.933395
3,10.000000,1.765111,quadratic,150,50,rastrigin,3,0.000092,0.250712,0.005832,0.735775,1.039060
3,0.685363,1.765111,exponential_3,150,50,rastrigin,3,0.000000,1.555673,1.989916,1.621960,0.993370
3,0.585390,1.507637,exponential_3,150,50,rastrigin,3,0.000000,2.426929,2.984878,2.045112,0.831910
3,0.585390,10.000000,exponential_3,150,50,rastrigin,3,0.000000,0.062185,0.000000,0.430829,1.154480
3,0.939444,0.500000,exponential_3,150,50,rastrigin,3,1.010071,4.222836,5.011146,2.784706,1.134125
3,1.099883,1.287720,exponential_3,150,50,rastrigin,3,0.000000,1.554623,1.989917,1.600461,0.913465
3,0.802409,3.316448,exponential_3,150,50,rastrigin,3,0.000000,0.621848,0.994957,1.089921,0.749910
3,0.802409,4.545940,exponential_3,150,50,rastrigin,3,0.000000,0.497478,0.994957,0.637084,0.749670
3,0.802409,7.295407,exponential_3,150,50,rastrigin,3,0.000000,0.124370,0.000000,0.569390,0.915240
3,0.500000,2.066557,exponential_3,150,50,rastrigin,3,0.994957,1.931362,1.989997,2.234144,1.058535
3,0.585390,3.882831,exponential_3,150,50,rastrigin,3,0.000000,0.870588,0.994958,0.974855,0.895565
3,0.500000,5.322296,exponential_3,150,50,rastrigin,3,0.000000,0.746218,0.994957,1.102340,1.507030
3,1.287720,1.507637,exponential_3,150,50,rastrigin,3,0.000000,0.373109,0.497478,0.882938,0.766320
3,1.099883,3.316448,exponential_3,150,50,rastrigin,3,0.000000,0.373109,0.497478,0.659980,0.938435
3,0.939444,3.316448,exponential_3,150,50,rastrigin,3,0.000000,0.684033,0.994957,0.569391,1.029435
3,0.685363,1.099883,exponential_3,150,50,rastrigin,3,0.003574,2.073442,2.007377,3.595086,0.801430
3,1.099883,2.066557,exponential_3,150,50,rastrigin,3,0.000000,0.559664,0.994957,1.331163,1.146740
3,1.287720,2.419483,exponential_3,150,50,rastrigin,3,0.000000,0.684033,0.994957,1.065813,0.777975
3,0.939444,0.802409,exponential_3,150,50,rastrigin,3,0.000286,2.241899,2.487659,1.662160,0.933840
3,1.099883,0.500000,exponential_3,150,50,rastrigin,3,0.995001,3.552598,4.974790,2.544569,0.787780
3,0.685363,7.295407,exponential_3,150,50,rastrigin,3,0.000000,0.124370,0.000000,0.455947,0.714735
3,1.099883,0.802409,exponential_3,150,50,rastrigin,3,0.000000,1.928913,1.990967,2.324351,0.859255
3,0.685363,0.685363,exponential_3,150,50,rastrigin,3,1.989920,3.738086,4.975655,2.701775,0.881995
3,0.939444,5.322296,exponential_3,150,50,rastrigin,3,0.000000,0.062185,0.000000,0.650539,0.717575
3,0.685363,2.832683,exponential_3,150,50,rastrigin,3,0.000000,0.746219,0.994957,0.703542,0.841920
3,1.287720,0.939444,exponential_3,150,50,rastrigin,3,0.994957,1.430745,1.492691,1.505605,0.847195
3,0.939444,1.287720,exponential_3,150,50,rastrigin,3,0.000000,1.741652,1.989919,3.096962,0.898000
3,0.802409,2.066557,exponential_3,150,50,rastrigin,3,0.000000,0.684034,0.994957,1.585702,0.761625
3,0.802409,0.802409,exponential_3,150,50,rastrigin,3,0.995003,2.745747,2.006779,3.191657,0.861925
3,0.802409,0.500000,exponential_3,150,50,rastrigin,3,0.380840,2.783226,3.096056,3.430805,0.893320
3,0.939444,8.541316,exponential_3,150,50,rastrigin,3,0.000000,0.062185,0.000000,0.553969,0.768780
3,0.939444,2.066557,exponential_3,150,50,rastrigin,3,0.000000,1.492437,1.989916,2.017092,0.905550
3,1.287720,3.882831,exponential_3,150,50,rastrigin,3,0.000000,0.248739,0.000000,0.487428,0.740895
3,0.585390,6.231237,exponential_3,150,50,rastrigin,3,0.000000,0.559663,0.994957,1.177250,0.891715
3,1.765111,0.685363,exponential_3,150,50,rastrigin,3,0.000000,1.430266,1.989917,3.032215,0.734325
3,1.287720,0.585390,exponential_3,150,50,rastrigin,3,0.995125,3.115664,4.481580,3.764477,1.734895
3,1.287720,10.000000,exponential_3,150,50,rastrigin,3,0.000000,0.000000,0.000000,0.355271,0.961515
3,0.802409,5.322296,exponential_3,150,50,rastrigin,3,0.000000,0.373109,0.497478,0.586519,0.693490
3,0.685363,4.545940,exponential_3,150,50,rastrigin,3,0.000000,0.559664,0.994957,0.722630,0.821335
3,0.500000,8.541316,exponential_3,150,50,rastrigin,3,0.000000,0.248739,0.000000,0.667438,1.441515
3,1.507637,1.099883,exponential_3,150,50,rastrigin,3,0.000000,0.746469,0.994957,1.366900,0.844635
3,1.507637,1.765111,exponential_3,150,50,rastrigin,3,0.000000,0.684033,0.994957,1.038767,0.803230
3,0.939444,0.585390,exponential_3,150,50,rastrigin,3,0.000029,2.224428,2.254821,2.397358,0.888425
3,1.765111,0.500000,exponential_3,150,50,rastrigin,3,0.994957,2.550365,2.984880,2.867978,0.769095
3,1.099883,1.507637,exponential_3,150,50,rastrigin,3,0.000000,0.994959,0.994959,1.062323,0.906555
3,1.287720,1.765111,exponential_3,150,50,rastrigin,3,0.000000,0.994958,0.994958,1.389383,0.825845
3,0.939444,3.882831,exponential_3,150,50,rastrigin,3,0.000000,0.684033,0.994957,0.665582,0.875360
3,1.507637,0.685363,exponential_3,150,50,rastrigin,3,0.000000,1.679096,1.989920,2.360354,2.067625
3,1.099883,0.585390,exponential_3,150,50,rastrigin,3,0.000006,3.242900,4.974823,2.643264,1.506730
3,0.939444,10.000000,exponential_3,150,50,rastrigin,3,0.000000,0.062185,0.000000,0.553969,0.941915
3,1.099883,5.322296,exponential_3,150,50,rastrigin,3,0.000000,0.310924,0.000000,0.665582,0.903605
3,1.099883,8.541316,exponential_3,150,50,rastrigin,3,0.000000,0.310924,0.000000,0.494985,0.932090
3,1.099883,2.419483,exponential_3,150,50,rastrigin,3,0.000000,0.621848,0.994957,1.089922,1.019290
3,1.287720,2.832683,exponential_3,150,50,rastrigin,3,0.000000,0.684033,0.994957,0.430829,1.948880
3,0.939444,6.231237,exponential_3,150,50,rastrigin,3,0.000000,0.248739,0.000000,0.487428,0.725875
3,1.507637,4.545940,exponential_3,150,50,rastrigin,3,0.000000,0.248739,0.000000,0.487428,1.390060
3,1.287720,1.099883,exponential_3,150,50,rastrigin,3,0.000000,2.673950,2.984876,2.615429,0.731795
3,0.939444,0.939444,exponential_3,150,50,rastrigin,3,0.000170,1.780411,1.994029,1.673156,2.054575
3,1.765111,1.765111,exponential_3,150,50,rastrigin,3,0.000000,0.435294,0.994957,0.937322,0.691785
3,0.802409,8.541316,exponential_3,150,50,rastrigin,3,0.000000,0.435294,0.994957,0.710542,1.511530
3,1.765111,6.231237,exponential_3,150,50,rastrigin,3,0.000000,0.124370,0.000000,0.455947,0.888760
3,1.765111,0.939444,exponential_3,150,50,rastrigin,3,0.000000,1.368069,1.989918,1.868694,0.887645
3,1.099883,3.882831,exponential_3,150,50,rastrigin,3,0.000000,0.248739,0.000000,0.667438,1.237755
3,1.287720,4.545940,exponential_3,150,50,rastrigin,3,0.000000,0.248739,0.000000,0.487428,0.833215
3,1.507637,7.295407,exponential_3,150,50,rastrigin,3,0.000000,0.062185,0.000000,0.430829,1.704845
3,0.802409,1.287720,exponential_3,150,50,rastrigin,3,1.989918,3.421127,3.979830,2.004295,1.400750
3,1.099883,1.765111,exponential_3,150,50,rastrigin,3,0.000000,0.994961,0.994960,1.102339,0.915745
3,1.765111,2.419483,exponential_3,150,50,rastrigin,3,0.000000,0.497478,0.994957,0.569391,0.953780
3,0.939444,2.419483,exponential_3,150,50,rastrigin,3,0.000000,1.119327,0.994958,0.788155,0.994060
3,1.287720,0.685363,exponential_3,150,50,rastrigin,3,0.000059,1.434120,1.989993,2.299587,0.746520
3,0.939444,1.507637,exponential_3,150,50,rastrigin,3,0.000000,2.176483,1.989923,1.768666,1.186285
3,1.287720,6.231237,exponential_3,150,50,rastrigin,3,0.000000,0.373109,0.497478,0.586519,1.344640
3,1.507637,0.500000,exponential_3,150,50,rastrigin,3,1.002441,2.802734,2.984911,2.370332,0.847515
3,1.507637,2.832683,exponential_3,150,50,rastrigin,3,0.000000,0.435294,0.994957,1.441831,2.147850
3,2.066557,0.939444,exponential_3,150,50,rastrigin,3,0.000000,1.119328,0.994957,2.121731,1.177380
3,1.099883,0.939444,exponential_3,150,50,rastrigin,3,0.002317,1.432866,1.496428,1.505205,1.169510
3,1.507637,1.287720,exponential_3,150,50,rastrigin,3,0.000000,1.492437,1.989916,1.484955,0.735690
3,1.765111,0.802409,exponential_3,150,50,rastrigin,3,0.000000,1.306099,1.989916,1.678912,1.257090
3,1.765111,1.287720,exponential_3,150,50,rastrigin,3,0.000000,0.621848,0.994957,0.696471,0.947310
3,1.765111,8.541316,exponential_3,150,50,rastrigin,3,0.000000,0.062185,0.000000,0.430829,1.181375
3,2.066557,0.500000,exponential_3,150,50,rastrigin,3,0.000000,1.243729,1.492623,1.600454,0.983215
3,1.287720,2.066557,exponential_3,150,50,rastrigin,3,0.000000,0.621848,0.994957,1.111284,0.752055
3,1.507637,2.066557,exponential_3,150,50,rastrigin,3,0.000000,0.310924,0.000000,0.665581,0.888450
3,1.765111,0.585390,exponential_3,150,50,rastrigin,3,0.000000,1.555147,1.989929,1.484841,0.809685
3,2.066557,1.287720,exponential_3,150,50,rastrigin,3,0.000000,0.746219,0.994958,1.479111,0.715980
3,1.507637,0.802409,exponential_3,150,50,rastrigin,3,0.000011,1.430269,1.989916,1.277076,0.790635
3,1.099883,0.685363,exponential_3,150,50,rastrigin,3,0.994970,2.675090,2.488103,3.586170,0.808295
3,2.066557,0.685363,exponential_3,150,50,rastrigin,3,0.000000,1.368068,1.492438,1.423693,1.018795
3,1.287720,3.316448,exponential_3,150,50,rastrigin,3,0.000000,0.497479,0.994957,0.882937,0.870000
3,1.765111,4.545940,exponential_3,150,50,rastrigin,3,0.000000,0.186554,0.000000,0.474564,0.947420
3,2.066557,8.541316,exponential_3,150,50,rastrigin,3,0.000000,0.000000,0.000000,0.397983,1.106115
3,1.099883,6.231237,exponential_3,150,50,rastrigin,3,0.000000,0.248739,0.000000,0.487427,1.088665
3,1.099883,2.832683,exponential_3,150,50,rastrigin,3,0.000000,0.435294,0.994957,0.650538,1.084780
3,1.099883,10.000000,exponential_3,150,50,rastrigin,3,0.000000,0.124370,0.000000,0.569391,1.104985
3,2.066557,2.419483,exponential_3,150,50,rastrigin,3,0.000000,0.435294,0.994957,0.494985,0.929270
3,2.066557,3.316448,exponential_3,150,50,rastrigin,3,0.000000,0.310924,0.000000,0.494985,0.908820
3,1.507637,5.322296,exponential_3,150,50,rastrigin,3,0.000000,0.186554,0.000000,0.474564,1.022090
3,2.066557,1.765111,exponential_3,150,50,rastrigin,3,0.000000,0.559663,0.994957,0.553969,1.252025
3,1.287720,5.322296,exponential_3,150,50,rastrigin,3,0.000000,0.124370,0.000000,0.455947,0.887580
3,1.765111,2.066557,exponential_3,150,50,rastrigin,3,0.000000,0.435294,0.994957,1.315265,1.149665
3,1.099883,4.545940,exponential_3,150,50,rastrigin,3,0.000000,0.435294,0.994957,0.710542,0.990445
3,1.765111,1.099883,exponential_3,150,50,rastrigin,3,0.000000,1.741177,1.989917,2.208601,1.042860
3,1.765111,7.295407,exponential_3,150,50,rastrigin,3,0.000000,0.248739,0.000000,0.487427,1.145975
3,1.507637,1.507637,exponential_3,150,50,rastrigin,3,0.000000,0.684034,0.994957,1.437533,1.548440
3,1.765111,3.316448,exponential_3,150,50,rastrigin,3,0.000000,0.248739,0.000000,0.586519,1.023325
3,1.507637,8.541316,exponential_3,150,50,rastrigin,3,0.000000,0.000000,0.000000,0.397983,1.247070
3,1.765111,2.832683,exponential_3,150,50,rastrigin,3,0.000000,0.000000,0.000000,0.397983,1.015210
3,2.419483,0.500000,exponential_3,150,50,rastrigin,3,0.000000,1.679082,1.989918,1.791276,0.993860
3,1.287720,0.802409,exponential_3,150,50,rastrigin,3,0.000000,1.990251,1.989932,1.868851,0.860725
3,2.066557,6.231237,exponential_3,150,50,rastrigin,3,0.000000,0.124370,0.000000,0.569391,1.092610
3,2.419483,0.685363,exponential_3,150,50,rastrigin,3,0.000000,1.181516,1.989916,1.269496,0.868835
3,2.066557,4.545940,exponential_3,150,50,rastrigin,3,0.000000,0.000000,0.000000,0.637084,1.527790
3,1.507637,0.585390,exponential_3,150,50,rastrigin,3,0.994957,1.743101,1.989959,2.528321,0.920610
3,1.765111,10.000000,exponential_3,150,50,rastrigin,3,0.000000,0.000000,0.000000,0.507331,0.764045
3,1.507637,3.316448,exponential_3,150,50,rastrigin,3,0.000000,0.248739,0.000000,0.667438,0.907085
3,2.066557,1.099883,exponential_3,150,50,rastrigin,3,0.000000,0.684033,0.994957,1.690696,0.909115
3,1.287720,7.295407,exponential_3,150,50,rastrigin,3,0.000000,0.186554,0.000000,0.474565,1.018415
3,1.765111,1.507637,exponential_3,150,50,rastrigin,3,0.000000,0.497479,0.994957,0.808308,0.855760
3,1.287720,1.287720,exponential_3,150,50,rastrigin,3,0.000000,1.430608,1.989916,1.146189,0.971310
3,1.099883,1.099883,exponential_3,150,50,rastrigin,3,0.000004,1.679049,1.989920,1.616628,1.004895
3,2.832683,1.765111,exponential_3,150,50,rastrigin,3,0.000000,0.373109,0.497478,0.659981,1.009730
3,1.765111,3.882831,exponential_3,150,50,rastrigin,3,0.000000,0.000000,0.000000,0.397983,0.781770
3,2.066557,0.585390,exponential_3,150,50,rastrigin,3,0.000000,1.928862,1.990273,1.731799,0.944295
3,2.419483,2.419483,exponential_3,150,50,rastrigin,3,0.000000,0.248739,0.000000,0.667439,0.757140
3,2.419483,1.287720,exponential_3,150,50,rastrigin,3,0.000000,0.497478,0.994957,0.637084,0.998690
3,2.419483,1.765111,exponential_3,150,50,rastrigin,3,0.000000,0.435294,0.994957,0.650538,0.929690
3,2.066557,1.507637,exponential_3,150,50,rastrigin,3,0.000000,0.435294,0.994957,1.173037,0.925670
3,2.066557,0.802409,exponential_3,150,50,rastrigin,3,0.000000,1.306246,0.994965,1.804514,0.793655
3,2.419483,3.316448,exponential_3,150,50,rastrigin,3,0.000000,0.000000,0.000000,0.397983,0.742545
3,2.419483,0.585390,exponential_3,150,50,rastrigin,3,0.000000,1.313840,1.989916,1.096537,0.981270
3,1.765111,5.322296,exponential_3,150,50,rastrigin,3,0.000000,0.124370,0.000000,0.455947,0.905965
3,1.099883,7.295407,exponential_3,150,50,rastrigin,3,0.000000,0.000000,0.000000,0.397983,0.914520
3,2.066557,3.882831,exponential_3,150,50,rastrigin,3,0.000000,0.062185,0.000000,0.430829,0.889445
3,2.419483,4.545940,exponential_3,150,50,rastrigin,3,0.000000,0.000000,0.000000,0.397983,0.976485
3,2.066557,2.832683,exponential_3,150,50,rastrigin,3,0.000000,0.000000,0.000000,0.397983,0.957255
3,2.419483,8.541316,exponential_3,150,50,rastrigin,3,0.000000,0.000000,0.000000,0.397983,0.851670
3,2.419483,6.231237,exponential_3,150,50,rastrigin,3,0.000000,0.000000,0.000000,0.355271,0.921520
3,1.507637,6.231237,exponential_3,150,50,rastrigin,3,0.000000,0.062185,0.000000,0.430829,0.955030
3,2.066557,2.066557,exponential_3,150,50,rastrigin,3,0.000000,0.310924,0.000000,0.588625,0.935560
3,2.066557,10.000000,exponential_3,150,50,rastrigin,3,0.000000,0.000000,0.000000,0.397983,1.161555
3,2.832683,0.500000,exponential_3,150,50,rastrigin,3,0.000000,0.994959,0.994961,1.544590,0.822335
3,2.832683,0.939444,exponential_3,150,50,rastrigin,3,0.000000,0.497478,0.994957,1.071602,0.708530
3,1.507637,3.882831,exponential_3,150,50,rastrigin,3,0.000000,0.310924,0.000000,0.588625,1.147860
3,3.316448,4.545940,exponential_3,150,50,rastrigin,3,0.000000,0.124370,0.000000,0.569390,0.963355
3,2.419483,2.066557,exponential_3,150,50,rastrigin,3,0.000000,0.124370,0.000000,0.455947,0.850720
3,2.419483,3.882831,exponential_3,150,50,rastrigin,3,0.000000,0.186554,0.000000,0.474564,0.788005
3,2.832683,2.419483,exponential_3,150,50,rastrigin,3,0.000000,0.000000,0.000000,0.533487,0.961330
3,2.419483,0.939444,exponential_3,150,50,rastrigin,3,0.000000,1.057143,0.994957,1.416723,0.990445
3,1.507637,2.419483,exponential_3,150,50,rastrigin,3,0.000000,0.373109,0.497478,0.586519,0.808300
3,1.507637,10.000000,exponential_3,150,50,rastrigin,3,0.000000,0.000000,0.000000,0.474565,0.965335
3,2.832683,4.545940,exponential_3,150,50,rastrigin,3,0.000000,0.062185,0.000000,0.430829,1.198720
3,2.832683,6.231237,exponential_3,150,50,rastrigin,3,0.000000,0.000000,0.000000,0.355271,0.931435
3,3.316448,0.685363,exponential_3,150,50,rastrigin,3,0.000000,0.559664,0.994957,1.331163,0.729820
3,2.419483,0.802409,exponential_3,150,50,rastrigin,3,0.000000,1.368068,1.989916,2.004781,0.811305
3,3.882831,1.287720,exponential_3,150,50,rastrigin,3,0.000000,0.248739,0.000000,0.586519,0.898080
3,2.066557,7.295407,exponential_3,150,50,rastrigin,3,0.000000,0.000000,0.000000,0.397983,0.937675
3,1.287720,0.500000,exponential_3,150,50,rastrigin,3,0.000053,3.057266,3.980904,3.188682,0.879845
3,1.507637,0.939444,exponential_3,150,50,rastrigin,3,0.000000,1.305883,1.492439,0.905111,1.018940
3,3.316448,1.287720,exponential_3,150,50,rastrigin,3,0.000000,0.310925,0.000004,0.731141,0.785680
3,1.287720,8.541316,exponential_3,150,50,rastrigin,3,0.000000,0.062185,0.000000,0.430829,1.093595
3,3.316448,1.765111,exponential_3,150,50,rastrigin,3,0.000000,0.310924,0.000000,0.588625,0.878135
3,2.419483,7.295407,exponential_3,150,50,rastrigin,3,0.000000,0.000000,0.000000,0.397983,1.207325
3,3.316448,0.939444,exponential_3,150,50,rastrigin,3,0.000000,0.497478,0.994957,0.958212,1.190660
3,3.316448,0.500000,exponential_3,150,50,rastrigin,3,0.000000,1.243698,0.994959,1.900213,1.356770
3,3.316448,2.419483,exponential_3,150,50,rastrigin,3,0.000000,0.248739,0.000000,0.487428,1.084610
3,2.419483,1.507637,exponential_3,150,50,rastrigin,3,0.000000,0.310924,0.000000,0.665582,0.791320
3,3.316448,3.316448,exponential_3,150,50,rastrigin,3,0.000000,0.062185,0.000000,0.553969,0.993310
3,2.832683,2.066557,exponential_3,150,50,rastrigin,3,0.000000,0.310924,0.000000,0.588625,1.068900
3,2.832683,0.685363,exponential_3,150,50,rastrigin,3,0.000000,0.870588,0.994957,0.696471,0.938075
3,2.832683,3.316448,exponential_3,150,50,rastrigin,3,0.000000,0.186554,0.000000,0.474564,0.737940
3,3.316448,6.231237,exponential_3,150,50,rastrigin,3,0.000000,0.186554,0.000000,0.580155,1.003365
3,3.316448,8.541316,exponential_3,150,50,rastrigin,3,0.000000,0.000000,0.000000,0.298487,0.851330
3,2.419483,2.832683,exponential_3,150,50,rastrigin,3,0.000000,0.186554,0.000000,0.580155,1.129790
3,3.882831,0.500000,exponential_3,150,50,rastrigin,3,0.000000,1.243799,1.493248,0.964598,0.933895
3,3.882831,0.939444,exponential_3,150,50,rastrigin,3,0.000000,0.497478,0.994957,0.487427,0.971475
3,3.882831,1.765111,exponential_3,150,50,rastrigin,3,0.000000,0.062185,0.000000,0.553969,0.899335
3,2.832683,8.541316,exponential_3,150,50,rastrigin,3,0.000000,0.000000,0.000000,0.216846,0.985310
3,2.832683,0.585390,exponential_3,150,50,rastrigin,3,0.000000,1.243699,0.994967,1.570214,0.726220
3,2.832683,7.295407,exponential_3,150,50,rastrigin,3,0.000000,0.062185,0.000000,0.430829,1.463055
3,2.419483,10.000000,exponential_3,150,50,rastrigin,3,0.000000,0.062185,0.000000,0.430829,0.953425
3,3.882831,2.419483,exponential_3,150,50,rastrigin,3,0.000000,0.062185,0.000000,0.430829,0.907205
3,2.832683,1.099883,exponential_3,150,50,rastrigin,3,0.000000,0.435294,0.994957,0.650538,0.874005
3,2.066557,5.322296,exponential_3,150,50,rastrigin,3,0.000000,0.062185,0.000000,0.430829,0.946275
3,3.882831,3.316448,exponential_3,150,50,rastrigin,3,0.000000,0.000000,0.000000,0.298487,0.972525
3,2.419483,1.099883,exponential_3,150,50,rastrigin,3,0.000000,0.621848,0.994957,0.650538,0.769545
3,3.882831,0.685363,exponential_3,150,50,rastrigin,3,0.000000,0.621848,0.994957,1.319961,1.600980
3,3.882831,4.545940,exponential_3,150,50,rastrigin,3,0.000000,0.000000,0.000000,0.298487,1.033280
3,5.322296,0.685363,exponential_3,150,50,rastrigin,3,0.000000,0.435294,0.994957,0.494985,0.754970
3,3.316448,7.295407,exponential_3,150,50,rastrigin,3,0.000000,0.000000,0.000000,0.397983,0.877350
3,3.316448,5.322296,exponential_3,150,50,rastrigin,3,0.000000,0.000000,0.000000,0.533487,0.936615
3,2.832683,5.322296,exponential_3,150,50,rastrigin,3,0.000000,0.000000,0.000000,0.216846,0.782215
3,3.882831,8.541316,exponential_3,150,50,rastrigin,3,0.000000,0.000000,0.000000,0.397983,0.971680
3,3.882831,6.231237,exponential_3,150,50,rastrigin,3,0.000000,0.186554,0.000000,0.474564,1.046615
3,2.832683,2.832683,exponential_3,150,50,rastrigin,3,0.000000,0.124370,0.000000,0.569390,1.025420
3,4.545940,0.939444,exponential_3,150,50,rastrigin,3,0.000000,0.310924,0.000000,0.588625,0.931785
3,2.419483,5.322296,exponential_3,150,50,rastrigin,3,0.000000,0.000000,0.000000,0.355271,1.667570
3,4.545940,1.287720,exponential_3,150,50,rastrigin,3,0.000000,0.186554,0.000000,0.580155,0.767710
3,2.832683,1.287720,exponential_3,150,50,rastrigin,3,0.000000,0.310929,0.000038,1.319958,0.721485
3,3.316448,1.507637,exponential_3,150,50,rastrigin,3,0.000000,0.373109,0.497478,0.586519,0.796300
3,3.882831,1.099883,exponential_3,150,50,rastrigin,3,0.000000,0.248739,0.000000,0.487428,1.135765
3,4.545940,2.419483,exponential_3,150,50,rastrigin,3,0.000000,0.000000,0.000000,0.397983,0.852675
3,3.882831,1.507637,exponential_3,150,50,rastrigin,3,0.000000,0.559663,0.994957,0.474564,0.905275
3,3.316448,0.585390,exponential_3,150,50,rastrigin,3,0.000000,0.870600,0.994957,2.163312,0.718965
3,4.545940,3.316448,exponential_3,150,50,rastrigin,3,0.000000,0.186554,0.000000,0.474564,0.939120
3,4.545940,1.765111,exponential_3,150,50,rastrigin,3,0.000000,0.435294,0.994957,0.580155,0.954000
3,4.545940,4.545940,exponential_3,150,50,rastrigin,3,0.000000,0.000000,0.000000,0.355271,0.970680
3,3.316448,2.066557,exponential_3,150,50,rastrigin,3,0.000000,0.186554,0.000000,0.580155,0.948630
3,3.316448,2.832683,exponential_3,150,50,rastrigin,3,0.000000,0.000000,0.000000,0.355271,0.896575
3,4.545940,8.541316,exponential_3,150,50,rastrigin,3,0.000000,0.000011,0.000000,0.397979,0.882920
3,4.545940,6.231237,exponential_3,150,50,rastrigin,3,0.000000,0.000000,0.000000,0.507331,0.966430
3,3.316448,1.099883,exponential_3,150,50,rastrigin,3,0.000000,0.373109,0.497478,0.497479,0.978560
3,5.322296,0.500000,exponential_3,150,50,rastrigin,3,0.000000,0.559664,0.994957,1.254594,0.889760
3,3.316448,3.882831,exponential_3,150,50,rastrigin,3,0.000000,0.248739,0.000000,0.487428,1.094345
3,2.832683,0.802409,exponential_3,150,50,rastrigin,3,0.000000,1.057142,0.994958,1.062325,1.023875
3,2.832683,3.882831,exponential_3,150,50,rastrigin,3,0.000000,0.062185,0.000000,0.430829,1.079340
3,4.545940,1.507637,exponential_3,150,50,rastrigin,3,0.000000,0.186554,0.000000,0.474564,0.788020
3,4.545940,0.685363,exponential_3,150,50,rastrigin,3,0.000000,0.746218,0.994957,0.938641,0.790635
3,6.231237,2.419483,exponential_3,150,50,rastrigin,3,0.000000,0.000000,0.000000,0.298487,0.851095
3,3.316448,10.000000,exponential_3,150,50,rastrigin,3,0.000000,0.062186,0.000000,0.430829,0.976955
3,6.231237,3.316448,exponential_3,150,50,rastrigin,3,0.000000,0.124370,0.000000,0.455947,0.908425
3,3.882831,2.066557,exponential_3,150,50,rastrigin,3,0.000000,0.000000,0.000000,0.355271,0.962500
3,5.322296,1.765111,exponential_3,150,50,rastrigin,3,0.000000,0.062185,0.000000,0.430829,0.923990
3,5.322296,1.287720,exponential_3,150,50,rastrigin,3,0.000000,0.310924,0.000000,0.494985,0.958135
3,4.545940,3.882831,exponential_3,150,50,rastrigin,3,0.000000,0.062185,0.000000,0.430829,1.095175
3,6.231237,1.765111,exponential_3,150,50,rastrigin,3,0.000000,0.186554,0.000000,0.665582,1.235060
3,4.545940,5.322296,exponential_3,150,50,rastrigin,3,0.000000,0.000000,0.000000,0.355271,1.088885
3,5.322296,4.545940,exponential_3,150,50,rastrigin,3,0.000000,0.062185,0.000000,0.430829,0.929225
3,5.322296,3.316448,exponential_3,150,50,rastrigin,3,0.000000,0.000000,0.000000,0.355271,1.024075
3,3.882831,0.802409,exponential_3,150,50,rastrigin,3,0.000000,0.435294,0.994957,0.650539,0.913515
3,6.231237,8.541316,exponential_3,150,50,rastrigin,3,0.000015,0.251003,0.005159,0.486426,1.096055
3,7.295407,0.939444,exponential_3,150,50,rastrigin,3,0.000000,0.124370,0.000000,0.455947,0.795500
3,5.322296,0.802409,exponential_3,150,50,rastrigin,3,0.000000,0.373109,0.497478,0.722629,0.879035
3,5.322296,8.541316,exponential_3,150,50,rastrigin,3,0.000000,0.062376,0.000212,0.553959,0.901665
3,7.295407,0.500000,exponential_3,150,50,rastrigin,3,0.000000,0.310924,0.000000,0.848636,1.063815
3,6.231237,4.545940,exponential_3,150,50,rastrigin,3,0.000000,0.124370,0.000000,0.455947,1.382440
3,6.231237,0.500000,exponential_3,150,50,rastrigin,3,0.000000,0.684033,0.994957,0.968488,0.982785
3,3.882831,10.000000,exponential_3,150,50,rastrigin,3,0.000000,0.186567,0.000000,0.474560,0.953665
3,6.231237,0.685363,exponential_3,150,50,rastrigin,3,0.000000,0.248739,0.000000,0.736202,0.862290
3,3.882831,7.295407,exponential_3,150,50,rastrigin,3,0.000000,0.000000,0.000000,0.355271,0.965150
3,4.545940,1.099883,exponential_3,150,50,rastrigin,3,0.000000,0.186554,0.000000,1.111284,0.960255
3,4.545940,0.500000,exponential_3,150,50,rastrigin,3,0.000000,0.870588,0.994957,1.084230,0.793240
3,2.832683,1.507637,exponential_3,150,50,rastrigin,3,0.000000,0.373109,0.497478,0.722630,0.934810
3,5.322296,0.939444,exponential_3,150,50,rastrigin,3,0.000000,0.186554,0.000000,0.474565,0.798420
3,4.545940,2.832683,exponential_3,150,50,rastrigin,3,0.000000,0.000000,0.000000,0.000000,0.910230
3,3.882831,0.585390,exponential_3,150,50,rastrigin,3,0.000000,0.994958,0.994959,0.838367,0.947525
3,6.231237,0.939444,exponential_3,150,50,rastrigin,3,0.000000,0.248739,0.000000,0.667438,1.180600
3,5.322296,2.419483,exponential_3,150,50,rastrigin,3,0.000000,0.000000,0.000000,0.397983,0.743330
3,3.882831,2.832683,exponential_3,150,50,rastrigin,3,0.000000,0.000000,0.000000,0.397983,0.883000
3,2.832683,10.000000,exponential_3,150,50,rastrigin,3,0.000000,0.000000,0.000000,0.397983,1.009520
3,4.545940,2.066557,exponential_3,150,50,rastrigin,3,0.000000,0.000000,0.000000,0.355271,0.986850
3,3.316448,0.802409,exponential_3,150,50,rastrigin,3,0.000000,0.808403,0.994957,0.958212,1.030515
3,6.231237,1.287720,exponential_3,150,50,rastrigin,3,0.000000,0.248739,0.000000,0.586519,1.180585
3,6.231237,6.231237,exponential_3,150,50,rastrigin,3,0.000000,0.000003,0.000000,0.355262,0.984045
3,4.545940,7.295407,exponential_3,150,50,rastrigin,3,0.000000,0.062185,0.000000,0.430829,0.963580
3,6.231237,0.585390,exponential_3,150,50,rastrigin,3,0.000000,0.497479,0.994957,1.315265,0.929495
3,4.545940,0.585390,exponential_3,150,50,rastrigin,3,0.000000,0.746218,0.994957,0.474565,0.702845
3,5.322296,0.585390,exponential_3,150,50,rastrigin,3,0.000000,0.497479,0.994957,0.744558,0.911200
3,8.541316,0.939444,exponential_3,150,50,rastrigin,3,0.000000,0.000000,0.000000,0.355271,0.933320
3,8.541316,0.685363,exponential_3,150,50,rastrigin,3,0.000000,0.248739,0.000000,0.667438,1.059750
3,4.545940,0.802409,exponential_3,150,50,rastrigin,3,0.000000,0.373109,0.497478,0.722630,0.805160
3,8.541316,1.287720,exponential_3,150,50,rastrigin,3,0.000000,0.000000,0.000000,0.298487,0.824805
3,6.231237,5.322296,exponential_3,150,50,rastrigin,3,0.000000,0.062186,0.000000,0.553969,1.526510
3,6.231237,2.832683,exponential_3,150,50,rastrigin,3,0.000000,0.000000,0.000000,0.533487,1.074910
3,6.231237,2.066557,exponential_3,150,50,rastrigin,3,0.000000,0.062185,0.000000,0.553969,0.876845
3,7.295407,1.765111,exponential_3,150,50,rastrigin,3,0.000000,0.062185,0.000000,0.430829,1.085885
3,5.322296,1.507637,exponential_3,150,50,rastrigin,3,0.000000,0.186554,0.000000,0.580155,0.956670
3,7.295407,3.316448,exponential_3,150,50,rastrigin,3,0.000000,0.000000,0.000000,0.355271,0.969430
3,5.322296,2.066557,exponential_3,150,50,rastrigin,3,0.000000,0.000000,0.000000,0.355271,1.065840
3,7.295407,2.419483,exponential_3,150,50,rastrigin,3,0.000000,0.062185,0.000000,0.430829,1.138460
3,6.231237,3.882831,exponential_3,150,50,rastrigin,3,0.000000,0.000000,0.000000,0.298487,1.264960
3,7.295407,1.099883,exponential_3,150,50,rastrigin,3,0.000000,0.248739,0.000000,0.487428,0.799265
3,7.295407,4.545940,exponential_3,150,50,rastrigin,3,0.000000,0.062187,0.000000,0.430829,1.140765
3,5.322296,5.322296,exponential_3,150,50,rastrigin,3,0.000000,0.000000,0.000000,0.298487,1.004070
3,5.322296,3.882831,exponential_3,150,50,rastrigin,3,0.000000,0.000000,0.000000,0.397983,1.102205
3,7.295407,6.231237,exponential_3,150,50,rastrigin,3,0.000000,0.000149,0.000061,0.533555,1.129420
3,7.295407,8.541316,exponential_3,150,50,rastrigin,3,0.000271,0.024406,0.025460,0.349892,0.854180
3,4.545940,10.000000,exponential_3,150,50,rastrigin,3,0.000000,0.063277,0.000798,0.430366,0.847610
3,7.295407,0.585390,exponential_3,150,50,rastrigin,3,0.000000,0.373109,0.497478,0.988720,0.863865
3,6.231237,10.000000,exponential_3,150,50,rastrigin,3,0.001411,0.301631,0.117304,0.568092,1.287815
3,3.882831,3.882831,exponential_3,150,50,rastrigin,3,0.000000,0.000000,0.000000,0.355271,0.816970
3,5.322296,10.000000,exponential_3,150,50,rastrigin,3,0.000069,0.069997,0.001523,0.429357,1.011780
3,7.295407,0.685363,exponential_3,150,50,rastrigin,3,0.000000,0.186554,0.000000,0.580155,0.717090
3,6.231237,0.802409,exponential_3,150,50,rastrigin,3,0.000000,0.062185,0.000000,0.553969,0.793440
3,5.322296,6.231237,exponential_3,150,50,rastrigin,3,0.000000,0.000000,0.000000,0.298487,0.903410
3,10.000000,6.231237,exponential_3,150,50,rastrigin,3,0.002079,0.453835,0.995698,0.644232,0.992780
3,8.541316,2.419483,exponential_3,150,50,rastrigin,3,0.000000,0.062185,0.000000,0.430829,0.819440
3,7.295407,1.287720,exponential_3,150,50,rastrigin,3,0.000000,0.000000,0.000000,0.397983,0.903395
3,0.500000,0.685363,exponential_5,150,50,rastrigin,3,0.001999,3.835068,5.076442,3.554373,0.962885
3,3.882831,5.322296,exponential_3,150,50,rastrigin,3,0.000000,0.000000,0.000000,0.507331,1.056885
3,7.295407,2.832683,exponential_3,150,50,rastrigin,3,0.000000,0.000000,0.000000,0.216846,1.013975
3,8.541316,3.316448,exponential_3,150,50,rastrigin,3,0.000000,0.000000,0.000000,0.397983,0.910405
3,0.500000,1.765111,exponential_5,150,50,rastrigin,3,0.995089,3.239486,4.478996,2.097098,1.021640
3,10.000000,0.685363,exponential_3,150,50,rastrigin,3,0.000000,0.373109,0.497478,0.497478,0.723110
3,0.500000,3.316448,exponential_5,150,50,rastrigin,3,0.000000,1.243739,1.989916,1.517913,0.831230
3,7.295407,5.322296,exponential_3,150,50,rastrigin,3,0.000000,0.000012,0.000000,0.355259,1.167390
3,8.541316,6.231237,exponential_3,150,50,rastrigin,3,0.000027,0.065864,0.000435,0.430625,0.974170
3,7.295407,0.802409,exponential_3,150,50,rastrigin,3,0.000000,0.124370,0.000000,0.569391,0.727360
3,10.000000,0.500000,exponential_3,150,50,rastrigin,3,0.000000,0.248739,0.000000,0.964647,0.872035
3,6.231237,7.295407,exponential_3,150,50,rastrigin,3,0.000000,0.373364,0.498738,0.497306,1.000150
3,6.231237,1.507637,exponential_3,150,50,rastrigin,3,0.000000,0.000000,0.000000,0.298487,1.102960
3,7.295407,7.295407,exponential_3,150,50,rastrigin,3,0.000002,0.254195,0.016986,0.484761,1.346520
3,10.000000,1.765111,exponential_3,150,50,rastrigin,3,0.000000,0.062185,0.000000,0.430829,0.824415
3,10.000000,1.287720,exponential_3,150,50,rastrigin,3,0.000000,0.062185,0.000000,0.553969,0.934355
3,8.541316,0.802409,exponential_3,150,50,rastrigin,3,0.000000,0.310924,0.000000,0.958212,0.979960
3,8.541316,1.099883,exponential_3,150,50,rastrigin,3,0.000000,0.062185,0.000000,0.430829,1.041470
3,10.000000,2.419483,exponential_3,150,50,rastrigin,3,0.000000,0.124370,0.000000,0.455947,0.905735
3,10.000000,4.545940,exponential_3,150,50,rastrigin,3,0.000000,0.062322,0.000045,0.430947,0.932340
3,8.541316,0.500000,exponential_3,150,50,rastrigin,3,0.000000,0.435294,0.994957,1.116837,0.879470
3,8.541316,1.507637,exponential_3,150,50,rastrigin,3,0.000000,0.062185,0.000000,0.430829,1.076405
3,10.000000,3.316448,exponential_3,150,50,rastrigin,3,0.000000,0.000000,0.000000,0.298487,1.139625
3,0.500000,0.500000,exponential_5,150,50,rastrigin,3,0.996765,3.783942,4.994092,3.741375,0.920865
3,0.500000,1.287720,exponential_5,150,50,rastrigin,3,0.006796,2.218793,2.144889,2.561059,0.770140
3,0.500000,0.939444,exponential_5,150,50,rastrigin,3,0.000500,2.811716,2.996826,2.508223,0.854240
3,7.295407,2.066557,exponential_3,150,50,rastrigin,3,0.000000,0.000000,0.000000,0.397983,1.047430
3,10.000000,8.541316,exponential_3,150,50,rastrigin,3,0.091282,0.906764,1.068147,0.937140,1.132620
3,7.295407,3.882831,exponential_3,150,50,rastrigin,3,0.000000,0.062185,0.000000,0.430829,1.008450
3,8.541316,1.765111,exponential_3,150,50,rastrigin,3,0.000000,0.000000,0.000000,0.355271,1.072100
3,0.585390,3.316448,exponential_5,150,50,rastrigin,3,0.000000,1.678998,1.989916,1.471561,0.851150
3,6.231237,1.099883,exponential_3,150,50,rastrigin,3,0.000000,0.062185,0.000000,0.430829,0.891580
3,0.585390,2.419483,exponential_5,150,50,rastrigin,3,0.000000,1.368110,1.989917,1.475750,1.253735
3,0.500000,2.419483,exponential_5,150,50,rastrigin,3,0.000000,1.185414,1.504138,1.329964,0.835760
3,8.541316,8.541316,exponential_3,150,50,rastrigin,3,0.001810,0.498133,0.727237,0.542001,0.828255
3,7.295407,10.000000,exponential_3,150,50,rastrigin,3,0.004671,0.443862,0.707899,0.582414,0.898355
3,0.500000,4.545940,exponential_5,150,50,rastrigin,3,0.000000,0.621859,0.994958,1.154968,0.921880
3,8.541316,4.545940,exponential_3,150,50,rastrigin,3,0.000000,0.000007,0.000000,0.355266,1.102400
3,0.500000,6.231237,exponential_5,150,50,rastrigin,3,0.000000,0.559664,0.994957,0.884339,0.941770
3,10.000000,0.939444,exponential_3,150,50,rastrigin,3,0.000000,0.000000,0.000000,0.298487,0.841250
3,0.585390,0.500000,exponential_5,150,50,rastrigin,3,0.998486,2.922700,3.080480,3.956103,0.883440
3,8.541316,0.585390,exponential_3,150,50,rastrigin,3,0.000000,0.497478,0.994957,0.637084,0.925150
3,5.322296,7.295407,exponential_3,150,50,rastrigin,3,0.000000,0.000009,0.000000,0.355267,0.846630
3,0.585390,0.685363,exponential_5,150,50,rastrigin,3,1.010448,2.952740,3.112841,3.539399,0.902690
3,10.000000,7.295407,exponential_3,150,50,rastrigin,3,0.005606,0.380244,0.312306,0.731192,0.945155
3,0.500000,2.066557,exponential_5,150,50,rastrigin,3,0.994961,2.925883,3.979831,2.401819,0.706915
3,0.500000,0.802409,exponential_5,150,50,rastrigin,3,0.007685,3.016394,2.503870,3.485160,0.957670
3,10.000000,0.802409,exponential_3,150,50,rastrigin,3,0.000000,0.186554,0.000000,0.580155,0.735360
3,0.585390,1.287720,exponential_5,150,50,rastrigin,3,0.995020,2.068290,2.020519,1.657564,0.942860
3,0.685363,2.419483,exponential_5,150,50,rastrigin,3,0.000000,1.430255,1.989917,1.858240,1.156555
3,0.585390,0.939444,exponential_5,150,50,rastrigin,3,0.994972,3.141367,3.527823,1.995139,1.059990
3,7.295407,1.507637,exponential_3,150,50,rastrigin,3,0.000000,0.186554,0.000000,0.474565,1.175180
3,0.500000,3.882831,exponential_5,150,50,rastrigin,3,0.000000,1.243704,0.994978,1.213488,0.799310
3,8.541316,3.882831,exponential_3,150,50,rastrigin,3,0.000000,0.062186,0.000000,0.430829,1.005030
3,5.322296,1.099883,exponential_3,150,50,rastrigin,3,0.000000,0.310924,0.000000,0.588625,0.727085
3,0.585390,1.765111,exponential_5,150,50,rastrigin,3,0.000000,1.743190,1.989928,2.760384,0.943275
3,10.000000,1.099883,exponential_3,150,50,rastrigin,3,0.000000,0.000000,0.000000,0.397983,0.777600
3,0.802409,0.500000,exponential_5,150,50,rastrigin,3,0.995922,3.347863,4.039609,2.537733,0.751730
3,0.500000,7.295407,exponential_5,150,50,rastrigin,3,0.000000,0.621849,0.994957,0.915956,0.907570
3,8.541316,7.295407,exponential_3,150,50,rastrigin,3,0.002159,0.292321,0.127816,0.449729,1.002285
3,0.585390,4.545940,exponential_5,150,50,rastrigin,3,0.000000,0.621849,0.994957,1.428033,0.901490
3,10.000000,2.066557,exponential_3,150,50,rastrigin,3,0.000000,0.000000,0.000000,0.355271,0.876725
3,0.685363,0.500000,exponential_5,150,50,rastrigin,3,0.995897,2.690763,3.245610,2.322658,0.811490
3,0.585390,0.802409,exponential_5,150,50,rastrigin,3,0.054113,2.757037,2.990288,2.803349,0.940010
3,0.685363,1.287720,exponential_5,150,50,rastrigin,3,0.994959,2.433124,1.995261,2.186455,0.876200
3,0.685363,8.541316,exponential_5,150,50,rastrigin,3,0.000000,0.186557,0.000000,0.665580,1.135155
3,0.500000,8.541316,exponential_5,150,50,rastrigin,3,0.000000,0.746218,0.994957,0.535801,0.843040
3,0.685363,0.939444,exponential_5,150,50,rastrigin,3,0.002083,2.815158,2.991981,1.831429,0.994180
3,0.685363,0.685363,exponential_5,150,50,rastrigin,3,0.000027,2.285657,2.009713,2.813607,1.019665
3,0.802409,2.419483,exponential_5,150,50,rastrigin,3,0.000000,0.870591,0.994959,1.181448,0.942380
3,10.000000,2.832683,exponential_3,150,50,rastrigin,3,0.000000,0.124370,0.000000,0.455947,1.025315
3,0.500000,1.507637,exponential_5,150,50,rastrigin,3,0.000010,2.613702,2.494087,2.343087,0.802100
3,0.500000,0.585390,exponential_5,150,50,rastrigin,3,2.000797,4.407171,4.990340,2.598289,0.875935
3,0.802409,4.545940,exponential_5,150,50,rastrigin,3,0.000000,0.684034,0.994957,0.696472,1.022070
3,8.541316,2.066557,exponential_3,150,50,rastrigin,3,0.000000,0.062185,0.000000,0.430829,0.966660
3,0.585390,5.322296,exponential_5,150,50,rastrigin,3,0.000000,0.373120,0.497570,0.659973,0.977685
3,8.541316,2.832683,exponential_3,150,50,rastrigin,3,0.000000,0.000000,0.000000,0.355271,1.057580
3,10.000000,3.882831,exponential_3,150,50,rastrigin,3,0.000000,0.062188,0.000000,0.430841,1.262485
3,0.500000,1.099883,exponential_5,150,50,rastrigin,3,0.995029,2.874042,3.507065,2.727274,1.092260
3,0.685363,4.545940,exponential_5,150,50,rastrigin,3,0.000000,0.932773,0.994958,0.867384,0.731725
3,10.000000,10.000000,exponential_3,150,50,rastrigin,3,0.107204,1.476230,1.591532,0.761850,1.221205
3,0.585390,2.832683,exponential_5,150,50,rastrigin,3,0.000000,1.119345,1.492439,1.197652,0.835080
3,0.585390,3.882831,exponential_5,150,50,rastrigin,3,0.000000,0.684035,0.994958,0.832441,0.956710
3,0.500000,10.000000,exponential_5,150,50,rastrigin,3,0.000000,0.559663,0.994957,0.474564,0.834480
3,5.322296,2.832683,exponential_3,150,50,rastrigin,3,0.000000,0.000000,0.000000,0.355271,0.792300
3,0.500000,2.832683,exponential_5,150,50,rastrigin,3,0.000000,1.873243,2.037667,2.263021,0.939475
3,0.685363,6.231237,exponential_5,150,50,rastrigin,3,0.000000,0.497495,0.994957,0.938630,0.891850
3,0.500000,5.322296,exponential_5,150,50,rastrigin,3,0.000000,0.808579,0.994958,0.800609,0.866520
3,8.541316,5.322296,exponential_3,150,50,rastrigin,3,0.000000,0.000032,0.000010,0.397998,0.901395
3,0.585390,0.585390,exponential_5,150,50,rastrigin,3,0.994963,5.054513,5.969774,2.690834,0.905675
3,0.585390,6.231237,exponential_5,150,50,rastrigin,3,0.000000,0.559685,0.994957,1.018298,0.813495
3,10.000000,0.585390,exponential_3,150,50,rastrigin,3,0.000000,0.310924,0.000000,0.588625,0.889595
3,1.099883,0.685363,exponential_5,150,50,rastrigin,3,0.019531,2.240618,1.989963,3.063196,0.877025
3,0.802409,0.685363,exponential_5,150,50,rastrigin,3,0.002424,3.923040,4.992942,3.332360,0.883670
3,0.802409,1.765111,exponential_5,150,50,rastrigin,3,0.000000,1.555147,1.989917,1.630785,0.734535
3,0.802409,1.287720,exponential_5,150,50,rastrigin,3,0.000002,1.991233,1.989947,1.884116,0.951435
3,10.000000,1.507637,exponential_3,150,50,rastrigin,3,0.000000,0.000000,0.000000,0.355271,1.003235
3,0.802409,0.939444,exponential_5,150,50,rastrigin,3,0.000137,2.243492,1.992853,2.749278,0.991295
3,1.099883,3.316448,exponential_5,150,50,rastrigin,3,0.000000,0.310925,0.000002,0.999920,0.856990
3,0.585390,1.507637,exponential_5,150,50,rastrigin,3,0.000000,1.931874,1.990088,2.872910,0.910560
3,0.802409,6.231237,exponential_5,150,50,rastrigin,3,0.000000,0.248978,0.000051,0.964530,0.697030
3,0.802409,3.316448,exponential_5,150,50,rastrigin,3,0.000000,0.808407,0.994960,0.905083,0.727590
3,1.287720,1.287720,exponential_5,150,50,rastrigin,3,0.000000,1.059940,0.995047,1.444230,0.747300
3,1.099883,4.545940,exponential_5,150,50,rastrigin,3,0.000000,0.435294,0.994957,0.824976,0.959305
3,0.802409,8.541316,exponential_5,150,50,rastrigin,3,0.000000,0.373109,0.497478,0.722631,0.806125
3,0.585390,7.295407,exponential_5,150,50,rastrigin,3,0.000000,0.310924,0.000000,0.999922,0.700890
3,0.685363,1.765111,exponential_5,150,50,rastrigin,3,0.000069,2.052465,1.990240,2.098204,0.919170
3,0.585390,2.066557,exponential_5,150,50,rastrigin,3,0.000011,2.176883,1.990300,1.796397,0.892055
3,1.099883,6.231237,exponential_5,150,50,rastrigin,3,0.000000,0.373111,0.497498,0.497481,1.112815
3,0.939444,0.500000,exponential_5,150,50,rastrigin,3,0.000578,3.484355,4.975744,2.903132,0.938915
3,1.287720,2.419483,exponential_5,150,50,rastrigin,3,0.000000,0.994958,0.994959,2.093549,0.953615
3,0.685363,3.316448,exponential_5,150,50,rastrigin,3,0.000000,0.621850,0.994957,1.254594,0.847800
3,0.685363,1.507637,exponential_5,150,50,rastrigin,3,0.018209,2.427722,2.487483,2.676928,0.783120
3,0.685363,0.585390,exponential_5,150,50,rastrigin,3,0.998199,3.551584,4.974955,2.612262,0.943785
3,0.685363,10.000000,exponential_5,150,50,rastrigin,3,0.000000,0.186554,0.000000,0.580155,0.842175
3,0.939444,1.287720,exponential_5,150,50,rastrigin,3,0.000055,1.680248,1.989919,2.423189,1.021365
3,0.939444,1.765111,exponential_5,150,50,rastrigin,3,0.000000,1.368068,1.492439,1.160311,0.972155
3,0.685363,1.099883,exponential_5,150,50,rastrigin,3,0.994957,2.075274,1.990501,1.982208,0.922595
3,0.939444,2.419483,exponential_5,150,50,rastrigin,3,0.000000,1.181519,0.994960,1.402680,1.028025
3,0.802409,3.882831,exponential_5,150,50,rastrigin,3,0.000000,0.497479,0.994957,1.570017,0.897000
3,0.939444,4.545940,exponential_5,150,50,rastrigin,3,0.000000,0.373109,0.497480,0.659981,0.857405
3,0.939444,6.231237,exponential_5,150,50,rastrigin,3,0.000000,0.310924,0.000000,0.588625,0.849810
3,0.802409,2.832683,exponential_5,150,50,rastrigin,3,0.000000,0.746358,0.994957,1.581713,0.883915
3,1.287720,4.545940,exponential_5,150,50,rastrigin,3,0.000000,0.124370,0.000000,0.659981,1.122180
3,0.685363,2.066557,exponential_5,150,50,rastrigin,3,0.000000,1.248609,1.033473,2.072940,0.944840
3,0.802409,5.322296,exponential_5,150,50,rastrigin,3,0.000000,0.310925,0.000000,1.037575,0.940615
3,1.099883,0.500000,exponential_5,150,50,rastrigin,3,0.010702,3.113710,3.485314,3.729963,1.007920
3,1.287720,1.507637,exponential_5,150,50,rastrigin,3,0.000000,0.808404,0.994958,1.916424,1.115725
3,1.099883,0.939444,exponential_5,150,50,rastrigin,3,0.994959,2.492621,1.991003,2.319684,0.775555
3,0.585390,8.541316,exponential_5,150,50,rastrigin,3,0.000000,0.248743,0.000000,1.146361,0.906425
3,1.099883,1.765111,exponential_5,150,50,rastrigin,3,0.000000,0.870598,0.994959,0.988717,0.762850
3,0.685363,3.882831,exponential_5,150,50,rastrigin,3,0.000000,0.808437,0.994958,0.800616,0.842115
3,1.507637,1.287720,exponential_5,150,50,rastrigin,3,0.000000,0.871170,0.994959,1.128859,0.865150
3,0.685363,5.322296,exponential_5,150,50,rastrigin,3,0.000000,0.621849,0.994957,0.764242,0.960180
3,0.939444,1.507637,exponential_5,150,50,rastrigin,3,0.000000,1.741183,1.989916,1.847382,0.919010
3,1.099883,8.541316,exponential_5,150,50,rastrigin,3,0.000000,0.310924,0.000000,0.588625,0.840200
3,10.000000,5.322296,exponential_3,150,50,rastrigin,3,0.000021,0.002367,0.000351,0.324559,0.846385
3,0.585390,1.099883,exponential_5,150,50,rastrigin,3,0.011637,2.529696,2.623122,2.206586,0.888680
3,0.939444,7.295407,exponential_5,150,50,rastrigin,3,0.000000,0.373109,0.497478,0.659981,0.788480
3,1.287720,0.500000,exponential_5,150,50,rastrigin,3,0.994957,2.748420,3.482601,3.097976,0.893530
3,1.287720,0.685363,exponential_5,150,50,rastrigin,3,0.015667,1.619656,1.989940,1.425409,0.917150
3,1.287720,0.939444,exponential_5,150,50,rastrigin,3,0.000463,1.567125,1.989919,1.683499,0.910830
3,0.802409,0.585390,exponential_5,150,50,rastrigin,3,0.995029,2.561768,2.985662,1.938527,0.913800
3,1.287720,1.765111,exponential_5,150,50,rastrigin,3,0.000000,1.305884,1.989918,1.847378,0.897305
3,1.099883,0.802409,exponential_5,150,50,rastrigin,3,0.994957,2.239503,1.990303,2.795091,0.729050
3,1.099883,2.066557,exponential_5,150,50,rastrigin,3,0.000000,0.746219,0.994957,0.938640,0.690420
3,0.939444,0.685363,exponential_5,150,50,rastrigin,3,0.000053,2.243016,1.990025,4.018398,0.889350
3,0.939444,0.939444,exponential_5,150,50,rastrigin,3,0.994959,1.991390,1.992511,1.630462,0.882275
3,0.802409,2.066557,exponential_5,150,50,rastrigin,3,0.000000,1.554623,1.989918,1.622734,0.903325
3,1.287720,3.316448,exponential_5,150,50,rastrigin,3,0.000000,0.435294,0.994957,0.710542,0.850185
3,0.802409,1.507637,exponential_5,150,50,rastrigin,3,0.994957,1.493086,0.996301,1.782735,0.916980
3,1.099883,5.322296,exponential_5,150,50,rastrigin,3,0.000000,0.310924,0.000000,0.588625,0.771995
3,1.099883,3.882831,exponential_5,150,50,rastrigin,3,0.000000,0.621848,0.994957,0.994958,0.913965
3,0.685363,0.802409,exponential_5,150,50,rastrigin,3,1.990154,3.384401,2.994701,2.913416,0.825660
3,1.765111,0.939444,exponential_5,150,50,rastrigin,3,0.000000,1.306001,1.492446,2.204588,0.923590
3,8.541316,10.000000,exponential_3,150,50,rastrigin,3,0.036106,0.521761,0.785663,0.897746,0.936330
3,1.765111,2.419483,exponential_5,150,50,rastrigin,3,0.000000,0.435294,0.994957,0.650538,0.927195
3,0.802409,7.295407,exponential_5,150,50,rastrigin,3,0.000000,0.310927,0.000025,0.958210,0.961620
3,1.099883,7.295407,exponential_5,150,50,rastrigin,3,0.000000,0.497479,0.994957,0.637084,0.794435
3,1.765111,4.545940,exponential_5,150,50,rastrigin,3,0.000000,0.310924,0.000000,0.588626,0.818030
3,1.287720,6.231237,exponential_5,150,50,rastrigin,3,0.000000,0.248739,0.000000,0.487427,0.943675
3,1.287720,8.541316,exponential_5,150,50,rastrigin,3,0.000000,0.497483,0.994957,0.569387,0.965255
3,1.287720,0.802409,exponential_5,150,50,rastrigin,3,0.000229,1.886996,1.989955,1.311743,1.093230
3,0.939444,0.585390,exponential_5,150,50,rastrigin,3,0.077190,3.699470,5.473263,3.990774,0.949820
3,1.507637,0.685363,exponential_5,150,50,rastrigin,3,0.000029,1.433508,1.989919,1.522611,0.951200
3,1.507637,0.500000,exponential_5,150,50,rastrigin,3,0.994957,1.873194,1.993365,1.616653,0.967215
3,1.287720,2.832683,exponential_5,150,50,rastrigin,3,0.000000,0.497479,0.994957,1.130055,0.988850
3,2.066557,0.500000,exponential_5,150,50,rastrigin,3,0.994957,2.182431,1.989923,2.576828,0.973215
3,1.507637,3.316448,exponential_5,150,50,rastrigin,3,0.000000,0.373109,0.497478,1.254594,0.756080
3,1.099883,1.287720,exponential_5,150,50,rastrigin,3,0.000000,2.363263,2.487400,2.140155,0.924565
3,0.939444,2.066557,exponential_5,150,50,rastrigin,3,0.000000,1.243713,1.492457,1.979865,0.918215
3,1.507637,1.765111,exponential_5,150,50,rastrigin,3,0.000000,0.994958,0.994959,0.777088,0.984570
3,1.099883,2.419483,exponential_5,150,50,rastrigin,3,0.000000,0.870628,0.994960,1.421075,1.010295
3,0.939444,5.322296,exponential_5,150,50,rastrigin,3,0.000000,0.373109,0.497478,0.722630,0.740610
3,0.685363,7.295407,exponential_5,150,50,rastrigin,3,0.000000,0.497479,0.994957,0.569391,0.759245
3,1.507637,4.545940,exponential_5,150,50,rastrigin,3,0.000000,0.497479,0.994957,1.173038,0.818725
3,1.507637,2.419483,exponential_5,150,50,rastrigin,3,0.000000,0.621935,0.994957,0.968425,1.040295
3,2.066557,1.287720,exponential_5,150,50,rastrigin,3,0.000000,1.119390,0.994962,1.585683,1.078365
3,2.066557,2.419483,exponential_5,150,50,rastrigin,3,0.000000,0.373109,0.497478,0.722630,1.061980
3,1.287720,5.322296,exponential_5,150,50,rastrigin,3,0.000000,0.497479,0.994957,0.744558,1.008030
3,1.099883,0.585390,exponential_5,150,50,rastrigin,3,0.994961,2.642411,2.985218,1.912323,0.909540
3,1.287720,10.000000,exponential_5,150,50,rastrigin,3,0.000000,0.248739,0.000000,0.667438,1.041935
3,1.099883,1.099883,exponential_5,150,50,rastrigin,3,0.994961,1.741724,1.990079,1.588558,0.973330
3,1.507637,8.541316,exponential_5,150,50,rastrigin,3,0.000000,0.497479,0.994957,0.694692,1.088295
3,1.507637,0.802409,exponential_5,150,50,rastrigin,3,0.000019,1.492488,1.989917,1.352355,1.043110
3,0.802409,0.802409,exponential_5,150,50,rastrigin,3,0.000065,2.909532,3.982739,2.294363,0.868835
3,2.419483,0.500000,exponential_5,150,50,rastrigin,3,0.000000,1.251020,1.549895,1.790339,1.103620
3,1.765111,0.685363,exponential_5,150,50,rastrigin,3,0.994957,2.114297,1.989918,2.131863,0.866070
3,1.765111,1.765111,exponential_5,150,50,rastrigin,3,0.000000,1.243698,1.989915,1.538167,0.727245
3,1.765111,3.316448,exponential_5,150,50,rastrigin,3,0.000000,0.124370,0.000000,0.569390,0.787385
3,1.099883,10.000000,exponential_5,150,50,rastrigin,3,0.000000,0.373109,0.497478,0.659980,0.864055
3,1.507637,1.507637,exponential_5,150,50,rastrigin,3,0.000000,0.870588,0.994959,1.094454,0.955320
3,0.939444,3.316448,exponential_5,150,50,rastrigin,3,0.000000,0.497505,0.994957,0.989952,0.966980
3,0.802409,10.000000,exponential_5,150,50,rastrigin,3,0.000000,0.248739,0.000000,0.487428,0.885895
3,1.765111,1.287720,exponential_5,150,50,rastrigin,3,0.000000,0.870914,0.994959,0.988396,1.012000
3,1.287720,0.585390,exponential_5,150,50,rastrigin,3,0.994968,1.752955,1.989940,2.019710,0.920690
3,1.287720,1.099883,exponential_5,150,50,rastrigin,3,0.000000,1.243881,1.493618,1.181382,0.902755
3,1.765111,8.541316,exponential_5,150,50,rastrigin,3,0.000000,0.186554,0.000000,0.580155,0.718505
3,2.419483,1.765111,exponential_5,150,50,rastrigin,3,0.000000,0.435294,0.994957,0.710542,1.173525
3,0.939444,8.541316,exponential_5,150,50,rastrigin,3,0.000000,0.310924,0.000000,0.588626,0.882960
3,1.765111,6.231237,exponential_5,150,50,rastrigin,3,0.000000,0.186554,0.000000,0.580155,0.909615
3,0.939444,0.802409,exponential_5,150,50,rastrigin,3,0.000076,2.302668,2.491068,1.938707,0.728190
3,1.287720,2.066557,exponential_5,150,50,rastrigin,3,0.000000,0.621849,0.994958,0.764261,0.963750
3,0.939444,1.099883,exponential_5,150,50,rastrigin,3,0.000000,0.874840,0.995426,2.505763,0.765500
3,2.066557,0.685363,exponential_5,150,50,rastrigin,3,0.000000,1.430463,1.989919,2.186474,0.740525
3,2.832683,1.765111,exponential_5,150,50,rastrigin,3,0.000000,0.310924,0.000000,0.494985,0.990070
3,2.066557,0.939444,exponential_5,150,50,rastrigin,3,0.000000,0.814252,0.994960,2.245207,0.814530
3,0.685363,2.832683,exponential_5,150,50,rastrigin,3,0.000000,0.435294,0.497478,1.538167,0.876670
3,1.507637,6.231237,exponential_5,150,50,rastrigin,3,0.000000,0.124370,0.000000,0.455947,0.703595
3,2.066557,3.316448,exponential_5,150,50,rastrigin,3,0.000000,0.497478,0.994957,0.487427,0.784350
3,2.832683,4.545940,exponential_5,150,50,rastrigin,3,0.000000,0.497479,0.994957,0.569391,0.865340
3,1.765111,5.322296,exponential_5,150,50,rastrigin,3,0.000000,0.310924,0.000000,0.588625,0.841565
3,2.066557,1.765111,exponential_5,150,50,rastrigin,3,0.000000,0.559664,0.994957,1.018314,1.017690
3,0.939444,3.882831,exponential_5,150,50,rastrigin,3,0.000000,0.497479,0.994957,0.637084,0.962040
3,2.066557,4.545940,exponential_5,150,50,rastrigin,3,0.000000,0.186554,0.000000,0.474564,0.941780
3,2.832683,3.316448,exponential_5,150,50,rastrigin,3,0.000000,0.310924,0.000000,0.588625,1.097150
3,2.419483,0.585390,exponential_5,150,50,rastrigin,3,0.000000,1.181534,1.989916,1.437824,1.343910
3,1.287720,7.295407,exponential_5,150,50,rastrigin,3,0.000000,0.373109,0.497481,0.659980,1.035670
3,1.765111,0.500000,exponential_5,150,50,rastrigin,3,0.003826,1.999522,2.027267,2.263441,0.794255
3,1.765111,7.295407,exponential_5,150,50,rastrigin,3,0.000000,0.559664,0.994957,0.474565,0.978865
3,3.316448,0.500000,exponential_5,150,50,rastrigin,3,0.000006,1.990980,1.989918,2.704123,1.052080
3,2.066557,6.231237,exponential_5,150,50,rastrigin,3,0.000000,0.248739,0.000000,0.487428,1.128460
3,2.066557,0.585390,exponential_5,150,50,rastrigin,3,0.000000,1.618927,1.989920,1.308375,0.769315
3,0.585390,10.000000,exponential_5,150,50,rastrigin,3,0.000000,0.248739,0.000000,0.736202,1.045215
3,1.507637,3.882831,exponential_5,150,50,rastrigin,3,0.000000,0.310924,0.000000,0.665582,0.868880
3,2.419483,0.685363,exponential_5,150,50,rastrigin,3,0.000000,1.243698,0.994961,1.319978,0.889405
3,1.507637,2.066557,exponential_5,150,50,rastrigin,3,0.000000,0.684034,0.994957,1.916420,0.909655
3,1.099883,1.507637,exponential_5,150,50,rastrigin,3,0.000000,1.430264,1.989916,1.024399,0.957880
3,1.099883,2.832683,exponential_5,150,50,rastrigin,3,0.000000,0.870588,0.994959,1.349629,0.776605
3,2.419483,1.287720,exponential_5,150,50,rastrigin,3,0.000000,0.684034,0.994959,1.281913,0.771675
3,0.802409,1.099883,exponential_5,150,50,rastrigin,3,0.994961,2.117366,1.990086,1.711401,0.831520
3,2.419483,2.419483,exponential_5,150,50,rastrigin,3,0.000000,0.373109,0.497478,0.659981,0.921220
3,2.419483,0.939444,exponential_5,150,50,rastrigin,3,0.000000,0.870658,0.994959,1.349610,1.095695
3,1.507637,2.832683,exponential_5,150,50,rastrigin,3,0.000000,0.559664,0.994957,0.938641,0.805850
3,2.419483,3.316448,exponential_5,150,50,rastrigin,3,0.000000,0.435294,0.994957,0.494985,0.989825
3,2.419483,4.545940,exponential_5,150,50,rastrigin,3,0.000000,0.062214,0.000000,0.911883,1.042745
3,2.066557,1.507637,exponential_5,150,50,rastrigin,3,0.000000,0.435294,0.994957,0.974856,0.837265
3,2.832683,0.500000,exponential_5,150,50,rastrigin,3,0.000000,1.058704,1.006714,1.351897,0.758310
3,2.832683,0.685363,exponential_5,150,50,rastrigin,3,0.000000,1.119329,1.492443,1.269302,0.845450
3,3.316448,4.545940,exponential_5,150,50,rastrigin,3,0.000000,0.373110,0.497484,0.586518,1.163635
3,3.316448,3.316448,exponential_5,150,50,rastrigin,3,0.000000,0.248739,0.000000,0.586519,1.204000
3,2.419483,8.541316,exponential_5,150,50,rastrigin,3,0.000000,0.124370,0.000000,0.800617,0.903540
3,2.832683,0.939444,exponential_5,150,50,rastrigin,3,0.000000,0.870591,0.994959,1.585701,0.915685
3,2.832683,1.287720,exponential_5,150,50,rastrigin,3,0.000000,0.932773,0.994957,0.882939,0.852235
3,3.316448,0.585390,exponential_5,150,50,rastrigin,3,0.000000,1.120211,0.994961,0.859860,1.108645
3,3.882831,6.231237,exponential_5,150,50,rastrigin,3,0.000000,0.373109,0.497478,0.586519,0.787720
3,2.419483,0.802409,exponential_5,150,50,rastrigin,3,0.000000,0.995618,0.994959,1.423124,1.006895
3,1.287720,3.882831,exponential_5,150,50,rastrigin,3,0.000000,0.684033,0.994957,0.736202,0.929030
3,1.507637,0.939444,exponential_5,150,50,rastrigin,3,0.000000,1.119861,0.994989,1.269658,0.939165
3,1.765111,0.802409,exponential_5,150,50,rastrigin,3,0.000000,1.369541,1.989916,1.151508,0.855045
3,2.419483,2.832683,exponential_5,150,50,rastrigin,3,0.000000,0.248739,0.000000,0.586519,0.722690
3,1.765111,3.882831,exponential_5,150,50,rastrigin,3,0.000000,0.373109,0.497478,0.731142,0.914035
3,0.939444,2.832683,exponential_5,150,50,rastrigin,3,0.000000,0.310924,0.000000,1.367841,0.851730
3,1.765111,1.099883,exponential_5,150,50,rastrigin,3,0.994957,1.430410,1.989916,1.024339,0.893280
3,2.832683,6.231237,exponential_5,150,50,rastrigin,3,0.000000,0.248739,0.000000,0.667438,0.759230
3,1.765111,2.832683,exponential_5,150,50,rastrigin,3,0.000000,0.621848,0.994957,0.884337,0.874385
3,2.832683,0.585390,exponential_5,150,50,rastrigin,3,0.000000,1.305884,0.994963,1.331167,0.731580
3,1.765111,1.507637,exponential_5,150,50,rastrigin,3,0.000000,0.621849,0.994957,0.764242,0.893340
3,2.419483,2.066557,exponential_5,150,50,rastrigin,3,0.000000,0.497479,0.994957,0.637084,0.770900
3,1.507637,0.585390,exponential_5,150,50,rastrigin,3,0.008865,2.675771,2.985178,2.425481,0.777470
3,0.939444,10.000000,exponential_5,150,50,rastrigin,3,0.000000,0.248739,0.000000,0.667439,0.910355
3,1.765111,10.000000,exponential_5,150,50,rastrigin,3,0.000000,0.373109,0.497478,0.659981,0.984470
3,2.066557,1.099883,exponential_5,150,50,rastrigin,3,0.000000,0.994959,0.994959,1.156037,0.850455
3,2.066557,8.541316,exponential_5,150,50,rastrigin,3,0.000000,0.497479,0.994957,0.569390,0.986590
3,1.507637,7.295407,exponential_5,150,50,rastrigin,3,0.000000,0.373109,0.497478,0.659980,0.820535
3,3.316448,0.939444,exponential_5,150,50,rastrigin,3,0.000000,0.870588,0.994957,0.764242,0.959715
3,2.066557,0.802409,exponential_5,150,50,rastrigin,3,0.000000,1.368109,1.989916,1.254571,0.952515
3,3.316448,0.685363,exponential_5,150,50,rastrigin,3,0.000000,1.057144,0.994959,1.445259,1.003150
3,2.066557,3.882831,exponential_5,150,50,rastrigin,3,0.000000,0.559664,0.994957,0.788155,0.924995
3,4.545940,3.316448,exponential_5,150,50,rastrigin,3,0.000000,0.186554,0.000000,0.665582,0.824705
3,3.316448,1.765111,exponential_5,150,50,rastrigin,3,0.000000,0.186554,0.000000,0.580156,0.837905
3,2.832683,2.066557,exponential_5,150,50,rastrigin,3,0.000000,0.497479,0.994957,0.744558,1.198765
3,2.066557,2.066557,exponential_5,150,50,rastrigin,3,0.000000,0.310924,0.000001,1.138781,0.966095
3,3.316448,2.419483,exponential_5,150,50,rastrigin,3,0.000000,0.124370,0.000000,0.569391,1.005260
3,4.545940,2.419483,exponential_5,150,50,rastrigin,3,0.000000,0.373120,0.497566,0.497471,1.389710
3,2.066557,5.322296,exponential_5,150,50,rastrigin,3,0.000000,0.373111,0.497499,0.586517,1.002110
3,5.322296,0.939444,exponential_5,150,50,rastrigin,3,0.000000,0.497479,0.994957,0.569405,0.954815
3,5.322296,1.287720,exponential_5,150,50,rastrigin,3,0.000000,0.435294,0.994957,0.710543,0.994840
3,1.765111,0.585390,exponential_5,150,50,rastrigin,3,0.000034,2.057662,1.990063,3.288540,1.056870
3,3.316448,6.231237,exponential_5,150,50,rastrigin,3,0.000000,0.248743,0.000000,0.915954,1.071435
3,3.882831,0.685363,exponential_5,150,50,rastrigin,3,0.000000,0.808449,0.994958,0.826481,0.817325
3,2.066557,2.832683,exponential_5,150,50,rastrigin,3,0.000000,0.373109,0.497478,0.497479,0.926110
3,2.066557,7.295407,exponential_5,150,50,rastrigin,3,0.000000,0.373109,0.497478,0.497479,0.976680
3,3.882831,0.500000,exponential_5,150,50,rastrigin,3,0.000000,1.057145,1.989916,1.455498,1.029795
3,3.316448,8.541316,exponential_5,150,50,rastrigin,3,0.000000,0.310924,0.000000,0.665582,1.060940
3,5.322296,0.685363,exponential_5,150,50,rastrigin,3,0.000000,0.559664,0.994957,0.788156,1.464545
3,3.882831,1.287720,exponential_5,150,50,rastrigin,3,0.000000,0.373109,0.497478,0.659980,0.877800
3,1.507637,10.000000,exponential_5,150,50,rastrigin,3,0.000000,0.373109,0.497478,0.497479,0.896265
3,3.882831,1.765111,exponential_5,150,50,rastrigin,3,0.000000,0.124370,0.000000,1.154965,0.939100
3,3.882831,0.939444,exponential_5,150,50,rastrigin,3,0.000000,0.497479,0.994957,0.487428,0.968730
3,3.882831,4.545940,exponential_5,150,50,rastrigin,3,0.000000,0.373109,0.497479,0.586519,0.757950
3,1.765111,2.066557,exponential_5,150,50,rastrigin,3,0.000000,0.621849,0.994957,1.173038,0.744325
3,2.832683,2.419483,exponential_5,150,50,rastrigin,3,0.000000,0.559663,0.994957,0.619356,0.740080
3,2.419483,1.507637,exponential_5,150,50,rastrigin,3,0.000000,0.684033,0.994957,0.621364,0.826970
3,3.882831,3.316448,exponential_5,150,50,rastrigin,3,0.000000,0.186556,0.000000,0.474564,0.925695
3,6.231237,1.765111,exponential_5,150,50,rastrigin,3,0.000000,0.248739,0.000000,0.487428,1.190120
3,2.419483,1.099883,exponential_5,150,50,rastrigin,3,0.000000,1.057148,0.994958,0.964694,0.904390
3,2.419483,3.882831,exponential_5,150,50,rastrigin,3,0.000000,0.186554,0.000000,0.474564,0.774100
3,3.882831,8.541316,exponential_5,150,50,rastrigin,3,0.000000,0.124370,0.000000,0.569390,0.838590
3,4.545940,0.500000,exponential_5,150,50,rastrigin,3,0.000000,0.932774,0.994958,1.489116,0.874005
3,2.419483,5.322296,exponential_5,150,50,rastrigin,3,0.000000,0.248739,0.000000,0.586519,0.893620
3,2.832683,8.541316,exponential_5,150,50,rastrigin,3,0.000000,0.248739,0.000000,0.586519,0.960250
3,2.832683,1.099883,exponential_5,150,50,rastrigin,3,0.000000,0.621850,0.994957,0.860221,0.825385
3,3.316448,3.882831,exponential_5,150,50,rastrigin,3,0.000000,0.186554,0.000000,0.474565,0.946290
3,3.882831,7.295407,exponential_5,150,50,rastrigin,3,0.000000,0.248739,0.000000,0.487429,0.774840
3,2.832683,0.802409,exponential_5,150,50,rastrigin,3,0.000000,1.119329,1.492440,1.066981,1.080845
3,2.419483,10.000000,exponential_5,150,50,rastrigin,3,0.000000,0.310924,0.000000,0.494985,0.998985
3,7.295407,0.685363,exponential_5,150,50,rastrigin,3,0.000000,0.621849,0.994957,0.650541,0.823870
3,3.316448,5.322296,exponential_5,150,50,rastrigin,3,0.000000,0.186556,0.000000,0.580154,1.119925
3,3.882831,2.066557,exponential_5,150,50,rastrigin,3,0.000000,0.186554,0.000000,0.474564,0.953455
3,4.545940,0.685363,exponential_5,150,50,rastrigin,3,0.000000,0.435297,0.497494,1.423692,0.957275
3,4.545940,1.287720,exponential_5,150,50,rastrigin,3,0.000000,0.310924,0.000001,0.958212,0.888675
3,3.316448,1.287720,exponential_5,150,50,rastrigin,3,0.000000,0.497479,0.994957,0.487427,0.930205
3,3.882831,3.882831,exponential_5,150,50,rastrigin,3,0.000000,0.248739,0.000000,0.586519,0.971780
3,4.545940,1.765111,exponential_5,150,50,rastrigin,3,0.000000,0.435299,0.497519,0.824972,1.008310
3,2.832683,7.295407,exponential_5,150,50,rastrigin,3,0.000000,0.000000,0.000000,0.637084,0.735395
3,6.231237,2.066557,exponential_5,150,50,rastrigin,3,0.000000,0.186554,0.000000,0.580155,1.061115
3,4.545940,6.231237,exponential_5,150,50,rastrigin,3,0.000000,0.435294,0.994957,0.650538,0.931185
3,5.322296,0.500000,exponential_5,150,50,rastrigin,3,0.000000,1.057143,0.994959,0.762620,0.880900
3,4.545940,8.541316,exponential_5,150,50,rastrigin,3,0.000000,0.310924,0.000000,0.588625,0.909915
3,4.545940,4.545940,exponential_5,150,50,rastrigin,3,0.000000,0.248739,0.000000,1.008546,1.032180
3,7.295407,3.316448,exponential_5,150,50,rastrigin,3,0.000000,0.062185,0.000000,0.553969,0.747765
3,1.507637,5.322296,exponential_5,150,50,rastrigin,3,0.000000,0.248739,0.000000,1.146362,0.891195
3,5.322296,2.419483,exponential_5,150,50,rastrigin,3,0.000000,0.186554,0.000000,0.665582,0.826135
3,5.322296,4.545940,exponential_5,150,50,rastrigin,3,0.000000,0.248739,0.000000,0.487428,0.805615
3,3.316448,1.099883,exponential_5,150,50,rastrigin,3,0.000000,0.435294,0.994957,0.710542,0.823685
3,2.832683,10.000000,exponential_5,150,50,rastrigin,3,0.000000,0.124370,0.000000,0.455947,1.021875
3,5.322296,1.765111,exponential_5,150,50,rastrigin,3,0.000000,0.497479,0.994957,0.569391,1.018720
3,5.322296,6.231237,exponential_5,150,50,rastrigin,3,0.000000,0.124370,0.000000,0.569391,0.927770
3,3.316448,0.802409,exponential_5,150,50,rastrigin,3,0.000000,0.810603,0.994959,0.798382,0.900040
3,4.545940,2.066557,exponential_5,150,50,rastrigin,3,0.000000,0.000000,0.000000,0.397983,0.765600
3,8.541316,1.765111,exponential_5,150,50,rastrigin,3,0.000000,0.497479,0.994957,1.102339,0.739335
3,6.231237,0.500000,exponential_5,150,50,rastrigin,3,0.000000,0.870589,0.994959,1.388492,0.921910
3,5.322296,8.541316,exponential_5,150,50,rastrigin,3,0.000000,0.186554,0.000000,0.474564,0.964950
3,8.541316,0.500000,exponential_5,150,50,rastrigin,3,0.000000,0.497479,0.994957,0.744559,1.321240
3,6.231237,1.287720,exponential_5,150,50,rastrigin,3,0.000000,0.310924,0.000000,0.494985,0.717255
3,4.545940,2.832683,exponential_5,150,50,rastrigin,3,0.000000,0.186554,0.000000,0.474564,0.741980
3,3.882831,2.419483,exponential_5,150,50,rastrigin,3,0.000000,0.310924,0.000000,0.911894,0.795940
3,7.295407,0.802409,exponential_5,150,50,rastrigin,3,0.000000,0.684033,0.994957,1.864048,1.444580
3,8.541316,2.419483,exponential_5,150,50,rastrigin,3,0.000000,0.124371,0.000000,0.455946,1.155270
3,5.322296,1.099883,exponential_5,150,50,rastrigin,3,0.000000,0.497478,0.994957,0.569391,0.739870
3,6.231237,2.419483,exponential_5,150,50,rastrigin,3,0.000000,0.186554,0.000000,0.474564,1.022890
3,3.882831,0.802409,exponential_5,150,50,rastrigin,3,0.000000,0.684034,0.994957,1.451240,0.690955
3,4.545940,7.295407,exponential_5,150,50,rastrigin,3,0.000000,0.186554,0.000000,0.580155,1.164380
3,6.231237,4.545940,exponential_5,150,50,rastrigin,3,0.000000,0.373109,0.497478,0.497480,0.830890
3,3.316448,2.832683,exponential_5,150,50,rastrigin,3,0.000000,0.248741,0.000000,0.586518,1.091495
3,5.322296,1.507637,exponential_5,150,50,rastrigin,3,0.000000,0.497478,0.994957,0.569391,0.922525
3,6.231237,6.231237,exponential_5,150,50,rastrigin,3,0.000000,0.124374,0.000000,0.455945,0.791635
3,3.316448,7.295407,exponential_5,150,50,rastrigin,3,0.000000,0.248740,0.000000,0.667438,0.942495
3,3.882831,0.585390,exponential_5,150,50,rastrigin,3,0.000000,0.870621,0.994959,1.229681,0.855525
3,6.231237,3.316448,exponential_5,150,50,rastrigin,3,0.000000,0.062185,0.000000,0.430830,1.216850
3,6.231237,8.541316,exponential_5,150,50,rastrigin,3,0.000000,0.062186,0.000000,0.430828,0.996335
3,3.882831,1.507637,exponential_5,150,50,rastrigin,3,0.000000,0.808403,0.994957,0.764242,0.760475
3,3.316448,10.000000,exponential_5,150,50,rastrigin,3,0.000000,0.248749,0.000000,0.487421,0.915780
3,2.832683,1.507637,exponential_5,150,50,rastrigin,3,0.000000,0.621848,0.994957,0.696470,0.800465
3,5.322296,0.802409,exponential_5,150,50,rastrigin,3,0.000000,0.746218,0.994957,0.915956,0.949415
3,7.295407,0.500000,exponential_5,150,50,rastrigin,3,0.000000,0.684033,0.994957,0.665581,0.872460
3,3.882831,5.322296,exponential_5,150,50,rastrigin,3,0.000000,0.248739,0.000000,0.586519,0.893230
3,7.295407,0.939444,exponential_5,150,50,rastrigin,3,0.000000,0.559664,0.994957,0.619357,0.715455
3,2.832683,2.832683,exponential_5,150,50,rastrigin,3,0.000000,0.497478,0.994957,0.637084,0.854520
3,10.000000,1.765111,exponential_5,150,50,rastrigin,3,0.000000,0.248739,0.000000,0.487428,0.748895
3,3.882831,1.099883,exponential_5,150,50,rastrigin,3,0.000000,0.497479,0.994957,0.569391,1.088020
3,7.295407,1.765111,exponential_5,150,50,rastrigin,3,0.000000,0.186555,0.000000,0.580155,0.800530
3,4.545940,0.585390,exponential_5,150,50,rastrigin,3,0.000000,0.621851,0.994957,0.764240,0.737660
3,4.545940,0.939444,exponential_5,150,50,rastrigin,3,0.000000,0.621848,0.994957,0.764242,1.042925
3,7.295407,1.287720,exponential_5,150,50,rastrigin,3,0.000000,0.124370,0.000000,0.455947,1.019840
3,3.882831,10.000000,exponential_5,150,50,rastrigin,3,0.000000,0.310924,0.000000,0.494985,1.011520
3,10.000000,6.231237,exponential_5,150,50,rastrigin,3,0.000000,0.435294,0.994957,0.494985,0.962925
3,7.295407,4.545940,exponential_5,150,50,rastrigin,3,0.000000,0.000000,0.000000,0.533487,0.800095
3,7.295407,6.231237,exponential_5,150,50,rastrigin,3,0.000000,0.310924,0.000000,0.588625,0.776880
3,10.000000,2.419483,exponential_5,150,50,rastrigin,3,0.000000,0.497479,0.994957,0.694692,1.183665
3,7.295407,8.541316,exponential_5,150,50,rastrigin,3,0.000000,0.062185,0.000000,0.553969,0.830810
3,5.322296,3.316448,exponential_5,150,50,rastrigin,3,0.000000,0.310924,0.000000,0.731142,0.806600
3,6.231237,10.000000,exponential_5,150,50,rastrigin,3,0.000000,0.310924,0.000000,0.588625,0.980935
3,2.066557,10.000000,exponential_5,150,50,rastrigin,3,0.000000,0.310924,0.000000,0.665582,0.899680
3,10.000000,8.541316,exponential_5,150,50,rastrigin,3,0.000000,0.000000,0.000000,0.397983,1.104475
3,7.295407,0.585390,exponential_5,150,50,rastrigin,3,0.000000,0.808403,0.994958,0.958212,0.948720
3,8.541316,0.939444,exponential_5,150,50,rastrigin,3,0.000000,0.186555,0.000000,0.580155,0.834295
3,4.545940,0.802409,exponential_5,150,50,rastrigin,3,0.000000,0.497482,0.994957,0.744556,0.919360
3,6.231237,0.685363,exponential_5,150,50,rastrigin,3,0.000000,0.435294,0.994957,0.937322,0.695685
3,4.545940,1.507637,exponential_5,150,50,rastrigin,3,0.000000,0.435294,0.994957,0.824976,0.966010
3,3.316448,1.507637,exponential_5,150,50,rastrigin,3,0.000000,0.497479,0.994957,0.487428,0.955710
3,8.541316,1.287720,exponential_5,150,50,rastrigin,3,0.000000,0.248739,0.000000,0.586519,0.917725
3,7.295407,2.066557,exponential_5,150,50,rastrigin,3,0.000000,0.062185,0.000000,0.430830,0.948505
3,3.316448,2.066557,exponential_5,150,50,rastrigin,3,0.000000,0.186554,0.000000,0.737881,0.950060
3,5.322296,0.585390,exponential_5,150,50,rastrigin,3,0.000000,0.746218,0.994957,1.116865,0.905810
3,4.545940,5.322296,exponential_5,150,50,rastrigin,3,0.000000,0.186554,0.000000,0.474564,0.901010
3,7.295407,1.507637,exponential_5,150,50,rastrigin,3,0.000000,0.559664,0.994957,0.674813,1.070575
3,8.541316,3.316448,exponential_5,150,50,rastrigin,3,0.000000,0.186554,0.000000,0.474565,0.827395
3,8.541316,4.545940,exponential_5,150,50,rastrigin,3,0.000000,0.373109,0.497478,0.586519,0.761040
3,7.295407,3.882831,exponential_5,150,50,rastrigin,3,0.000000,0.062189,0.000000,0.650536,1.037200
3,8.541316,6.231237,exponential_5,150,50,rastrigin,3,0.000000,0.497478,0.994957,0.569391,0.819955
3,4.545940,10.000000,exponential_5,150,50,rastrigin,3,0.000000,0.248739,0.000000,0.487428,1.101805
3,5.322296,2.832683,exponential_5,150,50,rastrigin,3,0.000000,0.186554,0.000000,0.580155,0.931960
3,5.322296,5.322296,exponential_5,150,50,rastrigin,3,0.000000,0.248739,0.000000,0.586519,0.941885
3,6.231237,0.802409,exponential_5,150,50,rastrigin,3,0.000000,0.186554,0.000000,0.580155,0.693030
3,8.541316,8.541316,exponential_5,150,50,rastrigin,3,0.000000,0.124370,0.000000,0.659980,0.850750
3,10.000000,0.500000,exponential_5,150,50,rastrigin,3,0.000000,0.373109,0.497482,0.659983,0.780750
3,5.322296,7.295407,exponential_5,150,50,rastrigin,3,0.000000,0.310924,0.000000,0.494985,0.968345
3,5.322296,2.066557,exponential_5,150,50,rastrigin,3,0.000000,0.124370,0.000000,0.569391,1.048660
3,5.322296,10.000000,exponential_5,150,50,rastrigin,3,0.000000,0.435294,0.994957,0.580155,0.957890
3,6.231237,1.507637,exponential_5,150,50,rastrigin,3,0.000000,0.435294,0.994957,0.580155,0.722725
3,6.231237,0.585390,exponential_5,150,50,rastrigin,3,0.000000,0.435299,0.994957,1.173035,1.074870
3,10.000000,0.685363,exponential_5,150,50,rastrigin,3,0.000000,0.186554,0.000000,0.737881,0.730190
3,8.541316,0.585390,exponential_5,150,50,rastrigin,3,0.000000,0.310924,0.000000,0.665582,1.013660
3,6.231237,5.322296,exponential_5,150,50,rastrigin,3,0.000000,0.186554,0.000000,0.474564,0.739615
3,3.882831,2.832683,exponential_5,150,50,rastrigin,3,0.000000,0.124370,0.000000,0.455947,0.966390
3,10.000000,1.287720,exponential_5,150,50,rastrigin,3,0.000000,0.062185,0.000000,0.553970,0.909060
3,6.231237,2.832683,exponential_5,150,50,rastrigin,3,0.000000,0.373109,0.497482,0.497478,0.876090
3,8.541316,2.832683,exponential_5,150,50,rastrigin,3,0.000000,0.310924,0.000000,0.494985,0.970555
3,8.541316,7.295407,exponential_5,150,50,rastrigin,3,0.000000,0.124370,0.000000,0.736202,0.872490
3,10.000000,0.939444,exponential_5,150,50,rastrigin,3,0.000000,0.310925,0.000004,0.494985,1.072640
3,6.231237,7.295407,exponential_5,150,50,rastrigin,3,0.000000,0.186554,0.000000,1.014661,0.865955
3,1.507637,1.099883,exponential_5,150,50,rastrigin,3,0.000000,1.243723,0.995144,1.320647,0.964150
3,7.295407,2.419483,exponential_5,150,50,rastrigin,3,0.000000,0.186554,0.000000,0.665582,0.881985
3,6.231237,3.882831,exponential_5,150,50,rastrigin,3,0.000000,0.310924,0.000000,0.665582,1.012450
3,10.000000,3.316448,exponential_5,150,50,rastrigin,3,0.000000,0.435294,0.994957,0.580155,1.048260
3,2.832683,3.882831,exponential_5,150,50,rastrigin,3,0.000000,0.000000,0.000000,0.397984,0.966790
3,10.000000,4.545940,exponential_5,150,50,rastrigin,3,0.000000,0.373109,0.497478,0.497479,1.125790
3,2.419483,6.231237,exponential_5,150,50,rastrigin,3,0.000000,0.186555,0.000000,0.580155,1.019130
3,10.000000,2.066557,exponential_5,150,50,rastrigin,3,0.000000,0.186554,0.000000,0.580155,0.827440
3,4.545940,3.882831,exponential_5,150,50,rastrigin,3,0.000000,0.124370,0.000000,0.455947,0.810395
3,7.295407,1.099883,exponential_5,150,50,rastrigin,3,0.000000,0.248749,0.000000,0.586514,0.879680
3,4.545940,1.099883,exponential_5,150,50,rastrigin,3,0.000000,0.497478,0.994957,0.637084,0.831055
3,6.231237,0.939444,exponential_5,150,50,rastrigin,3,0.000000,0.497479,0.994957,0.958212,0.698755
3,8.541316,0.685363,exponential_5,150,50,rastrigin,3,0.000000,0.310924,0.000000,0.731142,1.000425
3,7.295407,7.295407,exponential_5,150,50,rastrigin,3,0.000000,0.310924,0.000000,0.494985,0.829585
3,10.000000,7.295407,exponential_5,150,50,rastrigin,3,0.000000,0.186555,0.000000,0.474564,1.003030
3,7.295407,5.322296,exponential_5,150,50,rastrigin,3,0.000000,0.435294,0.994957,0.580155,1.038265
3,10.000000,1.099883,exponential_5,150,50,rastrigin,3,0.000000,0.248739,0.000000,0.586519,1.042595
3,8.541316,1.099883,exponential_5,150,50,rastrigin,3,0.000000,0.310924,0.000000,0.665581,0.896415
3,10.000000,3.882831,exponential_5,150,50,rastrigin,3,0.000000,0.124370,0.000000,0.455947,0.837990
3,7.295407,10.000000,exponential_5,150,50,rastrigin,3,0.000000,0.062199,0.000000,0.430822,1.019985
3,10.000000,2.832683,exponential_5,150,50,rastrigin,3,0.000000,0.373109,0.497478,0.659980,1.151585
3,8.541316,1.507637,exponential_5,150,50,rastrigin,3,0.000000,0.310924,0.000000,0.665582,0.883720
3,7.295407,2.832683,exponential_5,150,50,rastrigin,3,0.000000,0.124370,0.000000,0.659980,0.941085
3,8.541316,3.882831,exponential_5,150,50,rastrigin,3,0.000000,0.310924,0.000000,0.588625,0.895295
3,10.000000,10.000000,exponential_5,150,50,rastrigin,3,0.000000,0.621848,0.994957,0.650538,1.072430
3,10.000000,1.507637,exponential_5,150,50,rastrigin,3,0.000000,0.373133,0.497669,0.497460,0.779190
3,5.322296,3.882831,exponential_5,150,50,rastrigin,3,0.000000,0.621848,0.994957,0.533487,0.760980
3,10.000000,0.585390,exponential_5,150,50,rastrigin,3,0.000000,0.310924,0.000000,0.494985,0.828960
3,6.231237,1.099883,exponential_5,150,50,rastrigin,3,0.000000,0.373109,0.497479,1.128959,0.699580
3,2.419483,7.295407,exponential_5,150,50,rastrigin,3,0.000000,0.435295,0.994957,0.494984,0.886930
3,10.000000,5.322296,exponential_5,150,50,rastrigin,3,0.000000,0.062185,0.000000,0.553969,0.909135
3,10.000000,0.802409,exponential_5,150,50,rastrigin,3,0.000000,0.435294,0.994957,0.580155,0.843825
3,8.541316,5.322296,exponential_5,150,50,rastrigin,3,0.000000,0.497480,0.994957,0.569390,0.813685
3,2.832683,5.322296,exponential_5,150,50,rastrigin,3,0.000000,0.000000,0.000000,0.397983,0.697525
3,8.541316,2.066557,exponential_5,150,50,rastrigin,3,0.000000,0.248741,0.000001,0.667437,0.709035
3,8.541316,10.000000,exponential_5,150,50,rastrigin,3,0.000000,0.310924,0.000000,0.588625,0.853135
3,8.541316,0.802409,exponential_5,150,50,rastrigin,3,0.000000,0.497479,0.994957,0.694692,0.735315
3,0.685363,7.295407,linear,450,150,rastrigin,6,0.000000,0.186554,0.000000,0.474564,40.654015
3,0.500000,0.500000,linear,450,150,rastrigin,6,7.022854,18.307335,19.132936,6.728120,42.256300
3,0.585390,0.585390,linear,450,150,rastrigin,6,5.869287,13.563038,16.031559,6.305511,42.405945
3,0.802409,0.802409,linear,450,150,rastrigin,6,4.660770,11.680372,12.777603,7.411066,41.838120
3,0.500000,1.287720,linear,450,150,rastrigin,6,6.973118,13.338913,15.015895,5.079737,42.556410
3,0.685363,1.099883,linear,450,150,rastrigin,6,2.080204,8.790037,10.058146,5.259190,44.571755
3,0.685363,4.545940,linear,450,150,rastrigin,6,0.000000,1.865545,1.989916,2.089407,47.566525
3,0.585390,0.939444,linear,450,150,rastrigin,6,3.661921,11.907505,13.319179,4.982414,47.964660
3,0.802409,0.500000,linear,450,150,rastrigin,6,7.052261,13.473908,15.969444,5.204629,48.259035
3,0.802409,5.322296,linear,450,150,rastrigin,6,0.000000,0.497478,0.994957,0.637084,36.425095
3,0.802409,8.541316,linear,450,150,rastrigin,6,0.000000,0.000000,0.000000,0.000000,36.320465
3,1.507637,6.231237,linear,450,150,rastrigin,6,0.000000,0.000000,0.000000,5.398457,51.101000
3,0.585390,10.000000,linear,450,150,rastrigin,6,0.000000,0.000000,0.000000,0.216846,51.686395
3,0.802409,3.316448,linear,450,150,rastrigin,6,0.994957,2.425210,1.989918,2.526880,43.363605
3,0.685363,0.685363,linear,450,150,rastrigin,6,2.543762,10.691621,11.882862,6.622800,53.760940
3,0.500000,8.541316,linear,450,150,rastrigin,6,0.000000,0.559663,0.994957,0.722629,54.213260
3,0.802409,1.287720,linear,450,150,rastrigin,6,2.985313,7.681095,8.478915,5.319872,51.663195
3,0.685363,1.765111,linear,450,150,rastrigin,6,1.000137,7.966396,9.453817,4.218951,55.251130
3,0.500000,0.802409,linear,450,150,rastrigin,6,4.262239,10.838828,13.151939,6.842236,55.919185
3,0.585390,6.231237,linear,450,150,rastrigin,6,0.000000,0.808403,0.994957,0.848635,56.226940
3,0.585390,1.507637,linear,450,150,rastrigin,6,3.075115,8.399361,10.265183,3.590061,57.292570
3,0.500000,3.316448,linear,450,150,rastrigin,6,0.994957,5.596814,6.964704,3.298438,58.186415
3,0.585390,3.882831,linear,450,150,rastrigin,6,1.989916,4.166387,4.974787,1.894996,58.345740
3,0.585390,2.419483,linear,450,150,rastrigin,6,1.989918,6.840378,7.959665,3.920762,58.990050
3,0.685363,2.832683,linear,450,150,rastrigin,6,0.994957,2.861002,2.988850,3.985893,64.951380
3,0.500000,5.322296,linear,450,150,rastrigin,6,0.994957,2.611764,2.984873,2.864282,65.129705
3,0.802409,2.066557,linear,450,150,rastrigin,6,0.994957,5.596660,7.462186,5.630731,60.155600
3,0.939444,0.939444,linear,450,150,rastrigin,6,4.005329,9.923643,11.445775,4.414415,48.737675
3,0.939444,0.585390,linear,450,150,rastrigin,6,3.417360,10.891459,11.951465,6.942726,64.721855
3,0.939444,1.507637,linear,450,150,rastrigin,6,2.985804,5.659423,5.969795,3.532010,52.229290
3,0.939444,2.419483,linear,450,150,rastrigin,6,0.994957,3.357982,3.979832,2.351871,57.316880
3,0.939444,6.231237,linear,450,150,rastrigin,6,0.000000,0.000000,0.000000,0.397983,55.530905
3,1.099883,1.765111,linear,450,150,rastrigin,6,0.994957,4.290757,4.974787,3.346072,55.423610
3,1.099883,1.099883,linear,450,150,rastrigin,6,2.984879,7.656456,7.002042,6.174182,56.398235
3,1.099883,0.685363,linear,450,150,rastrigin,6,3.088306,10.247307,11.105297,6.196928,57.431190
3,0.939444,3.882831,linear,450,150,rastrigin,6,0.000000,0.746218,0.994957,1.381344,60.804945
3,1.287720,0.802409,linear,450,150,rastrigin,6,2.992126,7.983218,9.012337,3.763615,56.326630
3,1.099883,2.832683,linear,450,150,rastrigin,6,0.000000,1.492436,1.989914,2.136261,62.464550
3,0.939444,10.000000,linear,450,150,rastrigin,6,0.000000,0.000000,0.000000,5.414021,66.242040
3,1.287720,2.066557,linear,450,150,rastrigin,6,0.994957,3.109242,3.482352,2.482910,59.245895
3,1.287720,0.500000,linear,450,150,rastrigin,6,3.328861,11.134173,11.511950,8.790495,63.929510
3,1.099883,4.545940,linear,450,150,rastrigin,6,0.000000,0.186554,0.000000,0.474564,66.665560
3,1.287720,5.322296,linear,450,150,rastrigin,6,0.000000,0.000000,0.000000,0.355271,61.597345
3,1.099883,7.295407,linear,450,150,rastrigin,6,0.000000,0.000000,0.000000,0.355271,67.724600
3,1.287720,1.287720,linear,450,150,rastrigin,6,1.989920,4.726069,4.974795,3.747962,65.795190
3,0.500000,2.066557,linear,450,150,rastrigin,6,5.972750,10.043783,10.989098,4.719703,56.328680
3,1.287720,8.541316,linear,450,150,rastrigin,6,0.000000,0.000000,0.000000,7.434870,65.333795
3,2.066557,1.287720,linear,450,150,rastrigin,6,0.000000,2.363024,2.984874,1.573166,54.529065
3,1.507637,3.882831,linear,450,150,rastrigin,6,0.000000,0.000000,0.000000,0.507331,61.163785
3,1.287720,3.316448,linear,450,150,rastrigin,6,0.000000,0.870587,0.994957,5.225848,68.251390
3,2.066557,2.066557,linear,450,150,rastrigin,6,0.000000,0.684033,0.994957,0.770691,56.949945
3,0.802409,0.939444,linear,450,150,rastrigin,6,3.094723,10.468022,11.879041,4.744459,55.233125
3,2.419483,0.585390,linear,450,150,rastrigin,6,1.989925,6.033501,6.467757,3.932974,59.026630
3,2.066557,5.322296,linear,450,150,rastrigin,6,0.000000,0.000000,0.000000,5.406473,60.452685
3,1.507637,2.419483,linear,450,150,rastrigin,6,0.000000,0.808403,0.994957,1.734767,68.255650
3,1.765111,1.099883,linear,450,150,rastrigin,6,0.994959,3.233613,2.984877,3.009232,65.326665
3,1.507637,0.585390,linear,450,150,rastrigin,6,4.728813,9.859511,11.057764,3.971671,73.113705
3,0.500000,0.585390,linear,450,150,rastrigin,6,9.120518,14.584784,15.390895,6.403605,60.620310
3,1.507637,0.939444,linear,450,150,rastrigin,6,2.984875,6.345057,6.964715,4.322762,72.598375
3,1.507637,1.507637,linear,450,150,rastrigin,6,0.994957,3.420167,3.482353,2.769842,71.946600
3,1.765111,0.685363,linear,450,150,rastrigin,6,1.990120,6.441355,6.964924,3.782430,71.759860
3,1.765111,1.765111,linear,450,150,rastrigin,6,0.000000,1.554621,1.989914,1.018314,70.691880
3,0.802409,0.585390,linear,450,150,rastrigin,6,3.142111,9.287823,11.484389,5.172231,61.765910
3,1.507637,10.000000,linear,450,150,rastrigin,6,0.000000,0.124370,0.000000,9.337086,74.789390
3,2.066557,0.500000,linear,450,150,rastrigin,6,2.985128,7.981339,9.950979,5.763401,70.363595
3,1.765111,2.832683,linear,450,150,rastrigin,6,0.000000,0.310924,0.000000,0.665581,73.689110
3,2.066557,3.316448,linear,450,150,rastrigin,6,0.000000,0.000000,0.000000,0.216846,70.621255
3,0.685363,8.541316,linear,450,150,rastrigin,6,0.000000,0.062185,0.000000,0.553969,69.528485
3,1.765111,7.295407,linear,450,150,rastrigin,6,0.000000,0.000000,0.000000,0.397983,73.693525
3,0.500000,1.507637,linear,450,150,rastrigin,6,3.001223,6.923019,8.148528,4.879548,67.867390
3,0.802409,3.882831,linear,450,150,rastrigin,6,0.000000,1.554621,1.989916,1.388491,62.460115
3,1.507637,7.295407,linear,450,150,rastrigin,6,0.000000,0.000000,0.000000,6.296309,64.640345
3,0.500000,10.000000,linear,450,150,rastrigin,6,0.000000,0.062185,0.000000,0.430829,61.317615
3,0.585390,0.685363,linear,450,150,rastrigin,6,4.804144,14.714885,16.888618,5.621897,70.128430
3,0.802409,6.231237,linear,450,150,rastrigin,6,0.000000,0.062185,0.000000,0.430829,66.036340
3,0.802409,10.000000,linear,450,150,rastrigin,6,0.000000,0.000000,0.000000,0.000000,66.474785
3,1.765111,4.545940,linear,450,150,rastrigin,6,0.000000,0.000000,0.000000,0.216846,77.978170
3,0.685363,2.066557,linear,450,150,rastrigin,6,0.994959,5.165036,5.969769,4.317706,61.979900
3,0.585390,1.099883,linear,450,150,rastrigin,6,8.059460,12.789446,13.970881,3.890868,69.629070
3,0.585390,1.765111,linear,450,150,rastrigin,6,3.087811,7.792515,8.461700,4.615244,62.734390
3,0.685363,1.287720,linear,450,150,rastrigin,6,1.991302,9.208309,10.520123,5.612273,74.123710
3,2.066557,0.802409,linear,450,150,rastrigin,6,0.000000,3.482481,4.477474,2.919428,80.375070
3,0.685363,5.322296,linear,450,150,rastrigin,6,0.000000,1.057142,0.994958,1.277077,73.704735
3,0.585390,7.295407,linear,450,150,rastrigin,6,0.000000,0.435294,0.994957,0.580155,63.780565
3,0.685363,3.316448,linear,450,150,rastrigin,6,0.994957,2.922689,2.984875,2.916089,60.523060
3,2.066557,8.541316,linear,450,150,rastrigin,6,0.000000,0.310924,0.000000,7.972808,79.735835
3,0.585390,2.832683,linear,450,150,rastrigin,6,0.994957,4.106250,4.974805,3.198551,62.116215
3,0.585390,4.545940,linear,450,150,rastrigin,6,0.000000,2.176470,2.487395,2.331258,63.778245
3,0.802409,2.419483,linear,450,150,rastrigin,6,0.994957,2.984877,3.482368,2.069775,59.024840
3,0.685363,0.802409,linear,450,150,rastrigin,6,3.167339,11.702105,14.463345,5.782316,72.432270
3,0.685363,0.500000,linear,450,150,rastrigin,6,5.747059,13.908043,15.710438,8.413657,74.971965
3,0.500000,3.882831,linear,450,150,rastrigin,6,0.000000,2.922691,3.979831,3.464893,67.491210
3,0.500000,6.231237,linear,450,150,rastrigin,6,0.000000,2.052100,1.989917,1.754627,63.371790
3,0.939444,0.685363,linear,450,150,rastrigin,6,3.087543,10.004724,11.106645,7.524816,60.451175
3,0.500000,0.939444,linear,450,150,rastrigin,6,3.101944,11.048470,12.852130,5.019762,74.721070
3,1.099883,0.802409,linear,450,150,rastrigin,6,3.004488,8.500609,9.022677,5.005548,51.827950
3,0.802409,1.507637,linear,450,150,rastrigin,6,2.985065,7.899986,10.458928,4.106031,79.576085
3,1.099883,2.066557,linear,450,150,rastrigin,6,0.000000,2.736133,2.984873,2.542015,56.373440
3,0.939444,1.765111,linear,450,150,rastrigin,6,1.989916,5.845658,6.467431,4.296889,66.535610
3,0.939444,1.099883,linear,450,150,rastrigin,6,2.020988,8.916039,10.954671,3.484745,69.980950
3,1.099883,1.287720,linear,450,150,rastrigin,6,1.989933,6.716082,6.964718,3.772665,59.804730
3,1.099883,0.500000,linear,450,150,rastrigin,6,4.061518,11.222427,13.075894,4.949821,49.823185
3,1.099883,3.316448,linear,450,150,rastrigin,6,0.000000,0.994957,0.994957,0.824975,52.197810
3,0.939444,7.295407,linear,450,150,rastrigin,6,0.000000,0.000000,0.000000,0.000000,64.616445
3,0.939444,2.832683,linear,450,150,rastrigin,6,0.994957,2.300840,2.487395,1.438395,67.302590
3,1.287720,0.939444,linear,450,150,rastrigin,6,1.989922,7.032043,6.969610,5.041821,61.961445
3,0.939444,4.545940,linear,450,150,rastrigin,6,0.000000,0.497478,0.994957,1.065813,61.829400
3,1.099883,5.322296,linear,450,150,rastrigin,6,0.000000,0.000000,0.000000,0.000000,57.989535
3,1.287720,2.419483,linear,450,150,rastrigin,6,0.000000,1.616806,1.989914,1.173038,59.342035
3,0.500000,2.419483,linear,450,150,rastrigin,6,1.990128,6.738823,7.961009,4.994221,55.397610
3,1.099883,8.541316,linear,450,150,rastrigin,6,0.000000,0.000000,0.000000,0.355271,58.259210
3,1.287720,6.231237,linear,450,150,rastrigin,6,0.000000,0.000000,0.000000,0.216846,57.527900
3,1.287720,0.585390,linear,450,150,rastrigin,6,2.039597,8.782770,10.961956,7.193724,62.774415
3,1.287720,1.507637,linear,450,150,rastrigin,6,1.989914,3.544539,3.979832,3.003056,59.398375
3,1.507637,0.685363,linear,450,150,rastrigin,6,5.969757,8.966264,9.462212,3.579251,43.279840
3,1.507637,4.545940,linear,450,150,rastrigin,6,0.000000,0.000000,0.000000,0.000000,56.284095
3,1.287720,3.882831,linear,450,150,rastrigin,6,0.000000,0.186554,0.000000,0.474564,55.288700
3,2.066557,1.507637,linear,450,150,rastrigin,6,0.000000,1.305881,0.994957,1.094454,59.429600
3,2.066557,2.419483,linear,450,150,rastrigin,6,0.000000,0.062185,0.000000,0.430829,58.121855
3,1.507637,2.832683,linear,450,150,rastrigin,6,0.000000,0.310924,0.000000,0.731142,52.706150
3,2.419483,0.685363,linear,450,150,rastrigin,6,0.994957,4.166402,4.974792,3.073123,57.188335
3,1.287720,10.000000,linear,450,150,rastrigin,6,0.000000,0.248739,0.000000,7.376053,65.885800
3,1.507637,1.765111,linear,450,150,rastrigin,6,0.994957,2.798319,2.487395,2.292723,48.658060
3,0.802409,1.099883,linear,450,150,rastrigin,6,2.014662,7.893162,9.962319,5.453378,62.391500
3,1.507637,1.099883,linear,450,150,rastrigin,6,0.994957,5.969749,6.964704,4.614490,52.197675
3,0.500000,0.685363,linear,450,150,rastrigin,6,6.302572,13.720654,14.184694,6.112094,53.855070
3,2.066557,6.231237,linear,450,150,rastrigin,6,0.000000,1.554607,0.000000,11.515127,61.461225
3,1.765111,1.287720,linear,450,150,rastrigin,6,0.000000,2.798319,3.482353,1.845372,57.485130
3,1.765111,0.802409,linear,450,150,rastrigin,6,2.006802,6.285298,6.965635,3.614867,55.552900
3,0.802409,0.685363,linear,450,150,rastrigin,6,6.171188,12.404118,12.857194,5.839187,53.686465
3,1.765111,2.066557,linear,450,150,rastrigin,6,0.000000,1.368066,0.994957,1.720442,54.642705
3,1.765111,0.500000,linear,450,150,rastrigin,6,2.018063,8.283781,10.662299,4.951869,55.895190
3,2.066557,0.585390,linear,450,150,rastrigin,6,1.989960,6.620848,7.464348,3.177464,56.002435
3,1.765111,3.316448,linear,450,150,rastrigin,6,0.000000,0.000000,0.000000,0.298487,59.028275
3,2.066557,3.882831,linear,450,150,rastrigin,6,0.000000,0.000000,0.000000,0.000000,59.020720
3,0.585390,0.500000,linear,450,150,rastrigin,6,9.854330,15.846133,17.635691,5.324161,54.400490
3,0.500000,1.765111,linear,450,150,rastrigin,6,1.015438,7.679224,8.492153,5.455324,57.146180
3,0.939444,0.500000,linear,450,150,rastrigin,6,5.661060,10.224272,11.255074,7.008690,53.554190
3,0.802409,4.545940,linear,450,150,rastrigin,6,0.000000,0.621848,0.994957,1.229688,58.062845
3,1.507637,8.541316,linear,450,150,rastrigin,6,0.000000,0.000000,0.000000,7.434870,57.789805
3,1.765111,8.541316,linear,450,150,rastrigin,6,0.000000,0.373109,0.497478,7.331631,61.118455
3,0.685363,10.000000,linear,450,150,rastrigin,6,0.000000,0.000000,0.000000,0.216846,63.145125
3,0.585390,0.802409,linear,450,150,rastrigin,6,5.504780,13.149640,13.995635,4.721542,58.716495
3,0.802409,7.295407,linear,450,150,rastrigin,6,0.000000,0.000000,0.000000,0.298487,58.289200
3,0.685363,2.419483,linear,450,150,rastrigin,6,1.989918,5.099255,5.969887,4.353368,57.041980
3,0.585390,2.066557,linear,450,150,rastrigin,6,2.984890,7.985964,8.960380,4.755811,56.256090
3,0.585390,3.316448,linear,450,150,rastrigin,6,0.994957,3.544538,4.477311,3.681339,49.015095
3,0.685363,3.882831,linear,450,150,rastrigin,6,0.000000,2.238655,1.989917,2.213082,51.326040
3,0.585390,1.287720,linear,450,150,rastrigin,6,4.056171,8.812531,9.059875,4.912355,59.438560
3,1.765111,5.322296,linear,450,150,rastrigin,6,0.000000,0.000000,0.000000,5.421102,64.590730
3,0.802409,2.832683,linear,450,150,rastrigin,6,0.994957,2.673948,2.984873,2.680853,50.645305
3,0.585390,8.541316,linear,450,150,rastrigin,6,0.000000,0.062185,0.000000,0.430829,55.340550
3,1.099883,0.939444,linear,450,150,rastrigin,6,0.998863,7.853383,9.463840,6.513665,46.936295
3,0.585390,5.322296,linear,450,150,rastrigin,6,0.000000,1.057143,1.492436,1.237713,54.268880
3,0.939444,0.802409,linear,450,150,rastrigin,6,2.994551,11.490370,12.612972,5.128695,50.910275
3,0.500000,4.545940,linear,450,150,rastrigin,6,0.000000,3.171428,3.979832,2.824696,52.409375
3,2.066557,0.939444,linear,450,150,rastrigin,6,0.994957,3.047060,3.482354,3.103163,61.804345
3,1.099883,2.419483,linear,450,150,rastrigin,6,0.000000,1.616806,1.989914,2.211404,47.667070
3,0.500000,7.295407,linear,450,150,rastrigin,6,0.000000,1.305881,1.989914,0.999920,53.044510
3,1.099883,0.585390,linear,450,150,rastrigin,6,4.192413,9.409247,10.294604,5.272703,44.941870
3,0.685363,1.507637,linear,450,150,rastrigin,6,3.349995,8.183476,8.462191,4.555645,65.084390
3,1.099883,3.882831,linear,450,150,rastrigin,6,0.000000,0.373109,0.497478,0.838366,46.919300
3,1.099883,1.507637,linear,450,150,rastrigin,6,0.994989,4.664611,5.969745,5.052663,48.966705
3,0.685363,0.939444,linear,450,150,rastrigin,6,3.988247,9.486029,10.282133,4.752365,59.949745
3,0.685363,6.231237,linear,450,150,rastrigin,6,0.000000,0.435294,0.994957,1.008545,66.525080
3,1.287720,1.099883,linear,450,150,rastrigin,6,2.984877,6.095059,6.964711,6.037669,46.571880
3,0.939444,5.322296,linear,450,150,rastrigin,6,0.000000,0.124370,0.000000,0.455947,47.862075
3,0.685363,0.585390,linear,450,150,rastrigin,6,3.641350,12.743221,15.573289,8.631311,61.178135
3,2.066557,10.000000,linear,450,150,rastrigin,6,0.000000,0.994958,0.994958,9.898632,65.989245
3,1.507637,0.802409,linear,450,150,rastrigin,6,1.990015,7.901468,10.944666,5.632869,42.683990
3,1.287720,2.832683,linear,450,150,rastrigin,6,0.000000,0.746218,0.994957,0.770691,48.207565
3,0.500000,1.099883,linear,450,150,rastrigin,6,1.414305,10.977361,13.193110,5.056191,60.094300
3,1.287720,0.685363,linear,450,150,rastrigin,6,2.085409,8.475367,8.988196,5.648022,46.186285
3,1.099883,6.231237,linear,450,150,rastrigin,6,0.000000,0.000000,0.000000,6.296309,50.959835
3,0.939444,2.066557,linear,450,150,rastrigin,6,0.000000,3.482352,4.477310,2.941440,57.752340
3,0.500000,2.832683,linear,450,150,rastrigin,6,2.301653,6.056256,6.006297,4.493292,50.725770
3,1.287720,7.295407,linear,450,150,rastrigin,6,0.000000,0.000000,0.000000,5.414021,49.058035
3,2.066557,2.832683,linear,450,150,rastrigin,6,0.000000,0.000000,0.000000,0.216846,44.797595
3,1.287720,4.545940,linear,450,150,rastrigin,6,0.000000,0.000000,0.000000,0.298487,46.590565
3,2.066557,1.765111,linear,450,150,rastrigin,6,0.000000,1.057142,0.994957,1.198088,45.736875
3,0.802409,1.765111,linear,450,150,rastrigin,6,2.984879,6.408897,6.964723,4.577835,62.962395
3,2.419483,0.802409,linear,450,150,rastrigin,6,1.989916,3.731128,3.979832,2.233642,44.282140
3,1.507637,1.287720,linear,450,150,rastrigin,6,0.994957,2.984875,2.984877,4.222407,37.890585
3,0.939444,1.287720,linear,450,150,rastrigin,6,2.984882,7.534819,8.959077,5.183661,60.878000
3,1.507637,2.066557,linear,450,150,rastrigin,6,0.000000,1.678991,1.989915,2.072762,41.518885
3,1.507637,5.322296,linear,450,150,rastrigin,6,0.000000,0.000000,0.000000,0.298487,48.834065
3,0.939444,3.316448,linear,450,150,rastrigin,6,0.000000,1.741176,1.989916,2.121734,57.772985
3,2.419483,0.939444,linear,450,150,rastrigin,6,0.994961,3.606721,3.979830,3.730757,41.874255
3,0.939444,8.541316,linear,450,150,rastrigin,6,0.000000,0.000000,0.000000,0.433692,59.866445
3,2.419483,1.507637,linear,450,150,rastrigin,6,0.000000,1.119327,1.492435,1.197054,39.685685
3,1.287720,1.765111,linear,450,150,rastrigin,6,0.994957,2.984873,3.482354,2.394108,53.375420
3,1.507637,3.316448,linear,450,150,rastrigin,6,0.000000,0.000000,0.000000,0.397983,50.974390
3,1.099883,10.000000,linear,450,150,rastrigin,6,0.000000,0.000000,0.000000,9.393023,58.236090
3,1.507637,0.500000,linear,450,150,rastrigin,6,5.986010,10.206650,11.017516,4.542526,49.770060
3,2.419483,2.419483,linear,450,150,rastrigin,6,0.000000,0.000000,0.000000,0.507330,40.200020
3,2.066557,0.685363,linear,450,150,rastrigin,6,1.989933,6.224779,6.966478,3.291261,35.074060
3,1.765111,0.585390,linear,450,150,rastrigin,6,4.010860,8.052295,8.460827,5.816774,37.552960
3,2.066557,7.295407,linear,450,150,rastrigin,6,0.000000,0.310924,0.000000,7.360435,45.603010
3,1.765111,0.939444,linear,450,150,rastrigin,6,0.994961,4.850803,5.969747,3.103120,45.253030
3,1.765111,1.507637,linear,450,150,rastrigin,6,0.000000,2.487395,2.984874,1.661907,47.269180
3,1.765111,3.882831,linear,450,150,rastrigin,6,0.000000,0.000000,0.000000,0.298487,38.536220
3,1.765111,2.419483,linear,450,150,rastrigin,6,0.000000,0.559663,0.994957,0.619356,43.821395
3,2.832683,0.685363,linear,450,150,rastrigin,6,0.000000,4.663866,5.969748,2.733872,34.032590
3,2.832683,1.099883,linear,450,150,rastrigin,6,0.000000,0.870588,0.994957,1.229689,34.989385
3,2.419483,3.882831,linear,450,150,rastrigin,6,0.000000,0.000000,0.000000,0.216846,38.168565
3,2.419483,10.000000,linear,450,150,rastrigin,6,0.000000,0.808409,0.994959,9.576107,39.503670
3,2.066557,4.545940,linear,450,150,rastrigin,6,0.000000,0.000000,0.000000,0.298487,43.736930
3,3.316448,0.500000,linear,450,150,rastrigin,6,1.989933,6.031938,6.964712,3.807904,33.122495
3,2.419483,6.231237,linear,450,150,rastrigin,6,0.000000,0.310924,0.000000,7.972808,41.452275
3,2.832683,1.765111,linear,450,150,rastrigin,6,0.000000,0.062185,0.000000,0.430829,38.138975
3,3.316448,0.802409,linear,450,150,rastrigin,6,0.994957,2.611764,2.984874,2.343965,35.184645
3,1.765111,10.000000,linear,450,150,rastrigin,6,0.000000,0.310924,0.000000,9.830052,42.043710
3,2.832683,2.832683,linear,450,150,rastrigin,6,0.000000,0.000000,0.000000,0.216846,40.770445
3,3.316448,1.287720,linear,450,150,rastrigin,6,0.000000,0.621848,0.994957,0.764241,37.791315
3,3.882831,0.939444,linear,450,150,rastrigin,6,0.000000,0.994957,0.994957,1.062324,32.449715
3,2.832683,4.545940,linear,450,150,rastrigin,6,0.000000,0.124370,0.000000,7.406190,41.949140
3,2.832683,7.295407,linear,450,150,rastrigin,6,0.000000,0.870588,0.994957,11.080782,42.222410
3,3.882831,1.507637,linear,450,150,rastrigin,6,0.000000,0.000000,0.000000,0.298487,35.464090
3,3.316448,2.066557,linear,450,150,rastrigin,6,0.000000,0.000000,0.000000,0.216846,40.134820
3,1.765111,6.231237,linear,450,150,rastrigin,6,0.000000,0.062185,0.000000,7.420710,39.000775
3,3.316448,5.322296,linear,450,150,rastrigin,6,0.000000,0.310924,0.000000,7.351268,37.779575
3,3.316448,3.316448,linear,450,150,rastrigin,6,0.000000,0.124370,0.000000,0.455947,39.174275
3,3.882831,0.585390,linear,450,150,rastrigin,6,0.994957,4.290755,5.472266,3.462394,37.874815
3,4.545940,1.099883,linear,450,150,rastrigin,6,0.000000,0.186554,0.000000,0.474564,32.686670
3,3.882831,3.882831,linear,450,150,rastrigin,6,0.000000,0.000000,0.000000,5.398468,37.027565
3,3.316448,8.541316,linear,450,150,rastrigin,6,0.000000,1.057452,0.995079,5.214253,40.049395
3,2.066557,1.099883,linear,450,150,rastrigin,6,1.989914,3.420167,3.979831,2.729791,38.959690
3,3.882831,2.419483,linear,450,150,rastrigin,6,0.000000,0.000000,0.000000,5.406473,37.738225
3,4.545940,0.685363,linear,450,150,rastrigin,6,0.000000,1.554621,1.989914,1.218569,34.248155
3,3.882831,6.231237,linear,450,150,rastrigin,6,0.000000,0.870592,0.994961,11.242567,37.079570
3,5.322296,0.802409,linear,450,150,rastrigin,6,0.000000,0.621848,0.994957,0.860221,30.209040
3,5.322296,0.500000,linear,450,150,rastrigin,6,0.994957,2.487394,2.487396,1.942080,36.018040
3,7.295407,0.685363,linear,450,150,rastrigin,6,0.000000,0.310924,0.000000,0.494985,22.316765
3,6.231237,0.939444,linear,450,150,rastrigin,6,0.000000,0.000000,0.000000,0.298487,29.103325
3,4.545940,4.545940,linear,450,150,rastrigin,6,0.000000,2.052087,0.994957,11.920666,38.223255
3,5.322296,1.287720,linear,450,150,rastrigin,6,0.000000,0.000000,0.000000,0.298487,34.571820
3,4.545940,7.295407,linear,450,150,rastrigin,6,0.000000,1.493567,1.989962,9.922938,39.445315
3,2.419483,0.500000,linear,450,150,rastrigin,6,2.989731,7.649937,9.452312,3.349407,37.976025
3,3.882831,10.000000,linear,450,150,rastrigin,6,0.000036,1.372493,1.990109,10.311947,43.596325
3,5.322296,5.322296,linear,450,150,rastrigin,6,0.000000,1.119461,0.995068,10.031573,34.894515
3,6.231237,0.585390,linear,450,150,rastrigin,6,0.000000,1.678991,1.989916,1.792996,35.045860
3,7.295407,1.765111,linear,450,150,rastrigin,6,0.000000,0.000000,0.000000,7.448676,25.629325
3,4.545940,1.765111,linear,450,150,rastrigin,6,0.000000,0.000000,0.000000,0.298487,44.512680
3,4.545940,2.832683,linear,450,150,rastrigin,6,0.000000,0.000000,0.000000,5.398458,46.365985
3,5.322296,2.066557,linear,450,150,rastrigin,6,0.000000,0.062185,0.000000,8.844837,42.020280
3,5.322296,3.316448,linear,450,150,rastrigin,6,0.000000,0.621848,0.994957,10.949876,43.640365
3,5.322296,8.541316,linear,450,150,rastrigin,6,0.994980,1.933659,1.998224,6.375867,43.241690
3,6.231237,1.507637,linear,450,150,rastrigin,6,0.000000,0.000000,0.000000,7.434870,40.889465
3,6.231237,2.419483,linear,450,150,rastrigin,6,0.000000,0.310924,0.000000,7.360435,40.099080
3,6.231237,10.000000,linear,450,150,rastrigin,6,1.003435,2.330565,2.990612,6.478731,37.723360
3,6.231237,3.882831,linear,450,150,rastrigin,6,0.000000,0.808404,0.994957,9.672550,39.822365
3,2.419483,1.765111,linear,450,150,rastrigin,6,0.000000,0.559663,0.994957,0.938641,31.079110
3,2.419483,1.099883,linear,450,150,rastrigin,6,0.000000,2.922688,3.482351,2.599770,32.723055
3,8.541316,3.316448,linear,450,150,rastrigin,6,0.000000,1.368083,1.492436,10.324114,25.018880
3,7.295407,2.832683,linear,450,150,rastrigin,6,0.000000,0.373109,0.497478,7.696816,37.336810
3,8.541316,5.322296,linear,450,150,rastrigin,6,0.000673,1.881190,1.998413,8.130378,27.557830
3,6.231237,6.231237,linear,450,150,rastrigin,6,0.000202,1.375132,1.500815,10.181042,47.248720
3,2.419483,2.832683,linear,450,150,rastrigin,6,0.000000,0.000000,0.000000,0.216846,35.539015
3,7.295407,1.099883,linear,450,150,rastrigin,6,0.000000,0.000000,0.000000,0.216846,46.410155
3,8.541316,0.500000,linear,450,150,rastrigin,6,0.000000,0.746218,0.994957,0.629267,42.374925
3,2.832683,0.802409,linear,450,150,rastrigin,6,0.994957,2.052100,1.989916,1.962363,31.125855
3,10.000000,1.507637,linear,450,150,rastrigin,6,0.000000,0.435294,0.994957,8.711342,32.465565
3,8.541316,8.541316,linear,450,150,rastrigin,6,1.017757,3.606422,3.992589,9.449882,35.909600
3,3.316448,0.585390,linear,450,150,rastrigin,6,0.000004,3.109245,2.984883,2.475422,29.986595
3,7.295407,4.545940,linear,450,150,rastrigin,6,0.000000,1.804025,1.990070,10.921901,49.011300
3,2.832683,0.500000,linear,450,150,rastrigin,6,1.989918,5.410190,6.964705,4.332425,33.554735
3,2.832683,1.287720,linear,450,150,rastrigin,6,0.000000,0.932772,0.994957,1.616615,34.891360
3,7.295407,7.295407,linear,450,150,rastrigin,6,0.997152,1.910469,1.994341,9.364092,48.701235
3,8.541316,0.802409,linear,450,150,rastrigin,6,0.000000,0.062185,0.000000,0.430829,46.094855
3,10.000000,3.882831,linear,450,150,rastrigin,6,0.000015,1.679935,1.990025,8.468441,35.746280
3,8.541316,1.287720,linear,450,150,rastrigin,6,0.000000,0.062185,0.000000,5.389969,47.438405
3,2.419483,4.545940,linear,450,150,rastrigin,6,0.000000,0.000000,0.000000,8.095146,37.970205
3,3.882831,1.099883,linear,450,150,rastrigin,6,0.000000,0.435294,0.994957,0.580155,31.161515
3,3.316448,0.939444,linear,450,150,rastrigin,6,0.000000,1.305881,1.989914,1.777052,34.680615
3,8.541316,2.066557,linear,450,150,rastrigin,6,0.000000,0.559663,0.994957,9.459284,48.065295
3,2.832683,2.066557,linear,450,150,rastrigin,6,0.000000,0.000000,0.000000,0.216846,35.589080
3,10.000000,0.585390,linear,450,150,rastrigin,6,0.000000,0.000000,0.000000,0.000000,44.637315
3,3.316448,1.507637,linear,450,150,rastrigin,6,0.000000,0.000000,0.000000,0.397983,36.249365
3,2.419483,7.295407,linear,450,150,rastrigin,6,0.000000,0.248739,0.000000,5.358953,40.884950
3,10.000000,0.939444,linear,450,150,rastrigin,6,0.000000,0.000000,0.000000,0.298487,47.937775
3,10.000000,2.419483,linear,450,150,rastrigin,6,0.000000,2.491141,0.994961,12.350258,47.182150
3,2.832683,3.316448,linear,450,150,rastrigin,6,0.000000,0.000000,0.000000,0.000000,40.250785
3,3.882831,1.765111,linear,450,150,rastrigin,6,0.000000,0.000000,0.000000,0.216846,37.754795
3,2.832683,5.322296,linear,450,150,rastrigin,6,0.000000,0.248739,0.000000,5.358887,40.980675
3,10.000000,6.231237,linear,450,150,rastrigin,6,1.062157,3.140584,3.036545,11.211179,44.892460
3,3.882831,0.685363,linear,450,150,rastrigin,6,0.000000,2.176472,2.487404,2.084667,35.128845
3,3.316448,6.231237,linear,450,150,rastrigin,6,0.000000,2.301914,0.994957,12.132250,37.307005
3,4.545940,1.287720,linear,450,150,rastrigin,6,0.000000,0.000000,0.000000,0.216846,38.002865
3,3.882831,4.545940,linear,450,150,rastrigin,6,0.000000,0.186554,0.000000,5.371582,37.762580
3,2.832683,8.541316,linear,450,150,rastrigin,6,0.000000,1.119336,1.492477,9.934170,44.887325
3,3.882831,2.832683,linear,450,150,rastrigin,6,0.000000,0.000000,0.000000,0.216846,36.426385
3,10.000000,10.000000,linear,450,150,rastrigin,6,2.588512,7.229140,5.741978,11.417097,42.809390
3,3.316448,2.419483,linear,450,150,rastrigin,6,0.000000,0.000000,0.000000,0.216846,44.973080
3,3.316448,3.882831,linear,450,150,rastrigin,6,0.000000,0.124370,0.000000,5.381009,42.364845
3,7.295407,0.802409,linear,450,150,rastrigin,6,0.000000,0.000000,0.000000,0.355271,35.923800
3,4.545940,0.802409,linear,450,150,rastrigin,6,0.000000,1.119327,0.994957,1.154965,39.250440
3,3.882831,7.295407,linear,450,150,rastrigin,6,0.000000,0.932833,0.994968,11.216352,40.076905
3,3.316448,10.000000,linear,450,150,rastrigin,6,0.000006,1.119700,1.493615,1.155957,42.738615
3,5.322296,0.939444,linear,450,150,rastrigin,6,0.000000,0.373109,0.497478,0.659980,39.485025
3,6.231237,1.099883,linear,450,150,rastrigin,6,0.000000,0.000000,0.000000,7.434871,38.901385
3,0.500000,0.685363,quadratic,450,150,rastrigin,6,5.109301,18.096329,22.687532,7.389676,44.107945
3,7.295407,2.066557,linear,450,150,rastrigin,6,0.000000,0.310924,0.000000,7.351182,33.911555
3,5.322296,0.585390,linear,450,150,rastrigin,6,0.000000,1.616806,1.989915,2.296497,41.545955
3,4.545940,5.322296,linear,450,150,rastrigin,6,0.000000,0.932851,0.994960,6.089715,41.048095
3,6.231237,0.685363,linear,450,150,rastrigin,6,0.000000,0.559663,0.994957,0.674813,37.447255
3,5.322296,1.507637,linear,450,150,rastrigin,6,0.000000,0.000000,0.000000,0.000000,42.229840
3,4.545940,8.541316,linear,450,150,rastrigin,6,0.000175,1.617533,1.989943,6.203523,42.322345
3,8.541316,3.882831,linear,450,150,rastrigin,6,0.000059,3.236663,1.990013,11.671111,29.360485
3,5.322296,6.231237,linear,450,150,rastrigin,6,0.000021,1.310554,1.989919,9.854495,40.620270
3,8.541316,6.231237,linear,450,150,rastrigin,6,0.996927,2.597852,3.002227,8.261173,28.329655
3,7.295407,0.500000,linear,450,150,rastrigin,6,0.000000,1.368066,1.492435,1.491607,35.953315
3,0.500000,1.099883,quadratic,450,150,rastrigin,6,3.514160,11.869980,14.014596,5.420659,46.082560
3,4.545940,0.500000,linear,450,150,rastrigin,6,0.000000,3.668906,3.482352,2.580661,45.108950
3,6.231237,2.832683,linear,450,150,rastrigin,6,0.000000,0.435294,0.497478,9.642886,37.508180
3,4.545940,2.066557,linear,450,150,rastrigin,6,0.000000,0.000000,0.000000,0.216846,44.644910
3,2.419483,1.287720,linear,450,150,rastrigin,6,0.000000,1.989915,1.989916,1.961733,38.532395
3,5.322296,10.000000,linear,450,150,rastrigin,6,0.000158,2.875959,3.983128,9.781941,42.332570
3,10.000000,1.765111,linear,450,150,rastrigin,6,0.000000,2.238643,0.994957,10.851871,29.278175
3,2.419483,2.066557,linear,450,150,rastrigin,6,0.000000,0.124370,0.000000,0.569390,39.891395
3,5.322296,3.882831,linear,450,150,rastrigin,6,0.000000,0.248739,0.000000,6.214851,43.587405
3,6.231237,1.765111,linear,450,150,rastrigin,6,0.000000,0.000000,0.000000,0.216846,41.696200
3,6.231237,4.545940,linear,450,150,rastrigin,6,0.000000,0.684038,0.994960,10.310299,41.142275
3,10.000000,4.545940,linear,450,150,rastrigin,6,0.031326,1.751432,2.010329,8.599526,23.906225
3,5.322296,2.419483,linear,450,150,rastrigin,6,0.000000,0.000000,0.000000,5.406473,46.575920
3,7.295407,3.316448,linear,450,150,rastrigin,6,0.000000,0.684034,0.994958,6.405373,40.139365
3,2.419483,3.316448,linear,450,150,rastrigin,6,0.000000,0.000000,0.000000,0.000000,38.187135
3,4.545940,3.316448,linear,450,150,rastrigin,6,0.000000,0.062185,0.000000,5.389969,50.061205
3,2.832683,0.585390,linear,450,150,rastrigin,6,0.994957,4.788361,5.472291,4.612062,32.435000
3,2.832683,0.939444,linear,450,150,rastrigin,6,0.000000,1.927730,1.989915,1.942079,37.889135
3,3.316448,0.685363,linear,450,150,rastrigin,6,0.994957,2.922689,2.984875,2.309392,35.586095
3,2.832683,1.507637,linear,450,150,rastrigin,6,0.000000,0.497478,0.994957,0.938641,33.963220
3,8.541316,10.000000,linear,450,150,rastrigin,6,1.033297,3.366305,3.993526,5.910857,36.532725
3,6.231237,7.295407,linear,450,150,rastrigin,6,0.000298,2.681336,2.986717,10.924962,44.815215
3,3.316448,1.099883,linear,450,150,rastrigin,6,0.000000,1.305881,1.989914,0.964647,30.204405
3,8.541316,0.585390,linear,450,150,rastrigin,6,0.000000,0.000000,0.000000,0.355271,43.718060
3,7.295407,1.287720,linear,450,150,rastrigin,6,0.000000,0.000000,0.000000,0.355271,46.059020
3,2.832683,2.419483,linear,450,150,rastrigin,6,0.000000,0.000000,0.000000,0.000000,30.848070
3,3.882831,1.287720,linear,450,150,rastrigin,6,0.000000,0.000000,0.000000,0.298487,34.480110
3,2.419483,5.322296,linear,450,150,rastrigin,6,0.000000,0.062185,0.000000,7.420714,35.382435
3,3.316448,1.765111,linear,450,150,rastrigin,6,0.000000,0.000000,0.000000,0.298487,28.659850
3,2.419483,8.541316,linear,450,150,rastrigin,6,0.000000,0.746220,0.994957,10.910430,32.172025
3,7.295407,5.322296,linear,450,150,rastrigin,6,0.000006,1.742998,1.994736,9.950451,47.991670
3,7.295407,8.541316,linear,450,150,rastrigin,6,2.010843,7.136687,4.014377,11.950737,48.380405
3,3.882831,2.066557,linear,450,150,rastrigin,6,0.000000,0.000000,0.000000,0.298487,32.721125
3,8.541316,0.939444,linear,450,150,rastrigin,6,0.000000,0.000000,0.000000,0.000000,49.024545
3,3.882831,0.802409,linear,450,150,rastrigin,6,0.000000,1.741175,1.989914,1.820392,31.907700
3,10.000000,7.295407,linear,450,150,rastrigin,6,0.010746,3.170047,3.851573,9.833163,34.912540
3,2.832683,3.882831,linear,450,150,rastrigin,6,0.000000,0.000000,0.000000,5.421102,36.811910
3,8.541316,1.507637,linear,450,150,rastrigin,6,0.000000,0.186554,0.000000,5.371571,48.802245
3,4.545940,1.507637,linear,450,150,rastrigin,6,0.000000,0.000000,0.000000,0.298487,33.193860
3,2.832683,6.231237,linear,450,150,rastrigin,6,0.000000,0.310924,0.000002,0.494985,37.319580
3,8.541316,2.419483,linear,450,150,rastrigin,6,0.000000,2.176460,0.994957,11.683051,47.429130
3,10.000000,0.685363,linear,450,150,rastrigin,6,0.000000,0.000000,0.000000,6.296309,45.644185
3,3.316448,7.295407,linear,450,150,rastrigin,6,0.000000,3.731069,0.994960,12.131674,36.814255
3,3.882831,3.316448,linear,450,150,rastrigin,6,0.000000,0.000000,0.000000,8.067545,34.690305
3,3.882831,5.322296,linear,450,150,rastrigin,6,0.000000,0.808403,0.994957,10.484739,36.247765
3,10.000000,2.832683,linear,450,150,rastrigin,6,0.000134,1.368084,1.989914,8.230201,46.231080
3,10.000000,1.099883,linear,450,150,rastrigin,6,0.000000,0.000000,0.000000,0.216846,47.950280
3,2.832683,10.000000,linear,450,150,rastrigin,6,0.000000,0.808439,0.994962,11.260343,40.099855
3,0.500000,0.500000,quadratic,450,150,rastrigin,6,6.587744,12.261924,13.967184,6.066686,41.413065
3,6.231237,1.287720,linear,450,150,rastrigin,6,0.000000,0.000000,0.000000,5.414021,34.880635
3,3.316448,4.545940,linear,450,150,rastrigin,6,0.000000,0.373111,0.497498,9.921054,40.448270
3,7.295407,0.939444,linear,450,150,rastrigin,6,0.000000,0.000000,0.000000,0.000000,40.231375
3,4.545940,0.939444,linear,450,150,rastrigin,6,0.000000,0.621848,0.994957,0.764241,39.549410
3,3.882831,0.500000,linear,450,150,rastrigin,6,0.994957,3.420169,3.979834,2.698367,38.951610
3,6.231237,0.802409,linear,450,150,rastrigin,6,0.000000,0.186554,0.000000,0.474564,35.910030
3,5.322296,1.099883,linear,450,150,rastrigin,6,0.000000,0.000000,0.000000,0.397983,39.819655
3,7.295407,2.419483,linear,450,150,rastrigin,6,0.000000,0.373109,0.497478,7.966611,39.284985
3,3.316448,2.832683,linear,450,150,rastrigin,6,0.000000,0.000000,0.000000,5.406473,46.415570
3,3.882831,8.541316,linear,450,150,rastrigin,6,0.000000,1.368427,0.995109,9.667793,43.026590
3,4.545940,6.231237,linear,450,150,rastrigin,6,0.000000,1.243724,1.492453,10.339128,39.607555
3,5.322296,1.765111,linear,450,150,rastrigin,6,0.000000,0.000000,0.000000,0.000000,39.301315
3,7.295407,0.585390,linear,450,150,rastrigin,6,0.000000,0.497478,0.994957,0.808307,37.511650
3,8.541316,4.545940,linear,450,150,rastrigin,6,0.000069,2.992345,1.501460,12.256430,41.042630
3,5.322296,7.295407,linear,450,150,rastrigin,6,0.000931,1.997061,2.488268,10.826403,40.942885
3,5.322296,0.685363,linear,450,150,rastrigin,6,0.000000,0.994957,0.994957,1.898259,43.611480
3,4.545940,10.000000,linear,450,150,rastrigin,6,0.995066,2.638508,2.985601,10.880116,42.685470
3,0.500000,1.765111,quadratic,450,150,rastrigin,6,2.986145,10.071973,12.459994,4.734908,36.749160
3,0.500000,0.802409,quadratic,450,150,rastrigin,6,7.339266,16.341961,19.114058,5.640643,45.379775
3,8.541316,7.295407,linear,450,150,rastrigin,6,1.041382,2.937213,2.599366,9.822650,41.611235
3,6.231237,3.316448,linear,450,150,rastrigin,6,0.000000,0.746218,0.994957,7.860810,39.595145
3,0.500000,1.287720,quadratic,450,150,rastrigin,6,2.152271,10.458550,11.074496,7.293653,42.895530
3,4.545940,0.585390,linear,450,150,rastrigin,6,0.000000,2.487394,2.984873,1.731197,42.844430
3,0.500000,2.832683,quadratic,450,150,rastrigin,6,0.995668,5.100176,6.467678,4.821659,41.327220
3,10.000000,2.066557,linear,450,150,rastrigin,6,0.000000,0.559664,0.994957,10.711570,41.904310
3,10.000000,5.322296,linear,450,150,rastrigin,6,0.018780,2.508449,2.991227,9.831069,39.235330
3,0.500000,4.545940,quadratic,450,150,rastrigin,6,0.994957,2.860503,2.984874,2.812403,39.937340
3,6.231237,5.322296,linear,450,150,rastrigin,6,0.000000,5.045967,1.991056,12.864682,44.735060
3,0.585390,1.287720,quadratic,450,150,rastrigin,6,6.018623,11.145326,11.967579,6.328145,38.712055
3,6.231237,2.066557,linear,450,150,rastrigin,6,0.000000,0.248739,0.000000,8.787150,44.801185
3,5.322296,4.545940,linear,450,150,rastrigin,6,0.000000,0.684039,0.994958,10.559446,45.316155
3,0.500000,7.295407,quadratic,450,150,rastrigin,6,0.000000,0.621848,0.994957,0.696470,39.842185
3,0.585390,0.802409,quadratic,450,150,rastrigin,6,3.071207,11.980415,11.640577,6.488459,40.188010
3,10.000000,0.500000,linear,450,150,rastrigin,6,0.000000,0.062185,0.000000,0.553969,39.807625
3,4.545940,2.419483,linear,450,150,rastrigin,6,0.000000,0.000000,0.000000,8.881694,51.274245
3,0.585390,2.066557,quadratic,450,150,rastrigin,6,1.989948,7.153735,7.462857,5.206572,37.088590
3,7.295407,3.882831,linear,450,150,rastrigin,6,0.000004,8.048023,1.990252,13.577978,43.557120
3,6.231237,0.500000,linear,450,150,rastrigin,6,0.000000,1.492436,1.989914,1.111284,49.463495
3,0.585390,0.500000,quadratic,450,150,rastrigin,6,8.240393,15.687990,17.034878,6.330112,41.188875
3,0.585390,3.316448,quadratic,450,150,rastrigin,6,1.989914,4.290756,4.974788,3.041950,33.289000
3,0.685363,0.939444,quadratic,450,150,rastrigin,6,6.184973,12.690412,14.540859,4.487511,29.846460
3,0.685363,0.585390,quadratic,450,150,rastrigin,6,7.861814,14.386740,15.243902,5.866746,32.138740
3,0.585390,5.322296,quadratic,450,150,rastrigin,6,0.000000,1.554621,1.989914,2.122317,35.076620
3,0.585390,8.541316,quadratic,450,150,rastrigin,6,0.000000,0.000000,0.000000,0.298487,37.124050
3,0.685363,1.507637,quadratic,450,150,rastrigin,6,1.991386,7.342319,8.465001,4.464078,31.569545
3,0.685363,2.419483,quadratic,450,150,rastrigin,6,1.989918,4.290766,4.974787,4.226803,30.303135
3,5.322296,2.832683,linear,450,150,rastrigin,6,0.000000,0.310924,0.000000,6.228089,52.550530
3,0.685363,3.882831,quadratic,450,150,rastrigin,6,0.994957,2.425209,2.984875,1.842013,28.356575
3,4.545940,3.882831,linear,450,150,rastrigin,6,0.000000,0.497479,0.994957,10.992239,53.319825
3,10.000000,8.541316,linear,450,150,rastrigin,6,2.193619,4.858816,5.562324,9.301839,33.701780
3,6.231237,8.541316,linear,450,150,rastrigin,6,0.996758,2.713035,2.509649,9.759265,52.767690
3,8.541316,0.685363,linear,450,150,rastrigin,6,0.000000,0.000000,0.000000,0.397983,49.855720
3,0.802409,1.099883,quadratic,450,150,rastrigin,6,2.022139,8.192061,8.989002,4.510572,28.057515
3,7.295407,1.507637,linear,450,150,rastrigin,6,0.000000,0.000000,0.000000,6.288218,52.267205
3,0.685363,6.231237,quadratic,450,150,rastrigin,6,0.000000,0.000000,0.000000,0.355271,36.096840
3,0.802409,0.685363,quadratic,450,150,rastrigin,6,3.142967,10.936462,11.720451,4.788474,32.220875
3,0.685363,10.000000,quadratic,450,150,rastrigin,6,0.000000,0.000000,0.000000,0.000000,36.274130
3,0.802409,1.765111,quadratic,450,150,rastrigin,6,1.990099,5.233749,6.467231,3.633266,33.986010
3,0.802409,4.545940,quadratic,450,150,rastrigin,6,0.000000,0.621848,0.994957,0.696470,30.292930
3,0.802409,2.832683,quadratic,450,150,rastrigin,6,0.000000,2.363024,2.984873,2.974905,34.036840
3,8.541316,1.099883,linear,450,150,rastrigin,6,0.000000,0.000000,0.000000,0.216846,51.800830
3,7.295407,10.000000,linear,450,150,rastrigin,6,1.048492,3.385092,4.034243,5.980675,54.584405
3,7.295407,6.231237,linear,450,150,rastrigin,6,0.000477,1.444036,1.990083,8.553695,56.986795
3,0.939444,2.066557,quadratic,450,150,rastrigin,6,0.994957,3.606722,3.979836,2.300806,32.341710
3,1.099883,1.507637,quadratic,450,150,rastrigin,6,0.994957,4.601691,5.472268,3.524381,33.354705
3,0.802409,7.295407,quadratic,450,150,rastrigin,6,0.000000,0.000000,0.000000,0.000000,40.796945
3,8.541316,1.765111,linear,450,150,rastrigin,6,0.000000,0.000000,0.000000,0.397983,55.609710
3,0.939444,0.802409,quadratic,450,150,rastrigin,6,4.072351,10.678123,12.492851,5.180734,40.358855
3,0.939444,0.500000,quadratic,450,150,rastrigin,6,5.247223,11.617762,13.501787,6.569964,41.580075
3,1.099883,2.419483,quadratic,450,150,rastrigin,6,0.994957,2.114284,1.989915,2.063189,37.800470
3,10.000000,0.802409,linear,450,150,rastrigin,6,0.000000,0.000000,0.000000,0.397983,53.895770
3,1.099883,0.939444,quadratic,450,150,rastrigin,6,1.989916,8.719248,9.960678,3.675735,39.232130
3,1.287720,0.685363,quadratic,450,150,rastrigin,6,1.006199,8.127628,10.454215,5.152904,37.107480
3,1.287720,1.765111,quadratic,450,150,rastrigin,6,0.994957,2.922688,2.984875,2.760890,35.137450
3,0.500000,0.585390,quadratic,450,150,rastrigin,6,7.420780,14.846749,15.250097,6.374159,48.733590
3,0.939444,3.316448,quadratic,450,150,rastrigin,6,0.000000,1.430251,1.989914,1.102339,42.347670
3,1.099883,3.882831,quadratic,450,150,rastrigin,6,0.000000,0.062185,0.000000,0.430829,40.140410
3,1.099883,6.231237,quadratic,450,150,rastrigin,6,0.000000,0.000000,0.000000,0.000000,39.811150
3,0.939444,1.287720,quadratic,450,150,rastrigin,6,1.999586,7.157225,8.458740,3.114329,44.353460
3,8.541316,2.832683,linear,450,150,rastrigin,6,0.000000,1.057190,0.994993,10.780226,58.357955
3,1.099883,0.585390,quadratic,450,150,rastrigin,6,2.075493,8.586870,9.171500,5.705525,42.098780
3,10.000000,3.316448,linear,450,150,rastrigin,6,0.000015,1.368308,1.989919,8.406376,56.544090
3,0.500000,2.066557,quadratic,450,150,rastrigin,6,3.980259,9.530116,10.945036,3.295961,40.327935
3,0.939444,5.322296,quadratic,450,150,rastrigin,6,0.000000,0.000000,0.000000,0.000000,44.310520
3,10.000000,1.287720,linear,450,150,rastrigin,6,0.000000,0.062185,0.000000,5.389969,55.265730
3,1.287720,1.099883,quadratic,450,150,rastrigin,6,1.990196,5.598000,5.969995,5.412955,40.347330
3,0.500000,5.322296,quadratic,450,150,rastrigin,6,0.994957,2.673949,2.984874,1.356942,37.234720
3,0.500000,3.316448,quadratic,450,150,rastrigin,6,1.989914,4.726064,5.969748,3.401812,39.642955
3,1.507637,0.500000,quadratic,450,150,rastrigin,6,3.116409,9.206699,10.456059,7.331644,38.960025
3,1.507637,0.802409,quadratic,450,150,rastrigin,6,3.979849,6.717442,6.967491,3.328047,38.598880
3,0.585390,0.939444,quadratic,450,150,rastrigin,6,3.011913,10.943235,13.343653,6.993349,37.048200
3,0.585390,1.507637,quadratic,450,150,rastrigin,6,2.008190,7.094958,8.031266,2.511144,39.589950
3,1.507637,1.287720,quadratic,450,150,rastrigin,6,0.994957,4.228571,4.477311,3.216342,40.271800
3,0.500000,8.541316,quadratic,450,150,rastrigin,6,0.000000,0.124370,0.000000,0.455947,40.083535
3,1.287720,4.545940,quadratic,450,150,rastrigin,6,0.000000,0.000000,0.000000,0.000000,43.027990
3,1.287720,7.295407,quadratic,450,150,rastrigin,6,0.000000,0.000000,0.000000,7.462117,43.428360
3,0.585390,2.419483,quadratic,450,150,rastrigin,6,0.994961,5.161843,5.472302,4.369631,38.685220
3,0.500000,0.939444,quadratic,450,150,rastrigin,6,5.755749,11.335651,12.926039,6.608162,48.029150
3,0.585390,3.882831,quadratic,450,150,rastrigin,6,0.994957,2.238655,2.487395,2.615430,36.765935
3,1.507637,2.066557,quadratic,450,150,rastrigin,6,0.000000,1.305881,1.989914,1.885175,42.382460
3,0.500000,1.507637,quadratic,450,150,rastrigin,6,2.138889,8.472830,9.996123,5.589005,47.828190
3,0.585390,0.585390,quadratic,450,150,rastrigin,6,6.563581,13.330362,13.250763,8.002204,38.432975
3,1.287720,2.832683,quadratic,450,150,rastrigin,6,0.000000,0.497478,0.994957,0.710542,47.870910
3,1.507637,5.322296,quadratic,450,150,rastrigin,6,0.000000,0.000000,0.000000,0.000000,41.426460
3,0.939444,8.541316,quadratic,450,150,rastrigin,6,0.000000,0.000000,0.000000,0.216846,55.730695
3,1.099883,10.000000,quadratic,450,150,rastrigin,6,0.000000,0.310924,0.000000,5.347579,53.083815
3,0.685363,1.099883,quadratic,450,150,rastrigin,6,1.318926,9.867242,10.966401,5.747608,37.953430
3,0.685363,0.685363,quadratic,450,150,rastrigin,6,5.246006,13.259074,16.459988,6.334627,37.335585
3,0.585390,10.000000,quadratic,450,150,rastrigin,6,0.000000,0.000000,0.000000,0.000000,36.226165
3,0.585390,6.231237,quadratic,450,150,rastrigin,6,0.000000,0.746218,0.994957,0.736202,36.984260
3,0.685363,2.832683,quadratic,450,150,rastrigin,6,0.000000,2.611763,2.487394,4.085375,35.608155
3,0.685363,1.765111,quadratic,450,150,rastrigin,6,2.018898,6.471552,6.971622,3.821189,37.322895
3,1.507637,3.316448,quadratic,450,150,rastrigin,6,0.000000,0.000000,0.000000,0.298487,48.067490
3,0.685363,4.545940,quadratic,450,150,rastrigin,6,0.000000,1.243697,1.989914,1.964881,36.298555
3,1.765111,1.507637,quadratic,450,150,rastrigin,6,0.994957,1.741176,1.989914,1.999840,35.690775
3,0.802409,1.287720,quadratic,450,150,rastrigin,6,0.995022,10.408351,12.935092,5.614339,31.882060
3,0.802409,0.802409,quadratic,450,150,rastrigin,6,2.045977,10.523414,12.468094,6.328791,31.047210
3,1.507637,8.541316,quadratic,450,150,rastrigin,6,0.000000,0.435294,0.994957,9.702097,53.163690
3,0.685363,7.295407,quadratic,450,150,rastrigin,6,0.000000,0.000000,0.000000,0.216846,35.872565
3,1.765111,0.585390,quadratic,450,150,rastrigin,6,3.101788,9.373497,10.467571,6.423980,47.599325
3,0.802409,3.316448,quadratic,450,150,rastrigin,6,0.000000,1.554621,1.989914,1.277078,32.671725
3,0.802409,2.066557,quadratic,450,150,rastrigin,6,1.989914,4.477319,4.974813,3.530343,34.285285
3,0.802409,0.500000,quadratic,450,150,rastrigin,6,4.411522,14.848518,17.840235,8.912053,36.019995
3,1.765111,0.939444,quadratic,450,150,rastrigin,6,0.000000,4.042075,4.974789,3.316327,46.082260
3,0.802409,5.322296,quadratic,450,150,rastrigin,6,0.000000,0.124370,0.000000,0.455947,34.771140
3,1.099883,1.765111,quadratic,450,150,rastrigin,6,0.994957,2.922688,2.984878,2.394107,30.285910
3,1.765111,2.419483,quadratic,450,150,rastrigin,6,0.000000,0.124370,0.000000,0.455947,45.145635
3,0.939444,2.419483,quadratic,450,150,rastrigin,6,0.994957,2.798318,2.487393,2.751467,34.571595
3,1.287720,0.802409,quadratic,450,150,rastrigin,6,2.984886,6.808155,7.524422,6.036556,29.902065
3,0.802409,8.541316,quadratic,450,150,rastrigin,6,0.000000,0.000000,0.000000,0.000000,35.711985
3,1.765111,3.882831,quadratic,450,150,rastrigin,6,0.000000,0.000000,0.000000,0.000000,50.109745
3,1.099883,1.099883,quadratic,450,150,rastrigin,6,1.991360,6.719397,7.960126,4.451169,31.639405
3,1.099883,2.832683,quadratic,450,150,rastrigin,6,0.000000,1.368066,1.989914,1.777051,32.917655
3,1.765111,6.231237,quadratic,450,150,rastrigin,6,0.000000,0.248739,0.000000,6.241661,49.348200
3,0.939444,0.939444,quadratic,450,150,rastrigin,6,3.981665,10.118639,10.485841,6.735336,37.470630
3,1.287720,2.066557,quadratic,450,150,rastrigin,6,0.000000,1.741175,1.989914,1.292488,34.066320
3,0.939444,0.585390,quadratic,450,150,rastrigin,6,4.424248,13.593852,16.256308,6.930315,39.005545
3,2.066557,0.685363,quadratic,450,150,rastrigin,6,2.984875,6.156512,5.970699,4.856668,46.708040
3,2.066557,1.099883,quadratic,450,150,rastrigin,6,0.994957,3.233612,3.979830,2.213079,46.345870
3,0.500000,2.419483,quadratic,450,150,rastrigin,6,1.989981,6.612085,7.577262,4.504136,32.883515
3,1.765111,10.000000,quadratic,450,150,rastrigin,6,0.000000,0.933541,0.994981,11.326624,49.707370
3,2.066557,1.765111,quadratic,450,150,rastrigin,6,0.000000,0.497478,0.994957,0.762620,46.142870
3,1.507637,0.585390,quadratic,450,150,rastrigin,6,3.995594,9.657877,11.444992,4.699416,34.058590
3,0.939444,3.882831,quadratic,450,150,rastrigin,6,0.000000,0.435294,0.994957,0.710541,41.099110
3,0.585390,1.765111,quadratic,450,150,rastrigin,6,2.994698,6.794858,6.970911,4.840732,34.751310
3,1.507637,0.939444,quadratic,450,150,rastrigin,6,1.989929,6.657043,7.462218,3.444134,35.688435
3,1.099883,4.545940,quadratic,450,150,rastrigin,6,0.000000,0.000000,0.000000,0.000000,41.657110
3,0.939444,1.507637,quadratic,450,150,rastrigin,6,1.989918,4.864203,5.969759,3.812945,41.451815
3,1.507637,1.507637,quadratic,450,150,rastrigin,6,0.994957,2.736134,2.984874,1.900864,36.702340
3,1.099883,0.685363,quadratic,450,150,rastrigin,6,5.970192,11.898762,13.182234,5.042655,40.249020
3,1.099883,7.295407,quadratic,450,150,rastrigin,6,0.000000,0.000000,0.000000,0.000000,42.486835
3,0.500000,3.882831,quadratic,450,150,rastrigin,6,0.994957,3.917646,3.482355,3.392715,37.667580
3,0.585390,1.099883,quadratic,450,150,rastrigin,6,3.019653,10.977108,12.090212,7.878542,38.054395
3,0.500000,6.231237,quadratic,450,150,rastrigin,6,0.000000,1.119327,1.492435,1.349626,39.009945
3,0.585390,2.832683,quadratic,450,150,rastrigin,6,0.994957,3.606745,3.979929,3.313363,35.140135
3,0.500000,10.000000,quadratic,450,150,rastrigin,6,0.000000,0.000000,0.000000,0.000000,38.996570
3,2.066557,2.832683,quadratic,450,150,rastrigin,6,0.000000,0.000000,0.000000,0.000000,51.188115
3,2.419483,0.500000,quadratic,450,150,rastrigin,6,2.985016,7.784646,7.959723,3.385984,43.873605
3,2.066557,4.545940,quadratic,450,150,rastrigin,6,0.000000,0.000000,0.000000,5.398457,50.450150
3,1.287720,1.287720,quadratic,450,150,rastrigin,6,1.989914,5.285723,6.964703,3.604913,43.893205
3,0.939444,6.231237,quadratic,450,150,rastrigin,6,0.000000,0.000000,0.000000,0.000000,45.620560
3,1.507637,2.419483,quadratic,450,150,rastrigin,6,0.000000,0.684033,0.994957,1.130054,38.645575
3,0.585390,4.545940,quadratic,450,150,rastrigin,6,0.000000,2.363024,1.989915,3.885101,39.462085
3,0.585390,0.685363,quadratic,450,150,rastrigin,6,5.599339,14.412972,15.032821,8.705344,38.221710
3,2.419483,0.802409,quadratic,450,150,rastrigin,6,0.994957,4.104202,4.974792,3.987282,47.744400
3,2.066557,7.295407,quadratic,450,150,rastrigin,6,0.000000,3.051400,1.989918,11.961138,50.932900
3,1.287720,8.541316,quadratic,450,150,rastrigin,6,0.000000,0.124370,0.000000,10.628354,43.761340
3,1.287720,5.322296,quadratic,450,150,rastrigin,6,0.000000,0.000000,0.000000,0.000000,45.472410
3,2.419483,1.287720,quadratic,450,150,rastrigin,6,0.000000,1.119327,1.492435,1.884515,44.236000
3,1.507637,6.231237,quadratic,450,150,rastrigin,6,0.000000,0.000000,0.000000,6.296309,39.456455
3,0.685363,0.500000,quadratic,450,150,rastrigin,6,6.015141,13.431120,15.281307,5.080264,36.948530
3,0.685363,1.287720,quadratic,450,150,rastrigin,6,5.970098,8.486133,8.520817,6.683964,38.681120
3,0.685363,0.802409,quadratic,450,150,rastrigin,6,6.596535,12.291888,13.425431,7.838118,38.757390
3,2.419483,2.066557,quadratic,450,150,rastrigin,6,0.000000,0.000000,0.000000,0.216846,47.229025
3,0.685363,2.066557,quadratic,450,150,rastrigin,6,1.989916,5.038782,6.467229,3.605706,38.312540
3,0.685363,3.316448,quadratic,450,150,rastrigin,6,1.989914,2.922688,2.984875,1.810167,39.012890
3,0.685363,5.322296,quadratic,450,150,rastrigin,6,0.000000,0.497478,0.994957,1.065813,36.899355
3,0.585390,7.295407,quadratic,450,150,rastrigin,6,0.000000,0.062185,0.000000,0.430829,39.993305
3,0.802409,1.507637,quadratic,450,150,rastrigin,6,1.007015,6.097515,6.968763,4.359237,36.045235
3,0.802409,0.939444,quadratic,450,150,rastrigin,6,2.025402,8.460850,9.965759,7.294752,35.983910
3,1.765111,1.765111,quadratic,450,150,rastrigin,6,0.000000,1.678991,1.989915,1.065812,37.536235
3,1.287720,0.500000,quadratic,450,150,rastrigin,6,4.211517,11.274000,12.557158,4.486622,45.961790
3,1.287720,3.316448,quadratic,450,150,rastrigin,6,0.000000,0.000000,0.000000,0.216847,49.953845
3,0.802409,3.882831,quadratic,450,150,rastrigin,6,0.000000,1.678990,1.989914,2.143202,34.654825
3,0.685363,8.541316,quadratic,450,150,rastrigin,6,0.000000,0.000000,0.000000,0.000000,37.184390
3,0.939444,10.000000,quadratic,450,150,rastrigin,6,0.000000,0.000000,0.000000,5.414021,49.917360
3,0.802409,0.585390,quadratic,450,150,rastrigin,6,4.883883,11.261621,12.249034,6.858607,35.332670
3,1.507637,3.882831,quadratic,450,150,rastrigin,6,0.000000,0.000000,0.000000,0.000000,45.651125
3,0.802409,2.419483,quadratic,450,150,rastrigin,6,0.994957,4.663866,5.969748,2.999346,37.475040
3,0.802409,10.000000,quadratic,450,150,rastrigin,6,0.000000,0.000000,0.000000,0.000000,30.745090
3,1.765111,0.685363,quadratic,450,150,rastrigin,6,1.999212,6.470025,8.457600,4.149228,42.600085
3,0.939444,2.832683,quadratic,450,150,rastrigin,6,0.994957,2.549578,2.487393,1.719723,34.234340
3,0.939444,1.099883,quadratic,450,150,rastrigin,6,2.985081,7.998644,9.469713,5.683060,27.757100
3,0.939444,0.685363,quadratic,450,150,rastrigin,6,4.702751,12.490329,13.166994,6.203542,28.662225
3,1.099883,2.066557,quadratic,450,150,rastrigin,6,0.994957,3.544536,3.979830,2.159311,39.253470
3,0.802409,6.231237,quadratic,450,150,rastrigin,6,0.000000,0.000000,0.000000,0.000000,40.800940
3,1.507637,10.000000,quadratic,450,150,rastrigin,6,0.000000,0.808500,0.994961,6.134384,48.428680
3,1.765111,1.099883,quadratic,450,150,rastrigin,6,0.994961,3.109245,2.984875,2.747864,42.430105
3,1.099883,1.287720,quadratic,450,150,rastrigin,6,1.000935,5.223958,5.969749,4.438880,37.439490
3,1.099883,3.316448,quadratic,450,150,rastrigin,6,0.000000,0.559663,0.994957,0.826473,37.300290
3,1.287720,0.939444,quadratic,450,150,rastrigin,6,1.063885,5.930594,7.462196,4.327937,41.383960
3,1.287720,2.419483,quadratic,450,150,rastrigin,6,0.000000,2.176469,1.989916,1.682626,36.292490
3,1.765111,2.832683,quadratic,450,150,rastrigin,6,0.000000,0.000000,0.000000,0.298487,45.183775
3,0.939444,4.545940,quadratic,450,150,rastrigin,6,0.000000,0.000000,0.000000,0.355271,29.014985
3,1.099883,0.802409,quadratic,450,150,rastrigin,6,5.970118,11.092056,11.946493,4.505622,23.705640
3,0.939444,1.765111,quadratic,450,150,rastrigin,6,0.000000,4.415128,5.969746,3.138061,27.617295
3,1.765111,4.545940,quadratic,450,150,rastrigin,6,0.000000,0.000000,0.000000,0.216846,46.667425
3,1.099883,5.322296,quadratic,450,150,rastrigin,6,0.000000,0.000000,0.000000,0.000000,31.263210
3,2.419483,3.316448,quadratic,450,150,rastrigin,6,0.000000,0.000000,0.000000,0.000000,40.313480
3,2.066557,0.802409,quadratic,450,150,rastrigin,6,1.989918,5.285716,5.969744,4.132065,41.841560
3,1.507637,0.685363,quadratic,450,150,rastrigin,6,1.990986,6.911406,8.969611,4.310302,37.103015
3,1.507637,1.099883,quadratic,450,150,rastrigin,6,0.994957,4.726053,5.472269,3.450582,34.118450
3,2.066557,1.287720,quadratic,450,150,rastrigin,6,0.994957,1.678990,1.989914,1.678945,43.291860
3,1.765111,7.295407,quadratic,450,150,rastrigin,6,0.000000,0.373110,0.497486,6.195670,48.887655
3,2.066557,2.066557,quadratic,450,150,rastrigin,6,0.000000,0.000000,0.000000,0.533487,42.279195
3,2.066557,0.500000,quadratic,450,150,rastrigin,6,1.094521,8.895308,9.966909,5.261915,43.604635
3,1.507637,1.765111,quadratic,450,150,rastrigin,6,0.000000,1.803360,2.487392,1.736907,35.807660
3,2.419483,5.322296,quadratic,450,150,rastrigin,6,0.000000,0.497481,0.994957,5.311262,42.161735
3,2.832683,1.507637,quadratic,450,150,rastrigin,6,0.000000,0.062185,0.000000,0.430829,35.905365
3,2.832683,0.585390,quadratic,450,150,rastrigin,6,1.989922,5.472276,5.969747,3.995655,36.034040
3,2.832683,0.939444,quadratic,450,150,rastrigin,6,0.994957,2.238654,1.989916,1.612784,36.033465
3,2.832683,2.419483,quadratic,450,150,rastrigin,6,0.000000,0.000000,0.000000,0.000000,36.833070
3,0.939444,7.295407,quadratic,450,150,rastrigin,6,0.000000,0.000000,0.000000,0.000000,30.399935
3,1.099883,8.541316,quadratic,450,150,rastrigin,6,0.000000,0.000000,0.000000,0.298487,38.659050
3,1.287720,1.507637,quadratic,450,150,rastrigin,6,0.994959,3.544538,3.979833,3.212879,32.465855
3,2.419483,8.541316,quadratic,450,150,rastrigin,6,0.000233,6.610782,2.016041,13.330223,38.600725
3,2.832683,3.882831,quadratic,450,150,rastrigin,6,0.000000,0.310924,0.000000,5.351303,31.969400
3,1.507637,2.832683,quadratic,450,150,rastrigin,6,0.000000,0.000000,0.000000,0.397983,33.206895
3,2.419483,0.585390,quadratic,450,150,rastrigin,6,0.000000,5.979298,7.522400,4.834221,40.944155
3,2.832683,6.231237,quadratic,450,150,rastrigin,6,0.000000,0.932984,0.995120,8.536373,35.954185
3,2.066557,3.316448,quadratic,450,150,rastrigin,6,0.000000,0.000000,0.000000,0.000000,44.308985
3,1.287720,10.000000,quadratic,450,150,rastrigin,6,0.000000,3.544509,0.994957,12.143829,35.155565
3,1.507637,7.295407,quadratic,450,150,rastrigin,6,0.000000,0.248739,0.000000,9.323901,34.467200
3,2.832683,10.000000,quadratic,450,150,rastrigin,6,0.000435,2.127644,2.528602,6.091877,34.168100
3,1.287720,6.231237,quadratic,450,150,rastrigin,6,0.000000,0.000000,0.000000,0.000000,36.493040
3,2.419483,0.939444,quadratic,450,150,rastrigin,6,0.000000,2.300839,1.989918,2.170742,40.026085
3,3.316448,0.685363,quadratic,450,150,rastrigin,6,0.000000,3.047058,3.979832,2.364462,35.154780
3,3.316448,1.099883,quadratic,450,150,rastrigin,6,0.000000,0.684033,0.994957,0.968488,34.906685
3,2.066557,5.322296,quadratic,450,150,rastrigin,6,0.000000,0.124370,0.000000,5.380779,47.810230
3,3.316448,2.832683,quadratic,450,150,rastrigin,6,0.000000,0.000000,0.000000,0.000000,34.050180
3,3.316448,7.295407,quadratic,450,150,rastrigin,6,0.004995,1.501043,1.990905,11.397150,33.306650
3,3.316448,1.765111,quadratic,450,150,rastrigin,6,0.000000,0.000000,0.000000,0.000000,36.471525
3,3.882831,0.500000,quadratic,450,150,rastrigin,6,1.989914,4.539495,4.974789,3.060199,34.663225
3,3.882831,0.802409,quadratic,450,150,rastrigin,6,0.000000,1.181512,1.492436,0.917306,35.010760
3,3.316448,4.545940,quadratic,450,150,rastrigin,6,0.000000,0.435310,0.994957,6.227659,36.741770
3,2.419483,1.507637,quadratic,450,150,rastrigin,6,0.000000,0.559663,0.994957,0.826474,43.164540
3,2.066557,8.541316,quadratic,450,150,rastrigin,6,0.000000,0.995495,0.995091,9.970072,46.574885
3,1.765111,2.066557,quadratic,450,150,rastrigin,6,0.000000,0.497478,0.994957,0.848635,36.041045
3,2.419483,2.419483,quadratic,450,150,rastrigin,6,0.000000,0.000000,0.000000,0.000000,42.848600
3,3.882831,2.066557,quadratic,450,150,rastrigin,6,0.000000,0.000000,0.000000,0.298487,35.721560
3,3.882831,1.287720,quadratic,450,150,rastrigin,6,0.000000,0.000000,0.000000,0.216846,38.121455
3,3.882831,5.322296,quadratic,450,150,rastrigin,6,0.000000,1.244845,1.990162,8.450792,35.026615
3,4.545940,0.585390,quadratic,450,150,rastrigin,6,0.000000,1.616805,1.492435,3.621343,34.397635
3,1.287720,0.585390,quadratic,450,150,rastrigin,6,1.004723,9.968295,11.811940,5.860431,43.471580
3,5.322296,0.685363,quadratic,450,150,rastrigin,6,0.000000,0.497478,0.994957,0.808307,30.943410
3,1.099883,0.500000,quadratic,450,150,rastrigin,6,6.011683,14.165226,16.136724,6.398459,42.538995
3,3.882831,3.316448,quadratic,450,150,rastrigin,6,0.000000,0.497489,0.994957,9.613744,41.638400
3,4.545940,0.939444,quadratic,450,150,rastrigin,6,0.000000,0.000000,0.000000,0.397983,37.016350
3,1.287720,3.882831,quadratic,450,150,rastrigin,6,0.000000,0.000000,0.000000,0.000000,46.014465
3,3.882831,8.541316,quadratic,450,150,rastrigin,6,1.023743,4.475717,2.992018,11.771832,41.208935
3,1.765111,0.802409,quadratic,450,150,rastrigin,6,0.994961,4.854577,5.969748,4.400255,40.295605
3,4.545940,1.507637,quadratic,450,150,rastrigin,6,0.000000,0.000000,0.000000,0.000000,38.234940
3,4.545940,3.882831,quadratic,450,150,rastrigin,6,0.000000,1.057651,1.493930,10.178344,37.594665
3,5.322296,1.099883,quadratic,450,150,rastrigin,6,0.000000,0.000000,0.000000,0.000000,34.977340
3,1.507637,4.545940,quadratic,450,150,rastrigin,6,0.000000,0.000000,0.000000,0.216846,45.534315
3,4.545940,10.000000,quadratic,450,150,rastrigin,6,1.224405,4.195106,4.262066,9.304665,37.203245
3,4.545940,2.419483,quadratic,450,150,rastrigin,6,0.000000,0.062185,0.000000,5.431104,40.647910
3,4.545940,6.231237,quadratic,450,150,rastrigin,6,0.995371,2.249849,2.497746,9.645858,41.918530
3,5.322296,1.765111,quadratic,450,150,rastrigin,6,0.000000,0.000000,0.000000,5.421103,38.770630
3,1.765111,1.287720,quadratic,450,150,rastrigin,6,0.994957,3.233613,3.482353,2.222564,42.731090
3,1.765111,0.500000,quadratic,450,150,rastrigin,6,2.088551,9.135462,10.500942,4.253318,44.358205
3,5.322296,4.545940,quadratic,450,150,rastrigin,6,0.007046,1.807131,1.991453,8.570183,38.730180
3,6.231237,0.500000,quadratic,450,150,rastrigin,6,0.994957,1.368066,0.994958,1.352374,36.654510
3,5.322296,7.295407,quadratic,450,150,rastrigin,6,0.479900,8.139748,4.086362,13.196661,39.177155
3,6.231237,0.802409,quadratic,450,150,rastrigin,6,0.000000,0.000000,0.000000,0.216846,36.738115
3,2.419483,3.882831,quadratic,450,150,rastrigin,6,0.000000,0.000000,0.000000,0.216846,38.904785
3,5.322296,2.832683,quadratic,450,150,rastrigin,6,0.000000,1.430267,1.492460,10.658495,42.652275
3,1.765111,3.316448,quadratic,450,150,rastrigin,6,0.000000,0.000000,0.000000,0.000000,46.359470
3,2.832683,0.685363,quadratic,450,150,rastrigin,6,0.994957,3.917646,4.477309,2.942702,35.544830
3,2.832683,1.099883,quadratic,450,150,rastrigin,6,0.000000,1.492436,1.989914,1.388492,36.462315
3,2.066557,0.939444,quadratic,450,150,rastrigin,6,0.994957,3.544537,3.979832,4.330921,43.907335
3,2.066557,1.507637,quadratic,450,150,rastrigin,6,0.000000,1.057142,0.994957,0.964647,43.664640
3,6.231237,2.066557,quadratic,450,150,rastrigin,6,0.000000,0.186555,0.000000,0.860223,39.029025
3,1.765111,5.322296,quadratic,450,150,rastrigin,6,0.000000,0.000000,0.000000,0.397983,49.393305
3,2.832683,2.832683,quadratic,450,150,rastrigin,6,0.000000,0.000000,0.000000,0.000000,40.736160
3,2.832683,1.765111,quadratic,450,150,rastrigin,6,0.000000,0.000000,0.000000,0.216846,40.797900
3,2.832683,4.545940,quadratic,450,150,rastrigin,6,0.000000,0.746218,0.994957,10.576852,36.614320
3,6.231237,1.287720,quadratic,450,150,rastrigin,6,0.000000,0.000000,0.000000,0.000000,42.293405
3,6.231237,5.322296,quadratic,450,150,rastrigin,6,1.007376,3.252379,3.987326,9.685779,38.718675
3,2.066557,0.585390,quadratic,450,150,rastrigin,6,1.989918,6.282212,7.959700,5.306007,43.494820
3,2.419483,6.231237,quadratic,450,150,rastrigin,6,0.000000,0.497591,0.994959,6.146467,43.290790
3,2.419483,10.000000,quadratic,450,150,rastrigin,6,0.000015,3.924156,2.985003,11.927111,40.373480
3,1.765111,8.541316,quadratic,450,150,rastrigin,6,0.000000,0.559668,0.994958,11.387298,48.472515
3,2.066557,2.419483,quadratic,450,150,rastrigin,6,0.000000,0.000000,0.000000,0.216846,47.630710
3,6.231237,8.541316,quadratic,450,150,rastrigin,6,1.342278,4.987946,6.226980,6.361537,39.824770
3,7.295407,0.585390,quadratic,450,150,rastrigin,6,0.000000,0.000000,0.000000,0.507330,35.476740
3,6.231237,3.316448,quadratic,450,150,rastrigin,6,0.994972,1.618486,1.989938,8.475250,45.060015
3,3.316448,0.500000,quadratic,450,150,rastrigin,6,1.989914,5.472267,5.969748,4.889225,36.107820
3,2.832683,7.295407,quadratic,450,150,rastrigin,6,0.000143,1.494930,1.989960,6.027639,40.474340
3,3.316448,0.802409,quadratic,450,150,rastrigin,6,0.000000,1.678990,1.989914,1.673038,32.778730
3,7.295407,0.939444,quadratic,450,150,rastrigin,6,0.000000,0.000000,0.000000,0.000000,39.877205
3,2.419483,0.685363,quadratic,450,150,rastrigin,6,1.989933,5.347916,5.969751,3.210179,44.967850
3,7.295407,1.507637,quadratic,450,150,rastrigin,6,0.000000,0.124370,0.000000,6.261512,39.361665
3,3.316448,1.287720,quadratic,450,150,rastrigin,6,0.000000,0.062185,0.000000,0.553969,35.975200
3,2.066557,3.882831,quadratic,450,150,rastrigin,6,0.000000,0.000000,0.000000,0.000000,45.249615
3,3.882831,0.585390,quadratic,450,150,rastrigin,6,0.000000,3.917646,5.472267,3.663808,34.338675
3,3.882831,0.939444,quadratic,450,150,rastrigin,6,0.000000,0.310924,0.000000,0.665581,35.122005
3,2.419483,1.099883,quadratic,450,150,rastrigin,6,0.000000,2.114285,2.487394,2.257371,41.468220
3,3.316448,2.066557,quadratic,450,150,rastrigin,6,0.000000,0.000000,0.000000,0.000000,35.902720
3,3.316448,3.316448,quadratic,450,150,rastrigin,6,0.000000,0.062185,0.000000,5.389975,38.893755
3,3.316448,8.541316,quadratic,450,150,rastrigin,6,0.997873,2.318377,2.005024,10.994866,39.749305
3,3.316448,5.322296,quadratic,450,150,rastrigin,6,0.000004,4.672389,1.989927,12.731410,37.727595
3,7.295407,2.419483,quadratic,450,150,rastrigin,6,0.000000,1.306028,0.995347,9.975170,37.520855
3,3.882831,1.507637,quadratic,450,150,rastrigin,6,0.000000,0.000000,0.000000,0.000000,35.275025
3,3.882831,2.419483,quadratic,450,150,rastrigin,6,0.000000,0.000000,0.000000,5.406475,36.750165
3,2.419483,1.765111,quadratic,450,150,rastrigin,6,0.000000,0.000000,0.000000,0.355271,40.776435
3,2.066557,6.231237,quadratic,450,150,rastrigin,6,0.000000,0.435294,0.497478,11.002688,47.020725
3,5.322296,0.802409,quadratic,450,150,rastrigin,6,0.000000,0.000000,0.000000,0.710541,34.750195
3,3.882831,6.231237,quadratic,450,150,rastrigin,6,0.000048,1.446392,1.991340,8.280546,38.052430
3,4.545940,0.685363,quadratic,450,150,rastrigin,6,0.000000,1.554621,1.989914,0.938641,37.931395
3,2.066557,10.000000,quadratic,450,150,rastrigin,6,0.000000,1.430806,1.989928,9.934044,46.118130
3,4.545940,1.099883,quadratic,450,150,rastrigin,6,0.000000,0.000000,0.000000,0.216846,36.569895
3,3.882831,3.882831,quadratic,450,150,rastrigin,6,0.000000,0.559672,0.994957,0.788149,38.066390
3,2.419483,2.832683,quadratic,450,150,rastrigin,6,0.000000,0.000000,0.000000,0.000000,47.742495
3,7.295407,3.882831,quadratic,450,150,rastrigin,6,0.997122,2.822905,3.036003,10.620991,45.162705
3,3.882831,10.000000,quadratic,450,150,rastrigin,6,0.573961,2.878304,3.168210,5.916197,38.552190
3,4.545940,1.765111,quadratic,450,150,rastrigin,6,0.000000,0.000000,0.000000,0.000000,36.502480
3,4.545940,4.545940,quadratic,450,150,rastrigin,6,0.000341,6.404886,1.998769,13.138936,36.291880
3,5.322296,0.500000,quadratic,450,150,rastrigin,6,0.994957,2.922687,2.984873,3.606622,34.326060
3,5.322296,1.287720,quadratic,450,150,rastrigin,6,0.000000,0.000000,0.000000,0.000000,38.313505
3,7.295407,6.231237,quadratic,450,150,rastrigin,6,1.049850,4.075988,4.506980,6.145384,47.780115
3,4.545940,2.832683,quadratic,450,150,rastrigin,6,0.000000,0.248739,0.000000,11.099569,39.069745
3,5.322296,2.066557,quadratic,450,150,rastrigin,6,0.000000,0.062185,0.000000,0.553969,38.298390
3,4.545940,7.295407,quadratic,450,150,rastrigin,6,0.021114,2.436001,2.164144,11.082360,40.103850
3,7.295407,10.000000,quadratic,450,150,rastrigin,6,4.350845,8.459398,8.395706,8.198663,47.257645
3,5.322296,5.322296,quadratic,450,150,rastrigin,6,0.010969,2.517028,2.987048,10.916712,36.684945
3,8.541316,0.685363,quadratic,450,150,rastrigin,6,0.000000,0.000000,0.000000,0.000000,45.590030
3,5.322296,8.541316,quadratic,450,150,rastrigin,6,1.011686,2.915373,3.222010,7.921752,36.822435
3,6.231237,0.585390,quadratic,450,150,rastrigin,6,0.000000,0.435294,0.994957,0.762620,37.853520
3,6.231237,0.939444,quadratic,450,150,rastrigin,6,0.000000,0.000000,0.000000,0.000000,37.605550
3,2.832683,0.802409,quadratic,450,150,rastrigin,6,0.000000,2.860502,3.482353,2.934704,34.893015
3,2.832683,1.287720,quadratic,450,150,rastrigin,6,0.000000,0.684033,0.994957,1.130055,34.860405
3,2.419483,4.545940,quadratic,450,150,rastrigin,6,0.000000,0.248739,0.000000,5.361657,37.948465
3,8.541316,1.099883,quadratic,450,150,rastrigin,6,0.000000,0.000000,0.000000,0.298487,47.488545
3,5.322296,3.316448,quadratic,450,150,rastrigin,6,0.000000,0.933067,0.996703,7.949775,38.982555
3,8.541316,1.765111,quadratic,450,150,rastrigin,6,0.000000,0.310926,0.000004,6.228080,48.247525
3,2.832683,2.066557,quadratic,450,150,rastrigin,6,0.000000,0.000000,0.000000,0.000000,37.470280
3,8.541316,2.832683,quadratic,450,150,rastrigin,6,0.121426,1.881450,2.045593,8.267801,49.216280
3,2.832683,3.316448,quadratic,450,150,rastrigin,6,0.000000,0.000000,0.000000,0.000000,38.835150
3,2.832683,0.500000,quadratic,450,150,rastrigin,6,1.989918,6.014080,6.470028,3.903313,35.182410
3,6.231237,2.419483,quadratic,450,150,rastrigin,6,0.000000,0.870601,0.994959,6.120282,41.776260
3,2.832683,5.322296,quadratic,450,150,rastrigin,6,0.000000,0.559787,0.994957,8.627739,38.464090
3,6.231237,1.507637,quadratic,450,150,rastrigin,6,0.000000,0.000000,0.000000,5.414021,38.796195
3,8.541316,7.295407,quadratic,450,150,rastrigin,6,2.203341,5.788168,5.741526,9.186638,45.496940
3,6.231237,6.231237,quadratic,450,150,rastrigin,6,0.065680,2.285970,2.626935,6.173292,38.786135
3,8.541316,4.545940,quadratic,450,150,rastrigin,6,0.056601,2.523711,3.056016,8.146082,48.040365
3,3.316448,0.585390,quadratic,450,150,rastrigin,6,0.000000,4.228574,5.472277,2.966156,34.385245
3,10.000000,0.500000,quadratic,450,150,rastrigin,6,0.000000,0.000000,0.000000,0.216846,45.983460
3,7.295407,0.685363,quadratic,450,150,rastrigin,6,0.000000,0.000000,0.000000,0.000000,35.267705
3,10.000000,0.802409,quadratic,450,150,rastrigin,6,0.000000,0.000000,0.000000,0.000000,45.573850
3,2.419483,7.295407,quadratic,450,150,rastrigin,6,0.000002,2.829347,1.494205,12.362023,40.430315
3,3.316448,0.939444,quadratic,450,150,rastrigin,6,0.000000,1.430251,1.989914,1.331162,34.664445
3,6.231237,10.000000,quadratic,450,150,rastrigin,6,2.312860,5.425456,5.208745,4.989332,38.557160
3,7.295407,1.099883,quadratic,450,150,rastrigin,6,0.000000,0.000000,0.000000,5.421102,37.241795
3,2.832683,8.541316,quadratic,450,150,rastrigin,6,0.000141,1.993887,1.990204,10.005094,39.868870
3,6.231237,3.882831,quadratic,450,150,rastrigin,6,0.001675,1.997992,2.488439,8.239282,41.045770
3,3.316448,1.507637,quadratic,450,150,rastrigin,6,0.000000,0.000000,0.000000,0.216846,36.879860
3,3.882831,0.685363,quadratic,450,150,rastrigin,6,0.000000,2.176469,2.487393,2.039057,35.595050
3,7.295407,1.765111,quadratic,450,150,rastrigin,6,0.000000,0.559664,0.994957,9.377195,38.506090
3,3.882831,1.099883,quadratic,450,150,rastrigin,6,0.000000,0.000000,0.000000,0.298487,36.473670
3,10.000000,2.066557,quadratic,450,150,rastrigin,6,0.000124,1.431398,1.990049,11.246847,47.166555
3,10.000000,3.316448,quadratic,450,150,rastrigin,6,0.277468,3.100151,3.506351,9.621849,46.423535
3,10.000000,1.287720,quadratic,450,150,rastrigin,6,0.000000,0.435295,0.994957,8.530169,51.055210
3,3.316448,2.419483,quadratic,450,150,rastrigin,6,0.000000,0.000000,0.000000,0.000000,38.654350
3,3.316448,3.882831,quadratic,450,150,rastrigin,6,0.000000,0.186599,0.000000,9.447188,37.467250
3,3.316448,10.000000,quadratic,450,150,rastrigin,6,0.063910,2.821685,3.070982,9.966358,37.015260
3,3.316448,6.231237,quadratic,450,150,rastrigin,6,0.994963,5.111193,2.490207,12.959707,37.220950
3,10.000000,8.541316,quadratic,450,150,rastrigin,6,4.584381,10.219234,11.455512,6.850705,44.715090
3,10.000000,5.322296,quadratic,450,150,rastrigin,6,1.237556,4.165737,4.458749,6.203650,48.542630
3,4.545940,0.802409,quadratic,450,150,rastrigin,6,0.000000,0.373109,0.497478,0.722630,32.297715
3,5.322296,0.939444,quadratic,450,150,rastrigin,6,0.000000,0.000000,0.000000,0.000000,33.524765
3,3.882831,1.765111,quadratic,450,150,rastrigin,6,0.000000,0.000000,0.000000,0.000000,37.610440
3,0.500000,0.585390,exponential_3,450,150,rastrigin,6,5.165867,13.893638,16.708515,6.727314,44.699130
3,7.295407,2.832683,quadratic,450,150,rastrigin,6,0.001261,1.431015,1.495579,11.218138,40.684525
3,3.882831,2.832683,quadratic,450,150,rastrigin,6,0.000000,0.310924,0.000000,8.844668,39.310855
3,3.882831,7.295407,quadratic,450,150,rastrigin,6,0.027626,2.223268,2.164566,7.870832,39.270915
3,0.500000,0.939444,exponential_3,450,150,rastrigin,6,5.248560,14.155830,15.820384,5.803943,41.826900
3,4.545940,1.287720,quadratic,450,150,rastrigin,6,0.000000,0.000000,0.000000,0.000000,36.968730
3,0.500000,1.507637,exponential_3,450,150,rastrigin,6,3.341530,10.082425,11.941158,6.459252,42.543955
3,5.322296,0.585390,quadratic,450,150,rastrigin,6,0.000000,0.994957,0.994957,1.197054,33.373010
3,3.882831,4.545940,quadratic,450,150,rastrigin,6,0.000000,6.169730,1.493888,13.440086,40.450565
3,4.545940,0.500000,quadratic,450,150,rastrigin,6,0.994957,3.606722,3.979832,2.364986,37.549880
3,5.322296,1.507637,quadratic,450,150,rastrigin,6,0.000000,0.000000,0.000000,0.298487,36.012850
3,0.500000,2.419483,exponential_3,450,150,rastrigin,6,0.005213,7.157856,8.961162,6.615118,44.490780
3,4.545940,5.322296,quadratic,450,150,rastrigin,6,0.995472,1.689973,1.991139,8.153379,37.982565
3,4.545940,2.066557,quadratic,450,150,rastrigin,6,0.000000,0.062185,0.000000,9.304489,39.125160
3,0.500000,3.882831,exponential_3,450,150,rastrigin,6,1.989918,4.421350,4.974802,4.586456,43.438575
3,5.322296,2.419483,quadratic,450,150,rastrigin,6,0.000000,0.435294,0.000002,9.175918,36.758840
3,4.545940,8.541316,quadratic,450,150,rastrigin,6,0.129997,2.877186,3.723183,8.675816,36.858500
3,5.322296,6.231237,quadratic,450,150,rastrigin,6,0.006016,2.054203,2.074810,9.848449,35.843790
3,4.545940,3.316448,quadratic,450,150,rastrigin,6,0.000000,0.808412,0.994959,10.031930,41.452635
3,0.585390,0.685363,exponential_3,450,150,rastrigin,6,2.438850,11.915155,13.883796,6.041777,33.428615
3,0.500000,6.231237,exponential_3,450,150,rastrigin,6,0.000000,2.114285,1.989915,2.528835,33.776970
3,0.500000,10.000000,exponential_3,450,150,rastrigin,6,0.000000,0.684033,0.994957,0.770691,33.924935
3,6.231237,1.099883,quadratic,450,150,rastrigin,6,0.000000,0.000000,0.000000,0.000000,35.798150
3,5.322296,10.000000,quadratic,450,150,rastrigin,6,1.172701,5.194483,5.312128,8.202200,37.506515
3,6.231237,0.685363,quadratic,450,150,rastrigin,6,0.000000,0.000000,0.000000,0.298487,36.799905
3,8.541316,0.500000,quadratic,450,150,rastrigin,6,0.000000,0.000000,0.000000,0.533486,40.647560
3,7.295407,4.545940,quadratic,450,150,rastrigin,6,0.052742,3.237737,4.052197,10.918518,51.272670
3,5.322296,3.882831,quadratic,450,150,rastrigin,6,0.000158,1.494084,1.990007,5.997753,37.136255
3,0.585390,1.099883,exponential_3,450,150,rastrigin,6,1.047539,9.843116,11.051140,5.469642,35.370560
3,7.295407,7.295407,quadratic,450,150,rastrigin,6,1.418560,5.072511,5.479596,9.509245,47.887810
3,0.585390,2.832683,exponential_3,450,150,rastrigin,6,1.989998,5.348047,6.467229,2.910304,34.281160
3,0.585390,1.765111,exponential_3,450,150,rastrigin,6,3.979973,7.662785,8.957356,3.917626,35.407255
3,8.541316,0.802409,quadratic,450,150,rastrigin,6,0.000000,0.000000,0.000000,0.000000,44.775755
3,0.585390,4.545940,exponential_3,450,150,rastrigin,6,0.994957,4.166387,4.974789,2.618741,33.609440
3,6.231237,2.832683,quadratic,450,150,rastrigin,6,0.994957,6.481741,1.989917,13.249108,37.138585
3,8.541316,1.287720,quadratic,450,150,rastrigin,6,0.000000,0.248739,0.000000,7.983879,44.950995
3,6.231237,7.295407,quadratic,450,150,rastrigin,6,0.075035,3.220107,3.909392,9.705596,36.066565
3,0.585390,7.295407,exponential_3,450,150,rastrigin,6,0.000000,1.057143,1.989914,1.385816,34.585595
3,0.685363,0.802409,exponential_3,450,150,rastrigin,6,2.993320,11.896842,14.353375,4.861567,32.304675
3,0.685363,0.500000,exponential_3,450,150,rastrigin,6,4.586208,14.683481,16.647806,6.877543,34.406910
3,8.541316,2.066557,quadratic,450,150,rastrigin,6,0.000000,1.181705,1.989940,9.556035,47.331635
3,7.295407,0.802409,quadratic,450,150,rastrigin,6,0.000000,0.000000,0.000000,0.000000,35.759605
3,0.685363,2.066557,exponential_3,450,150,rastrigin,6,1.989983,7.169306,6.972784,3.839390,31.532095
3,8.541316,3.316448,quadratic,450,150,rastrigin,6,0.995403,3.126102,2.992037,9.357060,46.031890
3,6.231237,1.765111,quadratic,450,150,rastrigin,6,0.000000,0.062185,0.000000,8.844871,41.788735
3,0.685363,1.287720,exponential_3,450,150,rastrigin,6,3.046299,7.187027,8.953507,4.747850,34.654725
3,7.295407,0.500000,quadratic,450,150,rastrigin,6,0.000000,0.746218,0.994957,0.703541,35.672460
3,7.295407,1.287720,quadratic,450,150,rastrigin,6,0.000000,0.000000,0.000000,5.421133,38.275045
3,8.541316,8.541316,quadratic,450,150,rastrigin,6,4.109287,7.810306,8.396866,7.856535,46.130420
3,6.231237,4.545940,quadratic,450,150,rastrigin,6,0.220400,4.022278,2.649176,11.915237,38.435835
3,0.685363,3.316448,exponential_3,450,150,rastrigin,6,0.994961,3.793284,4.477314,3.307012,36.405935
3,10.000000,0.585390,quadratic,450,150,rastrigin,6,0.000000,0.000000,0.000000,0.000000,44.036985
3,7.295407,2.066557,quadratic,450,150,rastrigin,6,0.000000,0.621858,0.994957,5.283587,37.012010
3,8.541316,5.322296,quadratic,450,150,rastrigin,6,2.065496,3.674554,3.482798,9.966295,46.296910
3,0.685363,8.541316,exponential_3,450,150,rastrigin,6,0.000000,0.746218,0.994957,5.493659,33.353205
3,0.685363,5.322296,exponential_3,450,150,rastrigin,6,0.000000,1.616806,1.989914,1.462284,37.553615
3,0.802409,1.507637,exponential_3,450,150,rastrigin,6,2.991009,7.110803,7.462582,3.852772,31.275430
3,0.802409,0.939444,exponential_3,450,150,rastrigin,6,2.213972,9.325036,11.024237,4.734959,33.397915
3,0.802409,0.585390,exponential_3,450,150,rastrigin,6,6.406279,12.349546,12.907610,7.987982,35.419500
3,10.000000,0.939444,quadratic,450,150,rastrigin,6,0.000000,0.000000,0.000000,5.414021,49.970305
3,0.802409,2.419483,exponential_3,450,150,rastrigin,6,0.994957,3.794554,4.477314,2.811367,33.303430
3,10.000000,2.419483,quadratic,450,150,rastrigin,6,0.994995,2.193339,2.985177,9.798874,43.957750
3,0.802409,3.882831,exponential_3,450,150,rastrigin,6,0.994957,2.363025,2.487395,2.124649,34.263740
3,0.802409,6.231237,exponential_3,450,150,rastrigin,6,0.000000,0.870588,0.994957,1.188756,33.910395
3,0.939444,0.685363,exponential_3,450,150,rastrigin,6,3.110989,10.931799,11.980358,6.649256,32.245375
3,0.802409,10.000000,exponential_3,450,150,rastrigin,6,0.000000,0.373109,0.497478,0.788154,33.656725
3,0.939444,1.765111,exponential_3,450,150,rastrigin,6,0.994957,4.106178,3.980684,3.843636,30.705685
3,0.939444,1.099883,exponential_3,450,150,rastrigin,6,2.282396,8.401926,10.953892,6.548408,32.590975
3,7.295407,3.316448,quadratic,450,150,rastrigin,6,0.995195,2.368436,2.491731,10.919387,36.026900
3,10.000000,3.882831,quadratic,450,150,rastrigin,6,0.008305,2.446165,3.017519,5.821647,48.863950
3,10.000000,1.507637,quadratic,450,150,rastrigin,6,0.000000,1.057304,0.994963,11.197574,48.861875
3,0.939444,2.832683,exponential_3,450,150,rastrigin,6,0.994959,2.611764,2.984875,1.537362,33.882005
3,10.000000,10.000000,quadratic,450,150,rastrigin,6,6.607149,11.179049,12.051773,5.267210,45.096460
3,0.939444,7.295407,exponential_3,450,150,rastrigin,6,0.000000,0.373109,0.497478,0.838366,34.094265
3,1.099883,0.500000,exponential_3,450,150,rastrigin,6,4.950487,11.351927,12.841063,6.231976,34.197550
3,0.939444,4.545940,exponential_3,450,150,rastrigin,6,0.000000,1.119327,1.492435,1.682626,36.952010
3,1.099883,0.802409,exponential_3,450,150,rastrigin,6,4.049816,11.178988,12.502728,4.565677,33.937445
3,10.000000,6.231237,quadratic,450,150,rastrigin,6,0.749550,6.308744,7.092075,7.859264,47.262685
3,0.500000,0.685363,exponential_3,450,150,rastrigin,6,3.918804,13.784894,15.897521,6.999252,44.412480
3,1.099883,1.287720,exponential_3,450,150,rastrigin,6,0.995333,5.226714,5.488104,4.255459,34.119605
3,0.500000,1.099883,exponential_3,450,150,rastrigin,6,4.533234,10.715738,12.533630,7.237785,44.392555
3,1.099883,2.066557,exponential_3,450,150,rastrigin,6,0.994959,3.233744,3.979834,2.367068,34.365175
3,1.099883,3.316448,exponential_3,450,150,rastrigin,6,0.000000,0.932773,0.994958,2.176999,34.303055
3,0.500000,1.765111,exponential_3,450,150,rastrigin,6,2.036499,8.248746,9.957811,6.307320,43.381820
3,1.099883,5.322296,exponential_3,450,150,rastrigin,6,0.000000,0.435294,0.994957,5.323441,34.263560
3,0.585390,0.500000,exponential_3,450,150,rastrigin,6,6.814541,15.720867,17.234333,7.762054,32.905555
3,0.500000,7.295407,exponential_3,450,150,rastrigin,6,0.000000,1.803360,1.989916,1.618910,33.884185
3,0.585390,0.802409,exponential_3,450,150,rastrigin,6,5.822475,11.306014,12.292367,5.392786,34.356915
3,0.500000,2.832683,exponential_3,450,150,rastrigin,6,2.014111,7.229996,9.454310,3.531414,43.573940
3,1.099883,8.541316,exponential_3,450,150,rastrigin,6,0.000000,0.248739,0.000000,6.236052,34.990825
3,0.500000,4.545940,exponential_3,450,150,rastrigin,6,1.064995,3.673288,3.979834,3.165141,41.553040
3,1.287720,0.585390,exponential_3,450,150,rastrigin,6,3.102493,12.067487,13.969296,4.472199,34.575720
3,0.585390,1.287720,exponential_3,450,150,rastrigin,6,2.991905,8.101880,8.540759,5.567132,31.175205
3,1.287720,1.507637,exponential_3,450,150,rastrigin,6,1.989914,2.984982,2.984879,2.972765,32.679395
3,1.287720,0.939444,exponential_3,450,150,rastrigin,6,0.997574,7.531422,9.458053,4.206973,36.276900
3,0.585390,2.066557,exponential_3,450,150,rastrigin,6,1.992378,7.539474,7.971846,4.843890,33.069250
3,0.585390,3.316448,exponential_3,450,150,rastrigin,6,0.994961,5.845549,6.467285,4.179864,35.039955
3,1.287720,2.419483,exponential_3,450,150,rastrigin,6,0.994957,1.927731,1.989916,1.193950,33.336270
3,8.541316,0.585390,quadratic,450,150,rastrigin,6,0.000000,0.000000,0.000000,0.298487,41.423030
3,0.585390,8.541316,exponential_3,450,150,rastrigin,6,0.000000,0.559663,0.994957,0.788154,32.543485
3,0.585390,5.322296,exponential_3,450,150,rastrigin,6,0.994957,2.611763,2.487394,2.069775,36.144025
3,1.287720,3.882831,exponential_3,450,150,rastrigin,6,0.000000,0.435294,0.994957,0.762621,33.709175
3,0.685363,0.939444,exponential_3,450,150,rastrigin,6,3.138191,10.510178,12.533515,6.428737,35.046540
3,0.685363,0.585390,exponential_3,450,150,rastrigin,6,4.192614,11.061724,12.013347,6.051147,35.145635
3,7.295407,5.322296,quadratic,450,150,rastrigin,6,1.532755,2.877453,3.081982,9.973977,45.000340
3,7.295407,8.541316,quadratic,450,150,rastrigin,6,2.425962,5.960241,6.450103,5.872394,42.724265
3,0.685363,2.419483,exponential_3,450,150,rastrigin,6,1.989977,5.162364,5.969893,3.424768,33.211740
3,1.287720,6.231237,exponential_3,450,150,rastrigin,6,0.000000,0.310924,0.000000,0.494985,34.175835
3,1.287720,10.000000,exponential_3,450,150,rastrigin,6,0.000000,0.310924,0.000000,7.360436,34.113755
3,1.507637,1.765111,exponential_3,450,150,rastrigin,6,0.994957,2.798319,2.984874,2.605954,31.600445
3,1.507637,0.685363,exponential_3,450,150,rastrigin,6,2.070219,7.618055,7.959942,6.481641,34.520365
3,0.685363,3.882831,exponential_3,450,150,rastrigin,6,0.000000,3.109245,3.482353,3.307390,32.523785
3,0.685363,1.507637,exponential_3,450,150,rastrigin,6,2.002785,7.607583,7.963840,4.815806,35.428025
3,1.507637,1.099883,exponential_3,450,150,rastrigin,6,1.989958,4.429272,4.974796,1.745120,34.724565
3,8.541316,0.939444,quadratic,450,150,rastrigin,6,0.000000,0.000000,0.000000,0.000000,47.201865
3,1.507637,2.832683,exponential_3,450,150,rastrigin,6,0.000000,0.932773,0.994957,1.193949,32.772885
3,0.802409,1.765111,exponential_3,450,150,rastrigin,6,1.989983,7.091416,7.959742,4.763670,30.652760
3,0.685363,6.231237,exponential_3,450,150,rastrigin,6,0.000000,1.368066,1.492436,1.787466,33.647740
3,0.685363,10.000000,exponential_3,450,150,rastrigin,6,0.000000,0.373109,0.497478,0.882937,34.563940
3,8.541316,2.419483,quadratic,450,150,rastrigin,6,0.000153,1.556176,1.989939,11.286779,46.086780
3,8.541316,1.507637,quadratic,450,150,rastrigin,6,0.000000,0.310924,0.000000,7.983208,49.261905
3,0.802409,1.099883,exponential_3,450,150,rastrigin,6,3.073315,6.981834,6.973730,5.578024,33.482590
3,0.802409,0.685363,exponential_3,450,150,rastrigin,6,4.503500,9.278277,10.734611,4.298103,33.833335
3,8.541316,3.882831,quadratic,450,150,rastrigin,6,1.030245,3.166203,3.006069,10.972726,46.685570
3,0.802409,2.832683,exponential_3,450,150,rastrigin,6,0.994957,3.295805,3.979834,3.025635,34.321895
3,0.802409,7.295407,exponential_3,450,150,rastrigin,6,0.000000,0.497478,0.994957,0.744558,30.930940
3,8.541316,10.000000,quadratic,450,150,rastrigin,6,2.863068,10.212234,12.040137,9.397174,44.715035
3,0.802409,4.545940,exponential_3,450,150,rastrigin,6,0.994957,1.927730,1.989915,2.375427,33.626570
3,0.939444,2.066557,exponential_3,450,150,rastrigin,6,1.989914,4.477422,4.477659,5.621883,30.742865
3,10.000000,0.685363,quadratic,450,150,rastrigin,6,0.000000,0.000000,0.000000,0.000000,44.847570
3,0.939444,0.802409,exponential_3,450,150,rastrigin,6,3.163673,10.689100,11.486998,7.125440,33.124275
3,0.939444,1.287720,exponential_3,450,150,rastrigin,6,1.991438,8.097525,9.452320,7.160894,31.210165
3,0.939444,0.500000,exponential_3,450,150,rastrigin,6,5.039024,12.239249,13.814363,6.514350,33.693220
3,1.507637,4.545940,exponential_3,450,150,rastrigin,6,0.000000,0.621848,0.994957,0.533486,30.406485
3,8.541316,6.231237,quadratic,450,150,rastrigin,6,1.235447,5.210832,6.327700,7.793620,46.733720
3,0.939444,3.316448,exponential_3,450,150,rastrigin,6,0.000000,1.989915,1.989917,1.929296,33.357975
3,0.939444,8.541316,exponential_3,450,150,rastrigin,6,0.000000,0.435294,0.994957,6.204963,33.330470
3,10.000000,1.099883,quadratic,450,150,rastrigin,6,0.000000,0.186555,0.000000,9.880973,46.931760
3,10.000000,2.832683,quadratic,450,150,rastrigin,6,1.004309,2.701762,3.001200,9.631895,45.191285
3,1.099883,0.939444,exponential_3,450,150,rastrigin,6,2.918348,8.282656,9.952445,4.297069,30.996300
3,1.099883,0.585390,exponential_3,450,150,rastrigin,6,3.301506,9.738794,11.350662,7.207016,33.504820
3,0.939444,5.322296,exponential_3,450,150,rastrigin,6,0.000000,0.746218,0.994957,0.860222,34.609445
3,1.099883,1.507637,exponential_3,450,150,rastrigin,6,1.989952,6.034220,6.964709,3.376177,31.995245
3,1.099883,2.419483,exponential_3,450,150,rastrigin,6,0.000000,2.736134,2.984878,2.942705,31.973285
3,1.099883,3.882831,exponential_3,450,150,rastrigin,6,0.000000,0.808403,0.994957,0.764241,33.447500
3,0.500000,0.500000,exponential_3,450,150,rastrigin,6,8.159325,15.945878,17.471649,7.145567,42.819270
3,0.585390,0.585390,exponential_3,450,150,rastrigin,6,4.713280,16.765131,19.516811,6.638610,34.463630
3,0.585390,0.939444,exponential_3,450,150,rastrigin,6,5.016558,9.848531,10.181456,4.903976,33.903365
3,0.500000,8.541316,exponential_3,450,150,rastrigin,6,0.000000,1.430251,1.989914,0.988719,34.974935
3,10.000000,4.545940,quadratic,450,150,rastrigin,6,2.095551,4.116769,4.373847,9.129674,49.135525
3,1.287720,1.765111,exponential_3,450,150,rastrigin,6,0.994957,2.861468,2.984875,2.222089,32.793585
3,0.500000,0.802409,exponential_3,450,150,rastrigin,6,3.797291,11.504010,12.926340,7.916739,42.108530
3,1.099883,6.231237,exponential_3,450,150,rastrigin,6,0.000000,0.373109,0.497478,0.586519,38.004185
3,1.099883,10.000000,exponential_3,450,150,rastrigin,6,0.000000,0.497479,0.994957,10.613446,35.746655
3,0.500000,1.287720,exponential_3,450,150,rastrigin,6,5.039989,12.264648,15.077240,5.113722,41.543985
3,0.585390,1.507637,exponential_3,450,150,rastrigin,6,1.066971,7.439633,7.615173,4.621242,35.006555
3,10.000000,1.765111,quadratic,450,150,rastrigin,6,0.000000,1.057283,0.995023,11.014211,51.485975
3,1.287720,1.099883,exponential_3,450,150,rastrigin,6,1.989937,6.299449,6.517982,5.315031,35.024750
3,0.585390,3.882831,exponential_3,450,150,rastrigin,6,0.994957,3.109266,2.985038,4.995615,35.053965
3,10.000000,7.295407,quadratic,450,150,rastrigin,6,3.407104,7.363518,8.563841,5.781720,48.561930
3,0.585390,2.419483,exponential_3,450,150,rastrigin,6,2.984917,6.485918,7.469915,4.140363,37.311960
3,1.287720,0.685363,exponential_3,450,150,rastrigin,6,1.128016,8.316061,10.465016,4.430595,39.538940
3,0.500000,2.066557,exponential_3,450,150,rastrigin,6,2.990063,7.498486,9.456108,4.160076,44.313805
3,1.287720,2.832683,exponential_3,450,150,rastrigin,6,0.000000,1.927731,1.989917,1.352374,37.754280
3,0.500000,3.316448,exponential_3,450,150,rastrigin,6,0.000010,4.107195,4.477339,3.535973,43.658195
3,0.585390,10.000000,exponential_3,450,150,rastrigin,6,0.000000,0.746218,0.994957,0.800616,36.182880
3,0.500000,5.322296,exponential_3,450,150,rastrigin,6,1.989914,3.793277,3.979833,4.633481,44.230070
3,1.287720,4.545940,exponential_3,450,150,rastrigin,6,0.000000,1.181512,1.989914,1.366935,36.416365
3,0.585390,6.231237,exponential_3,450,150,rastrigin,6,0.000000,1.616806,1.989916,1.258533,37.723330
3,0.685363,1.099883,exponential_3,450,150,rastrigin,6,2.251415,8.674224,9.515394,5.247681,37.463415
3,1.507637,0.802409,exponential_3,450,150,rastrigin,6,3.982679,7.840419,7.463194,6.283860,33.119395
3,0.685363,0.685363,exponential_3,450,150,rastrigin,6,1.216354,11.482360,14.362398,7.730792,36.760760
3,1.507637,2.066557,exponential_3,450,150,rastrigin,6,0.994957,1.865547,1.989915,1.094453,35.639505
3,1.507637,0.500000,exponential_3,450,150,rastrigin,6,4.234529,9.128770,10.116804,4.893441,36.079950
3,1.507637,7.295407,exponential_3,450,150,rastrigin,6,0.000000,0.062185,0.000000,5.389969,44.123585
3,0.685363,4.545940,exponential_3,450,150,rastrigin,6,0.000000,1.865546,1.989918,1.619674,36.307380
3,0.685363,1.765111,exponential_3,450,150,rastrigin,6,0.998919,6.681314,6.964766,4.309398,36.768590
3,0.685363,2.832683,exponential_3,450,150,rastrigin,6,0.000059,3.793339,4.477330,3.636721,38.465090
3,1.287720,7.295407,exponential_3,450,150,rastrigin,6,0.000000,0.373109,0.497478,7.471396,38.081400
3,0.802409,2.066557,exponential_3,450,150,rastrigin,6,1.990004,5.039785,5.969748,3.392699,34.990660
3,1.507637,1.287720,exponential_3,450,150,rastrigin,6,0.002274,2.674115,2.984884,2.656109,38.187670
3,1.507637,3.316448,exponential_3,450,150,rastrigin,6,0.000000,0.684033,0.994957,0.736201,36.677895
3,0.685363,7.295407,exponential_3,450,150,rastrigin,6,0.000000,0.808403,0.994957,0.736201,35.054620
3,0.802409,0.500000,exponential_3,450,150,rastrigin,6,3.959766,11.351419,13.683857,5.115793,37.232770
3,1.765111,0.500000,exponential_3,450,150,rastrigin,6,2.652878,8.599422,9.077099,5.043622,44.176410
3,1.765111,0.939444,exponential_3,450,150,rastrigin,6,1.990276,5.225938,5.980075,2.154182,40.994590
3,1.765111,0.685363,exponential_3,450,150,rastrigin,6,2.027828,6.616059,7.006632,3.824315,44.258230
3,0.802409,1.287720,exponential_3,450,150,rastrigin,6,2.003319,5.990851,6.972629,3.116155,36.053455
3,0.802409,0.802409,exponential_3,450,150,rastrigin,6,4.053509,11.723279,14.338522,4.874334,36.320255
3,0.802409,3.316448,exponential_3,450,150,rastrigin,6,0.994957,2.425210,2.984875,1.961732,35.231775
3,0.802409,8.541316,exponential_3,450,150,rastrigin,6,0.000000,0.435294,0.994957,0.824975,34.987195
3,0.939444,2.419483,exponential_3,450,150,rastrigin,6,0.000000,3.233669,3.482354,3.073075,34.455375
3,1.765111,1.287720,exponential_3,450,150,rastrigin,6,0.994957,3.482353,3.979833,2.547117,42.936630
3,0.939444,0.939444,exponential_3,450,150,rastrigin,6,1.217747,8.008764,8.981129,3.990878,33.989305
3,0.802409,5.322296,exponential_3,450,150,rastrigin,6,0.994957,1.430251,1.989914,1.084231,36.188260
3,1.765111,1.765111,exponential_3,450,150,rastrigin,6,0.000000,1.492436,1.989915,1.601233,43.531140
3,1.507637,5.322296,exponential_3,450,150,rastrigin,6,0.000000,0.124370,0.000000,5.596533,32.341365
3,0.939444,0.585390,exponential_3,450,150,rastrigin,6,3.012560,12.497010,13.997970,5.410828,33.765650
3,0.939444,1.507637,exponential_3,450,150,rastrigin,6,1.990173,6.674613,7.464280,4.530688,34.179175
3,1.765111,2.419483,exponential_3,450,150,rastrigin,6,0.000000,1.243697,1.492437,0.860221,43.785325
3,0.939444,3.882831,exponential_3,450,150,rastrigin,6,0.000000,1.616806,1.989915,1.924156,32.838470
3,0.939444,10.000000,exponential_3,450,150,rastrigin,6,0.000000,0.186554,0.000000,0.474564,33.808015
3,1.765111,3.316448,exponential_3,450,150,rastrigin,6,0.000000,0.621848,0.994957,7.886088,42.944890
3,1.765111,4.545940,exponential_3,450,150,rastrigin,6,0.000000,0.373109,0.497478,7.966588,41.958155
3,1.099883,0.685363,exponential_3,450,150,rastrigin,6,2.177025,9.595058,11.610791,4.137251,31.446135
3,1.099883,1.099883,exponential_3,450,150,rastrigin,6,2.054728,6.112292,6.966690,5.224982,34.341165
3,1.099883,1.765111,exponential_3,450,150,rastrigin,6,0.000000,4.415670,5.969753,5.319212,32.140510
3,1.765111,6.231237,exponential_3,450,150,rastrigin,6,0.000000,0.435294,0.994957,8.711344,40.323755
3,1.099883,4.545940,exponential_3,450,150,rastrigin,6,0.000000,0.994957,1.492435,0.999920,31.624130
3,0.939444,6.231237,exponential_3,450,150,rastrigin,6,0.000000,0.435294,0.994957,0.762621,34.594675
3,1.099883,2.832683,exponential_3,450,150,rastrigin,6,0.000000,1.492437,1.989916,1.731198,33.190115
3,1.765111,8.541316,exponential_3,450,150,rastrigin,6,0.000000,0.062185,0.000000,5.389980,42.605915
3,1.287720,2.066557,exponential_3,450,150,rastrigin,6,0.000000,2.238657,2.487396,3.561056,30.490560
3,2.066557,1.287720,exponential_3,450,150,rastrigin,6,0.994957,2.487395,2.487395,1.884520,33.957395
3,2.066557,0.939444,exponential_3,450,150,rastrigin,6,0.995022,4.424860,4.974816,3.420048,34.994085
3,2.066557,0.500000,exponential_3,450,150,rastrigin,6,0.307812,8.049625,10.498607,5.140001,42.907725
3,2.066557,1.765111,exponential_3,450,150,rastrigin,6,0.000000,1.678991,1.989916,1.581795,34.284495
3,1.099883,7.295407,exponential_3,450,150,rastrigin,6,0.000000,0.435294,0.994957,5.326461,30.644525
3,2.066557,0.685363,exponential_3,450,150,rastrigin,6,1.989925,6.034093,5.970535,4.044083,37.246480
3,1.287720,0.500000,exponential_3,450,150,rastrigin,6,2.001219,9.615404,11.355846,7.259613,31.341360
3,1.287720,1.287720,exponential_3,450,150,rastrigin,6,1.990246,5.846653,5.969831,4.042645,31.564805
3,1.287720,0.802409,exponential_3,450,150,rastrigin,6,3.990559,8.954866,9.950841,5.708071,29.879445
3,2.419483,0.500000,exponential_3,450,150,rastrigin,6,1.991711,5.908836,6.473973,4.411463,33.491235
3,2.066557,6.231237,exponential_3,450,150,rastrigin,6,0.000000,0.248739,0.000000,8.772915,35.985945
3,2.066557,2.419483,exponential_3,450,150,rastrigin,6,0.000000,0.870587,0.994957,0.922686,41.780420
3,2.419483,0.939444,exponential_3,450,150,rastrigin,6,0.000000,2.922690,2.984875,3.240871,34.029865
3,2.066557,3.316448,exponential_3,450,150,rastrigin,6,0.000000,0.248739,0.000000,0.795966,41.363865
3,2.419483,2.419483,exponential_3,450,150,rastrigin,6,0.000000,0.621848,0.994957,0.800616,31.734655
3,2.066557,4.545940,exponential_3,450,150,rastrigin,6,0.000000,0.186554,0.000000,0.802160,40.824070
3,1.287720,3.316448,exponential_3,450,150,rastrigin,6,0.994957,1.616805,1.989914,0.455947,34.848460
3,2.419483,4.545940,exponential_3,450,150,rastrigin,6,0.000000,0.062185,0.000000,5.389969,32.793560
3,1.287720,5.322296,exponential_3,450,150,rastrigin,6,0.000000,0.684033,0.994957,5.267358,33.550585
3,2.419483,0.685363,exponential_3,450,150,rastrigin,6,1.989939,5.921460,6.468748,3.837971,40.925415
3,1.507637,0.939444,exponential_3,450,150,rastrigin,6,1.990059,5.969705,6.964912,3.503172,32.639590
3,2.066557,8.541316,exponential_3,450,150,rastrigin,6,0.000000,0.186554,0.000000,5.369729,43.489030
3,2.419483,6.231237,exponential_3,450,150,rastrigin,6,0.000000,0.248739,0.000000,9.283724,33.065960
3,2.832683,0.500000,exponential_3,450,150,rastrigin,6,1.989933,6.601810,7.960033,5.599502,31.364865
3,1.507637,0.585390,exponential_3,450,150,rastrigin,6,3.013710,10.386383,11.945355,5.293375,32.845820
3,2.419483,8.541316,exponential_3,450,150,rastrigin,6,0.000000,0.310924,0.000000,8.767271,34.178725
3,1.507637,2.419483,exponential_3,450,150,rastrigin,6,0.000000,1.741176,1.989916,1.410596,33.937090
3,2.419483,1.287720,exponential_3,450,150,rastrigin,6,0.000000,1.927731,1.989916,1.102340,41.245480
3,2.832683,0.939444,exponential_3,450,150,rastrigin,6,0.994957,2.487395,2.984875,1.423694,32.724595
3,2.832683,1.287720,exponential_3,450,150,rastrigin,6,0.000000,1.554621,1.989915,1.134426,30.979795
3,2.832683,0.685363,exponential_3,450,150,rastrigin,6,1.989914,5.350698,5.970034,3.547293,33.784795
3,1.287720,8.541316,exponential_3,450,150,rastrigin,6,0.000000,0.186554,0.000000,0.580155,32.328330
3,2.419483,1.765111,exponential_3,450,150,rastrigin,6,0.000000,0.684033,0.994957,1.269303,41.740050
3,1.507637,1.507637,exponential_3,450,150,rastrigin,6,0.000000,2.611766,2.984876,2.442718,34.935785
3,2.419483,3.316448,exponential_3,450,150,rastrigin,6,0.000000,0.373109,0.497478,0.777087,42.889675
3,2.832683,1.765111,exponential_3,450,150,rastrigin,6,0.000000,0.621848,0.994957,1.130055,33.897540
3,1.507637,3.882831,exponential_3,450,150,rastrigin,6,0.000000,0.435294,0.994957,0.762620,35.455325
3,2.832683,2.419483,exponential_3,450,150,rastrigin,6,0.000000,0.435294,0.994957,0.580155,35.031725
3,2.832683,3.316448,exponential_3,450,150,rastrigin,6,0.000000,0.310924,0.000000,5.347560,31.421830
3,1.507637,8.541316,exponential_3,450,150,rastrigin,6,0.000000,0.186554,0.000000,7.382761,42.758865
3,3.316448,0.685363,exponential_3,450,150,rastrigin,6,1.989916,3.357984,2.984875,2.822947,29.594450
3,2.832683,4.545940,exponential_3,450,150,rastrigin,6,0.000000,0.248739,0.000000,8.008332,35.894970
3,2.832683,6.231237,exponential_3,450,150,rastrigin,6,0.000000,0.373109,0.497478,7.495044,35.614315
3,3.316448,0.939444,exponential_3,450,150,rastrigin,6,0.000000,1.803361,1.989917,2.281902,30.635520
3,2.832683,8.541316,exponential_3,450,150,rastrigin,6,0.000000,0.310924,0.000000,7.992688,34.405205
3,3.316448,0.500000,exponential_3,450,150,rastrigin,6,1.989920,4.854212,4.976537,4.153286,33.664100
3,1.765111,0.585390,exponential_3,450,150,rastrigin,6,4.974804,9.444265,11.443357,5.436893,41.262635
3,1.765111,0.802409,exponential_3,450,150,rastrigin,6,1.989920,6.541562,7.960305,4.215755,39.233840
3,1.765111,1.099883,exponential_3,450,150,rastrigin,6,0.994957,4.601778,5.473017,2.426436,40.542190
3,3.316448,1.287720,exponential_3,450,150,rastrigin,6,0.000000,1.243696,1.989914,1.451240,32.030625
3,1.507637,6.231237,exponential_3,450,150,rastrigin,6,0.000000,0.310924,0.000000,5.565271,33.148060
3,3.316448,3.316448,exponential_3,450,150,rastrigin,6,0.000000,0.248739,0.000000,8.787148,30.061390
3,3.316448,1.765111,exponential_3,450,150,rastrigin,6,0.000000,0.497478,0.994957,0.744558,34.059815
3,1.765111,1.507637,exponential_3,450,150,rastrigin,6,0.000000,2.238656,2.984874,3.168278,41.329415
3,3.316448,2.419483,exponential_3,450,150,rastrigin,6,0.000000,0.124370,0.000000,0.455947,34.954285
3,1.765111,2.066557,exponential_3,450,150,rastrigin,6,0.000000,1.554642,1.989915,2.445242,40.518245
3,3.316448,4.545940,exponential_3,450,150,rastrigin,6,0.000000,0.559663,0.994957,10.679887,32.906560
3,3.316448,6.231237,exponential_3,450,150,rastrigin,6,0.000000,0.248739,0.000000,8.772918,36.181455
3,1.765111,2.832683,exponential_3,450,150,rastrigin,6,0.000000,0.808403,0.994957,1.128959,41.776750
3,3.882831,0.939444,exponential_3,450,150,rastrigin,6,0.994957,1.305882,0.994959,1.403560,32.453130
3,3.316448,8.541316,exponential_3,450,150,rastrigin,6,0.000000,0.435294,0.994957,9.785334,36.109195
3,2.066557,1.507637,exponential_3,450,150,rastrigin,6,0.994957,2.238656,2.487394,1.570016,31.102850
3,1.765111,3.882831,exponential_3,450,150,rastrigin,6,0.000000,0.248739,0.000000,0.586519,40.795330
3,3.882831,0.685363,exponential_3,450,150,rastrigin,6,0.994957,2.984873,2.984874,3.689388,34.543745
3,3.882831,0.500000,exponential_3,450,150,rastrigin,6,0.994965,3.979952,4.974792,3.648548,36.198680
3,2.066557,2.066557,exponential_3,450,150,rastrigin,6,0.000000,0.808403,0.994957,1.455497,31.997610
3,3.882831,1.287720,exponential_3,450,150,rastrigin,6,0.000000,0.497478,0.994957,0.569390,34.686720
3,3.882831,1.765111,exponential_3,450,150,rastrigin,6,0.000000,0.186554,0.000000,0.665581,32.931070
3,1.765111,5.322296,exponential_3,450,150,rastrigin,6,0.000000,0.062185,0.000000,5.399146,43.232625
3,3.882831,2.419483,exponential_3,450,150,rastrigin,6,0.000000,0.124370,0.000000,7.548509,33.595315
3,2.066557,1.099883,exponential_3,450,150,rastrigin,6,0.994959,4.166389,4.477321,3.580105,37.768900
3,1.765111,7.295407,exponential_3,450,150,rastrigin,6,0.000000,0.373109,0.497478,5.340382,43.021280
3,3.882831,4.545940,exponential_3,450,150,rastrigin,6,0.000000,0.559663,0.994957,9.745802,35.352405
3,3.882831,3.316448,exponential_3,450,150,rastrigin,6,0.000000,0.435294,0.994957,7.960384,37.047370
3,2.419483,1.099883,exponential_3,450,150,rastrigin,6,0.994957,3.233613,3.979832,2.190603,34.251095
3,2.419483,0.585390,exponential_3,450,150,rastrigin,6,3.005676,6.560666,6.964938,5.085596,35.856485
3,2.066557,7.295407,exponential_3,450,150,rastrigin,6,0.000000,0.621848,0.994957,10.150278,36.215125
3,2.066557,0.585390,exponential_3,450,150,rastrigin,6,0.995056,7.019032,9.003572,6.246189,41.619035
3,2.419483,2.832683,exponential_3,450,150,rastrigin,6,0.000000,0.373109,0.497478,0.659980,34.832360
3,2.066557,0.802409,exponential_3,450,150,rastrigin,6,0.000000,3.484310,3.979855,2.140276,43.026395
3,1.765111,10.000000,exponential_3,450,150,rastrigin,6,0.000000,0.186554,0.000000,6.251785,46.641960
3,3.882831,6.231237,exponential_3,450,150,rastrigin,6,0.000000,0.124370,0.000000,7.406191,36.287670
3,2.419483,5.322296,exponential_3,450,150,rastrigin,6,0.000000,0.124370,0.000000,0.659980,35.223320
3,4.545940,0.500000,exponential_3,450,150,rastrigin,6,0.994991,3.979840,5.472281,2.045716,34.321985
3,3.882831,8.541316,exponential_3,450,150,rastrigin,6,0.000000,0.062185,0.000000,0.430829,37.482795
3,2.832683,0.585390,exponential_3,450,150,rastrigin,6,1.989914,5.037824,6.467595,3.333674,34.930830
3,2.832683,1.099883,exponential_3,450,150,rastrigin,6,0.000000,3.171429,3.482355,2.343434,32.357080
3,4.545940,0.939444,exponential_3,450,150,rastrigin,6,0.000000,1.305882,1.989914,1.242702,34.995010
3,2.066557,2.832683,exponential_3,450,150,rastrigin,6,0.000000,0.870587,0.994957,0.974855,45.672600
3,2.066557,3.882831,exponential_3,450,150,rastrigin,6,0.000000,0.310924,0.000000,0.494985,44.860860
3,2.419483,7.295407,exponential_3,450,150,rastrigin,6,0.000000,0.186554,0.000000,7.391305,37.521480
3,2.066557,5.322296,exponential_3,450,150,rastrigin,6,0.000000,0.497478,0.994957,0.808308,43.599885
3,2.832683,1.507637,exponential_3,450,150,rastrigin,6,0.000000,1.057142,0.994958,1.277078,34.994520
3,2.419483,10.000000,exponential_3,450,150,rastrigin,6,0.000000,0.373109,0.000000,8.743527,38.400145
3,4.545940,0.685363,exponential_3,450,150,rastrigin,6,0.000000,2.176470,2.984873,1.229689,39.080770
3,4.545940,1.287720,exponential_3,450,150,rastrigin,6,0.000000,0.559663,0.994957,1.277078,34.252175
3,2.832683,0.802409,exponential_3,450,150,rastrigin,6,0.994957,2.984882,2.984882,4.407948,38.162685
3,4.545940,2.419483,exponential_3,450,150,rastrigin,6,0.000000,0.186554,0.000000,6.243984,34.311035
3,2.419483,0.802409,exponential_3,450,150,rastrigin,6,0.995672,5.845423,6.467234,3.574865,46.467230
3,2.832683,2.066557,exponential_3,450,150,rastrigin,6,0.000000,0.435294,0.994957,0.722630,36.441675
3,2.419483,1.507637,exponential_3,450,150,rastrigin,6,0.000000,2.176469,2.984871,1.066973,43.381355
3,4.545940,1.765111,exponential_3,450,150,rastrigin,6,0.000000,0.435294,0.994957,5.323441,39.460235
3,2.832683,2.832683,exponential_3,450,150,rastrigin,6,0.000000,0.248739,0.000000,0.487428,37.841480
3,2.832683,3.882831,exponential_3,450,150,rastrigin,6,0.000000,0.559663,0.994957,5.301312,38.158035
3,2.066557,10.000000,exponential_3,450,150,rastrigin,6,0.000000,0.248740,0.000000,5.360502,49.726765
3,3.316448,1.099883,exponential_3,450,150,rastrigin,6,0.000000,1.803361,1.989918,1.708896,34.313675
3,2.832683,10.000000,exponential_3,450,150,rastrigin,6,0.000000,0.310924,0.000000,7.351182,33.739980
3,3.316448,0.802409,exponential_3,450,150,rastrigin,6,0.994957,2.052102,1.989918,1.911251,37.512835
3,2.419483,2.066557,exponential_3,450,150,rastrigin,6,0.000000,0.994957,0.994957,1.315266,44.466870
3,2.419483,3.882831,exponential_3,450,150,rastrigin,6,0.000000,0.310924,0.000000,0.588624,44.669410
3,3.316448,0.585390,exponential_3,450,150,rastrigin,6,2.984873,5.161430,4.975095,2.758724,36.001020
3,2.832683,7.295407,exponential_3,450,150,rastrigin,6,0.000000,0.310924,0.000000,5.347562,38.134885
3,2.832683,5.322296,exponential_3,450,150,rastrigin,6,0.000000,0.310924,0.000000,9.263558,40.201695
3,3.316448,1.507637,exponential_3,450,150,rastrigin,6,0.000000,0.684033,0.994957,0.621351,35.349040
3,1.507637,10.000000,exponential_3,450,150,rastrigin,6,0.000000,0.310924,0.000000,5.351263,46.176980
3,3.316448,3.882831,exponential_3,450,150,rastrigin,6,0.000000,0.435294,0.994957,5.329016,35.656710
3,4.545940,8.541316,exponential_3,450,150,rastrigin,6,0.000000,0.248739,0.000000,9.958811,36.202020
3,3.316448,2.066557,exponential_3,450,150,rastrigin,6,0.000000,0.621848,0.994957,0.915955,35.129825
3,3.316448,2.832683,exponential_3,450,150,rastrigin,6,0.000000,0.248739,0.000000,5.363503,35.396025
3,3.316448,5.322296,exponential_3,450,150,rastrigin,6,0.000000,0.000000,0.000000,5.614864,34.295565
3,4.545940,3.316448,exponential_3,450,150,rastrigin,6,0.000000,0.248739,0.000000,5.356808,45.261265
3,3.882831,1.099883,exponential_3,450,150,rastrigin,6,0.000000,0.994957,0.994957,1.151747,33.475860
3,5.322296,1.287720,exponential_3,450,150,rastrigin,6,0.000000,0.373109,0.497478,0.722629,32.771450
3,4.545940,4.545940,exponential_3,450,150,rastrigin,6,0.000000,0.248739,0.000000,0.667438,45.633745
3,4.545940,6.231237,exponential_3,450,150,rastrigin,6,0.000000,0.124370,0.000000,0.659980,45.255300
3,3.316448,7.295407,exponential_3,450,150,rastrigin,6,0.000000,0.310924,0.000000,5.351261,37.892670
3,3.316448,10.000000,exponential_3,450,150,rastrigin,6,0.000000,0.124370,0.000000,0.455947,35.811175
3,3.882831,0.802409,exponential_3,450,150,rastrigin,6,0.994957,2.549579,1.989918,2.953194,32.927680
3,5.322296,0.500000,exponential_3,450,150,rastrigin,6,0.000000,2.736136,1.989935,2.482912,43.352725
3,3.882831,1.507637,exponential_3,450,150,rastrigin,6,0.000000,0.746218,0.994957,1.056484,33.016120
3,5.322296,2.419483,exponential_3,450,150,rastrigin,6,0.000000,0.435294,0.000000,9.795446,34.147745
3,5.322296,0.685363,exponential_3,450,150,rastrigin,6,0.000000,1.678991,1.989914,1.792995,42.491995
3,3.882831,0.585390,exponential_3,450,150,rastrigin,6,0.994957,3.295799,3.482353,2.001723,35.017080
3,3.882831,2.066557,exponential_3,450,150,rastrigin,6,0.000000,0.373109,0.497478,5.338296,33.610920
3,5.322296,0.939444,exponential_3,450,150,rastrigin,6,0.000000,1.057142,0.994957,0.964648,44.624165
3,3.882831,2.832683,exponential_3,450,150,rastrigin,6,0.000000,0.186554,0.000000,5.371571,35.456555
3,5.322296,4.545940,exponential_3,450,150,rastrigin,6,0.000000,0.248739,0.000000,6.241661,36.696225
3,5.322296,1.765111,exponential_3,450,150,rastrigin,6,0.000000,0.373109,0.497478,5.335746,44.844345
3,3.882831,5.322296,exponential_3,450,150,rastrigin,6,0.000000,0.435294,0.497478,8.717022,36.682550
3,6.231237,1.287720,exponential_3,450,150,rastrigin,6,0.000000,0.559663,0.994957,7.436203,33.945525
3,6.231237,0.685363,exponential_3,450,150,rastrigin,6,0.000000,1.368066,1.989914,1.084230,35.909530
3,3.882831,3.882831,exponential_3,450,150,rastrigin,6,0.000000,0.248739,0.000000,8.772914,37.174255
3,6.231237,0.500000,exponential_3,450,150,rastrigin,6,0.000000,2.363024,2.984873,1.708172,37.174780
3,5.322296,8.541316,exponential_3,450,150,rastrigin,6,0.000000,0.062185,0.000000,5.389974,40.137175
3,6.231237,3.316448,exponential_3,450,150,rastrigin,6,0.000000,0.186554,0.000000,7.541949,35.702435
3,5.322296,3.316448,exponential_3,450,150,rastrigin,6,0.000000,0.062185,0.000000,5.390198,47.476755
3,4.545940,0.585390,exponential_3,450,150,rastrigin,6,0.000000,2.922688,2.984874,2.469420,36.861885
3,3.882831,7.295407,exponential_3,450,150,rastrigin,6,0.000000,0.124370,0.000000,9.337072,38.128235
3,4.545940,1.099883,exponential_3,450,150,rastrigin,6,0.000000,0.808403,0.994957,0.848635,34.509490
3,6.231237,4.545940,exponential_3,450,150,rastrigin,6,0.000000,0.124370,0.000000,8.812341,37.937550
3,6.231237,0.939444,exponential_3,450,150,rastrigin,6,0.000000,0.559663,0.994957,0.826474,46.195550
3,7.295407,0.685363,exponential_3,450,150,rastrigin,6,0.000000,0.932772,0.994957,0.744558,34.757715
3,4.545940,0.802409,exponential_3,450,150,rastrigin,6,0.994957,1.741176,1.989915,1.242702,33.651000
3,6.231237,1.765111,exponential_3,450,150,rastrigin,6,0.000000,0.373109,0.497479,5.338296,45.508365
3,5.322296,6.231237,exponential_3,450,150,rastrigin,6,0.000000,0.435294,0.497478,9.790394,51.270990
3,3.882831,10.000000,exponential_3,450,150,rastrigin,6,0.000000,1.803347,0.000000,10.662561,41.308335
3,7.295407,1.287720,exponential_3,450,150,rastrigin,6,0.000000,0.310924,0.000000,0.731141,34.511225
3,6.231237,6.231237,exponential_3,450,150,rastrigin,6,0.000000,0.435294,0.497478,9.891615,40.342045
3,4.545940,1.507637,exponential_3,450,150,rastrigin,6,0.000000,0.310924,0.000000,5.351262,35.011470
3,4.545940,2.832683,exponential_3,450,150,rastrigin,6,0.000000,0.124370,0.000000,7.406188,34.356335
3,6.231237,2.419483,exponential_3,450,150,rastrigin,6,0.000000,0.248739,0.000000,5.360503,48.450765
3,7.295407,1.765111,exponential_3,450,150,rastrigin,6,0.000000,0.559663,0.994957,8.674334,38.360965
3,7.295407,0.939444,exponential_3,450,150,rastrigin,6,0.000000,0.497479,0.497478,1.085371,42.098225
3,8.541316,1.287720,exponential_3,450,150,rastrigin,6,0.000000,0.373109,0.497478,7.324877,32.850490
3,8.541316,0.500000,exponential_3,450,150,rastrigin,6,0.000000,1.119327,0.994957,1.229689,35.603335
3,7.295407,2.419483,exponential_3,450,150,rastrigin,6,0.000000,0.310924,0.000000,7.988884,41.059580
3,7.295407,0.500000,exponential_3,450,150,rastrigin,6,0.000000,2.176469,2.487393,2.108277,45.228405
3,7.295407,4.545940,exponential_3,450,150,rastrigin,6,0.000000,0.124370,0.000000,5.380778,40.455665
3,4.545940,2.066557,exponential_3,450,150,rastrigin,6,0.000000,0.373109,0.497478,7.495043,39.951085
3,6.231237,8.541316,exponential_3,450,150,rastrigin,6,0.000000,0.248757,0.000031,7.367218,49.318400
3,8.541316,0.939444,exponential_3,450,150,rastrigin,6,0.000000,0.435294,0.994957,0.777087,38.547985
3,8.541316,1.765111,exponential_3,450,150,rastrigin,6,0.000000,0.186554,0.000000,5.371572,37.266080
3,7.295407,8.541316,exponential_3,450,150,rastrigin,6,0.000013,3.437537,0.005337,12.741720,42.007560
3,10.000000,0.500000,exponential_3,450,150,rastrigin,6,0.000000,0.621849,0.994957,5.717929,35.755545
3,8.541316,0.685363,exponential_3,450,150,rastrigin,6,0.000000,0.684033,0.994957,5.362350,41.587670
3,10.000000,1.765111,exponential_3,450,150,rastrigin,6,0.000000,0.124370,0.000000,7.556868,31.526395
3,7.295407,3.316448,exponential_3,450,150,rastrigin,6,0.000000,0.186554,0.000000,0.474564,46.992700
3,4.545940,10.000000,exponential_3,450,150,rastrigin,6,0.000000,0.559663,0.994957,9.740741,35.331280
3,8.541316,4.545940,exponential_3,450,150,rastrigin,6,0.000000,0.310924,0.000000,7.511043,38.834285
3,8.541316,6.231237,exponential_3,450,150,rastrigin,6,0.000000,0.497495,0.994957,9.657108,39.457675
3,7.295407,6.231237,exponential_3,450,150,rastrigin,6,0.000000,0.186554,0.000000,8.888550,47.419435
3,8.541316,8.541316,exponential_3,450,150,rastrigin,6,0.008936,0.988394,1.181925,6.103659,40.010305
3,10.000000,1.287720,exponential_3,450,150,rastrigin,6,0.000000,0.124370,0.000000,5.380778,35.546320
3,10.000000,0.939444,exponential_3,450,150,rastrigin,6,0.000000,0.559663,0.994957,0.722629,38.566615
3,10.000000,2.419483,exponential_3,450,150,rastrigin,6,0.000000,0.373109,0.497478,7.344446,36.076205
3,5.322296,1.507637,exponential_3,450,150,rastrigin,6,0.000000,0.435294,0.994957,9.717851,35.087795
3,10.000000,0.685363,exponential_3,450,150,rastrigin,6,0.000000,0.373109,0.497478,0.586519,43.620355
3,8.541316,3.316448,exponential_3,450,150,rastrigin,6,0.000000,0.497478,0.994957,10.200420,45.646355
3,10.000000,3.316448,exponential_3,450,150,rastrigin,6,0.000000,0.497478,0.994957,7.311350,38.486905
3,0.500000,0.500000,exponential_5,450,150,rastrigin,6,5.581909,12.469849,14.035672,6.304056,29.759690
3,8.541316,2.419483,exponential_3,450,150,rastrigin,6,0.000000,0.373109,0.000000,9.814754,49.836055
3,10.000000,6.231237,exponential_3,450,150,rastrigin,6,0.000118,0.378207,0.511459,7.977512,35.045425
3,0.500000,0.685363,exponential_5,450,150,rastrigin,6,4.249531,11.516263,13.374420,6.531880,29.860375
3,10.000000,4.545940,exponential_3,450,150,rastrigin,6,0.000000,0.435294,0.994957,9.465983,37.978610
3,5.322296,2.832683,exponential_3,450,150,rastrigin,6,0.000000,0.124370,0.000000,5.380778,32.563405
3,10.000000,8.541316,exponential_3,450,150,rastrigin,6,0.101744,1.553468,1.548037,11.233309,37.922550
3,4.545940,3.882831,exponential_3,450,150,rastrigin,6,0.000000,0.248739,0.000000,10.292267,45.827740
3,0.500000,0.939444,exponential_5,450,150,rastrigin,6,4.532406,14.537416,15.487760,5.669431,33.133230
3,5.322296,0.585390,exponential_3,450,150,rastrigin,6,0.994957,2.114285,1.989916,1.652948,39.900555
3,4.545940,7.295407,exponential_3,450,150,rastrigin,6,0.000000,0.248739,0.000000,8.772915,45.397385
3,0.500000,1.287720,exponential_5,450,150,rastrigin,6,5.983328,9.396216,11.065905,3.464178,33.323000
3,4.545940,5.322296,exponential_3,450,150,rastrigin,6,0.000000,0.248739,0.000000,7.376053,47.248910
3,0.500000,1.765111,exponential_5,450,150,rastrigin,6,8.054089,12.063780,13.731364,4.093012,32.862775
3,6.231237,1.507637,exponential_3,450,150,rastrigin,6,0.000000,0.186554,0.000000,0.474564,32.879970
3,5.322296,0.802409,exponential_3,450,150,rastrigin,6,0.000000,1.057142,0.994957,0.838366,40.474680
3,6.231237,0.802409,exponential_3,450,150,rastrigin,6,0.000000,0.808403,0.994957,1.222625,33.476890
3,5.322296,5.322296,exponential_3,450,150,rastrigin,6,0.000000,1.803347,0.000000,11.411371,37.617215
3,0.500000,2.419483,exponential_5,450,150,rastrigin,6,2.996553,7.167280,6.978687,6.198480,34.739905
3,6.231237,0.585390,exponential_3,450,150,rastrigin,6,0.000000,1.243697,0.994960,1.253607,34.665540
3,5.322296,10.000000,exponential_3,450,150,rastrigin,6,0.000000,0.062296,0.000002,5.389947,36.496775
3,5.322296,1.099883,exponential_3,450,150,rastrigin,6,0.000000,0.559663,0.994957,0.884337,43.076960
3,0.500000,4.545940,exponential_5,450,150,rastrigin,6,0.000000,2.798431,2.984892,1.821003,33.128315
3,0.500000,6.231237,exponential_5,450,150,rastrigin,6,0.000000,2.300874,2.984879,2.069765,33.167290
3,0.500000,3.316448,exponential_5,450,150,rastrigin,6,1.992966,5.550811,6.481597,4.435310,34.942190
3,6.231237,3.882831,exponential_3,450,150,rastrigin,6,0.000000,0.248739,0.000000,9.857527,37.256040
3,7.295407,0.802409,exponential_3,450,150,rastrigin,6,0.000000,0.621848,0.994957,0.696470,33.098250
3,0.500000,8.541316,exponential_5,450,150,rastrigin,6,0.000000,1.119336,1.492502,1.307714,33.297600
3,5.322296,2.066557,exponential_3,450,150,rastrigin,6,0.000000,0.248739,0.000000,0.667438,44.634615
3,6.231237,5.322296,exponential_3,450,150,rastrigin,6,0.000000,0.310924,0.000000,8.752722,36.931430
3,5.322296,3.882831,exponential_3,450,150,rastrigin,6,0.000000,0.186554,0.000000,5.371572,41.557420
3,0.585390,0.500000,exponential_5,450,150,rastrigin,6,10.414253,15.842879,17.709034,5.682633,35.272955
3,0.585390,0.685363,exponential_5,450,150,rastrigin,6,3.635044,13.733032,15.518905,6.636884,34.398905
3,6.231237,1.099883,exponential_3,450,150,rastrigin,6,0.000000,0.746218,0.994957,5.267360,43.214470
3,7.295407,1.507637,exponential_3,450,150,rastrigin,6,0.000000,0.248739,0.000000,6.236038,39.220965
3,7.295407,2.066557,exponential_3,450,150,rastrigin,6,0.000000,0.248739,0.000000,7.376053,35.701310
3,7.295407,2.832683,exponential_3,450,150,rastrigin,6,0.000000,0.124370,0.000000,0.569390,35.552110
3,6.231237,7.295407,exponential_3,450,150,rastrigin,6,0.000000,0.621848,0.994957,9.715416,40.283590
3,0.585390,0.939444,exponential_5,450,150,rastrigin,6,3.110790,8.903166,9.741223,6.944904,38.847675
3,8.541316,0.585390,exponential_3,450,150,rastrigin,6,0.000000,0.870587,0.994957,0.696470,36.290100
3,8.541316,1.507637,exponential_3,450,150,rastrigin,6,0.000000,0.559663,0.994957,9.740721,36.434725
3,5.322296,7.295407,exponential_3,450,150,rastrigin,6,0.000000,0.310924,0.000000,7.351184,43.751595
3,8.541316,1.099883,exponential_3,450,150,rastrigin,6,0.000000,0.248739,0.000000,7.367157,33.924800
3,6.231237,2.066557,exponential_3,450,150,rastrigin,6,0.000000,0.248739,0.000000,5.576155,46.916935
3,0.585390,1.287720,exponential_5,450,150,rastrigin,6,3.423700,10.278925,11.479669,4.871171,37.611420
3,10.000000,0.585390,exponential_3,450,150,rastrigin,6,0.000000,0.497478,0.994957,0.848635,35.483020
3,7.295407,1.099883,exponential_3,450,150,rastrigin,6,0.000000,0.248739,0.000000,0.586518,42.293625
3,7.295407,5.322296,exponential_3,450,150,rastrigin,6,0.000000,0.435294,0.994957,9.350206,40.055590
3,8.541316,2.066557,exponential_3,450,150,rastrigin,6,0.000000,0.497478,0.994957,7.301018,37.683475
3,0.585390,1.765111,exponential_5,450,150,rastrigin,6,2.988533,7.134879,7.125015,5.621550,32.543770
3,7.295407,0.585390,exponential_3,450,150,rastrigin,6,0.000000,1.181512,0.994957,1.181446,41.563105
3,10.000000,2.066557,exponential_3,450,150,rastrigin,6,0.000000,0.124370,0.000000,5.380781,35.665205
3,6.231237,2.832683,exponential_3,450,150,rastrigin,6,0.000000,0.124370,0.000000,0.455947,45.112275
3,8.541316,0.802409,exponential_3,450,150,rastrigin,6,0.000000,0.310924,0.000000,0.494985,40.003820
3,7.295407,10.000000,exponential_3,450,150,rastrigin,6,0.027330,0.803728,1.066489,9.793754,43.430425
3,8.541316,7.295407,exponential_3,450,150,rastrigin,6,0.000076,0.377147,0.522640,8.523058,37.203885
3,0.585390,2.419483,exponential_5,450,150,rastrigin,6,2.984945,7.827425,9.953277,3.942557,33.768595
3,8.541316,5.322296,exponential_3,450,150,rastrigin,6,0.000000,0.186561,0.000000,9.090611,39.124135
3,10.000000,1.099883,exponential_3,450,150,rastrigin,6,0.000000,0.310924,0.000000,7.972808,35.066665
3,10.000000,2.832683,exponential_3,450,150,rastrigin,6,0.000000,0.435294,0.994957,7.468580,36.643175
3,8.541316,10.000000,exponential_3,450,150,rastrigin,6,0.161106,2.309444,2.448895,9.752241,38.759445
3,10.000000,1.507637,exponential_3,450,150,rastrigin,6,0.000000,0.124370,0.000000,8.029809,37.791150
3,6.231237,10.000000,exponential_3,450,150,rastrigin,6,0.000008,0.439331,0.994995,6.203296,49.411470
3,0.500000,0.585390,exponential_5,450,150,rastrigin,6,5.077061,12.925281,14.240114,7.403306,33.954530
3,10.000000,3.882831,exponential_3,450,150,rastrigin,6,0.000000,0.248739,0.000000,5.361657,37.146555
3,0.500000,0.802409,exponential_5,450,150,rastrigin,6,5.857550,13.553826,16.137844,5.365824,33.343530
3,7.295407,3.882831,exponential_3,450,150,rastrigin,6,0.000000,0.310924,0.000000,7.341582,48.162895
3,0.585390,3.316448,exponential_5,450,150,rastrigin,6,0.000000,3.546082,3.979862,2.639938,32.997630
3,10.000000,7.295407,exponential_3,450,150,rastrigin,6,0.013783,0.947245,1.023101,8.377020,35.658010
3,7.295407,7.295407,exponential_3,450,150,rastrigin,6,0.000000,0.126254,0.000000,9.811980,44.709120
3,0.500000,1.099883,exponential_5,450,150,rastrigin,6,2.036863,11.615015,13.200404,6.515594,33.076505
3,10.000000,0.802409,exponential_3,450,150,rastrigin,6,0.000000,0.559663,0.994957,7.581224,44.699640
3,0.500000,2.066557,exponential_5,450,150,rastrigin,6,2.360687,8.860779,11.352260,5.510659,31.716335
3,8.541316,3.882831,exponential_3,450,150,rastrigin,6,0.000000,0.248739,0.000000,7.526675,45.097655
3,0.500000,1.507637,exponential_5,450,150,rastrigin,6,4.084175,10.613033,11.912843,5.064683,35.082840
3,0.685363,1.287720,exponential_5,450,150,rastrigin,6,1.008568,9.654038,11.081151,6.077693,31.391070
3,10.000000,10.000000,exponential_3,450,150,rastrigin,6,2.397762,4.930586,5.477358,8.840623,40.192165
3,10.000000,5.322296,exponential_3,450,150,rastrigin,6,0.000000,0.311018,0.000697,0.588563,41.686890
3,8.541316,2.832683,exponential_3,450,150,rastrigin,6,0.000000,0.621848,0.994957,9.163404,45.595480
3,0.685363,0.685363,exponential_5,450,150,rastrigin,6,2.100552,10.909840,13.358942,5.419481,34.879005
3,0.500000,2.832683,exponential_5,450,150,rastrigin,6,0.995050,6.197169,6.727588,4.747096,32.990485
3,0.685363,3.316448,exponential_5,450,150,rastrigin,6,0.994999,3.671820,3.979836,3.064430,33.512045
3,0.500000,5.322296,exponential_5,450,150,rastrigin,6,0.994957,3.357993,3.482358,3.009642,31.649360
3,0.585390,8.541316,exponential_5,450,150,rastrigin,6,0.000000,0.994958,0.994966,1.316205,42.169060
3,0.685363,1.765111,exponential_5,450,150,rastrigin,6,1.132481,6.453255,6.991768,4.630583,36.345165
3,0.585390,4.545940,exponential_5,450,150,rastrigin,6,0.000000,3.234674,3.979833,5.197260,45.167770
3,0.585390,6.231237,exponential_5,450,150,rastrigin,6,0.000000,2.052102,2.487395,1.277077,44.111075
3,0.685363,2.419483,exponential_5,450,150,rastrigin,6,0.995338,5.543082,6.964746,5.099816,36.342885
3,0.685363,0.500000,exponential_5,450,150,rastrigin,6,6.769728,17.010929,18.489353,6.081819,43.437300
3,0.685363,8.541316,exponential_5,450,150,rastrigin,6,0.000000,0.870588,0.994959,0.974855,31.262115
3,0.500000,3.882831,exponential_5,450,150,rastrigin,6,0.996445,3.856807,4.976416,3.357517,34.175135
3,0.685363,6.231237,exponential_5,450,150,rastrigin,6,0.994957,1.554623,1.989915,1.345034,33.339165
3,0.685363,0.939444,exponential_5,450,150,rastrigin,6,3.236479,13.459710,15.311988,6.381903,43.642460
3,0.500000,7.295407,exponential_5,450,150,rastrigin,6,0.000000,1.741176,1.989917,2.048744,37.481000
3,0.685363,4.545940,exponential_5,450,150,rastrigin,6,0.000000,2.611765,2.984874,2.211410,39.988365
3,0.500000,10.000000,exponential_5,450,150,rastrigin,6,0.000000,1.057143,0.994958,1.445260,35.430705
3,0.802409,0.685363,exponential_5,450,150,rastrigin,6,5.279510,10.827809,12.112488,6.189569,36.150015
3,0.585390,0.802409,exponential_5,450,150,rastrigin,6,6.000288,12.634479,14.462852,6.224362,34.233560
3,0.802409,4.545940,exponential_5,450,150,rastrigin,6,0.994959,2.300840,2.487396,1.438394,32.736175
3,0.802409,1.765111,exponential_5,450,150,rastrigin,6,3.003868,7.406018,7.963838,3.952431,34.856375
3,0.585390,0.585390,exponential_5,450,150,rastrigin,6,5.687893,12.816397,14.071587,5.760706,39.208085
3,0.802409,0.500000,exponential_5,450,150,rastrigin,6,3.007069,13.524185,16.185600,5.621328,41.890395
3,0.802409,3.316448,exponential_5,450,150,rastrigin,6,0.000000,2.300842,2.487401,1.873983,35.461240
3,0.802409,2.419483,exponential_5,450,150,rastrigin,6,1.989916,4.912984,5.472942,3.221815,36.702570
3,0.802409,0.939444,exponential_5,450,150,rastrigin,6,5.479744,10.432342,11.452278,5.069660,41.993355
3,0.585390,1.099883,exponential_5,450,150,rastrigin,6,3.022734,10.088492,12.495706,6.691463,36.119425
3,0.802409,1.287720,exponential_5,450,150,rastrigin,6,2.991405,7.195336,7.966831,5.412088,40.353555
3,0.802409,8.541316,exponential_5,450,150,rastrigin,6,0.000000,0.932772,0.994957,1.421085,35.162775
3,0.802409,6.231237,exponential_5,450,150,rastrigin,6,0.000000,1.741175,1.989914,6.446960,36.599885
3,0.585390,2.066557,exponential_5,450,150,rastrigin,6,1.994457,6.872613,7.968504,4.177348,32.037535
3,0.939444,2.419483,exponential_5,450,150,rastrigin,6,0.994957,3.482638,3.979855,1.877343,33.731745
3,0.939444,0.685363,exponential_5,450,150,rastrigin,6,6.074507,11.531108,13.178007,8.105433,37.552715
3,0.585390,1.507637,exponential_5,450,150,rastrigin,6,2.447008,9.159289,11.493769,7.514867,38.081220
3,0.939444,1.287720,exponential_5,450,150,rastrigin,6,1.023094,8.068503,9.980814,5.571380,38.156600
3,0.939444,0.500000,exponential_5,450,150,rastrigin,6,5.179688,12.326105,13.512266,5.993855,40.542180
3,0.939444,3.316448,exponential_5,450,150,rastrigin,6,0.994957,2.673977,2.984879,2.026258,37.066590
3,0.939444,6.231237,exponential_5,450,150,rastrigin,6,0.000000,0.808403,0.994957,1.484956,34.067120
3,0.939444,0.939444,exponential_5,450,150,rastrigin,6,3.067913,9.618180,10.774358,5.512468,40.549075
3,0.585390,2.832683,exponential_5,450,150,rastrigin,6,1.989916,5.038547,5.969765,4.041367,34.279185
3,1.099883,4.545940,exponential_5,450,150,rastrigin,6,0.000000,1.243697,1.989914,1.437533,31.877380
3,1.099883,0.685363,exponential_5,450,150,rastrigin,6,4.998348,10.906448,11.280398,4.933436,35.626090
3,0.939444,4.545940,exponential_5,450,150,rastrigin,6,0.000000,1.989916,1.989923,2.077533,40.515925
3,1.099883,8.541316,exponential_5,450,150,rastrigin,6,0.000000,0.559663,0.994957,7.434066,30.106680
3,1.099883,1.765111,exponential_5,450,150,rastrigin,6,1.989916,4.415766,4.974790,3.735934,35.584125
3,1.099883,2.419483,exponential_5,450,150,rastrigin,6,0.000116,2.673970,2.984877,2.122300,36.661620
3,1.287720,0.685363,exponential_5,450,150,rastrigin,6,4.993792,10.568510,12.609368,7.032311,30.659235
3,0.939444,1.765111,exponential_5,450,150,rastrigin,6,1.989916,5.227156,4.976768,3.728946,46.132650
3,1.099883,1.287720,exponential_5,450,150,rastrigin,6,3.979843,6.776834,6.967246,4.487595,38.186940
3,1.099883,0.939444,exponential_5,450,150,rastrigin,6,1.288197,6.954309,7.465508,6.288839,39.016655
3,1.287720,0.500000,exponential_5,450,150,rastrigin,6,2.469582,10.644307,12.167076,5.625794,32.797620
3,1.099883,3.316448,exponential_5,450,150,rastrigin,6,0.000000,1.678997,2.984872,1.818347,37.670130
3,1.099883,0.500000,exponential_5,450,150,rastrigin,6,6.334629,12.130370,12.218587,5.581888,41.855680
3,0.939444,8.541316,exponential_5,450,150,rastrigin,6,0.000000,0.684034,0.994957,1.366935,42.891405
3,1.287720,1.287720,exponential_5,450,150,rastrigin,6,0.995857,4.924457,5.969851,3.576600,31.677775
3,1.287720,4.545940,exponential_5,450,150,rastrigin,6,0.000000,0.994958,0.994957,5.435926,29.387505
3,1.507637,0.500000,exponential_5,450,150,rastrigin,6,3.999851,10.753028,12.259749,7.254341,28.227675
3,1.099883,6.231237,exponential_5,450,150,rastrigin,6,0.000000,1.181513,0.994961,5.194737,39.746390
3,1.287720,2.419483,exponential_5,450,150,rastrigin,6,0.994957,2.673952,2.984875,2.235331,33.264710
3,1.507637,0.685363,exponential_5,450,150,rastrigin,6,0.257812,7.472728,9.079937,4.165105,28.423525
3,0.585390,3.882831,exponential_5,450,150,rastrigin,6,0.994957,3.607327,4.480206,2.780220,36.725475
3,0.685363,1.507637,exponential_5,450,150,rastrigin,6,3.028341,8.041813,9.334502,4.547145,33.533610
3,1.287720,3.316448,exponential_5,450,150,rastrigin,6,0.000000,1.554622,1.989916,1.517922,38.287025
3,1.287720,8.541316,exponential_5,450,150,rastrigin,6,0.000000,0.808403,0.994957,7.996719,36.331915
3,0.685363,0.802409,exponential_5,450,150,rastrigin,6,3.323778,8.300032,10.102843,3.806255,31.992910
3,1.507637,1.765111,exponential_5,450,150,rastrigin,6,0.994957,3.233617,3.482374,2.087053,29.919920
3,0.685363,3.882831,exponential_5,450,150,rastrigin,6,0.994959,2.984902,2.984875,2.331239,32.130765
3,1.287720,1.765111,exponential_5,450,150,rastrigin,6,1.989918,5.036999,5.969748,2.740638,41.782185
3,1.287720,0.939444,exponential_5,450,150,rastrigin,6,2.987293,7.724917,9.573269,4.808318,44.476110
3,1.507637,1.287720,exponential_5,450,150,rastrigin,6,1.990114,4.482856,4.974847,2.420058,33.186975
3,1.287720,6.231237,exponential_5,450,150,rastrigin,6,0.000000,1.243697,0.994959,8.665080,40.617855
3,0.685363,2.066557,exponential_5,450,150,rastrigin,6,2.024683,6.476791,7.475478,3.664887,32.532330
3,1.507637,0.939444,exponential_5,450,150,rastrigin,6,2.984877,5.554679,6.469183,5.460234,42.889875
3,0.685363,2.832683,exponential_5,450,150,rastrigin,6,0.996260,3.731557,3.980256,3.131704,33.616780
3,1.507637,2.419483,exponential_5,450,150,rastrigin,6,0.000000,1.989916,1.989918,1.616615,30.294065
3,0.585390,10.000000,exponential_5,450,150,rastrigin,6,0.000000,1.181512,0.994960,1.591931,38.678185
3,0.685363,10.000000,exponential_5,450,150,rastrigin,6,0.000000,1.057142,0.994958,1.388492,31.744060
3,0.685363,7.295407,exponential_5,450,150,rastrigin,6,0.000000,1.119328,1.492436,1.471562,30.381205
3,0.802409,0.802409,exponential_5,450,150,rastrigin,6,6.120222,10.687593,12.122532,5.281439,31.086595
3,1.507637,4.545940,exponential_5,450,150,rastrigin,6,0.000000,0.684033,0.994957,0.889918,33.036725
3,1.507637,6.231237,exponential_5,450,150,rastrigin,6,0.000000,0.994958,0.994958,5.222295,32.457065
3,1.507637,3.316448,exponential_5,450,150,rastrigin,6,0.000000,1.181512,1.492437,0.860222,36.229555
3,0.585390,7.295407,exponential_5,450,150,rastrigin,6,0.000000,1.865546,1.989916,1.458047,42.571315
3,0.585390,5.322296,exponential_5,450,150,rastrigin,6,0.994957,2.860504,2.984877,1.554174,45.120380
3,0.802409,3.882831,exponential_5,450,150,rastrigin,6,0.000004,1.927733,1.989917,4.771635,31.506585
3,0.802409,5.322296,exponential_5,450,150,rastrigin,6,0.000000,0.932772,0.994957,1.048254,35.411665
3,0.685363,0.585390,exponential_5,450,150,rastrigin,6,3.993551,12.154309,12.747679,6.085918,44.438640
3,0.685363,5.322296,exponential_5,450,150,rastrigin,6,0.994957,1.989928,1.989921,1.581786,39.639245
3,0.685363,1.099883,exponential_5,450,150,rastrigin,6,2.060169,9.265930,11.019525,5.268697,41.179415
3,0.802409,2.066557,exponential_5,450,150,rastrigin,6,1.990082,5.240067,5.969831,3.405118,36.102750
3,1.507637,8.541316,exponential_5,450,150,rastrigin,6,0.000000,1.305883,1.492437,7.868102,36.146200
3,0.802409,2.832683,exponential_5,450,150,rastrigin,6,0.994961,3.109295,3.482405,2.813327,36.075790
3,0.802409,7.295407,exponential_5,450,150,rastrigin,6,0.000000,1.057142,0.994957,1.315265,33.391380
3,0.939444,2.832683,exponential_5,450,150,rastrigin,6,0.000000,2.238691,2.487489,3.194707,32.383830
3,1.765111,0.500000,exponential_5,450,150,rastrigin,6,3.285061,8.633617,10.462324,4.793097,36.975800
3,0.802409,10.000000,exponential_5,450,150,rastrigin,6,0.000000,0.870588,0.994957,0.788155,35.579780
3,1.765111,0.685363,exponential_5,450,150,rastrigin,6,1.989990,7.045408,7.967949,3.473429,34.702585
3,0.939444,0.802409,exponential_5,450,150,rastrigin,6,3.065819,8.869995,8.298189,6.333462,33.264885
3,0.939444,1.507637,exponential_5,450,150,rastrigin,6,2.984898,6.221821,6.965184,3.946644,32.858975
3,0.939444,7.295407,exponential_5,450,150,rastrigin,6,0.000000,0.870587,0.994957,0.848636,33.000120
3,0.802409,1.507637,exponential_5,450,150,rastrigin,6,1.991383,6.746949,7.477238,6.255379,39.979055
3,0.802409,0.585390,exponential_5,450,150,rastrigin,6,2.588947,11.490392,14.300909,7.502375,43.280495
3,0.939444,3.882831,exponential_5,450,150,rastrigin,6,0.000000,1.430252,1.989914,1.008545,34.598035
3,1.765111,0.939444,exponential_5,450,150,rastrigin,6,1.989950,5.412004,6.467990,3.458490,36.460975
3,0.802409,1.099883,exponential_5,450,150,rastrigin,6,4.178219,10.967814,13.051575,5.089521,42.846315
3,1.099883,5.322296,exponential_5,450,150,rastrigin,6,0.000000,0.870588,0.994957,0.848635,32.839080
3,1.765111,1.287720,exponential_5,450,150,rastrigin,6,0.994961,3.544750,2.984887,3.432099,33.968545
3,1.099883,0.802409,exponential_5,450,150,rastrigin,6,2.238190,8.530761,10.174921,6.355757,35.018470
3,0.939444,0.585390,exponential_5,450,150,rastrigin,6,6.550276,12.930346,13.399953,8.331063,40.679100
3,1.099883,10.000000,exponential_5,450,150,rastrigin,6,0.000000,0.808403,0.994958,7.368552,34.799855
3,1.287720,0.802409,exponential_5,450,150,rastrigin,6,2.028938,7.879648,9.457958,4.955075,34.183265
3,0.939444,1.099883,exponential_5,450,150,rastrigin,6,2.987053,7.375041,8.197523,4.469390,39.766520
3,1.099883,2.066557,exponential_5,450,150,rastrigin,6,0.994959,3.482568,3.980047,3.171279,36.031740
3,1.099883,3.882831,exponential_5,450,150,rastrigin,6,0.000000,1.865546,1.989922,1.349627,34.888615
3,1.099883,1.507637,exponential_5,450,150,rastrigin,6,1.989914,5.674786,6.476509,4.508790,35.406110
3,0.939444,5.322296,exponential_5,450,150,rastrigin,6,0.000000,1.181512,0.994958,1.437535,38.787120
3,1.099883,2.832683,exponential_5,450,150,rastrigin,6,0.000000,2.425211,2.984875,2.271032,37.493570
3,1.099883,1.099883,exponential_5,450,150,rastrigin,6,3.180134,8.127663,9.039241,7.002069,35.999195
3,1.287720,5.322296,exponential_5,450,150,rastrigin,6,0.000000,0.870588,0.994957,5.470184,31.027960
3,1.507637,0.585390,exponential_5,450,150,rastrigin,6,2.029621,8.427967,9.762253,5.433421,30.031750
3,1.287720,1.507637,exponential_5,450,150,rastrigin,6,1.990051,5.847716,6.964708,2.096864,32.713170
3,1.507637,0.802409,exponential_5,450,150,rastrigin,6,1.116257,6.680841,7.491512,4.738044,28.379815
3,1.287720,0.585390,exponential_5,450,150,rastrigin,6,3.181965,10.265681,11.728172,5.009011,38.791205
3,1.099883,0.585390,exponential_5,450,150,rastrigin,6,4.044312,10.027569,10.970779,5.858113,41.340960
3,1.287720,2.832683,exponential_5,450,150,rastrigin,6,0.000000,2.425212,2.984887,2.227018,34.648715
3,1.765111,2.419483,exponential_5,450,150,rastrigin,6,0.000000,1.243697,1.492436,1.691429,33.219995
3,0.939444,2.066557,exponential_5,450,150,rastrigin,6,1.990341,4.104690,3.980742,2.222172,44.255415
3,1.765111,1.765111,exponential_5,450,150,rastrigin,6,0.994957,2.114286,1.989923,2.489380,33.903870
3,1.507637,2.066557,exponential_5,450,150,rastrigin,6,0.994957,1.989931,1.989920,1.719720,29.992565
3,0.939444,10.000000,exponential_5,450,150,rastrigin,6,0.000000,1.243696,1.492435,7.246589,42.452045
3,1.099883,7.295407,exponential_5,450,150,rastrigin,6,0.000000,1.181512,1.989914,1.720442,38.504110
3,1.287720,10.000000,exponential_5,450,150,rastrigin,6,0.000000,1.181512,1.492437,6.272182,33.912125
3,1.765111,3.316448,exponential_5,450,150,rastrigin,6,0.000000,0.932773,0.994957,1.986803,34.214495
3,1.765111,4.545940,exponential_5,450,150,rastrigin,6,0.000000,0.684033,0.994957,0.621351,33.656155
3,1.287720,3.882831,exponential_5,450,150,rastrigin,6,0.000000,1.616806,1.989915,2.279189,37.887925
3,2.066557,0.685363,exponential_5,450,150,rastrigin,6,2.985104,7.595110,8.457803,4.346567,26.300940
3,1.507637,1.507637,exponential_5,450,150,rastrigin,6,0.994987,4.042333,4.974790,3.366628,31.882420
3,2.066557,0.939444,exponential_5,450,150,rastrigin,6,0.995052,4.291259,5.472379,2.959704,27.081405
3,1.507637,2.832683,exponential_5,450,150,rastrigin,6,0.000000,1.865546,1.989917,1.588820,32.517995
3,1.765111,6.231237,exponential_5,450,150,rastrigin,6,0.000000,0.808403,0.994957,0.884338,33.799920
3,1.507637,7.295407,exponential_5,450,150,rastrigin,6,0.000000,0.870587,0.994957,5.244758,26.559975
3,1.287720,2.066557,exponential_5,450,150,rastrigin,6,0.994957,2.922697,2.984897,2.891798,39.249150
3,2.066557,1.287720,exponential_5,450,150,rastrigin,6,0.000000,2.300853,2.487406,1.926094,30.084905
3,1.765111,8.541316,exponential_5,450,150,rastrigin,6,0.000000,0.559664,0.994957,6.169642,35.055415
3,2.066557,4.545940,exponential_5,450,150,rastrigin,6,0.000000,0.808403,0.994957,1.008545,26.192325
3,1.507637,5.322296,exponential_5,450,150,rastrigin,6,0.000000,0.808403,0.994957,0.764242,31.763890
3,1.287720,1.099883,exponential_5,450,150,rastrigin,6,1.990593,5.732319,6.965082,2.860256,41.867280
3,2.066557,3.316448,exponential_5,450,150,rastrigin,6,0.000000,1.119327,1.492435,1.066973,29.914660
3,1.507637,3.882831,exponential_5,450,150,rastrigin,6,0.000000,1.243697,1.989914,1.107938,32.332825
3,1.287720,7.295407,exponential_5,450,150,rastrigin,6,0.000000,0.684033,0.994957,0.736201,41.399500
3,2.066557,0.500000,exponential_5,450,150,rastrigin,6,2.994961,8.617002,10.956411,5.096588,39.344785
3,1.507637,1.099883,exponential_5,450,150,rastrigin,6,1.993708,4.303272,4.975045,3.539027,43.253115
3,2.419483,0.939444,exponential_5,450,150,rastrigin,6,0.995085,4.850475,5.969748,2.857354,30.031635
3,2.419483,0.685363,exponential_5,450,150,rastrigin,6,1.989918,5.729589,6.519594,4.950988,31.036435
3,1.507637,10.000000,exponential_5,450,150,rastrigin,6,0.000000,0.621848,0.994957,0.826474,30.937545
3,2.419483,1.287720,exponential_5,450,150,rastrigin,6,0.000000,1.989925,1.989981,2.857360,30.321940
3,1.765111,0.585390,exponential_5,450,150,rastrigin,6,3.994862,10.429257,11.946317,3.988660,30.200850
3,2.419483,1.765111,exponential_5,450,150,rastrigin,6,0.000000,1.430252,1.989915,1.768676,32.960045
3,2.066557,1.765111,exponential_5,450,150,rastrigin,6,0.000000,2.052101,1.989918,2.333383,42.735180
3,2.066557,2.419483,exponential_5,450,150,rastrigin,6,0.000000,1.430252,1.989914,1.229689,42.047295
3,2.419483,2.419483,exponential_5,450,150,rastrigin,6,0.000000,1.243698,1.989914,0.968488,33.248170
3,2.419483,3.316448,exponential_5,450,150,rastrigin,6,0.000000,1.057143,0.994959,1.018313,31.552345
3,1.765111,0.802409,exponential_5,450,150,rastrigin,6,0.995661,5.193856,6.158657,3.402807,33.045750
3,2.066557,6.231237,exponential_5,450,150,rastrigin,6,0.000000,0.870588,0.994957,5.470184,41.806945
3,2.419483,4.545940,exponential_5,450,150,rastrigin,6,0.000000,0.746218,0.994957,5.257952,32.129685
3,2.066557,8.541316,exponential_5,450,150,rastrigin,6,0.000000,0.808403,0.994957,10.676799,42.706565
3,2.419483,6.231237,exponential_5,450,150,rastrigin,6,0.000000,0.559664,0.994957,9.951859,34.575350
3,2.832683,0.685363,exponential_5,450,150,rastrigin,6,1.989929,4.354237,4.974891,1.765302,32.902040
3,2.419483,0.500000,exponential_5,450,150,rastrigin,6,2.115322,7.571581,7.966234,5.315613,44.255845
3,2.832683,1.287720,exponential_5,450,150,rastrigin,6,0.994957,1.989919,1.989918,1.489114,31.699880
3,1.765111,1.099883,exponential_5,450,150,rastrigin,6,1.989918,3.795857,3.488279,2.376276,33.226005
3,1.765111,1.507637,exponential_5,450,150,rastrigin,6,0.994957,2.549910,2.984875,2.898393,32.607785
3,2.832683,1.765111,exponential_5,450,150,rastrigin,6,0.000000,1.616806,1.989914,5.632474,33.995665
3,2.832683,3.316448,exponential_5,450,150,rastrigin,6,0.000000,0.870588,0.994958,5.468600,33.774235
3,3.316448,0.500000,exponential_5,450,150,rastrigin,6,1.990393,4.915934,5.477294,4.070597,32.645160
3,3.316448,0.685363,exponential_5,450,150,rastrigin,6,0.000000,3.047323,2.984895,4.121624,32.277805
3,2.419483,8.541316,exponential_5,450,150,rastrigin,6,0.000000,0.559663,0.994957,7.892909,41.642410
3,3.316448,1.287720,exponential_5,450,150,rastrigin,6,0.994957,1.554621,1.989914,1.331163,31.646835
3,2.832683,8.541316,exponential_5,450,150,rastrigin,6,0.000000,1.119327,0.994958,9.547879,34.990730
3,2.832683,4.545940,exponential_5,450,150,rastrigin,6,0.000000,1.057142,0.994957,5.408305,36.287510
3,3.316448,1.765111,exponential_5,450,150,rastrigin,6,0.000000,1.243696,0.994959,0.802160,32.428915
3,3.316448,2.419483,exponential_5,450,150,rastrigin,6,0.000000,0.746218,0.994957,0.989971,33.190600
3,2.832683,0.500000,exponential_5,450,150,rastrigin,6,0.000038,5.357666,5.970687,5.323794,44.372630
3,2.832683,2.419483,exponential_5,450,150,rastrigin,6,0.000000,1.057142,0.994958,0.958212,41.851670
3,2.832683,0.939444,exponential_5,450,150,rastrigin,6,0.000000,2.487403,2.984879,2.112996,43.759145
3,3.316448,4.545940,exponential_5,450,150,rastrigin,6,0.000000,1.057142,1.492436,5.249949,33.943325
3,3.316448,3.316448,exponential_5,450,150,rastrigin,6,0.000000,0.684033,0.994957,0.665582,35.061945
3,3.882831,0.685363,exponential_5,450,150,rastrigin,6,0.994957,3.482356,3.482358,3.175692,31.700575
3,2.832683,6.231237,exponential_5,450,150,rastrigin,6,0.000000,0.684033,0.994957,6.184524,42.216810
3,3.316448,6.231237,exponential_5,450,150,rastrigin,6,0.000000,0.994957,0.994957,5.441823,35.234365
3,3.882831,1.287720,exponential_5,450,150,rastrigin,6,0.000000,1.305882,0.994959,1.678945,30.825710
3,3.316448,8.541316,exponential_5,450,150,rastrigin,6,0.000000,0.559664,0.994957,0.968488,35.654160
3,1.765111,2.832683,exponential_5,450,150,rastrigin,6,0.000000,1.616806,1.989917,1.254594,35.494225
3,1.765111,2.066557,exponential_5,450,150,rastrigin,6,0.994957,1.616807,1.989916,1.356942,34.297400
3,3.316448,0.939444,exponential_5,450,150,rastrigin,6,0.000000,2.673955,2.984874,1.731224,45.290280
3,1.765111,3.882831,exponential_5,450,150,rastrigin,6,0.000000,1.119327,0.994957,5.184245,33.426425
3,3.882831,0.939444,exponential_5,450,150,rastrigin,6,0.000000,1.430253,1.989916,1.961733,38.945835
3,3.882831,3.316448,exponential_5,450,150,rastrigin,6,0.000000,0.684033,0.994957,8.011030,34.870005
3,2.066557,0.802409,exponential_5,450,150,rastrigin,6,1.989923,6.724676,8.461300,4.585557,31.899760
3,2.066557,1.099883,exponential_5,450,150,rastrigin,6,0.000021,3.109267,3.482365,3.019490,31.394100
3,3.882831,6.231237,exponential_5,450,150,rastrigin,6,0.000000,0.994957,0.994957,0.674813,32.422145
3,3.882831,0.500000,exponential_5,450,150,rastrigin,6,1.989922,4.228625,5.472291,2.402047,43.560835
3,1.765111,5.322296,exponential_5,450,150,rastrigin,6,0.000000,0.497485,0.497530,5.343882,36.772435
3,3.882831,8.541316,exponential_5,450,150,rastrigin,6,0.000000,1.181512,0.994958,7.088619,33.402480
3,4.545940,0.500000,exponential_5,450,150,rastrigin,6,0.994961,3.980216,3.979957,4.141452,33.018450
3,2.066557,5.322296,exponential_5,450,150,rastrigin,6,0.000000,0.994957,0.994957,0.808307,29.719245
3,1.765111,7.295407,exponential_5,450,150,rastrigin,6,0.000000,0.621848,0.994957,5.287991,36.438500
3,3.882831,2.419483,exponential_5,450,150,rastrigin,6,0.000000,0.932773,0.994957,5.658980,43.482600
3,3.882831,1.765111,exponential_5,450,150,rastrigin,6,0.000000,0.808403,0.994957,1.557354,44.582225
3,2.066557,1.507637,exponential_5,450,150,rastrigin,6,0.000000,2.425220,2.984875,2.341851,34.745800
3,4.545940,0.939444,exponential_5,450,150,rastrigin,6,0.994957,1.865546,1.989918,1.894995,33.003895
3,2.066557,3.882831,exponential_5,450,150,rastrigin,6,0.000000,0.746218,0.994957,5.314137,31.633505
3,1.765111,10.000000,exponential_5,450,150,rastrigin,6,0.000000,0.684033,0.994957,7.876392,35.617585
3,4.545940,1.765111,exponential_5,450,150,rastrigin,6,0.000000,0.870587,0.994957,5.256308,33.094465
3,4.545940,0.685363,exponential_5,450,150,rastrigin,6,0.994957,3.420169,3.482353,2.466912,39.727475
3,3.882831,4.545940,exponential_5,450,150,rastrigin,6,0.000000,1.368067,1.492437,8.752585,45.567240
3,2.419483,1.099883,exponential_5,450,150,rastrigin,6,0.994957,2.363028,2.984873,2.839987,30.120545
3,2.419483,1.507637,exponential_5,450,150,rastrigin,6,0.000004,1.616814,1.989917,1.345030,28.998125
3,2.419483,0.802409,exponential_5,450,150,rastrigin,6,1.989964,4.917384,5.487802,3.608034,33.265710
3,4.545940,4.545940,exponential_5,450,150,rastrigin,6,0.000000,1.181512,0.994958,8.817983,32.700285
3,2.419483,2.066557,exponential_5,450,150,rastrigin,6,0.000000,1.430252,1.989915,1.315265,31.531325
3,4.545940,1.287720,exponential_5,450,150,rastrigin,6,0.000000,1.430252,1.989914,1.056484,40.635790
3,4.545940,6.231237,exponential_5,450,150,rastrigin,6,0.000000,1.057142,0.994957,10.288507,32.999140
3,2.419483,2.832683,exponential_5,450,150,rastrigin,6,0.000000,0.684033,0.994957,1.269302,30.283405
3,2.419483,5.322296,exponential_5,450,150,rastrigin,6,0.000000,0.559663,0.994957,5.375293,30.784025
3,2.419483,3.882831,exponential_5,450,150,rastrigin,6,0.000000,0.932773,0.994958,5.269239,33.746610
3,4.545940,8.541316,exponential_5,450,150,rastrigin,6,0.000000,0.808403,0.994957,5.254186,33.039220
3,4.545940,2.419483,exponential_5,450,150,rastrigin,6,0.000000,0.994958,0.994958,0.964647,44.537180
3,2.066557,0.585390,exponential_5,450,150,rastrigin,6,1.823990,7.005810,8.526364,6.166336,43.683125
3,2.832683,0.802409,exponential_5,450,150,rastrigin,6,1.989916,4.043690,4.974792,1.641923,29.739825
3,4.545940,3.316448,exponential_5,450,150,rastrigin,6,0.000000,0.684033,0.994957,9.135236,42.926860
3,2.419483,7.295407,exponential_5,450,150,rastrigin,6,0.000000,1.119327,0.994957,8.604458,32.444850
3,5.322296,0.500000,exponential_5,450,150,rastrigin,6,0.000000,2.673952,2.984879,1.926092,31.161015
3,2.832683,1.507637,exponential_5,450,150,rastrigin,6,0.000000,1.243697,1.989916,1.445260,33.359355
3,5.322296,0.685363,exponential_5,450,150,rastrigin,6,0.000000,1.678992,1.989917,1.787466,31.944035
3,2.832683,2.066557,exponential_5,450,150,rastrigin,6,0.000000,0.994958,0.994961,1.389382,32.780110
3,2.066557,2.832683,exponential_5,450,150,rastrigin,6,0.000000,1.305881,1.989914,0.911894,44.142565
3,2.066557,2.066557,exponential_5,450,150,rastrigin,6,0.000000,1.803362,1.989917,1.451240,45.504030
3,3.316448,0.802409,exponential_5,450,150,rastrigin,6,0.994957,3.109246,2.984876,2.462897,32.322235
3,2.832683,3.882831,exponential_5,450,150,rastrigin,6,0.000000,1.368067,1.989914,0.855895,34.179145
3,3.316448,0.585390,exponential_5,450,150,rastrigin,6,1.989922,4.232671,4.500710,3.117650,35.060085
3,2.832683,10.000000,exponential_5,450,150,rastrigin,6,0.000000,0.808403,0.994957,8.596392,31.803190
3,3.316448,1.507637,exponential_5,450,150,rastrigin,6,0.000000,1.119327,0.994957,1.682627,32.973780
3,2.832683,5.322296,exponential_5,450,150,rastrigin,6,0.000000,0.994958,0.994958,7.786138,32.396735
3,2.419483,0.585390,exponential_5,450,150,rastrigin,6,0.995171,6.285749,7.960133,4.024211,42.787135
3,2.066557,7.295407,exponential_5,450,150,rastrigin,6,0.000000,0.684033,0.994957,6.147719,47.918730
3,2.066557,10.000000,exponential_5,450,150,rastrigin,6,0.000000,0.994957,0.994957,0.838366,46.780125
3,3.316448,2.066557,exponential_5,450,150,rastrigin,6,0.000000,1.181512,0.994957,6.058326,34.948450
3,3.316448,2.832683,exponential_5,450,150,rastrigin,6,0.000000,0.808403,0.994957,5.257954,35.115095
3,3.316448,5.322296,exponential_5,450,150,rastrigin,6,0.000000,0.621848,0.994957,7.416211,36.492980
3,5.322296,1.287720,exponential_5,450,150,rastrigin,6,0.000000,0.621848,0.994957,1.367840,33.407080
3,3.882831,1.507637,exponential_5,450,150,rastrigin,6,0.000000,1.057142,0.994957,0.905084,34.628310
3,3.882831,0.802409,exponential_5,450,150,rastrigin,6,0.000000,1.803363,1.989914,2.724803,37.147700
3,2.419483,10.000000,exponential_5,450,150,rastrigin,6,0.000000,0.497479,0.497478,7.929143,47.082415
3,2.832683,0.585390,exponential_5,450,150,rastrigin,6,0.994961,3.546472,3.980334,2.992294,41.825155
3,3.316448,3.882831,exponential_5,450,150,rastrigin,6,0.000000,0.808403,0.994957,5.256305,39.365215
3,5.322296,0.939444,exponential_5,450,150,rastrigin,6,0.000000,1.181513,1.492436,1.188756,36.854960
3,3.316448,7.295407,exponential_5,450,150,rastrigin,6,0.000000,0.559663,0.994957,5.297343,38.612380
3,2.832683,2.832683,exponential_5,450,150,rastrigin,6,0.000000,0.746218,0.994957,5.257952,42.085980
3,5.322296,2.419483,exponential_5,450,150,rastrigin,6,0.000000,0.559664,0.994957,7.923568,34.093960
3,3.882831,3.882831,exponential_5,450,150,rastrigin,6,0.000000,0.870587,0.994957,0.788155,35.460210
3,3.316448,10.000000,exponential_5,450,150,rastrigin,6,0.000000,0.870588,0.994957,9.309707,39.340570
3,4.545940,0.585390,exponential_5,450,150,rastrigin,6,0.994957,3.482452,4.477366,2.697364,32.969535
3,5.322296,1.765111,exponential_5,450,150,rastrigin,6,0.000000,0.808403,0.994957,7.835619,39.487550
3,2.832683,1.099883,exponential_5,450,150,rastrigin,6,0.000000,1.678992,1.989916,1.484956,45.010225
3,5.322296,3.316448,exponential_5,450,150,rastrigin,6,0.000000,0.746218,0.994957,9.356763,38.399370
3,3.882831,7.295407,exponential_5,450,150,rastrigin,6,0.000000,0.684033,0.994957,0.736202,38.144000
3,2.832683,7.295407,exponential_5,450,150,rastrigin,6,0.000000,1.305882,0.994958,9.892139,44.927860
3,3.316448,1.099883,exponential_5,450,150,rastrigin,6,0.000000,2.300840,2.984874,2.012178,42.735415
3,5.322296,6.231237,exponential_5,450,150,rastrigin,6,0.000000,1.057142,0.994957,9.139028,35.670085
3,5.322296,4.545940,exponential_5,450,150,rastrigin,6,0.000000,0.621849,0.994957,9.258070,38.728795
3,3.882831,1.099883,exponential_5,450,150,rastrigin,6,0.000000,1.554622,1.989916,1.451240,42.916315
3,3.882831,10.000000,exponential_5,450,150,rastrigin,6,0.000000,1.119327,0.994957,10.489951,40.803200
3,3.882831,0.585390,exponential_5,450,150,rastrigin,6,1.989914,3.980316,3.983055,3.316248,41.842420
3,5.322296,8.541316,exponential_5,450,150,rastrigin,6,0.000000,0.435294,0.994957,7.468580,38.794210
3,6.231237,0.939444,exponential_5,450,150,rastrigin,6,0.000000,0.932773,0.994957,1.102340,35.835755
3,4.545940,1.099883,exponential_5,450,150,rastrigin,6,0.000000,1.368067,1.989914,0.838367,36.003635
3,6.231237,0.500000,exponential_5,450,150,rastrigin,6,0.000000,1.865548,1.989918,1.818352,37.873145
3,4.545940,2.066557,exponential_5,450,150,rastrigin,6,0.000000,0.994958,1.492435,5.241217,37.047320
3,6.231237,0.685363,exponential_5,450,150,rastrigin,6,0.994957,1.678992,1.989916,2.140316,39.022340
3,3.882831,2.066557,exponential_5,450,150,rastrigin,6,0.000000,0.932773,0.994957,1.193949,40.395230
3,6.231237,1.287720,exponential_5,450,150,rastrigin,6,0.000000,0.932773,0.994957,0.937322,36.293855
3,4.545940,5.322296,exponential_5,450,150,rastrigin,6,0.000000,0.684033,0.994957,5.491182,32.608790
3,6.231237,2.419483,exponential_5,450,150,rastrigin,6,0.000000,0.808403,0.994957,7.204985,34.134755
3,4.545940,0.802409,exponential_5,450,150,rastrigin,6,0.994957,2.860558,2.984875,2.041447,40.629305
3,6.231237,1.765111,exponential_5,450,150,rastrigin,6,0.000000,0.746218,0.994957,0.800617,37.598965
3,3.882831,2.832683,exponential_5,450,150,rastrigin,6,0.000000,1.119327,0.994958,9.217108,44.983240
3,6.231237,3.316448,exponential_5,450,150,rastrigin,6,0.000000,0.746218,0.994957,1.301076,35.647780
3,4.545940,7.295407,exponential_5,450,150,rastrigin,6,0.000000,0.994958,0.994957,9.141620,33.017245
3,3.882831,5.322296,exponential_5,450,150,rastrigin,6,0.000000,0.808403,0.994957,10.193383,42.771760
3,6.231237,4.545940,exponential_5,450,150,rastrigin,6,0.000000,0.932772,0.994957,8.793355,33.584535
3,6.231237,6.231237,exponential_5,450,150,rastrigin,6,0.000000,0.746218,0.994957,8.602145,34.205070
3,4.545940,10.000000,exponential_5,450,150,rastrigin,6,0.000000,0.932773,0.994957,9.176364,33.633155
3,6.231237,8.541316,exponential_5,450,150,rastrigin,6,0.000000,1.119327,0.994957,6.058210,34.885020
3,4.545940,1.507637,exponential_5,450,150,rastrigin,6,0.000000,1.119327,1.492435,1.156036,39.728060
3,7.295407,0.939444,exponential_5,450,150,rastrigin,6,0.000000,1.119327,1.492435,1.066974,30.672640
3,7.295407,0.685363,exponential_5,450,150,rastrigin,6,0.000000,1.119327,0.994957,0.860221,36.001315
3,5.322296,0.802409,exponential_5,450,150,rastrigin,6,0.000000,1.865546,1.989914,2.089411,32.185655
3,4.545940,2.832683,exponential_5,450,150,rastrigin,6,0.000000,0.932773,0.994957,6.311172,40.259210
3,7.295407,1.287720,exponential_5,450,150,rastrigin,6,0.000000,0.621849,0.994957,5.493904,34.672215
3,5.322296,0.585390,exponential_5,450,150,rastrigin,6,0.994957,2.736380,3.979832,2.494707,37.009940
3,7.295407,0.500000,exponential_5,450,150,rastrigin,6,0.000000,2.238655,1.989918,2.050555,41.782560
3,8.541316,0.500000,exponential_5,450,150,rastrigin,6,0.000000,1.181512,1.492436,1.018314,30.263425
3,7.295407,1.765111,exponential_5,450,150,rastrigin,6,0.000000,0.746218,0.994957,7.848743,35.898945
3,7.295407,4.545940,exponential_5,450,150,rastrigin,6,0.000000,0.684033,0.994957,7.386115,32.900320
3,4.545940,3.882831,exponential_5,450,150,rastrigin,6,0.000000,1.119327,0.994959,5.193784,41.709835
3,8.541316,0.685363,exponential_5,450,150,rastrigin,6,0.000000,1.430251,1.989914,0.659981,31.745790
3,7.295407,2.419483,exponential_5,450,150,rastrigin,6,0.000000,0.684033,0.994957,0.665581,37.866280
3,7.295407,8.541316,exponential_5,450,150,rastrigin,6,0.000000,0.746218,0.994957,7.231558,34.320140
3,7.295407,6.231237,exponential_5,450,150,rastrigin,6,0.000000,1.057142,1.492436,5.444108,35.860510
3,7.295407,3.316448,exponential_5,450,150,rastrigin,6,0.000000,0.870588,0.994957,5.471318,39.271865
3,8.541316,1.765111,exponential_5,450,150,rastrigin,6,0.000000,0.684033,0.994957,7.244030,33.295655
3,8.541316,0.939444,exponential_5,450,150,rastrigin,6,0.000000,0.808403,0.994957,6.120307,35.953290
3,8.541316,1.287720,exponential_5,450,150,rastrigin,6,0.000000,0.932773,0.994957,8.668625,35.643595
3,8.541316,2.419483,exponential_5,450,150,rastrigin,6,0.000000,1.119327,0.994959,7.924246,33.754045
3,10.000000,0.685363,exponential_5,450,150,rastrigin,6,0.000000,0.870588,0.994957,6.135597,29.695875
3,8.541316,3.316448,exponential_5,450,150,rastrigin,6,0.000000,0.559663,0.994957,10.175492,34.120495
3,10.000000,0.939444,exponential_5,450,150,rastrigin,6,0.000000,0.994957,0.994958,5.220180,30.554190
3,5.322296,1.507637,exponential_5,450,150,rastrigin,6,0.000000,0.932773,0.994958,5.453195,34.727020
3,10.000000,2.419483,exponential_5,450,150,rastrigin,6,0.000000,0.994957,0.994957,9.040721,29.667350
3,10.000000,0.500000,exponential_5,450,150,rastrigin,6,0.000000,1.430253,1.989915,1.711790,34.967150
3,8.541316,6.231237,exponential_5,450,150,rastrigin,6,0.000000,0.994957,0.994957,8.524683,38.011720
3,8.541316,4.545940,exponential_5,450,150,rastrigin,6,0.000000,1.181513,1.989915,8.587165,40.114000
3,10.000000,8.541316,exponential_5,450,150,rastrigin,6,0.000000,4.166358,1.989916,10.946250,30.723015
3,8.541316,8.541316,exponential_5,450,150,rastrigin,6,0.000000,1.119328,1.989914,10.499418,39.222530
3,5.322296,1.099883,exponential_5,450,150,rastrigin,6,0.000000,0.994958,0.994958,0.762621,36.885875
3,10.000000,1.287720,exponential_5,450,150,rastrigin,6,0.000000,0.621848,0.994957,0.994957,37.297280
3,10.000000,3.316448,exponential_5,450,150,rastrigin,6,0.000000,0.808403,0.994957,7.355085,36.263715
3,10.000000,4.545940,exponential_5,450,150,rastrigin,6,0.000000,1.057143,0.994959,7.135091,37.839685
3,5.322296,2.066557,exponential_5,450,150,rastrigin,6,0.000000,0.621848,0.994957,6.172105,36.909950
3,5.322296,2.832683,exponential_5,450,150,rastrigin,6,0.000000,1.119328,0.994957,5.183290,39.328410
3,6.231237,0.585390,exponential_5,450,150,rastrigin,6,0.994957,2.611765,2.487398,2.041483,34.687025
3,5.322296,10.000000,exponential_5,450,150,rastrigin,6,0.000000,3.793248,1.492435,11.952109,35.773705
3,10.000000,1.765111,exponential_5,450,150,rastrigin,6,0.000000,0.994957,0.994957,7.142878,42.932045
3,10.000000,6.231237,exponential_5,450,150,rastrigin,6,0.000000,0.684033,0.994957,5.319747,40.630715
3,7.295407,0.585390,exponential_5,450,150,rastrigin,6,0.000000,1.741176,1.989916,7.994862,26.625170
3,6.231237,1.099883,exponential_5,450,150,rastrigin,6,0.000000,0.870588,0.994957,0.621351,37.975500
3,5.322296,7.295407,exponential_5,450,150,rastrigin,6,0.000000,2.860489,1.989915,10.360857,39.843390
3,7.295407,2.832683,exponential_5,450,150,rastrigin,6,0.000000,0.808403,0.994957,5.232710,23.892690
3,5.322296,5.322296,exponential_5,450,150,rastrigin,6,0.000000,0.559664,0.994957,6.197527,39.712195
3,6.231237,1.507637,exponential_5,450,150,rastrigin,6,0.000000,0.994957,0.994957,5.506260,37.607675
3,5.322296,3.882831,exponential_5,450,150,rastrigin,6,0.000000,0.746218,0.994957,5.276746,42.238170
3,6.231237,2.066557,exponential_5,450,150,rastrigin,6,0.000000,1.057142,0.994957,5.623014,36.187060
3,6.231237,0.802409,exponential_5,450,150,rastrigin,6,0.000000,1.803361,1.989917,1.056484,39.584960
3,7.295407,0.802409,exponential_5,450,150,rastrigin,6,0.000000,1.057142,0.994957,1.234710,33.074895
3,6.231237,3.882831,exponential_5,450,150,rastrigin,6,0.000000,0.310924,0.000000,9.263549,37.037415
3,6.231237,10.000000,exponential_5,450,150,rastrigin,6,0.000000,0.932773,0.994957,5.230826,36.045420
3,7.295407,3.882831,exponential_5,450,150,rastrigin,6,0.000000,1.430251,1.989914,7.034647,26.316805
3,6.231237,7.295407,exponential_5,450,150,rastrigin,6,0.000000,1.057142,0.994957,9.651006,38.074400
3,8.541316,0.585390,exponential_5,450,150,rastrigin,6,0.000000,1.181513,1.989914,1.375059,33.204265
3,6.231237,2.832683,exponential_5,450,150,rastrigin,6,0.000000,0.621849,0.994957,7.440025,42.053225
3,8.541316,2.066557,exponential_5,450,150,rastrigin,6,0.000000,0.684033,0.994957,0.915957,25.475640
3,7.295407,2.066557,exponential_5,450,150,rastrigin,6,0.000000,0.932772,0.994957,7.335007,32.683970
3,8.541316,0.802409,exponential_5,450,150,rastrigin,6,0.000000,0.808403,0.994957,0.974856,31.924045
3,8.541316,2.832683,exponential_5,450,150,rastrigin,6,0.000000,0.621848,0.994957,8.662918,22.297125
3,7.295407,10.000000,exponential_5,450,150,rastrigin,6,0.000000,0.932774,0.994957,5.259863,30.421340
3,7.295407,5.322296,exponential_5,450,150,rastrigin,6,0.000000,0.684033,0.994957,0.889917,32.232675
3,6.231237,5.322296,exponential_5,450,150,rastrigin,6,0.000000,0.808403,0.994957,5.275109,39.685390
3,8.541316,1.507637,exponential_5,450,150,rastrigin,6,0.000000,0.808403,0.994957,7.209779,23.896590
3,7.295407,1.099883,exponential_5,450,150,rastrigin,6,0.000000,1.305882,1.989915,1.171982,38.962975
3,7.295407,1.507637,exponential_5,450,150,rastrigin,6,0.000000,0.994957,0.994957,8.878494,37.212915
3,10.000000,0.802409,exponential_5,450,150,rastrigin,6,0.000000,1.057142,0.994957,0.964648,24.397740
3,10.000000,1.099883,exponential_5,450,150,rastrigin,6,0.000000,0.932772,0.994957,7.328255,23.171435
3,8.541316,3.882831,exponential_5,450,150,rastrigin,6,0.000000,0.559663,0.994957,5.556370,24.744955
3,10.000000,2.832683,exponential_5,450,150,rastrigin,6,0.000000,1.119327,0.994957,8.475196,22.711025
3,7.295407,7.295407,exponential_5,450,150,rastrigin,6,0.000000,0.684033,0.994957,7.392833,33.275215
3,8.541316,1.099883,exponential_5,450,150,rastrigin,6,0.000000,0.684033,0.994957,5.276746,29.391960
3,10.000000,0.585390,exponential_5,450,150,rastrigin,6,0.000000,1.368066,1.989914,5.172547,21.874485
3,10.000000,10.000000,exponential_5,450,150,rastrigin,6,0.000000,0.746218,0.994957,10.627040,20.110605
3,10.000000,3.882831,exponential_5,450,150,rastrigin,6,0.000000,0.808403,0.994957,5.244784,18.054805
3,10.000000,5.322296,exponential_5,450,150,rastrigin,6,0.000000,0.373109,0.497482,6.225554,18.634800
3,8.541316,5.322296,exponential_5,450,150,rastrigin,6,0.000000,0.994957,0.994957,7.779747,23.281970
3,8.541316,7.295407,exponential_5,450,150,rastrigin,6,0.000000,1.305882,1.492437,8.538496,25.228085
3,10.000000,1.507637,exponential_5,450,150,rastrigin,6,0.000000,0.684034,0.994957,9.791077,21.400025
3,8.541316,10.000000,exponential_5,450,150,rastrigin,6,0.000000,0.373109,0.497478,5.332730,22.325185
3,10.000000,2.066557,exponential_5,450,150,rastrigin,6,0.000000,1.057143,0.994959,9.494820,19.561295
3,10.000000,7.295407,exponential_5,450,150,rastrigin,6,0.000000,1.243697,1.989915,9.925722,20.068120
3,0.500000,3.316448,linear,900,300,rastrigin,9,5.986237,11.285585,11.940071,5.183534,275.550430
3,0.500000,5.322296,linear,900,300,rastrigin,9,1.989914,5.223528,5.969744,4.266726,277.313280
3,0.685363,4.545940,linear,900,300,rastrigin,9,0.000000,3.357981,3.979828,1.618910,277.080525
3,0.585390,3.882831,linear,900,300,rastrigin,9,0.000000,7.026912,7.959665,4.129661,279.556140
3,0.939444,0.585390,linear,900,300,rastrigin,9,14.498077,23.309402,25.887035,9.130559,280.615005
3,0.500000,0.500000,linear,900,300,rastrigin,9,27.020536,37.628166,41.765057,8.416666,282.684590
3,0.685363,2.832683,linear,900,300,rastrigin,9,3.979851,9.514528,10.447100,3.726908,282.835850
3,1.099883,1.765111,linear,900,300,rastrigin,9,2.036724,10.512220,11.939499,5.999608,279.917885
3,0.802409,0.500000,linear,900,300,rastrigin,9,16.195862,28.265650,28.907980,13.399571,285.830345
3,0.500000,2.066557,linear,900,300,rastrigin,9,6.982510,16.994282,18.450434,9.998320,286.805455
3,0.500000,1.287720,linear,900,300,rastrigin,9,10.203384,20.081646,23.030567,10.530744,280.518820
3,1.287720,0.500000,linear,900,300,rastrigin,9,7.646454,21.336630,23.298889,9.995800,278.804265
3,1.287720,3.316448,linear,900,300,rastrigin,9,0.000000,0.559663,0.994957,6.392983,288.183110
3,1.099883,1.099883,linear,900,300,rastrigin,9,6.172897,15.581459,17.168121,5.629226,298.068860
3,0.585390,2.419483,linear,900,300,rastrigin,9,3.051102,12.650079,13.473389,6.112354,304.919890
3,1.765111,1.099883,linear,900,300,rastrigin,9,1.989967,8.085183,9.452097,4.617215,281.970900
3,0.939444,3.882831,linear,900,300,rastrigin,9,0.000000,1.803360,1.989914,1.171983,308.535540
3,0.585390,0.939444,linear,900,300,rastrigin,9,17.176178,26.970798,28.979530,8.045350,312.170645
3,0.939444,1.507637,linear,900,300,rastrigin,9,6.973038,14.959307,16.932674,6.128534,315.140605
3,0.500000,8.541316,linear,900,300,rastrigin,9,0.000000,0.621848,0.994957,0.800616,317.400290
3,1.507637,10.000000,linear,900,300,rastrigin,9,0.000000,3.544508,0.994957,14.028072,295.887965
3,0.802409,0.802409,linear,900,300,rastrigin,9,12.249958,23.957666,26.777544,11.861480,317.711255
3,1.287720,1.287720,linear,900,300,rastrigin,9,5.969765,11.015292,11.942719,5.662819,308.000085
3,1.765111,4.545940,linear,900,300,rastrigin,9,0.000000,0.000000,0.000000,0.000000,288.752500
3,0.802409,1.287720,linear,900,300,rastrigin,9,7.133884,17.083115,19.492544,8.231245,320.126200
3,0.685363,0.685363,linear,900,300,rastrigin,9,6.566650,24.577690,26.363243,10.395345,320.332605
3,1.099883,4.545940,linear,900,300,rastrigin,9,0.000000,0.000000,0.000000,0.397983,321.186910
3,0.585390,6.231237,linear,900,300,rastrigin,9,0.000000,1.305881,1.989914,1.281913,322.070595
3,0.585390,0.585390,linear,900,300,rastrigin,9,12.834122,25.500486,27.449863,8.266669,322.953130
3,0.939444,0.939444,linear,900,300,rastrigin,9,13.467144,21.342358,23.494162,8.302261,323.907165
3,1.287720,2.066557,linear,900,300,rastrigin,9,1.989914,4.912603,5.969742,3.248501,315.583790
3,1.099883,0.685363,linear,900,300,rastrigin,9,3.135006,17.238640,19.790031,10.002698,325.830720
3,1.507637,0.585390,linear,900,300,rastrigin,9,9.597965,17.399662,17.647840,6.945539,317.095370
3,1.507637,1.507637,linear,900,300,rastrigin,9,1.989914,6.094120,7.959663,5.416820,314.778200
3,0.939444,10.000000,linear,900,300,rastrigin,9,0.000000,0.000000,0.000000,6.303991,336.336640
3,0.500000,0.802409,linear,900,300,rastrigin,9,18.929363,26.232883,27.532413,9.255602,339.734795
3,1.099883,2.832683,linear,900,300,rastrigin,9,0.000000,3.047058,3.979830,2.053570,334.968405
3,1.287720,8.541316,linear,900,300,rastrigin,9,0.000000,0.000000,0.000000,5.421102,331.017215
3,0.939444,6.231237,linear,900,300,rastrigin,9,0.000000,0.000000,0.000000,6.303998,340.936770
3,1.287720,5.322296,linear,900,300,rastrigin,9,0.000000,0.000000,0.000000,0.000000,340.514700
3,1.507637,3.882831,linear,900,300,rastrigin,9,0.000000,0.000000,0.000000,0.474564,336.048545
3,2.066557,0.500000,linear,900,300,rastrigin,9,7.042351,16.790329,19.171753,8.266811,327.944075
3,2.066557,2.066557,linear,900,300,rastrigin,9,0.000000,0.373109,0.497478,5.553919,329.223665
3,2.419483,0.585390,linear,900,300,rastrigin,9,1.995621,15.980394,19.937042,7.611295,331.752550
3,2.066557,0.802409,linear,900,300,rastrigin,9,2.992035,12.142747,13.508221,4.247211,344.660600
3,0.685363,7.295407,linear,900,300,rastrigin,9,0.000000,0.000000,0.000000,0.355271,382.917445
3,0.585390,10.000000,linear,900,300,rastrigin,9,0.000000,0.000000,0.000000,0.000000,419.766430
3,0.802409,2.066557,linear,900,300,rastrigin,9,3.982468,11.713949,13.944565,8.460142,422.952535
3,0.585390,1.507637,linear,900,300,rastrigin,9,5.414703,17.970070,21.988638,9.110706,423.902965
3,0.802409,3.316448,linear,900,300,rastrigin,9,1.989914,4.477311,4.974794,2.462894,426.235545
3,0.685363,1.765111,linear,900,300,rastrigin,9,6.968449,16.077002,18.414715,6.397186,428.544290
3,1.287720,0.802409,linear,900,300,rastrigin,9,6.306625,16.203224,17.535620,6.852966,422.677645
3,0.802409,5.322296,linear,900,300,rastrigin,9,0.000000,0.497478,0.994957,1.177249,432.434525
3,0.685363,1.099883,linear,900,300,rastrigin,9,9.401783,18.724794,20.088207,8.553083,433.664545
3,0.802409,8.541316,linear,900,300,rastrigin,9,0.000000,0.000000,0.000000,0.000000,436.669690
3,0.939444,2.419483,linear,900,300,rastrigin,9,1.989967,6.094122,7.462183,3.509251,440.071735
3,1.099883,7.295407,linear,900,300,rastrigin,9,0.000000,0.000000,0.000000,0.216846,437.020970
3,2.066557,1.287720,linear,900,300,rastrigin,9,2.984871,6.280668,6.467222,5.653514,419.809035
3,1.507637,2.419483,linear,900,300,rastrigin,9,0.000000,1.741175,1.989914,1.504822,437.652925
3,1.507637,0.939444,linear,900,300,rastrigin,9,8.065853,13.795090,14.925692,6.803792,446.153470
3,1.765111,1.765111,linear,900,300,rastrigin,9,0.000000,2.984873,2.984877,5.635974,445.090795
3,1.765111,0.685363,linear,900,300,rastrigin,9,6.222141,16.395931,19.445566,8.318500,448.964530
3,1.507637,6.231237,linear,900,300,rastrigin,9,0.000000,0.000000,0.000000,0.000000,452.915170
3,1.765111,2.832683,linear,900,300,rastrigin,9,0.000000,0.000000,0.000000,0.397983,446.014120
3,2.066557,5.322296,linear,900,300,rastrigin,9,0.000000,0.000000,0.000000,6.303998,444.648235
3,2.066557,3.316448,linear,900,300,rastrigin,9,0.000000,0.000000,0.000000,0.000000,458.465970
3,2.419483,0.939444,linear,900,300,rastrigin,9,1.989914,8.768096,11.441998,6.443982,456.617375
3,1.765111,7.295407,linear,900,300,rastrigin,9,0.000000,3.233584,0.000000,11.754683,473.519510
3,2.066557,8.541316,linear,900,300,rastrigin,9,0.000000,0.746218,0.994957,10.219125,481.300960
3,0.685363,5.322296,linear,900,300,rastrigin,9,0.000000,2.238653,2.487392,7.272492,310.473995
3,0.500000,6.231237,linear,900,300,rastrigin,9,0.000000,2.922687,2.984871,2.760895,313.941645
3,0.585390,4.545940,linear,900,300,rastrigin,9,0.994957,5.347897,6.467226,3.739704,317.589525
3,0.500000,3.882831,linear,900,300,rastrigin,9,2.984901,8.893011,10.447063,5.159483,327.304725
3,0.939444,0.685363,linear,900,300,rastrigin,9,9.988266,18.690229,19.817305,8.031878,320.574210
3,0.685363,3.316448,linear,900,300,rastrigin,9,1.989914,6.964706,8.954622,4.129675,323.699715
3,1.099883,2.066557,linear,900,300,rastrigin,9,2.984871,7.151260,8.457142,4.105618,322.376425
3,0.802409,0.585390,linear,900,300,rastrigin,9,12.462017,30.245312,34.215374,11.196326,331.022925
3,1.287720,3.882831,linear,900,300,rastrigin,9,0.000000,0.000000,0.000000,0.533486,322.596110
3,1.765111,1.287720,linear,900,300,rastrigin,9,1.989914,7.026892,8.954620,6.304219,320.824520
3,0.500000,0.585390,linear,900,300,rastrigin,9,16.183704,33.395741,40.188538,12.738124,345.815465
3,0.500000,2.419483,linear,900,300,rastrigin,9,6.897678,14.015175,15.692173,6.105210,339.525675
3,0.500000,1.507637,linear,900,300,rastrigin,9,10.785957,25.312971,27.958542,8.679986,340.020130
3,1.287720,0.585390,linear,900,300,rastrigin,9,9.793980,22.617050,27.394238,8.872345,340.819820
3,1.099883,1.287720,linear,900,300,rastrigin,9,4.069126,13.365657,15.963638,7.404087,336.533865
3,0.939444,4.545940,linear,900,300,rastrigin,9,0.000000,0.746218,0.994957,6.143808,331.093635
3,1.765111,0.500000,linear,900,300,rastrigin,9,8.326324,18.874018,20.410017,8.423998,330.867875
3,0.585390,7.295407,linear,900,300,rastrigin,9,0.000000,0.248739,0.000000,6.667481,328.449650
3,0.500000,10.000000,linear,900,300,rastrigin,9,0.000000,0.000000,0.000000,0.298487,335.426125
3,0.585390,1.099883,linear,900,300,rastrigin,9,12.305328,21.977276,23.883598,11.821442,342.232930
3,0.802409,0.939444,linear,900,300,rastrigin,9,10.169186,22.521595,24.121275,7.767867,333.131785
3,0.585390,2.832683,linear,900,300,rastrigin,9,3.990295,9.268512,10.946053,6.253492,349.629905
3,1.287720,2.419483,linear,900,300,rastrigin,9,0.000000,3.668907,3.482353,5.749232,335.508605
3,0.802409,1.507637,linear,900,300,rastrigin,9,8.958385,18.231647,19.909977,9.422781,343.197015
3,0.939444,1.765111,linear,900,300,rastrigin,9,4.003815,10.388697,11.442743,7.158797,351.008265
3,1.507637,0.685363,linear,900,300,rastrigin,9,11.957695,17.877256,19.021486,6.013988,340.607855
3,1.507637,1.765111,linear,900,300,rastrigin,9,1.989914,5.783191,6.467224,3.602512,342.620295
3,0.585390,0.685363,linear,900,300,rastrigin,9,17.952095,27.391928,28.916656,7.555302,347.091965
3,1.765111,5.322296,linear,900,300,rastrigin,9,0.000000,0.000000,0.000000,6.303991,350.040460
3,1.099883,0.802409,linear,900,300,rastrigin,9,10.220074,19.565924,21.664875,7.026257,344.836860
3,0.685363,0.802409,linear,900,300,rastrigin,9,14.961082,23.868734,24.703588,10.263469,353.014405
3,0.939444,1.099883,linear,900,300,rastrigin,9,6.454041,15.202506,16.477978,6.508065,353.513015
3,1.287720,1.507637,linear,900,300,rastrigin,9,3.979836,9.950410,11.939531,5.264453,358.563150
3,0.939444,7.295407,linear,900,300,rastrigin,9,0.000000,0.000000,0.000000,0.000000,340.692210
3,0.500000,0.939444,linear,900,300,rastrigin,9,15.462692,24.844845,28.007105,11.825290,342.613215
3,1.099883,5.322296,linear,900,300,rastrigin,9,0.000000,0.000000,0.000000,0.000000,365.851190
3,1.099883,0.500000,linear,900,300,rastrigin,9,9.210945,21.091713,23.367065,9.388497,362.345100
3,2.066557,0.585390,linear,900,300,rastrigin,9,5.988575,14.501734,15.961622,8.465975,344.023635
3,1.099883,3.316448,linear,900,300,rastrigin,9,0.000000,1.305883,1.492453,0.855894,366.267195
3,1.287720,10.000000,linear,900,300,rastrigin,9,0.000000,0.000000,0.000000,7.448672,371.136010
3,1.507637,4.545940,linear,900,300,rastrigin,9,0.000000,0.000000,0.000000,0.000000,361.552135
3,1.287720,6.231237,linear,900,300,rastrigin,9,0.000000,0.000000,0.000000,0.000000,363.082715
3,2.066557,0.939444,linear,900,300,rastrigin,9,4.974796,9.455338,10.944540,5.820378,336.708430
3,2.419483,0.685363,linear,900,300,rastrigin,9,2.985058,11.571863,12.436996,7.290524,347.192115
3,2.066557,2.419483,linear,900,300,rastrigin,9,0.000000,0.000000,0.000000,0.355271,357.165360
3,0.802409,3.882831,linear,900,300,rastrigin,9,0.994957,2.611762,2.984871,2.292725,348.190430
3,0.802409,6.231237,linear,900,300,rastrigin,9,0.000000,0.000000,0.000000,6.279716,343.758420
3,0.685363,8.541316,linear,900,300,rastrigin,9,0.000000,0.000000,0.000000,0.216846,426.557330
3,0.685363,0.500000,linear,900,300,rastrigin,9,19.669907,30.586447,34.293663,6.188917,418.622015
3,0.585390,1.765111,linear,900,300,rastrigin,9,10.956383,17.447653,19.632992,6.322544,418.633390
3,0.685363,1.287720,linear,900,300,rastrigin,9,10.375889,22.367310,26.450676,10.513245,412.214110
3,0.685363,2.066557,linear,900,300,rastrigin,9,6.966858,13.483083,15.491329,4.789563,419.161200
3,0.802409,10.000000,linear,900,300,rastrigin,9,0.000000,0.000000,0.000000,0.000000,417.651630
3,0.939444,2.832683,linear,900,300,rastrigin,9,1.989914,4.601679,5.472267,2.602150,418.617625
3,0.802409,2.419483,linear,900,300,rastrigin,9,1.989937,7.276327,7.962448,3.452478,443.290805
3,1.099883,8.541316,linear,900,300,rastrigin,9,0.000000,0.000000,0.000000,0.000000,431.087135
3,2.066557,1.507637,linear,900,300,rastrigin,9,0.994957,3.357981,3.979834,2.060788,421.465010
3,1.507637,1.099883,linear,900,300,rastrigin,9,5.067013,10.236150,11.942163,4.849684,418.973860
3,1.287720,0.939444,linear,900,300,rastrigin,9,8.299404,14.576861,14.513390,6.269408,449.487775
3,1.507637,2.832683,linear,900,300,rastrigin,9,0.000000,0.621848,0.994957,0.533486,430.537005
3,1.765111,2.066557,linear,900,300,rastrigin,9,0.000000,2.176469,2.984871,1.375059,420.748120
3,1.765111,3.316448,linear,900,300,rastrigin,9,0.000000,0.000000,0.000000,0.000000,415.347005
3,1.765111,0.802409,linear,900,300,rastrigin,9,3.004169,11.888641,13.945333,6.764887,439.316220
3,1.507637,7.295407,linear,900,300,rastrigin,9,0.000000,0.000000,0.000000,6.303948,437.061555
3,0.685363,6.231237,linear,900,300,rastrigin,9,0.000000,0.746218,0.994957,0.826473,333.631580
3,2.419483,1.099883,linear,900,300,rastrigin,9,1.989918,5.596638,6.467224,3.945780,428.283745
3,2.066557,3.882831,linear,900,300,rastrigin,9,0.000000,0.000000,0.000000,5.421102,433.066845
3,0.500000,7.295407,linear,900,300,rastrigin,9,0.994957,2.425209,2.984871,5.272995,336.900185
3,0.500000,4.545940,linear,900,300,rastrigin,9,2.984871,5.969766,6.964706,4.666743,326.495255
3,0.585390,5.322296,linear,900,300,rastrigin,9,1.989914,2.984872,2.984871,1.316206,341.887900
3,2.066557,6.231237,linear,900,300,rastrigin,9,0.000000,3.109215,0.000000,11.737136,463.799540
3,1.099883,2.419483,linear,900,300,rastrigin,9,0.994957,5.036973,4.974791,5.301114,336.084530
3,0.939444,0.802409,linear,900,300,rastrigin,9,8.234051,18.974751,19.891041,10.220435,344.637335
3,0.685363,3.882831,linear,900,300,rastrigin,9,1.989914,6.591595,7.959663,3.945781,342.125015
3,0.500000,0.685363,linear,900,300,rastrigin,9,12.402954,32.911049,37.215038,12.984963,324.339070
3,1.765111,8.541316,linear,900,300,rastrigin,9,0.000000,6.280614,0.000000,12.423799,452.980710
3,1.287720,4.545940,linear,900,300,rastrigin,9,0.000000,0.000000,0.000000,0.000000,336.404855
3,0.802409,0.685363,linear,900,300,rastrigin,9,12.511143,25.679850,28.870171,8.415334,339.856035
3,1.765111,1.507637,linear,900,300,rastrigin,9,0.994957,4.663864,5.969742,3.166325,334.451500
3,2.066557,10.000000,linear,900,300,rastrigin,9,0.000000,12.996561,24.873722,12.748631,446.198475
3,1.099883,1.507637,linear,900,300,rastrigin,9,4.974808,10.477348,11.939657,4.803791,332.421475
3,0.585390,3.316448,linear,900,300,rastrigin,9,2.984879,7.715301,8.954630,7.130330,319.373680
3,1.765111,0.585390,linear,900,300,rastrigin,9,6.976391,17.070107,19.494776,9.716473,325.434965
3,0.939444,5.322296,linear,900,300,rastrigin,9,0.000000,0.000000,0.000000,0.355271,334.141515
3,0.585390,8.541316,linear,900,300,rastrigin,9,0.000000,0.062185,0.000000,5.389969,325.256290
3,0.500000,1.765111,linear,900,300,rastrigin,9,11.008904,20.183031,23.095249,7.068574,345.626830
3,0.802409,1.099883,linear,900,300,rastrigin,9,11.077126,21.371656,24.443558,8.100914,323.023495
3,0.500000,2.832683,linear,900,300,rastrigin,9,6.507568,12.668879,15.425596,5.087906,348.553770
3,1.287720,0.685363,linear,900,300,rastrigin,9,7.337044,18.927122,20.672216,10.376526,346.475375
3,1.287720,1.765111,linear,900,300,rastrigin,9,2.984871,8.394957,10.944523,7.551157,306.011530
3,0.585390,1.287720,linear,900,300,rastrigin,9,12.617405,22.945711,25.390905,8.156486,330.182035
3,1.507637,0.802409,linear,900,300,rastrigin,9,4.255409,16.186386,17.610083,6.388367,317.839955
3,0.585390,0.500000,linear,900,300,rastrigin,9,14.671169,32.816223,36.638168,9.825174,332.696870
3,0.685363,0.939444,linear,900,300,rastrigin,9,10.762276,20.197258,20.633101,7.204425,310.618755
3,1.287720,2.832683,linear,900,300,rastrigin,9,0.000000,0.932772,0.994957,1.197054,324.152130
3,0.939444,2.066557,linear,900,300,rastrigin,9,3.979832,9.951470,10.447073,6.938447,323.389570
3,0.585390,0.802409,linear,900,300,rastrigin,9,13.235516,24.856203,26.122129,7.735841,316.919900
3,0.939444,1.287720,linear,900,300,rastrigin,9,4.505333,15.017948,18.283041,8.244810,314.401165
3,0.802409,1.765111,linear,900,300,rastrigin,9,6.964928,11.826069,12.942520,4.837612,328.671675
3,1.507637,2.066557,linear,900,300,rastrigin,9,0.000000,2.549578,2.984875,3.210181,321.810170
3,1.099883,0.939444,linear,900,300,rastrigin,9,6.224663,17.462803,19.992542,8.366252,318.853310
3,1.507637,0.500000,linear,900,300,rastrigin,9,7.351246,18.615620,21.211090,7.291997,292.855365
3,0.500000,1.099883,linear,900,300,rastrigin,9,12.739376,24.750778,29.794310,11.013762,328.228090
3,2.066557,0.685363,linear,900,300,rastrigin,9,4.213436,14.562308,15.938866,6.461443,314.898175
3,1.099883,0.585390,linear,900,300,rastrigin,9,7.409374,21.476303,24.199419,9.221519,317.037820
3,1.099883,6.231237,linear,900,300,rastrigin,9,0.000000,0.000000,0.000000,0.000000,333.835355
3,1.765111,6.231237,linear,900,300,rastrigin,9,0.000000,0.000000,0.000000,5.414021,347.106135
3,0.939444,8.541316,linear,900,300,rastrigin,9,0.000000,0.000000,0.000000,0.216846,338.537025
3,2.066557,1.099883,linear,900,300,rastrigin,9,2.984871,7.525020,7.959671,4.639389,312.692055
3,1.099883,3.882831,linear,900,300,rastrigin,9,0.000000,0.746218,0.994957,5.261012,318.504115
3,2.419483,0.802409,linear,900,300,rastrigin,9,4.974789,9.639494,10.944548,5.635743,305.996870
3,2.066557,2.832683,linear,900,300,rastrigin,9,0.000000,0.000000,0.000000,0.000000,326.451360
3,1.507637,5.322296,linear,900,300,rastrigin,9,0.000000,0.000000,0.000000,0.216846,337.133000
3,1.287720,7.295407,linear,900,300,rastrigin,9,0.000000,0.000000,0.000000,6.303998,341.826620
3,0.802409,4.545940,linear,900,300,rastrigin,9,0.000000,1.305882,1.989914,1.505644,286.359460
3,0.802409,7.295407,linear,900,300,rastrigin,9,0.000000,0.000000,0.000000,0.000000,303.397455
3,0.685363,10.000000,linear,900,300,rastrigin,9,0.000000,0.000000,0.000000,0.000000,376.594320
3,2.419483,1.507637,linear,900,300,rastrigin,9,0.000000,1.119327,0.994957,1.410595,274.001405
3,0.585390,2.066557,linear,900,300,rastrigin,9,6.533703,16.311983,18.115540,6.540018,360.785960
3,0.939444,3.316448,linear,900,300,rastrigin,9,0.000000,3.047058,3.482349,2.893941,349.789530
3,0.685363,1.507637,linear,900,300,rastrigin,9,4.070683,15.306952,17.540836,6.224669,365.395830
3,0.685363,0.585390,linear,900,300,rastrigin,9,12.139069,26.051674,27.910980,9.341484,374.436845
3,0.685363,2.419483,linear,900,300,rastrigin,9,5.072609,10.468659,12.935947,6.603255,364.682075
3,0.939444,0.500000,linear,900,300,rastrigin,9,10.218090,25.905758,27.867844,9.925873,359.592180
3,0.802409,2.832683,linear,900,300,rastrigin,9,1.989914,6.529428,6.964706,4.394728,349.723395
3,2.419483,2.419483,linear,900,300,rastrigin,9,0.000000,0.000000,0.000000,0.216846,282.864480
3,3.316448,0.500000,linear,900,300,rastrigin,9,4.974957,11.702307,13.931406,5.111826,256.402065
3,2.066557,1.765111,linear,900,300,rastrigin,9,0.000000,1.057142,1.492435,0.895462,352.141000
3,1.765111,2.419483,linear,900,300,rastrigin,9,0.000000,0.373109,0.497478,0.788154,339.587010
3,2.832683,1.765111,linear,900,300,rastrigin,9,0.000000,0.000000,0.000000,6.296310,275.392050
3,1.507637,3.316448,linear,900,300,rastrigin,9,0.000000,0.000000,0.000000,0.533486,345.397900
3,2.832683,0.685363,linear,900,300,rastrigin,9,4.974792,9.397378,10.944647,6.278805,285.654095
3,1.507637,1.287720,linear,900,300,rastrigin,9,4.974792,8.335181,8.954746,6.634469,362.310515
3,2.419483,3.882831,linear,900,300,rastrigin,9,0.000000,0.000000,0.000000,0.216846,309.089160
3,1.287720,1.099883,linear,900,300,rastrigin,9,4.979813,13.143492,14.455288,7.156195,363.875770
3,2.832683,1.099883,linear,900,300,rastrigin,9,0.994957,3.668905,3.979830,5.762770,290.967870
3,1.765111,3.882831,linear,900,300,rastrigin,9,0.000000,0.000000,0.000000,0.000000,351.956255
3,3.316448,0.802409,linear,900,300,rastrigin,9,1.989914,6.342854,6.964706,3.924726,268.182630
3,2.419483,6.231237,linear,900,300,rastrigin,9,0.000000,6.280615,0.000000,12.146836,307.006445
3,1.099883,10.000000,linear,900,300,rastrigin,9,0.000000,0.000000,0.000000,7.462116,375.543190
3,3.316448,1.287720,linear,900,300,rastrigin,9,0.000000,0.559663,0.994957,1.043520,274.006125
3,2.419483,10.000000,linear,900,300,rastrigin,9,0.000000,11.925983,24.873726,15.285077,303.438460
3,2.832683,2.832683,linear,900,300,rastrigin,9,0.000000,0.000000,0.000000,0.000000,295.894820
3,3.882831,0.585390,linear,900,300,rastrigin,9,1.989914,8.270603,8.954737,4.169327,277.249895
3,1.765111,0.939444,linear,900,300,rastrigin,9,3.980183,7.913773,8.954647,5.969479,350.478955
3,2.832683,4.545940,linear,900,300,rastrigin,9,0.000000,3.233587,0.000000,12.001448,302.065895
3,4.545940,0.685363,linear,900,300,rastrigin,9,0.994957,2.673949,2.487394,6.149406,273.726115
3,5.322296,0.500000,linear,900,300,rastrigin,9,1.989914,6.964702,8.954617,4.551585,270.421500
3,3.882831,0.939444,linear,900,300,rastrigin,9,0.000000,1.741175,1.989914,1.253608,280.373065
3,3.882831,1.507637,linear,900,300,rastrigin,9,0.000000,0.000000,0.000000,6.296309,283.071185
3,3.316448,2.066557,linear,900,300,rastrigin,9,0.000000,0.000000,0.000000,0.000000,293.767950
3,2.419483,1.287720,linear,900,300,rastrigin,9,0.994957,3.171426,3.979828,3.448067,349.493000
3,2.832683,7.295407,linear,900,300,rastrigin,9,0.000000,14.426771,24.873739,12.346407,316.527015
3,3.316448,3.316448,linear,900,300,rastrigin,9,0.000000,0.000000,0.000000,7.462116,301.419310
3,4.545940,1.099883,linear,900,300,rastrigin,9,0.000000,0.000000,0.000000,0.355271,290.617060
3,4.545940,1.765111,linear,900,300,rastrigin,9,0.000000,0.000000,0.000000,0.000000,295.463395
3,3.882831,2.419483,linear,900,300,rastrigin,9,0.000000,0.000000,0.000000,5.421102,301.438305
3,3.316448,5.322296,linear,900,300,rastrigin,9,0.000000,15.608263,24.873720,13.558286,306.337950
3,6.231237,0.585390,linear,900,300,rastrigin,9,0.000000,1.492436,1.989914,1.505643,263.763060
3,3.316448,8.541316,linear,900,300,rastrigin,9,0.000000,18.915371,28.924482,12.591972,308.530010
3,1.507637,8.541316,linear,900,300,rastrigin,9,0.000000,4.726007,0.000000,17.783524,378.345580
3,3.882831,6.231237,linear,900,300,rastrigin,9,0.000000,15.294963,24.873743,16.159073,304.573125
3,3.882831,3.882831,linear,900,300,rastrigin,9,0.000000,7.897407,0.994957,14.634205,307.833040
3,3.882831,10.000000,linear,900,300,rastrigin,9,0.994961,11.707438,15.421801,13.595788,305.995860
3,4.545940,2.832683,linear,900,300,rastrigin,9,0.000000,0.000000,0.000000,8.081509,304.201600
3,5.322296,1.287720,linear,900,300,rastrigin,9,0.000000,0.000000,0.000000,0.000000,280.652245
3,5.322296,0.802409,linear,900,300,rastrigin,9,0.000000,0.559663,0.994957,0.674813,289.009700
3,2.066557,4.545940,linear,900,300,rastrigin,9,0.000000,0.000000,0.000000,5.421102,368.728320
3,4.545940,7.295407,linear,900,300,rastrigin,9,0.994968,15.921360,28.923203,13.309531,304.669375
3,4.545940,4.545940,linear,900,300,rastrigin,9,0.000000,16.043571,24.873728,11.628781,311.589585
3,6.231237,0.939444,linear,900,300,rastrigin,9,0.000000,0.000000,0.000000,0.000000,281.336165
3,2.419483,0.500000,linear,900,300,rastrigin,9,6.971527,18.366604,22.986721,7.381106,345.293105
3,2.066557,7.295407,linear,900,300,rastrigin,9,0.000000,6.342799,0.497478,12.384775,368.313100
3,6.231237,1.507637,linear,900,300,rastrigin,9,0.000000,0.000000,0.000000,6.303998,293.236105
3,5.322296,2.066557,linear,900,300,rastrigin,9,0.000000,0.000000,0.000000,8.677418,306.395950
3,5.322296,5.322296,linear,900,300,rastrigin,9,0.000000,13.190563,25.371307,13.728670,304.700070
3,5.322296,3.316448,linear,900,300,rastrigin,9,0.000000,12.685612,24.873718,12.510318,306.420625
3,5.322296,8.541316,linear,900,300,rastrigin,9,1.990353,20.505169,30.908386,16.883579,305.256200
3,1.765111,10.000000,linear,900,300,rastrigin,9,0.000000,15.732628,24.873718,11.276770,375.263075
3,6.231237,2.419483,linear,900,300,rastrigin,9,0.000000,3.420139,0.994957,14.930828,310.373880
3,7.295407,0.685363,linear,900,300,rastrigin,9,0.000000,0.000000,0.000000,0.000000,279.315805
3,6.231237,10.000000,linear,900,300,rastrigin,9,1.998898,19.072052,29.920918,11.772527,301.269285
3,6.231237,6.231237,linear,900,300,rastrigin,9,1.989941,13.324699,17.447165,21.579458,307.428100
3,6.231237,3.882831,linear,900,300,rastrigin,9,0.000000,10.198326,13.431822,12.500885,313.867380
3,7.295407,1.099883,linear,900,300,rastrigin,9,0.000000,0.000000,0.000000,0.000000,301.181200
3,2.419483,1.765111,linear,900,300,rastrigin,9,0.000000,0.373109,0.497478,0.497478,283.814780
3,3.316448,0.585390,linear,900,300,rastrigin,9,3.979836,9.203984,10.948399,7.032506,267.378575
3,2.419483,2.832683,linear,900,300,rastrigin,9,0.000000,0.000000,0.000000,0.000000,282.959985
3,2.832683,2.066557,linear,900,300,rastrigin,9,0.000000,0.000000,0.000000,0.000000,278.212650
3,2.832683,0.802409,linear,900,300,rastrigin,9,1.989952,6.218497,7.462181,5.144995,282.910440
3,2.832683,1.287720,linear,900,300,rastrigin,9,0.000000,1.678990,1.989914,1.544589,273.167750
3,3.316448,0.939444,linear,900,300,rastrigin,9,0.994957,4.290755,4.974789,1.834612,274.084270
3,3.316448,1.507637,linear,900,300,rastrigin,9,0.000000,0.062185,0.000000,0.430829,277.706610
3,3.882831,0.685363,linear,900,300,rastrigin,9,0.994957,4.726049,5.969746,2.968242,274.660760
3,2.419483,4.545940,linear,900,300,rastrigin,9,0.000000,0.000000,0.000000,0.000000,295.069550
3,2.832683,0.500000,linear,900,300,rastrigin,9,4.975060,13.074668,14.442251,7.856320,285.820155
3,4.545940,0.802409,linear,900,300,rastrigin,9,0.000000,1.678990,1.989914,5.542099,277.830470
3,3.882831,1.099883,linear,900,300,rastrigin,9,0.000000,0.559663,0.994957,5.301312,281.546905
3,5.322296,0.585390,linear,900,300,rastrigin,9,0.994957,3.606721,3.979832,2.213082,283.714130
3,2.419483,7.295407,linear,900,300,rastrigin,9,0.000000,11.255364,24.873718,12.676758,300.750725
3,8.541316,0.500000,linear,900,300,rastrigin,9,0.000000,0.435294,0.994957,0.710541,340.893275
3,3.316448,2.419483,linear,900,300,rastrigin,9,0.000000,0.000000,0.000000,0.216846,290.732945
3,2.832683,3.316448,linear,900,300,rastrigin,9,0.000000,0.000000,0.000000,0.000000,303.265645
3,3.882831,1.765111,linear,900,300,rastrigin,9,0.000000,0.000000,0.000000,0.000000,294.535085
3,7.295407,1.765111,linear,900,300,rastrigin,9,0.000000,0.000005,0.000000,8.863422,380.002080
3,6.231237,0.685363,linear,900,300,rastrigin,9,0.000000,0.435294,0.994957,0.974855,273.524075
3,4.545940,1.287720,linear,900,300,rastrigin,9,0.000000,0.000000,0.000000,0.000000,285.328525
3,4.545940,0.500000,linear,900,300,rastrigin,9,2.984982,6.032014,6.964705,2.853869,271.161960
3,2.832683,5.322296,linear,900,300,rastrigin,9,0.000000,0.062185,0.000000,8.844838,304.217275
3,8.541316,0.802409,linear,900,300,rastrigin,9,0.000000,0.000000,0.000000,0.000000,355.409475
3,7.295407,2.832683,linear,900,300,rastrigin,9,0.000000,11.255380,24.873730,15.257637,372.247565
3,7.295407,4.545940,linear,900,300,rastrigin,9,0.000000,15.151291,26.017448,13.187910,370.282210
3,5.322296,0.939444,linear,900,300,rastrigin,9,0.000000,0.062185,0.000000,0.553969,282.572785
3,3.882831,2.832683,linear,900,300,rastrigin,9,0.000000,0.000000,0.000000,5.421102,295.768845
3,5.322296,1.507637,linear,900,300,rastrigin,9,0.000000,0.000000,0.000000,0.000000,288.248730
3,4.545940,2.066557,linear,900,300,rastrigin,9,0.000000,0.000000,0.000000,0.000000,300.113410
3,3.316448,3.882831,linear,900,300,rastrigin,9,0.000000,0.062185,0.000000,5.389969,311.649250
3,8.541316,2.066557,linear,900,300,rastrigin,9,0.000000,6.404984,0.994957,12.193203,374.606195
3,3.882831,4.545940,linear,900,300,rastrigin,9,0.000000,12.872157,24.873718,13.852321,300.572490
3,7.295407,7.295407,linear,900,300,rastrigin,9,0.997559,16.761385,29.919699,16.191982,387.483620
3,2.832683,8.541316,linear,900,300,rastrigin,9,0.000000,13.911901,25.190836,19.735273,320.078185
3,3.316448,10.000000,linear,900,300,rastrigin,9,0.000023,16.874407,28.867990,15.356108,307.403620
3,6.231237,1.099883,linear,900,300,rastrigin,9,0.000000,0.000000,0.000000,6.303998,291.429455
3,8.541316,5.322296,linear,900,300,rastrigin,9,0.000534,14.555319,28.209450,13.738695,372.776835
3,4.545940,8.541316,linear,900,300,rastrigin,9,0.994984,16.385794,29.422033,18.823788,300.619375
3,8.541316,3.316448,linear,900,300,rastrigin,9,0.000000,11.122725,13.929358,13.513502,376.353820
3,3.316448,6.231237,linear,900,300,rastrigin,9,0.000000,11.317557,24.873722,14.887543,316.272895
3,3.882831,7.295407,linear,900,300,rastrigin,9,0.000000,12.709600,24.874041,13.694046,311.130725
3,8.541316,8.541316,linear,900,300,rastrigin,9,2.171429,16.743174,29.925690,13.382355,377.375405
3,10.000000,0.939444,linear,900,300,rastrigin,9,0.000000,0.000000,0.000000,0.000000,367.407685
3,8.541316,1.287720,linear,900,300,rastrigin,9,0.000000,0.000000,0.000000,8.095147,395.786705
3,10.000000,0.585390,linear,900,300,rastrigin,9,0.000000,0.000000,0.000000,0.216846,374.350590
3,4.545940,3.316448,linear,900,300,rastrigin,9,0.000000,10.882252,24.873718,14.668633,317.601420
3,4.545940,5.322296,linear,900,300,rastrigin,9,0.000000,7.590966,1.989923,12.949293,311.518715
3,6.231237,1.765111,linear,900,300,rastrigin,9,0.000000,0.000000,0.000000,0.216846,301.418010
3,7.295407,0.802409,linear,900,300,rastrigin,9,0.000000,0.000000,0.000000,0.000000,291.163680
3,10.000000,2.419483,linear,900,300,rastrigin,9,0.000000,13.806764,25.371210,16.829800,380.753290
3,5.322296,2.419483,linear,900,300,rastrigin,9,0.000000,0.000000,0.000000,7.448671,307.625730
3,7.295407,0.500000,linear,900,300,rastrigin,9,0.000000,1.865545,1.989914,6.380259,275.280630
3,10.000000,3.882831,linear,900,300,rastrigin,9,0.994976,10.527320,4.975126,16.199808,375.034235
3,10.000000,1.507637,linear,900,300,rastrigin,9,0.000000,0.310925,0.000004,9.743394,390.855475
3,5.322296,3.882831,linear,900,300,rastrigin,9,0.000000,11.752850,24.873724,12.383337,310.464350
3,6.231237,2.832683,linear,900,300,rastrigin,9,0.000000,6.342800,0.497478,12.445267,305.271035
3,0.500000,0.685363,quadratic,900,300,rastrigin,9,19.584473,32.098381,34.200745,7.872564,344.869435
3,5.322296,6.231237,linear,900,300,rastrigin,9,0.994961,11.579313,14.924427,13.399049,319.434095
3,5.322296,10.000000,linear,900,300,rastrigin,9,2.985100,17.646721,29.919769,15.392567,318.397360
3,10.000000,6.231237,linear,900,300,rastrigin,9,3.980183,19.006069,29.919918,12.453314,382.427700
3,0.500000,1.099883,quadratic,900,300,rastrigin,9,5.723984,20.915394,24.521820,9.866929,347.887865
3,6.231237,7.295407,linear,900,300,rastrigin,9,0.004646,13.520894,16.919308,13.509183,307.499265
3,10.000000,10.000000,linear,900,300,rastrigin,9,2.023521,14.068053,13.733419,12.048553,375.806030
3,6.231237,4.545940,linear,900,300,rastrigin,9,0.000000,9.746627,3.979836,13.075125,305.338430
3,0.500000,1.765111,quadratic,900,300,rastrigin,9,6.098343,20.740358,24.423779,10.289117,357.913760
3,7.295407,1.287720,linear,900,300,rastrigin,9,0.000000,0.000000,0.000000,6.303990,292.090265
3,0.500000,2.832683,quadratic,900,300,rastrigin,9,5.972946,13.322284,15.919689,5.711003,355.347920
3,3.316448,0.685363,linear,900,300,rastrigin,9,1.989914,7.026891,7.959663,3.331250,267.803455
3,2.419483,2.066557,linear,900,300,rastrigin,9,0.000000,0.186554,0.000000,6.251785,284.008135
3,3.316448,1.099883,linear,900,300,rastrigin,9,0.000000,1.678990,1.989916,1.293445,263.973485
3,2.419483,3.316448,linear,900,300,rastrigin,9,0.000000,0.000000,0.000000,0.000000,295.142560
3,2.832683,2.419483,linear,900,300,rastrigin,9,0.000000,0.000000,0.000000,0.000000,288.621235
3,2.832683,0.939444,linear,900,300,rastrigin,9,0.994957,6.156301,7.462181,7.323942,283.548240
3,2.832683,1.507637,linear,900,300,rastrigin,9,0.000000,0.435294,0.994957,0.710541,284.030475
3,4.545940,0.939444,linear,900,300,rastrigin,9,0.000000,0.559663,0.994957,0.788154,269.138895
3,3.882831,0.802409,linear,900,300,rastrigin,9,0.994957,2.549578,2.984871,2.762686,278.708625
3,3.316448,1.765111,linear,900,300,rastrigin,9,0.000000,0.000000,0.000000,0.216846,284.467185
3,5.322296,0.685363,linear,900,300,rastrigin,9,0.000000,2.052099,1.989916,1.512204,274.403175
3,3.882831,1.287720,linear,900,300,rastrigin,9,0.000000,0.000000,0.000000,6.296309,279.459845
3,2.832683,0.585390,linear,900,300,rastrigin,9,4.974800,9.088423,9.458561,4.520136,287.910820
3,4.545940,0.585390,linear,900,300,rastrigin,9,1.989922,5.285713,5.969744,4.846514,264.967375
3,6.231237,0.802409,linear,900,300,rastrigin,9,0.000000,0.000000,0.000000,0.298487,273.403200
3,2.419483,5.322296,linear,900,300,rastrigin,9,0.000000,1.616792,0.000000,10.744065,309.219390
3,4.545940,1.507637,linear,900,300,rastrigin,9,0.000000,0.000000,0.000000,5.421102,279.916905
3,3.882831,2.066557,linear,900,300,rastrigin,9,0.000000,0.000000,0.000000,0.000000,287.438930
3,3.316448,2.832683,linear,900,300,rastrigin,9,0.000000,0.000000,0.000000,0.000000,290.222730
3,5.322296,1.099883,linear,900,300,rastrigin,9,0.000000,0.000000,0.000000,0.216846,284.481215
3,2.419483,8.541316,linear,900,300,rastrigin,9,0.000000,13.622828,24.873745,12.701775,312.160890
3,2.832683,3.882831,linear,900,300,rastrigin,9,0.000000,0.000000,0.000000,6.303948,305.809940
3,3.882831,0.500000,linear,900,300,rastrigin,9,3.979836,7.649053,7.959673,5.351091,270.127735
3,2.832683,6.231237,linear,900,300,rastrigin,9,0.000000,5.036932,0.994957,11.961302,309.646685
3,5.322296,1.765111,linear,900,300,rastrigin,9,0.000000,0.000000,0.000000,0.000000,298.053085
3,3.882831,3.316448,linear,900,300,rastrigin,9,0.000000,0.000000,0.000000,8.881694,303.208115
3,4.545940,2.419483,linear,900,300,rastrigin,9,0.000000,0.000000,0.000000,8.863424,300.704445
3,6.231237,1.287720,linear,900,300,rastrigin,9,0.000000,0.000000,0.000000,0.000000,291.461405
3,8.541316,0.585390,linear,900,300,rastrigin,9,0.000000,0.062185,0.000000,0.430829,339.956230
3,4.545940,10.000000,linear,900,300,rastrigin,9,0.994961,15.076834,27.897644,15.706406,293.820415
3,7.295407,0.585390,linear,900,300,rastrigin,9,0.000000,0.559663,0.994957,0.674813,265.289600
3,3.882831,5.322296,linear,900,300,rastrigin,9,0.000000,9.887315,13.431816,15.185727,307.629895
3,2.832683,10.000000,linear,900,300,rastrigin,9,0.994957,15.808360,25.868683,12.507695,311.517095
3,3.316448,4.545940,linear,900,300,rastrigin,9,0.000000,9.452015,12.934338,14.790872,319.249245
3,7.295407,0.939444,linear,900,300,rastrigin,9,0.000000,0.000000,0.000000,0.000000,281.167340
3,4.545940,3.882831,linear,900,300,rastrigin,9,0.000000,12.747788,24.873720,14.915842,302.036225
3,3.316448,7.295407,linear,900,300,rastrigin,9,0.000000,7.436286,1.989914,17.499989,311.413205
3,3.882831,8.541316,linear,900,300,rastrigin,9,0.000000,13.512296,25.868994,13.764563,312.017845
3,6.231237,2.066557,linear,900,300,rastrigin,9,0.000000,0.062185,0.000000,9.342371,299.036115
3,6.231237,0.500000,linear,900,300,rastrigin,9,0.000000,2.984872,2.984877,2.704290,275.065320
3,8.541316,0.939444,linear,900,300,rastrigin,9,0.000000,0.000000,0.000000,0.000000,353.130870
3,4.545940,6.231237,linear,900,300,rastrigin,9,0.000000,14.950555,26.898682,15.340394,309.720035
3,5.322296,2.832683,linear,900,300,rastrigin,9,0.000000,6.467170,0.994957,12.370225,297.416825
3,7.295407,2.066557,linear,900,300,rastrigin,9,0.000000,7.773038,0.000008,12.872038,375.005785
3,5.322296,7.295407,linear,900,300,rastrigin,9,0.994968,15.949938,28.924644,17.698229,293.013620
3,6.231237,3.316448,linear,900,300,rastrigin,9,0.000000,8.083968,1.492435,12.701767,297.427370
3,5.322296,4.545940,linear,900,300,rastrigin,9,0.994957,12.135013,24.873726,14.780497,303.456725
3,7.295407,3.316448,linear,900,300,rastrigin,9,0.000000,12.994719,25.371202,15.417172,381.089130
3,7.295407,5.322296,linear,900,300,rastrigin,9,0.994957,16.016590,27.858728,12.906898,384.139830
3,6.231237,8.541316,linear,900,300,rastrigin,9,0.000004,9.282974,4.478846,13.610480,296.985230
3,6.231237,5.322296,linear,900,300,rastrigin,9,0.994957,15.238762,26.228519,13.238314,295.979045
3,7.295407,1.507637,linear,900,300,rastrigin,9,0.000000,0.000000,0.000000,5.406473,295.164640
3,10.000000,0.685363,linear,900,300,rastrigin,9,0.000000,0.000000,0.000000,0.000000,353.413425
3,8.541316,6.231237,linear,900,300,rastrigin,9,1.106045,8.422215,4.487169,12.752510,370.468310
3,8.541316,2.419483,linear,900,300,rastrigin,9,0.000000,11.441917,24.873718,12.508898,382.709895
3,7.295407,8.541316,linear,900,300,rastrigin,9,1.995014,10.680323,5.518160,14.074279,384.572390
3,8.541316,3.882831,linear,900,300,rastrigin,9,0.994957,14.106524,28.908489,16.336843,377.234435
3,8.541316,1.507637,linear,900,300,rastrigin,9,0.000000,3.171400,0.000000,11.706613,371.543360
3,10.000000,1.099883,linear,900,300,rastrigin,9,0.000000,3.109215,0.000000,12.376588,374.506615
3,0.500000,0.802409,quadratic,900,300,rastrigin,9,14.570446,29.842545,32.948532,8.971140,345.011335
3,8.541316,10.000000,linear,900,300,rastrigin,9,2.245827,17.506386,30.346695,15.605012,381.620840
3,0.500000,1.287720,quadratic,900,300,rastrigin,9,13.266663,22.408583,21.969076,9.620773,340.846865
3,10.000000,4.545940,linear,900,300,rastrigin,9,0.995983,20.005737,29.919098,12.029900,381.684975
3,10.000000,1.765111,linear,900,300,rastrigin,9,0.000000,11.255362,24.873718,17.505653,379.484540
3,10.000000,2.832683,linear,900,300,rastrigin,9,0.000000,14.339005,25.869173,13.015167,386.032335
3,0.500000,0.500000,quadratic,900,300,rastrigin,9,21.699696,35.576321,37.767532,8.224717,354.110080
3,0.500000,2.066557,quadratic,900,300,rastrigin,9,7.992355,19.229734,23.103662,6.049517,353.147110
3,0.500000,3.316448,quadratic,900,300,rastrigin,9,7.960320,12.189589,12.934793,3.877585,343.641495
3,0.500000,4.545940,quadratic,900,300,rastrigin,9,0.995201,5.907615,6.964705,4.108291,268.983870
3,10.000000,7.295407,linear,900,300,rastrigin,9,1.996441,14.857600,18.970060,13.633441,375.756355
3,0.500000,7.295407,quadratic,900,300,rastrigin,9,0.000000,0.808403,0.994957,1.307716,275.831260
3,0.585390,0.500000,quadratic,900,300,rastrigin,9,25.953800,31.891029,32.001842,8.980738,263.773480
3,0.585390,1.287720,quadratic,900,300,rastrigin,9,4.473080,18.768570,20.045315,10.583611,267.233730
3,0.585390,0.802409,quadratic,900,300,rastrigin,9,11.875092,23.225706,25.782499,6.428135,278.802100
3,0.585390,2.066557,quadratic,900,300,rastrigin,9,7.299599,15.137233,16.034733,6.766214,275.557485
3,0.585390,5.322296,quadratic,900,300,rastrigin,9,0.994957,2.798317,2.984875,1.737618,267.382845
3,0.685363,0.939444,quadratic,900,300,rastrigin,9,16.261761,26.113071,29.754423,9.368118,254.569410
3,0.585390,3.316448,quadratic,900,300,rastrigin,9,2.984875,7.400331,7.959688,5.504707,286.510255
3,0.685363,3.882831,quadratic,900,300,rastrigin,9,1.989914,6.840331,7.462185,3.686377,258.581755
3,0.585390,8.541316,quadratic,900,300,rastrigin,9,0.000000,0.000000,0.000000,0.000000,286.730255
3,0.685363,0.585390,quadratic,900,300,rastrigin,9,16.547493,25.542690,28.879799,7.736710,286.622620
3,0.802409,1.765111,quadratic,900,300,rastrigin,9,6.965446,13.760674,16.915447,6.156552,259.684065
3,0.802409,0.685363,quadratic,900,300,rastrigin,9,6.901272,23.328075,24.766069,9.775537,267.387960
3,0.802409,1.099883,quadratic,900,300,rastrigin,9,9.584782,20.859919,23.640245,10.254450,263.462545
3,0.685363,6.231237,quadratic,900,300,rastrigin,9,0.000000,0.000000,0.000000,0.355271,276.700915
3,0.685363,1.507637,quadratic,900,300,rastrigin,9,8.324646,16.660748,15.979954,10.652080,287.991410
3,0.685363,2.419483,quadratic,900,300,rastrigin,9,3.979904,11.075470,12.934788,6.214806,288.401275
3,0.939444,0.500000,quadratic,900,300,rastrigin,9,17.009628,22.994473,24.113113,6.102606,260.664105
3,0.685363,10.000000,quadratic,900,300,rastrigin,9,0.000000,0.000000,0.000000,0.000000,290.049615
3,0.802409,2.832683,quadratic,900,300,rastrigin,9,2.984871,5.534456,5.472269,4.153568,270.137520
3,0.802409,4.545940,quadratic,900,300,rastrigin,9,0.000000,0.932772,0.994957,0.922685,280.508555
3,0.939444,2.066557,quadratic,900,300,rastrigin,9,3.979897,9.016820,9.452116,4.430339,269.703680
3,0.802409,7.295407,quadratic,900,300,rastrigin,9,0.000000,0.000000,0.000000,0.000000,291.029175
3,0.939444,3.316448,quadratic,900,300,rastrigin,9,0.994957,2.611763,2.984871,1.528482,271.500175
3,1.099883,0.585390,quadratic,900,300,rastrigin,9,10.703979,22.109455,24.843355,7.559223,267.842380
3,0.939444,0.802409,quadratic,900,300,rastrigin,9,9.200153,18.450893,20.370964,8.392272,285.409800
3,1.099883,0.939444,quadratic,900,300,rastrigin,9,9.268196,17.713785,20.462940,6.290975,265.847630
3,0.939444,1.287720,quadratic,900,300,rastrigin,9,4.470997,11.702314,13.459709,5.737078,282.686725
3,0.939444,5.322296,quadratic,900,300,rastrigin,9,0.000000,0.000000,0.000000,0.000000,286.387205
3,1.287720,1.099883,quadratic,900,300,rastrigin,9,4.989426,14.005386,14.928135,8.889516,262.425265
3,1.099883,1.507637,quadratic,900,300,rastrigin,9,3.989010,11.512983,12.934814,8.167759,278.115830
3,1.099883,3.882831,quadratic,900,300,rastrigin,9,0.000000,0.000000,0.000000,0.397983,279.455640
3,1.099883,2.419483,quadratic,900,300,rastrigin,9,0.994957,4.539495,4.974791,2.751466,281.489905
3,1.287720,2.832683,quadratic,900,300,rastrigin,9,0.000000,0.497478,0.994957,0.848635,271.578985
3,1.507637,0.802409,quadratic,900,300,rastrigin,9,6.063152,14.027568,14.514536,6.181727,259.420335
3,1.287720,1.765111,quadratic,900,300,rastrigin,9,1.989918,6.280674,6.467243,3.962373,277.563610
3,0.939444,8.541316,quadratic,900,300,rastrigin,9,0.000000,0.000000,0.000000,0.000000,309.342045
3,1.287720,0.685363,quadratic,900,300,rastrigin,9,4.298897,19.028915,24.516754,9.885338,285.697805
3,1.507637,0.500000,quadratic,900,300,rastrigin,9,12.570595,22.491598,24.269142,7.182379,274.384205
3,1.287720,4.545940,quadratic,900,300,rastrigin,9,0.000000,0.000000,0.000000,0.000000,286.858385
3,1.099883,6.231237,quadratic,900,300,rastrigin,9,0.000000,0.000000,0.000000,0.000000,302.527850
3,1.099883,10.000000,quadratic,900,300,rastrigin,9,0.000000,8.021776,1.492435,12.701594,304.441205
3,1.507637,1.287720,quadratic,900,300,rastrigin,9,1.989918,6.716430,7.959671,6.185246,259.522450
3,1.507637,2.066557,quadratic,900,300,rastrigin,9,1.989914,2.611762,2.984871,1.607403,269.916290
3,1.287720,7.295407,quadratic,900,300,rastrigin,9,0.000000,0.000000,0.000000,7.462116,305.827415
3,1.507637,3.316448,quadratic,900,300,rastrigin,9,0.000000,0.000000,0.000000,0.000000,283.994720
3,8.541316,0.685363,linear,900,300,rastrigin,9,0.000000,0.000000,0.000000,0.000000,365.061845
3,0.500000,5.322296,quadratic,900,300,rastrigin,9,1.989914,4.850419,5.472267,2.469417,259.339155
3,8.541316,1.099883,linear,900,300,rastrigin,9,0.000000,0.000000,0.000000,0.216846,381.552045
3,7.295407,2.419483,linear,900,300,rastrigin,9,0.000000,9.700758,13.431816,12.604358,373.848220
3,0.585390,0.585390,quadratic,900,300,rastrigin,9,15.743710,28.317501,29.538197,10.575914,262.537225
3,7.295407,3.882831,linear,900,300,rastrigin,9,0.000000,12.974619,24.873756,15.292819,375.321420
3,0.585390,1.507637,quadratic,900,300,rastrigin,9,12.977459,18.587420,18.175220,6.425716,263.616245
3,0.500000,8.541316,quadratic,900,300,rastrigin,9,0.000000,0.000000,0.000000,0.000000,290.877260
3,0.500000,0.939444,quadratic,900,300,rastrigin,9,12.653133,21.104662,22.399712,9.735984,347.568840
3,10.000000,0.802409,linear,900,300,rastrigin,9,0.000000,0.000000,0.000000,0.000000,374.378075
3,10.000000,0.500000,linear,900,300,rastrigin,9,0.000000,0.000000,0.000000,0.507330,357.449135
3,7.295407,6.231237,linear,900,300,rastrigin,9,0.995491,6.536471,3.985909,12.738450,387.326270
3,0.685363,1.099883,quadratic,900,300,rastrigin,9,8.669582,19.987822,23.305450,8.215466,268.784150
3,0.585390,6.231237,quadratic,900,300,rastrigin,9,0.000000,0.621848,0.994957,0.915955,275.656335
3,0.500000,1.507637,quadratic,900,300,rastrigin,9,6.176956,19.437963,22.249910,10.281142,356.619605
3,8.541316,7.295407,linear,900,300,rastrigin,9,1.003742,13.535400,17.480127,16.503475,388.769830
3,8.541316,2.832683,linear,900,300,rastrigin,9,0.000000,13.895710,25.109924,15.285539,387.350300
3,7.295407,10.000000,linear,900,300,rastrigin,9,2.989956,15.104391,18.910461,12.924492,381.395035
3,8.541316,1.765111,linear,900,300,rastrigin,9,0.000000,0.248739,0.000000,9.963781,377.993070
3,0.585390,0.939444,quadratic,900,300,rastrigin,9,10.578419,21.995602,24.193033,10.212964,287.255100
3,0.585390,2.419483,quadratic,900,300,rastrigin,9,4.983566,11.898508,13.181257,7.339420,288.675955
3,0.685363,4.545940,quadratic,900,300,rastrigin,9,0.994957,2.300838,1.989914,2.014636,274.768670
3,0.585390,3.882831,quadratic,900,300,rastrigin,9,2.984871,6.778151,7.462183,5.409454,282.577885
3,10.000000,1.287720,linear,900,300,rastrigin,9,0.000000,6.342799,0.497480,12.384778,388.933560
3,0.500000,3.882831,quadratic,900,300,rastrigin,9,2.984871,9.825254,12.436960,6.075727,344.266025
3,0.500000,2.419483,quadratic,900,300,rastrigin,9,5.235821,15.754810,19.112186,7.689954,350.683305
3,8.541316,4.545940,linear,900,300,rastrigin,9,0.000027,19.843250,29.919601,12.786171,393.469770
3,0.802409,2.066557,quadratic,900,300,rastrigin,9,2.985451,12.629585,14.429556,7.271192,266.740300
3,0.500000,0.585390,quadratic,900,300,rastrigin,9,20.527962,30.389175,31.863300,9.190638,357.528620
3,0.802409,0.802409,quadratic,900,300,rastrigin,9,10.398952,23.393116,26.087828,9.096177,268.260010
3,0.802409,1.287720,quadratic,900,300,rastrigin,9,4.992001,12.736964,14.079576,6.103329,267.681380
3,0.685363,0.685363,quadratic,900,300,rastrigin,9,8.840508,20.211851,20.355894,8.145157,283.493290
3,0.939444,0.585390,quadratic,900,300,rastrigin,9,15.514900,25.176748,27.231850,9.790985,260.064285
3,0.585390,10.000000,quadratic,900,300,rastrigin,9,0.000000,0.000000,0.000000,0.000000,291.643120
3,10.000000,2.066557,linear,900,300,rastrigin,9,0.000000,11.441920,24.873724,12.356343,376.563560
3,0.802409,3.316448,quadratic,900,300,rastrigin,9,0.000000,4.042014,4.477308,2.846951,257.067600
3,10.000000,5.322296,linear,900,300,rastrigin,9,1.991280,7.848075,6.467407,11.869600,381.798060
3,0.685363,7.295407,quadratic,900,300,rastrigin,9,0.000000,0.000000,0.000000,0.000000,280.699825
3,10.000000,3.316448,linear,900,300,rastrigin,9,0.000000,18.604261,29.237242,12.744027,383.027315
3,0.685363,1.765111,quadratic,900,300,rastrigin,9,4.037041,13.992657,16.191904,9.278367,287.717090
3,10.000000,8.541316,linear,900,300,rastrigin,9,2.024803,13.146591,12.964849,15.438816,374.489785
3,0.685363,2.832683,quadratic,900,300,rastrigin,9,2.984879,10.386038,12.436977,6.423967,289.711255
3,0.939444,2.419483,quadratic,900,300,rastrigin,9,4.974785,7.399997,7.959663,3.662131,259.222620
3,0.802409,0.500000,quadratic,900,300,rastrigin,9,17.383461,28.026951,29.000364,11.976502,291.124445
3,1.099883,0.685363,quadratic,900,300,rastrigin,9,12.221962,22.022774,24.641792,8.634440,261.580415
3,0.802409,5.322296,quadratic,900,300,rastrigin,9,0.000000,0.000000,0.000000,0.216846,280.050260
3,1.099883,1.099883,quadratic,900,300,rastrigin,9,7.011993,14.938346,16.916374,6.232306,264.487400
3,0.939444,3.882831,quadratic,900,300,rastrigin,9,0.000000,0.746218,0.994957,1.381344,276.151945
3,1.287720,1.287720,quadratic,900,300,rastrigin,9,4.974884,9.640491,10.448563,5.015707,262.946600
3,0.939444,1.507637,quadratic,900,300,rastrigin,9,4.975212,10.317994,12.938673,5.791584,281.800165
3,0.939444,0.939444,quadratic,900,300,rastrigin,9,7.439053,16.602076,18.579060,5.399549,292.251565
3,1.507637,0.939444,quadratic,900,300,rastrigin,9,5.002728,14.627647,16.505932,7.510690,261.361420
3,0.939444,6.231237,quadratic,900,300,rastrigin,9,0.000000,0.000000,0.000000,0.000000,287.267985
3,1.099883,2.832683,quadratic,900,300,rastrigin,9,0.994957,2.114284,1.989914,1.847382,274.618830
3,0.802409,8.541316,quadratic,900,300,rastrigin,9,0.000000,0.000000,0.000000,0.000000,313.935860
3,1.099883,1.765111,quadratic,900,300,rastrigin,9,1.989922,7.587477,7.467031,5.166809,284.854350
3,1.287720,3.316448,quadratic,900,300,rastrigin,9,0.000000,0.062185,0.000000,0.553969,278.603875
3,1.507637,0.585390,quadratic,900,300,rastrigin,9,7.206772,18.181585,21.247238,8.009775,261.431235
3,1.099883,4.545940,quadratic,900,300,rastrigin,9,0.000000,0.000000,0.000000,0.216846,286.925465
3,1.507637,1.507637,quadratic,900,300,rastrigin,9,2.984875,8.581511,9.949579,6.070649,259.462770
3,1.287720,2.066557,quadratic,900,300,rastrigin,9,1.989914,4.788233,5.472267,4.296487,285.634790
3,1.287720,0.802409,quadratic,900,300,rastrigin,9,6.184181,15.367964,16.745596,6.410806,290.079205
3,0.939444,10.000000,quadratic,900,300,rastrigin,9,0.000000,0.000000,0.000000,9.855292,300.422435
3,1.507637,2.419483,quadratic,900,300,rastrigin,9,0.000000,0.932772,0.994957,0.722629,271.016975
3,1.287720,5.322296,quadratic,900,300,rastrigin,9,0.000000,0.000000,0.000000,0.000000,294.902490
3,1.099883,7.295407,quadratic,900,300,rastrigin,9,0.000000,0.000000,0.000000,0.000000,296.901295
3,1.287720,0.500000,quadratic,900,300,rastrigin,9,12.944000,22.986906,24.731335,10.224718,298.922135
3,1.507637,3.882831,quadratic,900,300,rastrigin,9,0.000000,0.000000,0.000000,0.000000,286.180635
3,1.287720,8.541316,quadratic,900,300,rastrigin,9,0.000000,1.616792,0.000000,11.124368,302.200435
3,0.500000,6.231237,quadratic,900,300,rastrigin,9,0.994957,2.549579,2.984873,2.465405,265.355775
3,0.585390,0.685363,quadratic,900,300,rastrigin,9,10.053776,26.279074,28.837376,8.951734,259.723050
3,0.585390,1.765111,quadratic,900,300,rastrigin,9,8.176765,16.741117,19.299759,7.912216,257.263245
3,0.685363,1.287720,quadratic,900,300,rastrigin,9,10.912731,19.740454,23.017130,9.078390,258.072715
3,0.500000,10.000000,quadratic,900,300,rastrigin,9,0.000000,0.000000,0.000000,0.000000,281.694395
3,0.585390,7.295407,quadratic,900,300,rastrigin,9,0.000000,0.000000,0.000000,0.355271,272.561060
3,0.685363,5.322296,quadratic,900,300,rastrigin,9,0.000000,0.621848,0.994957,0.889917,265.470380
3,1.507637,5.322296,quadratic,900,300,rastrigin,9,0.000000,0.000000,0.000000,9.873763,378.415310
3,0.802409,2.419483,quadratic,900,300,rastrigin,9,1.989925,10.143158,10.944574,5.274009,260.007905
3,0.802409,1.507637,quadratic,900,300,rastrigin,9,4.980221,14.666929,16.444101,8.501769,262.825645
3,0.802409,0.939444,quadratic,900,300,rastrigin,9,9.620468,25.178516,27.452051,8.786220,264.654685
3,0.585390,1.099883,quadratic,900,300,rastrigin,9,6.331230,21.223179,22.745495,8.568640,282.752420
3,0.585390,2.832683,quadratic,900,300,rastrigin,9,5.969749,10.635316,11.443172,5.641134,283.230755
3,0.939444,0.685363,quadratic,900,300,rastrigin,9,10.203247,19.289749,21.575384,7.394439,267.703105
3,0.585390,4.545940,quadratic,900,300,rastrigin,9,0.994957,4.415126,3.979836,5.990218,287.203690
3,0.802409,3.882831,quadratic,900,300,rastrigin,9,0.994957,1.865545,1.989914,2.515099,265.823350
3,1.765111,0.585390,quadratic,900,300,rastrigin,9,6.003220,18.498810,20.308062,6.286488,354.291025
3,0.685363,0.802409,quadratic,900,300,rastrigin,9,13.722992,22.917252,24.377804,9.204222,283.573845
3,1.765111,0.939444,quadratic,900,300,rastrigin,9,3.985004,11.194668,12.934593,4.768127,347.235830
3,1.765111,2.419483,quadratic,900,300,rastrigin,9,0.000000,0.000000,0.000000,0.433692,334.545285
3,1.765111,1.507637,quadratic,900,300,rastrigin,9,1.989914,6.031930,6.467224,3.210182,346.455610
3,0.939444,2.832683,quadratic,900,300,rastrigin,9,1.989914,5.534452,6.467226,5.095413,265.286320
3,0.685363,0.500000,quadratic,900,300,rastrigin,9,7.939106,31.344404,35.858887,11.482689,292.763725
3,0.685363,8.541316,quadratic,900,300,rastrigin,9,0.000000,0.000000,0.000000,0.000000,291.252115
3,1.099883,0.802409,quadratic,900,300,rastrigin,9,7.094006,17.609602,19.271898,8.247306,262.488885
3,1.099883,1.287720,quadratic,900,300,rastrigin,9,6.049156,15.820938,17.414732,7.369602,260.036885
3,0.685363,3.316448,quadratic,900,300,rastrigin,9,1.989918,5.534450,5.969742,5.326497,290.615355
3,1.507637,8.541316,quadratic,900,300,rastrigin,9,0.000000,8.208341,1.989914,12.381084,394.269160
3,0.685363,2.066557,quadratic,900,300,rastrigin,9,2.985340,14.161625,15.933743,8.090471,294.652890
3,2.066557,0.685363,quadratic,900,300,rastrigin,9,5.975063,13.571245,16.416855,6.978182,344.335390
3,0.802409,0.585390,quadratic,900,300,rastrigin,9,10.560047,26.406586,29.379375,7.347965,281.054985
3,1.287720,1.507637,quadratic,900,300,rastrigin,9,1.989929,9.390039,11.442005,8.283898,260.531635
3,2.066557,1.099883,quadratic,900,300,rastrigin,9,2.984871,5.783194,5.969749,3.097178,347.575140
3,2.066557,1.765111,quadratic,900,300,rastrigin,9,0.000000,0.870587,0.994957,1.084229,347.571750
3,1.765111,3.882831,quadratic,900,300,rastrigin,9,0.000000,0.000000,0.000000,0.000000,364.038105
3,0.939444,4.545940,quadratic,900,300,rastrigin,9,0.000000,0.000000,0.000000,0.216846,275.381040
3,2.419483,0.500000,quadratic,900,300,rastrigin,9,2.007729,13.915522,16.921288,6.756512,342.331420
3,0.802409,6.231237,quadratic,900,300,rastrigin,9,0.000000,0.000000,0.000000,0.000000,292.224965
3,2.066557,2.832683,quadratic,900,300,rastrigin,9,0.000000,0.000000,0.000000,0.000000,357.267475
3,2.419483,0.802409,quadratic,900,300,rastrigin,9,3.979843,9.327765,10.447058,4.590898,347.237460
3,0.939444,1.765111,quadratic,900,300,rastrigin,9,4.974827,11.771882,12.440409,5.641742,277.843035
3,2.419483,1.287720,quadratic,900,300,rastrigin,9,0.000000,2.176469,2.984871,1.229688,350.034880
3,1.507637,1.099883,quadratic,900,300,rastrigin,9,2.990643,10.827967,12.437323,6.706029,270.429325
3,1.765111,6.231237,quadratic,900,300,rastrigin,9,0.000000,0.248739,0.000000,10.502515,387.279775
3,1.765111,10.000000,quadratic,900,300,rastrigin,9,0.000000,14.898059,27.066845,13.599936,383.882610
3,1.507637,0.685363,quadratic,900,300,rastrigin,9,3.983723,16.643801,21.492359,12.143303,271.353180
3,1.099883,3.316448,quadratic,900,300,rastrigin,9,0.000000,1.119327,0.994957,1.154966,276.867580
3,2.066557,7.295407,quadratic,900,300,rastrigin,9,0.000000,10.120161,14.426777,15.200546,373.768375
3,2.066557,4.545940,quadratic,900,300,rastrigin,9,0.000000,0.000000,0.000000,7.462116,376.027275
3,0.939444,1.099883,quadratic,900,300,rastrigin,9,6.443718,17.151299,19.965124,7.787401,294.614435
3,1.099883,2.066557,quadratic,900,300,rastrigin,9,1.989918,5.472294,5.969748,3.627144,280.922220
3,1.287720,3.882831,quadratic,900,300,rastrigin,9,0.000000,0.000000,0.000000,0.000000,281.089805
3,2.419483,2.066557,quadratic,900,300,rastrigin,9,0.000000,0.000000,0.000000,0.000000,361.936405
3,1.507637,1.765111,quadratic,900,300,rastrigin,9,1.989914,4.850419,5.472269,5.058392,275.771390
3,1.099883,5.322296,quadratic,900,300,rastrigin,9,0.000000,0.000000,0.000000,0.000000,288.528640
3,0.939444,7.295407,quadratic,900,300,rastrigin,9,0.000000,0.000000,0.000000,0.000000,305.388080
3,1.287720,2.419483,quadratic,900,300,rastrigin,9,0.994957,2.300839,2.984871,1.804691,282.677420
3,1.099883,0.500000,quadratic,900,300,rastrigin,9,16.652893,28.577549,32.837616,6.744712,268.432065
3,1.287720,0.939444,quadratic,900,300,rastrigin,9,7.229916,15.921009,17.955484,7.273607,278.694825
3,0.802409,10.000000,quadratic,900,300,rastrigin,9,0.000000,0.000000,0.000000,0.000000,305.203100
3,2.419483,3.316448,quadratic,900,300,rastrigin,9,0.000000,0.000000,0.000000,0.000000,383.402255
3,2.419483,8.541316,quadratic,900,300,rastrigin,9,0.994965,10.841631,2.985186,14.206184,376.865010
3,2.419483,5.322296,quadratic,900,300,rastrigin,9,0.000000,11.444616,24.873718,17.283077,387.667440
3,1.507637,2.832683,quadratic,900,300,rastrigin,9,0.000000,0.000000,0.000000,0.216846,286.216810
3,1.287720,0.585390,quadratic,900,300,rastrigin,9,8.963028,19.199537,21.052008,8.291094,295.867900
3,1.287720,6.231237,quadratic,900,300,rastrigin,9,0.000000,0.000000,0.000000,0.000000,312.521535
3,2.832683,0.585390,quadratic,900,300,rastrigin,9,4.974808,9.894250,11.940655,4.314159,266.671560
3,1.099883,8.541316,quadratic,900,300,rastrigin,9,0.000000,0.000000,0.000000,6.303977,310.071360
3,1.507637,4.545940,quadratic,900,300,rastrigin,9,0.000000,0.000000,0.000000,0.000000,301.545155
3,2.832683,0.939444,quadratic,900,300,rastrigin,9,0.994957,4.104200,4.974787,2.747867,264.010570
3,1.287720,10.000000,quadratic,900,300,rastrigin,9,0.000000,14.551139,24.873718,11.803676,313.932005
3,2.832683,1.507637,quadratic,900,300,rastrigin,9,0.000000,0.000000,0.000000,0.397983,287.018580
3,3.316448,0.685363,quadratic,900,300,rastrigin,9,1.989914,6.467227,7.462185,4.919502,262.223800
3,2.832683,2.419483,quadratic,900,300,rastrigin,9,0.000000,0.000000,0.000000,0.000000,301.636850
3,3.316448,1.099883,quadratic,900,300,rastrigin,9,0.000000,0.684033,0.994957,1.402678,267.968845
3,3.882831,0.802409,quadratic,900,300,rastrigin,9,0.994957,2.611763,2.984871,2.829513,275.032765
3,2.832683,3.882831,quadratic,900,300,rastrigin,9,0.000000,6.342806,0.497536,12.652493,323.953640
3,3.882831,0.500000,quadratic,900,300,rastrigin,9,4.974800,9.514294,9.949594,8.333865,278.372320
3,2.832683,10.000000,quadratic,900,300,rastrigin,9,1.004559,15.639677,29.377186,15.966525,304.966095
3,2.832683,6.231237,quadratic,900,300,rastrigin,9,0.000000,8.088196,2.984888,13.084251,314.806345
3,3.316448,1.765111,quadratic,900,300,rastrigin,9,0.000000,0.000000,0.000000,0.000000,303.261415
3,4.545940,0.585390,quadratic,900,300,rastrigin,9,1.989914,5.161343,5.969746,3.216346,264.568495
3,3.316448,7.295407,quadratic,900,300,rastrigin,9,0.994976,16.079826,28.924517,17.570269,300.019815
3,3.882831,1.287720,quadratic,900,300,rastrigin,9,0.000000,0.000000,0.000000,0.000000,292.776340
3,3.316448,4.545940,quadratic,900,300,rastrigin,9,0.000000,14.200252,25.371597,16.897778,310.132660
3,3.316448,2.832683,quadratic,900,300,rastrigin,9,0.000000,0.000000,0.000000,5.414021,312.181055
3,4.545940,0.939444,quadratic,900,300,rastrigin,9,0.000000,0.000000,0.000000,0.355271,281.740375
3,3.882831,2.066557,quadratic,900,300,rastrigin,9,0.000000,0.000000,0.000000,0.000000,299.043010
3,3.882831,8.541316,quadratic,900,300,rastrigin,9,2.985424,21.180805,30.418213,15.875072,293.114265
3,3.882831,5.322296,quadratic,900,300,rastrigin,9,1.989918,19.570377,29.422073,14.589542,294.774470
3,4.545940,1.507637,quadratic,900,300,rastrigin,9,0.000000,0.000000,0.000000,0.000000,297.644395
3,3.882831,3.316448,quadratic,900,300,rastrigin,9,0.000000,10.103107,13.929295,12.668931,317.246865
3,5.322296,0.685363,quadratic,900,300,rastrigin,9,0.000000,0.435294,0.994957,1.524430,276.132275
3,4.545940,2.419483,quadratic,900,300,rastrigin,9,0.000000,6.280616,0.000000,13.201280,308.418460
3,1.765111,0.685363,quadratic,900,300,rastrigin,9,5.065361,15.565132,15.928576,8.186711,350.012910
3,4.545940,6.231237,quadratic,900,300,rastrigin,9,1.992859,20.440100,29.919731,15.940784,299.266490
3,1.507637,6.231237,quadratic,900,300,rastrigin,9,0.000000,0.000000,0.000000,7.462115,378.155880
3,1.765111,2.832683,quadratic,900,300,rastrigin,9,0.000000,0.000000,0.000000,0.000000,340.732095
3,5.322296,1.099883,quadratic,900,300,rastrigin,9,0.000000,0.000000,0.000000,0.000000,284.618735
3,4.545940,3.882831,quadratic,900,300,rastrigin,9,1.989914,18.933001,28.924515,15.881775,311.883190
3,6.231237,0.500000,quadratic,900,300,rastrigin,9,0.994957,2.922688,2.984875,1.146362,264.402350
3,4.545940,10.000000,quadratic,900,300,rastrigin,9,4.081326,14.294825,11.577545,15.381719,302.572145
3,1.765111,1.099883,quadratic,900,300,rastrigin,9,2.984901,9.079730,9.456945,6.437003,348.027550
3,1.765111,1.765111,quadratic,900,300,rastrigin,9,0.994957,2.673948,2.984871,1.818351,350.969065
3,6.231237,0.802409,quadratic,900,300,rastrigin,9,0.000000,0.000000,0.000000,0.000000,275.282120
3,2.066557,0.802409,quadratic,900,300,rastrigin,9,4.047054,9.957806,10.447746,4.708035,345.917975
3,5.322296,1.765111,quadratic,900,300,rastrigin,9,0.000000,0.000000,0.000000,9.393024,310.538000
3,5.322296,2.832683,quadratic,900,300,rastrigin,9,0.994957,23.898191,28.656345,8.179468,309.254125
3,2.066557,2.066557,quadratic,900,300,rastrigin,9,0.000000,0.000000,0.000000,0.298487,345.497200
3,7.295407,0.585390,quadratic,900,300,rastrigin,9,0.000000,0.000000,0.000000,0.216846,281.281495
3,2.066557,1.287720,quadratic,900,300,rastrigin,9,0.994957,4.290755,4.974789,3.258767,351.425860
3,5.322296,7.295407,quadratic,900,300,rastrigin,9,3.016315,16.417150,29.958784,15.339026,308.892755
3,5.322296,4.545940,quadratic,900,300,rastrigin,9,1.001453,18.196321,29.919472,13.109085,313.061825
3,6.231237,1.287720,quadratic,900,300,rastrigin,9,0.000000,0.000000,0.000000,6.303998,299.031510
3,2.419483,0.939444,quadratic,900,300,rastrigin,9,0.994957,7.275627,7.959663,5.711037,344.683360
3,2.419483,0.585390,quadratic,900,300,rastrigin,9,3.987415,13.249546,14.996906,8.072890,353.579075
3,6.231237,2.066557,quadratic,900,300,rastrigin,9,0.000000,17.225082,24.873735,11.068315,301.273840
3,6.231237,8.541316,quadratic,900,300,rastrigin,9,2.120716,15.793847,20.578747,14.132900,297.891955
3,6.231237,5.322296,quadratic,900,300,rastrigin,9,1.042305,14.671738,21.443098,18.279484,303.936635
3,1.765111,4.545940,quadratic,900,300,rastrigin,9,0.000000,0.000000,0.000000,0.000000,364.450930
3,2.419483,1.507637,quadratic,900,300,rastrigin,9,0.000000,0.621848,0.994957,1.495749,349.673900
3,1.507637,10.000000,quadratic,900,300,rastrigin,9,0.000000,5.647466,1.989914,17.915964,383.788240
3,6.231237,3.316448,quadratic,900,300,rastrigin,9,0.994995,19.566553,29.919415,12.542126,316.196220
3,2.066557,3.316448,quadratic,900,300,rastrigin,9,0.000000,0.000000,0.000000,0.000000,368.235415
3,2.832683,0.685363,quadratic,900,300,rastrigin,9,2.984879,8.457176,9.949577,7.087787,267.769570
3,7.295407,0.939444,quadratic,900,300,rastrigin,9,0.000000,0.000000,0.000000,0.000000,305.401830
3,2.066557,0.500000,quadratic,900,300,rastrigin,9,4.051094,15.123146,16.706816,7.216846,359.109065
3,2.832683,1.099883,quadratic,900,300,rastrigin,9,0.994957,3.047057,2.984871,2.322219,261.629270
3,7.295407,3.882831,quadratic,900,300,rastrigin,9,0.996685,9.972856,4.981741,16.175167,293.013530
3,2.419483,2.419483,quadratic,900,300,rastrigin,9,0.000000,0.000000,0.000000,0.000000,361.382920
3,7.295407,2.419483,quadratic,900,300,rastrigin,9,0.994957,8.270473,2.984884,13.598825,298.867680
3,1.765111,7.295407,quadratic,900,300,rastrigin,9,0.000000,3.979803,1.492435,14.915400,387.964970
3,7.295407,1.507637,quadratic,900,300,rastrigin,9,0.000000,12.623415,24.873718,16.444334,309.036930
3,2.066557,5.322296,quadratic,900,300,rastrigin,9,0.000000,6.404984,0.497478,12.349442,378.414455
3,7.295407,6.231237,quadratic,900,300,rastrigin,9,2.013390,12.996429,10.819098,15.215494,293.308090
3,2.066557,8.541316,quadratic,900,300,rastrigin,9,0.000000,6.529848,2.984915,15.668500,387.053450
3,7.295407,10.000000,quadratic,900,300,rastrigin,9,5.196995,20.359657,26.804239,16.794863,286.741680
3,2.832683,1.765111,quadratic,900,300,rastrigin,9,0.000000,0.000000,0.000000,0.216846,282.558120
3,2.419483,3.882831,quadratic,900,300,rastrigin,9,0.000000,1.554607,0.000000,11.150932,381.503830
3,2.419483,10.000000,quadratic,900,300,rastrigin,9,0.000008,11.403854,4.975315,13.831949,385.821760
3,3.316448,0.802409,quadratic,900,300,rastrigin,9,0.994957,4.415124,4.974791,3.237434,265.759980
3,2.419483,6.231237,quadratic,900,300,rastrigin,9,0.000000,10.952689,13.929340,13.535264,386.589145
3,3.316448,1.287720,quadratic,900,300,rastrigin,9,0.000000,0.000000,0.000000,0.298487,281.834850
3,2.832683,2.832683,quadratic,900,300,rastrigin,9,0.000000,0.000000,0.000000,0.000000,299.242100
3,3.882831,0.939444,quadratic,900,300,rastrigin,9,0.000000,1.057142,0.994957,0.710541,274.174525
3,3.316448,0.500000,quadratic,900,300,rastrigin,9,5.969978,10.698852,11.939526,4.683913,270.495075
3,4.545940,0.685363,quadratic,900,300,rastrigin,9,0.994957,2.984872,2.984873,1.455498,269.146800
3,3.882831,0.585390,quadratic,900,300,rastrigin,9,1.989914,5.285713,6.964703,3.629889,293.029440
3,2.832683,7.295407,quadratic,900,300,rastrigin,9,0.000015,10.184954,4.477316,13.530457,301.440680
3,3.882831,1.507637,quadratic,900,300,rastrigin,9,0.000000,0.000000,0.000000,0.000000,288.313150
3,2.832683,4.545940,quadratic,900,300,rastrigin,9,0.000000,11.131013,24.873722,13.043571,312.050365
3,3.316448,8.541316,quadratic,900,300,rastrigin,9,2.984932,15.894916,29.421465,15.406059,299.192755
3,3.316448,2.066557,quadratic,900,300,rastrigin,9,0.000000,0.000000,0.000000,0.000000,307.181135
3,4.545940,1.099883,quadratic,900,300,rastrigin,9,0.000000,0.000000,0.000000,0.000000,290.272915
3,3.882831,10.000000,quadratic,900,300,rastrigin,9,3.030704,15.223942,19.449259,16.256693,296.857575
3,3.316448,3.316448,quadratic,900,300,rastrigin,9,0.000000,3.420139,0.994957,11.320576,313.349400
3,3.316448,5.322296,quadratic,900,300,rastrigin,9,0.994957,10.273716,3.979868,13.389720,318.753490
3,6.231237,0.585390,quadratic,900,300,rastrigin,9,0.000000,1.305881,1.989914,1.538167,262.159240
3,3.882831,2.419483,quadratic,900,300,rastrigin,9,0.000000,0.000000,0.000000,7.462116,309.699490
3,5.322296,0.802409,quadratic,900,300,rastrigin,9,0.000000,0.124370,0.000000,6.261512,288.236540
3,3.882831,6.231237,quadratic,900,300,rastrigin,9,0.994968,11.403546,4.975491,16.517000,310.613655
3,4.545940,1.765111,quadratic,900,300,rastrigin,9,0.000000,0.000000,0.000000,0.000000,315.638920
3,5.322296,1.287720,quadratic,900,300,rastrigin,9,0.000000,0.000000,0.000000,0.000000,296.656940
3,4.545940,7.295407,quadratic,900,300,rastrigin,9,2.997547,10.610462,7.976727,17.735155,305.629610
3,3.882831,3.882831,quadratic,900,300,rastrigin,9,0.000000,10.530809,13.929296,12.864572,320.384150
3,6.231237,0.939444,quadratic,900,300,rastrigin,9,0.000000,0.000000,0.000000,0.000000,290.619790
3,5.322296,0.500000,quadratic,900,300,rastrigin,9,0.994957,4.104200,4.974789,3.910499,303.293705
3,4.545940,4.545940,quadratic,900,300,rastrigin,9,0.994957,14.615059,29.421511,16.036457,307.377075
3,4.545940,2.832683,quadratic,900,300,rastrigin,9,0.000000,14.492430,24.873722,11.952987,329.788475
3,7.295407,0.685363,quadratic,900,300,rastrigin,9,0.000000,0.000000,0.000000,0.000000,286.659600
3,1.765111,0.802409,quadratic,900,300,rastrigin,9,3.980606,11.290530,12.439423,6.764349,342.685785
3,2.832683,0.802409,quadratic,900,300,rastrigin,9,2.984871,6.280673,7.462181,5.259874,268.465330
3,1.765111,1.287720,quadratic,900,300,rastrigin,9,1.989914,7.151259,9.949574,4.616373,343.307895
3,6.231237,6.231237,quadratic,900,300,rastrigin,9,3.076176,23.956017,31.423656,14.722487,297.132200
3,2.832683,1.287720,quadratic,900,300,rastrigin,9,0.000000,0.994957,0.994957,1.151746,273.010615
3,6.231237,1.507637,quadratic,900,300,rastrigin,9,0.000000,0.000000,0.000000,5.414021,309.541275
3,1.765111,2.066557,quadratic,900,300,rastrigin,9,0.000000,0.684033,0.994957,1.202211,346.846630
3,1.765111,3.316448,quadratic,900,300,rastrigin,9,0.000000,0.000000,0.000000,0.000000,360.411080
3,5.322296,2.066557,quadratic,900,300,rastrigin,9,0.000000,6.342801,0.497478,12.384786,323.072725
3,5.322296,5.322296,quadratic,900,300,rastrigin,9,1.029243,11.658244,5.979002,16.277973,315.403740
3,5.322296,3.316448,quadratic,900,300,rastrigin,9,0.000000,8.476366,3.482372,16.146708,326.646150
3,2.066557,0.939444,quadratic,900,300,rastrigin,9,1.989914,7.712284,10.944546,4.622558,340.130595
3,5.322296,8.541316,quadratic,900,300,rastrigin,9,3.059307,20.190311,31.411171,15.098689,323.293980
3,6.231237,2.419483,quadratic,900,300,rastrigin,9,0.000000,17.420218,25.868750,12.233923,315.768385
3,6.231237,10.000000,quadratic,900,300,rastrigin,9,3.247330,15.306067,14.300911,12.052786,319.024350
3,2.066557,1.507637,quadratic,900,300,rastrigin,9,0.994957,2.114284,1.989914,1.338578,335.454040
3,7.295407,1.099883,quadratic,900,300,rastrigin,9,0.000000,0.000000,0.000000,0.000000,305.577985
3,6.231237,3.882831,quadratic,900,300,rastrigin,9,0.000019,15.944788,28.391518,13.584215,317.461365
3,1.507637,7.295407,quadratic,900,300,rastrigin,9,0.000000,4.788193,0.000000,12.187207,388.956265
3,2.066557,2.419483,quadratic,900,300,rastrigin,9,0.000000,0.000000,0.000000,0.000000,352.009345
3,2.419483,1.099883,quadratic,900,300,rastrigin,9,1.989914,5.472266,6.964703,2.499305,349.635550
3,2.419483,0.685363,quadratic,900,300,rastrigin,9,3.979874,8.367159,9.452665,6.821140,348.011300
3,7.295407,4.545940,quadratic,900,300,rastrigin,9,1.088188,17.582445,29.917316,14.505742,304.571605
3,7.295407,7.295407,quadratic,900,300,rastrigin,9,2.052326,10.287882,10.189892,10.914432,294.964995
3,7.295407,2.832683,quadratic,900,300,rastrigin,9,0.000000,16.864584,27.780218,15.391468,307.048595
3,8.541316,0.500000,quadratic,900,300,rastrigin,9,0.000000,0.000000,0.000000,0.355271,282.389410
3,1.765111,0.500000,quadratic,900,300,rastrigin,9,14.277866,21.458553,22.125101,7.989690,346.762255
3,2.419483,1.765111,quadratic,900,300,rastrigin,9,0.000000,0.000000,0.000000,0.355271,356.585075
3,3.316448,0.939444,quadratic,900,300,rastrigin,9,0.000000,2.300838,2.984871,1.550187,271.836765
3,7.295407,1.765111,quadratic,900,300,rastrigin,9,0.000000,11.068831,24.873722,12.761365,324.182445
3,2.832683,2.066557,quadratic,900,300,rastrigin,9,0.000000,0.000000,0.000000,0.000000,292.191130
3,1.765111,5.322296,quadratic,900,300,rastrigin,9,0.000000,0.000000,0.000000,0.216846,371.558380
3,2.066557,0.585390,quadratic,900,300,rastrigin,9,4.016132,13.722342,16.616827,6.392669,360.917550
3,2.066557,3.882831,quadratic,900,300,rastrigin,9,0.000000,0.000000,0.000000,8.677407,383.951675
3,3.316448,0.585390,quadratic,900,300,rastrigin,9,2.984875,9.514565,11.941551,6.878149,263.889765
3,3.316448,1.507637,quadratic,900,300,rastrigin,9,0.000000,0.000000,0.000000,0.000000,282.430175
3,2.419483,2.832683,quadratic,900,300,rastrigin,9,0.000000,0.000000,0.000000,0.000000,363.633720
3,3.882831,1.099883,quadratic,900,300,rastrigin,9,0.000000,0.000000,0.000000,0.355271,277.163600
3,2.832683,0.500000,quadratic,900,300,rastrigin,9,5.969780,12.958234,13.932476,6.306143,331.233775
3,4.545940,0.802409,quadratic,900,300,rastrigin,9,0.000000,0.310924,0.000000,1.618909,273.833070
3,2.066557,6.231237,quadratic,900,300,rastrigin,9,0.000000,13.000964,24.873728,12.901555,377.056605
3,1.765111,8.541316,quadratic,900,300,rastrigin,9,0.000000,13.535160,24.873777,12.995223,386.925090
3,2.066557,10.000000,quadratic,900,300,rastrigin,9,1.990177,19.565910,29.422127,14.620576,380.877875
3,2.832683,3.316448,quadratic,900,300,rastrigin,9,0.000000,0.000000,0.000000,5.414021,307.280890
3,3.882831,0.685363,quadratic,900,300,rastrigin,9,0.994957,4.166386,4.477312,3.538395,285.418035
3,4.545940,0.500000,quadratic,900,300,rastrigin,9,2.984871,9.016809,9.452097,4.021882,264.339325
3,2.832683,8.541316,quadratic,900,300,rastrigin,9,0.995090,18.191690,29.422106,13.155999,300.153400
3,2.419483,7.295407,quadratic,900,300,rastrigin,9,0.994957,16.788736,28.903141,12.795777,375.112940
3,2.419483,4.545940,quadratic,900,300,rastrigin,9,0.000000,7.959592,0.994957,12.243938,389.094310
3,3.882831,1.765111,quadratic,900,300,rastrigin,9,0.000000,0.000000,0.000000,0.000000,311.273240
3,3.316448,10.000000,quadratic,900,300,rastrigin,9,2.012314,15.860896,29.924137,13.589072,307.797720
3,3.316448,2.419483,quadratic,900,300,rastrigin,9,0.000000,0.000000,0.000000,0.000000,308.875260
3,4.545940,1.287720,quadratic,900,300,rastrigin,9,0.000000,0.000000,0.000000,0.000000,304.154600
3,6.231237,0.685363,quadratic,900,300,rastrigin,9,0.000000,0.000000,0.000000,0.355271,287.333615
3,2.832683,5.322296,quadratic,900,300,rastrigin,9,0.994957,13.970419,24.873974,12.567986,327.515750
3,5.322296,0.939444,quadratic,900,300,rastrigin,9,0.000000,0.000000,0.000000,0.000000,296.264860
3,3.316448,3.882831,quadratic,900,300,rastrigin,9,0.000000,12.934365,24.873724,14.792912,313.805660
3,3.316448,6.231237,quadratic,900,300,rastrigin,9,0.994961,17.945276,29.919521,13.279249,313.656750
3,3.882831,7.295407,quadratic,900,300,rastrigin,9,1.990345,12.093599,5.982195,14.042132,302.661605
3,3.882831,2.832683,quadratic,900,300,rastrigin,9,0.000000,0.186554,0.000000,10.729014,310.621145
3,5.322296,0.585390,quadratic,900,300,rastrigin,9,0.000000,2.611763,2.984873,1.591932,277.135410
3,4.545940,8.541316,quadratic,900,300,rastrigin,9,2.118252,15.670515,28.946003,17.893755,296.992400
3,4.545940,2.066557,quadratic,900,300,rastrigin,9,0.000000,0.000000,0.000000,8.881694,307.889880
3,6.231237,1.099883,quadratic,900,300,rastrigin,9,0.000000,0.000000,0.000000,0.000000,298.210440
3,5.322296,1.507637,quadratic,900,300,rastrigin,9,0.000000,0.000000,0.000000,0.000000,307.581450
3,4.545940,5.322296,quadratic,900,300,rastrigin,9,0.995129,11.341053,3.980074,16.048632,299.586805
3,3.882831,4.545940,quadratic,900,300,rastrigin,9,0.994957,16.630196,26.899374,14.725176,308.924355
3,7.295407,0.802409,quadratic,900,300,rastrigin,9,0.000000,0.000000,0.000000,0.000000,298.630240
3,4.545940,3.316448,quadratic,900,300,rastrigin,9,0.994957,11.192002,13.929302,17.289289,315.641420
3,8.541316,1.099883,quadratic,900,300,rastrigin,9,0.000000,0.000000,0.000000,8.881695,303.927255
3,6.231237,7.295407,quadratic,900,300,rastrigin,9,3.100719,14.238243,9.141420,15.923075,303.126930
3,8.541316,2.832683,quadratic,900,300,rastrigin,9,0.000420,16.138208,29.422127,15.518847,308.233820
3,7.295407,0.500000,quadratic,900,300,rastrigin,9,0.000000,0.808403,0.994957,1.116836,291.036915
3,6.231237,1.765111,quadratic,900,300,rastrigin,9,0.000000,0.310927,0.000000,10.273354,309.713990
3,6.231237,2.832683,quadratic,900,300,rastrigin,9,0.994957,22.617437,29.396954,14.780502,300.164095
3,5.322296,3.882831,quadratic,900,300,rastrigin,9,0.994972,12.587939,16.949772,14.086534,306.625005
3,5.322296,2.419483,quadratic,900,300,rastrigin,9,0.000000,12.747786,24.873718,12.039843,312.866855
3,5.322296,10.000000,quadratic,900,300,rastrigin,9,2.487244,14.434269,11.976105,13.242765,309.351280
3,5.322296,6.231237,quadratic,900,300,rastrigin,9,0.995667,13.939261,18.474173,18.195621,315.218760
3,6.231237,4.545940,quadratic,900,300,rastrigin,9,1.990334,14.015470,17.412489,15.877026,299.134920
3,7.295407,1.287720,quadratic,900,300,rastrigin,9,0.000000,0.000000,0.000000,12.683160,305.698005
3,0.500000,1.507637,exponential_3,900,300,rastrigin,9,7.069939,19.636457,22.269014,8.327632,263.032090
3,0.500000,0.939444,exponential_3,900,300,rastrigin,9,8.573917,25.424347,29.210184,8.242039,272.362295
3,8.541316,0.585390,quadratic,900,300,rastrigin,9,0.000000,0.000000,0.000000,0.000000,285.134755
3,7.295407,8.541316,quadratic,900,300,rastrigin,9,5.149254,15.455146,11.157616,17.808493,296.847360
3,7.295407,5.322296,quadratic,900,300,rastrigin,9,2.051437,16.570438,29.428936,17.635191,298.748385
3,8.541316,0.685363,quadratic,900,300,rastrigin,9,0.000000,0.000000,0.000000,0.000000,367.151885
3,7.295407,3.316448,quadratic,900,300,rastrigin,9,1.991531,20.191721,30.417091,18.179577,304.969355
3,10.000000,0.500000,quadratic,900,300,rastrigin,9,0.000000,0.000000,0.000000,0.216846,348.632175
3,0.585390,0.685363,exponential_3,900,300,rastrigin,9,16.178047,25.193253,25.864344,10.629724,266.091645
3,0.500000,10.000000,exponential_3,900,300,rastrigin,9,0.000000,1.554621,1.989914,5.116734,270.780325
3,8.541316,1.765111,quadratic,900,300,rastrigin,9,0.000000,6.100499,1.989918,15.681414,380.241210
3,0.585390,4.545940,exponential_3,900,300,rastrigin,9,1.989914,5.845378,6.964706,5.116771,258.523665
3,0.585390,1.765111,exponential_3,900,300,rastrigin,9,10.109810,16.828703,18.110912,7.217011,274.606860
3,8.541316,7.295407,quadratic,900,300,rastrigin,9,5.334404,17.986971,22.222172,12.318112,383.976865
3,8.541316,4.545940,quadratic,900,300,rastrigin,9,3.030479,21.975166,30.918621,15.809977,388.267645
3,7.295407,2.066557,quadratic,900,300,rastrigin,9,0.000000,11.449471,14.426773,13.804302,328.477040
3,10.000000,0.802409,quadratic,900,300,rastrigin,9,0.000000,0.000000,0.000000,0.000000,379.210710
3,10.000000,1.287720,quadratic,900,300,rastrigin,9,0.000000,16.061558,24.873737,14.211393,386.416370
3,10.000000,2.066557,quadratic,900,300,rastrigin,9,0.000004,17.881618,29.421860,15.343604,384.902280
3,0.685363,1.287720,exponential_3,900,300,rastrigin,9,9.817448,17.897799,19.039417,7.569316,278.404570
3,10.000000,5.322296,quadratic,900,300,rastrigin,9,4.148060,15.563535,13.627443,15.188846,376.681660
3,0.500000,2.419483,exponential_3,900,300,rastrigin,9,6.426025,14.779358,16.356440,6.933131,347.042570
3,10.000000,3.316448,quadratic,900,300,rastrigin,9,0.020588,15.603070,30.420242,16.729542,382.425715
3,0.500000,3.882831,exponential_3,900,300,rastrigin,9,3.979996,8.893802,9.452261,4.538236,343.210885
3,0.500000,0.585390,exponential_3,900,300,rastrigin,9,18.149910,31.183594,33.508904,9.485703,364.503880
3,0.685363,2.066557,exponential_3,900,300,rastrigin,9,3.987961,12.135193,14.035141,6.120757,284.965810
3,0.685363,3.316448,exponential_3,900,300,rastrigin,9,3.980072,8.768094,9.949587,7.501660,265.309465
3,0.500000,6.231237,exponential_3,900,300,rastrigin,9,0.000000,3.917680,3.980108,1.894987,335.963500
3,10.000000,8.541316,quadratic,900,300,rastrigin,9,4.049282,13.377631,11.399576,11.726271,386.869395
3,0.685363,5.322296,exponential_3,900,300,rastrigin,9,0.994957,3.793275,4.477310,2.296497,273.666715
3,0.802409,1.507637,exponential_3,900,300,rastrigin,9,8.220116,16.675476,18.068554,7.225049,271.509930
3,0.585390,1.099883,exponential_3,900,300,rastrigin,9,5.815224,20.598175,22.159527,9.041553,357.830320
3,0.585390,7.295407,exponential_3,900,300,rastrigin,9,0.000000,2.114285,2.984871,1.868693,334.404005
3,0.585390,2.832683,exponential_3,900,300,rastrigin,9,3.980465,10.584373,11.442633,5.913261,346.266910
3,0.802409,2.419483,exponential_3,900,300,rastrigin,9,5.969772,11.455052,12.945129,5.696506,274.262405
3,0.802409,6.231237,exponential_3,900,300,rastrigin,9,0.000000,1.305882,1.492435,8.900625,274.397195
3,0.802409,3.882831,exponential_3,900,300,rastrigin,9,0.000000,5.347896,6.467224,4.815784,283.110560
3,0.685363,0.500000,exponential_3,900,300,rastrigin,9,21.894131,30.390942,33.334591,8.857957,352.647595
3,0.802409,0.939444,exponential_3,900,300,rastrigin,9,6.761726,21.185816,23.611433,9.185468,303.060125
3,0.802409,10.000000,exponential_3,900,300,rastrigin,9,0.000000,0.497479,0.497482,9.770782,285.434455
3,0.939444,4.545940,exponential_3,900,300,rastrigin,9,0.994957,1.989915,1.989914,1.238713,269.097690
3,0.685363,0.802409,exponential_3,900,300,rastrigin,9,16.061794,26.811506,30.202215,10.039742,356.736260
3,0.939444,2.832683,exponential_3,900,300,rastrigin,9,1.989918,6.778161,7.959663,5.922039,275.419260
3,0.939444,1.765111,exponential_3,900,300,rastrigin,9,0.995144,13.284250,14.445894,6.096704,282.344875
3,0.939444,1.099883,exponential_3,900,300,rastrigin,9,6.460709,16.325710,18.655617,8.191160,287.905705
3,0.939444,0.685363,exponential_3,900,300,rastrigin,9,5.398544,22.538822,26.484421,8.193118,292.093480
3,0.685363,8.541316,exponential_3,900,300,rastrigin,9,0.000000,2.736119,0.994957,10.826727,338.766255
3,1.099883,0.500000,exponential_3,900,300,rastrigin,9,13.239071,23.373318,24.989006,8.789596,270.578060
3,0.802409,0.585390,exponential_3,900,300,rastrigin,9,11.739788,24.002373,27.291046,9.208852,344.382010
3,1.099883,2.066557,exponential_3,900,300,rastrigin,9,3.979832,9.452911,11.442019,4.375974,268.925640
3,0.939444,7.295407,exponential_3,900,300,rastrigin,9,0.000000,0.746218,0.994957,9.885105,292.881765
3,1.099883,3.316448,exponential_3,900,300,rastrigin,9,0.994957,2.922687,3.482349,1.649200,268.069835
3,1.099883,1.287720,exponential_3,900,300,rastrigin,9,2.055248,13.171084,14.988926,8.294723,278.620340
3,1.099883,0.802409,exponential_3,900,300,rastrigin,9,10.045620,20.201021,23.057426,9.720449,287.769275
3,1.099883,5.322296,exponential_3,900,300,rastrigin,9,0.000000,0.497478,0.994957,0.744558,277.513520
3,1.099883,8.541316,exponential_3,900,300,rastrigin,9,0.000000,1.741162,0.000000,10.782579,289.804125
3,1.287720,0.585390,exponential_3,900,300,rastrigin,9,9.669163,21.147406,24.352652,9.365121,287.596555
3,1.287720,3.882831,exponential_3,900,300,rastrigin,9,0.000000,1.119327,1.492435,1.471562,262.488165
3,1.287720,0.939444,exponential_3,900,300,rastrigin,9,11.946838,18.498665,19.457508,6.867816,278.617895
3,1.287720,2.419483,exponential_3,900,300,rastrigin,9,1.989914,3.979833,4.974789,2.331256,273.971700
3,1.287720,1.507637,exponential_3,900,300,rastrigin,9,3.980530,8.419765,8.955614,7.531782,286.826700
3,8.541316,1.287720,quadratic,900,300,rastrigin,9,0.000000,1.678977,0.000000,11.461636,314.421200
3,1.287720,6.231237,exponential_3,900,300,rastrigin,9,0.000000,0.310924,0.000000,7.972808,294.450460
3,1.507637,2.832683,exponential_3,900,300,rastrigin,9,0.000000,2.238654,2.984871,1.479111,279.941545
3,0.500000,1.099883,exponential_3,900,300,rastrigin,9,13.328247,23.839985,24.248600,12.664695,274.959195
3,0.500000,1.765111,exponential_3,900,300,rastrigin,9,9.950188,20.017420,23.333691,9.647732,277.478820
3,1.507637,1.099883,exponential_3,900,300,rastrigin,9,4.005825,10.299868,11.944742,5.557534,289.964790
3,1.507637,0.685363,exponential_3,900,300,rastrigin,9,6.985229,16.379787,18.197969,7.773872,294.319175
3,1.287720,10.000000,exponential_3,900,300,rastrigin,9,0.000000,0.000000,0.000000,10.797727,298.210915
3,1.765111,0.500000,exponential_3,900,300,rastrigin,9,7.567875,18.836391,20.062466,7.632645,273.785535
3,1.507637,1.765111,exponential_3,900,300,rastrigin,9,0.994957,4.613448,5.068907,2.727872,293.026175
3,1.507637,4.545940,exponential_3,900,300,rastrigin,9,0.000000,5.223486,0.994957,11.938872,283.644505
3,8.541316,3.316448,quadratic,900,300,rastrigin,9,1.001057,11.722595,6.512516,13.573854,315.240330
3,1.765111,0.685363,exponential_3,900,300,rastrigin,9,7.961861,15.717111,16.967564,5.907076,268.419095
3,1.507637,7.295407,exponential_3,900,300,rastrigin,9,0.000000,3.544509,0.994957,11.530147,285.485250
3,0.585390,0.802409,exponential_3,900,300,rastrigin,9,12.649048,23.314922,25.688999,8.430033,278.844335
3,0.585390,5.322296,exponential_3,900,300,rastrigin,9,0.000000,3.420169,3.979834,2.853896,270.688990
3,0.585390,0.500000,exponential_3,900,300,rastrigin,9,22.006355,32.147106,33.595108,9.676117,279.475880
3,0.585390,2.066557,exponential_3,900,300,rastrigin,9,4.996758,14.569069,15.218737,9.359256,270.018930
3,0.685363,1.507637,exponential_3,900,300,rastrigin,9,4.546513,16.094736,18.559395,8.242480,269.493190
3,1.765111,0.939444,exponential_3,900,300,rastrigin,9,3.988716,9.935322,11.942738,5.342744,290.654005
3,0.685363,3.882831,exponential_3,900,300,rastrigin,9,0.994957,5.347903,5.969774,3.042357,258.475850
3,0.685363,6.231237,exponential_3,900,300,rastrigin,9,0.000000,1.803360,1.989918,1.618909,258.830250
3,10.000000,0.585390,quadratic,900,300,rastrigin,9,0.000000,0.000000,0.000000,0.000000,349.728735
3,8.541316,0.802409,quadratic,900,300,rastrigin,9,0.000000,0.000000,0.000000,0.000000,364.176755
3,0.685363,2.419483,exponential_3,900,300,rastrigin,9,3.980003,9.522469,11.445871,5.768238,288.059955
3,0.802409,1.765111,exponential_3,900,300,rastrigin,9,6.230072,14.000385,16.479383,8.055676,258.750525
3,0.802409,2.832683,exponential_3,900,300,rastrigin,9,1.989918,6.218634,7.463264,3.633960,266.889065
3,0.802409,7.295407,exponential_3,900,300,rastrigin,9,0.000000,0.684033,0.994957,5.301079,264.189795
3,8.541316,2.066557,quadratic,900,300,rastrigin,9,0.000000,12.162793,16.451586,18.060339,382.875325
3,0.939444,5.322296,exponential_3,900,300,rastrigin,9,0.000000,0.870587,0.994957,1.048253,271.357350
3,0.500000,2.832683,exponential_3,900,300,rastrigin,9,4.156715,11.316134,13.012831,7.071447,341.704045
3,8.541316,8.541316,quadratic,900,300,rastrigin,9,7.153175,14.667440,11.709694,12.210324,377.089820
3,8.541316,5.322296,quadratic,900,300,rastrigin,9,3.009674,11.223324,8.997097,15.439119,377.197100
3,0.802409,4.545940,exponential_3,900,300,rastrigin,9,0.000000,2.176470,2.487392,2.050555,287.629605
3,0.939444,3.316448,exponential_3,900,300,rastrigin,9,0.994961,5.347898,6.964706,2.881516,275.649255
3,0.500000,4.545940,exponential_3,900,300,rastrigin,9,3.979836,7.338133,8.458952,5.524144,346.062395
3,0.939444,0.500000,exponential_3,900,300,rastrigin,9,11.637062,26.825293,28.704859,10.376527,287.025905
3,1.099883,0.585390,exponential_3,900,300,rastrigin,9,10.297638,26.542469,28.549156,7.815659,269.014255
3,1.099883,2.419483,exponential_3,900,300,rastrigin,9,1.989914,4.850420,6.467228,2.922450,264.059845
3,10.000000,0.939444,quadratic,900,300,rastrigin,9,0.000000,0.000000,0.000000,8.081509,384.510625
3,0.500000,7.295407,exponential_3,900,300,rastrigin,9,0.994957,3.482352,3.482353,6.291637,351.526595
3,0.500000,0.685363,exponential_3,900,300,rastrigin,9,18.689442,33.294636,37.823814,9.779988,356.829465
3,0.802409,1.099883,exponential_3,900,300,rastrigin,9,3.187790,21.409037,24.816353,7.945414,302.531550
3,1.099883,3.882831,exponential_3,900,300,rastrigin,9,0.000000,1.865544,1.989914,5.499063,268.416545
3,1.099883,1.507637,exponential_3,900,300,rastrigin,9,3.982460,12.389058,13.933308,7.931487,269.272415
3,0.939444,2.066557,exponential_3,900,300,rastrigin,9,3.980186,9.097518,10.450748,6.672591,294.096455
3,10.000000,1.507637,quadratic,900,300,rastrigin,9,0.000000,19.178724,27.545044,13.652280,380.251520
3,10.000000,10.000000,quadratic,900,300,rastrigin,9,4.423050,12.673449,14.712524,10.328921,356.868985
3,10.000000,3.882831,quadratic,900,300,rastrigin,9,2.003460,16.768272,28.900093,15.921306,373.749820
3,0.939444,0.802409,exponential_3,900,300,rastrigin,9,12.273102,22.232407,22.680668,7.518261,298.775185
3,10.000000,2.419483,quadratic,900,300,rastrigin,9,1.989998,14.830977,29.422100,13.698036,385.194280
3,0.585390,8.541316,exponential_3,900,300,rastrigin,9,0.000000,1.492436,1.989914,9.087116,339.281765
3,0.585390,1.287720,exponential_3,900,300,rastrigin,9,10.346176,20.119732,23.100052,8.582902,341.937680
3,0.939444,1.287720,exponential_3,900,300,rastrigin,9,1.122086,13.839935,15.065285,7.660205,306.251625
3,10.000000,6.231237,quadratic,900,300,rastrigin,9,3.066505,16.569687,21.091888,16.572182,388.092160
3,0.585390,3.316448,exponential_3,900,300,rastrigin,9,4.974808,8.217843,8.457243,4.731373,345.616795
3,0.939444,8.541316,exponential_3,900,300,rastrigin,9,0.000000,1.865532,0.497482,11.200392,297.074260
3,1.099883,0.939444,exponential_3,900,300,rastrigin,9,9.423248,16.070271,17.591854,5.694749,291.319415
3,1.099883,6.231237,exponential_3,900,300,rastrigin,9,0.000000,0.808403,0.994957,7.841939,297.751340
3,0.685363,0.585390,exponential_3,900,300,rastrigin,9,20.361813,30.973286,35.064339,9.057084,349.018185
3,1.287720,2.832683,exponential_3,900,300,rastrigin,9,0.994957,2.798318,2.984873,5.380782,257.940450
3,0.685363,0.939444,exponential_3,900,300,rastrigin,9,8.111286,20.860657,22.160719,9.075203,350.360905
3,0.685363,10.000000,exponential_3,900,300,rastrigin,9,0.000000,0.435294,0.497482,7.464768,344.141540
3,1.287720,4.545940,exponential_3,900,300,rastrigin,9,0.000000,0.621848,0.994957,5.714682,278.230910
3,1.287720,1.099883,exponential_3,900,300,rastrigin,9,2.986652,14.259706,16.938602,6.443794,273.773030
3,1.099883,10.000000,exponential_3,900,300,rastrigin,9,0.000000,3.357954,0.497478,12.010742,299.379765
3,1.287720,0.685363,exponential_3,900,300,rastrigin,9,11.222801,20.762009,22.851456,7.934315,292.451355
3,0.802409,0.685363,exponential_3,900,300,rastrigin,9,9.450542,24.176403,27.740547,9.393998,348.817760
3,0.500000,2.066557,exponential_3,900,300,rastrigin,9,10.266716,16.572985,18.588015,6.034730,254.843430
3,0.500000,1.287720,exponential_3,900,300,rastrigin,9,5.465565,19.006691,23.582964,8.349132,260.641200
3,1.507637,3.316448,exponential_3,900,300,rastrigin,9,0.000000,1.119327,1.492435,7.269768,281.296415
3,1.765111,0.802409,exponential_3,900,300,rastrigin,9,3.982208,12.167536,13.731457,6.980606,268.463740
3,1.765111,0.585390,exponential_3,900,300,rastrigin,9,11.973866,17.623501,18.662584,6.809402,280.109755
3,1.507637,0.500000,exponential_3,900,300,rastrigin,9,9.700199,22.260921,25.185400,8.592955,280.537095
3,1.507637,1.287720,exponential_3,900,300,rastrigin,9,2.985676,8.477804,9.952322,4.517040,284.177225
3,1.287720,1.765111,exponential_3,900,300,rastrigin,9,0.995171,6.902603,7.462677,5.193562,303.923060
3,1.287720,7.295407,exponential_3,900,300,rastrigin,9,0.000000,0.373109,0.497478,9.809710,290.936480
3,1.507637,0.802409,exponential_3,900,300,rastrigin,9,6.287422,16.446735,19.420212,5.683587,288.321280
3,1.507637,2.066557,exponential_3,900,300,rastrigin,9,1.989914,4.415125,4.974787,5.020304,287.788145
3,1.507637,5.322296,exponential_3,900,300,rastrigin,9,0.000000,0.124370,0.000000,5.378938,287.949600
3,8.541316,1.507637,quadratic,900,300,rastrigin,9,0.000000,14.364594,24.873718,13.992085,313.249625
3,0.585390,0.585390,exponential_3,900,300,rastrigin,9,18.787598,28.431690,28.962095,8.447040,264.518690
3,0.585390,6.231237,exponential_3,900,300,rastrigin,9,0.994957,2.922690,2.984886,6.296363,268.076215
3,8.541316,3.882831,quadratic,900,300,rastrigin,9,0.995216,15.966948,30.417267,18.048426,300.208230
3,1.507637,8.541316,exponential_3,900,300,rastrigin,9,0.000000,0.373109,0.497478,8.732198,294.409105
3,0.585390,2.419483,exponential_3,900,300,rastrigin,9,3.987389,12.796083,15.426495,7.463861,274.418805
3,0.585390,0.939444,exponential_3,900,300,rastrigin,9,13.439377,25.701519,30.341057,10.311071,285.383840
3,0.685363,4.545940,exponential_3,900,300,rastrigin,9,0.994957,4.352941,3.979830,8.602993,272.086400
3,0.685363,1.765111,exponential_3,900,300,rastrigin,9,3.013966,13.189749,15.266478,9.569907,281.529090
3,0.685363,7.295407,exponential_3,900,300,rastrigin,9,0.000000,3.295783,2.487392,10.738865,275.972170
3,1.765111,1.099883,exponential_3,900,300,rastrigin,9,2.986111,9.145400,9.457207,6.020616,290.760540
3,0.685363,2.832683,exponential_3,900,300,rastrigin,9,3.979874,7.526044,8.463158,3.878744,289.063025
3,0.802409,2.066557,exponential_3,900,300,rastrigin,9,4.982010,10.906244,12.936548,5.201466,288.609160
3,0.802409,3.316448,exponential_3,900,300,rastrigin,9,0.994957,6.653780,6.964706,4.297962,279.727120
3,0.802409,8.541316,exponential_3,900,300,rastrigin,9,0.000000,0.621848,0.497478,10.265541,287.798840
3,0.802409,5.322296,exponential_3,900,300,rastrigin,9,0.000000,2.238654,2.984871,1.338578,277.233585
3,0.939444,6.231237,exponential_3,900,300,rastrigin,9,0.000000,0.870587,0.994957,7.348320,286.226535
3,1.099883,0.685363,exponential_3,900,300,rastrigin,9,6.949387,18.218521,20.784721,7.281302,274.654600
3,0.939444,3.882831,exponential_3,900,300,rastrigin,9,0.000000,2.487394,1.989918,3.512070,280.220495
3,1.099883,2.832683,exponential_3,900,300,rastrigin,9,0.994957,4.601681,4.974792,2.445246,276.956295
3,10.000000,0.685363,quadratic,900,300,rastrigin,9,0.000000,0.000000,0.000000,0.000000,357.631640
3,1.099883,1.765111,exponential_3,900,300,rastrigin,9,3.980793,9.154729,8.968264,7.069876,276.054545
3,0.939444,0.585390,exponential_3,900,300,rastrigin,9,9.828606,23.557295,27.651968,10.664267,301.627060
3,1.099883,4.545940,exponential_3,900,300,rastrigin,9,0.000000,1.181511,0.994957,8.154637,287.011260
3,0.939444,2.419483,exponential_3,900,300,rastrigin,9,3.979832,8.332912,9.452105,3.526059,287.653260
3,8.541316,0.939444,quadratic,900,300,rastrigin,9,0.000000,0.000000,0.000000,0.000000,373.219660
3,0.802409,1.287720,exponential_3,900,300,rastrigin,9,4.045723,16.380104,18.257809,7.716715,294.330220
3,0.939444,0.939444,exponential_3,900,300,rastrigin,9,8.005749,19.371250,21.765728,8.745420,288.820660
3,0.500000,3.316448,exponential_3,900,300,rastrigin,9,5.969772,10.417658,11.011805,4.610735,336.519075
3,0.939444,10.000000,exponential_3,900,300,rastrigin,9,0.000000,0.248739,0.000000,10.292267,286.279910
3,0.939444,1.507637,exponential_3,900,300,rastrigin,9,4.103119,13.035576,14.445889,7.945436,302.619505
3,0.500000,5.322296,exponential_3,900,300,rastrigin,9,3.979832,6.342862,6.964735,2.696952,344.840475
3,1.287720,3.316448,exponential_3,900,300,rastrigin,9,0.000000,1.989914,1.989914,5.180427,275.005685
3,1.099883,7.295407,exponential_3,900,300,rastrigin,9,0.000000,0.186554,0.000000,9.430396,290.766945
3,1.099883,1.099883,exponential_3,900,300,rastrigin,9,5.430122,15.585428,17.920057,8.082588,299.553505
3,0.500000,8.541316,exponential_3,900,300,rastrigin,9,0.994957,2.238655,2.487394,5.430456,337.191080
3,8.541316,2.419483,quadratic,900,300,rastrigin,9,0.000000,11.958316,14.932744,16.203888,378.729300
3,0.500000,0.802409,exponential_3,900,300,rastrigin,9,17.504242,26.069170,27.996655,7.491524,348.891635
3,8.541316,6.231237,quadratic,900,300,rastrigin,9,3.163170,17.007032,23.354895,15.489876,370.046445
3,8.541316,10.000000,quadratic,900,300,rastrigin,9,5.842747,17.530794,15.563345,13.560908,372.672625
3,1.765111,1.287720,exponential_3,900,300,rastrigin,9,0.000042,5.347951,6.964830,4.682372,273.769365
3,0.585390,10.000000,exponential_3,900,300,rastrigin,9,0.000000,1.057142,0.994957,9.776225,336.161490
3,1.287720,5.322296,exponential_3,900,300,rastrigin,9,0.000000,3.917617,0.994957,11.329994,286.318795
3,1.765111,1.765111,exponential_3,900,300,rastrigin,9,0.994957,4.104202,4.477312,2.794306,268.851020
3,1.287720,0.500000,exponential_3,900,300,rastrigin,9,15.626896,21.643940,23.621758,7.285226,285.375735
3,1.287720,1.287720,exponential_3,900,300,rastrigin,9,3.981758,13.127597,14.926043,7.433931,289.167810
3,0.585390,3.882831,exponential_3,900,300,rastrigin,9,1.989922,8.021885,9.452097,4.707941,336.296355
3,10.000000,1.099883,quadratic,900,300,rastrigin,9,0.000000,4.850378,0.000002,12.427235,365.238875
3,1.287720,0.802409,exponential_3,900,300,rastrigin,9,9.179253,17.845047,20.062101,11.305883,287.963445
3,0.585390,1.507637,exponential_3,900,300,rastrigin,9,10.283768,18.342833,20.790859,6.372373,346.949770
3,0.500000,0.500000,exponential_3,900,300,rastrigin,9,24.515228,37.878780,44.130646,10.244981,358.572595
3,10.000000,4.545940,quadratic,900,300,rastrigin,9,3.233372,17.419880,31.450348,18.359913,371.201290
3,1.765111,2.419483,exponential_3,900,300,rastrigin,9,0.000000,1.616805,1.989914,5.814076,282.200990
3,10.000000,7.295407,quadratic,900,300,rastrigin,9,4.487522,14.026299,12.735426,12.424102,369.703545
3,10.000000,1.765111,quadratic,900,300,rastrigin,9,3.979836,27.579491,29.919062,8.783885,385.628095
3,10.000000,2.832683,quadratic,900,300,rastrigin,9,2.984947,17.002855,29.828613,15.714521,380.265945
3,1.765111,3.316448,exponential_3,900,300,rastrigin,9,0.000000,0.559664,0.497480,9.195908,287.484230
3,1.507637,0.585390,exponential_3,900,300,rastrigin,9,10.151825,18.472189,21.412506,6.528812,287.449815
3,1.507637,3.882831,exponential_3,900,300,rastrigin,9,0.000000,0.870587,0.994957,0.848635,294.025730
3,0.685363,0.685363,exponential_3,900,300,rastrigin,9,9.545540,27.491661,30.743757,7.724163,354.427855
3,0.685363,1.099883,exponential_3,900,300,rastrigin,9,10.218353,17.907667,20.440004,7.346097,345.379650
3,0.802409,0.500000,exponential_3,900,300,rastrigin,9,17.589813,28.118092,30.604412,7.673170,341.514260
3,1.287720,8.541316,exponential_3,900,300,rastrigin,9,0.000000,4.788193,0.000008,12.099596,291.155775
3,1.507637,2.419483,exponential_3,900,300,rastrigin,9,0.994957,3.295797,3.979832,6.533994,289.754455
3,1.507637,0.939444,exponential_3,900,300,rastrigin,9,3.997334,12.647003,15.921728,6.472099,293.105770
3,1.507637,1.507637,exponential_3,900,300,rastrigin,9,2.984871,9.327759,10.944551,4.048866,299.886375
3,1.287720,2.066557,exponential_3,900,300,rastrigin,9,1.989918,7.400012,8.457220,3.981062,299.794310
3,1.765111,4.545940,exponential_3,900,300,rastrigin,9,0.000000,0.310924,0.000000,8.767270,293.995365
3,0.802409,0.802409,exponential_3,900,300,rastrigin,9,7.377419,22.850449,26.841391,10.488659,341.516220
3,2.066557,0.500000,exponential_3,900,300,rastrigin,9,5.159451,15.215038,16.972456,9.199928,285.144690
3,2.066557,0.685363,exponential_3,900,300,rastrigin,9,7.963974,16.205851,17.928289,6.206942,276.024040
3,1.507637,6.231237,exponential_3,900,300,rastrigin,9,0.000000,3.544509,0.994957,12.164817,302.293745
3,2.066557,0.939444,exponential_3,900,300,rastrigin,9,4.974800,8.856262,8.957180,7.110887,280.787210
3,1.765111,6.231237,exponential_3,900,300,rastrigin,9,0.000000,3.233584,0.000000,11.341543,302.291705
3,1.765111,8.541316,exponential_3,900,300,rastrigin,9,0.000000,3.357954,0.497478,11.352339,305.709915
3,1.507637,10.000000,exponential_3,900,300,rastrigin,9,0.000000,3.420139,0.994957,11.242810,307.629280
3,2.066557,1.287720,exponential_3,900,300,rastrigin,9,1.989914,5.410087,5.472277,3.433981,278.098585
3,2.066557,2.419483,exponential_3,900,300,rastrigin,9,0.000000,1.057142,0.994957,1.111283,276.669370
3,2.066557,1.765111,exponential_3,900,300,rastrigin,9,0.994957,2.549578,2.984871,5.762126,283.888090
3,2.066557,3.316448,exponential_3,900,300,rastrigin,9,0.000000,0.497478,0.994957,7.609246,286.240935
3,2.066557,4.545940,exponential_3,900,300,rastrigin,9,0.000000,0.124370,0.000000,8.038611,292.333365
3,2.419483,0.500000,exponential_3,900,300,rastrigin,9,8.076168,14.586417,15.011789,8.906550,279.377465
3,2.066557,6.231237,exponential_3,900,300,rastrigin,9,0.000000,3.420139,0.497478,11.247211,306.872255
3,2.066557,8.541316,exponential_3,900,300,rastrigin,9,0.000000,0.124370,0.000000,8.038584,300.736900
3,2.419483,1.287720,exponential_3,900,300,rastrigin,9,1.989914,4.663864,5.472267,3.097179,277.655315
3,2.419483,0.939444,exponential_3,900,300,rastrigin,9,3.979836,10.322717,11.939486,6.413175,282.982480
3,2.419483,1.765111,exponential_3,900,300,rastrigin,9,0.000000,1.803360,1.989914,1.821072,285.199200
3,2.419483,2.419483,exponential_3,900,300,rastrigin,9,0.000000,2.487380,0.994957,11.468313,279.412420
3,2.419483,0.685363,exponential_3,900,300,rastrigin,9,5.000290,12.467429,13.964033,5.779125,292.823100
3,2.419483,4.545940,exponential_3,900,300,rastrigin,9,0.000000,0.186554,0.000000,8.023637,292.618190
3,2.832683,0.939444,exponential_3,900,300,rastrigin,9,3.979828,5.907564,6.467226,5.019092,284.663510
3,2.832683,0.500000,exponential_3,900,300,rastrigin,9,3.983246,12.162018,12.962404,5.853162,295.358705
3,2.832683,1.287720,exponential_3,900,300,rastrigin,9,0.994957,3.047061,2.984873,5.940614,289.175260
3,2.419483,8.541316,exponential_3,900,300,rastrigin,9,0.000000,0.124370,0.000000,9.904114,303.881355
3,2.419483,6.231237,exponential_3,900,300,rastrigin,9,0.000000,3.233584,0.000000,12.148544,306.041040
3,2.832683,2.419483,exponential_3,900,300,rastrigin,9,0.000000,0.808403,0.994957,9.743897,300.786840
3,2.419483,3.316448,exponential_3,900,300,rastrigin,9,0.000000,0.310924,0.000000,5.347561,342.289595
3,2.832683,3.316448,exponential_3,900,300,rastrigin,9,0.000000,0.435294,0.994957,8.711342,299.792535
3,3.316448,0.500000,exponential_3,900,300,rastrigin,9,5.970421,12.603176,13.930170,7.237394,289.873345
3,1.765111,1.507637,exponential_3,900,300,rastrigin,9,2.984871,7.897478,8.954622,2.801383,279.481250
3,2.832683,6.231237,exponential_3,900,300,rastrigin,9,0.000000,1.678978,0.000000,10.717195,301.166060
3,1.765111,2.066557,exponential_3,900,300,rastrigin,9,0.994957,2.611763,2.984871,5.168713,276.956015
3,2.832683,0.685363,exponential_3,900,300,rastrigin,9,2.984940,8.146841,7.960493,4.862878,352.845530
3,2.832683,8.541316,exponential_3,900,300,rastrigin,9,0.000000,0.186554,0.000000,7.391304,314.667645
3,3.882831,0.939444,exponential_3,900,300,rastrigin,9,0.994957,2.922688,3.482349,6.578937,288.960820
3,3.316448,4.545940,exponential_3,900,300,rastrigin,9,0.000000,0.248739,0.000000,10.292247,305.106895
3,2.832683,1.765111,exponential_3,900,300,rastrigin,9,0.000000,1.119327,0.994957,1.197055,352.184385
3,3.316448,6.231237,exponential_3,900,300,rastrigin,9,0.000000,1.927718,0.000013,10.703913,308.751240
3,1.765111,2.832683,exponential_3,900,300,rastrigin,9,0.000000,1.368066,1.989914,8.913390,280.286765
3,4.545940,0.500000,exponential_3,900,300,rastrigin,9,2.984875,6.964729,7.959663,3.343462,271.169550
3,3.316448,8.541316,exponential_3,900,300,rastrigin,9,0.000000,0.373109,0.000000,10.249323,314.486630
3,1.765111,3.882831,exponential_3,900,300,rastrigin,9,0.000000,0.373109,0.497478,7.956162,277.989105
3,3.316448,1.287720,exponential_3,900,300,rastrigin,9,0.000000,1.368067,1.989914,1.254594,333.882275
3,3.316448,0.685363,exponential_3,900,300,rastrigin,9,1.989918,6.595104,7.462585,3.004445,347.586575
3,3.316448,0.939444,exponential_3,900,300,rastrigin,9,0.994957,4.415125,4.974789,2.356601,340.139040
3,2.066557,0.802409,exponential_3,900,300,rastrigin,9,3.980526,10.239004,12.585096,6.207138,265.904890
3,2.832683,4.545940,exponential_3,900,300,rastrigin,9,0.000000,3.482324,0.994957,11.292886,359.450290
3,2.066557,0.585390,exponential_3,900,300,rastrigin,9,2.997856,15.581827,17.665323,7.432802,273.231330
3,3.316448,1.765111,exponential_3,900,300,rastrigin,9,0.000000,0.746218,0.994957,8.023335,349.204320
3,3.316448,2.419483,exponential_3,900,300,rastrigin,9,0.000000,0.310924,0.000000,8.758374,348.909330
3,3.882831,0.500000,exponential_3,900,300,rastrigin,9,2.169487,8.658438,9.949644,6.380947,345.371700
3,2.066557,1.099883,exponential_3,900,300,rastrigin,9,2.984871,7.648826,8.457243,5.113149,281.075380
3,3.882831,0.685363,exponential_3,900,300,rastrigin,9,3.979832,6.778153,6.964706,3.507486,345.480665
3,3.882831,1.287720,exponential_3,900,300,rastrigin,9,0.000000,1.243696,0.994957,8.021175,342.699710
3,3.316448,3.316448,exponential_3,900,300,rastrigin,9,0.000000,4.912561,0.994957,12.323263,355.836190
3,3.882831,1.765111,exponential_3,900,300,rastrigin,9,0.000000,0.248739,0.000000,9.283724,343.621170
3,1.765111,5.322296,exponential_3,900,300,rastrigin,9,0.000000,3.295770,0.000004,12.058871,294.351915
3,5.322296,0.500000,exponential_3,900,300,rastrigin,9,0.994957,6.715982,6.964796,3.831223,288.630690
3,3.882831,8.541316,exponential_3,900,300,rastrigin,9,0.000000,0.124370,0.000000,10.454267,318.800415
3,4.545940,1.765111,exponential_3,900,300,rastrigin,9,0.000000,0.186554,0.000000,0.665581,306.888120
3,3.882831,2.419483,exponential_3,900,300,rastrigin,9,0.000000,3.420139,0.497478,11.911404,339.470865
3,4.545940,2.419483,exponential_3,900,300,rastrigin,9,0.000000,0.310924,0.000000,10.459538,309.594245
3,1.765111,7.295407,exponential_3,900,300,rastrigin,9,0.000000,3.357954,0.497478,11.613263,291.863975
3,5.322296,0.685363,exponential_3,900,300,rastrigin,9,0.994957,2.922687,3.482353,7.458814,280.272785
3,4.545940,3.316448,exponential_3,900,300,rastrigin,9,0.000000,6.404984,0.994957,12.405912,313.179450
3,1.765111,10.000000,exponential_3,900,300,rastrigin,9,0.000000,0.124371,0.000000,11.146568,295.523460
3,4.545940,0.685363,exponential_3,900,300,rastrigin,9,0.994957,4.477312,4.974789,3.144361,337.142060
3,4.545940,4.545940,exponential_3,900,300,rastrigin,9,0.000000,0.497479,0.497478,9.211922,324.025675
3,2.066557,1.507637,exponential_3,900,300,rastrigin,9,0.994961,3.731091,3.979832,5.627410,283.603120
3,3.882831,3.316448,exponential_3,900,300,rastrigin,9,0.000000,1.741163,0.000000,11.070366,350.309135
3,4.545940,6.231237,exponential_3,900,300,rastrigin,9,0.000000,1.989902,0.994957,11.425427,327.009245
3,4.545940,0.939444,exponential_3,900,300,rastrigin,9,0.000000,2.425209,2.984875,7.252046,341.557870
3,2.066557,2.066557,exponential_3,900,300,rastrigin,9,0.994957,1.741175,1.989914,1.171983,279.423725
3,2.066557,2.832683,exponential_3,900,300,rastrigin,9,0.000000,0.746218,0.994957,5.493659,281.829825
3,4.545940,1.287720,exponential_3,900,300,rastrigin,9,0.000000,0.435294,0.994957,5.539642,342.838230
3,3.882831,4.545940,exponential_3,900,300,rastrigin,9,0.000000,6.342799,0.497478,12.652490,359.553550
3,3.882831,6.231237,exponential_3,900,300,rastrigin,9,0.000000,1.989901,0.994957,10.753275,368.531995
3,2.066557,3.882831,exponential_3,900,300,rastrigin,9,0.000000,1.803347,0.000000,11.042928,301.302435
3,4.545940,8.541316,exponential_3,900,300,rastrigin,9,0.000000,6.591538,0.994957,12.497297,372.689590
3,2.419483,0.585390,exponential_3,900,300,rastrigin,9,4.980316,12.614902,15.925362,9.501771,273.347705
3,2.066557,5.322296,exponential_3,900,300,rastrigin,9,0.000000,1.741163,0.000004,10.777987,300.463305
3,2.419483,1.507637,exponential_3,900,300,rastrigin,9,0.994957,3.047057,3.979828,2.416741,275.169525
3,2.066557,7.295407,exponential_3,900,300,rastrigin,9,0.000000,3.357955,0.000000,12.102624,290.505265
3,2.419483,1.099883,exponential_3,900,300,rastrigin,9,1.989922,4.851170,4.974798,2.462441,274.199655
3,2.419483,2.066557,exponential_3,900,300,rastrigin,9,0.000000,1.181511,0.994957,5.199499,272.119410
3,2.066557,10.000000,exponential_3,900,300,rastrigin,9,0.000000,8.083961,1.492435,12.850060,300.719150
3,2.419483,0.802409,exponential_3,900,300,rastrigin,9,2.987839,8.958745,10.469011,5.438429,286.614425
3,2.419483,2.832683,exponential_3,900,300,rastrigin,9,0.000000,0.310924,0.000000,5.347561,292.705685
3,2.419483,5.322296,exponential_3,900,300,rastrigin,9,0.000000,2.052086,0.994957,10.943813,292.457345
3,2.832683,1.507637,exponential_3,900,300,rastrigin,9,0.000000,1.865545,1.989914,1.556560,282.304585
3,2.832683,1.099883,exponential_3,900,300,rastrigin,9,1.989914,4.663865,5.472265,2.235335,294.071000
3,2.832683,0.585390,exponential_3,900,300,rastrigin,9,4.974808,9.272491,10.448513,6.406615,299.128360
3,2.419483,7.295407,exponential_3,900,300,rastrigin,9,0.000000,2.114271,0.994957,10.525316,302.922810
3,2.419483,10.000000,exponential_3,900,300,rastrigin,9,0.000000,10.944437,24.873718,12.534284,307.556150
3,5.322296,0.939444,exponential_3,900,300,rastrigin,9,0.000000,1.057142,0.994957,0.905083,270.725300
3,2.832683,2.832683,exponential_3,900,300,rastrigin,9,0.000000,0.373109,0.497478,9.258189,296.694640
3,5.322296,1.287720,exponential_3,900,300,rastrigin,9,0.000000,0.435294,0.994957,7.307795,277.478415
3,3.316448,0.585390,exponential_3,900,300,rastrigin,9,3.005112,11.072672,12.943724,5.189929,300.301050
3,2.832683,3.882831,exponential_3,900,300,rastrigin,9,0.000000,0.248741,0.000004,9.857525,307.266980
3,2.832683,7.295407,exponential_3,900,300,rastrigin,9,0.000000,3.420140,0.497482,11.751555,303.894115
3,3.882831,1.099883,exponential_3,900,300,rastrigin,9,0.994957,2.487393,2.984871,6.011836,286.513445
3,4.545940,0.585390,exponential_3,900,300,rastrigin,9,1.989914,5.596640,6.964705,3.101424,273.542465
3,5.322296,1.765111,exponential_3,900,300,rastrigin,9,0.000000,1.741162,0.000000,14.670878,296.178225
3,3.316448,5.322296,exponential_3,900,300,rastrigin,9,0.000000,5.099116,0.994957,12.287769,302.979540
3,2.832683,10.000000,exponential_3,900,300,rastrigin,9,0.000000,4.726008,0.000000,11.829435,320.968115
3,5.322296,2.419483,exponential_3,900,300,rastrigin,9,0.000000,6.467169,0.994957,12.647887,301.757805
3,2.419483,3.882831,exponential_3,900,300,rastrigin,9,0.000000,0.497478,0.994957,10.134130,357.842995
3,3.316448,7.295407,exponential_3,900,300,rastrigin,9,0.000000,1.616792,0.000000,14.165766,317.036615
3,2.832683,0.802409,exponential_3,900,300,rastrigin,9,2.984879,7.836904,7.959669,4.706973,345.210605
3,5.322296,3.316448,exponential_3,900,300,rastrigin,9,0.000000,6.529354,0.994957,12.661637,304.513155
3,3.316448,10.000000,exponential_3,900,300,rastrigin,9,0.000000,7.897407,0.994957,12.540798,321.089500
3,5.322296,0.585390,exponential_3,900,300,rastrigin,9,0.994957,5.161341,6.467220,6.324564,277.375575
3,6.231237,0.500000,exponential_3,900,300,rastrigin,9,0.994957,3.979831,3.979834,5.743847,273.501800
3,5.322296,4.545940,exponential_3,900,300,rastrigin,9,0.000000,0.310925,0.000006,8.752721,306.268440
3,2.832683,2.066557,exponential_3,900,300,rastrigin,9,0.000000,0.746218,0.994957,7.244019,338.415525
3,5.322296,0.802409,exponential_3,900,300,rastrigin,9,0.000000,2.114284,2.984871,5.433872,277.752455
3,6.231237,0.685363,exponential_3,900,300,rastrigin,9,0.000000,1.616807,1.989914,5.558376,283.658955
3,5.322296,6.231237,exponential_3,900,300,rastrigin,9,0.000000,1.865532,0.000002,11.112599,310.869345
3,4.545940,2.066557,exponential_3,900,300,rastrigin,9,0.000000,0.124370,0.000000,9.817474,302.978935
3,3.316448,1.507637,exponential_3,900,300,rastrigin,9,0.000000,1.057142,1.492435,1.238712,342.314935
3,6.231237,0.939444,exponential_3,900,300,rastrigin,9,0.000000,0.684033,0.994957,7.861341,283.760030
3,3.316448,0.802409,exponential_3,900,300,rastrigin,9,2.984879,7.151270,7.959667,4.145521,342.785960
3,4.545940,2.832683,exponential_3,900,300,rastrigin,9,0.000000,0.000000,0.000000,0.788154,310.449135
3,3.316448,1.099883,exponential_3,900,300,rastrigin,9,0.994957,2.798318,2.984875,1.646947,348.955415
3,3.882831,10.000000,exponential_3,900,300,rastrigin,9,0.000000,0.186555,0.000000,9.045148,321.028665
3,4.545940,3.882831,exponential_3,900,300,rastrigin,9,0.000000,11.068807,24.873718,12.720156,311.335160
3,5.322296,8.541316,exponential_3,900,300,rastrigin,9,0.000000,1.741162,0.000000,10.777987,324.237355
3,6.231237,1.765111,exponential_3,900,300,rastrigin,9,0.000000,0.248740,0.000000,8.787148,293.287535
3,6.231237,1.287720,exponential_3,900,300,rastrigin,9,0.000000,0.124370,0.000000,9.817463,295.049085
3,3.316448,2.066557,exponential_3,900,300,rastrigin,9,0.000000,3.731063,0.994957,11.991005,344.722780
3,3.316448,2.832683,exponential_3,900,300,rastrigin,9,0.000000,0.435294,0.994957,9.222280,349.794315
3,3.882831,0.585390,exponential_3,900,300,rastrigin,9,2.984913,6.605403,6.964771,5.512467,343.846040
3,2.832683,5.322296,exponential_3,900,300,rastrigin,9,0.000000,1.803347,0.000000,11.047391,361.301265
3,3.882831,1.507637,exponential_3,900,300,rastrigin,9,0.000000,1.119327,0.994957,8.598680,340.923255
3,4.545940,5.322296,exponential_3,900,300,rastrigin,9,0.000000,3.295769,0.000000,11.310405,318.071620
3,3.882831,0.802409,exponential_3,900,300,rastrigin,9,0.994957,3.544537,4.477308,3.138063,350.095360
3,4.545940,7.295407,exponential_3,900,300,rastrigin,9,0.000000,0.310924,0.000000,10.686421,316.718655
3,3.882831,2.832683,exponential_3,900,300,rastrigin,9,0.000000,0.373109,0.497478,10.244515,348.287635
3,3.882831,2.066557,exponential_3,900,300,rastrigin,9,0.000000,3.482324,0.994957,11.553843,355.100090
3,4.545940,0.802409,exponential_3,900,300,rastrigin,9,0.994957,2.798318,2.984875,5.552806,343.213700
3,4.545940,1.099883,exponential_3,900,300,rastrigin,9,0.000000,1.554621,1.989914,8.572017,336.037845
3,3.316448,3.882831,exponential_3,900,300,rastrigin,9,0.000000,3.233584,0.000000,12.001454,368.771745
3,6.231237,2.419483,exponential_3,900,300,rastrigin,9,0.000000,4.726007,0.000000,12.201434,303.423005
3,4.545940,1.507637,exponential_3,900,300,rastrigin,9,0.000000,0.373109,0.497478,5.332730,334.472050
3,7.295407,0.500000,exponential_3,900,300,rastrigin,9,0.994957,3.109243,3.979830,2.758652,279.295650
3,3.882831,3.882831,exponential_3,900,300,rastrigin,9,0.000000,3.544508,0.994957,11.530147,361.965530
3,7.295407,0.685363,exponential_3,900,300,rastrigin,9,0.000000,0.808403,0.994957,1.736908,289.573430
3,7.295407,0.939444,exponential_3,900,300,rastrigin,9,0.000000,0.559663,0.994957,7.272489,285.263425
3,6.231237,3.316448,exponential_3,900,300,rastrigin,9,0.000000,0.435294,0.497478,10.225032,323.941945
3,3.882831,5.322296,exponential_3,900,300,rastrigin,9,0.000000,1.803348,0.000000,11.149486,372.317290
3,6.231237,4.545940,exponential_3,900,300,rastrigin,9,0.000000,4.912561,0.994957,12.607430,319.674520
3,3.882831,7.295407,exponential_3,900,300,rastrigin,9,0.000000,3.482324,0.994957,11.628461,370.230950
3,6.231237,6.231237,exponential_3,900,300,rastrigin,9,0.000000,4.912562,0.000006,12.416074,317.739240
3,7.295407,1.765111,exponential_3,900,300,rastrigin,9,0.000000,0.186554,0.000000,9.880973,295.669450
3,7.295407,1.287720,exponential_3,900,300,rastrigin,9,0.000000,3.482324,0.994957,11.624201,309.042290
3,6.231237,8.541316,exponential_3,900,300,rastrigin,9,0.000000,4.726007,0.000000,12.201434,337.961345
3,4.545940,10.000000,exponential_3,900,300,rastrigin,9,0.000000,4.974746,0.994957,12.356118,383.626395
3,7.295407,2.419483,exponential_3,900,300,rastrigin,9,0.000000,0.248741,0.000000,8.008322,316.080655
3,8.541316,0.500000,exponential_3,900,300,rastrigin,9,0.000000,1.678990,1.989914,1.319961,287.731570
3,7.295407,4.545940,exponential_3,900,300,rastrigin,9,0.000000,3.482324,0.000000,11.332266,317.892355
3,7.295407,3.316448,exponential_3,900,300,rastrigin,9,0.000000,10.882252,24.873718,12.993233,321.567840
3,5.322296,1.099883,exponential_3,900,300,rastrigin,9,0.000000,0.684033,0.994957,0.621351,302.758580
3,7.295407,6.231237,exponential_3,900,300,rastrigin,9,0.000000,3.357955,0.000000,11.356698,324.329440
3,8.541316,0.939444,exponential_3,900,300,rastrigin,9,0.000000,0.186554,0.000000,8.806701,293.623350
3,8.541316,0.685363,exponential_3,900,300,rastrigin,9,0.000000,0.808403,0.994957,8.967107,310.046395
3,5.322296,1.507637,exponential_3,900,300,rastrigin,9,0.000000,1.865531,0.497478,10.809742,318.865285
3,7.295407,8.541316,exponential_3,900,300,rastrigin,9,0.000000,1.928854,0.006977,11.673125,333.258575
3,8.541316,1.287720,exponential_3,900,300,rastrigin,9,0.000000,1.803347,0.000000,11.042933,303.549625
3,8.541316,1.765111,exponential_3,900,300,rastrigin,9,0.000000,6.467169,0.994957,12.095381,309.932260
3,8.541316,2.419483,exponential_3,900,300,rastrigin,9,0.000000,3.544511,0.994957,11.341870,322.342840
3,5.322296,2.066557,exponential_3,900,300,rastrigin,9,0.000000,0.435294,0.497478,10.638077,303.517445
3,8.541316,3.316448,exponential_3,900,300,rastrigin,9,0.000000,3.482324,0.994957,11.624207,330.564060
3,10.000000,0.500000,exponential_3,900,300,rastrigin,9,0.000000,0.746218,0.994957,5.475612,297.755870
3,6.231237,0.585390,exponential_3,900,300,rastrigin,9,0.994957,3.668906,3.979834,5.257959,290.406115
3,10.000000,0.939444,exponential_3,900,300,rastrigin,9,0.000000,2.052086,0.497478,10.943791,292.075315
3,8.541316,4.545940,exponential_3,900,300,rastrigin,9,0.000000,8.021776,0.994957,12.697716,325.683545
3,5.322296,2.832683,exponential_3,900,300,rastrigin,9,0.000000,2.052086,0.994957,10.559002,317.271365
3,6.231237,0.802409,exponential_3,900,300,rastrigin,9,0.000000,0.994957,1.492435,5.241217,286.829025
3,8.541316,6.231237,exponential_3,900,300,rastrigin,9,0.000000,6.467169,0.994957,12.888998,338.112720
3,10.000000,1.287720,exponential_3,900,300,rastrigin,9,0.000000,0.435294,0.994957,8.711341,310.753560
3,5.322296,5.322296,exponential_3,900,300,rastrigin,9,0.000000,4.788192,0.000002,11.794550,317.397195
3,6.231237,1.099883,exponential_3,900,300,rastrigin,9,0.000000,0.932773,0.994957,7.952829,292.558205
3,5.322296,3.882831,exponential_3,900,300,rastrigin,9,0.000000,1.741163,0.000000,11.070363,324.582635
3,10.000000,2.419483,exponential_3,900,300,rastrigin,9,0.000000,3.357954,0.497478,12.252618,321.688410
3,0.500000,0.685363,exponential_5,900,300,rastrigin,9,24.013443,34.481033,37.393703,8.050081,291.806755
3,0.500000,0.939444,exponential_5,900,300,rastrigin,9,17.685089,28.582853,32.294544,7.968389,295.143200
3,10.000000,0.685363,exponential_3,900,300,rastrigin,9,0.000000,0.559663,0.994957,7.279292,356.796580
3,0.500000,6.231237,exponential_5,900,300,rastrigin,9,0.994957,5.658823,6.964708,5.312521,290.848825
3,10.000000,3.316448,exponential_3,900,300,rastrigin,9,0.000000,0.124370,0.000000,9.449689,328.234945
3,6.231237,1.507637,exponential_3,900,300,rastrigin,9,0.000000,6.653723,1.492435,12.970221,313.226385
3,6.231237,2.066557,exponential_3,900,300,rastrigin,9,0.000000,6.715908,0.994957,11.933061,315.210695
3,5.322296,7.295407,exponential_3,900,300,rastrigin,9,0.000000,6.653723,0.994957,12.715716,337.097870
3,0.585390,0.500000,exponential_5,900,300,rastrigin,9,16.291477,31.316883,35.282276,11.276839,296.874890
3,8.541316,8.541316,exponential_3,900,300,rastrigin,9,0.016396,11.038307,10.387863,13.661208,383.309315
3,10.000000,8.541316,exponential_3,900,300,rastrigin,9,1.406921,9.416779,3.833384,13.512491,331.957820
3,5.322296,10.000000,exponential_3,900,300,rastrigin,9,0.000000,0.248758,0.000000,7.376048,330.103080
3,10.000000,1.765111,exponential_3,900,300,rastrigin,9,0.000000,4.788192,0.000000,12.458427,369.800195
3,7.295407,0.585390,exponential_3,900,300,rastrigin,9,0.000000,1.989914,1.989914,1.726188,290.288900
3,0.500000,0.500000,exponential_5,900,300,rastrigin,9,18.085388,35.425766,38.290966,10.853642,356.583855
3,0.500000,4.545940,exponential_5,900,300,rastrigin,9,4.974808,9.702208,10.954487,3.970990,348.538120
3,0.500000,8.541316,exponential_5,900,300,rastrigin,9,0.000000,2.611765,2.984877,2.213642,345.899220
3,0.500000,1.287720,exponential_5,900,300,rastrigin,9,14.511852,22.014128,24.141554,7.336144,364.067555
3,6.231237,2.832683,exponential_3,900,300,rastrigin,9,0.000000,0.124370,0.000000,12.629482,319.416810
3,10.000000,4.545940,exponential_3,900,300,rastrigin,9,0.000000,5.036932,0.994957,12.539635,384.833035
3,0.500000,3.316448,exponential_5,900,300,rastrigin,9,3.000015,11.490829,12.946894,4.798206,354.707615
3,0.500000,1.765111,exponential_5,900,300,rastrigin,9,10.307404,18.676775,22.438078,8.140422,358.743510
3,10.000000,6.231237,exponential_3,900,300,rastrigin,9,0.000000,2.058961,0.499546,12.061805,388.317275
3,7.295407,0.802409,exponential_3,900,300,rastrigin,9,0.000000,0.808403,0.994957,7.217835,300.665980
3,0.585390,0.685363,exponential_5,900,300,rastrigin,9,12.340214,30.907909,34.876453,10.572766,349.426100
3,0.500000,2.419483,exponential_5,900,300,rastrigin,9,4.326668,17.843931,21.312225,7.469075,370.722750
3,0.585390,0.939444,exponential_5,900,300,rastrigin,9,5.235722,23.054718,28.686394,10.070542,356.493535
3,7.295407,1.099883,exponential_3,900,300,rastrigin,9,0.000000,3.420139,0.994957,11.820521,312.080570
3,0.585390,1.287720,exponential_5,900,300,rastrigin,9,6.957630,21.997318,24.641123,9.228142,353.304965
3,6.231237,3.882831,exponential_3,900,300,rastrigin,9,0.000000,3.295769,0.000000,11.736527,316.565060
3,0.585390,1.765111,exponential_5,900,300,rastrigin,9,7.084690,19.827276,21.460382,7.307394,355.431860
3,0.585390,2.419483,exponential_5,900,300,rastrigin,9,4.997837,14.745224,17.448483,5.966831,356.070160
3,0.585390,4.545940,exponential_5,900,300,rastrigin,9,1.989918,5.099286,5.969904,2.966068,347.788940
3,6.231237,5.322296,exponential_3,900,300,rastrigin,9,0.000000,4.850379,0.497498,12.358688,318.524190
3,0.585390,3.316448,exponential_5,900,300,rastrigin,9,2.002182,9.149339,9.487947,6.975552,369.515475
3,7.295407,1.507637,exponential_3,900,300,rastrigin,9,0.000000,3.544508,0.994957,11.178348,307.861270
3,7.295407,2.066557,exponential_3,900,300,rastrigin,9,0.000000,2.052086,0.497478,10.568373,320.636225
3,6.231237,7.295407,exponential_3,900,300,rastrigin,9,0.000000,3.420139,0.994957,11.581558,329.438945
3,0.585390,6.231237,exponential_5,900,300,rastrigin,9,1.989918,3.420169,3.482365,2.036015,350.083160
3,8.541316,0.585390,exponential_3,900,300,rastrigin,9,0.000000,1.368066,1.989914,7.510878,284.839430
3,0.585390,8.541316,exponential_5,900,300,rastrigin,9,0.000000,2.052100,1.989916,1.554176,347.043060
3,6.231237,10.000000,exponential_3,900,300,rastrigin,9,0.000000,3.552271,0.000189,12.477538,325.672675
3,0.685363,0.685363,exponential_5,900,300,rastrigin,9,17.733673,26.845877,26.598169,10.016044,285.903805
3,7.295407,2.832683,exponential_3,900,300,rastrigin,9,0.000000,2.114271,0.994957,11.354636,315.173150
3,7.295407,3.882831,exponential_3,900,300,rastrigin,9,0.000000,4.788192,0.000000,12.099594,316.040170
3,7.295407,5.322296,exponential_3,900,300,rastrigin,9,0.000000,1.803347,0.000004,10.662560,323.508200
3,0.685363,0.939444,exponential_5,900,300,rastrigin,9,8.499828,21.499659,24.085613,8.661305,289.260825
3,8.541316,1.099883,exponential_3,900,300,rastrigin,9,0.000000,0.124370,0.000000,9.904113,304.310830
3,8.541316,0.802409,exponential_3,900,300,rastrigin,9,0.000000,0.435294,0.497478,9.991560,302.606975
3,0.685363,0.500000,exponential_5,900,300,rastrigin,9,16.512840,31.502058,34.812588,9.778841,362.700230
3,0.685363,1.287720,exponential_5,900,300,rastrigin,9,5.104424,18.324791,21.504168,9.317323,273.311645
3,7.295407,7.295407,exponential_3,900,300,rastrigin,9,0.000000,3.357954,0.497478,11.766110,332.664010
3,8.541316,1.507637,exponential_3,900,300,rastrigin,9,0.000000,3.544509,0.994957,11.525850,319.435145
3,8.541316,2.066557,exponential_3,900,300,rastrigin,9,0.000000,0.248741,0.000004,8.772914,305.129660
3,0.685363,1.765111,exponential_5,900,300,rastrigin,9,8.004467,16.745665,19.547192,8.173817,272.334555
3,7.295407,10.000000,exponential_3,900,300,rastrigin,9,0.000313,7.367406,1.023380,13.798162,334.964095
3,0.685363,2.419483,exponential_5,900,300,rastrigin,9,6.005016,12.863871,14.438725,6.826849,276.250925
3,10.000000,0.585390,exponential_3,900,300,rastrigin,9,0.000000,0.932772,0.994957,8.786446,299.985810
3,0.685363,3.316448,exponential_5,900,300,rastrigin,9,2.984943,6.968976,7.467035,6.054890,277.732860
3,8.541316,2.832683,exponential_3,900,300,rastrigin,9,0.000000,1.741162,0.000000,11.519300,320.549290
3,0.685363,6.231237,exponential_5,900,300,rastrigin,9,0.994957,2.798319,2.984871,5.694732,275.204130
3,10.000000,1.099883,exponential_3,900,300,rastrigin,9,0.000000,0.062185,0.000000,8.053242,303.530780
3,0.685363,8.541316,exponential_5,900,300,rastrigin,9,0.000000,2.114285,2.984871,1.385815,276.568695
3,0.685363,4.545940,exponential_5,900,300,rastrigin,9,1.989914,4.726055,4.974800,2.098275,282.702125
3,8.541316,3.882831,exponential_3,900,300,rastrigin,9,0.000000,0.124370,0.000000,7.546378,322.807170
3,8.541316,5.322296,exponential_3,900,300,rastrigin,9,0.000000,7.835222,0.497482,12.881978,321.017900
3,10.000000,1.507637,exponential_3,900,300,rastrigin,9,0.000000,3.357956,0.497494,14.859942,303.991480
3,0.500000,0.802409,exponential_5,900,300,rastrigin,9,14.024113,26.035692,28.433708,8.612954,283.943840
3,0.802409,0.685363,exponential_5,900,300,rastrigin,9,11.349426,23.171951,26.732635,8.758533,270.624085
3,0.802409,0.939444,exponential_5,900,300,rastrigin,9,7.527008,18.580154,22.078205,10.195775,274.929790
3,0.802409,0.500000,exponential_5,900,300,rastrigin,9,15.605850,24.856537,26.072094,9.719431,278.139750
3,10.000000,2.832683,exponential_3,900,300,rastrigin,9,0.000000,4.974748,0.994957,12.850263,309.628370
3,0.500000,1.099883,exponential_5,900,300,rastrigin,9,11.888596,21.582216,24.841080,8.180377,303.295650
3,8.541316,7.295407,exponential_3,900,300,rastrigin,9,0.000000,3.041054,0.994961,11.172805,331.066585
3,0.802409,1.287720,exponential_5,900,300,rastrigin,9,7.108994,16.973280,18.994001,9.120189,269.948190
3,0.500000,7.295407,exponential_5,900,300,rastrigin,9,0.000000,3.544537,3.979834,2.053570,307.607930
3,0.585390,0.585390,exponential_5,900,300,rastrigin,9,14.496853,32.142262,36.514744,10.905416,301.110470
3,0.802409,1.765111,exponential_5,900,300,rastrigin,9,6.114201,13.701963,15.453037,6.357048,280.494855
3,10.000000,3.882831,exponential_3,900,300,rastrigin,9,0.000000,0.124370,0.000000,7.556866,325.698215
3,10.000000,10.000000,exponential_3,900,300,rastrigin,9,4.094418,9.613173,7.427961,11.787806,327.509960
3,0.802409,3.316448,exponential_5,900,300,rastrigin,9,2.984879,7.835322,7.462212,5.276812,273.375400
3,0.802409,4.545940,exponential_5,900,300,rastrigin,9,0.994957,3.793286,3.979900,5.916400,268.463010
3,0.802409,2.419483,exponential_5,900,300,rastrigin,9,3.980087,6.676859,7.477446,3.948299,293.453935
3,10.000000,0.802409,exponential_3,900,300,rastrigin,9,0.000000,0.000000,0.000000,5.399144,357.844730
3,0.802409,6.231237,exponential_5,900,300,rastrigin,9,0.994957,2.363024,2.984871,7.386114,281.633215
3,10.000000,2.066557,exponential_3,900,300,rastrigin,9,0.000000,0.186555,0.000000,8.014511,369.386275
3,0.939444,0.685363,exponential_5,900,300,rastrigin,9,11.417168,22.176819,24.336832,9.260385,277.279810
3,0.500000,0.585390,exponential_5,900,300,rastrigin,9,18.135994,34.756218,37.856140,10.563017,350.028470
3,8.541316,10.000000,exponential_3,900,300,rastrigin,9,1.268780,17.410233,28.957941,13.044280,384.258820
3,0.802409,8.541316,exponential_5,900,300,rastrigin,9,0.000000,1.368066,1.989914,5.159362,295.794125
3,0.939444,0.939444,exponential_5,900,300,rastrigin,9,12.298489,18.067165,19.225574,5.059587,284.635130
3,0.500000,5.322296,exponential_5,900,300,rastrigin,9,2.984898,7.400101,8.457218,5.095441,347.691355
3,0.939444,1.287720,exponential_5,900,300,rastrigin,9,6.182587,14.853436,16.159542,6.628818,277.212360
3,0.939444,0.500000,exponential_5,900,300,rastrigin,9,12.556229,26.752159,28.581738,11.053176,300.377200
3,0.500000,10.000000,exponential_5,900,300,rastrigin,9,0.994957,2.300840,2.984873,5.422246,355.060075
3,0.939444,1.765111,exponential_5,900,300,rastrigin,9,4.359764,12.298825,14.531610,6.542155,284.828045
3,0.685363,0.802409,exponential_5,900,300,rastrigin,9,11.026035,23.527662,25.335726,9.550452,278.938255
3,0.500000,2.066557,exponential_5,900,300,rastrigin,9,6.093960,16.453075,17.727983,8.333376,355.286535
3,0.939444,2.419483,exponential_5,900,300,rastrigin,9,4.974808,8.706460,9.949598,4.410593,271.934160
3,0.500000,1.507637,exponential_5,900,300,rastrigin,9,12.743881,21.361641,25.265518,9.874364,367.943765
3,0.585390,1.099883,exponential_5,900,300,rastrigin,9,10.071373,21.274063,22.354849,8.274537,349.540425
3,0.500000,3.882831,exponential_5,900,300,rastrigin,9,3.980030,9.284035,9.952663,5.082211,365.845930
3,0.585390,0.802409,exponential_5,900,300,rastrigin,9,21.812237,28.892729,29.212496,7.559765,361.177460
3,0.500000,2.832683,exponential_5,900,300,rastrigin,9,4.011116,13.693153,16.548630,10.296924,359.746035
3,0.585390,2.066557,exponential_5,900,300,rastrigin,9,9.953468,16.291809,18.607817,7.624309,355.200375
3,0.685363,1.099883,exponential_5,900,300,rastrigin,9,5.692513,19.811419,23.909698,8.842194,272.663695
3,0.585390,5.322296,exponential_5,900,300,rastrigin,9,1.989922,4.788269,5.472527,2.580662,349.566085
3,0.585390,1.507637,exponential_5,900,300,rastrigin,9,13.095840,22.371861,25.426865,6.928667,368.115355
3,10.000000,5.322296,exponential_3,900,300,rastrigin,9,0.000000,1.678979,0.000000,10.809741,390.046415
3,0.585390,2.832683,exponential_5,900,300,rastrigin,9,4.987953,13.460682,15.921534,6.202241,364.152290
3,10.000000,7.295407,exponential_3,900,300,rastrigin,9,0.000668,12.850508,27.406338,13.985948,388.512650
3,0.939444,3.316448,exponential_5,900,300,rastrigin,9,1.989922,4.601683,4.974794,5.697120,293.782870
3,0.939444,4.545940,exponential_5,900,300,rastrigin,9,0.000000,2.425209,2.984871,5.331118,290.389690
3,0.585390,3.882831,exponential_5,900,300,rastrigin,9,1.990730,9.159608,11.541534,7.830484,359.693765
3,0.939444,6.231237,exponential_5,900,300,rastrigin,9,0.994957,2.363024,2.487392,8.145858,292.314990
3,0.585390,7.295407,exponential_5,900,300,rastrigin,9,0.000000,2.736133,2.984873,2.098277,344.490330
3,0.685363,1.507637,exponential_5,900,300,rastrigin,9,8.303970,18.188730,19.725546,8.352643,282.440860
3,0.939444,8.541316,exponential_5,900,300,rastrigin,9,0.000000,7.399941,1.989914,12.286660,297.038275
3,0.585390,10.000000,exponential_5,900,300,rastrigin,9,0.000000,1.430251,1.989914,7.337708,344.090725
3,1.099883,0.939444,exponential_5,900,300,rastrigin,9,4.227707,15.855124,17.598969,7.905638,276.439000
3,0.685363,2.066557,exponential_5,900,300,rastrigin,9,6.063171,13.486694,14.544189,6.391601,281.224840
3,1.099883,0.500000,exponential_5,900,300,rastrigin,9,11.252071,21.240616,24.498241,8.640841,301.211665
3,0.685363,2.832683,exponential_5,900,300,rastrigin,9,2.989429,10.843706,10.945528,8.074998,283.488645
3,1.099883,1.765111,exponential_5,900,300,rastrigin,9,3.981609,9.459021,10.461889,3.779902,289.541495
3,0.685363,3.882831,exponential_5,900,300,rastrigin,9,0.994957,5.907737,7.463255,3.640410,289.104705
3,1.099883,1.287720,exponential_5,900,300,rastrigin,9,4.262287,12.333427,13.540607,6.676660,301.162045
3,1.099883,0.685363,exponential_5,900,300,rastrigin,9,6.822708,19.718596,23.614799,8.081641,316.429280
3,0.685363,10.000000,exponential_5,900,300,rastrigin,9,0.000000,1.741176,1.989914,9.743329,279.371085
3,0.685363,7.295407,exponential_5,900,300,rastrigin,9,0.994957,2.238655,2.487394,6.338005,284.215650
3,1.099883,2.419483,exponential_5,900,300,rastrigin,9,3.979832,6.094174,6.964724,3.106356,291.181855
3,1.099883,3.316448,exponential_5,900,300,rastrigin,9,0.994957,3.606725,3.482361,2.729797,287.224820
3,1.099883,4.545940,exponential_5,900,300,rastrigin,9,0.000000,2.238655,2.984873,1.338580,280.977380
3,0.685363,0.585390,exponential_5,900,300,rastrigin,9,16.564945,27.181721,28.743921,7.625824,345.558985
3,0.685363,5.322296,exponential_5,900,300,rastrigin,9,0.994957,4.166388,4.477316,5.797035,287.934170
3,1.099883,6.231237,exponential_5,900,300,rastrigin,9,0.000000,1.119327,0.994957,8.625459,288.525595
3,1.287720,0.500000,exponential_5,900,300,rastrigin,9,6.995117,20.477018,22.828176,8.744789,289.789255
3,1.099883,8.541316,exponential_5,900,300,rastrigin,9,0.000000,3.233598,1.989916,10.982656,292.217320
3,0.802409,1.099883,exponential_5,900,300,rastrigin,9,7.171532,19.215698,23.080845,7.854425,276.596720
3,0.802409,0.802409,exponential_5,900,300,rastrigin,9,8.464474,22.298828,26.192276,9.849339,285.406755
3,1.287720,0.685363,exponential_5,900,300,rastrigin,9,9.183212,20.205420,21.415323,9.600031,280.010895
3,0.802409,0.585390,exponential_5,900,300,rastrigin,9,13.029858,25.914957,28.062071,10.348925,288.540335
3,0.802409,1.507637,exponential_5,900,300,rastrigin,9,2.994061,14.023096,13.954578,11.382509,279.558630
3,1.287720,0.939444,exponential_5,900,300,rastrigin,9,10.061974,14.069500,14.562962,5.496992,289.432845
3,1.287720,1.287720,exponential_5,900,300,rastrigin,9,3.983063,11.770412,14.456625,9.197263,291.879345
3,0.802409,2.066557,exponential_5,900,300,rastrigin,9,3.980076,8.653252,8.757433,4.486882,273.732470
3,1.287720,2.419483,exponential_5,900,300,rastrigin,9,1.989922,5.845391,6.467232,6.222225,295.043760
3,1.287720,1.765111,exponential_5,900,300,rastrigin,9,2.987579,7.426510,7.961102,4.477839,300.738625
3,1.287720,3.316448,exponential_5,900,300,rastrigin,9,0.000000,3.295798,2.984879,5.947067,287.727460
3,0.802409,3.882831,exponential_5,900,300,rastrigin,9,0.994957,5.161345,5.969748,6.586812,279.718730
3,0.802409,5.322296,exponential_5,900,300,rastrigin,9,0.994957,2.922689,3.482353,1.619675,277.854945
3,1.287720,4.545940,exponential_5,900,300,rastrigin,9,0.000000,1.865545,1.989914,1.024372,292.172885
3,0.802409,2.832683,exponential_5,900,300,rastrigin,9,0.994961,7.835629,8.956568,4.586497,290.853730
3,0.802409,7.295407,exponential_5,900,300,rastrigin,9,0.000000,1.927730,1.989914,8.468182,282.815320
3,0.939444,1.099883,exponential_5,900,300,rastrigin,9,8.290882,19.042141,20.483494,10.833949,272.152455
3,0.939444,0.802409,exponential_5,900,300,rastrigin,9,7.000179,20.680872,26.763184,10.188318,284.786040
3,0.939444,1.507637,exponential_5,900,300,rastrigin,9,4.975159,10.015490,11.807833,6.832017,279.690540
3,1.507637,1.765111,exponential_5,900,300,rastrigin,9,2.984901,6.280746,7.462194,3.042356,267.333755
3,0.802409,10.000000,exponential_5,900,300,rastrigin,9,0.000000,3.047044,1.989920,10.567556,287.488865
3,0.939444,2.066557,exponential_5,900,300,rastrigin,9,3.979900,9.526500,10.949289,5.013860,280.029455
3,0.939444,0.585390,exponential_5,900,300,rastrigin,9,13.647995,25.304756,27.037657,9.270772,293.060185
3,0.939444,2.832683,exponential_5,900,300,rastrigin,9,2.985565,8.208492,9.949572,6.397940,281.605395
3,1.287720,6.231237,exponential_5,900,300,rastrigin,9,0.000000,5.658780,1.989914,11.907332,358.170420
3,1.765111,0.939444,exponential_5,900,300,rastrigin,9,2.008766,12.932732,14.925331,6.496962,277.606320
3,1.287720,8.541316,exponential_5,900,300,rastrigin,9,0.000000,5.720964,1.989914,11.508232,353.181590
3,2.066557,0.500000,exponential_5,900,300,rastrigin,9,9.060009,15.339407,17.325245,5.780439,272.568855
3,1.507637,0.685363,exponential_5,900,300,rastrigin,9,8.203285,15.411014,15.736635,7.275733,352.134080
3,0.939444,3.882831,exponential_5,900,300,rastrigin,9,0.994957,3.917649,4.477312,7.269767,293.388630
3,1.507637,0.939444,exponential_5,900,300,rastrigin,9,3.987251,12.634317,14.927048,6.363104,354.471435
3,1.507637,0.500000,exponential_5,900,300,rastrigin,9,10.164963,22.359484,23.742851,10.909900,362.741375
3,1.507637,1.287720,exponential_5,900,300,rastrigin,9,4.027493,8.787222,8.976225,5.110038,347.604560
3,1.507637,2.419483,exponential_5,900,300,rastrigin,9,0.994957,3.109243,3.979828,5.981967,341.016250
3,0.939444,5.322296,exponential_5,900,300,rastrigin,9,0.000000,2.736135,2.984875,7.699780,300.771270
3,0.939444,10.000000,exponential_5,900,300,rastrigin,9,0.000000,10.136057,13.929296,12.345325,295.464430
3,2.066557,0.939444,exponential_5,900,300,rastrigin,9,3.979897,9.089574,10.472748,8.515087,276.707430
3,1.099883,1.099883,exponential_5,900,300,rastrigin,9,6.973785,15.042448,16.935537,8.228024,286.161765
3,1.507637,3.316448,exponential_5,900,300,rastrigin,9,0.000000,1.927730,2.487394,1.942080,346.508795
3,0.939444,7.295407,exponential_5,900,300,rastrigin,9,0.994957,1.803361,1.989914,7.841940,307.207765
3,1.507637,8.541316,exponential_5,900,300,rastrigin,9,0.000000,8.705813,3.482357,12.220713,348.981970
3,1.507637,4.545940,exponential_5,900,300,rastrigin,9,0.000000,6.031890,1.989914,12.534946,356.642810
3,2.066557,1.287720,exponential_5,900,300,rastrigin,9,1.989922,6.405063,7.959663,3.507469,281.935975
3,1.507637,6.231237,exponential_5,900,300,rastrigin,9,0.000000,1.243698,1.989914,8.809093,361.416250
3,1.099883,0.585390,exponential_5,900,300,rastrigin,9,6.438461,20.511133,23.497154,7.804302,295.979525
3,1.765111,0.500000,exponential_5,900,300,rastrigin,9,11.907753,19.540123,20.756355,7.376481,362.464915
3,1.765111,0.685363,exponential_5,900,300,rastrigin,9,6.051483,14.954472,18.453785,7.905269,352.438345
3,1.765111,1.765111,exponential_5,900,300,rastrigin,9,0.994961,4.228589,3.979836,3.071087,343.439300
3,1.099883,5.322296,exponential_5,900,300,rastrigin,9,0.000000,1.865545,1.989914,9.071295,273.584795
3,1.099883,3.882831,exponential_5,900,300,rastrigin,9,0.994957,2.798318,2.984873,1.872001,275.350780
3,2.066557,1.765111,exponential_5,900,300,rastrigin,9,1.989918,4.104203,4.477308,3.019491,285.572135
3,1.765111,4.545940,exponential_5,900,300,rastrigin,9,0.994957,7.710866,2.984873,15.046208,351.340900
3,1.765111,2.419483,exponential_5,900,300,rastrigin,9,0.994957,2.860503,2.984873,7.890796,357.310575
3,2.066557,3.316448,exponential_5,900,300,rastrigin,9,0.000000,4.788206,2.487394,11.025091,284.123330
3,1.765111,3.316448,exponential_5,900,300,rastrigin,9,0.000000,1.803360,1.989914,9.102591,356.078155
3,1.765111,1.287720,exponential_5,900,300,rastrigin,9,2.984879,9.766936,9.949583,6.807803,362.068380
3,2.066557,2.419483,exponential_5,900,300,rastrigin,9,0.000000,2.549578,3.482351,7.367174,286.782255
3,1.099883,2.066557,exponential_5,900,300,rastrigin,9,2.984898,8.896543,10.449657,4.441865,295.060220
3,1.099883,1.507637,exponential_5,900,300,rastrigin,9,3.990398,10.551347,11.083788,4.552502,294.097290
3,1.099883,2.832683,exponential_5,900,300,rastrigin,9,0.994972,5.161353,6.964706,3.607653,288.913180
3,1.765111,6.231237,exponential_5,900,300,rastrigin,9,0.000000,7.773054,2.984875,12.017498,352.707925
3,2.066557,0.685363,exponential_5,900,300,rastrigin,9,5.160049,13.016705,15.429705,8.293252,348.740885
3,1.765111,8.541316,exponential_5,900,300,rastrigin,9,0.000000,9.078920,2.984879,14.135149,355.098245
3,1.099883,0.802409,exponential_5,900,300,rastrigin,9,12.561733,21.741688,24.400372,7.285401,305.761650
3,1.099883,7.295407,exponential_5,900,300,rastrigin,9,0.994957,3.357968,1.989914,13.424809,281.068995
3,2.066557,6.231237,exponential_5,900,300,rastrigin,9,0.994957,9.016741,2.984873,14.105398,298.405095
3,1.287720,0.585390,exponential_5,900,300,rastrigin,9,9.227497,20.075079,22.191244,7.248400,284.426750
3,1.099883,10.000000,exponential_5,900,300,rastrigin,9,0.000000,7.151231,2.487392,12.866033,292.157335
3,2.419483,0.939444,exponential_5,900,300,rastrigin,9,0.994987,7.401968,8.458508,4.986784,278.369890
3,1.287720,0.802409,exponential_5,900,300,rastrigin,9,8.097538,13.957027,14.960577,5.347613,283.359645
3,2.419483,0.500000,exponential_5,900,300,rastrigin,9,3.892231,13.085806,15.477627,8.453118,288.289240
3,2.419483,0.685363,exponential_5,900,300,rastrigin,9,4.055561,12.211053,13.455908,6.161350,281.128955
3,2.066557,8.541316,exponential_5,900,300,rastrigin,9,0.000000,7.151206,1.989914,12.475136,298.972715
3,1.287720,1.099883,exponential_5,900,300,rastrigin,9,1.022243,12.676271,14.514765,5.831187,304.173010
3,1.287720,1.507637,exponential_5,900,300,rastrigin,9,3.980118,8.957860,10.944555,5.528861,302.721570
3,2.419483,1.287720,exponential_5,900,300,rastrigin,9,0.994957,4.788240,5.472267,5.969704,286.543850
3,2.066557,4.545940,exponential_5,900,300,rastrigin,9,0.000000,7.462129,1.989920,14.351344,358.830855
3,1.287720,2.066557,exponential_5,900,300,rastrigin,9,0.995190,4.974824,6.467308,3.781800,286.559010
3,1.287720,3.882831,exponential_5,900,300,rastrigin,9,0.994957,2.736134,2.984873,8.872816,281.500780
3,1.287720,2.832683,exponential_5,900,300,rastrigin,9,1.989933,4.228576,3.979836,2.750116,294.692320
3,2.419483,1.765111,exponential_5,900,300,rastrigin,9,0.000000,3.109243,2.984875,2.573462,279.327770
3,2.419483,2.419483,exponential_5,900,300,rastrigin,9,0.000000,2.425211,2.984877,7.090716,282.655590
3,2.419483,3.316448,exponential_5,900,300,rastrigin,9,0.000000,7.399945,2.487396,12.478194,288.126845
3,1.287720,5.322296,exponential_5,900,300,rastrigin,9,0.000000,6.031891,2.487392,11.813045,300.941215
3,2.419483,4.545940,exponential_5,900,300,rastrigin,9,0.000000,5.907519,1.989916,12.085911,291.128400
3,2.832683,0.500000,exponential_5,900,300,rastrigin,9,7.959766,14.392000,15.954613,7.151243,283.032720
3,2.832683,0.939444,exponential_5,900,300,rastrigin,9,1.989922,6.156436,7.462185,3.739638,268.741380
3,1.507637,2.066557,exponential_5,900,300,rastrigin,9,0.994957,4.974799,5.472334,6.970876,284.439305
3,2.419483,8.541316,exponential_5,900,300,rastrigin,9,0.000000,14.804309,24.873722,12.593729,294.905375
3,2.419483,6.231237,exponential_5,900,300,rastrigin,9,0.000000,7.151205,2.487392,12.191580,303.360055
3,2.832683,0.685363,exponential_5,900,300,rastrigin,9,2.985851,10.530482,10.946733,8.295843,290.883400
3,2.832683,1.287720,exponential_5,900,300,rastrigin,9,1.989914,3.357984,3.482355,5.178277,283.941625
3,2.832683,1.765111,exponential_5,900,300,rastrigin,9,0.000000,2.798319,3.979828,8.921040,283.056590
3,1.765111,1.099883,exponential_5,900,300,rastrigin,9,3.982666,11.884029,14.929565,6.386371,278.761760
3,2.066557,0.585390,exponential_5,900,300,rastrigin,9,5.367001,17.794634,20.538080,7.676520,277.279730
3,2.832683,2.419483,exponential_5,900,300,rastrigin,9,0.000000,1.741175,1.989914,10.683134,281.471295
3,2.066557,1.099883,exponential_5,900,300,rastrigin,9,3.990059,9.639790,11.940321,7.030371,280.114100
3,2.066557,1.507637,exponential_5,900,300,rastrigin,9,1.989918,4.290765,4.974792,1.793000,271.700865
3,2.832683,3.316448,exponential_5,900,300,rastrigin,9,0.000000,10.384798,13.929295,14.819612,293.210085
3,2.832683,6.231237,exponential_5,900,300,rastrigin,9,0.000000,11.815029,24.873732,12.565131,292.528125
3,1.287720,7.295407,exponential_5,900,300,rastrigin,9,0.000000,8.581444,1.989922,12.529796,350.654725
3,2.832683,4.545940,exponential_5,900,300,rastrigin,9,0.000000,4.415096,1.989914,11.310692,300.888390
3,3.316448,0.685363,exponential_5,900,300,rastrigin,9,2.049698,7.352472,8.462431,7.100422,276.470480
3,2.832683,8.541316,exponential_5,900,300,rastrigin,9,0.000000,13.369639,24.873737,14.361319,306.026730
3,2.066557,2.066557,exponential_5,900,300,rastrigin,9,0.994957,2.798319,2.984877,5.116020,276.672720
3,3.316448,0.939444,exponential_5,900,300,rastrigin,9,1.989914,5.534457,6.467228,4.693192,280.248235
3,2.066557,2.832683,exponential_5,900,300,rastrigin,9,0.000000,2.300840,2.984873,7.236499,273.087950
3,2.066557,3.882831,exponential_5,900,300,rastrigin,9,0.000000,4.042495,1.492435,11.156444,277.461315
3,3.316448,0.500000,exponential_5,900,300,rastrigin,9,4.977699,14.080566,16.477871,7.214607,304.198425
3,1.507637,0.802409,exponential_5,900,300,rastrigin,9,2.307835,16.012823,18.223871,6.779089,353.410385
3,1.507637,2.832683,exponential_5,900,300,rastrigin,9,0.000000,3.109243,3.979830,7.326739,339.147115
3,1.287720,10.000000,exponential_5,900,300,rastrigin,9,0.000000,17.909088,24.873726,10.448596,361.452680
3,3.316448,1.765111,exponential_5,900,300,rastrigin,9,0.000000,2.300840,2.984871,8.564079,291.395020
3,3.316448,4.545940,exponential_5,900,300,rastrigin,9,0.000000,4.477281,1.989914,14.086875,281.982320
3,1.507637,1.099883,exponential_5,900,300,rastrigin,9,5.969814,12.413288,13.965597,5.260778,359.191410
3,3.316448,2.419483,exponential_5,900,300,rastrigin,9,0.000000,2.860493,0.994957,11.304489,296.961880
3,3.316448,1.287720,exponential_5,900,300,rastrigin,9,0.994957,2.922688,2.984879,5.408309,301.722005
3,3.316448,3.316448,exponential_5,900,300,rastrigin,9,0.000000,5.658780,1.989914,12.198247,292.089760
3,2.066557,7.295407,exponential_5,900,300,rastrigin,9,0.000000,8.643630,1.989916,14.312747,286.575330
3,2.419483,1.099883,exponential_5,900,300,rastrigin,9,1.989922,7.337842,8.954819,7.004376,275.482885
3,2.419483,0.585390,exponential_5,900,300,rastrigin,9,3.198654,13.094614,14.936357,7.307468,273.099310
3,3.316448,6.231237,exponential_5,900,300,rastrigin,9,0.000000,7.337762,2.984871,12.419784,287.870300
3,1.507637,1.507637,exponential_5,900,300,rastrigin,9,2.984970,7.469392,8.458351,4.433752,363.202875
3,3.882831,0.500000,exponential_5,900,300,rastrigin,9,3.984558,8.229925,9.452856,4.460601,278.274865
3,1.507637,5.322296,exponential_5,900,300,rastrigin,9,0.000000,7.151204,1.989914,12.502138,348.522830
3,1.507637,0.585390,exponential_5,900,300,rastrigin,9,8.139977,18.638031,20.796860,9.221725,371.568355
3,2.419483,0.802409,exponential_5,900,300,rastrigin,9,4.974827,9.457502,10.447254,5.222370,281.130105
3,1.507637,3.882831,exponential_5,900,300,rastrigin,9,0.000000,2.549579,2.984871,8.287840,364.458955
3,3.316448,8.541316,exponential_5,900,300,rastrigin,9,0.000000,13.618377,24.873730,12.293362,290.502930
3,1.507637,10.000000,exponential_5,900,300,rastrigin,9,0.000000,8.954555,3.979828,12.784377,359.435390
3,1.765111,0.802409,exponential_5,900,300,rastrigin,9,4.985878,12.929527,13.508972,9.022526,349.823785
3,2.066557,10.000000,exponential_5,900,300,rastrigin,9,0.994957,5.845335,1.989914,11.728061,289.389590
3,1.765111,2.066557,exponential_5,900,300,rastrigin,9,1.989914,3.482352,3.979830,2.041483,349.183590
3,1.507637,7.295407,exponential_5,900,300,rastrigin,9,0.000000,3.357970,1.989914,10.491891,358.219445
3,2.419483,1.507637,exponential_5,900,300,rastrigin,9,0.994961,4.042017,3.979836,2.266670,267.542605
3,1.765111,0.585390,exponential_5,900,300,rastrigin,9,8.524487,18.914797,22.013529,7.628705,361.775695
3,1.765111,1.507637,exponential_5,900,300,rastrigin,9,1.989914,6.218504,6.964725,4.953850,345.372835
3,1.765111,2.832683,exponential_5,900,300,rastrigin,9,0.000000,1.616805,1.989914,7.279296,352.934130
3,1.765111,3.882831,exponential_5,900,300,rastrigin,9,0.000000,1.616805,1.989914,9.571179,350.372565
3,1.765111,5.322296,exponential_5,900,300,rastrigin,9,0.000000,4.788207,2.487392,11.392728,360.249675
3,3.882831,0.939444,exponential_5,900,300,rastrigin,9,1.989922,3.731092,3.979832,1.616614,293.106520
3,3.882831,0.685363,exponential_5,900,300,rastrigin,9,1.989990,5.845427,5.969769,4.167062,298.067645
3,2.419483,2.832683,exponential_5,900,300,rastrigin,9,0.000000,1.492437,1.989914,5.453875,272.757905
3,3.882831,1.287720,exponential_5,900,300,rastrigin,9,0.994957,2.487394,2.984875,5.235318,288.350720
3,3.882831,2.419483,exponential_5,900,300,rastrigin,9,0.000000,1.181512,1.492435,8.486156,285.221990
3,2.419483,2.066557,exponential_5,900,300,rastrigin,9,0.000000,2.114286,2.984871,1.768675,285.424510
3,2.066557,0.802409,exponential_5,900,300,rastrigin,9,2.037292,10.813155,11.565727,9.654771,362.870435
3,1.765111,7.295407,exponential_5,900,300,rastrigin,9,0.994957,6.156260,1.989914,11.575706,364.842290
3,3.882831,1.765111,exponential_5,900,300,rastrigin,9,0.000000,7.275580,2.487392,15.517007,292.348495
3,1.765111,10.000000,exponential_5,900,300,rastrigin,9,0.000000,8.643632,2.487392,15.176166,365.468075
3,2.419483,3.882831,exponential_5,900,300,rastrigin,9,0.000000,8.830181,2.487394,12.520742,283.999820
3,2.419483,5.322296,exponential_5,900,300,rastrigin,9,0.000000,8.270519,1.989914,12.521179,285.783205
3,3.882831,3.316448,exponential_5,900,300,rastrigin,9,0.000000,4.352913,1.989914,11.598673,296.141070
3,2.066557,5.322296,exponential_5,900,300,rastrigin,9,0.994957,12.188134,24.873718,14.580301,352.563150
3,2.832683,0.585390,exponential_5,900,300,rastrigin,9,3.985054,10.604603,12.939569,8.817611,286.401910
3,2.832683,1.099883,exponential_5,900,300,rastrigin,9,2.984871,5.099161,5.969749,3.574925,288.106425
3,2.832683,2.066557,exponential_5,900,300,rastrigin,9,0.000000,1.989915,1.989914,7.168476,271.790320
3,3.882831,4.545940,exponential_5,900,300,rastrigin,9,0.000000,5.596596,1.989914,14.570107,291.841575
3,2.832683,1.507637,exponential_5,900,300,rastrigin,9,0.994957,2.300840,2.984871,1.573166,281.644660
3,2.832683,0.802409,exponential_5,900,300,rastrigin,9,4.974792,8.706123,9.453440,6.366946,289.652500
3,2.419483,7.295407,exponential_5,900,300,rastrigin,9,0.000000,4.104174,1.492435,11.285003,293.784470
3,2.419483,10.000000,exponential_5,900,300,rastrigin,9,0.000000,5.907520,1.989914,14.389099,297.692815
3,3.882831,6.231237,exponential_5,900,300,rastrigin,9,0.000000,11.690667,24.873720,12.458387,289.032940
3,3.882831,8.541316,exponential_5,900,300,rastrigin,9,0.994957,7.959619,2.984875,12.209554,295.229715
3,2.832683,2.832683,exponential_5,900,300,rastrigin,9,0.000000,3.233599,1.989914,10.606421,296.454125
3,4.545940,0.500000,exponential_5,900,300,rastrigin,9,3.979839,8.488574,9.452869,6.037447,281.508295
3,2.832683,3.882831,exponential_5,900,300,rastrigin,9,0.000000,5.720972,2.487392,12.197973,283.724830
3,4.545940,0.685363,exponential_5,900,300,rastrigin,9,1.989914,4.228583,4.974789,3.056961,289.717285
3,2.832683,7.295407,exponential_5,900,300,rastrigin,9,0.000000,13.245298,24.873722,12.503078,292.763415
3,3.316448,0.802409,exponential_5,900,300,rastrigin,9,3.979832,7.648779,8.457148,5.007229,283.809695
3,3.316448,1.099883,exponential_5,900,300,rastrigin,9,0.994957,3.855469,3.979836,3.607996,278.261190
3,2.832683,5.322296,exponential_5,900,300,rastrigin,9,0.994957,3.233599,1.989914,10.650993,295.357435
3,4.545940,1.287720,exponential_5,900,300,rastrigin,9,0.994957,5.534424,3.979830,11.220211,285.727680
3,2.832683,10.000000,exponential_5,900,300,rastrigin,9,0.000000,4.041988,1.989914,11.919893,292.283790
3,4.545940,2.419483,exponential_5,900,300,rastrigin,9,0.994957,2.860490,0.994957,11.019701,289.067020
3,3.316448,2.066557,exponential_5,900,300,rastrigin,9,0.000000,1.865546,2.487392,9.473874,275.568080
3,4.545940,1.765111,exponential_5,900,300,rastrigin,9,0.000000,2.984859,1.989914,11.047622,300.322620
3,3.316448,0.585390,exponential_5,900,300,rastrigin,9,1.993038,11.900005,13.933081,6.632869,296.665850
3,3.316448,2.832683,exponential_5,900,300,rastrigin,9,0.000000,5.783150,1.989914,12.274296,277.070395
3,3.316448,1.507637,exponential_5,900,300,rastrigin,9,0.000000,1.865545,1.989916,5.482167,277.275405
3,5.322296,0.500000,exponential_5,900,300,rastrigin,9,0.994957,6.840471,8.954622,3.920677,277.497945
3,5.322296,0.685363,exponential_5,900,300,rastrigin,9,1.989914,3.233614,2.984877,2.001695,276.461240
3,5.322296,0.939444,exponential_5,900,300,rastrigin,9,0.994957,1.989915,1.989914,5.962038,277.114465
3,3.316448,5.322296,exponential_5,900,300,rastrigin,9,0.000000,11.939398,25.371197,17.095291,293.726610
3,3.882831,0.585390,exponential_5,900,300,rastrigin,9,4.974800,7.732713,8.457396,5.756619,279.097130
3,3.316448,3.882831,exponential_5,900,300,rastrigin,9,0.000000,11.877213,24.873718,12.216233,286.487400
3,4.545940,0.939444,exponential_5,900,300,rastrigin,9,0.994957,2.611764,2.984875,1.612783,355.529515
3,3.316448,7.295407,exponential_5,900,300,rastrigin,9,0.000000,10.073868,13.929295,12.757064,295.247125
3,6.231237,0.500000,exponential_5,900,300,rastrigin,9,1.989914,4.726056,5.472305,3.634000,282.235400
3,6.231237,1.287720,exponential_5,900,300,rastrigin,9,0.000000,8.830189,2.487396,12.691772,279.659345
3,5.322296,3.316448,exponential_5,900,300,rastrigin,9,0.000000,5.783149,1.989914,11.748664,299.631020
3,3.316448,10.000000,exponential_5,900,300,rastrigin,9,0.000000,6.218443,1.989914,11.779966,301.178165
3,7.295407,0.500000,exponential_5,900,300,rastrigin,9,1.989914,4.912605,5.472269,9.302888,267.712940
3,3.882831,0.802409,exponential_5,900,300,rastrigin,9,1.989914,4.912941,5.969746,6.419771,281.926655
3,3.882831,1.099883,exponential_5,900,300,rastrigin,9,0.994957,3.482352,3.979832,5.577712,288.963190
3,3.882831,1.507637,exponential_5,900,300,rastrigin,9,0.000000,2.052099,1.989914,7.619485,282.864265
3,4.545940,3.316448,exponential_5,900,300,rastrigin,9,0.000000,8.954556,2.984873,12.488211,367.412405
3,3.882831,2.066557,exponential_5,900,300,rastrigin,9,0.000000,4.726021,1.989914,11.656152,281.673805
3,5.322296,1.287720,exponential_5,900,300,rastrigin,9,0.000000,1.492436,1.492435,10.112734,347.208765
3,4.545940,6.231237,exponential_5,900,300,rastrigin,9,0.000000,7.586505,2.984873,11.689706,371.280160
3,3.882831,2.832683,exponential_5,900,300,rastrigin,9,0.000000,10.198237,13.929295,12.252213,292.053085
3,4.545940,4.545940,exponential_5,900,300,rastrigin,9,1.989914,17.229513,25.868677,14.733602,377.063795
3,6.231237,8.541316,exponential_5,900,300,rastrigin,9,0.000000,8.892370,2.984871,12.328026,302.474145
3,4.545940,8.541316,exponential_5,900,300,rastrigin,9,0.000000,8.581442,1.989916,12.527943,371.460135
3,5.322296,1.765111,exponential_5,900,300,rastrigin,9,0.994957,7.959606,3.979832,12.265565,359.024015
3,7.295407,1.765111,exponential_5,900,300,rastrigin,9,0.000000,10.073867,13.431818,16.247972,276.619320
3,6.231237,0.939444,exponential_5,900,300,rastrigin,9,0.000000,2.238654,2.984871,9.102479,347.593565
3,5.322296,4.545940,exponential_5,900,300,rastrigin,9,0.000000,10.073869,13.431816,13.234846,365.830040
3,5.322296,2.419483,exponential_5,900,300,rastrigin,9,0.000000,4.166358,1.989914,14.121056,369.200340
3,5.322296,6.231237,exponential_5,900,300,rastrigin,9,0.000000,7.462128,1.989916,14.519360,363.198340
3,3.882831,3.882831,exponential_5,900,300,rastrigin,9,0.000000,10.384790,13.431818,16.978622,279.787825
3,6.231237,0.685363,exponential_5,900,300,rastrigin,9,0.000000,2.363025,2.984871,5.553939,361.033995
3,5.322296,8.541316,exponential_5,900,300,rastrigin,9,0.000000,10.446978,14.426773,15.669959,365.834065
3,6.231237,1.765111,exponential_5,900,300,rastrigin,9,0.994957,14.924252,24.873751,11.460823,358.738695
3,7.295407,2.419483,exponential_5,900,300,rastrigin,9,0.000000,12.188140,24.873718,13.891220,286.594035
3,6.231237,2.419483,exponential_5,900,300,rastrigin,9,0.000000,10.700150,13.929295,14.899201,356.117785
3,6.231237,4.545940,exponential_5,900,300,rastrigin,9,0.000000,10.198235,13.431818,12.705894,355.349515
3,8.541316,0.685363,exponential_5,900,300,rastrigin,9,0.000000,1.678990,1.989914,7.100307,256.811800
3,6.231237,3.316448,exponential_5,900,300,rastrigin,9,0.000000,7.213391,2.984875,12.126769,366.882875
3,8.541316,0.500000,exponential_5,900,300,rastrigin,9,0.994957,3.047058,2.984877,7.990007,263.281020
3,6.231237,6.231237,exponential_5,900,300,rastrigin,9,0.000000,13.995934,25.371202,16.600779,367.610955
3,7.295407,0.939444,exponential_5,900,300,rastrigin,9,0.000000,1.430252,1.989914,5.604267,354.260870
3,7.295407,0.685363,exponential_5,900,300,rastrigin,9,0.994957,4.104186,2.984877,10.226213,360.657930
3,7.295407,6.231237,exponential_5,900,300,rastrigin,9,0.000000,2.984859,1.989914,13.381517,291.141570
3,8.541316,1.287720,exponential_5,900,300,rastrigin,9,0.000000,2.736119,1.989914,10.822154,276.023510
3,7.295407,4.545940,exponential_5,900,300,rastrigin,9,0.000000,10.695717,13.929302,13.074082,295.716685
3,8.541316,0.939444,exponential_5,900,300,rastrigin,9,0.000000,6.094075,1.989918,12.368441,278.938830
3,3.882831,5.322296,exponential_5,900,300,rastrigin,9,0.000000,7.089022,1.989914,12.664627,287.690425
3,7.295407,1.287720,exponential_5,900,300,rastrigin,9,0.000000,7.089020,1.989914,12.540995,360.988625
3,7.295407,8.541316,exponential_5,900,300,rastrigin,9,0.000000,2.673934,1.989914,10.826283,305.105935
3,8.541316,1.765111,exponential_5,900,300,rastrigin,9,0.000000,8.705814,2.984875,15.134774,237.527410
3,3.882831,7.295407,exponential_5,900,300,rastrigin,9,0.000000,10.633529,13.929295,12.185899,290.453175
3,8.541316,2.419483,exponential_5,900,300,rastrigin,9,0.000000,8.394897,1.989914,15.047058,246.454075
3,10.000000,0.500000,exponential_5,900,300,rastrigin,9,0.994957,2.673948,2.984871,8.926896,225.472330
3,7.295407,3.316448,exponential_5,900,300,rastrigin,9,0.000000,5.907524,1.989914,12.311413,366.558855
3,8.541316,8.541316,exponential_5,900,300,rastrigin,9,0.000000,4.352912,1.989914,11.742150,242.931090
3,10.000000,0.685363,exponential_5,900,300,rastrigin,9,0.000000,1.678990,1.989914,9.510405,223.547810
3,4.545940,0.585390,exponential_5,900,300,rastrigin,9,3.979832,7.337828,7.959661,3.202476,276.672490
3,10.000000,0.939444,exponential_5,900,300,rastrigin,9,0.000000,7.524317,2.487396,14.233143,221.538505
3,10.000000,1.765111,exponential_5,900,300,rastrigin,9,0.000000,9.207727,2.984873,13.011626,217.090490
3,3.882831,10.000000,exponential_5,900,300,rastrigin,9,0.000000,13.494005,24.873730,14.487192,300.789835
3,10.000000,1.287720,exponential_5,900,300,rastrigin,9,0.000000,5.410041,0.994961,15.058551,224.220845
3,4.545940,0.802409,exponential_5,900,300,rastrigin,9,0.994957,3.855462,3.979836,2.222010,272.375145
3,10.000000,4.545940,exponential_5,900,300,rastrigin,9,0.994957,13.556190,24.873728,12.384842,215.865420
3,4.545940,1.507637,exponential_5,900,300,rastrigin,9,0.000000,1.368066,1.492435,5.444793,269.387620
3,8.541316,3.316448,exponential_5,900,300,rastrigin,9,0.000000,4.166358,1.492441,11.566626,285.396590
3,8.541316,6.231237,exponential_5,900,300,rastrigin,9,0.000000,8.830182,3.482353,12.551427,284.121485
3,8.541316,4.545940,exponential_5,900,300,rastrigin,9,0.000000,10.322605,13.929295,12.340483,288.144810
3,4.545940,2.832683,exponential_5,900,300,rastrigin,9,0.000000,8.830182,3.482351,14.243762,278.503475
3,5.322296,0.585390,exponential_5,900,300,rastrigin,9,1.989914,6.094122,6.964725,3.834126,260.334650
3,5.322296,0.802409,exponential_5,900,300,rastrigin,9,0.994957,3.606722,3.979828,2.794306,262.886015
3,5.322296,1.099883,exponential_5,900,300,rastrigin,9,0.000000,2.176470,1.989918,8.988683,264.459850
3,4.545940,2.066557,exponential_5,900,300,rastrigin,9,0.994957,6.156265,1.989918,11.584264,281.209890
3,6.231237,0.585390,exponential_5,900,300,rastrigin,9,0.994965,3.420170,3.979834,2.524916,245.772210
3,10.000000,2.419483,exponential_5,900,300,rastrigin,9,0.994957,9.203291,2.487396,12.605402,271.700835
3,10.000000,3.316448,exponential_5,900,300,rastrigin,9,0.000000,13.556217,24.873734,12.208828,275.315510
3,7.295407,2.066557,exponential_5,900,300,rastrigin,9,0.000000,13.742750,24.873753,14.147619,192.268805
3,6.231237,1.507637,exponential_5,900,300,rastrigin,9,0.994957,5.969705,1.492435,16.413483,255.653860
3,10.000000,6.231237,exponential_5,900,300,rastrigin,9,0.000000,10.820087,14.924255,12.290048,265.391525
3,5.322296,3.882831,exponential_5,900,300,rastrigin,9,0.000000,11.881660,24.873720,13.081028,258.868775
3,7.295407,0.585390,exponential_5,900,300,rastrigin,9,0.000000,2.300842,2.984871,5.426601,239.189555
3,10.000000,8.541316,exponential_5,900,300,rastrigin,9,0.000000,15.172988,25.868679,16.115549,256.648460
3,8.541316,0.802409,exponential_5,900,300,rastrigin,9,0.000000,1.368066,1.989914,5.565501,185.912630
3,8.541316,0.585390,exponential_5,900,300,rastrigin,9,0.000000,1.678991,1.989914,5.997210,186.702160
3,6.231237,10.000000,exponential_5,900,300,rastrigin,9,0.000000,8.767999,2.487392,16.790178,239.496970
3,7.295407,2.832683,exponential_5,900,300,rastrigin,9,0.000000,13.120897,24.873718,15.681612,216.922140
3,8.541316,1.507637,exponential_5,900,300,rastrigin,9,0.000000,5.907547,1.989914,11.839226,192.647010
3,8.541316,1.099883,exponential_5,900,300,rastrigin,9,0.000000,4.850390,2.487394,10.745796,191.523665
3,8.541316,2.066557,exponential_5,900,300,rastrigin,9,0.000000,4.477284,1.989914,12.083679,177.726355
3,7.295407,5.322296,exponential_5,900,300,rastrigin,9,0.000000,7.151205,1.989918,12.081467,196.462800
3,7.295407,7.295407,exponential_5,900,300,rastrigin,9,0.994957,13.933748,25.371201,14.699615,200.785810
3,7.295407,10.000000,exponential_5,900,300,rastrigin,9,0.000000,9.016736,2.984877,14.704452,188.684805
3,8.541316,2.832683,exponential_5,900,300,rastrigin,9,0.000000,8.830183,2.984875,14.760071,175.179675
3,10.000000,0.585390,exponential_5,900,300,rastrigin,9,0.000000,1.741175,1.989914,5.779282,170.391205
3,8.541316,3.882831,exponential_5,900,300,rastrigin,9,0.000000,10.073868,13.431818,12.512835,130.328575
3,10.000000,0.802409,exponential_5,900,300,rastrigin,9,0.000000,1.803360,1.989914,9.576347,160.835220
3,10.000000,1.099883,exponential_5,900,300,rastrigin,9,0.000000,4.290733,1.989914,11.848569,159.633265
3,4.545940,1.099883,exponential_5,900,300,rastrigin,9,0.000000,1.989915,2.487392,7.956340,356.551965
3,8.541316,5.322296,exponential_5,900,300,rastrigin,9,0.994957,12.125957,24.873722,11.882326,123.151420
3,8.541316,7.295407,exponential_5,900,300,rastrigin,9,0.994957,13.618374,24.873722,13.887609,127.137555
3,8.541316,10.000000,exponential_5,900,300,rastrigin,9,0.000000,5.783150,1.492435,12.313680,168.249275
3,10.000000,2.066557,exponential_5,900,300,rastrigin,9,0.000000,10.695717,14.426781,13.081635,161.773560
3,10.000000,1.507637,exponential_5,900,300,rastrigin,9,0.000000,11.815030,24.873718,14.595336,160.429340
3,10.000000,5.322296,exponential_5,900,300,rastrigin,9,0.000000,16.478859,25.371254,11.502658,154.526690
3,10.000000,2.832683,exponential_5,900,300,rastrigin,9,0.000000,8.581451,1.989918,12.706031,107.789060
3,10.000000,7.295407,exponential_5,900,300,rastrigin,9,0.000000,14.551136,24.873722,12.178213,101.918235
3,10.000000,3.882831,exponential_5,900,300,rastrigin,9,0.000000,13.622822,24.873734,14.623959,104.776940
3,4.545940,5.322296,exponential_5,900,300,rastrigin,9,0.000000,11.752846,24.873730,12.252831,315.086850
3,5.322296,1.507637,exponential_5,900,300,rastrigin,9,0.994957,3.357968,1.989914,11.348090,321.531285
3,5.322296,5.322296,exponential_5,900,300,rastrigin,9,0.000000,5.596601,1.989914,12.299260,296.613600
3,5.322296,7.295407,exponential_5,900,300,rastrigin,9,0.000000,7.648682,2.984875,11.729440,293.150840
3,10.000000,10.000000,exponential_5,900,300,rastrigin,9,0.000000,6.031896,2.984875,12.150347,102.853040
3,4.545940,10.000000,exponential_5,900,300,rastrigin,9,0.000000,8.519258,2.487392,12.623878,315.252585
3,6.231237,2.066557,exponential_5,900,300,rastrigin,9,0.000000,7.275576,1.989918,17.420837,285.850700
3,6.231237,1.099883,exponential_5,900,300,rastrigin,9,0.000000,1.927731,1.989918,9.182221,301.998465
3,7.295407,1.507637,exponential_5,900,300,rastrigin,9,0.000000,6.094078,1.989922,12.035554,247.238420
3,4.545940,7.295407,exponential_5,900,300,rastrigin,9,0.000000,7.399945,1.989922,15.580024,325.354305
3,5.322296,2.066557,exponential_5,900,300,rastrigin,9,0.000000,11.815033,24.873722,11.996773,313.235825
3,4.545940,3.882831,exponential_5,900,300,rastrigin,9,0.000000,10.509165,13.929295,12.231652,334.749710
3,5.322296,2.832683,exponential_5,900,300,rastrigin,9,0.000000,8.457076,1.989916,12.469873,305.110360
3,5.322296,10.000000,exponential_5,900,300,rastrigin,9,0.000000,7.710867,2.984875,15.007306,294.851430
3,6.231237,0.802409,exponential_5,900,300,rastrigin,9,0.000000,2.798318,2.984871,9.582074,298.617600
3,7.295407,1.099883,exponential_5,900,300,rastrigin,9,0.000000,0.932772,0.994957,8.906183,268.874755
3,6.231237,2.832683,exponential_5,900,300,rastrigin,9,0.000000,4.352919,1.989914,11.325466,295.290315
3,7.295407,0.802409,exponential_5,900,300,rastrigin,9,0.000000,1.927730,1.989914,8.957587,266.070115
3,6.231237,7.295407,exponential_5,900,300,rastrigin,9,0.000000,13.058722,24.873718,14.659632,282.730140
3,6.231237,5.322296,exponential_5,900,300,rastrigin,9,0.000000,8.519258,2.487392,12.277867,296.043265
3,6.231237,3.882831,exponential_5,900,300,rastrigin,9,0.994957,12.312508,24.873718,12.036453,288.261755
3,7.295407,3.882831,exponential_5,900,300,rastrigin,9,0.000000,11.752845,24.873718,15.541358,211.994490
