n_leaders,a_factor,c_factor,convergence,population_size,num_iterations,objective,dimensionality,best_value,average_value_top_80,median_value,stddev_value,average_time_ms
3,0.500000,2.066557,linear,150,50,rastrigin,3,0.994957,2.363026,2.487398,2.320617,2.169865
3,0.500000,0.802409,linear,150,50,rastrigin,3,0.128441,3.337388,3.979877,2.444595,2.284075
3,0.500000,8.541316,linear,150,50,rastrigin,3,0.000000,0.000000,0.000000,0.397983,2.222510
3,0.500000,0.500000,linear,150,50,rastrigin,3,0.995998,3.987048,5.009287,3.365350,2.416805
3,0.500000,3.316448,linear,150,50,rastrigin,3,0.000000,1.243698,1.492437,0.860222,2.410750
3,0.500000,1.287720,linear,150,50,rastrigin,3,0.994957,2.498081,2.985159,1.727081,2.591565
3,0.500000,5.322296,linear,150,50,rastrigin,3,0.000000,0.684033,0.994957,0.665582,2.577125
3,0.585390,0.585390,linear,150,50,rastrigin,3,0.632620,3.416733,4.164695,2.308561,1.776460
3,0.585390,1.507637,linear,150,50,rastrigin,3,0.994957,2.240662,2.005877,2.000866,1.794885
3,0.500000,2.419483,linear,150,50,rastrigin,3,0.000000,1.430273,1.989916,2.467393,2.324180
3,0.500000,0.939444,linear,150,50,rastrigin,3,0.000010,2.699176,2.986506,2.359172,2.481760
3,0.585390,0.939444,linear,150,50,rastrigin,3,0.997368,3.550454,4.479712,2.692827,2.626275
3,0.585390,2.419483,linear,150,50,rastrigin,3,0.994957,1.865560,1.989916,2.741092,2.477265
3,0.500000,10.000000,linear,150,50,rastrigin,3,0.000000,0.062185,0.000000,0.553969,2.584385
3,0.585390,3.882831,linear,150,50,rastrigin,3,0.000000,0.684033,0.994957,1.188756,2.970475
3,0.500000,0.585390,linear,150,50,rastrigin,3,1.045425,4.523389,5.420264,2.858935,2.392365
3,0.585390,6.231237,linear,150,50,rastrigin,3,0.000000,0.186554,0.000000,0.580155,2.650510
3,0.585390,10.000000,linear,150,50,rastrigin,3,0.000000,0.000000,0.000000,0.000000,2.433720
3,0.500000,3.882831,linear,150,50,rastrigin,3,0.000000,0.621849,0.994957,1.018314,2.498365
3,0.500000,6.231237,linear,150,50,rastrigin,3,0.000000,0.435294,0.994957,0.937322,2.230650
3,0.500000,1.507637,linear,150,50,rastrigin,3,0.000000,3.857843,4.974791,3.257521,2.495970
3,0.585390,0.685363,linear,150,50,rastrigin,3,0.020798,2.827165,3.530065,2.648364,2.467805
3,0.585390,1.765111,linear,150,50,rastrigin,3,0.000000,2.425215,2.487398,2.208603,2.287795
3,0.500000,2.832683,linear,150,50,rastrigin,3,0.000000,1.243697,1.989915,1.723317,2.685055
3,0.685363,0.685363,linear,150,50,rastrigin,3,0.098343,3.216054,4.006274,2.428265,3.177415
3,0.500000,1.099883,linear,150,50,rastrigin,3,0.000191,2.274969,2.985468,2.755270,2.902710
3,0.500000,7.295407,linear,150,50,rastrigin,3,0.000000,0.310924,0.000000,0.731142,2.698130
3,0.585390,1.099883,linear,150,50,rastrigin,3,0.994959,3.237554,3.979885,3.314602,2.930300
3,0.585390,0.500000,linear,150,50,rastrigin,3,0.184772,3.547615,4.981418,3.569129,2.904635
3,0.500000,0.685363,linear,150,50,rastrigin,3,1.024948,3.722835,4.676560,3.202281,2.396320
3,0.500000,1.765111,linear,150,50,rastrigin,3,0.000074,1.557323,1.989918,2.143336,2.505920
3,0.585390,4.545940,linear,150,50,rastrigin,3,0.000000,0.497478,0.994957,0.569390,2.693355
3,0.685363,0.500000,linear,150,50,rastrigin,3,0.994963,5.391071,5.969819,3.532526,2.584850
3,0.685363,1.099883,linear,150,50,rastrigin,3,0.000000,2.300937,2.984879,3.519064,2.922895
3,0.685363,2.832683,linear,150,50,rastrigin,3,0.000000,0.746218,0.994957,1.416723,2.727740
3,0.585390,2.832683,linear,150,50,rastrigin,3,0.000000,1.057143,0.994959,1.631093,2.649110
3,0.685363,1.765111,linear,150,50,rastrigin,3,0.000000,1.492437,1.989916,1.702372,2.874945
3,0.585390,2.066557,linear,150,50,rastrigin,3,0.000000,1.305882,1.989915,1.253619,2.753955
3,0.585390,7.295407,linear,150,50,rastrigin,3,0.000000,0.186554,0.000000,0.474564,2.951540
3,0.500000,4.545940,linear,150,50,rastrigin,3,0.000000,0.497479,0.994957,0.744558,2.873075
3,0.685363,7.295407,linear,150,50,rastrigin,3,0.000000,0.000000,0.000000,0.397983,2.185420
3,0.685363,4.545940,linear,150,50,rastrigin,3,0.000000,0.373109,0.497478,0.659980,2.842825
3,0.585390,0.802409,linear,150,50,rastrigin,3,0.000168,3.959220,4.974798,3.314114,3.053200
3,0.802409,0.500000,linear,150,50,rastrigin,3,0.994961,3.129338,3.986301,2.945444,2.459730
3,0.585390,1.287720,linear,150,50,rastrigin,3,0.000011,2.363380,2.488701,2.857438,1.416460
3,0.802409,1.287720,linear,150,50,rastrigin,3,0.000000,1.678996,1.989918,1.976814,1.804895
3,0.685363,1.287720,linear,150,50,rastrigin,3,0.000000,2.052119,1.989948,2.794703,0.935665
3,0.685363,3.316448,linear,150,50,rastrigin,3,0.000000,0.621848,0.994957,1.269302,0.988625
3,0.802409,5.322296,linear,150,50,rastrigin,3,0.000000,0.373109,0.497478,0.497479,1.547140
3,0.939444,1.507637,linear,150,50,rastrigin,3,0.000000,1.057143,0.994960,3.022360,1.151645
3,0.802409,0.802409,linear,150,50,rastrigin,3,0.994957,2.371156,2.984876,1.745507,2.679355
3,0.802409,8.541316,linear,150,50,rastrigin,3,0.000000,0.000000,0.000000,0.355271,1.404585
3,0.802409,3.316448,linear,150,50,rastrigin,3,0.000000,0.746218,0.994957,1.116838,1.647760
3,0.685363,0.802409,linear,150,50,rastrigin,3,0.994959,2.489622,1.994259,1.820297,2.049840
3,0.685363,0.585390,linear,150,50,rastrigin,3,1.005732,4.208969,4.987261,2.701013,1.128145
3,0.585390,5.322296,linear,150,50,rastrigin,3,0.000000,0.559663,0.994957,0.619356,1.210760
3,0.802409,2.066557,linear,150,50,rastrigin,3,0.000000,0.932773,0.994957,1.315265,2.092505
3,0.939444,6.231237,linear,150,50,rastrigin,3,0.000000,0.000000,0.000000,0.355271,1.216670
3,0.585390,8.541316,linear,150,50,rastrigin,3,0.000000,0.124370,0.000000,0.455947,1.237260
3,0.939444,0.585390,linear,150,50,rastrigin,3,0.994957,2.495724,2.984911,1.867431,1.639145
3,0.939444,2.419483,linear,150,50,rastrigin,3,0.000000,0.621848,0.994957,0.915956,1.482160
3,0.685363,2.066557,linear,150,50,rastrigin,3,0.000000,1.368069,1.989916,1.475759,1.457050
3,0.585390,3.316448,linear,150,50,rastrigin,3,0.000000,0.559663,0.994957,0.744559,1.492530
3,0.685363,8.541316,linear,150,50,rastrigin,3,0.000000,0.000000,0.000000,0.355271,1.270135
3,0.939444,0.939444,linear,150,50,rastrigin,3,0.000000,2.239246,1.990847,2.652779,1.812050
3,0.685363,5.322296,linear,150,50,rastrigin,3,0.000000,0.186554,0.000000,0.580155,0.830105
3,0.802409,0.585390,linear,150,50,rastrigin,3,0.009726,3.122018,4.478272,2.784759,0.919665
3,0.939444,10.000000,linear,150,50,rastrigin,3,0.000000,0.000000,0.000000,0.000000,1.112010
3,0.802409,1.507637,linear,150,50,rastrigin,3,0.000000,1.370998,1.989917,1.521477,0.748310
3,1.099883,0.685363,linear,150,50,rastrigin,3,0.000139,2.177861,2.000418,2.790350,0.850325
3,0.685363,3.882831,linear,150,50,rastrigin,3,0.000000,0.559664,0.994957,1.537362,0.812870
3,0.939444,3.882831,linear,150,50,rastrigin,3,0.000000,0.497478,0.994957,1.154965,2.114680
3,0.685363,1.507637,linear,150,50,rastrigin,3,0.994957,2.549648,2.984875,1.612778,0.852985
3,0.802409,6.231237,linear,150,50,rastrigin,3,0.000000,0.062185,0.000000,0.722630,0.819605
3,0.939444,1.765111,linear,150,50,rastrigin,3,0.000000,1.181512,0.994957,1.550188,0.859520
3,0.802409,2.419483,linear,150,50,rastrigin,3,0.000000,0.870588,0.994957,1.084230,0.712255
3,0.685363,0.939444,linear,150,50,rastrigin,3,0.994957,2.366481,1.512279,3.582454,0.855690
3,0.802409,3.882831,linear,150,50,rastrigin,3,0.000000,0.373109,0.497478,0.586519,0.902770
3,1.099883,1.099883,linear,150,50,rastrigin,3,0.000000,1.119328,0.994966,1.277124,0.880335
3,1.099883,2.832683,linear,150,50,rastrigin,3,0.000000,0.310924,0.000000,0.911893,0.855875
3,0.802409,0.939444,linear,150,50,rastrigin,3,0.000000,2.178881,2.505227,2.199196,1.084535
3,1.099883,1.765111,linear,150,50,rastrigin,3,0.000000,0.932773,0.994957,0.569391,0.933910
3,0.802409,10.000000,linear,150,50,rastrigin,3,0.000000,0.000000,0.000000,0.216846,1.056535
3,1.287720,0.500000,linear,150,50,rastrigin,3,0.000221,2.056021,1.990398,2.161381,0.864735
3,1.099883,4.545940,linear,150,50,rastrigin,3,0.000000,0.000000,0.000000,0.397983,1.005805
3,0.939444,7.295407,linear,150,50,rastrigin,3,0.000000,0.000000,0.000000,0.355271,0.810095
3,1.099883,7.295407,linear,150,50,rastrigin,3,0.000000,0.000000,0.000000,0.216846,1.123685
3,0.939444,0.685363,linear,150,50,rastrigin,3,0.000021,2.622978,2.985435,3.338776,0.818245
3,0.939444,2.832683,linear,150,50,rastrigin,3,0.000000,0.497479,0.994957,0.922686,0.837355
3,0.685363,2.419483,linear,150,50,rastrigin,3,0.000000,0.994958,0.994957,1.607403,0.842460
3,0.802409,1.765111,linear,150,50,rastrigin,3,0.000000,1.057143,0.994958,1.652948,0.931085
3,1.287720,1.287720,linear,150,50,rastrigin,3,0.000000,0.684033,0.994957,1.130055,0.813080
3,0.939444,1.099883,linear,150,50,rastrigin,3,0.000000,1.181515,0.994959,2.213079,0.690600
3,0.685363,10.000000,linear,150,50,rastrigin,3,0.000000,0.000000,0.000000,0.397983,1.048540
3,1.099883,0.500000,linear,150,50,rastrigin,3,0.000105,2.175517,2.984965,1.898255,0.886365
3,0.939444,4.545940,linear,150,50,rastrigin,3,0.000000,0.186554,0.000000,0.474564,0.859275
3,1.287720,3.316448,linear,150,50,rastrigin,3,0.000000,0.124370,0.000000,0.455947,0.832395
3,0.685363,6.231237,linear,150,50,rastrigin,3,0.000000,0.186554,0.000000,0.474564,1.046430
3,0.802409,2.832683,linear,150,50,rastrigin,3,0.000000,0.684033,0.994957,0.736202,0.689490
3,1.287720,0.802409,linear,150,50,rastrigin,3,0.000000,1.865820,1.989918,2.751389,0.921735
3,0.939444,2.066557,linear,150,50,rastrigin,3,0.000000,0.435294,0.994957,1.085371,0.770190
3,1.287720,2.066557,linear,150,50,rastrigin,3,0.000000,0.621848,0.994957,0.696470,0.913790
3,1.099883,0.802409,linear,150,50,rastrigin,3,0.000687,1.991018,1.989924,1.423312,0.960700
3,0.802409,0.685363,linear,150,50,rastrigin,3,0.994995,3.763235,4.975060,2.671034,1.059225
3,1.287720,5.322296,linear,150,50,rastrigin,3,0.000000,0.000000,0.000000,0.298487,1.005210
3,1.099883,3.316448,linear,150,50,rastrigin,3,0.000000,0.248739,0.000000,0.487428,0.967760
3,1.099883,5.322296,linear,150,50,rastrigin,3,0.000000,0.000000,0.000000,0.397983,1.163150
3,0.939444,3.316448,linear,150,50,rastrigin,3,0.000000,0.435294,0.994957,0.937322,1.033120
3,1.099883,1.287720,linear,150,50,rastrigin,3,0.000000,1.678992,1.989916,1.544590,1.036045
3,1.099883,2.066557,linear,150,50,rastrigin,3,0.000000,0.435294,0.994957,0.650538,0.957720
3,0.802409,1.099883,linear,150,50,rastrigin,3,0.000000,1.989935,2.487446,2.140316,1.022620
3,0.802409,7.295407,linear,150,50,rastrigin,3,0.000000,0.000000,0.000000,0.298487,0.805385
3,0.939444,0.500000,linear,150,50,rastrigin,3,0.994959,3.203653,3.980073,3.470232,0.985630
3,0.939444,1.287720,linear,150,50,rastrigin,3,0.000000,1.430253,1.492438,1.702367,0.711350
3,1.287720,0.585390,linear,150,50,rastrigin,3,0.000000,2.673951,2.984877,1.485091,0.982185
3,1.099883,8.541316,linear,150,50,rastrigin,3,0.000000,0.000000,0.000000,0.216846,0.913095
3,0.939444,8.541316,linear,150,50,rastrigin,3,0.000000,0.000000,0.000000,0.397983,0.981375
3,1.507637,0.585390,linear,150,50,rastrigin,3,0.000000,2.363606,1.994556,2.147559,0.874075
3,1.287720,1.507637,linear,150,50,rastrigin,3,0.000000,0.746218,0.994957,1.253607,0.944120
3,1.287720,8.541316,linear,150,50,rastrigin,3,0.000000,0.000000,0.000000,0.298487,1.017075
3,0.939444,0.802409,linear,150,50,rastrigin,3,0.000000,1.990801,1.990194,1.910977,1.038145
3,0.802409,4.545940,linear,150,50,rastrigin,3,0.000000,0.124370,0.000000,0.659981,1.049595
3,1.507637,0.939444,linear,150,50,rastrigin,3,0.000000,1.181513,1.989914,1.437533,0.853880
3,1.287720,3.882831,linear,150,50,rastrigin,3,0.000000,0.062185,0.000000,0.430829,0.704100
3,1.507637,2.419483,linear,150,50,rastrigin,3,0.000000,0.373109,0.497478,0.586519,0.796255
3,0.939444,5.322296,linear,150,50,rastrigin,3,0.000000,0.062185,0.000000,0.430829,0.871175
3,1.099883,0.585390,linear,150,50,rastrigin,3,0.994957,2.673999,2.984876,2.049250,0.998425
3,1.099883,1.507637,linear,150,50,rastrigin,3,0.000000,1.119327,1.492437,1.237713,0.928150
3,1.287720,0.939444,linear,150,50,rastrigin,3,0.994959,2.425210,1.989918,1.458046,0.857615
3,1.507637,3.882831,linear,150,50,rastrigin,3,0.000000,0.000000,0.000000,0.355271,0.730405
3,1.287720,2.419483,linear,150,50,rastrigin,3,0.000000,0.497478,0.994957,0.487427,0.746150
3,1.507637,10.000000,linear,150,50,rastrigin,3,0.000000,0.000000,0.000000,0.298487,0.823030
3,1.099883,0.939444,linear,150,50,rastrigin,3,0.000000,1.803382,1.989918,2.045709,0.928095
3,1.507637,6.231237,linear,150,50,rastrigin,3,0.000000,0.000000,0.000000,0.298487,1.008150
3,1.765111,0.685363,linear,150,50,rastrigin,3,0.000000,1.492437,1.989916,1.682626,0.917345
3,1.765111,1.099883,linear,150,50,rastrigin,3,0.000000,0.559663,0.994957,0.968488,0.950745
3,1.099883,3.882831,linear,150,50,rastrigin,3,0.000000,0.186554,0.000000,0.474564,0.871395
3,1.507637,1.507637,linear,150,50,rastrigin,3,0.000000,1.492436,0.994958,2.506718,0.707395
3,1.287720,6.231237,linear,150,50,rastrigin,3,0.000000,0.000000,0.000000,0.298487,0.909935
3,1.765111,1.765111,linear,150,50,rastrigin,3,0.000000,0.248739,0.000000,0.487427,0.968810
3,1.765111,2.832683,linear,150,50,rastrigin,3,0.000000,0.000000,0.000000,0.355271,0.901045
3,1.099883,6.231237,linear,150,50,rastrigin,3,0.000000,0.000000,0.000000,0.216846,0.971765
3,1.765111,4.545940,linear,150,50,rastrigin,3,0.000000,0.000000,0.000000,0.000000,0.789785
3,1.765111,7.295407,linear,150,50,rastrigin,3,0.000000,0.124370,0.000000,0.455947,0.868160
3,1.099883,2.419483,linear,150,50,rastrigin,3,0.000000,0.559664,0.994957,1.154965,0.941325
3,2.066557,1.287720,linear,150,50,rastrigin,3,0.000000,0.621848,0.994957,0.596974,0.719150
3,1.287720,0.685363,linear,150,50,rastrigin,3,0.000000,1.990309,1.989939,1.857979,0.866240
3,2.066557,0.500000,linear,150,50,rastrigin,3,0.000000,1.803364,1.989918,1.820408,0.987230
3,1.287720,1.099883,linear,150,50,rastrigin,3,0.994957,1.492437,1.492438,1.804004,1.003945
3,1.099883,10.000000,linear,150,50,rastrigin,3,0.000000,0.000000,0.000000,0.355271,1.009875
3,1.287720,1.765111,linear,150,50,rastrigin,3,0.000000,0.621848,0.994957,0.943900,0.780495
3,1.287720,10.000000,linear,150,50,rastrigin,3,0.000000,0.000000,0.000000,0.000000,0.804125
3,1.507637,2.832683,linear,150,50,rastrigin,3,0.000000,0.186554,0.000000,0.665581,0.810635
3,1.287720,4.545940,linear,150,50,rastrigin,3,0.000000,0.000000,0.000000,0.355271,0.835195
3,1.765111,0.500000,linear,150,50,rastrigin,3,0.000000,2.798320,3.482354,2.122569,1.077025
3,2.066557,3.316448,linear,150,50,rastrigin,3,0.000000,0.000000,0.000000,0.298487,0.918720
3,2.066557,0.802409,linear,150,50,rastrigin,3,0.000000,0.870588,0.994958,1.763070,0.721255
3,1.287720,7.295407,linear,150,50,rastrigin,3,0.000000,0.000000,0.000000,0.000000,0.970485
3,1.507637,4.545940,linear,150,50,rastrigin,3,0.000000,0.000000,0.000000,0.298487,0.910985
3,2.066557,8.541316,linear,150,50,rastrigin,3,0.000000,0.000001,0.000000,0.355271,0.967920
3,2.066557,2.066557,linear,150,50,rastrigin,3,0.000000,0.000000,0.000000,0.533486,1.148375
3,2.419483,0.585390,linear,150,50,rastrigin,3,0.000000,0.994958,0.994957,1.277078,1.077900
3,1.507637,0.685363,linear,150,50,rastrigin,3,0.000000,2.052127,1.989922,2.394097,0.811450
3,2.419483,0.939444,linear,150,50,rastrigin,3,0.000000,0.497479,0.994957,1.065813,0.773310
3,1.287720,2.832683,linear,150,50,rastrigin,3,0.000000,0.248739,0.000000,0.487428,1.068325
3,2.066557,5.322296,linear,150,50,rastrigin,3,0.000000,0.000000,0.000000,0.216846,1.307345
3,1.765111,0.802409,linear,150,50,rastrigin,3,0.000000,1.119328,0.994959,2.279188,0.851675
3,1.765111,1.287720,linear,150,50,rastrigin,3,0.000000,0.435294,0.994957,0.580155,0.877550
3,2.419483,1.507637,linear,150,50,rastrigin,3,0.000000,0.497478,0.994957,0.569390,0.871175
3,1.507637,1.765111,linear,150,50,rastrigin,3,0.000000,0.310924,0.000000,0.731142,0.877140
3,1.507637,7.295407,linear,150,50,rastrigin,3,0.000000,0.000000,0.000000,0.298487,1.077185
3,1.507637,1.099883,linear,150,50,rastrigin,3,0.000000,1.181513,1.492437,1.392941,0.845495
3,1.765111,3.316448,linear,150,50,rastrigin,3,0.000000,0.000000,0.000000,0.298487,0.882035
3,1.765111,8.541316,linear,150,50,rastrigin,3,0.000000,0.248739,0.000000,0.487428,0.851725
3,1.765111,2.066557,linear,150,50,rastrigin,3,0.000000,0.062185,0.000000,0.430829,0.971340
3,2.419483,3.882831,linear,150,50,rastrigin,3,0.000000,0.000000,0.000000,0.000000,0.856295
3,1.765111,5.322296,linear,150,50,rastrigin,3,0.000000,0.000000,0.000000,0.298487,0.887905
3,2.066557,1.507637,linear,150,50,rastrigin,3,0.000000,0.310924,0.000000,0.588625,0.857145
3,2.419483,2.419483,linear,150,50,rastrigin,3,0.000000,0.000000,0.000000,0.355271,1.074785
3,2.066557,0.585390,linear,150,50,rastrigin,3,0.000000,1.243698,1.492436,1.330235,0.906335
3,2.832683,1.099883,linear,150,50,rastrigin,3,0.000000,0.373109,0.497478,0.497479,0.832565
3,2.832683,0.685363,linear,150,50,rastrigin,3,0.000000,0.994958,0.994957,0.762622,0.866240
3,2.419483,10.000000,linear,150,50,rastrigin,3,0.000000,0.186782,0.000128,0.580053,1.074085
3,1.507637,0.500000,linear,150,50,rastrigin,3,0.001240,2.985706,2.987082,2.981362,0.863110
3,2.832683,1.765111,linear,150,50,rastrigin,3,0.000000,0.000000,0.000000,0.533486,0.780705
3,2.419483,6.231237,linear,150,50,rastrigin,3,0.000000,0.000000,0.000000,0.397983,1.249390
3,1.507637,3.316448,linear,150,50,rastrigin,3,0.000000,0.000000,0.000000,0.397983,0.984610
3,1.765111,0.585390,linear,150,50,rastrigin,3,0.000000,1.865556,1.989951,2.372819,0.868095
3,2.066557,0.939444,linear,150,50,rastrigin,3,0.000000,0.808403,0.994957,1.116838,0.909700
3,1.507637,5.322296,linear,150,50,rastrigin,3,0.000000,0.000000,0.000000,0.298487,0.759260
3,2.066557,3.882831,linear,150,50,rastrigin,3,0.000000,0.000000,0.000000,0.000000,0.998800
3,2.832683,2.832683,linear,150,50,rastrigin,3,0.000000,0.000000,0.000000,0.216846,0.894285
3,2.066557,2.419483,linear,150,50,rastrigin,3,0.000000,0.000000,0.000000,0.397983,0.806380
3,2.419483,0.685363,linear,150,50,rastrigin,3,0.000000,1.243698,0.994959,1.556560,0.850395
3,2.066557,10.000000,linear,150,50,rastrigin,3,0.000000,0.124422,0.000008,0.455929,0.953145
3,2.419483,1.099883,linear,150,50,rastrigin,3,0.000000,0.373109,0.497478,0.838366,0.891675
3,2.832683,4.545940,linear,150,50,rastrigin,3,0.000000,0.000000,0.000000,0.216846,0.886910
3,1.507637,0.802409,linear,150,50,rastrigin,3,0.994957,1.679249,1.989917,1.445218,0.984685
3,2.066557,6.231237,linear,150,50,rastrigin,3,0.000000,0.000000,0.000000,0.355271,0.860075
3,1.765111,1.507637,linear,150,50,rastrigin,3,0.000000,0.435294,0.994957,0.650538,0.845240
3,2.419483,1.765111,linear,150,50,rastrigin,3,0.000000,0.186554,0.000000,0.580155,0.860290
3,1.765111,0.939444,linear,150,50,rastrigin,3,0.000000,0.994958,0.994957,1.690697,0.964025
3,1.507637,2.066557,linear,150,50,rastrigin,3,0.000000,0.186554,0.000000,0.968488,0.820865
3,1.507637,1.287720,linear,150,50,rastrigin,3,0.000000,0.994957,0.994957,1.102339,0.887105
3,1.507637,8.541316,linear,150,50,rastrigin,3,0.000000,0.000000,0.000000,0.355271,0.962435
3,1.765111,3.882831,linear,150,50,rastrigin,3,0.000000,0.000000,0.000000,0.397983,0.972030
3,1.765111,2.419483,linear,150,50,rastrigin,3,0.000000,0.000000,0.000000,0.397983,0.882395
3,2.419483,2.832683,linear,150,50,rastrigin,3,0.000000,0.000000,0.000000,0.000000,0.806275
3,1.765111,10.000000,linear,150,50,rastrigin,3,0.000000,0.062185,0.000000,0.430829,1.037470
3,1.765111,6.231237,linear,150,50,rastrigin,3,0.000000,0.000000,0.000000,0.474565,0.909395
3,2.419483,4.545940,linear,150,50,rastrigin,3,0.000000,0.000000,0.000000,0.216846,0.956720
3,2.066557,2.832683,linear,150,50,rastrigin,3,0.000000,0.000000,0.000000,0.216846,0.933405
3,2.066557,0.685363,linear,150,50,rastrigin,3,0.000000,1.430252,0.994962,2.163318,0.885495
3,2.419483,1.287720,linear,150,50,rastrigin,3,0.000000,0.373109,0.497478,0.586519,0.965945
3,2.832683,2.066557,linear,150,50,rastrigin,3,0.000000,0.000000,0.000000,0.397983,0.730445
3,2.832683,5.322296,linear,150,50,rastrigin,3,0.000000,0.000000,0.000000,0.355271,0.986310
3,3.316448,2.066557,linear,150,50,rastrigin,3,0.000000,0.000000,0.000000,0.397983,0.980630
3,2.832683,7.295407,linear,150,50,rastrigin,3,0.000000,0.062206,0.000001,0.430829,0.931280
3,3.316448,0.500000,linear,150,50,rastrigin,3,0.000000,1.181512,1.989914,1.301076,0.792505
3,3.316448,0.802409,linear,150,50,rastrigin,3,0.000000,0.684033,0.994957,1.065813,0.928465
3,2.419483,7.295407,linear,150,50,rastrigin,3,0.000000,0.000001,0.000000,0.355271,1.012560
3,3.882831,0.585390,linear,150,50,rastrigin,3,0.000000,0.870588,0.994957,1.352374,0.895090
3,2.832683,3.316448,linear,150,50,rastrigin,3,0.000000,0.000000,0.000000,0.298487,0.812615
3,3.316448,1.287720,linear,150,50,rastrigin,3,0.000000,0.373109,0.497478,0.586519,0.895525
3,2.066557,1.765111,linear,150,50,rastrigin,3,0.000000,0.684033,0.994957,0.569391,0.789225
3,2.066557,4.545940,linear,150,50,rastrigin,3,0.000000,0.000000,0.000000,0.433693,0.938615
3,2.832683,1.287720,linear,150,50,rastrigin,3,0.000000,0.621848,0.994957,0.455947,0.868540
3,2.832683,0.500000,linear,150,50,rastrigin,3,0.000000,0.994959,0.994959,1.237713,0.877140
3,2.419483,0.500000,linear,150,50,rastrigin,3,0.000000,2.238659,2.984876,1.989915,0.941310
3,2.832683,0.802409,linear,150,50,rastrigin,3,0.000000,0.559664,0.994957,0.788155,0.901640
3,2.419483,0.802409,linear,150,50,rastrigin,3,0.000000,1.119327,1.492436,1.112396,1.035610
3,2.066557,1.099883,linear,150,50,rastrigin,3,0.000000,0.559664,0.994957,1.504822,0.735260
3,3.316448,3.316448,linear,150,50,rastrigin,3,0.000000,0.000000,0.000000,0.216846,0.970115
3,3.316448,5.322296,linear,150,50,rastrigin,3,0.000000,0.000000,0.000000,0.507331,0.970080
3,2.066557,7.295407,linear,150,50,rastrigin,3,0.000000,0.000000,0.000000,0.355271,1.129285
3,2.419483,2.066557,linear,150,50,rastrigin,3,0.000000,0.248739,0.000000,0.487427,1.044085
3,3.882831,1.507637,linear,150,50,rastrigin,3,0.000000,0.000000,0.000000,0.216846,0.899130
3,3.882831,0.939444,linear,150,50,rastrigin,3,0.000000,0.000000,0.000000,0.397983,1.027050
3,3.316448,8.541316,linear,150,50,rastrigin,3,0.000008,0.439135,0.994966,0.577814,1.098170
3,3.882831,3.882831,linear,150,50,rastrigin,3,0.000000,0.000000,0.000000,0.298487,0.854125
3,2.419483,3.316448,linear,150,50,rastrigin,3,0.000000,0.000000,0.000000,0.298487,0.920495
3,3.882831,10.000000,linear,150,50,rastrigin,3,0.000767,0.585424,0.998008,0.715607,0.809110
3,2.419483,5.322296,linear,150,50,rastrigin,3,0.000000,0.000000,0.000000,0.355271,0.952080
3,2.832683,6.231237,linear,150,50,rastrigin,3,0.000000,0.062185,0.000000,0.430830,0.815610
3,3.882831,6.231237,linear,150,50,rastrigin,3,0.000000,0.063264,0.000040,0.430507,1.039100
3,4.545940,0.685363,linear,150,50,rastrigin,3,0.000000,0.559663,0.994957,0.938641,0.919805
3,3.882831,2.419483,linear,150,50,rastrigin,3,0.000000,0.000000,0.000000,0.298487,1.134180
3,2.832683,8.541316,linear,150,50,rastrigin,3,0.000000,0.187436,0.000405,0.474088,0.865550
3,4.545940,1.099883,linear,150,50,rastrigin,3,0.000000,0.248739,0.000000,0.586519,1.072470
3,2.832683,2.419483,linear,150,50,rastrigin,3,0.000000,0.000000,0.000000,0.216846,1.063570
3,3.316448,0.585390,linear,150,50,rastrigin,3,0.000000,0.746218,0.994957,0.884338,0.900460
3,3.316448,0.939444,linear,150,50,rastrigin,3,0.000000,0.497478,0.994957,0.569391,0.862150
3,3.882831,0.685363,linear,150,50,rastrigin,3,0.000000,0.559663,0.994957,1.089922,0.853260
3,3.316448,1.507637,linear,150,50,rastrigin,3,0.000000,0.000000,0.000000,0.355271,0.759395
3,3.316448,2.419483,linear,150,50,rastrigin,3,0.000000,0.000000,0.000000,0.216846,1.255610
3,2.832683,3.882831,linear,150,50,rastrigin,3,0.000000,0.000000,0.000000,0.000000,0.942200
3,2.419483,8.541316,linear,150,50,rastrigin,3,0.000000,0.000009,0.000002,0.298486,1.143780
3,4.545940,1.765111,linear,150,50,rastrigin,3,0.000000,0.000000,0.000000,0.507331,0.922525
3,4.545940,2.832683,linear,150,50,rastrigin,3,0.000000,0.000000,0.000000,0.355271,1.053015
3,2.832683,0.585390,linear,150,50,rastrigin,3,0.000000,1.492437,1.989916,1.472403,1.039370
3,5.322296,0.500000,linear,150,50,rastrigin,3,0.000000,0.559664,0.994957,0.674813,1.010585
3,5.322296,0.802409,linear,150,50,rastrigin,3,0.000000,0.124370,0.000000,0.455947,0.805040
3,4.545940,4.545940,linear,150,50,rastrigin,3,0.000000,0.186693,0.000123,0.580082,1.087180
3,3.316448,3.882831,linear,150,50,rastrigin,3,0.000000,0.000000,0.000000,0.355271,1.058820
3,3.316448,6.231237,linear,150,50,rastrigin,3,0.000000,0.186567,0.000008,0.580170,1.045085
3,5.322296,1.287720,linear,150,50,rastrigin,3,0.000000,0.000000,0.000000,0.298487,0.902895
3,2.832683,1.507637,linear,150,50,rastrigin,3,0.000000,0.062185,0.000000,0.553969,1.287140
3,4.545940,7.295407,linear,150,50,rastrigin,3,0.000153,0.504400,0.995101,0.564726,1.182655
3,2.832683,0.939444,linear,150,50,rastrigin,3,0.000000,0.746218,0.994957,0.770691,1.236175
3,3.316448,0.685363,linear,150,50,rastrigin,3,0.000000,0.746218,0.994957,1.116837,0.940355
3,3.882831,1.765111,linear,150,50,rastrigin,3,0.000000,0.000000,0.000000,0.216846,1.100160
3,3.316448,10.000000,linear,150,50,rastrigin,3,0.000246,0.505956,0.995119,0.697509,0.869105
3,5.322296,2.066557,linear,150,50,rastrigin,3,0.000000,0.000000,0.000000,0.216846,1.079835
3,5.322296,5.322296,linear,150,50,rastrigin,3,0.000002,0.258548,0.020042,0.482429,0.838610
3,4.545940,0.802409,linear,150,50,rastrigin,3,0.000000,0.310924,0.000000,0.788155,0.921925
3,3.882831,7.295407,linear,150,50,rastrigin,3,0.000013,0.251231,0.007593,0.486023,0.951730
3,5.322296,3.316448,linear,150,50,rastrigin,3,0.000000,0.000003,0.000000,0.397983,0.992650
3,3.882831,4.545940,linear,150,50,rastrigin,3,0.000000,0.000001,0.000000,0.397983,1.432120
3,4.545940,1.287720,linear,150,50,rastrigin,3,0.000000,0.000000,0.000000,0.355271,0.853875
3,2.832683,10.000000,linear,150,50,rastrigin,3,0.000063,0.313260,0.008264,0.587232,0.891865
3,3.882831,1.099883,linear,150,50,rastrigin,3,0.000000,0.248739,0.000000,0.487428,0.902485
3,4.545940,2.066557,linear,150,50,rastrigin,3,0.000000,0.000000,0.000000,0.216846,0.770960
3,3.316448,1.765111,linear,150,50,rastrigin,3,0.000000,0.062185,0.000000,0.430829,0.858260
3,3.882831,0.802409,linear,150,50,rastrigin,3,0.000000,0.684033,0.994957,0.569391,0.937920
3,6.231237,0.939444,linear,150,50,rastrigin,3,0.000000,0.000000,0.000000,0.397983,1.296030
3,6.231237,0.585390,linear,150,50,rastrigin,3,0.000000,0.497478,0.994957,0.569391,0.877105
3,5.322296,8.541316,linear,150,50,rastrigin,3,0.005899,0.875157,1.046994,0.868013,1.118865
3,3.316448,1.099883,linear,150,50,rastrigin,3,0.000000,0.062185,0.000000,0.553969,1.056855
3,3.316448,2.832683,linear,150,50,rastrigin,3,0.000000,0.000000,0.000000,0.298487,0.973825
3,4.545940,5.322296,linear,150,50,rastrigin,3,0.000000,0.311461,0.004006,0.592054,1.371275
3,4.545940,0.500000,linear,150,50,rastrigin,3,0.000000,0.808403,0.994957,0.826474,1.004255
3,5.322296,0.585390,linear,150,50,rastrigin,3,0.000000,0.684033,0.994957,1.242702,0.812525
3,3.882831,2.832683,linear,150,50,rastrigin,3,0.000000,0.000000,0.000000,0.355271,0.793215
3,4.545940,1.507637,linear,150,50,rastrigin,3,0.000000,0.000000,0.000000,0.355271,0.917735
3,6.231237,1.507637,linear,150,50,rastrigin,3,0.000000,0.000000,0.000000,0.298487,0.962620
3,4.545940,3.316448,linear,150,50,rastrigin,3,0.000000,0.000000,0.000000,0.355271,1.010250
3,4.545940,8.541316,linear,150,50,rastrigin,3,0.002054,0.648976,0.997353,0.901387,0.861590
3,6.231237,2.419483,linear,150,50,rastrigin,3,0.000000,0.000000,0.000000,0.298487,0.931440
3,5.322296,0.939444,linear,150,50,rastrigin,3,0.000000,0.062185,0.000000,0.430829,1.155330
3,3.882831,0.500000,linear,150,50,rastrigin,3,0.000000,0.870588,0.994958,2.324879,0.852260
3,5.322296,1.507637,linear,150,50,rastrigin,3,0.000000,0.000000,0.000000,0.216846,0.968240
3,3.316448,7.295407,linear,150,50,rastrigin,3,0.000000,0.125152,0.000179,0.569013,1.146625
3,6.231237,10.000000,linear,150,50,rastrigin,3,0.033098,0.991492,1.143268,0.836690,0.859460
3,3.882831,2.066557,linear,150,50,rastrigin,3,0.000000,0.000000,0.000000,0.355271,0.924195
3,6.231237,3.882831,linear,150,50,rastrigin,3,0.000000,0.124990,0.000195,0.569183,0.992150
3,6.231237,6.231237,linear,150,50,rastrigin,3,0.001186,0.429072,0.683957,0.643976,1.196065
3,5.322296,2.419483,linear,150,50,rastrigin,3,0.000000,0.000000,0.000000,0.355271,1.091370
3,5.322296,6.231237,linear,150,50,rastrigin,3,0.000103,0.441300,0.995013,0.578018,1.061455
3,3.882831,8.541316,linear,150,50,rastrigin,3,0.000038,0.255251,0.012511,0.587066,0.828330
3,4.545940,0.939444,linear,150,50,rastrigin,3,0.000000,0.062185,0.000000,0.553969,0.996600
3,5.322296,3.882831,linear,150,50,rastrigin,3,0.000000,0.000002,0.000000,0.474564,1.031955
3,4.545940,2.419483,linear,150,50,rastrigin,3,0.000000,0.000000,0.000000,0.216846,0.791145
3,3.882831,5.322296,linear,150,50,rastrigin,3,0.000000,0.000043,0.000000,0.355179,0.949465
3,3.882831,1.287720,linear,150,50,rastrigin,3,0.000000,0.124370,0.000000,0.455947,0.848795
3,6.231237,1.099883,linear,150,50,rastrigin,3,0.000000,0.000000,0.000000,0.355271,0.849310
3,6.231237,0.685363,linear,150,50,rastrigin,3,0.000000,0.186554,0.000000,0.580155,0.856600
3,5.322296,10.000000,linear,150,50,rastrigin,3,0.006939,0.828042,1.084871,0.726143,0.850995
3,8.541316,0.500000,linear,150,50,rastrigin,3,0.000000,0.186554,0.000000,0.474564,0.957060
3,3.316448,4.545940,linear,150,50,rastrigin,3,0.000000,0.000000,0.000000,0.298487,0.988525
3,7.295407,1.765111,linear,150,50,rastrigin,3,0.000000,0.000000,0.000000,0.216846,0.992915
3,7.295407,1.099883,linear,150,50,rastrigin,3,0.000000,0.000000,0.000000,0.355271,1.009635
3,7.295407,2.832683,linear,150,50,rastrigin,3,0.000000,0.311205,0.002177,0.494787,0.967195
3,4.545940,0.585390,linear,150,50,rastrigin,3,0.000000,0.373109,0.497478,0.722630,0.739785
3,7.295407,4.545940,linear,150,50,rastrigin,3,0.000076,0.253419,0.007789,0.488773,1.086070
3,4.545940,6.231237,linear,150,50,rastrigin,3,0.000004,0.192033,0.011549,0.577245,1.128250
3,3.882831,3.316448,linear,150,50,rastrigin,3,0.000000,0.000000,0.000000,0.000000,1.033270
3,5.322296,0.685363,linear,150,50,rastrigin,3,0.000000,0.373109,0.497478,0.586519,1.114795
3,6.231237,2.832683,linear,150,50,rastrigin,3,0.000000,0.000001,0.000000,0.355270,0.819330
3,8.541316,0.802409,linear,150,50,rastrigin,3,0.000000,0.000000,0.000000,0.216846,0.750015
3,7.295407,0.685363,linear,150,50,rastrigin,3,0.000000,0.000000,0.000000,0.298487,0.828020
3,6.231237,1.765111,linear,150,50,rastrigin,3,0.000000,0.000000,0.000000,0.397983,0.955915
3,7.295407,7.295407,linear,150,50,rastrigin,3,0.038376,1.035682,1.211617,1.181024,0.973265
3,4.545940,3.882831,linear,150,50,rastrigin,3,0.000000,0.000000,0.000000,0.298487,0.937130
3,7.295407,0.500000,linear,150,50,rastrigin,3,0.000000,0.310924,0.000000,0.911894,0.870435
3,4.545940,10.000000,linear,150,50,rastrigin,3,0.001635,0.515189,1.008121,0.862156,1.033170
3,5.322296,1.099883,linear,150,50,rastrigin,3,0.000000,0.000000,0.000000,0.355271,1.023105
3,5.322296,1.765111,linear,150,50,rastrigin,3,0.000000,0.000000,0.000000,0.298487,1.050615
3,5.322296,2.832683,linear,150,50,rastrigin,3,0.000000,0.000000,0.000000,0.216846,0.873810
3,8.541316,1.287720,linear,150,50,rastrigin,3,0.000000,0.000000,0.000000,0.298487,1.020755
3,6.231237,7.295407,linear,150,50,rastrigin,3,0.001343,0.769359,1.020351,0.470684,1.025645
3,6.231237,4.545940,linear,150,50,rastrigin,3,0.000000,0.437343,0.994978,0.579882,1.059570
3,8.541316,2.066557,linear,150,50,rastrigin,3,0.000000,0.000000,0.000000,0.397983,0.985150
3,10.000000,1.507637,linear,150,50,rastrigin,3,0.000000,0.000000,0.000000,0.298487,1.304820
3,8.541316,5.322296,linear,150,50,rastrigin,3,0.007631,0.477577,0.998697,0.788410,0.813305
3,6.231237,0.500000,linear,150,50,rastrigin,3,0.000000,0.621848,0.994957,0.596975,0.777515
3,8.541316,3.316448,linear,150,50,rastrigin,3,0.000029,0.561343,0.995025,0.825173,1.004605
3,6.231237,1.287720,linear,150,50,rastrigin,3,0.000000,0.000000,0.000000,0.298487,0.874515
3,6.231237,0.802409,linear,150,50,rastrigin,3,0.000000,0.000000,0.000000,0.397983,0.879165
3,5.322296,4.545940,linear,150,50,rastrigin,3,0.000000,0.125063,0.000345,0.659660,1.044750
3,8.541316,8.541316,linear,150,50,rastrigin,3,0.109715,1.661611,2.097928,1.732385,1.039765
3,10.000000,0.585390,linear,150,50,rastrigin,3,0.000000,0.000000,0.000000,0.216846,1.061010
3,10.000000,10.000000,linear,150,50,rastrigin,3,1.649940,2.817156,3.264893,1.449708,1.057720
3,10.000000,0.939444,linear,150,50,rastrigin,3,0.000000,0.000000,0.000000,0.000000,1.024890
3,7.295407,1.287720,linear,150,50,rastrigin,3,0.000000,0.000000,0.000000,0.216846,0.941200
3,7.295407,3.316448,linear,150,50,rastrigin,3,0.000000,0.311170,0.001431,0.665460,0.916680
3,7.295407,2.066557,linear,150,50,rastrigin,3,0.000000,0.000001,0.000000,0.397983,1.062385
3,5.322296,7.295407,linear,150,50,rastrigin,3,0.000090,0.676846,0.997898,0.553637,0.946080
3,7.295407,5.322296,linear,150,50,rastrigin,3,0.001440,0.573657,0.997025,0.727275,0.924965
3,10.000000,6.231237,linear,150,50,rastrigin,3,0.015179,1.429006,1.802334,1.115619,0.809435
3,10.000000,3.882831,linear,150,50,rastrigin,3,0.001444,0.590946,1.003419,0.607361,1.055055
3,6.231237,8.541316,linear,150,50,rastrigin,3,0.007473,1.106930,1.061396,0.794260,1.157285
3,7.295407,0.802409,linear,150,50,rastrigin,3,0.000000,0.000000,0.000000,0.216846,0.793580
3,6.231237,3.316448,linear,150,50,rastrigin,3,0.000000,0.124390,0.000024,0.455980,1.071370
3,8.541316,0.585390,linear,150,50,rastrigin,3,0.000000,0.124370,0.000000,0.569391,0.776890
3,7.295407,0.585390,linear,150,50,rastrigin,3,0.000000,0.062185,0.000000,0.650538,0.778755
3,6.231237,2.066557,linear,150,50,rastrigin,3,0.000000,0.000000,0.000000,0.298487,1.020360
3,7.295407,8.541316,linear,150,50,rastrigin,3,1.243010,2.195719,2.113957,1.136103,0.933800
3,0.500000,2.832683,quadratic,150,50,rastrigin,3,0.000000,1.119327,1.492436,1.471562,0.709445
3,8.541316,0.939444,linear,150,50,rastrigin,3,0.000000,0.000000,0.000000,0.216846,1.208925
3,0.500000,1.765111,quadratic,150,50,rastrigin,3,0.994957,1.865898,1.989918,2.853703,0.802965
3,0.500000,0.685363,quadratic,150,50,rastrigin,3,1.008829,4.242164,4.974856,3.461776,0.898490
3,0.500000,1.099883,quadratic,150,50,rastrigin,3,0.000031,3.235563,4.481907,2.641672,0.871495
3,8.541316,1.507637,linear,150,50,rastrigin,3,0.000000,0.000000,0.000000,0.298487,1.040280
3,10.000000,2.419483,linear,150,50,rastrigin,3,0.000000,0.127740,0.000608,0.568202,0.969595
3,8.541316,2.419483,linear,150,50,rastrigin,3,0.000000,0.000002,0.000004,0.355269,0.919015
3,6.231237,5.322296,linear,150,50,rastrigin,3,0.000137,0.569694,0.995279,0.547273,0.969580
3,0.500000,4.545940,quadratic,150,50,rastrigin,3,0.000000,0.808403,0.994957,1.292488,0.871010
3,10.000000,1.765111,linear,150,50,rastrigin,3,0.000000,0.000003,0.000000,0.397983,1.095065
3,0.500000,7.295407,quadratic,150,50,rastrigin,3,0.000000,0.062185,0.000000,0.430829,0.887660
3,10.000000,4.545940,linear,150,50,rastrigin,3,0.001705,0.790370,1.042184,0.778163,1.142750
3,8.541316,3.882831,linear,150,50,rastrigin,3,0.000074,0.632360,0.995465,0.451114,1.037385
3,8.541316,10.000000,linear,150,50,rastrigin,3,0.119667,1.622204,2.018372,1.135041,0.778585
3,0.585390,0.500000,quadratic,150,50,rastrigin,3,0.999973,2.943458,3.011368,3.468454,0.941040
3,10.000000,0.685363,linear,150,50,rastrigin,3,0.000000,0.000000,0.000000,0.397983,0.857660
3,0.585390,5.322296,quadratic,150,50,rastrigin,3,0.000000,0.559663,0.994957,0.474564,0.926615
3,0.500000,0.500000,quadratic,150,50,rastrigin,3,1.068203,4.404459,5.144861,3.862185,0.896375
3,7.295407,1.507637,linear,150,50,rastrigin,3,0.000000,0.000000,0.000000,0.298487,0.899700
3,10.000000,1.099883,linear,150,50,rastrigin,3,0.000000,0.000000,0.000000,0.216846,0.983320
3,0.585390,1.287720,quadratic,150,50,rastrigin,3,0.000000,2.114581,1.990389,2.235329,0.752415
3,7.295407,2.419483,linear,150,50,rastrigin,3,0.000000,0.000114,0.000000,0.533460,1.017370
3,7.295407,6.231237,linear,150,50,rastrigin,3,0.007603,0.663915,1.009154,0.627044,0.974545
3,8.541316,6.231237,linear,150,50,rastrigin,3,0.031519,0.883244,1.084723,0.689188,0.958910
3,0.585390,3.316448,quadratic,150,50,rastrigin,3,0.000000,0.684033,0.994957,0.770691,0.769775
3,7.295407,3.882831,linear,150,50,rastrigin,3,0.000002,0.189510,0.003681,0.579243,1.325965
3,0.500000,3.316448,quadratic,150,50,rastrigin,3,0.000000,1.057143,0.994959,1.451241,0.697265
3,10.000000,7.295407,linear,150,50,rastrigin,3,0.036331,1.354953,1.804621,1.790297,1.258820
3,7.295407,0.939444,linear,150,50,rastrigin,3,0.000000,0.000000,0.000000,0.216846,1.090750
3,0.585390,8.541316,quadratic,150,50,rastrigin,3,0.000000,0.000000,0.000000,0.216846,0.976265
3,0.585390,2.066557,quadratic,150,50,rastrigin,3,0.000000,1.865546,1.989918,1.619674,1.364080
3,0.585390,0.802409,quadratic,150,50,rastrigin,3,0.994968,2.562369,2.984941,3.490788,1.013380
3,0.500000,2.066557,quadratic,150,50,rastrigin,3,0.000000,1.431040,1.989915,1.505190,0.955920
3,8.541316,0.685363,linear,150,50,rastrigin,3,0.000000,0.000000,0.000000,0.355271,1.137090
3,0.500000,0.802409,quadratic,150,50,rastrigin,3,0.996462,4.091559,4.974936,2.906568,0.921460
3,0.500000,1.287720,quadratic,150,50,rastrigin,3,0.994957,3.268584,3.504331,2.302160,0.894055
3,8.541316,1.765111,linear,150,50,rastrigin,3,0.000000,0.124371,0.000000,0.455946,0.927185
3,7.295407,10.000000,linear,150,50,rastrigin,3,0.018450,1.455069,1.804893,1.268080,1.225665
3,8.541316,2.832683,linear,150,50,rastrigin,3,0.000000,0.062263,0.000050,0.430962,0.887875
3,8.541316,1.099883,linear,150,50,rastrigin,3,0.000000,0.000000,0.000000,0.216846,1.242645
3,0.500000,5.322296,quadratic,150,50,rastrigin,3,0.000000,0.435294,0.994957,0.937322,0.777710
3,10.000000,2.066557,linear,150,50,rastrigin,3,0.000000,0.000067,0.000008,0.533463,0.803290
3,10.000000,2.832683,linear,150,50,rastrigin,3,0.000031,0.373392,0.498386,0.660162,1.188115
3,0.685363,0.585390,quadratic,150,50,rastrigin,3,0.000149,2.701746,3.097775,3.096298,1.056515
3,0.500000,8.541316,quadratic,150,50,rastrigin,3,0.000000,0.000000,0.000000,0.397983,0.935050
3,10.000000,0.500000,linear,150,50,rastrigin,3,0.000000,0.124370,0.000000,0.455947,0.912555
3,8.541316,4.545940,linear,150,50,rastrigin,3,0.000151,0.463542,0.996345,0.585330,0.940490
3,10.000000,5.322296,linear,150,50,rastrigin,3,0.032764,0.860755,1.066956,0.699269,1.128380
3,0.585390,1.507637,quadratic,150,50,rastrigin,3,0.000008,2.238659,1.989929,1.989917,0.769210
3,0.585390,6.231237,quadratic,150,50,rastrigin,3,0.000000,0.062185,0.000000,0.430829,0.860180
3,0.585390,0.585390,quadratic,150,50,rastrigin,3,0.035839,2.104931,2.156351,2.579528,1.204275
3,0.685363,0.939444,quadratic,150,50,rastrigin,3,0.994957,2.986050,3.979835,2.372344,0.877540
3,0.500000,0.585390,quadratic,150,50,rastrigin,3,1.195095,3.476706,4.012038,2.905720,0.888525
3,10.000000,0.802409,linear,150,50,rastrigin,3,0.000000,0.000000,0.000000,0.355271,1.057050
3,10.000000,1.287720,linear,150,50,rastrigin,3,0.000000,0.000000,0.000000,0.397983,1.045560
3,0.685363,1.507637,quadratic,150,50,rastrigin,3,0.994957,1.492451,1.492547,1.560522,0.980095
3,0.685363,3.882831,quadratic,150,50,rastrigin,3,0.000000,0.435294,0.994957,0.710542,0.892255
3,0.685363,2.419483,quadratic,150,50,rastrigin,3,0.000000,0.932773,0.994957,1.277078,1.058995
3,0.585390,3.882831,quadratic,150,50,rastrigin,3,0.000000,0.497478,0.994957,0.744558,0.942125
3,8.541316,7.295407,linear,150,50,rastrigin,3,0.020342,1.028316,1.209209,0.810567,1.075635
3,0.500000,6.231237,quadratic,150,50,rastrigin,3,0.000000,0.310924,0.000000,0.588625,0.901225
3,0.685363,6.231237,quadratic,150,50,rastrigin,3,0.000000,0.000000,0.000000,0.355271,0.770100
3,10.000000,8.541316,linear,150,50,rastrigin,3,0.974087,2.190331,2.530536,1.370494,1.019190
3,0.585390,0.939444,quadratic,150,50,rastrigin,3,0.995033,2.934682,2.986085,3.598000,0.891065
3,0.500000,2.419483,quadratic,150,50,rastrigin,3,0.000000,1.678991,1.989916,1.734768,0.857865
3,0.585390,10.000000,quadratic,150,50,rastrigin,3,0.000000,0.000000,0.000000,0.000000,1.112060
3,0.939444,0.500000,quadratic,150,50,rastrigin,3,0.994959,3.608938,4.481009,3.103026,1.107480
3,0.500000,0.939444,quadratic,150,50,rastrigin,3,0.025980,3.070645,3.980107,3.064445,0.826565
3,0.685363,10.000000,quadratic,150,50,rastrigin,3,0.000000,0.000000,0.000000,0.216846,0.877285
3,0.802409,0.685363,quadratic,150,50,rastrigin,3,0.007200,3.364832,3.980448,2.223142,0.874050
3,0.500000,1.507637,quadratic,150,50,rastrigin,3,0.000000,2.612374,2.985043,2.167862,0.896095
3,0.802409,1.765111,quadratic,150,50,rastrigin,3,0.000000,1.057142,0.994959,1.349626,0.779995
3,0.802409,1.099883,quadratic,150,50,rastrigin,3,0.000000,1.741235,1.990108,2.050541,0.983715
3,0.802409,2.832683,quadratic,150,50,rastrigin,3,0.000000,0.621848,0.994957,0.943899,0.867860
3,0.685363,0.685363,quadratic,150,50,rastrigin,3,0.028431,2.998120,3.980720,2.693376,0.817560
3,0.802409,7.295407,quadratic,150,50,rastrigin,3,0.000000,0.000000,0.000000,0.216846,0.876815
3,0.500000,3.882831,quadratic,150,50,rastrigin,3,0.000000,0.808403,0.994957,1.385815,0.945190
3,0.500000,10.000000,quadratic,150,50,rastrigin,3,0.000000,0.000000,0.000000,0.216846,0.916975
3,0.585390,2.419483,quadratic,150,50,rastrigin,3,0.994957,1.430253,1.492437,1.352374,0.892260
3,0.685363,1.765111,quadratic,150,50,rastrigin,3,0.000000,1.741186,1.989917,2.972817,1.104680
3,0.685363,1.099883,quadratic,150,50,rastrigin,3,0.000000,1.865672,1.989920,1.926175,0.716445
3,0.939444,0.802409,quadratic,150,50,rastrigin,3,0.001038,2.924139,3.482354,2.611907,0.945575
3,0.585390,0.685363,quadratic,150,50,rastrigin,3,0.003313,3.061498,3.980983,2.802382,0.852325
3,0.939444,3.316448,quadratic,150,50,rastrigin,3,0.000000,0.186554,0.000000,0.580155,0.758930
3,0.939444,2.066557,quadratic,150,50,rastrigin,3,0.000000,0.932773,0.994957,1.277078,0.843095
3,0.939444,1.287720,quadratic,150,50,rastrigin,3,0.000000,1.678992,1.989917,1.763070,0.860555
3,0.585390,1.765111,quadratic,150,50,rastrigin,3,0.994957,2.736338,3.482353,2.000860,0.951785
3,10.000000,3.316448,linear,150,50,rastrigin,3,0.000040,0.622976,0.995427,0.534601,1.359445
3,0.585390,7.295407,quadratic,150,50,rastrigin,3,0.000000,0.000000,0.000000,0.216846,0.962245
3,0.802409,2.066557,quadratic,150,50,rastrigin,3,0.000000,0.932773,0.994957,1.315265,0.901950
3,0.685363,4.545940,quadratic,150,50,rastrigin,3,0.000000,0.435294,0.994957,0.650538,0.930280
3,1.099883,0.585390,quadratic,150,50,rastrigin,3,0.000000,2.799889,2.984886,2.692102,0.755300
3,0.685363,7.295407,quadratic,150,50,rastrigin,3,0.000000,0.000000,0.000000,0.397983,0.755075
3,0.939444,5.322296,quadratic,150,50,rastrigin,3,0.000000,0.000000,0.000000,0.355271,0.826320
3,0.585390,4.545940,quadratic,150,50,rastrigin,3,0.000000,0.310924,0.000000,0.588625,0.846660
3,0.685363,2.832683,quadratic,150,50,rastrigin,3,0.000000,1.119327,0.994959,0.788155,0.972620
3,0.939444,8.541316,quadratic,150,50,rastrigin,3,0.000000,0.000000,0.000000,0.000000,0.983055
3,0.585390,1.099883,quadratic,150,50,rastrigin,3,0.994968,2.178019,1.991448,1.601304,1.001050
3,0.939444,0.585390,quadratic,150,50,rastrigin,3,0.000906,2.884689,2.987984,2.086658,0.880725
3,1.099883,1.507637,quadratic,150,50,rastrigin,3,0.000000,1.057144,0.994963,1.349626,0.927780
3,0.685363,0.500000,quadratic,150,50,rastrigin,3,1.310329,3.046281,3.021911,4.814561,0.959755
3,0.802409,0.802409,quadratic,150,50,rastrigin,3,0.994957,2.304101,2.985432,2.380990,0.913555
3,1.099883,2.419483,quadratic,150,50,rastrigin,3,0.000000,0.435294,0.994957,1.008546,0.942915
3,0.685363,2.066557,quadratic,150,50,rastrigin,3,0.000000,1.554622,1.989916,1.416723,1.168165
3,0.802409,4.545940,quadratic,150,50,rastrigin,3,0.000000,0.186554,0.000000,0.580155,0.970425
3,1.099883,3.882831,quadratic,150,50,rastrigin,3,0.000000,0.000000,0.000000,0.298487,1.015215
3,0.802409,0.500000,quadratic,150,50,rastrigin,3,0.030281,3.320858,3.097178,2.871933,1.078900
3,0.685363,0.802409,quadratic,150,50,rastrigin,3,1.014135,2.728170,2.985125,1.367117,0.761575
3,0.802409,3.316448,quadratic,150,50,rastrigin,3,0.000000,0.310924,0.000000,0.494985,0.778535
3,0.802409,8.541316,quadratic,150,50,rastrigin,3,0.000000,0.000000,0.000000,0.000000,0.782775
3,0.802409,1.287720,quadratic,150,50,rastrigin,3,0.000000,2.300846,1.989960,2.732054,0.871395
3,1.099883,0.939444,quadratic,150,50,rastrigin,3,0.000000,1.305973,1.989916,1.664848,0.758500
3,1.099883,6.231237,quadratic,150,50,rastrigin,3,0.000000,0.000000,0.000000,0.216846,0.986435
3,0.685363,3.316448,quadratic,150,50,rastrigin,3,0.000000,0.808403,0.994957,1.976810,1.063295
3,0.939444,10.000000,quadratic,150,50,rastrigin,3,0.000000,0.000000,0.000000,0.216845,1.005380
3,1.099883,10.000000,quadratic,150,50,rastrigin,3,0.000000,0.000000,0.000000,0.000013,1.210190
3,1.287720,1.099883,quadratic,150,50,rastrigin,3,0.994957,1.616807,1.989916,1.146362,0.801285
3,0.939444,3.882831,quadratic,150,50,rastrigin,3,0.000000,0.124370,0.000000,0.569390,0.838135
3,0.939444,0.939444,quadratic,150,50,rastrigin,3,0.994957,1.927752,1.989917,2.036008,0.980870
3,0.939444,1.507637,quadratic,150,50,rastrigin,3,0.000000,0.932789,0.994957,1.353276,0.862035
3,1.287720,0.685363,quadratic,150,50,rastrigin,3,0.000000,1.368173,1.989916,1.587939,0.913340
3,1.287720,2.832683,quadratic,150,50,rastrigin,3,0.000000,0.124370,0.000000,0.569390,0.791240
3,1.099883,0.685363,quadratic,150,50,rastrigin,3,0.994959,1.741321,1.989919,1.900309,0.773155
3,1.287720,1.765111,quadratic,150,50,rastrigin,3,0.000000,0.435294,0.994957,0.650538,0.865460
3,0.802409,2.419483,quadratic,150,50,rastrigin,3,0.000000,0.621848,0.994957,1.154966,0.900380
3,0.939444,2.419483,quadratic,150,50,rastrigin,3,0.000000,0.373109,0.497478,0.586519,1.104770
3,0.685363,8.541316,quadratic,150,50,rastrigin,3,0.000000,0.000000,0.000000,0.216846,0.852195
3,0.685363,5.322296,quadratic,150,50,rastrigin,3,0.000000,0.373109,0.497478,0.659980,1.110750
3,0.939444,6.231237,quadratic,150,50,rastrigin,3,0.000000,0.000000,0.000000,0.000000,1.017305
3,1.287720,4.545940,quadratic,150,50,rastrigin,3,0.000000,0.000000,0.000000,0.000000,0.978195
3,0.685363,1.287720,quadratic,150,50,rastrigin,3,0.000000,1.865586,1.989918,1.992420,1.009755
3,0.939444,0.685363,quadratic,150,50,rastrigin,3,0.000002,2.367790,2.984877,2.244510,0.812000
3,0.585390,2.832683,quadratic,150,50,rastrigin,3,0.000000,1.057142,1.492435,1.521993,1.177345
3,1.099883,1.765111,quadratic,150,50,rastrigin,3,0.000000,0.746218,0.994957,1.410596,0.892755
3,1.287720,7.295407,quadratic,150,50,rastrigin,3,0.000000,0.000000,0.000000,0.298487,1.059875
3,1.507637,0.500000,quadratic,150,50,rastrigin,3,0.000000,2.363543,2.986866,1.834466,0.916345
3,0.802409,0.585390,quadratic,150,50,rastrigin,3,0.001963,2.705952,2.985354,2.749501,0.745060
3,1.099883,2.832683,quadratic,150,50,rastrigin,3,0.000000,0.621848,0.994957,0.596975,0.889710
3,0.802409,0.939444,quadratic,150,50,rastrigin,3,0.000000,2.238879,1.990083,2.439134,0.929115
3,1.507637,0.802409,quadratic,150,50,rastrigin,3,0.994957,1.554623,1.989916,1.197055,0.941685
3,1.507637,1.287720,quadratic,150,50,rastrigin,3,0.000000,0.559663,0.994957,2.426960,0.836010
3,1.099883,4.545940,quadratic,150,50,rastrigin,3,0.000000,0.000000,0.000000,0.216846,0.953425
3,0.802409,5.322296,quadratic,150,50,rastrigin,3,0.000000,0.000000,0.000000,0.355271,1.040495
3,0.802409,3.882831,quadratic,150,50,rastrigin,3,0.000000,0.248739,0.000000,0.487427,0.934915
3,0.802409,10.000000,quadratic,150,50,rastrigin,3,0.000000,0.000000,0.000000,0.000000,0.914280
3,0.802409,1.507637,quadratic,150,50,rastrigin,3,0.000000,0.994958,0.994957,2.281901,0.866940
3,1.099883,1.099883,quadratic,150,50,rastrigin,3,0.000000,1.678992,1.989915,1.734768,0.897655
3,1.099883,7.295407,quadratic,150,50,rastrigin,3,0.000000,0.000000,0.000000,0.216846,0.828715
3,1.099883,0.500000,quadratic,150,50,rastrigin,3,0.006710,2.489553,2.985014,1.707987,0.775050
3,1.287720,1.287720,quadratic,150,50,rastrigin,3,0.000000,1.057142,0.994957,1.631094,0.755365
3,0.939444,4.545940,quadratic,150,50,rastrigin,3,0.000000,0.000000,0.000000,0.533487,0.752740
3,1.287720,0.500000,quadratic,150,50,rastrigin,3,0.994957,2.865244,2.985159,2.425475,0.899160
3,1.507637,2.066557,quadratic,150,50,rastrigin,3,0.000000,0.373109,0.497478,1.160310,1.007135
3,1.287720,0.802409,quadratic,150,50,rastrigin,3,0.000000,2.114286,1.989918,2.722987,0.860660
3,0.939444,1.765111,quadratic,150,50,rastrigin,3,0.000000,0.870588,0.994958,1.138781,0.956775
3,0.939444,1.099883,quadratic,150,50,rastrigin,3,0.000000,0.808420,0.994957,1.649289,0.991750
3,1.507637,3.316448,quadratic,150,50,rastrigin,3,0.000000,0.000000,0.000000,0.298487,0.757455
3,1.287720,3.316448,quadratic,150,50,rastrigin,3,0.000000,0.000000,0.000000,0.216846,0.891155
3,1.099883,0.802409,quadratic,150,50,rastrigin,3,0.000341,2.860534,2.984933,3.090356,1.119555
3,0.939444,2.832683,quadratic,150,50,rastrigin,3,0.000000,0.435294,0.497478,0.922686,0.905395
3,1.507637,5.322296,quadratic,150,50,rastrigin,3,0.000000,0.000000,0.000000,0.397983,0.897635
3,1.287720,2.066557,quadratic,150,50,rastrigin,3,0.000000,0.373109,0.497478,1.024371,1.221090
3,1.287720,5.322296,quadratic,150,50,rastrigin,3,0.000000,0.000000,0.000000,0.000000,0.875585
3,1.507637,8.541316,quadratic,150,50,rastrigin,3,0.000000,0.124411,0.000019,0.455930,0.987930
3,0.939444,7.295407,quadratic,150,50,rastrigin,3,0.000000,0.000000,0.000000,0.216846,0.985905
3,1.765111,0.585390,quadratic,150,50,rastrigin,3,0.994957,2.611767,1.989920,2.405967,0.922710
3,1.765111,1.507637,quadratic,150,50,rastrigin,3,0.000000,0.435294,0.994957,0.650538,0.978255
3,1.765111,0.939444,quadratic,150,50,rastrigin,3,0.000000,0.870588,0.994957,1.424562,1.008415
3,1.099883,2.066557,quadratic,150,50,rastrigin,3,0.000000,0.684033,0.994957,0.569391,0.991030
3,1.765111,2.419483,quadratic,150,50,rastrigin,3,0.000000,0.124370,0.000000,0.569390,0.821875
3,1.287720,8.541316,quadratic,150,50,rastrigin,3,0.000000,0.000000,0.000000,0.298489,0.914170
3,1.099883,3.316448,quadratic,150,50,rastrigin,3,0.000000,0.062185,0.000000,0.430829,1.014500
3,1.765111,3.882831,quadratic,150,50,rastrigin,3,0.000000,0.000000,0.000000,0.000000,1.040585
3,1.507637,0.585390,quadratic,150,50,rastrigin,3,0.000000,2.115844,2.487396,1.739204,1.114630
3,1.507637,0.939444,quadratic,150,50,rastrigin,3,0.000000,1.057142,0.994957,0.619356,1.094215
3,0.802409,6.231237,quadratic,150,50,rastrigin,3,0.000000,0.000000,0.000000,0.216846,0.808140
3,1.099883,1.287720,quadratic,150,50,rastrigin,3,0.000000,1.243697,0.994957,1.319961,0.719845
3,1.765111,10.000000,quadratic,150,50,rastrigin,3,0.000011,0.379268,0.536433,0.585001,0.817925
3,1.099883,8.541316,quadratic,150,50,rastrigin,3,0.000000,0.000000,0.000000,0.216846,0.813620
3,2.066557,0.685363,quadratic,150,50,rastrigin,3,0.000000,0.994986,0.994957,2.131616,0.858505
3,1.507637,1.507637,quadratic,150,50,rastrigin,3,0.000000,0.808403,0.994957,1.181447,1.102760
3,1.765111,6.231237,quadratic,150,50,rastrigin,3,0.000000,0.000059,0.000000,0.397960,0.995365
3,2.066557,1.099883,quadratic,150,50,rastrigin,3,0.000000,0.310924,0.000000,0.736202,0.754180
3,2.419483,0.500000,quadratic,150,50,rastrigin,3,0.000000,1.616806,1.492437,2.505240,1.120055
3,1.287720,1.507637,quadratic,150,50,rastrigin,3,0.000000,0.808403,0.994957,1.388492,0.769605
3,1.287720,0.585390,quadratic,150,50,rastrigin,3,0.000002,2.487886,1.993777,2.270894,0.888870
3,1.507637,2.419483,quadratic,150,50,rastrigin,3,0.000000,0.124370,0.000000,0.659980,0.951560
3,2.066557,1.765111,quadratic,150,50,rastrigin,3,0.000000,0.186554,0.000000,0.474564,1.048800
3,2.066557,2.832683,quadratic,150,50,rastrigin,3,0.000000,0.000000,0.000000,0.216846,0.848765
3,2.066557,4.545940,quadratic,150,50,rastrigin,3,0.000000,0.000000,0.000000,0.000000,0.998955
3,1.287720,0.939444,quadratic,150,50,rastrigin,3,0.000000,1.243727,0.994959,2.117065,1.065570
3,1.287720,3.882831,quadratic,150,50,rastrigin,3,0.000000,0.000000,0.000000,0.298487,0.930125
3,2.419483,5.322296,quadratic,150,50,rastrigin,3,0.000000,0.000153,0.000004,0.355188,0.929335
3,1.287720,2.419483,quadratic,150,50,rastrigin,3,0.000000,0.310924,0.000000,0.588625,0.826155
3,1.507637,3.882831,quadratic,150,50,rastrigin,3,0.000000,0.000000,0.000000,0.000000,1.068510
3,1.099883,5.322296,quadratic,150,50,rastrigin,3,0.000000,0.000000,0.000000,0.216846,0.906175
3,1.507637,6.231237,quadratic,150,50,rastrigin,3,0.000000,0.000000,0.000000,0.298487,1.166315
3,1.765111,1.765111,quadratic,150,50,rastrigin,3,0.000000,0.186554,0.000000,0.580155,0.939530
3,1.765111,1.099883,quadratic,150,50,rastrigin,3,0.000000,0.684033,0.994957,0.621351,0.833655
3,1.287720,6.231237,quadratic,150,50,rastrigin,3,0.000000,0.000000,0.000000,0.000000,1.097560
3,1.507637,10.000000,quadratic,150,50,rastrigin,3,0.000000,0.187613,0.003098,0.474111,1.032465
3,2.419483,1.287720,quadratic,150,50,rastrigin,3,0.000000,0.310924,0.000000,0.588625,0.911670
3,1.765111,0.685363,quadratic,150,50,rastrigin,3,0.000000,1.492437,1.989916,1.581795,1.097710
3,1.765111,2.832683,quadratic,150,50,rastrigin,3,0.000000,0.000000,0.000000,0.216846,0.943250
3,2.832683,0.585390,quadratic,150,50,rastrigin,3,0.000000,1.181512,0.994957,1.618910,1.307320
3,1.507637,2.832683,quadratic,150,50,rastrigin,3,0.000000,0.000000,0.000000,0.298487,1.001915
3,2.419483,2.066557,quadratic,150,50,rastrigin,3,0.000000,0.000000,0.000000,0.298487,0.914255
3,1.507637,0.685363,quadratic,150,50,rastrigin,3,0.000000,1.616807,1.989917,1.307717,0.845110
3,2.066557,0.500000,quadratic,150,50,rastrigin,3,0.000000,1.119328,0.994959,2.611645,0.794060
3,1.765111,4.545940,quadratic,150,50,rastrigin,3,0.000000,0.000000,0.000000,0.216846,0.993685
3,1.507637,1.099883,quadratic,150,50,rastrigin,3,0.000000,0.994958,0.994958,0.949129,0.859385
3,2.066557,7.295407,quadratic,150,50,rastrigin,3,0.000004,0.187961,0.004080,0.664851,1.019660
3,2.419483,3.316448,quadratic,150,50,rastrigin,3,0.000000,0.000000,0.000000,0.216846,1.151915
3,2.066557,0.802409,quadratic,150,50,rastrigin,3,0.000000,0.994958,0.994959,1.278046,0.721900
3,1.507637,1.765111,quadratic,150,50,rastrigin,3,0.000000,0.559663,0.994957,1.258533,0.752020
3,2.066557,1.287720,quadratic,150,50,rastrigin,3,0.000000,0.310924,0.000000,0.665581,0.850400
3,2.419483,8.541316,quadratic,150,50,rastrigin,3,0.000202,0.451606,0.995536,0.702574,1.435795
3,2.419483,0.585390,quadratic,150,50,rastrigin,3,0.000000,1.554622,1.989917,1.416723,0.851015
3,2.419483,0.802409,quadratic,150,50,rastrigin,3,0.000000,0.684033,0.994957,0.800617,0.858775
3,2.832683,0.939444,quadratic,150,50,rastrigin,3,0.000000,0.310924,0.000000,0.494985,0.847985
3,1.765111,7.295407,quadratic,150,50,rastrigin,3,0.000000,0.000027,0.000013,0.298455,1.067445
3,3.316448,1.765111,quadratic,150,50,rastrigin,3,0.000000,0.000000,0.000000,0.298487,0.948335
3,1.287720,10.000000,quadratic,150,50,rastrigin,3,0.000000,0.000033,0.000005,0.355252,1.034105
3,2.066557,3.316448,quadratic,150,50,rastrigin,3,0.000000,0.000000,0.000000,0.000000,1.002035
3,2.419483,6.231237,quadratic,150,50,rastrigin,3,0.000004,0.191739,0.002076,0.735489,0.892725
3,2.832683,2.419483,quadratic,150,50,rastrigin,3,0.000000,0.000000,0.000000,0.216846,0.938970
3,2.832683,1.507637,quadratic,150,50,rastrigin,3,0.000000,0.000000,0.000000,0.397983,0.993105
3,1.765111,2.066557,quadratic,150,50,rastrigin,3,0.000000,0.124370,0.000000,0.569390,0.724990
3,2.832683,3.882831,quadratic,150,50,rastrigin,3,0.000000,0.000000,0.000000,0.298482,1.056185
3,2.066557,5.322296,quadratic,150,50,rastrigin,3,0.000000,0.000002,0.000000,0.355270,1.433165
3,2.832683,6.231237,quadratic,150,50,rastrigin,3,0.000093,0.253558,0.016694,0.488920,0.966535
3,2.066557,0.939444,quadratic,150,50,rastrigin,3,0.000000,0.435294,0.994957,0.777087,1.306245
3,1.765111,1.287720,quadratic,150,50,rastrigin,3,0.000000,0.746218,0.994957,1.524430,0.900425
3,1.507637,7.295407,quadratic,150,50,rastrigin,3,0.000000,0.000000,0.000000,0.298477,1.053710
3,1.765111,0.500000,quadratic,150,50,rastrigin,3,0.000002,1.989939,1.989919,2.385297,0.875605
3,2.832683,10.000000,quadratic,150,50,rastrigin,3,0.007919,0.726156,1.001893,0.608551,1.040380
3,1.765111,0.802409,quadratic,150,50,rastrigin,3,0.000000,1.057142,0.994957,1.421084,0.845955
3,3.316448,0.685363,quadratic,150,50,rastrigin,3,0.000000,0.621848,0.994957,0.533487,0.830955
3,1.765111,3.316448,quadratic,150,50,rastrigin,3,0.000000,0.000000,0.000000,0.355271,0.911545
3,2.832683,0.685363,quadratic,150,50,rastrigin,3,0.000000,0.621848,0.994957,1.111284,0.868910
3,2.419483,1.507637,quadratic,150,50,rastrigin,3,0.000000,0.310924,0.000000,0.588625,1.400660
3,2.066557,0.585390,quadratic,150,50,rastrigin,3,0.000000,1.057143,0.994957,2.041478,0.820235
3,2.419483,2.419483,quadratic,150,50,rastrigin,3,0.000000,0.000000,0.000000,0.000000,0.991465
3,3.316448,1.099883,quadratic,150,50,rastrigin,3,0.000000,0.248739,0.000000,0.487427,1.032470
3,2.066557,2.066557,quadratic,150,50,rastrigin,3,0.000000,0.000000,0.000000,0.397983,0.997055
3,1.765111,5.322296,quadratic,150,50,rastrigin,3,0.000000,0.000000,0.000000,0.216845,0.986525
3,2.419483,3.882831,quadratic,150,50,rastrigin,3,0.000000,0.000000,0.000000,0.216846,0.895450
3,1.507637,4.545940,quadratic,150,50,rastrigin,3,0.000000,0.000000,0.000000,0.216846,0.990010
3,2.066557,8.541316,quadratic,150,50,rastrigin,3,0.000057,0.311321,0.001526,0.588746,1.051985
3,2.419483,10.000000,quadratic,150,50,rastrigin,3,0.002064,0.537141,0.999936,0.847267,0.854840
3,3.316448,2.832683,quadratic,150,50,rastrigin,3,0.000000,0.000000,0.000000,0.216846,1.146480
3,2.066557,1.507637,quadratic,150,50,rastrigin,3,0.000000,0.310924,0.000000,0.494985,0.944860
3,3.316448,4.545940,quadratic,150,50,rastrigin,3,0.000000,0.249053,0.000673,0.488223,1.268400
3,4.545940,0.585390,quadratic,150,50,rastrigin,3,0.000000,0.373109,0.497478,1.128959,0.923275
3,2.419483,0.685363,quadratic,150,50,rastrigin,3,0.000000,0.870588,0.994957,1.842016,1.204205
3,1.765111,8.541316,quadratic,150,50,rastrigin,3,0.000000,0.186728,0.000371,0.474505,0.936590
3,3.316448,7.295407,quadratic,150,50,rastrigin,3,0.007462,0.574996,0.998197,0.736609,0.879305
3,3.316448,2.066557,quadratic,150,50,rastrigin,3,0.000000,0.000000,0.000000,0.000000,0.959215
3,2.419483,2.832683,quadratic,150,50,rastrigin,3,0.000000,0.000000,0.000000,0.216846,1.179875
3,3.882831,0.500000,quadratic,150,50,rastrigin,3,0.000000,0.932773,0.994957,0.722631,0.744055
3,2.066557,3.882831,quadratic,150,50,rastrigin,3,0.000000,0.000000,0.000000,0.216846,1.013120
3,2.419483,7.295407,quadratic,150,50,rastrigin,3,0.000013,0.438040,0.995083,0.714926,0.984600
3,2.832683,1.765111,quadratic,150,50,rastrigin,3,0.000000,0.000000,0.000000,0.298487,0.983115
3,2.832683,2.832683,quadratic,150,50,rastrigin,3,0.000000,0.000000,0.000000,0.216846,1.028280
3,3.882831,2.066557,quadratic,150,50,rastrigin,3,0.000000,0.000000,0.000000,0.000000,0.813590
3,2.066557,6.231237,quadratic,150,50,rastrigin,3,0.000000,0.000364,0.000011,0.354989,1.051195
3,2.832683,4.545940,quadratic,150,50,rastrigin,3,0.000000,0.000557,0.000004,0.397769,1.101245
3,3.882831,3.316448,quadratic,150,50,rastrigin,3,0.000000,0.064584,0.000020,0.429799,0.894855
3,3.882831,1.287720,quadratic,150,50,rastrigin,3,0.000000,0.000000,0.000000,0.298487,0.937285
3,3.882831,0.802409,quadratic,150,50,rastrigin,3,0.000000,0.248739,0.000000,0.586519,0.952975
3,2.419483,1.765111,quadratic,150,50,rastrigin,3,0.000000,0.000000,0.000000,0.474565,0.735775
3,3.316448,0.802409,quadratic,150,50,rastrigin,3,0.000000,0.559663,0.994957,0.619356,0.899650
3,2.832683,0.802409,quadratic,150,50,rastrigin,3,0.000000,0.870588,0.994957,1.024372,0.877440
3,3.316448,0.500000,quadratic,150,50,rastrigin,3,0.000000,0.746218,0.994957,1.071602,0.988925
3,2.832683,7.295407,quadratic,150,50,rastrigin,3,0.003626,0.569160,0.995156,0.680149,1.070195
3,3.882831,8.541316,quadratic,150,50,rastrigin,3,0.053736,1.192551,1.113376,1.004176,0.988315
3,3.882831,5.322296,quadratic,150,50,rastrigin,3,0.000208,0.753816,0.995975,0.626186,1.120400
3,2.419483,0.939444,quadratic,150,50,rastrigin,3,0.000000,0.497478,0.994957,0.694691,0.929855
3,2.832683,0.500000,quadratic,150,50,rastrigin,3,0.000000,1.119327,1.492435,1.375059,0.738900
3,3.882831,2.419483,quadratic,150,50,rastrigin,3,0.000000,0.000000,0.000000,0.298487,0.992735
3,2.832683,1.099883,quadratic,150,50,rastrigin,3,0.000000,0.373109,0.497478,1.160310,0.880215
3,3.316448,1.287720,quadratic,150,50,rastrigin,3,0.000000,0.000000,0.000000,0.533487,1.029215
3,2.066557,2.419483,quadratic,150,50,rastrigin,3,0.000000,0.000000,0.000000,0.298487,1.006770
3,5.322296,2.832683,quadratic,150,50,rastrigin,3,0.000023,0.187458,0.000786,0.665173,0.851400
3,4.545940,1.507637,quadratic,150,50,rastrigin,3,0.000000,0.000000,0.000000,0.000000,1.007800
3,2.419483,4.545940,quadratic,150,50,rastrigin,3,0.000000,0.000000,0.000000,0.355272,1.097430
3,4.545940,2.419483,quadratic,150,50,rastrigin,3,0.000000,0.000000,0.000000,0.298487,1.015455
3,3.316448,3.316448,quadratic,150,50,rastrigin,3,0.000000,0.000006,0.000000,0.298456,1.041435
3,4.545940,0.685363,quadratic,150,50,rastrigin,3,0.000000,0.373109,0.497478,0.586519,0.935135
3,4.545940,3.882831,quadratic,150,50,rastrigin,3,0.000000,0.312451,0.006854,0.602186,0.965205
3,3.316448,8.541316,quadratic,150,50,rastrigin,3,0.028425,0.877090,1.058153,0.721653,0.993065
3,4.545940,6.231237,quadratic,150,50,rastrigin,3,0.003302,0.815301,1.030909,0.708444,1.097650
3,3.882831,10.000000,quadratic,150,50,rastrigin,3,0.485210,1.736786,2.007002,1.271422,1.261470
3,3.316448,2.419483,quadratic,150,50,rastrigin,3,0.000000,0.000000,0.000000,0.216846,1.129080
3,5.322296,1.099883,quadratic,150,50,rastrigin,3,0.000000,0.000000,0.000000,0.000000,0.770575
3,5.322296,0.685363,quadratic,150,50,rastrigin,3,0.000000,0.062185,0.000000,0.430829,0.871825
3,3.882831,0.585390,quadratic,150,50,rastrigin,3,0.000000,0.497479,0.994957,0.744558,0.940755
3,4.545940,10.000000,quadratic,150,50,rastrigin,3,0.226252,2.258795,2.685346,1.372949,0.976575
3,2.832683,2.066557,quadratic,150,50,rastrigin,3,0.000000,0.000000,0.000000,0.216846,0.961550
3,4.545940,0.939444,quadratic,150,50,rastrigin,3,0.000000,0.000000,0.000000,0.298487,0.937890
3,5.322296,1.765111,quadratic,150,50,rastrigin,3,0.000000,0.000000,0.000000,0.397984,1.011515
3,2.832683,3.316448,quadratic,150,50,rastrigin,3,0.000000,0.000000,0.000000,0.355271,1.054580
3,4.545940,0.802409,quadratic,150,50,rastrigin,3,0.000000,0.124370,0.000000,0.569390,0.986445
3,3.882831,0.939444,quadratic,150,50,rastrigin,3,0.000000,0.062185,0.000000,0.430829,1.004655
3,2.066557,10.000000,quadratic,150,50,rastrigin,3,0.000141,0.645631,0.996727,0.634989,0.986450
3,4.545940,2.832683,quadratic,150,50,rastrigin,3,0.000000,0.000006,0.000001,0.474541,1.232015
3,3.316448,0.939444,quadratic,150,50,rastrigin,3,0.000000,0.186554,0.000000,0.580155,1.358645
3,3.316448,0.585390,quadratic,150,50,rastrigin,3,0.000000,0.808403,0.994957,0.800617,0.903420
3,5.322296,7.295407,quadratic,150,50,rastrigin,3,0.433008,1.495687,1.782006,1.144561,0.885035
3,3.882831,3.882831,quadratic,150,50,rastrigin,3,0.000000,0.249126,0.000857,0.489391,1.750630
3,3.882831,6.231237,quadratic,150,50,rastrigin,3,0.000881,0.533855,0.836947,0.799704,0.941765
3,2.419483,1.099883,quadratic,150,50,rastrigin,3,0.000000,0.621848,0.994957,0.596975,0.939430
3,3.882831,2.832683,quadratic,150,50,rastrigin,3,0.000000,0.000001,0.000000,0.355256,0.930240
3,2.832683,8.541316,quadratic,150,50,rastrigin,3,0.001791,0.454530,0.688106,0.652154,1.104830
3,3.316448,5.322296,quadratic,150,50,rastrigin,3,0.000019,0.271762,0.049365,0.655957,1.101385
3,6.231237,0.802409,quadratic,150,50,rastrigin,3,0.000000,0.000000,0.000000,0.355271,0.958125
3,4.545940,1.765111,quadratic,150,50,rastrigin,3,0.000000,0.000000,0.000000,0.216846,1.176130
3,3.316448,1.507637,quadratic,150,50,rastrigin,3,0.000000,0.000000,0.000000,0.216846,1.284880
3,3.316448,3.882831,quadratic,150,50,rastrigin,3,0.000000,0.000306,0.000006,0.507160,1.001665
3,2.832683,1.287720,quadratic,150,50,rastrigin,3,0.000000,0.248739,0.000000,0.487427,1.387455
3,2.832683,5.322296,quadratic,150,50,rastrigin,3,0.000000,0.126695,0.000986,0.455835,1.122480
3,6.231237,0.500000,quadratic,150,50,rastrigin,3,0.000000,0.435294,0.994957,0.580155,1.396760
3,3.882831,1.507637,quadratic,150,50,rastrigin,3,0.000000,0.000000,0.000000,0.216846,1.064785
3,5.322296,4.545940,quadratic,150,50,rastrigin,3,0.002995,0.640049,1.005971,0.782166,0.971970
3,3.316448,10.000000,quadratic,150,50,rastrigin,3,0.010323,1.168170,1.602361,1.396409,1.031990
3,4.545940,4.545940,quadratic,150,50,rastrigin,3,0.000118,0.576627,0.995609,0.581160,1.123470
3,4.545940,7.295407,quadratic,150,50,rastrigin,3,0.032215,0.995970,1.341919,1.143261,1.693175
3,5.322296,3.316448,quadratic,150,50,rastrigin,3,0.000031,0.065850,0.002802,0.430683,1.584470
3,5.322296,1.287720,quadratic,150,50,rastrigin,3,0.000000,0.000000,0.000000,0.216846,0.901950
3,5.322296,0.802409,quadratic,150,50,rastrigin,3,0.000000,0.000000,0.000000,0.355271,0.927640
3,3.882831,0.685363,quadratic,150,50,rastrigin,3,0.000000,0.248739,0.000000,0.586519,0.879110
3,7.295407,0.585390,quadratic,150,50,rastrigin,3,0.000000,0.000000,0.000000,0.216846,1.418480
3,4.545940,1.099883,quadratic,150,50,rastrigin,3,0.000000,0.000000,0.000000,0.355271,0.909080
3,6.231237,5.322296,quadratic,150,50,rastrigin,3,0.088743,1.212034,1.414948,0.676265,0.862180
3,6.231237,1.287720,quadratic,150,50,rastrigin,3,0.000000,0.000000,0.000000,0.216846,1.468695
3,4.545940,0.500000,quadratic,150,50,rastrigin,3,0.000000,0.746218,0.994957,1.146362,0.816230
3,3.882831,1.099883,quadratic,150,50,rastrigin,3,0.000000,0.062185,0.000000,0.430829,0.941065
3,5.322296,2.066557,quadratic,150,50,rastrigin,3,0.000000,0.000000,0.000000,0.000039,1.025355
3,6.231237,3.316448,quadratic,150,50,rastrigin,3,0.002052,0.513391,0.996934,0.564435,1.016325
3,4.545940,3.316448,quadratic,150,50,rastrigin,3,0.000000,0.062780,0.000097,0.430800,1.073620
3,6.231237,8.541316,quadratic,150,50,rastrigin,3,0.469513,2.456845,2.908815,1.630641,1.139925
3,6.231237,2.066557,quadratic,150,50,rastrigin,3,0.000000,0.000089,0.000007,0.397960,1.319585
3,3.882831,4.545940,quadratic,150,50,rastrigin,3,0.000044,0.385662,0.575659,0.578587,1.044300
3,8.541316,1.099883,quadratic,150,50,rastrigin,3,0.000000,0.000000,0.000000,0.000000,1.515450
3,3.882831,7.295407,quadratic,150,50,rastrigin,3,0.014088,0.894225,1.110722,0.835139,1.112400
3,5.322296,1.507637,quadratic,150,50,rastrigin,3,0.000000,0.000000,0.000000,0.298487,0.953475
3,7.295407,0.939444,quadratic,150,50,rastrigin,3,0.000000,0.000000,0.000000,0.298487,1.360025
3,7.295407,2.419483,quadratic,150,50,rastrigin,3,0.000029,0.256701,0.006762,0.484195,1.041775
3,5.322296,8.541316,quadratic,150,50,rastrigin,3,0.344744,2.222706,2.778026,2.207502,1.469300
3,6.231237,0.939444,quadratic,150,50,rastrigin,3,0.000000,0.000000,0.000000,0.000000,0.765695
3,4.545940,2.066557,quadratic,150,50,rastrigin,3,0.000000,0.000000,0.000000,0.000000,0.813200
3,3.316448,6.231237,quadratic,150,50,rastrigin,3,0.000126,0.318675,0.176102,0.946140,1.132695
3,5.322296,0.500000,quadratic,150,50,rastrigin,3,0.000000,0.684033,0.994957,1.085371,0.795795
3,7.295407,6.231237,quadratic,150,50,rastrigin,3,0.237221,2.050828,2.228670,1.572158,1.298750
3,8.541316,1.765111,quadratic,150,50,rastrigin,3,0.000000,0.000584,0.000042,0.354923,0.864225
3,6.231237,0.585390,quadratic,150,50,rastrigin,3,0.000000,0.435294,0.994957,0.494985,0.872310
3,8.541316,0.685363,quadratic,150,50,rastrigin,3,0.000000,0.000000,0.000000,0.216846,1.009570
3,5.322296,0.939444,quadratic,150,50,rastrigin,3,0.000000,0.000000,0.000000,0.298487,1.491790
3,8.541316,4.545940,quadratic,150,50,rastrigin,3,0.196033,1.694579,2.083562,1.189448,0.968610
3,8.541316,2.832683,quadratic,150,50,rastrigin,3,0.009886,0.558843,0.998641,1.026777,1.008025
3,10.000000,0.500000,quadratic,150,50,rastrigin,3,0.000000,0.000000,0.000000,0.216846,0.870825
3,8.541316,7.295407,quadratic,150,50,rastrigin,3,1.464619,3.602232,3.460832,2.603930,0.994185
3,7.295407,10.000000,quadratic,150,50,rastrigin,3,1.709888,4.237004,4.859365,2.174569,1.421400
3,5.322296,5.322296,quadratic,150,50,rastrigin,3,0.008348,0.740187,1.057784,0.748402,1.018360
3,6.231237,2.419483,quadratic,150,50,rastrigin,3,0.000000,0.249154,0.001345,0.586612,1.312775
3,5.322296,3.882831,quadratic,150,50,rastrigin,3,0.000021,0.077115,0.011335,0.443692,1.020250
3,4.545940,8.541316,quadratic,150,50,rastrigin,3,0.153500,1.536832,1.945386,1.255647,1.083190
3,4.545940,5.322296,quadratic,150,50,rastrigin,3,0.008316,0.789522,1.015101,0.589289,1.136580
3,10.000000,0.802409,quadratic,150,50,rastrigin,3,0.000000,0.000000,0.000000,0.216846,0.979145
3,6.231237,6.231237,quadratic,150,50,rastrigin,3,0.396599,1.686137,1.811399,1.129506,0.923000
3,7.295407,3.882831,quadratic,150,50,rastrigin,3,0.008823,1.007902,1.073574,0.941631,1.010085
3,4.545940,1.287720,quadratic,150,50,rastrigin,3,0.000000,0.000000,0.000000,0.216846,1.004400
3,7.295407,0.685363,quadratic,150,50,rastrigin,3,0.000000,0.000000,0.000000,0.216846,1.145860
3,10.000000,1.287720,quadratic,150,50,rastrigin,3,0.000000,0.062249,0.000010,0.650515,0.920870
3,7.295407,1.507637,quadratic,150,50,rastrigin,3,0.000000,0.000000,0.000000,0.298487,1.084615
3,6.231237,10.000000,quadratic,150,50,rastrigin,3,1.282818,2.752763,3.072964,1.762596,0.860825
3,10.000000,2.066557,quadratic,150,50,rastrigin,3,0.000013,0.499190,0.998045,0.737256,0.998220
3,7.295407,7.295407,quadratic,150,50,rastrigin,3,1.126196,3.213653,3.967687,2.091748,1.113560
3,0.500000,3.882831,exponential_3,150,50,rastrigin,3,0.000000,1.119328,1.492438,1.416723,1.039920
3,8.541316,1.287720,quadratic,150,50,rastrigin,3,0.000000,0.000057,0.000000,0.397960,0.861120
3,10.000000,3.316448,quadratic,150,50,rastrigin,3,0.012276,1.312901,1.515553,1.127858,1.009180
3,3.882831,1.765111,quadratic,150,50,rastrigin,3,0.000000,0.000000,0.000000,0.000000,0.973860
3,6.231237,3.882831,quadratic,150,50,rastrigin,3,0.000418,0.534831,1.008747,0.725897,1.262195
3,0.500000,0.585390,exponential_3,150,50,rastrigin,3,0.032684,4.967577,5.722341,3.034778,0.802080
3,10.000000,5.322296,quadratic,150,50,rastrigin,3,0.119928,2.662016,2.860965,1.773270,1.271165
3,5.322296,10.000000,quadratic,150,50,rastrigin,3,0.773500,2.700580,2.883904,1.738395,0.791980
3,7.295407,1.099883,quadratic,150,50,rastrigin,3,0.000000,0.000000,0.000000,0.216846,0.911240
3,6.231237,2.832683,quadratic,150,50,rastrigin,3,0.000195,0.254525,0.019943,0.484612,1.162425
3,7.295407,2.832683,quadratic,150,50,rastrigin,3,0.003332,0.449943,0.996112,0.494581,1.046050
3,6.231237,1.099883,quadratic,150,50,rastrigin,3,0.000000,0.000000,0.000000,0.000000,1.017710
3,5.322296,0.585390,quadratic,150,50,rastrigin,3,0.000000,0.684033,0.994957,0.889917,0.957175
3,0.500000,1.507637,exponential_3,150,50,rastrigin,3,0.000000,2.437644,2.985134,2.168108,1.012800
3,7.295407,4.545940,quadratic,150,50,rastrigin,3,0.249958,1.251881,1.339956,0.787998,1.042850
3,0.500000,2.419483,exponential_3,150,50,rastrigin,3,0.000002,1.617012,1.989918,2.098183,0.882220
3,8.541316,2.066557,quadratic,150,50,rastrigin,3,0.000004,0.128342,0.003464,0.460329,1.173745
3,10.000000,0.585390,quadratic,150,50,rastrigin,3,0.000000,0.000000,0.000000,0.216846,0.902560
3,6.231237,1.507637,quadratic,150,50,rastrigin,3,0.000000,0.000000,0.000000,0.000000,1.085945
3,8.541316,5.322296,quadratic,150,50,rastrigin,3,0.501049,2.238285,2.755608,1.260201,1.025960
3,6.231237,0.685363,quadratic,150,50,rastrigin,3,0.000000,0.000000,0.000000,0.355271,1.327050
3,8.541316,0.500000,quadratic,150,50,rastrigin,3,0.000000,0.062185,0.000000,0.430829,0.912910
3,8.541316,0.802409,quadratic,150,50,rastrigin,3,0.000000,0.000000,0.000000,0.216846,1.483785
3,0.500000,6.231237,exponential_3,150,50,rastrigin,3,0.000000,0.373109,0.497478,1.491607,1.042650
3,8.541316,3.316448,quadratic,150,50,rastrigin,3,0.017900,0.926948,1.127321,0.879387,1.506405
3,0.500000,10.000000,exponential_3,150,50,rastrigin,3,0.000000,0.559663,0.994957,0.938641,1.069450
3,8.541316,8.541316,quadratic,150,50,rastrigin,3,1.672306,3.982756,4.339170,1.898159,1.242160
3,5.322296,2.419483,quadratic,150,50,rastrigin,3,0.000000,0.063587,0.000033,0.430213,1.286130
3,5.322296,6.231237,quadratic,150,50,rastrigin,3,0.421619,1.460913,1.603434,0.618863,1.088710
3,0.585390,1.099883,exponential_3,150,50,rastrigin,3,0.994961,3.074805,4.036515,3.262570,1.109310
3,0.585390,0.685363,exponential_3,150,50,rastrigin,3,0.002146,3.267472,4.682113,2.579783,1.286960
3,0.585390,1.765111,exponential_3,150,50,rastrigin,3,0.000000,2.425377,2.984987,2.224493,1.150175
3,10.000000,8.541316,quadratic,150,50,rastrigin,3,3.506351,5.126656,5.776980,1.929418,1.169480
3,6.231237,7.295407,quadratic,150,50,rastrigin,3,0.177248,1.759755,2.304206,2.109088,0.874695
3,0.585390,7.295407,exponential_3,150,50,rastrigin,3,0.000000,0.621848,0.994957,0.596975,0.886230
3,10.000000,0.939444,quadratic,150,50,rastrigin,3,0.000000,0.000000,0.000000,0.298487,1.153790
3,7.295407,0.802409,quadratic,150,50,rastrigin,3,0.000000,0.000000,0.000000,0.216846,1.003575
3,0.585390,2.832683,exponential_3,150,50,rastrigin,3,0.000000,1.181513,0.994960,2.063185,1.703385
3,10.000000,2.419483,quadratic,150,50,rastrigin,3,0.027229,0.766006,1.018220,0.566748,0.997490
3,7.295407,1.765111,quadratic,150,50,rastrigin,3,0.000000,0.000050,0.000007,0.355240,1.060540
3,10.000000,1.507637,quadratic,150,50,rastrigin,3,0.000000,0.063114,0.000183,0.553676,1.112575
3,7.295407,0.500000,quadratic,150,50,rastrigin,3,0.000000,0.124370,0.000000,0.455947,1.069420
3,0.585390,4.545940,exponential_3,150,50,rastrigin,3,0.000000,0.684034,0.994957,1.102339,1.543170
3,10.000000,3.882831,quadratic,150,50,rastrigin,3,0.117098,1.577453,2.042070,1.270809,0.794430
3,0.685363,8.541316,exponential_3,150,50,rastrigin,3,0.000000,0.248739,0.000000,0.586519,1.395960
3,0.500000,4.545940,exponential_3,150,50,rastrigin,3,0.000000,0.684034,0.994957,0.665582,0.891140
3,0.500000,0.685363,exponential_3,150,50,rastrigin,3,0.999340,2.944561,3.537258,2.279968,0.821905
3,0.802409,6.231237,exponential_3,150,50,rastrigin,3,0.000000,0.310924,0.000000,0.588625,0.792525
3,0.685363,2.066557,exponential_3,150,50,rastrigin,3,0.000000,1.430254,1.989916,1.024371,0.729395
3,0.685363,0.500000,exponential_3,150,50,rastrigin,3,0.995424,3.762654,4.983739,2.245629,0.948315
3,8.541316,1.507637,quadratic,150,50,rastrigin,3,0.000000,0.124442,0.000043,0.455910,1.060990
3,0.685363,1.287720,exponential_3,150,50,rastrigin,3,0.994957,2.891541,2.984881,1.676386,0.881950
3,0.685363,0.802409,exponential_3,150,50,rastrigin,3,0.996073,3.818182,4.974854,2.938317,0.949455
3,6.231237,4.545940,quadratic,150,50,rastrigin,3,0.077637,0.790510,1.031961,0.545644,1.083230
3,7.295407,1.287720,quadratic,150,50,rastrigin,3,0.000000,0.000000,0.000000,0.216846,1.014850
3,7.295407,3.316448,quadratic,150,50,rastrigin,3,0.001612,0.550619,1.000206,1.016157,0.990445
3,8.541316,2.419483,quadratic,150,50,rastrigin,3,0.000198,0.420493,0.790434,0.645949,0.811620
3,0.500000,0.939444,exponential_3,150,50,rastrigin,3,1.059753,3.891695,4.981706,2.925428,0.726320
3,0.500000,2.832683,exponential_3,150,50,rastrigin,3,0.000000,1.430257,0.994961,2.924562,0.873935
3,0.500000,1.765111,exponential_3,150,50,rastrigin,3,0.994959,2.651165,2.984879,1.867824,0.901760
3,10.000000,0.685363,quadratic,150,50,rastrigin,3,0.000000,0.000000,0.000000,0.355271,0.933910
3,0.802409,0.585390,exponential_3,150,50,rastrigin,3,0.997089,4.032596,4.981857,3.043097,0.835870
3,7.295407,5.322296,quadratic,150,50,rastrigin,3,0.112255,1.662768,2.098584,0.788828,1.016340
3,8.541316,3.882831,quadratic,150,50,rastrigin,3,0.070091,1.216006,1.291015,0.820425,2.360905
3,0.685363,5.322296,exponential_3,150,50,rastrigin,3,0.000000,0.808403,0.994957,0.736202,0.970295
3,6.231237,1.765111,quadratic,150,50,rastrigin,3,0.000000,0.000000,0.000000,0.298491,0.985630
3,0.939444,4.545940,exponential_3,150,50,rastrigin,3,0.000000,0.373109,0.497478,0.988720,0.722325
3,0.802409,0.939444,exponential_3,150,50,rastrigin,3,0.012146,2.429314,2.984879,2.208768,0.881065
3,8.541316,6.231237,quadratic,150,50,rastrigin,3,1.446983,2.913342,3.002073,1.633104,1.036295
3,0.802409,1.507637,exponential_3,150,50,rastrigin,3,0.000031,1.431756,1.989916,1.317369,0.885885
3,7.295407,8.541316,quadratic,150,50,rastrigin,3,1.159777,3.603413,3.678990,2.514072,0.872590
3,8.541316,0.585390,quadratic,150,50,rastrigin,3,0.000000,0.000000,0.000000,0.298487,1.077265
3,0.939444,1.765111,exponential_3,150,50,rastrigin,3,0.000000,0.934774,0.994958,1.548511,0.993780
3,0.585390,8.541316,exponential_3,150,50,rastrigin,3,0.000000,0.062185,0.000000,0.553969,1.578615
3,8.541316,0.939444,quadratic,150,50,rastrigin,3,0.000000,0.000000,0.000000,0.216846,1.106250
3,0.939444,7.295407,exponential_3,150,50,rastrigin,3,0.000000,0.124370,0.000000,0.455947,0.728265
3,0.802409,3.882831,exponential_3,150,50,rastrigin,3,0.000000,0.621848,0.994957,1.269303,0.750835
3,0.585390,1.287720,exponential_3,150,50,rastrigin,3,0.994959,2.358448,2.916946,1.619408,0.747685
3,0.500000,7.295407,exponential_3,150,50,rastrigin,3,0.000000,0.248739,0.000000,1.048253,1.134820
3,10.000000,10.000000,quadratic,150,50,rastrigin,3,1.976650,6.411555,7.461514,2.551314,0.794890
3,0.500000,3.316448,exponential_3,150,50,rastrigin,3,0.000000,1.492440,1.989918,2.048743,0.842245
3,0.585390,2.066557,exponential_3,150,50,rastrigin,3,0.000000,1.554701,1.989920,1.754560,0.895280
3,0.802409,10.000000,exponential_3,150,50,rastrigin,3,0.000000,0.373109,0.497478,0.586519,0.820190
3,0.585390,3.316448,exponential_3,150,50,rastrigin,3,0.000000,1.368068,1.989916,1.842016,0.863575
3,0.685363,3.316448,exponential_3,150,50,rastrigin,3,0.000000,0.808428,0.994957,1.262440,0.948365
3,10.000000,1.099883,quadratic,150,50,rastrigin,3,0.000000,0.000000,0.000000,0.397983,0.977155
3,10.000000,2.832683,quadratic,150,50,rastrigin,3,0.001869,0.983196,1.086351,0.686994,0.975925
3,7.295407,2.066557,quadratic,150,50,rastrigin,3,0.000004,0.249136,0.001373,0.488518,0.980770
3,0.939444,0.685363,exponential_3,150,50,rastrigin,3,0.000267,1.387192,1.989917,2.612386,0.948845
3,10.000000,1.765111,quadratic,150,50,rastrigin,3,0.000027,0.036941,0.003139,0.400275,1.052935
3,0.585390,5.322296,exponential_3,150,50,rastrigin,3,0.000000,0.497478,0.994957,1.154965,0.874830
3,10.000000,4.545940,quadratic,150,50,rastrigin,3,1.476784,2.667487,2.939292,1.030492,0.921165
3,0.685363,2.419483,exponential_3,150,50,rastrigin,3,0.000000,1.119601,1.989917,1.478862,0.714290
3,0.802409,7.295407,exponential_3,150,50,rastrigin,3,0.000000,0.186554,0.000000,0.665581,0.774250
3,0.500000,0.802409,exponential_3,150,50,rastrigin,3,1.004208,3.149035,4.974875,2.916708,0.817850
3,0.500000,5.322296,exponential_3,150,50,rastrigin,3,0.000000,0.497479,0.994957,0.808308,0.859020
3,0.685363,10.000000,exponential_3,150,50,rastrigin,3,0.000000,0.186554,0.000000,0.474564,1.119115
3,1.099883,1.287720,exponential_3,150,50,rastrigin,3,0.000000,1.243698,1.492438,2.351868,1.522565
3,0.685363,0.585390,exponential_3,150,50,rastrigin,3,0.994961,3.611144,4.977510,3.263543,0.868765
3,0.939444,1.099883,exponential_3,150,50,rastrigin,3,0.000000,2.363029,2.984877,1.937155,0.895770
3,0.685363,0.939444,exponential_3,150,50,rastrigin,3,0.068546,2.680705,2.985484,2.460908,0.855315
3,0.939444,2.832683,exponential_3,150,50,rastrigin,3,0.000000,0.746218,0.994957,2.372820,0.855270
3,0.500000,1.099883,exponential_3,150,50,rastrigin,3,0.000061,1.877654,1.990950,3.140093,0.744155
3,0.585390,0.802409,exponential_3,150,50,rastrigin,3,0.995350,2.649729,2.985903,2.668507,0.773295
3,1.507637,0.685363,exponential_3,150,50,rastrigin,3,0.000000,2.238791,2.487398,1.759505,0.714110
3,0.500000,2.066557,exponential_3,150,50,rastrigin,3,0.009554,2.987368,2.487402,3.424306,0.933490
3,0.585390,6.231237,exponential_3,150,50,rastrigin,3,0.000000,0.621848,0.994957,0.596975,0.896615
3,0.802409,2.419483,exponential_3,150,50,rastrigin,3,0.000000,1.554717,1.989915,2.188823,0.939200
3,0.685363,6.231237,exponential_3,150,50,rastrigin,3,0.000000,0.435294,0.994957,0.494985,0.835925
3,0.585390,0.500000,exponential_3,150,50,rastrigin,3,1.003181,3.548479,3.262103,3.281470,1.036200
3,1.287720,10.000000,exponential_3,150,50,rastrigin,3,0.000000,0.000000,0.000000,0.507331,0.930630
3,1.099883,0.802409,exponential_3,150,50,rastrigin,3,0.000000,2.141762,2.703037,1.897337,0.991240
3,8.541316,10.000000,quadratic,150,50,rastrigin,3,1.458996,6.086766,7.328408,2.758744,1.147800
3,1.507637,1.099883,exponential_3,150,50,rastrigin,3,0.000000,1.119331,0.994967,1.644983,0.943080
3,0.685363,1.099883,exponential_3,150,50,rastrigin,3,0.002941,2.492105,2.984894,2.164833,0.799665
3,1.099883,5.322296,exponential_3,150,50,rastrigin,3,0.000000,0.248739,0.000000,0.667438,0.770290
3,0.500000,1.287720,exponential_3,150,50,rastrigin,3,0.994959,2.943956,2.985970,3.352490,0.789325
3,0.939444,8.541316,exponential_3,150,50,rastrigin,3,0.000000,0.062185,0.000000,0.430829,0.724180
3,0.585390,0.939444,exponential_3,150,50,rastrigin,3,0.994959,2.689048,2.490431,2.561707,0.768080
3,0.802409,4.545940,exponential_3,150,50,rastrigin,3,0.000000,0.310924,0.000000,0.665581,0.766795
3,0.585390,1.507637,exponential_3,150,50,rastrigin,3,0.000000,1.306742,0.995127,1.885360,0.732405
3,0.685363,0.685363,exponential_3,150,50,rastrigin,3,0.003098,3.505845,4.552096,2.909687,1.144425
3,0.585390,10.000000,exponential_3,150,50,rastrigin,3,0.000000,0.497478,0.994957,0.487427,0.908370
3,0.939444,2.066557,exponential_3,150,50,rastrigin,3,0.000000,1.057145,0.994970,1.544590,1.005795
3,0.802409,0.500000,exponential_3,150,50,rastrigin,3,0.001907,2.639121,3.009874,2.958536,1.479565
3,0.500000,0.500000,exponential_3,150,50,rastrigin,3,2.028761,5.253364,5.970793,2.753083,0.867990
3,1.507637,1.765111,exponential_3,150,50,rastrigin,3,0.000000,0.808403,0.994957,0.958212,0.952275
3,0.685363,1.507637,exponential_3,150,50,rastrigin,3,0.000000,1.804572,1.989922,1.618448,0.868080
3,0.939444,3.316448,exponential_3,150,50,rastrigin,3,0.000000,0.373109,0.497478,0.659980,1.341005
3,1.287720,1.507637,exponential_3,150,50,rastrigin,3,0.000000,1.057146,1.492438,1.237714,0.739390
3,0.685363,3.882831,exponential_3,150,50,rastrigin,3,0.000000,0.435294,0.497478,0.824976,0.840755
3,0.585390,2.419483,exponential_3,150,50,rastrigin,3,0.000000,1.430254,1.492443,2.089407,1.067715
3,0.939444,0.802409,exponential_3,150,50,rastrigin,3,0.995758,4.053782,4.974795,2.620085,0.751620
3,0.585390,3.882831,exponential_3,150,50,rastrigin,3,0.000000,0.808403,0.994957,1.116838,0.968070
3,0.802409,0.685363,exponential_3,150,50,rastrigin,3,0.994965,2.793428,3.996837,2.870184,0.727495
3,1.287720,6.231237,exponential_3,150,50,rastrigin,3,0.000000,0.124370,0.000000,0.455947,0.790150
3,1.099883,0.500000,exponential_3,150,50,rastrigin,3,1.989916,4.131878,4.985226,2.777529,0.758935
3,0.802409,8.541316,exponential_3,150,50,rastrigin,3,0.000000,0.310924,0.000000,0.494985,0.725945
3,0.685363,2.832683,exponential_3,150,50,rastrigin,3,0.000000,1.243698,1.989916,1.366936,0.750320
3,1.287720,3.882831,exponential_3,150,50,rastrigin,3,0.000000,0.435294,0.994957,0.580155,0.897295
3,1.507637,1.287720,exponential_3,150,50,rastrigin,3,0.000000,1.181513,1.989916,1.193949,1.192390
3,1.287720,0.939444,exponential_3,150,50,rastrigin,3,0.000000,1.368299,1.494130,1.587921,2.615390
3,0.939444,5.322296,exponential_3,150,50,rastrigin,3,0.000000,0.559663,0.994957,0.474565,0.725660
3,1.287720,2.419483,exponential_3,150,50,rastrigin,3,0.000000,0.559664,0.994957,0.722629,1.016425
3,1.765111,1.287720,exponential_3,150,50,rastrigin,3,0.000000,0.559664,0.994957,1.702367,1.139180
3,1.099883,3.316448,exponential_3,150,50,rastrigin,3,0.000000,0.684033,0.994957,0.569391,0.786425
3,0.802409,1.099883,exponential_3,150,50,rastrigin,3,0.994961,2.488439,1.997257,2.204218,0.809460
3,0.939444,1.287720,exponential_3,150,50,rastrigin,3,0.000000,1.243715,1.989917,1.319960,0.890895
3,1.099883,1.507637,exponential_3,150,50,rastrigin,3,0.000000,1.368068,1.989916,1.146363,0.913480
3,10.000000,6.231237,quadratic,150,50,rastrigin,3,0.810608,3.362920,3.697199,2.041383,0.953355
3,0.802409,1.765111,exponential_3,150,50,rastrigin,3,0.000000,1.305887,1.492458,1.831910,0.793070
3,1.507637,0.802409,exponential_3,150,50,rastrigin,3,0.000000,1.741377,1.990080,1.616504,0.784460
3,0.685363,7.295407,exponential_3,150,50,rastrigin,3,0.000000,0.248739,0.000000,0.667438,0.815335
3,1.099883,8.541316,exponential_3,150,50,rastrigin,3,0.000000,0.124370,0.000000,0.455947,0.898015
3,0.802409,2.832683,exponential_3,150,50,rastrigin,3,0.000000,0.808409,0.994957,0.905083,0.882185
3,1.507637,2.832683,exponential_3,150,50,rastrigin,3,0.000000,0.497478,0.994957,1.130055,0.928865
3,1.287720,0.585390,exponential_3,150,50,rastrigin,3,0.000008,2.929718,3.524712,2.229658,0.964800
3,0.500000,8.541316,exponential_3,150,50,rastrigin,3,0.000000,0.373109,0.497478,1.094453,0.926955
3,1.507637,0.500000,exponential_3,150,50,rastrigin,3,0.994959,2.488917,2.488764,1.703610,0.889165
3,0.585390,0.585390,exponential_3,150,50,rastrigin,3,0.067720,4.043921,5.510852,3.530585,0.910920
3,1.099883,0.939444,exponential_3,150,50,rastrigin,3,0.000015,2.176603,1.989934,1.877213,0.888895
3,0.939444,0.500000,exponential_3,150,50,rastrigin,3,0.995207,3.801851,4.978742,3.321566,0.859660
3,0.939444,10.000000,exponential_3,150,50,rastrigin,3,0.000000,0.000000,0.000000,0.355271,0.737255
3,1.765111,0.500000,exponential_3,150,50,rastrigin,3,0.000229,2.238832,1.989922,1.885704,0.839170
3,1.287720,2.832683,exponential_3,150,50,rastrigin,3,0.000000,0.435294,0.994957,1.146362,1.293520
3,1.507637,0.939444,exponential_3,150,50,rastrigin,3,0.000000,1.616910,1.989916,1.576268,0.776545
3,1.765111,0.939444,exponential_3,150,50,rastrigin,3,0.000000,1.368304,1.989916,1.457910,0.804655
3,0.802409,5.322296,exponential_3,150,50,rastrigin,3,0.000000,0.559663,0.994957,0.619356,0.812885
3,1.099883,3.882831,exponential_3,150,50,rastrigin,3,0.000000,0.186554,0.000000,0.800617,1.016835
3,0.939444,2.419483,exponential_3,150,50,rastrigin,3,0.000000,0.621849,0.994957,1.197054,0.849180
3,0.939444,1.507637,exponential_3,150,50,rastrigin,3,0.000000,1.678993,1.989918,1.734767,1.019585
3,0.939444,0.939444,exponential_3,150,50,rastrigin,3,0.000000,1.119385,0.995032,2.279171,0.709075
3,1.099883,2.066557,exponential_3,150,50,rastrigin,3,0.000000,0.559663,0.994957,0.938641,0.914490
3,1.765111,3.316448,exponential_3,150,50,rastrigin,3,0.000000,0.248739,0.000000,0.487428,0.869365
3,1.099883,10.000000,exponential_3,150,50,rastrigin,3,0.000000,0.062185,0.000000,0.553969,0.937925
3,1.765111,1.507637,exponential_3,150,50,rastrigin,3,0.000000,0.497479,0.994957,1.102340,1.273395
3,1.287720,1.765111,exponential_3,150,50,rastrigin,3,0.000000,0.621878,0.994957,1.154965,0.860805
3,2.066557,0.939444,exponential_3,150,50,rastrigin,3,0.000000,0.746303,0.994958,1.451178,0.876595
3,1.287720,0.685363,exponential_3,150,50,rastrigin,3,0.005783,2.060231,1.989930,1.770067,0.901765
3,1.507637,3.316448,exponential_3,150,50,rastrigin,3,0.000000,0.186554,0.000000,0.580155,0.941300
3,1.765111,4.545940,exponential_3,150,50,rastrigin,3,0.000000,0.000000,0.000000,0.355271,0.893760
3,2.066557,1.765111,exponential_3,150,50,rastrigin,3,0.000000,0.559664,0.994957,0.722630,0.717800
3,1.765111,0.585390,exponential_3,150,50,rastrigin,3,0.994957,1.803611,1.990038,1.619590,0.753310
3,1.287720,7.295407,exponential_3,150,50,rastrigin,3,0.000000,0.062185,0.000000,0.430829,0.742265
3,1.765111,8.541316,exponential_3,150,50,rastrigin,3,0.000000,0.000000,0.000000,0.355271,0.762365
3,2.066557,0.500000,exponential_3,150,50,rastrigin,3,0.000065,1.866663,1.989923,1.555705,0.748790
3,1.099883,0.585390,exponential_3,150,50,rastrigin,3,0.994965,2.056826,2.002369,1.801450,0.901500
3,2.066557,1.287720,exponential_3,150,50,rastrigin,3,0.000000,0.932772,0.994957,0.433692,1.453335
3,1.287720,4.545940,exponential_3,150,50,rastrigin,3,0.000000,0.062185,0.000000,0.553969,0.888690
3,1.099883,6.231237,exponential_3,150,50,rastrigin,3,0.000000,0.000000,0.000000,0.507330,0.812215
3,1.287720,1.099883,exponential_3,150,50,rastrigin,3,0.000000,1.057186,0.994975,1.537325,0.898315
3,2.066557,0.685363,exponential_3,150,50,rastrigin,3,0.000000,1.119975,1.000132,1.344806,0.736225
3,0.939444,6.231237,exponential_3,150,50,rastrigin,3,0.000000,0.435294,0.994957,0.580155,0.907685
3,1.099883,1.765111,exponential_3,150,50,rastrigin,3,0.000000,0.684036,0.994959,1.085369,0.884260
3,1.765111,0.685363,exponential_3,150,50,rastrigin,3,0.000000,1.803370,1.989917,2.351885,0.903375
3,1.507637,4.545940,exponential_3,150,50,rastrigin,3,0.000000,0.186554,0.000000,0.474564,0.956645
3,1.507637,7.295407,exponential_3,150,50,rastrigin,3,0.000000,0.000000,0.000000,0.355271,0.957830
3,1.507637,1.507637,exponential_3,150,50,rastrigin,3,0.000000,1.119334,1.492485,1.537361,1.029835
3,0.802409,1.287720,exponential_3,150,50,rastrigin,3,0.000000,2.611890,2.984892,1.823684,1.148950
3,2.066557,0.585390,exponential_3,150,50,rastrigin,3,0.994959,2.487460,2.984875,1.649626,0.756135
3,1.765111,10.000000,exponential_3,150,50,rastrigin,3,0.000000,0.124370,0.000000,0.455947,0.779975
3,1.287720,8.541316,exponential_3,150,50,rastrigin,3,0.000000,0.062185,0.000000,0.553969,0.861110
3,1.507637,0.585390,exponential_3,150,50,rastrigin,3,0.000000,2.053094,1.991589,1.747932,0.816925
3,0.802409,3.316448,exponential_3,150,50,rastrigin,3,0.000000,0.808403,0.994957,0.696471,0.877385
3,0.939444,0.585390,exponential_3,150,50,rastrigin,3,0.017174,1.878673,1.990542,1.962965,0.747820
3,0.802409,0.802409,exponential_3,150,50,rastrigin,3,0.994959,2.493830,2.035404,2.023877,0.752530
3,2.066557,2.419483,exponential_3,150,50,rastrigin,3,0.000000,0.248739,0.000000,0.586519,0.707625
3,2.419483,0.685363,exponential_3,150,50,rastrigin,3,0.994957,1.492442,1.989916,1.910598,1.271355
3,1.099883,1.099883,exponential_3,150,50,rastrigin,3,0.000000,1.119366,0.995097,0.796195,0.900485
3,1.765111,6.231237,exponential_3,150,50,rastrigin,3,0.000000,0.000000,0.000000,0.397983,0.914225
3,1.287720,3.316448,exponential_3,150,50,rastrigin,3,0.000000,0.435294,0.994957,0.974856,0.917765
3,2.066557,8.541316,exponential_3,150,50,rastrigin,3,0.000000,0.000000,0.000000,0.216846,0.819910
3,1.099883,4.545940,exponential_3,150,50,rastrigin,3,0.000000,0.124370,0.000000,0.569390,0.871025
3,1.765111,5.322296,exponential_3,150,50,rastrigin,3,0.000000,0.124370,0.000000,0.455947,1.823180
3,1.287720,5.322296,exponential_3,150,50,rastrigin,3,0.000000,0.000000,0.000000,0.533487,1.102025
3,2.066557,3.316448,exponential_3,150,50,rastrigin,3,0.000000,0.000000,0.000000,0.533487,0.968715
3,2.066557,4.545940,exponential_3,150,50,rastrigin,3,0.000000,0.000000,0.000000,0.507330,0.900840
3,2.066557,6.231237,exponential_3,150,50,rastrigin,3,0.000000,0.000000,0.000000,0.397983,0.936620
3,2.066557,2.066557,exponential_3,150,50,rastrigin,3,0.000000,0.248739,0.000000,0.586519,1.703970
3,1.287720,0.500000,exponential_3,150,50,rastrigin,3,1.989948,3.049720,3.484439,1.849268,0.713635
3,1.765111,3.882831,exponential_3,150,50,rastrigin,3,0.000000,0.124370,0.000000,0.569390,0.740875
3,1.287720,2.066557,exponential_3,150,50,rastrigin,3,0.000000,0.994958,0.994958,1.237713,0.724230
3,1.099883,2.419483,exponential_3,150,50,rastrigin,3,0.000000,0.870588,0.994957,1.181447,0.921710
3,10.000000,7.295407,quadratic,150,50,rastrigin,3,2.211601,4.434947,5.192204,1.771362,2.069615
3,2.419483,0.500000,exponential_3,150,50,rastrigin,3,0.000000,1.243700,0.994970,1.573184,0.865580
3,2.832683,0.939444,exponential_3,150,50,rastrigin,3,0.000000,0.684034,0.994957,0.665581,0.748720
3,1.507637,3.882831,exponential_3,150,50,rastrigin,3,0.000000,0.062185,0.000000,0.911894,0.920875
3,2.066557,1.099883,exponential_3,150,50,rastrigin,3,0.000000,1.057143,0.994959,1.154965,0.952890
3,1.099883,0.685363,exponential_3,150,50,rastrigin,3,0.000019,2.193080,2.010008,2.659028,0.747510
3,2.419483,1.287720,exponential_3,150,50,rastrigin,3,0.000000,0.621848,0.994957,1.038766,1.781825
3,3.316448,0.500000,exponential_3,150,50,rastrigin,3,0.000000,0.870589,0.994959,1.845372,0.721905
3,1.287720,0.802409,exponential_3,150,50,rastrigin,3,0.000000,1.803368,1.989926,2.387996,0.835615
3,2.066557,0.802409,exponential_3,150,50,rastrigin,3,0.000000,1.368767,1.492437,1.556446,0.734010
3,1.099883,7.295407,exponential_3,150,50,rastrigin,3,0.000000,0.000000,0.000000,0.355271,0.773700
3,0.685363,1.765111,exponential_3,150,50,rastrigin,3,0.000000,2.176788,1.989920,2.190372,0.868270
3,1.765111,0.802409,exponential_3,150,50,rastrigin,3,0.000000,1.368075,1.492468,1.442212,0.732615
3,0.939444,3.882831,exponential_3,150,50,rastrigin,3,0.000000,0.435294,0.994957,0.650538,0.872915
3,1.765111,1.765111,exponential_3,150,50,rastrigin,3,0.000000,0.621848,0.994957,0.596975,0.863520
3,2.419483,0.939444,exponential_3,150,50,rastrigin,3,0.000000,0.684036,0.994959,0.989968,0.770890
3,1.765111,2.419483,exponential_3,150,50,rastrigin,3,0.000000,0.435294,0.994957,1.024372,0.987045
3,0.685363,4.545940,exponential_3,150,50,rastrigin,3,0.000000,0.497478,0.994957,1.130055,0.977410
3,2.066557,7.295407,exponential_3,150,50,rastrigin,3,0.000000,0.000000,0.000000,0.216846,1.014450
3,1.287720,1.287720,exponential_3,150,50,rastrigin,3,0.000000,0.870623,0.994959,1.181417,1.007345
3,1.765111,1.099883,exponential_3,150,50,rastrigin,3,0.000000,0.994959,0.994958,2.190602,0.718640
3,1.099883,2.832683,exponential_3,150,50,rastrigin,3,0.000000,0.746218,0.994958,1.116837,1.047385
3,3.316448,1.287720,exponential_3,150,50,rastrigin,3,0.000000,0.248739,0.000000,0.736202,0.973270
3,2.419483,3.316448,exponential_3,150,50,rastrigin,3,0.000000,0.186554,0.000000,0.474564,0.742905
3,2.832683,0.685363,exponential_3,150,50,rastrigin,3,0.000000,1.057147,0.994989,1.349625,0.740595
3,2.066557,2.832683,exponential_3,150,50,rastrigin,3,0.000000,0.186554,0.000000,0.580157,0.759305
3,2.419483,4.545940,exponential_3,150,50,rastrigin,3,0.000000,0.062185,0.000000,0.430829,0.840105
3,2.419483,1.765111,exponential_3,150,50,rastrigin,3,0.000000,0.559663,0.994957,0.553969,0.953455
3,0.802409,2.066557,exponential_3,150,50,rastrigin,3,0.000000,0.994959,0.994959,1.107938,0.850370
3,2.419483,6.231237,exponential_3,150,50,rastrigin,3,0.000000,0.000000,0.000000,0.397983,0.933935
3,2.419483,2.419483,exponential_3,150,50,rastrigin,3,0.000000,0.497478,0.994957,0.569391,1.013800
3,2.419483,8.541316,exponential_3,150,50,rastrigin,3,0.000000,0.186554,0.000000,0.474565,1.005665
3,2.832683,1.287720,exponential_3,150,50,rastrigin,3,0.000000,0.559663,0.994957,0.619356,0.874375
3,2.832683,0.500000,exponential_3,150,50,rastrigin,3,0.000000,1.430254,1.989917,1.661907,1.056715
3,3.882831,0.939444,exponential_3,150,50,rastrigin,3,0.000000,0.310924,0.000000,0.494985,0.956530
3,2.066557,10.000000,exponential_3,150,50,rastrigin,3,0.000000,0.000000,0.000000,0.355271,0.919780
3,2.832683,1.765111,exponential_3,150,50,rastrigin,3,0.000000,0.186554,0.000000,0.474565,1.061575
3,2.832683,2.419483,exponential_3,150,50,rastrigin,3,0.000000,0.062185,0.000000,0.430829,0.990325
3,2.066557,3.882831,exponential_3,150,50,rastrigin,3,0.000000,0.186554,0.000000,0.474564,0.738735
3,2.832683,0.802409,exponential_3,150,50,rastrigin,3,0.000000,0.746218,0.994957,0.860222,0.756610
3,2.832683,3.316448,exponential_3,150,50,rastrigin,3,0.000000,0.000000,0.000000,0.355271,0.854240
3,3.882831,1.765111,exponential_3,150,50,rastrigin,3,0.000000,0.124370,0.000000,0.455947,1.385440
3,2.832683,6.231237,exponential_3,150,50,rastrigin,3,0.000000,0.124370,0.000000,0.455947,0.787760
3,2.832683,4.545940,exponential_3,150,50,rastrigin,3,0.000000,0.124370,0.000000,0.455947,0.974250
3,1.507637,2.066557,exponential_3,150,50,rastrigin,3,0.000000,0.559664,0.994957,0.722630,0.911580
3,3.316448,0.685363,exponential_3,150,50,rastrigin,3,0.000000,1.057143,0.994958,1.537363,0.708070
3,2.832683,8.541316,exponential_3,150,50,rastrigin,3,0.000000,0.000000,0.000000,0.397983,0.984985
3,3.316448,0.939444,exponential_3,150,50,rastrigin,3,0.000000,0.559664,0.994957,0.674814,0.886045
3,2.066557,1.507637,exponential_3,150,50,rastrigin,3,0.000000,0.497479,0.994957,1.038767,0.940620
3,2.419483,0.585390,exponential_3,150,50,rastrigin,3,0.000000,0.933055,0.995024,1.581752,0.860250
3,2.832683,1.099883,exponential_3,150,50,rastrigin,3,0.000000,0.310924,0.000000,1.202212,0.691485
3,1.507637,8.541316,exponential_3,150,50,rastrigin,3,0.000000,0.000000,0.000000,0.397983,0.798625
3,1.507637,5.322296,exponential_3,150,50,rastrigin,3,0.000000,0.124370,0.000000,0.455947,1.014640
3,3.316448,1.765111,exponential_3,150,50,rastrigin,3,0.000000,0.310924,0.000000,0.494985,0.788525
3,3.316448,0.585390,exponential_3,150,50,rastrigin,3,0.000000,1.243702,0.994992,1.505645,0.855150
3,3.316448,6.231237,exponential_3,150,50,rastrigin,3,0.000000,0.000000,0.000000,0.397983,0.796565
3,3.316448,3.316448,exponential_3,150,50,rastrigin,3,0.000000,0.000000,0.000000,0.355271,1.021790
3,3.316448,2.419483,exponential_3,150,50,rastrigin,3,0.000000,0.124370,0.000000,0.455947,1.104210
3,1.765111,2.066557,exponential_3,150,50,rastrigin,3,0.000000,0.373109,0.497478,0.722630,0.733335
3,1.507637,2.419483,exponential_3,150,50,rastrigin,3,0.000000,0.435294,0.994957,0.710542,0.870285
3,3.882831,0.685363,exponential_3,150,50,rastrigin,3,0.000000,0.310924,0.000000,1.171983,0.886510
3,3.316448,8.541316,exponential_3,150,50,rastrigin,3,0.000000,0.000000,0.000000,0.355271,0.959190
3,2.419483,1.099883,exponential_3,150,50,rastrigin,3,0.000000,0.435294,0.994957,0.710542,0.793650
3,3.882831,2.066557,exponential_3,150,50,rastrigin,3,0.000000,0.248739,0.000000,0.487428,1.199155
3,4.545940,0.685363,exponential_3,150,50,rastrigin,3,0.000000,0.621848,0.994957,0.596975,1.368505
3,3.882831,1.287720,exponential_3,150,50,rastrigin,3,0.000000,0.186554,0.000000,0.474565,0.860290
3,1.765111,2.832683,exponential_3,150,50,rastrigin,3,0.000000,0.497479,0.994957,0.569391,0.953980
3,1.765111,7.295407,exponential_3,150,50,rastrigin,3,0.000000,0.124370,0.000000,0.569390,0.947770
3,4.545940,1.287720,exponential_3,150,50,rastrigin,3,0.000000,0.310924,0.000000,0.494985,1.099150
3,1.507637,10.000000,exponential_3,150,50,rastrigin,3,0.000000,0.062185,0.000000,0.430829,0.838675
3,2.419483,3.882831,exponential_3,150,50,rastrigin,3,0.000000,0.000000,0.000000,0.216846,0.841450
3,3.882831,4.545940,exponential_3,150,50,rastrigin,3,0.000000,0.000000,0.000000,0.298487,0.799530
3,3.316448,7.295407,exponential_3,150,50,rastrigin,3,0.000000,0.248739,0.000000,0.487428,0.782645
3,3.316448,1.507637,exponential_3,150,50,rastrigin,3,0.000000,0.435294,0.994957,0.710542,0.899155
3,3.882831,3.316448,exponential_3,150,50,rastrigin,3,0.000000,0.062185,0.000000,0.430829,0.928390
3,2.419483,2.066557,exponential_3,150,50,rastrigin,3,0.000000,0.310924,0.000000,0.665582,0.918355
3,3.316448,3.882831,exponential_3,150,50,rastrigin,3,0.000000,0.000000,0.000000,0.397983,0.915610
3,3.882831,6.231237,exponential_3,150,50,rastrigin,3,0.000000,0.000000,0.000000,0.474565,0.942825
3,2.419483,2.832683,exponential_3,150,50,rastrigin,3,0.000000,0.062185,0.000000,0.430829,0.911610
3,2.832683,1.507637,exponential_3,150,50,rastrigin,3,0.000000,0.248739,0.000000,0.667438,0.881365
3,2.419483,10.000000,exponential_3,150,50,rastrigin,3,0.000000,0.000000,0.000000,0.355271,0.938440
3,2.832683,0.585390,exponential_3,150,50,rastrigin,3,0.000000,1.305882,1.989915,1.556561,0.888805
3,4.545940,4.545940,exponential_3,150,50,rastrigin,3,0.000000,0.000000,0.000000,0.355271,1.142995
3,2.832683,2.066557,exponential_3,150,50,rastrigin,3,0.000000,0.621848,0.994957,0.533487,0.759565
3,4.545940,0.500000,exponential_3,150,50,rastrigin,3,0.000000,0.559667,0.994957,0.788156,0.786580
3,3.316448,4.545940,exponential_3,150,50,rastrigin,3,0.000000,0.062185,0.000000,0.553969,0.763490
3,3.882831,5.322296,exponential_3,150,50,rastrigin,3,0.000000,0.000000,0.000000,0.397983,0.783380
3,3.882831,0.500000,exponential_3,150,50,rastrigin,3,0.000000,0.870589,0.994959,1.352374,0.712785
3,3.882831,8.541316,exponential_3,150,50,rastrigin,3,0.000000,0.000000,0.000000,0.355271,0.965145
3,2.832683,3.882831,exponential_3,150,50,rastrigin,3,0.000000,0.248739,0.000000,0.487428,0.867860
3,2.832683,2.832683,exponential_3,150,50,rastrigin,3,0.000000,0.000000,0.000000,0.298487,0.916255
3,2.419483,1.507637,exponential_3,150,50,rastrigin,3,0.000000,0.497479,0.994957,0.637084,0.870975
3,4.545940,0.802409,exponential_3,150,50,rastrigin,3,0.000000,0.497479,0.994957,0.487427,1.118045
3,2.832683,5.322296,exponential_3,150,50,rastrigin,3,0.000000,0.000000,0.000000,0.216846,0.983775
3,5.322296,3.316448,exponential_3,150,50,rastrigin,3,0.000000,0.000000,0.000000,0.397983,0.968440
3,3.316448,1.099883,exponential_3,150,50,rastrigin,3,0.000000,0.310924,0.000000,0.999920,0.871920
3,2.419483,0.802409,exponential_3,150,50,rastrigin,3,0.000000,0.994958,0.994957,1.661163,0.723425
3,3.882831,7.295407,exponential_3,150,50,rastrigin,3,0.000000,0.000000,0.000000,0.533486,1.147660
3,3.882831,2.419483,exponential_3,150,50,rastrigin,3,0.000000,0.186554,0.000000,0.474564,0.764935
3,4.545940,2.419483,exponential_3,150,50,rastrigin,3,0.000000,0.062185,0.000000,0.430829,0.828240
3,6.231237,0.685363,exponential_3,150,50,rastrigin,3,0.000000,0.435294,0.994957,0.580155,1.119940
3,2.419483,5.322296,exponential_3,150,50,rastrigin,3,0.000000,0.000000,0.000000,0.216846,0.867415
3,1.507637,6.231237,exponential_3,150,50,rastrigin,3,0.000000,0.000000,0.000000,0.397983,1.047180
3,3.316448,2.066557,exponential_3,150,50,rastrigin,3,0.000000,0.124370,0.000000,0.915955,0.962475
3,5.322296,4.545940,exponential_3,150,50,rastrigin,3,0.000000,0.062185,0.000000,0.553969,1.380685
3,3.316448,2.832683,exponential_3,150,50,rastrigin,3,0.000000,0.000000,0.000000,0.355271,0.924400
3,2.066557,5.322296,exponential_3,150,50,rastrigin,3,0.000000,0.062185,0.000000,0.430829,0.972975
3,4.545940,3.316448,exponential_3,150,50,rastrigin,3,0.000000,0.000000,0.000000,0.397983,0.961720
3,3.882831,0.802409,exponential_3,150,50,rastrigin,3,0.000000,0.746224,0.994957,1.116832,1.004775
3,2.419483,7.295407,exponential_3,150,50,rastrigin,3,0.000000,0.062185,0.000000,0.430829,1.073325
3,3.316448,10.000000,exponential_3,150,50,rastrigin,3,0.000000,0.062185,0.000000,0.430829,1.184720
3,4.545940,6.231237,exponential_3,150,50,rastrigin,3,0.000000,0.000000,0.000000,0.216846,0.932010
3,4.545940,8.541316,exponential_3,150,50,rastrigin,3,0.000000,0.062185,0.000000,0.553972,1.037940
3,3.882831,1.507637,exponential_3,150,50,rastrigin,3,0.000000,0.124370,0.000000,0.455947,0.835550
3,3.882831,1.099883,exponential_3,150,50,rastrigin,3,0.000000,0.373109,0.497478,0.777087,0.844870
3,5.322296,0.939444,exponential_3,150,50,rastrigin,3,0.000000,0.310924,0.000000,0.911893,0.799990
3,5.322296,1.287720,exponential_3,150,50,rastrigin,3,0.000000,0.248739,0.000000,0.667438,0.873775
3,5.322296,0.685363,exponential_3,150,50,rastrigin,3,0.000000,0.373109,0.497478,0.905083,0.968690
3,5.322296,0.500000,exponential_3,150,50,rastrigin,3,0.000000,0.746218,0.994957,0.703541,1.030825
3,4.545940,1.507637,exponential_3,150,50,rastrigin,3,0.000000,0.000000,0.000000,0.298487,0.980650
3,7.295407,0.939444,exponential_3,150,50,rastrigin,3,0.000000,0.373109,0.497478,0.949129,1.017025
3,7.295407,2.419483,exponential_3,150,50,rastrigin,3,0.000000,0.000000,0.000000,0.397983,0.958945
3,4.545940,0.939444,exponential_3,150,50,rastrigin,3,0.000000,0.497479,0.994957,0.744559,0.968345
3,5.322296,6.231237,exponential_3,150,50,rastrigin,3,0.000000,0.186558,0.000000,0.580153,0.990910
3,3.882831,3.882831,exponential_3,150,50,rastrigin,3,0.000000,0.000000,0.000000,0.533487,1.064015
3,5.322296,2.419483,exponential_3,150,50,rastrigin,3,0.000000,0.124370,0.000000,0.455947,1.091725
3,7.295407,4.545940,exponential_3,150,50,rastrigin,3,0.000000,0.000000,0.000000,0.397984,0.964735
3,6.231237,0.500000,exponential_3,150,50,rastrigin,3,0.000000,0.932772,0.994957,0.722630,0.762705
3,7.295407,3.316448,exponential_3,150,50,rastrigin,3,0.000000,0.000000,0.000000,0.298487,1.155650
3,4.545940,1.765111,exponential_3,150,50,rastrigin,3,0.000000,0.248739,0.000000,0.487428,0.795705
3,7.295407,1.287720,exponential_3,150,50,rastrigin,3,0.000000,0.124370,0.000000,0.455947,1.284460
3,3.882831,0.585390,exponential_3,150,50,rastrigin,3,0.000000,0.870603,0.994957,1.277064,0.709515
3,3.316448,5.322296,exponential_3,150,50,rastrigin,3,0.000000,0.124370,0.000000,0.455947,0.824790
3,6.231237,1.287720,exponential_3,150,50,rastrigin,3,0.000000,0.435294,0.994957,0.580155,0.777365
3,6.231237,0.939444,exponential_3,150,50,rastrigin,3,0.000000,0.310924,0.000000,0.665582,0.941335
3,4.545940,0.585390,exponential_3,150,50,rastrigin,3,0.000000,0.808403,0.994957,1.116838,0.917320
3,4.545940,5.322296,exponential_3,150,50,rastrigin,3,0.000000,0.000000,0.000000,0.355271,0.984170
3,3.882831,10.000000,exponential_3,150,50,rastrigin,3,0.000000,0.062188,0.000000,0.430829,0.809805
3,6.231237,2.419483,exponential_3,150,50,rastrigin,3,0.000000,0.062185,0.000000,0.430829,0.945110
3,6.231237,1.765111,exponential_3,150,50,rastrigin,3,0.000000,0.124370,0.000000,0.569391,1.114960
3,6.231237,4.545940,exponential_3,150,50,rastrigin,3,0.000000,0.062185,0.000000,0.553969,1.002500
3,4.545940,2.066557,exponential_3,150,50,rastrigin,3,0.000000,0.124370,0.000000,0.455947,0.740500
3,6.231237,6.231237,exponential_3,150,50,rastrigin,3,0.000000,0.000010,0.000000,0.397988,0.904795
3,3.882831,2.832683,exponential_3,150,50,rastrigin,3,0.000000,0.062185,0.000000,0.430829,0.866245
3,5.322296,3.882831,exponential_3,150,50,rastrigin,3,0.000000,0.062185,0.000000,0.553969,0.954320
3,7.295407,0.500000,exponential_3,150,50,rastrigin,3,0.000000,0.373109,0.497478,0.722630,0.915935
3,4.545940,2.832683,exponential_3,150,50,rastrigin,3,0.000000,0.062185,0.000000,0.430829,0.846685
3,7.295407,1.507637,exponential_3,150,50,rastrigin,3,0.000000,0.124370,0.000000,0.455947,1.015475
3,7.295407,1.099883,exponential_3,150,50,rastrigin,3,0.000000,0.124370,0.000000,0.455947,1.389375
3,6.231237,0.802409,exponential_3,150,50,rastrigin,3,0.000000,0.248739,0.000000,0.586519,0.887180
3,3.316448,0.802409,exponential_3,150,50,rastrigin,3,0.000000,0.870588,0.994957,0.808307,0.757065
3,7.295407,1.765111,exponential_3,150,50,rastrigin,3,0.000000,0.000000,0.000000,0.355271,0.943075
3,5.322296,5.322296,exponential_3,150,50,rastrigin,3,0.000000,0.000000,0.000000,0.298487,0.957355
3,5.322296,1.765111,exponential_3,150,50,rastrigin,3,0.000000,0.124370,0.000000,0.455947,1.016535
3,2.832683,10.000000,exponential_3,150,50,rastrigin,3,0.000000,0.124370,0.000000,0.455947,0.968700
3,2.832683,7.295407,exponential_3,150,50,rastrigin,3,0.000000,0.000000,0.000000,0.637084,1.188875
3,7.295407,6.231237,exponential_3,150,50,rastrigin,3,0.000000,0.000414,0.000202,0.397825,0.892305
3,8.541316,0.500000,exponential_3,150,50,rastrigin,3,0.000000,0.310924,0.000000,0.958212,0.864745
3,4.545940,7.295407,exponential_3,150,50,rastrigin,3,0.000000,0.062185,0.000000,0.430829,1.017960
3,5.322296,8.541316,exponential_3,150,50,rastrigin,3,0.000000,0.001823,0.000045,0.397478,1.095535
3,7.295407,8.541316,exponential_3,150,50,rastrigin,3,0.000376,0.255060,0.045965,0.626964,1.057615
3,4.545940,3.882831,exponential_3,150,50,rastrigin,3,0.000000,0.000000,0.000000,0.298487,1.128775
3,8.541316,0.939444,exponential_3,150,50,rastrigin,3,0.000000,0.062185,0.000000,0.553969,1.035140
3,5.322296,1.099883,exponential_3,150,50,rastrigin,3,0.000000,0.248739,0.000000,0.586519,1.053665
3,10.000000,2.419483,exponential_3,150,50,rastrigin,3,0.000000,0.062185,0.000000,0.430829,1.190450
3,4.545940,10.000000,exponential_3,150,50,rastrigin,3,0.000000,0.043082,0.000034,0.385638,1.226290
3,5.322296,1.507637,exponential_3,150,50,rastrigin,3,0.000000,0.062185,0.000000,0.430829,0.965750
3,8.541316,1.287720,exponential_3,150,50,rastrigin,3,0.000000,0.000000,0.000000,0.533487,1.164815
3,8.541316,1.765111,exponential_3,150,50,rastrigin,3,0.000000,0.000000,0.000000,0.397983,1.079730
3,5.322296,0.802409,exponential_3,150,50,rastrigin,3,0.000000,0.310924,0.000002,1.048253,1.119970
3,8.541316,2.419483,exponential_3,150,50,rastrigin,3,0.000000,0.000000,0.000000,0.355271,1.021415
3,7.295407,2.832683,exponential_3,150,50,rastrigin,3,0.000000,0.000000,0.000000,0.355271,0.989180
3,0.500000,0.500000,exponential_5,150,50,rastrigin,3,0.352716,3.626120,4.584555,3.585767,1.127605
3,4.545940,1.099883,exponential_3,150,50,rastrigin,3,0.000000,0.310924,0.000000,0.911894,0.939275
3,6.231237,0.585390,exponential_3,150,50,rastrigin,3,0.000000,0.559664,0.994957,1.134426,0.707455
3,5.322296,2.832683,exponential_3,150,50,rastrigin,3,0.000000,0.062185,0.000000,0.430829,0.808990
3,5.322296,7.295407,exponential_3,150,50,rastrigin,3,0.000000,0.000007,0.000004,0.533484,1.070575
3,7.295407,7.295407,exponential_3,150,50,rastrigin,3,0.000029,0.151110,0.012019,0.448293,1.082075
3,8.541316,3.316448,exponential_3,150,50,rastrigin,3,0.000000,0.000000,0.000000,0.298488,1.136540
3,6.231237,8.541316,exponential_3,150,50,rastrigin,3,0.000000,0.010257,0.002849,0.350962,0.926885
3,7.295407,0.685363,exponential_3,150,50,rastrigin,3,0.000000,0.373109,0.497478,1.307716,0.884440
3,7.295407,5.322296,exponential_3,150,50,rastrigin,3,0.000000,0.000005,0.000001,0.397982,1.170830
3,6.231237,1.507637,exponential_3,150,50,rastrigin,3,0.000000,0.248739,0.000000,0.667438,0.734935
3,7.295407,3.882831,exponential_3,150,50,rastrigin,3,0.000000,0.186554,0.000000,0.474564,1.194840
3,8.541316,6.231237,exponential_3,150,50,rastrigin,3,0.000010,0.001023,0.000898,0.354332,0.929920
3,8.541316,4.545940,exponential_3,150,50,rastrigin,3,0.000000,0.000005,0.000000,0.398036,0.980595
3,8.541316,8.541316,exponential_3,150,50,rastrigin,3,0.002878,0.490902,1.005297,0.642693,0.865210
3,6.231237,1.099883,exponential_3,150,50,rastrigin,3,0.000000,0.062185,0.000000,0.430829,0.878000
3,10.000000,0.500000,exponential_3,150,50,rastrigin,3,0.000000,0.310924,0.000000,0.494985,0.806785
3,0.585390,1.765111,exponential_5,150,50,rastrigin,3,0.994957,1.681894,1.990520,2.298559,0.880105
3,0.500000,0.585390,exponential_5,150,50,rastrigin,3,0.995478,3.695243,5.108746,2.884080,0.935470
3,6.231237,5.322296,exponential_3,150,50,rastrigin,3,0.000000,0.000000,0.000000,0.355271,0.872845
3,10.000000,0.939444,exponential_3,150,50,rastrigin,3,0.000000,0.000000,0.000000,0.507331,0.855945
3,6.231237,2.066557,exponential_3,150,50,rastrigin,3,0.000000,0.000000,0.000000,0.298487,0.949365
3,6.231237,7.295407,exponential_3,150,50,rastrigin,3,0.000000,0.000680,0.000128,0.397842,0.987100
3,7.295407,0.585390,exponential_3,150,50,rastrigin,3,0.000000,0.248739,0.000000,0.586519,0.722230
3,10.000000,1.287720,exponential_3,150,50,rastrigin,3,0.000000,0.062185,0.000000,0.553969,0.858975
3,10.000000,1.765111,exponential_3,150,50,rastrigin,3,0.000000,0.248739,0.000000,0.487428,1.033635
3,8.541316,0.685363,exponential_3,150,50,rastrigin,3,0.000000,0.435294,0.994957,0.494985,0.980520
3,10.000000,8.541316,exponential_3,150,50,rastrigin,3,0.003456,0.674649,1.112761,0.749860,0.915285
3,10.000000,4.545940,exponential_3,150,50,rastrigin,3,0.000000,0.000030,0.000030,0.216615,0.976465
3,10.000000,6.231237,exponential_3,150,50,rastrigin,3,0.000248,0.088438,0.040442,0.394444,1.004800
3,10.000000,3.316448,exponential_3,150,50,rastrigin,3,0.000000,0.000000,0.000000,0.355271,1.118230
3,5.322296,0.585390,exponential_3,150,50,rastrigin,3,0.000000,0.559663,0.994957,0.938641,0.916880
3,7.295407,2.066557,exponential_3,150,50,rastrigin,3,0.000000,0.000000,0.000000,0.355271,1.121025
3,5.322296,2.066557,exponential_3,150,50,rastrigin,3,0.000000,0.000000,0.000000,0.397983,1.040255
3,0.500000,1.287720,exponential_5,150,50,rastrigin,3,0.001463,3.117110,3.015530,2.288282,0.953835
3,0.500000,0.685363,exponential_5,150,50,rastrigin,3,1.040646,4.656506,5.917312,3.843177,1.012300
3,0.500000,0.939444,exponential_5,150,50,rastrigin,3,0.000172,3.333777,4.981469,3.179303,1.056895
3,8.541316,0.585390,exponential_3,150,50,rastrigin,3,0.000000,0.186554,0.000000,0.580155,0.811990
3,0.500000,1.765111,exponential_5,150,50,rastrigin,3,0.000004,1.874127,1.990665,1.614059,1.082490
3,0.500000,3.316448,exponential_5,150,50,rastrigin,3,0.000000,1.430483,1.989918,2.069696,0.811760
3,0.500000,6.231237,exponential_5,150,50,rastrigin,3,0.000000,0.932775,0.994960,1.424562,0.863850
3,8.541316,1.099883,exponential_3,150,50,rastrigin,3,0.000000,0.000000,0.000000,0.397983,0.811480
3,6.231237,3.316448,exponential_3,150,50,rastrigin,3,0.000000,0.000000,0.000000,0.355271,1.055045
3,0.685363,8.541316,exponential_5,150,50,rastrigin,3,0.000000,0.373109,0.497478,0.722630,1.209450
3,5.322296,10.000000,exponential_3,150,50,rastrigin,3,0.000008,0.131681,0.002673,0.567124,0.954090
3,0.500000,8.541316,exponential_5,150,50,rastrigin,3,0.000000,0.621849,0.994957,1.043521,0.865035
3,10.000000,2.832683,exponential_3,150,50,rastrigin,3,0.000000,0.000000,0.000000,0.298487,0.826560
3,0.802409,0.939444,exponential_5,150,50,rastrigin,3,0.996517,3.061942,4.477315,2.276609,1.087040
3,7.295407,10.000000,exponential_3,150,50,rastrigin,3,0.001801,0.495770,0.991985,0.569208,1.055055
3,0.585390,0.685363,exponential_5,150,50,rastrigin,3,0.415739,3.101346,4.513363,2.529004,0.825075
3,0.585390,0.939444,exponential_5,150,50,rastrigin,3,0.001698,2.447464,2.500899,4.099617,0.902830
3,10.000000,0.685363,exponential_3,150,50,rastrigin,3,0.000000,0.310924,0.000000,0.494985,0.800630
3,0.802409,8.541316,exponential_5,150,50,rastrigin,3,0.000000,0.497479,0.994957,0.958212,0.963075
3,8.541316,2.066557,exponential_3,150,50,rastrigin,3,0.000000,0.000000,0.000000,0.355271,0.969175
3,10.000000,3.882831,exponential_3,150,50,rastrigin,3,0.000000,0.000499,0.000000,0.397790,1.075345
3,8.541316,2.832683,exponential_3,150,50,rastrigin,3,0.000000,0.000000,0.000000,0.355271,0.959125
3,0.585390,1.287720,exponential_5,150,50,rastrigin,3,0.000002,2.755643,3.483460,2.040220,0.907635
3,0.585390,3.316448,exponential_5,150,50,rastrigin,3,0.000000,1.181513,0.994960,1.661908,0.717795
3,0.585390,6.231237,exponential_5,150,50,rastrigin,3,0.000000,0.559663,0.994957,1.691428,0.740540
3,0.585390,2.419483,exponential_5,150,50,rastrigin,3,0.000000,2.114831,1.989925,1.608995,0.879535
3,0.585390,4.545940,exponential_5,150,50,rastrigin,3,0.000000,0.684077,0.994958,0.832554,0.855255
3,0.685363,0.500000,exponential_5,150,50,rastrigin,3,0.994967,2.540714,2.535125,2.379316,0.730985
3,8.541316,3.882831,exponential_3,150,50,rastrigin,3,0.000000,0.000000,0.000000,0.355270,0.941840
3,0.585390,8.541316,exponential_5,150,50,rastrigin,3,0.000000,0.310924,0.000001,0.494985,0.858985
3,6.231237,2.832683,exponential_3,150,50,rastrigin,3,0.000000,0.000000,0.000000,0.397983,1.039655
3,7.295407,0.802409,exponential_3,150,50,rastrigin,3,0.000000,0.062185,0.000000,0.430829,0.881600
3,6.231237,10.000000,exponential_3,150,50,rastrigin,3,0.000238,0.084705,0.025050,0.546637,0.972610
3,8.541316,7.295407,exponential_3,150,50,rastrigin,3,0.000246,0.279980,0.079997,0.614882,0.804810
3,0.685363,0.685363,exponential_5,150,50,rastrigin,3,0.000599,3.940894,4.998705,2.797841,0.817980
3,0.585390,2.066557,exponential_5,150,50,rastrigin,3,0.994957,1.993988,2.021979,1.554887,0.785310
3,0.685363,0.939444,exponential_5,150,50,rastrigin,3,0.004269,2.925919,3.489038,2.661438,0.870385
3,0.585390,1.099883,exponential_5,150,50,rastrigin,3,0.994957,3.054944,3.980505,3.020320,0.895900
3,0.685363,1.287720,exponential_5,150,50,rastrigin,3,0.994959,2.056749,1.998163,2.131150,0.854045
3,10.000000,0.585390,exponential_3,150,50,rastrigin,3,0.000000,0.124370,0.000000,0.569391,0.947415
3,8.541316,10.000000,exponential_3,150,50,rastrigin,3,0.039558,0.710041,1.107340,0.704558,1.024585
3,0.585390,7.295407,exponential_5,150,50,rastrigin,3,0.000000,0.684033,0.994957,0.915956,0.713690
3,0.685363,1.765111,exponential_5,150,50,rastrigin,3,0.000000,1.554690,1.989920,2.120058,0.834425
3,0.685363,0.585390,exponential_5,150,50,rastrigin,3,0.036074,3.264596,4.022959,2.404476,0.735930
3,0.685363,2.419483,exponential_5,150,50,rastrigin,3,0.000000,1.244275,1.989916,1.300485,0.852860
3,0.685363,3.316448,exponential_5,150,50,rastrigin,3,0.000000,1.119347,0.994959,0.969757,0.880555
3,1.099883,0.939444,exponential_5,150,50,rastrigin,3,0.994959,2.552862,2.489593,2.087081,0.713845
3,0.500000,2.419483,exponential_5,150,50,rastrigin,3,0.000000,1.432456,1.989919,1.457741,0.748300
3,0.939444,6.231237,exponential_5,150,50,rastrigin,3,0.000000,0.186555,0.000000,0.474564,0.869155
3,0.802409,0.500000,exponential_5,150,50,rastrigin,3,0.019627,2.923701,3.999874,2.583933,0.867305
3,0.802409,0.685363,exponential_5,150,50,rastrigin,3,0.995100,4.563944,5.487244,3.164631,0.891950
3,10.000000,2.066557,exponential_3,150,50,rastrigin,3,0.000000,0.000000,0.000000,0.397983,0.962320
3,0.500000,4.545940,exponential_5,150,50,rastrigin,3,0.000000,0.746218,0.994957,1.056484,0.886670
3,8.541316,0.802409,exponential_3,150,50,rastrigin,3,0.000000,0.248739,0.000000,0.487428,0.904980
3,0.802409,1.287720,exponential_5,150,50,rastrigin,3,0.994959,1.865964,1.989931,2.659804,0.903525
3,10.000000,7.295407,exponential_3,150,50,rastrigin,3,0.008202,0.834711,1.010246,0.648333,0.815815
3,10.000000,5.322296,exponential_3,150,50,rastrigin,3,0.000015,0.065854,0.001493,0.429393,0.969460
3,10.000000,10.000000,exponential_3,150,50,rastrigin,3,0.178749,1.473576,1.634419,1.145990,1.022365
3,0.802409,6.231237,exponential_5,150,50,rastrigin,3,0.000000,0.497482,0.994957,0.882935,0.729475
3,0.802409,4.545940,exponential_5,150,50,rastrigin,3,0.000000,0.621849,0.994958,0.696471,0.740185
3,0.802409,3.316448,exponential_5,150,50,rastrigin,3,0.000000,1.181514,1.989916,1.338590,0.823710
3,0.585390,0.500000,exponential_5,150,50,rastrigin,3,2.047506,4.985467,5.135810,2.754076,0.950790
3,0.802409,2.419483,exponential_5,150,50,rastrigin,3,0.000000,1.492460,1.989918,1.560533,0.914755
3,0.500000,1.099883,exponential_5,150,50,rastrigin,3,0.000135,3.171321,4.061741,3.458302,0.763970
3,1.099883,4.545940,exponential_5,150,50,rastrigin,3,0.000000,0.248742,0.000002,0.667437,1.302415
3,0.500000,1.507637,exponential_5,150,50,rastrigin,3,0.000008,3.121444,3.990319,3.253287,0.937300
3,0.500000,0.802409,exponential_5,150,50,rastrigin,3,0.998817,2.789124,3.085415,4.184340,0.910745
3,0.685363,3.882831,exponential_5,150,50,rastrigin,3,0.000000,0.808404,0.994958,0.848635,0.984355
3,0.802409,0.585390,exponential_5,150,50,rastrigin,3,1.033680,4.494939,4.979816,3.742789,0.939130
3,0.802409,0.802409,exponential_5,150,50,rastrigin,3,0.995358,3.218047,4.975089,2.264086,0.778980
3,0.500000,3.882831,exponential_5,150,50,rastrigin,3,0.000000,1.181534,1.989915,1.345042,0.814985
3,0.500000,7.295407,exponential_5,150,50,rastrigin,3,0.000000,0.746218,0.994957,0.474565,0.862685
3,0.939444,0.685363,exponential_5,150,50,rastrigin,3,0.032337,1.972490,2.001626,2.041990,0.923530
3,0.939444,0.939444,exponential_5,150,50,rastrigin,3,0.000124,2.630669,3.482379,2.679566,0.805295
3,0.939444,1.287720,exponential_5,150,50,rastrigin,3,0.000399,1.741471,1.493252,2.422721,0.818520
3,1.287720,1.287720,exponential_5,150,50,rastrigin,3,0.000000,1.431666,0.996037,2.226367,0.890410
3,0.500000,10.000000,exponential_5,150,50,rastrigin,3,0.000000,0.435294,0.994957,0.580155,0.869965
3,6.231237,3.882831,exponential_3,150,50,rastrigin,3,0.000000,0.062185,0.000000,0.430829,1.089110
3,0.802409,1.099883,exponential_5,150,50,rastrigin,3,0.000008,1.928722,1.989987,2.060734,0.766120
3,10.000000,0.802409,exponential_3,150,50,rastrigin,3,0.000000,0.124370,0.000000,0.455947,0.730230
3,0.802409,10.000000,exponential_5,150,50,rastrigin,3,0.000000,0.310924,0.000000,0.494985,0.865875
3,0.585390,0.802409,exponential_5,150,50,rastrigin,3,0.994976,2.525321,2.998839,2.788148,0.890965
3,0.939444,2.419483,exponential_5,150,50,rastrigin,3,0.000000,1.058826,1.492437,1.718370,0.909555
3,0.939444,4.545940,exponential_5,150,50,rastrigin,3,0.000000,0.746246,0.994958,0.770663,0.757060
3,0.939444,3.316448,exponential_5,150,50,rastrigin,3,0.000000,1.057143,0.994959,1.198088,0.929880
3,0.939444,1.765111,exponential_5,150,50,rastrigin,3,0.000000,1.057286,0.994983,1.155980,1.020575
3,1.507637,0.500000,exponential_5,150,50,rastrigin,3,0.007421,2.407434,2.341050,2.934768,0.753905
3,8.541316,5.322296,exponential_3,150,50,rastrigin,3,0.000000,0.000724,0.000275,0.397708,1.024470
3,0.585390,1.507637,exponential_5,150,50,rastrigin,3,0.994957,2.301231,1.992432,2.539511,0.852675
3,10.000000,1.099883,exponential_3,150,50,rastrigin,3,0.000000,0.000000,0.000000,0.298487,0.843875
3,0.939444,0.802409,exponential_5,150,50,rastrigin,3,0.000240,2.494190,2.522311,1.645697,0.889385
3,0.685363,6.231237,exponential_5,150,50,rastrigin,3,0.000000,0.186554,0.000000,0.665581,0.843560
3,0.585390,5.322296,exponential_5,150,50,rastrigin,3,0.000000,0.497479,0.994957,0.637084,0.863650
3,0.685363,4.545940,exponential_5,150,50,rastrigin,3,0.000000,0.497480,0.994957,0.637084,0.866240
3,1.099883,0.500000,exponential_5,150,50,rastrigin,3,0.995689,2.842824,3.493928,2.472377,0.729385
3,0.585390,10.000000,exponential_5,150,50,rastrigin,3,0.000000,0.310924,0.000000,0.588625,0.901440
3,1.099883,0.685363,exponential_5,150,50,rastrigin,3,0.994957,2.558468,2.984876,1.963533,0.756935
3,0.939444,8.541316,exponential_5,150,50,rastrigin,3,0.000000,0.310924,0.000000,0.588625,0.865090
3,0.939444,2.832683,exponential_5,150,50,rastrigin,3,0.000000,0.438676,0.994957,1.083218,0.765995
3,0.685363,0.802409,exponential_5,150,50,rastrigin,3,0.995518,3.696163,4.974908,2.845107,0.807205
3,1.507637,3.316448,exponential_5,150,50,rastrigin,3,0.000000,0.310938,0.000109,0.588616,0.839980
3,1.507637,8.541316,exponential_5,150,50,rastrigin,3,0.000000,0.310924,0.000000,0.588625,0.740115
3,1.507637,6.231237,exponential_5,150,50,rastrigin,3,0.000000,0.497479,0.994957,0.637084,0.815765
3,1.099883,1.765111,exponential_5,150,50,rastrigin,3,0.000000,1.305883,1.989916,1.102602,0.884780
3,0.939444,5.322296,exponential_5,150,50,rastrigin,3,0.000000,0.684033,0.994957,0.430829,0.907430
3,0.939444,2.066557,exponential_5,150,50,rastrigin,3,0.000000,1.492454,1.989917,2.445240,0.879660
3,1.507637,0.585390,exponential_5,150,50,rastrigin,3,0.000000,1.991194,1.989983,2.208256,0.874265
3,1.765111,0.500000,exponential_5,150,50,rastrigin,3,0.002003,2.802269,2.987843,2.475687,0.728820
3,0.685363,2.832683,exponential_5,150,50,rastrigin,3,0.000000,0.995430,0.994973,1.198113,0.851790
3,1.099883,1.099883,exponential_5,150,50,rastrigin,3,0.000000,1.322643,1.989918,1.619601,0.789105
3,0.939444,7.295407,exponential_5,150,50,rastrigin,3,0.000000,0.186555,0.000000,0.474564,0.793165
3,0.500000,5.322296,exponential_5,150,50,rastrigin,3,0.000000,0.684034,0.994957,0.989971,0.711530
3,8.541316,1.507637,exponential_3,150,50,rastrigin,3,0.000000,0.124370,0.000000,0.455947,0.936140
3,0.500000,2.832683,exponential_5,150,50,rastrigin,3,0.000000,1.181536,1.492452,1.375077,0.870055
3,1.765111,0.685363,exponential_5,150,50,rastrigin,3,0.000053,1.866097,1.990055,1.624151,1.060200
3,0.500000,2.066557,exponential_5,150,50,rastrigin,3,0.000031,1.991834,1.990097,1.705515,0.822005
3,0.685363,10.000000,exponential_5,150,50,rastrigin,3,0.000000,0.186554,0.000000,0.474565,0.681255
3,0.802409,7.295407,exponential_5,150,50,rastrigin,3,0.000000,0.248739,0.000000,0.487428,0.689700
3,0.939444,0.500000,exponential_5,150,50,rastrigin,3,0.010277,3.288187,3.991265,3.109548,0.868595
3,1.099883,8.541316,exponential_5,150,50,rastrigin,3,0.000000,0.124370,0.000000,0.455947,0.866285
3,1.287720,0.939444,exponential_5,150,50,rastrigin,3,0.000004,2.366900,2.984879,1.696209,0.734595
3,0.802409,5.322296,exponential_5,150,50,rastrigin,3,0.000000,0.373110,0.497485,0.722630,0.715240
3,1.287720,0.500000,exponential_5,150,50,rastrigin,3,0.995043,2.929314,3.979840,3.509316,0.865370
3,1.287720,0.685363,exponential_5,150,50,rastrigin,3,0.994959,2.923373,3.980046,2.525618,0.860430
3,0.802409,1.507637,exponential_5,150,50,rastrigin,3,0.994959,2.238973,1.989998,2.002542,0.890765
3,0.802409,3.882831,exponential_5,150,50,rastrigin,3,0.000000,0.870588,0.994958,1.349626,0.858255
3,0.585390,0.585390,exponential_5,150,50,rastrigin,3,1.188324,4.312555,5.417816,3.897460,0.879690
3,1.287720,1.765111,exponential_5,150,50,rastrigin,3,0.000000,0.559668,0.994957,0.674811,0.727515
3,0.802409,2.832683,exponential_5,150,50,rastrigin,3,0.000000,1.369021,1.989916,1.804240,0.779950
3,1.099883,5.322296,exponential_5,150,50,rastrigin,3,0.000000,0.248739,0.000000,0.586520,0.740590
3,1.287720,3.316448,exponential_5,150,50,rastrigin,3,0.000000,0.373121,0.497540,0.659972,0.816975
3,1.287720,6.231237,exponential_5,150,50,rastrigin,3,0.000000,0.310924,0.000000,0.494986,0.780370
3,0.585390,2.832683,exponential_5,150,50,rastrigin,3,0.000000,1.679003,1.492439,2.191161,0.767835
3,1.287720,2.419483,exponential_5,150,50,rastrigin,3,0.000000,0.435294,0.994957,2.140313,0.888680
3,1.287720,4.545940,exponential_5,150,50,rastrigin,3,0.000000,0.248739,0.000000,0.586519,0.880005
3,1.507637,0.685363,exponential_5,150,50,rastrigin,3,0.000000,2.116888,1.991668,2.843667,0.861950
3,1.287720,8.541316,exponential_5,150,50,rastrigin,3,0.000000,0.310924,0.000000,0.665582,0.885225
3,0.939444,1.099883,exponential_5,150,50,rastrigin,3,0.994957,2.117182,1.990199,2.154386,0.856765
3,0.585390,3.882831,exponential_5,150,50,rastrigin,3,0.000000,1.057147,1.492468,1.151746,0.883355
3,0.939444,1.507637,exponential_5,150,50,rastrigin,3,0.000082,1.680193,1.989937,1.952004,0.874915
3,1.507637,1.765111,exponential_5,150,50,rastrigin,3,0.000000,0.746218,0.994957,1.649951,0.860200
3,1.507637,0.939444,exponential_5,150,50,rastrigin,3,0.000000,1.250130,1.492810,1.634997,0.916860
3,1.507637,1.287720,exponential_5,150,50,rastrigin,3,0.000000,1.555219,1.989917,1.330770,0.913440
3,10.000000,1.507637,exponential_3,150,50,rastrigin,3,0.000000,0.000000,0.000000,0.298487,0.826295
3,1.287720,1.507637,exponential_5,150,50,rastrigin,3,0.000000,0.933358,0.994960,1.055921,0.990165
3,1.507637,2.419483,exponential_5,150,50,rastrigin,3,0.000000,0.684033,0.994957,0.800617,0.871965
3,1.287720,2.066557,exponential_5,150,50,rastrigin,3,0.000000,1.181513,1.492439,0.969765,0.719970
3,2.419483,1.287720,exponential_5,150,50,rastrigin,3,0.000000,0.621850,0.994958,1.065812,0.794210
3,0.939444,3.882831,exponential_5,150,50,rastrigin,3,0.000000,0.808404,0.994959,0.958212,0.806040
3,2.419483,1.765111,exponential_5,150,50,rastrigin,3,0.000000,0.248739,0.000000,0.667438,0.715820
3,1.287720,3.882831,exponential_5,150,50,rastrigin,3,0.000000,0.310924,0.000000,0.588625,0.782155
3,1.287720,2.832683,exponential_5,150,50,rastrigin,3,0.000000,0.621872,0.994957,0.696473,0.843080
3,1.287720,7.295407,exponential_5,150,50,rastrigin,3,0.000000,0.310924,0.000003,0.588624,0.864465
3,0.685363,7.295407,exponential_5,150,50,rastrigin,3,0.000000,0.622024,0.994957,0.800626,0.773395
3,1.287720,5.322296,exponential_5,150,50,rastrigin,3,0.000000,0.248739,0.000000,0.586519,0.849530
3,0.685363,2.066557,exponential_5,150,50,rastrigin,3,0.000000,1.067330,1.499253,0.999019,0.840140
3,1.765111,0.939444,exponential_5,150,50,rastrigin,3,0.000000,1.616813,1.989918,2.735702,0.932625
3,2.419483,4.545940,exponential_5,150,50,rastrigin,3,0.000000,0.124370,0.000000,0.455947,0.890780
3,1.287720,10.000000,exponential_5,150,50,rastrigin,3,0.000000,0.124370,0.000000,0.455947,1.012375
3,1.765111,1.287720,exponential_5,150,50,rastrigin,3,0.000000,1.243698,1.492441,1.148909,0.800990
3,2.419483,6.231237,exponential_5,150,50,rastrigin,3,0.000000,0.062185,0.000000,0.553969,0.819320
3,1.099883,0.585390,exponential_5,150,50,rastrigin,3,0.995979,2.557664,2.985487,1.617108,0.904455
3,1.765111,1.765111,exponential_5,150,50,rastrigin,3,0.000000,0.994958,0.994959,1.056501,0.859720
3,1.507637,2.832683,exponential_5,150,50,rastrigin,3,0.000000,0.435294,0.994957,0.974856,0.879605
3,0.939444,10.000000,exponential_5,150,50,rastrigin,3,0.000000,0.186555,0.000000,0.474564,1.019450
3,2.832683,0.685363,exponential_5,150,50,rastrigin,3,0.000000,1.119436,1.493273,1.274518,0.774555
3,1.765111,3.316448,exponential_5,150,50,rastrigin,3,0.000000,0.435294,0.994957,0.494985,0.796725
3,2.419483,2.066557,exponential_5,150,50,rastrigin,3,0.000000,0.559663,0.994957,0.553969,0.830930
3,2.832683,0.500000,exponential_5,150,50,rastrigin,3,0.000000,1.059355,1.492458,1.060048,1.078405
3,2.066557,0.500000,exponential_5,150,50,rastrigin,3,0.000000,1.805998,1.990845,2.560704,0.755500
3,2.419483,1.507637,exponential_5,150,50,rastrigin,3,0.000000,0.621848,0.994957,0.533487,1.086530
3,1.765111,0.585390,exponential_5,150,50,rastrigin,3,0.000004,1.618401,1.989922,2.482031,0.907695
3,1.765111,6.231237,exponential_5,150,50,rastrigin,3,0.000000,0.248739,0.000000,0.586519,0.952720
3,1.765111,4.545940,exponential_5,150,50,rastrigin,3,0.000000,0.373109,0.497478,0.722630,0.959060
3,2.066557,1.287720,exponential_5,150,50,rastrigin,3,0.000000,0.932773,0.994959,1.352375,0.776185
3,1.765111,8.541316,exponential_5,150,50,rastrigin,3,0.000000,0.310924,0.000000,0.588625,1.050405
3,2.066557,0.939444,exponential_5,150,50,rastrigin,3,0.994957,1.430312,0.995230,1.613528,0.810185
3,2.066557,3.316448,exponential_5,150,50,rastrigin,3,0.000000,0.684034,0.994959,1.356942,0.759970
3,2.066557,1.765111,exponential_5,150,50,rastrigin,3,0.000000,0.808404,0.994957,1.116837,0.829965
3,2.066557,0.685363,exponential_5,150,50,rastrigin,3,0.000000,1.058910,0.995218,1.852288,0.884960
3,2.066557,2.419483,exponential_5,150,50,rastrigin,3,0.000000,0.497479,0.994957,0.694692,0.861730
3,3.316448,0.500000,exponential_5,150,50,rastrigin,3,0.000000,1.368523,1.989917,1.000329,0.901495
3,2.066557,4.545940,exponential_5,150,50,rastrigin,3,0.000000,0.186554,0.000000,0.474564,0.706730
3,0.939444,0.585390,exponential_5,150,50,rastrigin,3,0.005001,2.810090,2.988734,2.934196,0.760645
3,2.066557,6.231237,exponential_5,150,50,rastrigin,3,0.000000,0.310924,0.000000,0.665582,0.799090
3,1.099883,10.000000,exponential_5,150,50,rastrigin,3,0.000000,0.186554,0.000000,0.580155,0.852730
3,1.287720,0.585390,exponential_5,150,50,rastrigin,3,0.994959,1.706992,1.989952,2.308588,0.851735
3,1.287720,1.099883,exponential_5,150,50,rastrigin,3,0.000000,1.057907,1.492491,1.479080,0.893990
3,2.066557,8.541316,exponential_5,150,50,rastrigin,3,0.000000,0.124370,0.000000,0.659981,0.885635
3,2.419483,0.500000,exponential_5,150,50,rastrigin,3,0.000187,1.436439,1.538664,1.658733,0.850750
3,1.507637,4.545940,exponential_5,150,50,rastrigin,3,0.000000,0.435294,0.994957,0.650538,0.794575
3,2.419483,0.939444,exponential_5,150,50,rastrigin,3,0.000000,1.119339,0.995042,1.338574,0.737365
3,2.066557,3.882831,exponential_5,150,50,rastrigin,3,0.000000,0.373109,0.497478,1.094453,0.751915
3,2.419483,0.685363,exponential_5,150,50,rastrigin,3,0.000000,1.181536,1.989916,1.873966,0.921660
3,3.316448,1.765111,exponential_5,150,50,rastrigin,3,0.000000,0.559663,0.994957,0.474564,1.089120
3,1.099883,1.287720,exponential_5,150,50,rastrigin,3,0.000000,1.057730,0.994970,2.170355,0.831585
3,1.507637,0.802409,exponential_5,150,50,rastrigin,3,0.000004,1.681156,1.991293,2.254634,0.883590
3,2.066557,0.802409,exponential_5,150,50,rastrigin,3,0.001366,1.430535,0.995007,1.824057,0.840890
3,1.099883,6.231237,exponential_5,150,50,rastrigin,3,0.000000,0.435294,0.994957,0.580155,0.767285
3,1.765111,10.000000,exponential_5,150,50,rastrigin,3,0.000000,0.000000,0.000000,0.397983,0.932370
3,3.316448,0.585390,exponential_5,150,50,rastrigin,3,0.000000,1.492439,1.989918,1.643186,0.806165
3,1.099883,2.419483,exponential_5,150,50,rastrigin,3,0.000000,0.621849,0.994957,1.229689,0.844910
3,2.419483,2.419483,exponential_5,150,50,rastrigin,3,0.000000,0.373109,0.497478,0.882938,0.862955
3,0.685363,5.322296,exponential_5,150,50,rastrigin,3,0.000000,0.621848,0.994957,1.254594,0.765935
3,1.507637,1.099883,exponential_5,150,50,rastrigin,3,0.000000,1.305891,0.994967,1.868717,0.703985
3,2.419483,3.316448,exponential_5,150,50,rastrigin,3,0.000000,0.248739,0.000000,0.586519,0.908255
3,1.099883,0.802409,exponential_5,150,50,rastrigin,3,0.995058,2.800301,2.985669,2.139338,0.758915
3,3.316448,4.545940,exponential_5,150,50,rastrigin,3,0.000000,0.559664,0.994957,0.553969,0.891230
3,1.507637,5.322296,exponential_5,150,50,rastrigin,3,0.000000,0.497479,0.994957,0.989971,0.727735
3,1.507637,10.000000,exponential_5,150,50,rastrigin,3,0.000000,0.000000,0.000000,0.355271,0.731930
3,1.765111,2.419483,exponential_5,150,50,rastrigin,3,0.000000,0.746218,0.994957,0.629267,0.865075
3,1.099883,7.295407,exponential_5,150,50,rastrigin,3,0.000000,0.248739,0.000000,0.586519,0.706675
3,1.099883,1.507637,exponential_5,150,50,rastrigin,3,0.000002,1.430562,1.989917,1.672837,0.875020
3,2.066557,10.000000,exponential_5,150,50,rastrigin,3,0.000000,0.310924,0.000000,0.494985,1.082905
3,3.882831,0.500000,exponential_5,150,50,rastrigin,3,0.000000,1.369281,1.989917,1.618886,0.971265
3,2.832683,2.419483,exponential_5,150,50,rastrigin,3,0.000000,0.310926,0.000017,0.494983,0.830160
3,1.099883,2.066557,exponential_5,150,50,rastrigin,3,0.000000,0.808404,0.994958,1.084230,0.864975
3,1.507637,7.295407,exponential_5,150,50,rastrigin,3,0.000000,0.497478,0.994957,0.569391,0.972000
3,1.099883,2.832683,exponential_5,150,50,rastrigin,3,0.000000,1.057148,0.994961,0.968486,0.839990
3,2.832683,1.287720,exponential_5,150,50,rastrigin,3,0.000000,0.746218,0.994957,1.146363,0.917055
3,3.882831,1.765111,exponential_5,150,50,rastrigin,3,0.000000,0.248739,0.000000,0.736202,0.966430
3,3.882831,2.419483,exponential_5,150,50,rastrigin,3,0.000000,0.186554,0.000000,0.580155,0.720355
3,2.419483,7.295407,exponential_5,150,50,rastrigin,3,0.000000,0.248740,0.000000,0.586518,0.722725
3,2.832683,8.541316,exponential_5,150,50,rastrigin,3,0.000000,0.248739,0.000000,0.667437,0.746145
3,1.765111,1.099883,exponential_5,150,50,rastrigin,3,0.000000,0.870737,0.994959,1.385782,0.855925
3,1.765111,1.507637,exponential_5,150,50,rastrigin,3,0.000000,1.243700,1.492440,1.807429,0.866135
3,2.832683,6.231237,exponential_5,150,50,rastrigin,3,0.000000,0.248739,0.000000,0.586519,0.925390
3,3.316448,0.685363,exponential_5,150,50,rastrigin,3,0.000000,0.808404,0.994959,1.160310,0.687505
3,1.765111,2.066557,exponential_5,150,50,rastrigin,3,0.000000,0.497754,0.994958,0.744325,0.812355
3,2.419483,3.882831,exponential_5,150,50,rastrigin,3,0.000000,0.497478,0.994957,0.569391,0.927150
3,3.316448,1.287720,exponential_5,150,50,rastrigin,3,0.000000,0.621848,0.994957,0.968488,0.685920
3,2.832683,0.585390,exponential_5,150,50,rastrigin,3,0.000000,1.430254,1.989918,1.441969,0.713205
3,2.066557,0.585390,exponential_5,150,50,rastrigin,3,0.994959,2.487750,2.487434,2.155172,0.731000
3,3.316448,0.939444,exponential_5,150,50,rastrigin,3,0.000000,0.621864,0.994958,1.018302,0.848560
3,1.765111,3.882831,exponential_5,150,50,rastrigin,3,0.000000,0.373109,0.497478,0.497479,0.825085
3,2.832683,0.802409,exponential_5,150,50,rastrigin,3,0.000000,0.684057,0.994957,1.242685,0.851440
3,1.287720,0.802409,exponential_5,150,50,rastrigin,3,0.000628,1.436945,0.995703,1.799726,0.882090
3,2.832683,1.507637,exponential_5,150,50,rastrigin,3,0.000000,0.559663,0.994957,0.619357,0.852695
3,4.545940,3.316448,exponential_5,150,50,rastrigin,3,0.000000,0.248739,0.000000,0.487428,0.722080
3,3.316448,2.419483,exponential_5,150,50,rastrigin,3,0.000000,0.497479,0.994957,0.637084,0.926440
3,1.765111,5.322296,exponential_5,150,50,rastrigin,3,0.000000,0.373109,0.497478,0.659980,0.878000
3,2.832683,10.000000,exponential_5,150,50,rastrigin,3,0.000000,0.373109,0.497478,0.659980,0.767550
3,3.882831,2.832683,exponential_5,150,50,rastrigin,3,0.000000,0.062185,0.000000,0.430829,0.919180
3,0.685363,1.099883,exponential_5,150,50,rastrigin,3,0.994961,2.196498,1.993651,2.014854,0.890195
3,2.066557,2.066557,exponential_5,150,50,rastrigin,3,0.000000,0.621848,0.994957,0.455947,0.853695
3,0.685363,1.507637,exponential_5,150,50,rastrigin,3,0.000000,1.559456,1.989924,1.810339,0.882680
3,2.066557,2.832683,exponential_5,150,50,rastrigin,3,0.000000,0.373109,0.497478,0.586519,0.858365
3,3.316448,1.507637,exponential_5,150,50,rastrigin,3,0.000000,0.373109,0.497478,0.659983,0.764530
3,2.066557,5.322296,exponential_5,150,50,rastrigin,3,0.000000,0.310924,0.000000,0.494985,0.821695
3,0.802409,1.765111,exponential_5,150,50,rastrigin,3,0.000000,1.368555,1.492442,2.317562,0.912360
3,5.322296,0.939444,exponential_5,150,50,rastrigin,3,0.000000,0.310924,0.000000,0.665582,0.822320
3,2.066557,7.295407,exponential_5,150,50,rastrigin,3,0.000000,0.124370,0.000000,0.455947,0.867065
3,3.316448,8.541316,exponential_5,150,50,rastrigin,3,0.000000,0.248739,0.000000,0.487428,0.839120
3,2.419483,8.541316,exponential_5,150,50,rastrigin,3,0.000000,0.310925,0.000006,0.588625,0.813170
3,1.507637,3.882831,exponential_5,150,50,rastrigin,3,0.000000,0.435294,0.994957,0.580155,0.794565
3,2.419483,1.099883,exponential_5,150,50,rastrigin,3,0.000000,1.057290,0.996122,1.451190,0.805230
3,3.316448,6.231237,exponential_5,150,50,rastrigin,3,0.000000,0.186554,0.000000,0.580155,0.971020
3,2.419483,0.585390,exponential_5,150,50,rastrigin,3,0.000000,1.492647,1.989919,1.352265,0.877955
3,1.507637,1.507637,exponential_5,150,50,rastrigin,3,0.000000,1.181543,0.994960,1.146328,1.001690
3,5.322296,4.545940,exponential_5,150,50,rastrigin,3,0.000000,0.000000,0.000000,0.533487,0.941035
3,2.832683,0.939444,exponential_5,150,50,rastrigin,3,0.000000,0.932775,0.994959,1.146361,0.850125
3,3.316448,2.832683,exponential_5,150,50,rastrigin,3,0.000000,0.497479,0.994957,0.637084,1.047705
3,3.882831,0.685363,exponential_5,150,50,rastrigin,3,0.000000,0.560579,0.994957,1.344416,0.989670
3,6.231237,0.685363,exponential_5,150,50,rastrigin,3,0.000000,0.621848,0.994957,0.533487,1.029770
3,3.882831,1.287720,exponential_5,150,50,rastrigin,3,0.000000,0.497479,0.994957,0.694692,0.864285
3,6.231237,0.939444,exponential_5,150,50,rastrigin,3,0.000000,0.435297,0.994957,0.650536,0.983415
3,2.419483,2.832683,exponential_5,150,50,rastrigin,3,0.000000,0.497479,0.994957,0.487428,0.863235
3,6.231237,4.545940,exponential_5,150,50,rastrigin,3,0.000000,0.062186,0.000000,0.430829,0.928335
3,2.832683,4.545940,exponential_5,150,50,rastrigin,3,0.000000,0.186554,0.000000,0.580155,0.877390
3,3.316448,10.000000,exponential_5,150,50,rastrigin,3,0.000000,0.310924,0.000000,0.665582,0.763960
3,3.882831,3.316448,exponential_5,150,50,rastrigin,3,0.000000,0.186555,0.000000,0.737880,0.842760
3,5.322296,1.099883,exponential_5,150,50,rastrigin,3,0.000000,0.310928,0.000031,0.665579,0.906135
3,3.882831,8.541316,exponential_5,150,50,rastrigin,3,0.000000,0.373112,0.497505,0.586516,0.742085
3,4.545940,0.500000,exponential_5,150,50,rastrigin,3,0.000000,1.119443,0.995879,1.065775,0.711690
3,3.882831,4.545940,exponential_5,150,50,rastrigin,3,0.000000,0.186557,0.000000,0.474563,0.797535
3,3.882831,6.231237,exponential_5,150,50,rastrigin,3,0.000000,0.248739,0.000000,0.586519,0.798850
3,3.316448,5.322296,exponential_5,150,50,rastrigin,3,0.000000,0.124370,0.000000,0.659980,0.882200
3,1.765111,2.832683,exponential_5,150,50,rastrigin,3,0.000000,0.435294,0.994957,1.173038,0.904000
3,2.832683,2.832683,exponential_5,150,50,rastrigin,3,0.000000,0.310925,0.000008,0.999920,0.732385
3,4.545940,0.939444,exponential_5,150,50,rastrigin,3,0.000000,0.621849,0.994957,1.214501,0.791625
3,4.545940,0.685363,exponential_5,150,50,rastrigin,3,0.000000,0.870589,0.994958,1.269302,0.864755
3,3.882831,0.585390,exponential_5,150,50,rastrigin,3,0.000000,1.181523,0.995044,0.731137,0.885885
3,2.066557,1.507637,exponential_5,150,50,rastrigin,3,0.000000,0.435295,0.497488,1.277078,0.724590
3,2.066557,1.099883,exponential_5,150,50,rastrigin,3,0.000000,0.932774,0.994959,0.722630,0.692520
3,3.882831,1.507637,exponential_5,150,50,rastrigin,3,0.000000,0.310924,0.000000,0.494985,0.843890
3,4.545940,1.287720,exponential_5,150,50,rastrigin,3,0.000000,0.435294,0.994957,0.650539,0.867155
3,3.882831,2.066557,exponential_5,150,50,rastrigin,3,0.000000,0.310924,0.000000,0.665581,0.774735
3,4.545940,2.419483,exponential_5,150,50,rastrigin,3,0.000000,0.186554,0.000000,0.474564,0.887545
3,3.316448,0.802409,exponential_5,150,50,rastrigin,3,0.000000,0.870589,0.994959,0.922686,0.692400
3,7.295407,2.419483,exponential_5,150,50,rastrigin,3,0.000000,0.124370,0.000000,0.569390,0.955990
3,2.832683,7.295407,exponential_5,150,50,rastrigin,3,0.000000,0.124370,0.000000,0.569390,0.744915
3,3.882831,7.295407,exponential_5,150,50,rastrigin,3,0.000000,0.310924,0.000000,0.588625,0.762890
3,7.295407,3.316448,exponential_5,150,50,rastrigin,3,0.000000,0.248739,0.000000,0.667438,0.927395
3,4.545940,4.545940,exponential_5,150,50,rastrigin,3,0.000000,0.310924,0.000000,0.588625,0.887395
3,4.545940,6.231237,exponential_5,150,50,rastrigin,3,0.000000,0.186555,0.000000,0.737881,0.876330
3,7.295407,6.231237,exponential_5,150,50,rastrigin,3,0.000000,0.310924,0.000000,0.588625,0.912715
3,7.295407,8.541316,exponential_5,150,50,rastrigin,3,0.000000,0.186555,0.000000,0.737881,0.931805
3,3.316448,1.099883,exponential_5,150,50,rastrigin,3,0.000000,0.746218,0.994957,0.535801,0.796115
3,8.541316,0.685363,exponential_5,150,50,rastrigin,3,0.000000,0.062186,0.000000,0.650538,0.720885
3,3.316448,3.316448,exponential_5,150,50,rastrigin,3,0.000000,0.497479,0.994957,0.637084,0.814425
3,1.507637,2.066557,exponential_5,150,50,rastrigin,3,0.000000,1.057144,0.994959,0.905084,0.865750
3,8.541316,3.316448,exponential_5,150,50,rastrigin,3,0.000000,0.373109,0.497478,0.497479,0.737525
3,4.545940,3.882831,exponential_5,150,50,rastrigin,3,0.000000,0.248739,0.000000,0.586519,0.851310
3,4.545940,2.832683,exponential_5,150,50,rastrigin,3,0.000000,0.497479,0.994957,0.487427,0.842775
3,5.322296,1.765111,exponential_5,150,50,rastrigin,3,0.000000,0.435297,0.994957,0.650535,0.936800
3,2.419483,0.802409,exponential_5,150,50,rastrigin,3,0.000000,1.119470,1.989918,1.702338,0.908975
3,5.322296,3.316448,exponential_5,150,50,rastrigin,3,0.000000,0.124370,0.000000,0.455946,0.928730
3,5.322296,2.419483,exponential_5,150,50,rastrigin,3,0.000000,0.186554,0.000000,0.474564,0.947540
3,3.882831,0.939444,exponential_5,150,50,rastrigin,3,0.000000,0.746218,0.994957,0.832441,0.818220
3,6.231237,0.500000,exponential_5,150,50,rastrigin,3,0.000000,0.684065,0.994957,0.943897,0.897735
3,4.545940,5.322296,exponential_5,150,50,rastrigin,3,0.000000,0.186554,0.000000,0.474565,0.893015
3,6.231237,1.765111,exponential_5,150,50,rastrigin,3,0.000000,0.559663,0.994957,0.619356,0.891125
3,8.541316,6.231237,exponential_5,150,50,rastrigin,3,0.000000,0.373109,0.497478,0.586519,0.984990
3,7.295407,2.832683,exponential_5,150,50,rastrigin,3,0.000000,0.248739,0.000000,0.586519,1.120425
3,6.231237,3.316448,exponential_5,150,50,rastrigin,3,0.000000,0.186554,0.000000,0.474565,0.771875
3,6.231237,6.231237,exponential_5,150,50,rastrigin,3,0.000000,0.248739,0.000000,0.667438,0.796615
3,10.000000,0.500000,exponential_5,150,50,rastrigin,3,0.000000,0.310925,0.000009,0.588624,0.786410
3,2.832683,3.316448,exponential_5,150,50,rastrigin,3,0.000000,0.310924,0.000000,0.665581,0.882665
3,6.231237,2.419483,exponential_5,150,50,rastrigin,3,0.000000,0.186554,0.000000,0.580155,0.900515
3,2.419483,10.000000,exponential_5,150,50,rastrigin,3,0.000000,0.248739,0.000000,0.487428,0.737020
3,2.419483,5.322296,exponential_5,150,50,rastrigin,3,0.000000,0.497478,0.994957,0.487428,0.827670
3,1.765111,0.802409,exponential_5,150,50,rastrigin,3,0.000000,1.555052,1.492570,2.143588,0.825375
3,8.541316,3.882831,exponential_5,150,50,rastrigin,3,0.000000,0.186561,0.000000,0.665578,0.885645
3,7.295407,0.685363,exponential_5,150,50,rastrigin,3,0.000000,0.310924,0.000000,0.665582,0.869660
3,7.295407,0.939444,exponential_5,150,50,rastrigin,3,0.000000,0.186565,0.000000,0.665576,0.854995
3,5.322296,5.322296,exponential_5,150,50,rastrigin,3,0.000000,0.248739,0.000000,0.667438,0.774315
3,3.316448,7.295407,exponential_5,150,50,rastrigin,3,0.000000,0.000000,0.000000,0.710542,0.914450
3,7.295407,1.287720,exponential_5,150,50,rastrigin,3,0.000000,0.310924,0.000000,0.588626,0.906040
3,10.000000,0.939444,exponential_5,150,50,rastrigin,3,0.000000,0.310924,0.000000,0.494985,0.982970
3,2.832683,1.099883,exponential_5,150,50,rastrigin,3,0.000000,0.435294,0.000000,1.293446,0.825580
3,3.882831,0.802409,exponential_5,150,50,rastrigin,3,0.000000,1.181555,0.995295,0.860204,0.857890
3,7.295407,1.765111,exponential_5,150,50,rastrigin,3,0.000000,0.310924,0.000000,0.588625,0.978805
3,6.231237,0.802409,exponential_5,150,50,rastrigin,3,0.000000,0.310924,0.000000,0.731142,0.864650
3,2.832683,5.322296,exponential_5,150,50,rastrigin,3,0.000000,0.248739,0.000000,0.487428,0.724670
3,6.231237,5.322296,exponential_5,150,50,rastrigin,3,0.000000,0.310924,0.000000,0.494985,0.774965
3,6.231237,1.099883,exponential_5,150,50,rastrigin,3,0.000000,0.373111,0.497494,0.659979,0.861340
3,1.099883,3.316448,exponential_5,150,50,rastrigin,3,0.000000,0.559664,0.994957,0.674818,0.788845
3,4.545940,1.765111,exponential_5,150,50,rastrigin,3,0.000000,0.435294,0.994957,0.650538,1.016230
3,1.765111,7.295407,exponential_5,150,50,rastrigin,3,0.000000,0.248739,0.000000,0.586519,0.933420
3,10.000000,3.316448,exponential_5,150,50,rastrigin,3,0.000000,0.062185,0.000000,0.430829,0.740845
3,4.545940,0.585390,exponential_5,150,50,rastrigin,3,0.000000,0.808426,0.994959,2.072754,0.729730
3,10.000000,4.545940,exponential_5,150,50,rastrigin,3,0.000000,0.435294,0.994957,0.650538,0.853255
3,3.882831,5.322296,exponential_5,150,50,rastrigin,3,0.000000,0.373111,0.497496,0.586518,0.775400
3,5.322296,0.685363,exponential_5,150,50,rastrigin,3,0.000000,0.435322,0.994957,0.580143,0.756145
3,4.545940,0.802409,exponential_5,150,50,rastrigin,3,0.000000,0.559755,0.994957,1.423640,0.708280
3,5.322296,0.500000,exponential_5,150,50,rastrigin,3,0.000000,0.621853,0.994957,0.764237,0.841065
3,10.000000,6.231237,exponential_5,150,50,rastrigin,3,0.000000,0.062185,0.000000,0.553969,0.992650
3,7.295407,1.507637,exponential_5,150,50,rastrigin,3,0.000000,0.310924,0.000002,0.588625,0.846945
3,4.545940,8.541316,exponential_5,150,50,rastrigin,3,0.000000,0.124370,0.000000,0.455947,0.994835
3,10.000000,1.099883,exponential_5,150,50,rastrigin,3,0.000000,0.186554,0.000000,0.580155,0.922990
3,8.541316,1.287720,exponential_5,150,50,rastrigin,3,0.000000,0.373109,0.497478,0.497479,0.806260
3,4.545940,1.507637,exponential_5,150,50,rastrigin,3,0.000000,0.435294,0.994957,0.650538,0.852075
3,8.541316,0.939444,exponential_5,150,50,rastrigin,3,0.000000,0.497478,0.994957,0.637084,0.903235
3,5.322296,1.287720,exponential_5,150,50,rastrigin,3,0.000000,0.373109,0.497478,0.586519,0.939765
3,8.541316,2.419483,exponential_5,150,50,rastrigin,3,0.000000,0.186555,0.000000,0.580156,0.934405
3,8.541316,1.765111,exponential_5,150,50,rastrigin,3,0.000000,0.124370,0.000000,0.455947,0.950115
3,5.322296,6.231237,exponential_5,150,50,rastrigin,3,0.000000,0.000000,0.000000,0.507331,0.930155
3,8.541316,4.545940,exponential_5,150,50,rastrigin,3,0.000000,0.435294,0.994957,0.650538,0.785435
3,6.231237,1.287720,exponential_5,150,50,rastrigin,3,0.000000,0.248739,0.000000,0.586519,0.751670
3,2.832683,1.765111,exponential_5,150,50,rastrigin,3,0.000000,0.373109,0.497478,0.905083,0.831950
3,4.545940,2.066557,exponential_5,150,50,rastrigin,3,0.000000,0.062186,0.000000,0.430829,0.963990
3,10.000000,3.882831,exponential_5,150,50,rastrigin,3,0.000000,0.186554,0.000000,0.665582,1.087400
3,8.541316,8.541316,exponential_5,150,50,rastrigin,3,0.000000,0.186554,0.000000,0.802161,0.821875
3,4.545940,7.295407,exponential_5,150,50,rastrigin,3,0.000000,0.186554,0.000000,0.474565,0.921605
3,7.295407,7.295407,exponential_5,150,50,rastrigin,3,0.000000,0.310924,0.000000,0.848636,0.886090
3,8.541316,0.802409,exponential_5,150,50,rastrigin,3,0.000000,0.124370,0.000000,0.569391,0.817015
3,10.000000,5.322296,exponential_5,150,50,rastrigin,3,0.000000,0.124370,0.000000,0.569390,1.083490
3,7.295407,10.000000,exponential_5,150,50,rastrigin,3,0.000000,0.373109,0.497478,0.586519,1.035745
3,8.541316,1.507637,exponential_5,150,50,rastrigin,3,0.000000,0.310924,0.000000,0.665582,0.719410
3,4.545940,10.000000,exponential_5,150,50,rastrigin,3,0.000000,0.248739,0.000000,0.586519,0.941315
3,0.802409,2.066557,exponential_5,150,50,rastrigin,3,0.000000,1.306015,1.989917,1.491669,0.889100
3,7.295407,0.500000,exponential_5,150,50,rastrigin,3,0.000000,0.373109,0.497478,0.659980,0.735815
3,10.000000,0.685363,exponential_5,150,50,rastrigin,3,0.000000,0.186554,0.000000,0.665581,0.889930
3,6.231237,1.507637,exponential_5,150,50,rastrigin,3,0.000000,0.186554,0.000000,0.968488,0.759300
3,10.000000,1.287720,exponential_5,150,50,rastrigin,3,0.000000,0.373109,0.497478,0.497479,0.878335
3,5.322296,2.832683,exponential_5,150,50,rastrigin,3,0.000000,0.248739,0.000000,0.736202,0.875680
3,8.541316,1.099883,exponential_5,150,50,rastrigin,3,0.000000,0.373110,0.497482,0.949129,0.993655
3,5.322296,3.882831,exponential_5,150,50,rastrigin,3,0.000000,0.248740,0.000000,0.586519,0.928860
3,6.231237,0.585390,exponential_5,150,50,rastrigin,3,0.000000,0.684034,0.994957,0.736202,0.887055
3,10.000000,1.765111,exponential_5,150,50,rastrigin,3,0.000000,0.559663,0.994957,0.553969,0.898940
3,6.231237,2.066557,exponential_5,150,50,rastrigin,3,0.000000,0.248739,0.000000,0.586519,0.892570
3,8.541316,7.295407,exponential_5,150,50,rastrigin,3,0.000000,0.248740,0.000000,0.667438,0.813515
3,10.000000,2.419483,exponential_5,150,50,rastrigin,3,0.000000,0.373109,0.497478,0.497479,0.746030
3,10.000000,0.585390,exponential_5,150,50,rastrigin,3,0.000000,0.621848,0.994957,0.455947,0.861425
3,3.882831,3.882831,exponential_5,150,50,rastrigin,3,0.000000,0.373109,0.497478,0.722630,0.730710
3,2.832683,3.882831,exponential_5,150,50,rastrigin,3,0.000000,0.373116,0.497534,0.497473,0.907410
3,6.231237,7.295407,exponential_5,150,50,rastrigin,3,0.000000,0.186554,0.000000,0.474564,1.020525
3,6.231237,3.882831,exponential_5,150,50,rastrigin,3,0.000000,0.497479,0.994957,0.569391,1.048155
3,3.882831,10.000000,exponential_5,150,50,rastrigin,3,0.000000,0.248739,0.000000,0.736202,0.759805
3,6.231237,2.832683,exponential_5,150,50,rastrigin,3,0.000000,0.497479,0.994957,0.569391,0.949655
3,10.000000,0.802409,exponential_5,150,50,rastrigin,3,0.000000,0.248739,0.000000,0.487428,0.729335
3,7.295407,4.545940,exponential_5,150,50,rastrigin,3,0.000000,0.310924,0.000003,0.494985,0.907330
3,8.541316,0.500000,exponential_5,150,50,rastrigin,3,0.000000,0.497479,0.994957,0.744559,0.755115
3,10.000000,8.541316,exponential_5,150,50,rastrigin,3,0.000000,0.186555,0.000000,0.474564,0.990120
3,7.295407,3.882831,exponential_5,150,50,rastrigin,3,0.000000,0.248739,0.000000,0.586519,0.737860
3,10.000000,2.832683,exponential_5,150,50,rastrigin,3,0.000000,0.186554,0.000000,0.580155,0.748400
3,1.099883,3.882831,exponential_5,150,50,rastrigin,3,0.000000,0.684033,0.994957,1.043521,0.896085
3,10.000000,1.507637,exponential_5,150,50,rastrigin,3,0.000000,0.310924,0.000002,0.494985,1.031880
3,7.295407,2.066557,exponential_5,150,50,rastrigin,3,0.000000,0.310924,0.000000,0.494985,0.995370
3,5.322296,8.541316,exponential_5,150,50,rastrigin,3,0.000000,0.497478,0.994957,0.882937,0.929385
3,4.545940,1.099883,exponential_5,150,50,rastrigin,3,0.000000,0.559663,0.994957,0.674813,1.042275
3,10.000000,2.066557,exponential_5,150,50,rastrigin,3,0.000000,0.124370,0.000000,0.569391,0.953500
3,5.322296,0.585390,exponential_5,150,50,rastrigin,3,0.000000,0.435370,0.994957,0.762641,0.768225
3,3.316448,3.882831,exponential_5,150,50,rastrigin,3,0.000000,0.435294,0.994957,0.650538,0.739010
3,8.541316,2.832683,exponential_5,150,50,rastrigin,3,0.000000,0.310924,0.000000,0.731142,0.781070
3,10.000000,7.295407,exponential_5,150,50,rastrigin,3,0.000000,0.124370,0.000000,0.455947,0.933145
3,6.231237,8.541316,exponential_5,150,50,rastrigin,3,0.000000,0.373109,0.497478,0.586519,0.911090
3,5.322296,2.066557,exponential_5,150,50,rastrigin,3,0.000000,0.373109,0.497478,0.497479,0.881620
3,5.322296,7.295407,exponential_5,150,50,rastrigin,3,0.000000,0.248739,0.000000,0.586519,0.800370
3,5.322296,1.507637,exponential_5,150,50,rastrigin,3,0.000000,0.248739,0.000000,0.487428,0.896170
3,8.541316,0.585390,exponential_5,150,50,rastrigin,3,0.000000,0.497479,0.994957,0.922686,0.696885
3,8.541316,2.066557,exponential_5,150,50,rastrigin,3,0.000000,0.186554,0.000000,0.580155,0.904115
3,7.295407,5.322296,exponential_5,150,50,rastrigin,3,0.000000,0.373109,0.497478,0.586519,0.900965
3,7.295407,0.585390,exponential_5,150,50,rastrigin,3,0.000000,0.435294,0.994957,0.580155,0.696045
3,10.000000,10.000000,exponential_5,150,50,rastrigin,3,0.000000,0.310924,0.000000,0.588625,0.950655
3,8.541316,10.000000,exponential_5,150,50,rastrigin,3,0.000000,0.124370,0.000000,0.455947,0.842585
3,7.295407,1.099883,exponential_5,150,50,rastrigin,3,0.000000,0.497479,0.994957,0.637084,0.817910
3,5.322296,0.802409,exponential_5,150,50,rastrigin,3,0.000000,0.310926,0.000014,0.665580,0.742845
3,7.295407,0.802409,exponential_5,150,50,rastrigin,3,0.000000,0.373109,0.497478,0.497479,0.818150
3,2.832683,2.066557,exponential_5,150,50,rastrigin,3,0.000000,0.373109,0.497479,0.497479,0.724460
3,3.316448,2.066557,exponential_5,150,50,rastrigin,3,0.000000,0.621848,0.994957,0.596975,0.836040
3,3.882831,1.099883,exponential_5,150,50,rastrigin,3,0.000000,0.684034,0.994957,0.665581,0.761515
3,8.541316,5.322296,exponential_5,150,50,rastrigin,3,0.000000,0.000000,0.000000,0.397983,0.867525
3,5.322296,10.000000,exponential_5,150,50,rastrigin,3,0.000000,0.124370,0.000000,0.455947,0.753585
3,6.231237,10.000000,exponential_5,150,50,rastrigin,3,0.000000,0.248739,0.000000,0.487428,0.776720
3,0.500000,0.500000,linear,450,150,rastrigin,6,9.678436,16.231436,16.645596,8.478139,41.112280
3,0.802409,1.287720,linear,450,150,rastrigin,6,3.980412,9.900988,12.481134,5.152844,41.594750
3,0.500000,3.316448,linear,450,150,rastrigin,6,1.989918,4.851833,5.969752,3.827951,43.319135
3,0.585390,2.419483,linear,450,150,rastrigin,6,2.984898,5.909738,5.985530,3.634418,43.903960
3,1.765111,4.545940,linear,450,150,rastrigin,6,0.000000,0.000000,0.000000,0.433692,44.153385
3,0.585390,0.585390,linear,450,150,rastrigin,6,5.587036,14.006757,15.384590,5.051663,46.510915
3,0.685363,1.765111,linear,450,150,rastrigin,6,2.984911,6.407658,7.959668,5.342763,49.332420
3,1.287720,0.500000,linear,450,150,rastrigin,6,1.089203,10.977841,11.945137,5.302073,51.610090
3,0.500000,0.802409,linear,450,150,rastrigin,6,7.256069,12.678789,13.746455,7.429770,51.635565
3,0.685363,7.295407,linear,450,150,rastrigin,6,0.000000,0.000000,0.000000,0.397983,51.650510
3,0.585390,3.882831,linear,450,150,rastrigin,6,0.994957,2.798318,2.984873,1.455498,52.191930
3,0.585390,10.000000,linear,450,150,rastrigin,6,0.000000,0.000000,0.000000,0.216846,53.157285
3,0.585390,0.939444,linear,450,150,rastrigin,6,6.187000,12.318687,13.268304,6.511155,53.531790
3,0.585390,6.231237,linear,450,150,rastrigin,6,0.000000,0.684033,0.994957,0.915955,54.019940
3,0.500000,5.322296,linear,450,150,rastrigin,6,0.994957,2.673949,2.487394,2.335503,54.433275
3,0.802409,2.066557,linear,450,150,rastrigin,6,0.994957,4.539500,4.974789,3.178780,51.924845
3,0.685363,0.685363,linear,450,150,rastrigin,6,3.623104,13.831436,15.298248,6.348696,55.918080
3,0.500000,8.541316,linear,450,150,rastrigin,6,0.000000,0.435294,0.994957,0.580155,56.415040
3,0.685363,2.832683,linear,450,150,rastrigin,6,0.994959,4.104202,3.979832,3.087176,56.516580
3,0.685363,4.545940,linear,450,150,rastrigin,6,0.000000,1.430251,1.989914,2.163318,57.177025
3,0.585390,1.507637,linear,450,150,rastrigin,6,2.007923,8.947056,11.535448,6.590687,57.389810
3,0.685363,1.099883,linear,450,150,rastrigin,6,4.162724,10.155678,11.307993,5.336217,58.461410
3,0.802409,0.802409,linear,450,150,rastrigin,6,3.635433,10.118254,11.620011,5.152802,59.073915
3,0.802409,3.316448,linear,450,150,rastrigin,6,0.994957,1.865545,1.989916,2.084074,56.475875
3,0.802409,5.322296,linear,450,150,rastrigin,6,0.000000,0.497478,0.994957,0.808307,59.952015
3,0.802409,0.500000,linear,450,150,rastrigin,6,4.405155,12.282906,13.298004,7.987971,64.115525
3,0.802409,8.541316,linear,450,150,rastrigin,6,0.000000,0.000000,0.000000,0.216846,57.673950
3,0.939444,0.585390,linear,450,150,rastrigin,6,3.089735,10.604352,12.686893,8.369633,56.688545
3,0.939444,0.939444,linear,450,150,rastrigin,6,2.985310,8.769416,10.953764,5.394436,53.129855
3,0.939444,2.419483,linear,450,150,rastrigin,6,0.994957,3.544538,4.477310,5.480360,51.809980
3,0.939444,1.507637,linear,450,150,rastrigin,6,1.989964,5.161744,4.976625,2.944784,56.305810
3,0.939444,3.882831,linear,450,150,rastrigin,6,0.000000,0.870588,0.994957,0.788155,53.036885
3,0.939444,6.231237,linear,450,150,rastrigin,6,0.000000,0.062185,0.000000,5.389969,48.180160
3,1.099883,0.685363,linear,450,150,rastrigin,6,2.053728,8.422682,9.486571,6.079663,47.753825
3,1.099883,1.765111,linear,450,150,rastrigin,6,0.000000,4.104203,5.472267,3.613146,42.494575
3,1.099883,2.832683,linear,450,150,rastrigin,6,0.000000,1.803360,1.989914,2.346077,46.130805
3,1.287720,3.316448,linear,450,150,rastrigin,6,0.000000,0.124370,0.000000,0.569390,44.601380
3,1.099883,4.545940,linear,450,150,rastrigin,6,0.000000,0.000000,0.000000,0.355271,47.577260
3,1.287720,5.322296,linear,450,150,rastrigin,6,0.000000,0.000000,0.000000,0.298487,46.181780
3,0.500000,1.287720,linear,450,150,rastrigin,6,4.041824,10.110946,11.629988,5.896725,47.921120
3,1.507637,0.585390,linear,450,150,rastrigin,6,1.005615,7.604026,8.554585,4.056635,48.490495
3,1.507637,2.419483,linear,450,150,rastrigin,6,0.000000,0.932772,0.994957,0.744558,46.638095
3,0.939444,10.000000,linear,450,150,rastrigin,6,0.000000,0.000000,0.000000,5.407618,66.145940
3,1.507637,1.507637,linear,450,150,rastrigin,6,0.994957,3.233614,3.482361,2.063188,49.884800
3,1.507637,6.231237,linear,450,150,rastrigin,6,0.000000,0.000000,0.000000,0.298487,48.153075
3,1.507637,10.000000,linear,450,150,rastrigin,6,0.000000,0.248739,0.000000,9.289056,49.573810
3,1.765111,1.765111,linear,450,150,rastrigin,6,0.000000,1.616806,1.989914,1.451241,45.074720
3,1.765111,1.099883,linear,450,150,rastrigin,6,0.994959,3.793279,4.477310,3.956125,49.712025
3,1.765111,2.832683,linear,450,150,rastrigin,6,0.000000,0.000000,0.000000,0.533486,46.848015
3,1.099883,1.099883,linear,450,150,rastrigin,6,2.773170,6.476257,7.463650,4.869117,71.142885
3,0.500000,2.066557,linear,450,150,rastrigin,6,2.005632,8.138914,8.636339,4.591104,48.571570
3,1.287720,2.066557,linear,450,150,rastrigin,6,0.000000,2.673948,2.984874,3.439082,65.960870
3,2.066557,2.066557,linear,450,150,rastrigin,6,0.000000,0.559663,0.994957,1.018314,42.230550
3,2.066557,0.802409,linear,450,150,rastrigin,6,0.994961,5.099680,6.964704,4.614087,46.732830
3,2.066557,0.500000,linear,450,150,rastrigin,6,1.990259,8.536861,10.321027,5.935080,50.907855
3,1.765111,7.295407,linear,450,150,rastrigin,6,0.000000,0.062185,0.000000,7.412868,52.486635
3,2.066557,1.287720,linear,450,150,rastrigin,6,0.994957,2.363024,2.984872,1.868690,46.141950
3,1.287720,8.541316,linear,450,150,rastrigin,6,0.000000,0.124370,0.000000,5.380778,69.733490
3,1.287720,1.287720,linear,450,150,rastrigin,6,1.989923,4.726104,5.969748,2.442676,71.994055
3,2.066557,5.322296,linear,450,150,rastrigin,6,0.000000,0.000000,0.000000,5.421102,39.232655
3,1.099883,7.295407,linear,450,150,rastrigin,6,0.000000,0.000000,0.000000,0.000000,73.229750
3,1.507637,3.882831,linear,450,150,rastrigin,6,0.000000,0.000000,0.000000,0.355271,68.149000
3,2.066557,8.541316,linear,450,150,rastrigin,6,0.000000,3.668879,1.492435,11.756237,41.534770
3,1.287720,0.802409,linear,450,150,rastrigin,6,1.001621,8.600958,9.950740,6.210556,75.690415
3,1.507637,0.939444,linear,450,150,rastrigin,6,2.985632,7.715734,9.949720,5.082551,77.200400
3,1.765111,0.685363,linear,450,150,rastrigin,6,0.000153,6.034499,6.966439,4.271911,71.813920
3,0.500000,0.585390,linear,450,150,rastrigin,6,9.163729,18.390646,20.383221,5.703041,43.065450
3,0.500000,0.939444,linear,450,150,rastrigin,6,6.435181,10.539764,9.666759,6.794288,39.447085
3,0.585390,7.295407,linear,450,150,rastrigin,6,0.000000,0.497478,0.994957,0.487427,41.830455
3,0.585390,1.099883,linear,450,150,rastrigin,6,3.065680,11.089094,13.004568,5.398387,44.178635
3,2.066557,3.316448,linear,450,150,rastrigin,6,0.000000,0.000000,0.000000,0.216846,71.913160
3,2.419483,0.939444,linear,450,150,rastrigin,6,0.000000,3.668907,4.477312,2.893943,59.691505
3,1.287720,0.585390,linear,450,150,rastrigin,6,3.047239,9.123466,10.084018,5.223993,47.857205
3,0.585390,2.832683,linear,450,150,rastrigin,6,1.989918,4.104232,3.979835,3.395623,50.721245
3,0.685363,0.500000,linear,450,150,rastrigin,6,2.690895,13.036335,14.510166,5.012157,47.069080
3,2.419483,0.585390,linear,450,150,rastrigin,6,0.003834,4.668684,5.970367,3.569383,65.386215
3,0.685363,2.066557,linear,450,150,rastrigin,6,0.995468,5.538296,6.467333,3.310275,49.717580
3,0.585390,4.545940,linear,450,150,rastrigin,6,0.000000,2.114284,1.989915,2.268852,48.911855
3,0.500000,6.231237,linear,450,150,rastrigin,6,0.000000,1.616807,1.989916,1.356941,45.824175
3,0.585390,0.685363,linear,450,150,rastrigin,6,7.449688,16.239767,17.951996,6.341753,51.456380
3,0.802409,1.507637,linear,450,150,rastrigin,6,0.994965,6.850706,8.971276,5.193848,58.726200
3,0.500000,3.882831,linear,450,150,rastrigin,6,0.994959,3.606726,3.979836,3.510310,57.016165
3,1.765111,5.322296,linear,450,150,rastrigin,6,0.000000,0.000000,0.000000,0.355271,54.650060
3,0.802409,2.419483,linear,450,150,rastrigin,6,0.994957,4.850420,5.969746,3.684038,47.060380
3,0.685363,8.541316,linear,450,150,rastrigin,6,0.000000,0.000000,0.000000,0.000000,56.719430
3,0.685363,3.316448,linear,450,150,rastrigin,6,0.994957,2.425209,2.984872,1.491607,45.067220
3,0.500000,10.000000,linear,450,150,rastrigin,6,0.000000,0.062185,0.000000,0.430829,48.215105
3,0.685363,0.802409,linear,450,150,rastrigin,6,4.048515,13.431343,14.188350,6.986926,54.278645
3,0.685363,1.287720,linear,450,150,rastrigin,6,3.111389,8.468321,9.953119,6.120325,45.420815
3,0.802409,6.231237,linear,450,150,rastrigin,6,0.000000,0.062185,0.000000,0.553969,41.618215
3,0.939444,1.099883,linear,450,150,rastrigin,6,1.989990,7.046830,7.002721,3.643185,38.627950
3,0.939444,0.685363,linear,450,150,rastrigin,6,5.408064,11.240732,13.529918,6.210862,42.434080
3,0.939444,2.832683,linear,450,150,rastrigin,6,0.000000,2.052100,1.989918,1.652948,41.008910
3,0.685363,5.322296,linear,450,150,rastrigin,6,0.000000,1.119327,0.994957,1.151747,63.290270
3,0.939444,7.295407,linear,450,150,rastrigin,6,0.000000,0.000000,0.000000,0.000000,39.298250
3,1.099883,2.066557,linear,450,150,rastrigin,6,0.000000,2.425210,3.482353,4.208315,37.065390
3,0.939444,1.765111,linear,450,150,rastrigin,6,0.994957,5.347945,5.969746,4.474798,48.065925
3,0.585390,1.765111,linear,450,150,rastrigin,6,2.012085,6.543164,7.959933,3.506110,70.512210
3,1.099883,0.802409,linear,450,150,rastrigin,6,3.220787,9.746464,11.451828,6.321699,46.715705
3,1.507637,0.685363,linear,450,150,rastrigin,6,2.987152,7.420764,9.472633,4.797326,36.301465
3,1.287720,3.882831,linear,450,150,rastrigin,6,0.000000,0.000000,0.000000,0.397983,44.412290
3,1.099883,5.322296,linear,450,150,rastrigin,6,0.000000,0.000000,0.000000,0.000000,44.243270
3,0.802409,3.882831,linear,450,150,rastrigin,6,0.000000,1.678991,1.989914,1.111284,73.160560
3,0.500000,1.507637,linear,450,150,rastrigin,6,3.021151,11.201134,13.008869,5.758727,44.113200
3,0.802409,0.585390,linear,450,150,rastrigin,6,2.621159,10.544332,12.110290,8.086996,72.305565
3,1.507637,7.295407,linear,450,150,rastrigin,6,0.000000,0.000000,0.000000,7.434870,41.910535
3,1.765111,0.500000,linear,450,150,rastrigin,6,2.984894,8.231514,9.951210,3.556000,40.269170
3,1.507637,1.765111,linear,450,150,rastrigin,6,0.994957,1.865546,1.989915,2.017092,45.197230
3,0.802409,0.939444,linear,450,150,rastrigin,6,3.110905,11.258958,13.771502,6.425436,86.434130
3,1.099883,1.287720,linear,450,150,rastrigin,6,0.994970,5.872659,6.164730,5.858797,40.622155
3,0.802409,10.000000,linear,450,150,rastrigin,6,0.000000,0.000000,0.000000,0.216846,79.293190
3,1.287720,2.419483,linear,450,150,rastrigin,6,0.000000,1.181512,1.492435,1.330233,40.519290
3,1.765111,8.541316,linear,450,150,rastrigin,6,0.000000,0.186555,0.000000,9.303576,35.712030
3,2.066557,0.585390,linear,450,150,rastrigin,6,1.990402,6.846629,6.965010,5.230641,37.628285
3,2.066557,2.419483,linear,450,150,rastrigin,6,0.000000,0.062185,0.000000,0.430829,40.788240
3,2.066557,1.507637,linear,450,150,rastrigin,6,0.000000,1.243696,1.989914,1.222624,35.883600
3,0.939444,4.545940,linear,450,150,rastrigin,6,0.000000,0.435294,0.994957,0.762620,74.980435
3,0.500000,0.685363,linear,450,150,rastrigin,6,5.583302,15.443199,18.334799,5.160839,20.451975
3,2.066557,10.000000,linear,450,150,rastrigin,6,0.000000,0.684034,0.994957,5.269304,26.663565
3,0.500000,1.099883,linear,450,150,rastrigin,6,0.392191,13.121973,14.837333,5.504527,20.984980
3,0.585390,8.541316,linear,450,150,rastrigin,6,0.000000,0.248739,0.000000,0.667438,21.199430
3,1.099883,3.316448,linear,450,150,rastrigin,6,0.000000,0.932772,0.994957,0.867384,72.784175
3,0.585390,1.287720,linear,450,150,rastrigin,6,5.628042,9.499303,9.521024,4.235455,19.858820
3,0.685363,0.585390,linear,450,150,rastrigin,6,7.059050,14.687843,16.757910,6.306843,13.744460
3,1.765111,2.066557,linear,450,150,rastrigin,6,0.000000,1.057142,1.492435,1.517922,59.706885
3,1.099883,0.500000,linear,450,150,rastrigin,6,2.029926,10.486464,11.031677,6.475757,66.892415
3,1.287720,1.507637,linear,450,150,rastrigin,6,0.994961,3.109243,3.482353,3.479149,40.395065
3,1.507637,2.832683,linear,450,150,rastrigin,6,0.000000,0.310924,0.000000,0.731141,68.828355
3,1.287720,10.000000,linear,450,150,rastrigin,6,0.000000,0.124370,0.000000,5.381008,43.615500
3,1.287720,6.231237,linear,450,150,rastrigin,6,0.000000,0.000000,0.000000,0.000000,74.729580
3,1.765111,3.316448,linear,450,150,rastrigin,6,0.000000,0.000000,0.000000,0.355271,58.858430
3,1.765111,1.287720,linear,450,150,rastrigin,6,0.000000,2.487394,2.984873,2.989428,62.363620
3,0.585390,5.322296,linear,450,150,rastrigin,6,0.000000,0.994958,0.994957,1.637907,14.581495
3,0.500000,7.295407,linear,450,150,rastrigin,6,0.000000,1.057142,0.994957,2.041478,15.023860
3,0.500000,2.419483,linear,450,150,rastrigin,6,1.989941,6.655816,7.960209,3.842191,60.071525
3,1.507637,4.545940,linear,450,150,rastrigin,6,0.000000,0.000000,0.000000,0.000000,40.376525
3,1.099883,8.541316,linear,450,150,rastrigin,6,0.000000,0.000000,0.000000,5.421102,43.668275
3,2.066557,0.939444,linear,450,150,rastrigin,6,0.994957,3.544538,3.979836,2.639921,57.166280
3,0.585390,0.500000,linear,450,150,rastrigin,6,9.050911,16.392595,17.967878,5.516212,14.648945
3,1.287720,0.939444,linear,450,150,rastrigin,6,2.985008,6.689787,6.971326,5.110209,40.659435
3,2.066557,6.231237,linear,450,150,rastrigin,6,0.000000,0.000000,0.000000,8.067544,48.942155
3,0.685363,3.882831,linear,450,150,rastrigin,6,0.994957,2.736134,2.984875,1.872002,16.236640
3,0.685363,1.507637,linear,450,150,rastrigin,6,2.990932,6.353315,7.048630,3.112958,16.214705
3,1.507637,1.099883,linear,450,150,rastrigin,6,0.994957,5.100977,6.467254,4.661912,40.610575
3,0.802409,7.295407,linear,450,150,rastrigin,6,0.000000,0.000000,0.000000,0.355271,17.946510
3,0.585390,3.316448,linear,450,150,rastrigin,6,0.994957,4.726050,5.969747,4.594876,31.009645
3,1.765111,0.802409,linear,450,150,rastrigin,6,2.984932,6.720037,6.965204,3.474780,41.456235
3,0.939444,3.316448,linear,450,150,rastrigin,6,0.994957,1.616805,1.989914,1.381344,16.800430
3,0.685363,2.419483,linear,450,150,rastrigin,6,0.994961,6.094122,7.959667,4.759965,26.960970
3,1.287720,0.685363,linear,450,150,rastrigin,6,1.089674,8.209368,10.570715,5.609895,33.352425
3,0.939444,0.802409,linear,450,150,rastrigin,6,4.311932,10.650379,12.080712,6.170091,17.966830
3,0.939444,8.541316,linear,450,150,rastrigin,6,0.000000,0.000000,0.000000,0.216846,17.543420
3,2.419483,1.099883,linear,450,150,rastrigin,6,0.994957,2.549579,2.984875,3.119072,36.654070
3,1.099883,2.419483,linear,450,150,rastrigin,6,0.000000,2.611764,2.984872,2.599774,16.920785
3,0.802409,2.832683,linear,450,150,rastrigin,6,0.994957,3.357982,4.477307,2.656273,23.668865
3,0.939444,2.066557,linear,450,150,rastrigin,6,0.994957,3.233629,3.979833,2.309916,16.430695
3,2.419483,0.685363,linear,450,150,rastrigin,6,0.000004,3.979905,3.979835,4.079288,31.577650
3,2.066557,3.882831,linear,450,150,rastrigin,6,0.000000,0.000000,0.000000,0.298487,39.710875
3,1.765111,6.231237,linear,450,150,rastrigin,6,0.000000,0.000000,0.000000,0.397983,27.065285
3,0.585390,0.802409,linear,450,150,rastrigin,6,6.478924,12.351072,13.423663,6.934659,30.219270
3,0.685363,6.231237,linear,450,150,rastrigin,6,0.000000,0.746218,0.994957,0.800616,22.320610
3,0.802409,1.765111,linear,450,150,rastrigin,6,2.984880,5.226186,6.467228,3.888239,30.338850
3,0.685363,0.939444,linear,450,150,rastrigin,6,3.062244,11.522174,12.100911,5.191716,27.723800
3,0.500000,4.545940,linear,450,150,rastrigin,6,0.994957,2.487394,2.984874,2.467412,30.645165
3,1.507637,0.802409,linear,450,150,rastrigin,6,1.991705,5.227596,5.970131,4.712596,16.430075
3,0.685363,10.000000,linear,450,150,rastrigin,6,0.000000,0.000000,0.000000,0.298487,29.598790
3,0.585390,2.066557,linear,450,150,rastrigin,6,1.261246,7.728093,8.955349,5.421670,21.590570
3,1.099883,0.939444,linear,450,150,rastrigin,6,1.201857,9.906220,11.443748,5.545143,19.899690
3,0.939444,1.287720,linear,450,150,rastrigin,6,1.493765,5.636469,6.964709,4.295515,28.844655
3,1.287720,4.545940,linear,450,150,rastrigin,6,0.000000,0.000000,0.000000,0.355271,19.147560
3,1.099883,6.231237,linear,450,150,rastrigin,6,0.000000,0.000000,0.000000,0.000000,18.683050
3,0.500000,1.765111,linear,450,150,rastrigin,6,3.150185,9.685996,10.961033,4.501060,15.932590
3,0.802409,4.545940,linear,450,150,rastrigin,6,0.000000,0.870587,0.994957,1.128959,18.230350
3,1.507637,2.066557,linear,450,150,rastrigin,6,0.000000,1.616805,1.989914,0.943900,15.949070
3,1.765111,0.585390,linear,450,150,rastrigin,6,1.997557,6.537074,7.963963,4.780022,16.439675
3,2.066557,0.685363,linear,450,150,rastrigin,6,1.990021,5.659055,6.467784,4.498294,14.755075
3,1.507637,8.541316,linear,450,150,rastrigin,6,0.000000,0.000000,0.000000,8.863424,17.384310
3,1.099883,1.507637,linear,450,150,rastrigin,6,0.994959,4.912626,5.969902,3.041953,15.995270
3,1.287720,2.832683,linear,450,150,rastrigin,6,0.000000,1.492436,1.989914,1.297266,17.179490
3,2.066557,2.832683,linear,450,150,rastrigin,6,0.000000,0.000000,0.000000,0.216846,16.273285
3,1.765111,10.000000,linear,450,150,rastrigin,6,0.000000,2.114271,0.994957,11.194772,18.564480
3,2.066557,1.765111,linear,450,150,rastrigin,6,0.000000,1.119327,1.492436,1.066973,16.235310
3,2.419483,0.500000,linear,450,150,rastrigin,6,2.175701,6.882977,7.960316,3.637703,13.281970
3,0.802409,0.685363,linear,450,150,rastrigin,6,7.018681,10.664163,12.294266,5.208768,21.713050
3,0.802409,1.099883,linear,450,150,rastrigin,6,0.006582,8.920506,11.478364,6.753915,20.363990
3,2.419483,3.882831,linear,450,150,rastrigin,6,0.000000,0.000000,0.000000,0.216846,15.408385
3,2.419483,1.507637,linear,450,150,rastrigin,6,0.000000,0.746218,0.994957,0.800616,17.750480
3,0.939444,0.500000,linear,450,150,rastrigin,6,5.731255,10.934291,12.662202,8.186315,24.074070
3,2.419483,6.231237,linear,450,150,rastrigin,6,0.000000,0.310924,0.000000,9.898745,15.383575
3,2.419483,2.419483,linear,450,150,rastrigin,6,0.000000,0.000000,0.000000,0.216846,19.125590
3,2.419483,10.000000,linear,450,150,rastrigin,6,0.000000,0.870599,0.994957,10.962090,15.321720
3,2.832683,0.685363,linear,450,150,rastrigin,6,0.994957,4.042017,4.974792,3.984799,15.131760
3,0.939444,5.322296,linear,450,150,rastrigin,6,0.000000,0.000000,0.000000,0.710541,25.842355
3,2.832683,1.765111,linear,450,150,rastrigin,6,0.000000,0.000000,0.000000,0.355271,15.671650
3,2.832683,1.099883,linear,450,150,rastrigin,6,0.000000,1.243697,1.492435,1.581795,18.010250
3,1.507637,0.500000,linear,450,150,rastrigin,6,2.996801,10.503496,11.098175,5.406111,18.676040
3,1.287720,1.765111,linear,450,150,rastrigin,6,0.994957,3.109243,2.984876,2.312070,19.571595
3,1.099883,3.882831,linear,450,150,rastrigin,6,0.000000,0.310924,0.000000,0.665581,26.292850
3,1.287720,1.099883,linear,450,150,rastrigin,6,0.000011,6.288994,7.528560,3.740434,17.611285
3,1.765111,1.507637,linear,450,150,rastrigin,6,0.000000,2.425209,2.984872,1.903466,20.523740
3,2.832683,2.832683,linear,450,150,rastrigin,6,0.000000,0.000000,0.000000,0.216846,17.668165
3,2.832683,4.545940,linear,450,150,rastrigin,6,0.000000,0.000000,0.000000,8.863425,18.017770
3,1.507637,5.322296,linear,450,150,rastrigin,6,0.000000,0.000000,0.000000,0.216846,20.575740
3,2.832683,7.295407,linear,450,150,rastrigin,6,0.000000,0.684033,0.994957,9.146637,18.066115
3,3.316448,0.802409,linear,450,150,rastrigin,6,0.994957,2.176470,2.487394,1.188756,16.304205
3,1.099883,10.000000,linear,450,150,rastrigin,6,0.000000,0.000000,0.000000,0.000000,22.402835
3,1.507637,1.287720,linear,450,150,rastrigin,6,0.994957,3.606723,4.477310,3.228248,20.781240
3,2.066557,7.295407,linear,450,150,rastrigin,6,0.000000,0.497479,0.994957,8.799965,22.215900
3,1.765111,2.419483,linear,450,150,rastrigin,6,0.000000,0.497479,0.994957,0.744558,27.551240
3,1.765111,0.939444,linear,450,150,rastrigin,6,1.989914,4.974793,5.969746,3.451245,22.807130
3,3.316448,3.316448,linear,450,150,rastrigin,6,0.000000,0.000000,0.000000,0.298487,18.492780
3,3.316448,5.322296,linear,450,150,rastrigin,6,0.000000,0.684033,0.994957,8.636083,18.511185
3,1.099883,0.585390,linear,450,150,rastrigin,6,1.495596,9.064991,9.840095,6.137846,32.369140
3,1.507637,3.316448,linear,450,150,rastrigin,6,0.000000,0.186554,0.000000,0.580155,31.821240
3,0.500000,2.832683,linear,450,150,rastrigin,6,2.984909,8.021990,8.954631,4.673129,31.705410
3,2.066557,1.099883,linear,450,150,rastrigin,6,0.000000,2.673949,2.984874,1.977440,30.636540
3,1.765111,3.882831,linear,450,150,rastrigin,6,0.000000,0.000000,0.000000,0.000000,32.705140
3,1.287720,7.295407,linear,450,150,rastrigin,6,0.000000,0.000000,0.000000,0.216846,33.007625
3,3.316448,0.500000,linear,450,150,rastrigin,6,1.989916,6.280680,7.462252,5.118005,26.734395
3,3.316448,8.541316,linear,450,150,rastrigin,6,0.000000,1.057343,1.492495,6.091584,16.438585
3,3.882831,0.939444,linear,450,150,rastrigin,6,0.000000,0.808403,0.994957,1.024371,14.945650
3,4.545940,1.099883,linear,450,150,rastrigin,6,0.000000,0.062185,0.000000,0.650538,13.242540
3,3.316448,1.287720,linear,450,150,rastrigin,6,0.000000,0.248739,0.000000,0.736201,27.861030
3,3.316448,2.066557,linear,450,150,rastrigin,6,0.000000,0.000000,0.000000,0.216846,27.105310
3,2.419483,1.287720,linear,450,150,rastrigin,6,0.000000,1.865546,1.989915,2.922447,25.267740
3,5.322296,0.802409,linear,450,150,rastrigin,6,0.000000,0.248739,0.000000,0.586518,17.604705
3,3.882831,0.585390,linear,450,150,rastrigin,6,0.000000,2.176470,2.487394,2.558029,22.858640
3,5.322296,2.066557,linear,450,150,rastrigin,6,0.000000,0.000000,0.000000,0.355271,17.701200
3,3.882831,1.507637,linear,450,150,rastrigin,6,0.000000,0.000000,0.000000,0.298487,20.919140
3,5.322296,1.287720,linear,450,150,rastrigin,6,0.000000,0.000000,0.000000,0.298487,19.457385
3,4.545940,4.545940,linear,450,150,rastrigin,6,0.000000,0.435294,0.994957,6.204100,21.212245
3,3.882831,3.882831,linear,450,150,rastrigin,6,0.000000,0.248739,0.000000,7.376062,23.029470
3,4.545940,2.832683,linear,450,150,rastrigin,6,0.000000,0.186555,0.000000,8.806702,22.317805
3,5.322296,5.322296,linear,450,150,rastrigin,6,0.000023,2.674015,1.492447,11.803733,17.994340
3,5.322296,3.316448,linear,450,150,rastrigin,6,0.000000,0.248739,0.000000,8.008349,19.866630
3,5.322296,8.541316,linear,450,150,rastrigin,6,0.000084,1.945953,2.038311,9.882599,17.195000
3,6.231237,0.585390,linear,450,150,rastrigin,6,0.000000,0.932772,0.994957,0.788154,17.206005
3,4.545940,1.765111,linear,450,150,rastrigin,6,0.000000,0.000000,0.000000,0.216846,27.034500
3,6.231237,0.939444,linear,450,150,rastrigin,6,0.000000,0.000000,0.000000,0.355271,17.645305
3,4.545940,0.685363,linear,450,150,rastrigin,6,0.000000,1.803360,1.989914,1.649201,29.186705
3,3.882831,6.231237,linear,450,150,rastrigin,6,0.000000,0.621854,0.994957,10.086266,30.932900
3,2.419483,0.802409,linear,450,150,rastrigin,6,0.994957,4.290757,5.472266,2.777370,31.966045
3,6.231237,3.882831,linear,450,150,rastrigin,6,0.000000,0.808407,0.994959,10.020689,17.639085
3,2.066557,4.545940,linear,450,150,rastrigin,6,0.000000,0.000000,0.000000,0.000000,31.776045
3,7.295407,0.685363,linear,450,150,rastrigin,6,0.000000,0.248739,0.000000,0.586518,14.497395
3,5.322296,0.500000,linear,450,150,rastrigin,6,0.000000,2.114285,1.989918,2.084668,29.873465
3,6.231237,6.231237,linear,450,150,rastrigin,6,0.000158,1.680295,1.990116,11.227579,17.950375
3,3.882831,10.000000,linear,450,150,rastrigin,6,0.996778,2.365569,2.984908,7.975315,32.493815
3,3.882831,2.419483,linear,450,150,rastrigin,6,0.000000,0.000000,0.000000,0.216846,32.561030
3,6.231237,10.000000,linear,450,150,rastrigin,6,1.000996,3.341642,3.574922,9.526549,17.734960
3,4.545940,7.295407,linear,450,150,rastrigin,6,0.000008,1.243933,1.989922,6.055707,32.928830
3,7.295407,1.099883,linear,450,150,rastrigin,6,0.000000,0.000000,0.000000,0.298487,15.284820
3,7.295407,1.765111,linear,450,150,rastrigin,6,0.000000,0.000000,0.000000,7.434871,16.315560
3,2.419483,4.545940,linear,450,150,rastrigin,6,0.000000,0.000000,0.000000,5.421108,16.359620
3,2.419483,1.765111,linear,450,150,rastrigin,6,0.000000,0.497478,0.994957,0.808307,16.306940
3,6.231237,1.507637,linear,450,150,rastrigin,6,0.000000,0.000000,0.000000,0.298487,28.303840
3,7.295407,2.832683,linear,450,150,rastrigin,6,0.000000,0.684033,0.994957,11.273979,16.261580
3,6.231237,2.419483,linear,450,150,rastrigin,6,0.000000,0.124370,0.000000,6.259705,27.081970
3,2.832683,0.802409,linear,450,150,rastrigin,6,0.000000,3.047059,2.984877,3.632273,15.764520
3,2.419483,2.832683,linear,450,150,rastrigin,6,0.000000,0.000000,0.000000,0.397983,16.894535
3,2.832683,1.287720,linear,450,150,rastrigin,6,0.000000,0.932772,0.994957,1.151747,14.432115
3,2.832683,2.066557,linear,450,150,rastrigin,6,0.000000,0.000000,0.000000,0.298487,15.003130
3,2.419483,7.295407,linear,450,150,rastrigin,6,0.000000,2.114271,0.994957,10.660041,19.193300
3,2.832683,0.500000,linear,450,150,rastrigin,6,1.989918,5.853496,6.964724,3.487929,19.074895
3,7.295407,4.545940,linear,450,150,rastrigin,6,0.000008,1.306502,1.989919,11.060602,17.384745
3,2.832683,3.316448,linear,450,150,rastrigin,6,0.000000,0.000000,0.000000,0.298487,14.806945
3,2.832683,5.322296,linear,450,150,rastrigin,6,0.000000,0.373109,0.497478,8.732229,15.190970
3,3.316448,0.939444,linear,450,150,rastrigin,6,0.000000,1.616807,1.989917,1.462283,14.394435
3,7.295407,7.295407,linear,450,150,rastrigin,6,0.995224,2.693678,3.003104,10.772663,20.250135
3,2.832683,8.541316,linear,450,150,rastrigin,6,0.000000,0.870597,0.994968,6.120140,16.156660
3,8.541316,0.500000,linear,450,150,rastrigin,6,0.000000,0.435294,0.994957,0.710541,19.977035
3,8.541316,1.287720,linear,450,150,rastrigin,6,0.000000,0.000000,0.000000,0.298487,22.013485
3,8.541316,3.316448,linear,450,150,rastrigin,6,0.000000,2.238669,0.994964,11.735254,21.068425
3,3.316448,6.231237,linear,450,150,rastrigin,6,0.000000,0.621848,0.994957,8.458132,15.773400
3,8.541316,8.541316,linear,450,150,rastrigin,6,1.111309,3.267535,3.584472,9.167997,19.792575
3,3.316448,10.000000,linear,450,150,rastrigin,6,0.000000,1.430925,1.989935,11.129671,15.588035
3,4.545940,1.287720,linear,450,150,rastrigin,6,0.000000,0.000000,0.000000,0.397983,14.809010
3,8.541316,0.802409,linear,450,150,rastrigin,6,0.000000,0.000000,0.000000,0.298487,28.171760
3,10.000000,1.507637,linear,450,150,rastrigin,6,0.000000,0.497479,0.000000,10.224648,20.126000
3,8.541316,5.322296,linear,450,150,rastrigin,6,0.000210,2.242567,1.991194,10.563969,24.823280
3,10.000000,0.585390,linear,450,150,rastrigin,6,0.000000,0.000000,0.000000,0.397983,22.602860
3,5.322296,0.939444,linear,450,150,rastrigin,6,0.000000,0.000000,0.000000,0.355271,15.375180
3,5.322296,1.507637,linear,450,150,rastrigin,6,0.000000,0.000000,0.000000,5.421102,14.566050
3,5.322296,2.419483,linear,450,150,rastrigin,6,0.000000,0.062185,0.000000,7.420715,15.241125
3,4.545940,5.322296,linear,450,150,rastrigin,6,0.000000,2.615292,0.994958,12.173877,17.014805
3,8.541316,2.066557,linear,450,150,rastrigin,6,0.000000,0.248739,0.000000,8.892975,33.842910
3,5.322296,6.231237,linear,450,150,rastrigin,6,0.000956,1.243994,0.996418,7.832129,15.500180
3,6.231237,0.685363,linear,450,150,rastrigin,6,0.000000,0.373109,0.497478,0.659980,13.479225
3,5.322296,10.000000,linear,450,150,rastrigin,6,0.995300,2.133135,2.023681,1.563071,15.490830
3,6.231237,1.099883,linear,450,150,rastrigin,6,0.000000,0.000000,0.000000,0.216846,12.791445
3,0.500000,1.765111,quadratic,450,150,rastrigin,6,4.985518,8.287104,8.994283,2.568651,26.802010
3,3.316448,3.882831,linear,450,150,rastrigin,6,0.000000,0.062185,0.000000,5.389982,34.193975
3,3.316448,2.419483,linear,450,150,rastrigin,6,0.000000,0.000000,0.000000,0.216846,27.775300
3,3.882831,1.099883,linear,450,150,rastrigin,6,0.000000,0.497479,0.994957,1.102339,34.319905
3,6.231237,4.545940,linear,450,150,rastrigin,6,0.000000,0.995093,0.994962,8.363324,18.423325
3,7.295407,0.802409,linear,450,150,rastrigin,6,0.000000,0.000000,0.000000,0.355271,18.700870
3,0.500000,0.685363,quadratic,450,150,rastrigin,6,3.429333,13.207796,15.453862,4.994101,39.941285
3,7.295407,0.500000,linear,450,150,rastrigin,6,0.000000,0.870587,0.994957,0.722629,17.865070
3,6.231237,7.295407,linear,450,150,rastrigin,6,0.995609,2.307642,2.489202,9.869193,21.133860
3,10.000000,0.939444,linear,450,150,rastrigin,6,0.000000,0.000000,0.000000,8.081509,44.905815
3,4.545940,2.066557,linear,450,150,rastrigin,6,0.000000,0.000000,0.000000,0.000000,29.469105
3,3.316448,0.585390,linear,450,150,rastrigin,6,0.994957,3.731170,4.477310,2.445209,43.537100
3,0.500000,1.099883,quadratic,450,150,rastrigin,6,6.034525,12.866658,13.948669,5.747532,44.674025
3,4.545940,0.802409,linear,450,150,rastrigin,6,0.000000,0.870588,0.994958,0.764241,28.783180
3,2.832683,0.939444,linear,450,150,rastrigin,6,0.000000,1.927731,1.989917,1.884519,19.431100
3,10.000000,6.231237,linear,450,150,rastrigin,6,1.002029,2.304311,2.557117,6.080575,45.604345
3,10.000000,2.419483,linear,450,150,rastrigin,6,0.000000,2.491781,0.994958,12.218697,46.601595
3,2.419483,2.066557,linear,450,150,rastrigin,6,0.000000,0.373109,0.497478,0.586519,21.636885
3,3.316448,1.507637,linear,450,150,rastrigin,6,0.000000,0.124370,0.000000,0.659980,43.290655
3,10.000000,10.000000,linear,450,150,rastrigin,6,2.024761,4.432064,4.082334,7.910930,46.399195
3,0.500000,2.832683,quadratic,450,150,rastrigin,6,1.989918,4.374578,4.974792,3.086225,28.632105
3,2.419483,5.322296,linear,450,150,rastrigin,6,0.000000,0.062185,0.000000,7.420711,22.319370
3,3.882831,0.685363,linear,450,150,rastrigin,6,0.000000,2.487394,2.984875,2.466913,41.355065
3,2.832683,2.419483,linear,450,150,rastrigin,6,0.000000,0.000000,0.000000,0.000000,21.019770
3,2.832683,0.585390,linear,450,150,rastrigin,6,0.000023,4.726079,5.472273,2.900987,20.205770
3,2.419483,3.316448,linear,450,150,rastrigin,6,0.000000,0.000000,0.000000,0.000000,22.071435
3,2.832683,1.507637,linear,450,150,rastrigin,6,0.000000,0.497478,0.994957,0.958212,21.611695
3,3.882831,1.765111,linear,450,150,rastrigin,6,0.000000,0.000000,0.000000,0.216846,42.774010
3,2.419483,8.541316,linear,450,150,rastrigin,6,0.000000,0.684034,0.994957,10.541724,22.107150
3,10.000000,3.882831,linear,450,150,rastrigin,6,0.000156,3.670745,2.984976,11.310162,49.793460
3,3.882831,7.295407,linear,450,150,rastrigin,6,0.000000,1.057255,0.995712,9.490543,34.426305
3,3.882831,4.545940,linear,450,150,rastrigin,6,0.000000,0.435295,0.497484,9.227624,44.712735
3,4.545940,3.316448,linear,450,150,rastrigin,6,0.000000,0.310924,0.000000,9.838819,44.424705
3,2.832683,3.882831,linear,450,150,rastrigin,6,0.000000,0.000000,0.000000,7.434870,21.513580
3,3.316448,1.099883,linear,450,150,rastrigin,6,0.000000,0.808403,0.994957,5.475611,17.655095
3,2.832683,6.231237,linear,450,150,rastrigin,6,0.000000,0.310925,0.000010,6.231109,21.707915
3,5.322296,3.882831,linear,450,150,rastrigin,6,0.000000,0.124370,0.000000,5.389371,44.075065
3,5.322296,0.585390,linear,450,150,rastrigin,6,0.000000,1.554621,1.989914,1.111283,34.788655
3,0.500000,7.295407,quadratic,450,150,rastrigin,6,0.000000,0.435294,0.994957,0.958211,34.920385
3,0.500000,4.545940,quadratic,450,150,rastrigin,6,1.989914,2.984873,2.984875,1.581795,34.764275
3,4.545940,0.500000,linear,450,150,rastrigin,6,0.994957,3.109244,3.482352,2.548332,34.527140
3,7.295407,1.287720,linear,450,150,rastrigin,6,0.000000,0.000000,0.000000,0.216846,33.581450
3,7.295407,2.066557,linear,450,150,rastrigin,6,0.000000,0.124370,0.000000,5.381009,34.223160
3,4.545940,8.541316,linear,450,150,rastrigin,6,0.000103,1.619112,1.990469,1.133861,35.488325
3,7.295407,3.316448,linear,450,150,rastrigin,6,0.000000,0.746219,0.994958,11.111322,33.277665
3,7.295407,5.322296,linear,450,150,rastrigin,6,0.000027,3.855669,2.509834,11.890319,29.469740
3,3.882831,2.832683,linear,450,150,rastrigin,6,0.000000,0.000000,0.000000,0.216846,37.862365
3,2.832683,10.000000,linear,450,150,rastrigin,6,0.000000,0.808429,0.994960,6.350879,19.644095
3,6.231237,2.832683,linear,450,150,rastrigin,6,0.000000,2.176456,0.994957,11.504601,38.541990
3,3.882831,0.500000,linear,450,150,rastrigin,6,2.984875,5.036976,5.472270,3.179195,16.482735
3,3.316448,7.295407,linear,450,150,rastrigin,6,0.000000,5.845365,0.994961,13.539015,17.373930
3,6.231237,1.765111,linear,450,150,rastrigin,6,0.000000,0.000000,0.000000,5.414021,40.427730
3,4.545940,1.507637,linear,450,150,rastrigin,6,0.000000,0.000000,0.000000,0.298487,18.094220
3,8.541316,0.939444,linear,450,150,rastrigin,6,0.000000,0.000000,0.000000,0.355271,20.047800
3,7.295407,8.541316,linear,450,150,rastrigin,6,0.999529,3.096597,2.994586,9.104061,29.339850
3,5.322296,1.765111,linear,450,150,rastrigin,6,0.000000,0.000000,0.000000,0.298487,18.678690
3,10.000000,0.685363,linear,450,150,rastrigin,6,0.000000,0.000000,0.000000,0.000000,19.372620
3,5.322296,2.832683,linear,450,150,rastrigin,6,0.000000,0.124370,0.000000,5.381010,19.057835
3,8.541316,0.585390,linear,450,150,rastrigin,6,0.000000,0.373109,0.497478,0.586519,27.352730
3,8.541316,2.419483,linear,450,150,rastrigin,6,0.000000,0.746218,0.994959,10.038400,18.227850
3,5.322296,1.099883,linear,450,150,rastrigin,6,0.000000,0.000000,0.000000,0.216846,21.612310
3,6.231237,0.802409,linear,450,150,rastrigin,6,0.000000,0.000000,0.000000,0.298487,16.988005
3,4.545940,6.231237,linear,450,150,rastrigin,6,0.000000,1.243716,0.995012,10.437930,20.634610
3,8.541316,3.882831,linear,450,150,rastrigin,6,0.000000,4.712095,1.989951,12.560813,26.637570
3,5.322296,7.295407,linear,450,150,rastrigin,6,0.000002,1.557142,1.989966,9.876334,20.241190
3,10.000000,1.765111,linear,450,150,rastrigin,6,0.000000,0.373109,0.497478,8.125897,25.566390
3,8.541316,1.507637,linear,450,150,rastrigin,6,0.000000,0.186555,0.000000,9.880973,28.596260
3,8.541316,10.000000,linear,450,150,rastrigin,6,1.037304,4.095664,4.083773,11.183871,28.603525
3,8.541316,6.231237,linear,450,150,rastrigin,6,0.997341,3.995277,2.990149,11.410879,26.847000
3,6.231237,0.500000,linear,450,150,rastrigin,6,0.000000,1.368066,1.989914,2.204679,19.894680
3,6.231237,1.287720,linear,450,150,rastrigin,6,0.000000,0.000000,0.000000,0.000000,20.192340
3,3.316448,4.545940,linear,450,150,rastrigin,6,0.000000,0.186555,0.000000,8.792787,18.676715
3,0.500000,2.066557,quadratic,450,150,rastrigin,6,2.986080,8.543276,9.953284,5.733914,21.040030
3,3.882831,1.287720,linear,450,150,rastrigin,6,0.000000,0.186554,0.000000,0.474564,17.878015
3,7.295407,0.939444,linear,450,150,rastrigin,6,0.000000,0.000000,0.000000,5.421102,18.963340
3,7.295407,0.585390,linear,450,150,rastrigin,6,0.000000,0.435294,0.994957,0.824975,16.095605
3,6.231237,8.541316,linear,450,150,rastrigin,6,0.017935,2.093403,2.009788,11.399659,16.517675
3,0.585390,0.500000,quadratic,450,150,rastrigin,6,6.455683,14.598804,15.743250,6.298444,14.671085
3,0.585390,0.802409,quadratic,450,150,rastrigin,6,4.042059,12.902382,16.268145,6.749238,14.519700
3,4.545940,2.419483,linear,450,150,rastrigin,6,0.000000,0.000000,0.000000,5.414021,16.911330
3,4.545940,0.939444,linear,450,150,rastrigin,6,0.000000,0.497478,0.994957,0.569390,16.808530
3,0.585390,1.287720,quadratic,450,150,rastrigin,6,5.072308,11.171565,12.079595,4.242011,14.845350
3,0.500000,3.316448,quadratic,450,150,rastrigin,6,2.984875,6.031993,6.964705,3.820856,14.964795
3,0.585390,2.066557,quadratic,450,150,rastrigin,6,2.984945,6.537086,7.474715,4.494775,14.778255
3,0.585390,3.316448,quadratic,450,150,rastrigin,6,1.989916,3.979867,2.985153,3.155736,14.900310
3,0.585390,5.322296,quadratic,450,150,rastrigin,6,0.000000,1.554621,1.989914,1.954778,15.264135
3,6.231237,5.322296,linear,450,150,rastrigin,6,0.000000,0.995239,0.995237,9.946508,29.016865
3,0.585390,8.541316,quadratic,450,150,rastrigin,6,0.000000,0.000000,0.000000,0.216846,18.826365
3,0.685363,0.585390,quadratic,450,150,rastrigin,6,2.423538,10.334480,11.715633,6.101922,15.889915
3,3.316448,2.832683,linear,450,150,rastrigin,6,0.000000,0.000000,0.000000,0.355271,33.319320
3,10.000000,1.099883,linear,450,150,rastrigin,6,0.000000,0.000000,0.000000,5.421102,27.776415
3,0.500000,0.802409,quadratic,450,150,rastrigin,6,4.544794,11.658901,12.530402,6.441794,33.171420
3,0.685363,0.939444,quadratic,450,150,rastrigin,6,5.005791,10.239607,11.586159,4.472766,16.342305
3,0.685363,1.507637,quadratic,450,150,rastrigin,6,1.311460,7.249089,8.457330,5.528194,16.171365
3,0.685363,2.419483,quadratic,450,150,rastrigin,6,0.994957,4.601682,5.472268,3.552365,16.197790
3,3.882831,5.322296,linear,450,150,rastrigin,6,0.000000,0.932776,0.994957,11.304301,21.217395
3,0.685363,3.882831,quadratic,450,150,rastrigin,6,0.000000,2.052100,2.984871,2.611645,14.739775
3,0.685363,6.231237,quadratic,450,150,rastrigin,6,0.000000,0.186554,0.000000,0.474564,16.039415
3,10.000000,7.295407,linear,450,150,rastrigin,6,0.003214,2.583690,2.185210,11.538565,35.272110
3,0.802409,0.685363,quadratic,450,150,rastrigin,6,2.240078,11.564836,13.296276,5.993005,15.056145
3,0.685363,10.000000,quadratic,450,150,rastrigin,6,0.000000,0.000000,0.000000,0.000000,16.657275
3,3.316448,0.685363,linear,450,150,rastrigin,6,1.989916,3.979831,3.979834,2.004781,37.839585
3,0.802409,1.099883,quadratic,450,150,rastrigin,6,3.999763,7.491810,7.534070,5.087077,16.409060
3,10.000000,2.832683,linear,450,150,rastrigin,6,0.000004,1.057205,0.995158,8.345491,39.900820
3,3.882831,8.541316,linear,450,150,rastrigin,6,0.000017,1.555400,1.000038,11.313122,30.575015
3,3.316448,1.765111,linear,450,150,rastrigin,6,0.000000,0.000000,0.000000,0.298487,39.696995
3,0.500000,1.287720,quadratic,450,150,rastrigin,6,2.985640,11.235235,14.121422,7.694556,41.185270
3,0.802409,1.765111,quadratic,450,150,rastrigin,6,1.990133,6.531368,6.965181,4.605549,16.298795
3,0.500000,0.500000,quadratic,450,150,rastrigin,6,5.915249,16.221510,18.166721,7.272504,41.134975
3,3.882831,0.802409,linear,450,150,rastrigin,6,0.000000,2.114285,2.984872,1.569228,42.075195
3,0.802409,2.832683,quadratic,450,150,rastrigin,6,0.994957,3.295797,3.482353,1.911252,15.902145
3,3.882831,2.066557,linear,450,150,rastrigin,6,0.000000,0.000000,0.000000,0.000000,43.562195
3,0.939444,0.500000,quadratic,450,150,rastrigin,6,3.857567,13.327242,14.968056,5.473098,19.067575
3,0.802409,7.295407,quadratic,450,150,rastrigin,6,0.000000,0.000000,0.000000,0.000000,20.830715
3,0.939444,0.802409,quadratic,450,150,rastrigin,6,2.984953,9.733858,12.639441,5.574605,17.231790
3,10.000000,4.545940,linear,450,150,rastrigin,6,0.994965,5.920780,2.989288,12.503558,43.065230
3,0.939444,1.287720,quadratic,450,150,rastrigin,6,1.989918,6.406085,6.967292,4.818314,18.934620
3,0.939444,3.316448,quadratic,450,150,rastrigin,6,0.000000,1.741175,1.989914,1.146362,18.428865
3,0.939444,2.066557,quadratic,450,150,rastrigin,6,0.000000,4.042016,5.472267,2.545903,19.679595
3,0.500000,8.541316,quadratic,450,150,rastrigin,6,0.000000,0.248739,0.000000,0.487427,38.869240
3,5.322296,4.545940,linear,450,150,rastrigin,6,0.000000,0.808412,0.994958,8.143878,40.968600
3,1.099883,0.585390,quadratic,450,150,rastrigin,6,3.014761,10.445567,11.115910,6.096523,17.113975
3,4.545940,3.882831,linear,450,150,rastrigin,6,0.000000,0.373109,0.497478,7.898669,44.270025
3,7.295407,3.882831,linear,450,150,rastrigin,6,0.000000,1.181563,1.492723,6.062941,37.825955
3,5.322296,0.685363,linear,450,150,rastrigin,6,0.000000,1.119327,1.492436,1.274167,41.101805
3,0.585390,0.585390,quadratic,450,150,rastrigin,6,3.813011,15.319593,17.139076,6.241932,17.220900
3,0.939444,5.322296,quadratic,450,150,rastrigin,6,0.000000,0.000000,0.000000,0.000000,19.205405
3,7.295407,6.231237,linear,450,150,rastrigin,6,0.000774,2.429650,2.497349,8.191086,38.509035
3,7.295407,2.419483,linear,450,150,rastrigin,6,0.000000,0.373109,0.497478,6.220157,38.744755
3,10.000000,0.802409,linear,450,150,rastrigin,6,0.000000,0.000000,0.000000,0.000000,32.811835
3,4.545940,0.585390,linear,450,150,rastrigin,6,0.000000,2.052100,2.487394,1.850729,39.434110
3,1.099883,0.939444,quadratic,450,150,rastrigin,6,3.979836,8.633098,10.944677,4.080001,18.628375
3,8.541316,1.099883,linear,450,150,rastrigin,6,0.000000,0.000000,0.000000,0.216846,36.315540
3,0.585390,0.939444,quadratic,450,150,rastrigin,6,3.135756,11.470098,14.051659,5.332819,18.733735
3,7.295407,1.507637,linear,450,150,rastrigin,6,0.000000,0.000000,0.000000,5.414021,40.465210
3,0.939444,8.541316,quadratic,450,150,rastrigin,6,0.000000,0.000000,0.000000,0.298487,20.433940
3,0.500000,5.322296,quadratic,450,150,rastrigin,6,0.000000,1.492436,1.989914,1.711789,41.238710
3,3.882831,3.316448,linear,450,150,rastrigin,6,0.000000,0.000000,0.000000,0.533487,42.975175
3,4.545940,10.000000,linear,450,150,rastrigin,6,0.001251,1.871402,1.997037,8.283554,43.460225
3,8.541316,2.832683,linear,450,150,rastrigin,6,0.000000,0.808405,0.994957,9.581225,33.186960
3,6.231237,3.316448,linear,450,150,rastrigin,6,0.000000,0.870588,0.994957,11.223357,44.271920
3,8.541316,0.685363,linear,450,150,rastrigin,6,0.000000,0.000000,0.000000,0.298487,37.313665
3,7.295407,10.000000,linear,450,150,rastrigin,6,1.089766,2.952042,3.122685,8.670872,44.133740
3,1.099883,1.507637,quadratic,450,150,rastrigin,6,1.989918,6.094118,6.467227,3.767720,26.140920
3,6.231237,2.066557,linear,450,150,rastrigin,6,0.000000,0.000000,0.000000,5.614862,49.434605
3,0.802409,4.545940,quadratic,450,150,rastrigin,6,0.000000,0.621848,0.994957,0.596975,42.200925
3,10.000000,0.500000,linear,450,150,rastrigin,6,0.000000,0.000000,0.000000,0.355271,37.548650
3,0.500000,2.419483,quadratic,450,150,rastrigin,6,1.990162,7.408103,8.462809,2.984975,37.364380
3,0.585390,2.419483,quadratic,450,150,rastrigin,6,2.984894,6.031943,6.964705,3.622224,18.147415
3,8.541316,7.295407,linear,450,150,rastrigin,6,0.996647,2.738150,3.027143,9.857743,39.565965
3,8.541316,1.765111,linear,450,150,rastrigin,6,0.000000,0.124370,0.000000,8.825937,39.655640
3,8.541316,4.545940,linear,450,150,rastrigin,6,0.001011,1.501905,1.990276,8.533553,42.645395
3,0.585390,6.231237,quadratic,450,150,rastrigin,6,0.000000,0.932772,0.994957,0.808307,18.527275
3,10.000000,2.066557,linear,450,150,rastrigin,6,0.000000,0.559664,0.994957,7.296773,41.041915
3,0.585390,1.507637,quadratic,450,150,rastrigin,6,2.094517,9.854601,10.945414,6.133603,20.913975
3,1.099883,3.882831,quadratic,450,150,rastrigin,6,0.000000,0.062185,0.000000,0.430829,19.438895
3,0.685363,1.099883,quadratic,450,150,rastrigin,6,3.980413,10.144731,11.039460,4.815033,18.233460
3,0.685363,1.765111,quadratic,450,150,rastrigin,6,1.989931,5.184734,5.995426,3.414824,18.304380
3,0.685363,0.685363,quadratic,450,150,rastrigin,6,4.475916,11.865803,13.145803,6.153670,19.256835
3,0.585390,10.000000,quadratic,450,150,rastrigin,6,0.000000,0.000000,0.000000,0.000000,19.772915
3,0.585390,3.882831,quadratic,450,150,rastrigin,6,0.994957,2.673948,2.984875,1.814946,21.713870
3,0.685363,2.832683,quadratic,450,150,rastrigin,6,0.994957,3.358003,3.482520,1.913831,20.019040
3,1.099883,2.419483,quadratic,450,150,rastrigin,6,0.994957,2.052100,1.989916,1.517922,24.007965
3,0.500000,3.882831,quadratic,450,150,rastrigin,6,0.994959,3.482353,3.482351,2.404422,23.539910
3,0.500000,0.939444,quadratic,450,150,rastrigin,6,3.493465,11.299559,13.087787,6.792206,21.548995
3,1.099883,6.231237,quadratic,450,150,rastrigin,6,0.000000,0.000000,0.000000,0.000000,21.665020
3,0.685363,4.545940,quadratic,450,150,rastrigin,6,0.000000,1.368066,1.492436,1.842015,19.364360
3,0.685363,7.295407,quadratic,450,150,rastrigin,6,0.000000,0.000000,0.000000,0.000000,21.208205
3,0.802409,0.500000,quadratic,450,150,rastrigin,6,7.738121,16.417089,18.641998,7.000485,17.028675
3,0.802409,0.802409,quadratic,450,150,rastrigin,6,6.037682,13.138592,15.569226,6.099317,18.869300
3,1.099883,10.000000,quadratic,450,150,rastrigin,6,0.000000,0.000000,0.000000,7.434877,26.483335
3,10.000000,1.287720,linear,450,150,rastrigin,6,0.000000,0.000000,0.000000,7.434870,28.669310
3,0.802409,1.287720,quadratic,450,150,rastrigin,6,1.990133,6.578047,7.465203,4.148917,15.917495
3,10.000000,8.541316,linear,450,150,rastrigin,6,1.218458,6.631038,3.843343,12.315999,27.037425
3,1.287720,1.099883,quadratic,450,150,rastrigin,6,0.994961,5.099171,6.467236,3.713180,14.392060
3,0.939444,0.939444,quadratic,450,150,rastrigin,6,3.993179,9.924261,11.947786,4.445945,14.252055
3,0.802409,2.066557,quadratic,450,150,rastrigin,6,0.994957,4.477479,4.478599,4.294122,15.215570
3,0.802409,3.316448,quadratic,450,150,rastrigin,6,0.000000,2.238654,2.984871,2.074553,15.352675
3,0.939444,0.585390,quadratic,450,150,rastrigin,6,3.035336,9.806649,12.333680,6.282868,15.558740
3,0.939444,2.419483,quadratic,450,150,rastrigin,6,0.994957,3.420167,3.979831,2.341848,13.205795
3,0.939444,3.882831,quadratic,450,150,rastrigin,6,0.000000,0.559663,0.994957,0.722629,14.706335
3,0.939444,1.507637,quadratic,450,150,rastrigin,6,0.994963,5.784184,5.969753,5.565089,15.282025
3,1.287720,4.545940,quadratic,450,150,rastrigin,6,0.000000,0.000000,0.000000,0.000000,17.885480
3,0.802409,8.541316,quadratic,450,150,rastrigin,6,0.000000,0.000000,0.000000,0.000000,19.141525
3,1.099883,0.685363,quadratic,450,150,rastrigin,6,4.042030,10.521999,11.554158,4.946158,13.525020
3,0.585390,0.685363,quadratic,450,150,rastrigin,6,10.580244,14.531645,15.611702,3.842489,13.685690
3,0.939444,6.231237,quadratic,450,150,rastrigin,6,0.000000,0.000000,0.000000,0.000000,14.456405
3,1.287720,0.685363,quadratic,450,150,rastrigin,6,2.987995,8.530369,8.645617,5.343081,31.899615
3,10.000000,5.322296,linear,450,150,rastrigin,6,0.031235,2.388807,2.993629,8.181919,24.111905
3,0.500000,10.000000,quadratic,450,150,rastrigin,6,0.000000,0.000000,0.000000,0.216846,22.871060
3,1.287720,2.832683,quadratic,450,150,rastrigin,6,0.000000,0.621848,0.994957,0.764241,34.663665
3,1.287720,1.765111,quadratic,450,150,rastrigin,6,0.994957,3.109243,2.984875,3.409090,35.122640
3,0.939444,10.000000,quadratic,450,150,rastrigin,6,0.000000,0.000000,0.000000,0.000000,19.410510
3,0.939444,4.545940,quadratic,450,150,rastrigin,6,0.000000,0.000000,0.000000,0.355271,17.944185
3,0.585390,1.099883,quadratic,450,150,rastrigin,6,2.012226,9.581880,11.012436,6.241801,19.615820
3,0.500000,1.507637,quadratic,450,150,rastrigin,6,3.984041,9.024309,10.056433,4.934448,35.763370
3,10.000000,3.316448,linear,450,150,rastrigin,6,0.000019,0.870688,0.994962,6.119987,37.374435
3,1.765111,0.939444,quadratic,450,150,rastrigin,6,0.994957,5.161345,5.969747,4.725774,20.689175
3,0.585390,2.832683,quadratic,450,150,rastrigin,6,0.994961,5.534454,6.467229,4.121124,17.756160
3,0.500000,0.585390,quadratic,450,150,rastrigin,6,5.628490,15.685335,18.733395,6.378414,37.208940
3,0.585390,7.295407,quadratic,450,150,rastrigin,6,0.000000,0.062185,0.000000,0.430829,20.465610
3,1.507637,0.500000,quadratic,450,150,rastrigin,6,2.081509,9.463391,10.992802,6.486773,34.677805
3,1.507637,1.287720,quadratic,450,150,rastrigin,6,0.994957,3.171428,3.482352,2.179841,33.628915
3,0.585390,1.765111,quadratic,450,150,rastrigin,6,2.985794,9.146102,10.447771,4.219470,19.791335
3,1.287720,7.295407,quadratic,450,150,rastrigin,6,0.000000,0.000000,0.000000,0.298487,37.558100
3,0.685363,1.287720,quadratic,450,150,rastrigin,6,1.001133,8.809578,9.491841,6.153620,19.110870
3,1.507637,2.066557,quadratic,450,150,rastrigin,6,0.000000,1.119327,0.994957,1.495749,32.004980
3,0.685363,2.066557,quadratic,450,150,rastrigin,6,1.989914,6.219213,6.964710,4.408253,19.412395
3,1.507637,0.802409,quadratic,450,150,rastrigin,6,2.984875,6.570327,6.487045,6.240036,36.845820
3,1.099883,4.545940,quadratic,450,150,rastrigin,6,0.000000,0.000000,0.000000,0.216846,20.780605
3,0.685363,0.500000,quadratic,450,150,rastrigin,6,6.705194,13.747252,15.358364,6.813763,18.276095
3,0.685363,0.802409,quadratic,450,150,rastrigin,6,5.573723,10.989058,13.976541,6.910221,19.103460
3,0.685363,3.316448,quadratic,450,150,rastrigin,6,0.994957,2.673949,2.487394,3.479148,18.834460
3,1.507637,3.316448,quadratic,450,150,rastrigin,6,0.000000,0.000000,0.000000,0.216846,31.906210
3,0.585390,4.545940,quadratic,450,150,rastrigin,6,0.000000,1.927730,2.487392,2.177000,20.196500
3,1.765111,3.882831,quadratic,450,150,rastrigin,6,0.000000,0.000000,0.000000,0.000000,32.259930
3,1.507637,5.322296,quadratic,450,150,rastrigin,6,0.000000,0.000000,0.000000,0.216846,34.510890
3,1.765111,0.585390,quadratic,450,150,rastrigin,6,2.985088,9.434044,10.956630,3.961555,34.692540
3,0.685363,5.322296,quadratic,450,150,rastrigin,6,0.000000,0.310924,0.000000,0.731142,16.887420
3,2.419483,2.066557,quadratic,450,150,rastrigin,6,0.000000,0.000000,0.000000,0.000000,21.582030
3,0.685363,8.541316,quadratic,450,150,rastrigin,6,0.000000,0.000000,0.000000,0.000000,17.996810
3,1.099883,7.295407,quadratic,450,150,rastrigin,6,0.000000,0.000000,0.000000,0.000000,22.168470
3,1.287720,0.500000,quadratic,450,150,rastrigin,6,2.130367,9.933357,11.640477,5.638364,16.255290
3,0.802409,0.585390,quadratic,450,150,rastrigin,6,3.171494,16.682434,19.313377,5.474057,18.674440
3,2.066557,0.685363,quadratic,450,150,rastrigin,6,1.989916,6.094234,6.467358,5.127672,45.994285
3,2.419483,3.316448,quadratic,450,150,rastrigin,6,0.000000,0.000000,0.000000,0.000000,17.248105
3,1.765111,1.507637,quadratic,450,150,rastrigin,6,0.000000,1.741176,1.989914,1.517922,46.676615
3,0.939444,1.099883,quadratic,450,150,rastrigin,6,4.975346,9.160674,9.951643,4.316757,17.484585
3,0.939444,2.832683,quadratic,450,150,rastrigin,6,0.000000,1.989914,1.989915,1.521992,16.601640
3,1.099883,1.099883,quadratic,450,150,rastrigin,6,1.989929,8.788591,9.474051,4.574192,49.412200
3,0.802409,2.419483,quadratic,450,150,rastrigin,6,1.989918,4.352939,4.974788,1.517921,18.391230
3,0.500000,6.231237,quadratic,450,150,rastrigin,6,0.000000,1.678991,1.989916,1.254593,48.489105
3,0.802409,0.939444,quadratic,450,150,rastrigin,6,2.313602,8.791574,10.258388,5.799825,20.070120
3,2.419483,5.322296,quadratic,450,150,rastrigin,6,0.000000,0.373111,0.497498,10.191635,18.982160
3,2.066557,1.099883,quadratic,450,150,rastrigin,6,0.994957,3.233613,3.482354,2.462898,47.609190
3,0.802409,1.507637,quadratic,450,150,rastrigin,6,1.989914,6.848580,7.959804,3.786587,19.702295
3,0.939444,0.685363,quadratic,450,150,rastrigin,6,6.986393,12.313141,14.455000,4.749207,19.195640
3,1.765111,2.419483,quadratic,450,150,rastrigin,6,0.000000,0.000000,0.000000,0.507330,50.803070
3,2.419483,0.802409,quadratic,450,150,rastrigin,6,0.994957,3.979837,4.974788,3.271269,44.996660
3,2.066557,1.765111,quadratic,450,150,rastrigin,6,0.000000,0.248739,0.000000,0.586519,50.052705
3,0.802409,3.882831,quadratic,450,150,rastrigin,6,0.000000,1.305881,1.989914,1.885176,22.105665
3,2.066557,2.832683,quadratic,450,150,rastrigin,6,0.000000,0.000000,0.000000,0.216846,50.863000
3,0.802409,5.322296,quadratic,450,150,rastrigin,6,0.000000,0.124370,0.000000,0.455947,52.148270
3,1.507637,8.541316,quadratic,450,150,rastrigin,6,0.000000,0.435294,0.994957,9.482893,55.252805
3,0.939444,1.765111,quadratic,450,150,rastrigin,6,1.989918,5.907563,6.964706,3.025633,19.016770
3,1.765111,6.231237,quadratic,450,150,rastrigin,6,0.000000,0.124370,0.000000,0.455947,54.794535
3,2.419483,0.500000,quadratic,450,150,rastrigin,6,0.994957,7.360666,9.452879,4.604034,50.211620
3,1.765111,10.000000,quadratic,450,150,rastrigin,6,0.000048,8.163972,1.989926,13.634622,55.413200
3,2.066557,7.295407,quadratic,450,150,rastrigin,6,0.000000,0.684037,0.994960,9.726427,52.664915
3,1.099883,2.832683,quadratic,450,150,rastrigin,6,0.000000,1.430251,1.989914,1.188756,42.955605
3,2.066557,4.545940,quadratic,450,150,rastrigin,6,0.000000,0.000000,0.000000,0.298487,54.769600
3,0.802409,10.000000,quadratic,450,150,rastrigin,6,0.000000,0.000000,0.000000,0.216846,20.095360
3,2.419483,1.287720,quadratic,450,150,rastrigin,6,0.000000,1.492436,1.989914,2.729792,41.037630
3,1.287720,5.322296,quadratic,450,150,rastrigin,6,0.000000,0.000000,0.000000,0.000000,22.778290
3,0.939444,7.295407,quadratic,450,150,rastrigin,6,0.000000,0.000000,0.000000,0.000000,16.571115
3,1.099883,0.802409,quadratic,450,150,rastrigin,6,4.001263,9.855987,11.473995,5.197081,20.294095
3,1.099883,1.765111,quadratic,450,150,rastrigin,6,0.994957,3.731093,4.974790,3.082762,29.656945
3,2.832683,1.507637,quadratic,450,150,rastrigin,6,0.000000,0.062185,0.000000,0.553969,15.441695
3,1.287720,1.287720,quadratic,450,150,rastrigin,6,0.994959,5.845391,5.969810,3.832968,33.363630
3,1.099883,0.500000,quadratic,450,150,rastrigin,6,3.401512,10.312266,11.211817,6.507318,16.144825
3,2.832683,2.419483,quadratic,450,150,rastrigin,6,0.000000,0.000000,0.000000,0.000000,16.275560
3,2.419483,8.541316,quadratic,450,150,rastrigin,6,0.000000,4.549079,1.493392,13.009959,21.350080
3,3.316448,1.099883,quadratic,450,150,rastrigin,6,0.000000,0.497478,0.994957,0.637084,15.660310
3,2.832683,0.939444,quadratic,450,150,rastrigin,6,0.994957,1.865545,1.989915,1.423694,19.020880
3,2.832683,10.000000,quadratic,450,150,rastrigin,6,0.001139,2.458281,2.498438,11.058599,17.422340
3,1.507637,1.507637,quadratic,450,150,rastrigin,6,0.000000,2.487394,2.984872,2.186076,17.551910
3,3.316448,1.765111,quadratic,450,150,rastrigin,6,0.000000,0.000000,0.000000,0.000000,17.809955
3,3.316448,2.832683,quadratic,450,150,rastrigin,6,0.000000,0.000000,0.000000,0.216846,18.893545
3,3.316448,4.545940,quadratic,450,150,rastrigin,6,0.000000,4.138225,0.994970,12.521712,18.951685
3,3.882831,0.500000,quadratic,450,150,rastrigin,6,1.989918,3.855462,3.979831,3.301395,17.524130
3,3.316448,7.295407,quadratic,450,150,rastrigin,6,0.005993,1.808338,1.993844,8.277513,18.216735
3,3.882831,0.802409,quadratic,450,150,rastrigin,6,0.000000,1.368066,1.989914,1.160310,18.051865
3,1.099883,5.322296,quadratic,450,150,rastrigin,6,0.000000,0.000000,0.000000,0.000000,19.359175
3,3.882831,1.287720,quadratic,450,150,rastrigin,6,0.000000,0.000000,0.000000,0.298487,19.375605
3,1.099883,1.287720,quadratic,450,150,rastrigin,6,0.994957,5.723209,6.964712,3.222190,16.000315
3,2.066557,0.802409,quadratic,450,150,rastrigin,6,1.989916,4.415130,4.974791,4.040301,17.201320
3,3.882831,3.316448,quadratic,450,150,rastrigin,6,0.000000,0.310924,0.000000,7.982834,19.153020
3,1.765111,1.765111,quadratic,450,150,rastrigin,6,0.000000,1.181512,1.492436,1.062324,17.612710
3,1.287720,2.066557,quadratic,450,150,rastrigin,6,0.994957,2.176470,1.989918,1.301076,36.954085
3,3.882831,2.066557,quadratic,450,150,rastrigin,6,0.000000,0.000000,0.000000,6.303977,20.527945
3,4.545940,0.939444,quadratic,450,150,rastrigin,6,0.000000,0.000000,0.000000,0.355271,17.965030
3,4.545940,0.585390,quadratic,450,150,rastrigin,6,0.000000,2.425209,2.984872,1.954782,18.997390
3,3.882831,5.322296,quadratic,450,150,rastrigin,6,0.000051,1.247272,1.990147,8.741437,20.533415
3,3.882831,8.541316,quadratic,450,150,rastrigin,6,0.007465,2.086829,2.652821,8.365173,20.073380
3,2.832683,0.585390,quadratic,450,150,rastrigin,6,0.994967,5.037003,5.969749,3.321949,39.653225
3,4.545940,1.507637,quadratic,450,150,rastrigin,6,0.000000,0.000000,0.000000,0.000000,17.209615
3,2.832683,3.882831,quadratic,450,150,rastrigin,6,0.000000,0.186554,0.000000,8.139360,39.564180
3,1.287720,3.316448,quadratic,450,150,rastrigin,6,0.000000,0.062185,0.000000,0.430829,41.784680
3,4.545940,2.419483,quadratic,450,150,rastrigin,6,0.000000,0.062186,0.000000,0.430829,17.480775
3,1.287720,0.802409,quadratic,450,150,rastrigin,6,4.974995,10.206657,10.945366,4.255242,44.658685
3,3.316448,0.685363,quadratic,450,150,rastrigin,6,0.000000,2.611764,2.984875,2.466913,42.687930
3,1.765111,1.099883,quadratic,450,150,rastrigin,6,1.989914,4.042016,5.969746,2.847387,43.570105
3,1.507637,0.585390,quadratic,450,150,rastrigin,6,2.989317,8.644540,10.990700,5.635255,44.414360
3,2.832683,6.231237,quadratic,450,150,rastrigin,6,0.000000,0.808457,0.994989,0.826851,46.353105
3,1.765111,0.685363,quadratic,450,150,rastrigin,6,1.091642,6.786839,8.457189,4.849005,31.876800
3,4.545940,6.231237,quadratic,450,150,rastrigin,6,0.004375,1.896641,2.001273,8.706982,18.485660
3,1.507637,2.419483,quadratic,450,150,rastrigin,6,0.000000,0.497478,0.994957,0.808307,42.473725
3,1.287720,8.541316,quadratic,450,150,rastrigin,6,0.000000,0.186554,0.000000,7.391305,46.090275
3,4.545940,10.000000,quadratic,450,150,rastrigin,6,0.234419,3.519608,4.187519,6.365376,18.139110
3,5.322296,0.685363,quadratic,450,150,rastrigin,6,0.000000,0.621848,0.994957,1.111283,17.470775
3,1.507637,0.939444,quadratic,450,150,rastrigin,6,1.989941,5.970707,5.974143,3.935281,41.906760
3,5.322296,1.099883,quadratic,450,150,rastrigin,6,0.000000,0.000000,0.000000,0.000000,17.574980
3,2.419483,2.419483,quadratic,450,150,rastrigin,6,0.000000,0.000000,0.000000,0.216846,41.195705
3,1.507637,3.882831,quadratic,450,150,rastrigin,6,0.000000,0.000000,0.000000,0.000000,43.809875
3,1.099883,8.541316,quadratic,450,150,rastrigin,6,0.000000,0.000000,0.000000,0.216846,42.693630
3,5.322296,1.765111,quadratic,450,150,rastrigin,6,0.000000,0.000000,0.000000,8.081509,20.324605
3,1.287720,0.585390,quadratic,450,150,rastrigin,6,3.980869,8.571383,8.043222,4.986667,42.425415
3,1.507637,6.231237,quadratic,450,150,rastrigin,6,0.000000,0.000000,0.000000,5.421102,43.837425
3,1.765111,4.545940,quadratic,450,150,rastrigin,6,0.000000,0.000000,0.000000,0.216846,44.361300
3,5.322296,2.832683,quadratic,450,150,rastrigin,6,0.000000,0.559683,0.994958,10.212733,21.140295
3,2.419483,3.882831,quadratic,450,150,rastrigin,6,0.000000,0.000000,0.000000,0.000000,42.445115
3,2.832683,1.765111,quadratic,450,150,rastrigin,6,0.000000,0.000000,0.000000,0.216846,20.914450
3,2.832683,2.832683,quadratic,450,150,rastrigin,6,0.000000,0.000000,0.000000,0.000000,20.006235
3,2.066557,1.287720,quadratic,450,150,rastrigin,6,0.000000,2.611763,2.984873,2.599771,34.574715
3,2.419483,6.231237,quadratic,450,150,rastrigin,6,0.000000,0.932806,0.994960,9.968118,37.342920
3,5.322296,4.545940,quadratic,450,150,rastrigin,6,0.994993,1.749574,1.993115,10.328929,21.485145
3,2.419483,10.000000,quadratic,450,150,rastrigin,6,0.000359,2.431953,2.985023,9.895195,22.636005
3,1.287720,6.231237,quadratic,450,150,rastrigin,6,0.000000,0.000000,0.000000,0.298487,26.291975
3,3.316448,1.287720,quadratic,450,150,rastrigin,6,0.000000,0.000000,0.000000,0.355271,20.386540
3,3.316448,0.500000,quadratic,450,150,rastrigin,6,0.994957,5.534451,6.467225,4.503477,20.341780
3,2.066557,8.541316,quadratic,450,150,rastrigin,6,0.000000,1.554706,1.989966,10.511973,32.055150
3,4.545940,3.882831,quadratic,450,150,rastrigin,6,0.000000,2.927150,0.995137,12.211690,42.080155
3,1.765111,2.832683,quadratic,450,150,rastrigin,6,0.000000,0.000000,0.000000,0.216846,39.191280
3,3.316448,2.066557,quadratic,450,150,rastrigin,6,0.000000,0.000000,0.000000,0.216846,19.912360
3,3.882831,0.585390,quadratic,450,150,rastrigin,6,0.994957,2.673948,2.984874,1.676733,16.808345
3,3.316448,5.322296,quadratic,450,150,rastrigin,6,0.000008,1.181651,1.492925,8.454803,18.784700
3,3.316448,3.316448,quadratic,450,150,rastrigin,6,0.000000,0.062185,0.000000,0.650538,20.319825
3,3.882831,0.939444,quadratic,450,150,rastrigin,6,0.000000,0.497478,0.994957,1.371454,17.162390
3,2.419483,0.939444,quadratic,450,150,rastrigin,6,0.000000,2.176470,2.487394,2.274843,42.643340
3,3.316448,8.541316,quadratic,450,150,rastrigin,6,0.000336,4.008000,2.992026,12.038320,18.798730
3,5.322296,7.295407,quadratic,450,150,rastrigin,6,1.059711,3.562988,3.750997,11.049186,17.498205
3,6.231237,0.500000,quadratic,450,150,rastrigin,6,0.994957,1.554620,1.989914,1.154966,15.263200
3,3.882831,1.507637,quadratic,450,150,rastrigin,6,0.000000,0.000000,0.000000,0.000000,17.689530
3,2.066557,2.066557,quadratic,450,150,rastrigin,6,0.000000,0.062185,0.000000,0.430829,43.631940
3,4.545940,0.685363,quadratic,450,150,rastrigin,6,0.000000,1.119327,0.994957,0.969765,15.431715
3,4.545940,1.099883,quadratic,450,150,rastrigin,6,0.000000,0.000000,0.000000,0.216846,15.665350
3,1.287720,2.419483,quadratic,450,150,rastrigin,6,0.000000,1.492436,1.989914,1.334877,16.705980
3,3.882831,2.419483,quadratic,450,150,rastrigin,6,0.000000,0.000000,0.000000,0.216846,16.783230
3,3.882831,3.882831,quadratic,450,150,rastrigin,6,0.000000,0.621862,0.497580,11.032262,17.656780
3,2.832683,1.099883,quadratic,450,150,rastrigin,6,0.000000,1.741175,1.989914,1.292488,34.411575
3,2.419483,0.585390,quadratic,450,150,rastrigin,6,1.989931,6.238689,6.964725,4.118000,45.630340
3,2.066557,0.500000,quadratic,450,150,rastrigin,6,1.992468,6.601476,7.973860,4.489711,45.764175
3,3.882831,6.231237,quadratic,450,150,rastrigin,6,0.994982,8.741601,2.986391,13.572906,15.703135
3,0.802409,6.231237,quadratic,450,150,rastrigin,6,0.000000,0.000000,0.000000,0.000000,46.758930
3,2.419483,1.507637,quadratic,450,150,rastrigin,6,0.000000,0.808403,0.994957,0.665581,45.603990
3,1.765111,7.295407,quadratic,450,150,rastrigin,6,0.000000,0.373111,0.497493,7.955045,47.293405
3,1.099883,3.316448,quadratic,450,150,rastrigin,6,0.000000,0.310924,0.000000,0.665581,46.241490
3,1.507637,10.000000,quadratic,450,150,rastrigin,6,0.000000,0.808411,0.994966,10.393233,47.648195
3,2.066557,3.316448,quadratic,450,150,rastrigin,6,0.000000,0.000000,0.000000,0.000000,48.057710
3,3.882831,10.000000,quadratic,450,150,rastrigin,6,1.007175,2.586303,2.426062,8.578054,15.886625
3,1.099883,2.066557,quadratic,450,150,rastrigin,6,0.000000,2.425208,2.984871,2.563827,44.527560
3,2.066557,5.322296,quadratic,450,150,rastrigin,6,0.000000,0.124370,0.000000,6.261512,47.150685
3,1.287720,1.507637,quadratic,450,150,rastrigin,6,0.994957,2.487395,1.989923,2.119983,43.415950
3,1.507637,1.765111,quadratic,450,150,rastrigin,6,0.000000,1.741176,1.989914,1.202212,35.732870
3,1.765111,2.066557,quadratic,450,150,rastrigin,6,0.000000,0.435294,0.994957,0.710542,27.016680
3,2.066557,0.939444,quadratic,450,150,rastrigin,6,1.989914,4.166386,4.974788,3.920620,28.162065
3,4.545940,2.832683,quadratic,450,150,rastrigin,6,0.000000,0.373110,0.497479,11.047107,14.178420
3,4.545940,1.765111,quadratic,450,150,rastrigin,6,0.000000,0.000000,0.000000,0.216846,22.610705
3,5.322296,0.802409,quadratic,450,150,rastrigin,6,0.000000,0.000000,0.000000,0.298487,15.523475
3,1.287720,3.882831,quadratic,450,150,rastrigin,6,0.000000,0.000000,0.000000,0.000000,20.074250
3,4.545940,7.295407,quadratic,450,150,rastrigin,6,0.999842,3.536973,4.089057,9.430953,16.118035
3,5.322296,0.500000,quadratic,450,150,rastrigin,6,0.000000,2.052100,1.989914,2.288402,16.073870
3,5.322296,1.287720,quadratic,450,150,rastrigin,6,0.000000,0.000000,0.000000,0.000000,16.415565
3,2.066557,1.507637,quadratic,450,150,rastrigin,6,0.000000,1.057142,0.994959,1.065813,14.294750
3,2.832683,2.066557,quadratic,450,150,rastrigin,6,0.000000,0.000000,0.000000,0.000000,16.415705
3,2.832683,3.316448,quadratic,450,150,rastrigin,6,0.000000,0.000000,0.000000,0.298487,16.671265
3,2.832683,0.500000,quadratic,450,150,rastrigin,6,1.989916,5.037431,5.473992,4.987471,15.126440
3,5.322296,2.066557,quadratic,450,150,rastrigin,6,0.000000,1.554608,0.000000,11.327506,19.580115
3,5.322296,5.322296,quadratic,450,150,rastrigin,6,0.016850,2.080741,2.564639,9.697504,17.414160
3,5.322296,3.316448,quadratic,450,150,rastrigin,6,0.000000,0.933438,0.995154,6.334428,21.391080
3,2.832683,0.685363,quadratic,450,150,rastrigin,6,0.994957,3.357985,3.482369,1.618909,35.895015
3,3.316448,1.507637,quadratic,450,150,rastrigin,6,0.000000,0.000000,0.000000,0.298487,17.419290
3,3.316448,0.585390,quadratic,450,150,rastrigin,6,0.994957,4.042017,4.477312,4.954835,17.111420
3,2.832683,7.295407,quadratic,450,150,rastrigin,6,0.000484,3.674722,1.991491,12.021735,30.067660
3,2.066557,10.000000,quadratic,450,150,rastrigin,6,0.000025,0.933490,0.998894,8.691247,16.852135
3,1.765111,3.316448,quadratic,450,150,rastrigin,6,0.000000,0.000000,0.000000,0.216846,14.827215
3,4.545940,4.545940,quadratic,450,150,rastrigin,6,0.001764,5.295019,2.488478,12.627710,18.523570
3,3.316448,2.419483,quadratic,450,150,rastrigin,6,0.000000,0.000000,0.000000,5.421102,16.383600
3,3.882831,1.099883,quadratic,450,150,rastrigin,6,0.000000,0.124370,0.000000,0.569390,15.578905
3,3.882831,0.685363,quadratic,450,150,rastrigin,6,0.994957,2.736134,2.984875,1.900213,17.360220
3,5.322296,8.541316,quadratic,450,150,rastrigin,6,2.022984,4.543302,5.524673,9.371397,14.921870
3,3.316448,10.000000,quadratic,450,150,rastrigin,6,0.030691,2.414886,3.008410,1.859732,15.673880
3,2.419483,1.099883,quadratic,450,150,rastrigin,6,0.000000,2.922688,3.482352,3.022360,19.143730
3,3.316448,6.231237,quadratic,450,150,rastrigin,6,0.000004,1.369385,1.990021,9.489495,23.975950
3,3.882831,1.765111,quadratic,450,150,rastrigin,6,0.000000,0.000000,0.000000,0.000000,17.036655
3,4.545940,1.287720,quadratic,450,150,rastrigin,6,0.000000,0.000000,0.000000,0.000000,15.819265
3,1.287720,0.939444,quadratic,450,150,rastrigin,6,0.995914,6.724442,7.517593,4.079691,46.952020
3,1.507637,0.685363,quadratic,450,150,rastrigin,6,3.979889,9.100493,10.514578,3.014729,46.025640
3,2.832683,4.545940,quadratic,450,150,rastrigin,6,0.000000,0.559667,0.994957,8.410242,50.870230
3,3.316448,3.882831,quadratic,450,150,rastrigin,6,0.000000,0.435310,0.994957,11.282602,28.734455
3,1.765111,1.287720,quadratic,450,150,rastrigin,6,0.994957,2.922688,2.984875,1.872001,47.403695
3,3.316448,0.802409,quadratic,450,150,rastrigin,6,0.000000,2.549578,2.984873,2.622517,48.523695
3,1.507637,1.099883,quadratic,450,150,rastrigin,6,1.989918,3.979884,4.974789,2.244692,48.217485
3,1.765111,0.802409,quadratic,450,150,rastrigin,6,1.990158,4.539733,4.974820,2.776502,50.050745
3,1.507637,2.832683,quadratic,450,150,rastrigin,6,0.000000,0.062185,0.000000,0.430829,50.098230
3,6.231237,0.585390,quadratic,450,150,rastrigin,6,0.000000,0.435294,0.994957,1.237713,26.958010
3,2.419483,2.832683,quadratic,450,150,rastrigin,6,0.000000,0.000000,0.000000,0.000000,49.508745
3,1.287720,10.000000,quadratic,450,150,rastrigin,6,0.000000,0.497479,0.497478,10.618222,51.541935
3,3.882831,7.295407,quadratic,450,150,rastrigin,6,0.996807,2.586288,2.078053,10.976184,19.422515
3,1.765111,5.322296,quadratic,450,150,rastrigin,6,0.000000,0.000000,0.000000,0.298487,49.056080
3,6.231237,0.802409,quadratic,450,150,rastrigin,6,0.000000,0.000000,0.000000,0.000000,50.716555
3,1.507637,7.295407,quadratic,450,150,rastrigin,6,0.000000,0.310924,0.000000,7.360441,50.020730
3,3.882831,2.832683,quadratic,450,150,rastrigin,6,0.000000,0.062185,0.000000,9.356014,22.319140
3,4.545940,0.500000,quadratic,450,150,rastrigin,6,0.000000,3.109243,3.482353,2.177571,19.348645
3,1.507637,4.545940,quadratic,450,150,rastrigin,6,0.000000,0.000000,0.000000,0.216846,51.192110
3,6.231237,2.066557,quadratic,450,150,rastrigin,6,0.000000,0.186584,0.000000,6.249446,45.186265
3,6.231237,1.287720,quadratic,450,150,rastrigin,6,0.000000,0.000000,0.000000,0.000000,51.222630
3,3.882831,4.545940,quadratic,450,150,rastrigin,6,0.000013,1.617187,1.492614,11.104130,22.426440
3,2.419483,7.295407,quadratic,450,150,rastrigin,6,0.000015,1.368256,1.989920,10.715652,49.636895
3,2.419483,4.545940,quadratic,450,150,rastrigin,6,0.000000,0.000000,0.000000,5.406473,51.131930
3,4.545940,0.802409,quadratic,450,150,rastrigin,6,0.000000,0.435294,0.994957,0.762620,27.795045
3,5.322296,0.939444,quadratic,450,150,rastrigin,6,0.000000,0.000000,0.000000,0.216846,20.055840
3,4.545940,8.541316,quadratic,450,150,rastrigin,6,0.527945,2.207721,2.298908,2.185341,20.255575
3,4.545940,3.316448,quadratic,450,150,rastrigin,6,0.000000,0.559675,0.497530,11.572639,22.743605
3,5.322296,0.585390,quadratic,450,150,rastrigin,6,0.994957,1.616805,1.989914,1.319961,20.513160
3,5.322296,1.507637,quadratic,450,150,rastrigin,6,0.000000,0.000000,0.000000,0.000000,20.599880
3,6.231237,3.316448,quadratic,450,150,rastrigin,6,0.000114,1.495125,1.990478,10.051053,32.769430
3,7.295407,6.231237,quadratic,450,150,rastrigin,6,1.396740,4.049835,5.129416,8.656886,25.531565
3,8.541316,0.685363,quadratic,450,150,rastrigin,6,0.000000,0.000000,0.000000,0.000000,19.535935
3,7.295407,3.882831,quadratic,450,150,rastrigin,6,0.008896,4.934720,2.505154,12.516526,28.338200
3,2.066557,2.419483,quadratic,450,150,rastrigin,6,0.000000,0.000000,0.000000,0.000000,38.142685
3,8.541316,1.099883,quadratic,450,150,rastrigin,6,0.000000,0.000000,0.000000,0.355271,21.321340
3,8.541316,1.765111,quadratic,450,150,rastrigin,6,0.000000,1.057150,0.994981,8.360094,19.478685
3,5.322296,6.231237,quadratic,450,150,rastrigin,6,0.335472,2.286592,2.301807,8.127984,19.059510
3,5.322296,2.419483,quadratic,450,150,rastrigin,6,0.000000,0.559663,0.994957,8.423793,19.440470
3,2.419483,0.685363,quadratic,450,150,rastrigin,6,1.989916,4.042019,4.477311,2.312071,36.212075
3,2.832683,0.802409,quadratic,450,150,rastrigin,6,0.994957,2.238655,1.989917,1.792995,14.336830
3,4.545940,2.066557,quadratic,450,150,rastrigin,6,0.000000,0.000000,0.000000,0.216846,33.697355
3,8.541316,2.832683,quadratic,450,150,rastrigin,6,0.995140,8.418301,1.997540,13.820637,16.117420
3,5.322296,3.882831,quadratic,450,150,rastrigin,6,0.000019,1.431759,1.989924,11.128727,18.185585
3,8.541316,4.545940,quadratic,450,150,rastrigin,6,0.084759,2.520980,3.012170,1.887402,16.190575
3,2.419483,1.765111,quadratic,450,150,rastrigin,6,0.000000,0.124370,0.000000,0.569391,42.033635
3,1.765111,0.500000,quadratic,450,150,rastrigin,6,2.986601,9.081582,9.226240,5.824682,44.030490
3,2.066557,0.585390,quadratic,450,150,rastrigin,6,2.984932,7.589393,7.462320,3.564480,45.200885
3,4.545940,5.322296,quadratic,450,150,rastrigin,6,0.003536,1.998237,2.493053,11.211584,17.371870
3,2.832683,1.287720,quadratic,450,150,rastrigin,6,0.000000,0.559663,0.994957,0.674813,46.338630
3,7.295407,0.585390,quadratic,450,150,rastrigin,6,0.000000,0.124370,0.000000,0.455947,44.305610
3,2.832683,8.541316,quadratic,450,150,rastrigin,6,0.996410,5.363052,1.998079,12.741210,20.794255
3,10.000000,2.066557,quadratic,450,150,rastrigin,6,0.000023,6.538471,2.488624,12.993257,15.209920
3,6.231237,5.322296,quadratic,450,150,rastrigin,6,0.016693,2.256288,2.985295,1.805343,46.609190
3,10.000000,3.316448,quadratic,450,150,rastrigin,6,0.062935,2.473711,2.038396,9.856410,15.041755
3,2.066557,3.882831,quadratic,450,150,rastrigin,6,0.000000,0.000000,0.000000,5.421102,46.942685
3,6.231237,8.541316,quadratic,450,150,rastrigin,6,2.077248,5.224357,6.229466,2.850600,47.126985
3,0.500000,0.585390,exponential_3,450,150,rastrigin,6,6.702255,16.373905,19.295712,5.865662,13.551475
3,0.500000,0.939444,exponential_3,450,150,rastrigin,6,5.068365,11.117613,12.948188,5.172215,12.940430
3,1.765111,8.541316,quadratic,450,150,rastrigin,6,0.000000,0.932782,0.994994,10.931951,49.297885
3,10.000000,8.541316,quadratic,450,150,rastrigin,6,4.571789,8.691880,10.010589,4.342208,14.981890
3,7.295407,2.419483,quadratic,450,150,rastrigin,6,0.000004,1.181630,1.492481,0.860226,46.868620
3,7.295407,0.939444,quadratic,450,150,rastrigin,6,0.000000,0.000000,0.000000,0.000000,47.065260
3,7.295407,1.507637,quadratic,450,150,rastrigin,6,0.000000,0.062185,0.000000,5.390010,47.309855
3,2.066557,6.231237,quadratic,450,150,rastrigin,6,0.000000,0.310924,0.000000,0.665583,48.684515
3,7.295407,10.000000,quadratic,450,150,rastrigin,6,3.393248,7.465855,7.769866,7.604990,40.932980
3,10.000000,0.802409,quadratic,450,150,rastrigin,6,0.000000,0.000000,0.000000,0.000000,26.412645
3,0.500000,3.882831,exponential_3,450,150,rastrigin,6,1.989916,3.358008,3.979834,1.736897,15.222965
3,6.231237,0.685363,quadratic,450,150,rastrigin,6,0.000000,0.000000,0.000000,0.397983,15.506460
3,0.585390,4.545940,exponential_3,450,150,rastrigin,6,0.994957,1.989917,1.989916,2.244726,15.121510
3,10.000000,0.500000,quadratic,450,150,rastrigin,6,0.000000,0.000000,0.000000,0.216846,30.084555
3,8.541316,7.295407,quadratic,450,150,rastrigin,6,3.063841,6.675992,7.507899,7.893055,31.064235
3,10.000000,5.322296,quadratic,450,150,rastrigin,6,1.382462,4.898826,5.562403,5.937360,25.661425
3,0.685363,0.802409,exponential_3,450,150,rastrigin,6,6.071928,12.499166,12.759599,5.085862,15.036755
3,0.685363,1.287720,exponential_3,450,150,rastrigin,6,3.983606,7.983198,9.834412,5.174159,15.032400
3,10.000000,1.287720,quadratic,450,150,rastrigin,6,0.000000,0.497480,0.497485,9.688633,34.582050
3,0.802409,1.507637,exponential_3,450,150,rastrigin,6,2.990654,6.598694,6.974324,4.554587,14.730640
3,0.685363,3.316448,exponential_3,450,150,rastrigin,6,1.989916,3.357984,3.482353,3.179192,15.597110
3,2.832683,5.322296,quadratic,450,150,rastrigin,6,0.000000,0.746221,0.994961,8.444770,25.466020
3,0.802409,3.882831,exponential_3,450,150,rastrigin,6,0.994957,2.114285,1.989916,1.612783,14.128435
3,0.802409,0.939444,exponential_3,450,150,rastrigin,6,2.124893,9.296796,11.276139,6.194143,15.446890
3,0.802409,2.419483,exponential_3,450,150,rastrigin,6,0.994959,3.917650,5.472266,3.741356,15.800585
3,0.802409,0.585390,exponential_3,450,150,rastrigin,6,4.182920,11.779434,12.692845,5.107328,17.242280
3,0.802409,6.231237,exponential_3,450,150,rastrigin,6,0.000000,0.932772,0.994957,0.882937,17.396595
3,5.322296,10.000000,quadratic,450,150,rastrigin,6,1.516911,6.027822,6.974273,9.444616,37.265295
3,8.541316,0.802409,quadratic,450,150,rastrigin,6,0.000000,0.000000,0.000000,0.216846,16.737325
3,0.939444,1.099883,exponential_3,450,150,rastrigin,6,0.021208,6.738813,8.019813,4.515802,13.133860
3,8.541316,1.287720,quadratic,450,150,rastrigin,6,0.000000,0.124375,0.000000,6.235876,15.761935
3,0.585390,0.685363,exponential_3,450,150,rastrigin,6,6.159441,13.466707,13.553971,8.049563,34.428775
3,8.541316,2.066557,quadratic,450,150,rastrigin,6,0.000000,0.808611,0.994982,10.158147,16.321735
3,0.939444,0.685363,exponential_3,450,150,rastrigin,6,6.165899,11.830947,12.954178,5.507635,15.008000
3,0.939444,7.295407,exponential_3,450,150,rastrigin,6,0.000000,0.684033,0.994957,0.832441,13.534660
3,8.541316,3.316448,quadratic,450,150,rastrigin,6,0.996286,3.992666,2.548993,12.136217,15.034945
3,0.802409,10.000000,exponential_3,450,150,rastrigin,6,0.000000,0.186554,0.000000,0.665581,22.602030
3,8.541316,5.322296,quadratic,450,150,rastrigin,6,1.204941,3.116089,3.225436,6.435377,15.123435
3,7.295407,4.545940,quadratic,450,150,rastrigin,6,0.009501,2.890259,3.691888,9.951910,24.377425
3,0.500000,1.507637,exponential_3,450,150,rastrigin,6,3.026602,8.011251,9.337792,4.633537,45.852505
3,0.500000,2.419483,exponential_3,450,150,rastrigin,6,1.993563,6.565348,7.983759,5.360568,44.960095
3,1.099883,2.066557,exponential_3,450,150,rastrigin,6,0.994957,3.793278,3.979836,3.041948,14.537420
3,0.500000,10.000000,exponential_3,450,150,rastrigin,6,0.000000,0.808403,0.994957,0.736201,48.450480
3,0.585390,1.765111,exponential_3,450,150,rastrigin,6,0.998528,8.496000,9.950925,4.119092,48.289275
3,0.500000,0.685363,exponential_3,450,150,rastrigin,6,4.183689,11.444933,12.030808,7.554632,14.901805
3,0.585390,2.832683,exponential_3,450,150,rastrigin,6,1.989922,6.405113,7.462399,5.008570,48.486585
3,10.000000,2.419483,quadratic,450,150,rastrigin,6,0.000206,1.932059,2.000924,9.764229,17.796100
3,0.500000,6.231237,exponential_3,450,150,rastrigin,6,0.994957,2.052101,1.989918,2.050555,51.068505
3,0.585390,1.099883,exponential_3,450,150,rastrigin,6,4.830273,10.716040,11.770934,5.894372,51.144710
3,0.500000,1.099883,exponential_3,450,150,rastrigin,6,5.143974,11.288372,12.565550,4.913533,16.382515
3,3.316448,0.939444,quadratic,450,150,rastrigin,6,0.000000,0.994957,0.994957,1.894996,51.920410
3,10.000000,3.882831,quadratic,450,150,rastrigin,6,1.139603,3.178223,3.101508,10.932119,18.354425
3,0.685363,0.500000,exponential_3,450,150,rastrigin,6,6.509527,14.118599,15.228485,7.627042,48.898425
3,0.585390,7.295407,exponential_3,450,150,rastrigin,6,0.000000,1.181512,1.492435,1.269303,51.512835
3,10.000000,10.000000,quadratic,450,150,rastrigin,6,6.275646,12.077940,13.771692,7.595213,18.708860
3,0.685363,2.066557,exponential_3,450,150,rastrigin,6,1.990000,5.290906,6.467905,4.046132,47.461330
3,6.231237,0.939444,quadratic,450,150,rastrigin,6,0.000000,0.000000,0.000000,0.000000,52.024045
3,0.685363,8.541316,exponential_3,450,150,rastrigin,6,0.000000,0.559663,0.994957,0.553969,46.632920
3,0.685363,5.322296,exponential_3,450,150,rastrigin,6,0.000000,1.554621,1.989915,1.331163,48.031650
3,6.231237,1.507637,quadratic,450,150,rastrigin,6,0.000000,0.000000,0.000000,7.448677,49.464150
3,0.939444,1.765111,exponential_3,450,150,rastrigin,6,1.009912,5.473999,6.467255,3.639496,36.032775
3,0.500000,4.545940,exponential_3,450,150,rastrigin,6,0.994957,3.171527,3.482811,3.288957,18.909580
3,6.231237,2.419483,quadratic,450,150,rastrigin,6,0.000000,0.373237,0.497981,5.691964,51.128245
3,0.939444,4.545940,exponential_3,450,150,rastrigin,6,0.000000,0.994957,0.994957,1.062325,34.859710
3,7.295407,7.295407,quadratic,450,150,rastrigin,6,1.081141,5.754572,7.273531,9.272964,44.976705
3,10.000000,0.939444,quadratic,450,150,rastrigin,6,0.000000,0.000000,0.000000,0.298487,20.678825
3,6.231237,3.882831,quadratic,450,150,rastrigin,6,0.000227,1.125078,1.027422,0.787681,47.728555
3,0.939444,2.832683,exponential_3,450,150,rastrigin,6,0.000000,1.927731,1.989916,1.702367,36.967890
3,0.585390,5.322296,exponential_3,450,150,rastrigin,6,0.994957,2.922688,2.984876,3.662131,21.022895
3,1.287720,1.507637,exponential_3,450,150,rastrigin,6,1.989918,4.477339,4.974791,4.041519,22.376600
3,1.099883,5.322296,exponential_3,450,150,rastrigin,6,0.000000,0.435294,0.994957,0.762621,31.840240
3,0.685363,1.507637,exponential_3,450,150,rastrigin,6,1.014763,5.833808,6.715822,4.291461,18.401840
3,1.099883,0.802409,exponential_3,450,150,rastrigin,6,2.038343,7.388200,8.558876,6.491692,37.672410
3,1.099883,0.500000,exponential_3,450,150,rastrigin,6,2.275230,10.043901,11.423532,6.478104,38.794135
3,0.802409,1.765111,exponential_3,450,150,rastrigin,6,1.990883,6.844391,7.466443,4.035572,19.845360
3,0.685363,0.939444,exponential_3,450,150,rastrigin,6,8.233334,13.311967,14.297789,4.310900,21.037075
3,0.685363,3.882831,exponential_3,450,150,rastrigin,6,0.000023,2.176472,2.984872,2.050553,21.772305
3,1.099883,1.287720,exponential_3,450,150,rastrigin,6,1.989918,5.747344,5.984037,4.244862,42.135095
3,1.287720,2.419483,exponential_3,450,150,rastrigin,6,0.000000,1.803361,1.989915,1.679682,20.238060
3,7.295407,2.832683,quadratic,450,150,rastrigin,6,0.000084,1.619803,1.990168,9.979972,34.137110
3,10.000000,1.507637,quadratic,450,150,rastrigin,6,0.000000,0.746224,0.994958,9.808863,24.412695
3,0.802409,1.099883,exponential_3,450,150,rastrigin,6,4.380325,9.147648,9.707732,3.616672,17.257120
3,0.802409,2.832683,exponential_3,450,150,rastrigin,6,0.994957,2.611794,2.984874,3.388744,17.750980
3,0.802409,4.545940,exponential_3,450,150,rastrigin,6,0.994957,1.927730,1.989914,1.884520,19.752255
3,1.099883,3.316448,exponential_3,450,150,rastrigin,6,0.000000,1.741176,1.989914,1.977439,44.992135
3,0.802409,0.685363,exponential_3,450,150,rastrigin,6,2.967234,8.062804,8.073801,5.344217,18.463985
3,1.287720,3.882831,exponential_3,450,150,rastrigin,6,0.000000,0.559663,0.994957,0.674813,17.249985
3,8.541316,0.939444,quadratic,450,150,rastrigin,6,0.000000,0.000000,0.000000,0.000000,17.965880
3,0.802409,7.295407,exponential_3,450,150,rastrigin,6,0.000000,0.435294,0.994957,0.580155,18.515470
3,1.099883,8.541316,exponential_3,450,150,rastrigin,6,0.000000,0.310924,0.000000,0.665581,42.034055
3,7.295407,0.685363,quadratic,450,150,rastrigin,6,0.000000,0.000000,0.000000,0.000000,46.821105
3,0.939444,1.287720,exponential_3,450,150,rastrigin,6,1.990099,6.872676,6.642744,5.581330,17.743520
3,1.287720,0.585390,exponential_3,450,150,rastrigin,6,2.997467,11.737266,14.040520,6.490095,44.215520
3,8.541316,1.507637,quadratic,450,150,rastrigin,6,0.000000,0.310926,0.000013,8.552786,16.904460
3,1.287720,0.939444,exponential_3,450,150,rastrigin,6,3.982910,7.247341,7.961650,3.559755,40.562560
3,6.231237,6.231237,quadratic,450,150,rastrigin,6,2.066751,4.966627,5.056232,10.120183,46.730520
3,6.231237,10.000000,quadratic,450,150,rastrigin,6,2.767227,7.414802,7.258844,10.076017,45.993500
3,8.541316,2.419483,quadratic,450,150,rastrigin,6,0.000071,1.492904,1.990185,11.329803,13.474515
3,7.295407,1.099883,quadratic,450,150,rastrigin,6,0.000000,0.000000,0.000000,0.000000,42.934070
3,10.000000,6.231237,quadratic,450,150,rastrigin,6,2.311800,6.592768,7.692228,9.844233,35.862905
3,10.000000,0.585390,quadratic,450,150,rastrigin,6,0.000000,0.000000,0.000000,0.000000,38.683670
3,8.541316,0.500000,quadratic,450,150,rastrigin,6,0.000000,0.000000,0.000000,0.533486,42.055715
3,7.295407,1.765111,quadratic,450,150,rastrigin,6,0.000000,0.746218,0.994957,10.562752,44.093320
3,8.541316,8.541316,quadratic,450,150,rastrigin,6,4.528910,8.083270,8.401625,6.239079,38.616255
3,0.939444,8.541316,exponential_3,450,150,rastrigin,6,0.000000,0.000000,0.000000,0.637083,14.016585
3,1.099883,2.419483,exponential_3,450,150,rastrigin,6,0.000000,2.114285,2.487394,2.202431,14.149720
3,0.500000,0.802409,exponential_3,450,150,rastrigin,6,6.560284,13.768177,15.435878,5.238274,15.805040
3,8.541316,6.231237,quadratic,450,150,rastrigin,6,2.227896,7.084494,8.215337,9.978099,18.886090
3,10.000000,2.832683,quadratic,450,150,rastrigin,6,0.994999,5.530632,2.515141,12.976173,15.158235
3,8.541316,3.882831,quadratic,450,150,rastrigin,6,1.045834,3.048539,3.037449,9.613127,20.917740
3,0.585390,0.802409,exponential_3,450,150,rastrigin,6,5.184753,16.243093,18.930367,7.606322,26.875390
3,0.939444,0.500000,exponential_3,450,150,rastrigin,6,3.627596,13.796410,16.037775,7.897247,21.484080
3,0.500000,1.287720,exponential_3,450,150,rastrigin,6,5.409092,11.352592,12.645235,3.575734,15.816865
3,10.000000,4.545940,quadratic,450,150,rastrigin,6,1.499514,4.789297,5.450509,8.458702,15.851650
3,0.500000,5.322296,exponential_3,450,150,rastrigin,6,0.994957,2.798319,2.984876,1.554174,15.135055
3,7.295407,5.322296,quadratic,450,150,rastrigin,6,0.713776,3.730008,3.613304,6.025292,25.021085
3,1.287720,1.765111,exponential_3,450,150,rastrigin,6,0.994957,3.668951,3.980167,1.661155,15.119335
3,0.685363,1.765111,exponential_3,450,150,rastrigin,6,1.003429,6.730809,8.003267,3.978196,14.752820
3,0.500000,0.500000,exponential_3,450,150,rastrigin,6,5.426186,17.727125,20.096983,6.495980,18.328475
3,10.000000,1.099883,quadratic,450,150,rastrigin,6,0.000000,0.186555,0.000000,9.881116,17.158125
3,0.939444,2.066557,exponential_3,450,150,rastrigin,6,1.989914,4.104217,4.974789,2.021379,19.265375
3,0.585390,6.231237,exponential_3,450,150,rastrigin,6,0.000000,1.181513,1.989914,1.301076,17.770285
3,0.939444,5.322296,exponential_3,450,150,rastrigin,6,0.000000,0.746218,0.994957,0.629267,19.516265
3,0.802409,2.066557,exponential_3,450,150,rastrigin,6,0.995186,5.285942,5.969925,4.773484,14.843895
3,1.099883,0.939444,exponential_3,450,150,rastrigin,6,2.985893,7.596005,8.955288,4.993394,17.998950
3,0.939444,0.802409,exponential_3,450,150,rastrigin,6,3.992405,10.506317,11.992697,5.246193,36.922475
3,1.099883,0.585390,exponential_3,450,150,rastrigin,6,5.970314,10.947904,12.554767,6.359131,17.460950
3,0.685363,1.099883,exponential_3,450,150,rastrigin,6,4.262667,11.800299,13.037660,6.473576,16.044890
3,0.685363,4.545940,exponential_3,450,150,rastrigin,6,0.994957,2.736134,2.984875,2.190602,14.730620
3,1.099883,1.507637,exponential_3,450,150,rastrigin,6,0.000490,3.295931,3.979843,2.093764,17.693900
3,0.802409,3.316448,exponential_3,450,150,rastrigin,6,0.994957,2.673950,2.984873,2.208603,15.135850
3,10.000000,1.765111,quadratic,450,150,rastrigin,6,0.000000,0.808697,0.995020,10.268154,16.121665
3,0.802409,5.322296,exponential_3,450,150,rastrigin,6,0.000000,0.994957,0.994957,1.489116,15.296640
3,0.802409,1.287720,exponential_3,450,150,rastrigin,6,1.991047,7.928844,9.471411,5.787604,16.760170
3,0.802409,0.802409,exponential_3,450,150,rastrigin,6,3.654488,8.687163,10.238941,4.711373,14.573595
3,0.500000,1.765111,exponential_3,450,150,rastrigin,6,3.082443,9.578565,9.976448,6.301388,43.755865
3,1.287720,4.545940,exponential_3,450,150,rastrigin,6,0.000000,0.746218,0.994957,1.056484,15.429990
3,0.802409,8.541316,exponential_3,450,150,rastrigin,6,0.000000,0.248739,0.000000,5.576159,15.311895
3,1.287720,10.000000,exponential_3,450,150,rastrigin,6,0.000000,0.124370,0.000000,0.569390,16.935805
3,0.585390,0.500000,exponential_3,450,150,rastrigin,6,7.573277,15.986456,17.690788,6.054309,48.004865
3,0.500000,2.832683,exponential_3,450,150,rastrigin,6,1.991051,5.535369,5.970389,5.268424,48.590570
3,7.295407,3.316448,quadratic,450,150,rastrigin,6,0.001146,1.437296,1.990076,8.237221,25.994935
3,0.939444,1.507637,exponential_3,450,150,rastrigin,6,0.000076,6.174257,6.973198,5.804364,16.596365
3,0.585390,2.066557,exponential_3,450,150,rastrigin,6,0.995029,7.500668,8.956214,4.571903,50.042360
3,1.507637,0.685363,exponential_3,450,150,rastrigin,6,2.007320,9.108744,10.458619,4.314327,16.698975
3,0.585390,3.316448,exponential_3,450,150,rastrigin,6,0.994959,4.415151,4.974855,4.040299,49.905040
3,1.099883,3.882831,exponential_3,450,150,rastrigin,6,0.000000,0.994957,1.492435,0.937322,25.956570
3,0.500000,7.295407,exponential_3,450,150,rastrigin,6,0.000000,1.305882,1.492437,1.319961,49.736090
3,0.585390,1.287720,exponential_3,450,150,rastrigin,6,3.017248,7.916877,8.993795,7.151252,49.718380
3,1.507637,1.099883,exponential_3,450,150,rastrigin,6,2.984880,5.168701,4.977696,3.305725,16.724445
3,0.939444,10.000000,exponential_3,450,150,rastrigin,6,0.000000,0.124370,0.000000,0.659980,16.565655
3,1.099883,2.832683,exponential_3,450,150,rastrigin,6,0.000000,1.616806,1.989915,1.600460,16.566565
3,1.287720,6.231237,exponential_3,450,150,rastrigin,6,0.000000,0.497478,0.994957,7.447344,52.268090
3,0.685363,0.585390,exponential_3,450,150,rastrigin,6,4.366747,13.246038,15.946925,6.612245,51.024680
3,0.685363,6.231237,exponential_3,450,150,rastrigin,6,0.000000,0.994957,0.994957,1.423694,50.087585
3,0.585390,8.541316,exponential_3,450,150,rastrigin,6,0.000000,0.994957,0.994957,1.154966,50.569205
3,1.507637,4.545940,exponential_3,450,150,rastrigin,6,0.000000,0.248739,0.000000,0.736201,16.873695
3,0.685363,10.000000,exponential_3,450,150,rastrigin,6,0.000000,0.186554,0.000000,5.377328,50.662240
3,0.685363,2.419483,exponential_3,450,150,rastrigin,6,0.000038,4.726068,4.974799,4.015894,50.755430
3,1.507637,1.765111,exponential_3,450,150,rastrigin,6,0.000000,2.487395,2.984873,1.804004,19.168225
3,0.939444,3.316448,exponential_3,450,150,rastrigin,6,0.994957,1.927731,1.989917,2.288404,49.955645
3,1.099883,6.231237,exponential_3,450,150,rastrigin,6,0.000000,0.373109,0.497478,0.586519,49.317080
3,1.507637,7.295407,exponential_3,450,150,rastrigin,6,0.000000,0.559663,0.994957,7.910388,18.736355
3,6.231237,1.099883,quadratic,450,150,rastrigin,6,0.000000,0.000000,0.000000,0.000000,53.031380
3,7.295407,8.541316,quadratic,450,150,rastrigin,6,3.094154,5.645012,5.525954,5.738264,51.584020
3,1.507637,2.832683,exponential_3,450,150,rastrigin,6,0.000000,1.119327,0.994958,1.569229,20.221970
3,6.231237,1.765111,quadratic,450,150,rastrigin,6,0.000000,0.186554,0.000000,0.474565,53.457975
3,6.231237,2.832683,quadratic,450,150,rastrigin,6,0.000008,1.119446,0.994974,8.617867,52.857770
3,6.231237,4.545940,quadratic,450,150,rastrigin,6,0.995169,2.254194,2.051460,8.145904,52.603725
3,1.099883,10.000000,exponential_3,450,150,rastrigin,6,0.000000,0.497479,0.994957,5.310640,32.409095
3,1.287720,2.832683,exponential_3,450,150,rastrigin,6,0.000000,1.181512,0.994959,1.188757,42.379025
3,1.765111,0.685363,exponential_3,450,150,rastrigin,6,1.990015,7.796247,8.955127,5.114788,15.545720
3,1.765111,0.939444,exponential_3,450,150,rastrigin,6,2.984879,4.602273,4.977840,2.422168,15.285285
3,1.765111,0.500000,exponential_3,450,150,rastrigin,6,6.976967,11.225636,11.876227,7.582460,18.789225
3,1.287720,1.099883,exponential_3,450,150,rastrigin,6,1.996393,6.282220,6.966725,3.408397,31.943115
3,7.295407,0.500000,quadratic,450,150,rastrigin,6,0.000000,0.497478,0.994957,0.569390,29.468175
3,0.585390,0.939444,exponential_3,450,150,rastrigin,6,4.471081,13.179831,15.510033,6.088653,24.005810
3,1.287720,0.685363,exponential_3,450,150,rastrigin,6,2.042471,6.924070,7.035938,4.286955,35.048260
3,7.295407,0.802409,quadratic,450,150,rastrigin,6,0.000000,0.000000,0.000000,0.216846,37.731075
3,1.287720,2.066557,exponential_3,450,150,rastrigin,6,0.994957,2.487395,1.989919,2.186078,16.754625
3,1.765111,1.765111,exponential_3,450,150,rastrigin,6,0.000000,1.678991,1.989915,1.085371,15.598850
3,1.765111,3.316448,exponential_3,450,150,rastrigin,6,0.000000,0.435294,0.994957,0.650538,16.000440
3,1.765111,4.545940,exponential_3,450,150,rastrigin,6,0.000000,0.310924,0.000000,0.588625,14.026610
3,6.231237,7.295407,quadratic,450,150,rastrigin,6,1.133896,5.206589,6.135077,10.353818,37.827960
3,1.765111,2.419483,exponential_3,450,150,rastrigin,6,0.000000,0.870588,0.994957,1.048253,17.914870
3,0.939444,0.939444,exponential_3,450,150,rastrigin,6,3.103064,7.118097,6.968087,6.104890,14.515065
3,2.066557,0.500000,exponential_3,450,150,rastrigin,6,2.003090,9.068855,10.957753,5.605896,15.972145
3,1.765111,6.231237,exponential_3,450,150,rastrigin,6,0.000000,0.373109,0.497478,0.586519,17.370185
3,10.000000,7.295407,quadratic,450,150,rastrigin,6,3.058371,7.686027,8.035831,8.129859,39.901840
3,8.541316,10.000000,quadratic,450,150,rastrigin,6,3.329388,8.133458,8.819557,6.143226,39.997015
3,1.765111,8.541316,exponential_3,450,150,rastrigin,6,0.000000,0.497478,0.994957,9.760644,17.574510
3,7.295407,1.287720,quadratic,450,150,rastrigin,6,0.000000,0.000000,0.000000,5.421107,40.681945
3,8.541316,0.585390,quadratic,450,150,rastrigin,6,0.000000,0.000000,0.000000,0.000000,40.271150
3,10.000000,0.685363,quadratic,450,150,rastrigin,6,0.000000,0.000000,0.000000,0.000000,40.315015
3,2.066557,0.939444,exponential_3,450,150,rastrigin,6,0.994959,3.982097,4.477770,3.075926,15.162925
3,2.066557,0.685363,exponential_3,450,150,rastrigin,6,0.998714,5.599981,6.965425,3.719433,16.363095
3,7.295407,2.066557,quadratic,450,150,rastrigin,6,0.000000,0.559673,0.994959,11.354556,41.729125
3,2.066557,1.765111,exponential_3,450,150,rastrigin,6,0.000000,1.616806,1.989916,1.702367,15.355910
3,0.939444,0.585390,exponential_3,450,150,rastrigin,6,3.124685,12.175750,12.615865,6.518225,35.773995
3,2.066557,1.287720,exponential_3,450,150,rastrigin,6,0.994957,2.922689,2.984875,2.193425,15.779850
3,1.099883,1.099883,exponential_3,450,150,rastrigin,6,2.994995,7.999187,9.972168,6.239671,21.986615
3,2.066557,2.419483,exponential_3,450,150,rastrigin,6,0.000000,0.559663,0.994957,0.674813,15.904100
3,1.765111,1.287720,exponential_3,450,150,rastrigin,6,0.000000,3.357994,3.979832,3.089208,31.981770
3,0.500000,2.066557,exponential_3,450,150,rastrigin,6,5.008745,8.919005,8.956113,4.902306,15.648190
3,2.066557,3.316448,exponential_3,450,150,rastrigin,6,0.000000,0.310924,0.000000,0.588625,13.822165
3,1.287720,5.322296,exponential_3,450,150,rastrigin,6,0.000000,0.559663,0.994957,6.175091,15.988690
3,1.099883,0.685363,exponential_3,450,150,rastrigin,6,3.278383,9.316396,11.469156,5.816999,24.751515
3,1.507637,0.500000,exponential_3,450,150,rastrigin,6,3.218098,10.818930,13.448628,7.226551,13.954970
3,0.939444,6.231237,exponential_3,450,150,rastrigin,6,0.000000,0.373109,0.497478,0.722629,25.883365
3,0.939444,2.419483,exponential_3,450,150,rastrigin,6,0.994959,3.171432,3.482354,3.439081,28.210760
3,2.066557,6.231237,exponential_3,450,150,rastrigin,6,0.000000,0.497479,0.994957,9.201159,13.557460
3,1.099883,1.765111,exponential_3,450,150,rastrigin,6,1.989916,3.420204,2.984885,2.641308,29.615060
3,1.507637,0.802409,exponential_3,450,150,rastrigin,6,1.993908,8.406960,9.952716,4.283068,15.427210
3,1.507637,1.287720,exponential_3,450,150,rastrigin,6,0.994961,3.917669,4.477312,3.368219,13.865385
3,2.066557,4.545940,exponential_3,450,150,rastrigin,6,0.000000,0.373109,0.497478,5.335746,19.165065
3,2.419483,0.500000,exponential_3,450,150,rastrigin,6,2.084122,6.806611,7.462511,3.736129,14.253115
3,2.066557,8.541316,exponential_3,450,150,rastrigin,6,0.000000,0.621848,0.994957,10.150276,16.583200
3,1.099883,4.545940,exponential_3,450,150,rastrigin,6,0.000000,0.870587,0.994957,0.788155,16.932415
3,1.507637,2.066557,exponential_3,450,150,rastrigin,6,0.000000,2.114285,1.989918,1.894997,16.824535
3,1.507637,5.322296,exponential_3,450,150,rastrigin,6,0.000000,0.435294,0.994957,0.762620,18.462055
3,0.585390,0.585390,exponential_3,450,150,rastrigin,6,7.107983,15.063152,15.897696,7.034173,29.560305
3,1.507637,3.316448,exponential_3,450,150,rastrigin,6,0.994957,1.368067,1.492436,1.024372,17.518895
3,1.765111,0.802409,exponential_3,450,150,rastrigin,6,1.989914,5.539640,6.964760,4.279072,16.804460
3,1.287720,0.500000,exponential_3,450,150,rastrigin,6,3.987736,12.190156,15.281868,7.130158,18.448060
3,1.507637,8.541316,exponential_3,450,150,rastrigin,6,0.000000,2.114271,0.994957,10.914909,19.419120
3,1.765111,1.099883,exponential_3,450,150,rastrigin,6,1.989914,3.980270,3.482442,4.224142,17.074020
3,1.765111,0.585390,exponential_3,450,150,rastrigin,6,3.115871,8.692606,9.150532,5.696075,18.806160
3,0.500000,3.316448,exponential_3,450,150,rastrigin,6,1.066830,4.296055,4.979161,3.590672,32.731020
3,1.287720,1.287720,exponential_3,450,150,rastrigin,6,1.989954,4.913947,5.969779,3.433139,17.902950
3,0.685363,0.685363,exponential_3,450,150,rastrigin,6,5.828770,12.780395,15.574582,7.455240,25.331805
3,2.419483,1.287720,exponential_3,450,150,rastrigin,6,0.000000,2.052101,2.487394,1.823788,23.608450
3,0.685363,2.832683,exponential_3,450,150,rastrigin,6,0.000000,3.233630,2.984941,4.414948,24.855490
3,2.419483,1.765111,exponential_3,450,150,rastrigin,6,0.000000,0.746218,0.994957,1.330233,23.921555
3,2.419483,3.316448,exponential_3,450,150,rastrigin,6,0.000000,0.124370,0.000000,5.381008,17.746585
3,2.419483,0.685363,exponential_3,450,150,rastrigin,6,0.997833,4.919843,6.467300,4.171621,25.679800
3,0.685363,7.295407,exponential_3,450,150,rastrigin,6,0.000000,0.932772,0.994957,0.937322,28.004105
3,2.419483,2.419483,exponential_3,450,150,rastrigin,6,0.000000,0.621848,0.994957,1.173037,26.580885
3,1.287720,0.802409,exponential_3,450,150,rastrigin,6,1.990738,7.528661,8.971951,4.392514,17.832075
3,0.585390,2.419483,exponential_3,450,150,rastrigin,6,2.985394,6.616210,6.964903,3.652561,37.382600
3,1.765111,2.066557,exponential_3,450,150,rastrigin,6,0.994957,1.678990,1.989914,1.581795,15.744815
3,1.765111,3.882831,exponential_3,450,150,rastrigin,6,0.000000,0.559663,0.994957,0.788155,15.591570
3,2.419483,8.541316,exponential_3,450,150,rastrigin,6,0.000000,0.310924,0.000000,10.681786,17.529110
3,1.765111,5.322296,exponential_3,450,150,rastrigin,6,0.000000,0.186554,0.000000,0.665581,16.368205
3,1.765111,2.832683,exponential_3,450,150,rastrigin,6,0.000000,0.621848,0.994957,0.860221,14.356490
3,0.585390,3.882831,exponential_3,450,150,rastrigin,6,0.994957,3.793278,4.974791,2.401850,38.978455
3,2.832683,0.685363,exponential_3,450,150,rastrigin,6,0.994959,3.171548,2.984908,2.454911,14.045290
3,0.500000,8.541316,exponential_3,450,150,rastrigin,6,0.994957,1.305882,0.994959,0.848635,38.683435
3,0.585390,1.507637,exponential_3,450,150,rastrigin,6,3.981995,9.165896,10.012360,6.070698,39.325080
3,0.585390,10.000000,exponential_3,450,150,rastrigin,6,0.000000,0.497478,0.994957,0.694691,38.347430
3,2.419483,0.939444,exponential_3,450,150,rastrigin,6,0.994959,3.357984,3.979833,1.765175,36.125180
3,1.287720,3.316448,exponential_3,450,150,rastrigin,6,0.000000,1.119327,0.994957,1.197055,35.791245
3,1.287720,7.295407,exponential_3,450,150,rastrigin,6,0.000000,0.248739,0.000000,0.667438,39.753310
3,0.802409,0.500000,exponential_3,450,150,rastrigin,6,7.503075,13.448131,14.179240,6.361364,38.792600
3,0.939444,3.882831,exponential_3,450,150,rastrigin,6,0.000000,1.368066,1.989914,1.116838,37.495050
3,1.099883,7.295407,exponential_3,450,150,rastrigin,6,0.000000,0.435294,0.994957,5.319953,37.968380
3,2.066557,0.585390,exponential_3,450,150,rastrigin,6,2.986691,7.391416,7.986437,3.976695,16.676705
3,1.765111,10.000000,exponential_3,450,150,rastrigin,6,0.000000,0.062185,0.000000,5.389971,14.986225
3,2.419483,4.545940,exponential_3,450,150,rastrigin,6,0.000000,0.310924,0.000000,0.494985,30.634190
3,2.419483,6.231237,exponential_3,450,150,rastrigin,6,0.000000,0.373109,0.497478,5.338528,28.750570
3,2.066557,1.099883,exponential_3,450,150,rastrigin,6,0.994959,3.482354,3.979836,3.323810,15.601190
3,2.066557,0.802409,exponential_3,450,150,rastrigin,6,0.994978,4.415326,4.974916,2.558720,15.672500
3,2.066557,1.507637,exponential_3,450,150,rastrigin,6,0.000000,1.368067,1.989914,2.182113,13.562605
3,3.316448,0.939444,exponential_3,450,150,rastrigin,6,0.994957,2.238655,2.487394,1.792996,13.310330
3,2.066557,2.066557,exponential_3,450,150,rastrigin,6,0.000000,1.554621,1.989915,1.177250,15.568790
3,2.066557,2.832683,exponential_3,450,150,rastrigin,6,0.000000,0.621848,0.994957,0.696470,15.029325
3,3.316448,0.685363,exponential_3,450,150,rastrigin,6,0.994957,3.109244,2.984877,1.877283,14.986060
3,2.832683,0.500000,exponential_3,450,150,rastrigin,6,1.993492,5.234650,5.969825,3.844491,30.322515
3,2.066557,3.882831,exponential_3,450,150,rastrigin,6,0.000000,0.248739,0.000000,0.586518,16.530250
3,2.832683,8.541316,exponential_3,450,150,rastrigin,6,0.000000,0.248739,0.000000,6.241662,17.810030
3,3.316448,1.287720,exponential_3,450,150,rastrigin,6,0.000000,1.305881,1.989914,1.202213,15.934350
3,1.507637,0.585390,exponential_3,450,150,rastrigin,6,2.049839,9.312596,10.663937,5.098027,14.778515
3,2.832683,0.939444,exponential_3,450,150,rastrigin,6,0.994957,3.420168,3.979832,3.243543,27.648860
3,1.765111,7.295407,exponential_3,450,150,rastrigin,6,0.000000,0.248739,0.000000,5.361659,31.976280
3,2.066557,7.295407,exponential_3,450,150,rastrigin,6,0.000000,0.497478,0.994957,6.188123,16.640275
3,1.507637,0.939444,exponential_3,450,150,rastrigin,6,1.989918,4.478142,4.977858,3.844091,15.831190
3,2.419483,0.585390,exponential_3,450,150,rastrigin,6,1.990564,7.343075,7.961040,4.152483,13.722750
3,1.507637,1.507637,exponential_3,450,150,rastrigin,6,0.994959,3.109266,3.482354,2.167868,17.195410
3,2.832683,1.765111,exponential_3,450,150,rastrigin,6,0.000000,0.684033,0.994957,0.989970,33.812230
3,1.507637,6.231237,exponential_3,450,150,rastrigin,6,0.000000,0.186554,0.000000,5.371572,15.525140
3,2.832683,1.287720,exponential_3,450,150,rastrigin,6,0.000000,1.554621,1.989914,5.958083,36.891735
3,2.066557,10.000000,exponential_3,450,150,rastrigin,6,0.000000,0.062185,0.000000,8.044760,20.447690
3,1.507637,2.419483,exponential_3,450,150,rastrigin,6,0.994957,1.803361,1.989916,0.974856,19.630705
3,3.316448,8.541316,exponential_3,450,150,rastrigin,6,0.000000,0.248739,0.000000,8.008339,16.888600
3,3.882831,0.939444,exponential_3,450,150,rastrigin,6,0.000000,1.616806,1.989915,1.381344,16.522645
3,1.507637,10.000000,exponential_3,450,150,rastrigin,6,0.000000,0.186554,0.000000,6.251793,17.258010
3,2.832683,2.419483,exponential_3,450,150,rastrigin,6,0.000000,0.310924,0.000000,5.349642,42.517885
3,3.882831,0.685363,exponential_3,450,150,rastrigin,6,0.000000,3.420167,2.984876,5.524214,17.139430
3,2.832683,3.316448,exponential_3,450,150,rastrigin,6,0.000000,0.435294,0.994957,6.204962,43.135875
3,4.545940,0.685363,exponential_3,450,150,rastrigin,6,0.000000,1.741176,1.989916,2.249130,15.715165
3,2.832683,4.545940,exponential_3,450,150,rastrigin,6,0.000000,0.373109,0.497478,5.338295,41.081990
3,4.545940,0.939444,exponential_3,450,150,rastrigin,6,0.000000,1.119327,0.994957,0.861659,15.882510
3,2.419483,10.000000,exponential_3,450,150,rastrigin,6,0.000000,0.310924,0.000000,9.940031,16.539945
3,4.545940,0.500000,exponential_3,450,150,rastrigin,6,0.994957,2.487405,2.487394,3.169449,17.437865
3,3.882831,8.541316,exponential_3,450,150,rastrigin,6,0.000000,0.373109,0.497478,5.338295,18.166095
3,4.545940,1.287720,exponential_3,450,150,rastrigin,6,0.000000,0.373109,0.497478,0.586519,17.172090
3,1.765111,1.507637,exponential_3,450,150,rastrigin,6,0.994976,3.917647,4.477309,1.974933,40.343325
3,2.832683,6.231237,exponential_3,450,150,rastrigin,6,0.000000,0.248739,0.000000,7.376053,43.416140
3,2.832683,0.802409,exponential_3,450,150,rastrigin,6,0.994957,2.860702,2.984875,2.678478,15.215410
3,3.316448,0.500000,exponential_3,450,150,rastrigin,6,1.989922,4.975414,5.472610,2.824992,43.814270
3,3.316448,2.419483,exponential_3,450,150,rastrigin,6,0.000000,0.497478,0.994957,5.315997,39.739135
3,3.316448,1.765111,exponential_3,450,150,rastrigin,6,0.000000,0.310924,0.000000,0.588624,40.623635
3,2.066557,5.322296,exponential_3,450,150,rastrigin,6,0.000000,0.310924,0.000000,0.494985,37.740695
3,3.316448,6.231237,exponential_3,450,150,rastrigin,6,0.000000,0.062185,0.000000,5.390198,32.198915
3,3.316448,3.316448,exponential_3,450,150,rastrigin,6,0.000000,0.248739,0.000000,8.787150,42.044065
3,1.507637,3.882831,exponential_3,450,150,rastrigin,6,0.000000,0.373109,0.497478,0.497479,33.451445
3,3.316448,4.545940,exponential_3,450,150,rastrigin,6,0.000000,0.435294,0.994957,7.318116,38.663445
3,5.322296,0.939444,exponential_3,450,150,rastrigin,6,0.000000,0.994957,0.994960,1.237713,15.522755
3,3.882831,0.500000,exponential_3,450,150,rastrigin,6,0.000000,3.296690,3.482777,2.976685,34.253415
3,5.322296,0.685363,exponential_3,450,150,rastrigin,6,0.000000,1.616806,1.989915,1.790924,16.527975
3,2.419483,3.882831,exponential_3,450,150,rastrigin,6,0.000000,0.373109,0.497478,0.586519,31.981580
3,5.322296,1.287720,exponential_3,450,150,rastrigin,6,0.000000,0.373109,0.497478,0.882937,17.147285
3,3.882831,1.765111,exponential_3,450,150,rastrigin,6,0.000000,0.373109,0.497478,5.332731,33.922240
3,5.322296,1.765111,exponential_3,450,150,rastrigin,6,0.000000,0.124370,0.000000,5.381008,15.490555
3,3.316448,1.099883,exponential_3,450,150,rastrigin,6,0.000000,1.803360,1.989916,1.554174,15.031980
3,3.882831,6.231237,exponential_3,450,150,rastrigin,6,0.000000,0.621848,0.994957,5.297348,33.960375
3,5.322296,2.419483,exponential_3,450,150,rastrigin,6,0.000000,0.310924,0.000000,9.268898,16.397415
3,5.322296,3.316448,exponential_3,450,150,rastrigin,6,0.000000,0.186554,0.000000,6.246970,16.720690
3,5.322296,4.545940,exponential_3,450,150,rastrigin,6,0.000000,0.124370,0.000000,0.569390,15.575005
3,3.882831,1.287720,exponential_3,450,150,rastrigin,6,0.000000,0.932772,0.994957,0.999920,40.019370
3,5.322296,6.231237,exponential_3,450,150,rastrigin,6,0.000000,0.435294,0.994957,8.726531,18.243890
3,2.419483,0.802409,exponential_3,450,150,rastrigin,6,1.989914,4.788260,5.969747,3.581993,39.970160
3,2.419483,1.507637,exponential_3,450,150,rastrigin,6,0.000000,1.492436,1.989915,1.315265,40.331485
3,5.322296,8.541316,exponential_3,450,150,rastrigin,6,0.000000,0.373109,0.497478,7.334837,16.647495
3,2.419483,7.295407,exponential_3,450,150,rastrigin,6,0.000000,0.310924,0.000000,7.968592,24.138520
3,2.419483,2.066557,exponential_3,450,150,rastrigin,6,0.000000,0.808403,0.994957,0.905083,42.176590
3,2.419483,2.832683,exponential_3,450,150,rastrigin,6,0.000000,0.497478,0.994957,0.569390,42.317040
3,2.832683,0.585390,exponential_3,450,150,rastrigin,6,0.995180,5.348259,5.969761,3.838850,19.377610
3,3.882831,2.419483,exponential_3,450,150,rastrigin,6,0.000000,0.435294,0.994957,0.650537,44.543585
3,3.882831,3.316448,exponential_3,450,150,rastrigin,6,0.000000,0.497478,0.994957,9.201178,44.364335
3,6.231237,0.500000,exponential_3,450,150,rastrigin,6,0.000000,1.803362,1.989918,2.045721,15.149305
3,3.316448,1.507637,exponential_3,450,150,rastrigin,6,0.000000,0.870588,0.994957,0.808308,16.877050
3,2.832683,10.000000,exponential_3,450,150,rastrigin,6,0.000000,0.310924,0.000000,6.228109,20.336235
3,4.545940,1.765111,exponential_3,450,150,rastrigin,6,0.000000,0.373109,0.497478,0.659980,42.030295
3,3.882831,4.545940,exponential_3,450,150,rastrigin,6,0.000000,0.186554,0.000000,0.580155,47.597600
3,2.832683,1.099883,exponential_3,450,150,rastrigin,6,0.000000,1.803361,1.989918,1.649951,17.379820
3,6.231237,0.939444,exponential_3,450,150,rastrigin,6,0.000000,0.621848,0.994957,0.860221,16.800755
3,6.231237,0.685363,exponential_3,450,150,rastrigin,6,0.000000,1.243697,1.989914,1.330233,17.648665
3,2.832683,2.066557,exponential_3,450,150,rastrigin,6,0.000000,0.808403,0.994957,0.736201,15.682815
3,2.832683,1.507637,exponential_3,450,150,rastrigin,6,0.000000,0.684033,0.994957,1.130054,15.178590
3,6.231237,1.287720,exponential_3,450,150,rastrigin,6,0.000000,0.124370,0.000000,5.596533,17.851590
3,2.419483,5.322296,exponential_3,450,150,rastrigin,6,0.000000,0.435294,0.994957,7.307797,36.061510
3,4.545940,2.419483,exponential_3,450,150,rastrigin,6,0.000000,0.062185,0.000000,7.571424,42.826540
3,2.419483,1.099883,exponential_3,450,150,rastrigin,6,0.000000,1.803385,1.989916,1.900207,39.404710
3,5.322296,0.500000,exponential_3,450,150,rastrigin,6,0.000000,2.176471,2.487395,2.177572,39.590365
3,6.231237,2.419483,exponential_3,450,150,rastrigin,6,0.000000,0.248739,0.000000,5.360506,19.743020
3,6.231237,3.316448,exponential_3,450,150,rastrigin,6,0.000000,0.124370,0.000000,5.380780,19.125335
3,6.231237,1.765111,exponential_3,450,150,rastrigin,6,0.000000,0.186554,0.000000,0.580155,20.064890
3,4.545940,3.316448,exponential_3,450,150,rastrigin,6,0.000000,0.186554,0.000000,8.806703,42.067630
3,4.545940,8.541316,exponential_3,450,150,rastrigin,6,0.000000,0.310924,0.000000,9.094685,40.388450
3,6.231237,4.545940,exponential_3,450,150,rastrigin,6,0.000000,0.310924,0.000000,7.341583,18.653410
3,1.287720,8.541316,exponential_3,450,150,rastrigin,6,0.000000,0.559663,0.994957,7.911596,40.683300
3,4.545940,6.231237,exponential_3,450,150,rastrigin,6,0.000000,0.124370,0.000000,0.569390,41.249220
3,4.545940,4.545940,exponential_3,450,150,rastrigin,6,0.000000,0.310924,0.000000,9.263552,42.227895
3,3.316448,0.802409,exponential_3,450,150,rastrigin,6,0.994957,2.860505,2.984875,2.238102,34.324850
3,3.882831,1.099883,exponential_3,450,150,rastrigin,6,0.000000,1.057142,0.994957,1.550188,18.531110
3,3.316448,10.000000,exponential_3,450,150,rastrigin,6,0.000000,0.248739,0.000000,0.667438,21.486860
3,6.231237,8.541316,exponential_3,450,150,rastrigin,6,0.000000,0.248955,0.000904,7.376457,16.458180
3,2.832683,2.832683,exponential_3,450,150,rastrigin,6,0.000000,0.373109,0.497478,0.586519,16.002385
3,6.231237,6.231237,exponential_3,450,150,rastrigin,6,0.000000,0.435294,0.994957,0.580155,26.131945
3,3.882831,0.802409,exponential_3,450,150,rastrigin,6,0.994959,2.611764,2.984872,1.631093,16.804060
3,4.545940,1.099883,exponential_3,450,150,rastrigin,6,0.000000,0.932772,0.994957,1.229688,13.179065
3,4.545940,0.585390,exponential_3,450,150,rastrigin,6,0.994957,2.549580,2.984875,1.438394,13.546105
3,7.295407,0.500000,exponential_3,450,150,rastrigin,6,0.000000,0.932772,0.994957,1.188755,14.741690
3,4.545940,1.507637,exponential_3,450,150,rastrigin,6,0.000000,0.310924,0.000000,5.349642,14.863600
3,7.295407,0.939444,exponential_3,450,150,rastrigin,6,0.000000,0.559663,0.994957,0.722630,16.062375
3,7.295407,1.765111,exponential_3,450,150,rastrigin,6,0.000000,0.373109,0.497478,7.966592,15.809565
3,5.322296,1.099883,exponential_3,450,150,rastrigin,6,0.000000,0.808403,0.994957,0.974855,15.933410
3,3.882831,10.000000,exponential_3,450,150,rastrigin,6,0.000000,1.927716,0.497478,10.991683,18.473985
3,4.545940,0.802409,exponential_3,450,150,rastrigin,6,0.000000,1.305882,1.989914,1.618909,23.596355
3,3.316448,7.295407,exponential_3,450,150,rastrigin,6,0.000000,0.000000,0.000000,5.398457,19.384255
3,4.545940,7.295407,exponential_3,450,150,rastrigin,6,0.000000,0.373109,0.497478,5.335748,18.884300
3,3.316448,3.882831,exponential_3,450,150,rastrigin,6,0.000000,0.062185,0.000000,5.389969,20.661005
3,5.322296,1.507637,exponential_3,450,150,rastrigin,6,0.000000,0.248739,0.000000,6.236017,16.579965
3,5.322296,0.802409,exponential_3,450,150,rastrigin,6,0.000000,1.057142,0.994958,1.631094,17.844305
3,5.322296,2.066557,exponential_3,450,150,rastrigin,6,0.000000,0.186554,0.000000,7.391304,16.357315
3,2.832683,3.882831,exponential_3,450,150,rastrigin,6,0.000000,0.124370,0.000000,0.659980,27.192665
3,7.295407,3.316448,exponential_3,450,150,rastrigin,6,0.000000,0.497478,0.994957,9.765716,19.553855
3,5.322296,5.322296,exponential_3,450,150,rastrigin,6,0.000000,0.248739,0.000000,8.787148,16.724820
3,5.322296,3.882831,exponential_3,450,150,rastrigin,6,0.000000,0.248739,0.000000,10.292259,16.931150
3,7.295407,1.287720,exponential_3,450,150,rastrigin,6,0.000000,0.124370,0.000000,5.380088,27.609415
3,5.322296,7.295407,exponential_3,450,150,rastrigin,6,0.000000,0.497479,0.497478,9.770787,15.461085
3,2.832683,5.322296,exponential_3,450,150,rastrigin,6,0.000000,0.373109,0.497478,9.910983,35.259025
3,7.295407,4.545940,exponential_3,450,150,rastrigin,6,0.000000,0.248739,0.000000,5.360503,17.332795
3,5.322296,10.000000,exponential_3,450,150,rastrigin,6,0.000000,0.684084,0.994958,9.395691,16.018085
3,7.295407,6.231237,exponential_3,450,150,rastrigin,6,0.000000,0.559664,0.994957,8.668624,17.153475
3,6.231237,0.802409,exponential_3,450,150,rastrigin,6,0.000000,0.808403,0.994957,0.800616,11.940955
3,6.231237,0.585390,exponential_3,450,150,rastrigin,6,0.000000,1.803361,1.989916,1.253608,13.590770
3,3.316448,2.832683,exponential_3,450,150,rastrigin,6,0.000000,0.186554,0.000000,0.736201,36.029825
3,6.231237,1.099883,exponential_3,450,150,rastrigin,6,0.000000,0.621848,0.994957,6.163794,13.743245
3,7.295407,0.685363,exponential_3,450,150,rastrigin,6,0.000000,1.119327,0.994959,0.710542,36.626305
3,3.316448,0.585390,exponential_3,450,150,rastrigin,6,0.000000,5.223560,6.964703,2.742902,37.449820
3,3.882831,1.507637,exponential_3,450,150,rastrigin,6,0.000000,0.684033,0.994957,5.273228,26.217750
3,3.316448,2.066557,exponential_3,450,150,rastrigin,6,0.000000,0.808403,0.994957,0.736201,39.975130
3,6.231237,1.507637,exponential_3,450,150,rastrigin,6,0.000000,0.124370,0.000000,5.380779,14.573225
3,2.832683,7.295407,exponential_3,450,150,rastrigin,6,0.000000,0.062185,0.000000,0.650538,42.051390
3,5.322296,2.832683,exponential_3,450,150,rastrigin,6,0.000000,0.124370,0.000000,5.380088,32.594900
3,3.882831,0.585390,exponential_3,450,150,rastrigin,6,1.989922,3.669370,3.482368,2.905103,39.772460
3,3.882831,7.295407,exponential_3,450,150,rastrigin,6,0.000000,3.420139,0.000000,12.318497,34.874740
3,3.882831,2.066557,exponential_3,450,150,rastrigin,6,0.000000,0.310924,0.000000,0.588625,39.058845
3,7.295407,2.419483,exponential_3,450,150,rastrigin,6,0.000000,0.124370,0.000000,5.380779,40.354315
3,6.231237,2.832683,exponential_3,450,150,rastrigin,6,0.000000,0.373109,0.497478,7.976705,18.360925
3,6.231237,3.882831,exponential_3,450,150,rastrigin,6,0.000000,0.062185,0.000000,6.269412,18.935590
3,6.231237,2.066557,exponential_3,450,150,rastrigin,6,0.000000,0.186554,0.000000,8.014511,22.225265
3,6.231237,5.322296,exponential_3,450,150,rastrigin,6,0.000000,0.248739,0.000000,9.862547,21.716635
3,10.000000,1.765111,exponential_3,450,150,rastrigin,6,0.000000,0.248739,0.000000,7.376053,21.921640
3,10.000000,1.287720,exponential_3,450,150,rastrigin,6,0.000000,0.248739,0.000000,0.586519,22.882680
3,8.541316,0.939444,exponential_3,450,150,rastrigin,6,0.000000,0.559663,0.994957,0.694691,36.289825
3,8.541316,2.419483,exponential_3,450,150,rastrigin,6,0.000000,0.373109,0.497478,8.747065,36.368835
3,7.295407,8.541316,exponential_3,450,150,rastrigin,6,0.000013,0.319376,0.051536,6.222623,39.784315
3,6.231237,10.000000,exponential_3,450,150,rastrigin,6,0.000002,0.186967,0.000847,6.251647,23.617920
3,3.882831,2.832683,exponential_3,450,150,rastrigin,6,0.000000,0.435294,0.994957,0.710542,37.395510
3,8.541316,0.500000,exponential_3,450,150,rastrigin,6,0.000000,1.305881,1.492435,0.667439,39.147795
3,8.541316,1.765111,exponential_3,450,150,rastrigin,6,0.000000,0.186554,0.000000,7.382761,37.487905
3,8.541316,0.685363,exponential_3,450,150,rastrigin,6,0.000000,0.248739,0.000000,5.361658,38.418540
3,8.541316,1.287720,exponential_3,450,150,rastrigin,6,0.000000,0.310924,0.000000,8.878350,37.795050
3,8.541316,3.316448,exponential_3,450,150,rastrigin,6,0.000000,0.310924,0.000000,7.348323,36.132135
3,10.000000,3.316448,exponential_3,450,150,rastrigin,6,0.000000,0.062185,0.000000,0.553969,23.338080
3,6.231237,7.295407,exponential_3,450,150,rastrigin,6,0.000000,0.186554,0.000000,7.373874,23.964550
3,4.545940,2.066557,exponential_3,450,150,rastrigin,6,0.000000,0.310924,0.000000,7.360435,38.784775
3,7.295407,0.585390,exponential_3,450,150,rastrigin,6,0.000000,0.870588,0.994957,0.988720,20.902015
3,3.882831,3.882831,exponential_3,450,150,rastrigin,6,0.000000,0.000000,0.000000,0.533487,39.625170
3,10.000000,6.231237,exponential_3,450,150,rastrigin,6,0.000000,0.564233,0.530102,11.463799,22.654180
3,10.000000,0.500000,exponential_3,450,150,rastrigin,6,0.000000,0.994958,0.994958,5.231529,31.590820
3,8.541316,4.545940,exponential_3,450,150,rastrigin,6,0.000000,0.248739,0.000000,5.360504,36.679620
3,3.882831,5.322296,exponential_3,450,150,rastrigin,6,0.000000,0.310924,0.000000,7.360435,39.998140
3,10.000000,4.545940,exponential_3,450,150,rastrigin,6,0.000000,0.248739,0.000000,6.239048,25.429145
3,3.316448,5.322296,exponential_3,450,150,rastrigin,6,0.000000,0.310924,0.000000,7.348320,29.100945
3,10.000000,2.419483,exponential_3,450,150,rastrigin,6,0.000000,0.497478,0.994957,5.310640,28.122190
3,10.000000,8.541316,exponential_3,450,150,rastrigin,6,0.046579,1.537157,1.932064,6.318436,22.503545
3,0.500000,0.500000,exponential_5,450,150,rastrigin,6,9.203903,18.211149,21.238363,6.782142,18.513600
3,7.295407,1.099883,exponential_3,450,150,rastrigin,6,0.000000,0.435294,0.994957,0.580155,19.388860
3,5.322296,0.585390,exponential_3,450,150,rastrigin,6,0.000000,1.865546,1.989917,1.705997,36.956260
3,7.295407,2.066557,exponential_3,450,150,rastrigin,6,0.000000,0.248739,0.000000,7.364636,19.031925
3,4.545940,3.882831,exponential_3,450,150,rastrigin,6,0.000000,0.310924,0.000000,7.351185,35.868310
3,4.545940,2.832683,exponential_3,450,150,rastrigin,6,0.000000,0.435294,0.994957,8.711343,40.871825
3,8.541316,6.231237,exponential_3,450,150,rastrigin,6,0.000000,0.248789,0.000041,6.233844,44.671130
3,8.541316,8.541316,exponential_3,450,150,rastrigin,6,0.000656,0.517062,0.595176,10.130538,44.013690
3,0.500000,0.939444,exponential_5,450,150,rastrigin,6,4.382412,12.886524,13.647223,6.064544,17.699005
3,0.500000,3.316448,exponential_5,450,150,rastrigin,6,0.994993,5.858052,5.973042,5.037819,13.321800
3,10.000000,0.685363,exponential_3,450,150,rastrigin,6,0.000000,0.435294,0.497478,0.922686,41.045010
3,10.000000,0.939444,exponential_3,450,150,rastrigin,6,0.000000,0.248739,0.000000,0.586519,40.898410
3,4.545940,5.322296,exponential_3,450,150,rastrigin,6,0.000000,0.310924,0.000000,0.494985,40.907915
3,7.295407,3.882831,exponential_3,450,150,rastrigin,6,0.000000,0.310924,0.000000,10.268540,14.464115
3,0.585390,0.685363,exponential_5,450,150,rastrigin,6,5.297173,13.623508,14.358508,7.357202,14.468500
3,0.585390,0.500000,exponential_5,450,150,rastrigin,6,5.658802,16.409836,19.830145,6.904155,14.702560
3,0.585390,0.939444,exponential_5,450,150,rastrigin,6,4.773205,12.082224,14.257693,6.150585,13.371505
3,4.545940,10.000000,exponential_3,450,150,rastrigin,6,0.000000,1.989901,0.994957,10.963374,43.682065
3,0.585390,2.419483,exponential_5,450,150,rastrigin,6,1.004761,5.748060,6.574010,4.247897,13.900950
3,0.585390,1.765111,exponential_5,450,150,rastrigin,6,0.995926,7.358846,8.962042,5.645907,15.148590
3,0.585390,3.316448,exponential_5,450,150,rastrigin,6,0.994995,5.039610,5.969792,2.774307,14.719520
3,0.585390,6.231237,exponential_5,450,150,rastrigin,6,0.000000,1.741865,1.989917,2.049874,15.371820
3,0.500000,0.685363,exponential_5,450,150,rastrigin,6,4.467232,13.690701,15.907242,7.379806,32.203645
3,0.500000,4.545940,exponential_5,450,150,rastrigin,6,0.994959,4.104450,4.477323,3.770245,22.509385
3,0.500000,1.765111,exponential_5,450,150,rastrigin,6,3.853775,8.205025,9.977515,5.457696,24.082490
3,0.500000,1.287720,exponential_5,450,150,rastrigin,6,2.404800,12.910746,14.474078,5.950975,25.930085
3,0.500000,2.419483,exponential_5,450,150,rastrigin,6,3.069778,7.569870,8.457545,5.148636,25.630700
3,0.685363,0.939444,exponential_5,450,150,rastrigin,6,1.528101,11.396642,12.611166,6.866277,15.313075
3,7.295407,5.322296,exponential_3,450,150,rastrigin,6,0.000000,0.062185,0.000000,5.389970,23.520150
3,7.295407,7.295407,exponential_3,450,150,rastrigin,6,0.000000,0.248750,0.000011,8.787211,23.682905
3,0.685363,6.231237,exponential_5,450,150,rastrigin,6,0.994957,1.927731,1.989917,1.458895,13.125190
3,0.685363,0.500000,exponential_5,450,150,rastrigin,6,3.656359,15.853963,18.940033,7.512697,19.075220
3,0.685363,1.765111,exponential_5,450,150,rastrigin,6,2.006861,6.058248,6.965086,4.272388,14.708920
3,0.802409,0.500000,exponential_5,450,150,rastrigin,6,6.042942,14.427010,16.521301,6.039665,13.977965
3,0.685363,8.541316,exponential_5,450,150,rastrigin,6,0.000000,0.994958,0.994960,6.092654,14.903875
3,0.500000,6.231237,exponential_5,450,150,rastrigin,6,0.000000,2.238656,2.984872,1.834611,30.391260
3,0.500000,8.541316,exponential_5,450,150,rastrigin,6,0.000000,2.114285,1.989916,2.246931,31.153635
3,7.295407,1.507637,exponential_3,450,150,rastrigin,6,0.000000,0.000000,0.000000,6.288184,30.903920
3,10.000000,1.507637,exponential_3,450,150,rastrigin,6,0.000000,0.186554,0.000000,0.474564,16.282750
3,10.000000,2.066557,exponential_3,450,150,rastrigin,6,0.000000,0.310924,0.000000,7.351182,16.405460
3,0.802409,0.685363,exponential_5,450,150,rastrigin,6,5.372921,10.497086,12.245963,5.550211,18.431890
3,0.802409,1.765111,exponential_5,450,150,rastrigin,6,2.985043,5.519597,6.585133,2.965586,13.994890
3,0.802409,3.316448,exponential_5,450,150,rastrigin,6,0.994957,2.363036,2.984874,2.803588,14.155240
3,10.000000,3.882831,exponential_3,450,150,rastrigin,6,0.000000,0.373109,0.497478,9.243073,16.263975
3,0.802409,0.939444,exponential_5,450,150,rastrigin,6,1.053196,8.552725,10.583967,5.448293,22.316780
3,0.939444,0.500000,exponential_5,450,150,rastrigin,6,4.537041,10.307556,11.714695,5.277473,14.201890
3,0.585390,1.287720,exponential_5,450,150,rastrigin,6,5.972446,12.862024,15.587489,6.324591,41.016505
3,10.000000,7.295407,exponential_3,450,150,rastrigin,6,0.010195,0.578250,0.999609,8.486638,15.996320
3,0.500000,0.585390,exponential_5,450,150,rastrigin,6,8.109219,13.897150,15.266169,6.238427,15.426275
3,0.802409,1.287720,exponential_5,450,150,rastrigin,6,5.034214,8.580690,9.459666,5.616639,23.423555
3,0.585390,4.545940,exponential_5,450,150,rastrigin,6,0.994957,3.544896,3.979832,2.233747,41.843715
3,0.939444,0.939444,exponential_5,450,150,rastrigin,6,3.998713,11.123942,12.562893,5.956244,12.879480
3,10.000000,10.000000,exponential_3,450,150,rastrigin,6,1.271675,3.934094,4.945717,7.688482,16.916170
3,10.000000,5.322296,exponential_3,450,150,rastrigin,6,0.000000,1.742726,0.000314,11.087329,18.060590
3,7.295407,0.802409,exponential_3,450,150,rastrigin,6,0.000000,0.746218,0.994957,0.860221,42.947465
3,8.541316,0.585390,exponential_3,450,150,rastrigin,6,0.000000,0.932772,0.994957,1.524430,26.947025
3,8.541316,0.802409,exponential_3,450,150,rastrigin,6,0.000000,0.186554,0.000000,0.802161,28.524360
3,0.585390,8.541316,exponential_5,450,150,rastrigin,6,0.000000,1.243697,1.989914,1.253607,45.287405
3,0.500000,1.099883,exponential_5,450,150,rastrigin,6,4.680037,10.167686,12.265621,4.109173,14.990300
3,0.685363,0.685363,exponential_5,450,150,rastrigin,6,6.517748,12.641287,14.150366,5.293555,44.849975
3,0.500000,3.882831,exponential_5,450,150,rastrigin,6,0.000034,4.353320,4.974833,3.346134,15.719655
3,0.802409,2.419483,exponential_5,450,150,rastrigin,6,0.000423,4.544108,4.987883,3.049374,30.103450
3,0.939444,3.316448,exponential_5,450,150,rastrigin,6,0.994957,2.363033,2.984873,1.759562,14.725195
3,0.685363,2.419483,exponential_5,450,150,rastrigin,6,1.990318,4.921939,4.995155,3.643784,44.280445
3,0.685363,4.545940,exponential_5,450,150,rastrigin,6,0.994957,2.860718,2.984879,2.154089,44.346650
3,0.685363,3.316448,exponential_5,450,150,rastrigin,6,0.994965,3.855551,4.477308,3.577303,44.551700
3,0.585390,0.802409,exponential_5,450,150,rastrigin,6,6.752129,14.662802,17.277283,7.617990,15.213350
3,0.585390,0.585390,exponential_5,450,150,rastrigin,6,5.048998,15.600421,16.470921,5.553943,15.238410
3,0.685363,1.287720,exponential_5,450,150,rastrigin,6,1.273731,9.420796,10.505353,6.395592,46.912630
3,0.585390,1.099883,exponential_5,450,150,rastrigin,6,5.033520,10.214013,11.338717,5.653842,15.510085
3,7.295407,2.832683,exponential_3,450,150,rastrigin,6,0.000000,0.124370,0.000000,7.397999,46.800060
3,0.585390,2.832683,exponential_5,450,150,rastrigin,6,0.000011,4.988203,5.969759,6.111577,15.381930
3,0.585390,2.066557,exponential_5,450,150,rastrigin,6,1.989973,7.786516,8.958456,4.144640,15.244370
3,0.802409,4.545940,exponential_5,450,150,rastrigin,6,0.000000,1.927732,1.989920,1.524430,34.170180
3,0.802409,6.231237,exponential_5,450,150,rastrigin,6,0.000000,1.368067,1.989914,1.214501,33.707275
3,0.585390,7.295407,exponential_5,450,150,rastrigin,6,0.000000,1.368067,1.989914,1.381344,15.118670
3,0.585390,3.882831,exponential_5,450,150,rastrigin,6,0.994957,3.420442,4.479257,2.822449,16.138445
3,8.541316,1.099883,exponential_3,450,150,rastrigin,6,0.000000,0.248739,0.000000,0.586519,47.472710
3,8.541316,2.832683,exponential_3,450,150,rastrigin,6,0.000000,0.186554,0.000000,7.391304,47.041805
3,8.541316,2.066557,exponential_3,450,150,rastrigin,6,0.000000,0.373109,0.497478,8.747066,45.780205
3,7.295407,10.000000,exponential_3,450,150,rastrigin,6,0.001482,0.728174,1.006562,10.059639,48.373135
3,10.000000,0.585390,exponential_3,450,150,rastrigin,6,0.000000,0.932772,0.994957,0.808307,40.517130
3,0.939444,1.287720,exponential_5,450,150,rastrigin,6,1.301886,7.030734,7.227798,6.552605,35.315020
3,0.802409,8.541316,exponential_5,450,150,rastrigin,6,0.000000,1.492436,1.989915,1.352375,40.397665
3,10.000000,2.832683,exponential_3,450,150,rastrigin,6,0.000000,0.310924,0.000000,7.351182,40.962020
3,8.541316,1.507637,exponential_3,450,150,rastrigin,6,0.000000,0.310924,0.000000,7.338379,46.307785
3,8.541316,5.322296,exponential_3,450,150,rastrigin,6,0.000000,0.435294,0.000000,9.795445,42.605420
3,0.939444,0.685363,exponential_5,450,150,rastrigin,6,4.021280,12.207388,14.738289,5.984619,39.871655
3,8.541316,3.882831,exponential_3,450,150,rastrigin,6,0.000000,0.559663,0.994957,10.180366,46.629255
3,0.685363,1.099883,exponential_5,450,150,rastrigin,6,6.028027,10.110123,11.019720,4.891815,16.351185
3,0.939444,1.765111,exponential_5,450,150,rastrigin,6,1.989918,5.230093,6.468689,3.707260,38.871095
3,0.939444,2.419483,exponential_5,450,150,rastrigin,6,1.989916,5.286192,5.970410,3.967576,33.225280
3,0.685363,10.000000,exponential_5,450,150,rastrigin,6,0.000000,1.368067,1.989914,1.269303,19.238660
3,0.500000,2.832683,exponential_5,450,150,rastrigin,6,0.995083,4.420649,5.969835,4.161639,23.392960
3,8.541316,7.295407,exponential_3,450,150,rastrigin,6,0.000000,0.251971,0.009458,10.215055,42.514655
3,0.685363,2.066557,exponential_5,450,150,rastrigin,6,2.054232,4.931467,5.974674,3.324187,20.124875
3,0.685363,7.295407,exponential_5,450,150,rastrigin,6,0.000000,1.803362,1.989918,2.603576,21.044630
3,0.500000,7.295407,exponential_5,450,150,rastrigin,6,0.994957,1.554623,1.989916,1.237714,18.912815
3,8.541316,10.000000,exponential_3,450,150,rastrigin,6,0.007404,1.637121,2.142296,8.485435,42.773750
3,0.802409,2.066557,exponential_5,450,150,rastrigin,6,2.984907,6.670284,7.462998,6.113839,17.755980
3,0.802409,0.585390,exponential_5,450,150,rastrigin,6,6.977333,14.357346,17.856804,6.241229,22.337580
3,1.099883,0.500000,exponential_5,450,150,rastrigin,6,3.380650,12.570298,15.880823,7.379873,19.354750
3,10.000000,0.802409,exponential_3,450,150,rastrigin,6,0.000000,0.373109,0.497478,5.338295,41.435515
3,0.500000,10.000000,exponential_5,450,150,rastrigin,6,0.000000,1.678991,1.989915,1.043521,19.969910
3,10.000000,1.099883,exponential_3,450,150,rastrigin,6,0.000000,0.373109,0.497478,0.838366,40.220195
3,1.099883,0.939444,exponential_5,450,150,rastrigin,6,2.018475,5.562470,6.486977,4.057796,19.658765
3,0.500000,0.802409,exponential_5,450,150,rastrigin,6,6.559200,13.812521,15.531485,5.271508,34.282465
3,0.939444,4.545940,exponential_5,450,150,rastrigin,6,0.000000,1.678991,1.989916,1.173038,37.273690
3,1.099883,0.685363,exponential_5,450,150,rastrigin,6,6.309576,11.723890,11.679301,4.804564,21.130775
3,0.802409,1.099883,exponential_5,450,150,rastrigin,6,3.985462,9.455840,10.149194,4.898320,17.719980
3,0.802409,3.882831,exponential_5,450,150,rastrigin,6,0.000000,2.363045,2.984876,2.925825,19.071060
3,0.939444,0.585390,exponential_5,450,150,rastrigin,6,4.204632,11.760174,13.513793,6.661248,18.201225
3,0.802409,0.802409,exponential_5,450,150,rastrigin,6,4.303524,10.844287,12.555773,4.553451,22.696895
3,1.099883,1.287720,exponential_5,450,150,rastrigin,6,1.237717,6.325445,8.458934,5.018457,20.105770
3,0.500000,2.066557,exponential_5,450,150,rastrigin,6,2.988766,6.906830,7.798828,3.970615,33.773685
3,0.500000,5.322296,exponential_5,450,150,rastrigin,6,0.000000,2.922756,3.482693,1.679668,35.704225
3,0.939444,6.231237,exponential_5,450,150,rastrigin,6,0.000000,0.994957,0.994958,5.250652,31.234820
3,0.500000,1.507637,exponential_5,450,150,rastrigin,6,3.184786,10.173183,10.814132,5.558377,33.852045
3,0.939444,8.541316,exponential_5,450,150,rastrigin,6,0.000000,0.932772,0.994957,0.867384,32.634675
3,0.685363,0.585390,exponential_5,450,150,rastrigin,6,4.271214,11.864566,13.178226,5.726921,31.990400
3,1.099883,1.765111,exponential_5,450,150,rastrigin,6,2.984879,4.539734,4.974838,2.404801,18.606405
3,1.099883,2.419483,exponential_5,450,150,rastrigin,6,0.995079,3.482875,3.979839,2.185636,19.302170
3,0.585390,1.507637,exponential_5,450,150,rastrigin,6,3.000902,8.353215,8.766097,7.040282,21.856070
3,0.939444,1.099883,exponential_5,450,150,rastrigin,6,4.985125,10.459428,11.273255,4.152281,17.080855
3,1.099883,3.316448,exponential_5,450,150,rastrigin,6,0.994957,1.679022,1.989917,1.202189,15.849515
3,0.802409,1.507637,exponential_5,450,150,rastrigin,6,3.998953,8.131611,8.031527,4.929693,20.492910
3,0.585390,5.322296,exponential_5,450,150,rastrigin,6,0.994957,2.673952,2.984876,2.211402,20.162570
3,1.287720,0.685363,exponential_5,450,150,rastrigin,6,6.034515,10.083682,10.030708,5.603819,15.443985
3,1.099883,4.545940,exponential_5,450,150,rastrigin,6,0.000000,1.057143,0.994961,1.014662,16.953330
3,1.287720,0.939444,exponential_5,450,150,rastrigin,6,0.995834,7.268144,9.632878,5.631079,15.812365
3,1.099883,8.541316,exponential_5,450,150,rastrigin,6,0.000000,0.870588,0.994957,7.339056,17.394930
3,1.287720,1.287720,exponential_5,450,150,rastrigin,6,1.989918,5.118967,5.971622,3.886005,15.915255
3,0.802409,2.832683,exponential_5,450,150,rastrigin,6,0.994957,3.295846,3.979834,2.367083,16.914785
3,0.939444,3.882831,exponential_5,450,150,rastrigin,6,0.000000,2.176471,2.984873,1.622727,16.917260
3,0.585390,10.000000,exponential_5,450,150,rastrigin,6,0.000000,1.119327,1.989914,1.451241,19.806750
3,1.287720,2.419483,exponential_5,450,150,rastrigin,6,0.000004,2.052102,1.989920,2.373344,15.751235
3,1.287720,1.765111,exponential_5,450,150,rastrigin,6,0.994957,3.857230,3.979836,2.654736,18.754730
3,0.685363,2.832683,exponential_5,450,150,rastrigin,6,0.998665,4.166940,4.974827,3.102835,19.323760
3,1.287720,3.316448,exponential_5,450,150,rastrigin,6,0.000000,1.803361,1.989917,1.618910,15.823585
3,1.287720,6.231237,exponential_5,450,150,rastrigin,6,0.000000,1.119327,0.994958,5.202353,14.384950
3,1.287720,4.545940,exponential_5,450,150,rastrigin,6,0.000000,0.994958,0.994959,1.278047,14.843470
3,0.685363,5.322296,exponential_5,450,150,rastrigin,6,0.000000,2.052101,1.989918,1.796443,20.832975
3,1.287720,0.500000,exponential_5,450,150,rastrigin,6,2.882881,8.378323,10.050244,7.206749,23.706260
3,0.802409,5.322296,exponential_5,450,150,rastrigin,6,0.994957,1.616806,1.989914,1.018314,15.794055
3,0.685363,3.882831,exponential_5,450,150,rastrigin,6,0.994957,2.238665,2.984876,2.561409,24.221115
3,1.099883,6.231237,exponential_5,450,150,rastrigin,6,0.000000,0.870588,0.994957,0.988720,27.061130
3,0.685363,0.802409,exponential_5,450,150,rastrigin,6,2.545277,11.010685,12.707781,6.383582,26.573530
3,1.507637,0.500000,exponential_5,450,150,rastrigin,6,4.043182,9.581456,10.976355,4.884482,14.787885
3,1.287720,8.541316,exponential_5,450,150,rastrigin,6,0.000000,0.684033,0.994957,7.867620,16.895490
3,0.802409,7.295407,exponential_5,450,150,rastrigin,6,0.000000,1.243697,0.994958,5.216606,19.160760
3,1.507637,0.939444,exponential_5,450,150,rastrigin,6,1.280174,6.411264,6.967033,3.035095,16.957885
3,1.765111,0.500000,exponential_5,450,150,rastrigin,6,3.046299,10.709114,12.979269,4.130144,13.845195
3,0.685363,1.507637,exponential_5,450,150,rastrigin,6,1.039669,6.537080,7.964952,6.942796,31.328330
3,1.765111,1.765111,exponential_5,450,150,rastrigin,6,0.994957,2.425216,2.487415,1.524428,13.142165
3,1.765111,2.419483,exponential_5,450,150,rastrigin,6,0.000000,1.927731,1.989917,1.646948,13.391550
3,1.765111,0.685363,exponential_5,450,150,rastrigin,6,1.990341,5.489479,6.965436,4.286492,16.206785
3,0.939444,0.802409,exponential_5,450,150,rastrigin,6,3.118624,10.657533,14.535985,6.287755,20.318620
3,1.765111,3.316448,exponential_5,450,150,rastrigin,6,0.000000,0.932773,0.994958,0.999921,16.458190
3,1.765111,6.231237,exponential_5,450,150,rastrigin,6,0.000000,0.870588,0.994957,7.355059,15.172120
3,1.765111,8.541316,exponential_5,450,150,rastrigin,6,0.000000,0.870588,0.994958,8.277956,15.142395
3,0.939444,2.832683,exponential_5,450,150,rastrigin,6,0.994959,2.984887,3.979834,2.288402,21.482620
3,0.939444,1.507637,exponential_5,450,150,rastrigin,6,1.991493,6.748956,7.028287,4.643533,25.996340
3,0.939444,2.066557,exponential_5,450,150,rastrigin,6,1.989925,4.491232,3.979851,5.387032,25.687165
3,1.765111,1.287720,exponential_5,450,150,rastrigin,6,0.995457,3.233686,3.979845,2.469362,25.895085
3,1.099883,1.099883,exponential_5,450,150,rastrigin,6,1.994209,8.427916,9.497499,6.351415,16.688830
3,1.099883,0.802409,exponential_5,450,150,rastrigin,6,2.033247,9.699318,10.986835,5.548449,15.991010
3,2.066557,2.419483,exponential_5,450,150,rastrigin,6,0.994957,1.430251,1.989914,0.974856,15.891070
3,1.507637,0.685363,exponential_5,450,150,rastrigin,6,3.012814,10.241707,11.521526,4.699854,35.641675
3,1.099883,1.507637,exponential_5,450,150,rastrigin,6,1.994991,4.553254,5.472460,3.136241,15.597645
3,1.507637,2.419483,exponential_5,450,150,rastrigin,6,0.000000,1.741177,1.989918,1.489126,34.076290
3,2.066557,3.316448,exponential_5,450,150,rastrigin,6,0.000000,0.808403,0.994957,1.071602,16.926185
3,2.066557,6.231237,exponential_5,450,150,rastrigin,6,0.000000,1.119327,1.989914,5.212573,16.536690
3,2.066557,4.545940,exponential_5,450,150,rastrigin,6,0.000000,0.870588,0.994957,8.114463,16.804225
3,1.507637,1.287720,exponential_5,450,150,rastrigin,6,0.019703,4.416736,5.969750,3.024244,36.532290
3,1.507637,6.231237,exponential_5,450,150,rastrigin,6,0.000000,0.808403,0.994957,5.468601,35.223555
3,0.802409,10.000000,exponential_5,450,150,rastrigin,6,0.000000,0.870588,0.994957,1.188756,37.050075
3,1.765111,4.545940,exponential_5,450,150,rastrigin,6,0.000000,0.994958,0.994960,1.154965,29.806670
3,1.507637,4.545940,exponential_5,450,150,rastrigin,6,0.000000,0.870588,0.994957,0.905084,36.528995
3,1.507637,1.765111,exponential_5,450,150,rastrigin,6,0.994957,3.047402,3.482353,2.881351,37.952200
3,1.507637,8.541316,exponential_5,450,150,rastrigin,6,0.000000,0.559663,0.994957,1.134426,36.250360
3,1.507637,3.316448,exponential_5,450,150,rastrigin,6,0.994957,1.616806,1.989915,1.512205,37.617770
3,1.765111,0.939444,exponential_5,450,150,rastrigin,6,1.989923,4.789662,5.971706,2.593110,36.230110
3,1.099883,2.066557,exponential_5,450,150,rastrigin,6,0.997852,3.793478,3.482357,3.080996,16.863340
3,1.099883,2.832683,exponential_5,450,150,rastrigin,6,0.994957,3.047059,2.984877,1.673039,16.650120
3,2.419483,1.765111,exponential_5,450,150,rastrigin,6,0.000000,1.678992,1.989918,1.517923,14.924760
3,1.099883,3.882831,exponential_5,450,150,rastrigin,6,0.994957,1.616813,1.989916,1.428032,15.593215
3,1.099883,0.585390,exponential_5,450,150,rastrigin,6,7.366617,12.042553,12.654863,5.535138,33.289940
3,2.066557,0.500000,exponential_5,450,150,rastrigin,6,3.980904,9.801691,9.963185,5.828057,32.988905
3,2.066557,0.939444,exponential_5,450,150,rastrigin,6,1.989918,3.607087,3.482444,4.062204,31.919655
3,2.066557,1.765111,exponential_5,450,150,rastrigin,6,0.000000,1.616807,1.989916,1.392941,30.403555
3,2.066557,0.685363,exponential_5,450,150,rastrigin,6,2.984886,6.989606,7.475135,4.259799,33.738010
3,1.287720,0.802409,exponential_5,450,150,rastrigin,6,1.543510,7.207355,7.995792,4.692066,14.393615
3,1.099883,5.322296,exponential_5,450,150,rastrigin,6,0.000000,1.119328,0.994959,1.151746,14.757610
3,1.287720,1.099883,exponential_5,450,150,rastrigin,6,1.992710,5.875441,6.965710,4.977336,14.917295
3,0.939444,5.322296,exponential_5,450,150,rastrigin,6,0.000000,1.616806,1.989916,5.332731,32.809815
3,1.287720,1.507637,exponential_5,450,150,rastrigin,6,0.994961,3.425475,3.980011,2.873688,14.933085
3,2.419483,6.231237,exponential_5,450,150,rastrigin,6,0.000000,0.621848,0.994957,8.772492,14.784675
3,2.066557,1.287720,exponential_5,450,150,rastrigin,6,0.000000,3.171797,2.985147,2.573514,35.302430
3,1.287720,2.066557,exponential_5,450,150,rastrigin,6,0.000000,2.736136,2.984881,2.050565,14.670935
3,1.287720,2.832683,exponential_5,450,150,rastrigin,6,0.994957,2.238656,2.487394,1.570017,16.700465
3,2.419483,1.287720,exponential_5,450,150,rastrigin,6,0.000000,2.549582,2.984873,2.989427,29.512875
3,2.066557,8.541316,exponential_5,450,150,rastrigin,6,0.000000,0.994957,0.994957,8.525725,35.554935
3,0.939444,10.000000,exponential_5,450,150,rastrigin,6,0.000000,0.559663,0.994957,5.311573,32.132440
3,2.419483,3.316448,exponential_5,450,150,rastrigin,6,0.000000,1.119328,0.994959,0.860222,23.744985
3,2.419483,0.939444,exponential_5,450,150,rastrigin,6,0.994957,4.291424,5.969751,3.153650,32.735725
3,1.287720,7.295407,exponential_5,450,150,rastrigin,6,0.000000,1.119327,0.994959,0.788155,14.670790
3,2.419483,0.685363,exponential_5,450,150,rastrigin,6,1.990011,6.167941,6.494002,4.141528,34.711040
3,0.939444,7.295407,exponential_5,450,150,rastrigin,6,0.000000,0.994957,0.994957,0.895463,36.100390
3,1.287720,5.322296,exponential_5,450,150,rastrigin,6,0.000000,1.119327,0.994957,8.726534,16.412210
3,2.419483,0.500000,exponential_5,450,150,rastrigin,6,2.001833,7.004215,7.464636,5.356089,37.839650
3,2.419483,8.541316,exponential_5,450,150,rastrigin,6,0.000000,0.808403,0.994959,8.596396,24.526580
3,1.507637,0.585390,exponential_5,450,150,rastrigin,6,3.139742,6.422095,7.003051,4.149168,16.251180
3,1.287720,10.000000,exponential_5,450,150,rastrigin,6,0.000000,0.808403,0.994957,7.508276,16.324710
3,1.765111,0.585390,exponential_5,450,150,rastrigin,6,2.992865,8.370702,9.547693,7.831179,14.405760
3,2.419483,2.419483,exponential_5,450,150,rastrigin,6,0.000000,1.119327,0.994961,1.019528,33.952575
3,1.099883,10.000000,exponential_5,450,150,rastrigin,6,0.000000,0.808403,0.994957,5.498396,30.599640
3,1.765111,2.832683,exponential_5,450,150,rastrigin,6,0.000000,1.368067,1.989914,0.788155,15.967205
3,2.832683,0.500000,exponential_5,450,150,rastrigin,6,1.990126,6.294082,7.511365,4.928691,26.720540
3,1.765111,2.066557,exponential_5,450,150,rastrigin,6,0.000000,1.368068,1.492439,1.961732,16.441975
3,1.765111,0.802409,exponential_5,450,150,rastrigin,6,1.990517,8.092829,10.447310,4.989722,15.904060
3,2.419483,4.545940,exponential_5,450,150,rastrigin,6,0.000000,0.994957,0.994957,9.149353,32.230775
3,1.287720,3.882831,exponential_5,450,150,rastrigin,6,0.000000,0.932773,0.994957,1.524430,26.696815
3,1.099883,7.295407,exponential_5,450,150,rastrigin,6,0.000000,0.497479,0.994957,0.744559,22.536960
3,1.765111,3.882831,exponential_5,450,150,rastrigin,6,0.000000,0.808403,0.994957,1.301076,16.533755
3,2.832683,0.685363,exponential_5,450,150,rastrigin,6,0.996607,3.298958,3.996957,2.296112,26.606300
3,2.832683,1.287720,exponential_5,450,150,rastrigin,6,0.000000,2.300846,2.487396,1.951609,24.377310
3,1.765111,7.295407,exponential_5,450,150,rastrigin,6,0.000000,1.305882,1.492437,9.286467,16.686735
3,1.765111,10.000000,exponential_5,450,150,rastrigin,6,0.000000,0.684033,0.994957,8.699857,16.874325
3,1.507637,1.099883,exponential_5,450,150,rastrigin,6,1.090286,5.613935,6.970922,3.713600,23.639185
3,2.832683,0.939444,exponential_5,450,150,rastrigin,6,0.994957,2.984970,3.482445,3.282912,26.182655
3,2.832683,1.765111,exponential_5,450,150,rastrigin,6,0.000000,1.305883,1.492447,1.116836,27.390360
3,1.287720,0.585390,exponential_5,450,150,rastrigin,6,4.084709,10.041898,11.009601,5.495670,29.086345
3,2.832683,2.419483,exponential_5,450,150,rastrigin,6,0.000000,1.368067,1.989916,1.202212,26.562240
3,2.832683,3.316448,exponential_5,450,150,rastrigin,6,0.000000,0.746218,0.994957,0.938644,25.789680
3,3.316448,0.939444,exponential_5,450,150,rastrigin,6,1.989916,2.860504,2.984874,2.506717,15.456365
3,2.832683,4.545940,exponential_5,450,150,rastrigin,6,0.000000,0.808403,0.994957,7.212388,25.515845
3,2.066557,2.832683,exponential_5,450,150,rastrigin,6,0.000000,1.243697,1.989914,1.107938,16.479075
3,2.832683,6.231237,exponential_5,450,150,rastrigin,6,0.000000,3.855437,0.994958,11.685651,21.713805
3,3.316448,1.287720,exponential_5,450,150,rastrigin,6,0.000000,1.368067,1.989916,5.899662,15.464290
3,3.316448,0.500000,exponential_5,450,150,rastrigin,6,0.994957,5.040726,5.970138,4.261887,19.864160
3,3.316448,0.685363,exponential_5,450,150,rastrigin,6,0.994965,2.928348,3.491512,2.025855,18.296940
3,2.832683,8.541316,exponential_5,450,150,rastrigin,6,0.000000,0.746218,0.994957,9.123439,23.945685
3,2.066557,5.322296,exponential_5,450,150,rastrigin,6,0.000000,0.746218,0.994957,5.697117,15.149840
3,2.066557,7.295407,exponential_5,450,150,rastrigin,6,0.000000,0.746218,0.994957,5.681675,16.519190
3,2.066557,3.882831,exponential_5,450,150,rastrigin,6,0.000000,0.621848,0.994957,6.073980,17.038620
3,1.765111,1.507637,exponential_5,450,150,rastrigin,6,0.000000,3.047061,3.482356,2.222569,23.312865
3,1.765111,5.322296,exponential_5,450,150,rastrigin,6,0.000000,0.746218,0.994957,0.860222,17.206945
3,3.316448,2.419483,exponential_5,450,150,rastrigin,6,0.000000,1.119328,0.994958,1.315265,16.450850
3,2.419483,2.066557,exponential_5,450,150,rastrigin,6,0.000000,1.554621,1.989914,1.403560,17.463545
3,3.316448,3.316448,exponential_5,450,150,rastrigin,6,0.000000,1.305881,0.994958,6.030172,18.109365
3,1.507637,3.882831,exponential_5,450,150,rastrigin,6,0.000000,0.621851,0.994957,0.943900,19.561900
3,3.316448,4.545940,exponential_5,450,150,rastrigin,6,0.000000,0.746218,0.994957,5.305989,18.936190
3,1.507637,0.802409,exponential_5,450,150,rastrigin,6,1.636148,6.952618,7.964951,5.649262,29.076325
3,3.316448,8.541316,exponential_5,450,150,rastrigin,6,0.000000,1.119328,1.492437,10.182103,15.786500
3,3.882831,0.500000,exponential_5,450,150,rastrigin,6,0.994959,4.295592,5.969749,2.819311,17.327865
3,3.882831,0.685363,exponential_5,450,150,rastrigin,6,0.994959,3.295806,3.482368,2.061128,16.408170
3,2.066557,0.585390,exponential_5,450,150,rastrigin,6,1.000877,8.186569,8.505666,6.074276,20.281640
3,2.419483,7.295407,exponential_5,450,150,rastrigin,6,0.000000,0.621848,0.994957,8.054647,15.527425
3,3.882831,1.287720,exponential_5,450,150,rastrigin,6,0.000000,1.616807,1.989916,0.915957,16.248020
3,1.507637,2.832683,exponential_5,450,150,rastrigin,6,0.994957,1.989916,1.989916,1.920939,35.678470
3,2.066557,1.099883,exponential_5,450,150,rastrigin,6,0.994957,3.358015,3.482380,3.096575,22.867225
3,3.882831,1.765111,exponential_5,450,150,rastrigin,6,0.000000,0.870588,0.994957,5.259283,15.772120
3,3.882831,2.419483,exponential_5,450,150,rastrigin,6,0.000000,1.057142,0.994958,0.964647,14.373330
3,1.507637,1.507637,exponential_5,450,150,rastrigin,6,0.994959,4.353375,5.969752,2.744907,34.752855
3,3.882831,4.545940,exponential_5,450,150,rastrigin,6,0.000000,1.119327,0.994957,9.087898,13.268635
3,3.882831,0.939444,exponential_5,450,150,rastrigin,6,0.000000,2.425210,2.984875,2.507212,22.512135
3,3.316448,1.765111,exponential_5,450,150,rastrigin,6,0.000000,1.243697,1.492436,1.292488,34.822030
3,1.507637,7.295407,exponential_5,450,150,rastrigin,6,0.000000,1.181512,0.994958,7.901996,37.363215
3,1.507637,5.322296,exponential_5,450,150,rastrigin,6,0.000000,0.994958,0.994957,1.008546,37.213865
3,3.882831,8.541316,exponential_5,450,150,rastrigin,6,0.000000,1.119327,0.994957,8.975085,15.540180
3,1.765111,1.099883,exponential_5,450,150,rastrigin,6,1.989918,4.664173,5.472283,4.392709,37.843200
3,4.545940,0.500000,exponential_5,450,150,rastrigin,6,1.989918,3.731930,3.979942,2.145660,13.810315
3,1.507637,10.000000,exponential_5,450,150,rastrigin,6,0.000000,0.684033,0.994957,5.295532,39.103715
3,4.545940,0.685363,exponential_5,450,150,rastrigin,6,0.000000,1.865546,1.989917,3.292001,13.549410
3,4.545940,0.939444,exponential_5,450,150,rastrigin,6,0.000000,1.119327,0.994960,1.702366,14.084260
3,1.507637,2.066557,exponential_5,450,150,rastrigin,6,0.000000,2.052102,2.487395,2.333380,40.999730
3,4.545940,1.765111,exponential_5,450,150,rastrigin,6,0.000000,0.684033,0.994957,6.208665,13.010550
3,3.316448,6.231237,exponential_5,450,150,rastrigin,6,0.000000,0.746218,0.994957,8.023819,38.362710
3,2.066557,1.507637,exponential_5,450,150,rastrigin,6,0.000000,3.295806,3.979832,2.838684,28.876430
3,4.545940,2.419483,exponential_5,450,150,rastrigin,6,0.000000,1.430251,1.989914,8.371178,13.683510
3,4.545940,3.316448,exponential_5,450,150,rastrigin,6,0.000000,0.559663,0.994957,5.536569,14.070105
3,2.066557,0.802409,exponential_5,450,150,rastrigin,6,2.986580,5.745148,6.965655,2.749721,40.334210
3,4.545940,8.541316,exponential_5,450,150,rastrigin,6,0.000000,0.746218,0.994957,7.228835,16.098495
3,2.066557,2.066557,exponential_5,450,150,rastrigin,6,0.000000,1.430252,1.989914,1.254595,41.829225
3,5.322296,0.500000,exponential_5,450,150,rastrigin,6,0.994957,3.793311,4.477312,2.190595,16.258075
3,5.322296,0.685363,exponential_5,450,150,rastrigin,6,0.000000,1.678992,1.989917,1.731198,15.531910
3,2.419483,0.802409,exponential_5,450,150,rastrigin,6,0.994968,4.792812,5.969812,4.188336,31.965180
3,3.316448,1.099883,exponential_5,450,150,rastrigin,6,0.000000,1.430252,1.989915,1.570017,15.668730
3,2.419483,1.507637,exponential_5,450,150,rastrigin,6,0.000000,1.865546,1.989920,1.790924,36.775425
3,5.322296,1.765111,exponential_5,450,150,rastrigin,6,0.000000,0.870587,0.994957,7.822131,15.707735
3,2.419483,1.099883,exponential_5,450,150,rastrigin,6,0.001556,3.731193,5.472277,2.620969,36.284205
3,3.882831,6.231237,exponential_5,450,150,rastrigin,6,0.000000,1.305882,1.989914,7.687912,35.320595
3,3.882831,3.316448,exponential_5,450,150,rastrigin,6,0.000000,0.435294,0.497478,5.548574,36.837430
3,3.316448,1.507637,exponential_5,450,150,rastrigin,6,0.000000,1.368067,1.492435,1.491607,15.618750
3,2.419483,3.882831,exponential_5,450,150,rastrigin,6,0.000000,0.684033,0.994957,5.269243,37.194230
3,3.316448,0.802409,exponential_5,450,150,rastrigin,6,0.000000,2.363046,2.984876,2.641789,15.835915
3,2.066557,10.000000,exponential_5,450,150,rastrigin,6,0.000000,0.994957,0.994957,5.231531,40.419640
3,2.419483,0.585390,exponential_5,450,150,rastrigin,6,1.989933,5.662388,5.970582,3.674884,36.592985
3,5.322296,3.316448,exponential_5,450,150,rastrigin,6,0.000000,0.559664,0.994957,0.884338,15.716705
3,5.322296,2.419483,exponential_5,450,150,rastrigin,6,0.000000,0.870588,0.994957,0.848636,16.887170
3,5.322296,4.545940,exponential_5,450,150,rastrigin,6,0.000000,0.684033,0.994957,8.023333,16.966855
3,2.419483,10.000000,exponential_5,450,150,rastrigin,6,0.000000,1.492436,1.989914,7.646546,38.358520
3,3.316448,2.832683,exponential_5,450,150,rastrigin,6,0.000000,0.559663,0.994957,5.301312,14.512885
3,4.545940,1.287720,exponential_5,450,150,rastrigin,6,0.000000,1.243697,1.989914,1.181447,36.222365
3,2.832683,0.585390,exponential_5,450,150,rastrigin,6,3.980019,6.219487,6.469433,2.618890,35.833065
3,2.419483,2.832683,exponential_5,450,150,rastrigin,6,0.000000,0.994957,0.994957,7.951814,37.174165
3,2.832683,0.802409,exponential_5,450,150,rastrigin,6,1.989916,3.731833,3.979834,2.233392,33.412140
3,6.231237,0.500000,exponential_5,450,150,rastrigin,6,0.994957,2.114288,1.989918,3.702446,15.747540
3,3.316448,3.882831,exponential_5,450,150,rastrigin,6,0.000000,0.746218,0.994957,6.142816,15.452505
3,4.545940,4.545940,exponential_5,450,150,rastrigin,6,0.000000,0.435295,0.994957,7.458135,34.984935
3,4.545940,6.231237,exponential_5,450,150,rastrigin,6,0.000000,0.932773,0.994957,7.938950,36.433435
3,2.832683,1.507637,exponential_5,450,150,rastrigin,6,0.000000,1.430252,1.492437,1.556561,35.242180
3,3.316448,5.322296,exponential_5,450,150,rastrigin,6,0.000000,0.932773,0.994959,7.185017,15.090065
3,5.322296,0.939444,exponential_5,450,150,rastrigin,6,0.000000,1.430252,1.989915,1.631852,32.896445
3,2.832683,3.882831,exponential_5,450,150,rastrigin,6,0.000000,0.932773,0.994959,1.588041,32.413225
3,2.832683,2.066557,exponential_5,450,150,rastrigin,6,0.000000,0.870588,0.994957,0.848636,32.684385
3,3.882831,0.585390,exponential_5,450,150,rastrigin,6,1.989918,3.731701,3.979834,2.686365,14.045915
3,2.419483,5.322296,exponential_5,450,150,rastrigin,6,0.000000,0.808403,0.994957,0.958212,41.448480
3,6.231237,1.765111,exponential_5,450,150,rastrigin,6,0.000000,0.497479,0.497478,8.811214,12.723090
3,3.316448,10.000000,exponential_5,450,150,rastrigin,6,0.000000,0.870588,0.994957,8.944689,16.578255
3,3.882831,0.802409,exponential_5,450,150,rastrigin,6,0.994957,2.798320,2.984876,2.069775,16.529350
3,5.322296,1.287720,exponential_5,450,150,rastrigin,6,0.000000,1.119327,0.994957,0.855895,37.643115
3,3.882831,1.507637,exponential_5,450,150,rastrigin,6,0.000000,0.932773,0.994960,0.988720,16.130585
3,2.832683,2.832683,exponential_5,450,150,rastrigin,6,0.000000,0.621850,0.994957,0.889917,38.420685
3,3.882831,2.066557,exponential_5,450,150,rastrigin,6,0.000000,0.808403,0.994957,7.990501,14.011570
3,2.832683,7.295407,exponential_5,450,150,rastrigin,6,0.000000,0.808403,0.994958,8.710644,38.377760
3,2.832683,1.099883,exponential_5,450,150,rastrigin,6,0.994959,2.798327,2.984875,2.678541,40.711250
3,3.882831,2.832683,exponential_5,450,150,rastrigin,6,0.000000,0.746218,0.994957,7.521578,14.412320
3,3.316448,0.585390,exponential_5,450,150,rastrigin,6,0.994957,4.415250,4.974833,4.832956,38.598650
3,2.832683,5.322296,exponential_5,450,150,rastrigin,6,0.000000,0.808403,0.994957,5.256305,40.831680
3,6.231237,0.685363,exponential_5,450,150,rastrigin,6,0.000000,1.865546,1.989916,1.588041,27.639845
3,2.832683,10.000000,exponential_5,450,150,rastrigin,6,0.000000,0.808404,0.994957,0.665581,37.522230
3,5.322296,8.541316,exponential_5,450,150,rastrigin,6,0.000000,0.621848,0.994957,0.915955,34.102360
3,5.322296,6.231237,exponential_5,450,150,rastrigin,6,0.000000,0.870587,0.994957,6.103907,36.439755
3,3.882831,5.322296,exponential_5,450,150,rastrigin,6,0.000000,0.870588,0.994957,7.184868,15.002235
3,3.882831,10.000000,exponential_5,450,150,rastrigin,6,0.000000,0.684033,0.994957,7.392811,14.225330
3,6.231237,1.287720,exponential_5,450,150,rastrigin,6,0.000000,0.684033,0.994957,6.150882,27.093990
3,4.545940,0.585390,exponential_5,450,150,rastrigin,6,0.000000,3.109271,3.482359,3.327878,14.965360
3,4.545940,1.099883,exponential_5,450,150,rastrigin,6,0.000000,1.057143,0.994957,1.517922,13.510150
3,6.231237,0.939444,exponential_5,450,150,rastrigin,6,0.000000,1.181512,1.492436,0.860221,31.877725
3,4.545940,0.802409,exponential_5,450,150,rastrigin,6,0.000000,2.673949,3.979832,2.486894,14.339970
3,6.231237,3.316448,exponential_5,450,150,rastrigin,6,0.000000,0.870588,0.994957,5.490055,26.590670
3,4.545940,2.066557,exponential_5,450,150,rastrigin,6,0.000000,0.870588,0.994957,5.239091,13.770590
3,3.882831,1.099883,exponential_5,450,150,rastrigin,6,0.000000,1.057143,0.994959,1.198089,24.835945
3,6.231237,2.419483,exponential_5,450,150,rastrigin,6,0.000000,2.736120,1.492435,11.396370,33.063975
3,4.545940,10.000000,exponential_5,450,150,rastrigin,6,0.000000,0.684033,0.994957,5.289160,15.773345
3,4.545940,2.832683,exponential_5,450,150,rastrigin,6,0.000000,0.932773,0.994957,7.340244,17.752905
3,5.322296,0.802409,exponential_5,450,150,rastrigin,6,0.000000,1.492436,1.989914,1.297267,15.005950
3,7.295407,4.545940,exponential_5,450,150,rastrigin,6,0.000000,1.243697,0.994958,10.641002,14.461300
3,4.545940,3.882831,exponential_5,450,150,rastrigin,6,0.000000,0.684033,0.994957,7.242481,20.979210
3,6.231237,4.545940,exponential_5,450,150,rastrigin,6,0.000000,0.684033,0.994957,5.273236,34.713095
3,5.322296,2.066557,exponential_5,450,150,rastrigin,6,0.000000,0.746218,0.994957,7.855238,15.297880
3,3.316448,2.066557,exponential_5,450,150,rastrigin,6,0.000000,1.119327,1.492437,5.212572,32.932730
3,8.541316,0.939444,exponential_5,450,150,rastrigin,6,0.000000,0.932773,0.994957,0.937323,14.673450
3,7.295407,1.287720,exponential_5,450,150,rastrigin,6,0.000000,0.684033,0.994957,5.418414,25.001060
3,8.541316,0.500000,exponential_5,450,150,rastrigin,6,0.000000,1.243698,1.492437,1.428034,16.728705
3,5.322296,2.832683,exponential_5,450,150,rastrigin,6,0.000000,0.684033,0.994957,0.889917,14.311145
3,5.322296,3.882831,exponential_5,450,150,rastrigin,6,0.000000,0.373109,0.497478,6.216688,15.171965
3,5.322296,5.322296,exponential_5,450,150,rastrigin,6,0.000000,1.181512,0.994959,10.276443,14.246435
3,6.231237,6.231237,exponential_5,450,150,rastrigin,6,0.000000,0.808403,0.994957,8.564334,35.813025
3,6.231237,8.541316,exponential_5,450,150,rastrigin,6,0.000000,0.559664,0.994957,0.826475,36.832645
3,8.541316,3.316448,exponential_5,450,150,rastrigin,6,0.000000,2.238641,0.994957,10.811459,14.480945
3,7.295407,0.500000,exponential_5,450,150,rastrigin,6,0.994957,1.865547,1.989918,2.065585,38.323155
3,6.231237,0.585390,exponential_5,450,150,rastrigin,6,0.994957,1.803362,1.989917,1.229689,12.267810
3,10.000000,0.500000,exponential_5,450,150,rastrigin,6,0.000000,1.305882,1.989914,1.056484,12.392335
3,5.322296,0.585390,exponential_5,450,150,rastrigin,6,0.994957,2.300841,1.989918,2.274841,29.019150
3,7.295407,3.316448,exponential_5,450,150,rastrigin,6,0.000000,0.808403,0.994957,9.351512,28.356310
3,7.295407,0.685363,exponential_5,450,150,rastrigin,6,0.000000,1.243697,0.994958,0.737881,42.993210
3,10.000000,0.939444,exponential_5,450,150,rastrigin,6,0.000000,0.994958,0.994959,0.824975,14.155340
3,10.000000,6.231237,exponential_5,450,150,rastrigin,6,0.000000,0.746218,0.994957,1.056484,13.829705
3,10.000000,4.545940,exponential_5,450,150,rastrigin,6,0.000000,1.368067,0.994957,9.825815,15.132905
3,6.231237,2.066557,exponential_5,450,150,rastrigin,6,0.000000,0.994957,0.994957,5.879016,15.333020
3,10.000000,2.419483,exponential_5,450,150,rastrigin,6,0.000000,0.684033,0.994957,1.018314,15.482660
3,7.295407,0.939444,exponential_5,450,150,rastrigin,6,0.000000,0.870587,0.994957,6.120169,45.821645
3,8.541316,1.287720,exponential_5,450,150,rastrigin,6,0.000000,0.621848,0.994957,0.860222,32.773540
3,3.882831,3.882831,exponential_5,450,150,rastrigin,6,0.000000,0.932772,0.994957,5.240274,33.621320
3,7.295407,8.541316,exponential_5,450,150,rastrigin,6,0.000000,4.104175,1.989916,11.417821,34.157085
3,3.316448,7.295407,exponential_5,450,150,rastrigin,6,0.000000,0.559664,0.994957,10.175480,45.101865
3,3.882831,7.295407,exponential_5,450,150,rastrigin,6,0.000000,1.368066,1.989914,8.038510,34.628140
3,10.000000,8.541316,exponential_5,450,150,rastrigin,6,0.000000,0.994958,0.994959,5.212585,16.534490
3,8.541316,1.765111,exponential_5,450,150,rastrigin,6,0.000000,0.684033,0.994957,5.307846,34.775745
3,8.541316,1.099883,exponential_5,450,150,rastrigin,6,0.000000,1.181513,1.492437,5.418623,14.521290
3,7.295407,5.322296,exponential_5,450,150,rastrigin,6,0.000000,2.487382,1.989914,11.272301,15.077625
3,8.541316,0.585390,exponential_5,450,150,rastrigin,6,0.000000,1.554622,1.989917,1.550187,15.095175
3,7.295407,2.419483,exponential_5,450,150,rastrigin,6,0.000000,0.994957,0.994958,6.102234,47.254870
3,7.295407,1.765111,exponential_5,450,150,rastrigin,6,0.000000,0.808403,0.994957,9.356784,49.014515
3,4.545940,1.507637,exponential_5,450,150,rastrigin,6,0.000000,0.746218,0.994957,0.989970,32.794330
3,8.541316,3.882831,exponential_5,450,150,rastrigin,6,0.000000,0.684033,0.994957,8.036321,14.872495
3,8.541316,6.231237,exponential_5,450,150,rastrigin,6,0.000000,0.932773,0.994957,7.806921,32.637485
3,10.000000,0.585390,exponential_5,450,150,rastrigin,6,0.000000,0.994958,0.994958,0.895462,13.549740
3,10.000000,1.099883,exponential_5,450,150,rastrigin,6,0.000000,0.870587,0.994957,7.185018,13.935505
3,10.000000,5.322296,exponential_5,450,150,rastrigin,6,0.000000,2.300826,0.994957,10.703364,13.922580
3,10.000000,3.316448,exponential_5,450,150,rastrigin,6,0.000000,0.932773,0.994958,7.184958,29.780965
3,10.000000,7.295407,exponential_5,450,150,rastrigin,6,0.000000,0.684033,0.994957,0.736201,14.705500
3,6.231237,3.882831,exponential_5,450,150,rastrigin,6,0.000000,0.870587,0.994957,7.341763,23.970550
3,10.000000,2.832683,exponential_5,450,150,rastrigin,6,0.000000,0.746218,0.994957,7.852617,14.811330
3,5.322296,1.507637,exponential_5,450,150,rastrigin,6,0.000000,0.621849,0.994957,0.860221,29.395740
3,6.231237,1.507637,exponential_5,450,150,rastrigin,6,0.000000,1.181512,1.989914,9.838423,25.858875
3,5.322296,10.000000,exponential_5,450,150,rastrigin,6,0.000000,0.870588,0.994957,5.268533,27.737445
3,8.541316,0.685363,exponential_5,450,150,rastrigin,6,0.000000,1.616807,1.989915,5.509321,49.320660
3,7.295407,1.507637,exponential_5,450,150,rastrigin,6,0.000000,1.305881,1.989914,9.766727,25.434980
3,5.322296,7.295407,exponential_5,450,150,rastrigin,6,0.000000,0.808403,0.994957,0.665581,27.909065
3,4.545940,7.295407,exponential_5,450,150,rastrigin,6,0.000000,0.932773,0.994958,5.237439,36.626420
3,7.295407,6.231237,exponential_5,450,150,rastrigin,6,0.000000,0.994957,0.994957,6.092660,53.285380
3,6.231237,10.000000,exponential_5,450,150,rastrigin,6,0.000000,0.497478,0.994957,5.543884,24.300710
3,8.541316,2.419483,exponential_5,450,150,rastrigin,6,0.000000,1.057142,0.994959,9.590388,46.819015
3,10.000000,0.685363,exponential_5,450,150,rastrigin,6,0.000000,1.305882,0.994959,6.270540,38.915620
3,7.295407,3.882831,exponential_5,450,150,rastrigin,6,0.000000,0.684033,0.994957,9.152168,22.479980
3,8.541316,4.545940,exponential_5,450,150,rastrigin,6,0.000000,0.684033,0.994957,9.379398,47.134900
3,6.231237,2.832683,exponential_5,450,150,rastrigin,6,0.000000,0.497479,0.994957,5.749251,33.895305
3,6.231237,0.802409,exponential_5,450,150,rastrigin,6,0.000000,1.430253,1.989914,1.102338,36.868135
3,6.231237,1.099883,exponential_5,450,150,rastrigin,6,0.000000,0.559664,0.994957,0.722630,33.969685
3,6.231237,5.322296,exponential_5,450,150,rastrigin,6,0.000000,0.684033,0.994957,7.406189,33.821095
3,7.295407,0.585390,exponential_5,450,150,rastrigin,6,0.994957,2.052101,1.989918,1.277078,27.717860
3,8.541316,8.541316,exponential_5,450,150,rastrigin,6,0.000000,1.243697,0.994957,10.822332,46.762670
3,10.000000,1.765111,exponential_5,450,150,rastrigin,6,0.000000,0.932773,0.994957,9.257404,41.211320
3,4.545940,5.322296,exponential_5,450,150,rastrigin,6,0.000000,0.746218,0.994957,5.270413,45.633750
3,6.231237,7.295407,exponential_5,450,150,rastrigin,6,0.000000,0.684033,0.994957,9.259016,32.868115
3,5.322296,1.099883,exponential_5,450,150,rastrigin,6,0.000000,1.181512,1.492435,1.018314,43.048680
3,10.000000,10.000000,exponential_5,450,150,rastrigin,6,0.000000,0.808403,0.994957,7.361282,12.383885
3,10.000000,1.287720,exponential_5,450,150,rastrigin,6,0.000000,0.808403,0.994957,0.800616,44.191025
3,8.541316,1.507637,exponential_5,450,150,rastrigin,6,0.000000,0.621848,0.994957,5.319721,14.728175
3,7.295407,1.099883,exponential_5,450,150,rastrigin,6,0.000000,1.181512,1.492436,5.192832,15.423065
3,8.541316,2.066557,exponential_5,450,150,rastrigin,6,0.000000,0.932773,0.994958,5.240274,15.031845
3,10.000000,3.882831,exponential_5,450,150,rastrigin,6,0.000000,0.684034,0.994957,7.246070,14.923380
3,8.541316,7.295407,exponential_5,450,150,rastrigin,6,0.000000,0.746218,0.994957,7.862017,15.362910
3,7.295407,10.000000,exponential_5,450,150,rastrigin,6,0.000000,0.932773,0.994958,5.239095,16.770470
3,7.295407,0.802409,exponential_5,450,150,rastrigin,6,0.000000,0.994957,0.994957,5.222295,31.248430
3,7.295407,2.832683,exponential_5,450,150,rastrigin,6,0.000000,1.243697,0.994959,5.417454,19.279295
3,7.295407,2.066557,exponential_5,450,150,rastrigin,6,0.000000,0.932773,0.994957,0.988720,19.898240
3,8.541316,0.802409,exponential_5,450,150,rastrigin,6,0.000000,0.994957,0.994957,5.231532,14.177620
3,8.541316,2.832683,exponential_5,450,150,rastrigin,6,0.000000,0.870587,0.994957,0.974855,13.340265
3,10.000000,0.802409,exponential_5,450,150,rastrigin,6,0.000000,0.808403,0.994957,0.665581,13.370725
3,8.541316,5.322296,exponential_5,450,150,rastrigin,6,0.000000,0.684033,0.994957,5.321844,12.234165
3,7.295407,7.295407,exponential_5,450,150,rastrigin,6,0.000000,0.870589,0.994958,10.673993,15.009430
3,8.541316,10.000000,exponential_5,450,150,rastrigin,6,0.000000,2.736129,1.989915,11.703732,12.516695
3,10.000000,2.066557,exponential_5,450,150,rastrigin,6,0.000000,0.932773,0.994957,7.809513,13.108255
3,10.000000,1.507637,exponential_5,450,150,rastrigin,6,0.000000,0.559664,0.994957,0.884338,11.143405
3,0.685363,4.545940,linear,900,300,rastrigin,9,0.994957,2.549578,2.984871,1.462283,271.086085
3,1.765111,0.685363,linear,900,300,rastrigin,9,5.130085,14.077360,16.501003,5.759825,275.979225
3,0.585390,0.939444,linear,900,300,rastrigin,9,7.610245,25.921896,26.753647,11.906577,288.685515
3,1.099883,1.765111,linear,900,300,rastrigin,9,1.990036,9.639063,9.949593,6.903422,280.493890
3,0.500000,0.500000,linear,900,300,rastrigin,9,12.929436,34.270214,37.130768,11.634674,298.602175
3,0.685363,1.765111,linear,900,300,rastrigin,9,7.257095,17.739857,19.929651,6.626976,300.045750
3,0.685363,2.832683,linear,900,300,rastrigin,9,2.984879,8.146678,8.954638,5.380818,301.205110
3,0.939444,6.231237,linear,900,300,rastrigin,9,0.000000,0.000000,0.000000,0.216846,294.654280
3,1.099883,1.099883,linear,900,300,rastrigin,9,9.003078,16.046154,17.187174,5.744930,293.342555
3,0.585390,10.000000,linear,900,300,rastrigin,9,0.000000,0.000000,0.000000,0.000000,302.078010
3,0.585390,6.231237,linear,900,300,rastrigin,9,0.000000,1.492435,1.989914,1.258532,302.249705
3,0.685363,0.685363,linear,900,300,rastrigin,9,16.598534,26.414509,28.700926,8.229318,305.598890
3,0.585390,1.507637,linear,900,300,rastrigin,9,9.177696,16.660885,17.990503,6.696757,307.300235
3,1.099883,0.685363,linear,900,300,rastrigin,9,7.810184,18.810848,21.283022,8.186327,303.039445
3,0.685363,1.099883,linear,900,300,rastrigin,9,9.445946,16.213387,17.017067,9.316977,311.628995
3,1.099883,2.832683,linear,900,300,rastrigin,9,0.994957,3.420166,3.482353,3.846705,303.011805
3,0.500000,3.316448,linear,900,300,rastrigin,9,3.979870,11.019255,13.446922,6.129314,314.792735
3,1.099883,4.545940,linear,900,300,rastrigin,9,0.000000,0.000000,0.000000,0.355271,302.910580
3,2.066557,5.322296,linear,900,300,rastrigin,9,0.000000,0.000000,0.000000,6.296310,318.252380
3,0.939444,2.419483,linear,900,300,rastrigin,9,2.984879,5.472271,5.969749,4.027723,311.540790
3,1.287720,0.500000,linear,900,300,rastrigin,9,5.071785,20.778795,22.690454,8.462935,300.817660
3,0.802409,0.802409,linear,900,300,rastrigin,9,9.277946,18.287342,20.010126,7.303467,316.858430
3,0.939444,0.585390,linear,900,300,rastrigin,9,15.112831,27.165384,30.235531,8.316933,314.619655
3,0.939444,3.882831,linear,900,300,rastrigin,9,0.000000,1.678991,1.989914,5.340383,312.660840
3,1.287720,1.287720,linear,900,300,rastrigin,9,3.029469,11.136550,11.939508,5.078731,293.475110
3,0.585390,0.585390,linear,900,300,rastrigin,9,17.836189,29.558519,32.571125,7.455911,321.007635
3,0.802409,1.287720,linear,900,300,rastrigin,9,6.228416,16.586266,20.915358,8.025349,318.601485
3,0.939444,10.000000,linear,900,300,rastrigin,9,0.000000,0.000000,0.000000,0.216846,322.510525
3,0.500000,5.322296,linear,900,300,rastrigin,9,0.994957,5.596636,7.462181,4.243457,328.299350
3,1.287720,2.066557,linear,900,300,rastrigin,9,2.984871,6.405041,7.462183,3.621354,300.684210
3,0.500000,8.541316,linear,900,300,rastrigin,9,0.000000,0.621848,0.994957,0.764241,336.278700
3,1.287720,0.802409,linear,900,300,rastrigin,9,4.080200,19.483404,24.000822,9.713608,315.201065
3,1.507637,0.939444,linear,900,300,rastrigin,9,3.109535,13.919624,15.937351,8.284994,283.388605
3,0.585390,3.882831,linear,900,300,rastrigin,9,2.984875,7.524370,8.457144,4.711878,341.430060
3,0.685363,7.295407,linear,900,300,rastrigin,9,0.000000,0.000000,0.000000,0.533486,341.773595
3,1.099883,7.295407,linear,900,300,rastrigin,9,0.000000,0.000000,0.000000,0.216846,329.244985
3,1.287720,3.316448,linear,900,300,rastrigin,9,0.000000,0.435294,0.994957,0.650537,316.910600
3,0.802409,5.322296,linear,900,300,rastrigin,9,0.000000,0.559663,0.994957,0.619356,339.585205
3,0.802409,0.500000,linear,900,300,rastrigin,9,13.707977,26.724449,28.413782,11.832151,342.572570
3,0.802409,2.066557,linear,900,300,rastrigin,9,2.985687,9.961609,11.484919,6.013425,343.678755
3,0.939444,0.939444,linear,900,300,rastrigin,9,10.977871,20.359913,20.827631,7.581741,342.822135
3,1.287720,8.541316,linear,900,300,rastrigin,9,0.000000,0.000000,0.000000,5.421102,306.249220
3,0.585390,2.419483,linear,900,300,rastrigin,9,8.988731,13.111908,14.924845,4.406313,356.386880
3,0.939444,1.507637,linear,900,300,rastrigin,9,7.959801,12.106607,12.935995,3.249505,351.564550
3,0.802409,3.316448,linear,900,300,rastrigin,9,1.989914,4.352940,4.974794,5.116041,353.845635
3,0.500000,0.802409,linear,900,300,rastrigin,9,14.700588,28.016968,30.174049,8.442347,333.371440
3,0.802409,8.541316,linear,900,300,rastrigin,9,0.000000,0.000000,0.000000,0.000000,361.459640
3,1.507637,2.419483,linear,900,300,rastrigin,9,0.000000,1.492435,1.492435,1.315264,294.060185
3,1.287720,5.322296,linear,900,300,rastrigin,9,0.000000,0.000000,0.000000,0.216846,331.923975
3,1.507637,1.507637,linear,900,300,rastrigin,9,3.980278,8.084059,8.954620,3.962343,303.574270
3,1.507637,0.585390,linear,900,300,rastrigin,9,10.248753,18.562439,20.464422,7.292078,326.927325
3,2.066557,0.802409,linear,900,300,rastrigin,9,4.974796,8.529556,8.023893,4.441273,260.912450
3,1.507637,10.000000,linear,900,300,rastrigin,9,0.000000,3.420141,0.994957,11.581578,308.650135
3,1.507637,6.231237,linear,900,300,rastrigin,9,0.000000,0.000000,0.000000,0.000000,320.858165
3,1.765111,2.832683,linear,900,300,rastrigin,9,0.000000,0.124370,0.000000,6.261512,287.385890
3,1.507637,3.882831,linear,900,300,rastrigin,9,0.000000,0.000000,0.000000,0.000000,324.312990
3,1.765111,1.765111,linear,900,300,rastrigin,9,0.000000,4.042015,4.477310,5.927060,289.272760
3,2.066557,0.500000,linear,900,300,rastrigin,9,7.104439,18.208122,20.194618,9.995984,286.398315
3,1.765111,1.099883,linear,900,300,rastrigin,9,2.984871,9.018846,10.447239,6.162078,299.011700
3,2.066557,1.287720,linear,900,300,rastrigin,9,0.994957,5.036972,5.969746,3.923144,275.733690
3,1.765111,7.295407,linear,900,300,rastrigin,9,0.000000,10.882252,24.873718,12.793527,295.695950
3,2.066557,2.066557,linear,900,300,rastrigin,9,0.000000,0.373109,0.497478,0.722629,275.912975
3,0.500000,1.287720,linear,900,300,rastrigin,9,13.562187,24.359089,27.065807,7.669919,321.912565
3,1.765111,4.545940,linear,900,300,rastrigin,9,0.000000,0.000000,0.000000,0.000000,312.145910
3,2.066557,3.316448,linear,900,300,rastrigin,9,0.000000,0.000000,0.000000,0.000000,288.966885
3,2.066557,8.541316,linear,900,300,rastrigin,9,0.000000,14.178026,24.873722,14.933039,258.346845
3,2.419483,0.585390,linear,900,300,rastrigin,9,5.986832,12.741653,14.434196,7.777113,247.337805
3,0.500000,2.066557,linear,900,300,rastrigin,9,9.958244,16.481812,18.635996,8.508390,304.555500
3,2.419483,0.939444,linear,900,300,rastrigin,9,1.989922,5.908943,6.467228,4.300201,259.190065
3,2.419483,2.419483,linear,900,300,rastrigin,9,0.000000,0.000000,0.000000,0.216846,209.285070
3,2.419483,1.507637,linear,900,300,rastrigin,9,0.994957,1.616805,1.989914,0.994958,252.363820
3,2.832683,1.099883,linear,900,300,rastrigin,9,0.994957,3.482352,3.979830,1.910604,167.517395
3,1.765111,0.802409,linear,900,300,rastrigin,9,1.993198,11.212443,13.443375,8.286673,167.704675
3,0.500000,0.585390,linear,900,300,rastrigin,9,19.996662,32.039478,35.244686,8.997847,166.425025
3,2.419483,10.000000,linear,900,300,rastrigin,9,0.994957,12.517366,24.873768,12.873898,213.135310
3,1.099883,1.287720,linear,900,300,rastrigin,9,3.988430,11.920021,13.485437,9.102372,174.488665
3,1.099883,3.316448,linear,900,300,rastrigin,9,0.000000,1.492436,1.989914,2.322219,174.313010
3,1.099883,5.322296,linear,900,300,rastrigin,9,0.000000,0.000000,0.000000,0.000000,178.615110
3,1.287720,0.585390,linear,900,300,rastrigin,9,12.155033,17.422810,18.676407,4.292029,180.736230
3,2.066557,6.231237,linear,900,300,rastrigin,9,0.000000,0.000000,0.000000,5.406473,190.028275
3,2.419483,6.231237,linear,900,300,rastrigin,9,0.000000,4.663822,0.000000,12.235985,292.726870
3,2.419483,3.882831,linear,900,300,rastrigin,9,0.000000,0.000000,0.000000,0.000000,317.056865
3,1.287720,3.882831,linear,900,300,rastrigin,9,0.000000,0.000000,0.000000,0.355271,182.099025
3,1.287720,2.419483,linear,900,300,rastrigin,9,0.994957,3.668906,3.979832,2.255725,198.067890
3,1.287720,0.939444,linear,900,300,rastrigin,9,8.956394,17.418812,18.462852,8.086622,195.210645
3,1.099883,8.541316,linear,900,300,rastrigin,9,0.000000,0.000000,0.000000,0.000000,188.554570
3,0.685363,5.322296,linear,900,300,rastrigin,9,0.000000,1.554621,1.989914,5.377328,309.135375
3,2.832683,0.685363,linear,900,300,rastrigin,9,1.989918,7.339379,8.954626,4.088957,333.924660
3,1.507637,1.765111,linear,900,300,rastrigin,9,1.989914,5.596638,6.467222,4.540689,203.862040
3,1.287720,6.231237,linear,900,300,rastrigin,9,0.000000,0.000000,0.000000,0.000000,206.583480
3,1.507637,2.832683,linear,900,300,rastrigin,9,0.000000,0.248739,0.000000,0.667437,208.351875
3,0.585390,1.099883,linear,900,300,rastrigin,9,11.075985,20.715309,20.948595,7.620297,341.081365
3,1.765111,0.500000,linear,900,300,rastrigin,9,5.199215,16.246569,20.564779,9.018811,184.025540
3,1.099883,2.066557,linear,900,300,rastrigin,9,4.974792,8.332779,8.954624,4.452625,348.813625
3,0.685363,2.066557,linear,900,300,rastrigin,9,4.975246,12.080304,12.482756,6.236586,343.605120
3,0.585390,7.295407,linear,900,300,rastrigin,9,0.000000,0.497478,0.994957,0.637083,335.659235
3,0.685363,3.316448,linear,900,300,rastrigin,9,3.979836,7.213446,7.959663,3.153799,351.508155
3,1.099883,0.802409,linear,900,300,rastrigin,9,10.162697,17.849426,19.031353,8.483083,343.589235
3,1.507637,7.295407,linear,900,300,rastrigin,9,0.000000,0.000000,0.000000,0.216846,209.190980
3,0.685363,0.500000,linear,900,300,rastrigin,9,11.684494,33.292007,39.321999,12.578447,356.580165
3,2.066557,0.585390,linear,900,300,rastrigin,9,4.078381,15.428246,15.120626,8.101078,194.609270
3,0.939444,7.295407,linear,900,300,rastrigin,9,0.000000,0.000000,0.000000,8.677413,366.061830
3,0.500000,3.882831,linear,900,300,rastrigin,9,1.990089,6.903439,8.954645,8.140734,349.888175
3,0.685363,1.287720,linear,900,300,rastrigin,9,8.053303,15.241873,16.613642,7.234536,352.554810
3,1.765111,3.316448,linear,900,300,rastrigin,9,0.000000,0.000000,0.000000,0.000000,211.029095
3,0.585390,1.765111,linear,900,300,rastrigin,9,11.599236,18.387188,20.689640,6.867359,356.786765
3,2.066557,1.507637,linear,900,300,rastrigin,9,0.994957,4.228570,4.974787,2.821189,181.536925
3,1.765111,2.066557,linear,900,300,rastrigin,9,0.994957,1.803360,1.989914,0.848636,201.144485
3,0.685363,0.802409,linear,900,300,rastrigin,9,16.770145,24.648874,26.776482,6.037956,363.191145
3,0.939444,4.545940,linear,900,300,rastrigin,9,0.000000,0.435294,0.994957,0.710541,341.683260
3,0.939444,2.832683,linear,900,300,rastrigin,9,1.989918,5.223526,5.969744,4.138350,352.225660
3,0.939444,0.685363,linear,900,300,rastrigin,9,11.858376,20.050390,21.703573,6.443571,347.208600
3,1.507637,4.545940,linear,900,300,rastrigin,9,0.000000,0.000000,0.000000,0.000000,211.343205
3,1.287720,1.507637,linear,900,300,rastrigin,9,2.984875,9.889009,10.944605,6.617939,345.978320
3,1.099883,0.500000,linear,900,300,rastrigin,9,6.510296,24.403244,29.689651,10.393864,349.038160
3,1.507637,1.099883,linear,900,300,rastrigin,9,4.974800,10.513703,11.939539,5.924731,346.016505
3,1.765111,8.541316,linear,900,300,rastrigin,9,0.000000,9.638569,13.431816,14.618169,206.655740
3,2.066557,2.419483,linear,900,300,rastrigin,9,0.000000,0.062185,0.000000,6.270822,195.719720
3,1.287720,10.000000,linear,900,300,rastrigin,9,0.000000,0.000000,0.000000,7.448672,327.082470
3,0.802409,0.939444,linear,900,300,rastrigin,9,12.171234,22.112385,25.015829,6.627106,389.578305
3,2.066557,0.939444,linear,900,300,rastrigin,9,1.989922,8.021863,7.959766,7.130461,295.843640
3,2.066557,3.882831,linear,900,300,rastrigin,9,0.000000,0.000000,0.000000,0.000000,204.954445
3,1.765111,5.322296,linear,900,300,rastrigin,9,0.000000,0.000000,0.000000,6.303998,216.165485
3,0.802409,1.507637,linear,900,300,rastrigin,9,7.001846,17.220238,20.254948,7.648542,409.089530
3,0.585390,4.545940,linear,900,300,rastrigin,9,0.994957,4.477309,5.472265,4.978754,402.495665
3,0.585390,0.685363,linear,900,300,rastrigin,9,21.372223,31.272255,34.148018,11.135444,419.239935
3,0.500000,10.000000,linear,900,300,rastrigin,9,0.000000,0.000000,0.000000,0.619356,410.559635
3,2.066557,10.000000,linear,900,300,rastrigin,9,0.000000,10.637968,13.929297,17.106834,224.272775
3,0.685363,8.541316,linear,900,300,rastrigin,9,0.000000,0.000000,0.000000,0.216846,409.622040
3,0.500000,6.231237,linear,900,300,rastrigin,9,0.994957,3.731091,3.979830,2.341853,424.092270
3,2.419483,0.685363,linear,900,300,rastrigin,9,2.987209,11.282235,11.507641,6.007256,217.207715
3,0.802409,6.231237,linear,900,300,rastrigin,9,0.000000,0.000000,0.000000,0.355271,411.059230
3,0.802409,0.585390,linear,900,300,rastrigin,9,16.150299,28.379501,32.458286,8.618754,408.765275
3,0.939444,1.099883,linear,900,300,rastrigin,9,5.984615,15.708984,18.035070,9.179813,397.433030
3,2.419483,1.099883,linear,900,300,rastrigin,9,1.989914,4.726048,4.974791,2.502768,212.400705
3,2.419483,1.765111,linear,900,300,rastrigin,9,0.000000,0.373109,0.497478,0.659980,201.624045
3,0.585390,2.832683,linear,900,300,rastrigin,9,6.966980,12.387840,12.438656,6.912858,394.194465
3,0.802409,2.419483,linear,900,300,rastrigin,9,1.990387,9.514444,10.447084,5.497190,413.077390
3,2.419483,2.832683,linear,900,300,rastrigin,9,0.000000,0.000000,0.000000,6.303990,219.325815
3,0.939444,1.765111,linear,900,300,rastrigin,9,4.975300,11.077581,11.939665,7.262108,410.343840
3,0.802409,10.000000,linear,900,300,rastrigin,9,0.000000,0.000000,0.000000,0.000000,397.642985
3,0.802409,3.882831,linear,900,300,rastrigin,9,0.994957,3.357982,3.979832,1.858734,407.970310
3,0.500000,0.939444,linear,900,300,rastrigin,9,17.126366,26.817257,29.644079,6.891653,404.897155
3,1.507637,0.685363,linear,900,300,rastrigin,9,4.326584,17.880016,21.299301,9.223692,391.191655
3,0.500000,0.685363,linear,900,300,rastrigin,9,23.049019,34.589775,39.032738,8.190873,214.139515
3,2.832683,1.287720,linear,900,300,rastrigin,9,0.994957,1.803360,1.989914,1.455497,227.027460
3,1.765111,0.939444,linear,900,300,rastrigin,9,5.969883,13.008615,16.416914,6.074579,218.019420
3,1.099883,3.882831,linear,900,300,rastrigin,9,0.000000,0.684033,0.994957,0.736201,188.549680
3,2.832683,0.500000,linear,900,300,rastrigin,9,6.968590,11.937059,12.936609,4.517376,222.105505
3,1.765111,1.287720,linear,900,300,rastrigin,9,2.984871,7.213457,7.959667,5.377368,351.346835
3,1.099883,1.507637,linear,900,300,rastrigin,9,3.997055,9.459090,9.961941,4.302428,225.547660
3,0.500000,1.507637,linear,900,300,rastrigin,9,14.185047,22.513857,24.847511,6.283197,334.397980
3,0.500000,2.419483,linear,900,300,rastrigin,9,12.097942,18.962959,19.436375,7.393126,302.366925
3,2.419483,7.295407,linear,900,300,rastrigin,9,0.000000,1.989901,0.994957,11.230713,191.774180
3,1.099883,6.231237,linear,900,300,rastrigin,9,0.000000,0.000000,0.000000,0.000000,237.793545
3,1.287720,0.685363,linear,900,300,rastrigin,9,14.164295,20.183834,23.086765,6.474607,236.027020
3,2.419483,4.545940,linear,900,300,rastrigin,9,0.000000,0.000000,0.000000,9.855279,210.325870
3,2.066557,7.295407,linear,900,300,rastrigin,9,0.000000,12.499045,24.873718,12.511909,234.577380
3,1.099883,10.000000,linear,900,300,rastrigin,9,0.000000,0.000000,0.000000,0.000000,196.604315
3,1.287720,2.832683,linear,900,300,rastrigin,9,0.000000,1.554621,1.989914,1.293445,208.711425
3,1.287720,1.099883,linear,900,300,rastrigin,9,8.435436,14.270005,15.014475,6.447116,209.077440
3,0.585390,1.287720,linear,900,300,rastrigin,9,12.262447,22.490730,25.094093,8.686593,159.316645
3,1.287720,4.545940,linear,900,300,rastrigin,9,0.000000,0.000000,0.000000,0.000000,227.254740
3,0.685363,2.419483,linear,900,300,rastrigin,9,6.965313,11.632656,10.954912,7.432527,149.530000
3,1.765111,0.585390,linear,900,300,rastrigin,9,6.120754,15.901955,18.583345,8.846065,170.760130
3,1.507637,2.066557,linear,900,300,rastrigin,9,0.994957,3.109242,2.984875,2.888373,211.250450
3,1.507637,3.316448,linear,900,300,rastrigin,9,0.000000,0.000000,0.000000,0.507330,203.313330
3,0.685363,6.231237,linear,900,300,rastrigin,9,0.000000,0.621848,0.994957,0.596974,226.668220
3,1.287720,7.295407,linear,900,300,rastrigin,9,0.000000,0.000000,0.000000,0.000000,221.660960
3,1.507637,8.541316,linear,900,300,rastrigin,9,0.000000,3.171400,0.000000,11.706613,186.010285
3,2.832683,0.802409,linear,900,300,rastrigin,9,2.985374,7.959692,9.452093,4.105597,270.111455
3,2.066557,0.685363,linear,900,300,rastrigin,9,5.166187,12.443587,14.728701,6.830812,191.672355
3,0.500000,4.545940,linear,900,300,rastrigin,9,1.989914,6.591596,7.959658,7.747045,201.957620
3,1.765111,3.882831,linear,900,300,rastrigin,9,0.000000,0.000000,0.000000,0.000000,191.234795
3,1.765111,2.419483,linear,900,300,rastrigin,9,0.000000,0.310924,0.000000,0.736201,181.598700
3,2.066557,2.832683,linear,900,300,rastrigin,9,0.000000,0.000000,0.000000,0.000000,163.183945
3,1.765111,10.000000,linear,900,300,rastrigin,9,0.000000,3.482325,0.994957,11.292892,163.842770
3,1.507637,5.322296,linear,900,300,rastrigin,9,0.000000,0.000000,0.000000,0.000000,187.490985
3,0.585390,2.066557,linear,900,300,rastrigin,9,3.222351,16.932285,19.411732,9.443156,226.922335
3,1.099883,2.419483,linear,900,300,rastrigin,9,1.989914,4.352941,5.472263,3.321949,318.222765
3,2.066557,4.545940,linear,900,300,rastrigin,9,0.000000,0.000000,0.000000,0.216846,183.591895
3,0.585390,8.541316,linear,900,300,rastrigin,9,0.000000,0.000000,0.000000,0.355271,325.867195
3,0.685363,3.882831,linear,900,300,rastrigin,9,0.994957,4.974788,6.467224,3.333851,321.873360
3,1.765111,6.231237,linear,900,300,rastrigin,9,0.000000,0.000000,0.000000,7.462116,189.963645
3,2.066557,1.765111,linear,900,300,rastrigin,9,0.000000,1.865544,1.989914,7.642997,271.840685
3,2.419483,0.500000,linear,900,300,rastrigin,9,8.445145,16.106964,17.248268,9.666061,184.274135
3,0.685363,0.585390,linear,900,300,rastrigin,9,16.293987,26.967001,27.420319,8.639441,320.503825
3,1.099883,0.939444,linear,900,300,rastrigin,9,6.243397,16.868723,19.489246,8.129329,358.943100
3,2.419483,3.316448,linear,900,300,rastrigin,9,0.000000,0.000000,0.000000,0.000000,198.499120
3,0.939444,8.541316,linear,900,300,rastrigin,9,0.000000,0.000000,0.000000,0.000000,348.264935
3,2.832683,1.507637,linear,900,300,rastrigin,9,0.000000,0.559663,0.994957,0.788154,189.472140
3,2.832683,1.765111,linear,900,300,rastrigin,9,0.000000,0.124370,0.000000,0.455947,195.860215
3,2.832683,4.545940,linear,900,300,rastrigin,9,0.000000,0.000000,0.000000,8.863430,194.200085
3,2.832683,0.585390,linear,900,300,rastrigin,9,4.979328,9.457807,10.447895,4.871775,189.537315
3,2.832683,2.832683,linear,900,300,rastrigin,9,0.000000,0.000000,0.000000,0.216846,207.575520
3,0.685363,1.507637,linear,900,300,rastrigin,9,9.972958,16.929607,19.113922,6.253741,362.492595
3,0.939444,5.322296,linear,900,300,rastrigin,9,0.000000,0.000000,0.000000,0.355271,340.477505
3,2.832683,7.295407,linear,900,300,rastrigin,9,0.000000,10.011681,13.929295,12.473660,199.506305
3,0.685363,0.939444,linear,900,300,rastrigin,9,11.902348,23.301846,27.339266,8.889324,361.360485
3,3.316448,0.802409,linear,900,300,rastrigin,9,1.989914,4.726050,4.974789,3.439083,182.532110
3,3.316448,0.500000,linear,900,300,rastrigin,9,3.001637,9.150311,10.448021,3.200383,186.404450
3,0.939444,3.316448,linear,900,300,rastrigin,9,1.989914,3.295797,3.979828,1.416724,356.512490
3,1.287720,1.765111,linear,900,300,rastrigin,9,2.984871,7.337831,8.457142,3.627010,351.313150
3,1.099883,0.585390,linear,900,300,rastrigin,9,7.457283,22.572964,24.320698,8.546384,344.221660
3,0.939444,0.802409,linear,900,300,rastrigin,9,18.406818,23.650246,25.727406,5.427050,363.611705
3,3.316448,1.287720,linear,900,300,rastrigin,9,0.000000,0.746218,0.994957,0.884337,199.386960
3,1.507637,1.287720,linear,900,300,rastrigin,9,1.989918,7.463116,8.955942,5.448298,355.111715
3,1.507637,0.500000,linear,900,300,rastrigin,9,7.224831,20.927584,22.524635,7.844456,346.470825
3,0.802409,1.099883,linear,900,300,rastrigin,9,4.413658,17.639822,19.419016,7.833431,346.037770
3,2.066557,1.099883,linear,900,300,rastrigin,9,2.984879,6.467232,6.964737,3.948293,349.178925
3,2.419483,2.066557,linear,900,300,rastrigin,9,0.000000,0.000000,0.000000,0.397983,306.084780
3,2.419483,1.287720,linear,900,300,rastrigin,9,0.994957,3.606721,3.979828,2.122317,311.624860
3,2.419483,0.802409,linear,900,300,rastrigin,9,4.974789,8.084328,9.452112,3.869599,324.230885
3,3.316448,2.066557,linear,900,300,rastrigin,9,0.000000,0.000000,0.000000,0.216846,210.410935
3,3.316448,3.316448,linear,900,300,rastrigin,9,0.000000,0.000000,0.000000,5.414021,209.783405
3,3.316448,5.322296,linear,900,300,rastrigin,9,0.000000,9.700754,13.431816,12.821934,215.543930
3,0.802409,1.765111,linear,900,300,rastrigin,9,2.985493,13.387912,15.951252,6.387094,368.972805
3,3.882831,0.585390,linear,900,300,rastrigin,9,3.979832,8.705883,9.452124,7.586614,198.580535
3,0.585390,0.802409,linear,900,300,rastrigin,9,12.200638,23.784004,25.200834,5.999641,374.036910
3,2.419483,5.322296,linear,900,300,rastrigin,9,0.000000,3.295769,0.000000,11.306028,276.338620
3,2.419483,8.541316,linear,900,300,rastrigin,9,0.000000,2.673934,0.994957,11.542326,290.633445
3,0.585390,0.500000,linear,900,300,rastrigin,9,21.990387,31.144230,33.889122,8.700954,391.706525
3,3.882831,1.507637,linear,900,300,rastrigin,9,0.000000,0.000000,0.000000,0.000000,203.078465
3,3.882831,3.882831,linear,900,300,rastrigin,9,0.000000,7.959591,0.994957,13.045566,200.429140
3,0.585390,5.322296,linear,900,300,rastrigin,9,1.989914,3.668905,3.979830,4.079311,407.990865
3,3.882831,2.419483,linear,900,300,rastrigin,9,0.000000,0.000000,0.000000,5.421102,211.053630
3,3.882831,6.231237,linear,900,300,rastrigin,9,0.000000,13.620577,24.873751,15.192422,199.257855
3,0.802409,7.295407,linear,900,300,rastrigin,9,0.000000,0.000000,0.000000,0.000000,400.815995
3,0.500000,7.295407,linear,900,300,rastrigin,9,0.000000,1.430251,1.492435,1.277078,417.515425
3,0.939444,2.066557,linear,900,300,rastrigin,9,1.991550,7.586725,7.959723,8.082341,396.683085
3,2.832683,0.939444,linear,900,300,rastrigin,9,1.989914,5.410081,6.467232,4.560550,178.185925
3,0.685363,10.000000,linear,900,300,rastrigin,9,0.000000,0.000000,0.000000,0.000000,427.685515
3,4.545940,0.685363,linear,900,300,rastrigin,9,0.994957,3.917645,3.979834,3.233215,196.502965
3,0.939444,1.287720,linear,900,300,rastrigin,9,8.981506,17.728497,20.589546,6.038456,418.965830
3,0.802409,4.545940,linear,900,300,rastrigin,9,0.000000,1.741175,1.989914,0.915956,406.777870
3,0.585390,3.316448,linear,900,300,rastrigin,9,0.997513,8.333003,8.954678,5.622832,420.000210
3,0.802409,0.685363,linear,900,300,rastrigin,9,8.627399,20.595257,24.204277,9.878916,430.277540
3,0.802409,2.832683,linear,900,300,rastrigin,9,2.984871,7.897477,8.954620,3.304030,419.298685
3,3.882831,10.000000,linear,900,300,rastrigin,9,0.000008,10.866986,4.974829,15.758858,223.374270
3,0.939444,0.500000,linear,900,300,rastrigin,9,16.278988,26.121954,29.283764,8.548608,416.568710
3,0.500000,1.099883,linear,900,300,rastrigin,9,12.546501,25.352776,29.808722,9.058494,412.490365
3,1.507637,0.802409,linear,900,300,rastrigin,9,7.040375,17.948206,20.970913,8.027980,409.928810
3,4.545940,1.099883,linear,900,300,rastrigin,9,0.000000,0.000000,0.000000,0.397983,195.985160
3,0.500000,2.832683,linear,900,300,rastrigin,9,2.987930,12.494059,14.926632,7.465324,378.832075
3,1.765111,1.507637,linear,900,300,rastrigin,9,1.989914,5.347898,6.964703,2.509188,399.738330
3,0.500000,1.765111,linear,900,300,rastrigin,9,4.078678,15.395222,16.831125,6.126025,387.727615
3,3.882831,0.939444,linear,900,300,rastrigin,9,0.994957,1.554620,1.989914,1.293445,322.395515
3,4.545940,2.832683,linear,900,300,rastrigin,9,0.000000,4.663822,0.000000,12.168970,225.100535
3,4.545940,4.545940,linear,900,300,rastrigin,9,0.000000,8.519255,2.487392,11.905776,215.559935
3,3.316448,8.541316,linear,900,300,rastrigin,9,0.000000,14.920568,28.279585,13.718672,368.841850
3,4.545940,7.295407,linear,900,300,rastrigin,9,1.989918,12.956655,16.416740,15.565700,229.522355
3,5.322296,0.500000,linear,900,300,rastrigin,9,1.989914,7.399996,7.462185,8.231527,221.354990
3,5.322296,0.802409,linear,900,300,rastrigin,9,0.000000,0.559663,0.994957,0.938640,221.655065
3,4.545940,1.765111,linear,900,300,rastrigin,9,0.000000,0.000000,0.000000,0.216846,263.721700
3,6.231237,2.419483,linear,900,300,rastrigin,9,0.000000,3.233584,0.000000,11.337180,178.559730
3,6.231237,0.939444,linear,900,300,rastrigin,9,0.000000,0.000000,0.000000,0.216846,197.274090
3,5.322296,3.316448,linear,900,300,rastrigin,9,0.000000,12.623417,24.873718,12.202849,209.107320
3,5.322296,2.066557,linear,900,300,rastrigin,9,0.000000,0.000000,0.000000,5.421102,213.870910
3,5.322296,1.287720,linear,900,300,rastrigin,9,0.000000,0.000000,0.000000,0.000000,242.921015
3,6.231237,0.585390,linear,900,300,rastrigin,9,0.000000,1.243696,1.989914,1.253606,224.799100
3,6.231237,1.507637,linear,900,300,rastrigin,9,0.000000,0.000000,0.000000,0.000000,225.702345
3,6.231237,6.231237,linear,900,300,rastrigin,9,1.989914,18.626814,29.422863,16.108557,208.866200
3,7.295407,0.685363,linear,900,300,rastrigin,9,0.000000,0.000000,0.000000,0.298487,209.264285
3,5.322296,8.541316,linear,900,300,rastrigin,9,1.989937,13.455646,16.923168,13.675885,245.209690
3,5.322296,5.322296,linear,900,300,rastrigin,9,0.994957,21.824154,29.139103,11.020603,259.305770
3,2.832683,3.316448,linear,900,300,rastrigin,9,0.000000,0.000000,0.000000,0.000000,192.739870
3,6.231237,3.882831,linear,900,300,rastrigin,9,0.000000,10.447073,14.426779,15.236831,255.935585
3,2.832683,5.322296,linear,900,300,rastrigin,9,0.000000,4.788192,0.000000,12.474569,230.425345
3,3.316448,0.939444,linear,900,300,rastrigin,9,1.989914,3.917645,3.979834,2.972821,161.260505
3,7.295407,1.765111,linear,900,300,rastrigin,9,0.000000,0.124370,0.000000,8.812319,206.190455
3,7.295407,1.099883,linear,900,300,rastrigin,9,0.000000,0.000000,0.000000,0.000000,235.572145
3,6.231237,10.000000,linear,900,300,rastrigin,9,1.053768,9.922264,7.975309,13.028152,266.447610
3,2.832683,8.541316,linear,900,300,rastrigin,9,0.000000,15.676800,24.873735,14.791974,211.151410
3,3.316448,0.585390,linear,900,300,rastrigin,9,4.974792,10.260620,11.442028,5.898546,184.848060
3,2.832683,2.066557,linear,900,300,rastrigin,9,0.000000,0.000000,0.000000,0.216846,317.600160
3,3.316448,1.507637,linear,900,300,rastrigin,9,0.000000,0.000000,0.000000,0.355271,194.128690
3,3.316448,3.882831,linear,900,300,rastrigin,9,0.000000,0.000000,0.000000,6.285182,199.002980
3,3.316448,2.419483,linear,900,300,rastrigin,9,0.000000,0.000000,0.000000,6.303990,219.319340
3,3.882831,0.685363,linear,900,300,rastrigin,9,2.984871,4.850422,4.974815,2.489383,212.048455
3,3.316448,6.231237,linear,900,300,rastrigin,9,0.000000,10.011683,14.426777,12.042644,225.575075
3,7.295407,2.832683,linear,900,300,rastrigin,9,0.000000,9.700768,13.431816,15.317433,337.208155
3,6.231237,7.295407,linear,900,300,rastrigin,9,0.000034,13.230719,19.439068,14.040570,199.656145
3,8.541316,5.322296,linear,900,300,rastrigin,9,0.994961,6.726014,3.980600,17.885708,262.813950
3,3.882831,4.545940,linear,900,300,rastrigin,9,0.000000,8.523699,1.989914,13.433052,205.797505
3,3.882831,2.832683,linear,900,300,rastrigin,9,0.000000,0.000000,0.000000,7.448671,208.849805
3,3.882831,1.765111,linear,900,300,rastrigin,9,0.000000,0.000000,0.000000,0.000000,214.397105
3,4.545940,0.802409,linear,900,300,rastrigin,9,0.000000,1.243696,0.994957,1.146362,202.693205
3,3.882831,7.295407,linear,900,300,rastrigin,9,0.000008,12.680703,24.874245,13.301512,228.516405
3,7.295407,4.545940,linear,900,300,rastrigin,9,0.000000,11.895010,13.929712,15.719287,362.307145
3,8.541316,0.500000,linear,900,300,rastrigin,9,0.000000,0.248739,0.000000,0.736201,337.425500
3,4.545940,0.500000,linear,900,300,rastrigin,9,2.984871,7.213443,8.457142,4.788980,200.993865
3,10.000000,2.419483,linear,900,300,rastrigin,9,0.994957,10.831453,13.431818,15.450743,299.956160
3,7.295407,7.295407,linear,900,300,rastrigin,9,0.995140,12.459496,7.959953,16.453041,362.073720
3,8.541316,0.802409,linear,900,300,rastrigin,9,0.000000,0.000000,0.000000,6.303990,345.887480
3,10.000000,0.585390,linear,900,300,rastrigin,9,0.000000,0.000000,0.000000,0.000000,335.235460
3,10.000000,1.507637,linear,900,300,rastrigin,9,0.000000,11.068806,24.873718,12.260398,329.695315
3,8.541316,2.066557,linear,900,300,rastrigin,9,0.000000,8.146165,1.492435,12.910973,358.843770
3,10.000000,0.939444,linear,900,300,rastrigin,9,0.000000,0.000000,0.000000,0.000000,343.820460
3,8.541316,1.287720,linear,900,300,rastrigin,9,0.000000,0.000000,0.000000,6.303956,372.687640
3,8.541316,3.316448,linear,900,300,rastrigin,9,0.000000,13.517475,27.894066,17.985571,362.071415
3,4.545940,1.287720,linear,900,300,rastrigin,9,0.000000,0.000000,0.000000,0.000000,226.913520
3,0.685363,6.231237,quadratic,900,300,rastrigin,9,0.000000,0.000000,0.000000,0.298487,210.413145
3,5.322296,0.585390,linear,900,300,rastrigin,9,0.000000,2.798317,3.979828,3.066663,196.505955
3,8.541316,8.541316,linear,900,300,rastrigin,9,3.007805,14.933536,18.945896,15.658128,364.833680
3,4.545940,3.316448,linear,900,300,rastrigin,9,0.000000,6.529355,0.994957,12.269801,214.772040
3,10.000000,6.231237,linear,900,300,rastrigin,9,1.990471,11.977186,7.980753,15.819363,339.786900
3,10.000000,10.000000,linear,900,300,rastrigin,9,3.138031,18.710894,30.482101,18.820498,334.090020
3,10.000000,3.882831,linear,900,300,rastrigin,9,0.000000,11.028900,4.477451,13.782015,361.199230
3,4.545940,5.322296,linear,900,300,rastrigin,9,0.000000,14.738550,24.873831,12.099854,233.001650
3,5.322296,0.939444,linear,900,300,rastrigin,9,0.000000,0.000000,0.000000,0.298487,214.467800
3,0.500000,7.295407,quadratic,900,300,rastrigin,9,0.000000,1.119327,0.994957,1.349626,311.791395
3,4.545940,8.541316,linear,900,300,rastrigin,9,0.997787,11.359939,4.478003,13.543474,231.413360
3,6.231237,1.099883,linear,900,300,rastrigin,9,0.000000,0.000000,0.000000,0.000000,206.721190
3,6.231237,0.685363,linear,900,300,rastrigin,9,0.000000,0.559663,0.994957,5.302245,183.475825
3,0.500000,0.685363,quadratic,900,300,rastrigin,9,12.412632,32.037746,36.032631,9.680281,358.960880
3,5.322296,3.882831,linear,900,300,rastrigin,9,0.000000,9.700756,13.431816,12.498831,226.088535
3,0.500000,2.832683,quadratic,900,300,rastrigin,9,5.029453,13.051651,14.446280,9.811654,363.294180
3,0.585390,0.500000,quadratic,900,300,rastrigin,9,23.271542,31.464413,32.185066,6.334548,360.888935
3,0.500000,1.765111,quadratic,900,300,rastrigin,9,8.001518,18.585697,23.493269,9.751151,383.930630
3,6.231237,1.765111,linear,900,300,rastrigin,9,0.000000,0.000000,0.000000,0.216846,228.469850
3,6.231237,2.832683,linear,900,300,rastrigin,9,0.000000,14.302396,24.873724,11.746103,264.919425
3,5.322296,2.419483,linear,900,300,rastrigin,9,0.000000,4.726007,0.000000,12.987641,252.991375
3,0.500000,4.545940,quadratic,900,300,rastrigin,9,1.989918,7.275631,8.954618,5.241258,386.690095
3,7.295407,0.802409,linear,900,300,rastrigin,9,0.000000,0.000000,0.000000,0.216846,219.905630
3,0.585390,0.802409,quadratic,900,300,rastrigin,9,10.962307,27.884502,29.788794,10.408823,390.828820
3,5.322296,10.000000,linear,900,300,rastrigin,9,2.985085,17.512127,29.919624,15.098252,215.992785
3,5.322296,6.231237,linear,900,300,rastrigin,9,0.994961,10.717941,3.979839,13.796026,203.841315
3,6.231237,4.545940,linear,900,300,rastrigin,9,0.000004,14.362761,25.371363,13.184956,191.769360
3,0.585390,2.066557,quadratic,900,300,rastrigin,9,1.993034,13.012831,13.990467,7.295485,397.576440
3,0.585390,1.287720,quadratic,900,300,rastrigin,9,9.455944,20.939590,23.752932,9.346289,406.206440
3,7.295407,0.500000,linear,900,300,rastrigin,9,0.000000,1.554621,1.989914,2.279189,172.402600
3,7.295407,2.066557,linear,900,300,rastrigin,9,0.000000,6.404984,0.994957,12.131033,186.906315
3,0.585390,8.541316,quadratic,900,300,rastrigin,9,0.000000,0.000000,0.000000,0.000000,388.658355
3,0.585390,3.316448,quadratic,900,300,rastrigin,9,2.984875,8.283482,9.452099,5.236238,404.807640
3,0.585390,5.322296,quadratic,900,300,rastrigin,9,0.000000,2.238654,2.984871,1.601233,401.581230
3,0.685363,0.939444,quadratic,900,300,rastrigin,9,14.450760,24.218060,26.305914,8.284573,385.178420
3,3.316448,1.099883,linear,900,300,rastrigin,9,0.994957,1.865545,1.989914,1.894995,209.181700
3,2.832683,6.231237,linear,900,300,rastrigin,9,0.000000,0.435294,0.000000,9.906614,211.961660
3,2.832683,3.882831,linear,900,300,rastrigin,9,0.000000,0.000000,0.000000,0.507330,228.305415
3,0.685363,0.585390,quadratic,900,300,rastrigin,9,19.982315,28.511333,30.381454,7.422161,399.087030
3,0.685363,1.507637,quadratic,900,300,rastrigin,9,7.417461,16.759432,17.913048,7.922640,392.925230
3,0.685363,3.882831,quadratic,900,300,rastrigin,9,0.994957,4.601678,5.472265,3.613491,386.510410
3,3.882831,1.099883,linear,900,300,rastrigin,9,0.000000,0.559663,0.994957,0.884338,382.858020
3,0.685363,2.419483,quadratic,900,300,rastrigin,9,5.969765,14.439181,16.915684,7.170881,403.048375
3,7.295407,1.287720,linear,900,300,rastrigin,9,0.000000,0.000000,0.000000,0.000000,223.753560
3,3.316448,10.000000,linear,900,300,rastrigin,9,0.000000,16.135744,28.923910,17.152109,389.142385
3,3.316448,0.685363,linear,900,300,rastrigin,9,1.989922,5.969748,6.964706,7.199501,214.586260
3,4.545940,2.066557,linear,900,300,rastrigin,9,0.000000,0.000000,0.000000,0.000000,376.100350
3,2.832683,10.000000,linear,900,300,rastrigin,9,0.000000,15.202330,27.396751,13.360004,228.464210
3,2.832683,2.419483,linear,900,300,rastrigin,9,0.000000,0.000000,0.000000,0.000000,230.043965
3,5.322296,1.507637,linear,900,300,rastrigin,9,0.000000,0.000000,0.000000,0.000000,353.381065
3,0.500000,1.099883,quadratic,900,300,rastrigin,9,13.428108,24.112812,28.138390,7.203993,325.984130
3,3.316448,1.765111,linear,900,300,rastrigin,9,0.000000,0.000000,0.000000,5.421102,224.633265
3,3.316448,4.545940,linear,900,300,rastrigin,9,0.000000,1.927716,0.497478,11.355634,215.167980
3,3.316448,2.832683,linear,900,300,rastrigin,9,0.000000,0.000000,0.000000,6.303998,208.000865
3,3.882831,0.802409,linear,900,300,rastrigin,9,0.994957,3.544536,3.979832,2.801380,198.020005
3,7.295407,3.316448,linear,900,300,rastrigin,9,0.000000,10.384818,14.426788,12.623260,185.962215
3,6.231237,8.541316,linear,900,300,rastrigin,9,1.989964,20.630028,30.422043,16.588577,202.769375
3,3.316448,7.295407,linear,900,300,rastrigin,9,0.000000,7.464719,1.989918,15.449421,221.543250
3,8.541316,6.231237,linear,900,300,rastrigin,9,1.990326,10.591019,5.977242,18.593012,238.617915
3,3.882831,2.066557,linear,900,300,rastrigin,9,0.000000,0.000000,0.000000,0.000000,211.103775
3,7.295407,5.322296,linear,900,300,rastrigin,9,1.989914,19.792091,29.919441,14.375533,182.459400
3,3.882831,8.541316,linear,900,300,rastrigin,9,1.989922,14.610723,26.668760,12.957180,198.659845
3,3.882831,3.316448,linear,900,300,rastrigin,9,0.000000,0.062185,0.000000,9.926950,234.709070
3,3.882831,5.322296,linear,900,300,rastrigin,9,0.000000,8.332706,1.989914,13.114441,253.532945
3,4.545940,0.939444,linear,900,300,rastrigin,9,0.000000,0.310924,0.000000,5.347559,224.955660
3,10.000000,2.832683,linear,900,300,rastrigin,9,0.000000,7.963782,2.487404,13.248697,184.615190
3,4.545940,0.585390,linear,900,300,rastrigin,9,2.984871,5.410081,5.472269,4.153569,201.353020
3,5.322296,0.685363,linear,900,300,rastrigin,9,0.000000,1.554621,1.989914,5.736943,193.490585
3,0.685363,7.295407,quadratic,900,300,rastrigin,9,0.000000,0.000000,0.000000,0.000000,196.841745
3,8.541316,0.585390,linear,900,300,rastrigin,9,0.000000,0.000000,0.000000,0.355271,263.833390
3,4.545940,3.882831,linear,900,300,rastrigin,9,0.000000,8.083967,0.994959,12.941580,201.061840
3,5.322296,1.099883,linear,900,300,rastrigin,9,0.000000,0.000000,0.000000,6.303998,188.112945
3,6.231237,1.287720,linear,900,300,rastrigin,9,0.000000,0.000000,0.000000,6.303991,195.150590
3,4.545940,10.000000,linear,900,300,rastrigin,9,0.000015,10.403913,6.468750,16.215649,195.562545
3,6.231237,0.802409,linear,900,300,rastrigin,9,0.000000,0.186554,0.000000,0.474564,195.927420
3,4.545940,6.231237,linear,900,300,rastrigin,9,0.000000,13.609493,27.668362,17.516630,203.569295
3,4.545940,1.507637,linear,900,300,rastrigin,9,0.000000,0.000000,0.000000,0.000000,243.044615
3,7.295407,0.939444,linear,900,300,rastrigin,9,0.000000,0.000000,0.000000,0.000000,154.894095
3,5.322296,4.545940,linear,900,300,rastrigin,9,0.000000,10.494584,13.929295,13.189775,200.618185
3,6.231237,2.066557,linear,900,300,rastrigin,9,0.000000,0.062185,0.000000,9.926950,178.142450
3,7.295407,8.541316,linear,900,300,rastrigin,9,1.993092,20.144354,30.915081,14.675851,345.692965
3,10.000000,4.545940,linear,900,300,rastrigin,9,0.995094,14.955718,29.919470,14.135055,301.593655
3,8.541316,0.939444,linear,900,300,rastrigin,9,0.000000,0.000000,0.000000,0.000000,354.312410
3,0.802409,1.099883,quadratic,900,300,rastrigin,9,10.333855,17.431280,18.708891,10.060138,172.141925
3,0.802409,0.685363,quadratic,900,300,rastrigin,9,11.560265,20.398916,22.742174,8.216411,174.202965
3,10.000000,1.099883,linear,900,300,rastrigin,9,0.000000,0.000000,0.000000,7.448671,348.050095
3,0.500000,0.802409,quadratic,900,300,rastrigin,9,20.151188,28.617830,30.248352,7.869869,310.883950
3,8.541316,1.507637,linear,900,300,rastrigin,9,0.000000,0.000000,0.000000,5.406476,359.499955
3,10.000000,0.685363,linear,900,300,rastrigin,9,0.000000,0.000000,0.000000,0.000000,376.018480
3,0.685363,10.000000,quadratic,900,300,rastrigin,9,0.000000,0.000000,0.000000,0.000000,203.738555
3,10.000000,1.765111,linear,900,300,rastrigin,9,0.000000,7.897408,0.994957,12.958879,382.528140
3,8.541316,2.419483,linear,900,300,rastrigin,9,0.000000,13.183082,24.873718,11.843670,379.939625
3,0.500000,3.316448,quadratic,900,300,rastrigin,9,4.974804,11.820939,15.421844,6.459170,312.445490
3,8.541316,3.882831,linear,900,300,rastrigin,9,0.000137,5.170356,1.989956,12.843738,371.709955
3,0.500000,8.541316,quadratic,900,300,rastrigin,9,0.000000,0.000000,0.000000,0.355271,347.495435
3,0.500000,2.066557,quadratic,900,300,rastrigin,9,7.007153,14.855360,18.233814,8.121021,314.553705
3,8.541316,10.000000,linear,900,300,rastrigin,9,1.611671,10.455713,7.055328,16.295176,380.031115
3,0.500000,0.500000,quadratic,900,300,rastrigin,9,24.861012,34.369778,36.711151,7.554413,364.574875
3,7.295407,1.507637,linear,900,300,rastrigin,9,0.000000,0.000000,0.000000,5.421102,195.405910
3,10.000000,7.295407,linear,900,300,rastrigin,9,1.055367,10.942886,7.045822,13.617593,375.720245
3,0.802409,1.765111,quadratic,900,300,rastrigin,9,5.126877,11.599167,11.946875,7.026994,194.629425
3,0.802409,4.545940,quadratic,900,300,rastrigin,9,0.000000,0.808403,0.994957,0.958211,208.797170
3,0.802409,2.832683,quadratic,900,300,rastrigin,9,2.984871,6.405043,5.969749,7.472762,212.019660
3,0.585390,0.585390,quadratic,900,300,rastrigin,9,15.125328,34.356270,38.774124,8.399472,367.642745
3,5.322296,2.832683,linear,900,300,rastrigin,9,0.000000,9.514215,13.431816,12.295862,347.038965
3,6.231237,3.316448,linear,900,300,rastrigin,9,0.000000,6.778095,1.492435,12.862139,359.131390
3,6.231237,0.500000,linear,900,300,rastrigin,9,1.989914,3.295796,3.979828,1.804689,321.881810
3,0.939444,1.287720,quadratic,900,300,rastrigin,9,7.963058,13.790732,14.969711,4.936697,203.500335
3,0.939444,0.500000,quadratic,900,300,rastrigin,9,7.805103,22.344591,25.511705,7.588125,208.280180
3,0.500000,5.322296,quadratic,900,300,rastrigin,9,0.000000,3.793276,4.477308,4.305701,351.087870
3,5.322296,7.295407,linear,900,300,rastrigin,9,0.995544,17.571697,28.924644,13.247770,324.433895
3,7.295407,0.585390,linear,900,300,rastrigin,9,0.000000,0.435294,0.994957,1.154965,305.973005
3,6.231237,5.322296,linear,900,300,rastrigin,9,0.995102,14.250840,27.294668,13.194234,322.469200
3,7.295407,2.419483,linear,900,300,rastrigin,9,0.000000,9.638569,13.431816,14.656290,309.288295
3,0.939444,2.066557,quadratic,900,300,rastrigin,9,2.984879,10.897181,13.431931,5.123223,211.892540
3,0.939444,0.802409,quadratic,900,300,rastrigin,9,6.779087,21.043493,24.988365,8.127078,223.997565
3,0.802409,7.295407,quadratic,900,300,rastrigin,9,0.000000,0.000000,0.000000,0.000000,230.358705
3,0.585390,0.939444,quadratic,900,300,rastrigin,9,13.719128,25.680441,29.111996,8.351695,364.708090
3,0.939444,3.316448,quadratic,900,300,rastrigin,9,0.000000,2.363023,2.984871,1.831912,233.320840
3,0.939444,5.322296,quadratic,900,300,rastrigin,9,0.000000,0.000000,0.000000,0.000000,227.556470
3,1.099883,0.939444,quadratic,900,300,rastrigin,9,3.029953,13.087538,15.987059,9.144831,229.973485
3,0.939444,8.541316,quadratic,900,300,rastrigin,9,0.000000,0.000000,0.000000,0.000000,234.318840
3,7.295407,3.882831,linear,900,300,rastrigin,9,0.994957,15.511919,28.884026,13.603692,266.922410
3,1.099883,1.507637,quadratic,900,300,rastrigin,9,4.974907,12.108633,13.433750,6.778840,233.271300
3,7.295407,6.231237,linear,900,300,rastrigin,9,0.002609,13.956961,18.939816,13.347458,245.121085
3,1.099883,0.585390,quadratic,900,300,rastrigin,9,10.567879,19.481207,21.114737,7.399581,244.738410
3,0.585390,2.419483,quadratic,900,300,rastrigin,9,3.024426,10.782088,13.769920,4.311310,384.041685
3,0.585390,1.507637,quadratic,900,300,rastrigin,9,8.708485,19.556086,21.867899,7.632085,392.441275
3,0.585390,6.231237,quadratic,900,300,rastrigin,9,0.000000,0.559663,0.994957,0.788154,377.474110
3,1.099883,2.419483,quadratic,900,300,rastrigin,9,0.994957,3.295798,3.482355,2.238102,236.155140
3,8.541316,0.685363,linear,900,300,rastrigin,9,0.000000,0.000000,0.000000,6.288211,193.298510
3,0.685363,1.099883,quadratic,900,300,rastrigin,9,7.242912,19.702915,22.820438,7.796140,401.135345
3,0.685363,1.765111,quadratic,900,300,rastrigin,9,4.992912,11.981077,13.453783,10.305333,387.048930
3,0.585390,10.000000,quadratic,900,300,rastrigin,9,0.000000,0.000000,0.000000,0.000000,414.083075
3,1.099883,3.882831,quadratic,900,300,rastrigin,9,0.000000,0.000000,0.000000,0.355271,245.000150
3,0.685363,0.685363,quadratic,900,300,rastrigin,9,19.466553,25.358107,26.606094,9.193304,395.345850
3,0.585390,3.882831,quadratic,900,300,rastrigin,9,0.994957,5.721010,6.964731,6.596761,412.998560
3,10.000000,3.316448,linear,900,300,rastrigin,9,0.994999,21.189339,28.924480,14.531393,278.462955
3,3.882831,1.287720,linear,900,300,rastrigin,9,0.000000,0.000000,0.000000,0.355271,386.737790
3,0.685363,4.545940,quadratic,900,300,rastrigin,9,0.994957,3.606720,4.477308,2.447273,402.766885
3,0.685363,8.541316,quadratic,900,300,rastrigin,9,0.000000,0.000000,0.000000,0.000000,245.839370
3,3.882831,0.500000,linear,900,300,rastrigin,9,3.979843,9.700949,10.447781,5.137269,388.609010
3,4.545940,2.419483,linear,900,300,rastrigin,9,0.000000,0.000000,0.000000,5.414021,381.718375
3,0.685363,2.832683,quadratic,900,300,rastrigin,9,3.979862,7.959942,9.452101,5.683270,401.314955
3,5.322296,1.765111,linear,900,300,rastrigin,9,0.000000,0.000000,0.000000,6.303998,381.323935
3,0.500000,1.287720,quadratic,900,300,rastrigin,9,7.509129,19.668848,22.433229,6.714746,378.658390
3,8.541316,7.295407,linear,900,300,rastrigin,9,1.015533,7.863040,5.979162,12.660343,354.301560
3,1.287720,0.685363,quadratic,900,300,rastrigin,9,7.395546,18.530909,21.319862,7.390627,215.283235
3,1.099883,10.000000,quadratic,900,300,rastrigin,9,0.000000,3.295769,0.000000,14.270434,257.946975
3,1.099883,6.231237,quadratic,900,300,rastrigin,9,0.000000,0.000000,0.000000,0.000000,274.859990
3,1.287720,4.545940,quadratic,900,300,rastrigin,9,0.000000,0.000000,0.000000,0.000000,225.746035
3,1.287720,1.765111,quadratic,900,300,rastrigin,9,2.984871,7.710922,8.457142,3.475233,227.207120
3,1.287720,2.832683,quadratic,900,300,rastrigin,9,0.000000,0.621848,0.994957,1.356941,239.791995
3,1.287720,1.099883,quadratic,900,300,rastrigin,9,5.972492,13.123416,15.177404,7.515357,248.832845
3,1.507637,0.802409,quadratic,900,300,rastrigin,9,6.983578,15.978940,16.985073,7.083838,216.772025
3,1.287720,7.295407,quadratic,900,300,rastrigin,9,0.000000,0.000000,0.000000,0.000000,259.987765
3,1.507637,0.500000,quadratic,900,300,rastrigin,9,9.991436,17.353809,19.483175,10.114092,245.336980
3,10.000000,5.322296,linear,900,300,rastrigin,9,2.002300,17.262222,29.919729,15.774790,231.665980
3,0.802409,1.287720,quadratic,900,300,rastrigin,9,5.991604,17.351286,19.817320,6.437492,220.057905
3,0.500000,0.939444,quadratic,900,300,rastrigin,9,12.075455,28.271656,31.622656,10.896553,201.542810
3,0.802409,0.802409,quadratic,900,300,rastrigin,9,13.381775,26.288383,29.642508,6.777372,237.188275
3,0.500000,2.419483,quadratic,900,300,rastrigin,9,3.077667,12.032043,13.942009,5.209673,171.815610
3,0.500000,3.882831,quadratic,900,300,rastrigin,9,2.984913,9.083529,10.447069,5.819950,188.524670
3,8.541316,1.099883,linear,900,300,rastrigin,9,0.000000,0.000000,0.000000,6.303963,264.850400
3,0.802409,0.500000,quadratic,900,300,rastrigin,9,12.554310,26.749491,31.084972,11.463142,222.808200
3,7.295407,10.000000,linear,900,300,rastrigin,9,3.016720,13.520072,8.709526,12.984086,303.304170
3,0.802409,2.066557,quadratic,900,300,rastrigin,9,0.994972,10.268809,10.974886,6.222890,192.822245
3,0.585390,0.685363,quadratic,900,300,rastrigin,9,12.339737,26.664474,29.641203,10.065539,172.494105
3,1.507637,1.287720,quadratic,900,300,rastrigin,9,2.984879,8.022667,8.457714,4.089181,235.736825
3,0.802409,3.316448,quadratic,900,300,rastrigin,9,1.989914,4.042016,3.979832,2.157017,222.374450
3,0.802409,5.322296,quadratic,900,300,rastrigin,9,0.000000,0.000000,0.000000,0.216846,233.939725
3,0.500000,6.231237,quadratic,900,300,rastrigin,9,0.994957,2.300838,1.989914,1.242702,186.089805
3,0.939444,1.507637,quadratic,900,300,rastrigin,9,5.982208,13.138348,13.941452,6.477310,213.333960
3,10.000000,1.287720,linear,900,300,rastrigin,9,0.000000,3.171400,0.000000,11.706614,352.993790
3,0.939444,0.585390,quadratic,900,300,rastrigin,9,9.074841,22.474848,24.336824,8.171386,227.938550
3,0.585390,1.099883,quadratic,900,300,rastrigin,9,12.156052,22.371185,26.273294,7.665184,205.464455
3,0.939444,2.419483,quadratic,900,300,rastrigin,9,0.994957,6.715966,7.959663,4.420564,217.015420
3,0.802409,8.541316,quadratic,900,300,rastrigin,9,0.000000,0.000000,0.000000,0.000000,220.007280
3,0.939444,3.882831,quadratic,900,300,rastrigin,9,0.000000,0.559663,0.994957,5.297342,218.073555
3,1.099883,1.099883,quadratic,900,300,rastrigin,9,8.976398,17.269228,19.419020,5.632810,215.924325
3,0.939444,0.939444,quadratic,900,300,rastrigin,9,5.384113,16.934601,19.116295,6.456344,235.728475
3,0.939444,6.231237,quadratic,900,300,rastrigin,9,0.000000,0.000000,0.000000,0.000000,220.705870
3,1.099883,1.765111,quadratic,900,300,rastrigin,9,4.974792,8.582241,9.452101,4.283564,205.401170
3,8.541316,1.765111,linear,900,300,rastrigin,9,0.000000,4.663822,0.000000,11.933583,389.790665
3,10.000000,0.802409,linear,900,300,rastrigin,9,0.000000,0.000000,0.000000,0.000000,384.837445
3,0.939444,10.000000,quadratic,900,300,rastrigin,9,0.000000,0.000000,0.000000,5.421102,232.238245
3,1.099883,0.685363,quadratic,900,300,rastrigin,9,10.288445,21.175087,23.891758,8.355490,201.100055
3,8.541316,2.832683,linear,900,300,rastrigin,9,0.000000,5.720967,1.989916,12.772388,382.193470
3,10.000000,2.066557,linear,900,300,rastrigin,9,0.000000,16.273756,24.873808,12.084548,403.740540
3,0.500000,0.585390,quadratic,900,300,rastrigin,9,21.880386,33.547287,35.822296,8.463635,372.775920
3,10.000000,0.500000,linear,900,300,rastrigin,9,0.000000,0.000000,0.000000,0.355271,381.226960
3,1.099883,2.832683,quadratic,900,300,rastrigin,9,0.000000,2.860504,2.984877,7.271301,204.980825
3,8.541316,4.545940,linear,900,300,rastrigin,9,0.994980,11.152987,3.980497,13.983945,397.448995
3,0.500000,10.000000,quadratic,900,300,rastrigin,9,0.000000,0.000000,0.000000,0.000000,393.627015
3,0.585390,2.832683,quadratic,900,300,rastrigin,9,4.974812,10.634618,12.437578,5.327332,249.852255
3,10.000000,8.541316,linear,900,300,rastrigin,9,3.022308,15.498282,19.109369,15.902472,412.407355
3,0.585390,1.765111,quadratic,900,300,rastrigin,9,4.030746,17.654778,20.617386,7.774848,263.676510
3,1.507637,2.066557,quadratic,900,300,rastrigin,9,0.994957,3.047056,2.984873,1.697270,377.262720
3,1.507637,3.316448,quadratic,900,300,rastrigin,9,0.000000,0.000000,0.000000,0.000000,375.487350
3,0.585390,7.295407,quadratic,900,300,rastrigin,9,0.000000,0.000000,0.000000,0.355271,273.043850
3,1.099883,4.545940,quadratic,900,300,rastrigin,9,0.000000,0.000000,0.000000,0.216846,211.544040
3,1.765111,0.939444,quadratic,900,300,rastrigin,9,4.974892,11.193993,14.426914,7.256667,357.291670
3,1.765111,0.585390,quadratic,900,300,rastrigin,9,8.994392,17.606094,18.492809,6.657048,362.147540
3,1.765111,1.507637,quadratic,900,300,rastrigin,9,1.989914,5.285713,5.472269,7.104503,357.424170
3,1.765111,2.419483,quadratic,900,300,rastrigin,9,0.000000,0.062185,0.000000,0.430829,327.086105
3,1.507637,5.322296,quadratic,900,300,rastrigin,9,0.000000,0.000000,0.000000,0.000000,391.603670
3,1.507637,8.541316,quadratic,900,300,rastrigin,9,0.000000,11.131005,24.873726,12.650430,374.817955
3,2.066557,1.099883,quadratic,900,300,rastrigin,9,0.994957,4.415125,5.472267,4.518834,189.619540
3,1.765111,3.882831,quadratic,900,300,rastrigin,9,0.000000,0.000000,0.000000,0.000000,322.160710
3,1.765111,6.231237,quadratic,900,300,rastrigin,9,0.000000,11.006623,24.873718,12.480751,281.814940
3,1.287720,0.500000,quadratic,900,300,rastrigin,9,8.380890,23.002642,26.842720,10.204136,181.433390
3,1.099883,7.295407,quadratic,900,300,rastrigin,9,0.000000,0.000000,0.000000,0.000000,182.042945
3,1.287720,0.802409,quadratic,900,300,rastrigin,9,5.767151,15.256264,16.893124,6.551753,190.280405
3,1.287720,2.066557,quadratic,900,300,rastrigin,9,0.994957,3.606721,4.477306,3.307014,180.544950
3,1.287720,1.287720,quadratic,900,300,rastrigin,9,2.984879,10.703999,11.986946,4.900573,176.867915
3,0.802409,1.507637,quadratic,900,300,rastrigin,9,2.988342,13.808026,17.953146,6.511506,150.057270
3,1.287720,3.316448,quadratic,900,300,rastrigin,9,0.000000,0.000000,0.000000,0.216846,186.330350
3,0.802409,0.939444,quadratic,900,300,rastrigin,9,14.075314,26.716862,31.133263,9.910780,149.223260
3,1.287720,5.322296,quadratic,900,300,rastrigin,9,0.000000,0.000000,0.000000,0.000000,199.743030
3,0.685363,2.066557,quadratic,900,300,rastrigin,9,2.025181,14.242041,16.467369,7.899685,301.424380
3,0.685363,1.287720,quadratic,900,300,rastrigin,9,9.017387,16.615923,18.823597,9.120740,310.599010
3,1.507637,0.585390,quadratic,900,300,rastrigin,9,4.187386,17.272326,20.015160,9.786682,174.443165
3,1.507637,0.939444,quadratic,900,300,rastrigin,9,5.976067,14.313693,15.923590,5.001860,186.356495
3,1.287720,8.541316,quadratic,900,300,rastrigin,9,0.000000,6.280615,0.000000,12.146843,182.542085
3,2.419483,3.316448,quadratic,900,300,rastrigin,9,0.000000,0.000000,0.000000,0.000000,138.924990
3,2.066557,2.832683,quadratic,900,300,rastrigin,9,0.000000,0.000000,0.000000,0.000000,243.243530
3,2.419483,5.322296,quadratic,900,300,rastrigin,9,0.000000,11.317664,24.873728,12.658769,135.661990
3,0.685363,0.500000,quadratic,900,300,rastrigin,9,18.663582,31.027258,33.679054,8.107163,319.988585
3,0.685363,0.802409,quadratic,900,300,rastrigin,9,14.195808,22.781164,24.574781,8.032564,307.461350
3,0.802409,0.585390,quadratic,900,300,rastrigin,9,18.367302,28.115875,28.772650,7.999269,160.342760
3,0.585390,4.545940,quadratic,900,300,rastrigin,9,1.989914,5.161344,6.467224,4.057117,312.327705
3,0.802409,2.419483,quadratic,900,300,rastrigin,9,2.984875,8.457237,9.949581,4.601299,167.465920
3,2.832683,0.939444,quadratic,900,300,rastrigin,9,1.989914,4.726049,5.472267,2.479419,103.020495
3,1.507637,1.507637,quadratic,900,300,rastrigin,9,2.984871,8.146216,8.954617,5.105123,154.040515
3,0.802409,3.882831,quadratic,900,300,rastrigin,9,0.994957,2.922687,2.984871,2.230903,144.056515
3,2.066557,0.685363,quadratic,900,300,rastrigin,9,4.977768,10.440144,12.447554,4.333320,324.563425
3,0.685363,5.322296,quadratic,900,300,rastrigin,9,0.000000,0.870587,0.994957,0.867383,331.440765
3,0.939444,1.765111,quadratic,900,300,rastrigin,9,4.266594,8.980690,10.447071,4.377624,135.901465
3,0.802409,6.231237,quadratic,900,300,rastrigin,9,0.000000,0.000000,0.000000,0.000000,151.710855
3,1.765111,10.000000,quadratic,900,300,rastrigin,9,0.994957,17.066063,28.897341,18.703665,348.662935
3,0.685363,3.316448,quadratic,900,300,rastrigin,9,2.984871,6.094116,5.969749,4.216593,314.633790
3,2.066557,1.765111,quadratic,900,300,rastrigin,9,0.000000,0.932772,0.994957,5.463167,328.899370
3,0.939444,0.685363,quadratic,900,300,rastrigin,9,13.434254,21.412727,21.125532,7.831063,144.078395
3,0.500000,1.507637,quadratic,900,300,rastrigin,9,9.864590,20.766823,23.614979,10.422245,318.577915
3,1.099883,1.287720,quadratic,900,300,rastrigin,9,6.966515,13.714561,16.496885,7.055604,126.107100
3,2.066557,4.545940,quadratic,900,300,rastrigin,9,0.000000,0.000000,0.000000,8.095146,335.113730
3,0.939444,2.832683,quadratic,900,300,rastrigin,9,0.994957,4.788232,5.472263,3.859548,149.095420
3,0.939444,4.545940,quadratic,900,300,rastrigin,9,0.000000,0.000000,0.000000,0.000000,147.008370
3,2.066557,7.295407,quadratic,900,300,rastrigin,9,0.000000,12.016211,24.873779,13.245674,340.131470
3,2.419483,0.802409,quadratic,900,300,rastrigin,9,1.989914,8.457172,9.949652,5.228017,287.118305
3,0.802409,10.000000,quadratic,900,300,rastrigin,9,0.000000,0.000000,0.000000,6.303990,160.745955
3,1.099883,2.066557,quadratic,900,300,rastrigin,9,3.979832,8.457150,8.954691,4.869184,141.581205
3,2.419483,0.500000,quadratic,900,300,rastrigin,9,7.976189,15.396073,15.946564,5.566189,295.115850
3,2.419483,1.287720,quadratic,900,300,rastrigin,9,0.000000,2.611762,2.984871,2.163318,279.872385
3,1.099883,0.802409,quadratic,900,300,rastrigin,9,8.034691,17.939676,20.053421,8.035585,131.837845
3,1.099883,0.500000,quadratic,900,300,rastrigin,9,12.381218,25.178379,28.052471,6.423291,138.144710
3,2.419483,2.066557,quadratic,900,300,rastrigin,9,0.000000,0.000000,0.000000,0.000000,284.177055
3,0.939444,7.295407,quadratic,900,300,rastrigin,9,0.000000,0.000000,0.000000,0.000000,152.546420
3,0.939444,1.099883,quadratic,900,300,rastrigin,9,9.590939,17.338192,19.612705,6.829998,172.350165
3,2.419483,8.541316,quadratic,900,300,rastrigin,9,1.989925,18.073027,29.915871,16.737045,258.798415
3,2.832683,0.585390,quadratic,900,300,rastrigin,9,3.980099,12.452698,13.544237,8.140641,218.179450
3,2.832683,1.507637,quadratic,900,300,rastrigin,9,0.000000,0.062185,0.000000,0.430829,205.999985
3,1.099883,3.316448,quadratic,900,300,rastrigin,9,0.000000,0.808403,0.994957,1.171982,146.192955
3,2.832683,2.419483,quadratic,900,300,rastrigin,9,0.000000,0.000000,0.000000,0.000000,196.661160
3,3.882831,0.802409,quadratic,900,300,rastrigin,9,0.994957,3.979829,4.974787,2.159310,134.950015
3,3.882831,0.500000,quadratic,900,300,rastrigin,9,2.984886,8.585687,9.452133,5.729234,153.648450
3,1.099883,5.322296,quadratic,900,300,rastrigin,9,0.000000,0.000000,0.000000,0.000000,140.209550
3,3.316448,4.545940,quadratic,900,300,rastrigin,9,0.994957,15.691204,25.529305,14.497798,167.362635
3,2.066557,1.287720,quadratic,900,300,rastrigin,9,2.984871,4.539493,4.974789,1.581796,134.711375
3,2.832683,3.882831,quadratic,900,300,rastrigin,9,0.000000,0.310930,0.000000,10.273357,234.083145
3,1.287720,3.882831,quadratic,900,300,rastrigin,9,0.000000,0.000000,0.000000,0.000000,124.608795
3,1.287720,0.585390,quadratic,900,300,rastrigin,9,5.202618,16.397381,19.660011,8.109980,136.137895
3,1.287720,0.939444,quadratic,900,300,rastrigin,9,7.959930,18.550232,22.389740,8.105774,132.726535
3,3.316448,0.685363,quadratic,900,300,rastrigin,9,3.979836,7.462183,8.457138,3.826382,226.123890
3,1.287720,2.419483,quadratic,900,300,rastrigin,9,0.000000,2.673949,2.984875,4.015719,136.822470
3,3.882831,3.316448,quadratic,900,300,rastrigin,9,0.000000,16.172375,24.873775,13.694855,118.222940
3,1.287720,1.507637,quadratic,900,300,rastrigin,9,3.979836,7.710948,8.954622,5.997849,141.755240
3,1.099883,8.541316,quadratic,900,300,rastrigin,9,0.000000,0.000000,0.000000,5.415621,151.549750
3,3.882831,1.287720,quadratic,900,300,rastrigin,9,0.000000,0.000000,0.000000,0.000000,144.256675
3,2.832683,10.000000,quadratic,900,300,rastrigin,9,1.990002,14.205965,19.935047,17.477617,243.402980
3,3.882831,5.322296,quadratic,900,300,rastrigin,9,0.000050,17.254868,28.912430,17.443989,126.287865
3,1.287720,6.231237,quadratic,900,300,rastrigin,9,0.000000,0.000000,0.000000,5.414021,141.379805
3,2.832683,6.231237,quadratic,900,300,rastrigin,9,0.000008,23.508499,28.954193,12.445452,257.138355
3,3.882831,2.066557,quadratic,900,300,rastrigin,9,0.000000,0.000000,0.000000,0.000000,146.843645
3,1.507637,0.685363,quadratic,900,300,rastrigin,9,7.973728,12.541079,12.505295,9.880573,121.834855
3,3.316448,1.099883,quadratic,900,300,rastrigin,9,0.000000,0.684033,0.994957,0.736201,243.413370
3,1.507637,1.099883,quadratic,900,300,rastrigin,9,2.984886,10.650333,10.945221,8.210808,119.392725
3,3.316448,1.765111,quadratic,900,300,rastrigin,9,0.000000,0.000000,0.000000,0.000000,258.389295
3,3.316448,2.832683,quadratic,900,300,rastrigin,9,0.000000,0.000000,0.000000,5.406473,269.667210
3,1.287720,10.000000,quadratic,900,300,rastrigin,9,0.000000,11.136089,24.873720,13.220401,147.282150
3,1.507637,2.419483,quadratic,900,300,rastrigin,9,0.000000,0.373109,0.000000,1.071602,255.320245
3,4.545940,0.939444,quadratic,900,300,rastrigin,9,0.000000,0.000000,0.000000,0.474564,126.294190
3,1.507637,3.882831,quadratic,900,300,rastrigin,9,0.000000,0.000000,0.000000,0.000000,264.395885
3,3.316448,7.295407,quadratic,900,300,rastrigin,9,1.989918,11.324875,4.989210,15.642942,281.024015
3,1.765111,1.765111,quadratic,900,300,rastrigin,9,0.000000,1.989914,2.487392,2.599774,258.598690
3,1.765111,1.099883,quadratic,900,300,rastrigin,9,4.974789,9.203472,11.939493,6.836278,267.549250
3,1.765111,0.685363,quadratic,900,300,rastrigin,9,5.002396,13.822030,15.983322,5.409003,265.067600
3,1.765111,2.832683,quadratic,900,300,rastrigin,9,0.000000,0.000000,0.000000,0.216846,263.929290
3,1.507637,1.765111,quadratic,900,300,rastrigin,9,0.994957,4.726048,5.472267,3.276946,125.528145
3,1.507637,6.231237,quadratic,900,300,rastrigin,9,0.000000,0.000000,0.000000,8.081503,266.213005
3,4.545940,2.419483,quadratic,900,300,rastrigin,9,0.000000,4.850377,0.497480,11.759352,144.356320
3,4.545940,0.585390,quadratic,900,300,rastrigin,9,1.989914,4.352940,4.974789,2.857363,159.999965
3,1.507637,10.000000,quadratic,900,300,rastrigin,9,0.000000,14.065083,24.905334,15.108794,267.928655
3,1.765111,4.545940,quadratic,900,300,rastrigin,9,0.000000,0.000000,0.000000,0.000000,263.140915
3,1.765111,7.295407,quadratic,900,300,rastrigin,9,0.000000,11.317562,24.873722,12.551100,263.076200
3,2.066557,3.316448,quadratic,900,300,rastrigin,9,0.000000,0.000000,0.000000,0.000000,179.482310
3,3.882831,8.541316,quadratic,900,300,rastrigin,9,2.985657,11.533971,7.965614,13.113641,181.257745
3,5.322296,0.685363,quadratic,900,300,rastrigin,9,0.000000,0.621848,0.994957,0.764241,131.079450
3,4.545940,3.882831,quadratic,900,300,rastrigin,9,0.000004,17.201424,28.924662,15.755250,150.986020
3,2.419483,3.882831,quadratic,900,300,rastrigin,9,0.000000,0.000000,0.000000,5.406473,202.381050
3,2.832683,1.099883,quadratic,900,300,rastrigin,9,0.994957,2.176469,2.984871,2.381150,170.909030
3,2.419483,6.231237,quadratic,900,300,rastrigin,9,0.000000,9.244087,3.482353,12.901795,199.316410
3,4.545940,10.000000,quadratic,900,300,rastrigin,9,3.048660,7.955762,7.056877,11.966080,144.775140
3,5.322296,7.295407,quadratic,900,300,rastrigin,9,1.002579,17.113241,30.386765,13.579973,124.173805
3,6.231237,0.500000,quadratic,900,300,rastrigin,9,0.000000,2.487393,2.984871,2.112964,128.090650
3,4.545940,1.507637,quadratic,900,300,rastrigin,9,0.000000,0.000000,0.000000,0.000000,197.206600
3,5.322296,1.765111,quadratic,900,300,rastrigin,9,0.000000,0.000000,0.000000,9.949488,141.322570
3,5.322296,4.545940,quadratic,900,300,rastrigin,9,0.994987,13.769361,17.944790,13.249900,138.514085
3,6.231237,0.802409,quadratic,900,300,rastrigin,9,0.000000,0.000000,0.000000,0.000000,132.547365
3,6.231237,1.287720,quadratic,900,300,rastrigin,9,0.000000,0.000000,0.000000,0.000000,132.186990
3,6.231237,2.066557,quadratic,900,300,rastrigin,9,0.000000,13.056046,24.873726,12.684078,147.370395
3,6.231237,3.316448,quadratic,900,300,rastrigin,9,0.995071,24.491693,29.919687,14.277554,146.358400
3,6.231237,5.322296,quadratic,900,300,rastrigin,9,1.999737,12.502880,7.476015,18.924761,138.407615
3,6.231237,8.541316,quadratic,900,300,rastrigin,9,1.036602,21.499111,32.940704,15.756988,139.949290
3,2.832683,2.832683,quadratic,900,300,rastrigin,9,0.000000,0.000000,0.000000,0.000000,100.544295
3,7.295407,0.585390,quadratic,900,300,rastrigin,9,0.000000,0.000000,0.000000,0.000000,110.564565
3,2.066557,0.802409,quadratic,900,300,rastrigin,9,3.983070,9.515827,10.448294,6.625593,232.838045
3,3.316448,0.802409,quadratic,900,300,rastrigin,9,1.989914,4.352939,4.974785,1.987428,104.942005
3,7.295407,0.939444,quadratic,900,300,rastrigin,9,0.000000,0.000000,0.000000,0.000000,136.369350
3,2.066557,0.500000,quadratic,900,300,rastrigin,9,11.669258,17.898333,18.455837,7.895464,253.421855
3,2.832683,4.545940,quadratic,900,300,rastrigin,9,0.000000,12.872158,24.873718,15.157500,123.484235
3,2.066557,2.066557,quadratic,900,300,rastrigin,9,0.000000,0.000000,0.000000,0.298487,255.959265
3,5.322296,1.099883,quadratic,900,300,rastrigin,9,0.000000,0.000000,0.000000,0.000000,260.572295
3,4.545940,6.231237,quadratic,900,300,rastrigin,9,0.000179,11.422161,4.979416,16.939178,274.323165
3,2.066557,1.507637,quadratic,900,300,rastrigin,9,0.994957,3.544535,3.979828,5.172539,134.913225
3,2.066557,5.322296,quadratic,900,300,rastrigin,9,0.000000,4.912561,0.497478,11.797593,248.895180
3,7.295407,1.507637,quadratic,900,300,rastrigin,9,0.000000,14.053652,24.873718,12.015291,133.877575
3,7.295407,2.419483,quadratic,900,300,rastrigin,9,0.000000,11.994746,15.919214,13.670634,144.901325
3,7.295407,3.882831,quadratic,900,300,rastrigin,9,0.006092,8.164441,3.981298,16.162786,144.864330
3,2.419483,0.939444,quadratic,900,300,rastrigin,9,0.994957,6.653845,6.964706,7.357951,254.075880
3,8.541316,0.685363,quadratic,900,300,rastrigin,9,0.000000,0.000000,0.000000,0.000000,128.623300
3,7.295407,6.231237,quadratic,900,300,rastrigin,9,5.024803,19.737198,30.490414,14.484842,146.218605
3,7.295407,10.000000,quadratic,900,300,rastrigin,9,5.450317,17.759691,21.541721,11.840894,136.535150
3,3.882831,1.507637,quadratic,900,300,rastrigin,9,0.000000,0.000000,0.000000,0.000000,140.639215
3,5.322296,2.832683,quadratic,900,300,rastrigin,9,0.000000,18.604656,25.869209,13.691550,292.061235
3,3.316448,0.500000,quadratic,900,300,rastrigin,9,2.985111,7.655634,7.985489,6.805868,147.483600
3,2.419483,1.507637,quadratic,900,300,rastrigin,9,0.000000,0.497478,0.994957,0.848635,275.712965
3,2.419483,0.585390,quadratic,900,300,rastrigin,9,9.009598,15.642281,17.440826,7.504522,284.733670
3,8.541316,1.099883,quadratic,900,300,rastrigin,9,0.000000,0.000000,0.000000,8.081499,152.516120
3,8.541316,1.765111,quadratic,900,300,rastrigin,9,0.000000,12.694546,25.371361,17.653675,148.217485
3,2.066557,8.541316,quadratic,900,300,rastrigin,9,0.000000,13.640348,26.595058,13.490871,303.139225
3,3.882831,2.419483,quadratic,900,300,rastrigin,9,0.000000,0.000000,0.000000,0.000002,161.662070
3,2.419483,2.419483,quadratic,900,300,rastrigin,9,0.000000,0.000000,0.000000,0.000000,290.677070
3,8.541316,2.832683,quadratic,900,300,rastrigin,9,0.995163,16.639338,29.917786,15.884032,152.450440
3,2.832683,0.685363,quadratic,900,300,rastrigin,9,1.989925,10.820180,11.442078,6.001965,263.004920
3,2.832683,1.765111,quadratic,900,300,rastrigin,9,0.000000,0.000000,0.000000,0.000000,263.895925
3,8.541316,4.545940,quadratic,900,300,rastrigin,9,2.062420,21.602365,31.448021,12.282210,152.522770
3,2.419483,10.000000,quadratic,900,300,rastrigin,9,0.000034,14.262215,28.352495,18.282700,285.521915
3,4.545940,1.099883,quadratic,900,300,rastrigin,9,0.000000,0.000000,0.000000,0.000000,147.242760
3,3.882831,0.585390,quadratic,900,300,rastrigin,9,3.979828,8.332768,9.949575,4.630557,254.769680
3,3.316448,1.287720,quadratic,900,300,rastrigin,9,0.000000,0.000000,0.000000,0.000000,186.123230
3,3.882831,0.939444,quadratic,900,300,rastrigin,9,0.000000,1.243696,1.989914,1.146362,261.174060
3,2.832683,7.295407,quadratic,900,300,rastrigin,9,0.994957,12.330185,15.423290,13.578147,201.953695
3,3.316448,5.322296,quadratic,900,300,rastrigin,9,0.994957,15.515030,28.924515,18.961569,248.526270
3,3.882831,3.882831,quadratic,900,300,rastrigin,9,0.000000,12.634968,24.873755,15.498848,240.923360
3,3.882831,6.231237,quadratic,900,300,rastrigin,9,1.990040,21.351194,29.919586,15.810651,228.455360
3,3.316448,2.066557,quadratic,900,300,rastrigin,9,0.000000,0.000000,0.000000,0.000000,208.063610
3,8.541316,7.295407,quadratic,900,300,rastrigin,9,4.170765,14.577246,12.034336,16.130560,156.175035
3,4.545940,0.685363,quadratic,900,300,rastrigin,9,0.994957,2.798317,2.984873,2.422366,146.260910
3,4.545940,2.832683,quadratic,900,300,rastrigin,9,0.000000,14.371421,24.873726,12.604765,162.826775
3,1.507637,2.832683,quadratic,900,300,rastrigin,9,0.000000,0.000000,0.000000,0.355271,217.007265
3,3.316448,3.316448,quadratic,900,300,rastrigin,9,0.000000,3.171400,0.000000,11.368030,235.920120
3,5.322296,0.802409,quadratic,900,300,rastrigin,9,0.000000,0.000000,0.000000,0.397983,157.801075
3,5.322296,0.500000,quadratic,900,300,rastrigin,9,1.989914,4.290754,4.974785,5.578824,147.081200
3,2.066557,3.882831,quadratic,900,300,rastrigin,9,0.000000,0.000000,0.000000,0.000000,162.229630
3,3.882831,10.000000,quadratic,900,300,rastrigin,9,2.048004,10.280221,8.590866,12.111011,160.836335
3,4.545940,4.545940,quadratic,900,300,rastrigin,9,0.994961,16.899639,27.451162,15.051121,161.617935
3,4.545940,1.765111,quadratic,900,300,rastrigin,9,0.000000,0.000000,0.000000,6.303990,148.227645
3,6.231237,0.585390,quadratic,900,300,rastrigin,9,0.000000,0.559663,0.994957,1.018314,152.760575
3,5.322296,2.066557,quadratic,900,300,rastrigin,9,0.000000,0.124375,0.000000,13.293924,152.233570
3,1.765111,2.066557,quadratic,900,300,rastrigin,9,0.000000,1.181511,0.994957,1.301076,230.111105
3,6.231237,0.939444,quadratic,900,300,rastrigin,9,0.000000,0.000000,0.000000,0.000000,153.711695
3,5.322296,8.541316,quadratic,900,300,rastrigin,9,3.099277,15.025269,14.060652,12.321450,167.579905
3,1.507637,4.545940,quadratic,900,300,rastrigin,9,0.000000,0.000000,0.000000,0.000000,252.491765
3,1.765111,1.287720,quadratic,900,300,rastrigin,9,2.984875,7.773131,9.949575,4.175252,233.994750
3,5.322296,5.322296,quadratic,900,300,rastrigin,9,1.989918,18.346540,29.919621,16.600689,165.553495
3,6.231237,1.507637,quadratic,900,300,rastrigin,9,0.000000,1.616792,0.000000,10.744064,167.700365
3,3.316448,8.541316,quadratic,900,300,rastrigin,9,0.999397,11.653550,5.971319,13.702874,260.541005
3,6.231237,2.419483,quadratic,900,300,rastrigin,9,0.000000,16.145653,28.002235,13.167124,161.361105
3,2.066557,0.939444,quadratic,900,300,rastrigin,9,4.974796,8.581630,8.457161,4.836186,113.889775
3,6.231237,10.000000,quadratic,900,300,rastrigin,9,3.154800,13.918021,11.205980,13.243869,154.664845
3,6.231237,6.231237,quadratic,900,300,rastrigin,9,1.271984,14.308208,19.960136,13.886574,156.451705
3,1.765111,0.802409,quadratic,900,300,rastrigin,9,7.966805,13.397099,13.511623,8.092392,248.203150
3,6.231237,3.882831,quadratic,900,300,rastrigin,9,1.006844,24.546537,30.413519,13.674066,159.858905
3,7.295407,0.685363,quadratic,900,300,rastrigin,9,0.000000,0.000000,0.000000,0.000000,135.800830
3,1.765111,3.316448,quadratic,900,300,rastrigin,9,0.000000,0.000000,0.000000,0.000000,257.702420
3,1.507637,7.295407,quadratic,900,300,rastrigin,9,0.000000,1.741162,0.000000,11.434452,261.337765
3,2.066557,0.585390,quadratic,900,300,rastrigin,9,6.965343,13.875063,16.978779,7.160547,120.145840
3,2.832683,1.287720,quadratic,900,300,rastrigin,9,0.000000,0.994957,0.994957,1.278046,227.191085
3,1.765111,0.500000,quadratic,900,300,rastrigin,9,6.093628,16.108652,16.481487,7.684255,248.073955
3,1.765111,8.541316,quadratic,900,300,rastrigin,9,0.000000,17.475342,27.803806,14.714993,247.508395
3,7.295407,1.099883,quadratic,900,300,rastrigin,9,0.000000,0.000000,0.000000,0.000000,143.072690
3,1.765111,5.322296,quadratic,900,300,rastrigin,9,0.000000,0.000000,0.000000,9.374676,254.564470
3,2.419483,4.545940,quadratic,900,300,rastrigin,9,0.000000,4.726007,0.000000,11.829441,246.204250
3,2.419483,7.295407,quadratic,900,300,rastrigin,9,0.994957,11.361275,13.929363,15.706882,241.031845
3,2.832683,3.316448,quadratic,900,300,rastrigin,9,0.000000,0.000000,0.000000,7.448674,206.680185
3,10.000000,0.500000,quadratic,900,300,rastrigin,9,0.000000,0.000000,0.000000,0.000000,136.209385
3,2.066557,2.419483,quadratic,900,300,rastrigin,9,0.000000,0.000000,0.000000,0.000000,150.478625
3,3.316448,0.939444,quadratic,900,300,rastrigin,9,0.994957,2.487393,2.487394,3.521559,182.672000
3,2.832683,5.322296,quadratic,900,300,rastrigin,9,0.000008,14.152721,25.371489,15.211285,174.278685
3,7.295407,1.765111,quadratic,900,300,rastrigin,9,0.000000,13.254217,24.873890,13.403979,146.149770
3,8.541316,0.500000,quadratic,900,300,rastrigin,9,0.000000,0.000000,0.000000,0.596974,129.060485
3,7.295407,2.832683,quadratic,900,300,rastrigin,9,0.995068,14.137155,25.870893,16.012461,140.267790
3,7.295407,7.295407,quadratic,900,300,rastrigin,9,4.064598,18.563259,31.009218,15.122949,133.430795
3,7.295407,4.545940,quadratic,900,300,rastrigin,9,2.000298,12.725901,7.508018,16.594746,138.589335
3,5.322296,1.287720,quadratic,900,300,rastrigin,9,0.000000,0.000000,0.000000,0.000000,178.045035
3,3.316448,0.585390,quadratic,900,300,rastrigin,9,1.989914,7.679506,10.447060,6.614999,113.796525
3,8.541316,0.802409,quadratic,900,300,rastrigin,9,0.000000,0.000000,0.000000,0.000000,137.730855
3,3.882831,1.765111,quadratic,900,300,rastrigin,9,0.000000,0.000000,0.000000,0.000000,140.625505
3,4.545940,7.295407,quadratic,900,300,rastrigin,9,0.995018,10.634034,5.992062,13.572124,188.664930
3,2.066557,6.231237,quadratic,900,300,rastrigin,9,0.000000,11.193182,24.873720,15.211621,205.711785
3,8.541316,2.066557,quadratic,900,300,rastrigin,9,0.994957,21.545368,28.924259,15.076515,143.639895
3,3.316448,1.507637,quadratic,900,300,rastrigin,9,0.000000,0.000000,0.000000,0.000000,105.651370
3,8.541316,1.287720,quadratic,900,300,rastrigin,9,0.000000,7.835225,0.497501,12.828965,151.414100
3,8.541316,3.316448,quadratic,900,300,rastrigin,9,1.990211,17.952343,30.916334,18.730305,141.604635
3,3.882831,2.832683,quadratic,900,300,rastrigin,9,0.000000,6.280616,0.000000,12.691492,145.702795
3,2.832683,8.541316,quadratic,900,300,rastrigin,9,0.000118,21.111073,29.919548,12.204991,114.005970
3,4.545940,1.287720,quadratic,900,300,rastrigin,9,0.000000,0.000000,0.000000,0.000000,136.958405
3,8.541316,5.322296,quadratic,900,300,rastrigin,9,1.000435,15.654067,21.071150,15.463996,143.135905
3,3.316448,2.419483,quadratic,900,300,rastrigin,9,0.000000,0.000000,0.000000,0.000000,112.487575
3,2.419483,1.099883,quadratic,900,300,rastrigin,9,1.989914,5.099158,5.969742,4.665699,211.842955
3,10.000000,0.802409,quadratic,900,300,rastrigin,9,0.000000,0.000000,0.000000,0.000000,117.806945
3,3.316448,3.882831,quadratic,900,300,rastrigin,9,0.000000,11.006638,24.873718,12.866532,119.318410
3,8.541316,8.541316,quadratic,900,300,rastrigin,9,8.183899,12.532579,13.493046,8.340550,145.067225
3,5.322296,0.585390,quadratic,900,300,rastrigin,9,0.994957,2.487393,2.984871,1.910604,136.793045
3,5.322296,0.939444,quadratic,900,300,rastrigin,9,0.000000,0.000000,0.000000,0.000000,143.226225
3,4.545940,3.316448,quadratic,900,300,rastrigin,9,0.000000,13.862117,25.371225,16.992899,156.949050
3,5.322296,3.316448,quadratic,900,300,rastrigin,9,0.000011,10.329376,3.482357,14.136802,264.048395
3,10.000000,2.066557,quadratic,900,300,rastrigin,9,0.000633,19.102154,28.924597,12.576414,130.352610
3,2.419483,1.765111,quadratic,900,300,rastrigin,9,0.000000,0.000000,0.000000,0.216846,250.820610
3,6.231237,0.685363,quadratic,900,300,rastrigin,9,0.000000,0.000000,0.000000,0.000000,138.747905
3,10.000000,3.316448,quadratic,900,300,rastrigin,9,0.996780,11.244740,9.020021,16.000877,130.847390
3,10.000000,5.322296,quadratic,900,300,rastrigin,9,5.237556,13.963671,11.360584,12.105473,130.295430
3,4.545940,5.322296,quadratic,900,300,rastrigin,9,0.000084,11.030119,4.481653,16.649595,154.076380
3,5.322296,10.000000,quadratic,900,300,rastrigin,9,3.076981,10.490292,10.798685,11.445126,147.904190
3,5.322296,2.419483,quadratic,900,300,rastrigin,9,0.000000,9.887327,13.431816,13.254928,152.611580
3,6.231237,1.099883,quadratic,900,300,rastrigin,9,0.000000,0.000000,0.000000,0.000000,151.828120
3,3.316448,10.000000,quadratic,900,300,rastrigin,9,2.236877,15.970303,29.422348,13.526657,135.422650
3,2.419483,0.685363,quadratic,900,300,rastrigin,9,4.975330,10.155621,11.941395,7.074260,275.070605
3,5.322296,6.231237,quadratic,900,300,rastrigin,9,2.995129,14.149384,19.441263,13.556976,146.869510
3,6.231237,1.765111,quadratic,900,300,rastrigin,9,0.000000,3.420139,0.497478,11.247218,150.779850
3,6.231237,2.832683,quadratic,900,300,rastrigin,9,0.994957,13.445210,25.869701,17.329819,147.017330
3,7.295407,0.500000,quadratic,900,300,rastrigin,9,0.000000,1.057142,1.492435,0.958212,132.346380
3,2.419483,2.832683,quadratic,900,300,rastrigin,9,0.000000,0.000000,0.000000,0.000000,285.452960
3,2.066557,10.000000,quadratic,900,300,rastrigin,9,0.994972,18.003262,29.919540,17.378103,290.913735
3,2.832683,2.066557,quadratic,900,300,rastrigin,9,0.000000,0.000000,0.000000,0.000000,277.889565
3,2.832683,0.802409,quadratic,900,300,rastrigin,9,3.979839,6.653778,6.964706,3.893070,282.222920
3,2.832683,0.500000,quadratic,900,300,rastrigin,9,4.041367,11.843752,12.959843,9.341600,272.540100
3,6.231237,7.295407,quadratic,900,300,rastrigin,9,3.237747,13.587118,10.770388,13.328436,141.859905
3,0.500000,0.585390,exponential_3,900,300,rastrigin,9,18.637745,32.493279,37.180641,9.684636,141.176535
3,3.882831,1.099883,quadratic,900,300,rastrigin,9,0.000000,0.000000,0.000000,0.355271,267.603495
3,6.231237,4.545940,quadratic,900,300,rastrigin,9,1.990849,18.254232,29.919933,13.163675,140.116450
3,7.295407,0.802409,quadratic,900,300,rastrigin,9,0.000000,0.000000,0.000000,0.000000,132.283870
3,3.882831,0.685363,quadratic,900,300,rastrigin,9,2.984871,5.410082,5.969746,2.908868,296.967765
3,3.316448,6.231237,quadratic,900,300,rastrigin,9,0.994965,12.526150,16.450808,16.554998,291.670460
3,4.545940,0.802409,quadratic,900,300,rastrigin,9,0.000000,1.057142,0.994957,0.911894,272.388335
3,3.882831,7.295407,quadratic,900,300,rastrigin,9,2.985580,20.960501,30.412552,12.210945,285.958655
3,0.500000,0.939444,exponential_3,900,300,rastrigin,9,14.311569,27.123110,31.346333,8.770538,157.282660
3,3.882831,4.545940,quadratic,900,300,rastrigin,9,0.000000,16.550953,27.361008,13.006937,302.079250
3,4.545940,0.500000,quadratic,900,300,rastrigin,9,1.989918,5.783192,6.964705,3.138060,268.989490
3,4.545940,2.066557,quadratic,900,300,rastrigin,9,0.000000,0.000000,0.000000,5.421102,267.707570
3,0.500000,1.507637,exponential_3,900,300,rastrigin,9,13.253551,22.067770,23.088667,7.290628,177.211870
3,10.000000,1.287720,quadratic,900,300,rastrigin,9,0.000000,14.488985,24.873724,14.216640,277.506120
3,7.295407,1.287720,quadratic,900,300,rastrigin,9,0.000000,0.000000,0.000000,7.448673,147.524695
3,10.000000,0.585390,quadratic,900,300,rastrigin,9,0.000000,0.000000,0.000000,6.303998,148.320355
3,10.000000,8.541316,quadratic,900,300,rastrigin,9,4.021282,15.416860,14.574501,13.938656,249.411895
3,8.541316,0.585390,quadratic,900,300,rastrigin,9,0.000000,0.000000,0.000000,0.000000,140.070215
3,0.500000,2.419483,exponential_3,900,300,rastrigin,9,7.124344,14.377885,16.254738,4.556025,194.786295
3,7.295407,2.066557,quadratic,900,300,rastrigin,9,0.000000,13.512984,24.873999,14.800238,151.533625
3,0.685363,1.287720,exponential_3,900,300,rastrigin,9,10.381275,17.937599,20.510719,6.636847,132.845900
3,7.295407,5.322296,quadratic,900,300,rastrigin,9,1.026443,16.124649,23.936691,12.176373,146.764145
3,7.295407,3.316448,quadratic,900,300,rastrigin,9,0.994980,16.453028,29.422016,15.906817,152.310555
3,0.500000,3.882831,exponential_3,900,300,rastrigin,9,3.979874,8.402962,8.457336,6.451392,200.472260
3,7.295407,8.541316,quadratic,900,300,rastrigin,9,3.556801,15.743015,17.320333,17.708614,151.793405
3,0.585390,4.545940,exponential_3,900,300,rastrigin,9,2.984871,8.332775,9.452110,4.028036,170.211555
3,0.685363,2.066557,exponential_3,900,300,rastrigin,9,5.033192,12.875430,15.007481,5.848447,137.847645
3,8.541316,0.939444,quadratic,900,300,rastrigin,9,0.000000,0.000000,0.000000,0.000000,157.661755
3,0.500000,10.000000,exponential_3,900,300,rastrigin,9,0.000000,1.119327,1.989914,6.135943,212.127745
3,5.322296,1.507637,quadratic,900,300,rastrigin,9,0.000000,0.000000,0.000000,0.000000,165.922210
3,4.545940,8.541316,quadratic,900,300,rastrigin,9,2.054356,16.370777,30.445427,13.553787,150.279945
3,0.500000,6.231237,exponential_3,900,300,rastrigin,9,1.989914,4.042016,4.974789,5.779924,222.638215
3,0.685363,5.322296,exponential_3,900,300,rastrigin,9,1.989914,2.922689,2.984875,2.804912,135.323155
3,8.541316,2.419483,quadratic,900,300,rastrigin,9,0.994961,17.567230,28.924618,15.494353,153.288140
3,0.802409,1.507637,exponential_3,900,300,rastrigin,9,5.247192,10.372911,11.971336,5.573759,113.258465
3,0.585390,1.099883,exponential_3,900,300,rastrigin,9,9.084061,20.945866,23.594414,8.690483,222.324050
3,0.585390,0.685363,exponential_3,900,300,rastrigin,9,14.244690,28.094538,31.030376,7.723744,228.530835
3,8.541316,3.882831,quadratic,900,300,rastrigin,9,2.988625,16.367296,29.923325,13.066011,150.760645
3,8.541316,6.231237,quadratic,900,300,rastrigin,9,3.031460,10.683315,10.211287,12.208330,139.418650
3,0.585390,2.832683,exponential_3,900,300,rastrigin,9,4.991478,11.018686,11.605757,6.931104,213.143130
3,8.541316,1.507637,quadratic,900,300,rastrigin,9,0.000000,11.341862,24.873718,12.678490,157.473565
3,0.802409,0.585390,exponential_3,900,300,rastrigin,9,13.134083,25.116795,27.018822,8.848422,143.502285
3,0.585390,1.765111,exponential_3,900,300,rastrigin,9,6.802357,18.549692,22.039707,8.131184,225.884605
3,0.585390,7.295407,exponential_3,900,300,rastrigin,9,0.000000,1.803360,1.989914,1.056483,212.773760
3,0.685363,0.500000,exponential_3,900,300,rastrigin,9,18.187115,28.872765,31.096136,10.579740,226.974310
3,0.802409,3.882831,exponential_3,900,300,rastrigin,9,0.000000,4.539495,5.472267,2.199622,129.755125
3,0.685363,0.802409,exponential_3,900,300,rastrigin,9,11.365292,23.889704,27.343035,9.554871,220.932220
3,0.802409,6.231237,exponential_3,900,300,rastrigin,9,0.000000,1.492436,1.989914,5.556594,132.713145
3,8.541316,10.000000,quadratic,900,300,rastrigin,9,4.050739,13.570947,16.120586,9.186478,149.086535
3,0.802409,10.000000,exponential_3,900,300,rastrigin,9,0.000000,0.373109,0.497478,7.956127,142.769110
3,5.322296,3.882831,quadratic,900,300,rastrigin,9,0.000000,18.628984,28.924625,14.948067,136.668640
3,0.685363,3.316448,exponential_3,900,300,rastrigin,9,0.994987,7.400045,8.954643,4.745348,213.590010
3,0.939444,0.685363,exponential_3,900,300,rastrigin,9,13.082539,23.815609,26.746017,7.697648,118.793975
3,0.685363,8.541316,exponential_3,900,300,rastrigin,9,0.000000,0.994957,0.994957,9.876966,206.763745
3,0.939444,1.099883,exponential_3,900,300,rastrigin,9,4.774563,19.089310,22.626270,8.515843,127.309475
3,0.939444,1.765111,exponential_3,900,300,rastrigin,9,3.980103,9.820946,12.015497,6.025079,117.593525
3,0.802409,0.939444,exponential_3,900,300,rastrigin,9,13.359585,22.192087,23.772846,5.872630,222.077985
3,0.802409,2.419483,exponential_3,900,300,rastrigin,9,2.984955,8.334773,9.452137,4.899987,198.297995
3,0.939444,2.832683,exponential_3,900,300,rastrigin,9,2.984871,7.400000,7.959661,3.009642,121.636165
3,0.939444,4.545940,exponential_3,900,300,rastrigin,9,0.994957,1.741175,1.989914,1.253607,124.861085
3,0.939444,7.295407,exponential_3,900,300,rastrigin,9,0.000000,0.497478,0.994957,9.329387,126.165950
3,10.000000,0.939444,quadratic,900,300,rastrigin,9,0.000000,0.000000,0.000000,5.406473,217.603150
3,1.099883,1.287720,exponential_3,900,300,rastrigin,9,8.956230,14.497490,15.930851,4.368796,124.945415
3,1.099883,3.316448,exponential_3,900,300,rastrigin,9,0.000000,3.171427,3.482351,2.599773,125.747940
3,1.099883,2.066557,exponential_3,900,300,rastrigin,9,3.979836,7.586700,8.457159,5.403099,127.553685
3,1.099883,5.322296,exponential_3,900,300,rastrigin,9,0.000000,0.746218,0.994957,5.482160,124.376995
3,10.000000,2.419483,quadratic,900,300,rastrigin,9,0.996857,18.198364,29.919687,13.340858,205.536690
3,1.287720,3.882831,exponential_3,900,300,rastrigin,9,0.000000,1.119327,0.994957,0.915956,123.438670
3,10.000000,3.882831,quadratic,900,300,rastrigin,9,2.044079,10.404528,7.753101,12.053652,174.794255
3,1.099883,0.500000,exponential_3,900,300,rastrigin,9,13.054077,24.390911,28.634872,10.994006,161.096310
3,10.000000,6.231237,quadratic,900,300,rastrigin,9,2.907471,14.467453,13.669714,11.586098,175.377315
3,1.507637,0.685363,exponential_3,900,300,rastrigin,9,8.756302,15.343299,18.272551,5.971250,123.043680
3,0.500000,0.685363,exponential_3,900,300,rastrigin,9,17.388092,28.032028,31.635630,10.091718,143.506415
3,1.287720,10.000000,exponential_3,900,300,rastrigin,9,0.000000,0.000000,0.000000,9.374676,147.189190
3,0.500000,1.099883,exponential_3,900,300,rastrigin,9,15.536140,26.237328,27.546808,7.789248,145.585810
3,1.099883,0.802409,exponential_3,900,300,rastrigin,9,11.535995,17.428665,19.426096,6.048404,222.435470
3,1.765111,0.939444,exponential_3,900,300,rastrigin,9,3.998726,9.959055,11.939871,5.700455,136.646635
3,1.765111,1.287720,exponential_3,900,300,rastrigin,9,1.989964,7.213946,7.959667,4.331087,137.331705
3,0.500000,1.765111,exponential_3,900,300,rastrigin,9,6.060387,21.156872,24.914087,10.575861,149.915440
3,10.000000,0.685363,quadratic,900,300,rastrigin,9,0.000000,0.000000,0.000000,0.000000,148.192555
3,1.765111,1.765111,exponential_3,900,300,rastrigin,9,1.989914,4.166386,4.974789,5.839563,137.593420
3,1.765111,2.419483,exponential_3,900,300,rastrigin,9,0.000000,1.430251,1.989914,1.102339,134.590640
3,0.685363,1.507637,exponential_3,900,300,rastrigin,9,4.053436,15.213170,18.295149,9.498644,138.171115
3,1.765111,3.316448,exponential_3,900,300,rastrigin,9,0.000000,0.684033,0.994957,7.534563,141.419435
3,1.765111,4.545940,exponential_3,900,300,rastrigin,9,0.000000,2.052086,0.994957,11.303136,138.189645
3,0.500000,4.545940,exponential_3,900,300,rastrigin,9,4.974789,9.141178,10.447067,5.719821,150.684595
3,1.287720,0.939444,exponential_3,900,300,rastrigin,9,7.104916,17.381540,20.463722,8.511984,258.538750
3,1.765111,6.231237,exponential_3,900,300,rastrigin,9,0.000000,3.420139,0.994957,11.320576,144.855950
3,1.099883,8.541316,exponential_3,900,300,rastrigin,9,0.000000,0.186555,0.000000,9.889576,270.288785
3,0.685363,6.231237,exponential_3,900,300,rastrigin,9,0.000000,1.989914,1.989914,0.999921,134.325345
3,2.066557,0.685363,exponential_3,900,300,rastrigin,9,3.999947,10.744936,12.008472,7.520395,137.285725
3,1.287720,0.585390,exponential_3,900,300,rastrigin,9,6.917858,20.341362,22.316168,8.427872,277.739960
3,1.287720,2.419483,exponential_3,900,300,rastrigin,9,0.994957,3.357983,3.482357,2.494842,281.617125
3,0.585390,0.500000,exponential_3,900,300,rastrigin,9,14.200905,33.335907,39.929283,11.038759,169.809810
3,1.287720,1.507637,exponential_3,900,300,rastrigin,9,3.980232,9.395532,9.951071,4.440325,290.936370
3,2.066557,0.939444,exponential_3,900,300,rastrigin,9,5.970520,11.211038,12.440451,4.235384,140.521220
3,2.066557,1.287720,exponential_3,900,300,rastrigin,9,1.989914,5.596773,5.969803,6.148562,142.860515
3,2.066557,1.765111,exponential_3,900,300,rastrigin,9,0.000000,2.425209,2.984871,5.830448,143.637315
3,0.500000,7.295407,exponential_3,900,300,rastrigin,9,0.000000,3.109243,3.482351,7.330962,176.391245
3,0.802409,0.685363,exponential_3,900,300,rastrigin,9,16.758881,24.749493,26.729513,8.540457,135.620550
3,1.507637,1.099883,exponential_3,900,300,rastrigin,9,7.091713,11.961416,13.483747,4.223542,284.572820
3,1.287720,6.231237,exponential_3,900,300,rastrigin,9,0.000000,0.684033,0.994957,7.256136,299.525515
3,0.585390,1.287720,exponential_3,900,300,rastrigin,9,9.091202,18.135841,22.060944,10.098797,191.373205
3,0.802409,4.545940,exponential_3,900,300,rastrigin,9,0.994957,3.171427,3.482351,5.274170,137.780000
3,1.507637,1.765111,exponential_3,900,300,rastrigin,9,3.979828,6.280672,6.467226,5.778219,304.986695
3,0.585390,3.316448,exponential_3,900,300,rastrigin,9,1.992794,8.769923,10.447975,4.529675,188.632215
3,1.507637,2.832683,exponential_3,900,300,rastrigin,9,0.000000,1.554620,1.989914,7.307288,305.731305
3,1.507637,4.545940,exponential_3,900,300,rastrigin,9,0.000000,0.559663,0.497478,9.184968,306.858735
3,0.802409,7.295407,exponential_3,900,300,rastrigin,9,0.000000,0.808403,0.994957,7.212348,140.039965
3,0.585390,0.802409,exponential_3,900,300,rastrigin,9,11.139137,25.041492,29.866470,9.939058,206.002320
3,1.765111,0.500000,exponential_3,900,300,rastrigin,9,12.231079,21.356997,23.505974,8.053497,308.801495
3,1.765111,0.685363,exponential_3,900,300,rastrigin,9,5.974209,14.089132,16.961138,7.484531,307.700765
3,0.939444,0.500000,exponential_3,900,300,rastrigin,9,11.613995,22.019419,22.497889,9.432068,139.453310
3,2.066557,2.419483,exponential_3,900,300,rastrigin,9,0.000000,1.305881,1.989914,5.458637,145.959080
3,1.507637,7.295407,exponential_3,900,300,rastrigin,9,0.000000,4.850377,0.497482,11.828911,319.021435
3,10.000000,1.507637,quadratic,900,300,rastrigin,9,0.000000,10.949618,13.562994,14.028744,325.946745
3,0.939444,1.287720,exponential_3,900,300,rastrigin,9,5.094788,13.086546,15.223146,6.176657,148.769815
3,10.000000,10.000000,quadratic,900,300,rastrigin,9,1.872780,19.148386,21.873747,13.242011,324.851785
3,0.500000,2.832683,exponential_3,900,300,rastrigin,9,7.072075,11.987764,14.428501,4.897468,315.903145
3,0.585390,2.066557,exponential_3,900,300,rastrigin,9,4.073982,13.631396,15.433958,5.045811,220.563925
3,0.939444,2.066557,exponential_3,900,300,rastrigin,9,5.969749,10.326878,10.952316,3.837299,150.659470
3,0.585390,5.322296,exponential_3,900,300,rastrigin,9,1.989914,4.974789,5.472269,5.749229,293.886165
3,0.685363,2.419483,exponential_3,900,300,rastrigin,9,1.990406,11.765382,12.440220,4.896219,294.612815
3,1.765111,8.541316,exponential_3,900,300,rastrigin,9,0.000000,4.788192,0.000000,12.393799,285.689105
3,0.585390,8.541316,exponential_3,900,300,rastrigin,9,0.000000,1.430251,1.989914,5.362350,224.812115
3,2.066557,0.500000,exponential_3,900,300,rastrigin,9,11.374409,18.263721,19.063917,8.586874,285.825565
3,0.802409,1.765111,exponential_3,900,300,rastrigin,9,6.000145,13.241198,16.423264,6.368974,271.146850
3,0.939444,3.316448,exponential_3,900,300,rastrigin,9,1.989914,4.352941,4.477310,2.857365,156.045665
3,0.939444,5.322296,exponential_3,900,300,rastrigin,9,0.000000,1.243696,0.994957,7.371357,160.386245
3,0.939444,8.541316,exponential_3,900,300,rastrigin,9,0.000000,0.621848,0.994957,10.155152,162.649285
3,1.099883,1.507637,exponential_3,900,300,rastrigin,9,2.989376,11.572462,12.934479,5.406625,158.506165
3,0.685363,0.585390,exponential_3,900,300,rastrigin,9,10.431004,29.477940,32.217636,8.511205,242.905745
3,1.099883,2.419483,exponential_3,900,300,rastrigin,9,1.989918,5.099161,5.969748,2.354500,157.086900
3,1.099883,3.882831,exponential_3,900,300,rastrigin,9,0.994957,2.114284,1.989914,1.768676,163.562280
3,0.685363,0.939444,exponential_3,900,300,rastrigin,9,8.855232,19.152925,21.539328,10.758965,236.514240
3,2.066557,3.316448,exponential_3,900,300,rastrigin,9,0.000000,0.310924,0.000000,8.120414,212.367915
3,1.099883,6.231237,exponential_3,900,300,rastrigin,9,0.000000,0.497479,0.994957,5.306678,169.151400
3,0.939444,0.802409,exponential_3,900,300,rastrigin,9,10.853638,20.980772,22.274431,9.678708,208.275605
3,1.287720,4.545940,exponential_3,900,300,rastrigin,9,0.000000,0.621848,0.994957,7.892362,161.534075
3,0.685363,3.882831,exponential_3,900,300,rastrigin,9,2.984875,6.094131,7.462181,2.765813,234.939600
3,1.507637,0.802409,exponential_3,900,300,rastrigin,9,6.977234,17.045712,19.142540,8.560167,157.798945
3,1.099883,0.939444,exponential_3,900,300,rastrigin,9,7.019119,16.234488,18.016108,9.140559,137.482535
3,1.765111,1.099883,exponential_3,900,300,rastrigin,9,2.987396,9.516283,10.945206,6.380109,140.891555
3,1.507637,0.500000,exponential_3,900,300,rastrigin,9,11.293594,19.595646,21.326578,8.510375,160.053170
3,1.765111,1.507637,exponential_3,900,300,rastrigin,9,0.995010,6.653816,8.457144,4.889221,154.342730
3,0.685363,10.000000,exponential_3,900,300,rastrigin,9,0.000000,2.238641,0.994957,10.851676,253.263225
3,0.802409,2.832683,exponential_3,900,300,rastrigin,9,1.989918,5.472312,5.969749,5.256317,241.260510
3,1.287720,1.099883,exponential_3,900,300,rastrigin,9,3.992115,10.847382,13.061741,7.969571,110.424825
3,0.685363,1.765111,exponential_3,900,300,rastrigin,9,5.438980,14.170220,16.461840,7.896534,144.415050
3,1.765111,2.066557,exponential_3,900,300,rastrigin,9,0.994957,3.109241,3.979828,2.486894,153.917540
3,2.066557,4.545940,exponential_3,900,300,rastrigin,9,0.000000,0.373109,0.497478,9.243078,159.717165
3,1.765111,2.832683,exponential_3,900,300,rastrigin,9,0.994957,1.243696,0.994957,5.149519,152.427300
3,0.802409,1.099883,exponential_3,900,300,rastrigin,9,8.224052,17.704063,19.143661,7.311019,260.528375
3,1.099883,10.000000,exponential_3,900,300,rastrigin,9,0.000000,0.186554,0.000000,10.435883,114.312845
3,1.765111,3.882831,exponential_3,900,300,rastrigin,9,0.000000,0.746218,0.994957,9.770147,153.587335
3,1.765111,5.322296,exponential_3,900,300,rastrigin,9,0.000000,1.989902,0.497482,10.675549,156.273695
3,10.000000,1.099883,quadratic,900,300,rastrigin,9,0.000000,10.944438,24.873718,12.579506,271.269730
3,1.765111,7.295407,exponential_3,900,300,rastrigin,9,0.000000,0.310925,0.000010,12.915895,146.574570
3,2.066557,0.802409,exponential_3,900,300,rastrigin,9,5.064697,11.103868,12.941334,6.260605,127.308930
3,0.685363,7.295407,exponential_3,900,300,rastrigin,9,0.000000,1.181511,0.994957,9.176214,137.320590
3,2.066557,1.099883,exponential_3,900,300,rastrigin,9,2.984875,6.840402,7.959679,3.324755,111.384310
3,1.099883,0.585390,exponential_3,900,300,rastrigin,9,15.627544,20.347193,21.432713,4.579834,260.288375
3,10.000000,4.545940,quadratic,900,300,rastrigin,9,2.327229,19.453308,30.940765,14.923546,271.017630
3,1.287720,0.685363,exponential_3,900,300,rastrigin,9,12.402679,20.353104,23.635862,7.600661,146.648095
3,0.500000,0.802409,exponential_3,900,300,rastrigin,9,19.786266,31.567383,35.646862,9.950515,256.623190
3,1.287720,2.832683,exponential_3,900,300,rastrigin,9,0.994957,3.171427,3.482351,1.987427,145.155605
3,10.000000,2.832683,quadratic,900,300,rastrigin,9,1.991364,18.763573,30.436455,15.548279,289.925440
3,2.066557,1.507637,exponential_3,900,300,rastrigin,9,0.994957,3.917647,3.979834,2.857365,126.609810
3,10.000000,7.295407,quadratic,900,300,rastrigin,9,2.896175,14.915739,12.606991,15.317011,270.884990
3,0.500000,1.287720,exponential_3,900,300,rastrigin,9,11.628826,21.500271,21.200634,9.492718,252.739040
3,0.500000,2.066557,exponential_3,900,300,rastrigin,9,7.089828,16.366034,17.573565,5.011956,249.364835
3,2.066557,2.066557,exponential_3,900,300,rastrigin,9,0.000000,1.554621,1.989914,1.697271,132.325065
3,0.500000,5.322296,exponential_3,900,300,rastrigin,9,0.994961,5.347898,6.964703,4.514762,224.293020
3,0.802409,0.802409,exponential_3,900,300,rastrigin,9,19.955322,28.535866,30.772873,7.184799,130.376895
3,0.802409,5.322296,exponential_3,900,300,rastrigin,9,0.000000,1.741175,1.989914,5.864939,113.351975
3,0.802409,8.541316,exponential_3,900,300,rastrigin,9,0.000000,0.497478,0.994957,8.799956,120.060795
3,1.287720,1.765111,exponential_3,900,300,rastrigin,9,4.974854,9.327744,8.954695,3.792269,186.470975
3,0.939444,0.585390,exponential_3,900,300,rastrigin,9,14.514549,25.449699,26.053455,9.979138,118.241710
3,0.585390,0.585390,exponential_3,900,300,rastrigin,9,19.882229,29.996763,32.573071,7.707034,203.116720
3,2.066557,2.832683,exponential_3,900,300,rastrigin,9,0.000000,0.932772,0.994957,6.318003,126.422625
3,0.939444,1.507637,exponential_3,900,300,rastrigin,9,2.998928,13.894982,17.471687,6.218359,124.520595
3,0.500000,8.541316,exponential_3,900,300,rastrigin,9,0.000000,1.741175,1.989914,5.753527,189.051330
3,0.939444,2.419483,exponential_3,900,300,rastrigin,9,3.979832,8.022360,7.959723,5.593725,121.370245
3,0.585390,1.507637,exponential_3,900,300,rastrigin,9,8.612740,18.104715,18.388796,9.475432,184.982130
3,1.099883,1.765111,exponential_3,900,300,rastrigin,9,1.989964,7.650820,8.954636,5.159016,124.696560
3,0.939444,6.231237,exponential_3,900,300,rastrigin,9,0.000000,0.435294,0.497478,6.209632,127.261375
3,0.939444,3.882831,exponential_3,900,300,rastrigin,9,0.000000,2.984873,2.984877,7.950269,127.969290
3,0.939444,10.000000,exponential_3,900,300,rastrigin,9,0.000000,2.114271,0.994957,10.539414,135.222545
3,0.585390,3.882831,exponential_3,900,300,rastrigin,9,3.979832,7.655407,9.007786,4.181137,193.902135
3,1.099883,2.832683,exponential_3,900,300,rastrigin,9,0.994957,3.731092,4.477310,2.051158,131.539735
3,0.585390,0.939444,exponential_3,900,300,rastrigin,9,13.696976,26.511000,30.058180,8.543116,188.905000
3,1.507637,1.287720,exponential_3,900,300,rastrigin,9,3.979832,9.643018,10.450180,6.566721,230.314275
3,0.585390,2.419483,exponential_3,900,300,rastrigin,9,8.479172,14.865362,15.956156,6.638659,169.535065
3,1.099883,4.545940,exponential_3,900,300,rastrigin,9,0.000000,0.808403,0.994957,0.826474,136.774500
3,0.585390,10.000000,exponential_3,900,300,rastrigin,9,0.000000,0.559663,0.994957,8.482820,166.564705
3,0.685363,0.685363,exponential_3,900,300,rastrigin,9,14.042770,26.317951,27.782906,9.462283,160.289265
3,0.685363,1.099883,exponential_3,900,300,rastrigin,9,11.237614,22.147881,25.226301,6.777930,148.003570
3,1.287720,5.322296,exponential_3,900,300,rastrigin,9,0.000000,2.425196,0.994957,10.687715,137.114485
3,1.099883,7.295407,exponential_3,900,300,rastrigin,9,0.000000,1.927716,0.497478,10.991683,147.293700
3,1.507637,0.939444,exponential_3,900,300,rastrigin,9,4.105431,14.846779,17.058327,7.993638,133.993715
3,0.685363,4.545940,exponential_3,900,300,rastrigin,9,1.989914,4.415126,3.979836,5.684304,142.914440
3,1.287720,7.295407,exponential_3,900,300,rastrigin,9,0.000000,0.559663,0.994957,10.986907,268.042975
3,1.507637,2.066557,exponential_3,900,300,rastrigin,9,1.989914,4.166386,3.979832,2.026272,264.851360
3,0.802409,0.500000,exponential_3,900,300,rastrigin,9,12.920967,30.045458,32.316814,10.904869,127.651295
3,1.507637,0.585390,exponential_3,900,300,rastrigin,9,11.013123,20.357143,23.219131,7.308689,135.996975
3,0.802409,3.316448,exponential_3,900,300,rastrigin,9,1.989914,5.845382,6.964703,3.561053,128.475455
3,1.507637,3.316448,exponential_3,900,300,rastrigin,9,0.000000,1.243696,1.492435,7.384774,277.465820
3,2.066557,6.231237,exponential_3,900,300,rastrigin,9,0.000000,1.741162,0.000000,10.690027,151.500755
3,2.066557,8.541316,exponential_3,900,300,rastrigin,9,0.000000,1.989901,0.497478,10.967888,148.168700
3,0.802409,1.287720,exponential_3,900,300,rastrigin,9,10.082623,16.793978,16.203341,8.079542,118.279290
3,2.066557,5.322296,exponential_3,900,300,rastrigin,9,0.000000,0.435294,0.000000,9.795445,139.421500
3,2.419483,0.500000,exponential_3,900,300,rastrigin,9,10.529163,17.760725,19.485996,7.839063,141.638215
3,2.419483,0.685363,exponential_3,900,300,rastrigin,9,5.009472,12.464486,14.959717,7.489607,142.464390
3,1.507637,5.322296,exponential_3,900,300,rastrigin,9,0.000000,3.544509,0.994957,11.914766,293.436420
3,2.419483,0.939444,exponential_3,900,300,rastrigin,9,3.979836,7.835342,7.960030,4.477032,137.189200
3,2.419483,2.419483,exponential_3,900,300,rastrigin,9,0.000000,1.368066,1.989914,10.078093,114.288095
3,1.765111,0.585390,exponential_3,900,300,rastrigin,9,9.007290,14.547392,16.508606,6.622641,299.904780
3,1.765111,0.802409,exponential_3,900,300,rastrigin,9,5.423306,13.263210,14.966702,6.431466,299.253955
3,2.419483,1.287720,exponential_3,900,300,rastrigin,9,1.989914,5.099159,5.969751,2.747866,139.194810
3,2.419483,1.765111,exponential_3,900,300,rastrigin,9,0.000000,1.927730,2.487394,5.406477,141.821115
3,1.507637,8.541316,exponential_3,900,300,rastrigin,9,0.000000,1.803347,0.000000,11.407016,309.196125
3,0.585390,6.231237,exponential_3,900,300,rastrigin,9,1.989918,3.357984,2.984879,1.556559,294.865265
3,0.500000,0.500000,exponential_3,900,300,rastrigin,9,26.781073,35.921997,39.047913,8.228199,308.150475
3,0.685363,2.832683,exponential_3,900,300,rastrigin,9,3.024174,7.907887,8.955763,6.153764,293.319380
3,2.419483,3.316448,exponential_3,900,300,rastrigin,9,0.000000,0.310924,0.000000,9.259124,146.374055
3,2.419483,4.545940,exponential_3,900,300,rastrigin,9,0.000000,0.310924,0.000000,8.752725,142.535605
3,0.500000,3.316448,exponential_3,900,300,rastrigin,9,3.979897,12.386362,14.925474,6.487836,309.791260
3,10.000000,1.765111,quadratic,900,300,rastrigin,9,0.994957,16.965467,28.923679,13.140868,331.980120
3,1.765111,10.000000,exponential_3,900,300,rastrigin,9,0.000000,0.435295,0.497482,9.790390,308.256285
3,2.066557,0.585390,exponential_3,900,300,rastrigin,9,6.079678,15.431874,18.022896,9.172478,304.393645
3,2.419483,6.231237,exponential_3,900,300,rastrigin,9,0.000000,0.186555,0.000000,10.320498,146.013490
3,0.802409,2.066557,exponential_3,900,300,rastrigin,9,6.964710,13.961683,15.421934,7.836090,308.353300
3,2.066557,3.882831,exponential_3,900,300,rastrigin,9,0.000000,0.559664,0.497482,10.689154,279.907255
3,1.099883,0.685363,exponential_3,900,300,rastrigin,9,8.247677,21.409517,23.540646,8.893400,141.181385
3,2.419483,8.541316,exponential_3,900,300,rastrigin,9,0.000000,4.788192,0.000000,11.868283,152.225885
3,2.832683,0.500000,exponential_3,900,300,rastrigin,9,5.241100,10.940929,11.625801,6.915072,139.957605
3,0.939444,0.939444,exponential_3,900,300,rastrigin,9,10.323193,19.898607,22.044340,9.196277,282.540240
3,1.099883,1.099883,exponential_3,900,300,rastrigin,9,3.026558,13.403936,15.127522,7.446622,260.001935
3,1.287720,1.287720,exponential_3,900,300,rastrigin,9,5.979183,11.548586,12.935963,4.835489,237.061290
3,2.832683,1.287720,exponential_3,900,300,rastrigin,9,0.994957,2.736133,2.984873,1.900864,132.471575
3,1.287720,0.500000,exponential_3,900,300,rastrigin,9,12.917839,20.622147,22.003695,5.923209,218.935985
3,1.287720,0.802409,exponential_3,900,300,rastrigin,9,7.099091,17.746471,20.572470,6.821148,164.599880
3,1.287720,3.316448,exponential_3,900,300,rastrigin,9,0.000000,1.554621,1.989914,2.418787,158.325410
3,3.316448,0.500000,exponential_3,900,300,rastrigin,9,2.988503,10.985138,12.942265,7.087915,131.352455
3,2.832683,4.545940,exponential_3,900,300,rastrigin,9,0.000000,0.248739,0.000000,8.787148,142.472475
3,1.287720,2.066557,exponential_3,900,300,rastrigin,9,2.984886,6.778155,7.959658,4.822204,131.934905
3,2.832683,0.685363,exponential_3,900,300,rastrigin,9,6.002815,11.076448,11.948530,5.952882,179.606970
3,3.316448,0.685363,exponential_3,900,300,rastrigin,9,2.984879,8.332892,9.452112,5.288080,140.004950
3,3.316448,0.939444,exponential_3,900,300,rastrigin,9,1.989914,5.907560,6.964703,6.520343,135.671015
3,2.832683,8.541316,exponential_3,900,300,rastrigin,9,0.000000,0.186554,0.000000,9.416070,151.502295
3,3.316448,2.419483,exponential_3,900,300,rastrigin,9,0.000000,0.186554,0.000000,8.912848,136.347325
3,3.316448,1.765111,exponential_3,900,300,rastrigin,9,0.000000,0.808405,0.994957,7.861346,139.838840
3,3.882831,0.685363,exponential_3,900,300,rastrigin,9,1.989914,5.658838,6.467228,3.715791,109.485740
3,2.832683,0.939444,exponential_3,900,300,rastrigin,9,2.984871,5.969790,6.964705,2.972803,189.222300
3,2.832683,1.765111,exponential_3,900,300,rastrigin,9,0.000000,1.243696,1.989914,8.679468,182.121240
3,3.316448,4.545940,exponential_3,900,300,rastrigin,9,0.000000,7.835222,0.497478,13.117264,143.856805
3,3.882831,0.500000,exponential_3,900,300,rastrigin,9,3.979866,9.401763,9.959314,6.941797,123.925260
3,3.882831,0.939444,exponential_3,900,300,rastrigin,9,1.989914,3.668905,3.979830,7.128135,117.120015
3,3.316448,8.541316,exponential_3,900,300,rastrigin,9,0.000000,11.068806,24.873718,12.633129,142.030855
3,1.507637,1.507637,exponential_3,900,300,rastrigin,9,3.979832,6.591857,6.965263,3.715847,99.962400
3,2.832683,2.419483,exponential_3,900,300,rastrigin,9,0.000000,0.373109,0.000000,8.728372,200.635835
3,3.882831,1.765111,exponential_3,900,300,rastrigin,9,0.000000,1.243697,1.989914,10.061174,133.654775
3,2.832683,3.316448,exponential_3,900,300,rastrigin,9,0.000000,3.420139,0.497478,11.324947,213.400275
3,3.316448,1.287720,exponential_3,900,300,rastrigin,9,0.994957,2.176470,2.984871,6.115093,207.729160
3,2.832683,6.231237,exponential_3,900,300,rastrigin,9,0.000000,4.788195,0.000021,12.458422,231.853235
3,3.882831,4.545940,exponential_3,900,300,rastrigin,9,0.000000,6.653726,0.994957,12.188822,136.483365
3,4.545940,0.685363,exponential_3,900,300,rastrigin,9,0.000000,3.357981,3.979832,3.621357,121.717090
3,4.545940,0.939444,exponential_3,900,300,rastrigin,9,0.000000,1.741175,1.989914,5.495686,129.500340
3,4.545940,1.287720,exponential_3,900,300,rastrigin,9,0.000000,0.684033,0.994957,7.380582,130.667410
3,3.316448,3.316448,exponential_3,900,300,rastrigin,9,0.000000,0.186554,0.000000,8.023615,237.763690
3,3.316448,6.231237,exponential_3,900,300,rastrigin,9,0.000000,0.373109,0.497478,9.722938,235.040680
3,2.419483,0.585390,exponential_3,900,300,rastrigin,9,5.982437,12.922014,12.956217,6.920665,125.708170
3,4.545940,3.316448,exponential_3,900,300,rastrigin,9,0.000000,0.435294,0.497478,11.031959,138.253960
3,2.419483,0.802409,exponential_3,900,300,rastrigin,9,2.984879,7.898234,8.954691,4.113213,128.841720
3,2.066557,10.000000,exponential_3,900,300,rastrigin,9,0.000000,0.248739,0.000000,10.292244,137.392585
3,2.066557,7.295407,exponential_3,900,300,rastrigin,9,0.000000,4.850377,0.000000,12.362705,138.907985
3,4.545940,8.541316,exponential_3,900,300,rastrigin,9,0.000000,0.124370,0.000000,7.397997,141.934205
3,2.419483,1.099883,exponential_3,900,300,rastrigin,9,2.984871,6.591599,7.959665,3.766083,131.610655
3,1.507637,2.419483,exponential_3,900,300,rastrigin,9,0.994957,2.549580,2.984875,2.213081,159.230075
3,1.287720,8.541316,exponential_3,900,300,rastrigin,9,0.000000,0.248739,0.000000,10.393088,163.658040
3,2.419483,2.066557,exponential_3,900,300,rastrigin,9,0.000000,1.243697,1.989914,8.019773,121.204600
3,2.419483,1.507637,exponential_3,900,300,rastrigin,9,0.000000,3.357983,3.979832,5.116738,122.838010
3,3.882831,1.287720,exponential_3,900,300,rastrigin,9,0.000000,1.243696,1.492435,8.682176,243.269880
3,3.882831,2.419483,exponential_3,900,300,rastrigin,9,0.000000,0.497478,0.994957,9.765714,234.740355
3,1.507637,3.882831,exponential_3,900,300,rastrigin,9,0.000000,0.932772,0.994957,5.444107,174.745820
3,2.419483,3.882831,exponential_3,900,300,rastrigin,9,0.000000,3.420139,0.497478,12.058398,128.171145
3,4.545940,0.500000,exponential_3,900,300,rastrigin,9,1.989925,6.467908,7.462191,3.244909,226.584785
3,3.882831,3.316448,exponential_3,900,300,rastrigin,9,0.000000,1.865534,0.000019,10.639440,252.581720
3,2.419483,5.322296,exponential_3,900,300,rastrigin,9,0.000000,6.280618,0.000031,12.423777,138.561515
3,1.507637,6.231237,exponential_3,900,300,rastrigin,9,0.000000,2.052087,0.994957,11.023224,198.212830
3,3.882831,8.541316,exponential_3,900,300,rastrigin,9,0.000000,1.616792,0.000000,10.832042,247.045775
3,3.882831,6.231237,exponential_3,900,300,rastrigin,9,0.000000,1.741164,0.000006,11.070367,259.517920
3,4.545940,1.765111,exponential_3,900,300,rastrigin,9,0.000000,0.435294,0.994957,9.334674,241.131405
3,4.545940,2.419483,exponential_3,900,300,rastrigin,9,0.000000,7.897407,0.497482,13.345298,236.133685
3,5.322296,0.685363,exponential_3,900,300,rastrigin,9,1.989914,2.611763,2.984871,1.173038,212.193690
3,2.419483,2.832683,exponential_3,900,300,rastrigin,9,0.000000,0.621848,0.994957,7.256136,223.577195
3,4.545940,4.545940,exponential_3,900,300,rastrigin,9,0.000000,2.052088,0.994957,10.637577,246.102870
3,4.545940,6.231237,exponential_3,900,300,rastrigin,9,0.000000,7.959592,1.492435,12.304724,241.832040
3,5.322296,0.500000,exponential_3,900,300,rastrigin,9,2.984871,5.658825,6.467226,8.222516,222.951870
3,2.419483,7.295407,exponential_3,900,300,rastrigin,9,0.000000,0.248740,0.000000,8.772915,142.664535
3,2.419483,10.000000,exponential_3,900,300,rastrigin,9,0.000000,4.850377,0.497478,12.064452,150.019080
3,2.832683,1.507637,exponential_3,900,300,rastrigin,9,0.000000,1.616805,1.989914,6.232488,139.033925
3,3.316448,0.585390,exponential_3,900,300,rastrigin,9,3.982574,9.150833,11.442930,6.131001,149.759435
3,1.507637,10.000000,exponential_3,900,300,rastrigin,9,0.000000,2.052086,0.994957,11.652150,260.882455
3,2.832683,5.322296,exponential_3,900,300,rastrigin,9,0.000000,0.062185,0.000000,10.775118,154.336535
3,3.316448,0.802409,exponential_3,900,300,rastrigin,9,0.994957,5.410086,5.969751,4.625200,151.154470
3,5.322296,0.939444,exponential_3,900,300,rastrigin,9,0.000000,1.119327,1.492435,1.112396,259.243430
3,3.316448,1.099883,exponential_3,900,300,rastrigin,9,0.000000,2.736132,2.984873,5.369730,153.206890
3,6.231237,0.685363,exponential_3,900,300,rastrigin,9,0.000000,1.989915,1.989918,9.289431,189.050115
3,3.882831,0.802409,exponential_3,900,300,rastrigin,9,0.994957,4.539495,4.974792,3.642140,151.936505
3,3.316448,2.066557,exponential_3,900,300,rastrigin,9,0.000000,0.497478,0.994957,7.292880,152.426145
3,2.832683,0.585390,exponential_3,900,300,rastrigin,9,3.981621,10.156413,11.467682,6.645226,190.722160
3,5.322296,1.287720,exponential_3,900,300,rastrigin,9,0.000000,0.248739,0.000000,7.998879,268.524640
3,3.316448,2.832683,exponential_3,900,300,rastrigin,9,0.000000,0.310924,0.000000,7.992695,161.169795
3,2.832683,10.000000,exponential_3,900,300,rastrigin,9,0.000000,4.726007,0.000000,11.829437,169.511945
3,3.882831,1.099883,exponential_3,900,300,rastrigin,9,0.000000,1.927730,1.989914,5.607140,151.358235
3,3.882831,0.585390,exponential_3,900,300,rastrigin,9,2.984875,8.705889,10.944525,5.632532,155.532785
3,2.832683,0.802409,exponential_3,900,300,rastrigin,9,1.989975,6.218546,7.462185,4.161016,179.521665
3,5.322296,1.765111,exponential_3,900,300,rastrigin,9,0.000000,0.497478,0.497478,9.770781,277.996625
3,3.316448,5.322296,exponential_3,900,300,rastrigin,9,0.000000,6.404984,0.000000,12.627725,169.579510
3,3.316448,10.000000,exponential_3,900,300,rastrigin,9,0.000000,7.897408,0.994957,12.785554,167.004050
3,2.832683,1.099883,exponential_3,900,300,rastrigin,9,1.989914,3.606724,3.979836,5.915355,180.114810
3,2.832683,2.066557,exponential_3,900,300,rastrigin,9,0.000000,0.497478,0.994957,7.311349,177.770115
3,3.882831,2.066557,exponential_3,900,300,rastrigin,9,0.000000,0.124370,0.000000,10.843731,151.753030
3,2.832683,2.832683,exponential_3,900,300,rastrigin,9,0.000000,0.435294,0.497478,10.638038,157.142485
3,2.832683,3.882831,exponential_3,900,300,rastrigin,9,0.000000,0.000002,0.000000,8.067542,152.218840
3,3.316448,1.507637,exponential_3,900,300,rastrigin,9,0.000000,1.181511,1.989914,7.896297,143.739605
3,5.322296,2.419483,exponential_3,900,300,rastrigin,9,0.000000,9.576384,12.934338,12.699455,295.827260
3,5.322296,3.316448,exponential_3,900,300,rastrigin,9,0.000000,1.865531,0.497478,10.722737,293.108335
3,2.832683,7.295407,exponential_3,900,300,rastrigin,9,0.000000,5.161301,0.994957,11.913152,156.474535
3,5.322296,4.545940,exponential_3,900,300,rastrigin,9,0.000000,3.544508,0.994957,11.530151,298.155555
3,6.231237,0.500000,exponential_3,900,300,rastrigin,9,0.994957,4.974789,5.472267,5.698206,282.849825
3,3.882831,5.322296,exponential_3,900,300,rastrigin,9,0.000000,9.576384,12.934338,12.858362,156.842845
3,4.545940,0.802409,exponential_3,900,300,rastrigin,9,0.000000,2.300840,2.984871,2.401849,146.438365
3,5.322296,6.231237,exponential_3,900,300,rastrigin,9,0.000000,4.788192,0.000000,11.864112,304.443145
3,4.545940,1.099883,exponential_3,900,300,rastrigin,9,0.000000,1.057142,0.994957,5.212813,139.215170
3,5.322296,8.541316,exponential_3,900,300,rastrigin,9,0.000000,3.295769,0.000000,11.644690,303.134565
3,6.231237,1.287720,exponential_3,900,300,rastrigin,9,0.000000,3.482327,0.994957,11.628462,285.914175
3,6.231237,0.939444,exponential_3,900,300,rastrigin,9,0.000000,0.808403,0.994957,9.335216,293.880500
3,6.231237,2.419483,exponential_3,900,300,rastrigin,9,0.000000,1.989901,0.497478,13.954049,281.398595
3,4.545940,1.507637,exponential_3,900,300,rastrigin,9,0.000000,3.420139,0.994957,11.730173,139.251660
3,6.231237,1.765111,exponential_3,900,300,rastrigin,9,0.000000,1.741164,0.000000,10.782578,294.834430
3,7.295407,0.500000,exponential_3,900,300,rastrigin,9,0.994957,3.357981,3.979830,2.026272,127.659875
3,6.231237,4.545940,exponential_3,900,300,rastrigin,9,0.000000,0.310924,0.000000,9.278369,294.431140
3,6.231237,3.316448,exponential_3,900,300,rastrigin,9,0.000000,0.124370,0.000000,9.904113,297.754195
3,3.316448,3.882831,exponential_3,900,300,rastrigin,9,0.000000,0.124370,0.000000,7.406188,150.101905
3,6.231237,6.231237,exponential_3,900,300,rastrigin,9,0.000000,1.741162,0.000000,11.070367,294.910105
3,7.295407,0.939444,exponential_3,900,300,rastrigin,9,0.000000,0.746218,0.994957,9.124344,135.492160
3,7.295407,0.685363,exponential_3,900,300,rastrigin,9,0.000000,1.430251,1.989914,7.180884,136.377570
3,4.545940,3.882831,exponential_3,900,300,rastrigin,9,0.000000,0.310924,0.000000,9.833773,145.129505
3,3.316448,7.295407,exponential_3,900,300,rastrigin,9,0.000000,6.529354,0.994957,12.265764,155.968260
3,6.231237,8.541316,exponential_3,900,300,rastrigin,9,0.000000,1.865532,0.000000,11.103654,275.454500
3,7.295407,1.287720,exponential_3,900,300,rastrigin,9,0.000000,0.310924,0.000000,7.974805,148.220475
3,4.545940,10.000000,exponential_3,900,300,rastrigin,9,0.000000,0.062185,0.000000,9.710043,152.694250
3,7.295407,4.545940,exponential_3,900,300,rastrigin,9,0.000000,3.420139,0.497478,12.527416,147.452515
3,7.295407,6.231237,exponential_3,900,300,rastrigin,9,0.000000,0.621849,0.994957,10.164899,147.377855
3,8.541316,0.500000,exponential_3,900,300,rastrigin,9,0.994957,2.052099,1.989914,6.980790,146.762980
3,8.541316,0.685363,exponential_3,900,300,rastrigin,9,0.000000,0.621848,0.994957,5.524208,139.642390
3,7.295407,3.316448,exponential_3,900,300,rastrigin,9,0.000000,1.678977,0.000000,11.097508,181.973225
3,7.295407,1.765111,exponential_3,900,300,rastrigin,9,0.000000,3.357955,0.497482,11.352339,200.330775
3,7.295407,2.419483,exponential_3,900,300,rastrigin,9,0.000000,8.083961,1.989914,12.770418,196.596530
3,3.882831,1.507637,exponential_3,900,300,rastrigin,9,0.000000,0.808403,0.994957,7.979590,189.151820
3,5.322296,0.802409,exponential_3,900,300,rastrigin,9,0.000000,1.492435,1.989914,7.534734,143.634630
3,8.541316,0.939444,exponential_3,900,300,rastrigin,9,0.000000,0.435294,0.994957,8.846657,166.278960
3,7.295407,8.541316,exponential_3,900,300,rastrigin,9,0.000000,0.427466,0.919962,10.337997,186.976985
3,3.882831,2.832683,exponential_3,900,300,rastrigin,9,0.000000,4.850379,0.497494,15.261676,194.339990
3,5.322296,0.585390,exponential_3,900,300,rastrigin,9,0.994957,4.042017,3.979836,6.104974,140.672960
3,8.541316,1.765111,exponential_3,900,300,rastrigin,9,0.000000,9.452019,12.934338,12.572472,149.696055
3,5.322296,1.099883,exponential_3,900,300,rastrigin,9,0.000000,1.119327,0.994957,10.057880,132.273315
3,4.545940,0.585390,exponential_3,900,300,rastrigin,9,2.984879,6.031934,6.964703,3.674608,205.466285
3,8.541316,2.419483,exponential_3,900,300,rastrigin,9,0.000000,4.788192,0.000000,12.458427,154.938415
3,8.541316,6.231237,exponential_3,900,300,rastrigin,9,0.000000,9.514198,13.431816,12.527805,145.196580
3,10.000000,0.500000,exponential_3,900,300,rastrigin,9,0.000000,1.057142,0.994957,0.619356,144.299555
3,3.882831,3.882831,exponential_3,900,300,rastrigin,9,0.000000,0.062185,0.000000,9.356002,211.728740
3,8.541316,3.316448,exponential_3,900,300,rastrigin,9,0.000000,0.373109,0.000000,10.249345,165.509245
3,8.541316,8.541316,exponential_3,900,300,rastrigin,9,0.001888,9.039150,1.097479,13.949598,154.056315
3,10.000000,0.685363,exponential_3,900,300,rastrigin,9,0.000000,0.310924,0.000000,10.473700,145.135215
3,8.541316,4.545940,exponential_3,900,300,rastrigin,9,0.000000,5.161301,0.994957,11.582823,165.989990
3,10.000000,0.939444,exponential_3,900,300,rastrigin,9,0.000000,0.310924,0.000000,6.228109,138.528585
3,10.000000,1.287720,exponential_3,900,300,rastrigin,9,0.000000,1.616795,0.000000,11.124360,136.635780
3,5.322296,1.507637,exponential_3,900,300,rastrigin,9,0.000000,0.186554,0.000000,0.580155,139.534240
3,10.000000,4.545940,exponential_3,900,300,rastrigin,9,0.000000,1.927716,0.497478,10.611375,138.884740
3,10.000000,3.316448,exponential_3,900,300,rastrigin,9,0.000000,1.927716,0.497478,10.991667,139.030200
3,10.000000,2.419483,exponential_3,900,300,rastrigin,9,0.000000,6.218430,0.000000,12.522988,140.645405
3,3.882831,7.295407,exponential_3,900,300,rastrigin,9,0.000000,1.803348,0.000010,11.126973,235.553485
3,10.000000,6.231237,exponential_3,900,300,rastrigin,9,0.000000,5.394782,0.995153,13.134315,143.571760
3,0.500000,0.500000,exponential_5,900,300,rastrigin,9,14.409760,30.801590,33.838348,8.419397,123.134605
3,3.882831,10.000000,exponential_3,900,300,rastrigin,9,0.000000,3.357955,0.497486,12.027510,244.895205
3,4.545940,2.066557,exponential_3,900,300,rastrigin,9,0.000000,0.310925,0.000004,10.268537,251.304730
3,8.541316,1.287720,exponential_3,900,300,rastrigin,9,0.000000,0.124370,0.000000,5.381009,245.538815
3,4.545940,2.832683,exponential_3,900,300,rastrigin,9,0.000000,0.248739,0.000000,8.907293,258.654855
3,5.322296,2.066557,exponential_3,900,300,rastrigin,9,0.000000,4.850378,0.000008,11.763559,156.684030
3,4.545940,5.322296,exponential_3,900,300,rastrigin,9,0.000000,8.021776,0.994957,12.199690,260.231725
3,6.231237,0.802409,exponential_3,900,300,rastrigin,9,0.000000,1.181511,0.994957,6.264328,225.558810
3,4.545940,7.295407,exponential_3,900,300,rastrigin,9,0.000000,0.310926,0.000019,5.351261,266.784300
3,0.500000,0.685363,exponential_5,900,300,rastrigin,9,10.413658,28.934462,33.326553,9.594647,195.981940
3,0.585390,0.685363,exponential_5,900,300,rastrigin,9,19.025707,31.392715,35.266853,9.621689,120.573255
3,0.585390,0.500000,exponential_5,900,300,rastrigin,9,17.274853,31.273649,34.550339,10.485027,124.176455
3,0.500000,8.541316,exponential_5,900,300,rastrigin,9,0.994961,3.171428,3.482355,5.464078,127.600490
3,10.000000,1.765111,exponential_3,900,300,rastrigin,9,0.000000,0.124370,0.000000,8.932403,243.721230
3,0.585390,0.939444,exponential_5,900,300,rastrigin,9,19.054722,28.827389,30.321377,6.986990,123.081505
3,7.295407,0.585390,exponential_3,900,300,rastrigin,9,0.994957,1.678990,1.989914,1.188757,130.145880
3,10.000000,8.541316,exponential_3,900,300,rastrigin,9,2.156048,21.188835,29.052618,11.577977,248.302930
3,7.295407,0.802409,exponential_3,900,300,rastrigin,9,0.000000,0.621848,0.994957,5.493886,133.477590
3,7.295407,1.099883,exponential_3,900,300,rastrigin,9,0.000000,1.927716,0.994957,10.606711,138.726900
3,0.585390,1.765111,exponential_5,900,300,rastrigin,9,8.729183,15.287941,15.986267,6.645057,135.669415
3,0.500000,1.287720,exponential_5,900,300,rastrigin,9,16.192715,26.083998,27.832300,6.275012,223.824540
3,0.500000,0.939444,exponential_5,900,300,rastrigin,9,13.083679,25.460999,29.900648,9.675460,236.577080
3,0.585390,3.316448,exponential_5,900,300,rastrigin,9,3.979904,10.204009,12.437458,6.703722,133.129980
3,8.541316,0.585390,exponential_3,900,300,rastrigin,9,0.000000,1.368066,1.989914,1.146361,132.818145
3,8.541316,0.802409,exponential_3,900,300,rastrigin,9,0.000000,3.482324,0.497478,11.219563,134.865905
3,0.500000,4.545940,exponential_5,900,300,rastrigin,9,2.984932,8.277517,9.494593,4.238240,203.202210
3,0.500000,1.765111,exponential_5,900,300,rastrigin,9,8.441906,18.177925,19.409790,8.000282,229.928000
3,7.295407,1.507637,exponential_3,900,300,rastrigin,9,0.000000,1.803347,0.000000,11.042932,144.912610
3,0.500000,3.316448,exponential_5,900,300,rastrigin,9,4.011227,11.846563,12.471460,6.751679,217.413500
3,7.295407,5.322296,exponential_3,900,300,rastrigin,9,0.000000,4.912562,0.994957,12.323262,150.319015
3,0.500000,6.231237,exponential_5,900,300,rastrigin,9,1.989922,4.726056,5.472267,3.776909,201.560380
3,0.500000,2.419483,exponential_5,900,300,rastrigin,9,8.297894,14.643033,15.544161,7.190118,226.084005
3,7.295407,7.295407,exponential_3,900,300,rastrigin,9,0.000000,0.310925,0.000011,14.192764,153.867745
3,7.295407,2.066557,exponential_3,900,300,rastrigin,9,0.000000,0.248739,0.000000,10.292251,146.250290
3,0.585390,1.287720,exponential_5,900,300,rastrigin,9,6.528965,19.608231,21.676964,8.102511,192.590815
3,0.585390,2.419483,exponential_5,900,300,rastrigin,9,4.038345,13.461485,13.495436,9.449250,183.908025
3,0.585390,4.545940,exponential_5,900,300,rastrigin,9,2.984875,5.285924,5.969784,4.536619,156.774775
3,8.541316,2.066557,exponential_3,900,300,rastrigin,9,0.000000,0.310925,0.000000,10.369371,148.631875
3,0.585390,8.541316,exponential_5,900,300,rastrigin,9,0.000000,2.425209,2.984871,7.499173,166.888100
3,10.000000,0.585390,exponential_3,900,300,rastrigin,9,0.000000,0.932772,0.994957,5.453193,146.782350
3,5.322296,2.832683,exponential_3,900,300,rastrigin,9,0.000000,0.373111,0.000013,10.662367,310.018080
3,8.541316,2.832683,exponential_3,900,300,rastrigin,9,0.000000,0.310925,0.000008,9.833773,155.534690
3,0.685363,0.939444,exponential_5,900,300,rastrigin,9,6.495121,22.861874,26.066414,9.281396,158.022480
3,0.685363,1.287720,exponential_5,900,300,rastrigin,9,5.013824,19.141514,21.951126,8.645356,154.037765
3,10.000000,0.802409,exponential_3,900,300,rastrigin,9,0.000000,0.373109,0.497478,8.732199,146.311415
3,5.322296,3.882831,exponential_3,900,300,rastrigin,9,0.000000,3.357954,0.497478,11.687914,321.116855
3,8.541316,3.882831,exponential_3,900,300,rastrigin,9,0.000000,6.404985,0.497486,12.876023,161.384545
3,10.000000,1.099883,exponential_3,900,300,rastrigin,9,0.000000,3.295769,0.000000,11.740751,151.329775
3,8.541316,10.000000,exponential_3,900,300,rastrigin,9,1.420879,12.763748,16.670073,13.287696,161.338355
3,6.231237,0.585390,exponential_3,900,300,rastrigin,9,0.000000,2.238654,2.984871,1.691427,325.698625
3,8.541316,5.322296,exponential_3,900,300,rastrigin,9,0.000000,3.295770,0.000006,11.644689,164.062930
3,10.000000,1.507637,exponential_3,900,300,rastrigin,9,0.000000,0.124370,0.000000,7.406188,155.248500
3,0.500000,0.585390,exponential_5,900,300,rastrigin,9,20.973003,31.443806,34.500675,6.735300,133.845430
3,10.000000,5.322296,exponential_3,900,300,rastrigin,9,0.000000,1.554607,0.000000,10.858625,155.798930
3,6.231237,1.507637,exponential_3,900,300,rastrigin,9,0.000000,6.653724,0.994957,12.772099,337.468605
3,6.231237,1.099883,exponential_3,900,300,rastrigin,9,0.000000,0.621848,0.994957,9.269694,337.517440
3,10.000000,2.832683,exponential_3,900,300,rastrigin,9,0.000000,4.726010,0.000010,11.829432,156.053430
3,5.322296,7.295407,exponential_3,900,300,rastrigin,9,0.000000,1.803347,0.000000,11.407033,349.818430
3,5.322296,5.322296,exponential_3,900,300,rastrigin,9,0.000000,8.146146,1.989914,12.616311,357.852115
3,10.000000,3.882831,exponential_3,900,300,rastrigin,9,0.000000,3.544510,0.994957,11.264911,164.273645
3,6.231237,2.832683,exponential_3,900,300,rastrigin,9,0.000000,1.741162,0.000000,11.438781,343.969315
3,10.000000,7.295407,exponential_3,900,300,rastrigin,9,0.000805,5.939871,1.011005,13.576848,154.581900
3,6.231237,2.066557,exponential_3,900,300,rastrigin,9,0.000000,3.420139,0.994957,11.581576,344.384435
3,0.685363,2.419483,exponential_5,900,300,rastrigin,9,2.985832,9.531279,10.468729,6.306674,164.342490
3,0.685363,4.545940,exponential_5,900,300,rastrigin,9,1.989960,5.223531,4.974792,7.862465,152.122780
3,5.322296,10.000000,exponential_3,900,300,rastrigin,9,0.000000,7.835222,0.497478,12.709339,359.162985
3,0.685363,3.316448,exponential_5,900,300,rastrigin,9,0.000000,7.466747,8.457335,7.174850,161.110175
3,6.231237,5.322296,exponential_3,900,300,rastrigin,9,0.000000,0.000000,0.000000,5.399146,360.380235
3,6.231237,7.295407,exponential_3,900,300,rastrigin,9,0.000000,1.616794,0.000000,10.832041,359.543475
3,6.231237,3.882831,exponential_3,900,300,rastrigin,9,0.000000,0.435296,0.497484,10.225031,366.049950
3,8.541316,1.507637,exponential_3,900,300,rastrigin,9,0.000000,0.186554,0.000000,8.792781,170.216885
3,6.231237,10.000000,exponential_3,900,300,rastrigin,9,0.000000,6.468414,0.995234,12.982666,350.949465
3,0.685363,6.231237,exponential_5,900,300,rastrigin,9,0.994957,2.860506,2.984886,1.556560,170.097365
3,0.585390,6.231237,exponential_5,900,300,rastrigin,9,1.989937,4.539498,5.472277,2.856061,322.160220
3,0.500000,0.802409,exponential_5,900,300,rastrigin,9,21.622429,27.585003,27.187180,7.534907,146.747850
3,7.295407,3.882831,exponential_3,900,300,rastrigin,9,0.000000,7.835222,0.497478,12.639085,345.756080
3,7.295407,2.832683,exponential_3,900,300,rastrigin,9,0.000000,1.803347,0.000000,11.131416,342.732055
3,8.541316,1.099883,exponential_3,900,300,rastrigin,9,0.000000,0.186554,0.000000,9.880976,312.887760
3,0.802409,0.500000,exponential_5,900,300,rastrigin,9,13.388813,30.067930,32.503567,10.049945,177.346305
3,0.585390,0.802409,exponential_5,900,300,rastrigin,9,5.442154,22.805935,25.721323,9.832850,149.201035
3,0.802409,0.685363,exponential_5,900,300,rastrigin,9,17.436893,29.209156,33.957142,9.161560,172.437215
3,0.585390,0.585390,exponential_5,900,300,rastrigin,9,15.747520,30.883341,33.810822,10.578110,145.180945
3,0.685363,0.500000,exponential_5,900,300,rastrigin,9,19.788097,31.189476,35.359123,7.974970,299.425595
3,7.295407,10.000000,exponential_3,900,300,rastrigin,9,0.000416,12.929935,28.924545,14.392275,317.010340
3,0.802409,0.939444,exponential_5,900,300,rastrigin,9,10.045258,22.469534,24.275742,8.142347,171.074540
3,0.685363,0.685363,exponential_5,900,300,rastrigin,9,15.868286,24.595755,26.743893,6.633627,285.754990
3,0.500000,10.000000,exponential_5,900,300,rastrigin,9,0.994957,1.865545,1.989914,13.151986,138.353065
3,8.541316,7.295407,exponential_3,900,300,rastrigin,9,0.000000,1.621138,0.000626,11.727224,282.304165
3,0.685363,1.765111,exponential_5,900,300,rastrigin,9,5.742500,13.803967,14.969543,9.693031,247.435780
3,0.585390,1.099883,exponential_5,900,300,rastrigin,9,11.607388,19.979225,20.944159,7.304857,130.327765
3,0.685363,8.541316,exponential_5,900,300,rastrigin,9,0.000000,3.917632,2.984871,10.564288,210.322000
3,0.802409,1.287720,exponential_5,900,300,rastrigin,9,7.091713,17.829546,19.024094,8.308302,130.227985
3,0.802409,2.419483,exponential_5,900,300,rastrigin,9,5.441055,9.316029,10.946024,5.617033,126.840100
3,0.585390,2.066557,exponential_5,900,300,rastrigin,9,4.012123,14.122343,17.434368,7.015611,126.446130
3,0.802409,1.765111,exponential_5,900,300,rastrigin,9,5.024925,12.548680,13.961407,7.612412,132.511890
3,0.802409,3.316448,exponential_5,900,300,rastrigin,9,1.989914,6.094603,7.462759,4.165466,128.715205
3,0.585390,3.882831,exponential_5,900,300,rastrigin,9,4.974792,7.467452,7.962946,3.888402,131.028755
3,0.802409,4.545940,exponential_5,900,300,rastrigin,9,0.994957,3.855462,3.979836,2.418789,133.744540
3,10.000000,2.066557,exponential_3,900,300,rastrigin,9,0.000000,0.062185,0.000000,7.563411,188.438445
3,0.802409,8.541316,exponential_5,900,300,rastrigin,9,0.994957,3.171413,1.989914,10.598847,110.195595
3,0.802409,6.231237,exponential_5,900,300,rastrigin,9,0.994957,2.300839,1.989916,9.028872,142.827165
3,0.500000,2.066557,exponential_5,900,300,rastrigin,9,9.039314,17.823000,20.832993,7.389165,145.391475
3,0.500000,7.295407,exponential_5,900,300,rastrigin,9,1.989914,3.917645,3.979837,1.708173,123.944930
3,0.939444,0.685363,exponential_5,900,300,rastrigin,9,8.945324,21.494280,24.145973,7.273948,131.553690
3,10.000000,10.000000,exponential_3,900,300,rastrigin,9,2.284634,21.352205,31.300632,14.383571,205.573850
3,0.939444,0.500000,exponential_5,900,300,rastrigin,9,17.078957,29.100040,33.151276,7.858776,135.021050
3,0.500000,1.507637,exponential_5,900,300,rastrigin,9,8.094418,19.340900,22.501570,5.599562,199.950350
3,0.500000,1.099883,exponential_5,900,300,rastrigin,9,14.782551,22.079586,25.093704,6.754906,195.703630
3,0.500000,3.882831,exponential_5,900,300,rastrigin,9,3.979988,10.762268,11.948868,5.114047,186.093140
3,0.939444,0.939444,exponential_5,900,300,rastrigin,9,4.653252,18.775005,21.367008,9.692421,127.683875
3,0.500000,5.322296,exponential_5,900,300,rastrigin,9,0.994957,6.218500,6.964708,3.990698,199.161025
3,0.939444,1.287720,exponential_5,900,300,rastrigin,9,7.087585,14.510182,16.159197,6.591188,132.445365
3,0.939444,2.419483,exponential_5,900,300,rastrigin,9,1.989948,6.842749,7.960371,5.126039,128.111670
3,0.939444,3.316448,exponential_5,900,300,rastrigin,9,2.984875,5.223533,5.969753,5.600737,128.165370
3,0.939444,8.541316,exponential_5,900,300,rastrigin,9,0.000000,7.026834,1.989914,12.271599,117.879690
3,0.939444,1.765111,exponential_5,900,300,rastrigin,9,5.035622,11.422129,13.432535,6.389897,146.441700
3,1.099883,0.500000,exponential_5,900,300,rastrigin,9,16.493843,25.911673,27.971249,6.936080,122.726425
3,1.099883,0.939444,exponential_5,900,300,rastrigin,9,9.203453,15.492446,17.208899,6.248554,119.468370
3,0.500000,2.832683,exponential_5,900,300,rastrigin,9,7.277351,13.577912,14.109234,6.574924,195.163545
3,1.099883,1.287720,exponential_5,900,300,rastrigin,9,4.177876,11.848366,14.483303,6.626133,118.719105
3,0.585390,1.507637,exponential_5,900,300,rastrigin,9,6.649513,18.268785,20.017290,7.593290,195.703935
3,1.099883,2.419483,exponential_5,900,300,rastrigin,9,1.989918,5.845413,5.969757,4.202426,113.667105
3,1.099883,1.765111,exponential_5,900,300,rastrigin,9,3.979851,10.105412,11.650593,6.234166,115.949030
3,0.585390,2.832683,exponential_5,900,300,rastrigin,9,2.995228,12.273174,13.455891,7.643909,188.590255
3,0.585390,5.322296,exponential_5,900,300,rastrigin,9,1.989918,6.031947,6.964815,6.064098,197.357780
3,1.099883,6.231237,exponential_5,900,300,rastrigin,9,0.000000,1.678991,1.989914,9.801157,113.604485
3,0.585390,10.000000,exponential_5,900,300,rastrigin,9,0.000000,1.492436,1.989914,11.674767,194.622620
3,0.939444,6.231237,exponential_5,900,300,rastrigin,9,0.000000,1.803360,1.989916,9.211706,175.130450
3,0.685363,1.099883,exponential_5,900,300,rastrigin,9,10.121967,19.059576,20.645943,9.034492,197.300040
3,0.939444,4.545940,exponential_5,900,300,rastrigin,9,0.994957,2.736136,2.984875,1.512205,191.229950
3,1.287720,0.685363,exponential_5,900,300,rastrigin,9,9.704636,21.156620,24.095516,7.835185,123.470380
3,1.287720,1.287720,exponential_5,900,300,rastrigin,9,5.982513,12.372636,14.637711,6.215101,121.103275
3,0.685363,1.507637,exponential_5,900,300,rastrigin,9,14.017891,19.535297,21.685385,7.750510,211.542230
3,1.099883,0.685363,exponential_5,900,300,rastrigin,9,12.329742,20.121468,23.200481,7.142585,213.786095
3,1.507637,2.419483,exponential_5,900,300,rastrigin,9,0.994957,2.300840,2.984871,1.403563,139.809945
3,1.099883,3.316448,exponential_5,900,300,rastrigin,9,0.994957,4.290758,3.979837,4.053763,236.490180
3,1.507637,0.685363,exponential_5,900,300,rastrigin,9,11.491901,20.493010,21.474714,10.560173,153.240445
3,1.507637,3.316448,exponential_5,900,300,rastrigin,9,0.994957,2.052100,1.989920,1.112396,144.999575
3,0.685363,2.832683,exponential_5,900,300,rastrigin,9,3.980022,9.904873,10.959955,5.223466,199.485785
3,0.685363,5.322296,exponential_5,900,300,rastrigin,9,1.989914,5.036973,5.969749,2.475427,206.355575
3,0.685363,3.882831,exponential_5,900,300,rastrigin,9,2.984871,6.778190,7.959925,3.237817,204.454560
3,1.099883,4.545940,exponential_5,900,300,rastrigin,9,0.994957,2.114284,2.984871,1.479110,256.127840
3,1.507637,6.231237,exponential_5,900,300,rastrigin,9,0.000000,7.151203,1.989914,14.562003,160.595110
3,1.765111,0.685363,exponential_5,900,300,rastrigin,9,7.014790,15.140936,17.951550,9.107924,154.788245
3,1.287720,8.541316,exponential_5,900,300,rastrigin,9,0.994957,11.131006,15.421734,11.498435,200.077150
3,0.802409,2.832683,exponential_5,900,300,rastrigin,9,2.984959,7.089500,7.959669,4.470612,158.562050
3,0.802409,3.882831,exponential_5,900,300,rastrigin,9,0.994972,5.161348,5.969744,7.477275,159.468705
3,1.765111,0.500000,exponential_5,900,300,rastrigin,9,5.082916,18.285242,21.410706,7.911260,163.106200
3,1.765111,0.939444,exponential_5,900,300,rastrigin,9,4.974838,9.926348,9.454811,5.931217,161.083915
3,0.802409,1.507637,exponential_5,900,300,rastrigin,9,8.407547,17.076170,19.004366,6.987035,162.041185
3,0.685363,7.295407,exponential_5,900,300,rastrigin,9,0.994957,2.363025,1.989916,1.618910,197.805240
3,0.802409,5.322296,exponential_5,900,300,rastrigin,9,0.000000,2.798319,2.984875,3.222492,161.932800
3,0.802409,7.295407,exponential_5,900,300,rastrigin,9,0.000000,1.865546,1.989914,10.499815,154.834015
3,0.802409,2.066557,exponential_5,900,300,rastrigin,9,7.157745,14.049046,15.572989,5.490120,168.300855
3,1.765111,1.765111,exponential_5,900,300,rastrigin,9,0.994957,3.420181,4.477314,3.386865,159.945760
3,0.802409,10.000000,exponential_5,900,300,rastrigin,9,0.994957,7.897421,3.482349,12.250575,161.535590
3,0.939444,0.802409,exponential_5,900,300,rastrigin,9,7.130146,20.912975,24.348137,9.693554,150.911290
3,1.099883,8.541316,exponential_5,900,300,rastrigin,9,0.000000,4.352912,1.989916,11.742181,278.304870
3,0.802409,0.802409,exponential_5,900,300,rastrigin,9,15.878746,23.147087,25.475582,7.678385,204.109470
3,0.802409,0.585390,exponential_5,900,300,rastrigin,9,12.382355,28.158728,30.981623,9.165280,209.003965
3,1.287720,0.500000,exponential_5,900,300,rastrigin,9,20.193562,23.885752,24.892496,5.003103,285.330265
3,0.939444,0.585390,exponential_5,900,300,rastrigin,9,12.348663,21.801065,23.694500,10.313182,143.675530
3,1.287720,0.939444,exponential_5,900,300,rastrigin,9,5.079140,12.709450,13.639126,7.343550,282.114355
3,0.802409,1.099883,exponential_5,900,300,rastrigin,9,10.909615,20.792461,24.690399,8.431188,213.042400
3,1.765111,1.287720,exponential_5,900,300,rastrigin,9,0.995090,7.773513,8.457153,5.204207,200.854260
3,1.765111,2.419483,exponential_5,900,300,rastrigin,9,0.994957,2.673949,2.984873,2.002311,200.064170
3,0.939444,1.099883,exponential_5,900,300,rastrigin,9,7.268044,17.197151,19.702612,9.246415,135.377825
3,1.287720,1.765111,exponential_5,900,300,rastrigin,9,4.017063,8.773582,9.955088,4.539545,300.711165
3,1.287720,2.419483,exponential_5,900,300,rastrigin,9,1.989929,5.534456,5.969749,2.949421,303.898290
3,0.939444,1.507637,exponential_5,900,300,rastrigin,9,6.990055,12.054005,12.976238,6.384179,136.281455
3,1.287720,3.316448,exponential_5,900,300,rastrigin,9,0.000000,3.668907,3.482355,5.674488,304.219715
3,0.939444,2.832683,exponential_5,900,300,rastrigin,9,3.979839,7.586583,7.959690,3.981113,127.677010
3,1.287720,4.545940,exponential_5,900,300,rastrigin,9,0.000000,1.616805,1.989914,5.335748,310.593935
3,1.765111,3.316448,exponential_5,900,300,rastrigin,9,0.000000,1.989915,1.989914,6.006113,216.904215
3,0.585390,7.295407,exponential_5,900,300,rastrigin,9,0.994957,2.487394,2.984871,5.693006,290.910300
3,1.287720,6.231237,exponential_5,900,300,rastrigin,9,0.000000,3.295785,1.989916,11.042228,312.906390
3,1.507637,0.500000,exponential_5,900,300,rastrigin,9,5.522205,20.862318,23.140034,12.304353,313.449000
3,1.765111,4.545940,exponential_5,900,300,rastrigin,9,0.000000,1.368066,1.989914,9.864394,210.993370
3,0.939444,3.882831,exponential_5,900,300,rastrigin,9,1.989914,4.228572,3.979836,5.736300,135.145205
3,1.507637,1.765111,exponential_5,900,300,rastrigin,9,0.994957,5.847514,6.964708,7.492210,305.362470
3,1.507637,1.287720,exponential_5,900,300,rastrigin,9,3.980053,10.772663,11.458704,7.411264,308.929990
3,1.507637,4.545940,exponential_5,900,300,rastrigin,9,0.000000,4.477283,1.989914,11.538423,299.053825
3,1.507637,0.939444,exponential_5,900,300,rastrigin,9,6.022293,15.407889,19.107525,5.245929,313.065000
3,0.685363,10.000000,exponential_5,900,300,rastrigin,9,0.000000,1.430251,1.989914,5.376408,289.928690
3,0.939444,10.000000,exponential_5,900,300,rastrigin,9,0.000000,6.405004,3.482353,16.332596,134.365270
3,1.765111,6.231237,exponential_5,900,300,rastrigin,9,0.000000,10.820085,13.929296,12.268350,219.153525
3,0.685363,2.066557,exponential_5,900,300,rastrigin,9,3.015175,14.297016,15.629774,8.756195,296.406140
3,0.685363,0.585390,exponential_5,900,300,rastrigin,9,8.776352,25.321846,27.628382,11.913722,307.133440
3,1.507637,8.541316,exponential_5,900,300,rastrigin,9,0.000000,8.705811,1.989918,12.381382,300.150785
3,0.685363,0.802409,exponential_5,900,300,rastrigin,9,14.855461,22.120924,23.517277,6.365892,303.737350
3,1.099883,1.099883,exponential_5,900,300,rastrigin,9,8.053749,17.932543,19.034613,8.526188,134.295995
3,2.066557,0.500000,exponential_5,900,300,rastrigin,9,8.990280,15.315416,16.633200,5.518620,212.383660
3,1.765111,8.541316,exponential_5,900,300,rastrigin,9,0.000000,11.690660,24.873718,12.223544,227.937445
3,1.099883,1.507637,exponential_5,900,300,rastrigin,9,4.975224,9.968170,12.437338,5.136191,145.128645
3,1.099883,7.295407,exponential_5,900,300,rastrigin,9,0.000000,3.482339,1.989914,10.656138,133.499920
3,1.099883,2.832683,exponential_5,900,300,rastrigin,9,0.994957,5.347901,5.969753,4.125162,145.791180
3,1.099883,0.585390,exponential_5,900,300,rastrigin,9,13.030071,22.729588,26.151447,8.030624,152.658240
3,1.099883,2.066557,exponential_5,900,300,rastrigin,9,2.985001,8.706360,9.949673,4.907086,147.045630
3,0.939444,2.066557,exponential_5,900,300,rastrigin,9,2.986786,10.764124,11.940090,5.549733,171.874025
3,1.287720,0.802409,exponential_5,900,300,rastrigin,9,5.177719,15.128633,16.895229,10.115837,141.525760
3,0.939444,5.322296,exponential_5,900,300,rastrigin,9,0.994957,2.425209,2.984871,7.067646,146.701080
3,1.099883,3.882831,exponential_5,900,300,rastrigin,9,0.994957,2.363024,2.984871,2.850858,132.824030
3,1.287720,1.507637,exponential_5,900,300,rastrigin,9,4.245876,10.283368,10.946455,6.295782,154.984465
3,1.099883,0.802409,exponential_5,900,300,rastrigin,9,9.970757,18.886072,19.887888,8.179941,146.882985
3,0.939444,7.295407,exponential_5,900,300,rastrigin,9,0.000000,1.865545,1.989914,9.446252,165.871030
3,1.507637,2.832683,exponential_5,900,300,rastrigin,9,0.000000,2.425212,2.984871,1.720441,148.855310
3,1.507637,3.882831,exponential_5,900,300,rastrigin,9,0.000000,1.057142,0.994957,8.209121,143.107555
3,1.099883,5.322296,exponential_5,900,300,rastrigin,9,0.994957,2.114285,1.989918,5.858241,109.665140
3,1.507637,0.802409,exponential_5,900,300,rastrigin,9,2.014984,12.043720,12.509954,11.472982,153.385540
3,2.066557,0.685363,exponential_5,900,300,rastrigin,9,5.027321,12.161461,13.961143,4.830946,218.494195
3,2.066557,1.765111,exponential_5,900,300,rastrigin,9,0.994961,2.922690,2.984879,1.646950,205.938310
3,2.066557,1.287720,exponential_5,900,300,rastrigin,9,1.989914,6.716041,6.964708,4.743299,216.986735
3,2.066557,2.419483,exponential_5,900,300,rastrigin,9,0.000000,2.114285,1.989918,1.652948,208.633190
3,1.765111,0.585390,exponential_5,900,300,rastrigin,9,10.103806,19.222286,22.606153,8.073118,119.216145
3,2.066557,0.939444,exponential_5,900,300,rastrigin,9,2.985088,8.783114,10.448671,3.945917,229.768070
3,1.765111,0.802409,exponential_5,900,300,rastrigin,9,7.112129,12.796928,13.940527,5.816756,139.732355
3,1.507637,7.295407,exponential_5,900,300,rastrigin,9,0.000000,7.524314,2.984873,12.410232,151.744325
3,2.419483,0.939444,exponential_5,900,300,rastrigin,9,2.003105,8.534331,9.067719,6.681122,131.251345
3,2.419483,0.685363,exponential_5,900,300,rastrigin,9,4.977356,10.038435,11.138485,6.889878,133.743320
3,2.066557,3.316448,exponential_5,900,300,rastrigin,9,0.000000,1.927730,1.989914,9.991601,222.466530
3,1.765111,1.099883,exponential_5,900,300,rastrigin,9,4.977478,10.214614,11.967489,4.467256,137.117660
3,2.419483,1.287720,exponential_5,900,300,rastrigin,9,1.989914,4.290762,3.979837,5.019342,143.641360
3,2.066557,4.545940,exponential_5,900,300,rastrigin,9,0.000000,4.850392,2.984871,11.739777,225.881685
3,2.419483,2.419483,exponential_5,900,300,rastrigin,9,0.994957,2.425209,2.984871,9.231036,128.492410
3,2.066557,6.231237,exponential_5,900,300,rastrigin,9,0.994957,7.773057,2.984871,11.745655,213.166935
3,2.419483,4.545940,exponential_5,900,300,rastrigin,9,0.994957,12.250323,24.873726,14.404603,114.017265
3,2.419483,3.316448,exponential_5,900,300,rastrigin,9,0.000000,1.243697,1.492435,8.693571,121.694490
3,1.765111,2.066557,exponential_5,900,300,rastrigin,9,0.994957,3.420168,3.979832,3.404729,116.292885
3,2.419483,8.541316,exponential_5,900,300,rastrigin,9,0.000000,8.954557,3.979834,12.473827,128.991300
3,2.832683,0.939444,exponential_5,900,300,rastrigin,9,2.984875,7.400326,7.960552,4.883045,106.193615
3,2.419483,0.500000,exponential_5,900,300,rastrigin,9,6.024967,15.575571,17.438587,7.861294,226.998955
3,2.066557,8.541316,exponential_5,900,300,rastrigin,9,0.000000,11.939400,24.873718,14.477853,236.640350
3,2.832683,1.765111,exponential_5,900,300,rastrigin,9,0.000000,1.803360,1.989916,5.605376,118.275035
3,2.832683,3.316448,exponential_5,900,300,rastrigin,9,0.000000,8.767999,2.487394,12.901188,112.066140
3,2.419483,1.765111,exponential_5,900,300,rastrigin,9,0.000000,2.673949,2.984877,7.153723,209.343950
3,2.832683,2.419483,exponential_5,900,300,rastrigin,9,0.000000,3.047044,1.989914,11.061972,121.989180
3,1.287720,10.000000,exponential_5,900,300,rastrigin,9,0.000000,8.457072,1.989914,12.586672,226.329700
3,2.419483,6.231237,exponential_5,900,300,rastrigin,9,0.994957,13.556198,24.873722,12.002787,209.197375
3,2.832683,6.231237,exponential_5,900,300,rastrigin,9,0.000000,5.720977,1.989914,12.173600,132.492950
3,1.099883,10.000000,exponential_5,900,300,rastrigin,9,0.000000,11.690657,24.873718,14.966220,207.835075
3,3.316448,0.500000,exponential_5,900,300,rastrigin,9,3.984623,10.908491,12.942223,4.652817,136.609155
3,3.316448,1.765111,exponential_5,900,300,rastrigin,9,0.994957,1.989914,1.989914,7.751036,132.836695
3,1.765111,2.832683,exponential_5,900,300,rastrigin,9,0.000000,2.052100,2.487396,7.948066,203.640025
3,2.832683,0.500000,exponential_5,900,300,rastrigin,9,4.514732,11.231470,12.452444,5.962532,227.362395
3,3.316448,2.419483,exponential_5,900,300,rastrigin,9,0.000000,7.835237,2.984875,12.603292,136.686880
3,3.316448,3.316448,exponential_5,900,300,rastrigin,9,0.000000,7.275574,1.989914,11.926535,137.992795
3,2.832683,1.287720,exponential_5,900,300,rastrigin,9,1.989914,3.171429,3.482353,1.330233,219.315445
3,2.832683,0.685363,exponential_5,900,300,rastrigin,9,1.990044,9.954519,11.443188,5.831365,234.549600
3,3.316448,6.231237,exponential_5,900,300,rastrigin,9,0.000000,2.860489,1.989914,10.461050,142.984365
3,1.765111,1.507637,exponential_5,900,300,rastrigin,9,1.989918,6.902542,7.959667,3.789971,225.860585
3,3.316448,8.541316,exponential_5,900,300,rastrigin,9,0.000000,12.001593,24.873718,14.412587,144.176985
3,3.882831,0.685363,exponential_5,900,300,rastrigin,9,0.994980,7.339457,9.949589,4.070070,140.579575
3,3.316448,4.545940,exponential_5,900,300,rastrigin,9,0.000000,5.907519,1.989914,15.097367,151.966230
3,3.882831,1.765111,exponential_5,900,300,rastrigin,9,0.000000,7.524312,1.989918,11.809652,136.223755
3,1.765111,3.882831,exponential_5,900,300,rastrigin,9,0.000000,2.984862,1.989914,10.752245,213.639675
3,1.765111,5.322296,exponential_5,900,300,rastrigin,9,0.000000,8.581443,1.989918,12.599615,214.426255
3,1.287720,0.585390,exponential_5,900,300,rastrigin,9,12.208725,19.267790,21.309204,6.308662,268.860395
3,3.882831,4.545940,exponential_5,900,300,rastrigin,9,0.994957,8.954552,2.487396,12.328683,144.498490
3,1.765111,7.295407,exponential_5,900,300,rastrigin,9,0.000000,2.363010,0.994957,11.269930,201.910805
3,1.287720,1.099883,exponential_5,900,300,rastrigin,9,8.608112,13.409975,13.959845,5.646439,269.644635
3,3.882831,6.231237,exponential_5,900,300,rastrigin,9,0.000000,10.136058,13.929296,15.227603,147.586635
3,3.882831,3.316448,exponential_5,900,300,rastrigin,9,0.000000,11.877214,24.873718,11.908182,154.820250
3,4.545940,0.500000,exponential_5,900,300,rastrigin,9,3.981438,7.588079,7.471449,5.203570,150.647990
3,1.765111,10.000000,exponential_5,900,300,rastrigin,9,0.000000,10.384790,14.426775,14.234767,210.483030
3,2.066557,0.585390,exponential_5,900,300,rastrigin,9,7.027111,14.787667,16.468302,6.115845,223.328225
3,1.287720,2.066557,exponential_5,900,300,rastrigin,9,1.989956,6.094299,7.462187,4.576793,296.181225
3,1.287720,3.882831,exponential_5,900,300,rastrigin,9,0.000000,2.114285,2.984871,1.421085,289.907340
3,1.287720,5.322296,exponential_5,900,300,rastrigin,9,0.994957,4.850392,1.989914,14.538353,290.926610
3,1.287720,2.832683,exponential_5,900,300,rastrigin,9,0.994957,3.544539,4.477310,2.838683,308.163055
3,4.545940,0.685363,exponential_5,900,300,rastrigin,9,2.984871,4.601721,4.974825,1.690658,164.462245
3,4.545940,1.287720,exponential_5,900,300,rastrigin,9,0.000000,3.171414,1.989918,11.426687,137.877440
3,4.545940,0.939444,exponential_5,900,300,rastrigin,9,0.000000,2.611764,3.482349,6.393285,159.916330
3,2.419483,1.099883,exponential_5,900,300,rastrigin,9,3.979858,7.648839,7.959667,4.081385,146.963100
3,2.066557,0.802409,exponential_5,900,300,rastrigin,9,3.988396,10.151263,10.537313,6.426088,207.667705
3,1.287720,7.295407,exponential_5,900,300,rastrigin,9,0.000000,2.922675,1.989914,11.272530,305.381465
3,2.066557,1.507637,exponential_5,900,300,rastrigin,9,0.994987,5.223568,6.467228,3.381025,202.796320
3,2.066557,2.066557,exponential_5,900,300,rastrigin,9,1.989914,3.420167,3.979830,2.011562,208.445195
3,2.419483,0.802409,exponential_5,900,300,rastrigin,9,5.013519,10.211437,10.449198,5.656730,150.345180
3,2.066557,2.832683,exponential_5,900,300,rastrigin,9,0.000000,1.989915,1.989918,9.160090,203.259725
3,1.507637,0.585390,exponential_5,900,300,rastrigin,9,10.100662,20.598663,22.539921,8.909327,315.038025
3,2.832683,4.545940,exponential_5,900,300,rastrigin,9,0.994957,9.327662,3.482353,14.922440,325.180535
3,1.507637,2.066557,exponential_5,900,300,rastrigin,9,0.994957,5.099173,5.969763,3.128576,317.845380
3,2.066557,1.099883,exponential_5,900,300,rastrigin,9,0.994976,9.017847,9.951538,5.520761,201.536745
3,1.507637,5.322296,exponential_5,900,300,rastrigin,9,0.000000,3.171413,1.989914,11.161187,317.640940
3,2.832683,8.541316,exponential_5,900,300,rastrigin,9,0.994957,16.985203,24.873756,13.235237,315.511480
3,4.545940,1.765111,exponential_5,900,300,rastrigin,9,0.000000,9.016738,4.477310,12.183457,147.468740
3,1.507637,1.099883,exponential_5,900,300,rastrigin,9,4.975212,10.273029,12.437862,6.721441,320.465095
3,1.507637,1.507637,exponential_5,900,300,rastrigin,9,1.990513,6.284272,7.462214,3.771813,325.816335
3,2.419483,1.507637,exponential_5,900,300,rastrigin,9,0.000000,3.295799,3.482353,3.222113,150.207195
3,3.316448,0.685363,exponential_5,900,300,rastrigin,9,0.994965,8.084610,9.452387,4.072138,317.998940
3,1.507637,10.000000,exponential_5,900,300,rastrigin,9,0.000000,7.213392,2.487392,12.495746,314.354490
3,3.316448,0.939444,exponential_5,900,300,rastrigin,9,1.989914,6.280674,7.462191,2.927949,316.384920
3,3.316448,1.287720,exponential_5,900,300,rastrigin,9,0.000000,2.922688,2.984877,8.895074,312.226145
3,3.882831,0.500000,exponential_5,900,300,rastrigin,9,3.987171,9.048530,9.464369,5.350262,303.623755
3,3.882831,0.939444,exponential_5,900,300,rastrigin,9,1.989914,4.228572,4.477310,2.690067,297.973230
3,3.882831,2.419483,exponential_5,900,300,rastrigin,9,0.000000,4.290728,1.989916,14.047330,282.903960
3,2.419483,2.832683,exponential_5,900,300,rastrigin,9,0.994957,4.726023,1.989914,11.749214,157.743800
3,3.882831,1.287720,exponential_5,900,300,rastrigin,9,0.000000,1.865546,2.984871,6.189387,288.058095
3,4.545940,2.419483,exponential_5,900,300,rastrigin,9,0.000000,13.431825,24.873728,12.974011,153.477990
3,2.066557,3.882831,exponential_5,900,300,rastrigin,9,0.000000,2.238654,2.487394,9.894156,182.703785
3,2.419483,3.882831,exponential_5,900,300,rastrigin,9,0.000000,4.477282,2.487392,11.463243,158.489570
3,3.882831,8.541316,exponential_5,900,300,rastrigin,9,0.000000,13.556190,24.873722,13.570296,271.301145
3,2.066557,5.322296,exponential_5,900,300,rastrigin,9,0.000000,4.352912,1.492437,12.223123,173.484575
3,2.832683,1.099883,exponential_5,900,300,rastrigin,9,1.989941,5.223534,5.969753,2.758647,155.312495
3,2.419483,5.322296,exponential_5,900,300,rastrigin,9,0.000000,7.462130,2.487394,12.323108,167.545680
3,2.419483,10.000000,exponential_5,900,300,rastrigin,9,0.000000,10.073871,13.929298,15.437463,162.730770
3,2.066557,7.295407,exponential_5,900,300,rastrigin,9,0.000000,8.643626,1.492435,12.697801,177.814250
3,2.066557,10.000000,exponential_5,900,300,rastrigin,9,0.000000,4.041988,1.492435,16.106527,152.067640
3,2.832683,3.882831,exponential_5,900,300,rastrigin,9,0.000000,4.290728,1.989914,14.133808,152.585920
3,2.832683,2.066557,exponential_5,900,300,rastrigin,9,0.000000,3.420153,2.487392,10.687096,157.270175
3,2.419483,0.585390,exponential_5,900,300,rastrigin,9,4.003017,14.494035,15.487967,7.824218,172.562785
3,2.832683,2.832683,exponential_5,900,300,rastrigin,9,0.000000,6.218446,2.984873,14.984485,146.974955
3,2.419483,7.295407,exponential_5,900,300,rastrigin,9,0.000000,9.016747,2.984873,12.223171,146.740395
3,4.545940,4.545940,exponential_5,900,300,rastrigin,9,0.000000,10.198240,13.929295,12.698194,136.621290
3,2.832683,7.295407,exponential_5,900,300,rastrigin,9,0.000000,10.446974,13.929298,12.373823,158.901730
3,2.419483,2.066557,exponential_5,900,300,rastrigin,9,0.000000,2.114287,1.989922,8.840380,175.212420
3,3.316448,0.585390,exponential_5,900,300,rastrigin,9,5.970406,11.262702,12.942144,7.826889,137.960485
3,3.316448,2.066557,exponential_5,900,300,rastrigin,9,0.000000,1.616805,1.989914,8.424077,141.821785
3,4.545940,3.316448,exponential_5,900,300,rastrigin,9,0.000000,4.290729,1.492435,11.790897,181.482315
3,3.316448,2.832683,exponential_5,900,300,rastrigin,9,0.000000,4.415097,1.989914,11.277282,118.764245
3,2.832683,10.000000,exponential_5,900,300,rastrigin,9,0.000000,8.768001,3.482357,12.358006,112.555410
3,3.316448,3.882831,exponential_5,900,300,rastrigin,9,0.000000,7.586496,2.487392,12.500952,134.361985
3,3.316448,7.295407,exponential_5,900,300,rastrigin,9,0.000000,10.198236,13.431818,12.499458,119.542235
3,2.832683,0.585390,exponential_5,900,300,rastrigin,9,4.976875,12.411941,14.446060,7.774686,165.761005
3,4.545940,6.231237,exponential_5,900,300,rastrigin,9,0.000000,11.628486,24.873718,12.577659,184.096945
3,3.882831,0.802409,exponential_5,900,300,rastrigin,9,2.984871,4.352944,3.979843,2.660466,127.892740
3,3.882831,2.066557,exponential_5,900,300,rastrigin,9,0.000000,7.586496,2.487396,14.775506,123.496225
3,3.316448,10.000000,exponential_5,900,300,rastrigin,9,0.000000,10.260425,13.929296,15.337134,138.815855
3,3.316448,5.322296,exponential_5,900,300,rastrigin,9,0.000000,7.275572,2.487394,12.342657,137.077080
3,3.882831,3.882831,exponential_5,900,300,rastrigin,9,0.000000,6.964659,2.487392,12.171276,124.840050
3,3.882831,5.322296,exponential_5,900,300,rastrigin,9,0.000000,16.318991,27.396688,15.693925,135.343185
3,4.545940,0.585390,exponential_5,900,300,rastrigin,9,1.989922,6.902534,6.964725,5.714498,129.237150
3,5.322296,0.939444,exponential_5,900,300,rastrigin,9,0.000000,2.300839,2.487394,8.598555,143.499955
3,2.832683,0.802409,exponential_5,900,300,rastrigin,9,3.980122,9.328612,11.442026,4.184045,176.073475
3,3.882831,7.295407,exponential_5,900,300,rastrigin,9,0.000000,5.347857,0.994957,11.761881,134.690730
3,4.545940,8.541316,exponential_5,900,300,rastrigin,9,0.000000,7.524313,2.984873,11.606730,185.615680
3,4.545940,0.802409,exponential_5,900,300,rastrigin,9,1.989914,3.482352,3.979832,2.017101,124.279295
3,4.545940,1.099883,exponential_5,900,300,rastrigin,9,0.000000,1.616805,1.989914,5.340389,119.660490
3,4.545940,1.507637,exponential_5,900,300,rastrigin,9,0.000000,1.305882,1.492437,5.149522,123.657365
3,6.231237,0.685363,exponential_5,900,300,rastrigin,9,0.994957,2.611764,2.984871,1.550187,122.026625
3,5.322296,1.765111,exponential_5,900,300,rastrigin,9,0.994957,13.618393,24.873745,12.095617,165.321240
3,5.322296,0.500000,exponential_5,900,300,rastrigin,9,1.989914,7.524477,8.457169,6.595953,190.376305
3,5.322296,0.685363,exponential_5,900,300,rastrigin,9,0.994957,4.042017,4.477314,2.686385,196.686530
3,6.231237,3.316448,exponential_5,900,300,rastrigin,9,0.000000,9.016766,2.984875,14.997882,128.785325
3,5.322296,1.287720,exponential_5,900,300,rastrigin,9,0.000000,2.860489,1.989914,10.283532,200.917855
3,5.322296,2.419483,exponential_5,900,300,rastrigin,9,0.000000,10.322601,14.426773,12.233549,208.423255
3,4.545940,2.066557,exponential_5,900,300,rastrigin,9,0.994957,7.586503,1.989916,12.481723,132.891965
3,5.322296,3.316448,exponential_5,900,300,rastrigin,9,0.000000,16.803104,24.873741,13.787834,222.156105
3,7.295407,1.765111,exponential_5,900,300,rastrigin,9,0.994957,12.188138,24.873718,13.955800,135.337985
3,5.322296,4.545940,exponential_5,900,300,rastrigin,9,0.000000,3.731065,0.994957,11.742712,224.041625
3,6.231237,0.500000,exponential_5,900,300,rastrigin,9,0.994957,4.228574,4.974791,5.403043,220.710970
3,5.322296,6.231237,exponential_5,900,300,rastrigin,9,0.000000,5.845335,1.989916,12.400367,233.877890
3,7.295407,3.316448,exponential_5,900,300,rastrigin,9,0.994957,8.208355,3.482351,15.053574,140.128520
3,5.322296,8.541316,exponential_5,900,300,rastrigin,9,0.994957,12.436878,24.873726,14.140483,243.173900
3,4.545940,2.832683,exponential_5,900,300,rastrigin,9,0.000000,11.815031,24.873730,12.021501,138.106465
3,6.231237,0.939444,exponential_5,900,300,rastrigin,9,0.000000,1.741175,1.989914,7.395494,231.105455
3,6.231237,2.419483,exponential_5,900,300,rastrigin,9,0.000000,7.586499,2.984871,11.663009,223.233960
3,6.231237,1.765111,exponential_5,900,300,rastrigin,9,0.994957,10.633528,14.924255,11.926426,228.034790
3,8.541316,0.500000,exponential_5,900,300,rastrigin,9,0.994957,2.736133,2.984875,1.643188,139.390425
3,7.295407,6.231237,exponential_5,900,300,rastrigin,9,0.000000,10.198244,13.929296,12.730707,148.105075
3,8.541316,0.685363,exponential_5,900,300,rastrigin,9,0.994957,2.425208,2.984871,8.252640,148.344445
3,6.231237,4.545940,exponential_5,900,300,rastrigin,9,0.000000,9.825127,13.929295,12.886598,232.868080
3,8.541316,0.939444,exponential_5,900,300,rastrigin,9,0.994957,6.280630,3.482355,11.166497,154.964420
3,6.231237,1.287720,exponential_5,900,300,rastrigin,9,0.994957,7.026847,3.482353,11.835866,253.671980
3,8.541316,2.419483,exponential_5,900,300,rastrigin,9,0.000000,11.939398,24.873720,12.003425,143.887780
3,8.541316,3.316448,exponential_5,900,300,rastrigin,9,0.000000,8.954552,2.487396,14.446046,151.675320
3,7.295407,0.500000,exponential_5,900,300,rastrigin,9,0.994957,3.233614,3.979836,1.702368,229.652540
3,2.832683,1.507637,exponential_5,900,300,rastrigin,9,0.000000,2.052106,2.487396,2.364461,224.532570
3,8.541316,6.231237,exponential_5,900,300,rastrigin,9,0.994957,6.342814,1.989914,11.674732,149.559135
3,8.541316,8.541316,exponential_5,900,300,rastrigin,9,0.000000,7.089022,1.989914,12.787903,147.503125
3,10.000000,0.500000,exponential_5,900,300,rastrigin,9,0.994957,2.300839,2.984871,1.820388,139.901735
3,10.000000,1.287720,exponential_5,900,300,rastrigin,9,0.000000,10.882277,13.929296,12.939747,137.470265
3,10.000000,0.939444,exponential_5,900,300,rastrigin,9,0.000000,13.307451,24.873724,12.108137,144.017870
3,10.000000,1.765111,exponential_5,900,300,rastrigin,9,0.000000,6.156261,2.487396,12.449235,142.897640
3,10.000000,3.316448,exponential_5,900,300,rastrigin,9,0.000000,12.312507,24.873751,12.667018,140.332755
3,2.832683,5.322296,exponential_5,900,300,rastrigin,9,0.000000,4.352918,1.989914,11.615704,292.053905
3,6.231237,6.231237,exponential_5,900,300,rastrigin,9,0.000000,12.125958,24.873726,12.649929,303.118315
3,10.000000,4.545940,exponential_5,900,300,rastrigin,9,0.000000,10.073866,13.431818,12.824332,141.021320
3,7.295407,0.685363,exponential_5,900,300,rastrigin,9,0.000000,2.300839,1.989916,6.873847,287.613590
3,8.541316,1.287720,exponential_5,900,300,rastrigin,9,0.000000,1.554621,1.492435,9.668939,237.751655
3,7.295407,4.545940,exponential_5,900,300,rastrigin,9,0.000000,8.892365,2.984871,12.130526,258.765065
3,6.231237,8.541316,exponential_5,900,300,rastrigin,9,0.000000,3.855442,0.994957,11.666686,314.723710
3,7.295407,0.939444,exponential_5,900,300,rastrigin,9,0.000000,1.927730,1.989916,9.761662,304.520010
3,8.541316,1.765111,exponential_5,900,300,rastrigin,9,0.000000,12.192593,24.873734,13.085885,251.018250
3,7.295407,8.541316,exponential_5,900,300,rastrigin,9,0.000000,4.539467,1.989914,11.428181,275.396070
3,7.295407,1.287720,exponential_5,900,300,rastrigin,9,0.000000,2.736120,0.994957,11.419715,313.346060
3,3.316448,0.802409,exponential_5,900,300,rastrigin,9,1.989922,6.778171,7.462187,5.226641,315.538975
3,6.231237,0.802409,exponential_5,900,300,rastrigin,9,0.994957,2.176470,2.487394,0.917306,138.683980
3,10.000000,8.541316,exponential_5,900,300,rastrigin,9,0.000000,12.063794,24.873732,16.259161,154.034170
3,10.000000,0.685363,exponential_5,900,300,rastrigin,9,0.000000,1.368067,1.492437,8.646763,245.604030
3,7.295407,2.419483,exponential_5,900,300,rastrigin,9,0.000000,7.590938,2.984871,15.124119,318.442195
3,3.316448,1.507637,exponential_5,900,300,rastrigin,9,0.000000,2.238656,2.487396,8.837581,321.626700
3,8.541316,4.545940,exponential_5,900,300,rastrigin,9,0.994957,17.553783,25.868702,13.563814,276.893950
3,3.316448,1.099883,exponential_5,900,300,rastrigin,9,0.000000,4.290756,4.974789,3.713137,325.150140
3,3.882831,2.832683,exponential_5,900,300,rastrigin,9,0.000000,1.554621,1.989914,9.470845,318.709270
3,3.882831,0.585390,exponential_5,900,300,rastrigin,9,3.017830,7.404508,8.465137,4.412100,325.174920
3,3.882831,1.507637,exponential_5,900,300,rastrigin,9,0.000000,1.492436,1.989914,8.383883,319.697295
3,3.882831,1.099883,exponential_5,900,300,rastrigin,9,0.994957,2.984872,3.979828,5.973020,327.881140
3,4.545940,3.882831,exponential_5,900,300,rastrigin,9,0.000000,8.892370,3.482353,12.220804,252.570950
3,3.882831,10.000000,exponential_5,900,300,rastrigin,9,0.000000,10.322606,13.431816,15.161659,318.698485
3,6.231237,3.882831,exponential_5,900,300,rastrigin,9,0.000000,11.752846,24.873722,12.345451,156.844055
3,7.295407,2.066557,exponential_5,900,300,rastrigin,9,0.000000,8.892369,3.979828,11.832267,156.154815
3,7.295407,3.882831,exponential_5,900,300,rastrigin,9,0.000000,7.213390,1.989914,12.316653,151.494755
3,8.541316,0.585390,exponential_5,900,300,rastrigin,9,0.000000,2.922688,2.984875,9.202612,145.353040
3,4.545940,5.322296,exponential_5,900,300,rastrigin,9,0.994957,9.585306,2.487396,17.239481,311.397065
3,8.541316,0.802409,exponential_5,900,300,rastrigin,9,0.000000,1.430251,1.989914,11.065207,152.586985
3,8.541316,1.099883,exponential_5,900,300,rastrigin,9,0.000000,4.477283,1.989918,15.994479,152.712270
3,7.295407,7.295407,exponential_5,900,300,rastrigin,9,0.000000,11.815031,24.873718,14.617299,164.517340
3,10.000000,6.231237,exponential_5,900,300,rastrigin,9,0.000000,3.171415,1.989914,10.752161,257.614450
3,8.541316,3.882831,exponential_5,900,300,rastrigin,9,0.000000,8.892366,2.984873,12.480624,157.817100
3,8.541316,2.832683,exponential_5,900,300,rastrigin,9,0.000000,10.446976,14.426773,12.782420,158.782460
3,10.000000,2.419483,exponential_5,900,300,rastrigin,9,0.000000,5.845335,2.487392,11.699986,290.641790
3,10.000000,0.585390,exponential_5,900,300,rastrigin,9,0.000000,1.865546,2.487394,9.171762,151.196130
3,8.541316,10.000000,exponential_5,900,300,rastrigin,9,0.000000,7.089017,1.989914,12.192743,155.668485
3,10.000000,1.507637,exponential_5,900,300,rastrigin,9,0.000000,9.141105,2.984873,12.823687,151.036435
3,10.000000,1.099883,exponential_5,900,300,rastrigin,9,0.000000,4.290727,1.989914,11.704561,144.381365
3,8.541316,7.295407,exponential_5,900,300,rastrigin,9,0.994957,12.188140,24.873730,14.875141,163.090025
3,4.545940,7.295407,exponential_5,900,300,rastrigin,9,0.000000,3.979804,0.994965,14.686328,262.850845
3,10.000000,2.066557,exponential_5,900,300,rastrigin,9,0.000000,7.337767,1.989916,17.270212,144.932800
3,10.000000,3.882831,exponential_5,900,300,rastrigin,9,0.000000,4.166359,1.989914,12.483311,141.220695
3,5.322296,1.099883,exponential_5,900,300,rastrigin,9,0.000000,1.492436,1.989914,7.625493,252.718135
3,5.322296,0.802409,exponential_5,900,300,rastrigin,9,0.994957,3.233613,3.979830,7.915994,232.909970
3,10.000000,5.322296,exponential_5,900,300,rastrigin,9,0.994957,18.779678,25.868690,10.690210,135.571750
3,5.322296,2.066557,exponential_5,900,300,rastrigin,9,0.000000,8.767994,2.487394,11.992643,247.940500
3,6.231237,0.585390,exponential_5,900,300,rastrigin,9,1.989914,4.477313,4.974800,2.925832,226.273395
3,6.231237,1.507637,exponential_5,900,300,rastrigin,9,0.000000,7.524314,2.984875,12.261682,204.630865
3,5.322296,3.882831,exponential_5,900,300,rastrigin,9,0.000000,5.410049,0.994957,15.061618,239.226550
3,4.545940,10.000000,exponential_5,900,300,rastrigin,9,0.000000,11.939456,24.873730,14.861598,268.486530
3,6.231237,5.322296,exponential_5,900,300,rastrigin,9,0.000000,4.166359,1.492435,11.953843,216.023340
3,6.231237,2.832683,exponential_5,900,300,rastrigin,9,0.000000,8.705812,2.984877,15.171668,228.780680
3,5.322296,0.585390,exponential_5,900,300,rastrigin,9,2.984879,6.964706,6.964710,5.604280,260.777365
3,5.322296,5.322296,exponential_5,900,300,rastrigin,9,0.000000,5.845335,2.487392,15.041858,240.432955
3,5.322296,10.000000,exponential_5,900,300,rastrigin,9,0.994957,7.524313,1.989918,12.480795,238.649335
3,5.322296,2.832683,exponential_5,900,300,rastrigin,9,0.000000,11.877224,24.873718,12.794214,254.180880
3,5.322296,7.295407,exponential_5,900,300,rastrigin,9,0.000000,4.539467,2.487392,11.243366,243.046430
3,6.231237,1.099883,exponential_5,900,300,rastrigin,9,0.994957,3.668892,2.487394,10.191680,239.894695
3,5.322296,1.507637,exponential_5,900,300,rastrigin,9,0.000000,1.305882,1.989914,7.235815,259.211500
3,6.231237,2.066557,exponential_5,900,300,rastrigin,9,0.000000,11.504133,24.873722,12.694610,236.562705
3,7.295407,0.585390,exponential_5,900,300,rastrigin,9,0.000000,3.731095,4.477310,5.340426,211.161900
3,10.000000,10.000000,exponential_5,900,300,rastrigin,9,0.000000,11.566313,24.873720,13.016543,85.462695
3,6.231237,7.295407,exponential_5,900,300,rastrigin,9,0.000000,12.188137,24.873739,12.735449,186.804790
3,7.295407,0.802409,exponential_5,900,300,rastrigin,9,0.994957,2.549579,2.984871,7.326736,167.234160
3,7.295407,2.832683,exponential_5,900,300,rastrigin,9,0.000000,10.824533,13.929296,13.098282,97.320105
3,7.295407,10.000000,exponential_5,900,300,rastrigin,9,0.000000,5.534410,1.989914,12.391203,109.549090
3,8.541316,1.507637,exponential_5,900,300,rastrigin,9,0.000000,9.203289,4.974792,12.042991,167.979120
3,7.295407,1.099883,exponential_5,900,300,rastrigin,9,0.000000,4.539470,1.989914,11.583821,130.747595
3,6.231237,10.000000,exponential_5,900,300,rastrigin,9,0.000000,10.571344,13.929296,14.562096,145.117555
3,7.295407,5.322296,exponential_5,900,300,rastrigin,9,0.000000,12.001585,24.873720,14.663070,157.269105
3,7.295407,1.507637,exponential_5,900,300,rastrigin,9,0.000000,0.808403,0.994957,9.329892,117.875785
3,8.541316,2.066557,exponential_5,900,300,rastrigin,9,0.994957,9.078919,1.989914,12.289094,131.893410
3,10.000000,0.802409,exponential_5,900,300,rastrigin,9,0.000000,7.399943,2.487394,12.546027,118.457160
3,10.000000,2.832683,exponential_5,900,300,rastrigin,9,0.000000,8.643627,2.487396,12.588764,100.184970
3,8.541316,5.322296,exponential_5,900,300,rastrigin,9,0.000000,10.446975,14.426773,13.013268,118.171235
3,10.000000,7.295407,exponential_5,900,300,rastrigin,9,0.000000,11.690657,24.873718,12.265004,106.041845
