n_leaders,a_factor,c_factor,convergence,population_size,num_iterations,objective,dimensionality,best_value,average_value_top_80,median_value,stddev_value,average_time_ms
3,0.200000,2.747511,linear,150,50,rosenbrock,3,0.000029,0.953335,1.097841,1.915690,0.648570
3,0.200000,4.779626,linear,150,50,rosenbrock,3,0.000035,1.739379,1.768473,3.754640,0.644500
3,0.200000,0.300000,linear,150,50,rosenbrock,3,0.416734,43.636963,42.420540,116.150040,0.700715
3,0.245725,0.627664,linear,150,50,rosenbrock,3,0.414910,4.488042,4.925067,28.619204,0.686895
3,0.245725,3.304387,linear,150,50,rosenbrock,3,0.036366,1.178288,1.018299,2.703709,0.675530
3,0.200000,0.907884,linear,150,50,rosenbrock,3,0.245614,3.340714,4.225072,7.749357,0.787770
3,0.245725,1.899487,linear,150,50,rosenbrock,3,0.155181,1.174333,1.071897,1.713830,0.692175
3,0.245725,1.091897,linear,150,50,rosenbrock,3,0.105155,3.255719,4.471184,9.260898,0.709635
3,1.275867,8.314736,linear,150,50,rosenbrock,3,0.002031,0.448621,0.333411,2.923559,0.947185
3,0.301904,0.433935,linear,150,50,rosenbrock,3,0.342474,6.962233,6.992651,102.905357,0.820010
3,0.301904,3.974133,linear,150,50,rosenbrock,3,0.000155,1.012864,0.682076,3.858620,0.815865
3,0.370927,8.314736,linear,150,50,rosenbrock,3,0.008146,0.403106,0.357342,2.728566,1.227500
3,0.245725,0.360805,linear,150,50,rosenbrock,3,0.255552,10.472159,9.647666,40.376919,1.199315
3,0.301904,2.284483,linear,150,50,rosenbrock,3,0.000067,1.451976,1.707351,2.251909,0.956540
3,0.301904,6.913484,linear,150,50,rosenbrock,3,0.062666,1.499167,0.817836,2.847520,0.900565
3,0.245725,10.000000,linear,150,50,rosenbrock,3,0.023665,1.013812,0.538128,2.379001,1.218780
3,0.301904,0.754882,linear,150,50,rosenbrock,3,0.040292,2.079916,2.684235,9.306773,1.279595
3,0.370927,0.907884,linear,150,50,rosenbrock,3,0.136345,1.689954,2.013436,2.817606,1.059980
3,0.559922,0.433935,linear,150,50,rosenbrock,3,0.000157,2.296480,3.470143,16.971128,0.864040
3,0.370927,4.779626,linear,150,50,rosenbrock,3,0.000809,0.440790,0.624257,2.226023,1.029385
3,0.455730,5.748380,linear,150,50,rosenbrock,3,0.001617,0.282280,0.331136,2.592117,0.985925
3,0.200000,8.314736,linear,150,50,rosenbrock,3,0.000000,0.665393,0.632592,2.738681,1.804105
3,0.200000,0.521886,linear,150,50,rosenbrock,3,0.160101,15.851358,14.946392,88.841049,1.072220
3,0.370927,1.579374,linear,150,50,rosenbrock,3,0.077989,1.813048,1.875699,3.480802,1.160025
3,0.301904,1.313208,linear,150,50,rosenbrock,3,0.008084,1.609462,1.995662,70.440643,1.567310
3,0.559922,1.313208,linear,150,50,rosenbrock,3,0.000397,1.425855,0.988501,2.668624,0.976665
3,0.559922,3.974133,linear,150,50,rosenbrock,3,0.004835,0.461468,0.531865,2.831678,0.893030
3,0.687934,0.300000,linear,150,50,rosenbrock,3,0.023385,3.350864,5.036997,50.802872,0.926700
3,0.559922,2.284483,linear,150,50,rosenbrock,3,0.136404,0.917286,0.781395,2.542608,0.971050
3,0.245725,5.748380,linear,150,50,rosenbrock,3,0.028701,1.614413,1.501920,2.081341,1.927535
3,0.687934,0.907884,linear,150,50,rosenbrock,3,0.021583,0.798021,0.961608,1.949720,0.865780
3,0.687934,2.747511,linear,150,50,rosenbrock,3,0.033925,1.234572,0.766823,2.466073,0.900860
3,0.687934,1.579374,linear,150,50,rosenbrock,3,0.038954,1.155555,0.968009,2.013575,0.939890
3,0.370927,0.521886,linear,150,50,rosenbrock,3,0.028666,3.988516,5.461006,144.375168,1.516880
3,0.687934,0.521886,linear,150,50,rosenbrock,3,0.126913,2.425342,3.135999,71.677803,1.015060
3,0.370927,0.300000,linear,150,50,rosenbrock,3,0.971558,50.959370,44.169621,157.739075,1.584235
3,0.559922,0.754882,linear,150,50,rosenbrock,3,0.002220,0.612689,0.824482,32.079849,1.279600
3,0.559922,6.913484,linear,150,50,rosenbrock,3,0.007250,0.303597,0.247281,1.257178,1.158775
3,0.687934,4.779626,linear,150,50,rosenbrock,3,0.006904,0.152486,0.177764,2.169450,0.881555
3,0.455730,1.091897,linear,150,50,rosenbrock,3,0.001493,1.273904,1.415255,2.337894,1.476225
3,0.455730,0.627664,linear,150,50,rosenbrock,3,0.002066,1.605650,2.475515,3.921988,1.490490
3,0.455730,10.000000,linear,150,50,rosenbrock,3,0.000471,0.159128,0.171572,2.878729,1.422565
3,0.455730,1.899487,linear,150,50,rosenbrock,3,0.003598,2.106827,2.741079,3.548906,1.530300
3,0.370927,2.747511,linear,150,50,rosenbrock,3,0.019711,0.789533,0.908646,1.061383,1.613210
3,0.455730,0.360805,linear,150,50,rosenbrock,3,0.247763,10.146001,7.446908,128.787491,1.584245
3,0.455730,3.304387,linear,150,50,rosenbrock,3,0.015984,0.880790,0.808286,2.061867,1.577325
3,0.687934,8.314736,linear,150,50,rosenbrock,3,0.001347,0.134946,0.110175,1.543347,0.996790
3,0.845213,0.627664,linear,150,50,rosenbrock,3,0.024497,1.705261,2.147933,3.414438,0.752135
3,0.845213,0.360805,linear,150,50,rosenbrock,3,0.853788,3.559156,3.711498,4.391584,0.872445
3,0.845213,3.304387,linear,150,50,rosenbrock,3,0.000240,0.247585,0.392234,1.031271,0.735425
3,0.845213,10.000000,linear,150,50,rosenbrock,3,0.000596,0.204329,0.238478,1.587709,0.791355
3,1.038450,1.313208,linear,150,50,rosenbrock,3,0.031712,1.442500,1.661244,2.131274,0.678370
3,1.038450,0.433935,linear,150,50,rosenbrock,3,0.109274,1.555065,1.947839,2.064099,0.777810
3,0.845213,1.899487,linear,150,50,rosenbrock,3,0.074063,1.166882,0.701162,2.839160,0.954410
3,0.845213,1.091897,linear,150,50,rosenbrock,3,0.005453,2.090548,2.917835,3.625420,1.004260
3,1.038450,3.974133,linear,150,50,rosenbrock,3,0.026754,0.463590,0.259097,3.051663,0.694370
3,1.275867,0.300000,linear,150,50,rosenbrock,3,0.864475,2.150084,2.349998,2.729500,0.656665
3,1.275867,0.907884,linear,150,50,rosenbrock,3,0.000390,0.754914,0.613127,3.100390,0.630740
3,1.275867,0.521886,linear,150,50,rosenbrock,3,0.045296,1.970849,2.066861,3.294542,0.638620
3,1.038450,2.284483,linear,150,50,rosenbrock,3,0.008575,0.715211,0.437021,3.171158,0.736010
3,0.845213,5.748380,linear,150,50,rosenbrock,3,0.000426,0.189802,0.217908,0.679337,0.988585
3,1.275867,1.579374,linear,150,50,rosenbrock,3,0.000371,0.438852,0.502185,1.631546,0.698125
3,1.038450,6.913484,linear,150,50,rosenbrock,3,0.003147,0.170614,0.185322,1.355334,0.949815
3,1.275867,4.779626,linear,150,50,rosenbrock,3,0.001092,0.158893,0.174834,2.546905,0.869360
3,1.567562,0.360805,linear,150,50,rosenbrock,3,0.007654,1.758934,2.897884,2.373752,0.783945
3,1.567562,0.627664,linear,150,50,rosenbrock,3,0.085651,1.558877,0.967757,3.200852,0.727160
3,1.275867,2.747511,linear,150,50,rosenbrock,3,0.000239,0.216146,0.287773,3.698864,1.170765
3,1.567562,1.899487,linear,150,50,rosenbrock,3,0.020159,0.942894,0.591998,2.681525,0.857355
3,0.200000,0.360805,linear,150,50,rosenbrock,3,0.684034,14.625771,11.757243,70.563988,0.798725
3,1.038450,0.754882,linear,150,50,rosenbrock,3,0.007668,2.557804,3.553182,3.243008,1.610695
3,1.925946,0.433935,linear,150,50,rosenbrock,3,0.001935,0.390406,0.527245,2.755294,0.906735
3,0.559922,0.521886,linear,150,50,rosenbrock,3,0.013845,0.867459,0.915186,16.643896,0.675775
3,0.845213,6.913484,linear,150,50,rosenbrock,3,0.072847,0.816299,0.362039,1.715976,0.931745
3,0.559922,4.779626,linear,150,50,rosenbrock,3,0.048106,1.718214,1.666799,3.207290,0.703695
3,0.559922,1.579374,linear,150,50,rosenbrock,3,0.000004,2.086487,1.629960,3.304047,0.789130
3,0.687934,0.360805,linear,150,50,rosenbrock,3,0.049378,2.940209,4.016348,11.446486,0.716365
3,1.275867,10.000000,linear,150,50,rosenbrock,3,0.005047,0.375827,0.425436,1.853980,1.285105
3,1.567562,10.000000,linear,150,50,rosenbrock,3,0.022575,0.402865,0.384226,1.759612,1.429135
3,1.567562,5.748380,linear,150,50,rosenbrock,3,0.031640,0.439040,0.285616,2.052645,1.487420
3,1.567562,1.091897,linear,150,50,rosenbrock,3,0.018064,1.962597,1.277291,4.170072,1.680480
3,0.687934,3.304387,linear,150,50,rosenbrock,3,0.015808,0.596379,0.435027,2.602264,0.949935
3,0.245725,2.284483,linear,150,50,rosenbrock,3,0.034160,1.974948,2.129077,3.552239,1.741850
3,1.567562,3.304387,linear,150,50,rosenbrock,3,0.002129,0.212849,0.269153,2.218055,1.967010
3,0.687934,1.091897,linear,150,50,rosenbrock,3,0.046753,1.971562,2.291102,2.259172,1.328445
3,0.200000,1.579374,linear,150,50,rosenbrock,3,0.007879,1.297627,1.260680,2.339929,2.376705
3,0.687934,1.899487,linear,150,50,rosenbrock,3,0.006091,1.052234,0.644588,2.754118,1.257865
3,0.301904,1.579374,linear,150,50,rosenbrock,3,0.006025,1.198468,1.423647,2.667016,1.848700
3,0.687934,0.627664,linear,150,50,rosenbrock,3,0.009986,1.194717,1.663778,53.123112,1.291055
3,1.567562,0.433935,linear,150,50,rosenbrock,3,0.100309,1.681428,0.990578,4.120855,1.950070
3,0.559922,8.314736,linear,150,50,rosenbrock,3,0.000508,0.165474,0.240921,2.005847,1.336285
3,0.687934,5.748380,linear,150,50,rosenbrock,3,0.048776,0.246071,0.295428,2.529252,1.387365
3,0.200000,1.091897,linear,150,50,rosenbrock,3,0.051419,4.017086,4.589675,31.566912,2.562505
3,0.301904,0.521886,linear,150,50,rosenbrock,3,0.120268,3.593904,4.689781,170.970001,2.514755
3,0.245725,6.913484,linear,150,50,rosenbrock,3,0.001192,0.503776,0.649436,2.816630,2.007140
3,0.845213,3.974133,linear,150,50,rosenbrock,3,0.009428,0.272722,0.325607,1.317138,1.454290
3,0.200000,5.748380,linear,150,50,rosenbrock,3,0.018574,1.003917,0.912683,2.426069,2.742285
3,0.845213,0.433935,linear,150,50,rosenbrock,3,0.076923,2.211059,2.969966,5.067458,1.504385
3,0.845213,0.754882,linear,150,50,rosenbrock,3,0.073726,2.735253,3.709061,2.728200,1.553515
3,1.038450,1.579374,linear,150,50,rosenbrock,3,0.004674,0.889685,0.468974,2.475840,1.384595
3,0.455730,2.284483,linear,150,50,rosenbrock,3,0.007334,1.138355,0.894195,1.929003,1.622895
3,0.200000,3.304387,linear,150,50,rosenbrock,3,0.004688,1.098029,1.203999,2.920389,2.823020
3,0.687934,0.433935,linear,150,50,rosenbrock,3,0.102550,1.604146,1.859355,10.016322,1.622365
3,0.370927,1.091897,linear,150,50,rosenbrock,3,0.010570,0.965782,1.257670,31.151897,2.564925
3,0.370927,0.627664,linear,150,50,rosenbrock,3,0.002791,3.810076,4.066970,121.346588,1.940045
3,0.559922,0.907884,linear,150,50,rosenbrock,3,0.000002,1.431076,1.565040,12.682972,1.834145
3,0.845213,1.313208,linear,150,50,rosenbrock,3,0.063548,0.639999,0.520668,2.328007,1.397660
3,0.455730,0.754882,linear,150,50,rosenbrock,3,0.000128,1.772040,2.559867,3.308611,1.702740
3,1.038450,0.300000,linear,150,50,rosenbrock,3,0.004564,2.241163,2.076722,92.046272,1.595205
3,0.455730,1.313208,linear,150,50,rosenbrock,3,0.000981,1.383130,1.523035,21.592957,1.736270
3,0.559922,0.300000,linear,150,50,rosenbrock,3,0.348288,3.624135,3.568091,51.924103,1.729790
3,0.370927,0.360805,linear,150,50,rosenbrock,3,0.751352,12.007124,12.250784,75.754883,1.884400
3,0.245725,3.974133,linear,150,50,rosenbrock,3,0.004423,1.553784,1.241146,2.357391,2.881430
3,0.455730,0.433935,linear,150,50,rosenbrock,3,0.149723,6.932570,5.599977,126.160858,1.734440
3,0.245725,0.754882,linear,150,50,rosenbrock,3,0.154395,4.175018,4.054048,74.757019,2.894770
3,0.245725,1.313208,linear,150,50,rosenbrock,3,0.041206,1.666643,2.132740,13.813456,2.894680
3,0.245725,0.433935,linear,150,50,rosenbrock,3,0.469211,15.164598,15.458076,57.605583,2.813350
3,0.845213,2.284483,linear,150,50,rosenbrock,3,0.000207,1.074239,0.691013,2.583116,1.522440
3,0.687934,10.000000,linear,150,50,rosenbrock,3,0.000145,0.164262,0.123103,1.959351,1.776040
3,0.301904,0.300000,linear,150,50,rosenbrock,3,0.946473,18.540108,27.236511,62.788975,2.787200
3,0.301904,2.747511,linear,150,50,rosenbrock,3,0.005020,1.247908,1.298827,2.663134,2.865745
3,1.038450,0.521886,linear,150,50,rosenbrock,3,0.004894,1.410882,1.711421,2.340773,1.595705
3,0.370927,3.304387,linear,150,50,rosenbrock,3,0.313412,0.767063,0.821798,1.165374,1.857670
3,0.200000,0.627664,linear,150,50,rosenbrock,3,1.838378,15.585436,20.167637,29.123522,2.718550
3,0.370927,5.748380,linear,150,50,rosenbrock,3,0.006568,1.338956,0.903071,2.702663,2.734780
3,0.200000,10.000000,linear,150,50,rosenbrock,3,0.006918,1.491596,0.898482,3.056923,2.726805
3,0.455730,6.913484,linear,150,50,rosenbrock,3,0.007168,0.752032,0.446863,3.128909,2.740285
3,0.301904,8.314736,linear,150,50,rosenbrock,3,0.060189,0.834904,0.449523,2.620909,2.897720
3,1.038450,4.779626,linear,150,50,rosenbrock,3,0.000346,0.184276,0.227620,1.676604,1.217785
3,0.301904,0.907884,linear,150,50,rosenbrock,3,0.039736,2.467448,3.137032,3.090693,2.821905
3,1.275867,0.360805,linear,150,50,rosenbrock,3,0.018084,1.078031,1.374404,1.980488,1.214710
3,0.370927,10.000000,linear,150,50,rosenbrock,3,0.028344,0.327597,0.296127,2.495951,2.978585
3,0.559922,2.747511,linear,150,50,rosenbrock,3,0.000380,0.236161,0.260781,0.865922,2.503455
3,1.038450,2.747511,linear,150,50,rosenbrock,3,0.000434,1.014528,0.424568,3.273006,1.172900
3,1.275867,1.091897,linear,150,50,rosenbrock,3,0.110331,1.806868,2.197477,3.384279,1.355885
3,1.275867,0.627664,linear,150,50,rosenbrock,3,0.054250,1.758252,2.109797,3.231373,1.404355
3,1.038450,8.314736,linear,150,50,rosenbrock,3,0.000004,0.157514,0.225848,1.211297,0.690270
3,0.559922,0.627664,linear,150,50,rosenbrock,3,0.054825,1.761274,1.948033,29.508860,0.631620
3,1.275867,1.899487,linear,150,50,rosenbrock,3,0.005599,0.579936,0.480566,2.774709,0.855580
3,1.275867,3.304387,linear,150,50,rosenbrock,3,0.000170,0.149272,0.203887,1.391498,0.765270
3,0.301904,4.779626,linear,150,50,rosenbrock,3,0.004759,1.479505,0.797172,3.657625,0.980465
3,1.275867,5.748380,linear,150,50,rosenbrock,3,0.000892,0.245409,0.248218,2.920172,0.859335
3,0.370927,1.899487,linear,150,50,rosenbrock,3,0.000688,1.332542,1.244478,1.905118,0.817080
3,1.038450,0.907884,linear,150,50,rosenbrock,3,0.014491,1.762936,2.332220,2.288969,0.786670
3,0.559922,5.748380,linear,150,50,rosenbrock,3,0.000488,0.289871,0.315707,2.714953,0.731695
3,0.559922,1.899487,linear,150,50,rosenbrock,3,0.034595,1.268232,0.649557,3.704892,0.735760
3,0.845213,8.314736,linear,150,50,rosenbrock,3,0.000710,0.146481,0.216081,1.334582,0.773280
3,1.925946,0.521886,linear,150,50,rosenbrock,3,0.026834,1.163466,0.808568,3.510695,0.907465
3,0.200000,0.433935,linear,150,50,rosenbrock,3,0.042136,11.463874,9.800060,79.134880,1.028135
3,1.567562,0.754882,linear,150,50,rosenbrock,3,0.093252,2.097712,3.062060,2.843986,1.127660
3,1.567562,2.284483,linear,150,50,rosenbrock,3,0.027998,0.264139,0.238795,1.579012,1.140500
3,0.687934,3.974133,linear,150,50,rosenbrock,3,0.000151,1.006410,0.333561,3.549323,0.765680
3,0.687934,1.313208,linear,150,50,rosenbrock,3,0.000997,0.547718,0.550367,2.875191,0.630635
3,0.455730,3.974133,linear,150,50,rosenbrock,3,0.000115,0.578182,0.656147,1.451879,1.094185
3,1.567562,1.313208,linear,150,50,rosenbrock,3,0.005384,0.684335,0.554786,3.278706,0.985880
3,1.925946,0.300000,linear,150,50,rosenbrock,3,0.003125,1.640654,2.093643,2.424720,1.120110
3,1.567562,0.300000,linear,150,50,rosenbrock,3,0.027483,1.583530,1.796173,49.371704,1.148335
3,0.687934,2.284483,linear,150,50,rosenbrock,3,0.000391,0.598881,0.716479,2.509841,0.686585
3,1.567562,6.913484,linear,150,50,rosenbrock,3,0.007536,0.424724,0.293453,1.650289,1.203190
3,0.687934,0.754882,linear,150,50,rosenbrock,3,0.024182,1.389684,1.538486,5.336656,0.747010
3,0.245725,2.747511,linear,150,50,rosenbrock,3,0.064331,1.422446,1.393557,1.918503,1.013265
3,0.301904,1.899487,linear,150,50,rosenbrock,3,0.027685,1.904129,2.338763,2.385494,0.798485
3,0.200000,1.899487,linear,150,50,rosenbrock,3,0.020450,1.821983,2.339314,27.383806,0.879925
3,0.687934,6.913484,linear,150,50,rosenbrock,3,0.017203,0.212069,0.271505,2.086402,0.817020
3,1.567562,3.974133,linear,150,50,rosenbrock,3,0.001145,0.150373,0.173420,3.136976,1.142220
3,1.567562,0.521886,linear,150,50,rosenbrock,3,0.032176,1.290451,1.781522,2.402384,0.925730
3,0.559922,10.000000,linear,150,50,rosenbrock,3,0.037061,0.427717,0.340264,1.509446,0.925620
3,0.845213,4.779626,linear,150,50,rosenbrock,3,0.001217,0.178409,0.238198,3.074248,0.681880
3,0.245725,8.314736,linear,150,50,rosenbrock,3,0.000444,0.846911,0.505627,2.739308,0.729590
3,0.200000,1.313208,linear,150,50,rosenbrock,3,0.093169,2.405272,2.869956,44.327438,0.928860
3,0.845213,0.907884,linear,150,50,rosenbrock,3,0.020691,1.257406,1.212537,2.869503,0.717865
3,0.845213,0.521886,linear,150,50,rosenbrock,3,0.007670,1.787746,2.150960,2.972051,0.826235
3,1.925946,0.754882,linear,150,50,rosenbrock,3,0.003139,0.837454,0.800162,3.037922,0.702780
3,1.038450,1.899487,linear,150,50,rosenbrock,3,0.010405,1.308479,0.934098,3.514876,0.841680
3,0.845213,1.579374,linear,150,50,rosenbrock,3,0.000056,0.432843,0.476584,2.557641,0.688615
3,0.370927,0.754882,linear,150,50,rosenbrock,3,0.024011,2.161718,3.315292,2.461261,0.844260
3,0.455730,2.747511,linear,150,50,rosenbrock,3,0.071692,1.921062,1.416088,3.928047,1.047535
3,0.301904,0.627664,linear,150,50,rosenbrock,3,0.000691,4.520994,5.363729,89.096046,1.388255
3,0.559922,1.091897,linear,150,50,rosenbrock,3,0.024083,1.878014,1.198304,4.015954,1.014655
3,0.455730,0.907884,linear,150,50,rosenbrock,3,0.074515,1.820774,1.481282,47.422592,0.960295
3,1.038450,0.360805,linear,150,50,rosenbrock,3,0.002891,1.747734,2.558720,3.109492,0.897955
3,0.845213,2.747511,linear,150,50,rosenbrock,3,0.004902,0.982031,0.493138,2.757940,0.690060
3,0.845213,0.300000,linear,150,50,rosenbrock,3,0.026517,3.773890,4.496132,74.290451,0.788025
3,0.455730,1.579374,linear,150,50,rosenbrock,3,0.001041,1.984212,2.378832,3.267736,0.996080
3,1.038450,0.627664,linear,150,50,rosenbrock,3,0.107564,1.005659,1.104874,32.923389,0.757775
3,0.370927,0.433935,linear,150,50,rosenbrock,3,0.050271,2.917708,3.147994,67.904503,1.004215
3,0.559922,0.360805,linear,150,50,rosenbrock,3,0.349713,2.725432,2.979120,13.717260,1.090825
3,0.455730,0.521886,linear,150,50,rosenbrock,3,0.007273,1.757088,2.192496,4.126657,1.131370
3,1.275867,0.433935,linear,150,50,rosenbrock,3,0.014867,2.279563,2.562705,3.130238,0.826985
3,0.200000,3.974133,linear,150,50,rosenbrock,3,0.006002,1.588794,1.856337,3.276886,1.651715
3,0.370927,3.974133,linear,150,50,rosenbrock,3,0.018256,0.703480,0.887076,2.343997,0.979750
3,1.038450,5.748380,linear,150,50,rosenbrock,3,0.011444,0.556361,0.241869,3.044155,1.008215
3,0.370927,1.313208,linear,150,50,rosenbrock,3,0.002165,1.509897,1.807842,2.196055,1.775700
3,1.038450,3.304387,linear,150,50,rosenbrock,3,0.003884,0.470215,0.281009,3.242259,1.017485
3,1.275867,0.754882,linear,150,50,rosenbrock,3,0.040059,0.720481,0.459497,1.707714,0.965130
3,0.200000,6.913484,linear,150,50,rosenbrock,3,0.007525,0.960466,0.614876,2.294382,2.040415
3,1.925946,1.313208,linear,150,50,rosenbrock,3,0.002545,1.304813,0.652503,3.006541,0.750275
3,1.275867,1.313208,linear,150,50,rosenbrock,3,0.012047,1.205130,0.793377,2.155549,1.111980
3,1.038450,10.000000,linear,150,50,rosenbrock,3,0.007953,0.178380,0.317827,1.724992,1.232280
3,0.200000,0.754882,linear,150,50,rosenbrock,3,0.133653,9.399485,10.114853,39.210411,1.670455
3,1.275867,6.913484,linear,150,50,rosenbrock,3,0.000471,0.117008,0.134614,0.804578,1.058995
3,1.925946,2.284483,linear,150,50,rosenbrock,3,0.002927,0.184885,0.228881,0.933953,1.100430
3,0.455730,8.314736,linear,150,50,rosenbrock,3,0.001704,0.250989,0.234909,0.933991,1.827695
3,0.245725,0.521886,linear,150,50,rosenbrock,3,0.895885,8.623322,7.694835,32.376320,2.066040
3,0.455730,0.300000,linear,150,50,rosenbrock,3,0.007446,4.172331,5.244807,40.614372,1.728105
3,1.038450,1.091897,linear,150,50,rosenbrock,3,0.143316,1.581633,1.101573,2.372826,1.152905
3,1.275867,2.284483,linear,150,50,rosenbrock,3,0.050094,0.346759,0.387025,1.871312,1.314110
3,0.301904,0.360805,linear,150,50,rosenbrock,3,0.000157,17.059868,14.484991,45.859837,1.991890
3,0.245725,0.907884,linear,150,50,rosenbrock,3,0.068658,2.589134,3.197804,54.315620,2.158315
3,0.245725,0.300000,linear,150,50,rosenbrock,3,0.644721,28.375679,16.261190,94.871727,1.938625
3,1.925946,6.913484,linear,150,50,rosenbrock,3,0.026461,0.303352,0.303222,1.555111,0.942380
3,1.275867,3.974133,linear,150,50,rosenbrock,3,0.021774,0.206503,0.263435,1.529980,1.300260
3,1.925946,3.974133,linear,150,50,rosenbrock,3,0.001128,1.137301,0.916585,2.434816,1.149225
3,2.366266,0.907884,linear,150,50,rosenbrock,3,0.000332,1.093404,0.644997,2.971951,0.871270
3,0.301904,1.091897,linear,150,50,rosenbrock,3,0.002313,1.095153,1.459594,3.438284,1.983035
3,0.301904,3.304387,linear,150,50,rosenbrock,3,0.029204,0.964633,0.787598,1.956859,2.162175
3,2.366266,0.300000,linear,150,50,rosenbrock,3,0.013640,1.295410,1.362815,2.377116,0.964295
3,0.370927,6.913484,linear,150,50,rosenbrock,3,0.009339,0.440142,0.457750,2.859176,2.173385
3,0.245725,4.779626,linear,150,50,rosenbrock,3,0.050785,2.038760,2.044878,3.940194,2.430160
3,0.245725,1.579374,linear,150,50,rosenbrock,3,0.001077,1.640734,2.364197,2.555738,2.420075
3,0.559922,3.304387,linear,150,50,rosenbrock,3,0.036850,0.471424,0.486040,1.765719,2.095430
3,0.301904,10.000000,linear,150,50,rosenbrock,3,0.000637,0.238200,0.303509,1.618645,2.243910
3,0.370927,2.284483,linear,150,50,rosenbrock,3,0.076415,1.226048,1.027870,2.261589,1.619030
3,2.366266,2.747511,linear,150,50,rosenbrock,3,0.003505,0.191004,0.184987,1.156307,1.020800
3,1.567562,0.907884,linear,150,50,rosenbrock,3,0.021006,1.588526,1.200384,3.362049,1.164320
3,0.301904,5.748380,linear,150,50,rosenbrock,3,0.004015,1.387839,0.772711,3.781312,1.658570
3,2.366266,1.579374,linear,150,50,rosenbrock,3,0.025720,0.489816,0.381959,2.284853,1.074510
3,0.455730,4.779626,linear,150,50,rosenbrock,3,0.000212,0.296127,0.429747,2.700224,1.111460
3,2.366266,0.521886,linear,150,50,rosenbrock,3,0.003577,0.811073,0.686464,2.730810,1.224055
3,1.567562,2.747511,linear,150,50,rosenbrock,3,0.009077,0.202609,0.229410,3.045158,1.232610
3,1.925946,0.627664,linear,150,50,rosenbrock,3,0.000002,1.603375,2.349675,2.335366,1.315765
3,1.925946,0.360805,linear,150,50,rosenbrock,3,0.029720,1.633725,1.619406,3.447733,1.219695
3,1.567562,1.579374,linear,150,50,rosenbrock,3,0.000825,0.231829,0.311575,2.879482,1.357600
3,2.366266,4.779626,linear,150,50,rosenbrock,3,0.009799,1.064501,0.315135,2.744242,0.799375
3,1.567562,8.314736,linear,150,50,rosenbrock,3,0.000213,0.533726,0.306773,2.314493,1.076085
3,2.907255,0.360805,linear,150,50,rosenbrock,3,0.000086,1.296658,0.869683,2.923605,0.838965
3,0.200000,2.284483,linear,150,50,rosenbrock,3,0.045012,2.143871,2.473450,3.279569,0.814400
3,2.907255,3.304387,linear,150,50,rosenbrock,3,0.006527,1.497880,0.457882,2.345242,0.673035
3,2.907255,0.627664,linear,150,50,rosenbrock,3,0.014409,0.394706,0.481848,3.031287,0.804835
3,2.366266,8.314736,linear,150,50,rosenbrock,3,0.040711,1.122621,0.622017,2.122944,1.054815
3,2.907255,1.899487,linear,150,50,rosenbrock,3,0.010493,0.200178,0.252775,1.516978,0.812785
3,2.907255,1.091897,linear,150,50,rosenbrock,3,0.003390,0.428300,0.424481,3.202852,0.834405
3,1.567562,4.779626,linear,150,50,rosenbrock,3,0.014020,0.304605,0.191183,2.981193,0.844315
3,3.571927,0.433935,linear,150,50,rosenbrock,3,0.002153,0.903903,0.540938,3.175632,0.751045
3,3.571927,1.313208,linear,150,50,rosenbrock,3,0.015206,0.147070,0.183048,1.684509,0.735895
3,3.571927,2.284483,linear,150,50,rosenbrock,3,0.000038,0.354373,0.250987,2.840063,0.740830
3,2.907255,10.000000,linear,150,50,rosenbrock,3,0.002370,0.862938,0.793080,3.036031,0.861765
3,1.925946,0.907884,linear,150,50,rosenbrock,3,0.005247,1.425803,1.069372,3.329381,0.799025
3,2.907255,5.748380,linear,150,50,rosenbrock,3,0.000589,0.783392,0.391128,2.133900,0.901265
3,3.571927,0.754882,linear,150,50,rosenbrock,3,0.000124,0.580532,0.352308,4.204576,0.910155
3,3.571927,3.974133,linear,150,50,rosenbrock,3,0.002631,0.476694,0.393095,3.048827,0.964980
3,4.388561,0.300000,linear,150,50,rosenbrock,3,0.008706,0.429193,0.483115,1.933843,0.858500
3,4.388561,0.521886,linear,150,50,rosenbrock,3,0.014339,1.603740,0.620948,3.840181,0.876215
3,4.388561,4.779626,linear,150,50,rosenbrock,3,0.009030,0.457124,0.609956,2.822277,0.722245
3,3.571927,6.913484,linear,150,50,rosenbrock,3,0.014469,2.553703,3.755387,3.584285,1.059835
3,4.388561,2.747511,linear,150,50,rosenbrock,3,0.011985,0.435694,0.434730,1.998302,0.871520
3,4.388561,0.907884,linear,150,50,rosenbrock,3,0.000009,0.212042,0.269910,1.282191,1.001915
3,4.388561,1.579374,linear,150,50,rosenbrock,3,0.002546,0.157144,0.209971,0.677916,0.921500
3,5.391897,1.899487,linear,150,50,rosenbrock,3,0.008004,0.671241,0.241768,1.890391,0.803235
3,5.391897,1.091897,linear,150,50,rosenbrock,3,0.003311,0.221249,0.224505,1.600426,0.883660
3,5.391897,0.627664,linear,150,50,rosenbrock,3,0.008898,0.250756,0.266876,2.275784,0.936260
3,6.624620,1.313208,linear,150,50,rosenbrock,3,0.004279,0.289680,0.321834,2.483592,0.752395
3,4.388561,8.314736,linear,150,50,rosenbrock,3,0.025535,2.120625,2.360525,3.042696,0.962685
3,5.391897,0.360805,linear,150,50,rosenbrock,3,0.010521,1.131462,0.678671,3.206433,0.967570
3,5.391897,3.304387,linear,150,50,rosenbrock,3,0.001223,0.472609,0.493934,1.944565,1.011495
3,6.624620,0.754882,linear,150,50,rosenbrock,3,0.000034,0.207761,0.279389,3.577400,0.888930
3,5.391897,10.000000,linear,150,50,rosenbrock,3,0.167595,0.947056,0.803786,2.968200,0.928475
3,6.624620,0.433935,linear,150,50,rosenbrock,3,0.000287,0.343944,0.341067,3.109064,0.924125
3,5.391897,5.748380,linear,150,50,rosenbrock,3,0.002358,2.160222,3.220718,3.788660,1.056480
3,6.624620,2.284483,linear,150,50,rosenbrock,3,0.001987,0.469279,0.344893,1.789561,0.907595
3,1.925946,1.579374,linear,150,50,rosenbrock,3,0.001396,0.288944,0.364787,1.670041,0.754855
3,6.624620,6.913484,linear,150,50,rosenbrock,3,0.002096,1.281276,0.733443,3.208770,0.762720
3,8.139176,0.300000,linear,150,50,rosenbrock,3,0.041499,0.607740,0.399440,3.569518,0.840520
3,6.624620,3.974133,linear,150,50,rosenbrock,3,0.059165,0.869224,0.700386,2.245539,1.084415
3,10.000000,0.360805,linear,150,50,rosenbrock,3,0.003097,0.712983,0.394314,2.904288,0.714760
3,8.139176,0.907884,linear,150,50,rosenbrock,3,0.001982,0.137701,0.177424,1.302312,0.821610
3,8.139176,8.314736,linear,150,50,rosenbrock,3,0.158693,2.186727,2.268619,3.619832,0.766480
3,1.925946,2.747511,linear,150,50,rosenbrock,3,0.000116,0.812045,0.213755,3.037695,0.847605
3,8.139176,2.747511,linear,150,50,rosenbrock,3,0.013426,0.790625,0.636293,3.063428,0.859675
3,8.139176,1.579374,linear,150,50,rosenbrock,3,0.048113,0.966292,0.344364,3.150661,0.888090
3,8.139176,0.521886,linear,150,50,rosenbrock,3,0.011575,0.954786,0.340004,3.586808,1.026030
3,10.000000,0.627664,linear,150,50,rosenbrock,3,0.017239,0.172773,0.187607,1.520845,0.808710
3,2.366266,1.091897,linear,150,50,rosenbrock,3,0.020259,0.350738,0.409160,1.554774,0.715325
3,1.925946,4.779626,linear,150,50,rosenbrock,3,0.000006,0.238189,0.271657,1.581043,0.736760
3,10.000000,1.091897,linear,150,50,rosenbrock,3,0.000077,0.140841,0.177736,1.205326,0.867400
3,2.366266,0.360805,linear,150,50,rosenbrock,3,0.002524,1.597270,0.975053,3.443648,0.626190
3,1.925946,8.314736,linear,150,50,rosenbrock,3,0.000116,0.208227,0.237322,1.141060,0.874570
3,10.000000,1.899487,linear,150,50,rosenbrock,3,0.000000,0.631778,0.467571,2.422402,0.896365
3,8.139176,4.779626,linear,150,50,rosenbrock,3,0.012860,2.456769,3.975657,3.472893,1.222005
3,0.200000,0.433935,quadratic,150,50,rosenbrock,3,0.246697,43.476429,49.106838,94.946465,0.897995
3,0.200000,0.754882,quadratic,150,50,rosenbrock,3,0.003769,7.079255,6.528560,52.555840,0.736125
3,10.000000,3.304387,linear,150,50,rosenbrock,3,0.000007,1.591802,0.966419,3.732371,1.100290
3,10.000000,5.748380,linear,150,50,rosenbrock,3,0.076645,1.823747,1.457589,3.511644,1.178360
3,2.366266,0.627664,linear,150,50,rosenbrock,3,0.003185,1.128826,0.787450,3.190963,0.657485
3,0.200000,2.284483,quadratic,150,50,rosenbrock,3,0.030017,2.561499,3.095830,4.529437,0.881765
3,0.200000,3.974133,quadratic,150,50,rosenbrock,3,0.000062,1.462968,1.349736,2.899386,0.886780
3,0.245725,0.300000,quadratic,150,50,rosenbrock,3,0.002158,13.247705,6.763137,118.104507,0.860580
3,2.366266,3.304387,linear,150,50,rosenbrock,3,0.013945,0.123624,0.179878,1.199177,0.777865
3,0.200000,1.313208,quadratic,150,50,rosenbrock,3,0.010908,1.842264,2.315989,8.260079,1.025990
3,0.200000,6.913484,quadratic,150,50,rosenbrock,3,0.000369,0.635992,0.628447,3.315788,0.986680
3,0.301904,1.091897,quadratic,150,50,rosenbrock,3,0.021973,2.259742,1.952693,84.467598,0.793005
3,0.245725,0.907884,quadratic,150,50,rosenbrock,3,0.075077,2.699175,2.682384,26.604643,1.038550
3,2.366266,0.433935,linear,150,50,rosenbrock,3,0.000979,1.301352,0.872111,3.843651,0.912610
3,2.366266,5.748380,linear,150,50,rosenbrock,3,0.013555,0.214603,0.188433,3.256644,0.947590
3,2.907255,0.754882,linear,150,50,rosenbrock,3,0.039319,0.790312,0.609701,2.300398,0.857970
3,2.907255,3.974133,linear,150,50,rosenbrock,3,0.000001,0.404032,0.324104,1.490107,0.877675
3,10.000000,10.000000,linear,150,50,rosenbrock,3,0.400447,3.239735,4.071206,4.081033,1.752165
3,0.245725,2.747511,quadratic,150,50,rosenbrock,3,0.029548,1.466799,1.425839,2.332676,1.095725
3,2.907255,2.284483,linear,150,50,rosenbrock,3,0.002540,0.175288,0.207916,0.611990,0.824600
3,0.245725,4.779626,quadratic,150,50,rosenbrock,3,0.027765,1.134156,0.756616,3.308702,1.158435
3,2.366266,1.899487,linear,150,50,rosenbrock,3,0.005872,0.197574,0.233525,2.266659,1.270005
3,0.245725,0.521886,quadratic,150,50,rosenbrock,3,0.052808,4.095237,5.333739,69.558502,1.368130
3,3.571927,0.521886,linear,150,50,rosenbrock,3,0.009616,0.574820,0.464916,2.420827,0.711400
3,0.301904,0.360805,quadratic,150,50,rosenbrock,3,0.807930,13.512980,10.879725,48.256504,1.288650
3,0.245725,1.579374,quadratic,150,50,rosenbrock,3,0.017203,2.138694,2.350808,3.550329,1.456080
3,3.571927,1.579374,linear,150,50,rosenbrock,3,0.000175,0.169204,0.202699,1.512161,0.795075
3,0.301904,0.627664,quadratic,150,50,rosenbrock,3,0.668579,6.723699,9.669750,89.826675,1.333740
3,3.571927,2.747511,linear,150,50,rosenbrock,3,0.003762,0.137086,0.179336,1.117121,0.862890
3,0.245725,8.314736,quadratic,150,50,rosenbrock,3,0.002684,0.736861,0.533914,3.070122,1.503705
3,3.571927,0.300000,linear,150,50,rosenbrock,3,0.105673,1.421308,1.327280,1.823350,0.795975
3,1.925946,1.091897,linear,150,50,rosenbrock,3,0.000648,0.661630,0.604914,2.531028,0.761830
3,2.907255,1.313208,linear,150,50,rosenbrock,3,0.004179,0.695126,0.407468,1.949181,1.140735
3,2.366266,10.000000,linear,150,50,rosenbrock,3,0.079935,0.917020,0.621563,1.959391,1.360490
3,0.301904,1.899487,quadratic,150,50,rosenbrock,3,0.040934,1.381210,1.484416,4.081940,1.115035
3,3.571927,0.907884,linear,150,50,rosenbrock,3,0.003822,0.266009,0.334345,1.582296,0.751035
3,2.907255,4.779626,linear,150,50,rosenbrock,3,0.002359,0.899485,0.479066,2.911311,0.770180
3,2.907255,6.913484,linear,150,50,rosenbrock,3,0.007155,0.312878,0.422803,3.021496,0.914925
3,4.388561,5.748380,linear,150,50,rosenbrock,3,0.020852,0.995492,0.666678,2.163476,0.738715
3,4.388561,0.627664,linear,150,50,rosenbrock,3,0.001590,0.335460,0.438028,1.657308,0.800635
3,4.388561,3.304387,linear,150,50,rosenbrock,3,0.000002,0.841878,0.438327,2.183084,0.684525
3,3.571927,8.314736,linear,150,50,rosenbrock,3,0.006467,2.273149,3.127517,4.130632,0.786990
3,3.571927,4.779626,linear,150,50,rosenbrock,3,0.001122,0.755051,0.408972,2.144353,0.999070
3,4.388561,1.899487,linear,150,50,rosenbrock,3,0.000411,0.197233,0.233454,0.840889,0.693285
3,4.388561,1.091897,linear,150,50,rosenbrock,3,0.000153,0.181843,0.215691,1.300398,0.865780
3,5.391897,1.313208,linear,150,50,rosenbrock,3,0.000362,0.163253,0.150403,2.331090,0.820675
3,5.391897,2.284483,linear,150,50,rosenbrock,3,0.003394,0.198455,0.226686,0.964284,0.908785
3,5.391897,0.754882,linear,150,50,rosenbrock,3,0.031970,0.241457,0.296909,1.155892,0.814020
3,6.624620,1.579374,linear,150,50,rosenbrock,3,0.002078,0.354284,0.334615,1.705467,0.806460
3,4.388561,10.000000,linear,150,50,rosenbrock,3,0.029454,2.799318,4.409674,4.348906,0.844830
3,5.391897,0.433935,linear,150,50,rosenbrock,3,0.087229,0.593906,0.472987,1.667165,0.846785
3,6.624620,0.521886,linear,150,50,rosenbrock,3,0.000219,0.250841,0.339515,1.375771,0.807255
3,5.391897,3.974133,linear,150,50,rosenbrock,3,0.025804,1.002394,0.493634,3.247311,0.891410
3,6.624620,0.907884,linear,150,50,rosenbrock,3,0.000633,0.232056,0.209088,1.924256,0.878825
3,10.000000,0.433935,linear,150,50,rosenbrock,3,0.000775,0.905399,0.200331,2.213833,0.665005
3,5.391897,6.913484,linear,150,50,rosenbrock,3,0.000179,0.826276,0.927801,2.890710,0.984405
3,8.139176,0.360805,linear,150,50,rosenbrock,3,0.002606,0.328586,0.430516,1.422519,0.815805
3,1.925946,1.899487,linear,150,50,rosenbrock,3,0.005446,0.156631,0.174856,0.369429,0.872315
3,6.624620,2.747511,linear,150,50,rosenbrock,3,0.005249,1.670421,1.288555,3.201983,0.948245
3,6.624620,4.779626,linear,150,50,rosenbrock,3,0.013424,1.924181,1.706275,3.644228,0.797215
3,6.624620,0.300000,linear,150,50,rosenbrock,3,0.004250,0.540433,0.668875,1.478405,1.168840
3,6.624620,8.314736,linear,150,50,rosenbrock,3,0.015047,0.756285,0.973048,1.568985,0.903640
3,8.139176,10.000000,linear,150,50,rosenbrock,3,0.054731,2.350386,2.491862,3.843921,0.778450
3,8.139176,1.091897,linear,150,50,rosenbrock,3,0.000473,0.310688,0.291583,1.610902,0.858515
3,1.925946,3.304387,linear,150,50,rosenbrock,3,0.000077,0.781800,0.427712,2.495463,0.838525
3,2.366266,1.313208,linear,150,50,rosenbrock,3,0.020789,0.422440,0.355029,1.648067,0.664615
3,1.925946,5.748380,linear,150,50,rosenbrock,3,0.000258,0.172347,0.209537,1.530076,0.745325
3,0.200000,0.521886,quadratic,150,50,rosenbrock,3,0.117353,14.766245,17.802631,40.877266,0.695580
3,1.925946,10.000000,linear,150,50,rosenbrock,3,0.064247,1.766080,2.013531,2.177088,0.747695
3,2.907255,0.433935,linear,150,50,rosenbrock,3,0.000572,0.668019,0.812318,1.706545,0.808455
3,8.139176,1.899487,linear,150,50,rosenbrock,3,0.017861,0.299230,0.335611,1.613894,1.095825
3,2.366266,0.754882,linear,150,50,rosenbrock,3,0.009399,0.450472,0.542562,1.362883,0.674280
3,10.000000,0.754882,linear,150,50,rosenbrock,3,0.004373,0.104886,0.123734,0.297695,1.092265
3,10.000000,1.313208,linear,150,50,rosenbrock,3,0.005229,1.477740,0.965621,2.610054,1.017070
3,8.139176,0.627664,linear,150,50,rosenbrock,3,0.010967,0.490593,0.230831,2.149870,1.337530
3,10.000000,3.974133,linear,150,50,rosenbrock,3,0.000480,1.767934,1.016838,3.211329,0.965105
3,2.366266,3.974133,linear,150,50,rosenbrock,3,0.001722,0.152725,0.173113,1.115223,0.714310
3,0.200000,2.747511,quadratic,150,50,rosenbrock,3,0.079683,1.675793,2.432766,3.152976,0.909560
3,0.200000,0.907884,quadratic,150,50,rosenbrock,3,1.557566,4.641622,4.311957,9.711357,1.072465
3,10.000000,2.284483,linear,150,50,rosenbrock,3,0.001159,0.384255,0.483150,1.756755,1.245665
3,0.301904,3.304387,quadratic,150,50,rosenbrock,3,0.004232,0.781815,0.677348,2.685505,0.751775
3,2.366266,6.913484,linear,150,50,rosenbrock,3,0.017453,1.125586,0.520106,2.414765,0.717300
3,10.000000,6.913484,linear,150,50,rosenbrock,3,0.028278,1.093123,0.848523,3.630170,1.416970
3,8.139176,3.304387,linear,150,50,rosenbrock,3,0.002467,0.416469,0.524377,1.603497,1.888380
3,2.907255,0.907884,linear,150,50,rosenbrock,3,0.003458,0.791837,0.397327,3.745740,0.924310
3,3.571927,1.899487,linear,150,50,rosenbrock,3,0.005961,0.245335,0.275329,1.638005,0.839245
3,3.571927,0.627664,linear,150,50,rosenbrock,3,0.000622,0.300665,0.393570,2.122143,0.877085
3,2.907255,2.747511,linear,150,50,rosenbrock,3,0.027266,0.466702,0.272865,1.628498,0.931030
3,3.571927,3.304387,linear,150,50,rosenbrock,3,0.001722,0.968132,0.447672,3.077788,0.765005
3,0.301904,5.748380,quadratic,150,50,rosenbrock,3,0.004729,0.620472,0.438479,1.694168,0.759650
3,8.139176,5.748380,linear,150,50,rosenbrock,3,0.000225,1.010589,1.044374,2.996188,2.014165
3,0.200000,4.779626,quadratic,150,50,rosenbrock,3,0.002377,1.911064,1.491600,3.504856,1.688365
3,3.571927,1.091897,linear,150,50,rosenbrock,3,0.004913,0.155033,0.197161,1.780907,0.818100
3,0.301904,10.000000,quadratic,150,50,rosenbrock,3,0.012843,0.126346,0.172515,2.476903,0.777125
3,0.200000,1.579374,quadratic,150,50,rosenbrock,3,0.006698,0.913420,0.951869,2.659507,1.770125
3,0.301904,1.313208,quadratic,150,50,rosenbrock,3,0.022528,1.914104,2.433715,12.784275,1.771495
3,0.200000,8.314736,quadratic,150,50,rosenbrock,3,0.011946,0.664077,0.483393,2.011235,1.831135
3,0.245725,0.360805,quadratic,150,50,rosenbrock,3,1.257779,31.439285,44.250542,64.180252,1.976185
3,0.245725,1.091897,quadratic,150,50,rosenbrock,3,0.319042,4.188083,3.756815,63.752373,1.873740
3,4.388561,0.360805,linear,150,50,rosenbrock,3,0.080892,1.082344,0.864191,2.802960,1.652300
3,3.571927,0.360805,linear,150,50,rosenbrock,3,0.000239,0.423935,0.596799,3.501222,1.495645
3,4.388561,6.913484,linear,150,50,rosenbrock,3,0.021424,1.658369,0.819766,3.804179,1.027630
3,0.245725,1.899487,quadratic,150,50,rosenbrock,3,0.000151,1.672649,2.221110,61.534233,1.754015
3,6.624620,1.899487,linear,150,50,rosenbrock,3,0.000166,0.451610,0.386675,1.667203,0.840425
3,0.200000,0.300000,quadratic,150,50,rosenbrock,3,1.643663,46.586273,32.525902,171.073242,1.885365
3,4.388561,3.974133,linear,150,50,rosenbrock,3,0.000516,0.582733,0.381198,2.221500,0.984150
3,0.245725,10.000000,quadratic,150,50,rosenbrock,3,0.000002,0.457837,0.153300,1.942883,1.594715
3,4.388561,2.284483,linear,150,50,rosenbrock,3,0.000173,0.995379,0.362511,2.184462,0.967760
3,0.301904,0.754882,quadratic,150,50,rosenbrock,3,0.000731,2.430134,2.071285,71.156517,1.765545
3,0.245725,0.627664,quadratic,150,50,rosenbrock,3,0.106332,6.979992,8.019270,19.393858,1.928420
3,5.391897,0.521886,linear,150,50,rosenbrock,3,0.001348,0.207969,0.315792,2.273437,0.922495
3,5.391897,4.779626,linear,150,50,rosenbrock,3,0.000648,0.626420,0.768398,2.835796,0.982845
3,0.301904,2.284483,quadratic,150,50,rosenbrock,3,0.000417,0.619362,0.250384,3.047589,1.827465
3,5.391897,8.314736,linear,150,50,rosenbrock,3,0.003324,1.784300,0.908915,3.076468,0.867415
3,6.624620,1.091897,linear,150,50,rosenbrock,3,0.011896,0.181507,0.153865,2.042166,1.024225
3,4.388561,0.754882,linear,150,50,rosenbrock,3,0.000100,0.211254,0.255949,4.200755,1.432555
3,10.000000,0.521886,linear,150,50,rosenbrock,3,0.000042,0.253885,0.277211,2.830059,1.087835
3,5.391897,2.747511,linear,150,50,rosenbrock,3,0.010195,0.920171,0.422067,2.678654,1.425925
3,0.301904,0.433935,quadratic,150,50,rosenbrock,3,1.748671,14.034554,11.877327,111.576965,2.377225
3,0.245725,5.748380,quadratic,150,50,rosenbrock,3,0.001485,1.142935,0.676432,3.416196,2.413635
3,8.139176,0.433935,linear,150,50,rosenbrock,3,0.000056,0.238829,0.298042,1.190339,1.028510
3,0.245725,3.304387,quadratic,150,50,rosenbrock,3,0.000010,2.202911,3.323781,3.255637,2.514280
3,0.370927,0.433935,quadratic,150,50,rosenbrock,3,0.073867,4.522733,4.930708,33.611172,0.884175
3,2.366266,2.284483,linear,150,50,rosenbrock,3,0.000003,0.173665,0.166744,1.125375,2.560890
3,2.907255,0.300000,linear,150,50,rosenbrock,3,0.031993,1.048049,1.256759,3.217614,2.172205
3,10.000000,0.300000,linear,150,50,rosenbrock,3,0.000045,1.454623,0.465643,3.998152,0.729225
3,6.624620,10.000000,linear,150,50,rosenbrock,3,0.015172,1.476120,1.486771,2.874296,0.762720
3,6.624620,0.627664,linear,150,50,rosenbrock,3,0.000008,0.186158,0.242954,1.641841,1.716605
3,0.370927,1.313208,quadratic,150,50,rosenbrock,3,0.001548,1.476834,1.457687,3.251077,0.748875
3,0.370927,0.754882,quadratic,150,50,rosenbrock,3,0.019569,2.003276,2.511475,6.125202,0.809655
3,6.624620,3.304387,linear,150,50,rosenbrock,3,0.022020,0.526445,0.601480,2.032374,0.911705
3,5.391897,1.579374,linear,150,50,rosenbrock,3,0.009876,0.134606,0.168319,1.215411,1.905480
3,5.391897,0.907884,linear,150,50,rosenbrock,3,0.016689,0.148126,0.172239,2.443676,1.848635
3,2.907255,1.579374,linear,150,50,rosenbrock,3,0.001353,0.179896,0.159256,1.401448,2.496680
3,5.391897,0.300000,linear,150,50,rosenbrock,3,0.000010,0.722722,0.722747,3.540376,1.877755
3,6.624620,5.748380,linear,150,50,rosenbrock,3,0.057745,2.066740,1.489292,2.956687,1.025670
3,2.907255,8.314736,linear,150,50,rosenbrock,3,0.000529,0.579694,0.552067,2.635456,2.265270
3,3.571927,5.748380,linear,150,50,rosenbrock,3,0.003815,0.968329,0.311073,2.332322,2.246150
3,0.200000,0.627664,quadratic,150,50,rosenbrock,3,1.863140,27.478764,13.121113,124.841110,0.944645
3,3.571927,10.000000,linear,150,50,rosenbrock,3,0.001056,1.478742,0.952216,2.262163,2.258350
3,4.388561,1.313208,linear,150,50,rosenbrock,3,0.000087,0.390941,0.298811,1.748271,2.240890
3,0.370927,2.284483,quadratic,150,50,rosenbrock,3,0.000221,1.097141,0.416708,2.343323,1.149020
3,0.370927,3.974133,quadratic,150,50,rosenbrock,3,0.000595,1.260039,0.695468,2.318434,1.006075
3,0.370927,6.913484,quadratic,150,50,rosenbrock,3,0.016530,0.832825,0.351540,2.967107,0.899100
3,8.139176,1.313208,linear,150,50,rosenbrock,3,0.000050,0.633676,0.360635,1.860455,1.488100
3,6.624620,0.360805,linear,150,50,rosenbrock,3,0.107271,1.002382,0.588879,2.750826,1.581425
3,0.455730,0.300000,quadratic,150,50,rosenbrock,3,0.872960,4.701703,4.356558,11.772092,0.889195
3,0.455730,0.521886,quadratic,150,50,rosenbrock,3,0.057306,2.608644,2.709733,78.819588,0.825850
3,8.139176,2.284483,linear,150,50,rosenbrock,3,0.018293,0.670472,0.442062,2.257185,1.170590
3,2.907255,0.521886,linear,150,50,rosenbrock,3,0.044129,1.231321,1.001119,2.986189,1.230790
3,0.301904,3.974133,quadratic,150,50,rosenbrock,3,0.013606,1.522535,0.978365,2.244560,0.966335
3,0.455730,0.907884,quadratic,150,50,rosenbrock,3,0.000301,1.158759,1.055720,2.943876,0.923725
3,10.000000,4.779626,linear,150,50,rosenbrock,3,0.049674,1.376166,1.098160,3.621401,1.072255
3,0.301904,6.913484,quadratic,150,50,rosenbrock,3,0.001763,0.365909,0.455432,2.295765,0.893935
3,0.455730,2.747511,quadratic,150,50,rosenbrock,3,0.067392,1.334302,1.162060,1.937004,0.981085
3,0.455730,4.779626,quadratic,150,50,rosenbrock,3,0.007503,0.379704,0.326866,1.967832,1.017340
3,0.455730,1.579374,quadratic,150,50,rosenbrock,3,0.001299,0.968574,0.666482,3.213849,1.113135
3,0.200000,3.304387,quadratic,150,50,rosenbrock,3,0.002226,1.841269,1.747508,3.439553,1.287690
3,10.000000,1.579374,linear,150,50,rosenbrock,3,0.000735,0.344037,0.389531,2.247243,1.347815
3,10.000000,0.907884,linear,150,50,rosenbrock,3,0.000205,0.212010,0.257180,1.660855,1.428435
3,8.139176,0.754882,linear,150,50,rosenbrock,3,0.001947,0.171568,0.225379,1.514112,1.353015
3,0.455730,8.314736,quadratic,150,50,rosenbrock,3,0.000946,0.405580,0.232674,1.398574,1.187185
3,8.139176,3.974133,linear,150,50,rosenbrock,3,0.063964,1.875096,1.018676,3.092299,1.296340
3,0.200000,1.091897,quadratic,150,50,rosenbrock,3,0.123853,3.410985,3.128274,9.494336,1.471905
3,10.000000,8.314736,linear,150,50,rosenbrock,3,0.541965,3.632138,4.981276,3.834972,1.447660
3,0.370927,0.300000,quadratic,150,50,rosenbrock,3,0.064049,11.595258,9.563737,44.488583,0.741995
3,0.559922,0.360805,quadratic,150,50,rosenbrock,3,0.677045,8.433566,4.194147,58.332748,0.970515
3,0.301904,1.579374,quadratic,150,50,rosenbrock,3,0.007686,0.885683,1.207404,1.626650,0.853410
3,10.000000,2.747511,linear,150,50,rosenbrock,3,0.072194,1.756140,0.993856,3.368216,1.739410
3,0.200000,1.899487,quadratic,150,50,rosenbrock,3,0.015080,1.516166,1.893572,77.375473,0.918175
3,0.559922,1.091897,quadratic,150,50,rosenbrock,3,0.000225,0.846048,1.130472,2.047267,0.689075
3,0.559922,1.899487,quadratic,150,50,rosenbrock,3,0.032669,2.162615,2.786021,57.115353,0.673200
3,0.245725,0.433935,quadratic,150,50,rosenbrock,3,0.726441,22.490372,20.523104,103.037666,1.024060
3,0.200000,10.000000,quadratic,150,50,rosenbrock,3,0.001119,0.307691,0.386515,2.738214,1.032120
3,0.200000,5.748380,quadratic,150,50,rosenbrock,3,0.000062,0.665110,0.679762,2.762517,1.250190
3,4.388561,0.433935,linear,150,50,rosenbrock,3,0.049003,1.188650,0.749458,2.860136,0.939615
3,0.559922,0.627664,quadratic,150,50,rosenbrock,3,0.000005,1.395416,1.450107,146.841080,0.887655
3,0.200000,0.360805,quadratic,150,50,rosenbrock,3,1.044854,36.218079,25.298353,223.942047,0.792335
3,0.559922,3.304387,quadratic,150,50,rosenbrock,3,0.028805,1.252790,0.620583,2.719491,0.819180
3,0.245725,1.313208,quadratic,150,50,rosenbrock,3,0.003456,3.600224,3.594954,50.582733,1.219415
3,8.139176,6.913484,linear,150,50,rosenbrock,3,0.072790,1.865945,1.147166,3.650018,1.657960
3,0.559922,5.748380,quadratic,150,50,rosenbrock,3,0.000732,0.120777,0.148647,1.764924,0.876620
3,0.559922,10.000000,quadratic,150,50,rosenbrock,3,0.000783,0.156697,0.130920,1.546841,0.740860
3,0.687934,0.433935,quadratic,150,50,rosenbrock,3,0.009891,2.751483,3.121261,12.219869,0.754080
3,0.245725,2.284483,quadratic,150,50,rosenbrock,3,0.000584,1.563933,1.456413,12.549679,1.137640
3,0.687934,0.754882,quadratic,150,50,rosenbrock,3,0.048746,1.153269,1.442581,0.963888,0.784010
3,0.301904,0.300000,quadratic,150,50,rosenbrock,3,1.230792,32.146744,27.824547,58.962200,1.177660
3,0.301904,2.747511,quadratic,150,50,rosenbrock,3,0.009983,0.616999,0.222823,1.772245,0.902985
3,0.687934,1.313208,quadratic,150,50,rosenbrock,3,0.123189,1.060162,0.793020,1.983265,0.836500
3,0.687934,3.974133,quadratic,150,50,rosenbrock,3,0.000661,1.729483,1.245171,3.665843,0.757585
3,0.370927,0.521886,quadratic,150,50,rosenbrock,3,0.015031,4.078313,4.572412,40.754257,0.728980
3,0.370927,1.579374,quadratic,150,50,rosenbrock,3,0.027803,1.318891,1.221687,33.370422,0.608815
3,0.845213,4.779626,quadratic,150,50,rosenbrock,3,0.034963,0.151412,0.166689,1.142845,0.726930
3,0.845213,2.747511,quadratic,150,50,rosenbrock,3,0.004484,1.142386,1.285999,2.805171,0.804575
3,0.845213,1.579374,quadratic,150,50,rosenbrock,3,0.000614,0.843857,0.844089,1.490111,0.842585
3,0.245725,0.754882,quadratic,150,50,rosenbrock,3,0.004251,3.845363,4.379372,11.301330,1.348385
3,0.370927,0.907884,quadratic,150,50,rosenbrock,3,0.001912,2.677600,3.780971,117.408401,0.746105
3,0.845213,0.300000,quadratic,150,50,rosenbrock,3,0.034378,2.769709,3.611558,33.393147,0.933770
3,0.687934,2.284483,quadratic,150,50,rosenbrock,3,0.000215,0.312680,0.432585,1.017021,1.157865
3,0.687934,6.913484,quadratic,150,50,rosenbrock,3,0.007838,1.215818,0.544991,3.677302,1.064955
3,0.245725,3.974133,quadratic,150,50,rosenbrock,3,0.008023,1.493939,1.168868,2.968500,1.071950
3,0.845213,8.314736,quadratic,150,50,rosenbrock,3,0.002716,0.169516,0.229861,1.247447,0.873260
3,0.301904,0.907884,quadratic,150,50,rosenbrock,3,0.008313,2.742991,3.389872,11.102249,1.645455
3,0.845213,0.907884,quadratic,150,50,rosenbrock,3,0.034722,1.142560,1.156809,2.263114,1.217005
3,0.301904,0.521886,quadratic,150,50,rosenbrock,3,0.594047,6.393575,4.310169,64.136009,1.260325
3,1.038450,0.627664,quadratic,150,50,rosenbrock,3,0.008775,1.577833,1.432045,2.408187,0.925220
3,0.245725,6.913484,quadratic,150,50,rosenbrock,3,0.009169,0.740078,0.571345,2.103502,1.297025
3,0.845213,0.521886,quadratic,150,50,rosenbrock,3,0.026819,1.876802,2.321393,2.407719,1.353000
3,1.275867,0.433935,quadratic,150,50,rosenbrock,3,0.011772,1.920359,1.904693,3.425221,0.646405
3,1.038450,3.304387,quadratic,150,50,rosenbrock,3,0.003662,0.207677,0.237700,1.743753,0.865350
3,1.038450,0.360805,quadratic,150,50,rosenbrock,3,0.001125,1.496360,1.585617,6.645646,1.290365
3,1.038450,1.899487,quadratic,150,50,rosenbrock,3,0.008469,0.982519,0.506673,2.878235,1.086490
3,0.370927,2.747511,quadratic,150,50,rosenbrock,3,0.004955,1.250110,1.118651,3.169490,0.797150
3,1.275867,0.754882,quadratic,150,50,rosenbrock,3,0.056543,1.110648,1.089830,3.006828,0.897720
3,1.038450,1.091897,quadratic,150,50,rosenbrock,3,0.041239,0.992888,0.717803,1.838811,1.385370
3,0.370927,4.779626,quadratic,150,50,rosenbrock,3,0.002914,0.493755,0.526661,2.274790,1.049325
3,1.038450,10.000000,quadratic,150,50,rosenbrock,3,0.001445,0.216617,0.215135,2.493453,1.194655
3,1.038450,5.748380,quadratic,150,50,rosenbrock,3,0.022200,0.522469,0.324882,1.612791,1.244795
3,1.275867,1.313208,quadratic,150,50,rosenbrock,3,0.000105,0.444878,0.594573,2.260150,1.122265
3,0.370927,8.314736,quadratic,150,50,rosenbrock,3,0.015183,0.607844,0.263401,2.977507,1.208150
3,1.275867,3.974133,quadratic,150,50,rosenbrock,3,0.034420,0.574718,0.347132,2.243508,1.037485
3,0.455730,0.360805,quadratic,150,50,rosenbrock,3,0.070114,5.712171,6.629673,62.207180,0.972490
3,0.455730,0.627664,quadratic,150,50,rosenbrock,3,0.060072,2.822394,3.095770,25.688692,0.998325
3,0.455730,3.304387,quadratic,150,50,rosenbrock,3,0.032961,0.665668,0.469537,2.593922,0.766300
3,1.275867,6.913484,quadratic,150,50,rosenbrock,3,0.056642,0.234203,0.269579,1.587849,0.906345
3,0.455730,1.091897,quadratic,150,50,rosenbrock,3,0.069585,2.370094,2.826214,2.698762,0.913740
3,0.455730,1.899487,quadratic,150,50,rosenbrock,3,0.000366,1.946976,2.402228,2.857399,0.698925
3,1.567562,0.300000,quadratic,150,50,rosenbrock,3,0.078921,1.705506,1.840767,72.606857,0.991915
3,0.301904,8.314736,quadratic,150,50,rosenbrock,3,0.002960,0.264361,0.272388,3.030906,0.884235
3,1.275867,2.284483,quadratic,150,50,rosenbrock,3,0.007359,0.258055,0.189973,2.216716,1.278660
3,0.455730,5.748380,quadratic,150,50,rosenbrock,3,0.002766,0.569158,0.276114,2.274793,0.813125
3,0.301904,4.779626,quadratic,150,50,rosenbrock,3,0.000000,0.509350,0.651047,2.441973,1.076440
3,1.567562,0.521886,quadratic,150,50,rosenbrock,3,0.079922,1.740973,2.041494,3.436971,0.985005
3,1.567562,0.907884,quadratic,150,50,rosenbrock,3,0.001223,0.725188,0.600832,3.432197,0.846500
3,0.455730,10.000000,quadratic,150,50,rosenbrock,3,0.001478,0.149068,0.087824,0.914010,0.754425
3,1.567562,8.314736,quadratic,150,50,rosenbrock,3,0.000001,0.363042,0.382942,1.524115,0.862015
3,1.567562,1.579374,quadratic,150,50,rosenbrock,3,0.037061,0.242861,0.314739,2.426827,0.896080
3,1.567562,2.747511,quadratic,150,50,rosenbrock,3,0.004869,0.215557,0.173258,1.559612,0.944500
3,1.567562,4.779626,quadratic,150,50,rosenbrock,3,0.003618,0.602681,0.302967,2.974670,0.993840
3,1.925946,0.360805,quadratic,150,50,rosenbrock,3,0.001218,1.159270,0.746595,3.273240,0.836725
3,0.370927,0.360805,quadratic,150,50,rosenbrock,3,0.591489,6.448927,5.698524,59.012230,0.728895
3,0.559922,0.433935,quadratic,150,50,rosenbrock,3,0.089141,3.574424,4.185036,3.511632,0.711360
3,1.925946,0.627664,quadratic,150,50,rosenbrock,3,0.009764,0.634435,0.667035,1.424697,0.853665
3,1.925946,1.091897,quadratic,150,50,rosenbrock,3,0.077213,0.583294,0.371402,3.810955,0.856670
3,0.559922,1.313208,quadratic,150,50,rosenbrock,3,0.055254,1.239153,1.136711,2.462191,0.824350
3,0.559922,2.284483,quadratic,150,50,rosenbrock,3,0.000274,0.339213,0.486054,1.876566,0.812860
3,0.687934,0.300000,quadratic,150,50,rosenbrock,3,0.164023,2.895899,3.492004,54.844696,0.776705
3,0.687934,0.521886,quadratic,150,50,rosenbrock,3,0.060519,1.327370,1.390971,2.297091,0.899020
3,0.559922,3.974133,quadratic,150,50,rosenbrock,3,0.000189,0.905853,0.408309,2.699944,1.055335
3,0.559922,6.913484,quadratic,150,50,rosenbrock,3,0.006445,0.232684,0.175078,3.022290,1.070935
3,2.907255,0.907884,quadratic,150,50,rosenbrock,3,0.003735,0.326501,0.302776,2.642190,0.843265
3,0.687934,4.779626,quadratic,150,50,rosenbrock,3,0.000001,0.559991,0.237459,2.015551,0.844625
3,0.370927,0.627664,quadratic,150,50,rosenbrock,3,0.139679,3.526070,3.958818,7.588349,0.855645
3,2.907255,0.300000,quadratic,150,50,rosenbrock,3,0.000283,0.691069,0.849081,1.530089,0.983990
3,0.845213,5.748380,quadratic,150,50,rosenbrock,3,0.001705,0.169990,0.180801,0.714607,0.917810
3,0.845213,3.304387,quadratic,150,50,rosenbrock,3,0.000064,0.156908,0.219034,1.083679,0.967060
3,0.370927,1.899487,quadratic,150,50,rosenbrock,3,0.046153,2.248972,2.516379,74.262238,1.020245
3,0.845213,0.360805,quadratic,150,50,rosenbrock,3,0.115261,2.050496,2.076486,42.863605,0.668470
3,1.925946,3.304387,quadratic,150,50,rosenbrock,3,0.004377,0.133256,0.171707,0.603380,1.687375
3,2.366266,1.313208,quadratic,150,50,rosenbrock,3,0.002937,0.124486,0.127222,1.435479,1.609715
3,2.366266,0.433935,quadratic,150,50,rosenbrock,3,0.000796,0.839812,0.833595,2.284413,1.630255
3,2.366266,2.284483,quadratic,150,50,rosenbrock,3,0.000520,0.181232,0.207403,1.479658,1.547095
3,1.925946,1.899487,quadratic,150,50,rosenbrock,3,0.000001,0.093731,0.130186,0.146432,1.771540
3,2.366266,0.754882,quadratic,150,50,rosenbrock,3,0.003756,0.755886,0.637560,1.909297,1.655220
3,0.370927,1.091897,quadratic,150,50,rosenbrock,3,0.003196,2.125464,2.706850,63.648476,0.781965
3,2.907255,0.521886,quadratic,150,50,rosenbrock,3,0.001533,1.429105,0.514182,3.817271,1.200765
3,1.925946,10.000000,quadratic,150,50,rosenbrock,3,0.002367,0.386333,0.456019,2.805486,1.734835
3,1.925946,5.748380,quadratic,150,50,rosenbrock,3,0.000255,0.846160,0.615498,1.979312,1.918890
3,2.366266,6.913484,quadratic,150,50,rosenbrock,3,0.003382,0.939312,0.635088,2.205301,1.576135
3,0.559922,0.754882,quadratic,150,50,rosenbrock,3,0.061568,0.816904,0.866550,2.014857,1.756295
3,0.687934,0.907884,quadratic,150,50,rosenbrock,3,0.061972,1.056455,1.183544,20.217606,1.423305
3,0.845213,1.899487,quadratic,150,50,rosenbrock,3,0.044640,0.955545,0.541528,2.473190,1.293725
3,2.366266,3.974133,quadratic,150,50,rosenbrock,3,0.000015,0.151946,0.166658,0.408281,1.630675
3,0.687934,1.579374,quadratic,150,50,rosenbrock,3,0.046785,0.928327,0.808703,1.594505,1.464000
3,0.845213,10.000000,quadratic,150,50,rosenbrock,3,0.000189,0.172633,0.197211,0.704499,0.767030
3,2.907255,1.579374,quadratic,150,50,rosenbrock,3,0.001790,0.145669,0.113048,2.891585,1.417945
3,0.687934,2.747511,quadratic,150,50,rosenbrock,3,0.004490,0.529103,0.466872,1.831495,1.131715
3,0.687934,8.314736,quadratic,150,50,rosenbrock,3,0.003265,0.164613,0.186162,1.709805,1.049480
3,1.275867,0.521886,quadratic,150,50,rosenbrock,3,0.000165,1.914078,2.015411,2.737369,0.720535
3,1.038450,0.754882,quadratic,150,50,rosenbrock,3,0.065641,1.694976,1.618337,2.091325,0.901215
3,2.907255,2.747511,quadratic,150,50,rosenbrock,3,0.000413,0.245454,0.324339,0.813867,1.136890
3,2.907255,4.779626,quadratic,150,50,rosenbrock,3,0.000091,0.444401,0.568535,2.749907,1.058495
3,1.038450,3.974133,quadratic,150,50,rosenbrock,3,0.001358,0.108999,0.114798,1.840414,0.841475
3,3.571927,0.360805,quadratic,150,50,rosenbrock,3,0.002745,0.572069,0.743534,1.823160,1.047685
3,0.845213,0.627664,quadratic,150,50,rosenbrock,3,0.000326,1.789443,1.919819,48.868233,1.008905
3,0.370927,3.304387,quadratic,150,50,rosenbrock,3,0.000737,0.795584,0.804526,2.902401,0.793520
3,0.370927,10.000000,quadratic,150,50,rosenbrock,3,0.000130,0.155440,0.155885,3.099950,0.732625
3,0.370927,5.748380,quadratic,150,50,rosenbrock,3,0.113361,0.357045,0.400365,1.195238,0.811595
3,0.455730,0.433935,quadratic,150,50,rosenbrock,3,0.177082,3.203999,3.330745,17.869864,0.738830
3,0.845213,1.091897,quadratic,150,50,rosenbrock,3,0.000555,0.858601,0.540673,3.146718,1.363190
3,0.455730,3.974133,quadratic,150,50,rosenbrock,3,0.004643,0.727838,0.542892,2.853338,0.815390
3,0.455730,0.754882,quadratic,150,50,rosenbrock,3,0.111772,1.469481,2.070466,28.189556,0.845205
3,2.907255,8.314736,quadratic,150,50,rosenbrock,3,0.000095,1.274401,0.902157,2.977861,1.518540
3,1.275867,1.579374,quadratic,150,50,rosenbrock,3,0.003662,0.520169,0.449134,2.021858,1.148895
3,0.455730,6.913484,quadratic,150,50,rosenbrock,3,0.025868,0.194749,0.237786,1.573291,0.667175
3,0.455730,2.284483,quadratic,150,50,rosenbrock,3,0.002676,1.523504,1.430480,2.618626,0.761840
3,3.571927,0.627664,quadratic,150,50,rosenbrock,3,0.006074,0.541487,0.354844,1.942112,0.780585
3,0.455730,1.313208,quadratic,150,50,rosenbrock,3,0.000663,1.395475,1.255669,3.585907,0.873485
3,1.275867,0.907884,quadratic,150,50,rosenbrock,3,0.089341,1.104673,0.986783,2.445208,1.458940
3,1.038450,0.433935,quadratic,150,50,rosenbrock,3,0.003337,2.170305,2.846155,2.127204,1.617105
3,1.275867,0.300000,quadratic,150,50,rosenbrock,3,0.058016,2.096344,2.892226,2.246584,1.487920
3,1.038450,2.284483,quadratic,150,50,rosenbrock,3,0.013570,0.153578,0.200424,1.648730,1.559370
3,1.038450,1.313208,quadratic,150,50,rosenbrock,3,0.004527,0.561293,0.402880,1.554933,1.535620
3,1.275867,4.779626,quadratic,150,50,rosenbrock,3,0.002561,0.148836,0.202657,1.694527,1.450320
3,1.038450,6.913484,quadratic,150,50,rosenbrock,3,0.006815,0.268648,0.255026,1.164485,1.537390
3,3.571927,1.091897,quadratic,150,50,rosenbrock,3,0.002647,0.250474,0.147403,1.965023,0.956155
3,0.559922,0.300000,quadratic,150,50,rosenbrock,3,0.005438,3.312674,3.921662,9.722076,0.848525
3,1.275867,8.314736,quadratic,150,50,rosenbrock,3,0.074397,0.262686,0.269557,1.374209,1.298695
3,1.275867,2.747511,quadratic,150,50,rosenbrock,3,0.000079,0.166361,0.211598,0.949035,1.136625
3,1.567562,0.360805,quadratic,150,50,rosenbrock,3,0.065140,2.095991,2.746987,3.089809,1.217020
3,1.567562,1.091897,quadratic,150,50,rosenbrock,3,0.014478,1.354104,0.650357,2.945137,1.022765
3,1.567562,10.000000,quadratic,150,50,rosenbrock,3,0.002051,0.419047,0.447975,1.857628,0.963015
3,1.567562,0.627664,quadratic,150,50,rosenbrock,3,0.001957,0.726458,0.535513,3.745907,1.191015
3,1.567562,1.899487,quadratic,150,50,rosenbrock,3,0.016185,0.179892,0.229947,1.703041,1.026570
3,3.571927,1.899487,quadratic,150,50,rosenbrock,3,0.000258,0.344420,0.359121,1.524665,0.859140
3,0.559922,0.521886,quadratic,150,50,rosenbrock,3,0.026896,2.973093,3.327406,4.800042,0.793590
3,1.567562,5.748380,quadratic,150,50,rosenbrock,3,0.000654,0.305353,0.310090,2.889268,1.000080
3,1.925946,0.433935,quadratic,150,50,rosenbrock,3,0.059445,1.644428,1.385680,2.442979,0.975145
3,1.567562,3.304387,quadratic,150,50,rosenbrock,3,0.013786,0.129168,0.164405,1.940154,1.184125
3,1.925946,0.754882,quadratic,150,50,rosenbrock,3,0.014633,1.079553,0.761820,2.345381,0.881455
3,0.687934,0.360805,quadratic,150,50,rosenbrock,3,0.000098,2.849604,3.626089,9.440911,0.853850
3,0.687934,0.627664,quadratic,150,50,rosenbrock,3,0.000095,1.892744,1.707972,2.700102,0.856840
3,0.559922,2.747511,quadratic,150,50,rosenbrock,3,0.016798,0.996774,0.648150,2.035885,0.947415
3,0.559922,1.579374,quadratic,150,50,rosenbrock,3,0.036529,1.695782,2.437629,2.129709,0.988735
3,0.559922,4.779626,quadratic,150,50,rosenbrock,3,0.001465,0.149534,0.202319,1.982333,0.836020
3,1.925946,1.313208,quadratic,150,50,rosenbrock,3,0.000017,0.822949,0.251001,1.799910,1.088865
3,0.559922,8.314736,quadratic,150,50,rosenbrock,3,0.020298,0.287118,0.207747,1.219440,0.831665
3,2.907255,1.091897,quadratic,150,50,rosenbrock,3,0.065897,0.536321,0.223883,2.181794,0.798025
3,0.687934,5.748380,quadratic,150,50,rosenbrock,3,0.005804,0.107571,0.138281,2.209907,0.790245
3,2.907255,0.360805,quadratic,150,50,rosenbrock,3,0.029386,1.185863,1.081840,2.786303,0.786095
3,3.571927,3.304387,quadratic,150,50,rosenbrock,3,0.004815,0.236281,0.321210,1.123480,0.830950
3,0.845213,6.913484,quadratic,150,50,rosenbrock,3,0.002850,0.244489,0.148197,1.113105,0.872295
3,0.845213,0.433935,quadratic,150,50,rosenbrock,3,0.141955,3.555336,4.081424,21.863504,0.687255
3,0.845213,3.974133,quadratic,150,50,rosenbrock,3,0.000000,0.140339,0.155045,2.368477,0.994365
3,3.571927,5.748380,quadratic,150,50,rosenbrock,3,0.011261,2.466568,4.883236,3.811701,0.915870
3,5.391897,2.747511,quadratic,150,50,rosenbrock,3,0.011536,0.402352,0.487017,1.597132,0.701345
3,2.366266,0.521886,quadratic,150,50,rosenbrock,3,0.084491,0.932707,0.907450,2.983460,0.860860
3,2.366266,1.579374,quadratic,150,50,rosenbrock,3,0.000338,0.139614,0.163291,1.012425,0.874340
3,3.571927,10.000000,quadratic,150,50,rosenbrock,3,0.408728,2.427867,2.756859,3.591302,0.768610
3,2.366266,2.747511,quadratic,150,50,rosenbrock,3,0.029045,0.204555,0.240011,1.743181,0.987240
3,1.925946,2.284483,quadratic,150,50,rosenbrock,3,0.000177,0.234780,0.217892,2.677046,0.972660
3,2.366266,0.907884,quadratic,150,50,rosenbrock,3,0.003992,0.883760,0.358248,3.969772,0.910715
3,2.366266,0.300000,quadratic,150,50,rosenbrock,3,0.001060,0.762460,1.102278,1.740977,0.844850
3,2.366266,8.314736,quadratic,150,50,rosenbrock,3,0.000744,2.349350,3.506714,3.702724,0.842145
3,1.925946,6.913484,quadratic,150,50,rosenbrock,3,0.002058,0.405348,0.470079,1.732452,0.930640
3,2.907255,0.627664,quadratic,150,50,rosenbrock,3,0.169695,1.114045,0.592206,2.862918,0.977980
3,0.687934,1.091897,quadratic,150,50,rosenbrock,3,0.027525,1.830630,2.198761,2.824613,0.828865
3,0.845213,2.284483,quadratic,150,50,rosenbrock,3,0.039484,0.868251,0.497938,1.883668,0.783770
3,0.559922,0.907884,quadratic,150,50,rosenbrock,3,0.017553,1.256193,1.309027,2.461268,0.884980
3,1.038450,0.300000,quadratic,150,50,rosenbrock,3,0.007561,2.047140,3.071187,3.700207,0.682640
3,2.366266,4.779626,quadratic,150,50,rosenbrock,3,0.043524,0.467329,0.333323,1.815986,0.896235
3,1.275867,0.627664,quadratic,150,50,rosenbrock,3,0.070764,1.375367,1.398566,2.956911,0.713340
3,0.687934,1.899487,quadratic,150,50,rosenbrock,3,0.006308,0.485821,0.706260,1.213286,0.987245
3,2.907255,1.899487,quadratic,150,50,rosenbrock,3,0.000015,0.455644,0.170769,1.963918,0.935165
3,2.907255,3.304387,quadratic,150,50,rosenbrock,3,0.000306,0.302220,0.243434,1.698338,0.743155
3,1.038450,0.907884,quadratic,150,50,rosenbrock,3,0.005021,0.797960,0.836852,2.651995,0.830170
3,0.845213,0.754882,quadratic,150,50,rosenbrock,3,0.017056,1.378476,1.074628,1.967677,0.735945
3,2.907255,5.748380,quadratic,150,50,rosenbrock,3,0.007031,0.799854,0.666201,2.686932,0.959745
3,0.687934,3.304387,quadratic,150,50,rosenbrock,3,0.009251,0.618760,0.261157,3.048407,1.213000
3,4.388561,0.433935,quadratic,150,50,rosenbrock,3,0.032553,0.524174,0.457861,1.877028,0.878190
3,4.388561,6.913484,quadratic,150,50,rosenbrock,3,0.009970,1.895906,1.642843,3.586215,0.709600
3,1.038450,4.779626,quadratic,150,50,rosenbrock,3,0.002023,0.164788,0.175486,2.865759,1.114420
3,4.388561,1.313208,quadratic,150,50,rosenbrock,3,0.001395,0.501110,0.209052,2.275133,0.872180
3,5.391897,0.300000,quadratic,150,50,rosenbrock,3,0.030630,0.802053,0.486054,2.468239,0.647185
3,4.388561,0.754882,quadratic,150,50,rosenbrock,3,0.000632,0.269810,0.214546,2.410983,0.932425
3,4.388561,2.284483,quadratic,150,50,rosenbrock,3,0.025398,0.463648,0.419030,1.624724,0.948290
3,0.687934,10.000000,quadratic,150,50,rosenbrock,3,0.009595,0.151606,0.189173,1.118656,1.457065
3,0.845213,1.313208,quadratic,150,50,rosenbrock,3,0.000183,0.361209,0.473571,2.737040,0.953795
3,5.391897,0.521886,quadratic,150,50,rosenbrock,3,0.000042,0.386133,0.243778,2.446618,0.800570
3,3.571927,0.433935,quadratic,150,50,rosenbrock,3,0.000002,0.509916,0.683450,1.503374,1.200130
3,5.391897,0.907884,quadratic,150,50,rosenbrock,3,0.002237,0.273155,0.181893,2.374026,0.830905
3,2.907255,10.000000,quadratic,150,50,rosenbrock,3,0.015817,0.951738,0.764369,2.504344,0.948015
3,3.571927,0.754882,quadratic,150,50,rosenbrock,3,0.012169,0.402398,0.453002,1.669266,0.917990
3,1.275867,1.899487,quadratic,150,50,rosenbrock,3,0.000863,0.592845,0.326498,2.196975,1.080095
3,1.038450,2.747511,quadratic,150,50,rosenbrock,3,0.009861,0.179130,0.222215,1.461135,0.827590
3,4.388561,3.974133,quadratic,150,50,rosenbrock,3,0.004642,0.385627,0.540006,3.013484,1.412035
3,1.038450,0.521886,quadratic,150,50,rosenbrock,3,0.014478,1.546343,1.913140,2.968709,1.161365
3,5.391897,1.579374,quadratic,150,50,rosenbrock,3,0.000931,0.228987,0.291165,2.822153,0.730780
3,1.275867,1.091897,quadratic,150,50,rosenbrock,3,0.021425,0.763600,0.667480,3.184699,1.262030
3,1.275867,5.748380,quadratic,150,50,rosenbrock,3,0.015709,0.162545,0.192833,2.306189,0.986715
3,1.925946,0.300000,quadratic,150,50,rosenbrock,3,0.006059,2.211186,1.802833,2.930064,0.783885
3,1.567562,0.433935,quadratic,150,50,rosenbrock,3,0.001113,1.509917,1.295098,1.724687,0.832825
3,1.038450,8.314736,quadratic,150,50,rosenbrock,3,0.002037,0.240861,0.306289,1.047055,1.067460
3,1.275867,0.360805,quadratic,150,50,rosenbrock,3,0.032311,1.613337,1.526207,3.631216,1.460680
3,5.391897,4.779626,quadratic,150,50,rosenbrock,3,0.007892,1.673217,1.115128,3.706748,0.763735
3,1.275867,3.304387,quadratic,150,50,rosenbrock,3,0.000986,0.288440,0.157037,2.264232,0.941905
3,3.571927,2.284483,quadratic,150,50,rosenbrock,3,0.001213,0.316441,0.364446,1.511375,0.911205
3,1.567562,0.754882,quadratic,150,50,rosenbrock,3,0.056743,0.827704,0.842251,2.211454,0.923630
3,6.624620,0.360805,quadratic,150,50,rosenbrock,3,0.000041,1.127168,0.863619,3.068128,0.833440
3,3.571927,1.313208,quadratic,150,50,rosenbrock,3,0.000345,0.219347,0.159985,1.741228,1.179230
3,6.624620,0.627664,quadratic,150,50,rosenbrock,3,0.036656,0.164535,0.188190,2.759083,0.813735
3,5.391897,8.314736,quadratic,150,50,rosenbrock,3,0.267056,1.816496,1.967677,4.220291,0.888870
3,6.624620,1.091897,quadratic,150,50,rosenbrock,3,0.004138,0.339565,0.227916,3.121507,0.834790
3,6.624620,1.899487,quadratic,150,50,rosenbrock,3,0.005305,0.645975,0.566967,2.960756,0.771815
3,1.038450,1.579374,quadratic,150,50,rosenbrock,3,0.017056,0.719313,0.598351,2.150732,1.672070
3,1.567562,1.313208,quadratic,150,50,rosenbrock,3,0.013706,0.594186,0.446109,2.164335,1.318025
3,1.925946,0.907884,quadratic,150,50,rosenbrock,3,0.000100,0.376195,0.395135,2.024450,1.354955
3,2.907255,1.313208,quadratic,150,50,rosenbrock,3,0.005341,0.828820,0.208638,3.095455,0.959290
3,6.624620,3.304387,quadratic,150,50,rosenbrock,3,0.059950,2.671065,4.780077,2.461993,0.849225
3,6.624620,5.748380,quadratic,150,50,rosenbrock,3,0.008148,2.815825,4.243299,4.328063,0.714160
3,4.388561,0.300000,quadratic,150,50,rosenbrock,3,0.004274,0.620626,0.616843,1.950272,0.716280
3,2.907255,0.433935,quadratic,150,50,rosenbrock,3,0.000541,0.930879,0.843823,2.090110,0.918865
3,3.571927,3.974133,quadratic,150,50,rosenbrock,3,0.003988,0.297288,0.251390,2.022781,0.892770
3,5.391897,3.304387,quadratic,150,50,rosenbrock,3,0.023687,1.299377,0.583044,3.463157,0.751620
3,6.624620,10.000000,quadratic,150,50,rosenbrock,3,0.754493,4.193572,4.646954,5.767212,0.814275
3,8.139176,0.433935,quadratic,150,50,rosenbrock,3,0.019745,0.707762,0.223959,1.940553,0.823050
3,1.275867,10.000000,quadratic,150,50,rosenbrock,3,0.000223,0.331859,0.298596,2.750753,1.950085
3,1.567562,3.974133,quadratic,150,50,rosenbrock,3,0.031999,0.229412,0.270722,1.248213,1.785085
3,3.571927,6.913484,quadratic,150,50,rosenbrock,3,0.000493,1.133512,0.620984,3.806911,0.906150
3,1.567562,6.913484,quadratic,150,50,rosenbrock,3,0.123720,1.113825,0.573416,2.382748,1.838375
3,1.925946,0.521886,quadratic,150,50,rosenbrock,3,0.105057,2.330406,3.731493,2.636760,1.900625
3,8.139176,1.313208,quadratic,150,50,rosenbrock,3,0.043261,0.298662,0.402898,1.566490,0.868010
3,1.925946,3.974133,quadratic,150,50,rosenbrock,3,0.002777,0.151441,0.186633,0.542897,2.014075
3,8.139176,3.974133,quadratic,150,50,rosenbrock,3,0.003653,1.984323,1.269736,3.506281,0.786865
3,1.567562,2.284483,quadratic,150,50,rosenbrock,3,0.014810,0.467530,0.274185,2.217463,2.081785
3,2.907255,0.754882,quadratic,150,50,rosenbrock,3,0.011297,0.388667,0.340510,1.802496,1.046210
3,8.139176,6.913484,quadratic,150,50,rosenbrock,3,0.346677,4.867476,6.094751,5.718886,0.825715
3,2.366266,0.360805,quadratic,150,50,rosenbrock,3,0.003804,1.794956,1.563040,3.581629,1.209335
3,1.925946,1.579374,quadratic,150,50,rosenbrock,3,0.019048,0.315336,0.263562,1.339924,1.899570
3,1.925946,2.747511,quadratic,150,50,rosenbrock,3,0.003404,0.195135,0.231993,1.201549,1.290070
3,8.139176,0.754882,quadratic,150,50,rosenbrock,3,0.007663,0.299917,0.230846,1.357490,1.242095
3,2.366266,10.000000,quadratic,150,50,rosenbrock,3,0.002036,1.387860,0.814754,3.284212,1.297955
3,10.000000,0.300000,quadratic,150,50,rosenbrock,3,0.017082,0.474071,0.207997,3.507281,0.809370
3,2.366266,1.899487,quadratic,150,50,rosenbrock,3,0.001581,0.128214,0.144998,1.409638,1.497840
3,2.366266,0.627664,quadratic,150,50,rosenbrock,3,0.001278,0.761325,0.624384,2.381396,1.514275
3,2.366266,3.304387,quadratic,150,50,rosenbrock,3,0.000167,0.440304,0.286625,3.144021,1.497790
3,1.925946,8.314736,quadratic,150,50,rosenbrock,3,0.013756,0.743629,0.717470,1.884608,1.458110
3,8.139176,2.284483,quadratic,150,50,rosenbrock,3,0.004692,1.022312,0.666025,2.286967,1.356155
3,2.366266,1.091897,quadratic,150,50,rosenbrock,3,0.000000,0.637994,0.316387,3.092611,1.648595
3,2.366266,5.748380,quadratic,150,50,rosenbrock,3,0.004839,0.265323,0.371668,1.865474,1.102000
3,10.000000,0.521886,quadratic,150,50,rosenbrock,3,0.000000,0.119898,0.152835,1.838463,1.013955
3,2.907255,3.974133,quadratic,150,50,rosenbrock,3,0.000446,0.288232,0.399356,1.865888,1.144075
3,4.388561,0.521886,quadratic,150,50,rosenbrock,3,0.001313,0.582522,0.317724,1.774612,0.862980
3,4.388561,8.314736,quadratic,150,50,rosenbrock,3,0.211859,1.686157,1.826771,2.400751,0.802150
3,10.000000,0.907884,quadratic,150,50,rosenbrock,3,0.000207,0.477435,0.371430,2.147178,1.111675
3,2.907255,2.284483,quadratic,150,50,rosenbrock,3,0.002403,0.096955,0.114115,1.807809,1.277395
3,10.000000,1.579374,quadratic,150,50,rosenbrock,3,0.023365,0.628192,0.707974,3.425078,1.069370
3,4.388561,1.579374,quadratic,150,50,rosenbrock,3,0.014542,0.249408,0.256789,2.413507,0.732505
3,2.907255,6.913484,quadratic,150,50,rosenbrock,3,0.033386,2.347958,3.282177,3.501511,1.100550
3,5.391897,0.360805,quadratic,150,50,rosenbrock,3,0.049692,0.334086,0.378208,2.493963,0.778350
3,10.000000,4.779626,quadratic,150,50,rosenbrock,3,0.346148,3.012993,2.684556,4.141522,0.859750
3,4.388561,2.747511,quadratic,150,50,rosenbrock,3,0.019867,0.665567,0.469893,2.960633,0.723945
3,10.000000,2.747511,quadratic,150,50,rosenbrock,3,0.003785,1.281989,1.312080,1.807885,1.141400
3,4.388561,0.907884,quadratic,150,50,rosenbrock,3,0.005754,0.210703,0.176092,1.239346,0.838285
3,5.391897,0.627664,quadratic,150,50,rosenbrock,3,0.001232,0.207366,0.171732,2.014652,0.779270
3,0.200000,0.360805,exponential_3,150,50,rosenbrock,3,0.052991,6.272362,8.302546,79.058708,0.895135
3,10.000000,8.314736,quadratic,150,50,rosenbrock,3,1.618734,8.495405,10.960371,4.891918,0.932435
3,5.391897,1.091897,quadratic,150,50,rosenbrock,3,0.008967,0.142078,0.173546,2.210617,0.831390
3,3.571927,0.300000,quadratic,150,50,rosenbrock,3,0.000686,1.366888,1.526134,3.266381,0.950105
3,3.571927,0.521886,quadratic,150,50,rosenbrock,3,0.009919,0.306170,0.407179,2.844476,1.044345
3,3.571927,0.907884,quadratic,150,50,rosenbrock,3,0.018799,0.159032,0.151080,1.565393,0.906035
3,0.200000,1.091897,exponential_3,150,50,rosenbrock,3,0.252047,3.826494,4.428724,37.062050,0.768005
3,0.200000,10.000000,exponential_3,150,50,rosenbrock,3,0.030321,0.691198,0.764759,1.704655,0.815700
3,4.388561,4.779626,quadratic,150,50,rosenbrock,3,0.017596,1.854968,1.219193,3.773309,0.931555
3,5.391897,1.899487,quadratic,150,50,rosenbrock,3,0.016338,0.220163,0.276236,1.141206,0.903100
3,0.200000,5.748380,exponential_3,150,50,rosenbrock,3,0.064090,1.149661,1.280169,2.298419,1.007215
3,0.200000,3.304387,exponential_3,150,50,rosenbrock,3,0.147049,1.571599,1.256837,3.090822,1.033035
3,0.245725,0.433935,exponential_3,150,50,rosenbrock,3,1.850209,17.644909,10.744179,49.361713,0.930775
3,0.200000,0.627664,exponential_3,150,50,rosenbrock,3,0.006240,3.105871,3.100229,26.180107,1.165305
3,6.624620,0.433935,quadratic,150,50,rosenbrock,3,0.040229,0.191025,0.224533,0.225289,0.750180
3,0.245725,0.754882,exponential_3,150,50,rosenbrock,3,0.043484,7.492304,7.193100,37.971775,0.965000
3,0.245725,2.284483,exponential_3,150,50,rosenbrock,3,0.035735,2.034566,2.603785,16.167719,0.961245
3,5.391897,5.748380,quadratic,150,50,rosenbrock,3,0.007863,2.008752,1.410119,4.597917,0.981740
3,3.571927,2.747511,quadratic,150,50,rosenbrock,3,0.029580,0.335707,0.257556,1.855674,0.971175
3,0.200000,1.899487,exponential_3,150,50,rosenbrock,3,0.009867,1.898615,2.122105,115.816772,1.280815
3,0.245725,3.974133,exponential_3,150,50,rosenbrock,3,0.231811,1.890002,2.387558,3.395723,0.938310
3,6.624620,0.754882,quadratic,150,50,rosenbrock,3,0.012830,0.174213,0.176838,1.135467,0.966995
3,5.391897,10.000000,quadratic,150,50,rosenbrock,3,0.254658,3.667580,3.075785,4.644575,0.762030
3,3.571927,1.579374,quadratic,150,50,rosenbrock,3,0.002559,0.330253,0.224715,1.903319,1.016665
3,0.245725,1.313208,exponential_3,150,50,rosenbrock,3,0.124110,2.150383,2.386858,73.632248,1.283605
3,6.624620,2.284483,quadratic,150,50,rosenbrock,3,0.015171,1.469188,0.606215,2.861812,0.825510
3,6.624620,1.313208,quadratic,150,50,rosenbrock,3,0.005342,0.360668,0.328061,1.540488,0.863240
3,6.624620,3.974133,quadratic,150,50,rosenbrock,3,0.014312,1.986310,1.439748,3.824390,0.772340
3,0.245725,6.913484,exponential_3,150,50,rosenbrock,3,0.081405,0.778803,0.834024,1.980471,0.874210
3,0.301904,0.907884,exponential_3,150,50,rosenbrock,3,0.137133,2.823966,2.510578,50.437973,0.805015
3,0.301904,0.300000,exponential_3,150,50,rosenbrock,3,0.465934,9.932352,9.463331,55.325672,0.829780
3,0.301904,0.521886,exponential_3,150,50,rosenbrock,3,0.063945,4.720315,4.612308,48.058163,0.832890
3,6.624620,6.913484,quadratic,150,50,rosenbrock,3,0.080142,3.082243,4.832694,3.963137,0.949865
3,3.571927,4.779626,quadratic,150,50,rosenbrock,3,0.040864,0.860628,0.621373,4.270161,0.785355
3,0.301904,1.579374,exponential_3,150,50,rosenbrock,3,0.042735,1.791652,2.282864,2.780304,0.795005
3,5.391897,3.974133,quadratic,150,50,rosenbrock,3,0.008165,2.518001,4.686899,3.080580,0.788235
3,4.388561,0.360805,quadratic,150,50,rosenbrock,3,0.012123,1.474741,1.264482,3.113972,0.944255
3,8.139176,0.300000,quadratic,150,50,rosenbrock,3,0.014833,0.312811,0.438403,1.959741,0.813685
3,8.139176,0.521886,quadratic,150,50,rosenbrock,3,0.005531,0.248240,0.129290,0.778767,0.804920
3,0.301904,2.747511,exponential_3,150,50,rosenbrock,3,0.009131,1.859675,2.059373,2.503841,0.832285
3,3.571927,8.314736,quadratic,150,50,rosenbrock,3,0.021785,1.274036,0.982782,4.009234,0.785980
3,0.301904,8.314736,exponential_3,150,50,rosenbrock,3,0.000375,0.298589,0.449115,1.863168,0.878370
3,8.139176,1.579374,quadratic,150,50,rosenbrock,3,0.031965,1.026469,0.495725,2.443472,0.792465
3,0.301904,4.779626,exponential_3,150,50,rosenbrock,3,0.000765,1.670471,0.938080,2.852524,0.938150
3,8.139176,4.779626,quadratic,150,50,rosenbrock,3,0.060840,4.341725,5.345476,2.805368,0.798370
3,0.370927,0.360805,exponential_3,150,50,rosenbrock,3,0.361944,9.393714,8.864038,43.271843,0.927590
3,0.370927,0.627664,exponential_3,150,50,rosenbrock,3,0.444981,5.465077,5.800479,24.938967,0.800785
3,0.370927,1.091897,exponential_3,150,50,rosenbrock,3,0.000644,1.433725,1.366431,2.877139,0.768825
3,1.925946,4.779626,quadratic,150,50,rosenbrock,3,0.000689,1.097211,0.288141,2.436746,0.927440
3,8.139176,8.314736,quadratic,150,50,rosenbrock,3,0.127612,5.141994,5.762558,8.156555,0.823800
3,0.370927,3.304387,exponential_3,150,50,rosenbrock,3,0.034271,2.576545,3.613580,3.565457,0.818690
3,8.139176,0.907884,quadratic,150,50,rosenbrock,3,0.002879,0.170136,0.231712,0.602037,0.835935
3,0.370927,5.748380,exponential_3,150,50,rosenbrock,3,0.000051,0.568763,0.593288,1.476453,0.894260
3,0.370927,1.899487,exponential_3,150,50,rosenbrock,3,0.003780,1.337531,1.371785,2.497106,1.009315
3,10.000000,0.360805,quadratic,150,50,rosenbrock,3,0.062856,0.189023,0.194473,0.771499,0.778495
3,0.455730,1.313208,exponential_3,150,50,rosenbrock,3,0.015255,1.337139,0.972587,2.334075,0.880125
3,0.455730,2.284483,exponential_3,150,50,rosenbrock,3,0.002664,0.916972,0.731774,2.460772,0.891135
3,0.370927,10.000000,exponential_3,150,50,rosenbrock,3,0.000595,0.336272,0.419848,1.655850,1.089995
3,0.455730,0.754882,exponential_3,150,50,rosenbrock,3,0.007492,1.274208,1.438451,2.874109,0.982765
3,4.388561,0.627664,quadratic,150,50,rosenbrock,3,0.020567,1.127817,0.534206,2.309047,0.713430
3,4.388561,10.000000,quadratic,150,50,rosenbrock,3,0.115429,1.791457,1.515143,2.848916,0.723575
3,0.455730,3.974133,exponential_3,150,50,rosenbrock,3,0.010905,1.165642,0.786658,2.119996,0.963245
3,0.455730,6.913484,exponential_3,150,50,rosenbrock,3,0.000324,0.654846,0.579453,2.989462,0.924305
3,10.000000,0.627664,quadratic,150,50,rosenbrock,3,0.000347,0.272806,0.209788,2.922529,0.893530
3,8.139176,2.747511,quadratic,150,50,rosenbrock,3,0.005346,1.672464,0.790711,2.360127,1.125795
3,0.559922,0.300000,exponential_3,150,50,rosenbrock,3,1.134327,14.843609,10.904930,49.337498,0.921595
3,0.455730,0.433935,exponential_3,150,50,rosenbrock,3,0.116820,2.042658,2.298449,1.848704,1.231185
3,0.370927,0.433935,exponential_3,150,50,rosenbrock,3,0.034104,4.669747,4.366215,126.298203,0.826015
3,4.388561,1.899487,quadratic,150,50,rosenbrock,3,0.001365,0.316864,0.322063,2.437159,0.796520
3,4.388561,1.091897,quadratic,150,50,rosenbrock,3,0.000036,0.251453,0.116683,1.688814,0.772440
3,4.388561,3.304387,quadratic,150,50,rosenbrock,3,0.016668,0.782884,0.646954,2.031892,0.813660
3,5.391897,0.433935,quadratic,150,50,rosenbrock,3,0.009120,0.415567,0.272199,2.473217,0.856505
3,0.559922,0.521886,exponential_3,150,50,rosenbrock,3,0.007622,3.063445,3.099261,79.246452,1.054195
3,0.559922,0.907884,exponential_3,150,50,rosenbrock,3,0.028560,1.432197,0.576114,8.323202,0.921215
3,10.000000,5.748380,quadratic,150,50,rosenbrock,3,1.265830,4.940304,5.464859,4.296428,0.864930
3,10.000000,1.899487,quadratic,150,50,rosenbrock,3,0.017736,0.726972,0.638726,1.858589,1.029320
3,5.391897,1.313208,quadratic,150,50,rosenbrock,3,0.003112,0.191730,0.237137,1.120945,0.796140
3,5.391897,0.754882,quadratic,150,50,rosenbrock,3,0.002867,0.400166,0.164764,2.925323,1.003315
3,0.200000,0.433935,exponential_3,150,50,rosenbrock,3,1.521352,31.022091,8.104767,134.227768,0.833030
3,0.559922,1.579374,exponential_3,150,50,rosenbrock,3,0.135473,1.434742,1.163114,3.278301,0.784125
3,10.000000,3.304387,quadratic,150,50,rosenbrock,3,0.002476,2.133902,1.556480,3.498907,1.135025
3,10.000000,10.000000,quadratic,150,50,rosenbrock,3,3.426618,16.854443,19.032494,25.674574,0.967000
3,0.245725,0.300000,exponential_3,150,50,rosenbrock,3,0.087115,10.652572,12.347275,57.097435,0.733500
3,0.559922,4.779626,exponential_3,150,50,rosenbrock,3,0.081320,0.488754,0.586726,1.560802,0.903625
3,0.200000,1.313208,exponential_3,150,50,rosenbrock,3,0.020019,2.344357,2.345571,102.236778,0.806170
3,4.388561,5.748380,quadratic,150,50,rosenbrock,3,0.003716,2.336931,3.124480,2.334095,0.832770
3,5.391897,2.284483,quadratic,150,50,rosenbrock,3,0.000619,0.392755,0.449794,2.426640,0.795380
3,0.559922,2.747511,exponential_3,150,50,rosenbrock,3,0.007983,0.556642,0.603779,2.438881,1.110130
3,0.200000,6.913484,exponential_3,150,50,rosenbrock,3,0.006105,0.843749,0.893653,1.695840,0.955260
3,6.624620,0.521886,quadratic,150,50,rosenbrock,3,0.066442,0.808425,0.347710,2.680211,0.867400
3,0.200000,3.974133,exponential_3,150,50,rosenbrock,3,0.008945,1.018834,1.207629,2.706399,1.026185
3,0.559922,8.314736,exponential_3,150,50,rosenbrock,3,0.000002,0.321520,0.437191,1.042788,0.768290
3,0.245725,0.521886,exponential_3,150,50,rosenbrock,3,0.607520,4.627351,4.015782,56.876701,1.072200
3,0.245725,2.747511,exponential_3,150,50,rosenbrock,3,0.118235,1.146146,1.190995,2.766190,0.955345
3,5.391897,6.913484,quadratic,150,50,rosenbrock,3,0.038498,1.277880,1.155565,4.159138,0.829200
3,0.200000,0.754882,exponential_3,150,50,rosenbrock,3,0.373360,5.424772,8.213201,15.368721,1.042815
3,6.624620,0.300000,quadratic,150,50,rosenbrock,3,0.003637,0.936497,0.726173,2.904946,0.767120
3,6.624620,0.907884,quadratic,150,50,rosenbrock,3,0.001039,0.427009,0.264765,2.777512,0.874070
3,6.624620,2.747511,quadratic,150,50,rosenbrock,3,0.000476,1.768857,0.948107,3.765626,0.796440
3,0.245725,0.907884,exponential_3,150,50,rosenbrock,3,0.018349,2.457437,2.793849,3.279758,1.179530
3,6.624620,1.579374,quadratic,150,50,rosenbrock,3,0.008353,0.937278,0.810133,1.930070,0.765865
3,6.624620,4.779626,quadratic,150,50,rosenbrock,3,0.072952,2.146758,1.359130,2.523726,0.812250
3,0.687934,0.360805,exponential_3,150,50,rosenbrock,3,0.011236,2.101584,1.963962,3.804876,0.995930
3,0.245725,1.579374,exponential_3,150,50,rosenbrock,3,0.004253,1.910213,2.594586,11.317406,1.073320
3,0.245725,8.314736,exponential_3,150,50,rosenbrock,3,0.001421,1.338566,0.809364,3.414252,0.923610
3,0.301904,1.091897,exponential_3,150,50,rosenbrock,3,0.073004,3.121802,3.703804,27.166435,1.095895
3,0.245725,4.779626,exponential_3,150,50,rosenbrock,3,0.380643,2.058571,2.738634,1.956435,1.374115
3,0.687934,1.899487,exponential_3,150,50,rosenbrock,3,0.020786,0.749024,0.760837,2.140729,0.740640
3,0.301904,1.899487,exponential_3,150,50,rosenbrock,3,0.001730,1.234923,1.321430,2.704851,0.901445
3,0.687934,1.091897,exponential_3,150,50,rosenbrock,3,0.004880,1.689024,1.339393,2.333565,0.829560
3,8.139176,0.627664,quadratic,150,50,rosenbrock,3,0.022704,0.307600,0.210865,1.733886,0.827210
3,8.139176,0.360805,quadratic,150,50,rosenbrock,3,0.006413,0.173830,0.204316,1.834548,0.853715
3,8.139176,5.748380,quadratic,150,50,rosenbrock,3,0.303905,2.201091,2.528167,3.639453,0.752380
3,0.200000,2.284483,exponential_3,150,50,rosenbrock,3,0.001333,1.852030,2.044337,9.904010,1.726750
3,8.139176,1.899487,quadratic,150,50,rosenbrock,3,0.004152,1.142628,0.626629,2.127645,0.802430
3,0.687934,3.304387,exponential_3,150,50,rosenbrock,3,0.000444,0.569821,0.635539,2.168625,0.835205
3,8.139176,10.000000,quadratic,150,50,rosenbrock,3,1.563944,10.641494,14.108533,43.883934,0.789730
3,0.370927,1.313208,exponential_3,150,50,rosenbrock,3,0.000480,1.078847,1.231604,37.207672,0.816320
3,10.000000,1.091897,quadratic,150,50,rosenbrock,3,0.000506,0.183521,0.291220,1.126778,0.881490
3,0.301904,0.360805,exponential_3,150,50,rosenbrock,3,0.033781,13.863719,14.438656,70.318840,1.591575
3,6.624620,8.314736,quadratic,150,50,rosenbrock,3,0.103832,2.975311,3.670049,3.894158,1.509955
3,0.301904,0.627664,exponential_3,150,50,rosenbrock,3,0.803886,4.010373,4.829781,16.713146,1.555970
3,10.000000,0.433935,quadratic,150,50,rosenbrock,3,0.000132,0.298057,0.158344,1.859260,0.740420
3,0.301904,3.304387,exponential_3,150,50,rosenbrock,3,0.006445,0.818004,0.908242,3.144732,1.242800
3,0.370927,6.913484,exponential_3,150,50,rosenbrock,3,0.003521,1.049282,0.526782,2.705418,0.988170
3,0.301904,10.000000,exponential_3,150,50,rosenbrock,3,0.003005,0.498556,0.515360,3.031481,1.266565
3,8.139176,1.091897,quadratic,150,50,rosenbrock,3,0.057939,0.659950,0.316404,1.868286,1.186865
3,0.370927,3.974133,exponential_3,150,50,rosenbrock,3,0.022427,1.029004,0.984130,3.087600,1.221465
3,0.687934,10.000000,exponential_3,150,50,rosenbrock,3,0.004269,0.266598,0.322803,1.311179,0.768040
3,0.370927,2.284483,exponential_3,150,50,rosenbrock,3,0.071691,1.554501,1.749327,2.548522,1.098885
3,0.845213,0.433935,exponential_3,150,50,rosenbrock,3,0.001274,1.503147,1.601439,22.275930,0.715110
3,0.370927,0.754882,exponential_3,150,50,rosenbrock,3,0.009233,2.214107,2.920714,43.438148,1.409895
3,0.455730,0.300000,exponential_3,150,50,rosenbrock,3,0.173618,5.659322,6.506362,144.033005,0.968795
3,0.455730,0.907884,exponential_3,150,50,rosenbrock,3,0.105848,3.454284,3.973941,51.943268,1.017425
3,0.687934,0.627664,exponential_3,150,50,rosenbrock,3,0.006937,1.074970,0.726575,3.447610,1.990285
3,0.845213,2.284483,exponential_3,150,50,rosenbrock,3,0.000689,0.734644,0.612956,3.058125,0.717350
3,0.845213,0.754882,exponential_3,150,50,rosenbrock,3,0.006523,2.009386,2.558582,2.869809,0.869955
3,0.301904,5.748380,exponential_3,150,50,rosenbrock,3,0.001895,0.650858,0.577546,2.422635,1.941845
3,0.845213,3.974133,exponential_3,150,50,rosenbrock,3,0.000525,0.346935,0.451073,2.759797,0.781250
3,0.687934,5.748380,exponential_3,150,50,rosenbrock,3,0.000092,0.516768,0.498819,3.060096,1.951295
3,0.455730,1.579374,exponential_3,150,50,rosenbrock,3,0.481153,1.921860,2.082152,62.334000,1.662085
3,0.455730,8.314736,exponential_3,150,50,rosenbrock,3,0.000079,0.234398,0.263990,1.299888,1.282630
3,1.038450,0.300000,exponential_3,150,50,rosenbrock,3,0.030312,1.477089,1.994539,2.387349,0.730740
3,0.845213,6.913484,exponential_3,150,50,rosenbrock,3,0.000247,1.035882,0.629682,2.105599,0.751630
3,0.455730,2.747511,exponential_3,150,50,rosenbrock,3,0.000010,0.591122,0.494167,2.036613,1.724250
3,0.455730,4.779626,exponential_3,150,50,rosenbrock,3,0.121900,0.661984,0.759490,3.174980,1.495955
3,0.559922,0.360805,exponential_3,150,50,rosenbrock,3,0.072535,4.830126,5.258138,23.462715,1.383260
3,8.139176,3.304387,quadratic,150,50,rosenbrock,3,0.473459,3.235216,5.279585,3.324879,1.457295
3,10.000000,0.754882,quadratic,150,50,rosenbrock,3,0.000003,0.338755,0.294016,2.881914,1.496250
3,0.245725,0.360805,exponential_3,150,50,rosenbrock,3,0.559822,13.630583,9.316074,110.453232,0.800820
3,0.455730,0.521886,exponential_3,150,50,rosenbrock,3,0.007276,2.505696,3.295776,5.339046,1.561630
3,1.038450,0.433935,exponential_3,150,50,rosenbrock,3,0.004800,2.472392,2.646066,25.602509,0.813415
3,0.559922,5.748380,exponential_3,150,50,rosenbrock,3,0.009273,0.415500,0.543051,2.714342,0.872755
3,0.845213,1.313208,exponential_3,150,50,rosenbrock,3,0.023398,0.790208,0.665125,2.849262,1.469460
3,1.038450,0.627664,exponential_3,150,50,rosenbrock,3,0.000305,1.387690,1.092151,3.290672,0.780470
3,10.000000,6.913484,quadratic,150,50,rosenbrock,3,2.046694,6.463046,5.938575,8.789546,1.120540
3,0.370927,0.521886,exponential_3,150,50,rosenbrock,3,0.010746,3.065860,3.333439,30.974779,1.621040
3,0.200000,1.579374,exponential_3,150,50,rosenbrock,3,0.021493,3.273659,4.140292,149.270721,1.088825
3,0.559922,0.627664,exponential_3,150,50,rosenbrock,3,0.000155,2.494507,2.219968,3.546926,1.442055
3,1.038450,0.907884,exponential_3,150,50,rosenbrock,3,0.000777,0.602980,0.596211,2.137055,0.821715
3,0.559922,1.899487,exponential_3,150,50,rosenbrock,3,0.000131,1.445185,0.980659,3.694952,1.288800
3,0.559922,10.000000,exponential_3,150,50,rosenbrock,3,0.058333,0.640203,0.548940,4.087765,0.805260
3,0.200000,0.521886,exponential_3,150,50,rosenbrock,3,0.414542,7.381566,8.673553,17.007526,1.381705
3,10.000000,2.284483,quadratic,150,50,rosenbrock,3,0.115647,2.502836,4.024417,3.655841,1.523310
3,0.559922,1.091897,exponential_3,150,50,rosenbrock,3,0.001047,1.374264,1.529894,2.741912,1.600725
3,0.200000,4.779626,exponential_3,150,50,rosenbrock,3,0.000890,0.407000,0.503000,2.269932,0.941215
3,1.038450,1.313208,exponential_3,150,50,rosenbrock,3,0.003908,0.960379,0.663101,2.564058,0.793890
3,1.038450,2.747511,exponential_3,150,50,rosenbrock,3,0.000216,0.642459,0.685196,2.314890,0.749510
3,0.200000,0.300000,exponential_3,150,50,rosenbrock,3,0.787865,46.118721,63.230217,85.887291,1.595820
3,1.038450,3.974133,exponential_3,150,50,rosenbrock,3,0.056323,0.503623,0.483129,1.815214,0.772020
3,1.038450,1.899487,exponential_3,150,50,rosenbrock,3,0.087618,0.468312,0.391207,2.965828,0.849690
3,10.000000,3.974133,quadratic,150,50,rosenbrock,3,0.108976,1.443700,1.153078,2.173293,1.687190
3,0.200000,8.314736,exponential_3,150,50,rosenbrock,3,0.126761,0.845928,0.739451,2.474086,1.360835
3,1.038450,8.314736,exponential_3,150,50,rosenbrock,3,0.000536,0.269878,0.330071,1.619737,0.753805
3,0.559922,3.304387,exponential_3,150,50,rosenbrock,3,0.000310,0.686949,0.715149,1.930236,1.456295
3,0.687934,0.433935,exponential_3,150,50,rosenbrock,3,0.047988,2.846437,2.742210,87.881302,0.838675
3,1.038450,5.748380,exponential_3,150,50,rosenbrock,3,0.001929,0.243372,0.279433,1.577163,0.879915
3,0.245725,1.091897,exponential_3,150,50,rosenbrock,3,0.022542,3.119973,3.591012,109.161819,0.893060
3,0.245725,0.627664,exponential_3,150,50,rosenbrock,3,0.014493,3.424393,3.491225,39.199589,1.309195
3,0.200000,0.907884,exponential_3,150,50,rosenbrock,3,0.768918,5.801563,7.056596,99.618469,1.159000
3,0.245725,1.899487,exponential_3,150,50,rosenbrock,3,0.002891,1.711515,1.234442,106.823975,0.803400
3,0.245725,3.304387,exponential_3,150,50,rosenbrock,3,0.138505,1.376212,1.038333,2.158819,1.304985
3,0.687934,2.284483,exponential_3,150,50,rosenbrock,3,0.030637,1.128175,0.998029,2.943431,0.666000
3,0.245725,10.000000,exponential_3,150,50,rosenbrock,3,0.001896,0.377367,0.558436,3.085071,1.002390
3,1.275867,0.433935,exponential_3,150,50,rosenbrock,3,0.010738,1.880093,2.495378,2.157658,0.706120
3,0.301904,2.284483,exponential_3,150,50,rosenbrock,3,0.096764,1.745400,1.694492,35.155548,0.857340
3,1.275867,0.907884,exponential_3,150,50,rosenbrock,3,0.015093,1.130149,1.127545,2.805765,0.694675
3,1.275867,0.300000,exponential_3,150,50,rosenbrock,3,0.016824,2.128187,2.433167,3.328952,0.881230
3,0.370927,1.579374,exponential_3,150,50,rosenbrock,3,0.002088,0.910924,1.305685,1.817922,0.638905
3,0.245725,5.748380,exponential_3,150,50,rosenbrock,3,0.000247,2.087107,2.010968,3.565979,1.026360
3,1.275867,1.313208,exponential_3,150,50,rosenbrock,3,0.001186,0.803284,0.686533,3.487381,0.712565
3,0.687934,3.974133,exponential_3,150,50,rosenbrock,3,0.019930,0.910994,0.544812,3.387157,0.754765
3,1.275867,0.627664,exponential_3,150,50,rosenbrock,3,0.087336,1.500684,1.206877,3.880594,0.853970
3,0.301904,1.313208,exponential_3,150,50,rosenbrock,3,0.142486,2.343044,3.286613,33.939594,1.184170
3,0.200000,2.747511,exponential_3,150,50,rosenbrock,3,0.019596,2.462784,2.744378,3.256600,0.871260
3,0.687934,1.313208,exponential_3,150,50,rosenbrock,3,0.000318,1.019922,0.892926,2.157827,1.141455
3,1.275867,2.747511,exponential_3,150,50,rosenbrock,3,0.004106,0.708763,0.488556,2.960818,0.661295
3,1.275867,1.899487,exponential_3,150,50,rosenbrock,3,0.005269,0.761399,0.824893,2.960360,0.746655
3,10.000000,1.313208,quadratic,150,50,rosenbrock,3,0.001064,0.897991,0.485501,2.276478,0.863640
3,0.301904,0.433935,exponential_3,150,50,rosenbrock,3,0.433591,4.686036,5.244565,13.161795,0.865570
3,0.301904,0.754882,exponential_3,150,50,rosenbrock,3,0.106221,2.937032,3.353245,36.790108,0.827990
3,0.301904,3.974133,exponential_3,150,50,rosenbrock,3,0.019018,1.859669,1.238941,4.228199,0.792040
3,0.370927,8.314736,exponential_3,150,50,rosenbrock,3,0.060496,1.658845,2.189042,3.798581,0.873845
3,0.845213,0.300000,exponential_3,150,50,rosenbrock,3,0.287233,3.886757,4.213035,74.366570,0.736435
3,0.687934,0.754882,exponential_3,150,50,rosenbrock,3,0.044968,1.465825,1.110817,3.613943,0.678755
3,0.845213,0.907884,exponential_3,150,50,rosenbrock,3,0.017927,1.074993,0.951249,1.918335,0.678525
3,0.845213,0.521886,exponential_3,150,50,rosenbrock,3,0.078414,2.450464,2.745861,18.599224,0.753770
3,0.845213,2.747511,exponential_3,150,50,rosenbrock,3,0.002331,0.621122,0.508706,2.807356,0.772730
3,0.370927,2.747511,exponential_3,150,50,rosenbrock,3,0.000428,1.295605,0.901272,2.509378,0.857060
3,0.301904,6.913484,exponential_3,150,50,rosenbrock,3,0.000000,0.364734,0.224382,2.380327,0.789420
3,0.370927,4.779626,exponential_3,150,50,rosenbrock,3,0.000213,1.266686,0.746694,2.544260,1.001635
3,0.370927,0.300000,exponential_3,150,50,rosenbrock,3,0.035035,9.901138,12.334553,60.058563,1.064840
3,0.455730,1.091897,exponential_3,150,50,rosenbrock,3,0.000998,1.511806,1.902889,114.273415,0.907370
3,0.845213,4.779626,exponential_3,150,50,rosenbrock,3,0.020132,1.153592,0.549632,3.176879,0.833205
3,1.038450,0.360805,exponential_3,150,50,rosenbrock,3,0.033636,2.573244,2.904077,98.872543,0.761920
3,1.275867,3.974133,exponential_3,150,50,rosenbrock,3,0.002126,0.388447,0.402367,3.143009,1.283905
3,0.455730,0.360805,exponential_3,150,50,rosenbrock,3,0.073631,9.617237,5.962251,131.016617,1.309235
3,0.559922,6.913484,exponential_3,150,50,rosenbrock,3,0.007324,1.140019,0.639254,3.356705,0.660790
3,0.845213,1.579374,exponential_3,150,50,rosenbrock,3,0.000012,1.687140,1.130760,3.552542,0.687195
3,1.038450,0.521886,exponential_3,150,50,rosenbrock,3,0.011493,1.154946,1.360899,2.584805,0.736265
3,1.567562,0.300000,exponential_3,150,50,rosenbrock,3,0.002330,2.417082,3.203591,2.689508,0.784095
3,0.370927,0.907884,exponential_3,150,50,rosenbrock,3,0.000777,2.188769,2.717155,4.778625,1.588880
3,0.687934,6.913484,exponential_3,150,50,rosenbrock,3,0.009488,0.254002,0.251244,2.551867,1.420165
3,1.038450,0.754882,exponential_3,150,50,rosenbrock,3,0.049755,2.431294,2.560402,3.821214,0.861240
3,0.455730,1.899487,exponential_3,150,50,rosenbrock,3,0.006839,2.238521,2.966022,3.958559,1.475115
3,1.038450,1.091897,exponential_3,150,50,rosenbrock,3,0.029972,1.065455,1.026227,1.762080,0.805960
3,0.845213,8.314736,exponential_3,150,50,rosenbrock,3,0.088840,0.534748,0.446971,1.286031,1.324655
3,1.275867,5.748380,exponential_3,150,50,rosenbrock,3,0.072978,0.389167,0.320740,1.713703,1.160055
3,0.455730,5.748380,exponential_3,150,50,rosenbrock,3,0.047218,0.983838,0.701742,3.265873,1.250890
3,0.455730,3.304387,exponential_3,150,50,rosenbrock,3,0.002920,1.973101,3.221330,2.134397,1.349105
3,0.455730,10.000000,exponential_3,150,50,rosenbrock,3,0.000001,0.296299,0.389517,3.019784,1.550190
3,0.687934,0.300000,exponential_3,150,50,rosenbrock,3,0.362837,3.331738,4.246147,37.208557,0.779895
3,1.567562,0.433935,exponential_3,150,50,rosenbrock,3,0.005974,0.786402,0.926394,2.482034,1.157510
3,1.038450,3.304387,exponential_3,150,50,rosenbrock,3,0.039893,0.298946,0.407920,1.674483,0.847180
3,2.366266,3.974133,exponential_3,150,50,rosenbrock,3,0.016242,0.280558,0.357240,1.705854,1.189805
3,1.038450,1.579374,exponential_3,150,50,rosenbrock,3,0.000498,1.575147,1.149438,3.763228,0.880915
3,1.038450,4.779626,exponential_3,150,50,rosenbrock,3,0.016185,0.457873,0.441085,1.310892,0.683580
3,1.038450,2.284483,exponential_3,150,50,rosenbrock,3,0.026944,0.464243,0.641187,1.397688,0.702995
3,0.559922,0.433935,exponential_3,150,50,rosenbrock,3,0.022035,4.017775,4.214019,20.497236,1.641715
3,0.455730,0.627664,exponential_3,150,50,rosenbrock,3,0.046313,3.281859,3.440946,113.998970,1.577360
3,1.567562,0.907884,exponential_3,150,50,rosenbrock,3,0.000057,0.592599,0.722368,2.764853,1.402725
3,0.559922,2.284483,exponential_3,150,50,rosenbrock,3,0.018726,1.765613,1.821379,2.806833,1.239045
3,1.038450,10.000000,exponential_3,150,50,rosenbrock,3,0.020650,0.309811,0.391992,1.952199,0.829890
3,0.687934,0.521886,exponential_3,150,50,rosenbrock,3,0.110862,2.049357,2.482530,2.675325,0.654655
3,0.559922,0.754882,exponential_3,150,50,rosenbrock,3,0.000729,1.346468,1.169173,47.370544,1.493180
3,1.275867,8.314736,exponential_3,150,50,rosenbrock,3,0.005283,0.844168,0.497630,1.918011,1.735995
3,1.038450,6.913484,exponential_3,150,50,rosenbrock,3,0.001489,0.412244,0.389769,1.835354,0.827010
3,1.567562,8.314736,exponential_3,150,50,rosenbrock,3,0.031161,0.439844,0.371716,2.514013,1.132540
3,0.559922,1.313208,exponential_3,150,50,rosenbrock,3,0.005440,1.234159,1.266208,2.581868,1.448305
3,1.925946,0.433935,exponential_3,150,50,rosenbrock,3,0.003204,1.415678,1.424437,3.268979,0.884440
3,1.567562,5.748380,exponential_3,150,50,rosenbrock,3,0.000029,0.650136,0.338834,2.393224,1.285190
3,0.687934,2.747511,exponential_3,150,50,rosenbrock,3,0.004913,0.676974,0.719013,1.561933,0.715330
3,1.567562,3.974133,exponential_3,150,50,rosenbrock,3,0.058738,0.716321,0.574890,2.429685,1.432525
3,1.567562,1.313208,exponential_3,150,50,rosenbrock,3,0.000415,0.648830,0.705884,2.279420,1.624235
3,1.567562,1.899487,exponential_3,150,50,rosenbrock,3,0.000396,0.636379,0.628887,2.406281,1.621030
3,1.925946,0.300000,exponential_3,150,50,rosenbrock,3,0.162797,1.936843,1.862144,2.892945,1.027600
3,1.925946,0.907884,exponential_3,150,50,rosenbrock,3,0.004819,1.495740,0.865977,3.171613,0.888405
3,1.567562,2.747511,exponential_3,150,50,rosenbrock,3,0.018955,0.331602,0.390441,1.913710,1.710790
3,1.925946,0.627664,exponential_3,150,50,rosenbrock,3,0.000097,0.453809,0.517013,2.814649,1.163220
3,1.925946,1.313208,exponential_3,150,50,rosenbrock,3,0.002331,0.415839,0.509594,2.399387,1.053335
3,0.559922,3.974133,exponential_3,150,50,rosenbrock,3,0.003492,0.437964,0.541396,2.852738,1.503755
3,1.275867,0.360805,exponential_3,150,50,rosenbrock,3,0.001099,1.294408,1.180977,29.391920,0.910920
3,1.275867,1.091897,exponential_3,150,50,rosenbrock,3,0.021077,0.528549,0.499594,1.529773,0.927440
3,1.275867,0.521886,exponential_3,150,50,rosenbrock,3,0.011980,1.591747,2.181631,2.970259,1.168115
3,1.275867,1.579374,exponential_3,150,50,rosenbrock,3,0.052660,0.997904,0.794101,3.440738,0.781035
3,1.925946,1.899487,exponential_3,150,50,rosenbrock,3,0.000893,1.223059,0.587930,3.132656,1.255465
3,1.925946,3.974133,exponential_3,150,50,rosenbrock,3,0.030303,0.379464,0.341192,1.979140,1.001490
3,1.925946,5.748380,exponential_3,150,50,rosenbrock,3,0.010304,0.295301,0.351714,1.621007,0.975640
3,1.925946,2.747511,exponential_3,150,50,rosenbrock,3,0.000075,0.353574,0.378996,2.080218,1.196890
3,1.275867,0.754882,exponential_3,150,50,rosenbrock,3,0.000011,0.575679,0.650348,2.846840,0.790475
3,1.925946,8.314736,exponential_3,150,50,rosenbrock,3,0.000210,0.216396,0.195641,2.034583,0.792240
3,0.687934,4.779626,exponential_3,150,50,rosenbrock,3,0.007698,0.833299,0.489432,3.011238,0.954810
3,2.366266,0.300000,exponential_3,150,50,rosenbrock,3,0.023257,1.071230,1.264141,1.577601,0.821095
3,1.275867,2.284483,exponential_3,150,50,rosenbrock,3,0.003924,1.072566,0.646306,3.104045,0.837940
3,2.366266,0.433935,exponential_3,150,50,rosenbrock,3,0.003894,0.727217,0.785941,2.048973,0.803090
3,0.845213,0.360805,exponential_3,150,50,rosenbrock,3,0.360433,2.212039,2.304099,39.725109,0.786395
3,2.366266,0.907884,exponential_3,150,50,rosenbrock,3,0.000768,0.369832,0.521882,1.635512,0.847480
3,0.687934,1.579374,exponential_3,150,50,rosenbrock,3,0.021753,1.454918,1.328609,2.226722,0.968835
3,0.845213,3.304387,exponential_3,150,50,rosenbrock,3,0.024751,0.444164,0.590970,2.929410,0.861990
3,2.366266,1.313208,exponential_3,150,50,rosenbrock,3,0.159578,1.231642,0.869337,1.834920,0.977120
3,0.845213,0.627664,exponential_3,150,50,rosenbrock,3,0.005130,0.804310,0.798550,3.153802,0.956830
3,2.366266,1.899487,exponential_3,150,50,rosenbrock,3,0.004723,0.714968,0.381895,3.607197,0.995020
3,1.275867,3.304387,exponential_3,150,50,rosenbrock,3,0.001470,0.292180,0.368901,1.337605,1.110445
3,2.366266,0.627664,exponential_3,150,50,rosenbrock,3,0.007420,1.534252,1.095424,3.046499,1.050340
3,0.845213,1.091897,exponential_3,150,50,rosenbrock,3,0.000066,1.947067,2.688253,3.567297,1.026395
3,0.687934,0.907884,exponential_3,150,50,rosenbrock,3,0.110309,1.487099,1.765016,2.346262,1.058270
3,2.366266,2.747511,exponential_3,150,50,rosenbrock,3,0.016014,0.385126,0.420453,1.427545,0.861355
3,1.567562,0.627664,exponential_3,150,50,rosenbrock,3,0.046757,0.723789,0.607694,3.176216,0.876045
3,2.366266,8.314736,exponential_3,150,50,rosenbrock,3,0.000326,0.509950,0.336430,2.327934,0.868520
3,2.366266,5.748380,exponential_3,150,50,rosenbrock,3,0.000000,0.560795,0.282494,2.252475,0.925725
3,2.907255,0.300000,exponential_3,150,50,rosenbrock,3,0.036808,0.792889,0.496706,2.024532,0.897880
3,2.907255,0.433935,exponential_3,150,50,rosenbrock,3,0.115405,0.592142,0.625869,2.946147,0.833255
3,2.907255,0.627664,exponential_3,150,50,rosenbrock,3,0.025410,0.469164,0.667873,2.693913,0.853565
3,2.907255,0.907884,exponential_3,150,50,rosenbrock,3,0.000001,0.538422,0.550438,1.548597,0.858275
3,2.907255,1.313208,exponential_3,150,50,rosenbrock,3,0.033070,0.612251,0.432821,2.923273,0.806310
3,1.567562,0.360805,exponential_3,150,50,rosenbrock,3,0.002600,1.769026,2.035936,2.677724,0.740905
3,0.845213,5.748380,exponential_3,150,50,rosenbrock,3,0.023738,0.614389,0.549464,2.557914,1.123650
3,0.845213,10.000000,exponential_3,150,50,rosenbrock,3,0.018804,0.293220,0.303616,2.894917,0.751660
3,0.845213,1.899487,exponential_3,150,50,rosenbrock,3,0.000737,1.079680,0.680403,2.753113,1.075055
3,2.907255,2.747511,exponential_3,150,50,rosenbrock,3,0.000034,0.490885,0.299937,2.427832,0.930860
3,2.907255,5.748380,exponential_3,150,50,rosenbrock,3,0.000380,0.887674,0.415078,2.872260,0.883235
3,0.687934,8.314736,exponential_3,150,50,rosenbrock,3,0.148484,0.335270,0.391654,1.157376,1.005555
3,1.275867,4.779626,exponential_3,150,50,rosenbrock,3,0.007087,0.220966,0.242092,2.273682,1.279210
3,3.571927,0.627664,exponential_3,150,50,rosenbrock,3,0.054177,0.757635,0.718731,2.732742,0.799465
3,3.571927,0.907884,exponential_3,150,50,rosenbrock,3,0.022130,0.783631,0.374027,2.156664,0.758960
3,3.571927,2.747511,exponential_3,150,50,rosenbrock,3,0.003971,1.859436,1.565481,3.744659,0.702505
3,3.571927,1.313208,exponential_3,150,50,rosenbrock,3,0.021856,0.292883,0.388660,1.944021,0.735675
3,2.907255,8.314736,exponential_3,150,50,rosenbrock,3,0.004885,0.918089,0.431239,2.320229,0.985900
3,2.907255,3.974133,exponential_3,150,50,rosenbrock,3,0.003264,0.276068,0.302837,2.513252,1.248875
3,3.571927,1.899487,exponential_3,150,50,rosenbrock,3,0.000017,0.431908,0.369627,1.917594,0.750350
3,3.571927,0.300000,exponential_3,150,50,rosenbrock,3,0.032121,0.577170,0.554601,2.555091,1.062380
3,2.907255,1.899487,exponential_3,150,50,rosenbrock,3,0.004731,0.343015,0.333961,1.325578,1.416890
3,1.275867,6.913484,exponential_3,150,50,rosenbrock,3,0.011233,0.766515,0.436315,2.166199,1.235680
3,1.567562,1.091897,exponential_3,150,50,rosenbrock,3,0.000147,1.623495,1.518681,3.272334,0.802205
3,3.571927,0.433935,exponential_3,150,50,rosenbrock,3,0.010148,0.651935,0.664896,2.453169,1.288235
3,4.388561,0.300000,exponential_3,150,50,rosenbrock,3,0.000843,0.858827,0.686534,3.859288,0.713395
3,4.388561,0.433935,exponential_3,150,50,rosenbrock,3,0.000813,0.344042,0.534914,2.790187,0.719010
3,1.567562,0.521886,exponential_3,150,50,rosenbrock,3,0.086742,1.625588,1.767740,2.334067,1.165140
3,3.571927,3.974133,exponential_3,150,50,rosenbrock,3,0.016017,0.302075,0.335017,1.642837,1.001415
3,2.366266,4.779626,exponential_3,150,50,rosenbrock,3,0.049928,0.292751,0.260324,1.553898,1.142560
3,3.571927,5.748380,exponential_3,150,50,rosenbrock,3,0.033512,0.297468,0.397403,2.800997,1.124870
3,4.388561,0.907884,exponential_3,150,50,rosenbrock,3,0.000059,0.330216,0.453976,0.983558,0.792260
3,4.388561,0.627664,exponential_3,150,50,rosenbrock,3,0.009498,0.771810,0.515042,2.780137,0.845050
3,3.571927,8.314736,exponential_3,150,50,rosenbrock,3,0.050606,1.385129,0.498919,2.330172,1.115350
3,1.275867,10.000000,exponential_3,150,50,rosenbrock,3,0.003053,1.721821,1.515638,2.487800,0.899285
3,1.567562,10.000000,exponential_3,150,50,rosenbrock,3,0.001899,0.963973,0.383177,2.311012,0.919170
3,1.567562,6.913484,exponential_3,150,50,rosenbrock,3,0.002650,0.552193,0.306281,2.603937,0.831110
3,4.388561,1.899487,exponential_3,150,50,rosenbrock,3,0.085350,0.291660,0.367985,0.555952,0.837660
3,1.925946,0.521886,exponential_3,150,50,rosenbrock,3,0.009968,0.947979,0.996016,2.882728,0.871725
3,4.388561,1.313208,exponential_3,150,50,rosenbrock,3,0.002459,0.234974,0.297017,2.981280,0.920185
3,1.567562,4.779626,exponential_3,150,50,rosenbrock,3,0.002416,0.431680,0.349533,2.540286,0.920360
3,1.567562,2.284483,exponential_3,150,50,rosenbrock,3,0.000116,0.306653,0.258467,1.688291,0.860095
3,1.567562,1.579374,exponential_3,150,50,rosenbrock,3,0.000421,0.342336,0.524063,2.362938,0.961710
3,1.567562,3.304387,exponential_3,150,50,rosenbrock,3,0.000213,0.261243,0.335332,1.965201,0.813015
3,1.925946,0.360805,exponential_3,150,50,rosenbrock,3,0.005117,1.688702,2.294688,2.677426,0.917545
3,4.388561,8.314736,exponential_3,150,50,rosenbrock,3,0.000365,1.713456,1.498378,4.227386,0.783780
3,4.388561,5.748380,exponential_3,150,50,rosenbrock,3,0.002343,0.643443,0.327379,3.002695,0.823085
3,1.925946,0.754882,exponential_3,150,50,rosenbrock,3,0.066137,0.758623,0.781029,3.421673,0.922030
3,4.388561,3.974133,exponential_3,150,50,rosenbrock,3,0.000590,0.536634,0.443010,1.800153,0.852475
3,1.925946,1.091897,exponential_3,150,50,rosenbrock,3,0.050031,0.568610,0.574236,2.775281,0.959725
3,1.925946,1.579374,exponential_3,150,50,rosenbrock,3,0.009589,1.181976,0.865176,2.603049,0.983820
3,4.388561,2.747511,exponential_3,150,50,rosenbrock,3,0.000088,0.709245,0.394589,1.721820,0.935625
3,5.391897,0.300000,exponential_3,150,50,rosenbrock,3,0.045213,0.896009,0.658652,2.780487,0.787235
3,1.925946,2.284483,exponential_3,150,50,rosenbrock,3,0.004115,0.236370,0.261320,2.184313,0.834460
3,1.925946,4.779626,exponential_3,150,50,rosenbrock,3,0.001543,0.247867,0.354458,1.882120,0.865085
3,1.925946,6.913484,exponential_3,150,50,rosenbrock,3,0.028257,0.763451,0.366223,2.323534,0.879460
3,1.925946,10.000000,exponential_3,150,50,rosenbrock,3,0.000071,0.865205,0.339590,2.435023,0.829615
3,5.391897,0.627664,exponential_3,150,50,rosenbrock,3,0.004640,1.069601,0.558931,3.061889,0.839600
3,2.366266,0.360805,exponential_3,150,50,rosenbrock,3,0.038726,1.820949,2.232656,2.549882,0.783640
3,5.391897,0.907884,exponential_3,150,50,rosenbrock,3,0.002769,0.242172,0.294594,0.195188,0.787410
3,1.925946,3.304387,exponential_3,150,50,rosenbrock,3,0.001869,0.390590,0.309955,3.732244,1.012305
3,5.391897,1.313208,exponential_3,150,50,rosenbrock,3,0.012204,0.295370,0.397176,2.999773,0.760925
3,5.391897,1.899487,exponential_3,150,50,rosenbrock,3,0.000027,1.107595,0.776429,3.071785,0.696470
3,5.391897,0.433935,exponential_3,150,50,rosenbrock,3,0.003901,1.227311,0.579116,2.416728,1.081560
3,2.366266,0.521886,exponential_3,150,50,rosenbrock,3,0.091669,1.478573,1.552396,2.030216,0.886330
3,5.391897,5.748380,exponential_3,150,50,rosenbrock,3,0.011663,0.866799,0.405013,2.141880,0.762110
3,5.391897,3.974133,exponential_3,150,50,rosenbrock,3,0.048373,1.730124,1.473740,3.252571,0.896590
3,5.391897,2.747511,exponential_3,150,50,rosenbrock,3,0.004023,0.791802,0.352884,2.056135,0.921300
3,2.366266,2.284483,exponential_3,150,50,rosenbrock,3,0.011829,0.413625,0.419254,1.691132,0.833895
3,2.366266,0.754882,exponential_3,150,50,rosenbrock,3,0.011767,1.456507,1.040172,1.632170,0.858965
3,6.624620,0.300000,exponential_3,150,50,rosenbrock,3,0.024024,0.431146,0.629294,2.618801,0.846910
3,5.391897,8.314736,exponential_3,150,50,rosenbrock,3,0.021420,0.667283,0.534546,3.257644,0.876520
3,2.366266,1.091897,exponential_3,150,50,rosenbrock,3,0.021320,1.452824,1.101503,2.408572,1.165570
3,6.624620,0.433935,exponential_3,150,50,rosenbrock,3,0.012462,1.061189,0.737193,2.967904,0.871355
3,2.366266,1.579374,exponential_3,150,50,rosenbrock,3,0.004957,0.190614,0.218205,1.725752,1.162110
3,2.366266,3.304387,exponential_3,150,50,rosenbrock,3,0.001711,0.300477,0.319644,1.790011,0.889015
3,2.907255,0.521886,exponential_3,150,50,rosenbrock,3,0.000000,0.343159,0.459878,2.185266,0.883285
3,2.907255,1.091897,exponential_3,150,50,rosenbrock,3,0.000010,0.288477,0.334036,2.155960,0.869765
3,2.907255,1.579374,exponential_3,150,50,rosenbrock,3,0.001334,0.538075,0.452363,2.109577,0.879320
3,2.907255,3.304387,exponential_3,150,50,rosenbrock,3,0.005613,0.173424,0.180871,1.481924,0.777535
3,6.624620,0.907884,exponential_3,150,50,rosenbrock,3,0.028445,0.344012,0.413572,3.217052,0.903890
3,2.366266,6.913484,exponential_3,150,50,rosenbrock,3,0.053553,0.421127,0.474678,1.792224,1.019430
3,1.567562,0.754882,exponential_3,150,50,rosenbrock,3,0.013558,1.057683,1.062548,1.758976,1.081060
3,2.366266,10.000000,exponential_3,150,50,rosenbrock,3,0.007888,0.559240,0.331103,1.805045,1.041315
3,6.624620,1.313208,exponential_3,150,50,rosenbrock,3,0.000036,0.335892,0.359224,1.884846,0.873730
3,2.907255,0.360805,exponential_3,150,50,rosenbrock,3,0.069859,1.483072,1.567937,1.989136,1.122280
3,6.624620,0.627664,exponential_3,150,50,rosenbrock,3,0.000002,0.739551,0.544218,2.938012,1.047085
3,2.907255,6.913484,exponential_3,150,50,rosenbrock,3,0.003433,0.279621,0.295342,2.215653,0.929205
3,2.907255,0.754882,exponential_3,150,50,rosenbrock,3,0.043983,0.530453,0.705208,2.729662,1.098290
3,6.624620,1.899487,exponential_3,150,50,rosenbrock,3,0.005771,1.261086,0.400089,3.275350,1.024770
3,3.571927,1.091897,exponential_3,150,50,rosenbrock,3,0.000086,0.662590,0.263878,2.474433,0.637770
3,6.624620,2.747511,exponential_3,150,50,rosenbrock,3,0.003031,0.850161,0.399224,3.121519,0.869010
3,3.571927,3.304387,exponential_3,150,50,rosenbrock,3,0.000565,0.569599,0.489327,1.853544,0.776965
3,3.571927,0.754882,exponential_3,150,50,rosenbrock,3,0.010615,0.525411,0.637555,1.888782,0.917095
3,6.624620,3.974133,exponential_3,150,50,rosenbrock,3,0.002927,0.512823,0.297442,3.377288,1.041290
3,2.907255,10.000000,exponential_3,150,50,rosenbrock,3,0.000228,1.693298,0.777967,2.418998,0.760520
3,3.571927,1.579374,exponential_3,150,50,rosenbrock,3,0.085353,0.469576,0.432729,1.149472,0.918375
3,3.571927,0.360805,exponential_3,150,50,rosenbrock,3,0.007495,1.769978,1.137746,2.687529,0.736410
3,2.907255,4.779626,exponential_3,150,50,rosenbrock,3,0.003149,0.171899,0.195915,1.687382,0.893885
3,4.388561,0.360805,exponential_3,150,50,rosenbrock,3,0.000026,0.668966,0.789792,1.832060,0.675365
3,3.571927,2.284483,exponential_3,150,50,rosenbrock,3,0.005730,0.329523,0.335792,2.863452,0.874125
3,2.907255,2.284483,exponential_3,150,50,rosenbrock,3,0.005290,0.588075,0.432541,2.009238,0.808250
3,6.624620,5.748380,exponential_3,150,50,rosenbrock,3,0.000026,1.098550,0.408368,3.710803,0.815820
3,4.388561,0.521886,exponential_3,150,50,rosenbrock,3,0.005002,0.887218,0.789896,2.700979,0.750510
3,3.571927,0.521886,exponential_3,150,50,rosenbrock,3,0.010411,1.161767,0.838545,2.411038,0.871750
3,4.388561,1.091897,exponential_3,150,50,rosenbrock,3,0.001157,0.317673,0.378870,1.202981,0.667875
3,8.139176,0.300000,exponential_3,150,50,rosenbrock,3,0.000281,0.568394,0.418065,2.954244,0.839915
3,6.624620,8.314736,exponential_3,150,50,rosenbrock,3,0.006705,1.131832,0.517988,3.337524,1.015830
3,8.139176,0.433935,exponential_3,150,50,rosenbrock,3,0.004132,0.278955,0.303448,2.691704,0.832620
3,3.571927,6.913484,exponential_3,150,50,rosenbrock,3,0.011166,0.710877,0.316828,2.451674,0.862025
3,8.139176,0.627664,exponential_3,150,50,rosenbrock,3,0.001108,0.328940,0.463668,0.962239,0.851630
3,3.571927,4.779626,exponential_3,150,50,rosenbrock,3,0.003662,0.244227,0.285795,2.929651,1.046355
3,4.388561,0.754882,exponential_3,150,50,rosenbrock,3,0.072669,0.640240,0.464400,2.181597,0.977965
3,4.388561,2.284483,exponential_3,150,50,rosenbrock,3,0.000003,0.326066,0.382849,1.506014,0.763410
3,8.139176,0.907884,exponential_3,150,50,rosenbrock,3,0.005515,0.346032,0.337613,3.015197,1.008955
3,8.139176,1.313208,exponential_3,150,50,rosenbrock,3,0.000533,1.338446,0.515287,3.088677,0.929350
3,3.571927,10.000000,exponential_3,150,50,rosenbrock,3,0.019907,1.141004,0.305198,2.661511,1.116525
3,4.388561,10.000000,exponential_3,150,50,rosenbrock,3,0.000961,0.804739,0.287051,2.281222,0.664830
3,8.139176,1.899487,exponential_3,150,50,rosenbrock,3,0.001469,0.294432,0.310685,3.143193,0.895280
3,6.624620,6.913484,exponential_3,150,50,rosenbrock,3,0.032385,1.329381,1.128201,2.072691,0.800685
3,4.388561,6.913484,exponential_3,150,50,rosenbrock,3,0.000461,1.964830,2.349673,3.674684,0.766515
3,8.139176,8.314736,exponential_3,150,50,rosenbrock,3,0.055050,2.051544,1.497868,2.567802,0.903390
3,4.388561,4.779626,exponential_3,150,50,rosenbrock,3,0.004713,0.388970,0.323327,1.969139,0.719770
3,8.139176,2.747511,exponential_3,150,50,rosenbrock,3,0.001878,0.750337,0.394973,2.145278,1.014395
3,8.139176,3.974133,exponential_3,150,50,rosenbrock,3,0.002586,0.411720,0.411375,3.007811,0.997310
3,4.388561,1.579374,exponential_3,150,50,rosenbrock,3,0.000475,0.404964,0.318565,2.958424,1.037850
3,8.139176,5.748380,exponential_3,150,50,rosenbrock,3,0.004314,0.475053,0.222514,2.222138,1.060250
3,10.000000,0.433935,exponential_3,150,50,rosenbrock,3,0.000165,0.409490,0.477413,1.827861,0.963195
3,5.391897,0.360805,exponential_3,150,50,rosenbrock,3,0.067396,0.923744,0.636813,3.067533,0.812075
3,4.388561,3.304387,exponential_3,150,50,rosenbrock,3,0.004615,0.271954,0.326759,2.688476,0.905765
3,10.000000,0.907884,exponential_3,150,50,rosenbrock,3,0.004839,0.294194,0.330452,2.061073,0.962415
3,10.000000,0.627664,exponential_3,150,50,rosenbrock,3,0.000135,0.694577,0.460511,2.658268,1.016820
3,10.000000,1.313208,exponential_3,150,50,rosenbrock,3,0.004307,0.754134,0.116313,3.292787,0.933110
3,10.000000,2.747511,exponential_3,150,50,rosenbrock,3,0.023424,0.223721,0.244090,1.541238,0.857050
3,5.391897,0.754882,exponential_3,150,50,rosenbrock,3,0.000638,0.244607,0.253058,1.682200,0.820130
3,10.000000,3.974133,exponential_3,150,50,rosenbrock,3,0.007011,0.864035,0.461453,3.103690,0.840840
3,10.000000,5.748380,exponential_3,150,50,rosenbrock,3,0.031948,1.176705,1.051366,3.010866,0.823180
3,10.000000,1.899487,exponential_3,150,50,rosenbrock,3,0.000798,0.481356,0.302637,3.025013,1.057525
3,5.391897,1.579374,exponential_3,150,50,rosenbrock,3,0.014547,0.432638,0.419122,1.783128,0.724685
3,5.391897,1.091897,exponential_3,150,50,rosenbrock,3,0.000590,0.313798,0.309297,1.527994,0.823800
3,5.391897,4.779626,exponential_3,150,50,rosenbrock,3,0.000631,0.248584,0.320170,1.944159,0.724475
3,10.000000,8.314736,exponential_3,150,50,rosenbrock,3,0.008306,1.597673,0.960045,3.128108,0.912800
3,5.391897,0.521886,exponential_3,150,50,rosenbrock,3,0.000067,0.464667,0.579720,3.135267,0.855645
3,0.200000,0.300000,exponential_5,150,50,rosenbrock,3,0.810347,12.759241,6.721623,134.673935,0.813560
3,5.391897,6.913484,exponential_3,150,50,rosenbrock,3,0.018990,1.116580,0.733265,3.017448,0.821445
3,5.391897,2.284483,exponential_3,150,50,rosenbrock,3,0.000653,0.219309,0.203730,1.237713,1.022230
3,5.391897,3.304387,exponential_3,150,50,rosenbrock,3,0.010689,0.199545,0.261470,1.525731,0.884685
3,0.200000,0.627664,exponential_5,150,50,rosenbrock,3,0.557829,9.266005,6.090133,127.379768,0.829900
3,6.624620,0.360805,exponential_3,150,50,rosenbrock,3,0.005192,0.657092,0.418752,2.968866,0.804800
3,0.200000,0.433935,exponential_5,150,50,rosenbrock,3,0.151569,9.259107,9.418821,43.132030,0.938955
3,5.391897,10.000000,exponential_3,150,50,rosenbrock,3,0.018540,1.306166,0.945377,2.698211,0.871950
3,6.624620,0.521886,exponential_3,150,50,rosenbrock,3,0.041000,0.495971,0.529208,1.846613,0.773120
3,0.200000,0.907884,exponential_5,150,50,rosenbrock,3,0.353380,3.773737,3.958594,17.268339,0.968185
3,0.200000,3.974133,exponential_5,150,50,rosenbrock,3,0.015737,0.899208,0.669489,2.689994,0.743250
3,0.200000,1.899487,exponential_5,150,50,rosenbrock,3,0.010160,1.367131,1.638226,3.790901,0.801835
3,6.624620,1.091897,exponential_3,150,50,rosenbrock,3,0.024525,0.262513,0.267882,2.837435,0.724540
3,0.200000,1.313208,exponential_5,150,50,rosenbrock,3,0.006515,2.180860,2.997128,16.120619,0.898355
3,0.200000,2.747511,exponential_5,150,50,rosenbrock,3,0.000136,0.560813,0.623521,1.501750,0.873660
3,0.200000,8.314736,exponential_5,150,50,rosenbrock,3,0.000631,0.805553,0.760475,3.299508,0.837045
3,0.200000,5.748380,exponential_5,150,50,rosenbrock,3,0.076387,1.106707,1.254355,2.653737,0.886515
3,0.245725,0.433935,exponential_5,150,50,rosenbrock,3,0.561856,7.296865,8.519951,67.746284,0.784190
3,0.245725,0.300000,exponential_5,150,50,rosenbrock,3,0.720635,26.039722,14.903730,104.590431,0.906550
3,0.245725,0.907884,exponential_5,150,50,rosenbrock,3,0.050721,3.816108,3.447798,22.004988,0.818185
3,6.624620,0.754882,exponential_3,150,50,rosenbrock,3,0.017174,0.345191,0.365270,2.642896,0.765480
3,0.245725,0.627664,exponential_5,150,50,rosenbrock,3,0.028877,4.512993,3.476992,11.113651,0.860010
3,0.245725,1.313208,exponential_5,150,50,rosenbrock,3,0.281767,3.258461,3.955132,43.844387,0.777735
3,0.245725,2.747511,exponential_5,150,50,rosenbrock,3,0.027167,1.655863,1.345158,2.452271,0.728685
3,0.245725,1.899487,exponential_5,150,50,rosenbrock,3,0.006012,0.992244,0.838843,3.758298,0.817420
3,6.624620,2.284483,exponential_3,150,50,rosenbrock,3,0.003596,0.372387,0.352425,1.848027,0.858335
3,0.245725,5.748380,exponential_5,150,50,rosenbrock,3,0.025950,1.384362,0.913797,3.655546,0.702800
3,6.624620,1.579374,exponential_3,150,50,rosenbrock,3,0.000001,1.084210,0.301458,3.412756,1.068705
3,0.245725,3.974133,exponential_5,150,50,rosenbrock,3,0.032751,0.685681,0.750926,2.731301,0.742470
3,6.624620,3.304387,exponential_3,150,50,rosenbrock,3,0.023167,1.710892,1.161763,3.102786,0.831710
3,0.301904,0.300000,exponential_5,150,50,rosenbrock,3,1.686649,22.509390,21.079599,73.495781,0.703595
3,0.301904,0.907884,exponential_5,150,50,rosenbrock,3,0.116330,3.178994,3.413410,10.073906,0.647955
3,0.301904,1.313208,exponential_5,150,50,rosenbrock,3,0.000894,1.749343,1.504137,8.765797,0.679665
3,0.245725,8.314736,exponential_5,150,50,rosenbrock,3,0.011061,0.636430,0.506053,2.675122,0.958005
3,6.624620,4.779626,exponential_3,150,50,rosenbrock,3,0.003753,0.938663,0.462959,3.754773,1.027350
3,0.301904,0.627664,exponential_5,150,50,rosenbrock,3,0.000387,4.667291,4.606861,26.487190,0.941245
3,0.301904,5.748380,exponential_5,150,50,rosenbrock,3,0.029425,1.055177,1.066466,3.088816,0.716800
3,0.301904,2.747511,exponential_5,150,50,rosenbrock,3,0.001629,1.921112,1.984521,3.283771,0.750665
3,0.301904,0.433935,exponential_5,150,50,rosenbrock,3,0.049824,13.821520,11.464466,59.864254,1.051185
3,10.000000,0.300000,exponential_3,150,50,rosenbrock,3,0.004842,0.276893,0.418396,2.163101,0.860020
3,0.301904,1.899487,exponential_5,150,50,rosenbrock,3,0.000057,0.953037,1.189438,1.891321,0.964430
3,0.370927,0.627664,exponential_5,150,50,rosenbrock,3,0.065305,2.637858,2.958324,8.012335,0.670340
3,0.301904,3.974133,exponential_5,150,50,rosenbrock,3,0.030321,0.837694,0.787692,1.514251,0.910860
3,8.139176,0.360805,exponential_3,150,50,rosenbrock,3,0.062480,1.533070,1.295756,2.106769,0.877025
3,0.301904,8.314736,exponential_5,150,50,rosenbrock,3,0.002629,1.015832,0.754092,4.043657,0.782965
3,8.139176,0.521886,exponential_3,150,50,rosenbrock,3,0.005559,0.405670,0.345090,1.871117,0.872745
3,8.139176,0.754882,exponential_3,150,50,rosenbrock,3,0.011303,0.603660,0.413011,2.766002,0.951875
3,0.370927,1.313208,exponential_5,150,50,rosenbrock,3,0.002780,1.908532,1.947075,102.666985,0.766965
3,8.139176,1.579374,exponential_3,150,50,rosenbrock,3,0.062806,0.167517,0.166077,1.557076,0.917845
3,6.624620,10.000000,exponential_3,150,50,rosenbrock,3,0.008907,0.759678,0.629649,3.021248,0.960265
3,0.370927,0.300000,exponential_5,150,50,rosenbrock,3,0.292283,5.042775,5.069905,19.642124,1.005660
3,0.370927,2.747511,exponential_5,150,50,rosenbrock,3,0.082854,1.387982,1.100362,2.569014,0.710485
3,0.370927,1.899487,exponential_5,150,50,rosenbrock,3,0.001750,1.208459,1.281340,2.150661,0.790205
3,0.370927,0.907884,exponential_5,150,50,rosenbrock,3,0.383345,2.246345,2.719941,2.825390,0.989195
3,0.370927,0.433935,exponential_5,150,50,rosenbrock,3,0.046991,6.066664,6.313325,47.329372,1.222365
3,0.370927,3.974133,exponential_5,150,50,rosenbrock,3,0.000145,0.526645,0.643269,2.845684,0.746415
3,8.139176,2.284483,exponential_3,150,50,rosenbrock,3,0.052974,1.680496,0.523505,3.012020,1.043110
3,0.455730,0.433935,exponential_5,150,50,rosenbrock,3,0.307865,4.488209,5.140382,35.673573,0.740565
3,8.139176,10.000000,exponential_3,150,50,rosenbrock,3,0.100890,2.047999,1.991063,3.336558,1.087575
3,8.139176,6.913484,exponential_3,150,50,rosenbrock,3,0.014515,1.393419,0.587237,3.196331,0.964330
3,0.370927,5.748380,exponential_5,150,50,rosenbrock,3,0.001738,0.974508,0.808840,2.964554,1.017115
3,0.370927,8.314736,exponential_5,150,50,rosenbrock,3,0.020512,0.565375,0.605287,2.452558,0.990575
3,8.139176,3.304387,exponential_3,150,50,rosenbrock,3,0.000014,1.743471,0.716007,2.953891,1.134325
3,10.000000,1.091897,exponential_3,150,50,rosenbrock,3,0.005985,0.376553,0.331169,3.016237,0.953155
3,0.455730,0.907884,exponential_5,150,50,rosenbrock,3,0.006798,2.980260,3.261576,46.267708,0.784345
3,8.139176,1.091897,exponential_3,150,50,rosenbrock,3,0.000213,0.315618,0.330473,2.363566,1.787535
3,0.455730,0.300000,exponential_5,150,50,rosenbrock,3,0.949806,15.959707,5.434279,100.762764,1.082985
3,10.000000,0.521886,exponential_3,150,50,rosenbrock,3,0.003031,0.298489,0.330309,0.800134,1.217065
3,0.455730,0.627664,exponential_5,150,50,rosenbrock,3,0.008465,2.039682,2.251962,3.223780,0.893805
3,0.455730,1.313208,exponential_5,150,50,rosenbrock,3,0.086233,1.348014,1.599579,1.888840,0.890625
3,0.455730,1.899487,exponential_5,150,50,rosenbrock,3,0.000298,0.920063,0.896966,2.416462,0.811840
3,10.000000,3.304387,exponential_3,150,50,rosenbrock,3,0.006242,1.069235,0.358370,2.760295,1.269265
3,10.000000,2.284483,exponential_3,150,50,rosenbrock,3,0.001301,1.699477,1.483849,2.290513,1.098350
3,8.139176,4.779626,exponential_3,150,50,rosenbrock,3,0.001512,2.086854,2.393866,3.831179,1.469485
3,10.000000,0.754882,exponential_3,150,50,rosenbrock,3,0.002268,0.445362,0.367191,2.511192,1.321515
3,0.455730,2.747511,exponential_5,150,50,rosenbrock,3,0.000814,0.546382,0.527113,2.723168,0.755055
3,10.000000,6.913484,exponential_3,150,50,rosenbrock,3,0.003983,1.053855,0.575732,3.879196,1.257720
3,10.000000,1.579374,exponential_3,150,50,rosenbrock,3,0.009612,0.465884,0.319438,1.872945,1.359910
3,10.000000,4.779626,exponential_3,150,50,rosenbrock,3,0.003851,0.944980,0.376065,3.172936,1.341755
3,0.200000,0.360805,exponential_5,150,50,rosenbrock,3,2.251257,19.596472,12.623045,83.143150,1.047720
3,0.455730,3.974133,exponential_5,150,50,rosenbrock,3,0.009171,1.802605,1.482789,3.108950,0.881700
3,0.200000,0.754882,exponential_5,150,50,rosenbrock,3,0.733549,6.285980,7.675114,55.237484,0.753040
3,10.000000,10.000000,exponential_3,150,50,rosenbrock,3,0.033863,1.962639,2.123444,3.248718,1.261770
3,0.455730,8.314736,exponential_5,150,50,rosenbrock,3,0.021274,0.383945,0.468845,1.648675,0.759935
3,0.455730,5.748380,exponential_5,150,50,rosenbrock,3,0.004706,1.058232,0.530623,2.681319,0.952915
3,0.559922,0.300000,exponential_5,150,50,rosenbrock,3,0.152964,2.918456,3.407111,22.915844,0.762185
3,0.200000,4.779626,exponential_5,150,50,rosenbrock,3,0.010785,1.708786,2.620224,3.460779,0.785415
3,0.200000,0.521886,exponential_5,150,50,rosenbrock,3,0.072986,26.405392,13.015873,172.309906,0.917615
3,0.559922,0.433935,exponential_5,150,50,rosenbrock,3,0.005627,3.760020,3.835256,35.283421,0.887805
3,0.200000,1.091897,exponential_5,150,50,rosenbrock,3,0.004159,3.760550,4.975651,8.501922,0.909685
3,0.200000,2.284483,exponential_5,150,50,rosenbrock,3,0.001338,2.477791,2.548133,58.350410,0.824570
3,0.200000,1.579374,exponential_5,150,50,rosenbrock,3,0.263207,3.811331,3.810002,94.503334,0.803995
3,0.200000,10.000000,exponential_5,150,50,rosenbrock,3,0.013597,0.800473,0.922180,2.998519,0.778415
3,0.200000,3.304387,exponential_5,150,50,rosenbrock,3,0.002854,1.688206,2.013479,38.869045,0.820185
3,0.559922,0.627664,exponential_5,150,50,rosenbrock,3,0.003342,3.040303,4.407988,3.276748,0.853850
3,0.245725,0.521886,exponential_5,150,50,rosenbrock,3,0.239605,8.013245,11.555968,63.044086,0.834180
3,0.245725,1.091897,exponential_5,150,50,rosenbrock,3,0.064878,2.376329,2.567833,7.681234,0.823835
3,0.559922,0.907884,exponential_5,150,50,rosenbrock,3,0.081295,2.610339,2.654236,4.100800,0.831245
3,0.200000,6.913484,exponential_5,150,50,rosenbrock,3,0.000401,0.426943,0.552374,2.493243,1.006575
3,0.245725,0.360805,exponential_5,150,50,rosenbrock,3,1.139385,30.922689,32.187668,72.170326,1.000795
3,0.245725,1.579374,exponential_5,150,50,rosenbrock,3,0.001179,1.889081,2.180813,3.141870,0.763925
3,0.245725,3.304387,exponential_5,150,50,rosenbrock,3,0.011721,1.512460,1.061466,2.111353,0.771380
3,0.245725,2.284483,exponential_5,150,50,rosenbrock,3,0.003385,1.157184,1.093582,1.963635,0.827640
3,0.245725,0.754882,exponential_5,150,50,rosenbrock,3,0.256981,3.831492,4.317977,6.016205,0.913670
3,0.559922,1.899487,exponential_5,150,50,rosenbrock,3,0.000502,0.971763,0.740640,2.973477,0.783050
3,0.301904,1.091897,exponential_5,150,50,rosenbrock,3,0.008253,2.680684,4.359348,25.006994,0.654180
3,0.301904,0.360805,exponential_5,150,50,rosenbrock,3,1.207528,14.998958,6.403588,72.092430,0.689045
3,0.245725,4.779626,exponential_5,150,50,rosenbrock,3,0.019711,1.768118,1.817969,3.628879,0.858490
3,0.559922,1.313208,exponential_5,150,50,rosenbrock,3,0.038155,1.012984,0.971319,2.625026,0.982070
3,0.245725,6.913484,exponential_5,150,50,rosenbrock,3,0.034504,1.663400,1.143660,3.168399,0.985885
3,0.301904,6.913484,exponential_5,150,50,rosenbrock,3,0.066075,0.690819,0.813131,1.739994,0.692140
3,0.301904,3.304387,exponential_5,150,50,rosenbrock,3,0.000087,1.764051,2.886599,2.164172,0.759155
3,0.301904,0.754882,exponential_5,150,50,rosenbrock,3,0.025187,2.378192,2.844941,17.804829,0.853900
3,0.301904,1.579374,exponential_5,150,50,rosenbrock,3,0.002194,1.693564,2.604225,2.261317,0.879960
3,0.245725,10.000000,exponential_5,150,50,rosenbrock,3,0.002463,1.392252,0.697276,3.350538,0.900355
3,0.559922,2.747511,exponential_5,150,50,rosenbrock,3,0.006230,0.483588,0.561356,1.504643,1.040365
3,0.559922,3.974133,exponential_5,150,50,rosenbrock,3,0.000239,0.593314,0.603018,1.703638,0.958895
3,0.370927,0.754882,exponential_5,150,50,rosenbrock,3,0.002758,1.647566,1.806046,3.386368,0.807470
3,10.000000,0.360805,exponential_3,150,50,rosenbrock,3,0.003263,0.967925,0.757011,3.247516,0.927715
3,0.301904,0.521886,exponential_5,150,50,rosenbrock,3,0.012046,8.452994,5.690865,100.560631,1.033505
3,0.370927,1.579374,exponential_5,150,50,rosenbrock,3,0.180750,2.411143,2.626211,2.888550,0.702050
3,0.559922,8.314736,exponential_5,150,50,rosenbrock,3,0.000032,0.292971,0.398440,2.803856,0.790225
3,0.301904,10.000000,exponential_5,150,50,rosenbrock,3,0.000315,1.065470,0.595438,1.927649,0.814230
3,0.301904,4.779626,exponential_5,150,50,rosenbrock,3,0.003478,1.032149,0.809082,2.957007,0.965855
3,0.301904,2.284483,exponential_5,150,50,rosenbrock,3,0.000006,1.014059,1.157392,1.872720,1.055565
3,0.559922,5.748380,exponential_5,150,50,rosenbrock,3,0.001024,1.005435,0.736423,2.161103,0.955365
3,0.687934,0.300000,exponential_5,150,50,rosenbrock,3,0.019635,3.247955,3.290265,42.792854,0.918915
3,0.687934,0.627664,exponential_5,150,50,rosenbrock,3,0.010108,2.442273,2.514553,2.664319,0.754935
3,0.687934,0.433935,exponential_5,150,50,rosenbrock,3,0.012119,1.811207,2.206805,5.386015,0.933755
3,0.370927,4.779626,exponential_5,150,50,rosenbrock,3,0.001352,1.653363,2.077279,2.791991,0.643680
3,0.370927,0.360805,exponential_5,150,50,rosenbrock,3,0.000648,6.079262,5.282076,83.214256,0.864525
3,0.370927,3.304387,exponential_5,150,50,rosenbrock,3,0.078488,1.039182,0.804310,3.208636,0.836875
3,0.370927,2.284483,exponential_5,150,50,rosenbrock,3,0.049982,1.728764,1.239177,3.578343,0.821350
3,0.370927,0.521886,exponential_5,150,50,rosenbrock,3,0.026174,5.600509,6.162285,10.863441,0.802955
3,0.455730,0.521886,exponential_5,150,50,rosenbrock,3,0.022895,2.375466,3.025620,105.403175,0.729965
3,0.687934,0.907884,exponential_5,150,50,rosenbrock,3,0.000069,1.470118,1.607977,2.604177,0.888700
3,0.370927,1.091897,exponential_5,150,50,rosenbrock,3,0.002982,1.813838,1.705273,10.920033,1.005170
3,0.687934,1.313208,exponential_5,150,50,rosenbrock,3,0.009565,1.130660,0.876892,11.677571,0.832455
3,0.455730,1.091897,exponential_5,150,50,rosenbrock,3,0.032943,2.980024,2.432786,54.705814,0.723590
3,0.687934,2.747511,exponential_5,150,50,rosenbrock,3,0.000200,0.651244,0.794132,2.490655,0.867910
3,0.687934,1.899487,exponential_5,150,50,rosenbrock,3,0.032638,1.367406,1.386747,2.384832,0.935710
3,0.687934,5.748380,exponential_5,150,50,rosenbrock,3,0.000007,0.772948,0.621413,2.943798,0.815460
3,0.455730,1.579374,exponential_5,150,50,rosenbrock,3,0.020916,1.162339,1.270976,1.703309,0.753490
3,0.455730,0.754882,exponential_5,150,50,rosenbrock,3,0.013669,2.139652,2.835248,3.043128,0.773530
3,0.370927,6.913484,exponential_5,150,50,rosenbrock,3,0.009284,0.507694,0.387982,2.826569,0.943155
3,0.687934,3.974133,exponential_5,150,50,rosenbrock,3,0.012443,0.890756,0.777379,2.531774,0.943045
3,0.455730,0.360805,exponential_5,150,50,rosenbrock,3,0.120973,6.560171,7.870213,107.920624,0.903380
3,0.370927,10.000000,exponential_5,150,50,rosenbrock,3,0.020279,0.700568,0.653636,2.139981,1.018645
3,0.687934,8.314736,exponential_5,150,50,rosenbrock,3,0.012741,0.763054,0.449134,2.264565,0.942970
3,0.455730,2.284483,exponential_5,150,50,rosenbrock,3,0.348796,2.251037,2.344576,2.431109,0.838005
3,0.845213,0.300000,exponential_5,150,50,rosenbrock,3,0.261015,2.325614,2.246472,25.679289,0.739215
3,0.455730,3.304387,exponential_5,150,50,rosenbrock,3,0.048950,0.482676,0.522812,2.169972,0.706920
3,0.845213,0.433935,exponential_5,150,50,rosenbrock,3,0.000060,1.053692,0.811276,3.151640,0.829665
3,0.845213,0.627664,exponential_5,150,50,rosenbrock,3,0.012788,1.032421,0.835547,3.061027,0.805515
3,0.845213,0.907884,exponential_5,150,50,rosenbrock,3,0.000004,1.656827,1.676520,17.447357,0.921115
3,0.845213,1.899487,exponential_5,150,50,rosenbrock,3,0.035669,0.601783,0.805282,3.074426,0.885825
3,0.845213,2.747511,exponential_5,150,50,rosenbrock,3,0.000000,0.622387,0.550678,3.264372,0.826375
3,0.845213,1.313208,exponential_5,150,50,rosenbrock,3,0.004268,0.902820,1.252491,2.377004,0.922435
3,0.845213,3.974133,exponential_5,150,50,rosenbrock,3,0.004274,0.430187,0.602706,2.957858,0.852415
3,0.845213,8.314736,exponential_5,150,50,rosenbrock,3,0.004529,0.459596,0.571522,1.582507,0.794815
3,1.038450,0.433935,exponential_5,150,50,rosenbrock,3,0.002630,1.644418,1.493121,2.613180,0.705045
3,0.455730,4.779626,exponential_5,150,50,rosenbrock,3,0.025206,0.627420,0.647255,2.292120,0.850075
3,1.038450,0.300000,exponential_5,150,50,rosenbrock,3,0.027457,0.785269,0.737023,9.775797,0.787885
3,0.455730,6.913484,exponential_5,150,50,rosenbrock,3,0.000001,0.326649,0.492449,2.999466,0.784455
3,0.559922,0.360805,exponential_5,150,50,rosenbrock,3,0.001419,5.135405,6.715425,39.651089,0.760345
3,0.559922,0.521886,exponential_5,150,50,rosenbrock,3,0.141500,2.438570,2.282187,20.990566,0.718995
3,0.455730,10.000000,exponential_5,150,50,rosenbrock,3,0.005272,0.562894,0.467909,2.257453,0.921165
3,1.038450,0.627664,exponential_5,150,50,rosenbrock,3,0.000816,1.747287,1.873532,2.126037,0.862310
3,0.845213,5.748380,exponential_5,150,50,rosenbrock,3,0.003583,0.818948,0.455669,2.736665,1.007495
3,1.038450,0.907884,exponential_5,150,50,rosenbrock,3,0.004896,0.991559,1.261731,2.050129,0.845535
3,1.038450,2.747511,exponential_5,150,50,rosenbrock,3,0.007678,0.757196,0.511843,2.182360,0.731655
3,1.038450,1.313208,exponential_5,150,50,rosenbrock,3,0.000922,0.742416,0.999405,3.835260,0.904770
3,1.038450,1.899487,exponential_5,150,50,rosenbrock,3,0.001689,0.964173,0.883367,3.043344,0.874925
3,1.038450,3.974133,exponential_5,150,50,rosenbrock,3,0.113887,1.067915,0.725698,2.349117,0.898705
3,0.559922,0.754882,exponential_5,150,50,rosenbrock,3,0.006152,2.469242,2.765071,2.754807,0.860240
3,1.038450,5.748380,exponential_5,150,50,rosenbrock,3,0.001213,0.606220,0.415309,2.145409,0.843920
3,1.038450,8.314736,exponential_5,150,50,rosenbrock,3,0.000586,0.566399,0.565975,2.653130,0.909900
3,0.559922,1.091897,exponential_5,150,50,rosenbrock,3,0.142011,1.890277,2.479440,3.350453,0.950795
3,1.275867,8.314736,exponential_5,150,50,rosenbrock,3,0.038041,0.450243,0.469388,1.924554,0.662615
3,1.275867,0.300000,exponential_5,150,50,rosenbrock,3,0.427713,3.264494,4.461680,3.742695,0.969920
3,0.559922,2.284483,exponential_5,150,50,rosenbrock,3,0.006567,1.888985,1.157484,3.557509,0.813595
3,1.275867,3.974133,exponential_5,150,50,rosenbrock,3,0.001272,0.556425,0.489722,2.796648,0.748540
3,1.275867,0.627664,exponential_5,150,50,rosenbrock,3,0.040315,1.345821,1.075109,3.183658,0.858220
3,1.275867,0.433935,exponential_5,150,50,rosenbrock,3,0.031675,1.947083,2.758919,65.874062,0.898250
3,1.275867,2.747511,exponential_5,150,50,rosenbrock,3,0.001926,0.858205,0.686938,2.736249,0.873305
3,1.567562,0.300000,exponential_5,150,50,rosenbrock,3,0.001158,1.622422,1.802327,2.461685,0.717125
3,1.275867,1.313208,exponential_5,150,50,rosenbrock,3,0.012177,0.672741,0.686362,1.705913,0.937460
3,0.559922,1.579374,exponential_5,150,50,rosenbrock,3,0.000358,1.501305,1.481712,3.126312,0.825395
3,1.275867,0.907884,exponential_5,150,50,rosenbrock,3,0.006634,0.396313,0.481901,1.467550,1.011680
3,1.275867,5.748380,exponential_5,150,50,rosenbrock,3,0.000001,0.937430,0.594217,3.131918,0.945080
3,1.275867,1.899487,exponential_5,150,50,rosenbrock,3,0.069564,0.963235,0.666092,2.634281,1.078370
3,1.567562,0.433935,exponential_5,150,50,rosenbrock,3,0.014142,1.562342,1.299798,3.805693,0.920870
3,1.567562,0.907884,exponential_5,150,50,rosenbrock,3,0.027668,1.131481,0.942830,2.228968,0.768635
3,1.567562,0.627664,exponential_5,150,50,rosenbrock,3,0.000199,1.363248,1.499046,3.140113,0.976915
3,0.559922,3.304387,exponential_5,150,50,rosenbrock,3,0.003425,0.801036,0.496884,2.491323,0.827735
3,1.567562,1.899487,exponential_5,150,50,rosenbrock,3,0.074558,1.257585,0.887286,3.309795,0.760335
3,1.567562,1.313208,exponential_5,150,50,rosenbrock,3,0.068544,0.646324,0.610195,2.672885,0.954945
3,0.559922,4.779626,exponential_5,150,50,rosenbrock,3,0.008571,0.428388,0.354909,3.582078,0.896265
3,1.567562,2.747511,exponential_5,150,50,rosenbrock,3,0.000262,0.323739,0.438440,0.982428,0.953270
3,0.687934,0.360805,exponential_5,150,50,rosenbrock,3,0.024166,3.563067,3.497408,98.997108,0.764395
3,0.559922,10.000000,exponential_5,150,50,rosenbrock,3,0.019467,0.528124,0.580531,2.474002,0.876700
3,1.925946,0.627664,exponential_5,150,50,rosenbrock,3,0.080394,2.836308,3.778528,3.055541,0.674070
3,1.567562,5.748380,exponential_5,150,50,rosenbrock,3,0.000243,0.469223,0.455709,3.008607,0.902985
3,0.559922,6.913484,exponential_5,150,50,rosenbrock,3,0.004553,0.403255,0.496807,1.289408,0.824070
3,1.925946,0.300000,exponential_5,150,50,rosenbrock,3,0.000632,1.462394,1.589345,2.730566,0.921325
3,1.925946,0.433935,exponential_5,150,50,rosenbrock,3,0.141840,1.487808,1.548847,2.552438,0.866550
3,1.567562,8.314736,exponential_5,150,50,rosenbrock,3,0.000326,0.263054,0.342701,2.188282,0.936620
3,1.567562,3.974133,exponential_5,150,50,rosenbrock,3,0.133258,0.428097,0.484440,2.643238,1.107930
3,0.687934,0.754882,exponential_5,150,50,rosenbrock,3,0.097665,2.022666,2.337973,10.447274,1.088545
3,1.925946,0.907884,exponential_5,150,50,rosenbrock,3,0.015492,1.565086,0.998235,2.834795,0.964165
3,1.925946,1.899487,exponential_5,150,50,rosenbrock,3,0.000069,0.908562,0.741809,2.970017,0.907600
3,1.925946,1.313208,exponential_5,150,50,rosenbrock,3,0.099659,0.928510,0.818942,1.729390,0.928580
3,1.925946,3.974133,exponential_5,150,50,rosenbrock,3,0.088477,0.850503,0.622105,3.291913,0.780970
3,0.687934,0.521886,exponential_5,150,50,rosenbrock,3,0.102331,2.532629,2.944196,26.836580,1.119525
3,1.925946,8.314736,exponential_5,150,50,rosenbrock,3,0.048558,1.006223,0.682848,2.064184,0.625875
3,1.925946,2.747511,exponential_5,150,50,rosenbrock,3,0.000408,0.523745,0.631753,3.682655,0.987225
3,0.687934,1.091897,exponential_5,150,50,rosenbrock,3,0.002025,1.075684,1.227583,2.126033,0.984455
3,1.925946,5.748380,exponential_5,150,50,rosenbrock,3,0.000039,1.207643,0.866807,3.112364,1.026600
3,0.687934,1.579374,exponential_5,150,50,rosenbrock,3,0.300467,1.822298,1.539951,2.809037,0.946230
3,2.366266,0.907884,exponential_5,150,50,rosenbrock,3,0.105820,0.638323,0.745106,1.992818,0.784825
3,0.687934,3.304387,exponential_5,150,50,rosenbrock,3,0.006813,0.453236,0.541051,2.663662,0.886940
3,2.366266,0.300000,exponential_5,150,50,rosenbrock,3,0.354345,2.302734,2.225293,3.434477,0.898835
3,2.366266,1.313208,exponential_5,150,50,rosenbrock,3,0.001079,0.662394,0.638602,2.957107,0.845875
3,2.366266,0.433935,exponential_5,150,50,rosenbrock,3,0.000023,1.529050,1.936832,3.283898,0.919375
3,0.687934,4.779626,exponential_5,150,50,rosenbrock,3,0.020495,0.936404,0.974199,2.708213,0.901450
3,2.366266,1.899487,exponential_5,150,50,rosenbrock,3,0.016087,0.338725,0.373880,2.041234,0.640400
3,0.687934,10.000000,exponential_5,150,50,rosenbrock,3,0.000032,0.706711,0.494389,2.656225,0.816225
3,0.687934,2.284483,exponential_5,150,50,rosenbrock,3,0.016033,1.234884,1.066917,2.237061,1.081560
3,2.366266,0.627664,exponential_5,150,50,rosenbrock,3,0.044024,0.469539,0.377996,1.896461,1.047595
3,0.687934,6.913484,exponential_5,150,50,rosenbrock,3,0.032555,0.256209,0.342518,1.242893,1.121230
3,2.366266,2.747511,exponential_5,150,50,rosenbrock,3,0.000292,0.284991,0.437178,1.090632,0.763875
3,0.845213,0.754882,exponential_5,150,50,rosenbrock,3,0.040123,1.750471,2.454833,2.290130,0.925525
3,0.845213,1.579374,exponential_5,150,50,rosenbrock,3,0.037470,0.731746,0.724966,1.899032,0.868670
3,0.845213,1.091897,exponential_5,150,50,rosenbrock,3,0.002160,1.406463,1.521441,3.538027,0.969600
3,0.845213,4.779626,exponential_5,150,50,rosenbrock,3,0.382556,1.242274,1.336966,2.192171,0.883630
3,0.845213,0.521886,exponential_5,150,50,rosenbrock,3,0.017381,2.172280,2.363315,30.996052,1.102360
3,0.845213,2.284483,exponential_5,150,50,rosenbrock,3,0.003997,0.828018,0.778394,2.563178,1.048210
3,0.845213,0.360805,exponential_5,150,50,rosenbrock,3,0.008658,2.456831,3.199475,4.972934,1.145700
3,1.038450,0.521886,exponential_5,150,50,rosenbrock,3,0.020509,1.773880,1.320854,5.578235,0.756940
3,0.845213,3.304387,exponential_5,150,50,rosenbrock,3,0.004810,1.398052,0.658191,3.870682,1.139685
3,0.845213,10.000000,exponential_5,150,50,rosenbrock,3,0.000069,0.835629,0.522580,3.296900,1.103070
3,2.366266,5.748380,exponential_5,150,50,rosenbrock,3,0.095955,1.108042,0.593142,3.553869,0.784350
3,2.366266,3.974133,exponential_5,150,50,rosenbrock,3,0.002113,0.433097,0.396568,2.445141,0.923580
3,1.038450,0.360805,exponential_5,150,50,rosenbrock,3,0.101395,1.824559,2.429492,2.664939,0.938125
3,2.907255,0.433935,exponential_5,150,50,rosenbrock,3,0.005571,1.152359,1.048517,2.989367,0.862155
3,0.845213,6.913484,exponential_5,150,50,rosenbrock,3,0.000619,0.865087,0.630639,4.038441,0.867085
3,1.038450,1.091897,exponential_5,150,50,rosenbrock,3,0.018109,1.029264,1.104696,2.701503,0.846755
3,1.038450,0.754882,exponential_5,150,50,rosenbrock,3,0.000976,1.263312,1.090052,2.627652,0.898405
3,2.366266,8.314736,exponential_5,150,50,rosenbrock,3,0.000000,0.591610,0.333007,3.195291,1.041700
3,2.907255,0.300000,exponential_5,150,50,rosenbrock,3,0.114110,1.587664,1.212201,3.666151,1.061880
3,1.038450,1.579374,exponential_5,150,50,rosenbrock,3,0.176136,1.671391,1.669944,2.344496,0.875425
3,1.038450,3.304387,exponential_5,150,50,rosenbrock,3,0.002688,1.540777,1.650930,3.042723,1.031765
3,1.038450,2.284483,exponential_5,150,50,rosenbrock,3,0.004875,1.289947,0.905435,3.323272,0.891600
3,1.038450,4.779626,exponential_5,150,50,rosenbrock,3,0.001049,0.456535,0.506482,2.744513,0.903780
3,1.038450,10.000000,exponential_5,150,50,rosenbrock,3,0.008720,0.344279,0.409677,2.678149,0.857615
3,2.907255,0.627664,exponential_5,150,50,rosenbrock,3,0.000284,0.918689,0.611000,3.098084,0.872270
3,2.907255,0.907884,exponential_5,150,50,rosenbrock,3,0.000105,1.608206,0.872336,2.633985,0.885260
3,1.038450,6.913484,exponential_5,150,50,rosenbrock,3,0.087406,0.528149,0.515046,2.401531,0.905855
3,1.275867,0.754882,exponential_5,150,50,rosenbrock,3,0.000103,0.597880,0.779068,2.102354,0.828445
3,1.275867,0.360805,exponential_5,150,50,rosenbrock,3,0.020554,2.835286,3.840035,40.440010,0.887585
3,1.275867,10.000000,exponential_5,150,50,rosenbrock,3,0.034141,1.035023,0.638485,2.086925,0.991965
3,1.275867,3.304387,exponential_5,150,50,rosenbrock,3,0.120355,0.695291,0.749176,2.457476,0.690865
3,2.907255,1.313208,exponential_5,150,50,rosenbrock,3,0.010672,0.777905,0.666684,1.810767,0.997540
3,1.275867,4.779626,exponential_5,150,50,rosenbrock,3,0.000030,0.244599,0.265882,2.372137,0.981455
3,1.275867,0.521886,exponential_5,150,50,rosenbrock,3,0.007020,2.003227,1.069643,3.439999,0.892020
3,1.567562,0.360805,exponential_5,150,50,rosenbrock,3,0.127990,1.781855,1.995113,3.662205,0.862160
3,1.275867,1.091897,exponential_5,150,50,rosenbrock,3,0.049830,1.081752,0.605793,3.538645,0.747525
3,1.275867,6.913484,exponential_5,150,50,rosenbrock,3,0.008621,0.298772,0.397105,1.591398,0.753070
3,2.907255,1.899487,exponential_5,150,50,rosenbrock,3,0.020380,1.165203,0.684258,2.733118,0.799920
3,1.567562,1.091897,exponential_5,150,50,rosenbrock,3,0.000221,0.238823,0.354367,1.379239,0.631790
3,1.275867,2.284483,exponential_5,150,50,rosenbrock,3,0.003201,0.416635,0.495813,0.994397,0.818620
3,1.275867,1.579374,exponential_5,150,50,rosenbrock,3,0.014753,1.489796,0.872251,3.319965,0.883865
3,1.567562,0.521886,exponential_5,150,50,rosenbrock,3,0.009058,0.873116,0.883322,3.455665,0.858440
3,1.567562,0.754882,exponential_5,150,50,rosenbrock,3,0.012759,0.830800,1.056290,2.806309,0.776190
3,1.567562,2.284483,exponential_5,150,50,rosenbrock,3,0.058771,0.544866,0.432984,3.035811,0.727605
3,1.925946,0.754882,exponential_5,150,50,rosenbrock,3,0.000685,0.646490,0.412659,2.166996,0.669565
3,1.567562,3.304387,exponential_5,150,50,rosenbrock,3,0.000052,0.252571,0.304190,2.759883,0.797535
3,1.567562,1.579374,exponential_5,150,50,rosenbrock,3,0.038371,0.879069,0.726020,2.303200,0.847740
3,1.567562,6.913484,exponential_5,150,50,rosenbrock,3,0.000011,0.503822,0.567640,2.330374,0.740120
3,2.907255,3.974133,exponential_5,150,50,rosenbrock,3,0.000089,0.426295,0.234769,2.426576,0.930735
3,2.907255,8.314736,exponential_5,150,50,rosenbrock,3,0.006729,0.492987,0.505214,1.904829,0.913645
3,2.907255,2.747511,exponential_5,150,50,rosenbrock,3,0.023161,0.710294,0.636525,2.906416,1.008085
3,1.925946,0.360805,exponential_5,150,50,rosenbrock,3,0.037336,1.381811,1.163198,2.663240,0.816330
3,2.907255,5.748380,exponential_5,150,50,rosenbrock,3,0.051279,0.560327,0.407866,2.007571,1.061920
3,3.571927,0.300000,exponential_5,150,50,rosenbrock,3,0.123528,1.590981,2.069223,2.828791,0.947155
3,1.925946,0.521886,exponential_5,150,50,rosenbrock,3,0.000068,1.650505,1.586877,2.821692,0.985140
3,1.925946,1.579374,exponential_5,150,50,rosenbrock,3,0.000113,0.507659,0.657931,1.992857,0.729785
3,1.567562,10.000000,exponential_5,150,50,rosenbrock,3,0.104761,1.331958,0.537647,2.845619,0.962380
3,1.925946,1.091897,exponential_5,150,50,rosenbrock,3,0.000009,0.918553,0.806738,2.421118,0.810530
3,1.567562,4.779626,exponential_5,150,50,rosenbrock,3,0.038045,0.296426,0.364863,0.449669,0.865435
3,1.925946,2.284483,exponential_5,150,50,rosenbrock,3,0.019681,0.453921,0.561529,1.589516,0.802905
3,3.571927,0.433935,exponential_5,150,50,rosenbrock,3,0.064281,1.620043,1.121566,3.955795,0.905930
3,1.925946,4.779626,exponential_5,150,50,rosenbrock,3,0.020843,0.600716,0.471283,2.638620,0.874100
3,1.925946,3.304387,exponential_5,150,50,rosenbrock,3,0.018402,1.314535,0.681627,3.326101,0.772410
3,3.571927,1.313208,exponential_5,150,50,rosenbrock,3,0.008151,0.299072,0.449382,2.338107,0.819800
3,3.571927,0.627664,exponential_5,150,50,rosenbrock,3,0.009404,0.847970,0.661936,1.688117,1.060480
3,1.925946,6.913484,exponential_5,150,50,rosenbrock,3,0.000703,0.298814,0.394406,2.174608,0.874395
3,2.366266,0.360805,exponential_5,150,50,rosenbrock,3,0.006226,1.655468,1.359357,4.236599,0.770295
3,3.571927,0.907884,exponential_5,150,50,rosenbrock,3,0.018204,0.786976,0.650480,2.943336,0.909675
3,2.366266,1.579374,exponential_5,150,50,rosenbrock,3,0.003466,0.589330,0.539259,3.025590,0.754945
3,1.925946,10.000000,exponential_5,150,50,rosenbrock,3,0.018980,0.452312,0.482182,1.513058,1.127145
3,3.571927,1.899487,exponential_5,150,50,rosenbrock,3,0.002615,0.557848,0.467365,1.936741,0.865495
3,2.366266,1.091897,exponential_5,150,50,rosenbrock,3,0.018220,0.833714,0.741601,2.199194,0.916120
3,2.366266,2.284483,exponential_5,150,50,rosenbrock,3,0.004753,0.352744,0.487509,2.699129,0.746525
3,2.366266,0.521886,exponential_5,150,50,rosenbrock,3,0.000000,0.724248,0.483557,2.445331,0.817650
3,2.366266,3.304387,exponential_5,150,50,rosenbrock,3,0.044965,0.437313,0.400974,3.252827,0.725740
3,3.571927,2.747511,exponential_5,150,50,rosenbrock,3,0.001154,0.673018,0.445054,2.720330,0.960405
3,10.000000,2.747511,exponential_5,150,50,rosenbrock,3,0.066869,0.580070,0.382993,2.703331,0.772645
3,2.366266,0.754882,exponential_5,150,50,rosenbrock,3,0.019222,0.651926,0.878020,2.168274,0.996830
3,2.366266,6.913484,exponential_5,150,50,rosenbrock,3,0.027224,1.083069,0.572611,4.035190,0.642485
3,4.388561,3.974133,exponential_5,150,50,rosenbrock,3,0.015081,0.579019,0.277738,4.447028,0.901315
3,4.388561,1.313208,exponential_5,150,50,rosenbrock,3,0.000113,0.606185,0.468498,2.749403,1.048210
3,4.388561,0.300000,exponential_5,150,50,rosenbrock,3,0.057417,1.268759,1.042971,2.709903,1.131135
3,2.366266,4.779626,exponential_5,150,50,rosenbrock,3,0.016931,0.351242,0.441003,1.556430,0.806340
3,2.907255,0.521886,exponential_5,150,50,rosenbrock,3,0.000622,0.875141,0.819301,3.151374,0.750555
3,4.388561,0.627664,exponential_5,150,50,rosenbrock,3,0.000168,0.352816,0.573798,2.142949,1.241010
3,4.388561,0.907884,exponential_5,150,50,rosenbrock,3,0.000337,1.307106,0.955929,3.125543,1.334340
3,4.388561,0.433935,exponential_5,150,50,rosenbrock,3,0.000264,1.723083,0.915072,3.657971,1.368075
3,3.571927,3.974133,exponential_5,150,50,rosenbrock,3,0.000192,0.324314,0.420044,1.516226,1.489275
3,3.571927,8.314736,exponential_5,150,50,rosenbrock,3,0.071026,0.944015,0.507986,3.786330,1.460545
3,5.391897,0.627664,exponential_5,150,50,rosenbrock,3,0.014279,0.388642,0.533036,2.370197,0.848515
3,4.388561,1.899487,exponential_5,150,50,rosenbrock,3,0.000078,0.386732,0.470170,1.652169,1.348520
3,3.571927,5.748380,exponential_5,150,50,rosenbrock,3,0.001746,0.769208,0.622785,1.938630,1.577635
3,5.391897,0.300000,exponential_5,150,50,rosenbrock,3,0.001981,0.934518,0.847317,2.922189,1.036770
3,2.366266,10.000000,exponential_5,150,50,rosenbrock,3,0.000324,2.692785,5.215082,2.986840,0.852770
3,5.391897,0.433935,exponential_5,150,50,rosenbrock,3,0.001250,1.317871,0.902155,2.988566,0.991720
3,4.388561,5.748380,exponential_5,150,50,rosenbrock,3,0.015838,0.809429,0.459802,3.164928,1.223210
3,2.907255,0.360805,exponential_5,150,50,rosenbrock,3,0.007118,1.720374,1.451700,3.125453,0.783630
3,5.391897,0.907884,exponential_5,150,50,rosenbrock,3,0.011070,0.437271,0.521923,0.760729,1.012790
3,4.388561,8.314736,exponential_5,150,50,rosenbrock,3,0.013484,0.234227,0.332812,1.653012,1.286120
3,5.391897,1.899487,exponential_5,150,50,rosenbrock,3,0.000569,0.858761,0.523424,3.579997,0.766050
3,5.391897,1.313208,exponential_5,150,50,rosenbrock,3,0.009561,0.455601,0.554978,0.414425,0.897205
3,5.391897,2.747511,exponential_5,150,50,rosenbrock,3,0.067082,0.337478,0.397963,2.808696,0.946815
3,2.907255,0.754882,exponential_5,150,50,rosenbrock,3,0.018671,0.622859,0.696253,1.509307,0.845365
3,5.391897,5.748380,exponential_5,150,50,rosenbrock,3,0.004771,0.311908,0.360954,2.250659,0.962310
3,5.391897,3.974133,exponential_5,150,50,rosenbrock,3,0.001338,0.280014,0.404865,1.535257,1.052230
3,2.907255,1.091897,exponential_5,150,50,rosenbrock,3,0.052849,1.698381,1.560349,2.788247,0.842520
3,5.391897,8.314736,exponential_5,150,50,rosenbrock,3,0.004419,0.571794,0.481442,2.070051,0.803390
3,6.624620,0.627664,exponential_5,150,50,rosenbrock,3,0.011701,0.533313,0.553061,2.156010,0.774755
3,6.624620,0.907884,exponential_5,150,50,rosenbrock,3,0.004055,0.301536,0.397799,1.630690,0.789020
3,6.624620,0.433935,exponential_5,150,50,rosenbrock,3,0.000005,0.378189,0.385483,1.989047,0.898310
3,6.624620,0.300000,exponential_5,150,50,rosenbrock,3,0.000626,0.593872,0.397006,1.675379,0.951730
3,6.624620,2.747511,exponential_5,150,50,rosenbrock,3,0.002662,0.607378,0.441565,3.028441,0.827360
3,2.907255,2.284483,exponential_5,150,50,rosenbrock,3,0.009846,0.612088,0.439910,2.360885,0.806475
3,2.907255,1.579374,exponential_5,150,50,rosenbrock,3,0.004701,0.706786,0.624275,3.307899,0.915735
3,6.624620,1.313208,exponential_5,150,50,rosenbrock,3,0.128523,0.948363,0.663942,2.537560,0.914535
3,6.624620,8.314736,exponential_5,150,50,rosenbrock,3,0.018605,0.570600,0.581018,1.668549,0.841225
3,6.624620,3.974133,exponential_5,150,50,rosenbrock,3,0.007190,0.342192,0.376838,3.379805,0.898935
3,6.624620,1.899487,exponential_5,150,50,rosenbrock,3,0.021463,1.792690,0.670889,3.758929,0.938760
3,8.139176,0.300000,exponential_5,150,50,rosenbrock,3,0.000652,0.377106,0.569693,2.183910,0.817240
3,6.624620,5.748380,exponential_5,150,50,rosenbrock,3,0.009060,0.518711,0.546631,3.709143,0.966770
3,8.139176,0.627664,exponential_5,150,50,rosenbrock,3,0.001427,0.366686,0.496527,1.515163,0.712560
3,8.139176,0.433935,exponential_5,150,50,rosenbrock,3,0.002618,1.415369,0.763965,3.159501,0.861255
3,8.139176,1.313208,exponential_5,150,50,rosenbrock,3,0.013347,1.928144,2.165901,3.458686,0.753160
3,8.139176,2.747511,exponential_5,150,50,rosenbrock,3,0.030632,0.303991,0.380395,2.364362,0.842345
3,8.139176,5.748380,exponential_5,150,50,rosenbrock,3,0.000017,1.175502,0.864707,2.988404,0.718885
3,8.139176,1.899487,exponential_5,150,50,rosenbrock,3,0.001179,0.625576,0.480711,2.261847,0.894925
3,2.907255,4.779626,exponential_5,150,50,rosenbrock,3,0.000340,0.369896,0.397985,1.827188,0.734945
3,8.139176,0.907884,exponential_5,150,50,rosenbrock,3,0.008558,1.038435,0.510225,3.951664,0.997045
3,2.907255,10.000000,exponential_5,150,50,rosenbrock,3,0.002050,1.056508,0.602709,2.655281,0.842200
3,2.907255,6.913484,exponential_5,150,50,rosenbrock,3,0.006634,0.812287,0.769436,3.117579,0.761655
3,6.624620,1.579374,exponential_5,150,50,rosenbrock,3,0.009500,0.360361,0.324214,1.481606,0.787185
3,10.000000,0.433935,exponential_5,150,50,rosenbrock,3,0.007260,0.384430,0.544423,1.509584,0.769035
3,3.571927,0.360805,exponential_5,150,50,rosenbrock,3,0.000002,0.661779,0.939165,1.627549,0.846950
3,10.000000,0.907884,exponential_5,150,50,rosenbrock,3,0.009627,0.672844,0.512252,1.902798,0.777980
3,2.907255,3.304387,exponential_5,150,50,rosenbrock,3,0.000047,0.780658,0.540569,2.453792,0.944560
3,10.000000,1.899487,exponential_5,150,50,rosenbrock,3,0.003749,0.310242,0.337084,2.922516,0.801850
3,8.139176,3.974133,exponential_5,150,50,rosenbrock,3,0.007606,1.433474,0.828517,3.125617,1.237785
3,10.000000,0.627664,exponential_5,150,50,rosenbrock,3,0.008498,0.383251,0.501404,3.027874,0.945675
3,10.000000,1.313208,exponential_5,150,50,rosenbrock,3,0.000797,1.431718,0.549588,3.312219,0.942045
3,3.571927,0.521886,exponential_5,150,50,rosenbrock,3,0.000000,0.403316,0.640870,1.555488,0.855915
3,8.139176,8.314736,exponential_5,150,50,rosenbrock,3,0.000180,0.750752,0.681681,1.951346,1.170615
3,4.388561,2.747511,exponential_5,150,50,rosenbrock,3,0.008476,0.698422,0.546964,2.183811,0.877220
3,3.571927,1.579374,exponential_5,150,50,rosenbrock,3,0.006528,0.578349,0.388572,2.507947,0.877660
3,10.000000,8.314736,exponential_5,150,50,rosenbrock,3,0.007249,2.681002,5.073912,3.422107,0.790390
3,10.000000,3.304387,exponential_5,150,50,rosenbrock,3,0.172420,1.931284,1.574471,2.989066,0.709785
3,3.571927,0.754882,exponential_5,150,50,rosenbrock,3,0.045650,0.364659,0.375359,2.411623,0.968175
3,10.000000,5.748380,exponential_5,150,50,rosenbrock,3,0.003254,1.402943,0.584734,2.699203,0.912710
3,3.571927,3.304387,exponential_5,150,50,rosenbrock,3,0.039077,0.446239,0.528916,1.528696,0.854565
3,3.571927,2.284483,exponential_5,150,50,rosenbrock,3,0.012489,0.281860,0.393722,1.105400,0.881955
3,10.000000,3.974133,exponential_5,150,50,rosenbrock,3,0.000391,0.375490,0.418293,3.088697,1.237485
3,4.388561,4.779626,exponential_5,150,50,rosenbrock,3,0.019908,0.244123,0.232360,1.450337,0.776060
3,3.571927,1.091897,exponential_5,150,50,rosenbrock,3,0.027801,0.474478,0.528843,2.519425,0.922845
3,4.388561,0.754882,exponential_5,150,50,rosenbrock,3,0.009521,0.739962,0.610826,2.197179,0.817585
3,4.388561,1.579374,exponential_5,150,50,rosenbrock,3,0.000165,1.461757,0.848380,3.173506,0.906650
3,4.388561,0.521886,exponential_5,150,50,rosenbrock,3,0.013903,0.882080,0.651102,2.864912,0.938180
3,3.571927,4.779626,exponential_5,150,50,rosenbrock,3,0.014546,0.522925,0.623670,1.427299,0.836660
3,4.388561,0.360805,exponential_5,150,50,rosenbrock,3,0.087329,0.800892,0.782793,2.627464,1.033075
3,5.391897,0.754882,exponential_5,150,50,rosenbrock,3,0.005734,1.219617,0.705915,3.447095,0.849105
3,3.571927,6.913484,exponential_5,150,50,rosenbrock,3,0.007046,0.762678,0.434403,2.304977,0.788365
3,4.388561,1.091897,exponential_5,150,50,rosenbrock,3,0.015821,0.393537,0.447692,1.727020,1.068365
3,4.388561,2.284483,exponential_5,150,50,rosenbrock,3,0.000808,0.743290,0.634090,2.500831,0.839425
3,5.391897,0.360805,exponential_5,150,50,rosenbrock,3,0.014922,0.881260,0.911101,2.752044,0.804845
3,3.571927,10.000000,exponential_5,150,50,rosenbrock,3,0.023532,0.558772,0.570388,1.985274,1.005355
3,5.391897,0.521886,exponential_5,150,50,rosenbrock,3,0.011169,0.777302,0.586292,3.067412,0.795220
3,4.388561,10.000000,exponential_5,150,50,rosenbrock,3,0.062250,1.757238,0.723311,3.289710,0.830115
3,5.391897,4.779626,exponential_5,150,50,rosenbrock,3,0.000427,0.983182,0.492794,2.312530,0.741610
3,4.388561,6.913484,exponential_5,150,50,rosenbrock,3,0.000769,0.965643,0.725358,2.072802,0.939100
3,5.391897,1.091897,exponential_5,150,50,rosenbrock,3,0.018324,0.828083,0.571818,1.989813,0.910245
3,5.391897,3.304387,exponential_5,150,50,rosenbrock,3,0.000028,0.211285,0.204608,2.606066,0.846220
3,5.391897,2.284483,exponential_5,150,50,rosenbrock,3,0.004106,0.619908,0.485823,2.541156,0.905600
3,6.624620,0.754882,exponential_5,150,50,rosenbrock,3,0.000001,0.293917,0.423296,1.721883,0.728155
3,5.391897,1.579374,exponential_5,150,50,rosenbrock,3,0.004075,0.271387,0.391315,1.289652,0.892170
3,6.624620,1.091897,exponential_5,150,50,rosenbrock,3,0.035936,0.312407,0.429624,1.286823,0.710250
3,5.391897,6.913484,exponential_5,150,50,rosenbrock,3,0.012500,1.350881,1.033395,2.613903,0.965630
3,6.624620,0.360805,exponential_5,150,50,rosenbrock,3,0.004731,0.633464,0.557131,2.154236,0.835245
3,6.624620,10.000000,exponential_5,150,50,rosenbrock,3,0.015419,0.971652,0.546828,3.157677,0.737310
3,6.624620,0.521886,exponential_5,150,50,rosenbrock,3,0.000713,0.848522,0.737303,1.633255,0.867245
3,5.391897,10.000000,exponential_5,150,50,rosenbrock,3,0.021208,0.379474,0.420277,2.898597,1.011690
3,10.000000,0.300000,exponential_5,150,50,rosenbrock,3,0.101494,0.965267,0.863743,2.600021,0.796195
3,6.624620,6.913484,exponential_5,150,50,rosenbrock,3,0.040543,0.407183,0.394533,1.957208,0.731290
3,6.624620,3.304387,exponential_5,150,50,rosenbrock,3,0.006040,0.378558,0.374804,1.875494,0.939910
3,6.624620,2.284483,exponential_5,150,50,rosenbrock,3,0.043263,0.843959,0.470828,3.146348,0.820320
3,6.624620,4.779626,exponential_5,150,50,rosenbrock,3,0.130008,1.212745,0.814247,3.724097,0.918220
3,8.139176,0.754882,exponential_5,150,50,rosenbrock,3,0.002477,0.720938,0.636524,1.564162,0.824355
3,8.139176,0.360805,exponential_5,150,50,rosenbrock,3,0.000268,0.621493,0.670095,1.997401,0.974170
3,8.139176,1.579374,exponential_5,150,50,rosenbrock,3,0.004672,0.316307,0.391996,1.489081,0.777100
3,8.139176,0.521886,exponential_5,150,50,rosenbrock,3,0.056003,1.490490,0.775515,2.356855,0.838745
3,8.139176,6.913484,exponential_5,150,50,rosenbrock,3,0.041169,1.487057,1.248833,2.376395,0.758340
3,8.139176,3.304387,exponential_5,150,50,rosenbrock,3,0.000529,1.308063,0.687346,2.942342,0.860130
3,10.000000,0.521886,exponential_5,150,50,rosenbrock,3,0.010865,1.420353,1.320457,3.806269,0.828120
3,10.000000,2.284483,exponential_5,150,50,rosenbrock,3,0.009296,0.867616,0.609377,3.207667,0.730150
3,10.000000,1.091897,exponential_5,150,50,rosenbrock,3,0.007813,0.480696,0.479450,3.036487,0.818980
3,8.139176,1.091897,exponential_5,150,50,rosenbrock,3,0.004467,1.387879,0.678293,4.446472,0.864500
3,8.139176,2.284483,exponential_5,150,50,rosenbrock,3,0.000006,0.536130,0.522734,2.881907,0.875645
3,8.139176,4.779626,exponential_5,150,50,rosenbrock,3,0.000094,0.314106,0.455816,0.605924,0.839440
3,10.000000,10.000000,exponential_5,150,50,rosenbrock,3,0.014827,0.583560,0.428951,3.086394,0.610200
3,10.000000,0.754882,exponential_5,150,50,rosenbrock,3,0.000511,0.477043,0.427163,2.160422,0.809055
3,10.000000,1.579374,exponential_5,150,50,rosenbrock,3,0.072442,0.978888,0.608435,3.716502,0.803680
3,4.388561,3.304387,exponential_5,150,50,rosenbrock,3,0.000063,0.544231,0.434023,2.802900,0.805385
3,8.139176,10.000000,exponential_5,150,50,rosenbrock,3,0.011715,0.831395,0.505327,3.767538,0.890755
3,10.000000,0.360805,exponential_5,150,50,rosenbrock,3,0.000105,0.645095,0.321480,2.814059,0.791900
3,10.000000,4.779626,exponential_5,150,50,rosenbrock,3,0.002796,0.410342,0.399287,2.017590,0.808620
3,10.000000,6.913484,exponential_5,150,50,rosenbrock,3,0.002781,0.205817,0.297467,1.814426,0.852530
3,0.245725,0.627664,linear,450,150,rosenbrock,6,203.254166,985.893799,1139.277710,1383.631226,20.905505
3,0.301904,1.313208,linear,450,150,rosenbrock,6,12.079376,162.699844,179.040649,233.328827,23.716635
3,0.301904,0.433935,linear,450,150,rosenbrock,6,838.242493,1780.179199,2094.217773,962.893860,24.027180
3,0.370927,0.300000,linear,450,150,rosenbrock,6,27.979607,1012.140991,1256.357666,1346.679932,24.517255
3,0.245725,1.091897,linear,450,150,rosenbrock,6,10.498376,401.651367,521.439392,529.853210,24.775995
3,0.245725,0.360805,linear,450,150,rosenbrock,6,336.571869,1546.285889,1964.264771,1610.490112,25.538700
3,0.200000,1.579374,linear,450,150,rosenbrock,6,9.691772,296.207092,337.470276,283.716187,25.751505
3,0.245725,5.748380,linear,450,150,rosenbrock,6,0.307818,3.659056,4.043242,29.080626,25.683625
3,0.245725,3.304387,linear,450,150,rosenbrock,6,0.726657,53.212784,56.072617,124.286804,25.886105
3,0.370927,0.907884,linear,450,150,rosenbrock,6,6.180627,207.471786,151.588486,356.916168,25.747040
3,0.370927,1.579374,linear,450,150,rosenbrock,6,0.355434,66.789604,76.225937,265.904938,25.785275
3,0.370927,4.779626,linear,450,150,rosenbrock,6,1.383364,3.106284,3.373134,30.085726,25.312160
3,0.301904,3.974133,linear,450,150,rosenbrock,6,0.349263,4.541610,5.033927,33.005581,26.771270
3,0.687934,4.779626,linear,450,150,rosenbrock,6,0.026539,1.142124,1.278942,1.496028,27.000455
3,0.301904,2.284483,linear,450,150,rosenbrock,6,4.867141,47.030048,54.123993,222.716156,27.020985
3,0.370927,8.314736,linear,450,150,rosenbrock,6,0.003187,1.067538,1.335510,1.262941,25.634465
3,0.301904,0.754882,linear,450,150,rosenbrock,6,134.658096,761.806335,861.437378,571.923828,28.275370
3,0.455730,0.360805,linear,450,150,rosenbrock,6,80.091324,568.878113,649.976929,743.278809,26.437435
3,0.455730,1.091897,linear,450,150,rosenbrock,6,5.338697,128.781296,143.429871,217.141647,25.816665
3,0.245725,10.000000,linear,450,150,rosenbrock,6,0.029419,1.896580,2.096131,1.304844,29.446975
3,0.200000,0.521886,linear,450,150,rosenbrock,6,58.169647,1187.837158,1515.218140,1649.741455,30.044705
3,0.200000,0.300000,linear,450,150,rosenbrock,6,535.605347,2528.962891,2600.330566,2208.060547,30.697845
3,0.245725,1.899487,linear,450,150,rosenbrock,6,4.492516,106.514778,110.610031,272.160156,30.697045
3,0.455730,3.304387,linear,450,150,rosenbrock,6,0.025918,3.621664,4.322991,44.715038,26.922085
3,0.200000,8.314736,linear,450,150,rosenbrock,6,0.840056,2.760120,3.259978,1.598240,31.721430
3,0.455730,5.748380,linear,450,150,rosenbrock,6,0.011247,1.486122,1.768359,1.780772,27.967430
3,0.200000,4.779626,linear,450,150,rosenbrock,6,0.250159,19.359358,5.103866,188.746994,32.514320
3,0.200000,2.747511,linear,450,150,rosenbrock,6,4.746222,80.660980,81.920555,254.522980,33.381420
3,0.370927,0.521886,linear,450,150,rosenbrock,6,14.388466,450.210632,535.704712,529.763428,33.709090
3,0.301904,6.913484,linear,450,150,rosenbrock,6,0.897186,2.531771,2.833061,1.817673,34.109490
3,0.370927,2.747511,linear,450,150,rosenbrock,6,0.514022,15.300070,4.888198,59.140083,34.883580
3,0.455730,0.627664,linear,450,150,rosenbrock,6,21.660473,211.449799,267.312103,335.396667,35.171295
3,0.559922,1.313208,linear,450,150,rosenbrock,6,0.061073,21.820263,8.720419,54.514278,30.911835
3,0.455730,1.899487,linear,450,150,rosenbrock,6,3.359687,59.412811,52.872551,159.894257,37.988820
3,0.455730,10.000000,linear,450,150,rosenbrock,6,0.016919,0.564547,0.759315,1.540062,37.035545
3,0.559922,0.433935,linear,450,150,rosenbrock,6,30.753077,634.072266,631.095703,809.850891,36.471045
3,0.559922,0.754882,linear,450,150,rosenbrock,6,2.371844,186.479813,245.220123,212.414429,40.395865
3,0.687934,0.300000,linear,450,150,rosenbrock,6,4.801372,391.866089,400.290222,866.046204,38.938920
3,0.845213,3.304387,linear,450,150,rosenbrock,6,0.009006,1.326322,1.730431,1.205259,31.166700
3,0.559922,3.974133,linear,450,150,rosenbrock,6,0.066737,2.060753,2.824218,1.701593,42.880965
3,0.559922,2.284483,linear,450,150,rosenbrock,6,0.062917,3.517558,4.259710,26.170088,46.968985
3,0.687934,2.747511,linear,450,150,rosenbrock,6,0.182925,2.670861,3.076640,20.291851,41.172030
3,0.559922,6.913484,linear,450,150,rosenbrock,6,0.000786,0.738714,1.033087,0.903096,46.185575
3,1.038450,0.754882,linear,450,150,rosenbrock,6,0.307079,28.516344,9.422526,159.859421,32.381575
3,1.275867,0.521886,linear,450,150,rosenbrock,6,1.512595,34.595547,28.493164,98.693970,36.297385
3,1.275867,8.314736,linear,450,150,rosenbrock,6,0.001270,1.682963,1.620361,1.878053,36.003245
3,0.687934,0.521886,linear,450,150,rosenbrock,6,13.395814,274.492493,305.858704,284.622406,51.444915
3,1.038450,3.974133,linear,450,150,rosenbrock,6,0.009170,0.817919,0.922112,2.208045,37.319100
3,0.687934,0.907884,linear,450,150,rosenbrock,6,0.235158,60.312134,63.061127,172.848312,50.892305
3,1.925946,0.433935,linear,450,150,rosenbrock,6,1.336663,7.988750,7.048214,248.540863,34.737600
3,1.567562,0.360805,linear,450,150,rosenbrock,6,0.382057,61.935467,83.513504,105.489037,37.318280
3,1.275867,4.779626,linear,450,150,rosenbrock,6,0.001776,0.674670,0.816931,1.680585,37.513590
3,1.567562,5.748380,linear,450,150,rosenbrock,6,0.017226,0.543030,0.723905,1.221361,36.894470
3,1.275867,0.300000,linear,450,150,rosenbrock,6,9.416592,207.185577,236.854355,355.119781,38.548930
3,1.275867,2.747511,linear,450,150,rosenbrock,6,0.010380,0.815730,1.209367,1.536113,37.991090
3,1.567562,1.091897,linear,450,150,rosenbrock,6,0.004329,2.671753,3.360849,23.269012,37.740420
3,1.275867,0.907884,linear,450,150,rosenbrock,6,0.913779,3.859998,4.824906,55.980560,38.782450
3,1.567562,1.899487,linear,450,150,rosenbrock,6,0.468066,1.509987,1.846755,34.905254,37.794215
3,1.275867,1.579374,linear,450,150,rosenbrock,6,0.349333,2.210037,2.599171,2.151292,38.801350
3,1.925946,0.754882,linear,450,150,rosenbrock,6,0.001962,2.455900,3.370165,70.701050,36.129890
3,1.567562,0.627664,linear,450,150,rosenbrock,6,0.147239,4.614712,5.282782,138.987289,39.079140
3,1.567562,3.304387,linear,450,150,rosenbrock,6,0.033499,0.595124,0.764404,1.542880,38.353740
3,0.687934,1.579374,linear,450,150,rosenbrock,6,2.757574,6.691347,5.379835,60.996780,53.069690
3,1.038450,6.913484,linear,450,150,rosenbrock,6,0.009811,1.377544,1.000318,1.710019,40.725475
3,0.200000,0.907884,linear,450,150,rosenbrock,6,350.366180,949.445801,999.532471,936.882935,52.384040
3,0.845213,0.360805,linear,450,150,rosenbrock,6,20.744514,425.695496,518.293091,397.220490,50.786740
3,1.925946,1.313208,linear,450,150,rosenbrock,6,0.071961,1.433037,2.028965,1.534143,37.706615
3,0.845213,0.627664,linear,450,150,rosenbrock,6,7.618964,126.140022,154.481644,158.941055,50.531540
3,0.687934,8.314736,linear,450,150,rosenbrock,6,0.078035,0.630866,0.784149,1.591190,52.860195
3,1.925946,3.974133,linear,450,150,rosenbrock,6,0.029181,0.588287,0.812330,1.309086,39.704115
3,0.845213,1.091897,linear,450,150,rosenbrock,6,0.533554,32.638683,8.127292,131.109070,52.816360
3,0.301904,0.521886,linear,450,150,rosenbrock,6,293.644806,897.966919,1075.993774,807.512085,37.205035
3,1.925946,6.913484,linear,450,150,rosenbrock,6,0.126488,2.198606,1.735564,2.301628,39.127980
3,0.370927,0.360805,linear,450,150,rosenbrock,6,459.103546,1141.398193,1290.111816,1092.593140,36.301200
3,0.301904,1.579374,linear,450,150,rosenbrock,6,9.294920,104.589409,116.688446,164.999939,37.985880
3,0.845213,5.748380,linear,450,150,rosenbrock,6,0.000982,0.541607,0.818512,1.355327,51.751880
3,0.845213,1.899487,linear,450,150,rosenbrock,6,0.070508,1.651607,2.311923,47.231888,53.101220
3,0.245725,0.754882,linear,450,150,rosenbrock,6,107.325066,639.178528,660.738403,1309.439575,38.840045
3,1.038450,0.433935,linear,450,150,rosenbrock,6,6.366909,207.756134,256.249390,338.173706,51.082170
3,2.366266,0.300000,linear,450,150,rosenbrock,6,1.816668,33.300156,43.779907,179.986542,40.520355
3,0.845213,10.000000,linear,450,150,rosenbrock,6,0.004710,0.781799,1.058868,1.410871,52.496300
3,1.038450,2.284483,linear,450,150,rosenbrock,6,0.033831,1.976588,2.553431,1.965410,51.692150
3,1.038450,1.313208,linear,450,150,rosenbrock,6,0.041812,7.684702,4.214940,67.421509,52.625630
3,0.245725,0.433935,linear,450,150,rosenbrock,6,53.538273,1464.678345,1963.342041,1165.999146,38.679420
3,0.200000,1.899487,linear,450,150,rosenbrock,6,1.953328,152.822021,194.460236,140.005127,37.822910
3,0.370927,5.748380,linear,450,150,rosenbrock,6,0.045193,2.460259,2.713625,27.344467,35.325500
3,1.567562,10.000000,linear,450,150,rosenbrock,6,1.200256,2.396872,1.935676,24.686283,49.822280
3,0.370927,1.091897,linear,450,150,rosenbrock,6,1.603767,178.200470,179.424561,260.463104,35.504115
3,0.245725,1.313208,linear,450,150,rosenbrock,6,7.796752,304.137268,369.856995,511.466461,42.032400
3,0.370927,1.899487,linear,450,150,rosenbrock,6,1.425318,42.220596,45.644154,181.887207,36.567565
3,1.925946,2.284483,linear,450,150,rosenbrock,6,0.031603,0.360219,0.337689,0.851957,49.095965
3,0.301904,4.779626,linear,450,150,rosenbrock,6,1.978007,3.859438,4.207026,3.996787,37.263330
3,0.245725,3.974133,linear,450,150,rosenbrock,6,0.094724,3.806565,4.364981,73.769958,40.057465
3,0.455730,0.433935,linear,450,150,rosenbrock,6,239.370667,865.131897,1015.008240,975.569946,31.703385
3,0.455730,1.313208,linear,450,150,rosenbrock,6,0.767709,53.025497,45.013004,105.410210,31.699125
3,0.370927,10.000000,linear,450,150,rosenbrock,6,0.000302,0.875739,1.061228,1.722375,37.821510
3,0.245725,6.913484,linear,450,150,rosenbrock,6,0.008939,3.384605,4.024283,33.544212,45.604360
3,0.687934,5.748380,linear,450,150,rosenbrock,6,0.025867,0.676927,0.891723,1.087811,41.850425
3,0.455730,3.974133,linear,450,150,rosenbrock,6,0.390832,3.044867,3.763996,26.454832,32.188655
3,0.301904,2.747511,linear,450,150,rosenbrock,6,0.793386,14.513451,10.689079,55.157337,41.638170
3,0.301904,0.907884,linear,450,150,rosenbrock,6,13.097663,380.895172,425.101929,661.444275,38.997505
3,0.200000,0.360805,linear,450,150,rosenbrock,6,610.504272,2170.053467,2464.300293,2075.340332,34.718620
3,0.245725,2.284483,linear,450,150,rosenbrock,6,6.663344,72.456001,82.154556,250.942719,35.244165
3,0.455730,6.913484,linear,450,150,rosenbrock,6,0.141084,0.956050,1.367326,0.990672,35.073795
3,0.200000,0.627664,linear,450,150,rosenbrock,6,81.888474,1803.643677,2267.884766,1050.381226,38.305350
3,0.301904,0.300000,linear,450,150,rosenbrock,6,49.060314,1412.479980,1665.924927,3213.464111,40.895425
3,0.200000,5.748380,linear,450,150,rosenbrock,6,0.026998,2.709591,3.405179,16.829258,36.779495
3,0.559922,1.579374,linear,450,150,rosenbrock,6,0.635663,11.680487,5.162353,47.729992,29.932605
3,0.200000,10.000000,linear,450,150,rosenbrock,6,0.605362,2.265103,2.853539,53.782654,45.016635
3,0.559922,2.747511,linear,450,150,rosenbrock,6,0.447496,3.891026,4.268177,33.478127,30.806215
3,0.200000,3.304387,linear,450,150,rosenbrock,6,3.610353,65.133270,94.264999,238.960587,44.683865
3,0.845213,3.974133,linear,450,150,rosenbrock,6,0.477997,1.178320,1.356124,1.317690,33.394205
3,1.038450,0.907884,linear,450,150,rosenbrock,6,0.049276,3.743138,5.001308,35.264027,30.793760
3,1.925946,0.521886,linear,450,150,rosenbrock,6,1.533561,18.680477,7.468359,49.031326,27.808685
3,1.275867,10.000000,linear,450,150,rosenbrock,6,0.082769,1.699929,1.624569,1.713942,31.176225
3,0.370927,0.627664,linear,450,150,rosenbrock,6,48.966610,635.316101,756.304932,598.921936,45.142210
3,0.559922,0.907884,linear,450,150,rosenbrock,6,2.823048,110.741821,88.594940,277.664520,36.936980
3,0.559922,8.314736,linear,450,150,rosenbrock,6,0.001758,0.640792,0.756570,0.574742,34.618005
3,0.687934,0.627664,linear,450,150,rosenbrock,6,11.601889,171.271271,226.353088,259.094482,33.915165
3,1.567562,6.913484,linear,450,150,rosenbrock,6,0.016770,1.412779,1.326625,1.940374,30.997855
3,1.275867,0.360805,linear,450,150,rosenbrock,6,7.699468,115.063797,125.555557,259.362549,31.316355
3,1.567562,1.313208,linear,450,150,rosenbrock,6,0.004134,1.746909,2.504818,22.148678,31.083320
3,1.567562,0.433935,linear,450,150,rosenbrock,6,2.156526,34.267773,27.215763,63.264641,33.288795
3,1.275867,5.748380,linear,450,150,rosenbrock,6,0.006730,1.583728,1.187678,1.882494,33.230150
3,1.275867,3.304387,linear,450,150,rosenbrock,6,0.000273,0.509112,0.664665,0.906180,32.112640
3,0.687934,1.091897,linear,450,150,rosenbrock,6,1.227275,36.467186,25.779484,106.890892,34.521730
3,0.370927,3.304387,linear,450,150,rosenbrock,6,0.303534,4.513170,5.293753,69.291016,48.263025
3,1.925946,0.907884,linear,450,150,rosenbrock,6,0.007841,2.705909,3.162099,27.666788,31.558515
3,0.301904,8.314736,linear,450,150,rosenbrock,6,0.548557,2.338304,2.255044,1.828450,50.735610
3,1.567562,2.284483,linear,450,150,rosenbrock,6,0.210873,1.125457,1.233517,1.643458,33.219985
3,0.455730,0.754882,linear,450,150,rosenbrock,6,10.233509,409.093262,488.803467,591.747192,49.502975
3,0.455730,2.284483,linear,450,150,rosenbrock,6,0.668821,8.887196,4.794968,170.459869,48.228300
3,0.559922,0.300000,linear,450,150,rosenbrock,6,70.493835,814.908813,1006.502563,737.291809,48.089165
3,1.567562,3.974133,linear,450,150,rosenbrock,6,0.018431,1.143194,0.958694,1.731520,33.811355
3,1.567562,0.754882,linear,450,150,rosenbrock,6,0.549371,3.524755,4.146286,65.699562,34.411045
3,0.687934,0.360805,linear,450,150,rosenbrock,6,104.951927,497.049805,653.627808,381.880371,47.306010
3,1.275867,0.627664,linear,450,150,rosenbrock,6,4.145100,7.681744,5.557485,52.165703,45.642190
3,1.925946,4.779626,linear,450,150,rosenbrock,6,0.133435,1.399081,1.304128,1.773118,30.930995
3,1.925946,1.579374,linear,450,150,rosenbrock,6,0.280297,1.985261,1.894332,1.626719,33.363170
3,0.559922,0.521886,linear,450,150,rosenbrock,6,89.747124,499.896423,621.530701,507.966827,51.612025
3,0.559922,4.779626,linear,450,150,rosenbrock,6,0.615850,1.616572,2.004283,1.121627,50.363055
3,0.687934,3.304387,linear,450,150,rosenbrock,6,1.294794,2.507641,2.582407,24.670372,49.706875
3,0.370927,0.433935,linear,450,150,rosenbrock,6,164.275009,739.349365,853.569580,982.107910,30.036840
3,1.038450,4.779626,linear,450,150,rosenbrock,6,0.030219,0.628994,0.755780,2.009835,47.507155
3,0.301904,0.627664,linear,450,150,rosenbrock,6,160.075531,967.678833,1212.636108,695.574036,32.781120
3,0.301904,1.899487,linear,450,150,rosenbrock,6,0.356451,64.540665,82.198395,184.340714,31.857250
3,1.275867,1.091897,linear,450,150,rosenbrock,6,0.263406,3.499326,4.363337,41.289360,45.894510
3,0.687934,1.899487,linear,450,150,rosenbrock,6,0.012098,3.444331,4.047569,59.242737,43.298240
3,0.245725,0.907884,linear,450,150,rosenbrock,6,25.451830,370.698517,432.589417,415.606873,30.922350
3,1.925946,8.314736,linear,450,150,rosenbrock,6,0.034436,2.742928,3.698774,2.160273,36.140930
3,1.275867,1.899487,linear,450,150,rosenbrock,6,0.031453,2.098990,2.339787,1.645893,46.581365
3,0.845213,0.433935,linear,450,150,rosenbrock,6,19.024830,215.713409,188.526062,312.283936,42.594670
3,1.038450,8.314736,linear,450,150,rosenbrock,6,0.001217,0.702859,0.807722,1.703830,44.973800
3,0.200000,1.091897,linear,450,150,rosenbrock,6,181.853699,470.689911,531.199219,1003.880371,44.297975
3,0.687934,10.000000,linear,450,150,rosenbrock,6,0.005426,0.554787,0.699334,0.923423,43.336175
3,0.845213,0.754882,linear,450,150,rosenbrock,6,1.364144,55.809082,65.297394,80.956573,44.417350
3,0.845213,1.313208,linear,450,150,rosenbrock,6,0.251023,3.335211,4.083713,26.716080,42.497330
3,0.370927,2.284483,linear,450,150,rosenbrock,6,0.478559,39.812626,24.077290,148.701538,30.011205
3,2.366266,0.360805,linear,450,150,rosenbrock,6,0.999474,15.581772,7.119115,173.887131,39.778685
3,0.370927,1.313208,linear,450,150,rosenbrock,6,4.138264,130.145645,177.228455,277.272552,31.719625
3,0.370927,6.913484,linear,450,150,rosenbrock,6,0.017364,2.140410,2.404898,1.898329,33.896115
3,0.245725,0.521886,linear,450,150,rosenbrock,6,166.023758,1469.232910,1564.753418,1482.055298,36.923385
3,1.038450,0.521886,linear,450,150,rosenbrock,6,2.595608,79.470901,122.658142,144.276123,43.729815
3,0.200000,2.284483,linear,450,150,rosenbrock,6,2.607453,188.654282,242.519226,327.466949,37.616605
3,0.301904,5.748380,linear,450,150,rosenbrock,6,0.306836,2.973460,3.394421,19.408590,32.563520
3,0.455730,0.521886,linear,450,150,rosenbrock,6,69.967346,517.361755,551.867310,674.209900,31.418640
3,0.845213,6.913484,linear,450,150,rosenbrock,6,0.046701,1.012967,0.876911,1.537277,48.752545
3,0.455730,1.579374,linear,450,150,rosenbrock,6,4.819513,26.995798,16.090683,140.559311,31.744635
3,0.845213,2.284483,linear,450,150,rosenbrock,6,0.000705,2.712125,3.649245,31.279716,48.554115
3,0.200000,0.433935,linear,450,150,rosenbrock,6,128.226837,1559.020508,1950.420898,2050.932617,29.020630
3,0.455730,0.300000,linear,450,150,rosenbrock,6,181.799103,1148.581421,1352.376831,905.661560,33.384160
3,0.455730,4.779626,linear,450,150,rosenbrock,6,0.006099,1.930641,2.456719,1.926376,32.039010
3,0.245725,1.579374,linear,450,150,rosenbrock,6,64.402313,168.232147,156.544510,219.724808,38.128845
3,1.038450,0.300000,linear,450,150,rosenbrock,6,73.816284,425.531464,433.914764,747.021729,47.796185
3,1.038450,1.579374,linear,450,150,rosenbrock,6,0.185486,3.064577,3.567601,20.181698,46.288870
3,1.038450,2.747511,linear,450,150,rosenbrock,6,0.008453,1.466516,1.699620,1.500855,48.602085
3,0.455730,8.314736,linear,450,150,rosenbrock,6,0.008092,0.574329,0.619750,2.047051,33.549235
3,0.245725,2.747511,linear,450,150,rosenbrock,6,0.469040,41.541897,24.731407,103.501442,33.836955
3,0.245725,4.779626,linear,450,150,rosenbrock,6,0.006992,5.915424,5.844048,60.893951,39.782755
3,1.925946,0.300000,linear,450,150,rosenbrock,6,1.459310,85.430809,113.864059,236.199966,45.785850
3,1.925946,2.747511,linear,450,150,rosenbrock,6,0.000447,0.605433,0.715045,1.311733,45.780510
3,0.559922,1.899487,linear,450,150,rosenbrock,6,1.428219,5.514420,5.542386,43.096275,35.226980
3,0.245725,0.300000,linear,450,150,rosenbrock,6,512.303955,3518.669434,4819.938477,2352.539307,34.660640
3,0.245725,8.314736,linear,450,150,rosenbrock,6,0.479555,3.067774,3.319188,38.615688,43.757860
3,1.567562,0.300000,linear,450,150,rosenbrock,6,4.017080,159.136505,165.853302,233.671265,32.080685
3,1.038450,1.091897,linear,450,150,rosenbrock,6,0.035213,2.898391,4.112911,29.573847,33.044400
3,0.301904,3.304387,linear,450,150,rosenbrock,6,0.002313,3.967831,4.972528,45.640785,42.102705
3,0.301904,0.360805,linear,450,150,rosenbrock,6,128.828842,1072.137939,1486.043457,1564.536377,39.130315
3,0.845213,4.779626,linear,450,150,rosenbrock,6,0.019150,0.723054,0.865020,1.119270,34.584490
3,1.925946,0.627664,linear,450,150,rosenbrock,6,0.003215,3.545698,4.651349,32.433327,34.765015
3,0.301904,1.091897,linear,450,150,rosenbrock,6,10.961541,228.925705,251.695892,229.003647,44.339240
3,0.200000,0.754882,linear,450,150,rosenbrock,6,60.779045,1005.629883,1094.006470,1565.073364,41.966920
3,0.200000,3.974133,linear,450,150,rosenbrock,6,0.019093,47.924221,64.719841,81.180267,37.202415
3,0.687934,6.913484,linear,450,150,rosenbrock,6,0.000062,0.804532,0.884913,1.712574,47.215555
3,0.200000,6.913484,linear,450,150,rosenbrock,6,0.028026,3.376972,4.141351,58.646038,42.608890
3,1.275867,0.433935,linear,450,150,rosenbrock,6,2.009413,99.379921,113.561516,127.257088,32.517700
3,1.567562,8.314736,linear,450,150,rosenbrock,6,0.102401,2.653591,3.399011,2.081247,33.443290
3,1.567562,0.521886,linear,450,150,rosenbrock,6,0.587021,38.005768,5.707656,114.725464,32.164255
3,0.559922,3.304387,linear,450,150,rosenbrock,6,0.210549,2.753067,3.846553,2.639394,41.536305
3,0.559922,1.091897,linear,450,150,rosenbrock,6,2.362198,144.203217,156.167206,204.504074,37.598405
3,1.925946,1.091897,linear,450,150,rosenbrock,6,0.101135,3.504406,4.441472,28.283842,29.650580
3,1.275867,6.913484,linear,450,150,rosenbrock,6,0.000280,0.696774,1.061622,1.165736,33.119655
3,0.559922,10.000000,linear,450,150,rosenbrock,6,0.009165,0.471190,0.668535,1.317170,38.447830
3,1.567562,1.579374,linear,450,150,rosenbrock,6,0.120225,1.924360,2.204232,2.611326,35.449470
3,0.370927,0.754882,linear,450,150,rosenbrock,6,21.115629,174.069031,179.066620,413.604614,40.591860
3,1.275867,3.974133,linear,450,150,rosenbrock,6,0.022085,0.561368,0.721329,0.879562,34.578870
3,0.687934,0.754882,linear,450,150,rosenbrock,6,6.793269,80.259560,93.828217,222.145004,39.579620
3,0.687934,1.313208,linear,450,150,rosenbrock,6,1.417512,18.451410,7.022046,68.113556,34.987830
3,1.567562,2.747511,linear,450,150,rosenbrock,6,0.000009,0.569414,0.782528,1.242551,31.722920
3,1.567562,0.907884,linear,450,150,rosenbrock,6,0.065641,3.107517,3.927509,33.436623,28.631115
3,1.567562,4.779626,linear,450,150,rosenbrock,6,0.227094,1.223962,1.228841,1.438840,30.299415
3,1.925946,5.748380,linear,450,150,rosenbrock,6,0.000018,1.629668,1.400872,2.064294,29.038750
3,1.925946,1.899487,linear,450,150,rosenbrock,6,0.067535,1.070674,1.205521,1.639760,29.964045
3,0.301904,10.000000,linear,450,150,rosenbrock,6,0.016899,1.994909,2.088853,1.619129,42.373160
3,2.366266,0.521886,linear,450,150,rosenbrock,6,0.134116,3.664084,4.369917,33.071743,28.833840
3,0.370927,3.974133,linear,450,150,rosenbrock,6,0.264012,3.151075,4.078810,21.285706,45.133035
3,0.455730,0.907884,linear,450,150,rosenbrock,6,9.618413,173.888458,218.741577,323.020569,42.113475
3,2.366266,0.907884,linear,450,150,rosenbrock,6,0.051996,2.510988,2.913636,41.730629,29.222030
3,2.366266,1.579374,linear,450,150,rosenbrock,6,0.142655,1.227726,1.165380,2.236353,30.063755
3,0.559922,0.360805,linear,450,150,rosenbrock,6,115.038582,545.475464,610.998718,562.715942,43.515650
3,1.925946,10.000000,linear,450,150,rosenbrock,6,0.222594,4.274897,5.419424,544.376465,27.829140
3,2.366266,2.747511,linear,450,150,rosenbrock,6,0.071180,0.677093,0.881590,2.014166,28.982695
3,0.687934,2.284483,linear,450,150,rosenbrock,6,0.359828,3.554820,3.913438,45.384079,31.396015
3,0.455730,2.747511,linear,450,150,rosenbrock,6,0.299504,3.141058,4.363167,33.316410,47.323555
3,0.687934,0.433935,linear,450,150,rosenbrock,6,60.289444,303.249146,257.291626,690.654907,44.745235
3,1.275867,0.754882,linear,450,150,rosenbrock,6,1.882934,15.144335,6.351089,179.842667,44.819355
3,0.845213,0.521886,linear,450,150,rosenbrock,6,1.839528,146.667160,215.790894,286.284668,31.922520
3,2.366266,8.314736,linear,450,150,rosenbrock,6,0.201029,1.887409,2.000491,544.814758,27.430010
3,2.366266,4.779626,linear,450,150,rosenbrock,6,0.001196,2.131484,1.825134,539.414551,30.269420
3,0.559922,0.627664,linear,450,150,rosenbrock,6,4.954512,276.900818,354.141144,404.121124,46.582750
3,2.907255,0.360805,linear,450,150,rosenbrock,6,0.029787,12.504007,5.383449,60.085320,30.158545
3,0.200000,1.313208,linear,450,150,rosenbrock,6,20.804428,372.231720,401.662231,612.638733,34.526620
3,2.907255,5.748380,linear,450,150,rosenbrock,6,0.000324,2.235748,1.978513,544.745911,27.845325
3,0.687934,3.974133,linear,450,150,rosenbrock,6,0.013018,1.999026,2.144045,2.160762,46.702890
3,0.559922,5.748380,linear,450,150,rosenbrock,6,0.000193,1.373765,1.413700,2.522799,48.128420
3,1.038450,5.748380,linear,450,150,rosenbrock,6,0.073162,1.303599,0.963843,1.974805,46.719690
3,1.275867,1.313208,linear,450,150,rosenbrock,6,0.479350,3.112256,3.579860,20.624949,44.454840
3,2.907255,1.899487,linear,450,150,rosenbrock,6,0.008350,0.734217,0.895528,1.260447,32.030045
3,2.907255,3.304387,linear,450,150,rosenbrock,6,0.018212,1.056142,1.254128,1.459694,31.647265
3,3.571927,0.754882,linear,450,150,rosenbrock,6,0.145077,1.619799,2.078907,1.390431,30.732475
3,0.845213,0.907884,linear,450,150,rosenbrock,6,2.357128,38.770912,33.083626,73.190392,37.960460
3,2.907255,10.000000,linear,450,150,rosenbrock,6,0.061983,1.626225,2.164645,750.099182,31.685320
3,3.571927,0.433935,linear,450,150,rosenbrock,6,0.015250,3.055601,4.007483,2.145632,32.199540
3,0.845213,0.300000,linear,450,150,rosenbrock,6,8.702969,511.201538,538.690308,702.829651,41.505835
3,0.845213,1.579374,linear,450,150,rosenbrock,6,0.290449,3.603037,4.041349,65.187271,40.204455
3,1.038450,0.627664,linear,450,150,rosenbrock,6,6.208704,69.143227,54.384060,228.067657,38.719915
3,1.038450,10.000000,linear,450,150,rosenbrock,6,0.000189,2.207055,1.641990,1.915733,45.175285
3,3.571927,2.284483,linear,450,150,rosenbrock,6,0.015492,1.444934,1.172687,1.891747,32.679030
3,2.366266,0.433935,linear,450,150,rosenbrock,6,0.597922,3.299716,4.187373,193.670761,42.053780
3,3.571927,3.974133,linear,450,150,rosenbrock,6,0.172197,2.087129,1.932875,2.088689,32.585570
3,1.275867,2.284483,linear,450,150,rosenbrock,6,0.041228,1.295818,1.839967,1.510542,48.645540
3,4.388561,0.300000,linear,450,150,rosenbrock,6,0.017918,2.269657,2.980625,29.504360,30.064600
3,2.907255,0.627664,linear,450,150,rosenbrock,6,0.009168,1.835680,2.694525,1.432040,44.860050
3,0.845213,8.314736,linear,450,150,rosenbrock,6,0.027419,0.704396,0.927639,0.757617,41.909785
3,4.388561,1.579374,linear,450,150,rosenbrock,6,0.048241,0.994148,0.867623,1.594157,31.671905
3,2.907255,1.091897,linear,450,150,rosenbrock,6,0.010006,1.164463,1.327039,0.751606,44.778460
3,4.388561,2.747511,linear,450,150,rosenbrock,6,0.149710,1.288852,1.452405,1.679611,33.220750
3,0.845213,2.747511,linear,450,150,rosenbrock,6,0.023277,1.711494,2.227001,1.917089,43.614730
3,5.391897,0.627664,linear,450,150,rosenbrock,6,0.063847,1.300745,1.330115,2.090468,30.672425
3,5.391897,0.360805,linear,450,150,rosenbrock,6,0.065389,2.660552,2.981386,28.222376,32.262485
3,3.571927,1.313208,linear,450,150,rosenbrock,6,0.006113,0.590014,0.801197,1.406319,46.085505
3,1.038450,0.360805,linear,450,150,rosenbrock,6,37.871094,272.136597,348.305450,497.462860,46.446570
3,4.388561,0.521886,linear,450,150,rosenbrock,6,0.000608,1.211097,1.822961,1.332941,40.756205
3,1.038450,3.304387,linear,450,150,rosenbrock,6,0.125433,1.369989,1.308470,2.360180,46.246325
3,1.038450,1.899487,linear,450,150,rosenbrock,6,0.007312,1.924422,2.802298,32.953350,47.392920
3,3.571927,6.913484,linear,450,150,rosenbrock,6,0.089546,3.695424,5.419226,544.435181,44.964900
3,6.624620,0.433935,linear,450,150,rosenbrock,6,0.123426,1.495952,1.710046,2.006249,33.722470
3,6.624620,1.313208,linear,450,150,rosenbrock,6,0.006773,1.237434,1.335408,1.635151,34.017475
3,4.388561,4.779626,linear,450,150,rosenbrock,6,0.008466,3.094255,4.268196,597.508362,40.831355
3,6.624620,0.754882,linear,450,150,rosenbrock,6,0.018724,0.642765,0.750183,1.219736,35.095680
3,1.925946,0.360805,linear,450,150,rosenbrock,6,2.341620,62.406944,72.084991,129.144897,47.547355
3,4.388561,8.314736,linear,450,150,rosenbrock,6,0.000043,3.641527,5.419439,620.736206,41.902095
3,8.139176,0.300000,linear,450,150,rosenbrock,6,0.028619,1.954988,2.214127,1.592192,35.113240
3,1.925946,3.304387,linear,450,150,rosenbrock,6,0.006442,0.535823,0.747250,0.761483,48.484600
3,4.388561,0.907884,linear,450,150,rosenbrock,6,0.107436,0.787250,1.005206,2.108987,46.421495
3,6.624620,6.913484,linear,450,150,rosenbrock,6,0.162230,94.631821,5.422097,987.895203,36.118765
3,8.139176,0.907884,linear,450,150,rosenbrock,6,0.061862,0.567617,0.664321,1.101581,35.741665
3,8.139176,2.747511,linear,450,150,rosenbrock,6,1.096992,3.421197,4.598080,748.860107,34.331435
3,5.391897,3.304387,linear,450,150,rosenbrock,6,0.069374,2.575748,2.596392,2.370764,42.044495
3,10.000000,0.360805,linear,450,150,rosenbrock,6,0.045340,1.032478,1.187459,0.485438,34.978400
3,10.000000,1.899487,linear,450,150,rosenbrock,6,0.049700,3.052774,4.702260,749.674988,33.062890
3,10.000000,0.627664,linear,450,150,rosenbrock,6,0.026333,0.652375,0.896948,1.128652,34.870480
3,5.391897,5.748380,linear,450,150,rosenbrock,6,0.270663,2.933093,2.918905,215.836502,46.601565
3,8.139176,1.579374,linear,450,150,rosenbrock,6,0.298050,3.741118,5.036817,1.804732,40.444320
3,10.000000,1.091897,linear,450,150,rosenbrock,6,0.093422,1.853889,1.401524,1.937479,36.267245
3,2.366266,0.627664,linear,450,150,rosenbrock,6,0.004878,2.965285,3.806912,76.421913,33.191095
3,5.391897,1.899487,linear,450,150,rosenbrock,6,0.079774,1.527833,1.439324,1.657889,49.784950
3,10.000000,3.304387,linear,450,150,rosenbrock,6,1.151473,3.884871,5.419430,749.377869,34.272250
3,5.391897,1.091897,linear,450,150,rosenbrock,6,0.285054,1.389104,0.924620,1.517616,50.832755
3,6.624620,3.974133,linear,450,150,rosenbrock,6,0.117939,3.289528,5.419425,567.582092,47.035995
3,2.366266,1.091897,linear,450,150,rosenbrock,6,0.091935,1.602495,2.061183,1.253927,33.086680
3,5.391897,10.000000,linear,450,150,rosenbrock,6,0.079078,2.425193,3.001230,544.902344,50.090615
3,2.366266,3.304387,linear,450,150,rosenbrock,6,0.000447,0.741535,0.983230,1.426192,30.574085
3,0.200000,1.313208,quadratic,450,150,rosenbrock,6,7.984851,222.998230,260.087891,401.041962,31.313220
3,2.366266,1.899487,linear,450,150,rosenbrock,6,0.015579,0.516541,0.758275,1.119454,33.275375
3,6.624620,2.284483,linear,450,150,rosenbrock,6,0.635793,3.256138,5.355882,2.316946,50.202025
3,0.200000,0.433935,quadratic,450,150,rosenbrock,6,339.991089,1675.285645,1930.484497,1366.600952,35.317025
3,8.139176,0.521886,linear,450,150,rosenbrock,6,0.364376,0.921637,1.009280,1.553533,48.608020
3,8.139176,8.314736,linear,450,150,rosenbrock,6,0.268518,3.173025,3.582639,34.778225,44.930465
3,8.139176,4.779626,linear,450,150,rosenbrock,6,0.069106,3.517832,3.385043,892.263672,46.914205
3,0.200000,0.754882,quadratic,450,150,rosenbrock,6,175.233429,792.222107,852.572144,707.719788,37.293235
3,2.366266,10.000000,linear,450,150,rosenbrock,6,0.058486,2.256823,2.355710,544.791321,30.032445
3,2.366266,5.748380,linear,450,150,rosenbrock,6,0.046010,2.537226,1.960418,544.696289,29.751310
3,10.000000,5.748380,linear,450,150,rosenbrock,6,0.222216,3.169536,4.166310,2.289401,44.030945
3,10.000000,10.000000,linear,450,150,rosenbrock,6,2.715061,7.723995,5.779875,745.163635,43.367205
3,2.907255,0.433935,linear,450,150,rosenbrock,6,0.439208,2.874079,3.749508,41.866222,29.928155
3,0.200000,2.284483,quadratic,450,150,rosenbrock,6,8.364376,162.151428,198.630585,253.708694,38.738010
3,2.907255,6.913484,linear,450,150,rosenbrock,6,0.365770,3.452638,4.575762,65.490005,29.055955
3,0.200000,3.974133,quadratic,450,150,rosenbrock,6,4.538746,15.734657,8.872545,52.098034,41.026970
3,2.907255,3.974133,linear,450,150,rosenbrock,6,0.001934,0.960575,1.359265,1.623340,27.510165
3,2.907255,2.284483,linear,450,150,rosenbrock,6,0.108781,1.724787,1.094853,1.814720,29.351910
3,0.200000,6.913484,quadratic,450,150,rosenbrock,6,0.005157,2.549544,3.589866,12.836275,41.419070
3,0.245725,0.521886,quadratic,450,150,rosenbrock,6,28.056650,1049.230713,1203.645264,1027.043945,40.296540
3,0.245725,1.579374,quadratic,450,150,rosenbrock,6,9.985285,205.234894,256.628632,128.274872,36.115825
3,3.571927,0.907884,linear,450,150,rosenbrock,6,0.000402,1.292884,1.322090,1.851313,30.184275
3,3.571927,0.521886,linear,450,150,rosenbrock,6,0.206702,2.621919,3.001605,43.961464,27.366370
3,3.571927,0.300000,linear,450,150,rosenbrock,6,0.071412,3.481455,5.086659,68.920090,29.084890
3,0.301904,0.627664,quadratic,450,150,rosenbrock,6,93.829857,514.744507,546.822510,630.136108,31.990830
3,0.245725,0.300000,quadratic,450,150,rosenbrock,6,170.231018,2198.201172,2576.531738,2043.720337,45.748845
3,0.245725,0.907884,quadratic,450,150,rosenbrock,6,89.086632,537.843750,687.224609,484.114594,43.843785
3,3.571927,2.747511,linear,450,150,rosenbrock,6,0.009877,1.473757,1.156706,1.954938,28.527340
3,0.245725,4.779626,quadratic,450,150,rosenbrock,6,0.154948,3.702683,4.213170,47.654217,41.372515
3,0.245725,2.747511,quadratic,450,150,rosenbrock,6,1.575490,41.696983,53.176212,191.869690,43.941390
3,0.245725,8.314736,quadratic,450,150,rosenbrock,6,0.016452,2.230312,2.509985,28.448498,41.678960
3,0.301904,0.360805,quadratic,450,150,rosenbrock,6,495.860474,1320.201538,1534.183350,2020.370239,41.218995
3,0.301904,3.304387,quadratic,450,150,rosenbrock,6,0.068540,16.965401,6.244023,56.802902,35.155255
3,0.301904,1.091897,quadratic,450,150,rosenbrock,6,27.562880,293.628723,341.194153,408.233795,37.413125
3,3.571927,4.779626,linear,450,150,rosenbrock,6,0.170528,2.775181,2.441286,544.652039,33.041010
3,0.301904,1.899487,quadratic,450,150,rosenbrock,6,2.145351,60.360512,88.957245,186.296524,37.516570
3,4.388561,1.899487,linear,450,150,rosenbrock,6,0.003987,0.689619,0.797369,1.188818,31.137640
3,4.388561,3.304387,linear,450,150,rosenbrock,6,0.017369,2.498744,1.976015,2.166929,30.287800
3,4.388561,0.360805,linear,450,150,rosenbrock,6,0.033196,3.549359,3.857603,48.832516,33.506855
3,5.391897,0.754882,linear,450,150,rosenbrock,6,0.023993,0.826192,1.007931,1.951914,32.844785
3,5.391897,0.433935,linear,450,150,rosenbrock,6,0.052955,1.541383,1.967637,1.260288,33.284245
3,0.370927,1.313208,quadratic,450,150,rosenbrock,6,4.297635,96.691818,105.448090,172.740631,35.921015
3,0.370927,0.754882,quadratic,450,150,rosenbrock,6,21.842585,401.512390,539.426453,437.241821,39.600655
3,6.624620,0.521886,linear,450,150,rosenbrock,6,0.060959,1.031188,1.312093,1.465112,32.092035
3,0.301904,10.000000,quadratic,450,150,rosenbrock,6,0.001121,0.698920,0.929432,1.334138,44.006910
3,0.301904,5.748380,quadratic,450,150,rosenbrock,6,0.020810,2.258071,2.895543,2.124258,45.874390
3,2.907255,0.754882,linear,450,150,rosenbrock,6,0.018451,2.024809,2.377403,2.097599,42.471670
3,0.370927,2.284483,quadratic,450,150,rosenbrock,6,0.017025,20.972347,7.039836,154.062897,37.093650
3,6.624620,0.907884,linear,450,150,rosenbrock,6,0.013692,0.735953,0.883340,1.367521,32.318070
3,6.624620,1.579374,linear,450,150,rosenbrock,6,0.080662,1.559232,1.467388,1.691145,34.777560
3,0.370927,0.433935,quadratic,450,150,rosenbrock,6,62.667545,641.104492,802.656250,1461.862549,45.473695
3,8.139176,0.360805,linear,450,150,rosenbrock,6,0.000338,1.248539,1.508254,1.764117,33.112420
3,6.624620,8.314736,linear,450,150,rosenbrock,6,0.077666,5.312836,5.423878,998.910339,31.969980
3,0.370927,3.974133,quadratic,450,150,rosenbrock,6,0.014223,2.312963,3.390666,17.805380,39.617915
3,8.139176,1.091897,linear,450,150,rosenbrock,6,0.138573,2.218592,2.576537,1.787312,32.709430
3,3.571927,1.579374,linear,450,150,rosenbrock,6,0.001099,0.459913,0.564949,0.699692,42.553850
3,10.000000,0.754882,linear,450,150,rosenbrock,6,0.094168,1.112963,0.895334,1.954045,31.987675
3,10.000000,0.433935,linear,450,150,rosenbrock,6,0.002848,0.692141,0.851988,1.288208,33.429740
3,4.388561,0.627664,linear,450,150,rosenbrock,6,0.353981,1.784215,2.069208,2.006818,43.595355
3,2.907255,1.313208,linear,450,150,rosenbrock,6,0.000276,0.922061,1.046337,2.136931,48.117975
3,8.139176,3.304387,linear,450,150,rosenbrock,6,0.279937,2.968127,4.033159,749.660767,35.315690
3,0.370927,6.913484,quadratic,450,150,rosenbrock,6,0.173929,1.309973,1.350551,1.540555,43.145215
3,10.000000,2.284483,linear,450,150,rosenbrock,6,0.110801,3.474777,5.419434,745.567383,34.843940
3,0.455730,0.300000,quadratic,450,150,rosenbrock,6,427.434479,1148.694336,1084.284790,1202.102661,40.285935
3,0.455730,0.521886,quadratic,450,150,rosenbrock,6,48.030087,644.677124,685.478882,598.452148,41.770985
3,3.571927,8.314736,linear,450,150,rosenbrock,6,0.000267,3.251874,4.738198,999.704773,46.063745
3,10.000000,3.974133,linear,450,150,rosenbrock,6,0.841100,3.118237,3.301841,545.231201,32.142845
3,2.366266,0.754882,linear,450,150,rosenbrock,6,0.527709,2.092748,2.482412,15.875280,33.795050
3,10.000000,1.313208,linear,450,150,rosenbrock,6,0.006913,3.162937,4.960701,533.297729,35.035415
3,5.391897,3.974133,linear,450,150,rosenbrock,6,1.491745,4.090299,5.419434,1.934552,39.847160
3,4.388561,5.748380,linear,450,150,rosenbrock,6,0.063619,3.473878,5.419429,544.499023,45.888385
3,4.388561,10.000000,linear,450,150,rosenbrock,6,0.011170,4.699710,5.419478,891.823853,44.416230
3,2.366266,1.313208,linear,450,150,rosenbrock,6,0.003528,0.944506,1.245052,1.607440,31.491760
3,0.200000,1.579374,quadratic,450,150,rosenbrock,6,33.542305,258.897217,312.263428,317.484741,31.143140
3,2.366266,3.974133,linear,450,150,rosenbrock,6,0.110860,1.438973,1.300139,1.830353,31.207910
3,2.366266,2.284483,linear,450,150,rosenbrock,6,0.008776,0.575428,0.749078,1.437591,31.429005
3,4.388561,1.091897,linear,450,150,rosenbrock,6,0.029418,0.567073,0.836274,1.460003,46.384620
3,8.139176,1.899487,linear,450,150,rosenbrock,6,0.001857,2.721052,3.663995,544.664062,41.792160
3,5.391897,6.913484,linear,450,150,rosenbrock,6,0.000938,3.503132,5.419441,892.169983,43.917005
3,2.907255,0.300000,linear,450,150,rosenbrock,6,1.891897,9.129597,6.166600,39.785496,29.487505
3,2.366266,6.913484,linear,450,150,rosenbrock,6,0.000264,2.900877,4.402687,544.629578,30.909295
3,5.391897,1.313208,linear,450,150,rosenbrock,6,0.017261,0.792083,0.930610,0.837798,45.586805
3,0.200000,0.521886,quadratic,450,150,rosenbrock,6,432.627502,1552.804443,1805.448242,1689.260132,39.368505
3,2.907255,0.521886,linear,450,150,rosenbrock,6,0.010189,2.477474,3.578286,2.033409,31.195670
3,2.907255,8.314736,linear,450,150,rosenbrock,6,0.005558,1.892148,2.216365,544.813599,29.589570
3,6.624620,4.779626,linear,450,150,rosenbrock,6,0.148382,2.517828,2.829518,749.977844,45.352550
3,5.391897,2.284483,linear,450,150,rosenbrock,6,0.015790,1.885055,1.691530,1.942091,48.414445
3,2.907255,4.779626,linear,450,150,rosenbrock,6,0.649415,2.935022,3.681137,544.622192,29.701880
3,2.907255,2.747511,linear,450,150,rosenbrock,6,0.552584,1.525857,1.225423,1.615328,30.070000
3,6.624620,2.747511,linear,450,150,rosenbrock,6,0.009760,2.011704,2.183553,707.548218,42.799460
3,6.624620,0.300000,linear,450,150,rosenbrock,6,0.409560,2.498184,2.793908,1.620508,45.148650
3,3.571927,0.360805,linear,450,150,rosenbrock,6,3.333676,4.192093,4.081782,26.840870,27.007925
3,0.200000,0.907884,quadratic,450,150,rosenbrock,6,176.163208,609.640381,791.657654,1085.663452,40.447010
3,0.200000,0.300000,quadratic,450,150,rosenbrock,6,128.503922,1846.978027,2371.185059,2819.410645,38.102035
3,3.571927,1.091897,linear,450,150,rosenbrock,6,0.002828,1.029977,1.116129,1.959271,30.214920
3,8.139176,0.627664,linear,450,150,rosenbrock,6,0.000862,0.622593,0.765338,1.571276,45.194585
3,3.571927,0.627664,linear,450,150,rosenbrock,6,0.013388,2.344005,2.728805,12.777752,30.243550
3,8.139176,10.000000,linear,450,150,rosenbrock,6,0.296531,129.310516,9.913526,646.271179,47.050290
3,0.200000,4.779626,quadratic,450,150,rosenbrock,6,1.554367,5.077458,5.537758,218.008209,39.493585
3,10.000000,6.913484,linear,450,150,rosenbrock,6,0.052360,4.110037,5.157569,543.817139,44.510285
3,3.571927,3.304387,linear,450,150,rosenbrock,6,0.413631,1.530897,1.358639,1.847586,29.423245
3,0.200000,8.314736,quadratic,450,150,rosenbrock,6,0.000000,3.020175,3.623482,28.584974,38.751150
3,8.139176,5.748380,linear,450,150,rosenbrock,6,0.006378,2.788280,3.585895,70.258057,48.745310
3,0.200000,2.747511,quadratic,450,150,rosenbrock,6,4.581823,62.395576,74.399048,137.541016,43.301265
3,0.245725,1.899487,quadratic,450,150,rosenbrock,6,8.487328,131.851181,129.554703,258.700104,42.393880
3,0.245725,0.627664,quadratic,450,150,rosenbrock,6,30.190380,758.732483,690.565918,866.779358,44.242290
3,3.571927,5.748380,linear,450,150,rosenbrock,6,0.016153,2.576216,2.359491,544.705383,31.643040
3,4.388561,2.284483,linear,450,150,rosenbrock,6,0.023771,0.915716,1.226771,1.218523,31.520760
3,0.301904,0.754882,quadratic,450,150,rosenbrock,6,37.693848,602.765259,875.905762,651.616455,41.219875
3,4.388561,3.974133,linear,450,150,rosenbrock,6,0.929603,3.930206,5.419372,749.367554,32.103980
3,5.391897,0.521886,linear,450,150,rosenbrock,6,0.006842,1.101101,1.502068,1.351762,32.379940
3,5.391897,0.907884,linear,450,150,rosenbrock,6,0.067434,0.650963,0.747144,1.405300,33.065665
3,4.388561,0.433935,linear,450,150,rosenbrock,6,0.019652,2.328132,2.933714,29.185810,33.340510
3,0.245725,0.360805,quadratic,450,150,rosenbrock,6,296.187622,1966.035889,2216.870117,1860.641479,42.531765
3,6.624620,0.627664,linear,450,150,rosenbrock,6,0.039665,0.502962,0.620312,0.994085,31.493030
3,0.245725,3.304387,quadratic,450,150,rosenbrock,6,0.056918,15.292889,6.055227,66.598106,42.535335
3,0.245725,1.091897,quadratic,450,150,rosenbrock,6,79.846825,532.192932,601.792236,554.550049,45.791070
3,0.245725,5.748380,quadratic,450,150,rosenbrock,6,1.090883,3.673646,3.989688,62.829514,45.371150
3,0.301904,0.433935,quadratic,450,150,rosenbrock,6,164.113525,1245.060059,1528.578125,1308.617920,43.441110
3,0.301904,3.974133,quadratic,450,150,rosenbrock,6,0.008005,2.602498,3.769125,29.305473,44.111255
3,0.245725,10.000000,quadratic,450,150,rosenbrock,6,0.159886,1.170816,1.516515,1.281584,45.654015
3,6.624620,1.899487,linear,450,150,rosenbrock,6,0.009113,1.446970,1.203657,527.288879,33.993230
3,0.301904,1.313208,quadratic,450,150,rosenbrock,6,7.366371,151.132828,183.101868,217.831329,43.781900
3,6.624620,10.000000,linear,450,150,rosenbrock,6,0.024011,4.790987,5.019421,542.552429,32.686315
3,0.301904,2.284483,quadratic,450,150,rosenbrock,6,0.013745,46.572414,60.864300,132.613007,43.152590
3,8.139176,1.313208,linear,450,150,rosenbrock,6,0.076687,2.014649,1.403939,1.897680,32.559405
3,8.139176,0.433935,linear,450,150,rosenbrock,6,0.001326,0.788146,1.199244,1.601836,34.472175
3,0.370927,1.579374,quadratic,450,150,rosenbrock,6,0.088473,77.178772,76.534988,228.168594,42.186165
3,6.624620,1.091897,linear,450,150,rosenbrock,6,0.000892,0.672427,0.958586,0.945410,36.784805
3,10.000000,0.521886,linear,450,150,rosenbrock,6,0.009603,0.638834,0.747344,1.591492,34.329195
3,10.000000,0.907884,linear,450,150,rosenbrock,6,0.251924,2.293006,2.718394,2.001402,35.118335
3,8.139176,3.974133,linear,450,150,rosenbrock,6,0.126342,3.034788,3.599401,545.174255,33.490150
3,0.370927,0.907884,quadratic,450,150,rosenbrock,6,103.384506,290.589722,293.525513,212.930725,45.772405
3,2.907255,0.907884,linear,450,150,rosenbrock,6,0.860409,1.892554,2.122596,1.843109,42.825320
3,0.370927,2.747511,quadratic,450,150,rosenbrock,6,2.932638,4.550872,4.431911,32.167671,42.305450
3,0.370927,0.300000,quadratic,450,150,rosenbrock,6,150.970139,1037.282715,1143.337158,1095.729614,44.995705
3,0.301904,6.913484,quadratic,450,150,rosenbrock,6,0.002212,1.961372,2.214006,1.885595,45.196395
3,10.000000,2.747511,linear,450,150,rosenbrock,6,0.330441,3.207407,4.005436,749.656799,34.513660
3,0.370927,4.779626,quadratic,450,150,rosenbrock,6,0.030239,2.076748,2.807084,1.736804,41.075655
3,0.455730,0.907884,quadratic,450,150,rosenbrock,6,7.074103,178.299500,181.606506,233.722610,32.224975
3,10.000000,1.579374,linear,450,150,rosenbrock,6,0.007858,3.181136,5.053509,544.530579,34.549335
3,10.000000,4.779626,linear,450,150,rosenbrock,6,0.370119,4.047274,4.933579,748.167542,35.364760
3,0.370927,0.521886,quadratic,450,150,rosenbrock,6,139.537003,655.200867,761.761230,1295.134766,46.872855
3,0.370927,8.314736,quadratic,450,150,rosenbrock,6,0.000604,1.072498,1.193357,1.446695,40.904310
3,0.455730,0.360805,quadratic,450,150,rosenbrock,6,137.260895,882.345032,1137.066895,928.392883,39.849185
3,0.455730,1.579374,quadratic,450,150,rosenbrock,6,0.366139,40.248093,22.883839,178.082352,34.100680
3,2.907255,1.579374,linear,450,150,rosenbrock,6,0.172985,0.773579,0.938797,1.391423,42.882915
3,3.571927,1.899487,linear,450,150,rosenbrock,6,0.005205,0.817458,0.849975,1.765485,45.559800
3,0.455730,2.747511,quadratic,450,150,rosenbrock,6,0.040265,5.860635,5.176085,56.061848,34.161535
3,0.200000,1.899487,quadratic,450,150,rosenbrock,6,13.417669,198.323929,259.354401,219.302612,34.216710
3,0.455730,0.627664,quadratic,450,150,rosenbrock,6,11.494137,400.374695,375.313904,591.319824,40.794965
3,0.455730,4.779626,quadratic,450,150,rosenbrock,6,0.704122,2.083806,2.105147,2.232722,34.950100
3,0.559922,0.360805,quadratic,450,150,rosenbrock,6,188.628265,906.324463,907.000916,1164.700806,30.676505
3,4.388561,0.754882,linear,450,150,rosenbrock,6,0.011245,0.939951,1.207163,1.130248,47.923515
3,3.571927,10.000000,linear,450,150,rosenbrock,6,0.008008,2.895002,3.355384,544.659424,42.564060
3,0.455730,8.314736,quadratic,450,150,rosenbrock,6,0.020093,0.408756,0.501856,0.865832,32.725285
3,0.559922,0.627664,quadratic,450,150,rosenbrock,6,122.395752,262.997375,306.706787,208.563507,29.889035
3,4.388561,1.313208,linear,450,150,rosenbrock,6,0.032229,0.545572,0.632289,0.770476,39.223110
3,5.391897,4.779626,linear,450,150,rosenbrock,6,0.002585,3.590057,5.414512,741.810364,44.895345
3,4.388561,6.913484,linear,450,150,rosenbrock,6,0.000564,3.040635,3.018617,544.636230,44.369615
3,0.559922,1.899487,quadratic,450,150,rosenbrock,6,0.724717,4.196604,5.041347,16.115572,28.367775
3,5.391897,0.300000,linear,450,150,rosenbrock,6,0.042513,2.747716,3.482791,23.764879,44.492990
3,0.559922,1.091897,quadratic,450,150,rosenbrock,6,6.826754,53.351776,57.958328,115.829323,32.733875
3,0.559922,3.304387,quadratic,450,150,rosenbrock,6,0.045877,2.678267,2.883130,28.039900,31.877790
3,8.139176,2.284483,linear,450,150,rosenbrock,6,0.065977,2.704721,3.668358,2.160019,44.027990
3,5.391897,8.314736,linear,450,150,rosenbrock,6,0.339814,3.582599,3.796542,544.623596,43.362045
3,0.559922,5.748380,quadratic,450,150,rosenbrock,6,0.000199,0.506733,0.638733,0.941779,31.386820
3,0.200000,0.627664,quadratic,450,150,rosenbrock,6,119.004074,879.555786,1127.048340,1220.282593,41.619595
3,5.391897,1.579374,linear,450,150,rosenbrock,6,0.137478,1.053731,1.234251,1.745246,43.657835
3,0.559922,10.000000,quadratic,450,150,rosenbrock,6,0.008969,0.355906,0.441603,1.071557,30.683070
3,0.687934,0.433935,quadratic,450,150,rosenbrock,6,72.488640,376.686951,386.801025,565.807129,31.067750
3,5.391897,2.747511,linear,450,150,rosenbrock,6,0.094023,2.227567,1.811658,2.024447,42.197905
3,0.687934,0.754882,quadratic,450,150,rosenbrock,6,7.324302,147.729034,183.781799,227.379608,29.906140
3,6.624620,5.748380,linear,450,150,rosenbrock,6,0.843566,3.431298,3.468832,575.209412,45.961710
3,0.200000,1.091897,quadratic,450,150,rosenbrock,6,30.078497,338.536682,330.968140,489.894562,40.335425
3,6.624620,3.304387,linear,450,150,rosenbrock,6,0.010485,2.364649,2.305445,1.896405,46.923595
3,6.624620,0.360805,linear,450,150,rosenbrock,6,0.000630,2.499771,2.510606,20.166769,46.514030
3,0.200000,0.360805,quadratic,450,150,rosenbrock,6,60.539474,1607.152588,2270.156738,1759.625488,42.727020
3,0.687934,2.284483,quadratic,450,150,rosenbrock,6,0.029967,2.680643,3.172683,52.751110,32.143115
3,0.845213,0.300000,quadratic,450,150,rosenbrock,6,105.507179,528.007751,521.953735,1046.347900,31.606715
3,0.687934,1.313208,quadratic,450,150,rosenbrock,6,0.577158,39.182198,25.383266,161.633713,33.341795
3,0.687934,3.974133,quadratic,450,150,rosenbrock,6,0.042367,1.686074,1.849762,1.819592,32.385590
3,0.845213,0.907884,quadratic,450,150,rosenbrock,6,4.124795,82.012016,51.938663,147.982681,30.874385
3,0.687934,6.913484,quadratic,450,150,rosenbrock,6,0.001666,0.574443,0.680327,1.038141,32.857275
3,0.845213,0.521886,quadratic,450,150,rosenbrock,6,8.486566,89.556519,101.033134,267.701813,34.224520
3,10.000000,0.300000,linear,450,150,rosenbrock,6,0.227674,1.257403,1.376585,0.955428,43.891235
3,0.200000,10.000000,quadratic,450,150,rosenbrock,6,0.255508,1.915253,2.168428,1.618381,41.081225
3,10.000000,8.314736,linear,450,150,rosenbrock,6,0.122742,15.174545,5.881492,894.529846,43.156430
3,8.139176,0.754882,linear,450,150,rosenbrock,6,0.031752,0.695333,0.868153,1.424339,48.155040
3,0.845213,2.747511,quadratic,450,150,rosenbrock,6,0.004736,2.302911,2.069684,2.511742,31.803385
3,0.200000,5.748380,quadratic,450,150,rosenbrock,6,0.220193,10.268819,4.060911,46.424156,48.519710
3,0.845213,8.314736,quadratic,450,150,rosenbrock,6,0.050098,1.493397,1.172204,1.519125,32.731355
3,0.845213,1.579374,quadratic,450,150,rosenbrock,6,0.166263,3.528069,3.899224,20.125662,35.693485
3,8.139176,6.913484,linear,450,150,rosenbrock,6,0.000155,3.048132,4.163868,543.916443,47.460585
3,0.245725,0.754882,quadratic,450,150,rosenbrock,6,87.533394,704.334106,783.325134,741.198120,45.024060
3,1.038450,0.360805,quadratic,450,150,rosenbrock,6,19.433971,160.108719,167.958130,175.846863,31.378675
3,0.245725,0.433935,quadratic,450,150,rosenbrock,6,167.867111,1081.255737,1317.790771,1142.543457,43.474530
3,0.845213,4.779626,quadratic,450,150,rosenbrock,6,0.004608,0.577190,0.590617,0.836882,35.206825
3,0.301904,0.907884,quadratic,450,150,rosenbrock,6,87.596207,383.376221,411.954590,492.310089,45.836315
3,0.245725,2.284483,quadratic,450,150,rosenbrock,6,4.825199,106.361542,104.253983,246.518234,48.863690
3,0.200000,3.304387,quadratic,450,150,rosenbrock,6,2.449477,57.876129,78.279175,94.808434,49.799495
3,1.038450,1.899487,quadratic,450,150,rosenbrock,6,0.014782,2.196286,2.198165,41.994404,34.320695
3,0.245725,3.974133,quadratic,450,150,rosenbrock,6,0.085048,15.461996,5.893566,89.202721,44.956090
3,1.038450,1.091897,quadratic,450,150,rosenbrock,6,2.063556,17.901188,5.257318,56.033051,35.024870
3,1.038450,0.627664,quadratic,450,150,rosenbrock,6,4.742214,96.402466,135.052628,230.106857,35.755895
3,0.301904,0.521886,quadratic,450,150,rosenbrock,6,70.545837,1056.023926,1052.168579,1207.041504,43.583795
3,0.245725,1.313208,quadratic,450,150,rosenbrock,6,38.977489,255.037842,315.043335,263.890228,46.703180
3,0.245725,6.913484,quadratic,450,150,rosenbrock,6,0.129699,2.772271,3.055487,20.830191,46.026010
3,1.038450,5.748380,quadratic,450,150,rosenbrock,6,0.035626,0.502883,0.621407,0.521855,32.912440
3,0.301904,0.300000,quadratic,450,150,rosenbrock,6,296.966919,1206.701660,1389.337891,1206.911499,44.825895
3,1.038450,10.000000,quadratic,450,150,rosenbrock,6,0.022665,2.020254,2.025031,1.824253,32.469835
3,1.275867,0.433935,quadratic,450,150,rosenbrock,6,3.438828,45.772472,52.867409,146.363663,32.290030
3,0.301904,4.779626,quadratic,450,150,rosenbrock,6,0.059458,4.726800,4.424340,38.079338,47.799110
3,0.301904,1.579374,quadratic,450,150,rosenbrock,6,0.648532,122.576279,128.149246,303.154694,46.021045
3,0.301904,2.747511,quadratic,450,150,rosenbrock,6,2.621932,40.188278,41.889473,107.059311,45.342055
3,0.455730,1.091897,quadratic,450,150,rosenbrock,6,3.468361,96.500565,127.007065,190.386353,34.755150
3,0.370927,1.899487,quadratic,450,150,rosenbrock,6,1.877654,22.101974,12.195904,163.797089,45.933550
3,0.455730,1.899487,quadratic,450,150,rosenbrock,6,0.440844,10.864919,7.700107,98.987366,32.170275
3,1.038450,3.304387,quadratic,450,150,rosenbrock,6,0.009929,0.403561,0.509102,2.026849,44.181820
3,0.370927,3.304387,quadratic,450,150,rosenbrock,6,0.033291,3.412989,4.068951,24.144529,43.843935
3,0.370927,1.091897,quadratic,450,150,rosenbrock,6,8.446549,213.073761,284.272583,276.284576,46.348945
3,0.455730,3.304387,quadratic,450,150,rosenbrock,6,0.001285,2.959996,3.514151,32.622849,33.507690
3,1.275867,2.284483,quadratic,450,150,rosenbrock,6,0.037979,0.782657,0.868632,1.651582,33.731875
3,0.370927,0.360805,quadratic,450,150,rosenbrock,6,94.739510,664.204834,814.952515,760.241150,46.435960
3,0.559922,0.433935,quadratic,450,150,rosenbrock,6,61.457531,454.458130,652.055054,1076.624512,32.885410
3,0.301904,8.314736,quadratic,450,150,rosenbrock,6,0.044047,1.176614,1.344357,1.298892,46.420785
3,0.370927,5.748380,quadratic,450,150,rosenbrock,6,0.169333,1.797777,2.063073,1.934689,45.324940
3,0.455730,5.748380,quadratic,450,150,rosenbrock,6,0.006911,1.538352,1.368228,2.162615,35.967520
3,0.370927,0.627664,quadratic,450,150,rosenbrock,6,68.569809,714.057312,921.826172,1223.110718,45.309785
3,0.370927,10.000000,quadratic,450,150,rosenbrock,6,0.043997,0.574670,0.665588,1.036255,44.985475
3,0.455730,10.000000,quadratic,450,150,rosenbrock,6,0.000696,0.432371,0.502981,1.018546,34.627460
3,0.455730,0.433935,quadratic,450,150,rosenbrock,6,61.699284,815.501099,991.493774,853.195557,45.413155
3,0.455730,0.754882,quadratic,450,150,rosenbrock,6,20.335924,304.993805,332.497192,578.736206,40.723710
3,0.559922,0.754882,quadratic,450,150,rosenbrock,6,3.333156,164.149628,202.133240,213.747391,35.917860
3,0.559922,1.313208,quadratic,450,150,rosenbrock,6,2.508376,63.333488,75.356163,144.392807,31.023190
3,1.275867,0.754882,quadratic,450,150,rosenbrock,6,0.835852,7.542345,4.880836,89.610138,46.425805
3,0.559922,2.284483,quadratic,450,150,rosenbrock,6,0.038573,2.733211,3.560012,38.350403,34.749290
3,1.275867,1.313208,quadratic,450,150,rosenbrock,6,1.594022,3.271815,3.378689,31.689043,46.829160
3,1.567562,0.300000,quadratic,450,150,rosenbrock,6,8.163079,174.792175,268.579285,570.076416,38.618855
3,1.275867,3.974133,quadratic,450,150,rosenbrock,6,0.062003,0.480072,0.596189,0.904730,43.804310
3,0.559922,3.974133,quadratic,450,150,rosenbrock,6,0.025634,1.350326,1.967914,1.629117,35.218340
3,1.275867,6.913484,quadratic,450,150,rosenbrock,6,0.059420,2.066881,1.843755,2.143497,43.363125
3,0.559922,6.913484,quadratic,450,150,rosenbrock,6,0.001725,0.377888,0.532158,0.778436,33.254135
3,0.687934,0.521886,quadratic,450,150,rosenbrock,6,45.595146,144.359177,152.779419,157.448532,31.883905
3,1.567562,0.907884,quadratic,450,150,rosenbrock,6,0.318678,2.862813,3.330846,27.408861,42.796915
3,0.687934,0.907884,quadratic,450,150,rosenbrock,6,3.449203,43.009132,53.180397,95.811409,32.998015
3,0.687934,0.300000,quadratic,450,150,rosenbrock,6,92.687363,394.861664,446.813141,470.510406,34.632995
3,1.567562,4.779626,quadratic,450,150,rosenbrock,6,0.070113,0.807413,1.059920,1.084957,38.518970
3,1.567562,1.579374,quadratic,450,150,rosenbrock,6,0.029591,1.505329,1.718717,2.133273,42.330435
3,1.567562,0.521886,quadratic,450,150,rosenbrock,6,2.449035,101.738258,109.232681,293.611389,46.338695
3,1.925946,0.360805,quadratic,450,150,rosenbrock,6,5.379852,35.228848,35.405586,64.987946,37.768280
3,1.567562,2.747511,quadratic,450,150,rosenbrock,6,0.023990,0.381278,0.506287,1.353813,42.682435
3,0.687934,1.579374,quadratic,450,150,rosenbrock,6,1.247596,4.092713,4.387362,153.086441,31.620375
3,1.567562,8.314736,quadratic,450,150,rosenbrock,6,0.030242,2.770873,2.315746,2.242687,42.154295
3,0.687934,2.747511,quadratic,450,150,rosenbrock,6,1.566461,2.945178,3.094466,29.539822,33.500180
3,0.845213,0.627664,quadratic,450,150,rosenbrock,6,6.319492,75.712723,88.935516,202.032089,33.670065
3,0.687934,8.314736,quadratic,450,150,rosenbrock,6,0.001729,0.904493,0.818074,1.325734,34.035870
3,0.845213,1.091897,quadratic,450,150,rosenbrock,6,0.072444,20.698902,10.755853,127.612099,34.748395
3,0.845213,0.360805,quadratic,450,150,rosenbrock,6,14.899664,276.808594,296.193298,483.707397,35.259730
3,1.925946,0.627664,quadratic,450,150,rosenbrock,6,0.208007,5.957452,5.967014,35.486519,41.705770
3,0.687934,4.779626,quadratic,450,150,rosenbrock,6,0.000953,0.391835,0.533568,1.899916,36.127310
3,1.925946,1.091897,quadratic,450,150,rosenbrock,6,0.363400,2.084421,2.218141,24.334375,41.723460
3,1.925946,5.748380,quadratic,450,150,rosenbrock,6,0.000969,2.395116,2.377104,2.283918,40.146425
3,0.845213,1.899487,quadratic,450,150,rosenbrock,6,0.000354,2.677380,3.104037,49.509747,31.186960
3,0.845213,3.304387,quadratic,450,150,rosenbrock,6,0.026258,0.637771,0.968065,0.636628,33.414985
3,1.925946,3.304387,quadratic,450,150,rosenbrock,6,0.000096,0.543082,0.772251,1.328221,42.279105
3,2.366266,0.433935,quadratic,450,150,rosenbrock,6,1.465159,14.917782,5.510590,71.117661,38.463790
3,1.925946,1.899487,quadratic,450,150,rosenbrock,6,0.022369,0.387658,0.530720,0.990114,43.576500
3,1.925946,10.000000,quadratic,450,150,rosenbrock,6,0.331094,3.809391,5.419442,892.305115,41.522470
3,0.845213,10.000000,quadratic,450,150,rosenbrock,6,0.008197,1.550758,1.506273,544.880005,32.853760
3,1.038450,0.433935,quadratic,450,150,rosenbrock,6,7.167404,173.583298,159.160187,258.630768,30.423525
3,2.366266,2.284483,quadratic,450,150,rosenbrock,6,0.003082,0.355972,0.507296,1.109540,38.425650
3,0.845213,5.748380,quadratic,450,150,rosenbrock,6,0.000593,0.380748,0.470541,0.855361,31.585060
3,2.366266,0.754882,quadratic,450,150,rosenbrock,6,0.013104,2.283870,2.766553,37.634136,42.398420
3,2.366266,1.313208,quadratic,450,150,rosenbrock,6,0.004507,0.692987,0.868180,1.156951,41.580755
3,2.366266,3.974133,quadratic,450,150,rosenbrock,6,0.112598,2.128406,1.748096,1.832433,39.694190
3,1.038450,1.313208,quadratic,450,150,rosenbrock,6,0.687554,8.175256,3.797839,73.727539,29.351750
3,2.907255,0.300000,quadratic,450,150,rosenbrock,6,0.540787,18.855774,5.800772,81.851143,38.501175
3,1.038450,0.754882,quadratic,450,150,rosenbrock,6,1.962861,38.759949,43.634670,143.546097,30.289825
3,1.038450,2.284483,quadratic,450,150,rosenbrock,6,0.603492,2.034048,1.894625,1.848363,32.108470
3,2.907255,0.521886,quadratic,450,150,rosenbrock,6,0.038366,2.696984,3.856139,44.718300,37.647090
3,1.275867,0.300000,quadratic,450,150,rosenbrock,6,0.207966,161.530350,154.350266,205.335602,27.853820
3,1.275867,0.521886,quadratic,450,150,rosenbrock,6,5.808082,71.139389,99.724854,204.272644,27.254350
3,1.038450,6.913484,quadratic,450,150,rosenbrock,6,0.242349,1.255279,1.148110,1.345760,30.707655
3,2.366266,6.913484,quadratic,450,150,rosenbrock,6,0.065189,2.668562,3.279019,2.600641,45.585930
3,2.907255,1.579374,quadratic,450,150,rosenbrock,6,0.010007,0.352203,0.451015,0.956247,41.111970
3,3.571927,0.360805,quadratic,450,150,rosenbrock,6,0.225151,3.592421,4.157070,63.637062,36.986400
3,2.907255,0.907884,quadratic,450,150,rosenbrock,6,0.014799,1.878931,1.446709,65.726143,44.320055
3,2.907255,2.747511,quadratic,450,150,rosenbrock,6,0.036921,0.961151,1.143332,1.923254,42.755315
3,2.907255,4.779626,quadratic,450,150,rosenbrock,6,0.000952,1.929346,2.338262,22.701588,41.933530
3,2.907255,8.314736,quadratic,450,150,rosenbrock,6,0.004101,4.036259,5.419441,544.517761,40.550330
3,0.455730,1.313208,quadratic,450,150,rosenbrock,6,1.203278,46.042122,31.847645,165.537064,32.073545
3,3.571927,1.091897,quadratic,450,150,rosenbrock,6,0.009026,0.376311,0.421231,0.695465,38.596470
3,0.455730,3.974133,quadratic,450,150,rosenbrock,6,0.000043,2.581031,2.826818,1.704179,28.467295
3,0.455730,2.284483,quadratic,450,150,rosenbrock,6,0.029545,5.021221,4.581568,44.320408,31.646735
3,3.571927,0.627664,quadratic,450,150,rosenbrock,6,0.643962,1.828396,2.093319,1.140703,42.687585
3,0.559922,0.521886,quadratic,450,150,rosenbrock,6,51.887386,441.201233,406.724091,559.436768,29.048745
3,1.275867,2.747511,quadratic,450,150,rosenbrock,6,0.009676,0.411126,0.572945,0.981063,31.937040
3,0.559922,0.300000,quadratic,450,150,rosenbrock,6,298.825989,742.614075,744.430542,839.999207,28.861530
3,0.455730,6.913484,quadratic,450,150,rosenbrock,6,0.021555,0.769166,0.784003,27.894648,33.405900
3,1.038450,3.974133,quadratic,450,150,rosenbrock,6,0.036753,0.335412,0.400418,1.286481,40.457125
3,0.559922,1.579374,quadratic,450,150,rosenbrock,6,0.432708,5.878898,5.115986,43.965919,31.223490
3,0.559922,0.907884,quadratic,450,150,rosenbrock,6,7.904962,88.184464,96.751823,236.086075,32.582790
3,3.571927,1.899487,quadratic,450,150,rosenbrock,6,0.256266,0.951081,0.997058,1.437045,47.619950
3,3.571927,10.000000,quadratic,450,150,rosenbrock,6,1.810309,4.764076,4.974089,890.494080,45.139265
3,0.559922,2.747511,quadratic,450,150,rosenbrock,6,0.024014,3.057008,3.400829,1.735040,33.145410
3,3.571927,5.748380,quadratic,450,150,rosenbrock,6,0.384974,3.623905,4.907678,749.652344,49.026255
3,4.388561,1.313208,quadratic,450,150,rosenbrock,6,0.080358,0.434157,0.474667,0.717632,42.412760
3,4.388561,2.284483,quadratic,450,150,rosenbrock,6,0.398937,1.941631,1.906980,1.842453,41.642795
3,3.571927,3.304387,quadratic,450,150,rosenbrock,6,0.073871,2.250860,2.069189,544.748474,50.290060
3,4.388561,0.433935,quadratic,450,150,rosenbrock,6,0.179760,2.869035,3.065443,39.687721,44.783085
3,0.559922,4.779626,quadratic,450,150,rosenbrock,6,0.251993,1.566265,1.237415,1.831885,33.875925
3,0.559922,8.314736,quadratic,450,150,rosenbrock,6,0.061935,0.435152,0.553495,0.687955,33.317790
3,4.388561,3.974133,quadratic,450,150,rosenbrock,6,0.300288,3.202745,4.137347,544.583191,45.337025
3,0.687934,0.360805,quadratic,450,150,rosenbrock,6,86.273865,485.765381,599.964294,813.322937,33.093050
3,4.388561,6.913484,quadratic,450,150,rosenbrock,6,0.084844,5.526237,6.166283,999.041870,45.126655
3,4.388561,0.754882,quadratic,450,150,rosenbrock,6,0.035182,0.579606,0.705610,1.869153,49.385000
3,0.687934,1.091897,quadratic,450,150,rosenbrock,6,1.704655,30.603701,23.052876,101.738182,34.418300
3,0.687934,0.627664,quadratic,450,150,rosenbrock,6,14.766782,187.885620,236.441162,229.724152,36.144040
3,5.391897,0.300000,quadratic,450,150,rosenbrock,6,0.591486,2.795845,3.088189,1.237652,45.472170
3,1.275867,0.907884,quadratic,450,150,rosenbrock,6,0.229162,3.831237,4.306804,39.819534,43.602770
3,1.275867,1.579374,quadratic,450,150,rosenbrock,6,0.729339,2.337354,2.476585,1.525605,42.666515
3,0.687934,1.899487,quadratic,450,150,rosenbrock,6,0.071155,11.546358,4.755008,56.065140,32.603340
3,1.275867,4.779626,quadratic,450,150,rosenbrock,6,0.019042,0.811475,0.733720,1.439520,41.189180
3,1.567562,0.360805,quadratic,450,150,rosenbrock,6,2.509871,36.764091,28.452333,143.455322,42.169075
3,5.391897,0.521886,quadratic,450,150,rosenbrock,6,0.031051,1.085647,1.177937,1.462174,47.344150
3,0.687934,10.000000,quadratic,450,150,rosenbrock,6,0.005899,0.888159,0.935630,1.518352,31.508180
3,5.391897,0.907884,quadratic,450,150,rosenbrock,6,0.020763,0.663349,0.671152,1.111234,47.919765
3,0.845213,0.433935,quadratic,450,150,rosenbrock,6,33.474018,191.497406,160.307541,483.207489,32.458195
3,0.845213,0.754882,quadratic,450,150,rosenbrock,6,0.015372,38.668446,27.105909,74.648285,34.433130
3,0.687934,3.304387,quadratic,450,150,rosenbrock,6,0.157995,1.537315,1.850200,1.458317,35.455125
3,0.687934,5.748380,quadratic,450,150,rosenbrock,6,0.000162,0.419818,0.521953,1.032099,33.722660
3,0.845213,1.313208,quadratic,450,150,rosenbrock,6,1.005720,4.480633,5.294967,42.630524,36.325670
3,1.275867,8.314736,quadratic,450,150,rosenbrock,6,0.005652,3.001821,3.781683,1.951465,47.261225
3,1.567562,0.627664,quadratic,450,150,rosenbrock,6,2.458065,10.230314,5.611383,96.419373,41.782735
3,1.567562,1.091897,quadratic,450,150,rosenbrock,6,0.040168,3.377157,3.965931,27.102297,45.813655
3,0.845213,2.284483,quadratic,450,150,rosenbrock,6,0.238965,2.398639,2.518984,1.152307,33.624315
3,1.925946,0.433935,quadratic,450,150,rosenbrock,6,1.182386,38.515659,40.042175,72.815300,42.369375
3,1.567562,5.748380,quadratic,450,150,rosenbrock,6,0.034021,0.574871,0.738898,1.505731,45.547850
3,1.567562,1.899487,quadratic,450,150,rosenbrock,6,0.130073,0.940460,1.018715,1.450733,45.872610
3,0.845213,3.974133,quadratic,450,150,rosenbrock,6,0.003686,0.532457,0.632217,0.619923,36.845960
3,1.567562,10.000000,quadratic,450,150,rosenbrock,6,0.129406,3.046515,4.063041,749.711548,44.508775
3,1.038450,0.300000,quadratic,450,150,rosenbrock,6,35.804985,224.338104,268.011108,329.154449,32.081695
3,1.038450,0.521886,quadratic,450,150,rosenbrock,6,5.709544,82.376762,112.307556,200.843414,32.295845
3,1.567562,3.304387,quadratic,450,150,rosenbrock,6,0.020072,0.538558,0.567928,1.036889,46.767375
3,1.925946,0.754882,quadratic,450,150,rosenbrock,6,0.078032,2.860425,3.737619,17.329262,44.023325
3,0.845213,6.913484,quadratic,450,150,rosenbrock,6,0.003111,0.444585,0.712230,1.250384,33.808275
3,1.925946,1.313208,quadratic,450,150,rosenbrock,6,0.382343,1.399523,1.426294,1.441157,44.040470
3,2.366266,0.521886,quadratic,450,150,rosenbrock,6,0.102718,3.332163,4.482536,38.364353,40.398535
3,1.038450,1.579374,quadratic,450,150,rosenbrock,6,0.900070,2.461962,2.885075,28.792227,32.174210
3,1.038450,0.907884,quadratic,450,150,rosenbrock,6,0.657876,5.977302,5.592326,35.984901,31.722620
3,1.038450,2.747511,quadratic,450,150,rosenbrock,6,0.024246,0.892547,1.173950,1.225612,32.312755
3,1.925946,6.913484,quadratic,450,150,rosenbrock,6,0.000984,2.032998,2.173502,749.958862,46.343540
3,1.275867,0.360805,quadratic,450,150,rosenbrock,6,9.125390,126.466423,181.116196,136.557175,30.212375
3,1.038450,8.314736,quadratic,450,150,rosenbrock,6,0.032633,1.187580,1.488091,1.811737,30.311435
3,1.925946,2.284483,quadratic,450,150,rosenbrock,6,0.005151,0.309510,0.446298,1.122280,43.843070
3,1.925946,3.974133,quadratic,450,150,rosenbrock,6,0.001600,1.186162,1.236089,1.727239,46.537085
3,2.366266,0.300000,quadratic,450,150,rosenbrock,6,0.988960,68.312149,80.882828,205.591034,43.034725
3,1.275867,0.627664,quadratic,450,150,rosenbrock,6,4.317874,36.747841,36.585766,152.971573,32.470025
3,2.366266,2.747511,quadratic,450,150,rosenbrock,6,0.005447,0.543839,0.690657,1.474359,42.041715
3,2.366266,0.907884,quadratic,450,150,rosenbrock,6,0.059400,1.707680,2.093361,2.106780,44.642525
3,2.907255,0.360805,quadratic,450,150,rosenbrock,6,0.531274,5.144556,5.206514,97.246613,41.327410
3,2.366266,4.779626,quadratic,450,150,rosenbrock,6,0.021014,2.749299,2.121845,544.662109,43.364360
3,2.366266,1.579374,quadratic,450,150,rosenbrock,6,0.004466,0.350308,0.513742,1.116833,45.936840
3,5.391897,1.579374,quadratic,450,150,rosenbrock,6,0.160168,1.826966,1.569171,1.847779,31.770245
3,5.391897,2.747511,quadratic,450,150,rosenbrock,6,0.156426,3.420397,4.041200,544.468201,30.674945
3,5.391897,4.779626,quadratic,450,150,rosenbrock,6,0.100701,159.876328,5.419704,1082.156494,31.389795
3,6.624620,0.360805,quadratic,450,150,rosenbrock,6,0.002758,0.897985,1.292764,1.371699,29.488620
3,5.391897,8.314736,quadratic,450,150,rosenbrock,6,0.769861,4.386153,5.034949,897.557434,30.667260
3,6.624620,0.627664,quadratic,450,150,rosenbrock,6,0.014690,0.362191,0.452678,0.396434,30.308170
3,2.907255,0.627664,quadratic,450,150,rosenbrock,6,0.043355,2.138614,2.751502,1.802650,46.506995
3,1.275867,3.304387,quadratic,450,150,rosenbrock,6,0.048161,0.365490,0.450068,0.319810,31.706045
3,3.571927,0.433935,quadratic,450,150,rosenbrock,6,0.090122,3.472942,4.528486,32.725513,40.155475
3,2.907255,1.091897,quadratic,450,150,rosenbrock,6,0.000616,0.571576,0.769294,1.501927,39.083205
3,2.907255,1.899487,quadratic,450,150,rosenbrock,6,0.000249,0.416334,0.558715,0.910185,41.743610
3,2.366266,8.314736,quadratic,450,150,rosenbrock,6,0.789444,3.993525,5.014337,544.412231,43.088865
3,6.624620,1.091897,quadratic,450,150,rosenbrock,6,0.010309,1.142478,1.106105,1.860649,30.551145
3,2.907255,3.304387,quadratic,450,150,rosenbrock,6,0.019134,2.564708,1.930814,516.390320,40.218990
3,6.624620,1.899487,quadratic,450,150,rosenbrock,6,0.076712,2.717046,2.449888,1.932013,35.135630
3,3.571927,1.313208,quadratic,450,150,rosenbrock,6,0.048778,0.635690,0.573649,1.092075,40.911570
3,2.907255,5.748380,quadratic,450,150,rosenbrock,6,0.005064,3.170734,3.566111,749.643433,44.546950
3,3.571927,0.754882,quadratic,450,150,rosenbrock,6,0.138742,1.091581,1.247142,1.493242,40.559605
3,6.624620,3.304387,quadratic,450,150,rosenbrock,6,0.058821,4.821541,5.419947,574.670654,33.946140
3,6.624620,5.748380,quadratic,450,150,rosenbrock,6,0.047806,4.462577,5.453523,746.524475,29.417675
3,2.907255,10.000000,quadratic,450,150,rosenbrock,6,0.011443,3.791158,5.419585,2.832015,45.065020
3,6.624620,10.000000,quadratic,450,150,rosenbrock,6,4.465387,11.499234,11.020041,542.549683,32.606230
3,8.139176,0.433935,quadratic,450,150,rosenbrock,6,0.024262,0.588091,0.596437,1.596000,31.427125
3,1.038450,4.779626,quadratic,450,150,rosenbrock,6,0.031641,0.462597,0.544723,0.827420,42.910920
3,3.571927,2.284483,quadratic,450,150,rosenbrock,6,0.001726,0.902965,1.202329,1.831615,42.637750
3,8.139176,0.754882,quadratic,450,150,rosenbrock,6,0.000233,0.585204,0.795683,0.959591,31.644015
3,3.571927,6.913484,quadratic,450,150,rosenbrock,6,0.004180,3.090883,4.610487,761.312256,42.751395
3,8.139176,1.313208,quadratic,450,150,rosenbrock,6,0.063094,1.914916,1.416891,544.814270,34.246690
3,4.388561,0.300000,quadratic,450,150,rosenbrock,6,0.827124,2.781105,3.502767,25.975515,45.538705
3,4.388561,1.579374,quadratic,450,150,rosenbrock,6,0.009748,0.789987,1.076245,1.224300,43.478860
3,8.139176,3.974133,quadratic,450,150,rosenbrock,6,0.176458,5.162332,5.423126,889.128601,30.235955
3,8.139176,2.284483,quadratic,450,150,rosenbrock,6,0.023618,2.929743,3.739723,2.800590,33.433335
3,8.139176,6.913484,quadratic,450,150,rosenbrock,6,2.008614,7.267556,5.580542,746.602661,29.874125
3,4.388561,2.747511,quadratic,450,150,rosenbrock,6,0.038115,2.997287,4.049956,2.407525,45.183060
3,4.388561,4.779626,quadratic,450,150,rosenbrock,6,0.858751,2.954696,2.777189,749.859497,41.518545
3,10.000000,0.300000,quadratic,450,150,rosenbrock,6,0.098599,0.758144,0.984372,0.957204,30.816675
3,10.000000,0.521886,quadratic,450,150,rosenbrock,6,0.018401,0.329300,0.452566,0.653355,30.890685
3,4.388561,8.314736,quadratic,450,150,rosenbrock,6,0.183417,83.343552,5.990857,992.205261,42.749460
3,10.000000,0.907884,quadratic,450,150,rosenbrock,6,0.008001,1.026011,1.359776,1.600617,31.789635
3,4.388561,0.521886,quadratic,450,150,rosenbrock,6,0.016245,1.167341,1.557262,1.511476,46.376595
3,4.388561,0.907884,quadratic,450,150,rosenbrock,6,0.002437,0.346235,0.477354,0.399288,43.393470
3,3.571927,3.974133,quadratic,450,150,rosenbrock,6,0.012047,3.821005,5.419419,892.036987,48.894370
3,10.000000,1.579374,quadratic,450,150,rosenbrock,6,0.532732,2.613714,2.618702,215.895660,33.058215
3,1.275867,1.091897,quadratic,450,150,rosenbrock,6,0.032652,2.932569,4.067036,44.566628,43.011240
3,1.275867,5.748380,quadratic,450,150,rosenbrock,6,0.536328,1.287307,1.303448,1.419943,42.268585
3,5.391897,0.360805,quadratic,450,150,rosenbrock,6,0.058097,2.971893,3.069008,1.360456,45.484205
3,1.275867,1.899487,quadratic,450,150,rosenbrock,6,0.009724,1.638018,1.895509,1.257326,44.722410
3,10.000000,2.747511,quadratic,450,150,rosenbrock,6,0.282121,3.222093,4.194558,2.627763,33.615390
3,5.391897,0.627664,quadratic,450,150,rosenbrock,6,0.011165,0.491309,0.615807,1.430301,42.879535
3,1.567562,0.433935,quadratic,450,150,rosenbrock,6,2.350049,108.195610,158.040497,265.360809,44.911085
3,5.391897,1.091897,quadratic,450,150,rosenbrock,6,0.036883,0.660681,0.821673,1.170253,44.485630
3,0.200000,0.627664,exponential_3,450,150,rosenbrock,6,139.559677,966.104065,1309.851562,1220.632812,31.301325
3,0.200000,0.360805,exponential_3,450,150,rosenbrock,6,712.641113,1449.718628,1361.097412,1870.724609,33.844790
3,10.000000,8.314736,quadratic,450,150,rosenbrock,6,3.289852,34.001774,22.248335,566.411316,34.049225
3,10.000000,4.779626,quadratic,450,150,rosenbrock,6,1.903122,5.229939,5.378560,889.330200,35.214970
3,0.200000,3.304387,exponential_3,450,150,rosenbrock,6,3.802962,49.727913,42.539478,151.405701,30.536730
3,0.200000,1.091897,exponential_3,450,150,rosenbrock,6,64.045715,743.342163,876.017334,833.011292,32.248290
3,1.275867,10.000000,quadratic,450,150,rosenbrock,6,0.003102,1.740849,1.897975,2.061334,43.934585
3,0.200000,1.899487,exponential_3,450,150,rosenbrock,6,6.398800,106.807953,140.906586,209.580521,32.459605
3,1.567562,0.754882,quadratic,450,150,rosenbrock,6,0.004904,2.835307,3.722030,50.813354,43.678660
3,1.567562,6.913484,quadratic,450,150,rosenbrock,6,0.067443,1.551921,1.796166,544.881226,41.182235
3,1.567562,1.313208,quadratic,450,150,rosenbrock,6,0.468833,3.045919,4.055488,24.152206,43.946745
3,0.200000,10.000000,exponential_3,450,150,rosenbrock,6,0.005758,2.040079,2.643044,2.185673,31.039405
3,0.200000,5.748380,exponential_3,450,150,rosenbrock,6,0.186954,19.061337,5.501814,54.443390,32.520365
3,1.925946,0.521886,quadratic,450,150,rosenbrock,6,0.018885,4.114116,4.936785,64.228523,44.603965
3,1.567562,2.284483,quadratic,450,150,rosenbrock,6,0.460655,0.610076,0.639685,1.047807,43.594185
3,1.925946,0.300000,quadratic,450,150,rosenbrock,6,2.251915,91.433388,123.992661,247.876602,43.102310
3,0.245725,0.433935,exponential_3,450,150,rosenbrock,6,164.793243,1276.481445,1383.884277,1284.326416,31.636935
3,2.366266,0.627664,quadratic,450,150,rosenbrock,6,0.031058,3.092144,3.670753,41.742050,41.265570
3,1.567562,3.974133,quadratic,450,150,rosenbrock,6,0.035436,0.597536,0.819967,1.179902,45.354170
3,1.925946,0.907884,quadratic,450,150,rosenbrock,6,0.081934,3.173131,3.767996,21.320259,45.525685
3,1.925946,8.314736,quadratic,450,150,rosenbrock,6,2.020935,3.581874,4.303793,37.827015,41.281315
3,1.925946,1.579374,quadratic,450,150,rosenbrock,6,0.000281,0.793196,0.898223,1.977163,44.914180
3,5.391897,1.899487,quadratic,450,150,rosenbrock,6,0.013145,2.218332,1.753309,544.760559,32.136655
3,6.624620,0.754882,quadratic,450,150,rosenbrock,6,0.007916,0.409440,0.535182,1.052376,31.833280
3,1.925946,4.779626,quadratic,450,150,rosenbrock,6,0.057782,1.859586,1.751942,1.799078,41.257605
3,5.391897,5.748380,quadratic,450,150,rosenbrock,6,0.200323,4.025012,5.054625,749.435120,33.976975
3,5.391897,3.304387,quadratic,450,150,rosenbrock,6,0.000020,3.786274,5.419440,999.492798,34.989845
3,5.391897,10.000000,quadratic,450,150,rosenbrock,6,0.276683,4.881069,5.507483,46.190273,34.797410
3,6.624620,0.433935,quadratic,450,150,rosenbrock,6,0.011135,1.396718,1.286512,2.537214,35.499725
3,0.245725,0.754882,exponential_3,450,150,rosenbrock,6,80.779312,754.104614,974.191528,811.849731,33.910860
3,1.925946,2.747511,quadratic,450,150,rosenbrock,6,0.024050,0.444465,0.588839,0.971055,45.424015
3,2.366266,3.304387,quadratic,450,150,rosenbrock,6,0.001754,1.501897,1.391819,1.921637,42.224170
3,2.907255,0.433935,quadratic,450,150,rosenbrock,6,0.415929,4.310357,5.351256,39.095669,40.114975
3,2.366266,0.360805,quadratic,450,150,rosenbrock,6,0.524015,5.271606,5.489099,171.601654,45.145285
3,6.624620,1.313208,quadratic,450,150,rosenbrock,6,0.016275,1.873931,1.625363,2.019942,32.650260
3,6.624620,2.284483,quadratic,450,150,rosenbrock,6,0.128217,2.654106,2.977168,2.836861,33.458485
3,2.366266,1.091897,quadratic,450,150,rosenbrock,6,0.020009,0.976398,1.313227,1.525108,46.632925
3,6.624620,6.913484,quadratic,450,150,rosenbrock,6,0.294969,3.728990,4.805972,295.550995,31.232265
3,6.624620,3.974133,quadratic,450,150,rosenbrock,6,0.001001,4.416646,5.420172,749.308533,32.610835
3,2.366266,5.748380,quadratic,450,150,rosenbrock,6,0.070117,2.508468,2.646432,2.462368,46.933560
3,8.139176,0.521886,quadratic,450,150,rosenbrock,6,0.130387,0.409877,0.481171,1.084071,30.378545
3,8.139176,0.300000,quadratic,450,150,rosenbrock,6,0.241584,2.311949,1.981469,9.833881,31.689040
3,2.366266,1.899487,quadratic,450,150,rosenbrock,6,0.043124,0.468523,0.505694,0.893860,46.974955
3,2.907255,1.313208,quadratic,450,150,rosenbrock,6,0.000439,0.310631,0.391379,0.599378,41.236795
3,2.907255,0.754882,quadratic,450,150,rosenbrock,6,0.057386,2.173976,2.283305,1.834057,43.838630
3,2.366266,10.000000,quadratic,450,150,rosenbrock,6,0.110152,3.588019,4.733434,65.850433,39.352670
3,8.139176,0.907884,quadratic,450,150,rosenbrock,6,0.025600,1.379924,1.258752,1.811262,30.061045
3,2.907255,2.284483,quadratic,450,150,rosenbrock,6,0.008653,0.656784,0.872251,1.328247,42.401250
3,2.907255,3.974133,quadratic,450,150,rosenbrock,6,0.534238,2.954802,3.302710,544.619934,40.327690
3,3.571927,0.521886,quadratic,450,150,rosenbrock,6,0.526424,2.386215,2.807850,1.780274,47.160275
3,8.139176,1.579374,quadratic,450,150,rosenbrock,6,0.004763,2.176783,2.397725,544.767578,33.150770
3,8.139176,4.779626,quadratic,450,150,rosenbrock,6,0.715766,4.594190,5.429540,749.176758,32.691475
3,8.139176,2.747511,quadratic,450,150,rosenbrock,6,0.265730,3.896139,5.189600,892.452881,32.068275
3,3.571927,1.579374,quadratic,450,150,rosenbrock,6,0.017603,0.576571,0.742329,1.134423,45.228430
3,3.571927,2.747511,quadratic,450,150,rosenbrock,6,0.010062,2.682737,3.340723,2.101196,37.510205
3,8.139176,8.314736,quadratic,450,150,rosenbrock,6,0.610713,27.824764,11.360863,882.567932,32.895285
3,3.571927,0.907884,quadratic,450,150,rosenbrock,6,0.000271,0.505611,0.652749,1.673332,43.982070
3,3.571927,8.314736,quadratic,450,150,rosenbrock,6,0.036457,3.815470,5.419592,749.490479,38.006390
3,10.000000,0.360805,quadratic,450,150,rosenbrock,6,0.027423,0.272960,0.306261,0.597858,30.816005
3,2.907255,6.913484,quadratic,450,150,rosenbrock,6,0.287342,4.022505,4.969299,999.337708,47.061985
3,10.000000,0.627664,quadratic,450,150,rosenbrock,6,0.001022,1.076539,0.882108,1.421582,31.263960
3,3.571927,0.300000,quadratic,450,150,rosenbrock,6,0.609674,11.398769,4.873683,70.943329,45.305840
3,4.388561,0.360805,quadratic,450,150,rosenbrock,6,0.319090,3.143480,3.692811,37.714458,39.038375
3,10.000000,1.091897,quadratic,450,150,rosenbrock,6,0.027874,1.967242,2.168737,544.802063,31.023120
3,4.388561,5.748380,quadratic,450,150,rosenbrock,6,0.000134,2.007011,2.354894,2.269911,37.034010
3,0.245725,1.313208,exponential_3,450,150,rosenbrock,6,81.600952,372.553253,401.567780,370.163391,48.458315
3,4.388561,1.899487,quadratic,450,150,rosenbrock,6,0.049049,1.505839,1.568278,1.871706,43.545385
3,10.000000,1.899487,quadratic,450,150,rosenbrock,6,1.462144,3.465940,4.265853,2.635034,32.142090
3,4.388561,3.304387,quadratic,450,150,rosenbrock,6,0.147476,2.882179,2.538736,1.915580,42.532750
3,10.000000,3.304387,quadratic,450,150,rosenbrock,6,0.045096,3.451048,4.254200,3.405155,28.533275
3,4.388561,1.091897,quadratic,450,150,rosenbrock,6,0.005706,0.422425,0.604328,0.980508,36.983545
3,4.388561,10.000000,quadratic,450,150,rosenbrock,6,0.254866,3.801870,4.458447,3.038465,41.913380
3,3.571927,4.779626,quadratic,450,150,rosenbrock,6,0.061606,3.571314,5.419417,747.664368,38.093590
3,4.388561,0.627664,quadratic,450,150,rosenbrock,6,0.040777,1.090002,1.232813,1.401136,41.363405
3,0.200000,0.433935,exponential_3,450,150,rosenbrock,6,231.410629,1625.142944,1683.724731,1907.080933,31.371240
3,0.200000,3.974133,exponential_3,450,150,rosenbrock,6,1.296480,19.148880,11.548900,136.595871,30.418765
3,0.200000,0.754882,exponential_3,450,150,rosenbrock,6,124.775459,715.716431,749.037659,1194.717529,31.666320
3,0.200000,1.313208,exponential_3,450,150,rosenbrock,6,121.159088,527.328857,561.322510,531.445374,30.756830
3,0.245725,3.974133,exponential_3,450,150,rosenbrock,6,2.208271,7.321423,5.551319,69.314468,39.027285
3,0.200000,2.284483,exponential_3,450,150,rosenbrock,6,4.398273,120.389481,156.270172,170.968613,30.179775
3,10.000000,10.000000,quadratic,450,150,rosenbrock,6,14.517215,68.465637,82.759583,280.260925,33.145775
3,10.000000,5.748380,quadratic,450,150,rosenbrock,6,0.622915,6.095488,6.263044,747.565613,33.198490
3,0.245725,2.284483,exponential_3,450,150,rosenbrock,6,4.283282,79.991951,113.561172,183.147568,42.509160
3,0.245725,6.913484,exponential_3,450,150,rosenbrock,6,1.034157,3.356677,3.692504,1.525891,40.267475
3,5.391897,0.433935,quadratic,450,150,rosenbrock,6,0.108935,1.370592,1.623333,1.578587,43.807475
3,0.245725,0.300000,exponential_3,450,150,rosenbrock,6,37.217720,1119.391357,1290.788086,1660.674072,31.581335
3,0.301904,0.300000,exponential_3,450,150,rosenbrock,6,181.445587,1082.530762,1113.896240,1854.264526,40.335520
3,0.200000,6.913484,exponential_3,450,150,rosenbrock,6,0.305587,3.332991,4.140688,59.308350,32.465225
3,5.391897,0.754882,quadratic,450,150,rosenbrock,6,0.000222,0.397300,0.545775,1.345938,42.942905
3,5.391897,1.313208,quadratic,450,150,rosenbrock,6,0.050258,0.795528,0.909482,1.412761,41.055750
3,0.245725,0.521886,exponential_3,450,150,rosenbrock,6,33.407661,1067.363037,1459.284912,965.266113,29.724820
3,0.301904,0.907884,exponential_3,450,150,rosenbrock,6,17.885014,537.146423,818.898438,810.718933,36.965240
3,0.301904,0.521886,exponential_3,450,150,rosenbrock,6,204.572662,1177.597168,1471.749023,885.190369,40.158160
3,0.301904,4.779626,exponential_3,450,150,rosenbrock,6,0.167184,3.825831,4.174594,30.939249,36.063260
3,0.301904,2.747511,exponential_3,450,150,rosenbrock,6,0.776219,36.034782,46.712837,78.715118,38.835155
3,0.301904,1.579374,exponential_3,450,150,rosenbrock,6,10.575384,165.127243,160.249847,391.020172,40.141770
3,6.624620,0.907884,quadratic,450,150,rosenbrock,6,0.007820,0.652674,0.832325,1.068902,31.090440
3,0.370927,0.360805,exponential_3,450,150,rosenbrock,6,116.370026,1114.192261,1436.516846,494.610321,37.495175
3,0.245725,0.907884,exponential_3,450,150,rosenbrock,6,22.279976,656.758118,886.142578,882.206055,30.476725
3,0.301904,8.314736,exponential_3,450,150,rosenbrock,6,0.298439,2.615217,2.888145,2.014050,40.473640
3,6.624620,0.521886,quadratic,450,150,rosenbrock,6,0.001160,0.453713,0.539869,0.902544,32.665885
3,5.391897,3.974133,quadratic,450,150,rosenbrock,6,0.705920,4.106345,5.419440,544.312866,33.625690
3,0.370927,1.091897,exponential_3,450,150,rosenbrock,6,1.897235,295.649109,308.444580,330.265961,37.624570
3,5.391897,6.913484,quadratic,450,150,rosenbrock,6,0.704287,5.528734,5.580378,887.984497,34.492395
3,6.624620,0.300000,quadratic,450,150,rosenbrock,6,0.098315,2.570589,2.779181,31.513971,34.725540
3,5.391897,2.284483,quadratic,450,150,rosenbrock,6,0.004899,2.749807,3.902459,544.657898,35.857105
3,0.370927,0.627664,exponential_3,450,150,rosenbrock,6,79.130829,700.902954,763.432007,1026.449829,40.912120
3,0.370927,1.899487,exponential_3,450,150,rosenbrock,6,0.672356,35.225723,32.564152,212.907654,38.996475
3,0.370927,5.748380,exponential_3,450,150,rosenbrock,6,0.157874,2.536877,3.033002,1.466347,38.509000
3,0.370927,3.304387,exponential_3,450,150,rosenbrock,6,0.396372,17.103954,6.630253,49.906780,39.238480
3,6.624620,8.314736,quadratic,450,150,rosenbrock,6,1.398737,5.779992,6.717129,543.651428,29.352235
3,6.624620,1.579374,quadratic,450,150,rosenbrock,6,0.071872,2.214781,1.922771,2.382464,31.840550
3,6.624620,4.779626,quadratic,450,150,rosenbrock,6,0.054910,4.949582,5.419751,746.073669,29.848565
3,6.624620,2.747511,quadratic,450,150,rosenbrock,6,0.051109,3.581405,5.419439,544.547058,32.785395
3,0.455730,0.433935,exponential_3,450,150,rosenbrock,6,18.797541,563.714172,570.887451,699.770996,37.430045
3,0.370927,10.000000,exponential_3,450,150,rosenbrock,6,0.016283,1.300285,1.970255,2.565437,41.038700
3,8.139176,0.627664,quadratic,450,150,rosenbrock,6,0.012789,0.384797,0.377776,1.038513,29.453050
3,0.455730,2.284483,exponential_3,450,150,rosenbrock,6,0.087789,13.245165,7.326962,169.687225,37.538420
3,0.455730,0.754882,exponential_3,450,150,rosenbrock,6,23.297054,277.617828,271.333038,373.625977,39.715705
3,0.455730,3.974133,exponential_3,450,150,rosenbrock,6,0.006719,4.057986,4.298052,50.327335,35.373680
3,8.139176,0.360805,quadratic,450,150,rosenbrock,6,0.011691,1.175559,1.221456,17.004452,31.602685
3,0.455730,1.313208,exponential_3,450,150,rosenbrock,6,5.443443,56.571930,72.441650,87.296814,39.626575
3,8.139176,1.091897,quadratic,450,150,rosenbrock,6,0.080529,1.587931,1.471986,1.951886,28.991095
3,8.139176,5.748380,quadratic,450,150,rosenbrock,6,0.217265,33.440655,10.069398,881.246826,27.308735
3,0.455730,6.913484,exponential_3,450,150,rosenbrock,6,0.089377,1.939114,2.192971,1.717313,40.198370
3,8.139176,1.899487,quadratic,450,150,rosenbrock,6,0.006462,3.535227,3.578178,999.486938,29.564805
3,0.559922,1.579374,exponential_3,450,150,rosenbrock,6,0.248862,11.162793,7.548165,201.286819,35.277865
3,0.559922,0.300000,exponential_3,450,150,rosenbrock,6,178.240143,749.992249,887.532227,1307.647949,39.003440
3,8.139176,3.304387,quadratic,450,150,rosenbrock,6,1.085178,13.709052,4.728877,996.291321,30.380065
3,0.559922,0.521886,exponential_3,450,150,rosenbrock,6,78.826454,354.726990,376.912262,480.190918,38.342695
3,8.139176,10.000000,quadratic,450,150,rosenbrock,6,5.764064,40.150967,26.025354,737.684326,28.440725
3,0.559922,0.907884,exponential_3,450,150,rosenbrock,6,4.211725,80.862312,103.660469,193.533295,38.512935
3,0.559922,2.747511,exponential_3,450,150,rosenbrock,6,0.056125,3.393955,4.457989,63.278637,37.755360
3,10.000000,0.754882,quadratic,450,150,rosenbrock,6,0.045441,0.956124,1.210783,1.592374,28.171515
3,10.000000,0.433935,quadratic,450,150,rosenbrock,6,0.116246,0.487132,0.548316,1.490307,30.966145
3,0.559922,4.779626,exponential_3,450,150,rosenbrock,6,0.020592,1.956491,2.636822,1.676777,38.920875
3,10.000000,1.313208,quadratic,450,150,rosenbrock,6,0.153664,3.224323,5.259798,544.570557,28.200270
3,0.687934,0.627664,exponential_3,450,150,rosenbrock,6,15.914200,189.801163,235.934357,291.729675,37.516170
3,0.687934,1.899487,exponential_3,450,150,rosenbrock,6,0.373541,3.364506,3.736838,90.146523,36.903630
3,0.559922,8.314736,exponential_3,450,150,rosenbrock,6,0.160036,1.525831,1.806172,1.239542,42.798260
3,0.687934,0.360805,exponential_3,450,150,rosenbrock,6,62.356922,483.267761,578.643066,782.657410,40.954940
3,0.687934,1.091897,exponential_3,450,150,rosenbrock,6,5.225346,25.026085,24.206955,69.397896,39.972555
3,10.000000,2.284483,quadratic,450,150,rosenbrock,6,0.087775,3.592286,4.448257,761.120117,30.673080
3,10.000000,3.974133,quadratic,450,150,rosenbrock,6,0.885871,12.123272,4.999964,996.402649,30.892800
3,0.687934,10.000000,exponential_3,450,150,rosenbrock,6,0.000026,1.428130,1.542538,1.983828,36.704520
3,0.200000,0.521886,exponential_3,450,150,rosenbrock,6,125.369957,1295.458496,1404.035400,959.296326,29.045350
3,0.687934,3.304387,exponential_3,450,150,rosenbrock,6,0.059129,2.801986,3.304483,2.494814,41.332445
3,0.200000,0.907884,exponential_3,450,150,rosenbrock,6,107.754623,779.517273,914.626160,2183.039551,28.857275
3,0.200000,0.300000,exponential_3,450,150,rosenbrock,6,462.437103,2335.941650,2695.992432,2403.574219,28.483280
3,0.845213,0.433935,exponential_3,450,150,rosenbrock,6,7.824095,147.750809,174.332428,260.654449,38.382400
3,0.200000,4.779626,exponential_3,450,150,rosenbrock,6,0.339930,16.966249,6.048332,48.790085,31.479640
3,0.200000,1.579374,exponential_3,450,150,rosenbrock,6,37.634911,221.238464,231.292862,476.109650,31.136665
3,0.200000,2.747511,exponential_3,450,150,rosenbrock,6,2.063886,68.279968,78.749908,192.779343,30.653660
3,0.687934,5.748380,exponential_3,450,150,rosenbrock,6,0.002061,1.331228,2.040721,1.424032,43.645055
3,10.000000,6.913484,quadratic,450,150,rosenbrock,6,4.026912,10.665524,13.989563,55.501602,32.392495
3,0.245725,0.360805,exponential_3,450,150,rosenbrock,6,104.726868,1367.554199,1345.716064,1578.468506,29.851145
3,0.200000,8.314736,exponential_3,450,150,rosenbrock,6,0.472497,4.753857,4.164557,72.582336,29.900345
3,0.845213,0.754882,exponential_3,450,150,rosenbrock,6,1.566556,55.093666,52.436386,105.611626,42.543850
3,0.245725,0.627664,exponential_3,450,150,rosenbrock,6,140.998398,949.305481,1058.559326,945.120422,28.433530
3,0.245725,1.579374,exponential_3,450,150,rosenbrock,6,13.944157,158.927322,195.200577,429.470306,43.562755
3,0.845213,1.313208,exponential_3,450,150,rosenbrock,6,0.912396,8.138983,5.205645,134.064056,42.521225
3,1.038450,0.300000,exponential_3,450,150,rosenbrock,6,10.375853,285.866913,286.439362,439.377686,38.918165
3,0.845213,2.284483,exponential_3,450,150,rosenbrock,6,0.019379,3.212711,3.511174,41.668045,41.323390
3,0.845213,3.974133,exponential_3,450,150,rosenbrock,6,0.139528,2.025748,2.270677,0.929070,41.734565
3,0.845213,6.913484,exponential_3,450,150,rosenbrock,6,0.012425,1.083164,1.625998,1.229910,41.333010
3,1.038450,1.313208,exponential_3,450,150,rosenbrock,6,0.048223,3.642560,4.391201,46.135357,28.503625
3,1.038450,0.433935,exponential_3,450,150,rosenbrock,6,19.163757,127.214355,118.433731,218.944717,38.945455
3,0.245725,2.747511,exponential_3,450,150,rosenbrock,6,3.172465,65.429657,60.344955,145.291382,41.571845
3,1.038450,2.747511,exponential_3,450,150,rosenbrock,6,0.009490,1.841225,2.547953,1.633777,28.771160
3,0.245725,4.779626,exponential_3,450,150,rosenbrock,6,0.035774,5.202476,4.285683,62.970764,44.822025
3,0.245725,8.314736,exponential_3,450,150,rosenbrock,6,0.055733,2.770488,3.057710,26.024757,43.358120
3,1.038450,1.899487,exponential_3,450,150,rosenbrock,6,0.153776,3.662368,3.615315,1.607921,30.743655
3,0.301904,0.360805,exponential_3,450,150,rosenbrock,6,322.747528,1689.689453,2131.711182,1544.509521,42.302545
3,0.245725,1.091897,exponential_3,450,150,rosenbrock,6,4.321589,385.240814,404.184967,588.524719,34.170220
3,1.038450,0.907884,exponential_3,450,150,rosenbrock,6,0.791441,4.882679,5.095160,64.321030,40.935920
3,1.038450,3.974133,exponential_3,450,150,rosenbrock,6,0.001759,1.122068,1.637147,2.317672,31.392505
3,1.038450,5.748380,exponential_3,450,150,rosenbrock,6,0.016430,1.049052,1.462825,1.686380,30.605600
3,0.301904,1.091897,exponential_3,450,150,rosenbrock,6,5.711176,185.788376,266.555054,188.873413,40.713650
3,1.038450,0.627664,exponential_3,450,150,rosenbrock,6,3.016904,56.746819,27.323771,220.981964,44.530625
3,1.038450,8.314736,exponential_3,450,150,rosenbrock,6,0.079890,2.133796,2.468859,544.773438,33.450150
3,0.301904,5.748380,exponential_3,450,150,rosenbrock,6,0.104854,2.973684,3.629407,49.286793,42.290600
3,0.301904,0.627664,exponential_3,450,150,rosenbrock,6,42.610897,831.226074,1113.559204,838.512695,43.540040
3,0.301904,1.899487,exponential_3,450,150,rosenbrock,6,1.484427,85.356850,94.781815,259.647095,40.907480
3,1.275867,0.433935,exponential_3,450,150,rosenbrock,6,2.243155,73.822258,99.547920,335.680756,28.600765
3,1.275867,0.300000,exponential_3,450,150,rosenbrock,6,47.712193,224.527023,286.005829,299.020721,30.724050
3,0.301904,3.304387,exponential_3,450,150,rosenbrock,6,0.001332,3.446971,4.237755,10.413574,44.122890
3,0.370927,0.433935,exponential_3,450,150,rosenbrock,6,43.580250,1204.893066,1597.161621,1575.247192,44.108015
3,0.301904,10.000000,exponential_3,450,150,rosenbrock,6,0.000108,1.906110,2.352822,34.857460,42.560105
3,1.275867,0.627664,exponential_3,450,150,rosenbrock,6,0.797864,49.316654,69.176544,137.513031,31.609370
3,1.275867,0.907884,exponential_3,450,150,rosenbrock,6,1.743957,12.377321,5.593466,68.171005,31.931430
3,1.275867,1.313208,exponential_3,450,150,rosenbrock,6,0.346861,3.396929,4.491996,51.910721,30.099800
3,0.370927,0.754882,exponential_3,450,150,rosenbrock,6,145.908035,527.586365,704.939819,362.929291,40.174725
3,0.370927,1.313208,exponential_3,450,150,rosenbrock,6,4.599714,169.224472,200.646912,324.629211,43.515445
3,0.370927,6.913484,exponential_3,450,150,rosenbrock,6,1.751690,2.643396,2.887751,0.982840,43.660460
3,0.370927,3.974133,exponential_3,450,150,rosenbrock,6,1.471341,4.603974,5.031861,24.943312,42.837620
3,1.275867,1.899487,exponential_3,450,150,rosenbrock,6,0.033411,1.969429,2.708611,15.857598,33.493030
3,0.370927,2.284483,exponential_3,450,150,rosenbrock,6,2.685463,26.708946,18.357996,131.978928,45.532895
3,1.275867,3.974133,exponential_3,450,150,rosenbrock,6,0.000611,1.021134,1.445048,1.665773,32.647705
3,1.275867,2.747511,exponential_3,450,150,rosenbrock,6,0.000293,1.799179,1.976794,1.974526,34.734460
3,0.455730,0.521886,exponential_3,450,150,rosenbrock,6,104.448692,720.303711,908.414307,641.864807,42.236265
3,0.455730,8.314736,exponential_3,450,150,rosenbrock,6,0.045078,1.691858,2.151016,21.693483,34.622720
3,1.275867,5.748380,exponential_3,450,150,rosenbrock,6,0.043770,0.982259,1.158031,1.739874,34.155165
3,0.455730,2.747511,exponential_3,450,150,rosenbrock,6,0.014796,3.902599,4.578815,59.541756,39.968780
3,1.567562,0.300000,exponential_3,450,150,rosenbrock,6,4.333376,117.331589,147.412781,146.644409,32.427010
3,1.567562,0.433935,exponential_3,450,150,rosenbrock,6,4.657763,49.522408,42.461311,98.254044,29.987875
3,1.275867,8.314736,exponential_3,450,150,rosenbrock,6,0.035081,2.527084,3.033646,2.055172,33.888580
3,0.455730,4.779626,exponential_3,450,150,rosenbrock,6,0.512759,2.341156,2.591376,21.688303,40.120670
3,0.455730,0.907884,exponential_3,450,150,rosenbrock,6,8.757253,234.517029,292.036407,331.268433,41.483970
3,0.455730,0.300000,exponential_3,450,150,rosenbrock,6,31.869635,1442.456543,1673.783203,1431.090088,45.074015
3,1.567562,0.627664,exponential_3,450,150,rosenbrock,6,1.510918,18.264759,5.274552,77.600105,32.081565
3,1.567562,0.907884,exponential_3,450,150,rosenbrock,6,0.086883,10.866756,5.393737,65.582802,33.336160
3,0.559922,1.899487,exponential_3,450,150,rosenbrock,6,0.073083,3.785553,4.328745,183.847672,40.599755
3,0.559922,0.360805,exponential_3,450,150,rosenbrock,6,56.321793,438.846558,468.936584,507.626648,40.050885
3,0.455730,1.579374,exponential_3,450,150,rosenbrock,6,0.322791,44.485252,45.793434,177.727219,43.860185
3,1.567562,2.747511,exponential_3,450,150,rosenbrock,6,0.020054,0.919059,1.279675,1.199525,29.349210
3,0.559922,1.091897,exponential_3,450,150,rosenbrock,6,0.512271,69.372444,93.634392,132.813217,39.364930
3,0.559922,3.304387,exponential_3,450,150,rosenbrock,6,0.001891,2.351515,3.383047,26.437468,38.624195
3,1.567562,1.899487,exponential_3,450,150,rosenbrock,6,0.016156,2.340938,2.681394,2.389300,31.478700
3,1.567562,1.313208,exponential_3,450,150,rosenbrock,6,0.113613,2.488674,3.173640,1.558408,32.354405
3,0.559922,0.627664,exponential_3,450,150,rosenbrock,6,5.440998,177.785919,230.175797,289.357605,42.543135
3,1.567562,3.974133,exponential_3,450,150,rosenbrock,6,0.002145,1.140270,1.410451,1.722646,31.939700
3,1.567562,5.748380,exponential_3,450,150,rosenbrock,6,0.316699,1.833734,1.590822,2.462425,31.675020
3,0.559922,10.000000,exponential_3,450,150,rosenbrock,6,0.298883,1.975972,1.903420,1.719952,37.289020
3,0.559922,5.748380,exponential_3,450,150,rosenbrock,6,0.126898,1.796755,2.313891,23.342562,41.306430
3,1.925946,0.433935,exponential_3,450,150,rosenbrock,6,0.714665,12.983151,7.082801,146.846130,30.490820
3,1.567562,8.314736,exponential_3,450,150,rosenbrock,6,0.055223,1.596853,1.498001,1.900499,31.398510
3,1.925946,0.907884,exponential_3,450,150,rosenbrock,6,0.009988,2.176425,3.281164,2.039049,27.608170
3,0.687934,1.313208,exponential_3,450,150,rosenbrock,6,0.800106,24.902544,19.368086,79.499596,36.911865
3,0.687934,0.754882,exponential_3,450,150,rosenbrock,6,0.737773,109.356529,130.176498,211.737152,41.270345
3,1.925946,0.627664,exponential_3,450,150,rosenbrock,6,0.892677,3.983399,4.903169,45.819996,29.721420
3,1.925946,0.300000,exponential_3,450,150,rosenbrock,6,5.569104,61.191799,76.745712,138.056992,32.618985
3,0.845213,0.300000,exponential_3,450,150,rosenbrock,6,79.542999,513.952576,608.856262,813.610107,36.913115
3,0.687934,2.284483,exponential_3,450,150,rosenbrock,6,0.004026,3.073056,3.721621,32.593113,41.574890
3,0.687934,0.433935,exponential_3,450,150,rosenbrock,6,10.160167,202.036118,186.632355,276.869995,40.384195
3,1.925946,1.313208,exponential_3,450,150,rosenbrock,6,0.245665,2.413939,2.869651,17.847010,29.339155
3,0.845213,0.521886,exponential_3,450,150,rosenbrock,6,46.578411,167.735641,173.572495,220.110168,36.111600
3,0.687934,3.974133,exponential_3,450,150,rosenbrock,6,0.211019,2.318856,2.780966,21.813501,38.611300
3,1.925946,1.899487,exponential_3,450,150,rosenbrock,6,0.007136,1.810516,2.120906,1.698343,29.122095
3,1.038450,1.579374,exponential_3,450,150,rosenbrock,6,0.053100,2.724751,3.707838,1.814842,27.282350
3,1.038450,3.304387,exponential_3,450,150,rosenbrock,6,0.026493,1.356514,1.833920,1.188350,26.113165
3,0.687934,6.913484,exponential_3,450,150,rosenbrock,6,0.044092,1.285146,1.669507,2.129296,43.539415
3,0.845213,2.747511,exponential_3,450,150,rosenbrock,6,0.475250,2.604288,3.151904,2.456019,37.308885
3,0.845213,1.579374,exponential_3,450,150,rosenbrock,6,0.119443,3.274444,4.135028,35.167587,40.628575
3,1.038450,2.284483,exponential_3,450,150,rosenbrock,6,0.021826,2.106057,2.952048,28.497284,30.197465
3,0.245725,1.899487,exponential_3,450,150,rosenbrock,6,14.258530,118.212234,126.531693,195.010483,42.649415
3,1.925946,2.747511,exponential_3,450,150,rosenbrock,6,0.025670,0.991388,1.396379,1.671274,29.176875
3,1.038450,0.360805,exponential_3,450,150,rosenbrock,6,9.217232,168.938110,185.630341,286.378723,40.696745
3,0.845213,0.907884,exponential_3,450,150,rosenbrock,6,0.158453,61.631989,30.010077,170.983185,45.656870
3,1.038450,6.913484,exponential_3,450,150,rosenbrock,6,0.000169,1.935387,1.629533,2.057477,29.895145
3,1.038450,0.521886,exponential_3,450,150,rosenbrock,6,5.435721,72.824036,70.291908,233.486679,38.099125
3,0.845213,8.314736,exponential_3,450,150,rosenbrock,6,0.011060,0.830475,1.174021,1.679444,40.349140
3,0.845213,4.779626,exponential_3,450,150,rosenbrock,6,0.039858,1.469536,1.611370,14.436732,43.793140
3,1.038450,4.779626,exponential_3,450,150,rosenbrock,6,0.213771,1.348845,1.611987,1.313973,33.539190
3,1.038450,10.000000,exponential_3,450,150,rosenbrock,6,0.139331,2.255724,1.745098,2.894514,31.853710
3,0.301904,0.433935,exponential_3,450,150,rosenbrock,6,163.470459,919.642639,1216.919189,1182.765137,37.900520
3,1.038450,1.091897,exponential_3,450,150,rosenbrock,6,2.401239,5.362262,4.695651,76.744637,37.130475
3,0.245725,3.304387,exponential_3,450,150,rosenbrock,6,2.181154,40.014652,33.763805,159.889816,43.389735
3,1.275867,0.360805,exponential_3,450,150,rosenbrock,6,6.330797,128.397522,151.428345,250.642105,31.685875
3,0.245725,5.748380,exponential_3,450,150,rosenbrock,6,1.513923,3.638302,4.062453,72.411728,42.422490
3,1.275867,0.521886,exponential_3,450,150,rosenbrock,6,3.681204,76.605370,55.356438,134.582291,33.978975
3,0.245725,10.000000,exponential_3,450,150,rosenbrock,6,0.194744,2.120968,2.652524,1.336300,45.948345
3,1.275867,0.754882,exponential_3,450,150,rosenbrock,6,0.697396,12.980499,6.890818,152.043991,35.402245
3,0.301904,1.313208,exponential_3,450,150,rosenbrock,6,18.313498,262.676727,278.992065,280.754395,43.029735
3,0.301904,6.913484,exponential_3,450,150,rosenbrock,6,1.725866,2.745391,3.159603,1.353449,40.439900
3,1.275867,1.091897,exponential_3,450,150,rosenbrock,6,0.192208,3.211390,4.045702,63.828056,35.642700
3,1.038450,0.754882,exponential_3,450,150,rosenbrock,6,3.683501,38.452930,15.787041,137.715485,42.669150
3,1.275867,1.579374,exponential_3,450,150,rosenbrock,6,0.158163,2.814512,3.192929,34.980335,36.155700
3,0.301904,2.284483,exponential_3,450,150,rosenbrock,6,2.568112,70.033737,56.190857,134.263977,40.280810
3,0.370927,0.907884,exponential_3,450,150,rosenbrock,6,11.512300,194.522018,223.636627,247.970444,39.028670
3,1.275867,4.779626,exponential_3,450,150,rosenbrock,6,0.000076,1.168479,1.665813,1.601263,36.161930
3,1.275867,10.000000,exponential_3,450,150,rosenbrock,6,0.000857,2.274687,1.508103,2.201378,34.585655
3,1.275867,2.284483,exponential_3,450,150,rosenbrock,6,0.033522,1.441471,1.887502,1.631663,38.191095
3,0.301904,0.754882,exponential_3,450,150,rosenbrock,6,97.710968,564.841125,699.527283,398.832672,45.866705
3,1.567562,0.360805,exponential_3,450,150,rosenbrock,6,13.798514,103.266212,148.745087,152.527191,35.592825
3,0.370927,0.300000,exponential_3,450,150,rosenbrock,6,209.071289,926.289001,1251.442871,1118.215210,43.328075
3,1.275867,3.304387,exponential_3,450,150,rosenbrock,6,0.064518,1.221757,1.543061,2.249669,38.330085
3,0.370927,4.779626,exponential_3,450,150,rosenbrock,6,0.712322,3.283000,3.945346,37.179928,40.783695
3,1.567562,0.521886,exponential_3,450,150,rosenbrock,6,3.125698,19.815536,12.087248,85.480682,36.956250
3,0.370927,0.521886,exponential_3,450,150,rosenbrock,6,336.947815,864.171692,1046.009521,1605.694458,45.147830
3,1.275867,6.913484,exponential_3,450,150,rosenbrock,6,0.008369,2.467838,2.382916,544.662048,38.045365
3,0.301904,3.974133,exponential_3,450,150,rosenbrock,6,0.459294,4.180312,5.309195,40.601120,46.247215
3,0.370927,2.747511,exponential_3,450,150,rosenbrock,6,0.795385,4.574274,5.330589,139.491150,40.724760
3,0.370927,8.314736,exponential_3,450,150,rosenbrock,6,0.001765,1.663583,2.217846,2.606090,43.091190
3,0.370927,1.579374,exponential_3,450,150,rosenbrock,6,3.927110,85.108627,89.542740,162.428146,44.688990
3,1.567562,1.091897,exponential_3,450,150,rosenbrock,6,0.055905,3.435404,4.068987,56.091976,33.782800
3,1.567562,0.754882,exponential_3,450,150,rosenbrock,6,0.604255,13.268676,6.459206,116.945442,37.381500
3,0.455730,5.748380,exponential_3,450,150,rosenbrock,6,0.603587,2.529671,3.008217,1.499896,41.327875
3,0.455730,0.627664,exponential_3,450,150,rosenbrock,6,142.449188,412.044403,454.323975,478.288116,45.254965
3,0.455730,0.360805,exponential_3,450,150,rosenbrock,6,172.285904,746.344055,970.814453,752.649292,39.533345
3,0.455730,1.091897,exponential_3,450,150,rosenbrock,6,57.139236,277.733093,192.612579,349.946472,42.142905
3,1.567562,3.304387,exponential_3,450,150,rosenbrock,6,0.001746,1.631791,1.742270,1.952179,35.446360
3,0.455730,10.000000,exponential_3,450,150,rosenbrock,6,0.003414,1.370568,1.777942,1.385347,46.674955
3,0.455730,3.304387,exponential_3,450,150,rosenbrock,6,0.059842,3.218858,4.228647,84.260750,46.236500
3,1.567562,1.579374,exponential_3,450,150,rosenbrock,6,0.001822,2.822206,3.316420,16.815174,32.226805
3,1.567562,2.284483,exponential_3,450,150,rosenbrock,6,0.011627,1.727269,2.142704,1.423800,34.421310
3,1.567562,4.779626,exponential_3,450,150,rosenbrock,6,0.007281,1.361939,1.569469,1.541962,31.594910
3,0.559922,0.433935,exponential_3,450,150,rosenbrock,6,49.455124,400.941833,411.388611,816.517212,39.971025
3,0.559922,2.284483,exponential_3,450,150,rosenbrock,6,0.182758,3.588419,4.479456,94.766151,41.647805
3,1.925946,1.091897,exponential_3,450,150,rosenbrock,6,0.626214,3.014277,3.820949,22.708429,30.154720
3,0.455730,1.899487,exponential_3,450,150,rosenbrock,6,0.437418,23.710321,29.245747,44.861580,41.795985
3,1.567562,6.913484,exponential_3,450,150,rosenbrock,6,0.343319,1.760057,1.589497,1.859886,35.770345
3,1.925946,0.521886,exponential_3,450,150,rosenbrock,6,0.018343,24.430059,10.530492,59.987011,32.375770
3,0.559922,3.974133,exponential_3,450,150,rosenbrock,6,0.011815,7.924688,5.077038,40.275082,39.994945
3,0.559922,1.313208,exponential_3,450,150,rosenbrock,6,3.307080,35.239624,28.678089,153.408340,41.549545
3,0.559922,0.754882,exponential_3,450,150,rosenbrock,6,3.598282,131.724243,164.833588,208.924667,37.732665
3,1.567562,10.000000,exponential_3,450,150,rosenbrock,6,0.004174,2.079296,1.754236,1.972746,32.735910
3,1.925946,0.754882,exponential_3,450,150,rosenbrock,6,0.225565,7.793277,3.583649,113.083092,29.177125
3,1.925946,0.360805,exponential_3,450,150,rosenbrock,6,0.230926,29.867180,19.391457,137.310410,31.841815
3,1.925946,1.579374,exponential_3,450,150,rosenbrock,6,0.412789,1.773805,2.189565,2.733550,27.521815
3,0.559922,6.913484,exponential_3,450,150,rosenbrock,6,0.026213,1.223938,1.565413,1.563652,38.400040
3,0.687934,0.300000,exponential_3,450,150,rosenbrock,6,199.571457,747.909668,880.461670,543.567383,41.875195
3,1.925946,3.974133,exponential_3,450,150,rosenbrock,6,0.149216,1.340209,1.411075,1.947052,26.595295
3,0.687934,1.579374,exponential_3,450,150,rosenbrock,6,0.049755,4.240281,4.946273,83.568375,39.219825
3,1.925946,2.284483,exponential_3,450,150,rosenbrock,6,0.078213,1.624543,1.823563,1.750330,29.547650
3,0.687934,0.907884,exponential_3,450,150,rosenbrock,6,5.381536,62.570229,70.929291,127.630295,39.641260
3,1.925946,5.748380,exponential_3,450,150,rosenbrock,6,0.008405,2.331999,1.857354,2.153711,28.635940
3,0.687934,0.521886,exponential_3,450,150,rosenbrock,6,29.467699,240.192825,300.471680,232.656174,35.986535
3,1.925946,8.314736,exponential_3,450,150,rosenbrock,6,0.047544,2.775240,3.500636,2.452394,28.564115
3,0.845213,0.360805,exponential_3,450,150,rosenbrock,6,33.056843,332.867645,390.382202,362.056122,42.028540
3,0.687934,2.747511,exponential_3,450,150,rosenbrock,6,0.072544,2.562550,3.238727,28.880764,41.109780
3,0.845213,0.627664,exponential_3,450,150,rosenbrock,6,3.474660,68.721565,94.233276,219.622269,38.096615
3,2.366266,0.627664,exponential_3,450,150,rosenbrock,6,0.050887,3.949752,5.072786,74.038712,28.660140
3,1.925946,3.304387,exponential_3,450,150,rosenbrock,6,0.072301,1.314201,1.302640,2.426323,31.277350
3,0.687934,4.779626,exponential_3,450,150,rosenbrock,6,0.028209,1.704758,2.314668,2.124115,39.782955
3,2.366266,1.899487,exponential_3,450,150,rosenbrock,6,0.006014,1.341707,1.837593,1.926785,27.856980
3,2.366266,1.313208,exponential_3,450,150,rosenbrock,6,0.007891,1.855048,2.321636,17.759985,29.153835
3,0.687934,8.314736,exponential_3,450,150,rosenbrock,6,0.000003,1.870174,1.683096,1.887087,40.368615
3,2.907255,0.433935,exponential_3,450,150,rosenbrock,6,0.458691,3.107848,4.332220,26.776693,28.544600
3,0.845213,1.899487,exponential_3,450,150,rosenbrock,6,0.001084,3.130358,3.784791,25.812153,40.924285
3,0.845213,3.304387,exponential_3,450,150,rosenbrock,6,0.005183,2.202067,2.624121,1.351376,42.165305
3,2.366266,8.314736,exponential_3,450,150,rosenbrock,6,0.157226,2.624926,2.993219,2.451173,30.614785
3,2.366266,0.300000,exponential_3,450,150,rosenbrock,6,1.207679,27.760366,11.061563,93.358543,41.080345
3,2.366266,0.433935,exponential_3,450,150,rosenbrock,6,0.789985,13.479898,5.677997,168.372589,41.274295
3,0.845213,1.091897,exponential_3,450,150,rosenbrock,6,3.300073,17.100266,10.158952,87.319008,40.637435
3,2.907255,0.907884,exponential_3,450,150,rosenbrock,6,0.000053,2.455499,2.607474,34.486950,30.420220
3,0.845213,10.000000,exponential_3,450,150,rosenbrock,6,0.000195,0.926689,1.496234,1.889238,39.396395
3,2.366266,0.907884,exponential_3,450,150,rosenbrock,6,0.159170,2.972486,3.235975,28.470190,40.778215
3,2.907255,5.748380,exponential_3,450,150,rosenbrock,6,0.064297,1.992579,1.381783,749.953735,30.974860
3,2.907255,2.747511,exponential_3,450,150,rosenbrock,6,0.040620,1.092832,1.313246,1.706764,31.927645
3,2.366266,2.747511,exponential_3,450,150,rosenbrock,6,0.082942,1.095620,1.431122,1.045077,38.591175
3,3.571927,0.627664,exponential_3,450,150,rosenbrock,6,0.001897,3.023121,3.359156,33.277119,30.651890
3,3.571927,0.433935,exponential_3,450,150,rosenbrock,6,0.062463,2.777994,3.648869,7.673045,31.106380
3,0.845213,5.748380,exponential_3,450,150,rosenbrock,6,0.000083,1.173393,1.611635,1.468919,42.369475
3,3.571927,1.899487,exponential_3,450,150,rosenbrock,6,0.000050,2.062621,1.904581,2.075913,31.553725
3,3.571927,0.907884,exponential_3,450,150,rosenbrock,6,0.053350,2.089045,2.408666,2.164073,33.108230
3,3.571927,8.314736,exponential_3,450,150,rosenbrock,6,0.957976,2.379017,1.810173,1.872145,29.463595
3,2.366266,3.974133,exponential_3,450,150,rosenbrock,6,0.030164,1.852995,1.806861,544.826904,41.450680
3,3.571927,3.974133,exponential_3,450,150,rosenbrock,6,0.000056,2.154762,1.693710,2.167605,31.675135
3,4.388561,0.433935,exponential_3,450,150,rosenbrock,6,0.089903,3.529046,4.329850,52.210262,30.931130
3,2.907255,0.300000,exponential_3,450,150,rosenbrock,6,0.646716,18.538046,9.599836,171.841965,42.837550
3,2.366266,5.748380,exponential_3,450,150,rosenbrock,6,0.028683,1.458252,1.494851,1.813043,45.302080
3,2.907255,0.627664,exponential_3,450,150,rosenbrock,6,0.532959,2.719695,3.646348,3.719797,43.451375
3,4.388561,2.747511,exponential_3,450,150,rosenbrock,6,0.000353,0.956679,1.329636,1.815203,29.627055
3,2.907255,1.313208,exponential_3,450,150,rosenbrock,6,0.003670,2.514105,2.965685,2.041585,43.586020
3,3.571927,0.300000,exponential_3,450,150,rosenbrock,6,1.717296,6.138101,5.648752,39.762466,41.235330
3,2.907255,3.974133,exponential_3,450,150,rosenbrock,6,0.195411,1.481115,1.542743,1.809507,42.933045
3,2.907255,1.899487,exponential_3,450,150,rosenbrock,6,0.021534,1.184783,1.521234,1.460266,44.451055
3,2.907255,8.314736,exponential_3,450,150,rosenbrock,6,0.117893,2.147301,1.593597,2.039807,44.609605
3,4.388561,3.974133,exponential_3,450,150,rosenbrock,6,0.005388,2.669930,3.258820,544.672180,33.299440
3,3.571927,2.747511,exponential_3,450,150,rosenbrock,6,0.084021,0.948627,1.217456,2.283373,42.692060
3,3.571927,1.313208,exponential_3,450,150,rosenbrock,6,0.080818,1.596552,1.975425,1.076320,44.047760
3,5.391897,0.627664,exponential_3,450,150,rosenbrock,6,0.016033,1.697909,2.231017,1.332629,32.285905
3,5.391897,2.747511,exponential_3,450,150,rosenbrock,6,0.000024,1.239654,1.277933,750.156982,30.461570
3,3.571927,5.748380,exponential_3,450,150,rosenbrock,6,0.387885,2.839850,4.202896,215.863113,45.487350
3,5.391897,3.974133,exponential_3,450,150,rosenbrock,6,0.536974,2.775039,4.393930,749.739014,32.519645
3,4.388561,0.300000,exponential_3,450,150,rosenbrock,6,1.840693,9.051014,4.527348,96.673790,45.812035
3,4.388561,0.627664,exponential_3,450,150,rosenbrock,6,0.075871,2.382292,2.718206,1.777614,44.709645
3,5.391897,1.899487,exponential_3,450,150,rosenbrock,6,0.004211,2.983650,4.738798,1.976837,33.901225
3,6.624620,0.300000,exponential_3,450,150,rosenbrock,6,0.088942,2.218112,3.171360,2.071066,31.161185
3,4.388561,1.313208,exponential_3,450,150,rosenbrock,6,0.000069,1.005957,1.150499,1.418538,43.531690
3,6.624620,0.627664,exponential_3,450,150,rosenbrock,6,0.065732,1.440646,1.745469,1.602131,29.873645
3,4.388561,0.907884,exponential_3,450,150,rosenbrock,6,0.221550,1.787329,2.176576,216.091431,45.414145
3,6.624620,0.907884,exponential_3,450,150,rosenbrock,6,0.006481,0.885467,1.343557,2.002080,31.426135
3,4.388561,8.314736,exponential_3,450,150,rosenbrock,6,0.000000,1.432481,1.488246,1.912976,42.942535
3,5.391897,0.433935,exponential_3,450,150,rosenbrock,6,0.243332,2.688255,3.069400,23.247759,41.269820
3,4.388561,5.748380,exponential_3,450,150,rosenbrock,6,0.641940,2.946640,4.734508,2.374046,45.533040
3,5.391897,0.300000,exponential_3,450,150,rosenbrock,6,0.001309,3.242884,3.988557,35.958492,44.033320
3,8.139176,0.300000,exponential_3,450,150,rosenbrock,6,0.018960,2.113154,2.591889,1.657749,30.186450
3,6.624620,5.748380,exponential_3,450,150,rosenbrock,6,0.029400,2.437256,1.924654,749.838257,30.645660
3,4.388561,1.899487,exponential_3,450,150,rosenbrock,6,0.002196,1.302540,1.458250,1.927650,50.425650
3,5.391897,1.313208,exponential_3,450,150,rosenbrock,6,0.000080,1.168867,1.448000,1.433356,43.982130
3,6.624620,8.314736,exponential_3,450,150,rosenbrock,6,0.033705,2.520427,2.268743,749.812378,33.504400
3,5.391897,0.907884,exponential_3,450,150,rosenbrock,6,0.000165,1.209956,1.578741,1.648820,45.683995
3,6.624620,3.974133,exponential_3,450,150,rosenbrock,6,0.358348,2.499845,1.846504,749.818787,35.674310
3,5.391897,5.748380,exponential_3,450,150,rosenbrock,6,0.108877,2.234588,1.571953,749.888977,44.111850
3,1.925946,4.779626,exponential_3,450,150,rosenbrock,6,0.142941,1.274100,1.377721,1.660054,32.442935
3,8.139176,1.313208,exponential_3,450,150,rosenbrock,6,0.044679,2.012866,1.662162,1.966510,31.695635
3,5.391897,8.314736,exponential_3,450,150,rosenbrock,6,0.272745,3.215715,4.671220,1.896637,45.606275
3,6.624620,0.433935,exponential_3,450,150,rosenbrock,6,0.004236,2.410288,2.359656,2.013478,44.656815
3,1.925946,10.000000,exponential_3,450,150,rosenbrock,6,0.133849,2.171086,1.770473,544.765320,31.643420
3,1.925946,6.913484,exponential_3,450,150,rosenbrock,6,0.024366,1.901985,1.461636,2.411387,32.904375
3,6.624620,2.747511,exponential_3,450,150,rosenbrock,6,0.072629,1.736262,1.561649,750.021912,41.383720
3,6.624620,1.313208,exponential_3,450,150,rosenbrock,6,0.112952,1.820597,1.545368,1.899194,44.303980
3,6.624620,1.899487,exponential_3,450,150,rosenbrock,6,0.002845,1.336029,1.317741,1.904799,44.984795
3,8.139176,0.627664,exponential_3,450,150,rosenbrock,6,0.179927,1.632510,1.635614,2.519591,40.504295
3,10.000000,0.300000,exponential_3,450,150,rosenbrock,6,0.012846,1.846831,2.372850,1.442321,31.676160
3,8.139176,0.433935,exponential_3,450,150,rosenbrock,6,0.000318,1.861361,2.181746,2.186980,42.543155
3,2.366266,0.754882,exponential_3,450,150,rosenbrock,6,0.085255,3.287774,3.903482,2.531482,32.507380
3,2.366266,1.579374,exponential_3,450,150,rosenbrock,6,0.004099,1.670553,1.992682,1.177548,30.961715
3,2.366266,2.284483,exponential_3,450,150,rosenbrock,6,0.173189,1.283277,1.509406,1.598428,31.128110
3,8.139176,1.899487,exponential_3,450,150,rosenbrock,6,0.217692,1.130568,1.376361,1.487884,39.314125
3,8.139176,0.907884,exponential_3,450,150,rosenbrock,6,0.011784,1.492122,1.645118,2.483932,40.745185
3,2.907255,0.521886,exponential_3,450,150,rosenbrock,6,0.039738,3.177012,3.863132,86.075157,32.404715
3,8.139176,2.747511,exponential_3,450,150,rosenbrock,6,0.690949,1.943504,1.650280,1.741797,42.293375
3,8.139176,8.314736,exponential_3,450,150,rosenbrock,6,0.905707,2.822289,2.811622,65.572533,39.659885
3,2.366266,10.000000,exponential_3,450,150,rosenbrock,6,0.396263,1.385096,1.441302,544.913574,31.380890
3,8.139176,3.974133,exponential_3,450,150,rosenbrock,6,0.000125,2.539145,3.080179,544.696594,42.672380
3,2.907255,1.091897,exponential_3,450,150,rosenbrock,6,0.001330,2.398422,2.358053,2.166495,28.861475
3,10.000000,0.433935,exponential_3,450,150,rosenbrock,6,0.042320,1.492416,1.894320,1.347676,38.799110
3,8.139176,5.748380,exponential_3,450,150,rosenbrock,6,0.007340,3.514844,5.356250,2.072893,44.510185
3,3.571927,0.754882,exponential_3,450,150,rosenbrock,6,0.001383,1.781470,2.255487,1.625744,28.506240
3,2.907255,3.304387,exponential_3,450,150,rosenbrock,6,0.012683,1.387714,1.263810,2.182810,30.399455
3,10.000000,0.907884,exponential_3,450,150,rosenbrock,6,0.070053,1.360178,1.473688,1.634975,38.876595
3,3.571927,0.521886,exponential_3,450,150,rosenbrock,6,0.021540,2.870313,3.559894,32.511536,29.133790
3,2.366266,0.521886,exponential_3,450,150,rosenbrock,6,0.048584,7.794253,5.086133,55.710140,34.920920
3,10.000000,0.627664,exponential_3,450,150,rosenbrock,6,0.240662,0.878653,1.125789,1.125264,41.438255
3,2.907255,6.913484,exponential_3,450,150,rosenbrock,6,0.050665,2.272561,1.909241,2.063061,32.779080
3,3.571927,1.091897,exponential_3,450,150,rosenbrock,6,0.010069,1.983114,1.965003,2.850389,28.579795
3,10.000000,1.313208,exponential_3,450,150,rosenbrock,6,0.002255,1.773884,1.549167,544.836243,40.366915
3,10.000000,1.899487,exponential_3,450,150,rosenbrock,6,0.422544,1.788143,1.498062,1.938435,37.003410
3,3.571927,2.284483,exponential_3,450,150,rosenbrock,6,0.006096,1.460567,1.381629,1.651345,31.306635
3,2.366266,0.360805,exponential_3,450,150,rosenbrock,6,2.611871,19.612337,16.373657,160.567734,40.518300
3,10.000000,2.747511,exponential_3,450,150,rosenbrock,6,0.000992,1.328062,1.190611,2.148386,37.534780
3,3.571927,4.779626,exponential_3,450,150,rosenbrock,6,0.170843,2.567762,2.828168,65.662399,29.280010
3,3.571927,10.000000,exponential_3,450,150,rosenbrock,6,0.307482,3.428849,5.358768,2.143047,32.362470
3,4.388561,0.521886,exponential_3,450,150,rosenbrock,6,0.000437,2.589923,3.535014,24.257101,29.343465
3,2.366266,3.304387,exponential_3,450,150,rosenbrock,6,0.000000,1.678167,1.556936,2.350187,36.769805
3,2.366266,1.091897,exponential_3,450,150,rosenbrock,6,0.011833,2.663203,2.886659,25.713709,38.848380
3,4.388561,3.304387,exponential_3,450,150,rosenbrock,6,0.012332,1.794203,1.504685,2.082647,28.291230
3,10.000000,3.974133,exponential_3,450,150,rosenbrock,6,0.001605,0.844574,1.203409,1.678337,41.267855
3,2.366266,4.779626,exponential_3,450,150,rosenbrock,6,0.005836,1.328740,1.455234,1.827644,39.559285
3,5.391897,0.754882,exponential_3,450,150,rosenbrock,6,0.003667,1.344198,1.582544,2.331858,28.877625
3,2.907255,0.360805,exponential_3,450,150,rosenbrock,6,0.322745,5.408044,5.411695,41.824017,39.451755
3,5.391897,3.304387,exponential_3,450,150,rosenbrock,6,0.013563,1.643965,1.522532,1.948553,29.288550
3,2.907255,0.754882,exponential_3,450,150,rosenbrock,6,0.003748,2.933398,3.347785,44.006847,38.483105
3,4.388561,4.779626,exponential_3,450,150,rosenbrock,6,0.035810,1.217876,1.177101,1.934117,33.094985
3,5.391897,4.779626,exponential_3,450,150,rosenbrock,6,0.004356,1.557190,1.518574,2.473090,30.356950
3,2.907255,1.579374,exponential_3,450,150,rosenbrock,6,0.006826,1.624474,1.783341,1.570724,39.680015
3,2.907255,4.779626,exponential_3,450,150,rosenbrock,6,0.228221,2.058402,1.818460,567.456482,39.153055
3,6.624620,0.360805,exponential_3,450,150,rosenbrock,6,0.008584,1.931115,2.667534,40.738831,29.731935
3,5.391897,2.284483,exponential_3,450,150,rosenbrock,6,0.248504,2.000006,1.408484,544.794800,30.796095
3,2.366266,6.913484,exponential_3,450,150,rosenbrock,6,0.000233,2.467388,3.328487,1.938369,44.100260
3,3.571927,0.360805,exponential_3,450,150,rosenbrock,6,0.399995,8.036720,5.179194,67.933853,41.193340
3,2.907255,2.284483,exponential_3,450,150,rosenbrock,6,0.011380,1.445575,1.492199,1.725917,40.917580
3,6.624620,0.754882,exponential_3,450,150,rosenbrock,6,0.062453,1.148364,1.627180,2.259745,31.048790
3,2.907255,10.000000,exponential_3,450,150,rosenbrock,6,0.007000,1.474073,1.415420,544.896912,40.200615
3,6.624620,1.091897,exponential_3,450,150,rosenbrock,6,0.006692,1.609611,1.385993,2.126132,31.701215
3,3.571927,3.304387,exponential_3,450,150,rosenbrock,6,0.790428,2.323781,1.549402,1.921603,40.953865
3,8.139176,0.360805,exponential_3,450,150,rosenbrock,6,0.033212,3.152907,3.508744,1.687964,29.781605
3,3.571927,1.579374,exponential_3,450,150,rosenbrock,6,0.007809,1.025977,1.343087,2.554722,42.567610
3,6.624620,10.000000,exponential_3,450,150,rosenbrock,6,1.049343,3.505294,4.904067,892.217529,29.604830
3,6.624620,6.913484,exponential_3,450,150,rosenbrock,6,0.004684,3.618742,5.246145,544.496826,32.168190
3,3.571927,6.913484,exponential_3,450,150,rosenbrock,6,0.017370,1.988906,1.628300,749.956177,42.799555
3,4.388561,1.579374,exponential_3,450,150,rosenbrock,6,0.007548,1.748053,1.500619,1.871935,38.591205
3,4.388561,0.360805,exponential_3,450,150,rosenbrock,6,1.144996,4.236293,5.102821,44.341110,42.808235
3,6.624620,4.779626,exponential_3,450,150,rosenbrock,6,0.250691,3.712004,5.332588,544.433655,30.143685
3,10.000000,5.748380,exponential_3,450,150,rosenbrock,6,0.000028,1.644876,1.830404,749.977966,30.536905
3,10.000000,8.314736,exponential_3,450,150,rosenbrock,6,0.715003,3.456100,3.630649,892.447632,28.156995
3,4.388561,1.091897,exponential_3,450,150,rosenbrock,6,0.016137,0.873461,1.307482,1.116133,41.255620
3,8.139176,1.579374,exponential_3,450,150,rosenbrock,6,0.652487,3.006620,4.930251,2.408618,31.168525
3,4.388561,0.754882,exponential_3,450,150,rosenbrock,6,0.019068,1.829452,2.372362,1.504351,45.828795
3,5.391897,0.521886,exponential_3,450,150,rosenbrock,6,0.012110,1.359780,2.098072,17.142063,40.519650
3,0.200000,0.300000,exponential_5,450,150,rosenbrock,6,64.528633,2230.178223,2673.215332,2012.204468,30.203845
3,5.391897,0.360805,exponential_3,450,150,rosenbrock,6,0.026661,3.016076,3.697906,2.204059,40.499205
3,4.388561,10.000000,exponential_3,450,150,rosenbrock,6,0.045288,1.361802,1.569142,1.826179,44.762885
3,10.000000,0.360805,exponential_3,450,150,rosenbrock,6,0.028944,1.654659,2.126052,1.528901,30.073920
3,0.200000,0.433935,exponential_5,450,150,rosenbrock,6,105.501808,1193.261719,1220.083252,2298.455566,29.553350
3,4.388561,6.913484,exponential_3,450,150,rosenbrock,6,0.294494,2.184449,1.918391,544.760437,45.413925
3,4.388561,2.284483,exponential_3,450,150,rosenbrock,6,0.082695,0.984339,1.313174,1.637213,43.121545
3,0.200000,0.627664,exponential_5,450,150,rosenbrock,6,279.634094,848.958496,939.218018,1041.545776,30.067625
3,5.391897,1.579374,exponential_3,450,150,rosenbrock,6,0.000359,1.601875,1.364455,2.284186,43.277485
3,0.200000,0.907884,exponential_5,450,150,rosenbrock,6,23.300873,736.276794,982.662964,1231.468262,30.720950
3,5.391897,10.000000,exponential_3,450,150,rosenbrock,6,0.053183,2.920878,3.068028,1.878175,40.202015
3,6.624620,3.304387,exponential_3,450,150,rosenbrock,6,0.076182,2.126560,1.841230,1.894000,37.726695
3,6.624620,0.521886,exponential_3,450,150,rosenbrock,6,0.028044,1.635019,2.187722,1.490750,40.054395
3,5.391897,1.091897,exponential_3,450,150,rosenbrock,6,0.004581,0.963990,1.460999,1.154762,44.330590
3,0.200000,1.313208,exponential_5,450,150,rosenbrock,6,36.771214,488.877380,548.180359,623.766541,30.560200
3,5.391897,6.913484,exponential_3,450,150,rosenbrock,6,0.027315,2.743003,4.820385,749.755249,45.118190
3,0.200000,1.899487,exponential_5,450,150,rosenbrock,6,20.601654,181.369293,149.165039,328.942047,30.149525
3,0.200000,2.747511,exponential_5,450,150,rosenbrock,6,6.432385,78.014473,103.524940,133.273087,28.724160
3,6.624620,1.579374,exponential_3,450,150,rosenbrock,6,0.158380,1.046698,1.378883,1.135835,41.040535
3,6.624620,2.284483,exponential_3,450,150,rosenbrock,6,0.330225,2.740662,3.188025,544.659363,41.573530
3,0.200000,5.748380,exponential_5,450,150,rosenbrock,6,1.127905,17.680559,5.450683,114.614166,29.389010
3,8.139176,0.521886,exponential_3,450,150,rosenbrock,6,0.032315,1.386201,1.546977,21.045641,41.431095
3,0.200000,8.314736,exponential_5,450,150,rosenbrock,6,0.031613,3.729800,4.112460,57.042660,29.278155
3,0.200000,3.974133,exponential_5,450,150,rosenbrock,6,2.207691,52.230431,34.881836,110.711143,32.153250
3,8.139176,0.754882,exponential_3,450,150,rosenbrock,6,0.572707,2.073103,1.542672,1.873529,46.009030
3,0.245725,0.627664,exponential_5,450,150,rosenbrock,6,59.368408,869.627441,1067.264282,526.768555,28.954810
3,8.139176,2.284483,exponential_3,450,150,rosenbrock,6,0.028727,2.499126,3.549407,2.550888,43.401555
3,8.139176,4.779626,exponential_3,450,150,rosenbrock,6,0.022344,2.772439,3.628371,2.037323,38.643870
3,0.245725,0.433935,exponential_5,450,150,rosenbrock,6,87.385605,1529.485962,1760.525146,1609.834961,30.784155
3,0.245725,0.907884,exponential_5,450,150,rosenbrock,6,1.309525,378.494934,436.395630,694.595642,29.032400
3,8.139176,3.304387,exponential_3,450,150,rosenbrock,6,0.016333,1.971332,1.615110,544.801331,43.358180
3,8.139176,1.091897,exponential_3,450,150,rosenbrock,6,0.002676,1.250328,1.300741,1.844274,45.173480
3,10.000000,0.521886,exponential_3,450,150,rosenbrock,6,0.035926,0.917018,1.264269,1.804521,41.408625
3,0.245725,2.747511,exponential_5,450,150,rosenbrock,6,3.016858,28.933266,28.285902,106.403305,29.773725
3,8.139176,6.913484,exponential_3,450,150,rosenbrock,6,0.006926,3.167442,5.381470,544.536255,41.748705
3,0.245725,1.899487,exponential_5,450,150,rosenbrock,6,15.416117,171.949524,201.608093,216.219788,31.052435
3,8.139176,10.000000,exponential_3,450,150,rosenbrock,6,0.084380,2.504272,2.823486,2.108813,46.290355
3,0.301904,0.300000,exponential_5,450,150,rosenbrock,6,106.470222,1224.392334,1512.423950,1563.600708,27.864740
3,10.000000,1.091897,exponential_3,450,150,rosenbrock,6,0.460002,1.261381,1.383330,1.536131,41.587740
3,0.245725,3.974133,exponential_5,450,150,rosenbrock,6,3.598414,10.099991,5.872655,61.524105,31.256035
3,0.245725,0.300000,exponential_5,450,150,rosenbrock,6,477.974731,1719.494141,1680.978271,1385.744385,40.679605
3,0.301904,0.627664,exponential_5,450,150,rosenbrock,6,210.570435,771.341675,1046.159546,839.712646,28.388945
3,10.000000,0.754882,exponential_3,450,150,rosenbrock,6,0.014105,1.095592,1.155016,1.975823,42.178825
3,0.301904,1.313208,exponential_5,450,150,rosenbrock,6,7.220833,203.523712,208.831085,425.593964,28.887665
3,0.370927,0.300000,exponential_5,450,150,rosenbrock,6,136.273499,1318.356934,1702.681396,977.458679,26.998595
3,10.000000,1.579374,exponential_3,450,150,rosenbrock,6,0.061254,2.170293,1.792129,544.757141,42.509830
3,10.000000,3.304387,exponential_3,450,150,rosenbrock,6,0.001354,1.709105,1.644483,1.689899,41.114360
3,0.370927,0.433935,exponential_5,450,150,rosenbrock,6,118.273506,694.969910,751.123413,937.721497,28.546080
3,0.301904,2.747511,exponential_5,450,150,rosenbrock,6,2.293194,36.578136,29.557734,71.929665,31.557780
3,0.245725,1.313208,exponential_5,450,150,rosenbrock,6,46.547451,456.168701,576.838745,314.634644,42.681655
3,0.301904,3.974133,exponential_5,450,150,rosenbrock,6,0.002469,3.397937,4.324638,157.845917,32.045330
3,10.000000,2.284483,exponential_3,450,150,rosenbrock,6,0.001836,1.986883,1.425238,2.080950,44.454100
3,0.245725,8.314736,exponential_5,450,150,rosenbrock,6,0.178898,2.573291,3.133255,27.230654,40.375920
3,10.000000,4.779626,exponential_3,450,150,rosenbrock,6,0.013891,1.654259,1.569675,544.857361,40.644400
3,0.245725,5.748380,exponential_5,450,150,rosenbrock,6,0.010905,3.618621,4.731311,63.680355,43.951075
3,0.370927,1.899487,exponential_5,450,150,rosenbrock,6,4.883680,62.821815,72.228371,221.550385,30.070440
3,0.301904,0.907884,exponential_5,450,150,rosenbrock,6,32.383728,418.316833,621.233093,608.692017,39.778100
3,0.370927,3.974133,exponential_5,450,150,rosenbrock,6,0.001087,2.676380,3.554628,52.077763,29.234105
3,0.301904,1.899487,exponential_5,450,150,rosenbrock,6,1.579589,130.431412,154.513519,382.675598,38.993295
3,0.301904,0.433935,exponential_5,450,150,rosenbrock,6,189.636139,1148.196289,1325.946045,1119.868896,44.382000
3,0.370927,8.314736,exponential_5,450,150,rosenbrock,6,0.043734,2.010799,2.833424,1.564311,30.685015
3,0.301904,5.748380,exponential_5,450,150,rosenbrock,6,0.074029,2.318344,3.429233,28.464342,41.613320
3,0.301904,8.314736,exponential_5,450,150,rosenbrock,6,0.000000,2.670393,3.027979,30.504711,41.120750
3,0.455730,0.433935,exponential_5,450,150,rosenbrock,6,68.866013,497.525848,596.224792,1215.059204,32.951125
3,0.370927,0.627664,exponential_5,450,150,rosenbrock,6,18.442148,496.132141,626.215515,1160.934448,41.098400
3,0.455730,0.627664,exponential_5,450,150,rosenbrock,6,7.298202,429.062469,551.586304,314.741150,32.769865
3,0.370927,0.907884,exponential_5,450,150,rosenbrock,6,51.371792,232.635544,259.192078,328.323975,40.206150
3,0.370927,1.313208,exponential_5,450,150,rosenbrock,6,3.198553,89.443222,115.019302,260.345734,40.078100
3,10.000000,10.000000,exponential_3,450,150,rosenbrock,6,0.533084,6.847811,5.913990,748.666443,31.316440
3,0.370927,2.747511,exponential_5,450,150,rosenbrock,6,2.441885,13.641533,6.653645,65.345840,39.805950
3,10.000000,6.913484,exponential_3,450,150,rosenbrock,6,0.059163,3.501146,5.419345,544.521667,32.523460
3,0.455730,2.747511,exponential_5,450,150,rosenbrock,6,0.025763,5.261406,5.042391,196.679718,32.547230
3,0.455730,5.748380,exponential_5,450,150,rosenbrock,6,0.023326,2.111226,2.801124,18.473877,32.876890
3,0.370927,5.748380,exponential_5,450,150,rosenbrock,6,0.505820,2.975207,3.435236,2.497973,41.268470
3,0.559922,0.907884,exponential_5,450,150,rosenbrock,6,6.033293,109.310234,125.774345,222.544373,28.054630
3,0.455730,0.300000,exponential_5,450,150,rosenbrock,6,103.884613,1009.990967,1151.667969,1013.226929,41.097495
3,0.200000,0.521886,exponential_5,450,150,rosenbrock,6,115.266159,1241.600830,1546.962891,1087.989014,28.670335
3,0.200000,0.360805,exponential_5,450,150,rosenbrock,6,420.454681,1816.472168,2018.030518,1678.854858,33.119530
3,0.455730,1.899487,exponential_5,450,150,rosenbrock,6,1.756479,52.074299,71.446632,100.577621,42.190760
3,0.200000,0.754882,exponential_5,450,150,rosenbrock,6,193.131668,1035.446411,1227.539795,1487.941895,31.680930
3,0.455730,0.907884,exponential_5,450,150,rosenbrock,6,15.260629,156.874588,169.652374,323.555756,44.687670
3,0.455730,1.313208,exponential_5,450,150,rosenbrock,6,7.660387,70.851097,80.687363,198.532349,43.796585
3,0.200000,1.091897,exponential_5,450,150,rosenbrock,6,55.435013,620.489258,753.793030,760.447449,31.099470
3,0.455730,3.974133,exponential_5,450,150,rosenbrock,6,0.218912,2.914288,3.700878,30.023529,43.175260
3,0.455730,8.314736,exponential_5,450,150,rosenbrock,6,0.059253,3.114787,3.447978,2.766931,42.100105
3,0.200000,1.579374,exponential_5,450,150,rosenbrock,6,36.889462,255.139130,273.396088,344.255219,30.397230
3,0.559922,0.300000,exponential_5,450,150,rosenbrock,6,150.948227,843.136292,1244.733154,670.290100,42.479375
3,0.200000,2.284483,exponential_5,450,150,rosenbrock,6,7.149831,128.168671,132.581696,262.129303,30.744605
3,0.200000,3.304387,exponential_5,450,150,rosenbrock,6,1.808674,46.256638,52.968311,200.097855,30.254295
3,0.559922,0.433935,exponential_5,450,150,rosenbrock,6,17.274427,430.857910,478.358704,732.530212,41.550605
3,0.559922,0.627664,exponential_5,450,150,rosenbrock,6,18.419909,255.000061,305.512512,268.655273,41.782570
3,0.559922,1.313208,exponential_5,450,150,rosenbrock,6,1.293759,47.280113,52.384476,124.782768,40.947080
3,0.559922,1.899487,exponential_5,450,150,rosenbrock,6,1.574581,5.071379,5.541505,37.814747,40.988525
3,0.200000,6.913484,exponential_5,450,150,rosenbrock,6,0.170499,3.933245,4.652191,47.982769,33.059870
3,0.200000,4.779626,exponential_5,450,150,rosenbrock,6,0.180294,34.650341,8.510489,180.832947,30.727835
3,0.245725,0.754882,exponential_5,450,150,rosenbrock,6,60.377586,742.173889,928.195312,807.410767,30.721735
3,0.200000,10.000000,exponential_5,450,150,rosenbrock,6,2.571244,3.962652,4.180749,28.211823,33.374180
3,0.559922,2.747511,exponential_5,450,150,rosenbrock,6,0.012703,3.097519,4.210149,2.293256,44.243420
3,0.245725,1.091897,exponential_5,450,150,rosenbrock,6,149.979904,397.685455,425.544006,651.830566,31.305500
3,0.559922,5.748380,exponential_5,450,150,rosenbrock,6,0.100857,2.280119,3.057237,16.954424,42.629625
3,0.687934,0.627664,exponential_5,450,150,rosenbrock,6,26.697094,111.446686,120.251144,294.991058,39.229030
3,0.687934,0.300000,exponential_5,450,150,rosenbrock,6,25.403786,515.053833,617.362854,1016.291870,41.639690
3,0.245725,0.521886,exponential_5,450,150,rosenbrock,6,140.521072,891.245300,978.463318,2375.945801,32.519515
3,0.559922,8.314736,exponential_5,450,150,rosenbrock,6,0.000521,0.958765,1.152235,27.096584,42.840620
3,0.559922,3.974133,exponential_5,450,150,rosenbrock,6,0.008455,2.691435,3.607273,15.018393,46.390915
3,0.245725,3.304387,exponential_5,450,150,rosenbrock,6,0.163182,59.213772,54.216904,127.939285,31.334930
3,0.687934,1.313208,exponential_5,450,150,rosenbrock,6,2.597070,40.633518,60.585583,54.177128,41.541710
3,0.687934,0.433935,exponential_5,450,150,rosenbrock,6,38.412144,284.012177,313.132416,497.298737,44.855780
3,0.245725,2.284483,exponential_5,450,150,rosenbrock,6,1.037230,93.072769,126.328430,123.420586,31.181670
3,0.245725,4.779626,exponential_5,450,150,rosenbrock,6,0.693104,36.311985,9.641468,94.631432,28.759635
3,0.687934,1.899487,exponential_5,450,150,rosenbrock,6,1.041643,10.677917,5.966579,71.329247,41.331120
3,0.301904,0.754882,exponential_5,450,150,rosenbrock,6,103.184204,424.983826,488.314148,639.812866,28.537110
3,0.301904,0.360805,exponential_5,450,150,rosenbrock,6,206.484467,1513.106689,1943.690918,1299.780518,32.248395
3,0.687934,2.747511,exponential_5,450,150,rosenbrock,6,0.010341,2.827736,3.500722,2.564797,41.400885
3,0.687934,3.974133,exponential_5,450,150,rosenbrock,6,0.000220,1.990662,2.939421,28.650555,41.121635
3,0.687934,0.907884,exponential_5,450,150,rosenbrock,6,7.084872,77.651787,75.456772,152.893448,47.256455
3,0.370927,0.360805,exponential_5,450,150,rosenbrock,6,84.650520,996.321289,1106.521729,851.995850,28.481825
3,0.370927,0.521886,exponential_5,450,150,rosenbrock,6,26.671928,682.270447,827.767456,923.582153,28.121540
3,0.301904,1.579374,exponential_5,450,150,rosenbrock,6,5.469540,175.463989,153.498138,308.680359,31.316065
3,0.687934,5.748380,exponential_5,450,150,rosenbrock,6,0.000588,1.000409,1.332401,1.519892,43.297920
3,0.687934,8.314736,exponential_5,450,150,rosenbrock,6,0.047689,1.811008,2.250704,20.145847,42.308275
3,0.301904,3.304387,exponential_5,450,150,rosenbrock,6,0.006100,23.857841,9.841507,109.017090,29.241805
3,0.845213,0.300000,exponential_5,450,150,rosenbrock,6,77.669258,494.126953,556.547241,720.377014,42.235845
3,0.301904,4.779626,exponential_5,450,150,rosenbrock,6,0.466284,4.216787,4.740570,72.458824,28.357080
3,0.845213,0.433935,exponential_5,450,150,rosenbrock,6,9.540557,198.448837,224.931458,178.792374,43.890115
3,0.845213,0.627664,exponential_5,450,150,rosenbrock,6,10.244147,92.547806,120.386391,263.066406,42.386990
3,0.845213,1.313208,exponential_5,450,150,rosenbrock,6,0.001186,8.016699,5.519724,108.747032,39.241080
3,0.370927,2.284483,exponential_5,450,150,rosenbrock,6,1.637673,18.395348,13.296463,140.177338,28.811790
3,0.845213,0.907884,exponential_5,450,150,rosenbrock,6,4.925617,26.171612,10.344591,90.814896,42.855665
3,0.245725,0.360805,exponential_5,450,150,rosenbrock,6,213.354416,1830.567993,1739.298828,2039.132690,42.929910
3,0.370927,4.779626,exponential_5,450,150,rosenbrock,6,0.536981,3.532701,3.980844,3.535767,29.066125
3,0.245725,1.579374,exponential_5,450,150,rosenbrock,6,12.989692,143.417603,170.990097,285.266357,38.899825
3,0.845213,1.899487,exponential_5,450,150,rosenbrock,6,0.547587,3.292470,3.879426,39.974197,42.076680
3,0.455730,0.521886,exponential_5,450,150,rosenbrock,6,27.470577,379.189636,467.450287,428.958740,27.405440
3,0.370927,10.000000,exponential_5,450,150,rosenbrock,6,0.012037,1.897050,2.420438,2.916059,31.035005
3,0.845213,2.747511,exponential_5,450,150,rosenbrock,6,0.000039,2.937337,3.503829,1.512880,43.061900
3,0.455730,0.754882,exponential_5,450,150,rosenbrock,6,11.234713,207.625168,232.974731,222.978668,27.943560
3,0.245725,10.000000,exponential_5,450,150,rosenbrock,6,0.019669,3.307569,3.474891,17.412588,40.319340
3,0.845213,3.974133,exponential_5,450,150,rosenbrock,6,0.000306,1.709028,2.953622,3.737591,43.262645
3,0.845213,5.748380,exponential_5,450,150,rosenbrock,6,0.072982,1.446997,1.925015,1.502623,41.305870
3,0.245725,6.913484,exponential_5,450,150,rosenbrock,6,0.026786,3.261363,4.211132,29.079674,40.670670
3,0.845213,8.314736,exponential_5,450,150,rosenbrock,6,0.236939,1.841324,1.933506,2.806277,30.382315
3,1.038450,0.300000,exponential_5,450,150,rosenbrock,6,43.326813,272.604218,288.075378,319.237152,31.019735
3,0.301904,2.284483,exponential_5,450,150,rosenbrock,6,4.008214,24.878647,19.862930,169.494385,40.293600
3,0.301904,1.091897,exponential_5,450,150,rosenbrock,6,11.120893,155.554565,222.574921,304.639374,42.093045
3,1.038450,0.627664,exponential_5,450,150,rosenbrock,6,3.177150,44.934322,34.053268,226.368607,27.771435
3,0.455730,6.913484,exponential_5,450,150,rosenbrock,6,0.026122,1.937493,2.726690,2.025828,31.366865
3,1.038450,0.433935,exponential_5,450,150,rosenbrock,6,18.154324,133.439804,105.843018,373.212708,28.576040
3,0.455730,3.304387,exponential_5,450,150,rosenbrock,6,0.055748,2.764812,4.068843,75.394646,32.912915
3,0.559922,1.091897,exponential_5,450,150,rosenbrock,6,5.546917,54.957439,84.661545,188.853424,30.904755
3,1.038450,0.907884,exponential_5,450,150,rosenbrock,6,0.090269,41.483643,10.194284,199.770950,29.843420
3,0.301904,6.913484,exponential_5,450,150,rosenbrock,6,0.005635,3.496195,4.017085,50.942406,43.073530
3,0.301904,0.521886,exponential_5,450,150,rosenbrock,6,39.549088,736.131042,800.146057,886.295166,45.136360
3,0.370927,1.091897,exponential_5,450,150,rosenbrock,6,18.619352,122.176247,167.120972,347.495270,40.638605
3,0.370927,0.754882,exponential_5,450,150,rosenbrock,6,28.514568,309.096649,319.701599,963.675598,41.621015
3,0.301904,10.000000,exponential_5,450,150,rosenbrock,6,0.011644,2.165476,2.851262,1.567597,43.603980
3,0.370927,1.579374,exponential_5,450,150,rosenbrock,6,6.283266,82.643646,82.009109,164.012909,40.376055
3,1.038450,1.313208,exponential_5,450,150,rosenbrock,6,0.027414,2.803996,3.545868,17.827906,29.548765
3,0.370927,3.304387,exponential_5,450,150,rosenbrock,6,0.034520,3.838326,4.752563,105.664001,40.168745
3,1.038450,1.899487,exponential_5,450,150,rosenbrock,6,0.625973,3.620398,4.046879,34.105949,29.043970
3,0.455730,0.360805,exponential_5,450,150,rosenbrock,6,124.338661,712.088501,839.174988,959.370544,36.698490
3,1.038450,2.747511,exponential_5,450,150,rosenbrock,6,0.026097,1.878787,2.781825,23.179899,29.681655
3,1.038450,3.974133,exponential_5,450,150,rosenbrock,6,0.001084,1.448428,1.663533,1.766895,29.711270
3,0.370927,6.913484,exponential_5,450,150,rosenbrock,6,0.499162,2.476164,3.051470,9.130416,41.134955
3,0.455730,2.284483,exponential_5,450,150,rosenbrock,6,4.049664,21.410887,20.270048,57.650097,39.106195
3,1.275867,0.300000,exponential_5,450,150,rosenbrock,6,28.807432,254.580322,298.141571,498.406555,28.311960
3,1.038450,8.314736,exponential_5,450,150,rosenbrock,6,0.028023,2.499489,2.324382,215.962372,30.016850
3,1.038450,5.748380,exponential_5,450,150,rosenbrock,6,0.006130,1.380002,1.573467,198.955215,30.666700
3,1.275867,0.433935,exponential_5,450,150,rosenbrock,6,0.196505,107.767746,112.981979,270.720032,29.494665
3,0.559922,0.360805,exponential_5,450,150,rosenbrock,6,14.722288,628.600769,736.254395,1155.791260,36.595195
3,1.275867,0.627664,exponential_5,450,150,rosenbrock,6,3.082528,32.554264,27.354881,155.490021,28.348285
3,0.455730,10.000000,exponential_5,450,150,rosenbrock,6,0.207305,1.899516,2.504755,1.548206,39.476680
3,0.455730,1.091897,exponential_5,450,150,rosenbrock,6,15.630438,127.292114,125.391190,224.624954,42.941130
3,0.455730,1.579374,exponential_5,450,150,rosenbrock,6,1.384922,58.692009,80.841171,76.070717,42.173505
3,0.455730,4.779626,exponential_5,450,150,rosenbrock,6,1.570056,2.877163,3.286185,1.446122,41.591345
3,1.275867,0.907884,exponential_5,450,150,rosenbrock,6,0.018349,3.189618,4.330907,133.413376,28.301250
3,1.275867,1.313208,exponential_5,450,150,rosenbrock,6,0.000345,3.495926,4.097937,35.720238,26.559605
3,0.559922,0.754882,exponential_5,450,150,rosenbrock,6,14.026731,106.163689,107.937698,152.357605,40.382420
3,0.559922,0.521886,exponential_5,450,150,rosenbrock,6,60.700466,409.285980,517.074707,531.163330,42.323910
3,1.275867,1.899487,exponential_5,450,150,rosenbrock,6,0.383375,2.651162,3.225419,1.343606,28.590480
3,0.559922,1.579374,exponential_5,450,150,rosenbrock,6,0.018604,15.966641,7.348929,41.936703,42.800235
3,0.559922,2.284483,exponential_5,450,150,rosenbrock,6,0.123685,9.160660,4.711031,128.697418,43.138615
3,0.559922,3.304387,exponential_5,450,150,rosenbrock,6,0.329324,4.024960,4.533573,36.208313,40.789820
3,1.275867,2.747511,exponential_5,450,150,rosenbrock,6,0.000650,2.650561,2.757371,2.153537,31.788870
3,1.275867,5.748380,exponential_5,450,150,rosenbrock,6,0.024911,1.357702,1.796343,216.195984,29.541415
3,1.275867,3.974133,exponential_5,450,150,rosenbrock,6,0.019162,2.607433,2.452656,2.174330,31.612075
3,0.687934,0.360805,exponential_5,450,150,rosenbrock,6,10.342666,418.717438,478.520630,873.542542,40.151710
3,1.567562,0.300000,exponential_5,450,150,rosenbrock,6,4.716383,155.282440,111.656494,378.359253,28.422385
3,0.559922,4.779626,exponential_5,450,150,rosenbrock,6,0.001396,2.174542,2.972690,1.592065,39.388335
3,1.275867,8.314736,exponential_5,450,150,rosenbrock,6,0.032342,2.796723,2.418301,544.648987,30.184305
3,0.559922,6.913484,exponential_5,450,150,rosenbrock,6,0.015634,1.499527,1.802205,1.524269,44.867245
3,0.687934,0.754882,exponential_5,450,150,rosenbrock,6,0.218731,49.062714,42.549072,148.761673,45.535985
3,1.567562,0.627664,exponential_5,450,150,rosenbrock,6,0.339978,16.775736,11.938730,106.431168,29.513315
3,0.687934,0.521886,exponential_5,450,150,rosenbrock,6,70.400017,322.606140,350.399902,429.585602,41.173025
3,1.567562,0.433935,exponential_5,450,150,rosenbrock,6,4.218872,58.558178,62.550591,188.376038,33.235105
3,0.687934,2.284483,exponential_5,450,150,rosenbrock,6,0.147916,2.644472,3.442804,46.516754,39.501385
3,0.559922,10.000000,exponential_5,450,150,rosenbrock,6,0.412285,2.256015,2.218790,1.680644,46.188040
3,0.687934,1.579374,exponential_5,450,150,rosenbrock,6,0.436823,14.814672,5.975248,90.014061,43.686800
3,1.567562,0.907884,exponential_5,450,150,rosenbrock,6,0.232738,4.273804,5.315183,86.462250,32.203935
3,1.567562,2.747511,exponential_5,450,150,rosenbrock,6,0.013589,1.860882,2.312611,1.855980,27.465070
3,0.687934,3.304387,exponential_5,450,150,rosenbrock,6,0.124169,2.596019,3.388971,31.652319,41.354720
3,1.567562,5.748380,exponential_5,450,150,rosenbrock,6,0.011959,1.998640,2.368511,2.244348,28.329640
3,1.567562,1.313208,exponential_5,450,150,rosenbrock,6,0.125046,2.652393,3.278270,1.830046,33.920875
3,0.687934,4.779626,exponential_5,450,150,rosenbrock,6,0.347236,2.972900,3.078333,2.023548,43.188470
3,0.687934,6.913484,exponential_5,450,150,rosenbrock,6,0.338629,1.917268,2.385601,2.056125,42.142030
3,1.567562,8.314736,exponential_5,450,150,rosenbrock,6,0.274340,2.635944,2.027117,749.722290,32.388850
3,1.925946,0.300000,exponential_5,450,150,rosenbrock,6,5.116155,64.950409,50.811543,192.215958,32.400585
3,0.687934,1.091897,exponential_5,450,150,rosenbrock,6,2.708512,52.567013,48.342327,165.261307,46.318105
3,1.038450,0.360805,exponential_5,450,150,rosenbrock,6,25.211790,220.192871,204.742065,370.921143,30.980875
3,0.845213,10.000000,exponential_5,450,150,rosenbrock,6,0.037095,1.562750,2.013413,1.332228,31.343280
3,0.687934,10.000000,exponential_5,450,150,rosenbrock,6,0.020899,2.068139,2.278938,34.793903,45.641665
3,0.845213,0.754882,exponential_5,450,150,rosenbrock,6,3.713984,51.168381,71.062172,129.402588,42.406485
3,0.845213,0.360805,exponential_5,450,150,rosenbrock,6,28.944475,356.189117,423.993042,664.369080,44.916390
3,0.845213,0.521886,exponential_5,450,150,rosenbrock,6,11.959966,158.483551,131.795715,374.721832,44.250810
3,0.845213,1.579374,exponential_5,450,150,rosenbrock,6,1.196740,6.538210,5.389033,58.395771,43.522135
3,1.925946,3.974133,exponential_5,450,150,rosenbrock,6,0.003709,1.512272,1.991840,2.422271,30.617930
3,1.567562,1.899487,exponential_5,450,150,rosenbrock,6,0.115374,2.095420,2.534730,1.421602,42.639415
3,0.845213,2.284483,exponential_5,450,150,rosenbrock,6,0.159662,2.551749,3.302881,1.648407,41.014100
3,1.038450,0.521886,exponential_5,450,150,rosenbrock,6,5.640216,105.468521,104.805435,220.079605,33.246155
3,1.925946,1.899487,exponential_5,450,150,rosenbrock,6,0.013225,1.862147,2.292162,1.882198,33.681210
3,0.845213,1.091897,exponential_5,450,150,rosenbrock,6,1.983660,36.164680,21.698730,113.831017,45.548765
3,1.567562,3.974133,exponential_5,450,150,rosenbrock,6,0.000777,2.080433,2.367493,1.454336,44.288310
3,0.845213,3.304387,exponential_5,450,150,rosenbrock,6,0.036640,2.059259,2.852808,15.215100,42.231315
3,1.038450,1.091897,exponential_5,450,150,rosenbrock,6,0.750903,9.628389,6.589737,134.916229,33.721610
3,1.925946,2.747511,exponential_5,450,150,rosenbrock,6,0.025460,1.439504,1.804008,1.594501,36.114280
3,0.845213,6.913484,exponential_5,450,150,rosenbrock,6,0.004788,1.820508,2.230947,2.154213,40.569930
3,1.038450,0.754882,exponential_5,450,150,rosenbrock,6,0.025426,36.218674,38.526310,61.303005,37.991490
3,1.925946,0.433935,exponential_5,450,150,rosenbrock,6,0.601567,33.281528,33.564293,93.877800,43.676290
3,0.845213,4.779626,exponential_5,450,150,rosenbrock,6,0.235786,1.915235,2.205015,2.028968,43.840780
3,1.925946,0.627664,exponential_5,450,150,rosenbrock,6,0.173525,3.465522,4.355818,73.373077,42.875015
3,1.038450,1.579374,exponential_5,450,150,rosenbrock,6,0.003160,3.647009,4.411407,50.238590,31.642520
3,1.925946,1.313208,exponential_5,450,150,rosenbrock,6,0.959244,3.041987,3.468131,65.547501,43.697665
3,1.038450,2.284483,exponential_5,450,150,rosenbrock,6,0.258976,3.020995,3.305300,7.812049,32.807620
3,1.038450,4.779626,exponential_5,450,150,rosenbrock,6,0.022751,1.345852,1.883426,1.841988,31.557560
3,1.925946,0.907884,exponential_5,450,150,rosenbrock,6,0.024228,1.388749,1.573833,28.213755,46.029900
3,2.366266,0.300000,exponential_5,450,150,rosenbrock,6,3.364829,36.583576,32.985996,136.036636,40.734215
3,1.038450,3.304387,exponential_5,450,150,rosenbrock,6,0.020840,1.466953,1.966232,1.017624,34.698010
3,1.925946,5.748380,exponential_5,450,150,rosenbrock,6,0.139834,2.251338,2.247660,544.714355,43.468265
3,1.275867,0.360805,exponential_5,450,150,rosenbrock,6,15.170336,119.127266,159.711212,138.762436,32.602745
3,1.275867,0.521886,exponential_5,450,150,rosenbrock,6,3.583764,44.235249,40.574696,136.077652,30.346735
3,2.366266,0.433935,exponential_5,450,150,rosenbrock,6,0.173386,6.140306,5.518209,114.610245,41.526970
3,2.366266,0.907884,exponential_5,450,150,rosenbrock,6,0.136648,2.236825,2.402212,53.037868,39.720165
3,1.925946,8.314736,exponential_5,450,150,rosenbrock,6,0.135685,2.496357,2.209986,892.479431,45.390550
3,1.038450,6.913484,exponential_5,450,150,rosenbrock,6,0.148077,2.380301,2.402697,2.069333,33.719495
3,2.366266,0.627664,exponential_5,450,150,rosenbrock,6,0.145364,2.806730,4.011230,19.831022,43.654875
3,2.366266,1.313208,exponential_5,450,150,rosenbrock,6,0.180258,2.148087,2.537500,3.278597,41.632315
3,1.275867,0.754882,exponential_5,450,150,rosenbrock,6,0.843189,6.589388,6.390761,30.960102,33.597935
3,2.366266,2.747511,exponential_5,450,150,rosenbrock,6,0.000557,1.683147,2.133679,1.521079,39.718035
3,1.038450,10.000000,exponential_5,450,150,rosenbrock,6,0.012856,2.494580,2.343587,749.759094,38.137375
3,2.366266,1.899487,exponential_5,450,150,rosenbrock,6,0.000840,1.798451,2.366787,65.790932,44.363200
3,1.275867,1.579374,exponential_5,450,150,rosenbrock,6,2.170508,3.645588,3.988391,2.301451,32.802255
3,1.275867,2.284483,exponential_5,450,150,rosenbrock,6,0.000463,1.809974,2.975798,1.562668,30.738670
3,1.275867,1.091897,exponential_5,450,150,rosenbrock,6,0.193029,3.866388,4.865207,58.962326,33.692780
3,2.366266,5.748380,exponential_5,450,150,rosenbrock,6,0.010800,1.393034,1.990432,1.828225,41.941155
3,2.366266,3.974133,exponential_5,450,150,rosenbrock,6,0.000152,1.267692,2.078635,1.565709,46.149215
3,1.275867,4.779626,exponential_5,450,150,rosenbrock,6,0.009336,1.228464,1.837328,1.860530,32.167900
3,1.275867,3.304387,exponential_5,450,150,rosenbrock,6,0.001255,2.255009,2.841958,22.205402,32.422930
3,2.366266,8.314736,exponential_5,450,150,rosenbrock,6,0.040952,2.184167,2.145853,544.760376,42.634050
3,1.567562,0.360805,exponential_5,450,150,rosenbrock,6,3.402922,92.080185,125.672958,194.760773,31.365910
3,2.907255,0.433935,exponential_5,450,150,rosenbrock,6,0.319335,13.774770,5.789159,79.675079,40.631080
3,2.907255,0.300000,exponential_5,450,150,rosenbrock,6,3.052787,35.260517,9.948331,171.472275,42.094075
3,2.907255,0.627664,exponential_5,450,150,rosenbrock,6,0.425183,3.933427,4.043120,44.425316,40.649585
3,1.275867,10.000000,exponential_5,450,150,rosenbrock,6,0.000417,1.641063,1.981638,1.882010,30.812535
3,1.275867,6.913484,exponential_5,450,150,rosenbrock,6,0.000992,2.116482,2.138689,749.852722,35.379065
3,2.907255,1.313208,exponential_5,450,150,rosenbrock,6,0.241360,1.644128,2.112221,23.904533,40.309365
3,2.907255,0.907884,exponential_5,450,150,rosenbrock,6,0.055556,3.145705,3.609837,20.069832,41.800795
3,2.907255,2.747511,exponential_5,450,150,rosenbrock,6,0.018479,2.117854,2.307798,749.947815,39.700460
3,1.567562,0.521886,exponential_5,450,150,rosenbrock,6,0.850294,19.909353,16.144428,76.626282,31.737215
3,2.907255,1.899487,exponential_5,450,150,rosenbrock,6,0.000097,1.276309,1.802133,1.915470,43.416775
3,1.567562,0.754882,exponential_5,450,150,rosenbrock,6,0.020715,4.581010,5.444945,63.260635,34.077100
3,2.907255,3.974133,exponential_5,450,150,rosenbrock,6,0.241404,2.216784,2.167444,2.262074,42.010650
3,1.567562,3.304387,exponential_5,450,150,rosenbrock,6,0.989999,2.276595,2.433571,1.188613,30.543435
3,1.567562,1.091897,exponential_5,450,150,rosenbrock,6,0.773903,2.989863,3.776504,23.584568,30.749985
3,2.907255,8.314736,exponential_5,450,150,rosenbrock,6,0.000171,2.323497,2.389780,544.650085,40.352120
3,1.567562,1.579374,exponential_5,450,150,rosenbrock,6,0.140895,3.328005,3.504240,43.370903,30.936775
3,2.907255,5.748380,exponential_5,450,150,rosenbrock,6,0.198960,3.100089,5.417991,92.199150,42.622405
3,1.567562,6.913484,exponential_5,450,150,rosenbrock,6,0.708086,1.679147,1.954003,544.810547,31.645965
3,1.567562,10.000000,exponential_5,450,150,rosenbrock,6,0.024297,1.797001,2.025069,544.832886,29.456845
3,1.925946,0.360805,exponential_5,450,150,rosenbrock,6,2.941237,31.453663,29.310701,100.097801,29.119930
3,4.388561,0.300000,exponential_5,450,150,rosenbrock,6,0.265772,4.224133,4.480384,51.517803,28.042300
3,3.571927,0.300000,exponential_5,450,150,rosenbrock,6,0.934600,26.492498,13.009442,58.493828,42.883925
3,3.571927,0.433935,exponential_5,450,150,rosenbrock,6,0.039880,3.533969,4.849163,19.473436,41.988490
3,4.388561,0.433935,exponential_5,450,150,rosenbrock,6,0.000046,3.791097,4.463541,26.018772,30.741215
3,3.571927,0.627664,exponential_5,450,150,rosenbrock,6,0.164202,2.131212,2.799669,30.276367,44.056135
3,3.571927,1.899487,exponential_5,450,150,rosenbrock,6,0.053990,1.806289,2.178887,2.151349,41.109725
3,3.571927,1.313208,exponential_5,450,150,rosenbrock,6,0.055701,1.938230,2.477409,2.130165,42.252720
3,3.571927,0.907884,exponential_5,450,150,rosenbrock,6,0.492489,2.379254,3.038317,12.245935,44.652310
3,3.571927,2.747511,exponential_5,450,150,rosenbrock,6,0.332764,3.528228,5.418653,574.947388,41.953800
3,1.925946,4.779626,exponential_5,450,150,rosenbrock,6,0.002661,2.105428,2.112566,2.612357,31.433990
3,3.571927,3.974133,exponential_5,450,150,rosenbrock,6,0.325133,2.644982,2.462610,2.493170,42.122565
3,1.925946,2.284483,exponential_5,450,150,rosenbrock,6,0.074569,2.621351,2.849308,215.110931,29.010970
3,4.388561,5.748380,exponential_5,450,150,rosenbrock,6,0.000705,2.701310,2.408127,573.418457,31.436610
3,1.925946,3.304387,exponential_5,450,150,rosenbrock,6,0.044230,1.228460,1.696224,1.442227,28.226840
3,5.391897,0.907884,exponential_5,450,150,rosenbrock,6,0.079352,2.269394,2.553592,2.456898,26.269430
3,5.391897,0.433935,exponential_5,450,150,rosenbrock,6,0.013592,2.441228,3.163411,30.853909,29.236560
3,3.571927,5.748380,exponential_5,450,150,rosenbrock,6,0.000136,2.185936,2.227593,2.638723,46.145745
3,3.571927,8.314736,exponential_5,450,150,rosenbrock,6,0.050829,2.565468,2.356380,1.828691,43.849740
3,4.388561,0.907884,exponential_5,450,150,rosenbrock,6,0.016479,1.763704,2.311769,19.501553,43.570940
3,4.388561,0.627664,exponential_5,450,150,rosenbrock,6,1.097830,2.517547,2.903739,20.888649,45.685485
3,4.388561,1.899487,exponential_5,450,150,rosenbrock,6,0.128811,2.121832,2.190453,1.955617,42.072685
3,5.391897,3.974133,exponential_5,450,150,rosenbrock,6,0.007409,2.904505,3.815596,544.589844,28.921710
3,4.388561,1.313208,exponential_5,450,150,rosenbrock,6,0.007655,1.303088,1.814541,2.109046,44.941415
3,1.567562,2.284483,exponential_5,450,150,rosenbrock,6,0.019940,1.464219,2.095443,35.512367,41.875150
3,5.391897,2.747511,exponential_5,450,150,rosenbrock,6,0.026579,2.445215,2.317633,544.668823,30.322900
3,5.391897,1.899487,exponential_5,450,150,rosenbrock,6,0.244012,2.082388,2.067062,544.821533,31.956555
3,4.388561,3.974133,exponential_5,450,150,rosenbrock,6,1.102389,3.032788,2.690312,210.261627,42.463915
3,5.391897,5.748380,exponential_5,450,150,rosenbrock,6,0.167902,2.268585,1.956208,544.765137,28.976595
3,6.624620,0.300000,exponential_5,450,150,rosenbrock,6,0.983592,3.325774,3.737337,21.433945,27.860855
3,4.388561,2.747511,exponential_5,450,150,rosenbrock,6,0.044275,2.703106,2.630647,544.681335,47.815855
3,1.567562,4.779626,exponential_5,450,150,rosenbrock,6,0.443314,2.038481,2.300851,2.506066,44.814785
3,5.391897,8.314736,exponential_5,450,150,rosenbrock,6,0.049892,2.317758,2.255363,2.776845,31.566630
3,4.388561,8.314736,exponential_5,450,150,rosenbrock,6,0.204006,2.615736,2.383205,575.168701,46.334850
3,5.391897,0.300000,exponential_5,450,150,rosenbrock,6,0.000839,3.001647,3.875633,30.171061,44.201705
3,1.925946,0.521886,exponential_5,450,150,rosenbrock,6,0.133905,22.660889,5.730042,98.173248,40.794950
3,5.391897,0.627664,exponential_5,450,150,rosenbrock,6,0.003898,1.855427,2.450185,1.535985,45.464345
3,1.925946,0.754882,exponential_5,450,150,rosenbrock,6,1.647115,3.984370,4.620897,17.833731,41.440125
3,6.624620,0.907884,exponential_5,450,150,rosenbrock,6,0.001976,1.561346,2.214992,2.818026,29.465145
3,6.624620,0.433935,exponential_5,450,150,rosenbrock,6,0.009507,1.995690,2.783528,2.026825,32.145040
3,2.366266,0.360805,exponential_5,450,150,rosenbrock,6,1.413768,49.290440,49.794083,152.240112,40.361585
3,1.925946,1.579374,exponential_5,450,150,rosenbrock,6,0.526607,2.146680,2.714314,1.048839,44.107775
3,6.624620,0.627664,exponential_5,450,150,rosenbrock,6,0.334394,2.924094,2.792822,29.394459,33.848730
3,6.624620,1.313208,exponential_5,450,150,rosenbrock,6,0.000106,1.587603,1.943969,1.707424,32.854315
3,6.624620,1.899487,exponential_5,450,150,rosenbrock,6,0.014004,2.246524,2.184292,2.439374,32.920780
3,6.624620,3.974133,exponential_5,450,150,rosenbrock,6,0.074179,3.645494,5.418007,2.200162,30.976765
3,5.391897,1.313208,exponential_5,450,150,rosenbrock,6,0.001703,2.065688,2.047071,65.668716,48.251020
3,6.624620,2.747511,exponential_5,450,150,rosenbrock,6,0.210045,2.479807,2.122242,750.056763,35.443970
3,1.925946,1.091897,exponential_5,450,150,rosenbrock,6,0.012053,3.044317,3.766680,21.234003,46.906220
3,6.624620,5.748380,exponential_5,450,150,rosenbrock,6,0.116353,3.561741,5.417986,749.535339,32.957125
3,6.624620,8.314736,exponential_5,450,150,rosenbrock,6,0.031152,2.185873,1.865170,749.902954,32.112015
3,2.366266,1.091897,exponential_5,450,150,rosenbrock,6,1.769100,3.074903,3.115920,28.451050,42.127750
3,1.925946,6.913484,exponential_5,450,150,rosenbrock,6,0.002200,2.253086,2.096138,544.747803,46.055405
3,1.925946,10.000000,exponential_5,450,150,rosenbrock,6,0.032623,1.497949,1.705777,544.915161,44.048120
3,2.366266,0.521886,exponential_5,450,150,rosenbrock,6,0.189759,10.975256,6.887367,53.218834,46.666820
3,2.366266,0.754882,exponential_5,450,150,rosenbrock,6,0.005246,3.263645,3.881836,38.601971,45.069220
3,2.366266,1.579374,exponential_5,450,150,rosenbrock,6,0.103255,1.566039,2.023056,1.239154,44.840815
3,8.139176,0.433935,exponential_5,450,150,rosenbrock,6,0.012337,1.582280,2.458323,1.376732,33.805075
3,2.366266,4.779626,exponential_5,450,150,rosenbrock,6,0.137714,1.474402,2.075551,750.075500,41.314100
3,2.366266,3.304387,exponential_5,450,150,rosenbrock,6,0.003155,1.998359,2.140120,204.612656,44.951825
3,8.139176,0.300000,exponential_5,450,150,rosenbrock,6,0.048126,2.790062,3.292637,2.046630,34.540315
3,2.366266,6.913484,exponential_5,450,150,rosenbrock,6,0.188465,2.860086,2.160976,2.328945,42.762085
3,2.366266,2.284483,exponential_5,450,150,rosenbrock,6,0.000071,1.761427,2.090692,65.770882,44.439770
3,2.366266,10.000000,exponential_5,450,150,rosenbrock,6,0.008675,3.444965,5.417977,544.492981,41.525015
3,8.139176,0.627664,exponential_5,450,150,rosenbrock,6,0.135563,1.487007,1.968231,1.500119,34.845710
3,8.139176,0.907884,exponential_5,450,150,rosenbrock,6,0.099161,2.679061,2.385332,1.675789,33.082475
3,8.139176,1.899487,exponential_5,450,150,rosenbrock,6,0.265109,2.713042,2.959974,2.398178,31.981755
3,8.139176,1.313208,exponential_5,450,150,rosenbrock,6,0.161298,2.480106,2.290679,2.101252,32.709975
3,2.907255,0.360805,exponential_5,450,150,rosenbrock,6,0.564335,9.181387,6.081874,44.169132,42.248835
3,2.907255,0.754882,exponential_5,450,150,rosenbrock,6,0.001542,2.413685,3.449441,1.624998,42.309505
3,2.907255,0.521886,exponential_5,450,150,rosenbrock,6,1.845671,3.837694,4.260641,25.962980,44.452430
3,2.907255,1.579374,exponential_5,450,150,rosenbrock,6,0.049364,2.459161,2.338019,215.967957,41.221675
3,8.139176,2.747511,exponential_5,450,150,rosenbrock,6,0.005127,1.610897,1.946155,2.125750,34.522420
3,4.388561,0.360805,exponential_5,450,150,rosenbrock,6,0.000935,3.105131,4.201578,57.904587,31.600845
3,2.907255,3.304387,exponential_5,450,150,rosenbrock,6,0.968719,2.417161,2.147178,2.090967,41.038655
3,2.907255,1.091897,exponential_5,450,150,rosenbrock,6,0.006055,2.047675,2.783431,25.325699,42.174250
3,8.139176,3.974133,exponential_5,450,150,rosenbrock,6,0.007636,2.243470,2.262431,2.360868,34.782465
3,2.907255,10.000000,exponential_5,450,150,rosenbrock,6,0.203718,2.536912,2.395821,1.795303,37.571375
3,2.907255,2.284483,exponential_5,450,150,rosenbrock,6,0.119086,1.937744,2.114265,544.788147,42.240195
3,2.907255,4.779626,exponential_5,450,150,rosenbrock,6,0.011611,2.072268,2.167231,2.350315,40.838485
3,8.139176,8.314736,exponential_5,450,150,rosenbrock,6,0.070727,2.836961,4.757394,2.222575,35.241880
3,4.388561,0.521886,exponential_5,450,150,rosenbrock,6,0.019587,3.912030,4.389828,41.908154,32.672880
3,8.139176,5.748380,exponential_5,450,150,rosenbrock,6,0.198847,2.639535,2.312076,536.302124,36.536450
3,10.000000,0.300000,exponential_5,450,150,rosenbrock,6,1.440141,2.830736,3.068757,1.385567,29.295755
3,2.907255,6.913484,exponential_5,450,150,rosenbrock,6,0.015188,2.058397,1.972846,764.365112,41.176455
3,3.571927,0.360805,exponential_5,450,150,rosenbrock,6,0.147413,5.135051,4.923944,50.890610,40.120125
3,3.571927,0.521886,exponential_5,450,150,rosenbrock,6,0.127649,4.219491,4.893517,32.972309,39.424465
3,5.391897,0.521886,exponential_5,450,150,rosenbrock,6,0.090635,2.469735,3.106597,2.584762,29.677335
3,3.571927,0.754882,exponential_5,450,150,rosenbrock,6,0.048045,2.420613,3.126986,24.463791,38.592650
3,4.388561,6.913484,exponential_5,450,150,rosenbrock,6,0.062942,3.034410,5.417950,215.776871,32.385510
3,10.000000,0.433935,exponential_5,450,150,rosenbrock,6,0.367618,2.101035,2.583226,1.697225,32.941640
3,3.571927,2.284483,exponential_5,450,150,rosenbrock,6,0.016183,1.428967,1.929192,65.804153,38.486990
3,10.000000,0.627664,exponential_5,450,150,rosenbrock,6,0.006626,1.244882,1.944275,1.662190,32.465680
3,5.391897,1.091897,exponential_5,450,150,rosenbrock,6,0.246189,2.076815,2.304866,1.576877,33.312505
3,3.571927,3.304387,exponential_5,450,150,rosenbrock,6,0.566390,2.968090,3.175926,1.776916,37.393005
3,3.571927,1.091897,exponential_5,450,150,rosenbrock,6,0.010097,1.916605,2.472697,1.608520,38.828940
3,3.571927,4.779626,exponential_5,450,150,rosenbrock,6,0.004110,3.793426,5.419357,544.465881,37.825870
3,3.571927,1.579374,exponential_5,450,150,rosenbrock,6,0.070451,1.494508,2.053888,1.272540,41.935430
3,3.571927,6.913484,exponential_5,450,150,rosenbrock,6,0.177034,2.468946,2.279587,544.700317,35.701475
3,3.571927,10.000000,exponential_5,450,150,rosenbrock,6,0.012286,3.288957,5.419269,747.430420,35.176835
3,4.388561,1.091897,exponential_5,450,150,rosenbrock,6,0.007010,2.004866,2.340733,1.581193,34.605670
3,4.388561,0.754882,exponential_5,450,150,rosenbrock,6,0.003822,1.871683,2.503233,1.658008,34.976955
3,5.391897,4.779626,exponential_5,450,150,rosenbrock,6,0.000752,2.070626,2.090903,1.965219,33.691440
3,4.388561,2.284483,exponential_5,450,150,rosenbrock,6,0.000018,1.763110,1.888836,2.054517,35.124615
3,10.000000,0.907884,exponential_5,450,150,rosenbrock,6,0.000020,2.177499,2.134382,1.797009,33.675360
3,4.388561,4.779626,exponential_5,450,150,rosenbrock,6,0.493048,2.610734,2.400383,544.690796,32.031920
3,4.388561,1.579374,exponential_5,450,150,rosenbrock,6,0.010913,2.072239,2.404541,2.660052,36.371990
3,4.388561,3.304387,exponential_5,450,150,rosenbrock,6,0.799515,2.529292,2.218671,544.602173,30.019410
3,5.391897,0.360805,exponential_5,450,150,rosenbrock,6,0.084165,3.105878,3.743447,2.145544,26.437760
3,10.000000,1.899487,exponential_5,450,150,rosenbrock,6,0.002712,2.342630,2.217829,544.686462,25.904415
3,10.000000,1.313208,exponential_5,450,150,rosenbrock,6,0.009107,2.845946,2.699872,544.640076,30.208970
3,10.000000,2.747511,exponential_5,450,150,rosenbrock,6,0.643884,1.612828,1.831805,1.423571,24.962940
3,5.391897,2.284483,exponential_5,450,150,rosenbrock,6,0.008583,2.752467,5.271723,3.003524,36.181250
3,6.624620,0.360805,exponential_5,450,150,rosenbrock,6,0.147908,3.391709,4.346534,21.159185,33.956235
3,4.388561,10.000000,exponential_5,450,150,rosenbrock,6,0.083935,1.775570,2.005398,2.332850,30.508955
3,5.391897,0.754882,exponential_5,450,150,rosenbrock,6,0.034516,1.992748,2.514620,2.290679,27.120765
3,10.000000,3.974133,exponential_5,450,150,rosenbrock,6,0.010520,2.826926,3.967475,574.430908,25.024030
3,10.000000,5.748380,exponential_5,450,150,rosenbrock,6,0.338052,2.585821,2.287972,749.760315,24.750785
3,5.391897,6.913484,exponential_5,450,150,rosenbrock,6,0.024914,2.502660,2.192898,749.824829,36.466380
3,5.391897,3.304387,exponential_5,450,150,rosenbrock,6,0.104432,2.509694,2.187789,1.954189,39.380585
3,5.391897,1.579374,exponential_5,450,150,rosenbrock,6,0.000972,2.439569,2.320816,544.764893,24.334745
3,10.000000,8.314736,exponential_5,450,150,rosenbrock,6,0.000884,2.570305,2.341244,749.663330,25.036895
3,5.391897,10.000000,exponential_5,450,150,rosenbrock,6,0.037268,2.089628,2.350574,1.892767,36.464630
3,6.624620,0.754882,exponential_5,450,150,rosenbrock,6,0.237194,1.710658,1.991500,1.891323,29.877015
3,6.624620,1.579374,exponential_5,450,150,rosenbrock,6,0.018409,2.420164,2.074926,2.450640,29.807830
3,6.624620,4.779626,exponential_5,450,150,rosenbrock,6,0.196432,2.946509,3.802747,892.383179,29.623295
3,6.624620,6.913484,exponential_5,450,150,rosenbrock,6,0.094179,2.571520,2.379610,749.733337,28.979920
3,8.139176,6.913484,exponential_5,450,150,rosenbrock,6,0.003537,2.508381,2.255445,2.088959,25.651460
3,6.624620,1.091897,exponential_5,450,150,rosenbrock,6,0.006555,1.607353,1.843238,1.777828,35.506000
3,8.139176,3.304387,exponential_5,450,150,rosenbrock,6,0.113454,3.531726,5.417980,544.525330,26.471745
3,10.000000,1.091897,exponential_5,450,150,rosenbrock,6,0.008815,1.682001,2.099745,544.805969,13.935265
3,6.624620,0.521886,exponential_5,450,150,rosenbrock,6,0.019861,2.005453,2.500067,2.162288,36.668825
3,6.624620,2.284483,exponential_5,450,150,rosenbrock,6,0.035964,2.647806,2.394912,624.242920,34.338035
3,6.624620,3.304387,exponential_5,450,150,rosenbrock,6,0.160974,3.227987,4.699001,761.519409,33.162935
3,6.624620,10.000000,exponential_5,450,150,rosenbrock,6,0.023860,2.502831,2.420628,749.828247,31.504615
3,8.139176,0.521886,exponential_5,450,150,rosenbrock,6,0.024743,1.272100,1.724975,1.220212,31.364255
3,8.139176,0.360805,exponential_5,450,150,rosenbrock,6,0.016224,2.024800,2.767003,11.643316,31.973810
3,8.139176,10.000000,exponential_5,450,150,rosenbrock,6,0.515502,2.983208,3.027933,204.721527,29.179545
3,8.139176,2.284483,exponential_5,450,150,rosenbrock,6,0.133727,3.210180,5.360143,544.577332,30.199845
3,8.139176,1.091897,exponential_5,450,150,rosenbrock,6,0.011748,2.665533,2.357566,544.682861,30.483205
3,10.000000,0.521886,exponential_5,450,150,rosenbrock,6,0.124884,1.561853,2.098381,2.784219,25.572895
3,10.000000,0.360805,exponential_5,450,150,rosenbrock,6,0.084858,2.071519,2.785521,25.092026,29.662190
3,8.139176,4.779626,exponential_5,450,150,rosenbrock,6,0.013441,2.326854,2.236822,1.893852,30.681190
3,8.139176,0.754882,exponential_5,450,150,rosenbrock,6,0.062790,1.578059,2.042829,1.605303,32.196350
3,10.000000,2.284483,exponential_5,450,150,rosenbrock,6,0.029507,1.692842,2.110525,1.750041,14.842975
3,8.139176,1.579374,exponential_5,450,150,rosenbrock,6,0.007447,1.929821,2.204392,210.474045,31.698575
3,10.000000,0.754882,exponential_5,450,150,rosenbrock,6,0.015250,1.615979,2.197217,2.245321,25.394635
3,10.000000,1.579374,exponential_5,450,150,rosenbrock,6,0.003311,2.352854,2.171595,64.224258,16.184000
3,10.000000,4.779626,exponential_5,450,150,rosenbrock,6,0.025150,2.339851,2.171110,2.068727,14.070210
3,10.000000,3.304387,exponential_5,450,150,rosenbrock,6,0.309699,3.144382,4.192032,566.683411,15.288350
3,10.000000,6.913484,exponential_5,450,150,rosenbrock,6,0.037704,2.869362,5.389108,749.655151,14.192775
3,10.000000,10.000000,exponential_5,450,150,rosenbrock,6,0.008151,2.970454,4.816084,544.631958,13.763205
3,0.200000,0.300000,linear,900,300,rosenbrock,9,3953.594971,13152.072266,14677.480469,7865.667480,226.592655
3,0.301904,1.313208,linear,900,300,rosenbrock,9,365.190979,1382.167847,1546.019775,1162.739014,241.253205
3,0.301904,0.433935,linear,900,300,rosenbrock,9,1043.152832,6106.773438,6825.009766,3622.914307,241.664250
3,0.245725,3.304387,linear,900,300,rosenbrock,9,22.546267,183.092056,185.880478,272.375305,243.752915
3,0.301904,2.284483,linear,900,300,rosenbrock,9,27.688297,243.553635,228.946045,655.458069,244.395155
3,0.245725,5.748380,linear,900,300,rosenbrock,9,2.024265,23.393799,10.899721,57.645798,244.533950
3,0.301904,0.754882,linear,900,300,rosenbrock,9,737.261353,3311.697266,3429.911621,2926.904053,245.685450
3,0.370927,0.521886,linear,900,300,rosenbrock,9,1012.303040,4735.979492,5800.156250,5817.700195,247.749590
3,0.370927,0.300000,linear,900,300,rosenbrock,9,2315.320801,5462.945312,6882.468750,4940.372070,248.715760
3,0.370927,4.779626,linear,900,300,rosenbrock,9,0.572528,9.658466,5.924127,35.830765,247.151805
3,0.370927,1.579374,linear,900,300,rosenbrock,9,117.406456,512.060059,535.561462,708.803040,249.916685
3,0.370927,8.314736,linear,900,300,rosenbrock,9,0.807096,2.959253,3.235329,1.429249,249.732480
3,0.245725,1.899487,linear,900,300,rosenbrock,9,140.889862,1156.755493,1454.168213,1198.972534,253.165200
3,0.301904,3.974133,linear,900,300,rosenbrock,9,4.777775,42.228531,61.878826,75.558105,253.290995
3,0.301904,6.913484,linear,900,300,rosenbrock,9,1.117175,5.254510,5.726351,44.094334,253.518450
3,0.245725,0.360805,linear,900,300,rosenbrock,9,3374.109863,9134.484375,10269.974609,5783.706543,254.989905
3,0.370927,2.747511,linear,900,300,rosenbrock,9,15.610254,66.871964,72.107590,129.262833,256.010740
3,0.455730,5.748380,linear,900,300,rosenbrock,9,0.070435,3.416579,4.165612,21.782227,252.433125
3,0.559922,0.754882,linear,900,300,rosenbrock,9,196.540787,868.427002,1103.749390,1038.268555,250.829290
3,0.455730,0.360805,linear,900,300,rosenbrock,9,962.450806,6312.536621,7834.487305,4601.184570,256.114215
3,0.455730,1.091897,linear,900,300,rosenbrock,9,104.821655,516.267090,595.896240,837.003540,256.733435
3,0.559922,1.313208,linear,900,300,rosenbrock,9,38.045311,185.116760,156.737869,447.040955,253.401670
3,0.455730,3.304387,linear,900,300,rosenbrock,9,3.224064,35.958233,21.406635,75.249634,257.299115
3,0.455730,0.627664,linear,900,300,rosenbrock,9,465.624786,2811.246094,3450.926514,2377.187500,260.407150
3,0.687934,0.907884,linear,900,300,rosenbrock,9,116.142090,511.917938,578.071289,598.401306,252.429810
3,0.245725,0.627664,linear,900,300,rosenbrock,9,1169.570801,7104.106445,8595.808594,3918.848145,272.791385
3,0.200000,2.747511,linear,900,300,rosenbrock,9,166.117111,676.576416,809.020874,487.369537,280.861655
3,0.200000,4.779626,linear,900,300,rosenbrock,9,8.461351,98.730865,103.899994,193.703293,283.339025
3,0.200000,1.579374,linear,900,300,rosenbrock,9,565.362549,2207.209961,2646.437744,1820.666504,284.336900
3,1.038450,0.754882,linear,900,300,rosenbrock,9,41.757751,176.743286,190.483887,662.437378,249.478365
3,0.845213,10.000000,linear,900,300,rosenbrock,9,0.046530,1.808017,2.290414,0.801203,254.044505
3,0.845213,3.304387,linear,900,300,rosenbrock,9,0.156914,3.379885,4.149004,1.717254,259.963825
3,0.200000,0.521886,linear,900,300,rosenbrock,9,1563.112793,10021.892578,12858.676758,5830.453613,291.555200
3,0.200000,0.907884,linear,900,300,rosenbrock,9,1684.928467,6353.498047,7445.082031,3695.452148,292.589625
3,0.370927,0.907884,linear,900,300,rosenbrock,9,441.553680,1671.608765,1935.051147,1698.133667,292.922885
3,0.245725,1.091897,linear,900,300,rosenbrock,9,341.082092,2088.578613,2359.472168,2925.323975,298.678295
3,1.038450,6.913484,linear,900,300,rosenbrock,9,0.001370,1.225546,1.704788,1.412621,257.221165
3,0.245725,10.000000,linear,900,300,rosenbrock,9,0.176699,4.294585,4.837882,69.132874,309.695115
3,0.455730,1.899487,linear,900,300,rosenbrock,9,16.619202,120.219025,138.675751,197.115631,306.938830
3,0.200000,8.314736,linear,900,300,rosenbrock,9,2.412397,7.301977,8.405282,37.425179,311.476935
3,1.275867,4.779626,linear,900,300,rosenbrock,9,0.209440,1.213771,1.700970,1.149893,261.856485
3,0.559922,0.433935,linear,900,300,rosenbrock,9,651.304565,2562.740967,2798.804443,4421.675293,316.189565
3,0.559922,3.974133,linear,900,300,rosenbrock,9,0.000245,3.649315,4.973554,18.323639,315.012985
3,0.455730,10.000000,linear,900,300,rosenbrock,9,0.005058,1.085881,1.316501,0.714383,321.609390
3,0.559922,2.284483,linear,900,300,rosenbrock,9,2.789594,32.768597,23.657429,47.615883,324.045570
3,0.559922,6.913484,linear,900,300,rosenbrock,9,0.000771,1.160169,1.681452,2.114193,321.793005
3,0.687934,0.300000,linear,900,300,rosenbrock,9,939.098328,4373.153320,5114.578613,2519.437012,327.381050
3,0.687934,1.579374,linear,900,300,rosenbrock,9,5.848986,53.589825,72.119453,70.779907,328.051625
3,0.687934,2.747511,linear,900,300,rosenbrock,9,0.311782,4.875041,5.803326,31.218807,339.456010
3,0.687934,0.521886,linear,900,300,rosenbrock,9,433.220886,1931.350464,2098.068359,1614.996826,345.046955
3,0.687934,4.779626,linear,900,300,rosenbrock,9,0.026606,2.528435,3.033097,1.548617,343.474170
3,0.845213,0.627664,linear,900,300,rosenbrock,9,74.867409,355.193115,382.784241,879.303589,339.888090
3,0.687934,8.314736,linear,900,300,rosenbrock,9,0.000119,1.125547,1.312689,210.667160,344.498800
3,0.845213,1.091897,linear,900,300,rosenbrock,9,8.609170,142.131439,121.636971,233.831131,342.698585
3,0.845213,0.360805,linear,900,300,rosenbrock,9,519.657471,2273.423096,2951.367920,2543.789307,354.462625
3,0.845213,1.899487,linear,900,300,rosenbrock,9,2.432142,9.913390,9.730780,26.521235,355.489950
3,0.845213,5.748380,linear,900,300,rosenbrock,9,0.005719,0.895922,1.382663,0.745126,354.740030
3,1.038450,3.974133,linear,900,300,rosenbrock,9,0.066942,1.305900,1.828086,1.250425,348.685145
3,1.038450,0.433935,linear,900,300,rosenbrock,9,394.706421,1276.373535,1791.046631,955.248657,357.860600
3,1.275867,0.300000,linear,900,300,rosenbrock,9,410.309998,1639.231201,1881.363770,2524.267822,353.484390
3,1.275867,0.521886,linear,900,300,rosenbrock,9,41.948521,197.400345,231.931992,269.726410,353.182275
3,1.038450,1.313208,linear,900,300,rosenbrock,9,6.567636,26.799896,10.112509,74.786171,366.287105
3,1.275867,1.579374,linear,900,300,rosenbrock,9,0.014923,4.712200,5.549838,24.054050,354.980790
3,1.275867,0.907884,linear,900,300,rosenbrock,9,3.315130,52.505089,77.575638,183.165344,357.418530
3,1.038450,2.284483,linear,900,300,rosenbrock,9,0.101999,4.123823,4.904260,17.373074,368.556335
3,1.275867,2.747511,linear,900,300,rosenbrock,9,0.031697,1.201528,1.401018,1.475724,363.384845
3,1.567562,3.304387,linear,900,300,rosenbrock,9,0.006288,1.244525,1.492349,1.328667,355.015995
3,1.567562,1.899487,linear,900,300,rosenbrock,9,0.001756,2.609915,3.580974,1.869893,357.087535
3,1.567562,1.091897,linear,900,300,rosenbrock,9,1.694457,6.049248,5.963655,25.940401,359.593225
3,1.275867,8.314736,linear,900,300,rosenbrock,9,0.203095,2.960267,3.243083,544.649048,368.895075
3,1.925946,2.284483,linear,900,300,rosenbrock,9,0.056538,1.417174,1.688009,1.183614,350.394660
3,1.567562,0.360805,linear,900,300,rosenbrock,9,73.197556,732.912109,819.190735,971.405090,373.340580
3,1.567562,0.627664,linear,900,300,rosenbrock,9,10.752840,111.034752,129.554550,173.294571,375.992900
3,1.925946,0.433935,linear,900,300,rosenbrock,9,53.567162,199.648666,201.818115,209.964478,364.398455
3,1.925946,1.313208,linear,900,300,rosenbrock,9,1.370744,3.763832,4.128441,1.535728,361.992550
3,1.567562,5.748380,linear,900,300,rosenbrock,9,0.467306,2.780061,3.145502,749.790161,372.478685
3,1.925946,6.913484,linear,900,300,rosenbrock,9,3.022294,3.835734,3.743966,0.804299,363.060510
3,1.567562,10.000000,linear,900,300,rosenbrock,9,0.273971,3.680105,4.306081,545.337952,376.196075
3,1.925946,0.754882,linear,900,300,rosenbrock,9,2.124052,33.900059,25.725178,58.191151,375.726955
3,1.925946,3.974133,linear,900,300,rosenbrock,9,0.875706,2.131291,2.324777,0.488411,376.554980
3,2.366266,0.300000,linear,900,300,rosenbrock,9,25.205311,184.088882,186.249619,577.631958,378.719615
3,0.200000,0.360805,linear,900,300,rosenbrock,9,2812.153320,10055.883789,11282.660156,7124.985840,258.439110
3,0.301904,0.521886,linear,900,300,rosenbrock,9,2152.031250,7360.436035,9659.216797,4591.354004,258.500295
3,0.301904,1.579374,linear,900,300,rosenbrock,9,182.390320,853.518860,957.355347,796.435913,261.706420
3,0.301904,2.747511,linear,900,300,rosenbrock,9,17.963573,151.345306,164.171188,210.593979,259.738265
3,0.370927,0.627664,linear,900,300,rosenbrock,9,683.746826,3861.170654,4452.168945,3269.654297,255.660820
3,0.301904,0.907884,linear,900,300,rosenbrock,9,1036.574951,3980.718262,3877.114502,3814.281494,264.463265
3,0.370927,5.748380,linear,900,300,rosenbrock,9,0.506598,4.375013,5.663190,25.772623,261.444860
3,0.245725,6.913484,linear,900,300,rosenbrock,9,0.882888,7.238056,6.533555,47.728203,267.475195
3,0.245725,3.974133,linear,900,300,rosenbrock,9,6.968689,74.917435,90.516434,183.656662,273.420265
3,0.370927,1.899487,linear,900,300,rosenbrock,9,71.728256,281.762787,264.758911,387.568085,266.232035
3,0.370927,3.304387,linear,900,300,rosenbrock,9,0.174028,33.428059,36.336067,52.546009,262.154555
3,0.370927,0.360805,linear,900,300,rosenbrock,9,681.833618,6600.169922,7134.394531,5171.008789,269.025515
3,0.370927,10.000000,linear,900,300,rosenbrock,9,0.034484,1.515502,2.194957,1.449978,266.665985
3,0.455730,1.313208,linear,900,300,rosenbrock,9,30.115236,365.857422,308.331085,532.880005,259.427940
3,0.301904,4.779626,linear,900,300,rosenbrock,9,4.671419,24.716969,13.889153,86.776085,265.488235
3,0.301904,8.314736,linear,900,300,rosenbrock,9,0.003095,2.704492,4.127291,2.695866,265.112505
3,0.245725,0.433935,linear,900,300,rosenbrock,9,1897.614014,7759.993164,8636.750000,5733.277344,268.263045
3,0.455730,6.913484,linear,900,300,rosenbrock,9,0.000216,1.777878,2.871557,216.148438,266.968125
3,0.687934,1.091897,linear,900,300,rosenbrock,9,8.737751,188.271667,202.662872,230.109528,255.183400
3,0.245725,2.284483,linear,900,300,rosenbrock,9,95.266418,421.127441,500.309998,948.479919,273.949250
3,0.455730,0.433935,linear,900,300,rosenbrock,9,944.421997,4443.147461,5096.911621,3999.322266,269.565500
3,0.559922,0.907884,linear,900,300,rosenbrock,9,176.043274,868.032959,897.164612,747.755920,270.987225
3,0.455730,0.754882,linear,900,300,rosenbrock,9,222.869827,1673.674194,1654.989014,1575.780640,268.637360
3,0.559922,1.579374,linear,900,300,rosenbrock,9,13.658345,116.024956,135.315857,139.578323,272.162075
3,0.455730,3.974133,linear,900,300,rosenbrock,9,0.290247,5.880937,7.011070,29.671558,283.918835
3,1.038450,0.300000,linear,900,300,rosenbrock,9,380.460602,1938.169434,2277.028320,2565.592285,259.805200
3,0.845213,3.974133,linear,900,300,rosenbrock,9,0.010258,1.790798,2.886925,20.202419,259.596365
3,1.038450,0.907884,linear,900,300,rosenbrock,9,41.012962,118.682678,135.803375,147.822235,262.810045
3,0.245725,1.313208,linear,900,300,rosenbrock,9,135.037582,2082.014404,2556.103760,2305.555420,258.000035
3,1.038450,8.314736,linear,900,300,rosenbrock,9,0.015693,1.905728,2.529237,1.164119,273.802085
3,0.200000,10.000000,linear,900,300,rosenbrock,9,1.760036,5.494677,5.590445,37.673862,263.029905
3,0.301904,0.300000,linear,900,300,rosenbrock,9,3092.744141,10158.509766,12175.510742,5614.747070,271.938955
3,1.275867,5.748380,linear,900,300,rosenbrock,9,0.064988,1.750792,1.961483,1.844230,282.850550
3,0.200000,5.748380,linear,900,300,rosenbrock,9,4.678438,60.225014,60.677238,95.274513,340.945895
3,0.200000,3.304387,linear,900,300,rosenbrock,9,95.486191,365.474487,323.340210,571.757507,346.476335
3,0.245725,0.754882,linear,900,300,rosenbrock,9,828.972839,4835.355957,6113.050781,3034.566406,355.458850
3,0.200000,0.627664,linear,900,300,rosenbrock,9,3647.373535,8348.375000,8702.317383,6277.604492,345.320435
3,0.200000,1.899487,linear,900,300,rosenbrock,9,241.186188,1611.817261,2005.581787,1869.181641,353.394910
3,0.200000,1.091897,linear,900,300,rosenbrock,9,458.969299,2994.802734,3425.652832,3202.046143,355.438030
3,0.455730,2.284483,linear,900,300,rosenbrock,9,9.544466,83.581848,96.029762,103.602806,340.026555
3,0.370927,1.091897,linear,900,300,rosenbrock,9,67.811111,1252.494629,1510.172119,1530.713257,363.558525
3,0.559922,0.521886,linear,900,300,rosenbrock,9,580.537048,2286.001465,2622.188965,1699.762451,344.692320
3,0.559922,0.300000,linear,900,300,rosenbrock,9,1099.239014,6634.994629,7924.637207,5137.000488,352.602475
3,0.559922,4.779626,linear,900,300,rosenbrock,9,0.008655,2.738786,4.025571,2.183072,360.459770
3,0.559922,8.314736,linear,900,300,rosenbrock,9,0.001595,1.074740,1.463395,1.216306,352.263800
3,0.687934,1.899487,linear,900,300,rosenbrock,9,4.046815,26.416874,26.314754,49.636395,342.985615
3,0.559922,2.747511,linear,900,300,rosenbrock,9,0.046866,16.400774,8.587704,68.320335,360.577545
3,0.687934,0.360805,linear,900,300,rosenbrock,9,892.545227,3559.211182,4405.823242,3871.961670,355.302410
3,0.687934,0.627664,linear,900,300,rosenbrock,9,137.227478,1033.733276,1122.000244,1416.278931,347.861455
3,0.687934,3.304387,linear,900,300,rosenbrock,9,0.028284,4.048758,4.899244,22.522795,355.280215
3,0.687934,5.748380,linear,900,300,rosenbrock,9,0.106303,1.438646,1.849225,35.029186,350.898035
3,0.687934,10.000000,linear,900,300,rosenbrock,9,0.398186,1.581892,1.773542,544.973938,350.015380
3,0.845213,0.754882,linear,900,300,rosenbrock,9,85.972069,351.224060,359.426178,1322.639526,354.119890
3,0.845213,1.313208,linear,900,300,rosenbrock,9,6.250814,62.224495,63.938515,225.559509,355.978485
3,0.845213,0.433935,linear,900,300,rosenbrock,9,337.501587,2711.036865,3454.400391,2649.095703,351.265725
3,0.845213,6.913484,linear,900,300,rosenbrock,9,0.002314,1.157303,1.375356,1.087170,347.849635
3,1.038450,0.521886,linear,900,300,rosenbrock,9,56.608040,448.636230,446.926422,811.787659,349.710480
3,1.038450,4.779626,linear,900,300,rosenbrock,9,0.122338,0.982796,1.313290,0.840588,353.236075
3,1.275867,0.627664,linear,900,300,rosenbrock,9,24.119328,260.138031,321.990082,344.572876,343.990710
3,0.845213,2.284483,linear,900,300,rosenbrock,9,1.504821,6.128485,7.593587,23.028244,362.054795
3,0.200000,0.433935,linear,900,300,rosenbrock,9,1904.227173,9444.407227,10866.609375,5844.151367,259.058560
3,1.275867,1.899487,linear,900,300,rosenbrock,9,0.018050,4.065042,4.866310,65.187286,348.765560
3,1.038450,2.747511,linear,900,300,rosenbrock,9,0.001155,2.175591,3.090404,34.891026,348.395520
3,1.275867,0.360805,linear,900,300,rosenbrock,9,138.501282,852.071411,1100.119263,1717.779419,360.904975
3,1.038450,1.579374,linear,900,300,rosenbrock,9,1.441493,11.925188,8.420631,43.881638,356.522955
3,1.275867,1.091897,linear,900,300,rosenbrock,9,3.940189,15.831425,14.866956,47.946983,354.313650
3,1.567562,3.974133,linear,900,300,rosenbrock,9,0.009047,1.088678,1.438155,0.793766,343.759330
3,1.275867,3.304387,linear,900,300,rosenbrock,9,0.020106,1.446329,1.945833,1.161180,351.328540
3,0.301904,1.899487,linear,900,300,rosenbrock,9,46.087673,512.530823,633.601807,488.588348,263.562725
3,1.567562,1.313208,linear,900,300,rosenbrock,9,0.074268,4.258318,4.929775,65.472229,343.754935
3,0.301904,0.627664,linear,900,300,rosenbrock,9,471.062714,4101.643555,4970.405273,5168.774902,270.035710
3,0.301904,3.304387,linear,900,300,rosenbrock,9,13.227807,82.349152,98.452347,51.840473,269.892760
3,1.925946,2.747511,linear,900,300,rosenbrock,9,0.000490,1.080415,1.365798,0.698781,347.388380
3,1.567562,2.284483,linear,900,300,rosenbrock,9,0.186041,1.943912,2.335838,1.198010,354.260115
3,1.275867,10.000000,linear,900,300,rosenbrock,9,0.294207,3.074785,3.629639,1.555637,352.922780
3,1.925946,0.300000,linear,900,300,rosenbrock,9,129.518509,632.593018,935.419983,681.135132,336.200115
3,1.925946,0.521886,linear,900,300,rosenbrock,9,6.681494,72.721710,95.569305,168.208954,347.689830
3,0.370927,2.284483,linear,900,300,rosenbrock,9,0.975566,180.795868,195.920532,241.687683,264.305780
3,0.370927,0.754882,linear,900,300,rosenbrock,9,715.791870,3452.942871,4014.022705,3017.539795,279.712525
3,0.245725,8.314736,linear,900,300,rosenbrock,9,0.001084,4.161809,5.039937,15.760524,271.454205
3,0.370927,6.913484,linear,900,300,rosenbrock,9,0.267214,3.653240,4.289904,1.818891,274.495165
3,1.567562,0.754882,linear,900,300,rosenbrock,9,4.492131,23.438698,18.433117,35.774754,356.284440
3,0.370927,3.974133,linear,900,300,rosenbrock,9,1.729977,17.703480,7.832659,68.209122,269.669945
3,0.301904,5.748380,linear,900,300,rosenbrock,9,0.012474,6.182428,7.252903,35.275360,266.958400
3,1.925946,1.579374,linear,900,300,rosenbrock,9,0.000696,2.848504,3.713392,66.598030,353.469900
3,1.925946,8.314736,linear,900,300,rosenbrock,9,0.658082,4.169263,4.873004,1.338089,348.538615
3,0.245725,4.779626,linear,900,300,rosenbrock,9,1.852259,59.597694,75.739571,131.001358,274.683440
3,0.687934,1.313208,linear,900,300,rosenbrock,9,17.798088,100.366035,122.905983,289.571045,265.174525
3,0.455730,0.300000,linear,900,300,rosenbrock,9,2710.362793,7228.179199,8390.550781,4826.300293,275.390335
3,0.301904,1.091897,linear,900,300,rosenbrock,9,474.094910,2378.727051,2688.057373,1914.114014,286.414375
3,0.301904,10.000000,linear,900,300,rosenbrock,9,0.037315,2.431365,3.179365,2.060795,274.629365
3,0.455730,0.521886,linear,900,300,rosenbrock,9,769.166382,4379.150879,5559.620117,4227.048828,266.393130
3,1.567562,0.433935,linear,900,300,rosenbrock,9,18.864235,316.955048,312.029297,339.051270,367.487810
3,0.559922,1.091897,linear,900,300,rosenbrock,9,54.288017,422.371399,466.611053,600.306702,265.483765
3,0.370927,0.433935,linear,900,300,rosenbrock,9,1343.786377,4885.537109,5563.401367,4008.512207,278.947325
3,0.245725,2.747511,linear,900,300,rosenbrock,9,13.126455,397.880096,473.065857,608.874817,269.406870
3,0.455730,1.579374,linear,900,300,rosenbrock,9,76.978500,273.026001,275.108978,290.609100,278.002775
3,0.245725,0.521886,linear,900,300,rosenbrock,9,349.813171,7580.629395,9876.772461,5246.868652,272.920985
3,0.455730,8.314736,linear,900,300,rosenbrock,9,0.013005,1.799498,2.181828,1.823512,272.800860
3,0.455730,0.907884,linear,900,300,rosenbrock,9,175.525940,1151.329590,1418.267822,925.834106,269.479090
3,1.567562,6.913484,linear,900,300,rosenbrock,9,0.008802,2.796665,3.261050,1.404197,364.941620
3,1.925946,0.907884,linear,900,300,rosenbrock,9,5.779831,9.776552,8.091346,42.248432,358.705650
3,2.366266,0.360805,linear,900,300,rosenbrock,9,4.694519,103.231194,118.083664,183.449112,346.755440
3,0.559922,1.899487,linear,900,300,rosenbrock,9,8.310009,66.266518,84.346039,219.585159,275.746160
3,1.925946,4.779626,linear,900,300,rosenbrock,9,0.074023,2.263365,3.010955,1.173284,356.624845
3,0.845213,4.779626,linear,900,300,rosenbrock,9,0.012063,0.901915,1.136947,1.410160,265.660470
3,1.038450,0.360805,linear,900,300,rosenbrock,9,312.850586,1773.804321,2431.524414,1716.110229,270.576805
3,1.038450,1.091897,linear,900,300,rosenbrock,9,4.195868,46.258316,60.293728,203.992996,269.517840
3,0.455730,4.779626,linear,900,300,rosenbrock,9,0.061002,4.560890,5.731454,18.364256,276.895635
3,0.245725,1.579374,linear,900,300,rosenbrock,9,227.614563,1391.449951,1651.981567,1666.005615,271.457220
3,0.301904,0.360805,linear,900,300,rosenbrock,9,833.917358,7662.892578,9724.623047,4618.107422,268.137040
3,0.245725,0.300000,linear,900,300,rosenbrock,9,3779.264160,9063.438477,9256.333008,6404.516602,275.398290
3,1.038450,10.000000,linear,900,300,rosenbrock,9,0.655552,2.589282,2.959899,544.709900,283.002200
3,1.275867,6.913484,linear,900,300,rosenbrock,9,0.980716,2.260429,2.664445,892.699097,273.402815
3,0.245725,0.907884,linear,900,300,rosenbrock,9,196.243240,4386.319336,4532.484375,3354.881104,339.076550
3,0.200000,6.913484,linear,900,300,rosenbrock,9,2.481205,22.156778,26.310741,59.927452,355.316235
3,0.200000,0.754882,linear,900,300,rosenbrock,9,1410.629150,5764.504395,7046.843262,3629.806152,344.744465
3,0.200000,3.974133,linear,900,300,rosenbrock,9,40.240501,234.784821,286.425385,338.871887,367.533920
3,0.200000,1.313208,linear,900,300,rosenbrock,9,773.709839,2603.457520,2588.724609,2634.227295,345.220335
3,0.200000,2.284483,linear,900,300,rosenbrock,9,321.017273,861.358704,895.463928,687.168640,360.002680
3,2.366266,0.521886,linear,900,300,rosenbrock,9,7.497033,32.126854,34.845329,83.845779,253.675415
3,0.559922,0.627664,linear,900,300,rosenbrock,9,578.361572,1894.364746,1926.299561,1881.629761,337.807150
3,0.455730,2.747511,linear,900,300,rosenbrock,9,0.612337,39.252850,19.671436,72.231232,355.398895
3,0.370927,1.313208,linear,900,300,rosenbrock,9,337.495544,911.006836,1116.908447,656.177429,350.966500
3,0.559922,0.360805,linear,900,300,rosenbrock,9,1130.613525,4477.064453,4882.951172,4903.688965,343.237860
3,0.559922,5.748380,linear,900,300,rosenbrock,9,0.091298,2.242139,2.987578,1.740235,346.634275
3,0.687934,2.284483,linear,900,300,rosenbrock,9,1.027632,22.405313,8.139860,50.587227,343.110415
3,2.366266,0.907884,linear,900,300,rosenbrock,9,0.481309,3.930540,4.847654,24.128544,268.867485
3,0.559922,10.000000,linear,900,300,rosenbrock,9,0.277828,1.747531,1.901801,750.023193,353.425210
3,2.366266,1.579374,linear,900,300,rosenbrock,9,0.004234,1.531760,2.297379,1.471373,268.954510
3,0.687934,0.433935,linear,900,300,rosenbrock,9,659.553589,2853.817383,3044.286865,3999.743896,348.029515
3,0.559922,3.304387,linear,900,300,rosenbrock,9,0.297043,5.586966,6.484349,30.633356,352.750590
3,2.366266,4.779626,linear,900,300,rosenbrock,9,2.134690,3.545872,3.664593,544.657349,260.420355
3,2.366266,2.747511,linear,900,300,rosenbrock,9,0.050879,1.028020,1.451187,1.201116,274.959005
3,2.907255,0.627664,linear,900,300,rosenbrock,9,0.059709,4.737632,5.860016,55.874451,266.340255
3,2.366266,8.314736,linear,900,300,rosenbrock,9,0.064659,4.423027,5.421141,999.956970,269.084660
3,0.687934,0.754882,linear,900,300,rosenbrock,9,41.763298,572.841675,546.922485,660.873291,354.149630
3,3.571927,0.754882,linear,900,300,rosenbrock,9,0.000098,3.176607,4.071211,16.441126,264.755305
3,2.907255,1.899487,linear,900,300,rosenbrock,9,0.048274,0.962429,1.232528,0.634615,270.447775
3,3.571927,2.284483,linear,900,300,rosenbrock,9,0.016800,1.649911,2.166451,0.950204,262.783450
3,2.907255,0.360805,linear,900,300,rosenbrock,9,8.155584,59.558350,87.817612,273.882965,274.566885
3,3.571927,1.313208,linear,900,300,rosenbrock,9,0.000023,1.128595,1.477553,216.328262,266.342670
3,2.907255,1.091897,linear,900,300,rosenbrock,9,0.017534,2.690973,3.122905,1.320609,272.492970
3,3.571927,0.433935,linear,900,300,rosenbrock,9,1.023248,13.563326,8.540294,64.153290,269.776765
3,2.907255,5.748380,linear,900,300,rosenbrock,9,0.070374,4.306624,4.803290,892.463928,270.788700
3,4.388561,0.300000,linear,900,300,rosenbrock,9,5.186356,50.067612,73.001602,61.061172,264.136575
3,2.907255,3.304387,linear,900,300,rosenbrock,9,0.541720,2.366476,2.913141,530.989502,271.164380
3,4.388561,0.521886,linear,900,300,rosenbrock,9,0.042775,4.332248,5.061599,24.298038,264.804975
3,0.687934,6.913484,linear,900,300,rosenbrock,9,0.028459,1.184074,1.566876,1.109371,353.855790
3,0.845213,0.300000,linear,900,300,rosenbrock,9,636.574463,2723.631348,3495.119629,2666.497070,352.008375
3,0.845213,1.579374,linear,900,300,rosenbrock,9,0.250520,26.131313,20.322632,79.244240,347.881815
3,0.687934,3.974133,linear,900,300,rosenbrock,9,0.000397,2.657063,3.793062,2.096479,359.671530
3,3.571927,6.913484,linear,900,300,rosenbrock,9,3.597577,5.223515,5.421160,749.757935,271.777040
3,0.845213,0.907884,linear,900,300,rosenbrock,9,5.097241,187.663986,242.365936,213.782257,353.600055
3,4.388561,1.579374,linear,900,300,rosenbrock,9,0.001803,1.455236,1.815846,1.208962,268.679590
3,3.571927,3.974133,linear,900,300,rosenbrock,9,0.233552,3.792258,4.027193,999.668579,277.029015
3,4.388561,0.907884,linear,900,300,rosenbrock,9,0.431785,1.755186,1.986677,0.997566,273.480695
3,2.907255,10.000000,linear,900,300,rosenbrock,9,0.292697,4.952692,5.421161,999.763306,283.273580
3,4.388561,8.314736,linear,900,300,rosenbrock,9,2.535038,29.000612,5.512124,897.644470,263.566845
3,5.391897,0.360805,linear,900,300,rosenbrock,9,0.050862,4.535403,5.390883,75.000389,265.690540
3,4.388561,2.747511,linear,900,300,rosenbrock,9,0.545666,2.979469,3.384894,544.643066,271.717430
3,4.388561,4.779626,linear,900,300,rosenbrock,9,1.463574,167.824066,5.421072,1079.193359,267.870855
3,0.845213,0.521886,linear,900,300,rosenbrock,9,183.755875,824.156555,810.542480,1166.567017,357.854300
3,1.038450,0.627664,linear,900,300,rosenbrock,9,88.377937,443.172546,494.920715,417.645630,347.339870
3,1.038450,5.748380,linear,900,300,rosenbrock,9,0.074091,1.046687,1.513641,0.772951,346.121770
3,0.845213,2.747511,linear,900,300,rosenbrock,9,0.020682,3.379750,4.371422,37.401688,343.033910
3,0.845213,8.314736,linear,900,300,rosenbrock,9,0.078041,1.383382,1.712094,0.762659,359.582560
3,5.391897,0.627664,linear,900,300,rosenbrock,9,0.007535,2.272647,3.025999,1.374144,271.053225
3,1.275867,2.284483,linear,900,300,rosenbrock,9,0.181790,2.547707,3.822947,2.047041,346.330960
3,1.275867,0.754882,linear,900,300,rosenbrock,9,14.103728,108.670555,125.965759,150.101883,354.670455
3,5.391897,1.091897,linear,900,300,rosenbrock,9,0.035939,0.953086,1.496421,0.841496,270.699465
3,1.275867,0.433935,linear,900,300,rosenbrock,9,113.128586,452.928101,466.353882,1480.982056,346.351475
3,1.038450,1.899487,linear,900,300,rosenbrock,9,0.286308,4.791728,5.982364,46.726185,347.181310
3,1.567562,4.779626,linear,900,300,rosenbrock,9,0.210624,1.694551,2.111899,1.070545,342.996880
3,1.038450,3.304387,linear,900,300,rosenbrock,9,0.003553,2.263985,2.875236,1.733185,354.008170
3,5.391897,3.304387,linear,900,300,rosenbrock,9,0.255899,4.085650,5.147840,764.085632,258.103505
3,1.275867,3.974133,linear,900,300,rosenbrock,9,0.093529,0.954714,1.285841,1.160876,346.182500
3,1.275867,1.313208,linear,900,300,rosenbrock,9,2.182055,14.168740,7.884292,40.342480,357.684475
3,1.925946,3.304387,linear,900,300,rosenbrock,9,0.043833,1.420986,1.698064,545.015442,347.752850
3,5.391897,1.899487,linear,900,300,rosenbrock,9,0.205632,3.253857,3.374381,749.660278,273.264590
3,5.391897,5.748380,linear,900,300,rosenbrock,9,0.126425,129.362747,6.036450,994.167542,276.522820
3,1.567562,1.579374,linear,900,300,rosenbrock,9,0.045486,3.904699,4.852072,16.167391,361.579315
3,1.567562,0.907884,linear,900,300,rosenbrock,9,1.786877,12.770323,8.924791,62.980827,341.299820
3,1.925946,0.360805,linear,900,300,rosenbrock,9,10.725105,254.191132,350.093689,392.668213,352.631775
3,1.925946,0.627664,linear,900,300,rosenbrock,9,5.670412,58.083168,72.191612,103.426048,352.203055
3,1.567562,0.300000,linear,900,300,rosenbrock,9,172.772858,749.867065,747.884460,1620.860229,361.202320
3,1.925946,1.899487,linear,900,300,rosenbrock,9,0.026789,1.625741,2.245240,27.796211,351.654675
3,1.567562,2.747511,linear,900,300,rosenbrock,9,0.062450,1.053371,1.397741,1.312529,367.574800
3,1.567562,0.521886,linear,900,300,rosenbrock,9,15.262413,151.611832,153.544586,241.561661,349.535060
3,1.925946,10.000000,linear,900,300,rosenbrock,9,0.269545,66.186462,5.290095,998.399536,355.139445
3,5.391897,10.000000,linear,900,300,rosenbrock,9,0.028663,39.875221,8.035042,612.579163,281.709995
3,1.925946,1.091897,linear,900,300,rosenbrock,9,1.859362,5.107820,5.728991,2.096079,346.972785
3,2.366266,0.433935,linear,900,300,rosenbrock,9,9.133216,85.155777,91.481644,242.335922,346.375055
3,1.925946,5.748380,linear,900,300,rosenbrock,9,0.771835,3.272340,3.547133,892.501770,352.399395
3,1.567562,8.314736,linear,900,300,rosenbrock,9,0.274581,3.703882,4.306162,892.421814,370.007250
3,2.366266,0.627664,linear,900,300,rosenbrock,9,0.491404,30.499380,26.776777,57.976219,270.035060
3,2.366266,1.091897,linear,900,300,rosenbrock,9,0.000820,2.776799,3.997963,1.970178,270.634955
3,2.366266,1.899487,linear,900,300,rosenbrock,9,0.017362,0.740212,1.054018,1.459548,273.940365
3,6.624620,0.433935,linear,900,300,rosenbrock,9,0.007286,2.562155,3.319423,2.249539,347.913290
3,6.624620,0.754882,linear,900,300,rosenbrock,9,0.052901,0.984321,1.395806,0.698683,347.143225
3,2.907255,0.754882,linear,900,300,rosenbrock,9,0.654891,3.728223,4.200148,13.797435,268.147940
3,2.366266,3.304387,linear,900,300,rosenbrock,9,0.005683,1.761743,2.178904,1.342666,282.817800
3,2.366266,5.748380,linear,900,300,rosenbrock,9,0.042175,3.934978,4.196056,544.595520,284.651280
3,3.571927,0.907884,linear,900,300,rosenbrock,9,0.189328,2.009619,2.952750,2.072848,271.773170
3,4.388561,0.360805,linear,900,300,rosenbrock,9,2.774060,19.336315,9.669254,54.469032,270.400510
3,6.624620,1.313208,linear,900,300,rosenbrock,9,0.003960,1.805342,2.475944,1.360982,358.726645
3,2.366266,10.000000,linear,900,300,rosenbrock,9,0.472886,4.565421,5.421161,892.483276,280.239280
3,2.907255,6.913484,linear,900,300,rosenbrock,9,2.062839,4.609473,5.248653,749.807190,274.332200
3,3.571927,2.747511,linear,900,300,rosenbrock,9,0.000376,2.097288,2.662939,545.010620,278.354605
3,2.907255,2.284483,linear,900,300,rosenbrock,9,0.007177,1.156693,1.597257,545.059998,280.006795
3,3.571927,0.521886,linear,900,300,rosenbrock,9,1.762548,5.955406,6.385802,34.992168,276.529820
3,4.388561,0.627664,linear,900,300,rosenbrock,9,0.000003,2.280020,3.106723,1.588987,274.697595
3,2.907255,3.974133,linear,900,300,rosenbrock,9,0.097052,2.452199,2.885661,1.583094,276.574125
3,2.907255,0.433935,linear,900,300,rosenbrock,9,4.492068,22.296686,17.922508,169.689758,280.787855
3,2.907255,1.313208,linear,900,300,rosenbrock,9,0.054933,1.422043,1.837308,0.858544,279.753025
3,8.139176,0.300000,linear,900,300,rosenbrock,9,0.011173,3.937305,4.932752,2.085292,342.261810
3,6.624620,2.284483,linear,900,300,rosenbrock,9,0.783790,3.957692,4.545954,544.622375,356.992940
3,3.571927,1.579374,linear,900,300,rosenbrock,9,0.124942,1.136045,1.555908,0.579950,285.505205
3,6.624620,3.974133,linear,900,300,rosenbrock,9,1.975337,6.078559,5.421163,897.321411,356.376235
3,3.571927,8.314736,linear,900,300,rosenbrock,9,0.529702,5.137702,5.421163,892.283813,275.027930
3,4.388561,5.748380,linear,900,300,rosenbrock,9,0.243484,4.330134,5.419682,544.875000,265.173685
3,8.139176,0.521886,linear,900,300,rosenbrock,9,0.021473,0.986686,1.420506,0.799426,351.426600
3,5.391897,0.433935,linear,900,300,rosenbrock,9,0.970711,4.528116,4.973330,66.059334,273.720855
3,3.571927,0.300000,linear,900,300,rosenbrock,9,9.549410,54.979324,66.526253,243.015762,277.106535
3,4.388561,1.091897,linear,900,300,rosenbrock,9,0.027190,0.931017,1.331694,0.607226,279.018570
3,3.571927,4.779626,linear,900,300,rosenbrock,9,0.402071,4.059825,4.761088,999.772522,281.421855
3,4.388561,1.899487,linear,900,300,rosenbrock,9,0.039857,1.726312,2.241862,544.901428,285.178880
3,6.624620,6.913484,linear,900,300,rosenbrock,9,0.171712,67.251228,5.475501,998.215027,368.070315
3,4.388561,3.304387,linear,900,300,rosenbrock,9,0.000682,3.693649,3.973179,544.694153,280.156960
3,8.139176,0.907884,linear,900,300,rosenbrock,9,0.037693,1.619169,1.901079,1.252755,363.761315
3,8.139176,1.579374,linear,900,300,rosenbrock,9,2.496622,4.218743,4.808259,892.173279,352.729350
3,4.388561,10.000000,linear,900,300,rosenbrock,9,3.053246,129.754028,5.824436,994.215149,290.908265
3,5.391897,1.313208,linear,900,300,rosenbrock,9,0.488064,1.851395,2.098293,0.899086,274.878315
3,8.139176,2.747511,linear,900,300,rosenbrock,9,0.731011,4.174748,5.391362,999.923584,356.213635
3,8.139176,4.779626,linear,900,300,rosenbrock,9,1.759468,318.039703,5.511486,1145.185547,354.528085
3,5.391897,0.754882,linear,900,300,rosenbrock,9,0.035755,0.922062,1.266132,0.685017,285.071155
3,5.391897,3.974133,linear,900,300,rosenbrock,9,1.765415,4.472857,5.421159,892.383728,269.174010
3,10.000000,0.360805,linear,900,300,rosenbrock,9,0.385377,1.926449,2.244909,0.787610,349.130195
3,10.000000,0.627664,linear,900,300,rosenbrock,9,0.000418,1.154593,1.383866,545.058289,349.110040
3,8.139176,8.314736,linear,900,300,rosenbrock,9,1.519116,287.762634,9.478514,5408.543457,356.267990
3,5.391897,2.284483,linear,900,300,rosenbrock,9,0.306053,3.101628,3.544006,544.809326,269.253215
3,5.391897,6.913484,linear,900,300,rosenbrock,9,1.055295,317.684570,5.421616,1145.110596,279.152415
3,10.000000,1.899487,linear,900,300,rosenbrock,9,2.792010,223.016479,5.421159,1075.067627,342.525045
3,10.000000,1.091897,linear,900,300,rosenbrock,9,2.322591,3.306845,3.365844,749.836548,358.667755
3,10.000000,5.748380,linear,900,300,rosenbrock,9,2.190260,711.569397,158.674957,1190.749268,344.395605
3,10.000000,10.000000,linear,900,300,rosenbrock,9,6.096415,354.385315,37.046497,1128.474976,344.622440
3,0.200000,0.433935,quadratic,900,300,rosenbrock,9,2838.754395,8238.172852,9348.607422,5794.104004,344.086155
3,10.000000,3.304387,linear,900,300,rosenbrock,9,0.365353,4.920870,5.421174,999.943237,353.694890
3,6.624620,0.300000,linear,900,300,rosenbrock,9,2.751934,6.317524,6.973218,73.461685,279.176305
3,0.200000,0.754882,quadratic,900,300,rosenbrock,9,1330.079346,4768.217773,5679.049316,4810.450684,344.398775
3,0.200000,3.974133,quadratic,900,300,rosenbrock,9,16.858673,133.989105,160.336792,144.568146,343.768105
3,0.200000,1.313208,quadratic,900,300,rosenbrock,9,830.977295,3119.920898,3454.466309,3375.933838,350.094750
3,0.200000,2.284483,quadratic,900,300,rosenbrock,9,171.200043,1096.907959,1158.928833,1016.766724,350.696730
3,0.200000,6.913484,quadratic,900,300,rosenbrock,9,5.295844,37.797554,46.989273,71.625923,347.682870
3,0.245725,0.521886,quadratic,900,300,rosenbrock,9,1581.209106,5889.495117,7042.368652,4627.044922,341.880925
3,0.245725,0.907884,quadratic,900,300,rosenbrock,9,866.434082,3860.885986,5000.560547,3397.896240,344.479395
3,0.245725,0.300000,quadratic,900,300,rosenbrock,9,3058.283447,8468.507812,10346.660156,6999.613770,351.528075
3,0.245725,1.579374,quadratic,900,300,rosenbrock,9,445.058167,1257.897705,1454.205933,724.766357,344.420390
3,0.301904,0.360805,quadratic,900,300,rosenbrock,9,2791.926025,9164.922852,11039.166992,4454.245605,343.724815
3,0.245725,4.779626,quadratic,900,300,rosenbrock,9,1.169850,38.185661,29.381426,94.034355,350.500850
3,0.301904,1.091897,quadratic,900,300,rosenbrock,9,245.231049,1917.984741,2070.193604,1848.579956,335.156565
3,0.245725,2.747511,quadratic,900,300,rosenbrock,9,62.894455,317.176971,406.058136,432.228699,354.403440
3,0.245725,8.314736,quadratic,900,300,rosenbrock,9,0.586520,4.108063,4.881414,12.281819,357.609835
3,0.301904,0.627664,quadratic,900,300,rosenbrock,9,1870.310547,5578.964355,5969.852051,4235.828125,354.326890
3,0.301904,10.000000,quadratic,900,300,rosenbrock,9,0.044346,1.194082,1.523783,0.992594,343.140300
3,0.370927,1.313208,quadratic,900,300,rosenbrock,9,157.023529,430.421509,484.201782,2228.339844,336.039960
3,0.301904,1.899487,quadratic,900,300,rosenbrock,9,86.875443,293.343933,293.238281,710.739136,350.239040
3,0.301904,3.304387,quadratic,900,300,rosenbrock,9,9.666668,73.785294,84.286804,158.020142,352.977645
3,0.370927,0.433935,quadratic,900,300,rosenbrock,9,969.668579,6628.651855,7619.775391,5622.123047,351.958000
3,0.301904,5.748380,quadratic,900,300,rosenbrock,9,0.046648,5.314790,6.614213,3.152260,360.552805
3,0.370927,0.754882,quadratic,900,300,rosenbrock,9,692.020203,3110.193848,3629.037354,3482.091797,354.648260
3,0.370927,3.974133,quadratic,900,300,rosenbrock,9,1.397733,13.965188,9.114506,62.202976,345.587385
3,0.455730,0.300000,quadratic,900,300,rosenbrock,9,424.059357,5180.870117,5381.805664,7097.965820,341.865780
3,0.370927,2.284483,quadratic,900,300,rosenbrock,9,12.933767,154.623413,210.321091,173.132797,363.225370
3,0.370927,6.913484,quadratic,900,300,rosenbrock,9,0.000124,1.913961,3.592803,2.072539,358.841115
3,0.455730,0.521886,quadratic,900,300,rosenbrock,9,1036.244507,4232.990723,5420.129883,4304.014648,343.314955
3,2.366266,0.754882,linear,900,300,rosenbrock,9,1.409938,4.693358,6.105016,21.945925,267.690260
3,2.366266,1.313208,linear,900,300,rosenbrock,9,0.000295,1.912562,2.920434,1.709683,279.323775
3,2.907255,0.907884,linear,900,300,rosenbrock,9,0.083013,3.426350,4.086551,34.613232,271.144710
3,2.366266,2.284483,linear,900,300,rosenbrock,9,0.105018,1.058525,1.367437,0.651301,286.618805
3,4.388561,0.433935,linear,900,300,rosenbrock,9,0.310045,4.699314,6.248940,20.132338,265.152970
3,2.366266,3.974133,linear,900,300,rosenbrock,9,0.097977,2.135392,2.628758,750.009460,278.605895
3,3.571927,1.091897,linear,900,300,rosenbrock,9,0.010385,1.062989,1.645122,0.879501,280.324445
3,2.907255,0.521886,linear,900,300,rosenbrock,9,1.301173,8.141969,8.429794,72.282944,269.600645
3,2.366266,6.913484,linear,900,300,rosenbrock,9,0.722448,3.828457,4.544880,892.552368,282.046885
3,2.907255,8.314736,linear,900,300,rosenbrock,9,1.279296,4.427122,5.421160,889.317566,274.974080
3,3.571927,0.627664,linear,900,300,rosenbrock,9,0.225586,4.670871,4.947615,34.341213,274.896570
3,2.907255,0.300000,linear,900,300,rosenbrock,9,9.828026,155.740158,191.914429,274.248688,276.404760
3,2.907255,2.747511,linear,900,300,rosenbrock,9,0.784283,2.249930,2.492196,0.903398,276.570225
3,4.388561,0.754882,linear,900,300,rosenbrock,9,0.002777,2.122851,3.057963,1.844557,275.286130
3,2.907255,4.779626,linear,900,300,rosenbrock,9,0.023657,2.898797,3.885655,750.004700,275.894385
3,4.388561,6.913484,linear,900,300,rosenbrock,9,2.804203,5.434600,5.421183,761.775452,269.153605
3,2.907255,1.579374,linear,900,300,rosenbrock,9,0.035914,1.291199,1.554933,1.439526,277.436790
3,3.571927,1.899487,linear,900,300,rosenbrock,9,0.000312,1.406886,1.962376,0.751930,271.760880
3,3.571927,3.304387,linear,900,300,rosenbrock,9,1.347172,3.211731,3.590671,544.587891,288.929715
3,5.391897,0.521886,linear,900,300,rosenbrock,9,0.040393,3.400690,4.007562,1.316372,273.083590
3,3.571927,0.360805,linear,900,300,rosenbrock,9,0.973474,42.782845,49.954010,60.546879,272.882480
3,3.571927,10.000000,linear,900,300,rosenbrock,9,1.415631,474.317444,5.868402,1191.984131,283.175120
3,4.388561,3.974133,linear,900,300,rosenbrock,9,1.712593,4.664278,5.308294,0.892786,274.739110
3,3.571927,5.748380,linear,900,300,rosenbrock,9,0.626335,629.574097,6.621972,1224.272095,281.370820
3,4.388561,1.313208,linear,900,300,rosenbrock,9,0.001641,1.043418,1.513605,0.925591,285.518630
3,5.391897,0.300000,linear,900,300,rosenbrock,9,3.754869,8.760910,6.620690,40.890781,273.787140
3,4.388561,2.284483,linear,900,300,rosenbrock,9,1.235822,2.890548,3.118315,749.820007,290.116145
3,5.391897,0.907884,linear,900,300,rosenbrock,9,0.161246,1.132321,1.403683,0.700640,275.641880
3,5.391897,4.779626,linear,900,300,rosenbrock,9,0.318583,180.270218,5.421182,1075.203369,276.233950
3,6.624620,0.521886,linear,900,300,rosenbrock,9,0.129046,1.574678,2.384715,1.517003,354.256125
3,5.391897,1.579374,linear,900,300,rosenbrock,9,0.009977,2.200666,2.658191,1.032883,287.668390
3,6.624620,0.907884,linear,900,300,rosenbrock,9,0.332184,1.346785,1.472480,1.526897,357.121835
3,5.391897,2.747511,linear,900,300,rosenbrock,9,0.012327,3.181314,3.793095,1.646879,288.073660
3,6.624620,2.747511,linear,900,300,rosenbrock,9,0.216132,4.137012,4.765621,892.534546,348.116400
3,5.391897,8.314736,linear,900,300,rosenbrock,9,0.165112,5.481486,5.424428,897.776550,289.909075
3,6.624620,1.579374,linear,900,300,rosenbrock,9,0.045855,2.858304,3.276115,544.800964,364.065425
3,8.139176,0.627664,linear,900,300,rosenbrock,9,0.025545,1.151289,1.427085,0.564132,348.393320
3,8.139176,0.360805,linear,900,300,rosenbrock,9,0.003418,2.242070,3.062581,1.613337,359.596815
3,6.624620,4.779626,linear,900,300,rosenbrock,9,1.537154,4.971304,5.421165,999.951294,360.976190
3,6.624620,0.360805,linear,900,300,rosenbrock,9,0.049951,4.321741,5.072135,15.875830,284.675455
3,6.624620,8.314736,linear,900,300,rosenbrock,9,0.349017,7.661465,6.199739,897.326294,362.702875
3,8.139176,1.091897,linear,900,300,rosenbrock,9,0.021037,2.002755,2.483189,1.326487,359.731880
3,8.139176,1.899487,linear,900,300,rosenbrock,9,1.253442,4.450364,5.095001,999.750366,362.465610
3,8.139176,3.304387,linear,900,300,rosenbrock,9,1.123016,333.765503,5.421165,1137.518921,361.519835
3,8.139176,10.000000,linear,900,300,rosenbrock,9,2.992147,16.393419,8.017273,886.212402,354.970635
3,8.139176,5.748380,linear,900,300,rosenbrock,9,5.264410,393.852112,9.620014,1125.470215,368.947650
3,10.000000,0.433935,linear,900,300,rosenbrock,9,0.011636,1.487959,1.880563,1.769327,366.107565
3,10.000000,0.754882,linear,900,300,rosenbrock,9,0.018946,1.480686,2.074472,1.472278,371.865260
3,0.200000,0.300000,quadratic,900,300,rosenbrock,9,2593.490479,10022.169922,10977.768555,7799.107422,348.765370
3,10.000000,1.313208,linear,900,300,rosenbrock,9,0.389760,3.450038,4.124084,544.681641,358.683830
3,0.200000,0.521886,quadratic,900,300,rosenbrock,9,3122.925537,8724.287109,10023.960938,7767.687012,352.809500
3,10.000000,2.284483,linear,900,300,rosenbrock,9,0.001396,4.710912,5.419742,764.057739,368.068245
3,0.200000,0.907884,quadratic,900,300,rosenbrock,9,782.767273,4656.113281,5587.303711,4045.314453,351.508265
3,10.000000,3.974133,linear,900,300,rosenbrock,9,0.368890,474.333679,8.294874,1191.568237,364.950140
3,0.200000,4.779626,quadratic,900,300,rosenbrock,9,19.820488,90.524513,91.537384,227.836853,349.936430
3,10.000000,6.913484,linear,900,300,rosenbrock,9,1.213264,187.065536,8.692970,1072.882935,373.684435
3,0.200000,1.579374,quadratic,900,300,rosenbrock,9,302.674042,2915.376221,3573.148438,3918.772949,348.699590
3,0.200000,2.747511,quadratic,900,300,rosenbrock,9,110.298950,571.138000,816.969849,736.100342,353.685725
3,0.455730,0.907884,quadratic,900,300,rosenbrock,9,242.546295,955.656250,1211.214355,1436.715454,271.167905
3,0.301904,0.433935,quadratic,900,300,rosenbrock,9,1428.968994,7233.163086,8575.859375,6948.204590,346.292730
3,0.200000,8.314736,quadratic,900,300,rosenbrock,9,0.396079,5.873234,6.121256,34.506752,366.798270
3,0.245725,1.091897,quadratic,900,300,rosenbrock,9,1182.984375,3448.594727,4019.888672,2673.101318,363.556720
3,0.245725,0.360805,quadratic,900,300,rosenbrock,9,1921.263794,10632.151367,11376.150391,7183.833984,361.712665
3,0.245725,1.899487,quadratic,900,300,rosenbrock,9,329.285400,1137.063721,1411.589966,1312.296021,360.134320
3,0.301904,1.313208,quadratic,900,300,rosenbrock,9,104.675461,1282.874146,1475.751465,1760.403809,349.590535
3,0.245725,0.627664,quadratic,900,300,rosenbrock,9,1090.174194,4862.551758,5751.084473,2839.957031,376.014960
3,0.245725,5.748380,quadratic,900,300,rosenbrock,9,0.225533,10.477604,9.085423,52.534912,359.523365
3,0.245725,10.000000,quadratic,900,300,rosenbrock,9,0.144368,3.812092,4.164301,1.774325,355.295880
3,0.245725,3.304387,quadratic,900,300,rosenbrock,9,8.266771,131.867538,143.260010,184.464676,360.673010
3,0.370927,0.300000,quadratic,900,300,rosenbrock,9,670.415039,4927.221680,4840.090820,6338.572266,349.516590
3,0.301904,3.974133,quadratic,900,300,rosenbrock,9,6.169991,46.469135,38.299652,97.410713,345.849425
3,0.370927,1.579374,quadratic,900,300,rosenbrock,9,109.016357,505.922577,573.049805,633.585815,350.350025
3,0.301904,2.284483,quadratic,900,300,rosenbrock,9,41.980370,416.962982,422.027557,650.425720,348.749120
3,0.301904,0.754882,quadratic,900,300,rosenbrock,9,962.782410,4302.634766,5319.865234,2492.637695,361.764805
3,0.301904,6.913484,quadratic,900,300,rosenbrock,9,0.125165,3.645892,4.797783,14.291592,349.204590
3,0.370927,0.521886,quadratic,900,300,rosenbrock,9,1182.771484,5573.409668,6959.106934,3529.731201,354.836735
3,0.455730,1.579374,quadratic,900,300,rosenbrock,9,14.783920,181.383194,203.588562,258.650299,264.702775
3,0.370927,0.907884,quadratic,900,300,rosenbrock,9,459.452301,2148.868164,2535.306885,2580.778564,355.422345
3,0.370927,4.779626,quadratic,900,300,rosenbrock,9,0.000643,5.373235,5.954567,42.421562,358.938845
3,0.455730,2.747511,quadratic,900,300,rosenbrock,9,4.340350,42.113953,58.292656,38.102448,265.931560
3,0.455730,0.360805,quadratic,900,300,rosenbrock,9,1148.337891,4471.187988,4850.866211,7847.136230,358.419620
3,0.370927,8.314736,quadratic,900,300,rosenbrock,9,0.045279,1.319545,1.643080,1.468124,349.839180
3,0.455730,4.779626,quadratic,900,300,rosenbrock,9,0.000749,2.724706,3.422546,2.180548,273.114675
3,0.370927,2.747511,quadratic,900,300,rosenbrock,9,6.989414,42.220169,45.255283,176.511841,363.887485
3,0.455730,8.314736,quadratic,900,300,rosenbrock,9,0.068644,0.494158,0.582594,1.305567,277.361000
3,0.559922,0.360805,quadratic,900,300,rosenbrock,9,1294.122314,3975.585449,4953.909180,2574.322998,272.772030
3,0.455730,0.627664,quadratic,900,300,rosenbrock,9,1084.851196,2736.226807,3225.125732,2281.938965,364.703865
3,0.687934,0.433935,quadratic,900,300,rosenbrock,9,607.362671,1906.225586,2306.451172,2179.875000,265.706095
3,0.559922,1.899487,quadratic,900,300,rosenbrock,9,6.523957,97.096771,101.779617,128.990860,270.818890
3,0.559922,0.627664,quadratic,900,300,rosenbrock,9,69.035332,1359.324219,1488.617432,1396.828369,279.215330
3,0.559922,1.091897,quadratic,900,300,rosenbrock,9,135.033783,465.507263,572.998108,399.960815,278.221120
3,0.687934,2.284483,quadratic,900,300,rosenbrock,9,0.407597,22.287395,7.832248,66.569878,273.395350
3,0.687934,3.974133,quadratic,900,300,rosenbrock,9,0.064469,2.175793,2.586675,1.625245,272.825230
3,0.559922,3.304387,quadratic,900,300,rosenbrock,9,0.085897,5.567304,5.927424,40.818710,283.325980
3,0.559922,10.000000,quadratic,900,300,rosenbrock,9,0.001255,0.575055,0.862049,0.605761,283.800765
3,0.687934,0.754882,quadratic,900,300,rosenbrock,9,40.211105,961.809509,1237.848877,836.300903,281.688745
3,0.559922,5.748380,quadratic,900,300,rosenbrock,9,0.012618,1.093332,1.338865,1.451566,288.125195
3,0.845213,0.300000,quadratic,900,300,rosenbrock,9,522.933105,3410.861084,3960.088379,2316.421387,281.305280
3,0.687934,1.313208,quadratic,900,300,rosenbrock,9,11.510542,119.916138,119.757675,234.172470,287.783935
3,0.845213,0.521886,quadratic,900,300,rosenbrock,9,234.205704,1244.252197,1339.624023,1012.119568,276.052925
3,0.845213,0.907884,quadratic,900,300,rosenbrock,9,10.157231,110.652496,85.700630,386.388123,275.214090
3,0.687934,6.913484,quadratic,900,300,rosenbrock,9,0.012877,0.452198,0.681790,0.463836,283.411785
3,0.845213,1.579374,quadratic,900,300,rosenbrock,9,0.076831,9.148230,8.466678,73.657661,278.753570
3,0.845213,8.314736,quadratic,900,300,rosenbrock,9,0.000027,1.739987,2.247775,1.210976,273.006455
3,1.038450,0.360805,quadratic,900,300,rosenbrock,9,399.023682,1102.875977,1183.696533,1339.863892,274.673525
3,0.845213,4.779626,quadratic,900,300,rosenbrock,9,0.000988,0.527387,0.627279,0.351012,279.580405
3,0.845213,2.747511,quadratic,900,300,rosenbrock,9,0.484244,3.632986,4.466249,1.904645,285.491445
3,1.038450,0.627664,quadratic,900,300,rosenbrock,9,20.486404,341.072571,415.546143,766.064758,275.594995
3,1.038450,1.091897,quadratic,900,300,rosenbrock,9,0.677004,41.704872,64.377838,99.411079,273.595475
3,1.038450,1.899487,quadratic,900,300,rosenbrock,9,0.371730,5.048834,6.271493,14.710665,272.975250
3,1.038450,3.304387,quadratic,900,300,rosenbrock,9,0.015514,0.542069,0.725577,0.886323,291.028315
3,1.038450,10.000000,quadratic,900,300,rosenbrock,9,0.351432,3.839211,4.342898,999.936218,270.040355
3,1.038450,5.748380,quadratic,900,300,rosenbrock,9,0.267949,1.497954,1.778761,0.599619,287.557745
3,1.275867,0.433935,quadratic,900,300,rosenbrock,9,86.719376,658.721802,823.200989,560.873901,283.348735
3,6.624620,1.091897,linear,900,300,rosenbrock,9,0.010278,1.525074,2.160583,750.180054,339.143660
3,6.624620,0.627664,linear,900,300,rosenbrock,9,0.002567,1.172261,1.559829,1.053258,355.385610
3,6.624620,3.304387,linear,900,300,rosenbrock,9,0.654635,160.622574,5.419677,1082.069458,359.805505
3,8.139176,0.433935,linear,900,300,rosenbrock,9,0.015745,1.777773,2.214700,1.332110,355.389000
3,8.139176,0.754882,linear,900,300,rosenbrock,9,0.013608,0.893878,1.209384,0.852708,361.229410
3,6.624620,1.899487,linear,900,300,rosenbrock,9,0.072241,2.948480,3.418860,1.572966,363.820700
3,6.624620,5.748380,linear,900,300,rosenbrock,9,0.212751,534.740417,5.662279,1175.912598,364.751250
3,0.455730,1.091897,quadratic,900,300,rosenbrock,9,35.729729,880.899231,995.136780,1042.036255,269.872635
3,8.139176,1.313208,linear,900,300,rosenbrock,9,0.103664,2.769896,3.314318,544.665283,355.419620
3,6.624620,10.000000,linear,900,300,rosenbrock,9,2.804245,788.517944,20.028885,5362.821289,358.717700
3,8.139176,2.284483,linear,900,300,rosenbrock,9,2.901190,4.466276,5.258905,749.825867,361.785075
3,8.139176,6.913484,linear,900,300,rosenbrock,9,1.806153,175.922897,5.681123,1076.613525,348.959985
3,8.139176,3.974133,linear,900,300,rosenbrock,9,1.756257,4.968767,5.421171,749.867554,361.164840
3,10.000000,0.300000,linear,900,300,rosenbrock,9,0.156580,3.084342,3.813107,2.032245,360.865660
3,0.455730,1.899487,quadratic,900,300,rosenbrock,9,9.363585,83.846695,106.501945,220.753708,269.551880
3,0.200000,0.360805,quadratic,900,300,rosenbrock,9,6072.946777,12724.115234,14557.299805,5745.542969,354.312990
3,10.000000,0.907884,linear,900,300,rosenbrock,9,0.001645,1.949152,2.383984,1.271042,356.654455
3,0.200000,0.627664,quadratic,900,300,rosenbrock,9,2714.689453,8105.445801,8542.828125,5340.694824,347.611450
3,10.000000,0.521886,linear,900,300,rosenbrock,9,0.000107,0.999873,1.263946,0.672249,365.664115
3,0.200000,1.091897,quadratic,900,300,rosenbrock,9,1094.552002,3767.459717,4262.343750,4766.510254,348.076205
3,10.000000,1.579374,linear,900,300,rosenbrock,9,0.086420,3.056157,4.632589,1000.343506,361.551690
3,10.000000,2.747511,linear,900,300,rosenbrock,9,0.367461,222.945923,5.421144,1075.356812,358.288250
3,0.455730,3.304387,quadratic,900,300,rosenbrock,9,2.386709,32.233303,27.558372,59.147736,273.274135
3,0.200000,3.304387,quadratic,900,300,rosenbrock,9,19.531132,213.623947,259.392609,290.299103,343.708600
3,0.200000,1.899487,quadratic,900,300,rosenbrock,9,347.542664,2234.699219,2890.696777,1897.702515,348.743065
3,0.455730,5.748380,quadratic,900,300,rosenbrock,9,0.184715,2.134022,2.881858,21.233688,273.308950
3,10.000000,4.779626,linear,900,300,rosenbrock,9,0.116313,785.939392,9.459784,1243.860229,359.836425
3,0.200000,5.748380,quadratic,900,300,rosenbrock,9,2.672063,46.288193,51.440292,163.139114,362.220085
3,10.000000,8.314736,linear,900,300,rosenbrock,9,2.886315,13.738611,9.639165,744.947510,360.999015
3,0.559922,0.433935,quadratic,900,300,rosenbrock,9,706.994080,4320.578613,4521.245117,3336.621582,274.120185
3,0.687934,0.521886,quadratic,900,300,rosenbrock,9,224.283569,1878.418457,1890.137451,2856.649170,271.898090
3,0.455730,10.000000,quadratic,900,300,rosenbrock,9,0.000213,0.514454,0.601585,545.205261,276.917835
3,0.245725,0.433935,quadratic,900,300,rosenbrock,9,3464.933594,8077.517578,8612.178711,7694.111816,340.226725
3,0.245725,1.313208,quadratic,900,300,rosenbrock,9,680.598267,2168.098877,2262.096680,1869.033936,343.163155
3,0.301904,0.521886,quadratic,900,300,rosenbrock,9,1066.898926,6398.848145,8273.970703,6155.569336,348.557505
3,0.559922,2.284483,quadratic,900,300,rosenbrock,9,5.696755,33.716312,20.808958,105.169907,274.005850
3,0.245725,2.284483,quadratic,900,300,rosenbrock,9,177.476761,566.952026,657.303955,516.713013,342.993515
3,0.687934,0.907884,quadratic,900,300,rosenbrock,9,97.291382,621.051514,649.034241,686.485596,264.000870
3,0.687934,2.747511,quadratic,900,300,rosenbrock,9,1.133224,9.485168,6.876143,42.530197,274.566900
3,0.559922,0.754882,quadratic,900,300,rosenbrock,9,396.891357,1185.077515,1403.856445,931.619446,276.921775
3,0.200000,10.000000,quadratic,900,300,rosenbrock,9,1.757405,5.246692,4.936661,39.663372,358.861425
3,0.245725,0.754882,quadratic,900,300,rosenbrock,9,572.131470,4615.089355,5777.288574,4919.710938,349.136850
3,0.245725,3.974133,quadratic,900,300,rosenbrock,9,5.309728,121.383995,140.376831,191.765884,341.048770
3,0.687934,4.779626,quadratic,900,300,rosenbrock,9,0.005183,0.842422,1.159719,1.130181,280.997530
3,0.687934,0.300000,quadratic,900,300,rosenbrock,9,626.887390,4614.731934,6165.075195,3376.959717,273.918905
3,0.559922,1.313208,quadratic,900,300,rosenbrock,9,28.749138,238.602142,242.171234,311.139679,282.167510
3,0.301904,0.300000,quadratic,900,300,rosenbrock,9,1920.253662,9620.363281,10536.173828,7276.171387,345.510075
3,0.370927,0.360805,quadratic,900,300,rosenbrock,9,1266.337036,6940.801758,8765.551758,5136.192871,341.704585
3,0.845213,0.360805,quadratic,900,300,rosenbrock,9,238.132751,2221.578125,2412.326660,2141.214600,270.452290
3,0.559922,3.974133,quadratic,900,300,rosenbrock,9,0.000200,3.556227,4.795834,23.180920,284.849530
3,0.559922,6.913484,quadratic,900,300,rosenbrock,9,0.011695,0.484483,0.646731,0.884308,277.758630
3,0.687934,1.579374,quadratic,900,300,rosenbrock,9,5.828499,74.782036,106.514618,215.006104,271.699280
3,0.845213,0.627664,quadratic,900,300,rosenbrock,9,81.083794,518.543579,477.684265,626.010864,272.773050
3,0.245725,6.913484,quadratic,900,300,rosenbrock,9,3.090940,6.143404,6.571080,28.809416,358.657625
3,0.301904,4.779626,quadratic,900,300,rosenbrock,9,0.684538,7.404819,8.313536,45.170528,346.809355
3,0.370927,1.899487,quadratic,900,300,rosenbrock,9,26.880291,188.406418,215.529297,195.458649,344.609855
3,0.301904,1.579374,quadratic,900,300,rosenbrock,9,605.961304,1652.665894,1907.385254,1477.305542,365.095630
3,0.845213,1.091897,quadratic,900,300,rosenbrock,9,13.158456,68.576721,79.471039,248.186752,279.203140
3,0.301904,2.747511,quadratic,900,300,rosenbrock,9,32.510578,175.140015,143.470459,309.095947,348.801865
3,1.038450,0.433935,quadratic,900,300,rosenbrock,9,88.744476,1060.748657,1156.546631,931.485474,274.614190
3,0.845213,1.899487,quadratic,900,300,rosenbrock,9,0.410658,13.306850,7.925638,50.097618,281.170030
3,0.845213,10.000000,quadratic,900,300,rosenbrock,9,0.040036,2.625939,3.265120,750.025146,279.954855
3,0.687934,8.314736,quadratic,900,300,rosenbrock,9,0.002492,1.016758,1.356088,0.743069,283.767490
3,0.370927,1.091897,quadratic,900,300,rosenbrock,9,164.153320,948.989868,1028.245605,986.691833,346.492910
3,0.370927,0.627664,quadratic,900,300,rosenbrock,9,1642.820190,3923.313721,4079.374512,2207.390137,349.739250
3,0.370927,5.748380,quadratic,900,300,rosenbrock,9,0.495827,3.995645,4.834203,25.631937,341.638375
3,0.301904,8.314736,quadratic,900,300,rosenbrock,9,0.000040,2.509273,3.973728,210.620636,355.138800
3,0.845213,3.304387,quadratic,900,300,rosenbrock,9,0.003161,1.272648,1.782290,1.918480,277.302495
3,0.455730,0.433935,quadratic,900,300,rosenbrock,9,688.310547,4836.913086,6632.349609,4123.702637,340.120445
3,0.845213,5.748380,quadratic,900,300,rosenbrock,9,0.029808,0.648549,0.795977,0.479343,283.072260
3,0.301904,0.907884,quadratic,900,300,rosenbrock,9,614.574097,3470.400391,4056.833252,2808.463867,361.412970
3,1.038450,0.754882,quadratic,900,300,rosenbrock,9,10.731464,136.384430,134.448471,286.712311,282.288980
3,0.455730,0.754882,quadratic,900,300,rosenbrock,9,398.699158,1159.061157,1353.442383,1217.480347,336.207960
3,0.370927,3.304387,quadratic,900,300,rosenbrock,9,3.580319,47.813595,66.858871,184.913559,344.297615
3,1.038450,1.313208,quadratic,900,300,rosenbrock,9,3.838266,20.508993,9.683198,61.046761,280.550255
3,1.038450,2.284483,quadratic,900,300,rosenbrock,9,0.186370,3.578840,4.214643,1.503847,281.930715
3,0.370927,10.000000,quadratic,900,300,rosenbrock,9,0.000011,0.533163,0.757380,0.454495,362.176730
3,1.038450,3.974133,quadratic,900,300,rosenbrock,9,0.009309,0.441419,0.515341,0.350159,274.569400
3,1.275867,0.300000,quadratic,900,300,rosenbrock,9,105.301254,1130.059204,1232.581421,1856.587646,276.797540
3,1.038450,6.913484,quadratic,900,300,rosenbrock,9,0.299578,1.970171,2.371064,1.087460,282.413430
3,1.275867,0.521886,quadratic,900,300,rosenbrock,9,72.864120,438.423584,527.555298,476.495575,271.077600
3,0.455730,1.313208,quadratic,900,300,rosenbrock,9,54.745388,332.769043,276.048584,602.985168,272.904320
3,1.275867,0.754882,quadratic,900,300,rosenbrock,9,5.779940,107.026718,99.918221,172.838516,342.756540
3,1.275867,1.313208,quadratic,900,300,rosenbrock,9,0.009138,5.303950,6.177536,68.291443,350.149865
3,0.455730,2.284483,quadratic,900,300,rosenbrock,9,5.354037,65.726204,78.820267,77.469460,264.644950
3,1.275867,2.284483,quadratic,900,300,rosenbrock,9,0.005256,1.491233,2.095797,1.585816,344.192010
3,0.455730,3.974133,quadratic,900,300,rosenbrock,9,0.690357,5.552987,6.277284,38.635601,271.344435
3,1.275867,3.974133,quadratic,900,300,rosenbrock,9,0.037335,0.627540,0.783654,0.462555,357.171135
3,1.275867,6.913484,quadratic,900,300,rosenbrock,9,0.005967,2.145611,3.154947,544.889099,353.825975
3,1.567562,0.300000,quadratic,900,300,rosenbrock,9,98.777740,991.943909,1406.419922,941.433777,352.984675
3,1.567562,0.521886,quadratic,900,300,rosenbrock,9,12.876975,137.018494,154.480194,192.816971,345.987230
3,0.559922,0.300000,quadratic,900,300,rosenbrock,9,914.478394,7120.771484,7884.648926,6687.344238,266.226830
3,1.567562,1.579374,quadratic,900,300,rosenbrock,9,0.000310,2.775603,3.859417,1.995641,340.026435
3,1.567562,0.907884,quadratic,900,300,rosenbrock,9,1.822059,15.064697,9.022693,69.181641,348.624655
3,0.687934,0.360805,quadratic,900,300,rosenbrock,9,1078.815430,4338.236328,5544.584961,2697.472900,254.191530
3,0.559922,0.521886,quadratic,900,300,rosenbrock,9,279.738892,2996.734863,3730.647461,2017.816772,275.767120
3,0.455730,6.913484,quadratic,900,300,rosenbrock,9,0.000011,0.880996,1.237653,1.390846,284.466130
3,0.687934,1.091897,quadratic,900,300,rosenbrock,9,11.685568,198.102020,231.174225,227.503174,266.393500
3,0.687934,0.627664,quadratic,900,300,rosenbrock,9,50.947369,1170.153564,1370.327881,1562.931885,278.950670
3,0.559922,0.907884,quadratic,900,300,rosenbrock,9,276.526825,855.152588,1072.534668,616.037781,265.889885
3,0.559922,2.747511,quadratic,900,300,rosenbrock,9,2.040994,24.588554,8.603808,45.732292,272.684410
3,0.687934,3.304387,quadratic,900,300,rosenbrock,9,0.023430,3.581049,4.374434,16.315796,271.644595
3,0.687934,1.899487,quadratic,900,300,rosenbrock,9,0.998073,13.587147,9.436499,46.368492,262.482505
3,1.567562,2.747511,quadratic,900,300,rosenbrock,9,0.002220,0.425403,0.598506,0.352213,355.614330
3,0.845213,0.433935,quadratic,900,300,rosenbrock,9,202.940079,1814.085327,2171.144775,1760.122681,267.459535
3,0.687934,5.748380,quadratic,900,300,rosenbrock,9,0.002168,0.408928,0.618386,545.244202,275.315835
3,0.559922,1.579374,quadratic,900,300,rosenbrock,9,12.963509,144.127304,158.045013,264.992523,278.477005
3,1.567562,8.314736,quadratic,900,300,rosenbrock,9,0.564788,4.763808,5.421158,892.205322,350.396965
3,1.925946,0.360805,quadratic,900,300,rosenbrock,9,41.584911,353.110962,353.540405,622.989136,348.589070
3,1.567562,4.779626,quadratic,900,300,rosenbrock,9,0.001370,1.804249,2.448555,1.378152,356.202090
3,0.559922,4.779626,quadratic,900,300,rosenbrock,9,0.054134,2.577946,3.167140,14.562528,275.667705
3,1.925946,0.627664,quadratic,900,300,rosenbrock,9,7.544807,35.702168,41.414413,125.853149,340.492065
3,0.845213,0.754882,quadratic,900,300,rosenbrock,9,30.256500,387.492554,363.140686,506.708099,278.381890
3,0.559922,8.314736,quadratic,900,300,rosenbrock,9,0.005882,0.588662,0.835621,0.398406,282.679425
3,1.925946,1.899487,quadratic,900,300,rosenbrock,9,0.000626,0.630848,0.811710,0.418194,339.256240
3,1.038450,0.300000,quadratic,900,300,rosenbrock,9,94.906067,1713.415039,2020.666016,2033.213379,267.129380
3,1.925946,1.091897,quadratic,900,300,rosenbrock,9,1.272143,4.798882,5.763558,23.130392,344.702915
3,0.845213,2.284483,quadratic,900,300,rosenbrock,9,0.023109,4.822831,6.044458,22.607679,272.739035
3,1.925946,3.304387,quadratic,900,300,rosenbrock,9,0.240895,1.800026,2.010915,0.526962,345.372160
3,1.038450,0.521886,quadratic,900,300,rosenbrock,9,133.925629,600.319336,684.031982,567.874146,277.798655
3,0.687934,10.000000,quadratic,900,300,rosenbrock,9,0.044224,1.711155,2.195178,544.996338,275.731460
3,0.845213,1.313208,quadratic,900,300,rosenbrock,9,2.887811,49.202103,73.592484,124.577095,283.326935
3,1.925946,5.748380,quadratic,900,300,rosenbrock,9,0.189681,4.099344,5.109366,1.583324,351.461125
3,2.366266,0.754882,quadratic,900,300,rosenbrock,9,0.328560,7.884341,6.848269,36.601643,343.820925
3,2.366266,0.433935,quadratic,900,300,rosenbrock,9,6.390004,79.812103,86.380768,176.438919,351.491805
3,1.925946,10.000000,quadratic,900,300,rosenbrock,9,1.378485,5.199983,5.421164,749.698242,354.483030
3,1.038450,0.907884,quadratic,900,300,rosenbrock,9,9.202929,92.824280,116.221062,90.397804,270.486190
3,2.366266,1.313208,quadratic,900,300,rosenbrock,9,0.000621,1.239766,1.614498,1.582712,346.822705
3,2.366266,2.284483,quadratic,900,300,rosenbrock,9,0.001575,1.052759,1.277811,0.471040,346.326980
3,0.845213,3.974133,quadratic,900,300,rosenbrock,9,0.001394,0.928286,1.039417,1.797867,286.500775
3,1.038450,2.747511,quadratic,900,300,rosenbrock,9,0.073785,1.605525,2.287913,1.567264,276.652305
3,1.038450,1.579374,quadratic,900,300,rosenbrock,9,0.954591,4.852589,5.803485,15.903105,277.760005
3,2.366266,3.974133,quadratic,900,300,rosenbrock,9,1.260905,3.580070,3.808964,544.848206,351.591625
3,0.845213,6.913484,quadratic,900,300,rosenbrock,9,0.008720,0.956132,1.395408,0.710740,290.143170
3,2.907255,0.300000,quadratic,900,300,rosenbrock,9,10.482063,154.087311,204.810730,267.129425,346.598850
3,2.366266,6.913484,quadratic,900,300,rosenbrock,9,1.931775,313.825867,5.421166,1141.265503,355.202115
3,2.907255,0.907884,quadratic,900,300,rosenbrock,9,0.063163,2.651574,3.512522,1.373741,346.886235
3,2.907255,0.521886,quadratic,900,300,rosenbrock,9,1.993775,16.097721,7.797482,40.597729,352.256965
3,1.038450,4.779626,quadratic,900,300,rosenbrock,9,0.003374,0.617585,0.963929,0.516455,276.160665
3,2.907255,1.579374,quadratic,900,300,rosenbrock,9,0.001191,0.218362,0.221497,0.418899,349.287245
3,2.907255,2.747511,quadratic,900,300,rosenbrock,9,0.011025,2.533468,3.254409,1.315608,350.425625
3,3.571927,0.627664,quadratic,900,300,rosenbrock,9,0.604971,2.967095,3.816742,1.793035,344.845210
3,1.275867,0.360805,quadratic,900,300,rosenbrock,9,185.492569,798.624634,973.768677,1476.295898,280.880860
3,2.907255,4.779626,quadratic,900,300,rosenbrock,9,0.792751,4.716729,5.361300,544.726868,357.893480
3,3.571927,3.304387,quadratic,900,300,rosenbrock,9,1.588441,4.266072,4.765783,544.750244,340.966460
3,3.571927,1.091897,quadratic,900,300,rosenbrock,9,0.021136,0.465746,0.597937,0.342538,347.025505
3,2.907255,8.314736,quadratic,900,300,rosenbrock,9,4.220648,624.219788,210.335144,5367.597656,359.738980
3,3.571927,0.360805,quadratic,900,300,rosenbrock,9,2.413333,40.192326,53.226788,88.159447,364.346745
3,3.571927,1.899487,quadratic,900,300,rosenbrock,9,0.024365,1.846160,2.247809,1.119138,353.949010
3,3.571927,5.748380,quadratic,900,300,rosenbrock,9,4.770350,630.146484,5.432209,1224.220703,352.721375
3,4.388561,0.754882,quadratic,900,300,rosenbrock,9,0.081526,0.988551,1.191323,0.935096,340.696560
3,1.038450,8.314736,quadratic,900,300,rosenbrock,9,0.220449,2.322742,3.274612,544.878784,288.306385
3,1.275867,0.627664,quadratic,900,300,rosenbrock,9,23.926941,160.950302,139.774612,251.068695,278.386110
3,3.571927,10.000000,quadratic,900,300,rosenbrock,9,0.734423,87.652451,9.834307,893.134644,355.318055
3,4.388561,0.433935,quadratic,900,300,rosenbrock,9,1.273184,5.715865,6.076760,27.300226,355.286585
3,4.388561,2.284483,quadratic,900,300,rosenbrock,9,0.414971,159.863098,4.286241,1082.455811,350.990885
3,4.388561,3.974133,quadratic,900,300,rosenbrock,9,4.694026,474.077057,5.454201,1191.869141,352.882445
3,4.388561,1.313208,quadratic,900,300,rosenbrock,9,0.009379,0.680098,0.771719,0.801070,357.977425
3,5.391897,0.300000,quadratic,900,300,rosenbrock,9,1.305327,5.214606,5.894616,29.164938,351.886490
3,4.388561,6.913484,quadratic,900,300,rosenbrock,9,3.732586,16.139393,6.048194,886.023743,363.695195
3,5.391897,0.907884,quadratic,900,300,rosenbrock,9,0.058835,0.607682,0.811848,0.356466,351.013570
3,5.391897,0.521886,quadratic,900,300,rosenbrock,9,0.031671,2.273542,2.930539,27.627884,362.832470
3,5.391897,1.579374,quadratic,900,300,rosenbrock,9,0.001522,2.735738,3.263664,750.069275,284.236040
3,5.391897,2.747511,quadratic,900,300,rosenbrock,9,4.263547,5.303530,5.421077,999.413635,296.271935
3,5.391897,4.779626,quadratic,900,300,rosenbrock,9,0.016424,5.900367,5.487391,575.350647,277.495295
3,6.624620,0.360805,quadratic,900,300,rosenbrock,9,1.027501,4.000381,4.356446,20.710180,269.589370
3,6.624620,1.899487,quadratic,900,300,rosenbrock,9,0.094653,4.170581,4.923121,999.973572,271.923230
3,6.624620,3.304387,quadratic,900,300,rosenbrock,9,0.051057,86.444138,7.565978,902.012268,277.059905
3,5.391897,8.314736,quadratic,900,300,rosenbrock,9,0.951207,155.117004,10.411898,984.631958,290.875205
3,6.624620,5.748380,quadratic,900,300,rosenbrock,9,4.581773,291.132263,10.961588,1063.333496,283.030645
3,1.275867,0.907884,quadratic,900,300,rosenbrock,9,1.884920,59.122772,72.827789,96.845726,359.584865
3,8.139176,0.433935,quadratic,900,300,rosenbrock,9,0.018201,0.770814,1.082973,1.564749,281.604350
3,6.624620,1.091897,quadratic,900,300,rosenbrock,9,0.045248,1.943984,2.540600,750.059387,288.264620
3,1.275867,1.579374,quadratic,900,300,rosenbrock,9,0.644762,5.277983,5.545587,35.931118,349.470375
3,6.624620,10.000000,quadratic,900,300,rosenbrock,9,4.081317,72.680084,83.068886,754.953308,288.099535
3,6.624620,0.627664,quadratic,900,300,rosenbrock,9,0.003576,0.502683,0.653926,1.001434,298.146695
3,8.139176,2.284483,quadratic,900,300,rosenbrock,9,5.084646,318.024292,5.421209,1145.283325,282.662340
3,1.275867,2.747511,quadratic,900,300,rosenbrock,9,0.003195,0.547971,0.701477,1.497402,340.971185
3,8.139176,1.313208,quadratic,900,300,rosenbrock,9,0.002136,3.790984,4.845606,1.654480,288.439885
3,8.139176,3.974133,quadratic,900,300,rosenbrock,9,0.858384,392.137329,19.987083,5403.686523,285.160530
3,8.139176,0.754882,quadratic,900,300,rosenbrock,9,0.012736,0.965724,1.348573,0.796966,294.033065
3,8.139176,6.913484,quadratic,900,300,rosenbrock,9,2.131290,161.995483,18.684139,981.199097,282.580135
3,10.000000,0.300000,quadratic,900,300,rosenbrock,9,0.139331,1.548770,1.931988,1.504136,280.828800
3,10.000000,0.907884,quadratic,900,300,rosenbrock,9,0.004230,2.496815,3.220035,1.470779,282.833710
3,10.000000,0.521886,quadratic,900,300,rosenbrock,9,0.229044,0.947666,1.137898,1.054009,288.018005
3,10.000000,4.779626,quadratic,900,300,rosenbrock,9,0.276508,42.155327,10.581833,752.950745,275.495660
3,10.000000,1.579374,quadratic,900,300,rosenbrock,9,0.134097,4.961060,5.421164,999.618469,280.998985
3,10.000000,2.747511,quadratic,900,300,rosenbrock,9,3.389953,692.278870,7.945032,1202.689331,286.094585
3,1.275867,8.314736,quadratic,900,300,rosenbrock,9,0.043173,4.634173,5.335294,749.446350,347.412835
3,10.000000,8.314736,quadratic,900,300,rosenbrock,9,4.835718,61.974625,49.546890,760.792664,286.635305
3,1.275867,4.779626,quadratic,900,300,rosenbrock,9,0.164337,1.439471,1.911436,1.077758,351.906960
3,0.200000,0.627664,exponential_3,900,300,rosenbrock,9,3897.795898,9274.172852,11606.590820,4711.892578,271.479485
3,0.200000,1.091897,exponential_3,900,300,rosenbrock,9,1216.581787,4861.195801,5424.924805,4276.184570,267.561285
3,1.567562,1.899487,quadratic,900,300,rosenbrock,9,0.087621,1.484192,1.992307,1.859417,346.676420
3,1.567562,0.360805,quadratic,900,300,rosenbrock,9,141.506622,786.382874,1061.559082,672.959839,351.956245
3,0.200000,1.899487,exponential_3,900,300,rosenbrock,9,315.776398,1256.590576,1324.480957,1937.262207,270.842230
3,0.200000,0.360805,exponential_3,900,300,rosenbrock,9,2973.022461,10054.799805,12137.468750,7645.766113,283.940900
3,0.200000,3.304387,exponential_3,900,300,rosenbrock,9,96.161331,435.057068,493.404663,352.310303,272.290920
3,1.567562,1.091897,quadratic,900,300,rosenbrock,9,0.269515,8.518118,7.724346,216.255615,350.696030
3,1.567562,0.627664,quadratic,900,300,rosenbrock,9,4.582653,98.037201,127.737289,219.244568,361.566620
3,0.200000,5.748380,exponential_3,900,300,rosenbrock,9,6.429977,38.916908,43.690441,52.596149,271.916325
3,0.200000,10.000000,exponential_3,900,300,rosenbrock,9,0.220010,4.738755,6.078247,12.515443,268.481100
3,1.567562,3.304387,quadratic,900,300,rosenbrock,9,0.000246,0.631412,0.881383,1.149966,361.913595
3,1.925946,0.754882,quadratic,900,300,rosenbrock,9,3.329845,31.046785,33.240067,50.936703,347.851730
3,1.925946,3.974133,quadratic,900,300,rosenbrock,9,0.005486,2.015661,2.715778,545.018311,340.526500
3,1.925946,0.433935,quadratic,900,300,rosenbrock,9,28.513340,154.844818,147.061401,193.722092,359.565835
3,1.925946,2.284483,quadratic,900,300,rosenbrock,9,0.003322,0.353984,0.533676,1.135973,353.986990
3,0.245725,0.433935,exponential_3,900,300,rosenbrock,9,2224.638184,9453.486328,9695.401367,6207.480469,270.132255
3,1.925946,6.913484,quadratic,900,300,rosenbrock,9,0.061349,160.751907,5.421162,1082.158325,340.112805
3,1.567562,5.748380,quadratic,900,300,rosenbrock,9,0.001957,3.238060,3.820411,749.940186,360.882975
3,1.925946,1.313208,quadratic,900,300,rosenbrock,9,1.113288,3.522315,4.002494,29.198090,356.243550
3,1.567562,10.000000,quadratic,900,300,rosenbrock,9,1.719837,23.376945,5.361812,892.422241,368.093420
3,0.245725,0.754882,exponential_3,900,300,rosenbrock,9,934.060242,4832.950195,5844.635742,5673.001465,282.550510
3,2.366266,0.300000,quadratic,900,300,rosenbrock,9,60.905647,222.264938,216.739899,434.477905,354.000210
3,2.366266,4.779626,quadratic,900,300,rosenbrock,9,1.452521,4.376197,5.048105,544.651489,340.224920
3,2.366266,0.907884,quadratic,900,300,rosenbrock,9,0.023945,8.627064,5.575550,34.172234,363.170725
3,2.366266,0.521886,quadratic,900,300,rosenbrock,9,4.822599,50.026573,48.717648,72.349655,362.394525
3,2.366266,1.579374,quadratic,900,300,rosenbrock,9,0.000527,0.488724,0.576409,0.297561,359.712420
3,2.907255,1.091897,quadratic,900,300,rosenbrock,9,0.157998,1.056885,1.310743,1.135834,342.666325
3,2.366266,2.747511,quadratic,900,300,rosenbrock,9,0.000461,1.403037,2.151331,544.990051,368.169565
3,2.907255,0.360805,quadratic,900,300,rosenbrock,9,4.965137,67.434334,79.350769,256.107056,359.974480
3,2.366266,8.314736,quadratic,900,300,rosenbrock,9,3.238353,378.763000,5.433084,1124.173950,358.971495
3,3.571927,0.754882,quadratic,900,300,rosenbrock,9,0.066329,2.984018,3.756521,15.437269,345.746345
3,2.907255,0.627664,quadratic,900,300,rosenbrock,9,1.144647,5.053074,5.795767,17.390751,361.419355
3,2.907255,5.748380,quadratic,900,300,rosenbrock,9,3.038185,473.347412,5.421162,1192.239136,343.056645
3,2.907255,1.899487,quadratic,900,300,rosenbrock,9,0.000219,1.065147,1.417955,0.598486,365.056210
3,2.907255,3.304387,quadratic,900,300,rosenbrock,9,0.524635,3.968880,4.807375,544.701233,360.218260
3,3.571927,1.313208,quadratic,900,300,rosenbrock,9,0.029335,0.502471,0.669924,0.367475,346.264440
3,3.571927,0.433935,quadratic,900,300,rosenbrock,9,4.101560,7.793388,7.800335,44.507397,348.571105
3,3.571927,3.974133,quadratic,900,300,rosenbrock,9,1.842295,4.870681,5.421160,749.868347,356.498850
3,2.907255,10.000000,quadratic,900,300,rosenbrock,9,0.195204,5.003516,5.423670,748.056274,358.347240
3,3.571927,6.913484,quadratic,900,300,rosenbrock,9,1.979825,5.458396,5.448885,897.563171,352.330455
3,4.388561,0.907884,quadratic,900,300,rosenbrock,9,0.001809,0.366721,0.532034,1.152188,351.604205
3,4.388561,4.779626,quadratic,900,300,rosenbrock,9,1.555242,67.253235,5.421532,998.086548,343.177175
3,4.388561,0.521886,quadratic,900,300,rosenbrock,9,0.005571,3.674127,4.812311,19.824806,347.799285
3,4.388561,0.300000,quadratic,900,300,rosenbrock,9,5.349443,28.395512,24.982105,70.056458,355.584090
3,3.571927,2.284483,quadratic,900,300,rosenbrock,9,0.006981,2.598297,3.288695,750.038025,367.216320
3,4.388561,1.579374,quadratic,900,300,rosenbrock,9,0.150904,1.871031,2.412196,1.108468,354.899640
3,5.391897,0.360805,quadratic,900,300,rosenbrock,9,0.306951,5.120632,5.781147,23.661953,354.031295
3,4.388561,2.747511,quadratic,900,300,rosenbrock,9,2.356182,4.497199,5.398432,892.176758,364.461340
3,5.391897,1.899487,quadratic,900,300,rosenbrock,9,0.051674,3.059240,4.278180,2.003409,293.364220
3,5.391897,0.627664,quadratic,900,300,rosenbrock,9,0.008959,0.655283,0.863405,1.250030,351.848790
3,4.388561,8.314736,quadratic,900,300,rosenbrock,9,1.020647,649.412109,9.775091,1214.086304,365.450035
3,5.391897,1.091897,quadratic,900,300,rosenbrock,9,0.057252,1.200628,1.492462,0.657041,365.936000
3,5.391897,5.748380,quadratic,900,300,rosenbrock,9,4.923265,478.555969,8.010878,1189.159912,276.125360
3,5.391897,3.304387,quadratic,900,300,rosenbrock,9,3.814899,5.529809,5.421165,999.692017,281.775830
3,6.624620,0.433935,quadratic,900,300,rosenbrock,9,0.033569,1.393417,1.613549,2.042163,277.194830
3,5.391897,10.000000,quadratic,900,300,rosenbrock,9,5.105827,511.402557,55.439251,5377.278809,273.248035
3,6.624620,2.284483,quadratic,900,300,rosenbrock,9,1.026146,66.585472,5.421165,900.322876,282.580690
3,6.624620,3.974133,quadratic,900,300,rosenbrock,9,0.979542,265.177490,9.445868,5411.597168,278.260915
3,6.624620,6.913484,quadratic,900,300,rosenbrock,9,4.711015,38.697079,9.513264,988.707336,277.730690
3,6.624620,0.754882,quadratic,900,300,rosenbrock,9,0.044335,0.871783,1.064492,0.405884,280.850760
3,8.139176,0.300000,quadratic,900,300,rosenbrock,9,0.002527,2.282048,3.551604,68.003242,282.164640
3,6.624620,1.313208,quadratic,900,300,rosenbrock,9,0.039519,2.637094,3.425105,750.044434,289.512240
3,8.139176,0.521886,quadratic,900,300,rosenbrock,9,0.079206,0.612454,0.825516,0.422140,292.509225
3,8.139176,2.747511,quadratic,900,300,rosenbrock,9,0.016075,223.259811,5.575130,1075.419678,281.872845
3,8.139176,8.314736,quadratic,900,300,rosenbrock,9,4.670806,22.222254,13.702371,749.559021,275.230810
3,10.000000,0.360805,quadratic,900,300,rosenbrock,9,0.000804,0.613511,0.608646,1.731654,277.809500
3,8.139176,1.579374,quadratic,900,300,rosenbrock,9,1.686456,4.943879,5.420173,749.491455,280.177080
3,8.139176,0.907884,quadratic,900,300,rosenbrock,9,0.076784,2.134346,2.703533,1.377525,282.720490
3,10.000000,0.627664,quadratic,900,300,rosenbrock,9,0.002754,1.010114,1.438573,0.835875,277.361890
3,8.139176,4.779626,quadratic,900,300,rosenbrock,9,0.045277,132.496277,7.209349,7432.951172,289.488725
3,10.000000,1.091897,quadratic,900,300,rosenbrock,9,0.901247,4.276100,4.590954,544.457947,283.150685
3,10.000000,1.899487,quadratic,900,300,rosenbrock,9,4.940619,12.261771,5.422400,996.954346,285.258960
3,0.200000,0.754882,exponential_3,900,300,rosenbrock,9,2075.008789,5830.580078,7042.181641,3755.907227,272.576750
3,0.200000,1.313208,exponential_3,900,300,rosenbrock,9,432.560425,3235.478027,4650.267090,2862.063477,273.259910
3,0.200000,2.284483,exponential_3,900,300,rosenbrock,9,426.064941,1171.902344,1250.974854,576.282227,270.765420
3,10.000000,5.748380,quadratic,900,300,rosenbrock,9,4.515791,52.836861,89.998833,586.246704,294.709085
3,10.000000,3.304387,quadratic,900,300,rosenbrock,9,5.422540,170.934433,10.553616,978.063721,285.987345
3,0.200000,3.974133,exponential_3,900,300,rosenbrock,9,38.401131,185.885315,149.640533,346.285767,278.726285
3,10.000000,10.000000,quadratic,900,300,rosenbrock,9,8.158640,100.691612,78.920044,345.246338,290.959440
3,0.200000,0.433935,exponential_3,900,300,rosenbrock,9,2801.531738,8444.402344,10250.772461,5638.795410,287.775475
3,0.200000,6.913484,exponential_3,900,300,rosenbrock,9,3.415205,42.092503,56.361687,218.560059,282.053655
3,1.275867,1.091897,quadratic,900,300,rosenbrock,9,1.174604,9.461792,8.162741,41.959225,352.647160
3,0.245725,0.300000,exponential_3,900,300,rosenbrock,9,1336.562500,11658.379883,12309.492188,9787.877930,280.927685
3,1.275867,1.899487,quadratic,900,300,rosenbrock,9,0.067413,2.880101,3.854613,24.433586,349.757820
3,1.275867,3.304387,quadratic,900,300,rosenbrock,9,0.000881,0.553391,0.707880,0.282080,355.203080
3,0.245725,0.521886,exponential_3,900,300,rosenbrock,9,3010.649170,8015.759277,10012.624023,5312.116211,281.412795
3,1.567562,0.433935,quadratic,900,300,rosenbrock,9,99.317345,266.345673,304.102783,317.913544,337.949770
3,1.275867,10.000000,quadratic,900,300,rosenbrock,9,4.347254,5.182824,5.421159,544.626709,348.715365
3,1.275867,5.748380,quadratic,900,300,rosenbrock,9,0.026356,2.049794,2.569034,1.453804,351.661255
3,0.245725,0.907884,exponential_3,900,300,rosenbrock,9,287.135132,4245.568359,4475.169922,4450.853516,281.000825
3,1.567562,0.754882,quadratic,900,300,rosenbrock,9,0.458283,42.635204,45.782341,107.808350,343.168065
3,1.567562,2.284483,quadratic,900,300,rosenbrock,9,0.003966,0.655780,0.760907,1.584998,356.916355
3,1.567562,1.313208,quadratic,900,300,rosenbrock,9,0.297232,4.133005,5.115755,16.106483,347.460930
3,1.925946,4.779626,quadratic,900,300,rosenbrock,9,0.520207,3.505204,3.892203,1.316480,349.963765
3,1.925946,0.521886,quadratic,900,300,rosenbrock,9,6.100426,68.831459,62.057926,173.909470,350.371900
3,1.925946,2.747511,quadratic,900,300,rosenbrock,9,0.013287,0.945111,1.216421,0.485514,348.621035
3,1.567562,3.974133,quadratic,900,300,rosenbrock,9,0.044487,1.408180,1.853455,0.765832,361.987210
3,1.925946,0.907884,quadratic,900,300,rosenbrock,9,0.363804,5.525031,6.513267,30.058014,361.596455
3,1.567562,6.913484,quadratic,900,300,rosenbrock,9,3.019840,4.525488,4.853366,749.612854,352.319870
3,1.925946,0.300000,quadratic,900,300,rosenbrock,9,96.897446,547.450439,637.106934,615.070496,346.363925
3,1.925946,8.314736,quadratic,900,300,rosenbrock,9,0.053213,4.454871,5.421162,892.564392,357.737330
3,2.366266,0.360805,quadratic,900,300,rosenbrock,9,73.825500,176.673004,185.615845,213.984451,347.715220
3,1.925946,1.579374,quadratic,900,300,rosenbrock,9,0.051151,1.853152,1.955774,2.622843,361.506905
3,2.366266,0.627664,quadratic,900,300,rosenbrock,9,0.700916,18.868002,7.402738,79.556282,352.433540
3,2.366266,1.091897,quadratic,900,300,rosenbrock,9,0.005535,1.888124,2.922806,2.105103,357.372110
3,2.366266,3.304387,quadratic,900,300,rosenbrock,9,0.041621,2.392173,2.940731,1.135744,349.073070
3,5.391897,2.284483,quadratic,900,300,rosenbrock,9,3.870443,161.052383,5.358718,1082.091919,283.596820
3,2.366266,5.748380,quadratic,900,300,rosenbrock,9,0.168746,4.843086,5.421160,999.689941,371.365830
3,2.366266,1.899487,quadratic,900,300,rosenbrock,9,0.004860,0.399504,0.530998,1.149832,370.399095
3,2.907255,1.313208,quadratic,900,300,rosenbrock,9,0.032765,0.474549,0.609160,1.107292,369.687105
3,2.907255,0.754882,quadratic,900,300,rosenbrock,9,0.001816,2.944768,3.939370,2.128280,352.738950
3,3.571927,0.907884,quadratic,900,300,rosenbrock,9,0.000369,1.026057,1.321486,1.601476,358.546405
3,2.907255,0.433935,quadratic,900,300,rosenbrock,9,2.793449,39.576252,43.228073,47.084446,364.241675
3,2.366266,10.000000,quadratic,900,300,rosenbrock,9,0.058411,72.648674,5.433616,996.105652,361.965845
3,2.907255,6.913484,quadratic,900,300,rosenbrock,9,0.028555,16.308687,5.421245,885.134766,353.201105
3,2.907255,2.284483,quadratic,900,300,rosenbrock,9,0.084499,1.536329,2.230659,544.946350,354.855220
3,5.391897,6.913484,quadratic,900,300,rosenbrock,9,3.385678,36.015839,8.655372,889.467346,267.963915
3,3.571927,1.579374,quadratic,900,300,rosenbrock,9,0.118530,1.246666,1.548533,0.546171,351.465355
3,2.907255,3.974133,quadratic,900,300,rosenbrock,9,0.425897,4.662420,5.390277,999.637085,357.132265
3,3.571927,4.779626,quadratic,900,300,rosenbrock,9,0.034214,4.665094,5.421163,1000.030640,347.569070
3,3.571927,0.300000,quadratic,900,300,rosenbrock,9,4.358300,74.991020,113.116814,127.492867,348.702800
3,3.571927,0.521886,quadratic,900,300,rosenbrock,9,1.643646,5.412373,6.140351,37.716145,358.233270
3,4.388561,1.091897,quadratic,900,300,rosenbrock,9,0.033704,0.610563,0.745454,0.468717,350.224620
3,3.571927,8.314736,quadratic,900,300,rosenbrock,9,1.080381,76.796204,5.520404,994.955261,353.901705
3,5.391897,3.974133,quadratic,900,300,rosenbrock,9,0.008541,161.253403,5.423330,1082.586792,286.115720
3,4.388561,0.360805,quadratic,900,300,rosenbrock,9,1.345911,5.329370,5.958519,33.297623,347.749170
3,6.624620,0.521886,quadratic,900,300,rosenbrock,9,0.001696,0.565794,0.758470,1.103182,283.525775
3,4.388561,0.627664,quadratic,900,300,rosenbrock,9,0.007162,1.686642,2.614980,1.331563,356.118900
3,6.624620,4.779626,quadratic,900,300,rosenbrock,9,3.796132,321.547119,9.457396,1143.577148,274.372930
3,6.624620,2.747511,quadratic,900,300,rosenbrock,9,5.143752,535.742004,5.686726,1175.013306,276.417300
3,3.571927,2.747511,quadratic,900,300,rosenbrock,9,0.885508,3.414857,4.249546,749.897278,354.040530
3,5.391897,0.433935,quadratic,900,300,rosenbrock,9,0.244746,3.732291,4.434479,215.656067,346.382505
3,4.388561,5.748380,quadratic,900,300,rosenbrock,9,5.421190,630.593628,6.272930,1224.172119,364.724850
3,4.388561,1.899487,quadratic,900,300,rosenbrock,9,0.010593,2.520508,3.074342,1.404839,355.209810
3,6.624620,0.300000,quadratic,900,300,rosenbrock,9,0.017889,5.002050,5.913109,28.589376,288.366075
3,4.388561,3.304387,quadratic,900,300,rosenbrock,9,2.704242,4.934669,5.420940,999.573303,361.710330
3,8.139176,0.360805,quadratic,900,300,rosenbrock,9,0.017825,2.172707,2.237654,1.548790,273.110845
3,8.139176,0.627664,quadratic,900,300,rosenbrock,9,0.000811,0.670280,0.839535,0.463464,273.159170
3,4.388561,10.000000,quadratic,900,300,rosenbrock,9,3.905687,408.519714,24.799631,5399.620117,347.642080
3,6.624620,0.907884,quadratic,900,300,rosenbrock,9,0.001159,1.221152,1.756932,1.461376,279.404705
3,6.624620,8.314736,quadratic,900,300,rosenbrock,9,1.225721,94.557083,39.813896,987.242249,293.203690
3,5.391897,0.754882,quadratic,900,300,rosenbrock,9,0.002246,0.438010,0.521193,0.416389,358.384750
3,6.624620,1.579374,quadratic,900,300,rosenbrock,9,0.110823,3.309127,4.098097,544.556702,287.951900
3,8.139176,10.000000,quadratic,900,300,rosenbrock,9,7.317831,77.834900,82.057068,5426.974121,285.634595
3,8.139176,3.304387,quadratic,900,300,rosenbrock,9,0.950506,600.321594,29.814972,5374.852539,287.043730
3,10.000000,0.433935,quadratic,900,300,rosenbrock,9,0.002876,0.396602,0.478352,0.368002,282.802895
3,8.139176,5.748380,quadratic,900,300,rosenbrock,9,2.665121,448.232971,17.695866,1115.922241,274.444900
3,10.000000,0.754882,quadratic,900,300,rosenbrock,9,0.001003,1.916845,2.378827,544.937317,278.556120
3,5.391897,1.313208,quadratic,900,300,rosenbrock,9,0.021849,1.920321,2.376681,544.946350,364.455240
3,8.139176,1.899487,quadratic,900,300,rosenbrock,9,0.391084,4.867033,5.421162,897.887512,287.537120
3,8.139176,1.091897,quadratic,900,300,rosenbrock,9,2.582504,3.690099,3.792124,544.744263,287.622580
3,0.200000,1.579374,exponential_3,900,300,rosenbrock,9,428.479675,2648.933105,3432.549805,1588.562012,276.836140
3,10.000000,1.313208,quadratic,900,300,rosenbrock,9,0.542866,4.499718,5.383568,749.740173,287.355400
3,0.200000,2.747511,exponential_3,900,300,rosenbrock,9,190.329926,765.323486,875.930176,1038.562622,280.913145
3,10.000000,2.284483,quadratic,900,300,rosenbrock,9,0.620879,211.454865,7.437017,1064.529297,290.237255
3,0.200000,0.907884,exponential_3,900,300,rosenbrock,9,1121.631592,5916.047852,6555.800781,3504.525146,288.313145
3,0.200000,0.300000,exponential_3,900,300,rosenbrock,9,845.658813,13190.657227,15239.129883,7484.789062,274.822665
3,0.200000,0.521886,exponential_3,900,300,rosenbrock,9,2351.280762,7980.602051,9795.220703,6224.109375,270.947320
3,10.000000,6.913484,quadratic,900,300,rosenbrock,9,4.286542,239.284180,97.155853,1051.475342,286.345590
3,10.000000,3.974133,quadratic,900,300,rosenbrock,9,1.737573,88.188110,9.099188,991.710632,286.631105
3,0.200000,4.779626,exponential_3,900,300,rosenbrock,9,2.838309,96.746864,120.122192,200.753952,283.091145
3,0.200000,8.314736,exponential_3,900,300,rosenbrock,9,2.810684,12.139895,8.459410,37.224663,275.397050
3,0.245725,0.360805,exponential_3,900,300,rosenbrock,9,2903.415771,11749.408203,13634.156250,5332.734375,272.419230
3,0.245725,0.627664,exponential_3,900,300,rosenbrock,9,1173.495605,6589.917480,7266.599609,4133.560059,273.063260
3,0.245725,1.091897,exponential_3,900,300,rosenbrock,9,1069.073730,3248.335693,3506.736328,2872.118408,270.191095
3,0.245725,1.313208,exponential_3,900,300,rosenbrock,9,185.383789,1809.948975,2235.045410,1861.923706,350.860830
3,0.245725,2.284483,exponential_3,900,300,rosenbrock,9,242.988342,815.614136,882.309448,941.605347,365.365915
3,0.245725,3.974133,exponential_3,900,300,rosenbrock,9,12.272802,123.685074,105.514313,188.975555,359.392320
3,0.245725,6.913484,exponential_3,900,300,rosenbrock,9,0.942398,14.818003,8.444690,49.740257,340.107960
3,0.455730,3.974133,exponential_3,900,300,rosenbrock,9,0.005877,9.862640,6.450304,60.136215,257.063115
3,0.301904,0.521886,exponential_3,900,300,rosenbrock,9,1971.346680,6077.430176,6327.992188,4433.005859,353.484275
3,0.301904,1.579374,exponential_3,900,300,rosenbrock,9,237.580292,869.311523,874.643921,1012.893250,347.645440
3,0.301904,0.907884,exponential_3,900,300,rosenbrock,9,721.810242,2040.556641,2395.639648,3411.354492,350.497365
3,0.301904,0.300000,exponential_3,900,300,rosenbrock,9,1625.551270,10810.351562,14180.750000,7074.959473,364.123105
3,0.301904,2.747511,exponential_3,900,300,rosenbrock,9,6.158197,145.077606,173.145813,341.356964,353.569025
3,0.301904,4.779626,exponential_3,900,300,rosenbrock,9,4.273250,20.915190,10.340478,58.270679,340.253400
3,0.687934,0.627664,exponential_3,900,300,rosenbrock,9,301.629974,1573.399414,2229.380371,1928.759644,270.245320
3,0.370927,0.627664,exponential_3,900,300,rosenbrock,9,1248.428223,3680.699951,4352.083496,3335.972168,344.041875
3,0.301904,8.314736,exponential_3,900,300,rosenbrock,9,0.096492,4.242070,5.171940,22.503164,353.020580
3,0.370927,0.360805,exponential_3,900,300,rosenbrock,9,1141.641357,9008.224609,11689.125977,5615.311523,353.699125
3,0.845213,1.313208,exponential_3,900,300,rosenbrock,9,6.549381,63.771526,88.609619,171.562119,270.653100
3,0.370927,3.304387,exponential_3,900,300,rosenbrock,9,4.540743,37.092819,27.816536,162.806244,343.415150
3,0.370927,1.899487,exponential_3,900,300,rosenbrock,9,13.824331,236.935608,204.008942,640.505920,348.156965
3,0.370927,1.091897,exponential_3,900,300,rosenbrock,9,223.439377,1960.361328,2269.164795,1600.143921,355.899545
3,0.455730,0.754882,exponential_3,900,300,rosenbrock,9,330.626190,1785.961792,2016.454224,2744.985596,333.239150
3,0.845213,3.974133,exponential_3,900,300,rosenbrock,9,1.058525,4.122416,4.494054,1.797174,279.249060
3,0.370927,10.000000,exponential_3,900,300,rosenbrock,9,0.038413,2.204775,3.387107,1.630217,351.068410
3,0.370927,5.748380,exponential_3,900,300,rosenbrock,9,0.883355,4.267467,5.280525,16.738873,356.008155
3,1.038450,0.433935,exponential_3,900,300,rosenbrock,9,310.780945,1244.859253,1499.613525,1352.286133,280.333835
3,1.038450,0.300000,exponential_3,900,300,rosenbrock,9,1134.614502,2592.453857,3271.434570,1550.009277,284.205215
3,0.455730,2.284483,exponential_3,900,300,rosenbrock,9,9.892017,73.446220,97.806641,130.691788,343.525625
3,0.455730,0.433935,exponential_3,900,300,rosenbrock,9,1516.251465,3899.951416,4703.933594,3902.645264,360.878190
3,1.038450,2.747511,exponential_3,900,300,rosenbrock,9,0.248756,2.926697,4.446184,21.258053,279.621995
3,0.559922,0.521886,exponential_3,900,300,rosenbrock,9,601.473328,3003.460938,3737.951416,2411.292969,335.360620
3,1.038450,5.748380,exponential_3,900,300,rosenbrock,9,0.021255,2.429735,3.132571,544.781738,273.274380
3,0.455730,1.313208,exponential_3,900,300,rosenbrock,9,107.792000,629.415771,710.470703,535.572510,359.208660
3,1.275867,0.627664,exponential_3,900,300,rosenbrock,9,54.109001,252.131119,294.096130,205.456482,274.737825
3,1.038450,8.314736,exponential_3,900,300,rosenbrock,9,0.006431,1.998946,2.603290,892.859680,279.068310
3,1.275867,0.433935,exponential_3,900,300,rosenbrock,9,56.951313,524.328369,550.664551,558.059082,277.179680
3,0.455730,6.913484,exponential_3,900,300,rosenbrock,9,0.232654,4.000054,4.820611,289.198151,355.133700
3,0.559922,0.300000,exponential_3,900,300,rosenbrock,9,310.759827,4869.272461,6055.048828,5042.416016,356.125055
3,1.275867,1.899487,exponential_3,900,300,rosenbrock,9,0.283532,4.432477,5.402783,27.066183,274.703520
3,0.559922,1.579374,exponential_3,900,300,rosenbrock,9,56.542545,258.415833,280.770905,347.390076,350.133460
3,0.559922,0.907884,exponential_3,900,300,rosenbrock,9,32.622910,741.651489,863.470764,1018.976685,356.396350
3,1.275867,2.747511,exponential_3,900,300,rosenbrock,9,0.179153,2.716315,3.260357,1.467252,278.473575
3,1.275867,1.313208,exponential_3,900,300,rosenbrock,9,4.050455,7.973426,7.841591,30.460182,282.351125
3,1.275867,3.974133,exponential_3,900,300,rosenbrock,9,0.009818,2.371524,3.245234,297.333679,281.450270
3,1.275867,8.314736,exponential_3,900,300,rosenbrock,9,0.307076,3.361278,3.791434,749.805054,279.005230
3,1.567562,0.627664,exponential_3,900,300,rosenbrock,9,6.045041,50.374195,75.078400,203.581329,274.937255
3,0.559922,4.779626,exponential_3,900,300,rosenbrock,9,0.114752,3.187912,4.275933,1.781597,354.299700
3,1.567562,0.433935,exponential_3,900,300,rosenbrock,9,66.154480,445.352478,498.649475,957.222778,277.614990
3,0.559922,2.747511,exponential_3,900,300,rosenbrock,9,2.843826,18.429176,9.929932,47.697838,358.445495
3,0.559922,8.314736,exponential_3,900,300,rosenbrock,9,1.188242,3.240501,3.385577,1.363173,354.543735
3,0.687934,1.091897,exponential_3,900,300,rosenbrock,9,35.221279,253.609497,278.752197,290.048157,349.244710
3,0.687934,5.748380,exponential_3,900,300,rosenbrock,9,0.206679,3.267583,4.122429,1.792214,345.272660
3,0.687934,0.360805,exponential_3,900,300,rosenbrock,9,424.051086,2640.451172,3096.763184,2745.577881,357.773005
3,1.275867,5.748380,exponential_3,900,300,rosenbrock,9,0.009931,1.942682,2.971925,1.774214,289.791570
3,1.567562,0.907884,exponential_3,900,300,rosenbrock,9,1.841567,29.476898,27.445271,56.082909,276.910330
3,0.687934,1.899487,exponential_3,900,300,rosenbrock,9,0.576974,25.026106,16.615461,135.416763,355.407460
3,1.567562,1.313208,exponential_3,900,300,rosenbrock,9,1.033442,5.025791,5.650063,27.327280,277.877190
3,1.567562,8.314736,exponential_3,900,300,rosenbrock,9,0.016594,3.600187,4.484890,749.817261,267.402345
3,0.687934,10.000000,exponential_3,900,300,rosenbrock,9,0.271140,2.822099,3.298745,210.235977,354.188825
3,0.687934,3.304387,exponential_3,900,300,rosenbrock,9,0.000010,3.975402,5.190034,18.900930,360.253615
3,0.845213,2.284483,exponential_3,900,300,rosenbrock,9,0.519868,5.705871,6.092605,27.146620,346.800155
3,0.845213,6.913484,exponential_3,900,300,rosenbrock,9,0.000564,3.022638,3.532495,575.354431,344.810610
3,0.845213,0.433935,exponential_3,900,300,rosenbrock,9,592.874023,1716.898804,1885.193848,1139.081543,357.239510
3,0.845213,0.754882,exponential_3,900,300,rosenbrock,9,61.780762,366.975037,359.064850,746.521790,357.502070
3,1.925946,0.433935,exponential_3,900,300,rosenbrock,9,45.892410,227.685349,260.419495,240.960114,277.617865
3,1.567562,3.974133,exponential_3,900,300,rosenbrock,9,0.027842,2.564799,3.044288,544.892273,282.360400
3,1.925946,0.907884,exponential_3,900,300,rosenbrock,9,0.813502,11.686419,6.481976,52.792709,271.773585
3,1.567562,1.899487,exponential_3,900,300,rosenbrock,9,0.221966,3.089084,3.867785,2.309078,289.570125
3,1.038450,1.899487,exponential_3,900,300,rosenbrock,9,2.710196,4.894966,5.213073,33.851147,339.505030
3,1.925946,0.627664,exponential_3,900,300,rosenbrock,9,0.501686,53.268818,71.286148,68.884300,280.108940
3,1.038450,0.627664,exponential_3,900,300,rosenbrock,9,178.268326,478.242889,587.906372,425.422852,347.485725
3,1.925946,0.300000,exponential_3,900,300,rosenbrock,9,313.915833,783.719482,793.296082,1147.000610,280.946355
3,1.567562,5.748380,exponential_3,900,300,rosenbrock,9,0.072695,3.106756,3.350376,749.702454,285.729540
3,1.038450,1.313208,exponential_3,900,300,rosenbrock,9,6.079801,26.796131,22.737310,64.207573,347.057655
3,1.567562,2.747511,exponential_3,900,300,rosenbrock,9,0.005789,2.947531,3.946011,67.593506,292.058890
3,1.275867,0.300000,exponential_3,900,300,rosenbrock,9,330.798767,1642.504028,1925.584961,1249.692505,336.937430
3,1.038450,0.907884,exponential_3,900,300,rosenbrock,9,7.955103,127.931580,148.424988,170.848984,355.312025
3,1.925946,1.313208,exponential_3,900,300,rosenbrock,9,2.143424,6.014323,5.575101,30.338345,284.759675
3,1.038450,3.974133,exponential_3,900,300,rosenbrock,9,0.009502,2.162472,2.851778,1.455300,348.158905
3,1.275867,0.907884,exponential_3,900,300,rosenbrock,9,7.618950,54.131306,68.693771,93.190788,356.036855
3,1.567562,0.300000,exponential_3,900,300,rosenbrock,9,190.938263,877.599976,970.524536,1156.931152,339.876490
3,1.925946,1.899487,exponential_3,900,300,rosenbrock,9,0.002239,3.501473,4.126224,1.810364,284.166990
3,1.925946,2.747511,exponential_3,900,300,rosenbrock,9,0.005213,2.690848,3.379263,1.537123,274.969380
3,0.455730,4.779626,exponential_3,900,300,rosenbrock,9,0.013654,5.274214,6.365649,33.521317,273.541530
3,0.687934,0.754882,exponential_3,900,300,rosenbrock,9,48.083267,568.611328,654.817566,1088.107056,258.015450
3,0.245725,1.579374,exponential_3,900,300,rosenbrock,9,337.911987,1428.927979,1436.270508,1060.318481,347.906055
3,0.845213,1.579374,exponential_3,900,300,rosenbrock,9,5.204248,32.447876,25.187206,62.867786,262.079060
3,0.245725,8.314736,exponential_3,900,300,rosenbrock,9,0.953534,8.440783,6.948016,70.615875,348.796375
3,0.245725,2.747511,exponential_3,900,300,rosenbrock,9,22.841465,484.956421,606.532532,441.171844,361.279240
3,0.245725,4.779626,exponential_3,900,300,rosenbrock,9,7.772915,57.418747,63.417305,66.311508,360.650175
3,1.038450,0.360805,exponential_3,900,300,rosenbrock,9,308.432495,1857.472412,2119.685791,1429.492798,262.115700
3,0.845213,4.779626,exponential_3,900,300,rosenbrock,9,0.126405,2.819515,3.975230,1.471045,276.614015
3,0.301904,1.091897,exponential_3,900,300,rosenbrock,9,256.515045,1503.488647,1818.759521,1573.072266,343.703470
3,1.038450,3.304387,exponential_3,900,300,rosenbrock,9,0.001356,3.740548,4.270080,1.814977,265.272870
3,0.301904,0.627664,exponential_3,900,300,rosenbrock,9,1050.631226,3640.409912,4272.400879,5758.936035,353.702110
3,1.038450,10.000000,exponential_3,900,300,rosenbrock,9,0.193826,3.130241,3.494212,544.755249,257.881585
3,1.275867,0.521886,exponential_3,900,300,rosenbrock,9,110.896118,667.866699,934.944580,802.736694,262.421710
3,1.038450,0.521886,exponential_3,900,300,rosenbrock,9,145.465668,722.716492,773.393311,815.581421,281.392205
3,1.038450,6.913484,exponential_3,900,300,rosenbrock,9,0.023551,2.778310,3.641633,575.459900,272.949800
3,0.301904,1.899487,exponential_3,900,300,rosenbrock,9,163.753967,726.755432,876.020569,1294.441772,360.958745
3,0.301904,3.304387,exponential_3,900,300,rosenbrock,9,10.165227,80.479485,95.070900,188.721161,353.077680
3,1.275867,0.754882,exponential_3,900,300,rosenbrock,9,8.525290,88.612045,91.094208,110.422905,272.812705
3,0.301904,0.360805,exponential_3,900,300,rosenbrock,9,1447.999634,7793.799805,9734.033203,7202.864746,362.890990
3,1.275867,1.579374,exponential_3,900,300,rosenbrock,9,1.077789,5.675173,6.042105,14.755733,259.277750
3,1.275867,2.284483,exponential_3,900,300,rosenbrock,9,1.376361,4.075428,4.828704,65.347939,272.773630
3,1.275867,4.779626,exponential_3,900,300,rosenbrock,9,0.033511,2.022977,3.392537,750.316040,269.546755
3,1.567562,0.521886,exponential_3,900,300,rosenbrock,9,21.061787,104.510605,127.505898,157.851044,268.455440
3,1.567562,0.754882,exponential_3,900,300,rosenbrock,9,5.915754,65.301048,69.408936,252.452057,272.849085
3,0.301904,5.748380,exponential_3,900,300,rosenbrock,9,0.191601,5.564041,6.824684,34.293232,357.476280
3,0.370927,0.754882,exponential_3,900,300,rosenbrock,9,250.114304,3574.800293,5010.635742,3536.977051,347.822105
3,1.275867,3.304387,exponential_3,900,300,rosenbrock,9,0.002828,2.330637,3.181273,1.752026,280.756240
3,0.301904,10.000000,exponential_3,900,300,rosenbrock,9,0.272487,3.591337,4.684310,2.205589,345.303245
3,1.567562,1.579374,exponential_3,900,300,rosenbrock,9,0.142148,4.091661,5.140419,20.046488,262.403700
3,1.275867,10.000000,exponential_3,900,300,rosenbrock,9,0.824439,3.483067,4.326058,749.738586,284.601645
3,0.370927,2.284483,exponential_3,900,300,rosenbrock,9,9.947296,163.937180,165.799301,307.447296,342.637905
3,1.567562,10.000000,exponential_3,900,300,rosenbrock,9,0.267059,3.244272,3.286308,1.859186,268.811180
3,1.275867,6.913484,exponential_3,900,300,rosenbrock,9,0.284857,3.130639,4.132812,544.622192,275.494225
3,0.370927,0.433935,exponential_3,900,300,rosenbrock,9,2141.284668,5247.703613,6459.986816,3553.125977,355.420335
3,0.370927,3.974133,exponential_3,900,300,rosenbrock,9,0.720559,16.503820,12.449427,57.517632,355.877705
3,1.567562,1.091897,exponential_3,900,300,rosenbrock,9,1.331665,16.742203,10.496210,31.373400,281.558760
3,0.370927,6.913484,exponential_3,900,300,rosenbrock,9,0.080788,4.598361,5.235983,13.903151,345.881515
3,0.455730,0.907884,exponential_3,900,300,rosenbrock,9,131.338226,1169.343140,1144.981812,1228.768921,355.111720
3,1.567562,4.779626,exponential_3,900,300,rosenbrock,9,0.001447,1.703991,2.371697,1.963937,273.833550
3,0.455730,0.300000,exponential_3,900,300,rosenbrock,9,1750.562500,6157.803711,7338.898926,4396.329590,352.464730
3,1.925946,0.521886,exponential_3,900,300,rosenbrock,9,2.382338,71.275063,83.815796,71.898392,276.496670
3,0.370927,1.313208,exponential_3,900,300,rosenbrock,9,193.037918,969.529663,1041.598633,1045.620483,365.140600
3,1.567562,6.913484,exponential_3,900,300,rosenbrock,9,0.583053,3.607661,4.325276,749.774292,270.931270
3,1.925946,0.754882,exponential_3,900,300,rosenbrock,9,3.893772,26.834526,19.667412,222.842896,273.960450
3,1.567562,3.304387,exponential_3,900,300,rosenbrock,9,0.001322,2.709215,3.460150,1.568381,267.858105
3,1.925946,1.579374,exponential_3,900,300,rosenbrock,9,1.233575,3.905858,4.380388,1.763497,264.720270
3,1.925946,1.091897,exponential_3,900,300,rosenbrock,9,0.059011,4.070120,5.406046,15.198447,279.580800
3,0.455730,0.521886,exponential_3,900,300,rosenbrock,9,719.134216,3247.016602,3771.186523,3233.109131,345.695030
3,1.925946,0.360805,exponential_3,900,300,rosenbrock,9,76.270760,263.329742,287.772675,351.478119,276.539220
3,1.567562,2.284483,exponential_3,900,300,rosenbrock,9,0.082948,3.442934,4.179740,15.962232,282.637030
3,0.559922,0.627664,exponential_3,900,300,rosenbrock,9,514.468628,2026.233887,2660.076416,1943.169800,344.098100
3,0.455730,2.747511,exponential_3,900,300,rosenbrock,9,1.390990,34.644501,40.216488,70.384262,354.006930
3,0.455730,1.579374,exponential_3,900,300,rosenbrock,9,45.766178,221.986298,262.955200,335.996857,355.111950
3,0.455730,8.314736,exponential_3,900,300,rosenbrock,9,0.000528,3.097429,3.943989,210.266617,352.555270
3,0.559922,5.748380,exponential_3,900,300,rosenbrock,9,0.130144,3.590712,4.444921,18.728039,346.033195
3,0.559922,0.360805,exponential_3,900,300,rosenbrock,9,375.632965,5581.412598,7557.562012,3841.281982,356.711950
3,1.925946,2.284483,exponential_3,900,300,rosenbrock,9,0.003920,2.339051,3.397466,24.550444,269.859785
3,0.559922,1.091897,exponential_3,900,300,rosenbrock,9,51.790695,427.429291,571.533691,425.958435,354.487630
3,0.559922,10.000000,exponential_3,900,300,rosenbrock,9,0.021666,2.771182,3.273234,544.657410,344.176420
3,1.925946,3.304387,exponential_3,900,300,rosenbrock,9,0.053917,2.432351,3.168729,1.441875,273.550175
3,0.559922,1.899487,exponential_3,900,300,rosenbrock,9,8.731472,85.483627,92.029251,246.842514,360.609175
3,0.559922,3.304387,exponential_3,900,300,rosenbrock,9,1.666046,5.704319,6.815793,33.123344,352.539915
3,0.687934,0.433935,exponential_3,900,300,rosenbrock,9,445.645325,2529.375977,3304.156738,3518.960693,345.234460
3,0.687934,6.913484,exponential_3,900,300,rosenbrock,9,0.000141,3.005543,3.818887,1.718524,348.990705
3,0.845213,0.300000,exponential_3,900,300,rosenbrock,9,1044.474976,3369.302734,4021.470215,3287.549805,342.378665
3,0.687934,2.284483,exponential_3,900,300,rosenbrock,9,2.036102,28.062656,9.752110,58.152424,351.753300
3,0.845213,8.314736,exponential_3,900,300,rosenbrock,9,0.003666,2.363655,2.886739,892.797974,346.042055
3,0.687934,1.313208,exponential_3,900,300,rosenbrock,9,27.735952,158.110306,142.693573,217.885849,364.044750
3,0.845213,0.907884,exponential_3,900,300,rosenbrock,9,16.143305,240.231812,280.852112,299.762512,346.156920
3,0.845213,0.521886,exponential_3,900,300,rosenbrock,9,336.301025,1197.594482,1252.553711,1051.365967,352.033795
3,0.687934,3.974133,exponential_3,900,300,rosenbrock,9,0.002396,3.915443,5.044761,30.544489,359.692755
3,1.038450,0.754882,exponential_3,900,300,rosenbrock,9,19.424034,219.726471,274.920166,933.524597,346.455920
3,1.275867,0.360805,exponential_3,900,300,rosenbrock,9,55.792107,1036.771729,1109.178711,1344.443726,347.000870
3,1.038450,2.284483,exponential_3,900,300,rosenbrock,9,0.194903,4.184656,5.793858,44.157162,356.735500
3,0.845213,2.747511,exponential_3,900,300,rosenbrock,9,0.589773,5.065054,5.798215,24.537910,367.011185
3,1.038450,1.091897,exponential_3,900,300,rosenbrock,9,3.619034,57.940903,66.694496,212.930939,352.465340
3,1.038450,1.579374,exponential_3,900,300,rosenbrock,9,0.566563,7.375100,7.834443,43.125271,359.014030
3,1.275867,1.091897,exponential_3,900,300,rosenbrock,9,1.600998,25.212364,13.956979,49.586952,342.018240
3,1.038450,4.779626,exponential_3,900,300,rosenbrock,9,0.013526,1.884636,2.422063,1.702204,356.767265
3,1.567562,0.360805,exponential_3,900,300,rosenbrock,9,123.289017,597.098267,747.032227,585.180786,355.307250
3,0.455730,5.748380,exponential_3,900,300,rosenbrock,9,0.001168,3.610439,5.013698,2.574009,292.566520
3,0.687934,0.907884,exponential_3,900,300,rosenbrock,9,92.122055,425.020813,526.534546,286.853821,279.598410
3,0.845213,1.899487,exponential_3,900,300,rosenbrock,9,0.650039,15.019051,8.304838,47.754902,287.509220
3,1.925946,3.974133,exponential_3,900,300,rosenbrock,9,0.000052,3.213679,3.468693,544.599854,279.316440
3,0.845213,5.748380,exponential_3,900,300,rosenbrock,9,0.038268,2.053573,2.678881,1.684407,285.906530
3,2.366266,0.433935,exponential_3,900,300,rosenbrock,9,10.783532,74.965866,84.417313,213.752106,281.488290
3,1.925946,5.748380,exponential_3,900,300,rosenbrock,9,0.023234,3.114424,3.481633,749.835083,288.797875
3,2.366266,0.300000,exponential_3,900,300,rosenbrock,9,74.395309,299.250366,348.735718,552.502502,287.111235
3,1.925946,8.314736,exponential_3,900,300,rosenbrock,9,0.598454,3.528490,3.893803,749.677917,288.570375
3,2.366266,0.627664,exponential_3,900,300,rosenbrock,9,1.052263,26.035583,12.295140,49.936905,282.761495
3,0.245725,1.899487,exponential_3,900,300,rosenbrock,9,88.301041,1027.479126,1164.551758,1409.181152,351.150945
3,2.366266,0.907884,exponential_3,900,300,rosenbrock,9,0.059055,4.961766,6.130189,28.230255,282.000745
3,2.366266,1.313208,exponential_3,900,300,rosenbrock,9,0.579435,3.582471,4.609396,216.403824,287.101580
3,2.366266,1.899487,exponential_3,900,300,rosenbrock,9,0.002014,2.961762,3.658293,1.365333,286.749315
3,2.366266,2.747511,exponential_3,900,300,rosenbrock,9,0.578291,2.702543,3.123864,1.373207,287.436665
3,0.245725,10.000000,exponential_3,900,300,rosenbrock,9,1.823405,8.923280,5.540555,71.526955,345.624445
3,2.366266,5.748380,exponential_3,900,300,rosenbrock,9,0.113235,2.839549,3.252240,1.880495,285.973345
3,2.366266,3.974133,exponential_3,900,300,rosenbrock,9,0.000441,65.453003,4.197227,998.233887,291.723365
3,0.245725,3.304387,exponential_3,900,300,rosenbrock,9,96.583435,247.282532,245.869476,396.871033,348.688230
3,2.366266,8.314736,exponential_3,900,300,rosenbrock,9,0.067048,3.189308,3.360991,749.719299,290.537755
3,2.907255,0.300000,exponential_3,900,300,rosenbrock,9,8.095514,175.529144,170.100586,326.578705,286.889385
3,2.907255,0.433935,exponential_3,900,300,rosenbrock,9,1.974127,35.289120,25.395817,207.657181,287.479845
3,2.907255,0.907884,exponential_3,900,300,rosenbrock,9,0.036367,4.531876,5.080441,67.170174,285.304460
3,0.245725,5.748380,exponential_3,900,300,rosenbrock,9,5.753459,36.659286,26.222698,63.944218,353.197050
3,2.907255,1.313208,exponential_3,900,300,rosenbrock,9,0.001641,2.916010,4.033167,2.026176,280.279385
3,0.301904,0.754882,exponential_3,900,300,rosenbrock,9,411.554169,3248.317871,3798.993652,3304.225830,347.155420
3,2.907255,0.627664,exponential_3,900,300,rosenbrock,9,1.463578,6.086846,7.623234,35.636513,299.046535
3,3.571927,0.300000,exponential_3,900,300,rosenbrock,9,9.630922,54.847591,55.960297,213.666672,278.940590
3,3.571927,0.433935,exponential_3,900,300,rosenbrock,9,1.124410,8.190504,8.862891,58.940422,280.274415
3,2.907255,2.747511,exponential_3,900,300,rosenbrock,9,0.000497,2.663763,3.371195,544.792419,288.364965
3,2.907255,8.314736,exponential_3,900,300,rosenbrock,9,0.691470,3.553616,3.751782,747.625244,285.058795
3,2.907255,3.974133,exponential_3,900,300,rosenbrock,9,0.625892,3.715433,4.325322,749.629578,286.344935
3,0.301904,1.313208,exponential_3,900,300,rosenbrock,9,309.595459,1475.831787,1848.418701,1134.131958,364.544500
3,3.571927,0.907884,exponential_3,900,300,rosenbrock,9,0.062875,2.921211,4.240256,215.882919,283.215315
3,3.571927,0.627664,exponential_3,900,300,rosenbrock,9,0.277808,4.760564,5.595188,26.172981,286.125580
3,2.907255,1.899487,exponential_3,900,300,rosenbrock,9,0.000627,1.747976,2.285496,1.510744,299.601850
3,2.907255,5.748380,exponential_3,900,300,rosenbrock,9,1.004376,3.162985,3.338739,210.336121,293.079725
3,0.301904,2.284483,exponential_3,900,300,rosenbrock,9,69.505386,361.558105,443.490021,551.906921,356.573410
3,0.301904,0.433935,exponential_3,900,300,rosenbrock,9,1909.985962,8392.265625,9119.808594,5897.529785,355.064905
3,0.301904,3.974133,exponential_3,900,300,rosenbrock,9,6.089794,62.592747,80.246635,97.514755,361.644510
3,0.370927,0.300000,exponential_3,900,300,rosenbrock,9,478.395782,7189.487305,10903.402344,6244.098145,338.300180
3,0.370927,0.907884,exponential_3,900,300,rosenbrock,9,157.846954,1660.565430,1670.500977,2287.727539,347.473310
3,3.571927,1.313208,exponential_3,900,300,rosenbrock,9,0.267185,2.319998,3.238124,65.751404,276.995420
3,0.301904,6.913484,exponential_3,900,300,rosenbrock,9,0.727036,9.301651,8.661089,30.014158,364.043745
3,0.370927,0.521886,exponential_3,900,300,rosenbrock,9,1843.876221,5789.469238,6773.199219,3086.618408,349.357595
3,3.571927,1.899487,exponential_3,900,300,rosenbrock,9,0.134390,3.069804,3.341944,544.807800,287.038495
3,0.455730,1.091897,exponential_3,900,300,rosenbrock,9,179.798492,966.291260,1086.101074,835.303528,343.828610
3,0.370927,4.779626,exponential_3,900,300,rosenbrock,9,1.131633,14.938035,7.872388,74.225883,356.997845
3,0.370927,2.747511,exponential_3,900,300,rosenbrock,9,15.350636,94.386261,108.495941,246.890533,365.446620
3,0.370927,8.314736,exponential_3,900,300,rosenbrock,9,0.069078,3.557816,4.400079,210.189148,360.958365
3,0.455730,0.360805,exponential_3,900,300,rosenbrock,9,1209.992920,4887.675781,4650.077637,5596.423828,357.022530
3,0.559922,0.754882,exponential_3,900,300,rosenbrock,9,313.755463,1229.861816,1266.518433,823.340698,347.087465
3,0.455730,0.627664,exponential_3,900,300,rosenbrock,9,617.882080,2862.317139,3765.663086,1929.390991,354.228075
3,0.455730,3.304387,exponential_3,900,300,rosenbrock,9,4.970390,18.669905,11.764953,169.747803,348.202305
3,0.370927,1.579374,exponential_3,900,300,rosenbrock,9,22.906860,464.869263,585.736267,739.621338,368.365595
3,0.455730,10.000000,exponential_3,900,300,rosenbrock,9,0.022966,1.586772,2.019184,2.013926,351.623680
3,0.455730,1.899487,exponential_3,900,300,rosenbrock,9,14.427558,128.232239,152.340149,243.405533,357.105095
3,0.559922,0.433935,exponential_3,900,300,rosenbrock,9,658.368286,3337.222168,3963.609619,3325.161621,342.612440
3,0.687934,0.300000,exponential_3,900,300,rosenbrock,9,1079.991333,4076.025146,4711.291992,2728.869629,341.599610
3,0.559922,6.913484,exponential_3,900,300,rosenbrock,9,0.198247,3.021757,4.032947,210.191437,357.154005
3,0.559922,1.313208,exponential_3,900,300,rosenbrock,9,75.599495,212.634628,190.714691,250.525772,354.193620
3,0.559922,2.284483,exponential_3,900,300,rosenbrock,9,4.359103,13.160408,10.370323,35.346336,349.927785
3,0.687934,2.747511,exponential_3,900,300,rosenbrock,9,2.790278,6.942333,7.301544,21.013029,350.737185
3,0.559922,3.974133,exponential_3,900,300,rosenbrock,9,0.068658,3.749589,5.610316,39.153408,360.226530
3,0.687934,0.521886,exponential_3,900,300,rosenbrock,9,252.559174,1731.986572,2018.427002,2532.187500,359.347015
3,0.845213,10.000000,exponential_3,900,300,rosenbrock,9,0.100627,3.213867,4.534988,749.878845,350.189390
3,0.845213,0.360805,exponential_3,900,300,rosenbrock,9,760.883911,3073.390869,4045.868896,1849.969971,356.695585
3,0.845213,1.091897,exponential_3,900,300,rosenbrock,9,22.810665,105.203217,87.617508,134.810989,347.139300
3,0.687934,1.579374,exponential_3,900,300,rosenbrock,9,6.553095,55.725262,71.445023,157.745789,357.183610
3,0.845213,0.627664,exponential_3,900,300,rosenbrock,9,299.898376,747.148987,872.160522,622.217468,353.902995
3,4.388561,1.313208,exponential_3,900,300,rosenbrock,9,0.716495,2.601417,3.049804,1.398707,287.887650
3,0.687934,4.779626,exponential_3,900,300,rosenbrock,9,0.000605,3.363686,4.097936,1.853745,353.614360
3,3.571927,5.748380,exponential_3,900,300,rosenbrock,9,1.067784,4.003429,5.094184,892.215942,353.736640
3,0.687934,8.314736,exponential_3,900,300,rosenbrock,9,0.264049,2.981273,3.522438,1.620122,383.904040
3,0.845213,3.304387,exponential_3,900,300,rosenbrock,9,0.000166,3.188540,4.226890,2.834836,354.052075
3,3.571927,2.747511,exponential_3,900,300,rosenbrock,9,0.422998,65.299728,4.282095,998.227173,363.547560
3,4.388561,1.899487,exponential_3,900,300,rosenbrock,9,0.070634,2.799172,3.299797,575.427307,289.028915
3,4.388561,0.300000,exponential_3,900,300,rosenbrock,9,1.513007,64.090683,75.853989,150.709808,353.040880
3,3.571927,3.974133,exponential_3,900,300,rosenbrock,9,1.104523,3.152726,3.207891,544.706055,364.921945
3,3.571927,8.314736,exponential_3,900,300,rosenbrock,9,0.107233,3.273074,3.604533,892.359436,370.093120
3,4.388561,0.627664,exponential_3,900,300,rosenbrock,9,0.063665,3.561563,4.639338,215.451065,363.082775
3,4.388561,0.907884,exponential_3,900,300,rosenbrock,9,0.002420,2.139663,3.470861,2.735865,358.560855
3,4.388561,0.433935,exponential_3,900,300,rosenbrock,9,2.070167,15.733680,7.523361,70.475388,371.729610
3,4.388561,2.747511,exponential_3,900,300,rosenbrock,9,0.017889,2.777354,3.369297,749.838989,289.329870
3,1.925946,4.779626,exponential_3,900,300,rosenbrock,9,0.071502,2.661932,3.456117,544.677673,289.574350
3,4.388561,3.974133,exponential_3,900,300,rosenbrock,9,0.004823,3.428733,4.002558,1.521263,287.257565
3,2.366266,0.360805,exponential_3,900,300,rosenbrock,9,60.412209,143.269424,153.159668,239.559677,289.007425
3,1.925946,6.913484,exponential_3,900,300,rosenbrock,9,0.000215,2.878319,3.385073,892.552795,294.512370
3,2.366266,0.521886,exponential_3,900,300,rosenbrock,9,5.929132,42.032478,32.289574,174.331421,296.569610
3,2.366266,0.754882,exponential_3,900,300,rosenbrock,9,0.714557,5.709699,6.836605,39.575153,295.300490
3,2.366266,1.091897,exponential_3,900,300,rosenbrock,9,0.151420,4.355754,5.182400,215.704163,291.313130
3,1.925946,10.000000,exponential_3,900,300,rosenbrock,9,2.129850,3.760372,3.778264,764.053955,308.055880
3,2.366266,1.579374,exponential_3,900,300,rosenbrock,9,0.767262,2.993856,3.715250,1.906137,293.253660
3,2.366266,3.304387,exponential_3,900,300,rosenbrock,9,0.027376,2.859282,3.306918,749.772705,288.997980
3,2.366266,2.284483,exponential_3,900,300,rosenbrock,9,0.030043,2.829377,3.195511,2.142667,296.516795
3,2.907255,1.091897,exponential_3,900,300,rosenbrock,9,0.268900,3.567209,4.350795,34.604759,280.245255
3,2.366266,6.913484,exponential_3,900,300,rosenbrock,9,0.056127,2.985729,3.772259,544.637207,294.963775
3,2.366266,4.779626,exponential_3,900,300,rosenbrock,9,0.021549,2.844263,3.434799,1.870874,295.304495
3,2.907255,0.521886,exponential_3,900,300,rosenbrock,9,1.887890,31.099842,26.933544,39.969238,286.460785
3,2.366266,10.000000,exponential_3,900,300,rosenbrock,9,0.059859,2.775274,3.735081,544.770203,297.155255
3,2.907255,0.360805,exponential_3,900,300,rosenbrock,9,8.935812,97.407677,130.192841,205.387558,301.965970
3,2.907255,1.579374,exponential_3,900,300,rosenbrock,9,0.051697,2.446314,3.206184,210.392776,296.687720
3,2.907255,0.754882,exponential_3,900,300,rosenbrock,9,1.893451,5.572091,5.596549,24.262178,288.817710
3,3.571927,0.360805,exponential_3,900,300,rosenbrock,9,1.797753,30.647339,16.183477,219.387711,289.562195
3,2.907255,3.304387,exponential_3,900,300,rosenbrock,9,0.165197,3.164544,3.340111,892.451965,289.142205
3,3.571927,0.754882,exponential_3,900,300,rosenbrock,9,0.005595,3.670283,5.072645,15.029965,284.797755
3,3.571927,0.521886,exponential_3,900,300,rosenbrock,9,0.002071,6.434981,7.079810,49.897224,294.613420
3,3.571927,1.091897,exponential_3,900,300,rosenbrock,9,0.059088,2.789646,3.762345,65.666412,291.743395
3,4.388561,5.748380,exponential_3,900,300,rosenbrock,9,0.370384,3.169409,3.263878,749.708008,358.893815
3,2.907255,4.779626,exponential_3,900,300,rosenbrock,9,0.001119,3.177509,3.358452,749.848083,297.025055
3,2.907255,10.000000,exponential_3,900,300,rosenbrock,9,0.000455,2.829334,3.397480,749.893921,299.290890
3,2.907255,2.284483,exponential_3,900,300,rosenbrock,9,0.198363,1.866687,2.696082,544.872986,302.723060
3,2.907255,6.913484,exponential_3,900,300,rosenbrock,9,0.027765,2.731846,3.430012,749.816406,308.728360
3,5.391897,0.300000,exponential_3,900,300,rosenbrock,9,1.589596,20.959908,8.242106,50.333416,353.282975
3,3.571927,1.579374,exponential_3,900,300,rosenbrock,9,0.179800,2.542813,3.402905,1.771553,295.565200
3,4.388561,8.314736,exponential_3,900,300,rosenbrock,9,0.759799,2.991026,3.609886,544.770996,366.849635
3,5.391897,0.433935,exponential_3,900,300,rosenbrock,9,0.188850,4.466146,5.271092,17.625883,354.001995
3,3.571927,2.284483,exponential_3,900,300,rosenbrock,9,0.764973,2.684508,3.404481,1.400532,292.712430
3,5.391897,0.627664,exponential_3,900,300,rosenbrock,9,0.310140,2.734394,3.669879,215.997269,356.884805
3,5.391897,0.907884,exponential_3,900,300,rosenbrock,9,0.011422,2.085804,3.186642,1.801363,355.702475
3,5.391897,1.313208,exponential_3,900,300,rosenbrock,9,0.131002,3.008795,3.856470,749.741394,352.792205
3,5.391897,2.747511,exponential_3,900,300,rosenbrock,9,0.869607,3.272325,3.996194,544.668884,348.566310
3,5.391897,1.899487,exponential_3,900,300,rosenbrock,9,0.211950,3.303800,3.664222,764.273865,361.789725
3,5.391897,5.748380,exponential_3,900,300,rosenbrock,9,0.315697,3.265414,3.597479,544.654480,356.513650
3,5.391897,3.974133,exponential_3,900,300,rosenbrock,9,0.217491,159.410751,3.599591,1082.458618,366.696495
3,6.624620,0.300000,exponential_3,900,300,rosenbrock,9,0.015451,4.984079,6.368675,36.326485,343.338120
3,6.624620,0.433935,exponential_3,900,300,rosenbrock,9,0.003255,4.092159,4.906381,34.513233,348.997620
3,5.391897,8.314736,exponential_3,900,300,rosenbrock,9,0.166165,2.308453,3.378989,1.986914,362.883780
3,6.624620,0.627664,exponential_3,900,300,rosenbrock,9,0.186386,2.178461,3.233274,1.719119,352.850795
3,6.624620,1.313208,exponential_3,900,300,rosenbrock,9,0.000155,2.259241,3.133319,1000.337952,343.596660
3,6.624620,0.907884,exponential_3,900,300,rosenbrock,9,0.020640,2.273158,3.100792,544.989075,363.855600
3,6.624620,2.747511,exponential_3,900,300,rosenbrock,9,1.578757,3.752096,3.727112,892.291382,353.025765
3,6.624620,1.899487,exponential_3,900,300,rosenbrock,9,1.404469,3.103675,3.349236,544.739929,356.199285
3,6.624620,3.974133,exponential_3,900,300,rosenbrock,9,0.020242,3.456125,4.524182,892.541565,360.117430
3,4.388561,1.579374,exponential_3,900,300,rosenbrock,9,2.531231,3.397354,3.374318,544.553894,287.276935
3,6.624620,5.748380,exponential_3,900,300,rosenbrock,9,0.103240,3.815498,4.303343,999.531982,368.816435
3,8.139176,0.433935,exponential_3,900,300,rosenbrock,9,0.001876,2.778225,3.899125,217.312515,349.358730
3,6.624620,8.314736,exponential_3,900,300,rosenbrock,9,0.002890,160.161453,4.569901,1082.342529,364.776820
3,8.139176,0.627664,exponential_3,900,300,rosenbrock,9,0.168575,2.858196,3.195060,2.055521,351.312730
3,8.139176,0.300000,exponential_3,900,300,rosenbrock,9,1.542220,9.933424,5.811857,39.967457,362.545240
3,4.388561,2.284483,exponential_3,900,300,rosenbrock,9,0.034664,2.421279,3.054399,544.957092,291.191870
3,8.139176,0.907884,exponential_3,900,300,rosenbrock,9,0.000000,2.809414,3.230803,544.781372,358.515270
3,8.139176,2.747511,exponential_3,900,300,rosenbrock,9,0.378319,3.763588,4.761199,749.565491,353.831910
3,8.139176,1.899487,exponential_3,900,300,rosenbrock,9,0.241189,2.617080,3.200675,544.762146,359.130450
3,8.139176,1.313208,exponential_3,900,300,rosenbrock,9,0.094871,64.259163,4.739656,899.434631,365.344605
3,4.388561,3.304387,exponential_3,900,300,rosenbrock,9,0.668033,3.483714,4.068985,544.599670,290.683825
3,8.139176,3.974133,exponential_3,900,300,rosenbrock,9,2.570507,3.954180,4.156929,545.042419,351.933205
3,10.000000,0.300000,exponential_3,900,300,rosenbrock,9,0.017081,3.000865,4.267779,1.942385,343.156165
3,8.139176,5.748380,exponential_3,900,300,rosenbrock,9,3.024659,4.232252,4.804397,544.624817,353.209050
3,10.000000,0.627664,exponential_3,900,300,rosenbrock,9,0.000801,2.614062,3.196202,761.433289,340.067925
3,10.000000,0.907884,exponential_3,900,300,rosenbrock,9,1.085752,2.817451,3.256868,1.208068,340.230715
3,4.388561,4.779626,exponential_3,900,300,rosenbrock,9,0.629314,3.283912,3.680678,892.392822,284.633880
3,10.000000,5.748380,exponential_3,900,300,rosenbrock,9,0.514557,159.787582,4.589569,1082.533081,287.238005
3,8.139176,8.314736,exponential_3,900,300,rosenbrock,9,4.544801,153.593674,5.421246,1071.366455,355.413680
3,0.200000,0.433935,exponential_5,900,300,rosenbrock,9,6071.701172,11883.242188,14111.123047,7027.557129,267.462845
3,10.000000,0.433935,exponential_3,900,300,rosenbrock,9,0.324454,2.652250,3.533554,1.466153,360.744940
3,10.000000,8.314736,exponential_3,900,300,rosenbrock,9,0.319450,4.887639,5.530637,216.131958,282.341605
3,10.000000,1.313208,exponential_3,900,300,rosenbrock,9,1.597204,3.445803,3.323203,749.714600,353.808900
3,0.200000,0.627664,exponential_5,900,300,rosenbrock,9,3102.479980,6584.924316,6667.707520,4658.890625,274.615250
3,10.000000,3.974133,exponential_3,900,300,rosenbrock,9,0.428019,159.869919,4.871255,1082.165161,344.281565
3,10.000000,1.899487,exponential_3,900,300,rosenbrock,9,0.023833,3.213579,4.066396,749.863770,352.786680
3,0.200000,0.300000,exponential_5,900,300,rosenbrock,9,2215.386719,12447.195312,14394.662109,8859.589844,281.947440
3,3.571927,6.913484,exponential_3,900,300,rosenbrock,9,0.017995,3.662171,4.280018,749.547302,355.460855
3,0.200000,1.313208,exponential_5,900,300,rosenbrock,9,305.125946,2872.622559,2783.078613,3215.522705,275.398315
3,0.200000,0.907884,exponential_5,900,300,rosenbrock,9,1977.691895,6713.590332,7393.009277,5737.083496,285.149620
3,3.571927,3.304387,exponential_3,900,300,rosenbrock,9,0.006260,3.432495,4.751562,892.368103,355.818290
3,4.388561,0.360805,exponential_3,900,300,rosenbrock,9,0.707917,5.728560,7.160818,70.671898,354.070585
3,10.000000,2.747511,exponential_3,900,300,rosenbrock,9,2.906971,3.740763,3.674206,749.740479,365.556330
3,3.571927,4.779626,exponential_3,900,300,rosenbrock,9,2.357301,4.146963,5.033017,889.531006,356.132985
3,0.200000,2.747511,exponential_5,900,300,rosenbrock,9,71.636772,621.027100,717.697632,601.196716,276.712020
3,0.200000,1.899487,exponential_5,900,300,rosenbrock,9,289.709930,1532.783691,1953.351685,1247.668335,288.169935
3,4.388561,0.521886,exponential_3,900,300,rosenbrock,9,0.087375,4.649308,5.523381,65.394386,349.674865
3,4.388561,1.091897,exponential_3,900,300,rosenbrock,9,0.102824,1.741878,2.454460,216.180145,356.683895
3,0.200000,5.748380,exponential_5,900,300,rosenbrock,9,0.160257,97.352783,95.960167,203.118927,281.483860
3,4.388561,0.754882,exponential_3,900,300,rosenbrock,9,0.001279,3.639679,4.329104,65.430679,363.424850
3,0.200000,3.974133,exponential_5,900,300,rosenbrock,9,82.415016,215.987564,211.009354,257.654358,285.338180
3,3.571927,10.000000,exponential_3,900,300,rosenbrock,9,0.001181,3.739178,4.764583,749.656250,368.688495
3,0.245725,0.433935,exponential_5,900,300,rosenbrock,9,3598.329834,7756.731934,9061.310547,6679.326660,278.861180
3,0.245725,0.300000,exponential_5,900,300,rosenbrock,9,660.054688,8834.673828,10637.949219,5866.599121,280.717935
3,0.200000,8.314736,exponential_5,900,300,rosenbrock,9,0.532349,6.103026,6.214278,54.123444,289.546040
3,0.245725,0.627664,exponential_5,900,300,rosenbrock,9,1121.963135,5748.174316,8046.130371,4939.740234,279.645615
3,0.245725,1.313208,exponential_5,900,300,rosenbrock,9,471.979187,2390.458008,2897.693359,2152.376221,277.025590
3,0.245725,1.899487,exponential_5,900,300,rosenbrock,9,272.277496,811.562500,885.528809,652.659363,279.948540
3,0.245725,0.907884,exponential_5,900,300,rosenbrock,9,324.985535,3348.904297,3824.626465,2883.563965,282.976260
3,0.245725,2.747511,exponential_5,900,300,rosenbrock,9,35.770424,211.846039,199.543945,348.923187,275.912250
3,0.301904,0.300000,exponential_5,900,300,rosenbrock,9,4249.946289,10524.036133,12112.919922,5602.477051,267.443355
3,0.245725,3.974133,exponential_5,900,300,rosenbrock,9,10.514305,90.588806,108.996124,131.599319,281.944840
3,0.245725,5.748380,exponential_5,900,300,rosenbrock,9,0.342693,20.145155,17.355022,66.470345,280.512640
3,0.245725,8.314736,exponential_5,900,300,rosenbrock,9,0.369538,8.713512,7.202100,34.248192,282.259470
3,0.301904,0.433935,exponential_5,900,300,rosenbrock,9,1060.101196,6596.991211,7783.656738,5015.475098,277.625045
3,0.301904,0.627664,exponential_5,900,300,rosenbrock,9,963.597168,5635.206543,6907.391113,6276.866211,274.951685
3,0.301904,0.907884,exponential_5,900,300,rosenbrock,9,868.878418,2576.844482,2973.999756,2302.563232,273.488545
3,0.301904,1.313208,exponential_5,900,300,rosenbrock,9,326.584747,1673.881104,1922.195312,1692.584961,281.149015
3,0.301904,1.899487,exponential_5,900,300,rosenbrock,9,85.952805,446.510162,401.873291,1584.948608,270.046670
3,0.301904,2.747511,exponential_5,900,300,rosenbrock,9,21.952200,197.423706,210.767059,347.092957,267.095970
3,4.388561,6.913484,exponential_3,900,300,rosenbrock,9,0.212601,3.033319,3.198075,544.679443,361.146390
3,5.391897,0.360805,exponential_3,900,300,rosenbrock,9,0.271293,10.499210,5.955398,72.997185,350.336905
3,5.391897,0.521886,exponential_3,900,300,rosenbrock,9,0.007949,3.178557,4.389519,17.077187,348.871305
3,4.388561,10.000000,exponential_3,900,300,rosenbrock,9,0.120741,4.015737,4.740143,749.591675,366.425240
3,5.391897,0.754882,exponential_3,900,300,rosenbrock,9,0.095946,2.643261,3.490036,1.383456,356.164645
3,5.391897,1.091897,exponential_3,900,300,rosenbrock,9,0.004839,2.673907,3.198077,544.888672,359.908825
3,5.391897,1.579374,exponential_3,900,300,rosenbrock,9,1.246592,3.263383,3.343872,749.791931,359.270340
3,5.391897,3.304387,exponential_3,900,300,rosenbrock,9,0.563489,2.754152,3.056757,749.823303,362.078895
3,0.301904,3.974133,exponential_5,900,300,rosenbrock,9,3.967221,62.687099,65.815643,161.782333,290.774275
3,5.391897,2.284483,exponential_3,900,300,rosenbrock,9,2.193135,3.521053,3.586846,892.528687,355.269020
3,0.301904,5.748380,exponential_5,900,300,rosenbrock,9,2.222801,26.439552,16.613245,57.142826,274.158695
3,6.624620,0.360805,exponential_3,900,300,rosenbrock,9,0.010367,4.037861,5.578511,68.775719,350.848355
3,5.391897,4.779626,exponential_3,900,300,rosenbrock,9,0.045296,2.694009,3.163752,1.503431,354.409980
3,0.301904,8.314736,exponential_5,900,300,rosenbrock,9,0.009764,4.632981,6.306408,38.372311,273.375050
3,6.624620,0.521886,exponential_3,900,300,rosenbrock,9,0.433101,3.389565,4.170276,215.973282,356.563780
3,5.391897,6.913484,exponential_3,900,300,rosenbrock,9,0.694826,3.183204,3.380228,749.714905,375.483980
3,5.391897,10.000000,exponential_3,900,300,rosenbrock,9,0.038554,160.351608,5.388092,1082.156494,358.365225
3,0.370927,0.300000,exponential_5,900,300,rosenbrock,9,967.266113,8055.557129,10101.035156,6801.028809,277.777995
3,0.200000,0.521886,exponential_5,900,300,rosenbrock,9,2322.203613,7639.557617,9761.985352,4276.159668,273.626870
3,6.624620,0.754882,exponential_3,900,300,rosenbrock,9,0.325896,2.423167,3.479251,545.020630,361.732095
3,6.624620,3.304387,exponential_3,900,300,rosenbrock,9,0.175274,3.148379,3.350913,544.591248,347.567150
3,10.000000,6.913484,exponential_3,900,300,rosenbrock,9,0.011924,4.839347,5.421315,999.753296,279.854930
3,6.624620,1.579374,exponential_3,900,300,rosenbrock,9,0.021418,2.664883,3.437163,892.613464,363.173805
3,0.200000,0.754882,exponential_5,900,300,rosenbrock,9,526.199829,6152.335938,7526.421875,4724.282715,267.437995
3,0.200000,0.360805,exponential_5,900,300,rosenbrock,9,1732.665527,12092.277344,13705.798828,7400.838379,271.959035
3,0.200000,1.091897,exponential_5,900,300,rosenbrock,9,884.066040,4737.123047,5516.644043,3334.442383,271.545370
3,0.200000,1.579374,exponential_5,900,300,rosenbrock,9,371.281067,2519.129395,2908.857422,1768.640259,271.687460
3,10.000000,10.000000,exponential_3,900,300,rosenbrock,9,7.124157,517.083008,86.488449,1168.265991,285.877710
3,6.624620,2.284483,exponential_3,900,300,rosenbrock,9,0.008533,3.366328,4.233878,999.750366,366.087385
3,6.624620,1.091897,exponential_3,900,300,rosenbrock,9,0.001884,4.028730,5.051268,999.447571,373.054685
3,6.624620,4.779626,exponential_3,900,300,rosenbrock,9,1.430622,3.432481,3.575665,749.611328,360.750570
3,8.139176,0.521886,exponential_3,900,300,rosenbrock,9,0.112436,2.991855,4.080016,1.872459,349.777225
3,8.139176,0.360805,exponential_3,900,300,rosenbrock,9,0.265778,3.765126,4.636181,1.842831,345.549485
3,6.624620,10.000000,exponential_3,900,300,rosenbrock,9,0.100025,3.280503,4.875695,898.483154,355.372495
3,0.200000,3.304387,exponential_5,900,300,rosenbrock,9,38.485962,234.230499,215.201004,492.146729,275.629020
3,0.200000,6.913484,exponential_5,900,300,rosenbrock,9,3.705274,26.088888,12.522079,147.612625,266.335205
3,0.200000,2.284483,exponential_5,900,300,rosenbrock,9,318.135559,1089.430420,1355.512695,971.892761,278.208700
3,8.139176,0.754882,exponential_3,900,300,rosenbrock,9,0.062690,2.863944,3.333432,545.309143,361.566305
3,0.245725,0.360805,exponential_5,900,300,rosenbrock,9,3308.749023,12553.424805,15221.472656,5931.965820,267.574935
3,8.139176,1.091897,exponential_3,900,300,rosenbrock,9,0.008152,2.943174,3.472674,749.843445,354.491220
3,0.200000,10.000000,exponential_5,900,300,rosenbrock,9,4.021146,7.398708,7.023528,44.020950,270.486910
3,0.245725,0.521886,exponential_5,900,300,rosenbrock,9,2341.781982,8023.905273,9329.727539,6269.139648,273.429295
3,0.245725,1.579374,exponential_5,900,300,rosenbrock,9,445.587006,1306.690552,1523.219116,924.666138,263.146515
3,0.245725,0.754882,exponential_5,900,300,rosenbrock,9,1348.763916,4075.166992,4653.762695,2111.493408,266.123940
3,0.200000,4.779626,exponential_5,900,300,rosenbrock,9,19.215092,103.096878,110.373360,83.754807,279.802995
3,6.624620,6.913484,exponential_3,900,300,rosenbrock,9,0.126431,3.433785,4.742136,749.821960,378.986940
3,8.139176,3.304387,exponential_3,900,300,rosenbrock,9,0.956342,3.261154,3.476964,892.383301,355.200270
3,10.000000,1.091897,exponential_3,900,300,rosenbrock,9,0.107789,3.427666,3.678775,749.782898,340.628275
3,8.139176,4.779626,exponential_3,900,300,rosenbrock,9,0.484130,3.556386,4.335726,892.485168,351.397230
3,0.245725,3.304387,exponential_5,900,300,rosenbrock,9,15.782385,144.646057,146.981293,346.767609,267.205860
3,8.139176,1.579374,exponential_3,900,300,rosenbrock,9,0.000096,2.413487,3.116650,1.716372,361.988290
3,0.245725,1.091897,exponential_5,900,300,rosenbrock,9,1017.713379,3436.116211,4245.708984,3274.768066,271.690615
3,8.139176,2.284483,exponential_3,900,300,rosenbrock,9,0.155768,3.567181,4.308980,749.701050,365.196800
3,0.245725,2.284483,exponential_5,900,300,rosenbrock,9,132.076584,521.537048,557.311951,912.564514,275.320635
3,10.000000,0.754882,exponential_3,900,300,rosenbrock,9,0.066590,2.975998,3.265068,749.776367,351.868745
3,8.139176,10.000000,exponential_3,900,300,rosenbrock,9,0.929112,5.462145,5.582513,1000.128845,347.821165
3,0.301904,0.360805,exponential_5,900,300,rosenbrock,9,1621.763062,11252.326172,12328.824219,5182.343750,276.086950
3,10.000000,0.360805,exponential_3,900,300,rosenbrock,9,0.150565,3.286393,4.113544,1.441209,362.785020
3,8.139176,6.913484,exponential_3,900,300,rosenbrock,9,0.291779,3.950993,4.642383,544.768494,362.258185
3,0.245725,4.779626,exponential_5,900,300,rosenbrock,9,9.099838,85.341156,104.909477,176.894852,274.561930
3,0.245725,6.913484,exponential_5,900,300,rosenbrock,9,0.918626,14.291433,7.926033,40.011478,272.562045
3,0.370927,0.433935,exponential_5,900,300,rosenbrock,9,2250.517090,6155.841797,7470.841309,5452.345703,339.576985
3,0.301904,0.521886,exponential_5,900,300,rosenbrock,9,1470.998413,6713.765137,8398.298828,4582.183594,274.134045
3,0.301904,1.091897,exponential_5,900,300,rosenbrock,9,598.100220,1975.581787,2160.980713,1562.990112,267.308300
3,0.301904,0.754882,exponential_5,900,300,rosenbrock,9,1104.350586,4225.145508,4733.693359,2828.489990,273.812845
3,10.000000,1.579374,exponential_3,900,300,rosenbrock,9,0.185388,2.401265,3.172791,1000.118713,351.268690
3,0.245725,10.000000,exponential_5,900,300,rosenbrock,9,0.398219,5.054717,5.882210,35.063221,278.037840
3,0.301904,2.284483,exponential_5,900,300,rosenbrock,9,58.367096,328.893158,313.131714,464.344299,259.298035
3,10.000000,2.284483,exponential_3,900,300,rosenbrock,9,0.353636,3.491062,4.261797,749.779724,351.546790
3,10.000000,0.521886,exponential_3,900,300,rosenbrock,9,0.002136,2.410631,3.177646,1.174137,361.855380
3,10.000000,4.779626,exponential_3,900,300,rosenbrock,9,0.020959,3.357729,3.977313,999.776855,355.969810
3,0.370927,0.627664,exponential_5,900,300,rosenbrock,9,702.557251,4096.485352,5061.786133,3332.921143,348.081675
3,10.000000,3.304387,exponential_3,900,300,rosenbrock,9,2.407183,3.960831,4.305227,892.179993,345.758050
3,0.370927,0.907884,exponential_5,900,300,rosenbrock,9,139.234238,2241.916992,2404.598145,3198.190674,352.588155
3,0.370927,1.899487,exponential_5,900,300,rosenbrock,9,4.257140,261.715820,307.312378,496.000763,344.705130
3,0.370927,1.313208,exponential_5,900,300,rosenbrock,9,290.939514,1331.149902,1530.634277,1466.880737,354.975895
3,0.301904,1.579374,exponential_5,900,300,rosenbrock,9,75.351593,661.671143,746.657837,880.616516,282.383475
3,0.370927,5.748380,exponential_5,900,300,rosenbrock,9,1.928815,5.733381,6.592365,28.244024,340.806665
3,0.370927,3.974133,exponential_5,900,300,rosenbrock,9,0.840123,12.465854,10.700478,27.372374,348.741945
3,0.301904,3.304387,exponential_5,900,300,rosenbrock,9,7.960611,106.599174,83.686340,233.549469,280.297855
3,0.370927,2.747511,exponential_5,900,300,rosenbrock,9,12.772053,104.876762,123.311897,198.641953,354.742980
3,0.301904,4.779626,exponential_5,900,300,rosenbrock,9,5.883276,24.593920,17.653019,42.302586,265.675015
3,0.370927,8.314736,exponential_5,900,300,rosenbrock,9,0.037310,3.316970,4.677196,9.989592,345.247350
3,0.301904,6.913484,exponential_5,900,300,rosenbrock,9,3.206367,28.398258,9.244902,86.164597,276.916635
3,0.455730,0.300000,exponential_5,900,300,rosenbrock,9,3032.537109,8222.958008,8372.700195,4715.455566,349.449210
3,0.455730,0.433935,exponential_5,900,300,rosenbrock,9,1267.389038,4493.928711,5125.810547,3007.416016,347.235575
3,0.301904,10.000000,exponential_5,900,300,rosenbrock,9,0.188263,4.385098,5.323027,2.218103,280.340600
3,0.370927,0.360805,exponential_5,900,300,rosenbrock,9,2135.682617,7386.282227,8085.597656,5696.349609,269.106280
3,0.455730,0.627664,exponential_5,900,300,rosenbrock,9,247.042725,2197.017578,2476.021973,1984.364380,345.199225
3,0.455730,0.907884,exponential_5,900,300,rosenbrock,9,134.954559,936.089905,953.087769,1518.570312,349.587765
3,0.559922,0.907884,exponential_5,900,300,rosenbrock,9,33.699402,798.504456,1012.474426,697.854614,287.135820
3,0.559922,2.747511,exponential_5,900,300,rosenbrock,9,2.758532,18.211432,8.982866,124.173393,282.107350
3,0.559922,5.748380,exponential_5,900,300,rosenbrock,9,0.298913,4.515820,5.234558,1.867191,280.601010
3,0.559922,8.314736,exponential_5,900,300,rosenbrock,9,0.383735,3.583875,4.394737,297.412567,274.852560
3,0.687934,0.627664,exponential_5,900,300,rosenbrock,9,248.647339,1162.559448,1276.231934,1442.245728,277.238095
3,0.455730,1.899487,exponential_5,900,300,rosenbrock,9,30.987953,186.536880,196.455978,244.005386,348.436410
3,0.687934,0.300000,exponential_5,900,300,rosenbrock,9,398.827301,4841.093750,5404.847656,4321.458984,284.345015
3,0.845213,0.300000,exponential_5,900,300,rosenbrock,9,329.788940,3718.422852,5064.592773,2869.803711,267.541335
3,0.687934,0.433935,exponential_5,900,300,rosenbrock,9,210.975266,1610.291992,1939.556763,1703.257690,285.556900
3,0.455730,1.313208,exponential_5,900,300,rosenbrock,9,52.700954,426.356537,538.082397,660.753357,356.257640
3,0.845213,0.433935,exponential_5,900,300,rosenbrock,9,225.083099,1323.807129,1304.923340,1870.840942,269.462045
3,0.455730,3.974133,exponential_5,900,300,rosenbrock,9,0.029106,9.792095,8.375029,46.132408,347.202440
3,0.687934,8.314736,exponential_5,900,300,rosenbrock,9,0.000100,2.942818,3.936417,575.661377,279.590140
3,0.845213,2.747511,exponential_5,900,300,rosenbrock,9,1.654784,5.846933,6.445179,68.543472,269.344975
3,0.845213,3.974133,exponential_5,900,300,rosenbrock,9,0.008211,3.603842,4.989408,2.280951,268.457090
3,0.455730,8.314736,exponential_5,900,300,rosenbrock,9,0.301087,4.101924,5.083147,575.050537,343.499420
3,0.845213,5.748380,exponential_5,900,300,rosenbrock,9,0.124401,3.199486,4.426486,215.965729,269.932050
3,0.455730,2.747511,exponential_5,900,300,rosenbrock,9,5.139780,68.020195,71.710541,91.694473,362.124290
3,0.845213,0.907884,exponential_5,900,300,rosenbrock,9,58.875286,265.654297,272.126526,275.377716,278.613360
3,0.455730,5.748380,exponential_5,900,300,rosenbrock,9,0.079117,4.827271,5.396054,68.249481,355.123665
3,0.845213,1.899487,exponential_5,900,300,rosenbrock,9,0.992573,14.298026,15.791250,30.638632,282.532450
3,1.038450,2.747511,exponential_5,900,300,rosenbrock,9,0.193986,4.825629,5.458513,14.300702,264.534645
3,0.845213,8.314736,exponential_5,900,300,rosenbrock,9,0.437996,3.413263,3.995425,1000.055298,281.884415
3,0.559922,0.433935,exponential_5,900,300,rosenbrock,9,466.762665,3038.886230,3703.683594,3114.004639,344.025740
3,1.038450,1.313208,exponential_5,900,300,rosenbrock,9,4.331024,23.189816,13.621769,36.658375,273.305320
3,1.275867,0.433935,exponential_5,900,300,rosenbrock,9,141.032990,875.022888,932.064209,936.502747,265.921635
3,0.559922,0.300000,exponential_5,900,300,rosenbrock,9,462.568359,6807.975098,8859.326172,4183.522949,357.249990
3,0.559922,1.313208,exponential_5,900,300,rosenbrock,9,68.888603,245.335052,281.604950,257.416199,346.603225
3,1.038450,5.748380,exponential_5,900,300,rosenbrock,9,0.154226,3.175540,3.855598,544.601501,278.301650
3,0.559922,0.627664,exponential_5,900,300,rosenbrock,9,98.987244,2308.946777,2498.841797,3049.282715,354.270340
3,0.559922,3.974133,exponential_5,900,300,rosenbrock,9,0.003679,5.737747,6.832540,40.787773,348.075360
3,1.275867,5.748380,exponential_5,900,300,rosenbrock,9,0.303474,3.469300,4.431365,544.874512,270.238955
3,1.275867,1.313208,exponential_5,900,300,rosenbrock,9,4.491024,29.528662,16.432980,49.421391,278.134145
3,0.687934,2.747511,exponential_5,900,300,rosenbrock,9,0.080555,9.006504,5.992498,43.837940,330.212675
3,0.559922,1.899487,exponential_5,900,300,rosenbrock,9,19.088032,110.100708,136.248260,155.934845,357.894930
3,1.275867,1.899487,exponential_5,900,300,rosenbrock,9,0.120291,4.298134,5.916631,32.125927,281.649285
3,1.567562,0.300000,exponential_5,900,300,rosenbrock,9,298.867188,1232.339355,1246.295044,944.366760,278.770535
3,1.275867,3.974133,exponential_5,900,300,rosenbrock,9,0.049560,2.647579,4.236244,210.538681,284.672615
3,1.275867,2.747511,exponential_5,900,300,rosenbrock,9,0.404553,3.776967,4.679231,216.499527,293.859945
3,0.687934,0.907884,exponential_5,900,300,rosenbrock,9,90.786438,474.728027,548.369873,593.288940,356.556370
3,0.687934,1.313208,exponential_5,900,300,rosenbrock,9,18.653463,93.716721,111.086792,163.235687,355.345855
3,0.687934,1.899487,exponential_5,900,300,rosenbrock,9,1.743500,53.077106,86.759705,101.997879,354.855400
3,1.567562,0.433935,exponential_5,900,300,rosenbrock,9,28.423937,350.654541,398.602264,730.904907,293.583170
3,0.687934,3.974133,exponential_5,900,300,rosenbrock,9,0.244572,4.155000,5.237574,20.178102,354.123800
3,0.845213,0.627664,exponential_5,900,300,rosenbrock,9,156.232269,643.147827,776.251770,875.738281,344.695555
3,0.687934,5.748380,exponential_5,900,300,rosenbrock,9,0.000100,3.904861,4.409021,215.976501,352.814240
3,1.567562,2.747511,exponential_5,900,300,rosenbrock,9,0.654410,3.509683,4.411045,1.565938,276.879400
3,0.845213,1.313208,exponential_5,900,300,rosenbrock,9,1.327326,61.396248,84.379700,180.800278,345.960120
3,1.567562,3.974133,exponential_5,900,300,rosenbrock,9,0.000000,3.738659,4.408575,749.967224,272.364290
3,1.038450,0.300000,exponential_5,900,300,rosenbrock,9,375.406311,1827.735107,2155.020264,2347.583984,342.961495
3,1.038450,0.433935,exponential_5,900,300,rosenbrock,9,271.705872,1124.488281,1254.526123,1567.969360,349.928010
3,1.038450,0.627664,exponential_5,900,300,rosenbrock,9,51.530437,607.997009,773.803711,604.938232,348.617865
3,1.038450,0.907884,exponential_5,900,300,rosenbrock,9,16.205011,106.787033,131.449341,195.937805,350.622480
3,1.038450,1.899487,exponential_5,900,300,rosenbrock,9,0.357129,7.327635,7.213395,220.367752,348.215880
3,1.275867,0.627664,exponential_5,900,300,rosenbrock,9,12.981724,205.201416,276.178284,250.828033,340.785555
3,1.275867,0.300000,exponential_5,900,300,rosenbrock,9,133.693329,1531.698730,1661.906738,2537.983643,350.319715
3,1.038450,8.314736,exponential_5,900,300,rosenbrock,9,0.117443,3.860645,5.420425,749.646179,355.390210
3,1.038450,3.974133,exponential_5,900,300,rosenbrock,9,0.495674,4.077402,4.655784,18.112629,360.263060
3,1.275867,0.907884,exponential_5,900,300,rosenbrock,9,3.003280,91.564323,115.666122,212.480240,350.893095
3,1.567562,0.627664,exponential_5,900,300,rosenbrock,9,10.293415,141.794388,174.202484,351.486359,343.177290
3,0.370927,0.754882,exponential_5,900,300,rosenbrock,9,265.988373,2443.086182,2676.261719,2860.393066,339.825990
3,0.370927,2.284483,exponential_5,900,300,rosenbrock,9,12.611139,171.022278,222.642105,268.013519,336.520850
3,0.370927,0.521886,exponential_5,900,300,rosenbrock,9,2027.202148,4457.296387,5577.843262,3521.251709,366.169860
3,1.567562,0.907884,exponential_5,900,300,rosenbrock,9,4.943318,25.358213,32.385708,49.081936,353.171525
3,1.567562,1.899487,exponential_5,900,300,rosenbrock,9,0.520951,4.977469,5.228174,215.213150,354.157540
3,1.275867,8.314736,exponential_5,900,300,rosenbrock,9,2.070418,4.699769,5.328046,897.673096,371.599995
3,0.370927,1.091897,exponential_5,900,300,rosenbrock,9,216.030090,1846.358887,2038.389404,2136.404297,358.035370
3,0.370927,1.579374,exponential_5,900,300,rosenbrock,9,78.172066,417.028870,460.155853,586.232788,353.836435
3,1.567562,1.313208,exponential_5,900,300,rosenbrock,9,0.329331,5.831925,6.477275,47.728954,372.185070
3,0.370927,4.779626,exponential_5,900,300,rosenbrock,9,0.639055,12.391720,9.339654,40.374226,352.418240
3,0.370927,3.304387,exponential_5,900,300,rosenbrock,9,10.113154,93.200157,125.187408,99.956802,349.139860
3,0.370927,6.913484,exponential_5,900,300,rosenbrock,9,0.341265,4.776227,5.739834,42.526623,374.698015
3,1.567562,5.748380,exponential_5,900,300,rosenbrock,9,0.055646,3.757060,4.538366,1000.194031,276.585680
3,1.567562,8.314736,exponential_5,900,300,rosenbrock,9,1.961986,5.306137,5.421162,774.800476,280.852560
3,1.925946,0.300000,exponential_5,900,300,rosenbrock,9,95.181793,635.463013,745.333496,899.354614,282.810635
3,1.925946,0.433935,exponential_5,900,300,rosenbrock,9,21.120607,161.412369,206.394592,409.895630,288.245015
3,0.559922,1.091897,exponential_5,900,300,rosenbrock,9,102.623932,414.237915,448.659149,450.930481,276.097240
3,0.559922,3.304387,exponential_5,900,300,rosenbrock,9,0.047571,9.130499,7.235793,30.910225,279.002745
3,0.559922,10.000000,exponential_5,900,300,rosenbrock,9,0.010385,3.695561,4.473880,575.457092,283.919570
3,0.687934,0.754882,exponential_5,900,300,rosenbrock,9,137.852463,817.845337,921.605713,973.197388,280.813105
3,0.559922,6.913484,exponential_5,900,300,rosenbrock,9,0.145159,3.668088,4.717900,1.907829,289.306905
3,0.845213,0.360805,exponential_5,900,300,rosenbrock,9,337.122070,1778.636597,2310.791504,2322.438477,283.107385
3,0.687934,0.360805,exponential_5,900,300,rosenbrock,9,746.305298,3341.943359,4058.634033,3335.263184,285.206680
3,0.687934,0.521886,exponential_5,900,300,rosenbrock,9,170.832977,1680.139648,1675.106689,1253.549927,284.996595
3,0.370927,10.000000,exponential_5,900,300,rosenbrock,9,0.105924,3.680636,4.697002,65.477501,354.842970
3,0.845213,4.779626,exponential_5,900,300,rosenbrock,9,0.787751,4.166677,4.764513,2.229112,277.998690
3,0.845213,0.521886,exponential_5,900,300,rosenbrock,9,237.200531,1245.287354,1227.530518,1443.827637,288.759460
3,0.845213,1.091897,exponential_5,900,300,rosenbrock,9,20.935707,138.930130,174.415222,202.535187,281.340865
3,0.687934,10.000000,exponential_5,900,300,rosenbrock,9,1.477866,4.820030,5.233771,764.096924,292.541435
3,0.845213,6.913484,exponential_5,900,300,rosenbrock,9,1.117661,3.592643,4.079209,545.410339,293.524195
3,0.455730,0.360805,exponential_5,900,300,rosenbrock,9,3546.364014,7250.208496,9013.297852,5483.406738,361.666630
3,0.845213,10.000000,exponential_5,900,300,rosenbrock,9,2.068816,4.499278,4.762929,544.820557,287.549455
3,0.845213,3.304387,exponential_5,900,300,rosenbrock,9,0.077108,4.002990,5.285155,16.104235,304.205015
3,0.845213,2.284483,exponential_5,900,300,rosenbrock,9,0.377787,9.629176,8.444836,65.064575,291.266120
3,1.038450,3.304387,exponential_5,900,300,rosenbrock,9,1.337608,4.482390,5.151103,65.483597,293.526930
3,0.455730,0.521886,exponential_5,900,300,rosenbrock,9,810.012939,3680.727051,4389.408203,3088.825684,367.230975
3,1.275867,0.521886,exponential_5,900,300,rosenbrock,9,126.640198,304.020020,385.030579,570.041382,285.134410
3,1.038450,1.579374,exponential_5,900,300,rosenbrock,9,3.471640,23.471828,13.405462,51.466103,298.368945
3,0.455730,0.754882,exponential_5,900,300,rosenbrock,9,231.614563,1773.576538,1959.338135,2674.952148,371.130480
3,1.275867,1.579374,exponential_5,900,300,rosenbrock,9,0.461845,8.669636,8.083651,41.401936,286.076140
3,1.275867,2.284483,exponential_5,900,300,rosenbrock,9,0.003054,4.475162,5.378210,16.750723,280.792790
3,1.038450,6.913484,exponential_5,900,300,rosenbrock,9,0.094350,4.306993,4.222681,749.523865,298.173730
3,0.455730,1.091897,exponential_5,900,300,rosenbrock,9,110.618057,969.753418,949.005798,1131.368530,365.765385
3,1.567562,0.360805,exponential_5,900,300,rosenbrock,9,77.877106,365.387207,432.075073,425.881470,279.489200
3,1.275867,4.779626,exponential_5,900,300,rosenbrock,9,0.002285,3.194983,4.207464,545.028137,283.339595
3,1.275867,6.913484,exponential_5,900,300,rosenbrock,9,0.000228,3.365713,4.270069,1.808727,297.980385
3,1.275867,3.304387,exponential_5,900,300,rosenbrock,9,0.040809,3.257396,4.373798,216.098129,283.822570
3,0.455730,4.779626,exponential_5,900,300,rosenbrock,9,0.578883,10.516563,6.438162,37.938396,353.804835
3,0.455730,1.579374,exponential_5,900,300,rosenbrock,9,65.966141,289.318817,370.692932,407.758118,363.015860
3,1.567562,0.521886,exponential_5,900,300,rosenbrock,9,63.106285,225.526413,294.513641,281.509491,290.220305
3,1.567562,4.779626,exponential_5,900,300,rosenbrock,9,1.441729,4.180798,4.488884,1.254270,288.352195
3,0.455730,2.284483,exponential_5,900,300,rosenbrock,9,9.607828,79.922791,81.220749,184.327316,385.142680
3,0.455730,10.000000,exponential_5,900,300,rosenbrock,9,0.012915,3.281485,4.246927,34.641861,367.829310
3,0.455730,3.304387,exponential_5,900,300,rosenbrock,9,5.059512,41.189800,61.093060,48.275570,372.474490
3,1.567562,3.304387,exponential_5,900,300,rosenbrock,9,0.003204,3.083873,4.166542,1.774865,302.166665
3,0.455730,6.913484,exponential_5,900,300,rosenbrock,9,0.006045,3.490730,4.855442,2.309019,368.900295
3,0.559922,0.360805,exponential_5,900,300,rosenbrock,9,1075.776001,4206.354492,5061.857910,2691.457275,349.775895
3,0.559922,0.521886,exponential_5,900,300,rosenbrock,9,94.262314,2044.559814,2399.504883,1934.387329,361.513180
3,0.559922,1.579374,exponential_5,900,300,rosenbrock,9,51.576550,198.180603,217.479980,173.543533,356.289560
3,0.559922,0.754882,exponential_5,900,300,rosenbrock,9,103.498215,1094.604004,1022.993286,1835.286987,360.563935
3,0.559922,4.779626,exponential_5,900,300,rosenbrock,9,0.033451,3.979230,5.272205,17.068209,359.194345
3,0.687934,3.304387,exponential_5,900,300,rosenbrock,9,0.020449,10.747562,6.128409,38.444706,363.944180
3,0.687934,1.579374,exponential_5,900,300,rosenbrock,9,0.633597,62.040649,84.484482,95.422470,351.069060
3,0.845213,0.754882,exponential_5,900,300,rosenbrock,9,87.734100,357.030090,375.598358,388.315918,345.693485
3,0.559922,2.284483,exponential_5,900,300,rosenbrock,9,6.185265,59.267403,70.375053,102.272850,374.333790
3,0.687934,1.091897,exponential_5,900,300,rosenbrock,9,31.713169,210.478180,195.951965,290.074249,363.132045
3,0.687934,6.913484,exponential_5,900,300,rosenbrock,9,0.009465,2.767711,4.170038,2.366403,355.090195
3,0.845213,1.579374,exponential_5,900,300,rosenbrock,9,7.551638,49.527966,52.719570,121.760506,355.757680
3,0.687934,4.779626,exponential_5,900,300,rosenbrock,9,0.014570,3.315104,4.590301,34.674183,362.897000
3,0.687934,2.284483,exponential_5,900,300,rosenbrock,9,0.385647,8.220267,7.940959,30.026825,372.859915
3,1.038450,0.754882,exponential_5,900,300,rosenbrock,9,19.021206,252.632401,286.887634,257.156555,350.343480
3,1.038450,0.360805,exponential_5,900,300,rosenbrock,9,239.522125,2023.999756,2419.958008,1707.032471,367.860185
3,1.038450,2.284483,exponential_5,900,300,rosenbrock,9,0.610259,5.297818,5.930780,47.638092,358.308970
3,1.038450,1.091897,exponential_5,900,300,rosenbrock,9,8.634395,62.507622,76.364838,126.288849,360.919800
3,1.038450,0.521886,exponential_5,900,300,rosenbrock,9,68.465645,657.635620,706.400635,1072.066650,368.737720
3,1.275867,0.754882,exponential_5,900,300,rosenbrock,9,7.369710,123.390137,160.685089,349.980835,362.173580
3,1.038450,10.000000,exponential_5,900,300,rosenbrock,9,1.054555,4.515325,5.419442,892.297974,354.076680
3,1.275867,1.091897,exponential_5,900,300,rosenbrock,9,4.032964,47.517162,59.162945,78.029289,351.998620
3,1.275867,0.360805,exponential_5,900,300,rosenbrock,9,151.047760,1128.245728,1463.494385,804.399109,369.650210
3,1.038450,4.779626,exponential_5,900,300,rosenbrock,9,0.134215,4.076613,4.592803,215.823883,365.138740
3,1.567562,6.913484,exponential_5,900,300,rosenbrock,9,0.007649,3.910114,5.023585,892.358643,289.206650
3,1.925946,0.907884,exponential_5,900,300,rosenbrock,9,0.011532,8.008572,7.663888,56.755531,355.515010
3,1.925946,0.627664,exponential_5,900,300,rosenbrock,9,7.391541,40.968433,26.070515,228.004791,360.910025
3,1.567562,1.091897,exponential_5,900,300,rosenbrock,9,0.287651,36.321491,39.136322,199.402969,349.762340
3,1.567562,0.754882,exponential_5,900,300,rosenbrock,9,3.739735,44.994991,63.072830,227.100266,368.387130
3,1.925946,1.313208,exponential_5,900,300,rosenbrock,9,0.045009,3.491721,5.274253,41.699883,360.649495
3,1.567562,10.000000,exponential_5,900,300,rosenbrock,9,0.171355,3.931796,4.819390,544.767212,286.295985
3,1.925946,1.899487,exponential_5,900,300,rosenbrock,9,0.330072,3.775752,4.448974,216.091049,350.328820
3,1.925946,2.747511,exponential_5,900,300,rosenbrock,9,0.030048,3.968833,4.292459,215.924896,348.568060
3,1.567562,2.284483,exponential_5,900,300,rosenbrock,9,0.186868,3.653160,5.082376,17.301970,357.883910
3,1.925946,0.360805,exponential_5,900,300,rosenbrock,9,171.464279,403.741882,420.799377,409.513031,267.594690
3,1.275867,10.000000,exponential_5,900,300,rosenbrock,9,0.135834,4.452260,5.139536,897.638550,365.055150
3,1.925946,3.974133,exponential_5,900,300,rosenbrock,9,0.237814,3.419004,3.970649,1000.071167,354.108135
3,1.567562,1.579374,exponential_5,900,300,rosenbrock,9,0.320814,4.611001,5.577188,4.275216,358.769030
3,1.925946,5.748380,exponential_5,900,300,rosenbrock,9,0.004328,127.694550,5.417485,900.325867,357.707475
3,1.925946,0.521886,exponential_5,900,300,rosenbrock,9,14.701125,90.465378,87.099571,291.019440,276.357185
3,2.366266,0.300000,exponential_5,900,300,rosenbrock,9,80.194077,254.437881,315.402222,223.570908,275.635565
3,2.366266,0.433935,exponential_5,900,300,rosenbrock,9,7.177956,108.149292,125.374977,163.733688,276.533340
3,2.366266,0.627664,exponential_5,900,300,rosenbrock,9,5.146559,22.253410,10.747221,192.821396,270.814015
3,1.925946,8.314736,exponential_5,900,300,rosenbrock,9,0.272233,709.967163,156.866943,1191.168091,363.582845
3,2.366266,0.907884,exponential_5,900,300,rosenbrock,9,0.516813,13.774958,6.312508,41.406525,271.230150
3,2.366266,1.313208,exponential_5,900,300,rosenbrock,9,0.028421,3.550919,5.146572,2.456557,272.819495
3,2.366266,2.747511,exponential_5,900,300,rosenbrock,9,0.002347,2.968721,4.106301,545.171082,279.179275
3,2.366266,1.899487,exponential_5,900,300,rosenbrock,9,1.350510,4.331274,4.770225,222.572006,283.348930
3,2.366266,8.314736,exponential_5,900,300,rosenbrock,9,0.029317,4.447929,5.418270,892.249329,270.418765
3,2.907255,0.300000,exponential_5,900,300,rosenbrock,9,11.444742,121.582893,129.797791,150.984497,275.816460
3,2.366266,3.974133,exponential_5,900,300,rosenbrock,9,0.000447,2.846882,4.486302,764.703064,288.495870
3,2.907255,0.433935,exponential_5,900,300,rosenbrock,9,7.030218,70.806526,83.767288,111.075882,274.389665
3,2.907255,0.627664,exponential_5,900,300,rosenbrock,9,0.982240,6.267780,6.971780,66.644173,285.105495
3,2.907255,0.907884,exponential_5,900,300,rosenbrock,9,2.296568,4.918143,5.514561,14.966569,281.660575
3,2.907255,2.747511,exponential_5,900,300,rosenbrock,9,0.029342,4.157462,5.421144,574.129700,277.267365
3,2.907255,1.899487,exponential_5,900,300,rosenbrock,9,0.428291,3.274920,4.221045,2.295180,278.354050
3,2.907255,3.974133,exponential_5,900,300,rosenbrock,9,1.271063,4.197263,5.389955,999.841187,286.243235
3,3.571927,0.300000,exponential_5,900,300,rosenbrock,9,11.878811,61.390118,86.785637,150.753006,286.812580
3,2.907255,5.748380,exponential_5,900,300,rosenbrock,9,0.296041,4.462224,5.417996,747.477112,292.763180
3,3.571927,0.433935,exponential_5,900,300,rosenbrock,9,5.196427,24.436344,17.363937,141.355026,291.395080
3,3.571927,0.907884,exponential_5,900,300,rosenbrock,9,0.000150,4.073253,5.121353,215.964600,283.549215
3,3.571927,1.313208,exponential_5,900,300,rosenbrock,9,0.714657,3.642490,4.343228,1.379468,282.484385
3,3.571927,3.974133,exponential_5,900,300,rosenbrock,9,1.810232,4.672153,5.263392,892.397156,280.307085
3,3.571927,1.899487,exponential_5,900,300,rosenbrock,9,0.207713,4.543573,5.421160,999.461304,288.443460
3,3.571927,5.748380,exponential_5,900,300,rosenbrock,9,0.890360,22.472506,4.216044,994.467102,284.623080
3,3.571927,8.314736,exponential_5,900,300,rosenbrock,9,1.469304,4.416813,5.029424,897.538574,286.370635
3,4.388561,0.300000,exponential_5,900,300,rosenbrock,9,5.010344,27.010206,15.388548,94.077477,289.039900
3,2.366266,5.748380,exponential_5,900,300,rosenbrock,9,0.135203,4.984598,5.419693,897.156189,367.149610
3,4.388561,0.907884,exponential_5,900,300,rosenbrock,9,0.270400,3.604491,4.469757,24.017517,287.579095
3,4.388561,1.313208,exponential_5,900,300,rosenbrock,9,0.000020,2.855285,3.969696,1.952746,287.587890
3,4.388561,5.748380,exponential_5,900,300,rosenbrock,9,1.923012,4.904228,5.421159,999.606812,279.884940
3,2.907255,1.313208,exponential_5,900,300,rosenbrock,9,0.126749,4.817139,5.099556,216.252167,360.448855
3,3.571927,0.627664,exponential_5,900,300,rosenbrock,9,0.844107,5.747617,6.129252,38.308010,340.614495
3,2.907255,8.314736,exponential_5,900,300,rosenbrock,9,0.006328,4.253793,5.391290,888.484131,362.228230
3,3.571927,2.747511,exponential_5,900,300,rosenbrock,9,0.967818,4.284846,5.308041,892.241089,355.905585
3,4.388561,0.627664,exponential_5,900,300,rosenbrock,9,0.785590,4.972991,5.490158,65.593559,350.255735
3,4.388561,0.433935,exponential_5,900,300,rosenbrock,9,0.674425,5.668385,6.520141,33.666752,358.807010
3,4.388561,1.899487,exponential_5,900,300,rosenbrock,9,0.001890,3.599522,4.518313,892.618286,350.644180
3,4.388561,2.747511,exponential_5,900,300,rosenbrock,9,0.054153,22.992952,5.390601,893.067627,351.071250
3,4.388561,3.974133,exponential_5,900,300,rosenbrock,9,0.845354,160.877792,5.421160,1082.087524,346.769485
3,4.388561,8.314736,exponential_5,900,300,rosenbrock,9,0.445809,3.130707,4.457991,749.906616,353.265555
3,5.391897,0.300000,exponential_5,900,300,rosenbrock,9,2.007651,11.503644,7.926289,77.585930,351.020835
3,5.391897,0.907884,exponential_5,900,300,rosenbrock,9,0.849595,3.435790,4.192916,1.236932,343.743200
3,5.391897,0.627664,exponential_5,900,300,rosenbrock,9,0.535983,3.647303,4.583992,1.812896,350.622450
3,5.391897,0.433935,exponential_5,900,300,rosenbrock,9,0.632958,5.013155,6.083024,15.601249,354.130195
3,5.391897,1.313208,exponential_5,900,300,rosenbrock,9,0.020683,3.468337,4.269788,544.125244,345.271035
3,5.391897,1.899487,exponential_5,900,300,rosenbrock,9,0.044866,65.635391,4.733398,900.553833,351.016680
3,5.391897,2.747511,exponential_5,900,300,rosenbrock,9,0.381436,66.385117,5.421162,782.908569,348.896070
3,5.391897,5.748380,exponential_5,900,300,rosenbrock,9,2.956085,160.866486,5.420429,1081.987793,347.600465
3,8.139176,1.313208,exponential_5,900,300,rosenbrock,9,0.006456,159.997253,5.417349,1082.414429,285.580705
3,8.139176,3.974133,exponential_5,900,300,rosenbrock,9,0.176232,11.492340,5.420429,895.208862,279.548825
3,6.624620,0.627664,exponential_5,900,300,rosenbrock,9,0.002109,3.225634,4.321965,2.035027,340.204925
3,5.391897,3.974133,exponential_5,900,300,rosenbrock,9,0.053695,3.652334,4.425027,749.680664,358.568225
3,6.624620,0.300000,exponential_5,900,300,rosenbrock,9,1.025522,11.045891,7.636921,59.711468,351.490555
3,6.624620,0.433935,exponential_5,900,300,rosenbrock,9,0.036715,3.723748,5.199569,20.090841,347.463485
3,5.391897,8.314736,exponential_5,900,300,rosenbrock,9,4.139268,5.232997,5.420430,891.733643,359.623560
3,8.139176,8.314736,exponential_5,900,300,rosenbrock,9,0.159978,4.528141,5.421160,999.546143,287.638830
3,6.624620,0.907884,exponential_5,900,300,rosenbrock,9,0.961239,3.930345,4.265081,575.268250,351.289135
3,6.624620,1.313208,exponential_5,900,300,rosenbrock,9,0.799832,4.307114,4.906374,575.187134,357.668380
3,2.366266,0.521886,exponential_5,900,300,rosenbrock,9,4.685560,36.530827,35.478863,59.916035,274.444195
3,6.624620,1.899487,exponential_5,900,300,rosenbrock,9,0.025422,3.810131,4.173678,764.132385,355.250605
3,10.000000,0.627664,exponential_5,900,300,rosenbrock,9,0.054504,3.485234,4.107364,747.878906,286.461515
3,2.366266,0.360805,exponential_5,900,300,rosenbrock,9,5.467508,235.874298,239.333221,219.403946,281.817975
3,6.624620,2.747511,exponential_5,900,300,rosenbrock,9,1.444009,160.545639,5.421160,1081.916992,353.652450
3,6.624620,5.748380,exponential_5,900,300,rosenbrock,9,1.090301,4.081781,4.321066,892.527954,351.989845
3,2.366266,0.754882,exponential_5,900,300,rosenbrock,9,0.312915,10.328007,6.779310,43.245083,276.947210
3,8.139176,0.300000,exponential_5,900,300,rosenbrock,9,0.445586,5.521661,5.982630,29.997421,349.054120
3,2.366266,1.091897,exponential_5,900,300,rosenbrock,9,0.976241,5.553627,6.327019,68.936501,277.398110
3,2.366266,1.579374,exponential_5,900,300,rosenbrock,9,0.098552,3.491786,4.939666,2.339706,280.077395
3,8.139176,0.433935,exponential_5,900,300,rosenbrock,9,0.103944,3.139444,4.535078,216.068008,350.700130
3,8.139176,0.627664,exponential_5,900,300,rosenbrock,9,1.001992,4.469452,5.087071,342.082947,344.514270
3,6.624620,3.974133,exponential_5,900,300,rosenbrock,9,0.127709,65.883148,5.307989,998.582275,366.380285
3,1.925946,1.091897,exponential_5,900,300,rosenbrock,9,0.175179,11.194664,7.743657,41.672123,341.459225
3,6.624620,8.314736,exponential_5,900,300,rosenbrock,9,0.075970,472.536713,5.421161,1191.997070,361.677005
3,2.366266,10.000000,exponential_5,900,300,rosenbrock,9,0.411876,4.694970,5.363940,575.119202,278.390345
3,2.366266,3.304387,exponential_5,900,300,rosenbrock,9,0.041715,3.170056,4.092071,749.694824,281.868475
3,1.925946,0.754882,exponential_5,900,300,rosenbrock,9,0.632877,26.178684,22.951822,64.592094,348.583565
3,2.366266,2.284483,exponential_5,900,300,rosenbrock,9,0.054418,3.181346,4.225650,1.793986,282.519145
3,2.907255,0.360805,exponential_5,900,300,rosenbrock,9,8.702343,47.751846,54.209709,213.980972,277.975530
3,2.366266,4.779626,exponential_5,900,300,rosenbrock,9,0.068704,4.210337,5.011697,985.192322,276.969985
3,1.925946,1.579374,exponential_5,900,300,rosenbrock,9,0.000472,4.185189,5.094615,18.403267,350.261130
3,2.907255,0.521886,exponential_5,900,300,rosenbrock,9,4.382360,16.536739,9.512530,219.415009,278.298355
3,8.139176,1.899487,exponential_5,900,300,rosenbrock,9,0.086264,4.127151,4.646715,892.589417,357.048705
3,8.139176,0.907884,exponential_5,900,300,rosenbrock,9,0.056048,3.399416,4.178067,215.925705,366.407120
3,1.925946,3.304387,exponential_5,900,300,rosenbrock,9,0.003302,3.078968,4.203811,1.710436,349.798645
3,2.907255,0.754882,exponential_5,900,300,rosenbrock,9,0.539517,3.837235,4.819160,2.199606,271.414370
3,1.925946,2.284483,exponential_5,900,300,rosenbrock,9,0.008354,3.009264,4.058645,65.558090,354.849365
3,8.139176,2.747511,exponential_5,900,300,rosenbrock,9,2.024943,127.834587,4.170553,994.506409,360.369035
3,10.000000,0.300000,exponential_5,900,300,rosenbrock,9,0.482296,3.688288,5.016259,215.673782,343.476650
3,8.139176,5.748380,exponential_5,900,300,rosenbrock,9,0.497662,440.749451,5.421160,1118.726807,352.260395
3,2.907255,3.304387,exponential_5,900,300,rosenbrock,9,1.225165,4.401633,5.042137,575.141418,278.013660
3,2.907255,1.091897,exponential_5,900,300,rosenbrock,9,0.001413,3.155726,4.911941,17.742443,284.692525
3,10.000000,0.433935,exponential_5,900,300,rosenbrock,9,0.109581,3.141777,4.314604,1.798896,352.278755
3,2.907255,4.779626,exponential_5,900,300,rosenbrock,9,0.051820,4.265469,5.421162,999.767700,272.868455
3,2.907255,2.284483,exponential_5,900,300,rosenbrock,9,0.031249,3.659204,4.177024,297.187256,282.905295
3,1.925946,6.913484,exponential_5,900,300,rosenbrock,9,1.277934,66.834457,5.421162,997.760193,355.050015
3,1.925946,4.779626,exponential_5,900,300,rosenbrock,9,0.462928,4.217901,4.534309,897.731323,360.608315
3,3.571927,0.360805,exponential_5,900,300,rosenbrock,9,4.329113,27.446629,16.170824,122.942848,269.220935
3,2.907255,6.913484,exponential_5,900,300,rosenbrock,9,0.063665,85.506424,5.421161,894.211365,268.122200
3,3.571927,0.521886,exponential_5,900,300,rosenbrock,9,2.654149,11.122571,7.032558,51.810539,266.841250
3,3.571927,1.091897,exponential_5,900,300,rosenbrock,9,0.353211,3.312814,4.696122,215.525940,262.212470
3,3.571927,1.579374,exponential_5,900,300,rosenbrock,9,2.083290,3.888496,4.276415,1.476611,263.344635
3,3.571927,2.284483,exponential_5,900,300,rosenbrock,9,0.145462,3.425464,4.284925,1.818301,262.413465
3,3.571927,4.779626,exponential_5,900,300,rosenbrock,9,1.920188,4.577803,5.405696,575.212769,263.696395
3,1.925946,10.000000,exponential_5,900,300,rosenbrock,9,0.002539,784.733337,5.421160,1243.769775,349.714715
3,3.571927,10.000000,exponential_5,900,300,rosenbrock,9,0.525727,4.298993,5.237813,749.858093,265.359335
3,3.571927,6.913484,exponential_5,900,300,rosenbrock,9,1.844848,222.627090,5.421160,1075.036743,267.450030
3,4.388561,0.360805,exponential_5,900,300,rosenbrock,9,4.644331,35.834824,46.433308,76.991867,257.700795
3,4.388561,6.913484,exponential_5,900,300,rosenbrock,9,0.095626,4.016941,4.889135,892.649231,237.797080
3,4.388561,1.579374,exponential_5,900,300,rosenbrock,9,0.403846,4.112954,5.028461,999.705444,243.148910
3,4.388561,1.091897,exponential_5,900,300,rosenbrock,9,1.277450,4.188925,4.820005,215.853928,251.317700
3,8.139176,1.579374,exponential_5,900,300,rosenbrock,9,0.516424,317.243469,5.418952,1144.932983,158.885905
3,8.139176,4.779626,exponential_5,900,300,rosenbrock,9,0.100523,66.391762,5.419693,900.175720,156.634750
3,8.139176,10.000000,exponential_5,900,300,rosenbrock,9,0.098834,440.301086,5.421160,1118.807861,148.848670
3,10.000000,1.899487,exponential_5,900,300,rosenbrock,9,4.070966,5.016670,5.420435,897.305908,125.242945
3,10.000000,0.754882,exponential_5,900,300,rosenbrock,9,0.035712,2.865080,4.148907,2.121233,136.031835
3,10.000000,3.974133,exponential_5,900,300,rosenbrock,9,3.331080,4.534876,4.726138,999.771790,121.487145
3,10.000000,0.907884,exponential_5,900,300,rosenbrock,9,0.225849,64.491058,5.420427,997.775757,140.623550
3,10.000000,1.313208,exponential_5,900,300,rosenbrock,9,0.865828,317.229187,5.391717,1144.904297,133.142780
3,10.000000,2.747511,exponential_5,900,300,rosenbrock,9,0.600057,472.820801,5.421160,1192.239868,128.983765
3,10.000000,8.314736,exponential_5,900,300,rosenbrock,9,2.150057,4.467325,5.418839,544.328674,121.284050
3,3.571927,0.754882,exponential_5,900,300,rosenbrock,9,0.002585,3.513559,5.209080,27.622669,291.963130
3,2.366266,6.913484,exponential_5,900,300,rosenbrock,9,0.224006,4.411442,5.390100,575.273682,328.194295
3,2.907255,1.579374,exponential_5,900,300,rosenbrock,9,0.003197,2.949368,4.404366,2.459406,325.637670
3,6.624620,10.000000,exponential_5,900,300,rosenbrock,9,1.415767,5.049551,5.421160,760.765747,160.280330
3,5.391897,4.779626,exponential_5,900,300,rosenbrock,9,2.414101,127.390839,5.421161,993.458008,213.177985
3,3.571927,3.304387,exponential_5,900,300,rosenbrock,9,2.617218,4.488882,4.890240,892.375000,314.681305
3,2.907255,10.000000,exponential_5,900,300,rosenbrock,9,0.626215,4.627008,5.419699,999.572876,329.022270
3,10.000000,1.091897,exponential_5,900,300,rosenbrock,9,0.018577,4.251704,5.089938,749.743774,66.218025
3,10.000000,1.579374,exponential_5,900,300,rosenbrock,9,0.085774,3.759434,4.348201,749.936279,66.556470
3,10.000000,4.779626,exponential_5,900,300,rosenbrock,9,0.145995,4.419651,5.135006,892.468445,69.226630
3,10.000000,2.284483,exponential_5,900,300,rosenbrock,9,0.213238,4.231122,5.265362,892.581970,72.229025
3,4.388561,0.754882,exponential_5,900,300,rosenbrock,9,0.555851,4.267697,5.074631,1.678219,309.214675
3,4.388561,0.521886,exponential_5,900,300,rosenbrock,9,4.038380,5.547546,5.823308,216.222626,306.172585
3,6.624620,0.521886,exponential_5,900,300,rosenbrock,9,0.685903,3.962610,5.090426,297.409790,231.737925
3,5.391897,2.284483,exponential_5,900,300,rosenbrock,9,0.233038,4.430289,5.418894,764.070312,256.796175
3,5.391897,0.360805,exponential_5,900,300,rosenbrock,9,0.359072,5.970293,7.377755,71.832512,279.845945
3,10.000000,3.304387,exponential_5,900,300,rosenbrock,9,0.125661,64.599892,5.390513,899.638489,72.742970
3,4.388561,3.304387,exponential_5,900,300,rosenbrock,9,1.023403,4.840832,5.421160,599.887695,299.093355
3,5.391897,0.754882,exponential_5,900,300,rosenbrock,9,0.056156,2.120304,3.066507,1.926668,280.749570
3,5.391897,3.304387,exponential_5,900,300,rosenbrock,9,0.017491,3.303299,4.170863,898.246155,257.593550
3,10.000000,10.000000,exponential_5,900,300,rosenbrock,9,0.353003,66.440491,5.421160,900.173645,69.858280
3,5.391897,0.521886,exponential_5,900,300,rosenbrock,9,0.226255,3.339640,4.066116,8.372883,280.129720
3,4.388561,2.284483,exponential_5,900,300,rosenbrock,9,0.005092,4.025173,5.419631,747.846924,313.217140
3,5.391897,1.091897,exponential_5,900,300,rosenbrock,9,0.150101,3.828563,4.324053,65.459732,294.725025
3,4.388561,4.779626,exponential_5,900,300,rosenbrock,9,0.012108,4.746199,5.421160,1.267245,311.142510
3,8.139176,0.521886,exponential_5,900,300,rosenbrock,9,0.014355,3.515788,4.664032,2.032073,216.154670
3,5.391897,10.000000,exponential_5,900,300,rosenbrock,9,0.326037,4.800265,5.421161,774.030029,252.155860
3,6.624620,3.304387,exponential_5,900,300,rosenbrock,9,0.969523,4.379716,5.421160,574.369995,226.663965
3,8.139176,1.091897,exponential_5,900,300,rosenbrock,9,0.042388,3.397708,4.311064,749.842712,190.590090
3,6.624620,2.284483,exponential_5,900,300,rosenbrock,9,0.153581,3.636713,5.386691,892.733276,234.738630
3,8.139176,0.754882,exponential_5,900,300,rosenbrock,9,0.006777,2.831966,4.065414,575.444580,216.517210
3,4.388561,10.000000,exponential_5,900,300,rosenbrock,9,0.462291,4.384187,5.417430,892.382446,306.106210
3,6.624620,1.091897,exponential_5,900,300,rosenbrock,9,0.028154,3.237383,4.251822,544.570557,250.436875
3,5.391897,1.579374,exponential_5,900,300,rosenbrock,9,0.262691,4.145190,4.878757,764.009888,297.073490
3,10.000000,5.748380,exponential_5,900,300,rosenbrock,9,0.235746,65.864532,5.389059,998.496460,219.651590
3,6.624620,0.754882,exponential_5,900,300,rosenbrock,9,0.024021,3.832360,5.358939,575.417969,270.509685
3,8.139176,3.304387,exponential_5,900,300,rosenbrock,9,4.169749,161.525375,5.421162,1081.713501,198.443085
3,8.139176,2.284483,exponential_5,900,300,rosenbrock,9,0.000557,64.714279,5.421160,997.653870,204.405760
3,5.391897,6.913484,exponential_5,900,300,rosenbrock,9,0.187285,4.882950,5.420430,763.777771,283.165250
3,6.624620,0.360805,exponential_5,900,300,rosenbrock,9,0.252903,4.189709,5.734362,11.660365,270.377955
3,6.624620,1.579374,exponential_5,900,300,rosenbrock,9,0.453233,3.955956,5.106825,575.384094,251.518150
3,6.624620,6.913484,exponential_5,900,300,rosenbrock,9,0.581952,4.258242,5.421159,897.330933,241.719960
3,10.000000,0.360805,exponential_5,900,300,rosenbrock,9,0.608672,4.127418,5.033339,1.694674,202.531860
3,8.139176,6.913484,exponential_5,900,300,rosenbrock,9,0.183251,4.248987,5.334600,543.995117,202.192095
3,8.139176,0.360805,exponential_5,900,300,rosenbrock,9,0.370195,3.803506,5.016370,14.088821,240.614110
3,6.624620,4.779626,exponential_5,900,300,rosenbrock,9,0.104727,60.049393,5.421161,780.075745,233.460130
3,10.000000,0.521886,exponential_5,900,300,rosenbrock,9,0.119129,3.379104,4.311924,764.251587,200.108720
3,10.000000,6.913484,exponential_5,900,300,rosenbrock,9,0.126844,3.628447,5.060266,892.632996,63.624545
