n_leaders,a_factor,c_factor,convergence,population_size,num_iterations,objective,dimensionality,best_value,average_value_top_80,median_value,stddev_value,average_time_ms
3,0.500000,0.500000,linear,150,50,rosenbrock,3,0.084641,2.364392,2.122216,43.915154,0.614725
3,0.500000,2.066557,linear,150,50,rosenbrock,3,0.000303,1.132069,1.023553,3.257509,0.609700
3,2.419483,0.585390,linear,150,50,rosenbrock,3,0.047647,0.756727,0.486793,2.878344,0.623330
3,0.585390,0.585390,linear,150,50,rosenbrock,3,0.000384,0.713399,0.993716,2.601327,0.583695
3,1.099883,1.765111,linear,150,50,rosenbrock,3,0.000000,0.302280,0.279453,1.157090,0.692755
3,0.685363,1.099883,linear,150,50,rosenbrock,3,0.053346,1.453148,1.432338,2.609256,0.628665
3,0.585390,0.939444,linear,150,50,rosenbrock,3,0.002915,0.828608,0.731330,2.627560,0.760085
3,0.500000,8.541316,linear,150,50,rosenbrock,3,0.041861,0.189505,0.198229,0.895169,0.791930
3,0.500000,5.322296,linear,150,50,rosenbrock,3,0.013873,0.301834,0.336074,2.667008,0.842710
3,0.585390,1.507637,linear,150,50,rosenbrock,3,0.000441,1.536049,1.121843,3.511578,0.795295
3,0.585390,2.419483,linear,150,50,rosenbrock,3,0.002718,0.882488,0.827342,3.515610,0.775815
3,0.802409,0.802409,linear,150,50,rosenbrock,3,0.014754,1.534294,1.180033,3.620358,0.931940
3,0.585390,6.231237,linear,150,50,rosenbrock,3,0.043150,0.315448,0.290459,1.316020,0.815640
3,0.585390,10.000000,linear,150,50,rosenbrock,3,0.014035,0.181722,0.233059,1.974592,0.802430
3,0.500000,2.419483,linear,150,50,rosenbrock,3,0.000808,1.626110,1.231103,2.880117,0.626930
3,0.585390,3.882831,linear,150,50,rosenbrock,3,0.000286,0.339990,0.293888,2.718496,1.167150
3,0.500000,0.585390,linear,150,50,rosenbrock,3,0.000378,2.710486,3.802390,26.728132,0.699980
3,0.585390,0.685363,linear,150,50,rosenbrock,3,0.000123,1.667467,1.906682,3.355739,0.654005
3,0.685363,0.685363,linear,150,50,rosenbrock,3,0.006859,1.439912,1.394960,2.841654,1.304925
3,0.802409,3.316448,linear,150,50,rosenbrock,3,0.000005,0.194401,0.300777,1.795278,0.647860
3,0.802409,0.939444,linear,150,50,rosenbrock,3,0.038689,1.732883,1.707326,2.879978,0.619475
3,0.802409,2.066557,linear,150,50,rosenbrock,3,0.000090,0.413239,0.588336,2.820818,0.779530
3,0.802409,1.287720,linear,150,50,rosenbrock,3,0.009978,0.904056,0.990416,2.062846,0.824185
3,0.939444,6.231237,linear,150,50,rosenbrock,3,0.003972,0.368594,0.293624,1.683482,0.639010
3,0.685363,2.832683,linear,150,50,rosenbrock,3,0.005766,0.613620,0.559330,2.167131,1.363970
3,1.099883,1.099883,linear,150,50,rosenbrock,3,0.004994,1.472226,0.733553,3.115068,0.615225
3,0.939444,0.585390,linear,150,50,rosenbrock,3,0.007132,2.344893,1.591166,144.182709,0.806905
3,0.939444,2.419483,linear,150,50,rosenbrock,3,0.006980,0.656776,0.527444,1.917484,0.789110
3,0.939444,3.882831,linear,150,50,rosenbrock,3,0.008010,0.455018,0.306570,2.210618,0.792920
3,1.099883,4.545940,linear,150,50,rosenbrock,3,0.000164,0.169725,0.228444,1.339697,0.631520
3,0.939444,0.939444,linear,150,50,rosenbrock,3,0.055019,1.313576,1.340917,2.612849,0.841535
3,1.287720,0.500000,linear,150,50,rosenbrock,3,0.019217,0.694277,0.844687,2.518459,0.619000
3,0.939444,10.000000,linear,150,50,rosenbrock,3,0.005839,0.207834,0.231761,1.808585,0.820890
3,0.939444,1.507637,linear,150,50,rosenbrock,3,0.006226,1.826268,2.718519,3.016658,0.839565
3,1.099883,0.685363,linear,150,50,rosenbrock,3,0.001209,1.353859,1.683924,2.558692,0.821445
3,1.099883,7.295407,linear,150,50,rosenbrock,3,0.004184,0.124157,0.148649,1.651990,0.737060
3,2.419483,0.685363,linear,150,50,rosenbrock,3,0.000754,1.175000,0.798023,3.648616,1.417255
3,1.099883,2.832683,linear,150,50,rosenbrock,3,0.095841,0.410801,0.306943,1.434234,0.817955
3,1.287720,0.802409,linear,150,50,rosenbrock,3,0.022926,1.313754,1.110330,3.151124,0.615010
3,0.685363,1.765111,linear,150,50,rosenbrock,3,0.002245,1.083773,0.800539,2.989460,1.752605
3,1.287720,1.287720,linear,150,50,rosenbrock,3,0.127918,1.054754,0.621927,2.880155,0.610875
3,0.500000,1.287720,linear,150,50,rosenbrock,3,0.004260,1.709053,2.322399,9.540874,0.880655
3,1.287720,2.066557,linear,150,50,rosenbrock,3,0.007917,0.473346,0.363267,1.958397,0.666550
3,0.500000,6.231237,linear,150,50,rosenbrock,3,0.018177,0.285420,0.355217,3.406770,1.536250
3,1.287720,8.541316,linear,150,50,rosenbrock,3,0.000043,0.169334,0.194741,1.536803,0.697385
3,1.507637,0.939444,linear,150,50,rosenbrock,3,0.058115,0.681370,0.377140,3.128323,0.605950
3,1.507637,1.507637,linear,150,50,rosenbrock,3,0.042294,1.418985,0.619121,2.797323,0.616390
3,1.287720,5.322296,linear,150,50,rosenbrock,3,0.000805,0.187457,0.197529,2.123336,0.835100
3,0.802409,2.419483,linear,150,50,rosenbrock,3,0.006854,0.681992,0.525502,1.984740,0.883775
3,1.507637,3.882831,linear,150,50,rosenbrock,3,0.008836,0.476065,0.297388,2.683937,0.651480
3,1.765111,0.685363,linear,150,50,rosenbrock,3,0.002904,0.459609,0.538796,2.215141,0.783050
3,1.507637,10.000000,linear,150,50,rosenbrock,3,0.000364,0.180961,0.164850,0.726126,0.797825
3,1.099883,0.802409,linear,150,50,rosenbrock,3,0.030028,1.130706,1.249477,3.153280,0.967260
3,1.765111,1.099883,linear,150,50,rosenbrock,3,0.007975,0.282466,0.440070,3.780272,0.803965
3,1.507637,6.231237,linear,150,50,rosenbrock,3,0.005817,0.363827,0.217762,1.981238,0.876105
3,2.066557,0.500000,linear,150,50,rosenbrock,3,0.000094,1.114399,0.942937,3.436072,0.626890
3,1.765111,2.832683,linear,150,50,rosenbrock,3,0.002804,0.765644,0.279342,3.659506,0.806510
3,1.765111,7.295407,linear,150,50,rosenbrock,3,0.001852,0.260690,0.323682,1.845263,0.688545
3,1.507637,0.585390,linear,150,50,rosenbrock,3,0.039337,1.085893,0.715314,3.445681,1.028835
3,1.765111,1.765111,linear,150,50,rosenbrock,3,0.000061,0.187327,0.253127,1.220427,0.849445
3,0.500000,1.507637,linear,150,50,rosenbrock,3,0.072573,0.934331,0.963161,2.712021,0.821155
3,2.066557,5.322296,linear,150,50,rosenbrock,3,0.003815,0.755003,0.321061,3.131319,0.630790
3,2.066557,3.316448,linear,150,50,rosenbrock,3,0.012738,0.291989,0.303006,1.389271,0.698370
3,2.419483,0.939444,linear,150,50,rosenbrock,3,0.000271,0.472952,0.629077,4.053333,0.622390
3,2.066557,2.066557,linear,150,50,rosenbrock,3,0.000774,0.176338,0.220060,1.344558,0.800810
3,1.287720,10.000000,linear,150,50,rosenbrock,3,0.000072,0.446608,0.367438,2.011917,0.838200
3,0.500000,7.295407,linear,150,50,rosenbrock,3,0.010961,0.586486,0.278971,3.332674,0.953540
3,2.419483,6.231237,linear,150,50,rosenbrock,3,0.000847,1.238935,0.581952,3.182966,0.653610
3,2.419483,3.882831,linear,150,50,rosenbrock,3,0.000483,0.226311,0.245108,1.913943,0.753715
3,2.832683,0.685363,linear,150,50,rosenbrock,3,0.004625,0.438167,0.601549,2.449947,0.666370
3,2.832683,1.099883,linear,150,50,rosenbrock,3,0.002036,0.746723,0.423283,2.293726,0.691690
3,2.066557,0.585390,linear,150,50,rosenbrock,3,0.000140,1.328999,1.400997,2.394964,0.817625
3,2.832683,4.545940,linear,150,50,rosenbrock,3,0.087524,0.502019,0.449663,1.868476,0.833430
3,0.802409,0.500000,linear,150,50,rosenbrock,3,0.000339,1.021949,1.233340,3.055919,0.772820
3,0.500000,0.802409,linear,150,50,rosenbrock,3,0.003935,1.355919,1.312161,8.209123,0.731400
3,0.685363,1.287720,linear,150,50,rosenbrock,3,0.081310,2.408038,3.501329,2.767530,0.668195
3,0.685363,4.545940,linear,150,50,rosenbrock,3,0.025901,0.290838,0.311430,1.733347,0.880505
3,2.419483,2.419483,linear,150,50,rosenbrock,3,0.000358,0.364759,0.222188,2.505013,1.345470
3,0.500000,3.316448,linear,150,50,rosenbrock,3,0.004610,1.161626,0.747424,2.984776,1.233175
3,0.685363,7.295407,linear,150,50,rosenbrock,3,0.005450,0.170390,0.213225,0.655989,0.842750
3,1.099883,2.066557,linear,150,50,rosenbrock,3,0.019026,0.839997,0.394268,2.893182,0.835125
3,0.500000,1.765111,linear,150,50,rosenbrock,3,0.012816,1.079834,1.004653,1.900031,1.245790
3,2.066557,8.541316,linear,150,50,rosenbrock,3,0.014109,0.456249,0.541453,1.780982,1.718435
3,0.500000,0.685363,linear,150,50,rosenbrock,3,0.003328,1.169507,1.281702,17.266624,0.626670
3,2.832683,1.287720,linear,150,50,rosenbrock,3,0.002319,0.445749,0.303893,2.113366,0.637215
3,2.832683,0.802409,linear,150,50,rosenbrock,3,0.001217,0.287309,0.383095,1.425142,0.680520
3,0.802409,2.832683,linear,150,50,rosenbrock,3,0.006442,0.351047,0.365852,1.500707,1.600530
3,0.802409,5.322296,linear,150,50,rosenbrock,3,0.049134,0.447503,0.322544,1.899229,0.801110
3,2.066557,0.685363,linear,150,50,rosenbrock,3,0.076235,0.827504,0.713490,2.843168,0.619075
3,0.585390,1.099883,linear,150,50,rosenbrock,3,0.018209,1.616220,2.461109,2.626186,0.933675
3,0.685363,0.500000,linear,150,50,rosenbrock,3,0.022727,2.281363,3.108658,8.769626,0.792915
3,0.500000,2.832683,linear,150,50,rosenbrock,3,0.008196,1.821651,1.046502,3.858052,0.797795
3,0.585390,7.295407,linear,150,50,rosenbrock,3,0.005361,0.163335,0.211191,1.115796,0.820850
3,0.500000,10.000000,linear,150,50,rosenbrock,3,0.052317,0.878818,0.288570,2.711573,0.915245
3,0.585390,2.832683,linear,150,50,rosenbrock,3,0.039928,1.358601,0.899509,3.548450,0.854100
3,1.765111,2.066557,linear,150,50,rosenbrock,3,0.000224,0.189672,0.265456,0.651812,1.536885
3,0.585390,1.765111,linear,150,50,rosenbrock,3,0.000011,1.698984,2.563526,2.465008,0.959145
3,0.802409,8.541316,linear,150,50,rosenbrock,3,0.004530,0.777700,0.215430,2.022644,0.812905
3,0.802409,0.585390,linear,150,50,rosenbrock,3,0.090158,1.650199,1.790963,73.225266,0.721350
3,1.287720,3.316448,linear,150,50,rosenbrock,3,0.018392,0.320910,0.278941,1.685102,0.649855
3,1.099883,1.287720,linear,150,50,rosenbrock,3,0.000101,2.024009,2.611512,3.433149,0.628340
3,0.939444,7.295407,linear,150,50,rosenbrock,3,0.000134,0.223857,0.262923,2.580696,0.723690
3,0.802409,1.099883,linear,150,50,rosenbrock,3,0.098821,1.681783,2.484089,1.932367,0.801525
3,1.287720,0.585390,linear,150,50,rosenbrock,3,0.013994,1.522991,1.394867,2.752423,0.619470
3,0.939444,0.685363,linear,150,50,rosenbrock,3,0.013546,0.938716,0.904939,1.509816,0.770665
3,1.099883,2.419483,linear,150,50,rosenbrock,3,0.011264,0.336422,0.376373,2.253071,0.963175
3,1.507637,2.419483,linear,150,50,rosenbrock,3,0.000991,0.184456,0.256522,2.254622,0.655910
3,0.939444,4.545940,linear,150,50,rosenbrock,3,0.025557,0.215403,0.259917,1.444884,0.802940
3,0.939444,1.099883,linear,150,50,rosenbrock,3,0.061665,1.735383,1.339164,3.919706,0.776435
3,0.685363,3.316448,linear,150,50,rosenbrock,3,0.002681,0.282737,0.244667,3.077447,0.925595
3,1.099883,5.322296,linear,150,50,rosenbrock,3,0.001382,0.128710,0.176082,1.305073,0.814015
3,1.099883,8.541316,linear,150,50,rosenbrock,3,0.000725,0.653542,0.276063,2.274392,0.632045
3,0.939444,1.765111,linear,150,50,rosenbrock,3,0.000292,1.077462,0.635339,3.948839,0.789715
3,2.419483,0.802409,linear,150,50,rosenbrock,3,0.001985,0.504746,0.612265,2.209839,0.629700
3,0.939444,2.832683,linear,150,50,rosenbrock,3,0.000147,0.247782,0.318824,1.080274,0.986555
3,1.287720,0.939444,linear,150,50,rosenbrock,3,0.048588,1.368289,1.562248,2.225785,0.662665
3,1.287720,1.507637,linear,150,50,rosenbrock,3,0.000346,0.522458,0.486843,2.913506,0.694875
3,0.685363,2.066557,linear,150,50,rosenbrock,3,0.179114,0.552185,0.649770,2.411398,0.850670
3,1.287720,6.231237,linear,150,50,rosenbrock,3,0.000083,0.346849,0.341607,1.555626,0.640210
3,2.419483,1.507637,linear,150,50,rosenbrock,3,0.006422,0.214100,0.272904,2.873787,0.671590
3,0.585390,3.316448,linear,150,50,rosenbrock,3,0.003545,0.542242,0.576874,1.875598,1.523565
3,1.099883,3.316448,linear,150,50,rosenbrock,3,0.008624,0.451076,0.384138,2.492882,1.227020
3,1.765111,0.500000,linear,150,50,rosenbrock,3,0.004590,1.362803,1.121061,2.773159,0.634550
3,1.287720,2.419483,linear,150,50,rosenbrock,3,0.000084,0.580545,0.375672,2.935848,0.879640
3,1.765111,4.545940,linear,150,50,rosenbrock,3,0.000656,0.190359,0.260703,2.767045,0.921245
3,1.507637,1.765111,linear,150,50,rosenbrock,3,0.000329,0.535481,0.390640,1.712670,0.838595
3,1.765111,1.287720,linear,150,50,rosenbrock,3,0.000114,0.425464,0.485431,2.596307,0.648775
3,1.507637,4.545940,linear,150,50,rosenbrock,3,0.017067,0.198268,0.221183,2.054358,0.837955
3,2.066557,0.802409,linear,150,50,rosenbrock,3,0.002523,0.495608,0.559246,2.312915,0.819560
3,2.066557,1.287720,linear,150,50,rosenbrock,3,0.026680,0.647924,0.470575,2.230181,0.828295
3,1.507637,2.832683,linear,150,50,rosenbrock,3,0.000008,0.222020,0.258713,2.556528,0.906490
3,2.419483,10.000000,linear,150,50,rosenbrock,3,0.055319,1.536422,0.481239,3.365534,0.706130
3,1.507637,7.295407,linear,150,50,rosenbrock,3,0.002094,0.177564,0.241523,1.389705,0.733760
3,1.765111,0.802409,linear,150,50,rosenbrock,3,0.038217,0.975204,0.963630,3.127627,0.865915
3,1.099883,0.939444,linear,150,50,rosenbrock,3,0.006594,1.149223,0.922755,3.387265,0.818010
3,1.765111,3.316448,linear,150,50,rosenbrock,3,0.000105,0.331075,0.236916,2.896100,0.625760
3,1.287720,1.099883,linear,150,50,rosenbrock,3,0.000276,1.101394,0.687171,2.389084,1.012500
3,2.832683,1.765111,linear,150,50,rosenbrock,3,0.010782,0.883849,0.826897,1.960505,0.648570
3,2.066557,3.882831,linear,150,50,rosenbrock,3,0.004027,0.382860,0.295672,1.672949,0.653220
3,2.419483,1.099883,linear,150,50,rosenbrock,3,0.029671,0.706341,0.462999,2.652661,0.683550
3,1.507637,0.685363,linear,150,50,rosenbrock,3,0.022893,1.400743,1.380189,2.828851,0.805965
3,2.832683,2.832683,linear,150,50,rosenbrock,3,0.000044,0.171816,0.191020,1.078480,0.800440
3,2.419483,7.295407,linear,150,50,rosenbrock,3,0.000079,0.618664,0.306203,2.171558,0.656195
3,1.507637,0.500000,linear,150,50,rosenbrock,3,0.006619,0.978924,1.044664,1.873113,0.729130
3,2.066557,2.419483,linear,150,50,rosenbrock,3,0.038781,0.237413,0.221114,2.656318,0.798695
3,2.419483,4.545940,linear,150,50,rosenbrock,3,0.002037,0.235321,0.295500,1.554932,0.740180
3,2.066557,6.231237,linear,150,50,rosenbrock,3,0.005596,0.421788,0.338113,3.026880,0.897725
3,0.585390,0.802409,linear,150,50,rosenbrock,3,0.000497,0.753076,0.656870,45.572781,0.761225
3,2.832683,5.322296,linear,150,50,rosenbrock,3,0.042446,0.258304,0.343244,1.784704,0.804085
3,2.832683,7.295407,linear,150,50,rosenbrock,3,0.000451,0.417978,0.544011,1.744365,0.876645
3,0.585390,4.545940,linear,150,50,rosenbrock,3,0.007751,0.368822,0.403078,2.224685,0.848735
3,0.802409,3.882831,linear,150,50,rosenbrock,3,0.011479,0.207380,0.190199,1.834649,1.000660
3,0.685363,1.507637,linear,150,50,rosenbrock,3,0.010214,1.401650,0.813004,2.585822,0.719875
3,0.500000,0.939444,linear,150,50,rosenbrock,3,0.041224,2.508894,2.158379,26.124218,0.862745
3,0.685363,5.322296,linear,150,50,rosenbrock,3,0.007727,0.880982,0.249026,3.035724,0.663780
3,0.685363,0.802409,linear,150,50,rosenbrock,3,0.000565,1.202631,1.049245,40.592457,0.791320
3,2.066557,10.000000,linear,150,50,rosenbrock,3,0.019667,1.303052,0.734764,3.801895,0.631870
3,2.419483,2.832683,linear,150,50,rosenbrock,3,0.000277,0.661820,0.278438,2.409020,0.801255
3,2.832683,3.316448,linear,150,50,rosenbrock,3,0.060894,0.692685,0.411279,1.879155,0.779460
3,3.316448,1.287720,linear,150,50,rosenbrock,3,0.015790,0.632353,0.321985,2.087032,0.664010
3,1.507637,0.802409,linear,150,50,rosenbrock,3,0.080395,1.094282,1.020204,1.974300,0.799800
3,0.802409,1.507637,linear,150,50,rosenbrock,3,0.007282,1.159065,0.984019,1.760277,0.784020
3,2.832683,0.939444,linear,150,50,rosenbrock,3,0.000010,0.372306,0.409279,2.382235,0.627935
3,3.316448,3.316448,linear,150,50,rosenbrock,3,0.002542,0.676426,0.399773,1.554994,0.627505
3,2.832683,1.507637,linear,150,50,rosenbrock,3,0.009097,0.335645,0.239820,2.491361,0.697350
3,0.685363,8.541316,linear,150,50,rosenbrock,3,0.006784,0.147971,0.195978,2.445609,0.861840
3,0.802409,6.231237,linear,150,50,rosenbrock,3,0.000331,0.186635,0.192183,1.805522,0.773040
3,3.316448,2.066557,linear,150,50,rosenbrock,3,0.003348,0.253534,0.243748,2.095053,0.811815
3,0.585390,1.287720,linear,150,50,rosenbrock,3,0.114180,0.925442,0.887609,29.268940,0.785985
3,0.685363,0.585390,linear,150,50,rosenbrock,3,0.043533,2.102515,2.015228,3.274993,0.605175
3,3.316448,5.322296,linear,150,50,rosenbrock,3,0.000582,0.886174,0.480347,2.070561,0.675440
3,1.287720,3.882831,linear,150,50,rosenbrock,3,0.011947,0.186261,0.227931,1.290644,0.635630
3,0.939444,8.541316,linear,150,50,rosenbrock,3,0.000514,0.125280,0.149485,1.551556,0.629555
3,1.099883,1.507637,linear,150,50,rosenbrock,3,0.002977,0.441700,0.558171,2.015590,0.678095
3,1.099883,0.500000,linear,150,50,rosenbrock,3,0.036604,1.241904,1.377242,2.436810,0.785725
3,0.585390,0.500000,linear,150,50,rosenbrock,3,0.000427,2.348178,2.844933,2.647074,0.798075
3,0.802409,10.000000,linear,150,50,rosenbrock,3,0.015154,0.341645,0.331155,0.926108,0.730150
3,0.585390,8.541316,linear,150,50,rosenbrock,3,0.000147,0.268820,0.256991,1.580261,0.838215
3,0.802409,0.685363,linear,150,50,rosenbrock,3,0.013272,1.470960,1.496130,2.358656,0.793260
3,0.585390,2.066557,linear,150,50,rosenbrock,3,0.072946,1.904873,1.859671,2.878594,0.807485
3,1.287720,0.685363,linear,150,50,rosenbrock,3,0.010309,1.839751,1.422258,3.015974,0.788420
3,3.882831,0.585390,linear,150,50,rosenbrock,3,0.000032,1.140215,0.723365,2.667352,0.751820
3,3.316448,8.541316,linear,150,50,rosenbrock,3,0.005576,1.780286,0.840209,3.151416,0.825595
3,1.099883,10.000000,linear,150,50,rosenbrock,3,0.002945,0.633006,0.421521,3.223962,0.637115
3,0.685363,3.882831,linear,150,50,rosenbrock,3,0.005796,1.241924,0.679447,3.049380,0.803830
3,3.882831,6.231237,linear,150,50,rosenbrock,3,0.008778,1.264585,0.541667,2.327530,1.991765
3,3.882831,0.939444,linear,150,50,rosenbrock,3,0.000056,0.159316,0.196939,1.913634,0.669205
3,1.287720,1.765111,linear,150,50,rosenbrock,3,0.004435,0.212946,0.241842,2.325304,0.633725
3,1.287720,4.545940,linear,150,50,rosenbrock,3,0.001409,0.347009,0.313282,2.979357,0.664245
3,0.939444,0.802409,linear,150,50,rosenbrock,3,0.003682,1.945341,2.341082,27.192289,1.195750
3,5.322296,0.500000,linear,150,50,rosenbrock,3,0.000499,0.580113,0.453393,2.237755,0.679630
3,0.939444,2.066557,linear,150,50,rosenbrock,3,0.003620,0.746418,0.540981,3.106117,0.806335
3,2.419483,1.765111,linear,150,50,rosenbrock,3,0.000605,0.193244,0.217862,1.398281,0.705835
3,1.507637,2.066557,linear,150,50,rosenbrock,3,0.033525,1.031978,0.440361,3.440366,0.687465
3,1.287720,2.832683,linear,150,50,rosenbrock,3,0.001872,0.205235,0.205875,1.090439,0.726495
3,1.507637,5.322296,linear,150,50,rosenbrock,3,0.024712,0.705925,0.364361,3.321257,0.654570
3,0.802409,7.295407,linear,150,50,rosenbrock,3,0.005243,0.103948,0.103366,1.129546,1.489350
3,0.939444,1.287720,linear,150,50,rosenbrock,3,0.000107,1.641699,1.338866,2.244990,1.340820
3,1.765111,5.322296,linear,150,50,rosenbrock,3,0.000224,0.201290,0.267164,0.707390,0.830605
3,3.882831,1.507637,linear,150,50,rosenbrock,3,0.000747,0.206972,0.250031,1.929238,0.897395
3,1.099883,3.882831,linear,150,50,rosenbrock,3,0.002753,0.149025,0.191140,1.991196,0.936250
3,3.316448,10.000000,linear,150,50,rosenbrock,3,0.000198,1.984933,1.912421,2.278407,0.961300
3,1.099883,0.585390,linear,150,50,rosenbrock,3,0.017426,0.600059,0.540534,3.002434,1.069940
3,2.832683,0.500000,linear,150,50,rosenbrock,3,0.005392,0.744987,0.756471,2.217612,0.638035
3,1.507637,3.316448,linear,150,50,rosenbrock,3,0.000205,0.157298,0.195041,1.020305,0.683300
3,3.882831,3.882831,linear,150,50,rosenbrock,3,0.018969,1.253613,0.733726,3.722112,0.644005
3,2.066557,1.507637,linear,150,50,rosenbrock,3,0.025240,0.427702,0.286064,2.328075,0.811930
3,1.099883,6.231237,linear,150,50,rosenbrock,3,0.001036,0.178843,0.224781,1.397750,1.801145
3,1.765111,1.507637,linear,150,50,rosenbrock,3,0.024170,0.245204,0.282118,1.035749,1.151290
3,2.066557,0.939444,linear,150,50,rosenbrock,3,0.002190,0.797427,0.611352,3.265695,0.817975
3,1.507637,8.541316,linear,150,50,rosenbrock,3,0.000042,0.291920,0.403078,1.780187,0.857900
3,2.832683,2.066557,linear,150,50,rosenbrock,3,0.066671,0.453922,0.261046,1.814500,0.653285
3,5.322296,0.585390,linear,150,50,rosenbrock,3,0.003128,0.688755,0.304336,3.411409,0.863665
3,2.066557,4.545940,linear,150,50,rosenbrock,3,0.002574,0.226572,0.228774,1.661923,0.637510
3,6.231237,6.231237,linear,150,50,rosenbrock,3,0.010180,1.546772,1.219553,2.159108,0.940485
3,5.322296,0.802409,linear,150,50,rosenbrock,3,0.005542,0.832239,0.304781,2.023055,1.635340
3,2.419483,8.541316,linear,150,50,rosenbrock,3,0.075432,0.842873,0.719444,1.967297,0.637455
3,6.231237,3.882831,linear,150,50,rosenbrock,3,0.000098,1.241294,0.571404,3.920197,1.043090
3,2.419483,1.287720,linear,150,50,rosenbrock,3,0.000799,0.263800,0.329060,1.320494,0.730250
3,2.419483,3.316448,linear,150,50,rosenbrock,3,0.000241,0.252040,0.217948,1.872633,2.463470
3,3.316448,2.419483,linear,150,50,rosenbrock,3,0.000000,0.177630,0.225772,1.623594,2.158620
3,3.316448,0.500000,linear,150,50,rosenbrock,3,0.126113,0.808356,0.781112,1.574195,0.827955
3,0.500000,3.882831,linear,150,50,rosenbrock,3,0.000052,0.391608,0.531457,2.898755,0.852925
3,2.419483,5.322296,linear,150,50,rosenbrock,3,0.031196,0.230261,0.257100,1.513081,0.653960
3,2.066557,7.295407,linear,150,50,rosenbrock,3,0.004117,0.925699,0.439170,3.875993,0.697120
3,3.316448,0.802409,linear,150,50,rosenbrock,3,0.013586,1.116334,0.625312,3.184247,0.815070
3,2.066557,2.832683,linear,150,50,rosenbrock,3,0.000080,0.125011,0.170993,2.120202,0.823330
3,2.832683,6.231237,linear,150,50,rosenbrock,3,0.082949,1.361302,0.582593,3.205318,0.627225
3,0.585390,5.322296,linear,150,50,rosenbrock,3,0.004851,0.391837,0.369092,2.186889,0.643710
3,3.882831,10.000000,linear,150,50,rosenbrock,3,0.005757,1.165773,0.874485,3.078708,0.836470
3,0.802409,4.545940,linear,150,50,rosenbrock,3,0.023593,0.221458,0.268594,2.057561,0.667625
3,2.832683,8.541316,linear,150,50,rosenbrock,3,0.027751,1.561358,0.517185,3.229590,0.855060
3,4.545940,0.685363,linear,150,50,rosenbrock,3,0.022925,0.665099,0.426506,2.864701,0.823970
3,2.419483,0.500000,linear,150,50,rosenbrock,3,0.006750,0.922809,0.920211,3.298439,0.638735
3,10.000000,0.585390,linear,150,50,rosenbrock,3,0.000355,0.223167,0.222996,2.574661,0.831820
3,2.832683,3.882831,linear,150,50,rosenbrock,3,0.000376,0.813015,0.338513,2.175411,0.673760
3,0.685363,0.939444,linear,150,50,rosenbrock,3,0.011334,1.411744,1.544957,3.607171,0.766130
3,3.316448,3.882831,linear,150,50,rosenbrock,3,0.001822,1.008134,0.388724,3.133575,0.651450
3,3.316448,1.507637,linear,150,50,rosenbrock,3,0.047178,1.139291,0.700367,2.187628,0.712430
3,0.685363,6.231237,linear,150,50,rosenbrock,3,0.023835,0.323379,0.245618,2.967278,0.834860
3,1.765111,2.419483,linear,150,50,rosenbrock,3,0.000071,0.259799,0.235302,1.588117,0.807445
3,1.507637,1.099883,linear,150,50,rosenbrock,3,0.061949,0.630318,0.688666,2.426410,0.654230
3,4.545940,1.099883,linear,150,50,rosenbrock,3,0.000542,0.196784,0.225634,1.391075,0.799505
3,0.802409,1.765111,linear,150,50,rosenbrock,3,0.010296,1.878649,2.860893,2.468536,0.799520
3,4.545940,1.765111,linear,150,50,rosenbrock,3,0.011261,0.162138,0.183142,0.574072,0.929490
3,0.685363,10.000000,linear,150,50,rosenbrock,3,0.002437,0.192299,0.247488,0.661755,0.845140
3,10.000000,6.231237,linear,150,50,rosenbrock,3,0.053583,2.419554,3.416122,2.920424,0.873535
3,4.545940,0.500000,linear,150,50,rosenbrock,3,0.001974,0.421467,0.514628,2.165331,0.854045
3,4.545940,0.802409,linear,150,50,rosenbrock,3,0.028143,0.249033,0.256751,1.502289,0.734510
3,1.287720,7.295407,linear,150,50,rosenbrock,3,0.000817,0.773534,0.285877,2.205999,0.669125
3,0.685363,2.419483,linear,150,50,rosenbrock,3,0.009155,0.787307,0.775751,1.649165,0.928885
3,0.939444,0.500000,linear,150,50,rosenbrock,3,0.000571,1.493106,1.358229,5.586803,0.800630
3,10.000000,2.419483,linear,150,50,rosenbrock,3,0.004242,1.543299,0.871738,2.520558,1.267385
3,0.500000,1.765111,quadratic,150,50,rosenbrock,3,0.006295,1.225168,0.696057,3.461999,0.805020
3,5.322296,8.541316,linear,150,50,rosenbrock,3,0.002417,1.571076,1.044518,2.169242,0.678280
3,3.882831,0.685363,linear,150,50,rosenbrock,3,0.012522,0.507688,0.438195,1.574088,0.640895
3,10.000000,10.000000,linear,150,50,rosenbrock,3,0.154486,2.547120,2.743861,4.148706,1.162475
3,0.939444,3.316448,linear,150,50,rosenbrock,3,0.059700,0.236949,0.279756,0.305384,1.007910
3,0.500000,0.685363,quadratic,150,50,rosenbrock,3,0.008061,2.309180,3.257853,6.935167,0.948210
3,5.322296,5.322296,linear,150,50,rosenbrock,3,0.027338,1.666444,2.001179,2.955069,0.802210
3,6.231237,0.585390,linear,150,50,rosenbrock,3,0.011050,0.330062,0.299106,2.687509,0.660075
3,3.316448,4.545940,linear,150,50,rosenbrock,3,0.005259,0.575208,0.580575,1.774272,0.991175
3,1.765111,0.585390,linear,150,50,rosenbrock,3,0.060436,1.240957,1.119485,2.928631,0.774765
3,2.832683,10.000000,linear,150,50,rosenbrock,3,0.003140,1.413734,0.713017,3.067595,1.376930
3,3.882831,1.099883,linear,150,50,rosenbrock,3,0.008347,0.369570,0.288433,2.076084,0.627990
3,3.882831,7.295407,linear,150,50,rosenbrock,3,0.001582,1.730347,1.059062,3.142841,0.666240
3,6.231237,1.507637,linear,150,50,rosenbrock,3,0.000093,0.577576,0.199326,2.158154,0.634640
3,6.231237,2.419483,linear,150,50,rosenbrock,3,0.004678,0.347104,0.383084,1.291873,0.650265
3,2.419483,2.066557,linear,150,50,rosenbrock,3,0.004154,0.320772,0.154385,2.464742,0.655465
3,1.765111,0.939444,linear,150,50,rosenbrock,3,0.000234,0.548782,0.571321,2.515913,0.790330
3,3.882831,2.419483,linear,150,50,rosenbrock,3,0.006543,0.261654,0.255606,1.615072,0.817985
3,7.295407,1.099883,linear,150,50,rosenbrock,3,0.010787,0.197802,0.247700,1.164399,0.648485
3,1.765111,3.882831,linear,150,50,rosenbrock,3,0.000586,0.198770,0.205831,1.429278,0.846105
3,7.295407,0.685363,linear,150,50,rosenbrock,3,0.002539,0.175122,0.215612,1.294515,0.785030
3,2.832683,0.585390,linear,150,50,rosenbrock,3,0.003179,1.241037,0.676351,3.469523,0.614175
3,7.295407,2.832683,linear,150,50,rosenbrock,3,0.003524,0.637578,0.474240,2.156694,0.857360
3,8.541316,0.500000,linear,150,50,rosenbrock,3,0.000150,0.183698,0.178525,2.127979,0.658075
3,3.882831,4.545940,linear,150,50,rosenbrock,3,0.000002,0.891332,0.558911,2.732548,0.641880
3,1.765111,6.231237,linear,150,50,rosenbrock,3,0.000004,0.235895,0.321065,1.527314,0.811800
3,7.295407,1.765111,linear,150,50,rosenbrock,3,0.002193,0.217408,0.293310,1.175012,0.938720
3,3.882831,0.500000,linear,150,50,rosenbrock,3,0.056766,1.291360,0.853418,2.571299,0.803455
3,8.541316,0.802409,linear,150,50,rosenbrock,3,0.011531,0.860252,0.256937,3.194811,0.656620
3,3.882831,1.765111,linear,150,50,rosenbrock,3,0.008282,0.236734,0.225294,1.512299,0.838460
3,7.295407,4.545940,linear,150,50,rosenbrock,3,0.004032,1.734409,1.090968,3.687540,0.839585
3,5.322296,0.685363,linear,150,50,rosenbrock,3,0.012729,1.210261,0.372094,3.246875,0.654880
3,2.832683,2.419483,linear,150,50,rosenbrock,3,0.079149,0.897590,0.379994,2.936611,0.667165
3,2.066557,1.099883,linear,150,50,rosenbrock,3,0.007985,0.545910,0.475460,2.737485,0.836530
3,8.541316,2.066557,linear,150,50,rosenbrock,3,0.000454,0.764568,0.440511,2.457362,0.811480
3,8.541316,3.316448,linear,150,50,rosenbrock,3,0.000003,0.738221,0.684832,3.207217,0.704715
3,3.882831,1.287720,linear,150,50,rosenbrock,3,0.013051,0.143774,0.181078,1.528442,1.243205
3,5.322296,0.939444,linear,150,50,rosenbrock,3,0.006983,0.170796,0.209081,0.927010,0.652025
3,8.541316,8.541316,linear,150,50,rosenbrock,3,0.181436,2.899647,4.223555,2.946186,0.643630
3,8.541316,5.322296,linear,150,50,rosenbrock,3,0.037665,1.109451,0.622664,3.069984,0.706500
3,10.000000,1.507637,linear,150,50,rosenbrock,3,0.007219,0.997015,0.524919,2.102923,0.636915
3,6.231237,7.295407,linear,150,50,rosenbrock,3,0.031341,1.236055,0.882690,2.359353,0.819715
3,6.231237,4.545940,linear,150,50,rosenbrock,3,0.003927,2.298207,2.728648,3.155346,0.808775
3,0.500000,1.099883,linear,150,50,rosenbrock,3,0.013137,1.320253,1.223593,1.913383,0.781595
3,2.066557,1.765111,linear,150,50,rosenbrock,3,0.000342,0.196775,0.275447,2.595187,1.515540
3,0.585390,2.066557,quadratic,150,50,rosenbrock,3,0.000090,1.855587,2.558485,2.541528,1.937440
3,3.316448,0.585390,linear,150,50,rosenbrock,3,0.002008,0.442041,0.582874,3.116640,0.892750
3,0.585390,0.500000,quadratic,150,50,rosenbrock,3,0.015898,1.810339,1.418333,4.053195,2.353130
3,3.316448,2.832683,linear,150,50,rosenbrock,3,0.000024,0.527807,0.287400,1.750545,0.912740
3,0.500000,4.545940,linear,150,50,rosenbrock,3,0.017378,0.375422,0.513583,1.790949,0.940870
3,8.541316,1.287720,linear,150,50,rosenbrock,3,0.000000,0.345558,0.409618,3.042346,1.465830
3,4.545940,2.832683,linear,150,50,rosenbrock,3,0.014324,0.315839,0.405654,1.251842,0.805235
3,3.316448,0.939444,linear,150,50,rosenbrock,3,0.006922,0.743579,0.407292,2.213587,0.828085
3,0.802409,0.685363,quadratic,150,50,rosenbrock,3,0.561756,1.844263,1.838117,3.033521,0.817495
3,0.500000,1.099883,quadratic,150,50,rosenbrock,3,0.000045,1.139282,1.354922,4.011652,0.726380
3,4.545940,4.545940,linear,150,50,rosenbrock,3,0.001033,0.493636,0.559098,1.692762,0.803410
3,0.939444,5.322296,linear,150,50,rosenbrock,3,0.000008,0.375142,0.278756,2.842891,0.869365
3,3.316448,6.231237,linear,150,50,rosenbrock,3,0.004837,1.073777,0.674130,2.537045,0.904990
3,8.541316,2.419483,linear,150,50,rosenbrock,3,0.000006,1.272400,0.564213,3.825838,0.934640
3,1.765111,8.541316,linear,150,50,rosenbrock,3,0.000479,0.279587,0.398683,2.010619,0.788950
3,3.316448,1.765111,linear,150,50,rosenbrock,3,0.000017,0.159887,0.167543,1.636153,0.802760
3,8.541316,10.000000,linear,150,50,rosenbrock,3,0.200354,2.389926,2.787112,2.279679,0.895720
3,1.507637,1.287720,linear,150,50,rosenbrock,3,0.012708,0.715084,0.545291,2.307346,0.635405
3,4.545940,2.066557,linear,150,50,rosenbrock,3,0.034329,0.557180,0.454475,1.666637,0.649930
3,0.802409,1.765111,quadratic,150,50,rosenbrock,3,0.000039,0.568383,0.488860,2.293264,0.920200
3,0.585390,0.802409,quadratic,150,50,rosenbrock,3,0.020338,1.416784,1.621946,51.286957,0.605260
3,4.545940,0.939444,linear,150,50,rosenbrock,3,0.000015,0.264984,0.321849,3.014063,0.633930
3,4.545940,1.287720,linear,150,50,rosenbrock,3,0.086344,0.217563,0.235273,2.118265,0.805530
3,0.500000,7.295407,quadratic,150,50,rosenbrock,3,0.001310,0.105219,0.132719,1.508261,0.804345
3,0.500000,4.545940,quadratic,150,50,rosenbrock,3,0.011772,0.251416,0.348786,0.739734,0.846840
3,6.231237,0.939444,linear,150,50,rosenbrock,3,0.001339,0.181725,0.166659,1.873901,0.803790
3,10.000000,7.295407,linear,150,50,rosenbrock,3,0.101594,0.845527,0.887089,3.693954,0.815435
3,5.322296,10.000000,linear,150,50,rosenbrock,3,0.017968,2.196214,1.771319,3.868061,0.646050
3,4.545940,0.585390,linear,150,50,rosenbrock,3,0.002427,1.174150,0.472893,3.183526,0.848760
3,6.231237,10.000000,linear,150,50,rosenbrock,3,0.038109,2.107165,2.001182,3.125577,0.638835
3,7.295407,5.322296,linear,150,50,rosenbrock,3,0.010933,1.054205,0.622428,2.314557,2.030745
3,0.500000,2.066557,quadratic,150,50,rosenbrock,3,0.083916,0.869669,0.883823,2.466665,0.786260
3,3.882831,0.802409,linear,150,50,rosenbrock,3,0.011807,0.765543,0.478834,2.714578,0.750155
3,10.000000,2.832683,linear,150,50,rosenbrock,3,0.269764,2.230964,2.551526,2.271310,0.852875
3,10.000000,0.685363,linear,150,50,rosenbrock,3,0.067878,0.215410,0.246126,1.908541,1.820030
3,0.585390,1.287720,quadratic,150,50,rosenbrock,3,0.035840,0.731853,0.879797,2.670385,0.925280
3,0.939444,3.316448,quadratic,150,50,rosenbrock,3,0.019311,0.214941,0.155080,2.750354,0.759800
3,10.000000,1.765111,linear,150,50,rosenbrock,3,0.000001,0.474395,0.453782,1.852634,1.616545
3,0.500000,0.802409,quadratic,150,50,rosenbrock,3,0.157658,1.161159,1.230461,2.759705,0.633720
3,6.231237,8.541316,linear,150,50,rosenbrock,3,0.043575,3.483428,5.283490,4.057702,1.388020
3,0.585390,5.322296,quadratic,150,50,rosenbrock,3,0.004774,0.325300,0.198014,2.147073,0.645075
3,0.585390,3.316448,quadratic,150,50,rosenbrock,3,0.000054,1.143924,0.627475,3.808776,0.804605
3,3.882831,8.541316,linear,150,50,rosenbrock,3,0.010754,1.551787,0.921020,3.114745,0.635610
3,6.231237,0.685363,linear,150,50,rosenbrock,3,0.071336,0.244513,0.288596,1.324372,0.759845
3,5.322296,6.231237,linear,150,50,rosenbrock,3,0.001987,1.452365,0.843379,2.217327,0.803995
3,0.585390,8.541316,quadratic,150,50,rosenbrock,3,0.000064,0.108156,0.110093,1.331066,0.813860
3,6.231237,1.765111,linear,150,50,rosenbrock,3,0.005036,0.233704,0.349416,2.159985,0.638110
3,6.231237,2.832683,linear,150,50,rosenbrock,3,0.000749,1.389973,0.547321,2.276771,0.623875
3,0.685363,0.939444,quadratic,150,50,rosenbrock,3,0.082614,1.544358,2.068257,3.236267,0.613990
3,7.295407,1.287720,linear,150,50,rosenbrock,3,0.011420,0.389933,0.262090,1.989832,0.670230
3,0.685363,1.507637,quadratic,150,50,rosenbrock,3,0.009981,0.765685,0.645885,2.178774,0.824120
3,7.295407,7.295407,linear,150,50,rosenbrock,3,0.046452,1.430837,1.096851,2.542460,0.807685
3,3.882831,2.832683,linear,150,50,rosenbrock,3,0.000333,0.262845,0.238556,2.848262,0.806485
3,0.685363,3.882831,quadratic,150,50,rosenbrock,3,0.000160,0.209195,0.256108,1.958780,0.660590
3,0.685363,2.419483,quadratic,150,50,rosenbrock,3,0.095489,0.469474,0.558584,1.373400,0.810645
3,8.541316,0.585390,linear,150,50,rosenbrock,3,0.001228,0.362254,0.151202,1.807216,0.661855
3,3.882831,5.322296,linear,150,50,rosenbrock,3,0.015927,0.388717,0.503232,1.575242,0.684120
3,10.000000,0.939444,linear,150,50,rosenbrock,3,0.001797,0.313244,0.198483,1.359881,0.634500
3,8.541316,0.939444,linear,150,50,rosenbrock,3,0.000605,0.163563,0.175450,3.655535,0.708950
3,0.685363,6.231237,quadratic,150,50,rosenbrock,3,0.002022,0.182636,0.101463,1.893638,0.804405
3,6.231237,3.316448,linear,150,50,rosenbrock,3,0.158602,1.767848,1.008750,3.262008,0.745565
3,7.295407,0.802409,linear,150,50,rosenbrock,3,0.023562,0.130935,0.149635,0.111162,1.122275
3,0.685363,1.099883,quadratic,150,50,rosenbrock,3,0.003643,0.953876,0.935913,15.661948,0.793540
3,0.802409,2.832683,quadratic,150,50,rosenbrock,3,0.066812,0.550977,0.361447,3.411819,0.632010
3,8.541316,3.882831,linear,150,50,rosenbrock,3,0.000048,0.515567,0.655138,3.744368,0.655185
3,4.545940,7.295407,linear,150,50,rosenbrock,3,0.000297,1.427617,0.747418,3.743169,0.805810
3,5.322296,1.287720,linear,150,50,rosenbrock,3,0.000172,0.314812,0.223928,2.956667,0.809925
3,5.322296,1.099883,linear,150,50,rosenbrock,3,0.000569,0.110998,0.132275,0.533729,0.742425
3,8.541316,6.231237,linear,150,50,rosenbrock,3,0.018971,1.039598,0.832510,3.571749,0.685655
3,7.295407,3.316448,linear,150,50,rosenbrock,3,0.011019,0.992683,0.827662,2.086475,1.467510
3,10.000000,1.099883,linear,150,50,rosenbrock,3,0.000412,0.589758,0.251740,2.287716,0.732915
3,5.322296,3.316448,linear,150,50,rosenbrock,3,0.000799,0.515817,0.512831,2.983243,0.810100
3,6.231237,5.322296,linear,150,50,rosenbrock,3,0.001237,1.541978,0.963297,3.943383,0.840500
3,0.500000,2.832683,quadratic,150,50,rosenbrock,3,0.033265,1.528081,1.399953,3.192122,0.846585
3,0.802409,7.295407,quadratic,150,50,rosenbrock,3,0.000020,0.100965,0.095800,1.597587,0.694750
3,7.295407,2.066557,linear,150,50,rosenbrock,3,0.000038,0.947252,0.452673,2.128562,1.567180
3,0.585390,0.585390,quadratic,150,50,rosenbrock,3,0.017470,2.362562,2.879137,2.753040,0.741190
3,3.316448,0.685363,linear,150,50,rosenbrock,3,0.021263,0.541054,0.510891,1.993982,0.808225
3,4.545940,3.316448,linear,150,50,rosenbrock,3,0.033515,0.413351,0.437834,1.990655,0.663870
3,0.939444,0.500000,quadratic,150,50,rosenbrock,3,0.005722,0.892788,1.029028,2.312159,0.815860
3,0.802409,0.802409,quadratic,150,50,rosenbrock,3,0.008111,1.546785,2.006168,37.954178,0.665720
3,0.939444,0.802409,quadratic,150,50,rosenbrock,3,0.002125,3.179448,4.438412,3.365891,0.792590
3,4.545940,1.507637,linear,150,50,rosenbrock,3,0.000002,0.525483,0.267988,1.700002,2.476120
3,0.685363,10.000000,quadratic,150,50,rosenbrock,3,0.026131,0.268446,0.336488,0.612371,1.745530
3,3.882831,2.066557,linear,150,50,rosenbrock,3,0.016952,0.290651,0.257555,1.175879,1.712880
3,0.802409,3.316448,quadratic,150,50,rosenbrock,3,0.003858,0.704664,0.279699,2.915324,0.747740
3,0.585390,2.419483,quadratic,150,50,rosenbrock,3,0.000007,1.004623,0.716098,2.286080,0.957185
3,5.322296,2.066557,linear,150,50,rosenbrock,3,0.000387,0.313196,0.228726,1.525491,1.196005
3,8.541316,1.507637,linear,150,50,rosenbrock,3,0.011344,0.249043,0.339295,3.711113,0.856810
3,0.500000,1.287720,quadratic,150,50,rosenbrock,3,0.003148,2.588681,2.936484,3.828735,0.678920
3,4.545940,5.322296,linear,150,50,rosenbrock,3,0.084586,1.278781,0.662436,4.261270,0.803280
3,0.939444,5.322296,quadratic,150,50,rosenbrock,3,0.002043,0.151113,0.170900,0.898554,0.635775
3,0.939444,2.066557,quadratic,150,50,rosenbrock,3,0.054571,0.359667,0.465762,2.024052,0.857945
3,4.545940,2.419483,linear,150,50,rosenbrock,3,0.012849,0.218745,0.287952,1.610932,0.636270
3,0.685363,1.287720,quadratic,150,50,rosenbrock,3,0.000000,0.985747,0.985616,3.047744,1.195060
3,10.000000,0.500000,linear,150,50,rosenbrock,3,0.001449,0.100456,0.097839,0.401622,0.702120
3,8.541316,2.832683,linear,150,50,rosenbrock,3,0.001403,0.272570,0.321877,2.852952,0.806045
3,1.765111,10.000000,linear,150,50,rosenbrock,3,0.000000,0.681932,0.468400,2.134500,0.800640
3,0.585390,0.939444,quadratic,150,50,rosenbrock,3,0.011322,1.532454,1.556104,2.040755,0.683505
3,3.316448,1.099883,linear,150,50,rosenbrock,3,0.000305,0.452350,0.275145,2.259374,0.831385
3,0.939444,8.541316,quadratic,150,50,rosenbrock,3,0.002175,0.130936,0.180457,1.432027,0.630280
3,1.287720,0.685363,quadratic,150,50,rosenbrock,3,0.070517,2.545542,2.715381,3.477562,1.010785
3,7.295407,2.419483,linear,150,50,rosenbrock,3,0.000025,0.852653,0.430522,2.194350,0.946410
3,0.500000,8.541316,quadratic,150,50,rosenbrock,3,0.002427,0.122128,0.147483,1.124958,0.837085
3,6.231237,1.099883,linear,150,50,rosenbrock,3,0.021960,0.310981,0.279790,0.895178,0.824160
3,0.585390,2.832683,quadratic,150,50,rosenbrock,3,0.000192,0.842695,0.408107,3.716948,0.939500
3,0.685363,0.585390,quadratic,150,50,rosenbrock,3,0.210852,2.392800,2.598463,2.746063,0.792865
3,6.231237,0.500000,linear,150,50,rosenbrock,3,0.000436,0.676484,0.369013,2.684976,0.706665
3,7.295407,0.500000,linear,150,50,rosenbrock,3,0.000672,0.244543,0.229178,2.831694,0.649170
3,1.099883,0.939444,quadratic,150,50,rosenbrock,3,0.005531,1.056216,0.758797,3.043391,0.603590
3,10.000000,8.541316,linear,150,50,rosenbrock,3,0.135215,2.808686,3.077726,3.886786,0.880450
3,10.000000,2.066557,linear,150,50,rosenbrock,3,0.000539,0.565583,0.556698,1.878342,0.622330
3,1.099883,0.585390,quadratic,150,50,rosenbrock,3,0.000159,1.421264,1.352034,1.520094,0.832595
3,0.500000,2.419483,quadratic,150,50,rosenbrock,3,0.000899,0.938697,0.823723,3.007164,0.840710
3,7.295407,6.231237,linear,150,50,rosenbrock,3,0.034685,0.676254,0.812581,1.957530,0.893245
3,0.500000,0.939444,quadratic,150,50,rosenbrock,3,0.009317,1.332401,1.857745,1.845487,0.735085
3,0.939444,3.882831,quadratic,150,50,rosenbrock,3,0.000335,0.145680,0.140948,1.576470,0.780940
3,1.507637,0.802409,quadratic,150,50,rosenbrock,3,0.031507,1.805467,2.343574,2.672941,0.841190
3,0.585390,1.099883,quadratic,150,50,rosenbrock,3,0.003471,0.532705,0.595025,1.545219,0.844095
3,1.507637,0.500000,quadratic,150,50,rosenbrock,3,0.018943,1.265263,1.263190,2.110483,1.011180
3,1.099883,1.507637,quadratic,150,50,rosenbrock,3,0.134143,0.749812,0.592280,2.137937,0.797800
3,0.585390,6.231237,quadratic,150,50,rosenbrock,3,0.041035,0.193895,0.180470,1.661770,0.856040
3,1.099883,2.419483,quadratic,150,50,rosenbrock,3,0.001948,0.236747,0.210265,1.607775,0.644270
3,6.231237,0.802409,linear,150,50,rosenbrock,3,0.000247,0.179653,0.216436,2.826086,0.650075
3,6.231237,2.066557,linear,150,50,rosenbrock,3,0.046527,0.226250,0.249619,1.520494,0.659970
3,10.000000,3.882831,linear,150,50,rosenbrock,3,0.006280,1.231575,0.715207,3.333282,0.669950
3,0.585390,3.882831,quadratic,150,50,rosenbrock,3,0.000442,0.216493,0.277416,3.389343,0.806950
3,0.802409,1.099883,quadratic,150,50,rosenbrock,3,0.002917,0.732587,0.832105,2.366619,0.653525
3,0.585390,10.000000,quadratic,150,50,rosenbrock,3,0.003186,0.143747,0.204304,2.394452,0.812365
3,7.295407,1.507637,linear,150,50,rosenbrock,3,0.017497,0.393403,0.321178,2.341230,0.630565
3,8.541316,0.685363,linear,150,50,rosenbrock,3,0.006040,0.174031,0.225836,1.611525,0.637665
3,0.685363,1.765111,quadratic,150,50,rosenbrock,3,0.017200,1.261610,0.839454,2.465354,0.822285
3,7.295407,8.541316,linear,150,50,rosenbrock,3,0.025454,1.013613,1.270834,2.847352,0.834925
3,0.685363,4.545940,quadratic,150,50,rosenbrock,3,0.001298,0.509136,0.417520,2.258066,0.874465
3,5.322296,7.295407,linear,150,50,rosenbrock,3,0.003469,3.182025,5.276304,3.369704,1.230655
3,1.099883,6.231237,quadratic,150,50,rosenbrock,3,0.000385,0.196210,0.201701,1.148941,0.633060
3,8.541316,1.099883,linear,150,50,rosenbrock,3,0.002104,0.108717,0.099986,1.374783,0.683240
3,7.295407,0.939444,linear,150,50,rosenbrock,3,0.000744,0.435852,0.247869,2.003263,0.631620
3,8.541316,4.545940,linear,150,50,rosenbrock,3,0.017080,1.466623,0.801460,3.837950,0.653510
3,0.802409,4.545940,quadratic,150,50,rosenbrock,3,0.001317,0.125253,0.175057,1.833083,0.823840
3,0.939444,4.545940,quadratic,150,50,rosenbrock,3,0.000145,0.188817,0.150537,1.705674,1.093100
3,3.882831,3.316448,linear,150,50,rosenbrock,3,0.003099,0.195443,0.261706,3.073971,1.187315
3,1.099883,10.000000,quadratic,150,50,rosenbrock,3,0.000240,0.248848,0.320669,1.611129,0.628625
3,0.685363,7.295407,quadratic,150,50,rosenbrock,3,0.000014,0.143032,0.166281,1.354631,0.937885
3,8.541316,7.295407,linear,150,50,rosenbrock,3,0.014379,2.017827,1.973193,2.973063,0.634795
3,0.939444,1.287720,quadratic,150,50,rosenbrock,3,0.115008,1.310011,0.780339,3.167598,0.893170
3,4.545940,8.541316,linear,150,50,rosenbrock,3,0.078341,2.034828,1.218596,3.345253,0.802955
3,10.000000,1.287720,linear,150,50,rosenbrock,3,0.008501,0.855656,0.290079,3.345491,0.651225
3,1.507637,0.939444,quadratic,150,50,rosenbrock,3,0.000023,1.100132,0.723336,3.028746,1.373265
3,0.585390,0.685363,quadratic,150,50,rosenbrock,3,0.000356,1.067563,1.138632,2.321434,0.615820
3,5.322296,1.507637,linear,150,50,rosenbrock,3,0.003162,0.141059,0.166197,0.817140,1.121335
3,2.066557,7.295407,quadratic,150,50,rosenbrock,3,0.009429,0.441006,0.470929,2.989714,0.675340
3,2.066557,4.545940,quadratic,150,50,rosenbrock,3,0.000022,0.245742,0.286799,1.582454,0.714915
3,7.295407,3.882831,linear,150,50,rosenbrock,3,0.000069,1.219579,1.011495,2.951344,1.047465
3,0.500000,0.500000,quadratic,150,50,rosenbrock,3,0.045323,1.989088,2.197398,2.685463,0.761705
3,0.500000,3.316448,quadratic,150,50,rosenbrock,3,0.015942,0.837429,0.508137,2.664706,0.801930
3,3.316448,7.295407,linear,150,50,rosenbrock,3,0.000264,1.304637,0.569000,3.297257,1.103390
3,0.802409,8.541316,quadratic,150,50,rosenbrock,3,0.014155,0.432135,0.294071,1.814867,0.666030
3,0.802409,0.939444,quadratic,150,50,rosenbrock,3,0.175725,2.600410,3.347825,3.882097,0.618880
3,2.419483,0.500000,quadratic,150,50,rosenbrock,3,0.003164,0.976870,0.976541,2.461380,0.988955
3,0.802409,3.882831,quadratic,150,50,rosenbrock,3,0.000353,0.487631,0.272839,2.395912,0.651815
3,5.322296,3.882831,linear,150,50,rosenbrock,3,0.010168,0.683692,0.666421,1.929033,1.159825
3,0.802409,2.066557,quadratic,150,50,rosenbrock,3,0.003009,1.237974,0.586487,2.925227,0.874525
3,1.287720,1.765111,quadratic,150,50,rosenbrock,3,0.001126,0.440325,0.332892,3.065126,0.832285
3,1.287720,2.832683,quadratic,150,50,rosenbrock,3,0.000121,0.170872,0.206693,1.192123,0.824155
3,0.939444,0.939444,quadratic,150,50,rosenbrock,3,0.056302,0.965127,0.875782,3.172810,0.881005
3,0.500000,5.322296,quadratic,150,50,rosenbrock,3,0.000638,0.387997,0.308877,2.546244,0.808500
3,5.322296,2.419483,linear,150,50,rosenbrock,3,0.000069,0.269910,0.365933,1.701200,0.809840
3,0.500000,1.507637,quadratic,150,50,rosenbrock,3,0.001008,1.806116,2.540703,2.716677,0.642785
3,0.939444,6.231237,quadratic,150,50,rosenbrock,3,0.000000,0.225441,0.249265,1.303457,0.644005
3,1.507637,1.099883,quadratic,150,50,rosenbrock,3,0.000078,0.507378,0.463545,2.362555,0.743095
3,0.802409,0.500000,quadratic,150,50,rosenbrock,3,0.009660,1.890484,2.808272,19.460220,1.076135
3,1.287720,4.545940,quadratic,150,50,rosenbrock,3,0.022091,0.312277,0.183482,1.502031,0.631140
3,1.287720,7.295407,quadratic,150,50,rosenbrock,3,0.005380,0.230896,0.395689,2.221210,0.665245
3,1.507637,1.287720,quadratic,150,50,rosenbrock,3,0.002068,0.351421,0.277184,2.129914,0.698685
3,0.939444,2.419483,quadratic,150,50,rosenbrock,3,0.000081,1.330080,0.673256,2.956198,0.832100
3,2.419483,8.541316,quadratic,150,50,rosenbrock,3,0.035691,1.398828,0.695437,2.870740,1.017575
3,0.939444,10.000000,quadratic,150,50,rosenbrock,3,0.001671,0.347544,0.425346,1.376200,0.683875
3,10.000000,0.802409,linear,150,50,rosenbrock,3,0.001521,0.200038,0.241320,1.452015,0.802935
3,10.000000,3.316448,linear,150,50,rosenbrock,3,0.001820,2.709461,4.784525,3.055170,0.847470
3,1.287720,0.802409,quadratic,150,50,rosenbrock,3,0.004882,0.915963,0.853465,1.802528,0.665015
3,1.507637,2.066557,quadratic,150,50,rosenbrock,3,0.017647,0.649094,0.286287,1.514442,0.974445
3,0.585390,1.507637,quadratic,150,50,rosenbrock,3,0.000056,2.016524,2.717955,3.325000,1.013140
3,1.099883,1.099883,quadratic,150,50,rosenbrock,3,0.011375,0.729132,0.825172,3.255367,0.614190
3,1.507637,8.541316,quadratic,150,50,rosenbrock,3,0.000814,0.996337,0.373288,2.229312,0.636845
3,1.507637,3.316448,quadratic,150,50,rosenbrock,3,0.000538,0.143319,0.164578,1.274286,0.858360
3,7.295407,0.585390,linear,150,50,rosenbrock,3,0.003823,0.342041,0.297941,1.016056,0.656535
3,0.500000,10.000000,quadratic,150,50,rosenbrock,3,0.009736,0.340791,0.234532,1.827111,0.818210
3,1.765111,0.939444,quadratic,150,50,rosenbrock,3,0.027032,0.662647,0.622517,1.796834,0.649075
3,1.507637,5.322296,quadratic,150,50,rosenbrock,3,0.014101,0.449782,0.399579,1.627680,0.839375
3,1.287720,8.541316,quadratic,150,50,rosenbrock,3,0.040085,1.117608,0.431685,2.503046,0.865190
3,6.231237,1.287720,linear,150,50,rosenbrock,3,0.009021,0.258167,0.177430,1.905918,0.909590
3,1.507637,1.507637,quadratic,150,50,rosenbrock,3,0.001112,0.611453,0.358896,2.889168,0.865980
3,0.939444,2.832683,quadratic,150,50,rosenbrock,3,0.004961,0.511719,0.491386,2.675850,0.880665
3,1.765111,1.507637,quadratic,150,50,rosenbrock,3,0.000713,1.069747,0.433093,3.345956,0.882810
3,1.765111,3.882831,quadratic,150,50,rosenbrock,3,0.010554,0.159819,0.205236,0.172407,0.671420
3,1.765111,6.231237,quadratic,150,50,rosenbrock,3,0.000000,0.492986,0.448865,1.559545,0.688200
3,1.099883,3.882831,quadratic,150,50,rosenbrock,3,0.032492,0.128027,0.124668,1.462839,0.728110
3,1.099883,0.500000,quadratic,150,50,rosenbrock,3,0.001676,1.591115,2.215460,2.348494,0.912260
3,1.507637,0.585390,quadratic,150,50,rosenbrock,3,0.003547,0.662334,0.875310,2.906042,0.619555
3,0.585390,7.295407,quadratic,150,50,rosenbrock,3,0.002208,0.210729,0.165576,1.834866,0.651680
3,1.099883,2.832683,quadratic,150,50,rosenbrock,3,0.012707,0.371669,0.222955,2.764191,0.647580
3,1.765111,10.000000,quadratic,150,50,rosenbrock,3,0.000322,1.666676,0.919403,3.111120,0.687070
3,1.099883,1.765111,quadratic,150,50,rosenbrock,3,0.002257,0.497136,0.453364,1.927518,0.801500
3,10.000000,4.545940,linear,150,50,rosenbrock,3,0.001003,2.276088,3.263883,3.095651,0.682845
3,1.507637,6.231237,quadratic,150,50,rosenbrock,3,0.021014,0.278821,0.369389,1.956634,0.882360
3,2.066557,1.765111,quadratic,150,50,rosenbrock,3,0.044410,0.180965,0.204606,1.204599,0.642275
3,2.066557,1.099883,quadratic,150,50,rosenbrock,3,0.053620,0.394586,0.358674,1.621325,0.670630
3,0.685363,0.500000,quadratic,150,50,rosenbrock,3,0.030495,1.585820,1.870718,1.662119,0.779690
3,0.685363,2.832683,quadratic,150,50,rosenbrock,3,0.008716,0.659653,0.379375,1.580870,1.227885
3,1.099883,7.295407,quadratic,150,50,rosenbrock,3,0.000137,0.166403,0.188256,0.973384,0.631695
3,0.685363,5.322296,quadratic,150,50,rosenbrock,3,0.001924,0.093141,0.132048,0.546560,0.679770
3,0.585390,4.545940,quadratic,150,50,rosenbrock,3,0.006543,0.159865,0.133001,2.110984,0.966175
3,0.802409,1.287720,quadratic,150,50,rosenbrock,3,0.001390,0.619487,0.719555,2.823313,0.942025
3,4.545940,3.882831,linear,150,50,rosenbrock,3,0.001215,0.342907,0.303746,1.953834,0.643015
3,7.295407,10.000000,linear,150,50,rosenbrock,3,0.025480,1.782130,1.670935,2.078330,0.822770
3,2.066557,2.832683,quadratic,150,50,rosenbrock,3,0.001451,0.242928,0.215586,1.936813,0.830020
3,2.419483,0.802409,quadratic,150,50,rosenbrock,3,0.044258,0.711416,0.636929,1.982181,0.640005
3,1.287720,1.099883,quadratic,150,50,rosenbrock,3,0.004503,0.882448,0.639758,2.814900,0.795935
3,2.419483,2.066557,quadratic,150,50,rosenbrock,3,0.015897,0.127876,0.155176,1.416241,0.646155
3,0.685363,2.066557,quadratic,150,50,rosenbrock,3,0.098854,1.460001,0.716611,3.526805,1.006770
3,2.066557,0.500000,quadratic,150,50,rosenbrock,3,0.002386,1.550729,1.258777,3.810117,0.731790
3,0.939444,0.585390,quadratic,150,50,rosenbrock,3,0.016725,1.232510,1.518086,1.976842,0.775000
3,0.685363,8.541316,quadratic,150,50,rosenbrock,3,0.000365,0.113648,0.139558,2.699265,0.807345
3,2.419483,3.316448,quadratic,150,50,rosenbrock,3,0.004560,0.154403,0.180967,0.438842,0.666180
3,2.066557,1.287720,quadratic,150,50,rosenbrock,3,0.010447,0.730375,0.358544,2.092789,0.726205
3,0.802409,5.322296,quadratic,150,50,rosenbrock,3,0.000001,0.302809,0.218497,2.377652,1.045190
3,2.066557,8.541316,quadratic,150,50,rosenbrock,3,0.028194,1.189824,0.467098,2.223673,0.649135
3,0.939444,1.507637,quadratic,150,50,rosenbrock,3,0.270536,1.263079,1.114595,1.641138,0.829220
3,2.066557,5.322296,quadratic,150,50,rosenbrock,3,0.032776,0.392786,0.463346,1.731032,0.664705
3,1.099883,2.066557,quadratic,150,50,rosenbrock,3,0.021243,1.139190,0.425090,2.379755,0.872260
3,8.541316,1.765111,linear,150,50,rosenbrock,3,0.001026,0.247386,0.286722,2.938672,0.815270
3,5.322296,1.765111,linear,150,50,rosenbrock,3,0.000882,0.271892,0.312447,1.478749,0.823230
3,2.419483,5.322296,quadratic,150,50,rosenbrock,3,0.002214,0.230896,0.266096,1.792926,0.919770
3,2.419483,0.585390,quadratic,150,50,rosenbrock,3,0.000854,0.858264,0.646115,2.469469,0.627865
3,2.832683,0.939444,quadratic,150,50,rosenbrock,3,0.000095,0.172841,0.247131,2.214146,0.645030
3,0.802409,10.000000,quadratic,150,50,rosenbrock,3,0.008588,0.683519,0.428944,2.940848,0.652400
3,2.832683,0.585390,quadratic,150,50,rosenbrock,3,0.128739,0.493305,0.565183,1.088350,0.818040
3,0.500000,3.882831,quadratic,150,50,rosenbrock,3,0.000018,0.530230,0.235088,3.034920,0.835285
3,4.545940,6.231237,linear,150,50,rosenbrock,3,0.000204,0.432010,0.552658,1.637209,0.856470
3,2.832683,1.507637,quadratic,150,50,rosenbrock,3,0.025553,0.362821,0.196238,1.843140,0.638845
3,5.322296,4.545940,linear,150,50,rosenbrock,3,0.005160,0.964579,0.799757,2.900139,0.803535
3,2.066557,10.000000,quadratic,150,50,rosenbrock,3,0.000099,1.621524,0.869365,4.164508,0.654230
3,0.802409,2.419483,quadratic,150,50,rosenbrock,3,0.000000,0.408050,0.372496,2.695237,0.869550
3,2.832683,2.419483,quadratic,150,50,rosenbrock,3,0.002042,0.153088,0.204010,1.234963,0.642470
3,0.500000,0.585390,quadratic,150,50,rosenbrock,3,0.009837,1.696226,1.947227,3.087428,1.336085
3,0.939444,7.295407,quadratic,150,50,rosenbrock,3,0.002944,0.141582,0.149916,1.041997,0.706235
3,1.287720,5.322296,quadratic,150,50,rosenbrock,3,0.007246,0.100172,0.139630,1.122642,0.634730
3,5.322296,2.832683,linear,150,50,rosenbrock,3,0.001683,0.927033,0.495717,2.230698,0.796650
3,0.939444,1.099883,quadratic,150,50,rosenbrock,3,0.036045,0.616653,0.606152,3.415332,0.830300
3,1.287720,3.316448,quadratic,150,50,rosenbrock,3,0.057875,1.082828,0.461752,2.771725,0.889340
3,2.832683,3.882831,quadratic,150,50,rosenbrock,3,0.006211,0.297392,0.304427,1.534546,0.796270
3,0.685363,0.685363,quadratic,150,50,rosenbrock,3,0.002339,1.714613,2.031069,3.701084,0.808075
3,2.832683,1.765111,quadratic,150,50,rosenbrock,3,0.003146,0.136092,0.141279,1.390937,0.734145
3,4.545940,0.939444,quadratic,150,50,rosenbrock,3,0.000729,0.129636,0.135340,2.843247,0.990880
3,0.802409,0.585390,quadratic,150,50,rosenbrock,3,0.000345,0.875458,1.145804,1.728505,0.888270
3,2.419483,10.000000,quadratic,150,50,rosenbrock,3,0.023716,1.957411,1.641119,3.242773,0.851160
3,1.765111,0.585390,quadratic,150,50,rosenbrock,3,0.002511,1.175508,0.984096,2.741026,0.848485
3,2.832683,6.231237,quadratic,150,50,rosenbrock,3,0.001075,1.090737,0.634097,2.336539,0.631085
3,1.099883,0.685363,quadratic,150,50,rosenbrock,3,0.098880,1.688532,1.494149,3.221341,0.778385
3,1.507637,2.419483,quadratic,150,50,rosenbrock,3,0.000362,0.122623,0.140870,0.323114,0.662240
3,0.585390,1.765111,quadratic,150,50,rosenbrock,3,0.037534,1.225693,0.929025,2.636662,0.636945
3,1.507637,10.000000,quadratic,150,50,rosenbrock,3,0.001056,0.166731,0.185410,1.224108,0.647375
3,1.099883,1.287720,quadratic,150,50,rosenbrock,3,0.001033,0.865261,0.640036,2.225693,0.698045
3,5.322296,0.685363,quadratic,150,50,rosenbrock,3,0.010780,0.212191,0.205200,1.591314,0.884765
3,3.316448,0.685363,quadratic,150,50,rosenbrock,3,0.002934,0.400224,0.422319,2.770329,0.686210
3,1.765111,1.099883,quadratic,150,50,rosenbrock,3,0.001938,0.266862,0.326452,1.312035,0.628730
3,2.066557,0.685363,quadratic,150,50,rosenbrock,3,0.034908,1.144171,0.885658,1.988490,0.637595
3,1.507637,3.882831,quadratic,150,50,rosenbrock,3,0.003886,0.631047,0.215135,2.617082,0.799965
3,3.316448,1.099883,quadratic,150,50,rosenbrock,3,0.035911,0.186674,0.211996,2.835356,0.812070
3,1.765111,4.545940,quadratic,150,50,rosenbrock,3,0.003478,0.171681,0.194078,1.531878,0.708010
3,3.316448,1.765111,quadratic,150,50,rosenbrock,3,0.005843,0.421067,0.182900,2.162844,0.808920
3,3.316448,2.832683,quadratic,150,50,rosenbrock,3,0.004012,0.229334,0.233156,1.267909,0.805870
3,1.507637,1.765111,quadratic,150,50,rosenbrock,3,0.010408,0.394674,0.329241,1.501536,0.813585
3,5.322296,1.099883,quadratic,150,50,rosenbrock,3,0.000559,0.291232,0.248753,2.032440,1.380800
3,3.316448,4.545940,quadratic,150,50,rosenbrock,3,0.000014,1.023591,0.627715,2.159695,0.629715
3,1.099883,4.545940,quadratic,150,50,rosenbrock,3,0.002047,0.142118,0.145039,1.152069,0.646005
3,1.765111,1.765111,quadratic,150,50,rosenbrock,3,0.037209,0.752846,0.279987,3.655899,0.847980
3,2.832683,0.500000,quadratic,150,50,rosenbrock,3,0.001044,0.352645,0.518380,1.073402,1.010310
3,10.000000,5.322296,linear,150,50,rosenbrock,3,0.006534,1.287091,0.736457,3.330051,0.641735
3,1.287720,0.500000,quadratic,150,50,rosenbrock,3,0.006575,1.595148,1.997860,2.639199,0.601670
3,5.322296,0.802409,quadratic,150,50,rosenbrock,3,0.002712,0.096448,0.103442,1.875129,0.851610
3,6.231237,1.287720,quadratic,150,50,rosenbrock,3,0.021640,0.354910,0.347989,1.337913,1.023795
3,2.419483,1.287720,quadratic,150,50,rosenbrock,3,0.001634,0.183245,0.204281,2.512532,0.837755
3,1.099883,8.541316,quadratic,150,50,rosenbrock,3,0.004465,0.167264,0.231699,1.134886,0.712585
3,3.882831,0.802409,quadratic,150,50,rosenbrock,3,0.003472,0.131369,0.160594,1.930700,0.648760
3,2.066557,2.066557,quadratic,150,50,rosenbrock,3,0.007216,0.137735,0.195850,2.825383,0.779330
3,3.882831,0.500000,quadratic,150,50,rosenbrock,3,0.006770,0.981851,1.000720,1.858304,0.800545
3,0.685363,3.316448,quadratic,150,50,rosenbrock,3,0.001115,0.927793,0.395884,2.825986,0.819360
3,1.099883,0.802409,quadratic,150,50,rosenbrock,3,0.000612,1.348576,1.233359,1.965313,1.304585
3,4.545940,10.000000,linear,150,50,rosenbrock,3,0.013545,0.731063,0.742651,2.027088,0.893070
3,3.882831,2.066557,quadratic,150,50,rosenbrock,3,0.000001,0.312667,0.309769,1.181218,0.680265
3,0.802409,1.507637,quadratic,150,50,rosenbrock,3,0.003168,1.188267,0.814576,3.014344,0.699015
3,1.507637,7.295407,quadratic,150,50,rosenbrock,3,0.006577,0.257788,0.325905,1.536413,0.972630
3,1.765111,0.500000,quadratic,150,50,rosenbrock,3,0.003594,1.161805,1.094315,2.547593,1.486510
3,3.882831,3.316448,quadratic,150,50,rosenbrock,3,0.162286,1.234439,0.607750,2.189146,0.815735
3,2.066557,0.585390,quadratic,150,50,rosenbrock,3,0.000189,1.564550,0.949255,3.065562,0.607620
3,2.419483,2.419483,quadratic,150,50,rosenbrock,3,0.003186,0.306150,0.206009,1.572816,0.649215
3,2.419483,0.939444,quadratic,150,50,rosenbrock,3,0.005369,0.290006,0.341747,2.570162,0.677805
3,3.316448,2.066557,quadratic,150,50,rosenbrock,3,0.000014,0.218882,0.287928,1.415305,0.973655
3,2.066557,3.316448,quadratic,150,50,rosenbrock,3,0.000795,0.389302,0.351177,1.563519,0.795955
3,1.287720,1.287720,quadratic,150,50,rosenbrock,3,0.184693,0.817601,0.646514,2.475976,0.802865
3,3.882831,5.322296,quadratic,150,50,rosenbrock,3,0.023794,1.613021,1.039807,2.160180,0.833290
3,2.419483,3.882831,quadratic,150,50,rosenbrock,3,0.009105,1.260898,0.403968,2.777179,0.642630
3,2.066557,1.507637,quadratic,150,50,rosenbrock,3,0.000216,0.728880,0.269473,2.404028,0.648065
3,0.939444,0.685363,quadratic,150,50,rosenbrock,3,0.008494,1.675449,1.409073,2.806518,0.770420
3,3.882831,8.541316,quadratic,150,50,rosenbrock,3,0.046106,2.347852,3.140075,4.443827,0.800995
3,4.545940,0.585390,quadratic,150,50,rosenbrock,3,0.020329,0.243703,0.299542,2.085841,0.686750
3,3.316448,2.419483,quadratic,150,50,rosenbrock,3,0.000185,0.539238,0.223415,2.039969,0.673380
3,1.287720,2.066557,quadratic,150,50,rosenbrock,3,0.027222,0.608238,0.258794,2.785374,0.857265
3,0.802409,6.231237,quadratic,150,50,rosenbrock,3,0.004863,0.119232,0.141967,0.344860,0.954615
3,2.066557,6.231237,quadratic,150,50,rosenbrock,3,0.013170,0.871389,0.475463,2.487294,0.791610
3,2.419483,0.685363,quadratic,150,50,rosenbrock,3,0.009646,0.484437,0.583224,2.172129,0.658750
3,0.939444,1.765111,quadratic,150,50,rosenbrock,3,0.001998,1.313167,1.012058,2.965078,0.980450
3,0.500000,6.231237,quadratic,150,50,rosenbrock,3,0.002236,0.149602,0.195175,2.731991,0.812540
3,3.882831,6.231237,quadratic,150,50,rosenbrock,3,0.001825,1.556908,0.957111,2.290821,0.641155
3,2.832683,1.099883,quadratic,150,50,rosenbrock,3,0.011393,0.092773,0.161595,2.776023,0.704430
3,2.419483,6.231237,quadratic,150,50,rosenbrock,3,0.006259,0.350083,0.410798,2.107488,0.834730
3,4.545940,2.419483,quadratic,150,50,rosenbrock,3,0.010020,0.431043,0.420969,1.786049,0.826380
3,4.545940,3.882831,quadratic,150,50,rosenbrock,3,0.014175,0.598863,0.499726,1.966878,0.819685
3,8.541316,0.685363,quadratic,150,50,rosenbrock,3,0.010348,0.150895,0.145587,1.958054,0.830140
3,1.765111,2.419483,quadratic,150,50,rosenbrock,3,0.000450,0.376182,0.230129,2.893623,0.802100
3,4.545940,10.000000,quadratic,150,50,rosenbrock,3,0.216493,1.313221,1.337242,2.723942,0.803475
3,2.832683,2.832683,quadratic,150,50,rosenbrock,3,0.000319,0.366215,0.342683,2.170472,0.626790
3,2.832683,10.000000,quadratic,150,50,rosenbrock,3,0.004018,1.541453,1.364207,3.690629,0.824200
3,5.322296,2.832683,quadratic,150,50,rosenbrock,3,0.040270,0.717911,0.596232,3.186389,0.631425
3,1.287720,0.939444,quadratic,150,50,rosenbrock,3,0.014510,1.312448,0.959450,2.490677,0.818125
3,1.287720,6.231237,quadratic,150,50,rosenbrock,3,0.003805,0.409253,0.276412,1.918990,0.668080
3,5.322296,7.295407,quadratic,150,50,rosenbrock,3,0.033819,1.264452,1.308808,1.890876,0.661105
3,2.832683,2.066557,quadratic,150,50,rosenbrock,3,0.009329,0.144122,0.165404,1.016711,0.667605
3,5.322296,4.545940,quadratic,150,50,rosenbrock,3,0.032632,0.757977,0.513119,4.340117,0.803185
3,2.832683,4.545940,quadratic,150,50,rosenbrock,3,0.000156,0.505338,0.561230,2.276869,0.818975
3,10.000000,0.802409,quadratic,150,50,rosenbrock,3,0.018909,0.313597,0.274431,2.478615,0.824690
3,5.322296,1.765111,quadratic,150,50,rosenbrock,3,0.000533,0.339261,0.282367,2.977710,0.795170
3,2.832683,1.287720,quadratic,150,50,rosenbrock,3,0.003401,0.191463,0.209161,2.036830,0.820495
3,1.287720,10.000000,quadratic,150,50,rosenbrock,3,0.023751,0.762505,0.563478,2.287251,0.624865
3,4.545940,1.099883,quadratic,150,50,rosenbrock,3,0.014625,0.445477,0.132965,2.031318,0.797575
3,1.765111,0.685363,quadratic,150,50,rosenbrock,3,0.000028,0.570438,0.353894,2.679351,0.780765
3,6.231237,0.500000,quadratic,150,50,rosenbrock,3,0.001722,0.137880,0.170116,1.422080,0.832810
3,1.765111,7.295407,quadratic,150,50,rosenbrock,3,0.014838,0.955443,0.565102,3.096879,0.631960
3,1.507637,0.685363,quadratic,150,50,rosenbrock,3,0.011250,0.872870,0.839607,2.307824,0.632230
3,2.832683,3.316448,quadratic,150,50,rosenbrock,3,0.006633,0.320257,0.377065,1.350990,0.862640
3,3.316448,7.295407,quadratic,150,50,rosenbrock,3,0.008453,2.361300,3.698528,3.965267,0.672800
3,1.765111,1.287720,quadratic,150,50,rosenbrock,3,0.009770,0.262878,0.271788,1.775499,0.646125
3,3.316448,0.802409,quadratic,150,50,rosenbrock,3,0.011187,0.338838,0.257382,2.256481,0.690910
3,1.507637,2.832683,quadratic,150,50,rosenbrock,3,0.010378,0.160238,0.157011,1.312084,0.883340
3,6.231237,0.802409,quadratic,150,50,rosenbrock,3,0.006578,0.197172,0.105847,1.768642,0.833855
3,1.099883,3.316448,quadratic,150,50,rosenbrock,3,0.012116,0.436090,0.180287,2.034995,0.795340
3,2.066557,0.802409,quadratic,150,50,rosenbrock,3,0.002022,1.216946,0.652142,3.102217,0.781745
3,1.765111,5.322296,quadratic,150,50,rosenbrock,3,0.022554,0.295433,0.333160,2.011657,0.630815
3,3.316448,5.322296,quadratic,150,50,rosenbrock,3,0.011678,0.799161,0.703668,2.982450,0.729275
3,3.882831,1.287720,quadratic,150,50,rosenbrock,3,0.000000,0.201620,0.192236,3.398285,0.816775
3,3.316448,3.316448,quadratic,150,50,rosenbrock,3,0.031543,0.951584,0.459341,3.175321,0.805145
3,6.231237,2.066557,quadratic,150,50,rosenbrock,3,0.000164,1.101429,0.713937,3.218874,0.801720
3,5.322296,1.287720,quadratic,150,50,rosenbrock,3,0.004250,0.219099,0.247119,1.333079,0.800465
3,5.322296,2.066557,quadratic,150,50,rosenbrock,3,0.001037,0.242474,0.291580,1.376707,0.979340
3,6.231237,5.322296,quadratic,150,50,rosenbrock,3,0.061066,1.800092,1.280429,3.051652,0.638760
3,3.316448,1.287720,quadratic,150,50,rosenbrock,3,0.001752,0.092883,0.142130,0.758891,0.917125
3,0.500000,0.585390,exponential_3,150,50,rosenbrock,3,0.028156,3.499717,4.130886,28.001585,0.674415
3,3.316448,8.541316,quadratic,150,50,rosenbrock,3,0.018517,2.135631,1.642369,3.092730,0.715990
3,6.231237,3.316448,quadratic,150,50,rosenbrock,3,0.119487,1.644986,0.934753,3.124300,0.810375
3,0.500000,1.507637,exponential_3,150,50,rosenbrock,3,0.008205,0.924847,1.066552,2.245587,0.774035
3,6.231237,8.541316,quadratic,150,50,rosenbrock,3,0.515319,4.550911,5.502659,4.129874,0.638240
3,3.882831,0.939444,quadratic,150,50,rosenbrock,3,0.000199,0.135478,0.140802,1.300788,0.679910
3,2.066557,2.419483,quadratic,150,50,rosenbrock,3,0.000001,0.088949,0.108213,1.794665,0.645525
3,3.882831,2.419483,quadratic,150,50,rosenbrock,3,0.000003,0.296525,0.297976,1.461190,0.640195
3,7.295407,2.419483,quadratic,150,50,rosenbrock,3,0.007246,1.609833,0.802660,3.280985,0.646200
3,7.295407,10.000000,quadratic,150,50,rosenbrock,3,1.426945,7.441089,8.586663,11.725310,0.637495
3,3.316448,0.939444,quadratic,150,50,rosenbrock,3,0.000425,0.164250,0.206254,1.737087,1.260275
3,7.295407,6.231237,quadratic,150,50,rosenbrock,3,0.247649,2.167079,2.050975,4.031999,0.697250
3,7.295407,1.507637,quadratic,150,50,rosenbrock,3,0.000046,0.481124,0.382941,1.889394,0.807780
3,7.295407,0.585390,quadratic,150,50,rosenbrock,3,0.022485,0.265208,0.232464,2.366365,0.821495
3,7.295407,0.939444,quadratic,150,50,rosenbrock,3,0.006277,0.434406,0.225123,1.498442,0.824350
3,2.419483,2.832683,quadratic,150,50,rosenbrock,3,0.002402,0.333193,0.309800,1.498931,0.662480
3,0.500000,2.419483,exponential_3,150,50,rosenbrock,3,0.002728,1.566752,0.978468,3.148596,1.290065
3,2.419483,4.545940,quadratic,150,50,rosenbrock,3,0.013024,0.687595,0.439252,1.843194,0.671670
3,3.882831,0.585390,quadratic,150,50,rosenbrock,3,0.078888,0.351254,0.401083,3.007116,1.052300
3,7.295407,3.882831,quadratic,150,50,rosenbrock,3,0.099131,1.792727,1.490085,2.572829,1.014140
3,3.882831,3.882831,quadratic,150,50,rosenbrock,3,0.001287,0.433150,0.509889,1.991755,1.011775
3,4.545940,1.507637,quadratic,150,50,rosenbrock,3,0.000054,0.191347,0.190916,2.955671,0.808275
3,2.066557,3.882831,quadratic,150,50,rosenbrock,3,0.000316,0.251754,0.231050,1.807548,0.812455
3,2.832683,0.685363,quadratic,150,50,rosenbrock,3,0.000585,1.283834,0.574331,2.802976,0.828410
3,1.287720,1.507637,quadratic,150,50,rosenbrock,3,0.002443,1.240431,0.711516,3.330174,0.834080
3,0.500000,10.000000,exponential_3,150,50,rosenbrock,3,0.002071,0.219986,0.296365,3.248876,0.719880
3,4.545940,6.231237,quadratic,150,50,rosenbrock,3,0.027960,2.899654,4.409718,4.318885,0.829605
3,6.231237,3.882831,quadratic,150,50,rosenbrock,3,0.045053,1.989600,1.065087,2.259407,1.026530
3,3.882831,2.832683,quadratic,150,50,rosenbrock,3,0.003567,0.194393,0.216731,1.225055,0.688440
3,1.765111,0.802409,quadratic,150,50,rosenbrock,3,0.029742,0.921291,0.490506,2.447750,1.997255
3,7.295407,2.832683,quadratic,150,50,rosenbrock,3,0.000033,0.950022,0.954747,4.185441,0.751990
3,7.295407,7.295407,quadratic,150,50,rosenbrock,3,0.700099,3.960257,5.324888,3.539058,0.680175
3,8.541316,4.545940,quadratic,150,50,rosenbrock,3,0.104233,1.440334,1.046673,3.766802,0.647205
3,8.541316,7.295407,quadratic,150,50,rosenbrock,3,3.882495,8.351196,8.508350,4.641301,0.733910
3,8.541316,1.765111,quadratic,150,50,rosenbrock,3,0.004769,0.640512,0.452928,1.970524,0.850035
3,8.541316,2.832683,quadratic,150,50,rosenbrock,3,0.111490,2.273670,1.624390,3.907122,0.840320
3,10.000000,0.500000,quadratic,150,50,rosenbrock,3,0.000039,0.167700,0.159714,1.710665,0.818770
3,0.685363,0.802409,quadratic,150,50,rosenbrock,3,0.004804,1.180852,0.951983,2.971265,0.774920
3,8.541316,0.802409,quadratic,150,50,rosenbrock,3,0.002480,0.143640,0.200810,0.318756,0.627150
3,4.545940,4.545940,quadratic,150,50,rosenbrock,3,0.000094,1.141241,0.794483,3.092041,0.664650
3,3.882831,7.295407,quadratic,150,50,rosenbrock,3,0.020570,2.006946,2.172496,2.894334,0.802380
3,1.287720,3.882831,quadratic,150,50,rosenbrock,3,0.024703,0.119903,0.144725,0.434515,0.897105
3,2.419483,7.295407,quadratic,150,50,rosenbrock,3,0.000054,0.354333,0.487194,1.987068,0.812055
3,4.545940,2.832683,quadratic,150,50,rosenbrock,3,0.000492,1.192618,0.683741,2.401235,0.807865
3,0.585390,7.295407,exponential_3,150,50,rosenbrock,3,0.001961,0.292125,0.356626,1.110718,0.809510
3,5.322296,3.316448,quadratic,150,50,rosenbrock,3,0.043371,1.253741,0.813854,2.037265,0.674165
3,5.322296,0.500000,quadratic,150,50,rosenbrock,3,0.019333,0.285972,0.245302,1.251643,0.807675
3,10.000000,2.066557,quadratic,150,50,rosenbrock,3,0.016962,0.999368,0.567000,2.258262,0.634705
3,8.541316,5.322296,quadratic,150,50,rosenbrock,3,0.264874,3.143623,3.747139,4.267701,0.904405
3,7.295407,3.316448,quadratic,150,50,rosenbrock,3,0.009142,0.458303,0.589129,3.114605,0.972655
3,10.000000,3.316448,quadratic,150,50,rosenbrock,3,0.165806,1.050617,0.748350,2.940349,0.643600
3,8.541316,8.541316,quadratic,150,50,rosenbrock,3,0.187868,5.785397,5.924263,9.297408,0.920825
3,5.322296,8.541316,quadratic,150,50,rosenbrock,3,0.403784,4.098675,5.482403,4.558989,0.884685
3,5.322296,5.322296,quadratic,150,50,rosenbrock,3,0.045218,1.598290,1.008607,3.849819,0.809185
3,2.832683,5.322296,quadratic,150,50,rosenbrock,3,0.001047,0.245655,0.307746,1.339504,0.806800
3,10.000000,5.322296,quadratic,150,50,rosenbrock,3,0.477079,3.905568,4.874763,4.797765,0.740990
3,10.000000,8.541316,quadratic,150,50,rosenbrock,3,2.244826,9.505901,12.920755,11.906812,0.758805
3,0.685363,0.802409,exponential_3,150,50,rosenbrock,3,0.014411,1.867209,2.492852,2.428195,0.865445
3,1.507637,4.545940,quadratic,150,50,rosenbrock,3,0.000252,0.175239,0.218576,1.257813,0.877065
3,1.765111,8.541316,quadratic,150,50,rosenbrock,3,0.008307,0.435181,0.552667,2.259495,0.632170
3,0.500000,0.939444,exponential_3,150,50,rosenbrock,3,0.097226,2.481957,2.672358,46.488308,0.720840
3,4.545940,1.287720,quadratic,150,50,rosenbrock,3,0.009776,0.106104,0.141711,0.074488,0.799645
3,6.231237,0.585390,quadratic,150,50,rosenbrock,3,0.001892,0.160353,0.191778,1.686800,0.835115
3,6.231237,1.507637,quadratic,150,50,rosenbrock,3,0.002540,0.739890,0.398157,2.140440,0.662025
3,1.287720,0.585390,quadratic,150,50,rosenbrock,3,0.001382,0.620025,0.726105,0.952115,0.797780
3,1.099883,5.322296,quadratic,150,50,rosenbrock,3,0.011443,0.541237,0.282023,2.043999,0.946165
3,2.066557,0.939444,quadratic,150,50,rosenbrock,3,0.000140,0.486638,0.413909,2.948453,0.649975
3,0.500000,6.231237,exponential_3,150,50,rosenbrock,3,0.089068,1.637351,1.284902,3.318405,0.657290
3,0.500000,3.882831,exponential_3,150,50,rosenbrock,3,0.007858,0.828761,0.634871,2.893975,0.717045
3,3.316448,6.231237,quadratic,150,50,rosenbrock,3,0.001160,0.658999,0.624975,2.947478,0.691810
3,6.231237,0.939444,quadratic,150,50,rosenbrock,3,0.014606,0.486052,0.260702,1.923487,0.795315
3,1.765111,2.066557,quadratic,150,50,rosenbrock,3,0.001293,0.158937,0.205931,1.257015,0.809110
3,2.419483,1.507637,quadratic,150,50,rosenbrock,3,0.001928,0.102053,0.132885,1.895921,0.805820
3,8.541316,6.231237,quadratic,150,50,rosenbrock,3,0.221637,3.385260,4.567348,4.575469,1.219565
3,6.231237,6.231237,quadratic,150,50,rosenbrock,3,0.008099,2.491289,2.901877,3.817671,0.644725
3,3.316448,3.882831,quadratic,150,50,rosenbrock,3,0.002711,0.529731,0.510341,1.938339,0.804230
3,3.882831,1.507637,quadratic,150,50,rosenbrock,3,0.004987,0.206255,0.146491,1.146060,0.831225
3,6.231237,2.419483,quadratic,150,50,rosenbrock,3,0.024345,0.893880,0.590587,3.734429,0.799350
3,0.802409,2.419483,exponential_3,150,50,rosenbrock,3,0.006758,0.389353,0.367630,3.400541,0.821840
3,5.322296,1.507637,quadratic,150,50,rosenbrock,3,0.009350,0.157970,0.185517,0.766571,0.835770
3,0.802409,3.882831,exponential_3,150,50,rosenbrock,3,0.001718,0.352739,0.420034,0.414987,0.776870
3,0.500000,1.765111,exponential_3,150,50,rosenbrock,3,0.000036,1.623100,1.995633,1.909290,0.600345
3,3.316448,10.000000,quadratic,150,50,rosenbrock,3,0.029210,2.286270,1.222608,4.964550,0.643790
3,0.500000,0.685363,exponential_3,150,50,rosenbrock,3,0.002652,2.822170,4.070991,7.171657,0.680890
3,6.231237,10.000000,quadratic,150,50,rosenbrock,3,1.070946,5.537542,5.425691,5.391329,0.637200
3,3.882831,1.099883,quadratic,150,50,rosenbrock,3,0.000435,0.102301,0.155985,1.334720,0.698660
3,8.541316,0.500000,quadratic,150,50,rosenbrock,3,0.004266,0.197198,0.200836,1.946164,0.728330
3,8.541316,1.099883,quadratic,150,50,rosenbrock,3,0.010487,0.280561,0.330071,1.512292,0.799665
3,0.585390,1.765111,exponential_3,150,50,rosenbrock,3,0.056894,1.043755,1.248774,1.524753,0.597515
3,0.500000,2.066557,exponential_3,150,50,rosenbrock,3,0.000294,0.643975,0.713939,3.177201,0.631290
3,0.585390,1.099883,exponential_3,150,50,rosenbrock,3,0.069735,2.501005,3.382062,2.190708,0.628645
3,3.882831,10.000000,quadratic,150,50,rosenbrock,3,0.295867,2.225853,1.816062,2.651408,0.859995
3,4.545940,1.765111,quadratic,150,50,rosenbrock,3,0.013093,0.237684,0.252788,1.545534,0.640620
3,4.545940,0.685363,quadratic,150,50,rosenbrock,3,0.001852,0.133262,0.169350,2.539502,0.855430
3,0.500000,2.832683,exponential_3,150,50,rosenbrock,3,0.001470,1.052824,1.095982,2.195430,0.780985
3,2.419483,1.099883,quadratic,150,50,rosenbrock,3,0.000479,0.568602,0.294799,2.574150,1.442540
3,3.882831,0.685363,quadratic,150,50,rosenbrock,3,0.007129,0.187587,0.278185,1.992888,0.802855
3,3.882831,4.545940,quadratic,150,50,rosenbrock,3,0.002437,0.690817,0.650683,2.043285,0.796865
3,7.295407,1.765111,quadratic,150,50,rosenbrock,3,0.008749,0.324780,0.443938,2.044950,0.874705
3,7.295407,4.545940,quadratic,150,50,rosenbrock,3,0.074110,3.081163,3.299093,4.819790,0.822780
3,1.287720,2.419483,quadratic,150,50,rosenbrock,3,0.000043,0.133052,0.177532,2.396186,1.001115
3,0.939444,7.295407,exponential_3,150,50,rosenbrock,3,0.001870,0.476141,0.211220,2.983872,0.799235
3,7.295407,1.099883,quadratic,150,50,rosenbrock,3,0.000632,0.151749,0.177688,0.588782,1.032480
3,6.231237,2.832683,quadratic,150,50,rosenbrock,3,0.006067,0.988007,0.529762,2.063033,1.138245
3,8.541316,0.585390,quadratic,150,50,rosenbrock,3,0.000940,0.297978,0.172828,1.640060,0.637960
3,6.231237,4.545940,quadratic,150,50,rosenbrock,3,0.007530,1.727809,1.035260,3.806197,0.637265
3,0.585390,0.500000,exponential_3,150,50,rosenbrock,3,0.031346,2.639086,1.821791,22.098106,0.664165
3,0.585390,4.545940,exponential_3,150,50,rosenbrock,3,0.060173,0.904029,0.734665,3.192324,0.786030
3,4.545940,7.295407,quadratic,150,50,rosenbrock,3,0.035458,1.967519,2.216092,2.886580,0.812620
3,2.832683,7.295407,quadratic,150,50,rosenbrock,3,0.001339,0.452076,0.494214,2.802086,0.703915
3,7.295407,8.541316,quadratic,150,50,rosenbrock,3,0.899229,6.697142,8.766685,5.730610,0.636620
3,4.545940,0.500000,quadratic,150,50,rosenbrock,3,0.003210,0.526764,0.392025,1.742444,0.861915
3,4.545940,2.066557,quadratic,150,50,rosenbrock,3,0.001707,0.446600,0.536059,1.533458,0.912110
3,3.316448,0.500000,quadratic,150,50,rosenbrock,3,0.000173,1.643898,2.262437,2.743783,0.798525
3,8.541316,2.066557,quadratic,150,50,rosenbrock,3,0.054342,1.725053,0.692859,3.069198,0.844605
3,8.541316,0.939444,quadratic,150,50,rosenbrock,3,0.054023,0.393406,0.269018,1.830132,0.641485
3,8.541316,3.316448,quadratic,150,50,rosenbrock,3,0.019361,1.792633,2.077920,2.760737,0.804390
3,10.000000,1.287720,quadratic,150,50,rosenbrock,3,0.005368,0.717183,0.605592,2.892520,0.926020
3,4.545940,5.322296,quadratic,150,50,rosenbrock,3,0.001843,1.754483,1.172437,4.244755,0.687495
3,10.000000,0.585390,quadratic,150,50,rosenbrock,3,0.044580,0.607973,0.280525,1.603509,0.940715
3,0.685363,1.287720,exponential_3,150,50,rosenbrock,3,0.002470,0.746811,0.865158,2.449523,0.767505
3,10.000000,0.939444,quadratic,150,50,rosenbrock,3,0.007870,0.235003,0.252669,1.600833,0.826675
3,5.322296,3.882831,quadratic,150,50,rosenbrock,3,0.010892,0.795859,0.682549,3.257354,0.652565
3,0.585390,8.541316,exponential_3,150,50,rosenbrock,3,0.011276,0.257382,0.370542,2.590760,0.693555
3,0.685363,2.066557,exponential_3,150,50,rosenbrock,3,0.026147,0.787946,0.596902,2.817047,0.896565
3,0.685363,3.316448,exponential_3,150,50,rosenbrock,3,0.042892,0.853223,0.719590,1.979778,0.789060
3,4.545940,3.316448,quadratic,150,50,rosenbrock,3,0.010643,1.866181,0.756879,3.281349,0.812310
3,5.322296,0.585390,quadratic,150,50,rosenbrock,3,0.037421,0.771656,0.382153,2.115337,0.827300
3,10.000000,2.419483,quadratic,150,50,rosenbrock,3,0.009712,1.794802,1.445437,4.150373,0.631980
3,10.000000,3.882831,quadratic,150,50,rosenbrock,3,0.149190,2.274778,2.884964,2.901249,0.636320
3,8.541316,10.000000,quadratic,150,50,rosenbrock,3,0.198509,9.995157,12.369155,19.349283,0.670900
3,0.685363,5.322296,exponential_3,150,50,rosenbrock,3,0.000165,0.696129,0.530378,3.022971,0.785090
3,5.322296,0.939444,quadratic,150,50,rosenbrock,3,0.000484,0.124129,0.130431,1.349025,0.800960
3,10.000000,10.000000,quadratic,150,50,rosenbrock,3,3.557302,19.787018,21.570511,27.424412,0.639910
3,10.000000,6.231237,quadratic,150,50,rosenbrock,3,2.008361,6.627551,6.998941,6.624663,0.745260
3,5.322296,6.231237,quadratic,150,50,rosenbrock,3,0.026663,2.572747,3.388023,3.467875,0.807485
3,0.685363,8.541316,exponential_3,150,50,rosenbrock,3,0.000782,0.222340,0.279722,1.417559,0.794940
3,0.802409,0.939444,exponential_3,150,50,rosenbrock,3,0.009731,1.008168,1.326821,2.748119,0.621655
3,5.322296,10.000000,quadratic,150,50,rosenbrock,3,0.300117,5.424640,6.957807,4.328775,0.869505
3,0.500000,1.099883,exponential_3,150,50,rosenbrock,3,0.043612,3.107646,4.131173,2.539442,0.647625
3,0.802409,0.585390,exponential_3,150,50,rosenbrock,3,0.008324,1.513628,1.350484,2.849913,0.780460
3,0.685363,0.939444,exponential_3,150,50,rosenbrock,3,0.049726,1.740722,1.858679,7.883949,0.803810
3,6.231237,1.765111,quadratic,150,50,rosenbrock,3,0.003026,0.621106,0.537996,1.897356,0.673180
3,0.802409,6.231237,exponential_3,150,50,rosenbrock,3,0.000190,0.276001,0.325950,1.246154,0.665535
3,0.802409,1.507637,exponential_3,150,50,rosenbrock,3,0.000985,2.119647,2.276139,3.628973,0.777010
3,0.500000,4.545940,exponential_3,150,50,rosenbrock,3,0.046641,0.491448,0.630386,1.831662,0.640625
3,0.500000,7.295407,exponential_3,150,50,rosenbrock,3,0.036104,1.021039,0.594154,3.158437,0.701560
3,6.231237,0.685363,quadratic,150,50,rosenbrock,3,0.000012,0.170856,0.125755,2.830717,0.801945
3,5.322296,2.419483,quadratic,150,50,rosenbrock,3,0.010173,0.317256,0.428146,1.226603,0.799095
3,0.802409,10.000000,exponential_3,150,50,rosenbrock,3,0.000049,0.437742,0.403697,3.085017,0.836960
3,6.231237,7.295407,quadratic,150,50,rosenbrock,3,0.125622,2.263508,2.136652,4.567116,0.643440
3,3.882831,1.765111,quadratic,150,50,rosenbrock,3,0.014703,0.134060,0.183919,1.107082,0.644620
3,0.939444,1.099883,exponential_3,150,50,rosenbrock,3,0.039848,1.168632,0.923104,2.352974,0.761810
3,0.939444,0.685363,exponential_3,150,50,rosenbrock,3,0.000140,0.979550,0.718037,2.936171,0.802390
3,3.316448,1.507637,quadratic,150,50,rosenbrock,3,0.000004,0.213412,0.220726,1.710808,0.834235
3,2.419483,1.765111,quadratic,150,50,rosenbrock,3,0.003082,0.100873,0.141118,1.337247,0.826345
3,0.802409,4.545940,exponential_3,150,50,rosenbrock,3,0.000875,0.931502,0.446268,3.126564,0.618620
3,0.500000,0.802409,exponential_3,150,50,rosenbrock,3,0.032439,0.795348,0.952159,2.328946,0.601505
3,0.802409,2.832683,exponential_3,150,50,rosenbrock,3,0.003287,0.995892,0.450521,3.118382,0.762190
3,0.939444,4.545940,exponential_3,150,50,rosenbrock,3,0.014276,0.490006,0.395782,2.222379,0.624790
3,0.585390,0.685363,exponential_3,150,50,rosenbrock,3,0.013425,1.778664,2.163260,51.493576,0.801700
3,0.939444,1.765111,exponential_3,150,50,rosenbrock,3,0.084760,1.629024,1.670544,2.167326,0.883760
3,1.507637,2.832683,exponential_3,150,50,rosenbrock,3,0.005551,0.285924,0.355985,2.793094,1.135105
3,0.802409,7.295407,exponential_3,150,50,rosenbrock,3,0.013816,0.670895,0.401398,2.145296,0.844020
3,0.939444,2.832683,exponential_3,150,50,rosenbrock,3,0.000487,0.317955,0.274979,2.260169,0.884745
3,7.295407,0.500000,quadratic,150,50,rosenbrock,3,0.000524,0.316368,0.155515,3.223283,0.872895
3,0.585390,2.832683,exponential_3,150,50,rosenbrock,3,0.000135,0.600958,0.537502,2.601596,0.826205
3,0.585390,2.066557,exponential_3,150,50,rosenbrock,3,0.000151,0.465991,0.528907,2.134420,0.638245
3,1.099883,0.500000,exponential_3,150,50,rosenbrock,3,0.320549,2.970075,3.555561,127.510353,0.641885
3,0.585390,1.287720,exponential_3,150,50,rosenbrock,3,0.000702,2.150211,2.401605,2.733602,0.660780
3,0.939444,0.500000,exponential_3,150,50,rosenbrock,3,0.004903,1.918498,2.138355,18.163567,0.771865
3,1.099883,0.802409,exponential_3,150,50,rosenbrock,3,0.000023,0.852732,0.646953,2.534949,0.625195
3,8.541316,1.287720,quadratic,150,50,rosenbrock,3,0.006263,0.293945,0.297199,2.149289,0.802720
3,0.685363,0.500000,exponential_3,150,50,rosenbrock,3,0.016538,2.440738,2.609509,44.909790,0.767595
3,4.545940,0.802409,quadratic,150,50,rosenbrock,3,0.000003,0.232505,0.169553,2.027005,0.803920
3,1.099883,1.287720,exponential_3,150,50,rosenbrock,3,0.000039,0.630009,0.480440,1.423030,0.772085
3,0.500000,3.316448,exponential_3,150,50,rosenbrock,3,0.071119,0.704749,0.660999,2.520837,0.815375
3,1.765111,2.832683,quadratic,150,50,rosenbrock,3,0.000643,0.096159,0.132778,0.225287,0.889345
3,1.099883,2.066557,exponential_3,150,50,rosenbrock,3,0.000407,0.672295,0.464805,1.701135,0.797190
3,0.802409,8.541316,exponential_3,150,50,rosenbrock,3,0.016022,0.659086,0.355393,2.812243,0.762910
3,0.939444,8.541316,exponential_3,150,50,rosenbrock,3,0.000681,0.248480,0.253077,0.962202,0.741000
3,7.295407,2.066557,quadratic,150,50,rosenbrock,3,0.000119,0.386394,0.528944,1.220386,0.813505
3,1.099883,3.316448,exponential_3,150,50,rosenbrock,3,0.000005,0.324796,0.415617,1.954464,0.819945
3,7.295407,5.322296,quadratic,150,50,rosenbrock,3,0.034251,0.917871,0.795632,4.689591,0.808440
3,0.585390,0.585390,exponential_3,150,50,rosenbrock,3,0.001554,1.961509,2.116053,34.319492,0.587070
3,1.099883,5.322296,exponential_3,150,50,rosenbrock,3,0.001020,0.419818,0.343732,3.699287,0.808095
3,1.099883,8.541316,exponential_3,150,50,rosenbrock,3,0.009319,0.361971,0.337601,3.057570,0.667325
3,1.287720,0.585390,exponential_3,150,50,rosenbrock,3,0.001192,1.222025,0.960643,11.212420,0.690495
3,1.287720,0.939444,exponential_3,150,50,rosenbrock,3,0.025944,1.143752,1.229261,2.956786,0.601345
3,2.832683,8.541316,quadratic,150,50,rosenbrock,3,0.003741,1.004022,0.673664,2.245602,0.673650
3,1.099883,0.939444,exponential_3,150,50,rosenbrock,3,0.048492,1.048245,0.890432,2.547683,0.792560
3,1.287720,3.882831,exponential_3,150,50,rosenbrock,3,0.000678,0.227315,0.286084,2.382451,0.628565
3,4.545940,8.541316,quadratic,150,50,rosenbrock,3,0.012219,2.841037,4.570880,3.601505,0.811500
3,1.287720,1.507637,exponential_3,150,50,rosenbrock,3,0.002215,0.628207,0.666261,2.281480,0.776360
3,1.287720,2.419483,exponential_3,150,50,rosenbrock,3,0.000167,0.759292,0.663392,2.961644,0.792785
3,8.541316,2.419483,quadratic,150,50,rosenbrock,3,0.012645,2.164577,1.116189,4.244746,0.817615
3,3.316448,0.585390,quadratic,150,50,rosenbrock,3,0.016153,0.419442,0.452790,1.569009,0.922740
3,10.000000,1.507637,quadratic,150,50,rosenbrock,3,0.000556,0.495466,0.239880,2.023092,0.816070
3,8.541316,3.882831,quadratic,150,50,rosenbrock,3,0.003188,1.727798,0.936432,2.527381,0.858370
3,1.287720,6.231237,exponential_3,150,50,rosenbrock,3,0.000677,0.495058,0.423329,3.768853,0.845420
3,1.287720,10.000000,exponential_3,150,50,rosenbrock,3,0.000299,0.249692,0.236523,3.022803,0.683440
3,0.585390,10.000000,exponential_3,150,50,rosenbrock,3,0.007783,1.175293,1.022186,2.146158,0.659945
3,2.066557,1.287720,exponential_3,150,50,rosenbrock,3,0.040141,0.791062,0.588189,3.686807,0.860065
3,0.685363,3.882831,exponential_3,150,50,rosenbrock,3,0.001991,0.870037,0.630787,2.575099,0.665745
3,0.685363,1.507637,exponential_3,150,50,rosenbrock,3,0.075670,1.313032,1.186725,1.908329,0.888395
3,10.000000,1.099883,quadratic,150,50,rosenbrock,3,0.057182,0.373105,0.429803,1.566217,0.886780
3,10.000000,2.832683,quadratic,150,50,rosenbrock,3,0.012940,0.788751,0.946650,1.911359,0.710755
3,10.000000,4.545940,quadratic,150,50,rosenbrock,3,0.231877,1.716319,1.002336,4.335788,0.690885
3,0.685363,2.419483,exponential_3,150,50,rosenbrock,3,0.003112,1.189698,0.856306,2.290865,0.836445
3,1.507637,0.685363,exponential_3,150,50,rosenbrock,3,0.108672,1.719399,1.885302,2.849952,0.821020
3,0.500000,0.500000,exponential_3,150,50,rosenbrock,3,0.312933,3.945633,4.956422,11.128420,0.702430
3,1.287720,4.545940,exponential_3,150,50,rosenbrock,3,0.018267,0.436777,0.486669,2.876788,0.911910
3,1.507637,1.765111,exponential_3,150,50,rosenbrock,3,0.001589,0.387376,0.511053,2.602730,0.837155
3,0.685363,6.231237,exponential_3,150,50,rosenbrock,3,0.001179,0.229340,0.366725,1.939896,0.901330
3,10.000000,7.295407,quadratic,150,50,rosenbrock,3,2.527818,8.242647,9.256715,7.471077,0.789975
3,6.231237,1.099883,quadratic,150,50,rosenbrock,3,0.000510,0.170773,0.239562,1.803188,0.786805
3,0.802409,1.099883,exponential_3,150,50,rosenbrock,3,0.035066,1.033800,0.944836,2.767010,0.678890
3,1.507637,4.545940,exponential_3,150,50,rosenbrock,3,0.027013,0.622143,0.517323,2.137090,0.857840
3,0.685363,10.000000,exponential_3,150,50,rosenbrock,3,0.076004,0.317072,0.394970,1.129357,0.866365
3,0.685363,1.099883,exponential_3,150,50,rosenbrock,3,0.000503,1.831458,2.843955,2.597019,0.664445
3,1.507637,7.295407,exponential_3,150,50,rosenbrock,3,0.020193,0.301489,0.363329,3.015555,0.845575
3,0.500000,1.287720,exponential_3,150,50,rosenbrock,3,0.000258,1.371909,1.561018,3.621057,0.822495
3,0.802409,0.685363,exponential_3,150,50,rosenbrock,3,0.013439,0.735131,0.755332,1.629094,0.838845
3,0.500000,5.322296,exponential_3,150,50,rosenbrock,3,0.000022,0.371053,0.512890,2.187550,0.706850
3,0.500000,8.541316,exponential_3,150,50,rosenbrock,3,0.000299,0.438346,0.350264,1.841708,0.729765
3,2.419483,1.287720,exponential_3,150,50,rosenbrock,3,0.013491,0.809133,0.529269,2.510065,0.838830
3,1.765111,0.500000,exponential_3,150,50,rosenbrock,3,0.009680,1.123788,1.285915,1.593761,0.867110
3,7.295407,0.685363,quadratic,150,50,rosenbrock,3,0.011970,0.158815,0.127290,1.592054,0.903215
3,1.765111,0.685363,exponential_3,150,50,rosenbrock,3,0.054060,0.776170,0.841694,2.563734,0.833255
3,1.765111,1.287720,exponential_3,150,50,rosenbrock,3,0.002881,1.355510,0.710575,2.965619,0.669170
3,1.765111,0.939444,exponential_3,150,50,rosenbrock,3,0.000018,0.482618,0.330831,1.523390,0.842250
3,0.939444,1.287720,exponential_3,150,50,rosenbrock,3,0.010240,1.247484,1.050804,2.045241,0.664410
3,2.832683,0.802409,quadratic,150,50,rosenbrock,3,0.006477,1.086462,0.400108,3.090234,0.861300
3,1.765111,1.765111,exponential_3,150,50,rosenbrock,3,0.012169,1.077607,0.487295,3.442827,0.840800
3,0.939444,0.802409,exponential_3,150,50,rosenbrock,3,0.005828,0.900144,0.990239,95.294922,0.830565
3,0.802409,5.322296,exponential_3,150,50,rosenbrock,3,0.030155,0.332510,0.437172,1.918770,0.711680
3,1.765111,4.545940,exponential_3,150,50,rosenbrock,3,0.001011,0.250303,0.307459,3.208586,0.680705
3,1.765111,2.419483,exponential_3,150,50,rosenbrock,3,0.000003,0.206437,0.285933,2.982402,0.859365
3,0.585390,0.802409,exponential_3,150,50,rosenbrock,3,0.088122,2.528826,2.761524,3.483596,0.653210
3,2.419483,4.545940,exponential_3,150,50,rosenbrock,3,0.002043,0.347421,0.387214,1.900042,0.943930
3,1.507637,3.316448,exponential_3,150,50,rosenbrock,3,0.004038,0.157858,0.168883,0.969569,0.683670
3,0.802409,3.316448,exponential_3,150,50,rosenbrock,3,0.006654,0.658537,0.593165,2.050438,0.878695
3,1.765111,6.231237,exponential_3,150,50,rosenbrock,3,0.009839,1.319328,0.510894,4.022452,0.706680
3,0.585390,2.419483,exponential_3,150,50,rosenbrock,3,0.001251,1.449941,1.556470,2.978602,0.653925
3,0.939444,2.066557,exponential_3,150,50,rosenbrock,3,0.000021,0.755889,0.793060,2.920221,0.902475
3,1.099883,0.585390,exponential_3,150,50,rosenbrock,3,0.023617,1.608906,1.276596,2.845116,0.798715
3,0.939444,0.585390,exponential_3,150,50,rosenbrock,3,0.001783,1.851669,2.424416,148.277008,0.659300
3,0.585390,0.939444,exponential_3,150,50,rosenbrock,3,0.005983,1.758106,1.794031,3.058833,0.689885
3,8.541316,1.507637,quadratic,150,50,rosenbrock,3,0.000138,0.470110,0.479817,1.951837,0.859265
3,7.295407,1.287720,quadratic,150,50,rosenbrock,3,0.003459,0.312632,0.360438,1.688669,1.275690
3,0.939444,3.316448,exponential_3,150,50,rosenbrock,3,0.020231,0.743981,0.600897,3.882151,1.362705
3,0.939444,5.322296,exponential_3,150,50,rosenbrock,3,0.006042,0.896155,0.371020,2.257064,1.498705
3,1.507637,3.882831,exponential_3,150,50,rosenbrock,3,0.007454,0.182757,0.207881,1.083497,0.731770
3,1.099883,1.507637,exponential_3,150,50,rosenbrock,3,0.001634,1.100016,0.668303,2.856625,0.839310
3,0.585390,5.322296,exponential_3,150,50,rosenbrock,3,0.012518,1.070363,0.638268,2.948074,0.923290
3,0.939444,10.000000,exponential_3,150,50,rosenbrock,3,0.012548,1.012065,0.484272,3.298214,0.672755
3,2.419483,5.322296,exponential_3,150,50,rosenbrock,3,0.015494,0.820028,0.329382,3.543380,0.791925
3,1.765111,8.541316,exponential_3,150,50,rosenbrock,3,0.030170,0.217459,0.197938,1.866599,0.877490
3,0.685363,0.585390,exponential_3,150,50,rosenbrock,3,0.026483,1.966267,2.664554,81.274132,0.885725
3,1.765111,1.099883,exponential_3,150,50,rosenbrock,3,0.051413,1.205944,0.745229,3.906148,1.290005
3,1.765111,2.066557,exponential_3,150,50,rosenbrock,3,0.000005,0.260496,0.305216,1.566614,1.268925
3,1.099883,6.231237,exponential_3,150,50,rosenbrock,3,0.003274,0.376833,0.409289,1.516497,0.668340
3,2.066557,1.765111,exponential_3,150,50,rosenbrock,3,0.003525,0.253305,0.337176,1.209640,0.732965
3,2.066557,0.939444,exponential_3,150,50,rosenbrock,3,0.005903,0.752125,0.446711,3.334782,0.833860
3,2.066557,0.685363,exponential_3,150,50,rosenbrock,3,0.000832,0.949541,0.743618,2.729077,1.019960
3,1.099883,3.882831,exponential_3,150,50,rosenbrock,3,0.001979,0.332781,0.374268,2.094756,0.877395
3,1.099883,10.000000,exponential_3,150,50,rosenbrock,3,0.011598,1.024166,0.788327,2.398865,0.689655
3,10.000000,0.685363,quadratic,150,50,rosenbrock,3,0.023447,0.253309,0.277795,0.723880,0.916615
3,1.287720,1.099883,exponential_3,150,50,rosenbrock,3,0.029682,0.855332,0.782445,2.880690,0.651830
3,1.099883,1.099883,exponential_3,150,50,rosenbrock,3,0.000303,1.285388,1.096847,2.565861,0.663120
3,1.287720,1.765111,exponential_3,150,50,rosenbrock,3,0.000002,0.602586,0.631862,1.840998,0.690565
3,1.287720,2.832683,exponential_3,150,50,rosenbrock,3,0.007628,1.074244,0.538475,3.549257,0.723065
3,2.066557,8.541316,exponential_3,150,50,rosenbrock,3,0.000011,0.815115,0.341151,2.096635,0.732575
3,1.287720,0.685363,exponential_3,150,50,rosenbrock,3,0.003993,0.623733,0.778452,2.034304,0.909000
3,2.066557,2.419483,exponential_3,150,50,rosenbrock,3,0.015221,0.236451,0.263991,1.820038,0.884465
3,2.066557,3.316448,exponential_3,150,50,rosenbrock,3,0.002806,0.287506,0.344168,2.605547,0.901155
3,2.419483,0.500000,exponential_3,150,50,rosenbrock,3,0.000206,1.169589,0.887012,2.805940,0.646970
3,2.066557,4.545940,exponential_3,150,50,rosenbrock,3,0.004439,0.383237,0.405572,1.855964,0.877315
3,1.507637,1.099883,exponential_3,150,50,rosenbrock,3,0.000101,0.396937,0.562322,1.621760,0.924030
3,2.066557,6.231237,exponential_3,150,50,rosenbrock,3,0.013179,0.546322,0.341309,3.703644,0.897590
3,10.000000,1.765111,quadratic,150,50,rosenbrock,3,0.004153,0.361859,0.402642,1.290501,0.892950
3,1.507637,0.500000,exponential_3,150,50,rosenbrock,3,0.006400,0.573717,0.889708,0.776815,0.813045
3,2.419483,0.939444,exponential_3,150,50,rosenbrock,3,0.002852,0.309335,0.402469,1.101989,0.663930
3,0.685363,4.545940,exponential_3,150,50,rosenbrock,3,0.008497,0.406685,0.481859,2.645936,0.850050
3,2.419483,0.685363,exponential_3,150,50,rosenbrock,3,0.000020,1.339126,1.332043,2.928442,0.849920
3,3.316448,1.287720,exponential_3,150,50,rosenbrock,3,0.019529,0.337954,0.356397,1.357143,1.043920
3,2.066557,0.802409,exponential_3,150,50,rosenbrock,3,0.031887,0.925531,0.677460,2.763062,0.939595
3,0.685363,1.765111,exponential_3,150,50,rosenbrock,3,0.000320,1.456358,1.067298,2.642739,0.909345
3,2.419483,1.765111,exponential_3,150,50,rosenbrock,3,0.004113,0.405775,0.506831,3.191563,0.659710
3,0.802409,1.765111,exponential_3,150,50,rosenbrock,3,0.002539,0.782874,0.673754,3.066847,0.881425
3,1.287720,5.322296,exponential_3,150,50,rosenbrock,3,0.022726,0.337799,0.369113,1.664290,0.724620
3,1.507637,2.066557,exponential_3,150,50,rosenbrock,3,0.003887,0.427285,0.524109,2.078341,0.712295
3,0.685363,7.295407,exponential_3,150,50,rosenbrock,3,0.000081,0.397104,0.439978,1.823591,0.726455
3,3.316448,2.419483,exponential_3,150,50,rosenbrock,3,0.043451,0.306502,0.327079,1.652380,0.960965
3,0.802409,1.287720,exponential_3,150,50,rosenbrock,3,0.000001,0.458280,0.551509,2.819235,0.685970
3,2.419483,2.419483,exponential_3,150,50,rosenbrock,3,0.000066,0.879345,0.387291,3.308250,0.853475
3,2.419483,3.316448,exponential_3,150,50,rosenbrock,3,0.000386,0.999647,0.463559,3.089211,0.859165
3,1.287720,2.066557,exponential_3,150,50,rosenbrock,3,0.032840,0.582183,0.677104,1.989283,1.192465
3,2.419483,6.231237,exponential_3,150,50,rosenbrock,3,0.000182,0.848138,0.290514,3.211763,0.708840
3,1.507637,5.322296,exponential_3,150,50,rosenbrock,3,0.019212,0.505597,0.405470,1.604672,0.968070
3,0.802409,0.500000,exponential_3,150,50,rosenbrock,3,0.003389,2.092609,2.663656,2.865518,0.862205
3,2.419483,8.541316,exponential_3,150,50,rosenbrock,3,0.001769,0.211401,0.258459,1.577546,0.676470
3,2.832683,0.500000,exponential_3,150,50,rosenbrock,3,0.019602,1.733068,2.747358,2.198765,0.692285
3,0.802409,0.802409,exponential_3,150,50,rosenbrock,3,0.079236,1.614610,2.270408,62.388123,0.878205
3,1.507637,8.541316,exponential_3,150,50,rosenbrock,3,0.024199,0.498615,0.257615,2.053374,0.923295
3,1.765111,0.585390,exponential_3,150,50,rosenbrock,3,0.014038,1.416184,1.057948,2.944867,0.646495
3,0.939444,1.507637,exponential_3,150,50,rosenbrock,3,0.034307,0.857962,0.789148,2.256431,0.641205
3,1.765111,3.316448,exponential_3,150,50,rosenbrock,3,0.002431,0.406351,0.456900,1.253008,1.040300
3,1.765111,1.507637,exponential_3,150,50,rosenbrock,3,0.011551,0.366208,0.499038,1.601776,0.723100
3,0.585390,1.507637,exponential_3,150,50,rosenbrock,3,0.007215,0.859957,0.912462,1.879711,0.652275
3,1.765111,0.802409,exponential_3,150,50,rosenbrock,3,0.001344,1.076965,1.040035,1.919345,0.851350
3,0.585390,3.316448,exponential_3,150,50,rosenbrock,3,0.038581,0.828930,0.706357,3.041520,0.853070
3,7.295407,0.802409,quadratic,150,50,rosenbrock,3,0.007583,0.236638,0.162858,1.171924,0.933525
3,2.832683,0.685363,exponential_3,150,50,rosenbrock,3,0.037186,0.761865,0.760787,3.202558,0.835200
3,0.802409,2.066557,exponential_3,150,50,rosenbrock,3,0.050208,1.344814,1.045300,2.303806,1.156625
3,2.832683,0.939444,exponential_3,150,50,rosenbrock,3,0.020298,1.469007,1.405286,2.280433,0.900545
3,2.832683,1.287720,exponential_3,150,50,rosenbrock,3,0.011652,0.749576,0.493603,2.163269,0.658180
3,1.765111,7.295407,exponential_3,150,50,rosenbrock,3,0.001550,0.266638,0.213155,1.654032,0.683225
3,2.419483,2.832683,exponential_3,150,50,rosenbrock,3,0.000090,0.569806,0.357418,2.428416,0.970460
3,1.765111,2.832683,exponential_3,150,50,rosenbrock,3,0.001870,0.273765,0.398114,2.185596,0.852150
3,2.832683,1.765111,exponential_3,150,50,rosenbrock,3,0.014055,0.394500,0.386455,1.742002,0.734380
3,2.066557,0.500000,exponential_3,150,50,rosenbrock,3,0.050697,1.321295,1.302458,2.224716,0.871400
3,1.765111,3.316448,quadratic,150,50,rosenbrock,3,0.003561,0.304637,0.217498,1.661212,0.866080
3,2.832683,2.419483,exponential_3,150,50,rosenbrock,3,0.014008,0.483702,0.250370,3.113659,0.660185
3,2.832683,3.316448,exponential_3,150,50,rosenbrock,3,0.001292,0.453886,0.366434,2.300749,0.677270
3,1.099883,2.419483,exponential_3,150,50,rosenbrock,3,0.019827,0.728295,0.613565,2.223371,0.918685
3,1.099883,0.685363,exponential_3,150,50,rosenbrock,3,0.002206,0.496235,0.449477,1.942674,0.771750
3,2.419483,3.882831,exponential_3,150,50,rosenbrock,3,0.006033,0.662038,0.319735,3.401359,1.154370
3,0.939444,2.419483,exponential_3,150,50,rosenbrock,3,0.009412,0.591916,0.682406,2.554637,0.912935
3,2.832683,4.545940,exponential_3,150,50,rosenbrock,3,0.029532,0.388353,0.342607,2.272366,0.870805
3,2.832683,6.231237,exponential_3,150,50,rosenbrock,3,0.007652,0.289357,0.287242,2.011142,0.972705
3,0.939444,3.882831,exponential_3,150,50,rosenbrock,3,0.021387,0.274943,0.342352,1.984896,0.844325
3,0.939444,6.231237,exponential_3,150,50,rosenbrock,3,0.048283,0.292412,0.418104,1.861245,0.823450
3,2.832683,8.541316,exponential_3,150,50,rosenbrock,3,0.000026,0.477438,0.366062,2.225143,0.853475
3,4.545940,1.287720,exponential_3,150,50,rosenbrock,3,0.000004,0.186117,0.246454,1.286069,0.728070
3,1.099883,1.765111,exponential_3,150,50,rosenbrock,3,0.012281,1.290502,1.070418,3.440684,0.875840
3,0.585390,6.231237,exponential_3,150,50,rosenbrock,3,0.002439,0.942501,0.633373,3.312531,0.852545
3,1.099883,7.295407,exponential_3,150,50,rosenbrock,3,0.012035,0.377397,0.413728,1.623366,0.691280
3,2.832683,2.066557,exponential_3,150,50,rosenbrock,3,0.011570,0.665908,0.308188,3.169478,0.818460
3,2.066557,2.066557,exponential_3,150,50,rosenbrock,3,0.034972,0.492747,0.523051,2.812527,0.708645
3,0.685363,0.685363,exponential_3,150,50,rosenbrock,3,0.000002,1.315699,1.512349,1.603476,0.817675
3,1.765111,10.000000,exponential_3,150,50,rosenbrock,3,0.003819,0.744110,0.465795,2.895898,0.873800
3,3.316448,0.939444,exponential_3,150,50,rosenbrock,3,0.004372,0.661538,0.586905,1.963913,0.845930
3,1.287720,7.295407,exponential_3,150,50,rosenbrock,3,0.000486,0.799554,0.386609,4.232422,0.861280
3,2.066557,1.099883,exponential_3,150,50,rosenbrock,3,0.000206,0.719685,0.519020,2.979264,0.854675
3,2.066557,1.507637,exponential_3,150,50,rosenbrock,3,0.234469,2.208405,3.223026,3.323036,0.688025
3,3.316448,1.765111,exponential_3,150,50,rosenbrock,3,0.002448,0.951306,0.420257,2.911860,0.722365
3,1.287720,1.287720,exponential_3,150,50,rosenbrock,3,0.000118,2.262474,2.398426,3.588125,0.661495
3,1.287720,0.500000,exponential_3,150,50,rosenbrock,3,0.000065,1.267441,0.704404,4.017639,0.780340
3,2.066557,10.000000,exponential_3,150,50,rosenbrock,3,0.000048,0.286575,0.307877,1.667982,0.806415
3,1.287720,0.802409,exponential_3,150,50,rosenbrock,3,0.027538,0.723230,0.824538,1.679077,0.734900
3,2.066557,2.832683,exponential_3,150,50,rosenbrock,3,0.000281,0.639789,0.393333,3.097300,0.732600
3,0.685363,2.832683,exponential_3,150,50,rosenbrock,3,0.033758,1.026722,0.641912,3.026960,0.853565
3,2.066557,3.882831,exponential_3,150,50,rosenbrock,3,0.008333,0.328352,0.391874,2.672118,0.894620
3,2.419483,0.585390,exponential_3,150,50,rosenbrock,3,0.021434,0.956550,0.794295,3.403789,0.871455
3,2.066557,5.322296,exponential_3,150,50,rosenbrock,3,0.000273,0.324260,0.278469,3.404248,0.871480
3,1.507637,0.585390,exponential_3,150,50,rosenbrock,3,0.000645,1.260225,1.128590,2.449631,0.659660
3,1.507637,0.802409,exponential_3,150,50,rosenbrock,3,0.053699,0.573886,0.687416,1.331338,1.116215
3,1.287720,3.316448,exponential_3,150,50,rosenbrock,3,0.047734,0.430601,0.398816,2.463755,1.093015
3,2.419483,1.099883,exponential_3,150,50,rosenbrock,3,0.009449,0.574276,0.607019,3.710411,0.703500
3,2.066557,7.295407,exponential_3,150,50,rosenbrock,3,0.090682,0.393912,0.462375,2.951124,0.863610
3,3.316448,6.231237,exponential_3,150,50,rosenbrock,3,0.073040,1.081677,0.688287,2.507558,0.733975
3,2.419483,1.507637,exponential_3,150,50,rosenbrock,3,0.110143,0.771603,0.606981,2.000052,0.676550
3,2.419483,2.066557,exponential_3,150,50,rosenbrock,3,0.000166,0.364613,0.352795,2.481315,0.684105
3,4.545940,6.231237,exponential_3,150,50,rosenbrock,3,0.006694,1.542244,0.415881,2.482656,1.732545
3,1.507637,1.287720,exponential_3,150,50,rosenbrock,3,0.000010,0.652079,0.581455,2.991808,1.182455
3,2.419483,0.802409,exponential_3,150,50,rosenbrock,3,0.001042,1.338725,0.800608,2.501519,1.027100
3,3.316448,1.507637,exponential_3,150,50,rosenbrock,3,0.010064,0.238560,0.312940,2.138302,1.024865
3,3.882831,0.685363,exponential_3,150,50,rosenbrock,3,0.068274,0.682924,0.676295,2.266478,0.654445
3,1.507637,2.419483,exponential_3,150,50,rosenbrock,3,0.008623,0.391939,0.486835,1.237705,0.698630
3,1.765111,5.322296,exponential_3,150,50,rosenbrock,3,0.002030,0.279427,0.394545,2.380596,0.657080
3,3.316448,8.541316,exponential_3,150,50,rosenbrock,3,0.002628,0.402682,0.404001,1.757668,0.924630
3,2.832683,0.585390,exponential_3,150,50,rosenbrock,3,0.075503,1.482301,0.996922,2.496658,0.632010
3,2.419483,7.295407,exponential_3,150,50,rosenbrock,3,0.000001,0.172273,0.217137,1.752523,0.712330
3,2.419483,10.000000,exponential_3,150,50,rosenbrock,3,0.000014,0.611763,0.368828,2.596733,0.678170
3,3.316448,3.316448,exponential_3,150,50,rosenbrock,3,0.029224,0.249374,0.320696,2.093876,1.462135
3,3.316448,2.832683,exponential_3,150,50,rosenbrock,3,0.001641,0.283060,0.275597,3.887813,0.857775
3,3.882831,3.316448,exponential_3,150,50,rosenbrock,3,0.006435,0.268223,0.377356,1.876210,0.681055
3,3.882831,4.545940,exponential_3,150,50,rosenbrock,3,0.001691,0.475147,0.352477,1.987101,0.681550
3,3.316448,4.545940,exponential_3,150,50,rosenbrock,3,0.001711,0.147984,0.202013,1.461352,1.511060
3,6.231237,0.939444,exponential_3,150,50,rosenbrock,3,0.098453,0.727089,0.385076,2.920357,1.549525
3,0.939444,0.939444,exponential_3,150,50,rosenbrock,3,0.008257,0.969888,1.070524,1.233708,0.974875
3,3.882831,2.419483,exponential_3,150,50,rosenbrock,3,0.006475,0.263036,0.376074,1.737418,0.883155
3,1.507637,10.000000,exponential_3,150,50,rosenbrock,3,0.006680,0.293431,0.399469,1.524426,0.880255
3,1.507637,6.231237,exponential_3,150,50,rosenbrock,3,0.000635,0.344900,0.312029,1.584763,1.024020
3,3.882831,1.287720,exponential_3,150,50,rosenbrock,3,0.000002,0.847932,0.356239,2.918548,1.070855
3,7.295407,1.287720,exponential_3,150,50,rosenbrock,3,0.000590,0.151463,0.180862,2.148517,1.034155
3,6.231237,4.545940,exponential_3,150,50,rosenbrock,3,0.005554,1.183169,0.421605,3.826357,1.153550
3,3.882831,8.541316,exponential_3,150,50,rosenbrock,3,0.025680,0.561468,0.428182,1.960675,0.754780
3,1.765111,3.882831,exponential_3,150,50,rosenbrock,3,0.004036,0.526541,0.374563,2.221095,0.859065
3,3.882831,6.231237,exponential_3,150,50,rosenbrock,3,0.000447,1.115327,0.431388,3.382801,0.869110
3,4.545940,1.765111,exponential_3,150,50,rosenbrock,3,0.075772,0.692863,0.630410,2.871189,0.659620
3,3.316448,0.500000,exponential_3,150,50,rosenbrock,3,0.032709,1.046065,0.917237,3.407333,0.733215
3,2.832683,1.507637,exponential_3,150,50,rosenbrock,3,0.007218,0.637466,0.409806,3.496136,0.753825
3,0.585390,3.882831,exponential_3,150,50,rosenbrock,3,0.000001,0.644107,0.699576,1.558853,0.840975
3,2.832683,1.099883,exponential_3,150,50,rosenbrock,3,0.000404,0.523844,0.513302,1.415255,0.806840
3,4.545940,0.685363,exponential_3,150,50,rosenbrock,3,0.013941,0.532091,0.601124,2.577763,0.841940
3,4.545940,0.500000,exponential_3,150,50,rosenbrock,3,0.178436,0.736383,0.653096,2.461681,0.885650
3,2.832683,0.802409,exponential_3,150,50,rosenbrock,3,0.056465,0.806818,0.700904,2.291434,0.918205
3,2.832683,3.882831,exponential_3,150,50,rosenbrock,3,0.014651,0.399527,0.387127,2.194031,0.653955
3,2.832683,2.832683,exponential_3,150,50,rosenbrock,3,0.000517,0.258634,0.293343,2.799551,0.765850
3,8.541316,1.287720,exponential_3,150,50,rosenbrock,3,0.000892,0.272496,0.292930,1.317794,1.065175
3,4.545940,2.419483,exponential_3,150,50,rosenbrock,3,0.055599,0.404726,0.429324,1.702804,0.850510
3,3.316448,0.685363,exponential_3,150,50,rosenbrock,3,0.000417,1.620964,1.573174,2.400092,0.852960
3,4.545940,3.316448,exponential_3,150,50,rosenbrock,3,0.013117,1.298897,0.527022,3.098135,0.876890
3,2.066557,0.585390,exponential_3,150,50,rosenbrock,3,0.054140,1.631920,1.540186,2.794357,0.916780
3,4.545940,4.545940,exponential_3,150,50,rosenbrock,3,0.002250,0.383941,0.336333,1.803005,0.700155
3,5.322296,0.685363,exponential_3,150,50,rosenbrock,3,0.025506,1.436868,0.829815,3.139397,0.643250
3,1.099883,2.832683,exponential_3,150,50,rosenbrock,3,0.007718,0.429313,0.552139,1.992934,0.878850
3,2.832683,10.000000,exponential_3,150,50,rosenbrock,3,0.003689,0.458628,0.365075,1.738419,0.659415
3,3.316448,0.585390,exponential_3,150,50,rosenbrock,3,0.001890,1.866722,0.886009,3.223928,0.839330
3,5.322296,0.939444,exponential_3,150,50,rosenbrock,3,0.027137,0.273019,0.290162,0.765046,0.679395
3,4.545940,1.507637,exponential_3,150,50,rosenbrock,3,0.002025,0.239607,0.259853,2.646822,0.726840
3,5.322296,1.287720,exponential_3,150,50,rosenbrock,3,0.006041,0.433843,0.415401,2.683735,0.686140
3,4.545940,2.066557,exponential_3,150,50,rosenbrock,3,0.001630,0.668734,0.443135,2.402406,0.873370
3,2.832683,7.295407,exponential_3,150,50,rosenbrock,3,0.036989,0.735753,0.335329,3.192225,0.862190
3,5.322296,2.419483,exponential_3,150,50,rosenbrock,3,0.000243,0.545072,0.396880,3.038998,0.649660
3,5.322296,0.500000,exponential_3,150,50,rosenbrock,3,0.004888,0.847587,0.465399,2.918581,0.909600
3,8.541316,8.541316,exponential_3,150,50,rosenbrock,3,0.004778,1.946331,0.959641,2.405189,0.993160
3,5.322296,3.316448,exponential_3,150,50,rosenbrock,3,0.002337,0.205581,0.323813,3.024613,0.835630
3,5.322296,1.765111,exponential_3,150,50,rosenbrock,3,0.000393,0.285802,0.305396,2.922399,0.886325
3,3.316448,1.099883,exponential_3,150,50,rosenbrock,3,0.002779,0.249205,0.296897,1.929195,0.862495
3,5.322296,6.231237,exponential_3,150,50,rosenbrock,3,0.002811,0.960008,0.463737,3.045152,0.918230
3,5.322296,4.545940,exponential_3,150,50,rosenbrock,3,0.000238,0.928755,0.385361,3.109308,0.957950
3,10.000000,1.765111,exponential_3,150,50,rosenbrock,3,0.001100,0.264377,0.191664,2.076423,1.004480
3,6.231237,0.685363,exponential_3,150,50,rosenbrock,3,0.009517,1.241370,1.150119,2.652604,0.671605
3,6.231237,3.316448,exponential_3,150,50,rosenbrock,3,0.013023,0.943889,0.374958,3.176991,0.716780
3,3.882831,0.500000,exponential_3,150,50,rosenbrock,3,0.007572,0.695774,0.582572,2.517747,0.769850
3,6.231237,6.231237,exponential_3,150,50,rosenbrock,3,0.006232,1.346852,0.468669,3.169149,0.697855
3,6.231237,2.419483,exponential_3,150,50,rosenbrock,3,0.007779,0.326930,0.244192,3.041678,0.785295
3,5.322296,8.541316,exponential_3,150,50,rosenbrock,3,0.017745,1.135952,0.411714,3.432948,0.944180
3,3.316448,2.066557,exponential_3,150,50,rosenbrock,3,0.055695,0.300941,0.381523,1.251646,0.929395
3,3.882831,0.939444,exponential_3,150,50,rosenbrock,3,0.037102,1.076661,0.476917,3.919099,0.666030
3,6.231237,1.287720,exponential_3,150,50,rosenbrock,3,0.047419,1.294028,0.789393,3.016217,0.930365
3,6.231237,0.500000,exponential_3,150,50,rosenbrock,3,0.001949,1.042884,0.721631,3.242524,1.016270
3,7.295407,0.500000,exponential_3,150,50,rosenbrock,3,0.001812,0.767986,0.618210,2.907103,0.767640
3,6.231237,8.541316,exponential_3,150,50,rosenbrock,3,0.003015,0.357290,0.450870,2.906257,0.918735
3,10.000000,4.545940,exponential_3,150,50,rosenbrock,3,0.004940,0.173884,0.220032,2.834654,1.046285
3,1.507637,0.939444,exponential_3,150,50,rosenbrock,3,0.000151,1.236771,1.069130,2.179642,0.911600
3,7.295407,0.685363,exponential_3,150,50,rosenbrock,3,0.016162,0.616418,0.345901,3.602195,0.940625
3,3.882831,1.765111,exponential_3,150,50,rosenbrock,3,0.002149,0.312721,0.409614,1.119490,0.842890
3,0.500000,0.685363,exponential_5,150,50,rosenbrock,3,0.004848,2.626891,2.915540,106.189980,0.881500
3,3.316448,7.295407,exponential_3,150,50,rosenbrock,3,0.000553,0.282519,0.372026,1.594794,0.657240
3,7.295407,1.765111,exponential_3,150,50,rosenbrock,3,0.005104,0.319735,0.333569,2.923792,0.703340
3,3.882831,0.802409,exponential_3,150,50,rosenbrock,3,0.065676,0.305706,0.374514,2.092727,0.723870
3,7.295407,6.231237,exponential_3,150,50,rosenbrock,3,0.013492,1.193251,0.410541,2.365596,0.741435
3,6.231237,3.882831,exponential_3,150,50,rosenbrock,3,0.001095,0.370619,0.368892,1.621181,0.847130
3,7.295407,8.541316,exponential_3,150,50,rosenbrock,3,0.000409,0.428040,0.445708,1.815296,0.665295
3,1.507637,1.507637,exponential_3,150,50,rosenbrock,3,0.195345,2.527419,2.967296,3.956262,0.894040
3,4.545940,7.295407,exponential_3,150,50,rosenbrock,3,0.000826,1.206230,0.539827,2.278646,0.946410
3,8.541316,0.939444,exponential_3,150,50,rosenbrock,3,0.003438,0.440248,0.297527,2.835599,0.678245
3,6.231237,2.832683,exponential_3,150,50,rosenbrock,3,0.005757,0.280549,0.256422,1.517852,0.939325
3,3.316448,10.000000,exponential_3,150,50,rosenbrock,3,0.007279,0.271485,0.324604,1.217330,0.839595
3,7.295407,3.316448,exponential_3,150,50,rosenbrock,3,0.004662,0.262510,0.348656,2.469985,1.029090
3,3.316448,3.882831,exponential_3,150,50,rosenbrock,3,0.000071,0.225358,0.306234,2.170998,0.739255
3,8.541316,0.685363,exponential_3,150,50,rosenbrock,3,0.014710,0.242700,0.341215,2.640601,0.818590
3,8.541316,0.500000,exponential_3,150,50,rosenbrock,3,0.003601,0.327131,0.259973,1.606402,0.862655
3,6.231237,1.099883,exponential_3,150,50,rosenbrock,3,0.006533,0.245392,0.356929,2.264951,0.660930
3,4.545940,0.939444,exponential_3,150,50,rosenbrock,3,0.030955,1.739311,1.653463,3.441903,0.827580
3,0.500000,1.765111,exponential_5,150,50,rosenbrock,3,0.211706,2.176655,3.106598,3.000003,0.764575
3,3.882831,3.882831,exponential_3,150,50,rosenbrock,3,0.004973,0.587765,0.470841,1.964929,0.895085
3,3.316448,5.322296,exponential_3,150,50,rosenbrock,3,0.008320,0.249063,0.343707,1.535308,0.906510
3,8.541316,1.765111,exponential_3,150,50,rosenbrock,3,0.006175,0.228402,0.216794,1.834239,0.866615
3,3.882831,2.832683,exponential_3,150,50,rosenbrock,3,0.043111,0.521962,0.359534,2.011305,0.865065
3,3.882831,10.000000,exponential_3,150,50,rosenbrock,3,0.008201,1.140050,0.474212,2.985609,0.678530
3,3.882831,7.295407,exponential_3,150,50,rosenbrock,3,0.005263,1.186819,0.325140,3.447999,0.660630
3,8.541316,2.419483,exponential_3,150,50,rosenbrock,3,0.061872,1.730987,0.563720,3.005176,0.892010
3,8.541316,3.316448,exponential_3,150,50,rosenbrock,3,0.006444,0.366408,0.300315,3.057300,0.870185
3,8.541316,1.099883,exponential_3,150,50,rosenbrock,3,0.000541,0.236873,0.336312,1.347456,0.835955
3,8.541316,6.231237,exponential_3,150,50,rosenbrock,3,0.000020,0.577116,0.416286,2.802666,0.764170
3,1.099883,4.545940,exponential_3,150,50,rosenbrock,3,0.039164,0.676253,0.472170,2.149155,0.838475
3,10.000000,0.500000,exponential_3,150,50,rosenbrock,3,0.000157,0.515012,0.379179,3.301865,0.752620
3,3.882831,1.507637,exponential_3,150,50,rosenbrock,3,0.027470,0.364793,0.335532,1.028671,1.256000
3,2.832683,5.322296,exponential_3,150,50,rosenbrock,3,0.011670,0.599794,0.275873,2.126161,1.053655
3,4.545940,0.802409,exponential_3,150,50,rosenbrock,3,0.035802,0.614855,0.554542,1.994397,0.896845
3,10.000000,0.939444,exponential_3,150,50,rosenbrock,3,0.000322,0.177067,0.244717,1.041983,0.650780
3,8.541316,0.802409,exponential_3,150,50,rosenbrock,3,0.000335,0.876958,0.458016,3.381111,1.170290
3,10.000000,1.287720,exponential_3,150,50,rosenbrock,3,0.026520,0.575972,0.328047,2.514487,0.728510
3,10.000000,0.685363,exponential_3,150,50,rosenbrock,3,0.000952,0.958734,0.875168,3.263622,0.832225
3,8.541316,1.507637,exponential_3,150,50,rosenbrock,3,0.003983,0.166958,0.202396,1.342352,0.733200
3,4.545940,5.322296,exponential_3,150,50,rosenbrock,3,0.000534,0.529609,0.343328,2.059809,0.748005
3,10.000000,3.316448,exponential_3,150,50,rosenbrock,3,0.003760,0.805577,0.453817,2.151888,0.657670
3,3.316448,0.802409,exponential_3,150,50,rosenbrock,3,0.000022,0.427136,0.476415,2.478500,0.832595
3,0.500000,4.545940,exponential_5,150,50,rosenbrock,3,0.000000,1.060224,0.853646,2.442764,1.651710
3,10.000000,6.231237,exponential_3,150,50,rosenbrock,3,0.003114,0.533472,0.676920,1.926051,0.702305
3,7.295407,1.507637,exponential_3,150,50,rosenbrock,3,0.008796,0.392102,0.299560,1.862464,1.733135
3,10.000000,2.419483,exponential_3,150,50,rosenbrock,3,0.000350,1.865317,1.298138,3.145418,0.845295
3,4.545940,3.882831,exponential_3,150,50,rosenbrock,3,0.000997,0.486694,0.485036,2.016985,0.984435
3,5.322296,1.099883,exponential_3,150,50,rosenbrock,3,0.007941,0.675225,0.455505,2.981645,0.891835
3,0.500000,2.066557,exponential_5,150,50,rosenbrock,3,0.000070,1.356041,1.015173,3.077175,1.451480
3,1.287720,8.541316,exponential_3,150,50,rosenbrock,3,0.000176,0.330035,0.323131,1.933655,1.097795
3,10.000000,8.541316,exponential_3,150,50,rosenbrock,3,0.067568,1.497343,1.333715,3.109118,0.775170
3,5.322296,1.507637,exponential_3,150,50,rosenbrock,3,0.007986,0.488735,0.357019,2.942537,0.865225
3,5.322296,3.882831,exponential_3,150,50,rosenbrock,3,0.003651,0.363136,0.339610,1.828868,0.689510
3,7.295407,0.939444,exponential_3,150,50,rosenbrock,3,0.000919,0.199999,0.262771,1.772004,0.657525
3,4.545940,2.832683,exponential_3,150,50,rosenbrock,3,0.019354,0.248153,0.320806,2.013012,1.347725
3,5.322296,2.832683,exponential_3,150,50,rosenbrock,3,0.000111,0.186252,0.241222,3.075130,0.786205
3,5.322296,0.585390,exponential_3,150,50,rosenbrock,3,0.004022,1.590084,1.132879,3.210148,0.831025
3,8.541316,10.000000,exponential_3,150,50,rosenbrock,3,0.040434,1.574746,0.838485,4.199447,0.841740
3,8.541316,3.882831,exponential_3,150,50,rosenbrock,3,0.003939,0.615211,0.337930,3.309740,1.332340
3,6.231237,1.765111,exponential_3,150,50,rosenbrock,3,0.004000,0.232828,0.287426,1.798060,0.882570
3,5.322296,5.322296,exponential_3,150,50,rosenbrock,3,0.008208,0.554711,0.310469,2.185877,0.717600
3,5.322296,2.066557,exponential_3,150,50,rosenbrock,3,0.001419,0.330338,0.372770,4.149818,1.007210
3,0.685363,2.419483,exponential_5,150,50,rosenbrock,3,0.000794,0.467964,0.729476,1.179752,0.903305
3,3.882831,0.585390,exponential_3,150,50,rosenbrock,3,0.000935,0.732950,0.641490,3.338289,0.651940
3,7.295407,2.419483,exponential_3,150,50,rosenbrock,3,0.007036,0.533408,0.401419,2.517669,0.668015
3,10.000000,2.066557,exponential_3,150,50,rosenbrock,3,0.001318,0.450187,0.437857,2.110487,0.867665
3,6.231237,7.295407,exponential_3,150,50,rosenbrock,3,0.020017,2.277213,3.810721,3.332460,0.844625
3,0.685363,0.500000,exponential_5,150,50,rosenbrock,3,0.009738,1.447677,1.980059,1.845088,1.443935
3,3.882831,1.099883,exponential_3,150,50,rosenbrock,3,0.009787,0.314074,0.401564,2.760842,0.659580
3,0.500000,0.939444,exponential_5,150,50,rosenbrock,3,0.338571,2.564942,2.946860,2.432920,0.828970
3,7.295407,0.585390,exponential_3,150,50,rosenbrock,3,0.000950,0.493297,0.565317,3.054028,0.666480
3,10.000000,5.322296,exponential_3,150,50,rosenbrock,3,0.003665,1.129520,0.628846,2.830873,0.726430
3,6.231237,0.585390,exponential_3,150,50,rosenbrock,3,0.004720,0.280823,0.348880,1.294083,0.843105
3,6.231237,1.507637,exponential_3,150,50,rosenbrock,3,0.036346,0.474756,0.430940,2.406474,0.899625
3,6.231237,10.000000,exponential_3,150,50,rosenbrock,3,0.005680,0.493137,0.544591,2.989297,0.844350
3,3.882831,5.322296,exponential_3,150,50,rosenbrock,3,0.005106,0.780220,0.811667,2.579749,0.696815
3,7.295407,4.545940,exponential_3,150,50,rosenbrock,3,0.000236,0.497701,0.365980,2.994589,1.201080
3,3.882831,2.066557,exponential_3,150,50,rosenbrock,3,0.015637,0.194033,0.242420,2.651172,0.898785
3,7.295407,2.066557,exponential_3,150,50,rosenbrock,3,0.006273,1.554095,0.504109,3.329597,0.688205
3,0.500000,1.287720,exponential_5,150,50,rosenbrock,3,0.001076,2.171493,2.192687,2.293010,0.920210
3,7.295407,7.295407,exponential_3,150,50,rosenbrock,3,0.024895,0.994641,0.583470,2.026508,0.667705
3,0.500000,2.419483,exponential_5,150,50,rosenbrock,3,0.001978,2.380502,3.071106,3.220431,0.696655
3,10.000000,0.802409,exponential_3,150,50,rosenbrock,3,0.005170,0.653442,0.477453,3.121385,1.762220
3,7.295407,0.802409,exponential_3,150,50,rosenbrock,3,0.000008,0.238907,0.287504,1.841171,0.981875
3,0.802409,0.939444,exponential_5,150,50,rosenbrock,3,0.049176,1.581171,1.858651,1.953389,1.257515
3,0.939444,0.500000,exponential_5,150,50,rosenbrock,3,0.035460,1.660119,1.404112,22.974451,1.008335
3,7.295407,10.000000,exponential_3,150,50,rosenbrock,3,0.045529,1.182148,1.004925,2.922374,0.706610
3,0.939444,0.939444,exponential_5,150,50,rosenbrock,3,0.001526,0.998567,1.011743,2.352828,0.825050
3,0.500000,6.231237,exponential_5,150,50,rosenbrock,3,0.054181,0.346681,0.462927,2.645837,0.812700
3,0.585390,0.500000,exponential_5,150,50,rosenbrock,3,0.011764,0.924942,0.839928,4.780600,0.843485
3,0.585390,0.939444,exponential_5,150,50,rosenbrock,3,0.015181,2.249683,2.315465,115.052567,0.641440
3,6.231237,5.322296,exponential_3,150,50,rosenbrock,3,0.116305,0.982613,0.449514,3.805863,1.055970
3,8.541316,0.585390,exponential_3,150,50,rosenbrock,3,0.003167,0.284561,0.367754,3.413372,0.678930
3,0.585390,1.287720,exponential_5,150,50,rosenbrock,3,0.086570,1.992444,1.695232,3.410278,0.645470
3,0.500000,1.099883,exponential_5,150,50,rosenbrock,3,0.154767,2.653634,2.914188,9.511576,1.010180
3,0.585390,0.685363,exponential_5,150,50,rosenbrock,3,0.005541,2.832783,3.745342,79.930206,0.803310
3,7.295407,3.882831,exponential_3,150,50,rosenbrock,3,0.001277,0.894901,0.374498,2.181750,0.844340
3,8.541316,4.545940,exponential_3,150,50,rosenbrock,3,0.000051,0.284122,0.473860,2.819657,0.890290
3,4.545940,8.541316,exponential_3,150,50,rosenbrock,3,0.002303,0.275184,0.337265,1.517781,0.849410
3,0.585390,1.765111,exponential_5,150,50,rosenbrock,3,0.087222,1.957081,2.894211,2.714407,0.807925
3,4.545940,1.099883,exponential_3,150,50,rosenbrock,3,0.002042,0.538226,0.445436,2.928392,0.879420
3,4.545940,0.585390,exponential_3,150,50,rosenbrock,3,0.034592,0.931200,0.744088,2.218506,0.847650
3,8.541316,2.066557,exponential_3,150,50,rosenbrock,3,0.001517,0.322333,0.311070,1.508531,0.684725
3,0.585390,4.545940,exponential_5,150,50,rosenbrock,3,0.024350,0.523321,0.665155,2.192714,0.639875
3,0.585390,3.316448,exponential_5,150,50,rosenbrock,3,0.048926,1.015239,0.867566,2.462821,0.808070
3,0.585390,2.419483,exponential_5,150,50,rosenbrock,3,0.000280,0.515948,0.659986,1.226219,0.887705
3,5.322296,0.802409,exponential_3,150,50,rosenbrock,3,0.001918,0.441943,0.441006,3.202043,0.650975
3,8.541316,7.295407,exponential_3,150,50,rosenbrock,3,0.039846,1.883440,0.730387,2.506214,0.663420
3,0.585390,6.231237,exponential_5,150,50,rosenbrock,3,0.001965,0.999525,0.537479,3.521454,0.786435
3,10.000000,0.585390,exponential_3,150,50,rosenbrock,3,0.021117,0.659377,0.461681,2.490141,0.750735
3,0.585390,8.541316,exponential_5,150,50,rosenbrock,3,0.000177,0.291191,0.370393,1.092015,0.818575
3,0.685363,0.939444,exponential_5,150,50,rosenbrock,3,0.173218,1.002379,1.182992,2.233573,0.801580
3,8.541316,2.832683,exponential_3,150,50,rosenbrock,3,0.002279,0.603700,0.332958,2.999764,0.954210
3,0.685363,1.765111,exponential_5,150,50,rosenbrock,3,0.109855,1.251456,0.934595,2.282109,0.640165
3,0.685363,0.685363,exponential_5,150,50,rosenbrock,3,0.007800,1.810531,2.782023,2.291750,0.876600
3,0.500000,0.500000,exponential_5,150,50,rosenbrock,3,0.009174,2.534338,3.051764,3.591664,0.773295
3,10.000000,1.099883,exponential_3,150,50,rosenbrock,3,0.002785,0.269420,0.319884,1.542967,0.880030
3,10.000000,3.882831,exponential_3,150,50,rosenbrock,3,0.000000,0.608098,0.444739,2.229780,0.655380
3,1.287720,0.685363,exponential_5,150,50,rosenbrock,3,0.013702,1.544765,2.032179,1.571025,0.957125
3,5.322296,7.295407,exponential_3,150,50,rosenbrock,3,0.000603,0.995786,0.457040,3.167026,0.962360
3,10.000000,7.295407,exponential_3,150,50,rosenbrock,3,0.015329,1.811927,1.567552,2.855307,0.741070
3,0.500000,5.322296,exponential_5,150,50,rosenbrock,3,0.002540,0.443952,0.604843,1.290002,0.817745
3,0.685363,3.316448,exponential_5,150,50,rosenbrock,3,0.000233,0.512914,0.578864,1.273580,0.919045
3,0.685363,4.545940,exponential_5,150,50,rosenbrock,3,0.013317,1.226406,0.771012,2.152414,0.832100
3,8.541316,5.322296,exponential_3,150,50,rosenbrock,3,0.203233,2.113891,2.931236,2.383046,1.402900
3,0.802409,0.685363,exponential_5,150,50,rosenbrock,3,0.029165,2.067235,2.061542,80.611107,0.635570
3,0.802409,0.500000,exponential_5,150,50,rosenbrock,3,0.192443,2.587675,3.092083,11.204190,0.694750
3,0.802409,1.287720,exponential_5,150,50,rosenbrock,3,0.000008,0.904183,0.540883,1.757574,0.680190
3,10.000000,2.832683,exponential_3,150,50,rosenbrock,3,0.002103,0.632277,0.310873,3.128123,0.859270
3,0.685363,6.231237,exponential_5,150,50,rosenbrock,3,0.004900,0.222728,0.283720,1.287520,0.826105
3,0.585390,2.832683,exponential_5,150,50,rosenbrock,3,0.033946,1.156963,1.090611,3.749672,1.159875
3,7.295407,1.099883,exponential_3,150,50,rosenbrock,3,0.011090,0.268466,0.320432,1.609450,0.699175
3,10.000000,10.000000,exponential_3,150,50,rosenbrock,3,0.287247,2.012947,1.925933,3.978082,0.774320
3,0.685363,8.541316,exponential_5,150,50,rosenbrock,3,0.000408,0.838281,0.663960,2.665376,0.896990
3,5.322296,10.000000,exponential_3,150,50,rosenbrock,3,0.000684,0.611653,0.486705,3.036298,0.874740
3,0.802409,1.765111,exponential_5,150,50,rosenbrock,3,0.000243,1.163347,0.993775,1.951271,0.884965
3,0.802409,2.419483,exponential_5,150,50,rosenbrock,3,0.000000,0.478288,0.418616,2.893332,0.709005
3,0.802409,3.316448,exponential_5,150,50,rosenbrock,3,0.003243,0.544888,0.631774,2.361483,0.810080
3,0.802409,4.545940,exponential_5,150,50,rosenbrock,3,0.001033,1.480605,0.533186,3.594442,0.814500
3,6.231237,2.066557,exponential_3,150,50,rosenbrock,3,0.009024,0.448574,0.398553,2.404825,0.818220
3,0.939444,0.685363,exponential_5,150,50,rosenbrock,3,0.085090,1.820161,2.222162,2.858994,0.631470
3,0.802409,8.541316,exponential_5,150,50,rosenbrock,3,0.000486,1.111667,0.749398,3.066548,0.844490
3,0.802409,6.231237,exponential_5,150,50,rosenbrock,3,0.005010,0.309028,0.412890,1.311368,0.895515
3,0.685363,2.832683,exponential_5,150,50,rosenbrock,3,0.025038,2.047756,2.579759,2.967371,0.691535
3,0.939444,1.287720,exponential_5,150,50,rosenbrock,3,0.019438,1.174882,1.029431,4.172443,0.659300
3,0.685363,0.585390,exponential_5,150,50,rosenbrock,3,0.033582,2.077962,2.694097,31.461092,0.676865
3,0.685363,5.322296,exponential_5,150,50,rosenbrock,3,0.000128,0.584016,0.625507,2.526688,0.895875
3,0.939444,1.765111,exponential_5,150,50,rosenbrock,3,0.081691,1.473383,1.476214,3.069200,0.655230
3,0.500000,3.316448,exponential_5,150,50,rosenbrock,3,0.002880,1.279873,1.148401,2.523344,0.810530
3,7.295407,2.832683,exponential_3,150,50,rosenbrock,3,0.001232,0.767318,0.391305,3.094099,0.828450
3,0.500000,8.541316,exponential_5,150,50,rosenbrock,3,0.057663,0.568985,0.543344,2.317544,0.813235
3,1.507637,6.231237,exponential_5,150,50,rosenbrock,3,0.001061,0.592172,0.569137,2.252619,0.820370
3,0.802409,2.066557,exponential_5,150,50,rosenbrock,3,0.060767,1.282802,0.870237,3.767759,0.887090
3,0.939444,4.545940,exponential_5,150,50,rosenbrock,3,0.131072,0.612584,0.666345,3.484568,0.920265
3,1.099883,0.500000,exponential_5,150,50,rosenbrock,3,0.310749,2.554678,3.292918,2.849874,0.655695
3,1.099883,0.939444,exponential_5,150,50,rosenbrock,3,0.055893,0.635750,0.740394,2.119070,0.644225
3,1.099883,1.287720,exponential_5,150,50,rosenbrock,3,0.000573,0.759301,0.590456,1.884222,0.626135
3,0.500000,2.832683,exponential_5,150,50,rosenbrock,3,0.029381,1.042906,0.944738,2.692113,0.663430
3,0.939444,6.231237,exponential_5,150,50,rosenbrock,3,0.050434,0.315511,0.352517,0.261069,1.026975
3,0.500000,1.507637,exponential_5,150,50,rosenbrock,3,0.010502,1.496479,1.829414,2.869272,0.824205
3,1.099883,2.419483,exponential_5,150,50,rosenbrock,3,0.103799,1.196287,0.912856,2.089094,0.760580
3,7.295407,5.322296,exponential_3,150,50,rosenbrock,3,0.014560,1.547399,0.485665,3.666048,0.923050
3,1.099883,0.685363,exponential_5,150,50,rosenbrock,3,0.005421,1.379500,1.243091,3.583417,0.918385
3,1.099883,1.765111,exponential_5,150,50,rosenbrock,3,0.001063,2.075751,1.056119,2.903258,0.833665
3,0.802409,1.099883,exponential_5,150,50,rosenbrock,3,0.038826,1.005264,1.088473,2.741253,0.825180
3,0.939444,0.585390,exponential_5,150,50,rosenbrock,3,0.000110,1.090001,1.255588,2.268874,0.802565
3,0.802409,3.882831,exponential_5,150,50,rosenbrock,3,0.000738,0.564382,0.672697,2.375839,1.058905
3,1.099883,3.316448,exponential_5,150,50,rosenbrock,3,0.002814,0.801561,0.662696,3.182596,0.818955
3,0.500000,7.295407,exponential_5,150,50,rosenbrock,3,0.023742,0.363547,0.465869,1.513799,0.826365
3,0.939444,1.099883,exponential_5,150,50,rosenbrock,3,0.002088,0.960881,1.128191,2.443564,0.923365
3,0.585390,1.507637,exponential_5,150,50,rosenbrock,3,0.084088,1.543211,2.154351,2.577265,0.634860
3,1.099883,6.231237,exponential_5,150,50,rosenbrock,3,0.007383,0.634026,0.768732,2.806386,0.671725
3,0.585390,1.099883,exponential_5,150,50,rosenbrock,3,0.042485,1.993200,2.578010,2.921137,0.710615
3,0.585390,0.802409,exponential_5,150,50,rosenbrock,3,0.130352,2.004042,2.488995,45.105743,0.642905
3,0.685363,1.287720,exponential_5,150,50,rosenbrock,3,0.000139,0.606332,0.729752,0.675939,0.649390
3,10.000000,1.507637,exponential_3,150,50,rosenbrock,3,0.005578,0.248095,0.292765,1.210893,0.673485
3,1.099883,8.541316,exponential_5,150,50,rosenbrock,3,0.005929,0.549231,0.479348,3.095300,0.896715
3,1.765111,1.765111,exponential_5,150,50,rosenbrock,3,0.000137,0.894575,0.752355,2.669481,1.177275
3,1.099883,4.545940,exponential_5,150,50,rosenbrock,3,0.000593,0.297675,0.433611,1.081023,0.982520
3,1.287720,0.500000,exponential_5,150,50,rosenbrock,3,0.001584,0.561376,0.650441,2.866747,0.846580
3,0.585390,2.066557,exponential_5,150,50,rosenbrock,3,0.031746,0.551068,0.675732,1.989462,0.831000
3,4.545940,10.000000,exponential_3,150,50,rosenbrock,3,0.001981,0.197109,0.339718,1.524086,0.844310
3,1.287720,0.939444,exponential_5,150,50,rosenbrock,3,0.048195,0.531892,0.628481,3.091754,0.876805
3,0.585390,3.882831,exponential_5,150,50,rosenbrock,3,0.000482,0.813079,0.791760,2.889799,0.791145
3,0.585390,5.322296,exponential_5,150,50,rosenbrock,3,0.009867,0.899260,0.777538,2.204205,0.801490
3,1.287720,1.287720,exponential_5,150,50,rosenbrock,3,0.052727,1.033150,0.792833,2.254712,0.881180
3,6.231237,0.802409,exponential_3,150,50,rosenbrock,3,0.049199,0.346351,0.406826,2.377238,0.710035
3,1.287720,1.765111,exponential_5,150,50,rosenbrock,3,0.016342,1.004866,0.816305,2.713354,0.705425
3,1.287720,3.316448,exponential_5,150,50,rosenbrock,3,0.037427,0.365626,0.487646,0.898722,0.617815
3,2.066557,1.287720,exponential_5,150,50,rosenbrock,3,0.002475,0.499442,0.425448,3.327435,0.849935
3,0.585390,10.000000,exponential_5,150,50,rosenbrock,3,0.007551,1.130966,0.541803,3.313714,0.836875
3,1.287720,4.545940,exponential_5,150,50,rosenbrock,3,0.001098,0.287912,0.326866,2.720119,0.804605
3,0.500000,0.585390,exponential_5,150,50,rosenbrock,3,0.036981,3.140429,3.520799,4.618102,0.688550
3,1.507637,0.685363,exponential_5,150,50,rosenbrock,3,0.029617,1.435304,1.386149,2.588279,0.625055
3,2.066557,0.939444,exponential_5,150,50,rosenbrock,3,0.000721,0.554512,0.599279,1.826542,1.154135
3,0.685363,0.802409,exponential_5,150,50,rosenbrock,3,0.000000,2.911752,3.705665,79.592323,0.842415
3,2.066557,2.419483,exponential_5,150,50,rosenbrock,3,0.010695,0.805793,0.626765,3.503186,1.014995
3,0.685363,2.066557,exponential_5,150,50,rosenbrock,3,0.000002,0.743555,0.765225,2.984256,1.001025
3,1.507637,0.500000,exponential_5,150,50,rosenbrock,3,0.030821,1.853501,1.726298,2.781908,0.798065
3,1.287720,0.802409,exponential_5,150,50,rosenbrock,3,0.063859,1.219112,1.220923,2.660270,0.831575
3,1.287720,0.585390,exponential_5,150,50,rosenbrock,3,0.000083,0.823519,0.901167,2.979310,0.943835
3,1.507637,0.939444,exponential_5,150,50,rosenbrock,3,0.065939,1.303462,0.870192,3.196985,0.841470
3,0.802409,0.585390,exponential_5,150,50,rosenbrock,3,0.025417,2.093284,2.773828,21.934883,0.746555
3,1.507637,1.287720,exponential_5,150,50,rosenbrock,3,0.043033,0.669212,0.679035,2.729927,0.806235
3,2.066557,6.231237,exponential_5,150,50,rosenbrock,3,0.000607,0.270914,0.363405,2.796579,1.019405
3,0.500000,0.802409,exponential_5,150,50,rosenbrock,3,0.016011,1.962242,2.405304,2.322534,0.864575
3,0.802409,1.507637,exponential_5,150,50,rosenbrock,3,0.078550,1.405779,1.206506,2.074314,0.725360
3,0.685363,3.882831,exponential_5,150,50,rosenbrock,3,0.012086,0.713800,0.553329,2.783755,0.910570
3,0.802409,0.802409,exponential_5,150,50,rosenbrock,3,0.008759,1.918653,1.495478,3.483638,0.911180
3,1.507637,3.316448,exponential_5,150,50,rosenbrock,3,0.034823,0.723308,0.623278,2.980718,0.646040
3,1.507637,1.765111,exponential_5,150,50,rosenbrock,3,0.006112,1.217739,0.772542,2.707825,0.812655
3,0.685363,7.295407,exponential_5,150,50,rosenbrock,3,0.042940,0.513954,0.596833,0.971849,0.824010
3,1.507637,4.545940,exponential_5,150,50,rosenbrock,3,0.002189,0.764058,0.651121,2.507531,0.715660
3,2.419483,1.287720,exponential_5,150,50,rosenbrock,3,0.000007,0.257711,0.427840,2.803041,0.801500
3,0.802409,2.832683,exponential_5,150,50,rosenbrock,3,0.033179,0.798606,0.612391,3.363576,0.673465
3,0.939444,2.419483,exponential_5,150,50,rosenbrock,3,0.000368,0.395732,0.412903,1.627326,0.748135
3,0.685363,10.000000,exponential_5,150,50,rosenbrock,3,0.000023,1.722576,1.629373,2.794306,0.818350
3,0.939444,0.802409,exponential_5,150,50,rosenbrock,3,0.025218,1.561134,1.607553,3.484582,0.640170
3,0.939444,1.507637,exponential_5,150,50,rosenbrock,3,0.007764,0.824012,0.780329,2.902755,0.624240
3,2.066557,2.832683,exponential_5,150,50,rosenbrock,3,0.002133,0.530727,0.267472,3.607320,0.907290
3,0.802409,5.322296,exponential_5,150,50,rosenbrock,3,0.000313,1.130794,0.694143,3.766973,0.816730
3,1.765111,0.500000,exponential_5,150,50,rosenbrock,3,0.004317,1.670678,1.624321,2.695487,0.741735
3,2.419483,3.316448,exponential_5,150,50,rosenbrock,3,0.115347,0.607528,0.507874,2.474447,0.991170
3,0.802409,10.000000,exponential_5,150,50,rosenbrock,3,0.052893,0.587353,0.608805,3.232417,0.839985
3,1.507637,1.099883,exponential_5,150,50,rosenbrock,3,0.003433,1.092777,0.726006,1.995985,0.936785
3,0.939444,2.066557,exponential_5,150,50,rosenbrock,3,0.006219,2.066525,1.645854,4.323739,0.627125
3,1.765111,0.939444,exponential_5,150,50,rosenbrock,3,0.000087,1.012237,0.883452,2.893358,0.804770
3,1.765111,0.685363,exponential_5,150,50,rosenbrock,3,0.059372,1.092400,0.886393,2.602713,0.827475
3,1.099883,0.585390,exponential_5,150,50,rosenbrock,3,0.054766,2.567265,3.443392,12.447899,0.650620
3,0.939444,5.322296,exponential_5,150,50,rosenbrock,3,0.000157,1.639277,1.343446,2.483234,0.667715
3,1.099883,1.099883,exponential_5,150,50,rosenbrock,3,0.001294,1.301518,1.426600,2.730855,0.621280
3,0.802409,7.295407,exponential_5,150,50,rosenbrock,3,0.013532,1.657810,0.740544,2.575738,1.180075
3,0.500000,10.000000,exponential_5,150,50,rosenbrock,3,0.004596,0.263003,0.332526,3.347310,0.813465
3,0.500000,3.882831,exponential_5,150,50,rosenbrock,3,0.200500,1.448675,0.927347,2.429027,0.862640
3,1.099883,1.507637,exponential_5,150,50,rosenbrock,3,0.000030,0.974750,0.691365,2.170040,0.636300
3,0.585390,0.585390,exponential_5,150,50,rosenbrock,3,0.003107,2.613368,3.325667,38.397755,0.796315
3,1.507637,7.295407,exponential_5,150,50,rosenbrock,3,0.000010,0.806379,0.477117,3.146874,0.822930
3,1.765111,2.419483,exponential_5,150,50,rosenbrock,3,0.000052,0.624286,0.516967,2.146475,0.630775
3,1.507637,5.322296,exponential_5,150,50,rosenbrock,3,0.000467,0.869193,0.620345,2.324313,1.059925
3,1.765111,8.541316,exponential_5,150,50,rosenbrock,3,0.015131,0.382050,0.310666,1.775459,0.649605
3,0.939444,7.295407,exponential_5,150,50,rosenbrock,3,0.000840,0.343941,0.321463,2.277496,0.854290
3,1.765111,3.316448,exponential_5,150,50,rosenbrock,3,0.003065,0.971814,0.518346,2.718119,0.831650
3,1.765111,4.545940,exponential_5,150,50,rosenbrock,3,0.002187,0.391520,0.453038,2.522618,0.829655
3,1.765111,6.231237,exponential_5,150,50,rosenbrock,3,0.002452,0.740742,0.500048,3.079574,0.888275
3,1.099883,0.802409,exponential_5,150,50,rosenbrock,3,0.005296,1.701372,1.527260,2.787188,0.947125
3,2.419483,3.882831,exponential_5,150,50,rosenbrock,3,0.001652,0.222124,0.315794,0.372523,0.951200
3,3.316448,0.939444,exponential_5,150,50,rosenbrock,3,0.006484,0.678145,0.585932,2.431939,0.813350
3,1.099883,3.882831,exponential_5,150,50,rosenbrock,3,0.020312,0.479968,0.474395,2.759411,0.728905
3,1.287720,2.419483,exponential_5,150,50,rosenbrock,3,0.003434,1.687364,1.277877,3.194140,0.673140
3,0.585390,7.295407,exponential_5,150,50,rosenbrock,3,0.000277,0.592680,0.491114,3.503736,0.657635
3,3.316448,0.500000,exponential_5,150,50,rosenbrock,3,0.000182,1.064435,1.028669,1.678366,1.104855
3,1.099883,7.295407,exponential_5,150,50,rosenbrock,3,0.008198,0.892046,0.367140,4.309193,0.702430
3,0.685363,1.507637,exponential_5,150,50,rosenbrock,3,0.001784,0.527524,0.426193,1.827865,0.690200
3,2.066557,1.765111,exponential_5,150,50,rosenbrock,3,0.009681,0.649396,0.615469,2.597741,0.734495
3,2.066557,0.685363,exponential_5,150,50,rosenbrock,3,0.008748,1.049522,1.078071,3.386702,0.862295
3,0.685363,1.099883,exponential_5,150,50,rosenbrock,3,0.076657,1.478461,1.440699,2.878521,0.820935
3,1.765111,2.832683,exponential_5,150,50,rosenbrock,3,0.002060,0.526631,0.548866,1.926356,0.838505
3,1.099883,10.000000,exponential_5,150,50,rosenbrock,3,0.000757,0.449520,0.557999,1.711409,0.833125
3,1.287720,6.231237,exponential_5,150,50,rosenbrock,3,0.213112,0.590914,0.620697,2.747751,0.644010
3,1.765111,2.066557,exponential_5,150,50,rosenbrock,3,0.009480,0.370453,0.466007,2.246804,0.810880
3,1.099883,5.322296,exponential_5,150,50,rosenbrock,3,0.028849,0.410692,0.264821,1.998862,0.839770
3,2.066557,4.545940,exponential_5,150,50,rosenbrock,3,0.003644,0.221792,0.262822,1.246579,0.823285
3,1.287720,8.541316,exponential_5,150,50,rosenbrock,3,0.000870,0.654691,0.777402,2.335871,0.858760
3,2.419483,0.685363,exponential_5,150,50,rosenbrock,3,0.001355,0.615814,0.792640,1.626574,0.695440
3,2.419483,0.500000,exponential_5,150,50,rosenbrock,3,0.032145,1.513328,1.276106,2.323657,0.729575
3,2.066557,1.507637,exponential_5,150,50,rosenbrock,3,0.000104,0.282808,0.342135,1.393853,0.643665
3,1.287720,1.099883,exponential_5,150,50,rosenbrock,3,0.017401,1.083454,0.779218,3.173490,0.893165
3,1.507637,0.802409,exponential_5,150,50,rosenbrock,3,0.000678,0.976855,0.826826,2.573693,0.649020
3,1.507637,2.419483,exponential_5,150,50,rosenbrock,3,0.003226,0.282781,0.292367,1.518451,0.759305
3,2.419483,2.419483,exponential_5,150,50,rosenbrock,3,0.001236,0.923692,0.295248,2.963232,0.634675
3,0.939444,3.316448,exponential_5,150,50,rosenbrock,3,0.010821,0.589958,0.634188,2.719654,0.668130
3,2.066557,1.099883,exponential_5,150,50,rosenbrock,3,0.014210,1.037732,0.744954,2.489162,0.811130
3,3.882831,4.545940,exponential_5,150,50,rosenbrock,3,0.001445,0.376095,0.411835,2.989411,1.221725
3,1.287720,1.507637,exponential_5,150,50,rosenbrock,3,0.002913,0.531516,0.779420,1.733343,1.287670
3,2.419483,6.231237,exponential_5,150,50,rosenbrock,3,0.013773,0.405871,0.485921,1.737542,0.701935
3,2.419483,0.939444,exponential_5,150,50,rosenbrock,3,0.193916,1.141402,0.970945,2.249063,1.253635
3,2.419483,1.765111,exponential_5,150,50,rosenbrock,3,0.011314,0.498525,0.618130,2.476468,0.933465
3,1.507637,0.585390,exponential_5,150,50,rosenbrock,3,0.002823,1.914647,2.731174,2.609839,0.813960
3,2.419483,4.545940,exponential_5,150,50,rosenbrock,3,0.005898,0.315962,0.407621,2.921805,0.834015
3,2.832683,0.500000,exponential_5,150,50,rosenbrock,3,0.061596,1.189687,0.893915,1.780861,0.620245
3,1.507637,1.507637,exponential_5,150,50,rosenbrock,3,0.003113,0.846771,0.821471,2.616013,0.823135
3,1.287720,5.322296,exponential_5,150,50,rosenbrock,3,0.024450,0.659104,0.498290,3.071936,1.412180
3,1.507637,3.882831,exponential_5,150,50,rosenbrock,3,0.025705,0.395925,0.329961,2.186145,0.754185
3,3.316448,0.585390,exponential_5,150,50,rosenbrock,3,0.000570,1.783903,1.292207,2.678483,1.548365
3,2.066557,7.295407,exponential_5,150,50,rosenbrock,3,0.028160,0.422364,0.505422,1.953762,0.840130
3,2.832683,0.685363,exponential_5,150,50,rosenbrock,3,0.009213,1.241396,0.856844,3.323327,0.817975
3,1.287720,10.000000,exponential_5,150,50,rosenbrock,3,0.000258,0.286629,0.301961,1.981311,1.052505
3,1.765111,1.287720,exponential_5,150,50,rosenbrock,3,0.000318,0.399294,0.582810,1.068420,0.638010
3,0.939444,8.541316,exponential_5,150,50,rosenbrock,3,0.001782,0.412684,0.326004,2.425446,1.189685
3,2.419483,8.541316,exponential_5,150,50,rosenbrock,3,0.214989,0.892058,0.666854,3.286448,1.051145
3,3.316448,1.099883,exponential_5,150,50,rosenbrock,3,0.000073,0.596494,0.659104,3.029419,1.913425
3,4.545940,4.545940,exponential_5,150,50,rosenbrock,3,0.000875,0.732300,0.418147,3.074812,1.041955
3,0.939444,2.832683,exponential_5,150,50,rosenbrock,3,0.001427,0.753263,0.658824,2.373153,0.731550
3,2.832683,1.765111,exponential_5,150,50,rosenbrock,3,0.003651,0.563179,0.397940,2.601053,0.828660
3,2.832683,3.316448,exponential_5,150,50,rosenbrock,3,0.002756,1.550961,1.424390,2.702796,0.647190
3,2.419483,1.507637,exponential_5,150,50,rosenbrock,3,0.000603,1.477683,1.240407,3.089797,0.854300
3,2.832683,1.287720,exponential_5,150,50,rosenbrock,3,0.014106,0.934533,0.636296,3.226864,0.978505
3,2.832683,4.545940,exponential_5,150,50,rosenbrock,3,0.000000,0.200553,0.242347,1.773413,0.878530
3,1.765111,0.585390,exponential_5,150,50,rosenbrock,3,0.006002,1.235504,0.733527,3.783836,0.664545
3,2.832683,2.419483,exponential_5,150,50,rosenbrock,3,0.002166,0.424479,0.520015,1.430285,0.998625
3,1.507637,2.832683,exponential_5,150,50,rosenbrock,3,0.001524,0.499481,0.333054,3.041759,1.432105
3,1.099883,2.066557,exponential_5,150,50,rosenbrock,3,0.023084,0.516547,0.497704,1.810347,0.811100
3,2.419483,5.322296,exponential_5,150,50,rosenbrock,3,0.004107,0.622664,0.427603,1.966182,1.092200
3,2.832683,8.541316,exponential_5,150,50,rosenbrock,3,0.000002,0.629494,0.457314,2.651302,0.887330
3,1.099883,2.832683,exponential_5,150,50,rosenbrock,3,0.037756,1.351720,0.678425,2.803141,0.887270
3,3.316448,1.287720,exponential_5,150,50,rosenbrock,3,0.002716,0.674772,0.569129,3.272489,0.639190
3,2.832683,0.802409,exponential_5,150,50,rosenbrock,3,0.001343,0.503455,0.293506,2.135770,0.813450
3,2.066557,0.500000,exponential_5,150,50,rosenbrock,3,0.002746,0.934480,0.791714,2.245653,0.732595
3,1.765111,1.099883,exponential_5,150,50,rosenbrock,3,0.002823,0.813996,0.790544,2.060350,0.807170
3,3.316448,2.419483,exponential_5,150,50,rosenbrock,3,0.020827,0.382039,0.502093,2.392280,0.659100
3,1.765111,0.802409,exponential_5,150,50,rosenbrock,3,0.002933,1.209065,0.929047,2.394130,0.804500
3,3.316448,3.316448,exponential_5,150,50,rosenbrock,3,0.009649,1.446065,0.665614,3.253146,0.719000
3,3.316448,1.765111,exponential_5,150,50,rosenbrock,3,0.020184,0.918308,0.464583,3.221321,1.054095
3,3.316448,4.545940,exponential_5,150,50,rosenbrock,3,0.100656,1.442123,1.011980,3.030949,0.826670
3,3.316448,6.231237,exponential_5,150,50,rosenbrock,3,0.000065,1.637184,0.560253,2.994421,0.830310
3,3.316448,8.541316,exponential_5,150,50,rosenbrock,3,0.001283,0.335774,0.354778,2.104268,0.824985
3,2.066557,3.316448,exponential_5,150,50,rosenbrock,3,0.006650,0.394074,0.550413,1.714960,0.634255
3,3.882831,0.500000,exponential_5,150,50,rosenbrock,3,0.000504,0.844454,0.516293,3.185524,0.834270
3,3.882831,0.939444,exponential_5,150,50,rosenbrock,3,0.004464,0.659934,0.711826,2.339743,0.707560
3,3.882831,0.685363,exponential_5,150,50,rosenbrock,3,0.000726,0.603915,0.476225,3.595640,0.808190
3,1.765111,10.000000,exponential_5,150,50,rosenbrock,3,0.004499,0.287575,0.364752,3.126804,0.830795
3,1.287720,2.832683,exponential_5,150,50,rosenbrock,3,0.029177,0.895559,0.584383,2.553228,0.630020
3,1.765111,3.882831,exponential_5,150,50,rosenbrock,3,0.000478,0.201974,0.177613,0.696612,0.836165
3,2.066557,8.541316,exponential_5,150,50,rosenbrock,3,0.013815,0.385120,0.497603,1.329196,0.682000
3,3.882831,3.316448,exponential_5,150,50,rosenbrock,3,0.004692,1.900771,1.639946,3.399843,0.676650
3,3.882831,1.287720,exponential_5,150,50,rosenbrock,3,0.000000,0.613237,0.388370,2.772145,0.867810
3,1.287720,2.066557,exponential_5,150,50,rosenbrock,3,0.008647,0.472112,0.677962,2.954895,0.668670
3,1.765111,7.295407,exponential_5,150,50,rosenbrock,3,0.000906,0.897519,0.510236,3.928055,0.825430
3,3.882831,2.419483,exponential_5,150,50,rosenbrock,3,0.000047,1.104368,1.060623,2.608842,0.821435
3,2.066557,0.585390,exponential_5,150,50,rosenbrock,3,0.000004,0.960415,0.901593,2.281531,0.929430
3,3.882831,6.231237,exponential_5,150,50,rosenbrock,3,0.001750,1.014749,0.515727,3.719182,0.712620
3,3.316448,2.832683,exponential_5,150,50,rosenbrock,3,0.033250,0.778512,0.527958,2.870097,1.240010
3,2.066557,2.066557,exponential_5,150,50,rosenbrock,3,0.000001,0.322470,0.390140,2.758125,0.771860
3,3.316448,2.066557,exponential_5,150,50,rosenbrock,3,0.000087,0.890907,0.684458,3.076365,0.834865
3,3.882831,8.541316,exponential_5,150,50,rosenbrock,3,0.024059,0.584562,0.541697,1.679603,0.830850
3,2.066557,0.802409,exponential_5,150,50,rosenbrock,3,0.083848,1.162068,0.766619,3.106318,0.804370
3,4.545940,1.765111,exponential_5,150,50,rosenbrock,3,0.110067,0.808180,0.642672,3.665138,0.661155
3,4.545940,0.685363,exponential_5,150,50,rosenbrock,3,0.003823,0.723311,0.630109,2.036528,0.729000
3,4.545940,0.939444,exponential_5,150,50,rosenbrock,3,0.003642,0.756661,0.680639,1.982331,0.747275
3,2.419483,0.802409,exponential_5,150,50,rosenbrock,3,0.049406,0.857026,0.767539,3.020056,0.673565
3,4.545940,0.500000,exponential_5,150,50,rosenbrock,3,0.001093,0.633655,0.750531,1.593478,0.808955
3,4.545940,2.419483,exponential_5,150,50,rosenbrock,3,0.023111,0.342684,0.361397,1.501580,0.643700
3,2.419483,0.585390,exponential_5,150,50,rosenbrock,3,0.012496,2.034134,2.740284,3.106188,0.691875
3,1.287720,7.295407,exponential_5,150,50,rosenbrock,3,0.001411,1.144345,0.633531,3.174292,0.844930
3,1.507637,8.541316,exponential_5,150,50,rosenbrock,3,0.017125,0.372424,0.465167,1.753173,0.825715
3,7.295407,0.685363,exponential_5,150,50,rosenbrock,3,0.000093,0.495066,0.505236,2.285948,0.948205
3,2.066557,5.322296,exponential_5,150,50,rosenbrock,3,0.010862,0.508514,0.501313,3.631530,0.966895
3,4.545940,3.316448,exponential_5,150,50,rosenbrock,3,0.000023,0.346029,0.430139,2.017064,0.928385
3,0.939444,3.882831,exponential_5,150,50,rosenbrock,3,0.011209,0.524973,0.473764,2.453518,0.673080
3,3.882831,5.322296,exponential_5,150,50,rosenbrock,3,0.000741,0.367103,0.460410,2.717197,0.638255
3,2.832683,0.939444,exponential_5,150,50,rosenbrock,3,0.000896,0.983311,0.746873,2.424665,0.843350
3,2.419483,2.832683,exponential_5,150,50,rosenbrock,3,0.000837,0.822708,0.606722,2.979760,0.842880
3,2.419483,7.295407,exponential_5,150,50,rosenbrock,3,0.235561,0.389937,0.368233,2.525467,0.645200
3,7.295407,3.316448,exponential_5,150,50,rosenbrock,3,0.001693,0.943959,0.609138,3.689448,0.852755
3,2.419483,1.099883,exponential_5,150,50,rosenbrock,3,0.005914,1.049458,0.809114,2.701137,0.813435
3,2.419483,2.066557,exponential_5,150,50,rosenbrock,3,0.034103,0.298131,0.323979,1.137946,0.814840
3,2.832683,0.585390,exponential_5,150,50,rosenbrock,3,0.004817,1.166807,0.833122,2.568371,0.701325
3,5.322296,0.500000,exponential_5,150,50,rosenbrock,3,0.000205,0.664901,0.356118,1.840729,0.809035
3,4.545940,6.231237,exponential_5,150,50,rosenbrock,3,0.002441,0.353892,0.476930,3.755519,0.943005
3,4.545940,8.541316,exponential_5,150,50,rosenbrock,3,0.001668,0.267056,0.422321,1.755831,0.910675
3,2.832683,6.231237,exponential_5,150,50,rosenbrock,3,0.007818,0.293554,0.262887,1.940575,0.931620
3,5.322296,0.685363,exponential_5,150,50,rosenbrock,3,0.012774,1.876396,2.643656,2.579411,0.816330
3,5.322296,0.939444,exponential_5,150,50,rosenbrock,3,0.000553,0.620632,0.461989,2.524285,0.786780
3,5.322296,1.287720,exponential_5,150,50,rosenbrock,3,0.000720,1.216534,0.650951,3.625983,0.640520
3,5.322296,1.765111,exponential_5,150,50,rosenbrock,3,0.158192,2.689276,4.061799,2.536592,0.698735
3,5.322296,3.316448,exponential_5,150,50,rosenbrock,3,0.000363,0.316672,0.455190,2.783730,0.677170
3,5.322296,4.545940,exponential_5,150,50,rosenbrock,3,0.044838,1.949199,1.739083,2.756553,0.680995
3,1.765111,1.507637,exponential_5,150,50,rosenbrock,3,0.008100,0.941444,0.707937,4.140135,0.769140
3,5.322296,2.419483,exponential_5,150,50,rosenbrock,3,0.000222,0.358157,0.526593,0.867555,0.837985
3,3.316448,0.685363,exponential_5,150,50,rosenbrock,3,0.089864,0.908833,0.645503,2.328438,0.810110
3,5.322296,6.231237,exponential_5,150,50,rosenbrock,3,0.002304,1.567265,1.564013,2.994907,0.643070
3,0.939444,10.000000,exponential_5,150,50,rosenbrock,3,0.002684,0.420731,0.348411,1.687180,0.839230
3,4.545940,5.322296,exponential_5,150,50,rosenbrock,3,0.005426,1.270948,1.200341,2.119775,0.724300
3,2.419483,10.000000,exponential_5,150,50,rosenbrock,3,0.005057,0.495876,0.505751,2.821746,0.897260
3,2.832683,1.507637,exponential_5,150,50,rosenbrock,3,0.038995,0.913792,0.667406,4.055140,0.736990
3,5.322296,0.585390,exponential_5,150,50,rosenbrock,3,0.000056,1.037216,0.840568,2.186748,0.784550
3,6.231237,0.500000,exponential_5,150,50,rosenbrock,3,0.004365,0.668514,0.566735,1.504432,0.639325
3,5.322296,8.541316,exponential_5,150,50,rosenbrock,3,0.006179,1.840963,1.274719,3.162921,0.864870
3,2.832683,3.882831,exponential_5,150,50,rosenbrock,3,0.005313,0.331779,0.335072,2.161560,0.877350
3,2.832683,7.295407,exponential_5,150,50,rosenbrock,3,0.003720,1.232440,0.696842,3.274723,0.670850
3,6.231237,0.685363,exponential_5,150,50,rosenbrock,3,0.011815,0.703099,0.534764,3.049982,0.814935
3,2.832683,2.832683,exponential_5,150,50,rosenbrock,3,0.001930,0.437589,0.497564,2.636337,0.861830
3,3.316448,1.507637,exponential_5,150,50,rosenbrock,3,0.002415,0.326276,0.343917,2.329538,0.633535
3,6.231237,0.939444,exponential_5,150,50,rosenbrock,3,0.000749,0.612949,0.514605,3.762843,0.834600
3,5.322296,2.832683,exponential_5,150,50,rosenbrock,3,0.001641,0.339704,0.422925,1.609634,0.780070
3,6.231237,1.287720,exponential_5,150,50,rosenbrock,3,0.047924,1.637328,1.524226,3.690479,0.818440
3,6.231237,1.765111,exponential_5,150,50,rosenbrock,3,0.027557,0.934965,0.461910,3.372189,0.831355
3,1.765111,5.322296,exponential_5,150,50,rosenbrock,3,0.001945,1.392376,0.533651,2.360790,0.816960
3,1.287720,3.882831,exponential_5,150,50,rosenbrock,3,0.073251,1.189679,0.768445,1.718449,0.707205
3,3.316448,10.000000,exponential_5,150,50,rosenbrock,3,0.003211,0.357097,0.470581,1.115402,0.682210
3,3.882831,1.765111,exponential_5,150,50,rosenbrock,3,0.002370,0.526394,0.432652,2.025667,0.824025
3,6.231237,3.316448,exponential_5,150,50,rosenbrock,3,0.009129,1.013084,0.535748,3.643058,0.887720
3,6.231237,2.419483,exponential_5,150,50,rosenbrock,3,0.000284,0.322807,0.400298,1.452431,0.986955
3,2.066557,3.882831,exponential_5,150,50,rosenbrock,3,0.002636,0.630930,0.650489,2.873002,0.644905
3,3.316448,3.882831,exponential_5,150,50,rosenbrock,3,0.000039,1.628142,0.648036,3.118133,0.880240
3,3.316448,7.295407,exponential_5,150,50,rosenbrock,3,0.008551,0.554465,0.470588,3.263073,0.827655
3,10.000000,1.765111,exponential_5,150,50,rosenbrock,3,0.005041,0.646442,0.536287,2.329816,0.929205
3,3.882831,0.585390,exponential_5,150,50,rosenbrock,3,0.007675,0.506309,0.591731,1.359884,0.662950
3,6.231237,0.585390,exponential_5,150,50,rosenbrock,3,0.000095,0.264521,0.272310,1.987056,0.912315
3,3.882831,1.099883,exponential_5,150,50,rosenbrock,3,0.002001,0.466839,0.496971,1.628927,0.664050
3,6.231237,8.541316,exponential_5,150,50,rosenbrock,3,0.000002,0.729840,0.670385,2.916399,0.679550
3,2.066557,10.000000,exponential_5,150,50,rosenbrock,3,0.000036,0.999710,0.554807,3.687490,0.654820
3,3.882831,0.802409,exponential_5,150,50,rosenbrock,3,0.000066,0.395684,0.504413,1.207817,0.829330
3,6.231237,6.231237,exponential_5,150,50,rosenbrock,3,0.001824,1.195445,0.744316,4.230581,0.850355
3,3.882831,3.882831,exponential_5,150,50,rosenbrock,3,0.062739,0.427380,0.506967,1.629102,0.688635
3,3.882831,7.295407,exponential_5,150,50,rosenbrock,3,0.006962,1.807529,0.856232,3.425502,0.671410
3,7.295407,1.765111,exponential_5,150,50,rosenbrock,3,0.000132,0.359172,0.486970,3.768669,0.667690
3,6.231237,1.507637,exponential_5,150,50,rosenbrock,3,0.002370,1.115816,0.498506,2.886290,1.027640
3,4.545940,1.287720,exponential_5,150,50,rosenbrock,3,0.003500,0.957742,0.567406,3.198347,0.814640
3,3.882831,1.507637,exponential_5,150,50,rosenbrock,3,0.005375,0.331159,0.391407,2.569118,0.848495
3,3.882831,10.000000,exponential_5,150,50,rosenbrock,3,0.002416,1.335437,0.664694,2.241752,0.679470
3,3.882831,2.832683,exponential_5,150,50,rosenbrock,3,0.029230,0.542494,0.393684,3.367516,0.831605
3,7.295407,0.939444,exponential_5,150,50,rosenbrock,3,0.000402,1.156342,0.435585,3.998961,0.907170
3,7.295407,2.419483,exponential_5,150,50,rosenbrock,3,0.074904,1.440339,0.703744,3.442216,0.835485
3,1.507637,2.066557,exponential_5,150,50,rosenbrock,3,0.001410,0.931806,0.811338,2.507055,0.839645
3,7.295407,1.287720,exponential_5,150,50,rosenbrock,3,0.005400,0.646278,0.540430,2.005742,0.906585
3,4.545940,2.066557,exponential_5,150,50,rosenbrock,3,0.005364,0.321914,0.460004,2.798280,0.823055
3,7.295407,4.545940,exponential_5,150,50,rosenbrock,3,0.020795,0.959315,0.526386,3.533314,0.867780
3,4.545940,0.802409,exponential_5,150,50,rosenbrock,3,0.004678,0.604767,0.625753,2.776163,0.683560
3,7.295407,6.231237,exponential_5,150,50,rosenbrock,3,0.000025,0.373666,0.384725,1.760728,0.664020
3,4.545940,1.099883,exponential_5,150,50,rosenbrock,3,0.006608,0.744434,0.509800,3.236694,0.773155
3,4.545940,0.585390,exponential_5,150,50,rosenbrock,3,0.004634,1.138561,0.636292,2.941602,0.809740
3,7.295407,8.541316,exponential_5,150,50,rosenbrock,3,0.003407,2.139662,2.882721,4.120539,0.666610
3,8.541316,0.500000,exponential_5,150,50,rosenbrock,3,0.004689,0.408923,0.418141,2.660445,0.642265
3,7.295407,0.802409,exponential_5,150,50,rosenbrock,3,0.034696,2.029054,2.988188,2.759140,0.654000
3,4.545940,2.832683,exponential_5,150,50,rosenbrock,3,0.026362,0.360808,0.461487,1.340128,0.799775
3,8.541316,1.287720,exponential_5,150,50,rosenbrock,3,0.002518,0.501894,0.492820,2.915843,0.664800
3,1.507637,10.000000,exponential_5,150,50,rosenbrock,3,0.000049,0.300521,0.454206,1.440979,0.855575
3,7.295407,1.099883,exponential_5,150,50,rosenbrock,3,0.056150,0.673990,0.444694,3.111473,0.796540
3,8.541316,0.685363,exponential_5,150,50,rosenbrock,3,0.024614,0.399486,0.407573,1.869867,0.914750
3,4.545940,3.882831,exponential_5,150,50,rosenbrock,3,0.000525,0.224633,0.209268,1.597548,0.914730
3,2.832683,1.099883,exponential_5,150,50,rosenbrock,3,0.028589,0.410705,0.530271,1.188890,0.829635
3,8.541316,1.765111,exponential_5,150,50,rosenbrock,3,0.000754,1.378085,0.627452,3.522799,0.833920
3,8.541316,2.419483,exponential_5,150,50,rosenbrock,3,0.018293,0.516480,0.524747,3.215988,0.844885
3,8.541316,6.231237,exponential_5,150,50,rosenbrock,3,0.002033,0.410671,0.451600,1.566257,0.662775
3,2.832683,2.066557,exponential_5,150,50,rosenbrock,3,0.013970,0.297763,0.391807,1.098855,0.652095
3,8.541316,3.316448,exponential_5,150,50,rosenbrock,3,0.023061,1.351351,0.512717,2.265495,0.847125
3,8.541316,4.545940,exponential_5,150,50,rosenbrock,3,0.000564,0.328372,0.400171,2.310166,0.862750
3,7.295407,5.322296,exponential_5,150,50,rosenbrock,3,0.000190,1.274909,0.579930,3.006104,0.935245
3,4.545940,7.295407,exponential_5,150,50,rosenbrock,3,0.006322,0.498692,0.426310,3.231412,0.877580
3,2.832683,5.322296,exponential_5,150,50,rosenbrock,3,0.000518,0.651718,0.433132,2.992659,0.704525
3,5.322296,0.802409,exponential_5,150,50,rosenbrock,3,0.000044,0.768242,0.553671,1.947039,0.812125
3,4.545940,10.000000,exponential_5,150,50,rosenbrock,3,0.014391,0.918527,0.631459,2.985774,0.878270
3,5.322296,3.882831,exponential_5,150,50,rosenbrock,3,0.001128,1.433734,0.587138,3.564319,0.679290
3,5.322296,5.322296,exponential_5,150,50,rosenbrock,3,0.002724,0.938684,0.467591,3.274857,0.671945
3,5.322296,1.507637,exponential_5,150,50,rosenbrock,3,0.000156,0.297203,0.405528,2.055295,0.876495
3,5.322296,2.066557,exponential_5,150,50,rosenbrock,3,0.001701,0.634953,0.489804,2.901966,0.851880
3,5.322296,1.099883,exponential_5,150,50,rosenbrock,3,0.013727,0.926493,0.613710,3.150824,0.918220
3,2.832683,10.000000,exponential_5,150,50,rosenbrock,3,0.000137,1.154248,0.531508,3.033222,0.746010
3,10.000000,0.685363,exponential_5,150,50,rosenbrock,3,0.005795,0.887833,0.616191,3.357287,0.657595
3,5.322296,7.295407,exponential_5,150,50,rosenbrock,3,0.002228,0.909775,0.597641,2.611802,0.726960
3,8.541316,2.832683,exponential_5,150,50,rosenbrock,3,0.026575,0.437669,0.461414,3.305819,0.893900
3,3.316448,0.802409,exponential_5,150,50,rosenbrock,3,0.084939,0.762593,0.679388,1.793995,0.864360
3,10.000000,0.939444,exponential_5,150,50,rosenbrock,3,0.004793,0.336690,0.455758,3.024437,0.825205
3,10.000000,1.287720,exponential_5,150,50,rosenbrock,3,0.005935,0.893086,0.437408,3.016001,0.828330
3,10.000000,0.500000,exponential_5,150,50,rosenbrock,3,0.000319,0.272927,0.300269,0.978996,0.964505
3,3.316448,5.322296,exponential_5,150,50,rosenbrock,3,0.006423,0.292576,0.348386,2.992596,0.834715
3,6.231237,4.545940,exponential_5,150,50,rosenbrock,3,0.004928,0.441174,0.449182,3.023380,0.851690
3,10.000000,3.316448,exponential_5,150,50,rosenbrock,3,0.010921,1.023457,0.775043,3.635162,0.684835
3,6.231237,0.802409,exponential_5,150,50,rosenbrock,3,0.000769,0.579301,0.571724,2.568005,0.633650
3,10.000000,4.545940,exponential_5,150,50,rosenbrock,3,0.013561,0.976892,0.500081,3.307428,0.666200
3,5.322296,10.000000,exponential_5,150,50,rosenbrock,3,0.050986,0.751117,0.618765,2.961169,0.868890
3,10.000000,2.419483,exponential_5,150,50,rosenbrock,3,0.008524,1.879649,0.709222,3.333253,0.830440
3,10.000000,6.231237,exponential_5,150,50,rosenbrock,3,0.000314,0.948335,0.460744,3.087539,0.724980
3,3.882831,2.066557,exponential_5,150,50,rosenbrock,3,0.011921,0.899746,0.622260,2.513011,0.667415
3,6.231237,3.882831,exponential_5,150,50,rosenbrock,3,0.002525,0.774557,0.513823,2.943463,0.737560
3,10.000000,8.541316,exponential_5,150,50,rosenbrock,3,0.005068,0.488045,0.580160,3.716129,0.844320
3,6.231237,1.099883,exponential_5,150,50,rosenbrock,3,0.000979,0.374252,0.321946,2.280665,0.868125
3,7.295407,0.500000,exponential_5,150,50,rosenbrock,3,0.008974,1.983531,1.202175,3.346868,0.848105
3,6.231237,2.066557,exponential_5,150,50,rosenbrock,3,0.010228,0.400870,0.464863,2.068289,0.843025
3,6.231237,2.832683,exponential_5,150,50,rosenbrock,3,0.019439,0.706707,0.485522,1.910078,0.873050
3,6.231237,10.000000,exponential_5,150,50,rosenbrock,3,0.002298,0.320975,0.403250,4.303766,0.774700
3,8.541316,0.939444,exponential_5,150,50,rosenbrock,3,0.022310,0.343681,0.470089,2.317492,0.669445
3,10.000000,2.066557,exponential_5,150,50,rosenbrock,3,0.000110,1.147111,0.657460,2.252535,0.950420
3,7.295407,2.066557,exponential_5,150,50,rosenbrock,3,0.001775,0.621454,0.495029,2.010443,0.813325
3,10.000000,0.585390,exponential_5,150,50,rosenbrock,3,0.051768,0.292569,0.376635,2.455209,0.850715
3,7.295407,2.832683,exponential_5,150,50,rosenbrock,3,0.002028,0.193199,0.267533,2.803312,0.784960
3,10.000000,3.882831,exponential_5,150,50,rosenbrock,3,0.000489,0.729397,0.543013,3.199362,0.916860
3,7.295407,1.507637,exponential_5,150,50,rosenbrock,3,0.000206,0.314839,0.478007,1.436722,0.858265
3,7.295407,3.882831,exponential_5,150,50,rosenbrock,3,0.001493,0.882388,0.489437,3.099550,0.877890
3,8.541316,1.507637,exponential_5,150,50,rosenbrock,3,0.064089,0.331399,0.341099,2.785946,0.662595
3,7.295407,10.000000,exponential_5,150,50,rosenbrock,3,0.000139,0.891518,0.596890,3.066370,0.753235
3,8.541316,0.585390,exponential_5,150,50,rosenbrock,3,0.067404,1.845002,1.941485,4.103744,0.822260
3,8.541316,8.541316,exponential_5,150,50,rosenbrock,3,0.001402,1.661005,0.693945,2.403984,0.727640
3,7.295407,0.585390,exponential_5,150,50,rosenbrock,3,0.000560,1.231922,1.522541,2.285808,0.809060
3,8.541316,0.802409,exponential_5,150,50,rosenbrock,3,0.057349,0.552083,0.462049,1.584684,0.857520
3,10.000000,0.802409,exponential_5,150,50,rosenbrock,3,0.000011,0.791550,0.493213,2.700186,0.676710
3,8.541316,7.295407,exponential_5,150,50,rosenbrock,3,0.006203,0.393637,0.439882,1.455280,0.938330
3,8.541316,3.882831,exponential_5,150,50,rosenbrock,3,0.025278,1.776574,0.866455,3.062035,0.833870
3,10.000000,7.295407,exponential_5,150,50,rosenbrock,3,0.200388,2.487146,3.465595,2.997932,1.149220
3,8.541316,5.322296,exponential_5,150,50,rosenbrock,3,0.000197,0.970529,0.654470,3.277976,0.855585
3,10.000000,1.507637,exponential_5,150,50,rosenbrock,3,0.007769,0.550272,0.560537,3.766371,0.853180
3,6.231237,7.295407,exponential_5,150,50,rosenbrock,3,0.010064,1.528909,0.653534,3.131424,0.837820
3,10.000000,1.099883,exponential_5,150,50,rosenbrock,3,0.026414,0.310408,0.393881,3.817605,0.905500
3,6.231237,5.322296,exponential_5,150,50,rosenbrock,3,0.076872,1.452624,0.855681,3.803821,0.859370
3,4.545940,1.507637,exponential_5,150,50,rosenbrock,3,0.007031,0.641506,0.539477,2.775524,0.836700
3,10.000000,2.832683,exponential_5,150,50,rosenbrock,3,0.002156,0.542310,0.514371,1.706426,0.815245
3,7.295407,7.295407,exponential_5,150,50,rosenbrock,3,0.002953,0.859481,0.338752,2.947627,0.753250
3,8.541316,2.066557,exponential_5,150,50,rosenbrock,3,0.011819,0.834081,0.536848,1.891971,0.645405
3,10.000000,5.322296,exponential_5,150,50,rosenbrock,3,0.050366,0.922904,0.630250,3.729898,0.868320
3,8.541316,1.099883,exponential_5,150,50,rosenbrock,3,0.000005,0.737239,0.670468,2.950296,0.693685
3,8.541316,10.000000,exponential_5,150,50,rosenbrock,3,0.093557,1.795863,1.507223,2.230549,0.733270
3,10.000000,10.000000,exponential_5,150,50,rosenbrock,3,0.088578,0.479115,0.536037,1.841068,0.799215
3,0.685363,1.099883,linear,450,150,rosenbrock,6,0.193256,38.234486,22.300714,204.437592,13.683585
3,0.585390,10.000000,linear,450,150,rosenbrock,6,0.130489,1.230062,0.857710,1.840986,13.940755
3,0.685363,1.765111,linear,450,150,rosenbrock,6,0.004272,3.355848,4.417778,40.773724,14.039920
3,0.500000,2.066557,linear,450,150,rosenbrock,6,0.082240,9.721179,5.126158,87.403976,14.190675
3,0.585390,0.585390,linear,450,150,rosenbrock,6,9.925230,284.301758,362.501099,261.541992,14.807445
3,0.802409,0.500000,linear,450,150,rosenbrock,6,7.214284,132.739502,126.033630,261.428619,13.419905
3,0.802409,0.802409,linear,450,150,rosenbrock,6,6.079873,44.804802,31.835033,226.177292,14.554225
3,0.585390,6.231237,linear,450,150,rosenbrock,6,0.005985,0.713523,1.064976,0.871687,17.012810
3,0.685363,7.295407,linear,450,150,rosenbrock,6,0.003615,0.512115,0.644001,1.179921,15.812505
3,0.585390,1.507637,linear,450,150,rosenbrock,6,0.554004,23.003950,16.495129,93.145569,22.460205
3,0.585390,0.939444,linear,450,150,rosenbrock,6,19.682962,80.272682,89.392174,128.469681,23.089785
3,1.287720,5.322296,linear,450,150,rosenbrock,6,0.000849,0.562905,0.750886,1.248713,23.658220
3,0.685363,2.832683,linear,450,150,rosenbrock,6,0.003427,1.600139,2.380923,1.874851,25.336130
3,0.939444,0.585390,linear,450,150,rosenbrock,6,1.420718,94.650665,117.129684,156.728500,13.249415
3,0.500000,5.322296,linear,450,150,rosenbrock,6,0.470915,1.586845,1.962203,1.879182,26.708515
3,1.287720,0.500000,linear,450,150,rosenbrock,6,6.317063,113.085007,148.839935,176.135590,12.202835
3,1.099883,7.295407,linear,450,150,rosenbrock,6,0.013693,1.647505,1.156586,1.892305,12.731170
3,0.939444,1.507637,linear,450,150,rosenbrock,6,0.364145,3.944012,4.201067,59.099663,13.019025
3,0.500000,0.500000,linear,450,150,rosenbrock,6,94.522926,421.082794,490.532104,282.316284,27.360390
3,0.500000,8.541316,linear,450,150,rosenbrock,6,0.356760,0.820710,0.939611,0.967479,27.373550
3,0.685363,0.685363,linear,450,150,rosenbrock,6,2.733747,147.412674,219.463531,306.988312,27.636205
3,0.500000,1.287720,linear,450,150,rosenbrock,6,2.504316,68.469872,91.883575,253.725494,12.359545
3,1.287720,3.316448,linear,450,150,rosenbrock,6,0.002549,0.437825,0.532698,1.592374,12.830850
3,0.802409,5.322296,linear,450,150,rosenbrock,6,0.023873,0.591222,0.723225,1.737950,28.221305
3,0.585390,3.882831,linear,450,150,rosenbrock,6,0.000792,2.588213,2.767088,33.473846,28.837340
3,0.500000,3.316448,linear,450,150,rosenbrock,6,0.007811,2.207656,3.181541,35.370342,29.322970
3,0.585390,2.419483,linear,450,150,rosenbrock,6,0.563677,3.916159,4.826634,62.974724,29.282420
3,1.287720,8.541316,linear,450,150,rosenbrock,6,0.036595,1.209959,1.261532,1.548607,13.535660
3,1.507637,1.507637,linear,450,150,rosenbrock,6,0.094008,1.666955,2.323325,2.465475,13.266000
3,0.685363,4.545940,linear,450,150,rosenbrock,6,0.000135,1.076217,1.230962,1.250138,30.683685
3,1.507637,6.231237,linear,450,150,rosenbrock,6,0.098902,1.031272,1.137389,1.624637,14.768215
3,0.802409,1.287720,linear,450,150,rosenbrock,6,0.067790,18.085003,7.123402,77.619034,35.645400
3,1.765111,2.832683,linear,450,150,rosenbrock,6,0.024976,0.756560,0.758270,1.653230,14.973445
3,0.802409,2.066557,linear,450,150,rosenbrock,6,0.270152,2.135137,3.092754,65.739685,34.210905
3,2.419483,0.939444,linear,450,150,rosenbrock,6,0.027930,2.133420,2.501815,1.918300,14.990075
3,1.765111,4.545940,linear,450,150,rosenbrock,6,0.121223,1.216114,1.006681,1.680005,16.797310
3,2.066557,5.322296,linear,450,150,rosenbrock,6,0.001600,2.740565,4.541475,2.104061,16.319815
3,2.066557,0.802409,linear,450,150,rosenbrock,6,0.035087,2.439659,3.163955,27.329735,17.488900
3,2.419483,1.507637,linear,450,150,rosenbrock,6,0.024085,0.740653,0.928111,2.007991,16.059695
3,2.419483,3.882831,linear,450,150,rosenbrock,6,0.011788,1.514436,1.370611,1.925029,16.299480
3,2.419483,6.231237,linear,450,150,rosenbrock,6,0.067178,2.082328,1.878580,1.887747,16.358400
3,2.419483,10.000000,linear,450,150,rosenbrock,6,0.011982,2.470589,2.685963,544.715637,19.481770
3,0.802409,3.316448,linear,450,150,rosenbrock,6,0.001932,1.445826,1.899090,65.861992,41.732270
3,2.832683,2.832683,linear,450,150,rosenbrock,6,0.000000,1.011605,0.854208,1.796745,15.343905
3,2.832683,4.545940,linear,450,150,rosenbrock,6,0.027835,3.047864,4.617277,2.054314,16.101020
3,0.500000,0.802409,linear,450,150,rosenbrock,6,21.534719,168.707870,194.600464,272.601959,43.377940
3,2.832683,7.295407,linear,450,150,rosenbrock,6,0.202353,4.042839,5.419407,544.447571,16.022380
3,0.939444,0.939444,linear,450,150,rosenbrock,6,3.539873,43.948784,12.429419,132.112747,42.036880
3,1.507637,0.585390,linear,450,150,rosenbrock,6,0.530209,8.736382,7.509542,123.247398,39.455035
3,0.685363,0.500000,linear,450,150,rosenbrock,6,0.462285,175.472717,161.147400,924.996765,13.941855
3,0.802409,8.541316,linear,450,150,rosenbrock,6,0.062302,0.964308,0.949365,1.384111,45.719605
3,1.099883,0.685363,linear,450,150,rosenbrock,6,0.881827,44.608234,19.333904,95.307869,43.577755
3,0.939444,3.882831,linear,450,150,rosenbrock,6,0.000333,0.949026,1.180407,2.073434,43.639865
3,0.685363,1.287720,linear,450,150,rosenbrock,6,2.362129,28.199253,15.806475,111.794266,14.854095
3,0.500000,2.419483,linear,450,150,rosenbrock,6,0.416897,3.806648,4.594070,45.035606,14.428940
3,1.099883,1.099883,linear,450,150,rosenbrock,6,0.007450,3.547373,4.102142,97.663681,45.418610
3,1.099883,4.545940,linear,450,150,rosenbrock,6,0.023353,0.529622,0.674407,1.362996,45.758640
3,0.939444,6.231237,linear,450,150,rosenbrock,6,0.045083,0.656453,0.787370,0.978175,46.189465
3,1.287720,2.066557,linear,450,150,rosenbrock,6,0.740331,1.946452,2.155088,216.080780,45.712020
3,0.939444,2.419483,linear,450,150,rosenbrock,6,0.090060,2.460951,2.917640,1.535321,47.185920
3,1.099883,2.832683,linear,450,150,rosenbrock,6,0.111000,1.143551,1.419812,2.051866,47.154915
3,0.685363,2.066557,linear,450,150,rosenbrock,6,1.676033,4.020124,4.435456,35.148708,16.892145
3,0.939444,10.000000,linear,450,150,rosenbrock,6,0.068902,1.348939,1.338204,1.587678,47.600885
3,1.287720,0.802409,linear,450,150,rosenbrock,6,0.759840,10.366668,6.607272,72.729492,47.339810
3,1.507637,0.939444,linear,450,150,rosenbrock,6,0.230038,3.626487,4.218020,47.719444,45.610310
3,0.802409,0.585390,linear,450,150,rosenbrock,6,6.034548,109.846100,156.673492,164.466888,16.427805
3,0.802409,0.939444,linear,450,150,rosenbrock,6,2.580379,30.934113,33.711128,63.745491,16.803795
3,1.287720,1.287720,linear,450,150,rosenbrock,6,1.008251,4.050162,4.227747,58.660950,49.024275
3,1.099883,1.765111,linear,450,150,rosenbrock,6,0.000153,2.027985,3.112241,38.709927,50.260665
3,1.507637,2.419483,linear,450,150,rosenbrock,6,0.018584,0.857134,1.015301,1.870681,47.872580
3,1.507637,3.882831,linear,450,150,rosenbrock,6,0.001493,0.514889,0.759322,1.653350,48.511420
3,2.066557,1.287720,linear,450,150,rosenbrock,6,0.393479,1.794540,2.001353,2.538033,39.785030
3,0.685363,8.541316,linear,450,150,rosenbrock,6,0.010112,0.515684,0.674094,1.242623,16.131800
3,2.066557,8.541316,linear,450,150,rosenbrock,6,0.024577,2.561464,2.125881,2.127818,40.135715
3,2.419483,2.419483,linear,450,150,rosenbrock,6,0.018412,0.859269,0.854487,1.528900,38.643010
3,1.765111,1.099883,linear,450,150,rosenbrock,6,0.061415,2.297613,2.736103,1.910435,45.216195
3,2.066557,3.316448,linear,450,150,rosenbrock,6,0.003172,0.647317,0.706752,1.610505,40.634860
3,2.419483,0.585390,linear,450,150,rosenbrock,6,0.072372,3.588562,4.607300,27.632452,40.438105
3,1.765111,0.685363,linear,450,150,rosenbrock,6,0.003978,2.467478,3.343342,1.867441,47.084625
3,1.765111,7.295407,linear,450,150,rosenbrock,6,0.003490,2.565500,2.091876,2.053536,41.826055
3,1.507637,10.000000,linear,450,150,rosenbrock,6,0.069256,3.345845,5.228994,544.505615,48.547715
3,1.287720,6.231237,linear,450,150,rosenbrock,6,0.027298,0.757880,0.986377,1.247690,15.115435
3,1.765111,1.765111,linear,450,150,rosenbrock,6,0.079284,1.199478,1.497279,1.812159,45.278025
3,2.832683,0.685363,linear,450,150,rosenbrock,6,0.027869,2.683459,3.178149,25.357502,37.653950
3,2.066557,2.066557,linear,450,150,rosenbrock,6,0.022214,0.558355,0.720910,1.117093,42.401755
3,2.066557,0.500000,linear,450,150,rosenbrock,6,0.086011,8.142715,5.981726,92.915665,43.750340
3,2.832683,1.765111,linear,450,150,rosenbrock,6,0.000177,0.594565,0.761807,0.977325,35.741555
3,2.832683,1.099883,linear,450,150,rosenbrock,6,0.004516,0.997949,1.353523,1.455866,38.067625
3,0.500000,6.231237,linear,450,150,rosenbrock,6,0.037808,1.081047,1.432887,1.466322,16.092910
3,0.939444,0.685363,linear,450,150,rosenbrock,6,6.209364,59.768394,63.194153,198.800049,17.161895
3,0.939444,1.765111,linear,450,150,rosenbrock,6,0.027671,3.119841,3.893106,19.368097,15.144800
3,1.287720,0.585390,linear,450,150,rosenbrock,6,4.873620,33.399784,18.396435,104.705070,16.835010
3,3.316448,0.500000,linear,450,150,rosenbrock,6,0.001309,2.872110,3.583339,29.262291,33.592515
3,0.500000,0.585390,linear,450,150,rosenbrock,6,106.010826,320.418182,372.494751,236.476074,15.717370
3,1.099883,8.541316,linear,450,150,rosenbrock,6,0.025608,1.205173,1.163629,2.024156,17.111195
3,0.585390,7.295407,linear,450,150,rosenbrock,6,0.078285,0.634539,0.787334,1.439957,28.373270
3,0.585390,0.685363,linear,450,150,rosenbrock,6,5.124021,176.190750,181.572906,347.559784,31.972270
3,0.585390,1.765111,linear,450,150,rosenbrock,6,0.840673,8.853434,5.547517,77.510796,26.036610
3,0.500000,10.000000,linear,450,150,rosenbrock,6,0.005302,0.805188,0.732169,1.577003,16.130585
3,0.685363,3.316448,linear,450,150,rosenbrock,6,0.298828,2.895227,2.894022,2.059349,24.953155
3,0.585390,1.099883,linear,450,150,rosenbrock,6,4.982272,49.676060,21.169556,244.753937,26.153160
3,0.500000,1.507637,linear,450,150,rosenbrock,6,0.135834,35.839188,34.864784,135.235672,14.036250
3,0.685363,0.802409,linear,450,150,rosenbrock,6,3.103662,44.287113,51.060169,191.670929,17.769915
3,0.802409,6.231237,linear,450,150,rosenbrock,6,0.002782,0.523644,0.703005,1.261536,15.679850
3,0.585390,4.545940,linear,450,150,rosenbrock,6,0.004774,1.482648,2.063267,1.396020,14.957250
3,1.507637,7.295407,linear,450,150,rosenbrock,6,0.005049,1.829714,1.611664,2.191869,13.693105
3,0.500000,3.882831,linear,450,150,rosenbrock,6,0.012133,2.088718,2.943369,14.422253,15.291625
3,1.287720,3.882831,linear,450,150,rosenbrock,6,0.080452,0.609030,0.712314,1.494412,19.140280
3,0.802409,1.507637,linear,450,150,rosenbrock,6,0.025361,15.112961,4.366547,63.995846,14.073420
3,1.287720,10.000000,linear,450,150,rosenbrock,6,0.078609,2.082362,1.850613,699.921021,14.938950
3,1.507637,1.765111,linear,450,150,rosenbrock,6,0.064550,1.726026,2.074555,1.755977,15.478985
3,0.585390,2.832683,linear,450,150,rosenbrock,6,1.213030,3.417186,3.902482,53.134693,16.077015
3,1.765111,3.316448,linear,450,150,rosenbrock,6,0.036782,1.027023,0.833325,1.576741,15.048570
3,0.802409,2.419483,linear,450,150,rosenbrock,6,0.071833,2.837851,3.086620,36.496555,15.283515
3,1.765111,5.322296,linear,450,150,rosenbrock,6,0.052170,1.917912,1.448752,1.950873,15.039340
3,2.419483,1.099883,linear,450,150,rosenbrock,6,0.011012,1.273887,1.737046,1.387429,16.352640
3,0.685363,5.322296,linear,450,150,rosenbrock,6,0.035520,0.797233,1.170618,1.415422,19.248925
3,2.066557,6.231237,linear,450,150,rosenbrock,6,0.021337,1.979750,1.680689,2.111783,17.491980
3,2.419483,7.295407,linear,450,150,rosenbrock,6,1.079898,3.480457,5.370726,544.523743,13.024775
3,2.419483,1.765111,linear,450,150,rosenbrock,6,0.379573,0.935742,1.033988,1.863290,15.172640
3,2.419483,4.545940,linear,450,150,rosenbrock,6,0.000519,1.098150,1.221012,1.892395,14.524695
3,2.066557,0.939444,linear,450,150,rosenbrock,6,0.306102,2.084613,2.884641,1.613291,17.154430
3,2.832683,5.322296,linear,450,150,rosenbrock,6,0.394461,2.690842,2.148470,1.896539,13.364570
3,2.832683,0.500000,linear,450,150,rosenbrock,6,0.011953,3.035100,3.767546,64.174248,16.082465
3,2.832683,8.541316,linear,450,150,rosenbrock,6,0.024189,2.647666,2.574734,749.754944,12.280000
3,0.802409,3.882831,linear,450,150,rosenbrock,6,0.010881,1.130124,1.392200,1.365641,16.316485
3,2.832683,3.316448,linear,450,150,rosenbrock,6,0.068447,1.616505,1.275865,1.808585,15.600800
3,0.685363,1.507637,linear,450,150,rosenbrock,6,1.099024,7.332315,4.706616,44.216129,13.374555
3,0.685363,0.585390,linear,450,150,rosenbrock,6,12.456671,125.605476,129.491257,273.306274,14.638385
3,0.500000,2.832683,linear,450,150,rosenbrock,6,0.053664,3.463350,4.538176,83.258537,14.348130
3,0.685363,2.419483,linear,450,150,rosenbrock,6,0.005932,2.838978,3.303054,55.979099,13.864575
3,0.802409,0.685363,linear,450,150,rosenbrock,6,8.519938,117.546631,152.841278,177.915619,13.064110
3,0.802409,1.099883,linear,450,150,rosenbrock,6,0.089002,24.128098,20.178762,153.734451,15.314860
3,0.939444,1.099883,linear,450,150,rosenbrock,6,0.330440,7.395716,5.495026,47.721249,27.116600
3,1.287720,7.295407,linear,450,150,rosenbrock,6,0.716928,1.629274,1.239787,1.807360,15.083120
3,1.765111,0.500000,linear,450,150,rosenbrock,6,1.853318,34.501793,6.430572,199.532883,16.371130
3,0.500000,0.939444,linear,450,150,rosenbrock,6,4.936337,96.073929,136.919266,406.611816,30.150370
3,0.685363,10.000000,linear,450,150,rosenbrock,6,0.001697,0.700042,0.890525,1.588137,18.275475
3,0.939444,0.802409,linear,450,150,rosenbrock,6,4.032308,35.643707,33.173286,66.638542,14.932545
3,1.287720,0.685363,linear,450,150,rosenbrock,6,0.779204,7.352514,5.510324,61.167072,14.450545
3,0.500000,7.295407,linear,450,150,rosenbrock,6,0.074788,1.347342,1.270436,1.975620,15.911530
3,0.939444,2.066557,linear,450,150,rosenbrock,6,0.015296,2.079022,2.782183,23.481724,16.032395
3,1.099883,0.802409,linear,450,150,rosenbrock,6,0.071350,6.752794,5.364209,62.366657,29.919810
3,1.507637,0.685363,linear,450,150,rosenbrock,6,0.435963,5.025889,5.123747,75.570869,31.650330
3,0.500000,0.685363,linear,450,150,rosenbrock,6,5.150951,210.948486,279.768066,572.510681,14.461240
3,1.099883,1.287720,linear,450,150,rosenbrock,6,0.053323,3.319995,4.199803,44.429314,29.902195
3,1.099883,10.000000,linear,450,150,rosenbrock,6,0.001020,2.125082,1.908355,1.983243,15.755710
3,0.939444,4.545940,linear,450,150,rosenbrock,6,0.084130,0.989918,0.920139,2.292981,33.760650
3,0.802409,10.000000,linear,450,150,rosenbrock,6,0.009662,0.688156,0.898519,1.103788,36.576360
3,0.585390,0.500000,linear,450,150,rosenbrock,6,56.741253,221.150146,199.329147,305.183807,15.403595
3,1.287720,2.419483,linear,450,150,rosenbrock,6,0.013999,0.837827,1.268609,1.983304,39.342715
3,0.939444,2.832683,linear,450,150,rosenbrock,6,0.066442,1.916491,2.146236,1.853093,39.826245
3,1.287720,4.545940,linear,450,150,rosenbrock,6,0.025330,0.547942,0.715327,1.186761,15.989520
3,0.500000,1.765111,linear,450,150,rosenbrock,6,1.523015,11.740803,9.179385,63.269119,18.682375
3,1.507637,0.500000,linear,450,150,rosenbrock,6,4.386776,35.435028,34.099304,205.380737,17.283965
3,0.939444,7.295407,linear,450,150,rosenbrock,6,0.001114,0.712007,0.931165,1.424616,42.432955
3,1.507637,2.066557,linear,450,150,rosenbrock,6,0.000286,0.902834,1.286973,1.488193,16.846610
3,1.507637,8.541316,linear,450,150,rosenbrock,6,0.009776,1.208058,1.570513,1.403459,18.542810
3,0.802409,7.295407,linear,450,150,rosenbrock,6,0.032710,0.528736,0.714330,0.349774,19.904430
3,1.099883,0.500000,linear,450,150,rosenbrock,6,8.708393,74.914520,102.399841,138.017822,42.820515
3,1.507637,1.099883,linear,450,150,rosenbrock,6,0.051777,3.014728,3.752391,20.431637,42.853555
3,1.099883,5.322296,linear,450,150,rosenbrock,6,0.000019,0.682922,0.779911,1.682574,46.142555
3,1.099883,3.316448,linear,450,150,rosenbrock,6,0.452646,1.224258,1.285894,1.822739,45.629225
3,1.765111,3.882831,linear,450,150,rosenbrock,6,0.006732,0.665151,0.806958,1.515763,19.325165
3,1.099883,2.066557,linear,450,150,rosenbrock,6,0.017057,1.781287,2.265391,1.833289,43.767360
3,2.066557,3.882831,linear,450,150,rosenbrock,6,0.016014,0.884282,0.985727,1.597582,42.748640
3,1.287720,0.939444,linear,450,150,rosenbrock,6,2.747014,28.908798,18.402056,74.653679,47.322435
3,1.287720,1.507637,linear,450,150,rosenbrock,6,0.054261,2.235675,2.754243,1.338518,45.157465
3,2.419483,1.287720,linear,450,150,rosenbrock,6,0.001340,1.419377,1.443005,1.728860,20.014080
3,1.765111,6.231237,linear,450,150,rosenbrock,6,0.004523,0.893501,1.041094,1.919692,21.258245
3,2.419483,2.832683,linear,450,150,rosenbrock,6,0.017373,0.906418,0.914638,1.801002,44.457245
3,1.765111,0.802409,linear,450,150,rosenbrock,6,0.113997,3.141574,3.758188,9.846611,44.507590
3,1.507637,2.832683,linear,450,150,rosenbrock,6,0.013835,0.676717,0.808208,1.378152,45.935945
3,1.765111,8.541316,linear,450,150,rosenbrock,6,1.060823,2.856960,2.251041,544.636475,46.026715
3,2.419483,0.685363,linear,450,150,rosenbrock,6,0.028623,3.435758,3.921623,27.717705,46.106650
3,1.765111,1.287720,linear,450,150,rosenbrock,6,0.000011,2.758047,2.853009,34.677582,46.294950
3,2.066557,0.585390,linear,450,150,rosenbrock,6,0.057713,3.938216,4.259172,58.216534,43.096335
3,2.832683,1.287720,linear,450,150,rosenbrock,6,0.167883,1.534324,1.275251,1.731669,43.910010
3,2.066557,10.000000,linear,450,150,rosenbrock,6,0.238470,3.164635,5.348912,749.503906,47.267030
3,1.507637,4.545940,linear,450,150,rosenbrock,6,0.002588,1.032896,0.827777,1.640169,47.765710
3,2.066557,7.295407,linear,450,150,rosenbrock,6,0.003895,1.956030,1.916722,749.964844,20.488095
3,2.832683,2.066557,linear,450,150,rosenbrock,6,0.004937,0.980795,0.888042,1.450506,44.115940
3,1.765111,2.066557,linear,450,150,rosenbrock,6,0.107285,1.247762,1.294465,2.157024,46.043960
3,2.066557,1.507637,linear,450,150,rosenbrock,6,0.032805,1.371408,1.481846,2.379137,48.204695
3,2.066557,2.419483,linear,450,150,rosenbrock,6,0.027878,0.580565,0.727220,1.011294,45.067610
3,2.419483,2.066557,linear,450,150,rosenbrock,6,0.001886,0.916525,0.919328,1.829320,20.975520
3,2.419483,8.541316,linear,450,150,rosenbrock,6,0.001987,3.356306,5.408344,795.860291,21.212995
3,0.585390,0.802409,linear,450,150,rosenbrock,6,17.572983,208.104935,180.188080,304.850525,38.764040
3,2.066557,1.099883,linear,450,150,rosenbrock,6,0.134150,2.487829,2.809440,1.530535,18.181545
3,2.419483,5.322296,linear,450,150,rosenbrock,6,0.024186,2.284656,2.620760,2.143410,21.514780
3,0.585390,2.066557,linear,450,150,rosenbrock,6,0.511128,3.685612,4.545845,69.814117,37.921950
3,3.316448,0.585390,linear,450,150,rosenbrock,6,0.286135,2.191223,2.905450,1.546605,45.017875
3,2.832683,0.802409,linear,450,150,rosenbrock,6,0.010853,2.023155,2.484364,17.584463,48.783360
3,0.685363,3.882831,linear,450,150,rosenbrock,6,0.001199,1.683748,2.000396,1.654594,36.837020
3,0.585390,8.541316,linear,450,150,rosenbrock,6,0.001237,0.485928,0.724400,1.422042,43.523955
3,0.802409,1.765111,linear,450,150,rosenbrock,6,0.013625,3.571285,4.477867,56.305450,33.814125
3,0.585390,5.322296,linear,450,150,rosenbrock,6,0.204735,1.632079,1.715737,2.047629,34.976340
3,0.500000,4.545940,linear,450,150,rosenbrock,6,0.027403,2.450838,2.438612,68.205597,34.630515
3,2.832683,6.231237,linear,450,150,rosenbrock,6,0.008537,2.095068,2.149510,2.674543,20.159035
3,2.832683,10.000000,linear,450,150,rosenbrock,6,0.303818,3.519635,5.419438,747.588135,15.929635
3,2.832683,0.585390,linear,450,150,rosenbrock,6,0.000168,2.399666,3.269039,1.929495,16.502530
3,0.685363,0.939444,linear,450,150,rosenbrock,6,0.113514,24.998432,20.229469,86.641624,36.160165
3,0.585390,1.287720,linear,450,150,rosenbrock,6,4.066924,35.988953,43.323082,182.756805,37.567270
3,0.585390,3.316448,linear,450,150,rosenbrock,6,0.299132,2.848380,3.050109,40.316097,33.711825
3,0.802409,2.832683,linear,450,150,rosenbrock,6,0.698166,2.375651,2.632817,1.710090,32.837160
3,0.685363,6.231237,linear,450,150,rosenbrock,6,0.068695,0.964370,0.987609,1.567361,30.790270
3,3.316448,1.287720,linear,450,150,rosenbrock,6,0.031172,0.759392,0.942586,1.280328,15.776890
3,3.316448,0.802409,linear,450,150,rosenbrock,6,0.056611,1.226386,1.669590,1.799785,15.919335
3,0.802409,4.545940,linear,450,150,rosenbrock,6,0.013160,0.925719,1.217536,1.009639,18.948480
3,2.832683,3.882831,linear,450,150,rosenbrock,6,0.001216,1.557053,1.426091,2.430707,17.179550
3,3.316448,2.066557,linear,450,150,rosenbrock,6,0.003468,0.442181,0.496680,1.657359,14.420575
3,3.316448,8.541316,linear,450,150,rosenbrock,6,0.018223,3.434824,5.419423,544.587891,14.832630
3,3.316448,3.316448,linear,450,150,rosenbrock,6,0.059789,1.505219,1.677786,1.768906,16.272205
3,3.316448,5.322296,linear,450,150,rosenbrock,6,0.008724,2.814225,3.882188,749.739685,16.410225
3,3.882831,0.585390,linear,450,150,rosenbrock,6,0.015363,1.797789,2.102054,2.203333,15.517740
3,3.882831,1.507637,linear,450,150,rosenbrock,6,0.041924,0.603041,0.736716,1.431122,15.138315
3,3.882831,2.419483,linear,450,150,rosenbrock,6,0.084454,1.687993,1.558550,1.920457,15.513475
3,0.939444,1.287720,linear,450,150,rosenbrock,6,0.359690,3.734477,4.097438,33.456341,17.278405
3,1.765111,0.585390,linear,450,150,rosenbrock,6,0.149740,5.463057,5.417620,141.940414,15.975020
3,3.882831,6.231237,linear,450,150,rosenbrock,6,0.104521,3.745023,5.418347,34.664513,15.080395
3,3.882831,3.882831,linear,450,150,rosenbrock,6,0.004701,2.255176,2.003315,471.996643,15.662685
3,0.500000,1.099883,linear,450,150,rosenbrock,6,6.223401,94.168289,118.099876,129.144928,16.514960
3,3.882831,0.939444,linear,450,150,rosenbrock,6,0.130047,1.000066,1.133351,0.734215,17.092410
3,1.507637,0.802409,linear,450,150,rosenbrock,6,0.013974,4.098651,4.837645,51.357941,14.672170
3,1.099883,0.939444,linear,450,150,rosenbrock,6,0.725770,12.153445,9.305119,67.131882,15.570510
3,4.545940,0.685363,linear,450,150,rosenbrock,6,0.034973,1.144200,1.422181,1.937091,13.970890
3,3.882831,10.000000,linear,450,150,rosenbrock,6,0.010995,4.226284,5.419443,892.093689,16.432595
3,4.545940,1.099883,linear,450,150,rosenbrock,6,0.011043,1.112722,0.902508,1.859426,15.079470
3,0.939444,5.322296,linear,450,150,rosenbrock,6,0.178016,0.868108,0.766437,1.599767,16.159610
3,4.545940,1.765111,linear,450,150,rosenbrock,6,0.012258,0.863752,1.096966,1.492959,14.225365
3,0.939444,0.500000,linear,450,150,rosenbrock,6,5.137851,154.080521,163.970169,214.063354,17.731665
3,4.545940,4.545940,linear,450,150,rosenbrock,6,0.010182,1.984619,2.039452,2.270571,15.125940
3,4.545940,2.832683,linear,450,150,rosenbrock,6,0.001003,1.483067,1.570073,1.836870,16.181630
3,1.099883,1.507637,linear,450,150,rosenbrock,6,0.001304,2.305619,3.085870,76.076950,22.491505
3,5.322296,0.802409,linear,450,150,rosenbrock,6,0.001703,0.693852,0.935156,1.950172,15.458475
3,5.322296,1.287720,linear,450,150,rosenbrock,6,0.071374,1.172659,1.103716,1.512385,12.442905
3,5.322296,3.316448,linear,450,150,rosenbrock,6,0.161527,3.403342,4.723204,749.580750,11.476705
3,5.322296,2.066557,linear,450,150,rosenbrock,6,0.101604,1.709615,1.470047,2.375398,13.031025
3,1.287720,2.832683,linear,450,150,rosenbrock,6,0.106243,1.070800,1.230973,1.223639,25.482330
3,0.939444,3.316448,linear,450,150,rosenbrock,6,0.043426,1.013924,1.379876,1.612187,24.611970
3,5.322296,5.322296,linear,450,150,rosenbrock,6,0.115553,3.368245,4.197112,1.751338,12.218670
3,0.939444,8.541316,linear,450,150,rosenbrock,6,0.003381,1.385179,1.267047,1.728109,23.495860
3,5.322296,8.541316,linear,450,150,rosenbrock,6,1.056519,22.769529,4.680961,892.985657,12.314175
3,6.231237,0.585390,linear,450,150,rosenbrock,6,0.002285,0.858267,1.218494,1.484089,13.825375
3,6.231237,1.507637,linear,450,150,rosenbrock,6,0.038719,1.613982,1.252029,1.899815,13.543680
3,6.231237,2.419483,linear,450,150,rosenbrock,6,0.064671,2.260307,2.012591,544.678833,13.302195
3,5.322296,0.500000,linear,450,150,rosenbrock,6,0.042275,2.415138,2.359151,15.177176,31.000645
3,7.295407,4.545940,linear,450,150,rosenbrock,6,0.000333,3.977097,5.419439,2.349802,13.833765
3,4.545940,7.295407,linear,450,150,rosenbrock,6,0.886392,3.967492,5.419240,749.532166,33.089220
3,7.295407,2.832683,linear,450,150,rosenbrock,6,0.030681,3.151033,4.438908,544.585266,16.345410
3,7.295407,7.295407,linear,450,150,rosenbrock,6,0.000066,4.083316,4.082718,999.476440,15.829870
3,3.316448,1.507637,linear,450,150,rosenbrock,6,0.007750,0.431684,0.673735,1.169392,15.607455
3,3.316448,0.939444,linear,450,150,rosenbrock,6,0.002504,0.914899,1.296437,1.482277,17.061500
3,8.541316,8.541316,linear,450,150,rosenbrock,6,1.967743,4.290166,4.855458,1.965827,16.233855
3,1.507637,1.287720,linear,450,150,rosenbrock,6,0.296499,3.126265,3.730096,35.405331,37.599935
3,1.099883,0.585390,linear,450,150,rosenbrock,6,6.732276,48.783298,56.273109,70.459305,39.879785
3,3.316448,2.419483,linear,450,150,rosenbrock,6,0.050714,0.727086,0.865653,0.949514,18.403355
3,3.316448,3.882831,linear,450,150,rosenbrock,6,0.136991,2.176758,1.920644,2.064478,16.495360
3,3.316448,10.000000,linear,450,150,rosenbrock,6,0.429834,13.340246,3.609562,996.291870,17.429015
3,2.066557,4.545940,linear,450,150,rosenbrock,6,0.058367,1.200531,1.232956,1.865169,38.051645
3,3.316448,6.231237,linear,450,150,rosenbrock,6,0.004145,1.921804,2.235157,746.705444,16.184570
3,3.882831,1.765111,linear,450,150,rosenbrock,6,0.064001,1.228264,1.248427,1.766030,16.128995
3,3.882831,0.685363,linear,450,150,rosenbrock,6,0.005687,1.527731,2.090010,1.371064,16.962970
3,3.882831,2.832683,linear,450,150,rosenbrock,6,0.172316,1.427447,1.424716,1.672714,15.030525
3,1.099883,6.231237,linear,450,150,rosenbrock,6,0.005721,0.604775,0.860265,0.363799,42.250345
3,1.287720,1.099883,linear,450,150,rosenbrock,6,0.432211,4.352913,4.600329,65.430832,42.322610
3,1.099883,3.882831,linear,450,150,rosenbrock,6,0.190125,0.612692,0.791935,1.651141,47.378125
3,3.882831,4.545940,linear,450,150,rosenbrock,6,0.320272,2.391088,2.070292,544.722351,15.038800
3,1.287720,1.765111,linear,450,150,rosenbrock,6,0.095458,1.567858,2.227027,1.572394,46.675945
3,2.419483,3.316448,linear,450,150,rosenbrock,6,0.000899,1.416607,1.172174,1.722714,45.951180
3,3.882831,7.295407,linear,450,150,rosenbrock,6,0.078072,3.456032,5.419438,2.650790,15.971040
3,1.765111,10.000000,linear,450,150,rosenbrock,6,0.234029,3.593900,5.417954,544.416443,45.774600
3,2.832683,1.507637,linear,450,150,rosenbrock,6,0.035910,0.729017,0.811223,1.105023,47.084810
3,2.419483,0.802409,linear,450,150,rosenbrock,6,0.176744,3.167923,3.550369,17.135700,47.367345
3,1.765111,0.939444,linear,450,150,rosenbrock,6,0.000085,3.250083,3.453618,29.936586,48.483810
3,3.882831,1.099883,linear,450,150,rosenbrock,6,0.006611,0.768192,0.936926,1.133688,15.641920
3,1.507637,3.316448,linear,450,150,rosenbrock,6,0.603563,0.962148,0.915175,1.441667,48.317415
3,2.419483,0.500000,linear,450,150,rosenbrock,6,0.000167,5.397721,4.656411,48.266785,48.164240
3,2.066557,0.685363,linear,450,150,rosenbrock,6,0.141847,2.742758,3.857634,62.228439,48.227165
3,1.765111,1.507637,linear,450,150,rosenbrock,6,0.000130,1.435463,2.084299,34.943344,48.512345
3,2.832683,2.419483,linear,450,150,rosenbrock,6,0.004586,0.605793,0.741712,1.101717,47.947060
3,1.507637,5.322296,linear,450,150,rosenbrock,6,0.004905,1.161780,0.923560,1.894005,48.671945
3,1.099883,2.419483,linear,450,150,rosenbrock,6,0.188024,1.688421,2.042596,1.292617,53.131660
3,4.545940,0.500000,linear,450,150,rosenbrock,6,0.271311,2.116738,2.468853,12.110624,14.724535
3,2.066557,1.765111,linear,450,150,rosenbrock,6,0.015643,0.982681,1.176454,2.206334,48.286145
3,2.066557,2.832683,linear,450,150,rosenbrock,6,0.005839,0.842951,0.781836,1.510409,48.607945
3,1.765111,2.419483,linear,450,150,rosenbrock,6,0.103209,0.647259,0.763164,1.255181,48.837025
3,4.545940,0.802409,linear,450,150,rosenbrock,6,0.001184,0.873929,1.274155,1.229262,16.012160
3,4.545940,1.287720,linear,450,150,rosenbrock,6,0.004925,0.682274,0.876335,1.349810,15.924075
3,4.545940,3.316448,linear,450,150,rosenbrock,6,0.135485,2.380098,2.163144,1.810242,14.681615
3,4.545940,2.066557,linear,450,150,rosenbrock,6,0.057540,1.170358,1.141919,1.703733,15.971650
3,6.231237,0.939444,linear,450,150,rosenbrock,6,0.026003,0.945263,0.758340,1.544331,49.706265
3,6.231237,3.882831,linear,450,150,rosenbrock,6,0.110484,3.284895,5.419438,544.463989,47.063655
3,7.295407,0.685363,linear,450,150,rosenbrock,6,0.005200,0.818737,0.804714,1.587930,44.845050
3,4.545940,5.322296,linear,450,150,rosenbrock,6,0.031674,3.055418,2.782597,544.588623,15.628945
3,5.322296,1.507637,linear,450,150,rosenbrock,6,0.005456,1.672439,1.359846,1.914357,14.950835
3,2.832683,0.939444,linear,450,150,rosenbrock,6,0.401858,2.579406,2.831944,22.597616,47.159915
3,6.231237,6.231237,linear,450,150,rosenbrock,6,0.019713,3.011492,4.879564,892.482117,46.908115
3,7.295407,1.765111,linear,450,150,rosenbrock,6,0.144345,3.248939,5.193336,746.690002,46.700700
3,8.541316,0.500000,linear,450,150,rosenbrock,6,0.133493,0.743979,0.898570,1.783414,44.658660
3,7.295407,1.099883,linear,450,150,rosenbrock,6,0.040638,1.278735,1.184536,1.486152,47.281380
3,8.541316,5.322296,linear,450,150,rosenbrock,6,0.999256,3.964585,5.419442,748.257324,42.249765
3,5.322296,0.939444,linear,450,150,rosenbrock,6,0.025463,0.518677,0.648659,1.428084,17.176760
3,6.231237,10.000000,linear,450,150,rosenbrock,6,0.173521,4.944304,5.425873,761.114563,48.223015
3,5.322296,3.882831,linear,450,150,rosenbrock,6,0.478778,2.740648,2.490167,544.611816,14.886415
3,8.541316,0.802409,linear,450,150,rosenbrock,6,0.107840,0.967189,1.053851,1.518573,45.621660
3,3.316448,0.685363,linear,450,150,rosenbrock,6,0.341024,2.404898,2.634102,21.933815,50.005960
3,8.541316,2.066557,linear,450,150,rosenbrock,6,1.694049,3.391865,4.575733,749.590454,45.204075
3,8.541316,1.287720,linear,450,150,rosenbrock,6,0.002688,1.810099,1.748703,2.056691,46.083720
3,8.541316,3.316448,linear,450,150,rosenbrock,6,2.270838,4.237379,5.419438,544.431396,45.264150
3,5.322296,2.419483,linear,450,150,rosenbrock,6,0.034125,1.047638,1.524001,2.731098,15.511270
3,10.000000,0.939444,linear,450,150,rosenbrock,6,0.001841,0.941015,1.063467,1.827336,32.532580
3,10.000000,0.585390,linear,450,150,rosenbrock,6,0.009635,0.723444,0.805285,1.242532,35.777165
3,10.000000,10.000000,linear,450,150,rosenbrock,6,1.417586,4.633616,4.941294,544.506042,25.413220
3,0.500000,0.685363,quadratic,450,150,rosenbrock,6,11.166954,252.550980,269.320435,354.587036,23.809570
3,10.000000,1.507637,linear,450,150,rosenbrock,6,0.134516,2.775522,3.492121,2.076384,32.597850
3,10.000000,2.419483,linear,450,150,rosenbrock,6,0.000291,2.802437,4.099793,892.448975,29.320050
3,0.500000,1.099883,quadratic,450,150,rosenbrock,6,4.905289,55.885792,75.712189,102.043694,17.875940
3,0.500000,1.765111,quadratic,450,150,rosenbrock,6,1.266346,5.047917,5.417146,190.109573,16.389880
3,10.000000,3.882831,linear,450,150,rosenbrock,6,0.060286,3.090446,4.180217,575.246765,31.182680
3,5.322296,6.231237,linear,450,150,rosenbrock,6,1.981119,4.301585,5.419440,749.428894,16.750175
3,10.000000,6.231237,linear,450,150,rosenbrock,6,1.112681,4.563586,4.349243,8.623681,31.318245
3,6.231237,2.832683,linear,450,150,rosenbrock,6,0.648732,3.462867,5.418640,544.431396,15.800935
3,5.322296,10.000000,linear,450,150,rosenbrock,6,0.080204,3.520273,5.111796,747.760071,17.690630
3,0.500000,2.832683,quadratic,450,150,rosenbrock,6,0.006927,2.864823,3.643272,29.945990,18.602380
3,6.231237,1.765111,linear,450,150,rosenbrock,6,0.002681,1.719030,1.565307,2.315771,18.379150
3,6.231237,0.685363,linear,450,150,rosenbrock,6,0.000078,0.667359,0.824684,1.982365,18.581640
3,5.322296,0.585390,linear,450,150,rosenbrock,6,0.000059,0.985609,1.317511,0.684643,17.031585
3,7.295407,5.322296,linear,450,150,rosenbrock,6,0.640280,3.590573,3.362372,892.141602,16.530760
3,3.316448,1.765111,linear,450,150,rosenbrock,6,0.000062,0.507344,0.733817,0.450534,13.721715
3,7.295407,3.316448,linear,450,150,rosenbrock,6,1.399929,3.901373,5.419371,544.897766,15.577505
3,4.545940,8.541316,linear,450,150,rosenbrock,6,0.000179,2.419588,3.397460,729.484436,17.171485
3,7.295407,8.541316,linear,450,150,rosenbrock,6,0.177385,159.445953,3.810391,1082.264648,16.379485
3,8.541316,10.000000,linear,450,150,rosenbrock,6,2.205753,4.756438,4.868568,890.340088,16.377150
3,3.316448,1.099883,linear,450,150,rosenbrock,6,0.254196,1.288459,1.285450,1.809661,16.409110
3,3.316448,4.545940,linear,450,150,rosenbrock,6,0.008098,1.601604,1.851230,1.992256,13.325345
3,3.882831,0.500000,linear,450,150,rosenbrock,6,0.275509,2.094915,2.136373,28.111052,14.399020
3,3.316448,7.295407,linear,450,150,rosenbrock,6,0.054704,3.482182,5.414280,749.606384,12.163760
3,3.882831,2.066557,linear,450,150,rosenbrock,6,0.005447,1.066734,0.943151,1.898333,12.212195
3,0.500000,4.545940,quadratic,450,150,rosenbrock,6,0.007970,1.387568,1.988950,1.961049,18.549855
3,0.500000,7.295407,quadratic,450,150,rosenbrock,6,0.000489,0.462123,0.572156,0.823852,18.990255
3,3.882831,3.316448,linear,450,150,rosenbrock,6,0.045606,1.887017,1.701675,2.017928,12.293025
3,3.882831,5.322296,linear,450,150,rosenbrock,6,0.084155,2.486315,2.344907,544.721130,12.059010
3,3.882831,8.541316,linear,450,150,rosenbrock,6,0.068055,160.020386,5.419438,1081.903442,11.703660
3,3.316448,2.832683,linear,450,150,rosenbrock,6,0.003792,1.600746,1.405304,1.805725,21.906255
3,3.882831,1.287720,linear,450,150,rosenbrock,6,0.207675,0.754563,0.929701,1.001078,12.972065
3,0.585390,0.500000,quadratic,450,150,rosenbrock,6,15.646656,438.823547,477.349792,750.221191,21.854715
3,4.545940,0.585390,linear,450,150,rosenbrock,6,0.020390,1.706501,2.101618,1.607454,11.128870
3,4.545940,0.939444,linear,450,150,rosenbrock,6,0.026047,0.690507,0.778774,0.920604,12.028415
3,4.545940,2.419483,linear,450,150,rosenbrock,6,0.497526,2.569887,2.929090,1.865778,11.385085
3,4.545940,3.882831,linear,450,150,rosenbrock,6,0.055604,3.475543,5.389454,725.453918,11.572890
3,4.545940,1.507637,linear,450,150,rosenbrock,6,0.003528,0.623817,0.784288,1.286384,12.307355
3,5.322296,1.765111,linear,450,150,rosenbrock,6,0.011038,0.757488,0.937699,1.542221,12.971720
3,3.882831,0.802409,linear,450,150,rosenbrock,6,0.119844,1.583342,1.606132,1.482065,28.936145
3,4.545940,6.231237,linear,450,150,rosenbrock,6,0.000313,2.862203,4.195203,2.260038,14.233640
3,5.322296,4.545940,linear,450,150,rosenbrock,6,0.531150,3.430576,4.699729,749.517151,15.460705
3,5.322296,1.099883,linear,450,150,rosenbrock,6,0.350608,0.833348,0.871811,1.448113,16.518025
3,0.585390,2.066557,quadratic,450,150,rosenbrock,6,0.008454,4.741999,5.233692,34.658035,35.562175
3,5.322296,2.832683,linear,450,150,rosenbrock,6,0.050358,2.309475,1.762618,544.737549,18.002450
3,0.585390,1.287720,quadratic,450,150,rosenbrock,6,0.248604,17.280050,13.256112,139.854721,37.997290
3,0.585390,0.802409,quadratic,450,150,rosenbrock,6,14.884529,186.692444,207.122345,226.315308,38.228515
3,5.322296,7.295407,linear,450,150,rosenbrock,6,0.000080,3.065953,3.136507,575.179321,18.168240
3,6.231237,3.316448,linear,450,150,rosenbrock,6,1.213464,4.143469,5.416444,544.384583,18.064760
3,6.231237,2.066557,linear,450,150,rosenbrock,6,0.006971,1.502510,1.663892,1.804253,17.679645
3,6.231237,0.500000,linear,450,150,rosenbrock,6,0.228523,1.501935,1.396960,2.214792,19.162955
3,0.585390,3.316448,quadratic,450,150,rosenbrock,6,0.001769,2.110875,2.845126,28.799719,39.420700
3,6.231237,0.802409,linear,450,150,rosenbrock,6,0.000348,0.518018,0.697326,1.610474,17.439820
3,0.685363,0.939444,quadratic,450,150,rosenbrock,6,1.430346,66.853279,81.026337,125.864555,38.477020
3,0.685363,0.585390,quadratic,450,150,rosenbrock,6,5.694690,204.044815,277.533997,229.597198,39.541760
3,0.585390,8.541316,quadratic,450,150,rosenbrock,6,0.044161,0.444881,0.536463,1.321000,40.539380
3,5.322296,0.685363,linear,450,150,rosenbrock,6,0.033336,0.788598,1.108797,2.196099,17.763870
3,0.585390,5.322296,quadratic,450,150,rosenbrock,6,0.133164,0.666800,0.746452,1.960058,41.954975
3,7.295407,6.231237,linear,450,150,rosenbrock,6,0.233838,2.473430,2.865278,222.447006,18.714515
3,0.939444,1.287720,quadratic,450,150,rosenbrock,6,0.018803,4.239056,4.993126,103.363762,18.124195
3,0.685363,1.507637,quadratic,450,150,rosenbrock,6,0.439275,14.195389,7.648331,140.339813,44.402375
3,4.545940,10.000000,linear,450,150,rosenbrock,6,0.113364,2.821954,3.586440,544.767578,17.035655
3,7.295407,3.882831,linear,450,150,rosenbrock,6,0.306736,3.500866,4.697260,544.561401,19.629260
3,0.802409,0.685363,quadratic,450,150,rosenbrock,6,5.636647,87.987762,95.224594,182.311584,42.991785
3,0.802409,2.832683,quadratic,450,150,rosenbrock,6,0.103320,1.756256,1.977137,2.560133,42.795100
3,0.685363,2.419483,quadratic,450,150,rosenbrock,6,0.203442,3.014424,3.623710,1.311721,45.930515
3,7.295407,10.000000,linear,450,150,rosenbrock,6,0.043099,3.514069,3.692228,543.900757,17.554780
3,0.802409,1.099883,quadratic,450,150,rosenbrock,6,1.196479,6.804770,6.886502,82.317307,46.420580
3,10.000000,0.500000,linear,450,150,rosenbrock,6,0.004876,0.641257,0.910406,0.794442,16.144575
3,0.685363,6.231237,quadratic,450,150,rosenbrock,6,0.000072,0.273636,0.410490,0.224083,48.159180
3,0.685363,3.882831,quadratic,450,150,rosenbrock,6,0.093479,1.119452,1.279386,1.308295,49.571260
3,0.802409,1.765111,quadratic,450,150,rosenbrock,6,0.014377,8.871590,4.424689,67.800484,48.009835
3,0.685363,10.000000,quadratic,450,150,rosenbrock,6,0.018228,0.975281,0.840818,1.667696,48.835020
3,0.939444,2.066557,quadratic,450,150,rosenbrock,6,0.929088,2.638618,2.794477,1.628076,15.296265
3,0.939444,3.316448,quadratic,450,150,rosenbrock,6,0.055645,0.650324,0.772810,1.588302,16.975055
3,0.802409,4.545940,quadratic,450,150,rosenbrock,6,0.024016,0.473565,0.584096,1.068647,50.898055
3,0.939444,5.322296,quadratic,450,150,rosenbrock,6,0.007647,0.448962,0.534246,0.940510,17.745860
3,0.802409,7.295407,quadratic,450,150,rosenbrock,6,0.000002,0.740459,0.669299,1.400061,50.870540
3,0.939444,8.541316,quadratic,450,150,rosenbrock,6,0.447256,1.375852,1.523407,1.517678,17.397985
3,0.939444,0.500000,quadratic,450,150,rosenbrock,6,5.733653,118.749527,192.464508,189.335541,46.021220
3,6.231237,1.099883,linear,450,150,rosenbrock,6,0.001491,0.775812,0.845944,1.777840,49.613705
3,7.295407,2.066557,linear,450,150,rosenbrock,6,0.145512,1.898047,1.796673,1.907034,46.166285
3,8.541316,0.585390,linear,450,150,rosenbrock,6,0.440991,0.755290,0.707036,1.280578,45.499305
3,6.231237,7.295407,linear,450,150,rosenbrock,6,0.343740,3.061944,3.317291,544.889282,46.932135
3,6.231237,4.545940,linear,450,150,rosenbrock,6,0.073850,2.390692,2.667573,749.465759,49.998295
3,8.541316,6.231237,linear,450,150,rosenbrock,6,0.368640,3.527917,5.316327,748.343384,45.601550
3,7.295407,0.802409,linear,450,150,rosenbrock,6,0.000264,0.475790,0.624412,1.092468,49.713115
3,7.295407,1.287720,linear,450,150,rosenbrock,6,0.082082,2.006964,2.374833,1.919465,46.688025
3,8.541316,0.939444,linear,450,150,rosenbrock,6,0.039301,1.193636,1.128235,1.505118,45.481925
3,1.099883,0.585390,quadratic,450,150,rosenbrock,6,2.559873,44.462219,30.812115,175.536575,19.885835
3,0.500000,0.802409,quadratic,450,150,rosenbrock,6,8.283793,193.971375,239.572754,271.848389,42.728170
3,0.500000,0.500000,quadratic,450,150,rosenbrock,6,41.210789,529.036194,425.009460,1218.161011,42.878805
3,1.099883,0.939444,quadratic,450,150,rosenbrock,6,0.464409,4.970153,5.582276,34.816868,16.983875
3,0.500000,1.287720,quadratic,450,150,rosenbrock,6,4.554864,37.407475,31.876783,219.006195,43.439825
3,0.500000,2.066557,quadratic,450,150,rosenbrock,6,0.006993,28.034151,8.471426,82.088097,43.711605
3,10.000000,1.099883,linear,450,150,rosenbrock,6,0.000274,1.232134,1.166762,1.969617,43.880395
3,7.295407,0.500000,linear,450,150,rosenbrock,6,0.206896,1.066685,1.328944,1.318992,47.953290
3,8.541316,2.419483,linear,450,150,rosenbrock,6,0.022399,2.722227,2.910094,749.825317,45.675910
3,0.939444,0.802409,quadratic,450,150,rosenbrock,6,0.461219,44.476707,63.668056,112.273590,46.508010
3,8.541316,3.882831,linear,450,150,rosenbrock,6,0.096420,3.417377,3.286859,2.021129,45.085255
3,10.000000,0.685363,linear,450,150,rosenbrock,6,0.008556,0.698759,0.879084,1.578600,44.880135
3,10.000000,2.832683,linear,450,150,rosenbrock,6,0.080534,4.507946,5.419441,644.352356,45.000645
3,10.000000,7.295407,linear,450,150,rosenbrock,6,0.243427,3.845229,4.623747,575.337585,44.527040
3,1.099883,2.419483,quadratic,450,150,rosenbrock,6,0.162922,1.400986,1.636513,1.487027,17.410545
3,10.000000,4.545940,linear,450,150,rosenbrock,6,0.819050,3.648471,4.805832,575.327271,44.793250
3,10.000000,1.765111,linear,450,150,rosenbrock,6,0.024934,2.964922,3.862310,544.617737,45.212875
3,8.541316,1.507637,linear,450,150,rosenbrock,6,0.693488,2.729490,3.323133,544.661438,46.163880
3,0.500000,3.316448,quadratic,450,150,rosenbrock,6,0.211458,3.013714,3.428195,1.829664,44.046255
3,1.099883,3.882831,quadratic,450,150,rosenbrock,6,0.003318,0.369437,0.525005,0.881325,19.289230
3,1.099883,6.231237,quadratic,450,150,rosenbrock,6,0.001044,0.704503,1.006283,1.496246,18.139380
3,1.099883,1.507637,quadratic,450,150,rosenbrock,6,0.002259,1.830611,2.627266,1.891065,21.308725
3,1.099883,10.000000,quadratic,450,150,rosenbrock,6,0.086854,1.488190,2.019765,1.724401,16.050720
3,0.500000,8.541316,quadratic,450,150,rosenbrock,6,0.051257,0.663729,0.597634,1.470382,25.560750
3,0.500000,5.322296,quadratic,450,150,rosenbrock,6,0.006404,1.044665,1.279258,0.992120,28.462525
3,1.287720,1.099883,quadratic,450,150,rosenbrock,6,0.172964,3.392231,3.907110,56.688747,17.309160
3,1.287720,1.765111,quadratic,450,150,rosenbrock,6,0.024022,1.960562,2.088300,1.760477,17.591555
3,1.287720,0.685363,quadratic,450,150,rosenbrock,6,1.276625,20.025635,20.643883,98.338135,18.645140
3,1.287720,2.832683,quadratic,450,150,rosenbrock,6,0.011346,0.528760,0.631060,1.529562,16.190745
3,0.585390,0.585390,quadratic,450,150,rosenbrock,6,3.471641,317.820251,360.395569,442.397919,22.262390
3,1.287720,7.295407,quadratic,450,150,rosenbrock,6,0.039601,1.175003,1.560802,1.725836,16.898730
3,1.287720,4.545940,quadratic,450,150,rosenbrock,6,0.023457,0.455421,0.561167,1.295958,19.606720
3,1.507637,0.802409,quadratic,450,150,rosenbrock,6,0.620777,5.182068,4.503135,71.091125,14.122490
3,1.507637,0.500000,quadratic,450,150,rosenbrock,6,4.095539,26.012880,13.383048,170.584579,15.680380
3,1.507637,1.287720,quadratic,450,150,rosenbrock,6,0.000170,2.193547,2.730458,1.700820,15.010345
3,0.585390,2.419483,quadratic,450,150,rosenbrock,6,0.015399,3.432028,4.023121,9.275030,14.913960
3,1.765111,0.585390,quadratic,450,150,rosenbrock,6,0.000807,4.087852,4.700752,45.446407,13.546840
3,1.507637,2.066557,quadratic,450,150,rosenbrock,6,0.000816,0.479992,0.676128,1.623451,15.359080
3,1.507637,8.541316,quadratic,450,150,rosenbrock,6,0.110291,2.842286,3.552560,2.077682,15.303990
3,0.585390,1.507637,quadratic,450,150,rosenbrock,6,1.225529,7.416538,5.701243,206.947754,16.873500
3,1.507637,3.316448,quadratic,450,150,rosenbrock,6,0.046355,0.410174,0.527174,0.832106,16.257110
3,0.585390,0.939444,quadratic,450,150,rosenbrock,6,1.319558,52.623146,74.055374,173.152771,16.803280
3,1.507637,5.322296,quadratic,450,150,rosenbrock,6,0.018428,1.356553,1.371933,1.713629,16.992700
3,1.765111,0.939444,quadratic,450,150,rosenbrock,6,0.010791,2.500128,3.345989,33.152454,15.168155
3,1.765111,2.419483,quadratic,450,150,rosenbrock,6,0.022598,0.425196,0.514900,1.001888,14.172075
3,0.939444,1.507637,quadratic,450,150,rosenbrock,6,0.104328,3.296677,3.744799,26.744020,14.114625
3,1.765111,3.882831,quadratic,450,150,rosenbrock,6,0.149742,0.674785,0.824805,0.320693,12.840140
3,0.585390,3.882831,quadratic,450,150,rosenbrock,6,0.284458,2.054109,2.062305,1.854956,19.985075
3,1.765111,1.507637,quadratic,450,150,rosenbrock,6,0.032606,0.708139,1.124809,1.010385,16.227340
3,2.066557,0.685363,quadratic,450,150,rosenbrock,6,0.137950,3.160682,4.156104,46.936832,12.848490
3,0.939444,3.882831,quadratic,450,150,rosenbrock,6,0.032827,0.447409,0.587636,1.475257,12.433545
3,0.685363,1.099883,quadratic,450,150,rosenbrock,6,4.344854,40.868629,35.175446,142.283951,21.588315
3,0.939444,2.419483,quadratic,450,150,rosenbrock,6,0.038550,1.465259,1.879495,1.657006,14.487280
3,0.939444,6.231237,quadratic,450,150,rosenbrock,6,0.206950,0.657721,0.741285,1.125689,13.323690
3,0.939444,10.000000,quadratic,450,150,rosenbrock,6,0.092493,1.729804,1.372111,2.027954,12.882310
3,0.585390,6.231237,quadratic,450,150,rosenbrock,6,0.006486,0.359416,0.498260,0.238500,26.228025
3,0.585390,10.000000,quadratic,450,150,rosenbrock,6,0.262989,0.827268,0.746642,1.144909,26.450450
3,1.099883,0.685363,quadratic,450,150,rosenbrock,6,4.411381,25.934059,25.339256,163.196625,12.708835
3,1.099883,1.099883,quadratic,450,150,rosenbrock,6,0.000028,3.221914,4.106957,42.477421,12.096480
3,1.099883,2.832683,quadratic,450,150,rosenbrock,6,0.009816,0.581938,0.722308,1.088690,12.815215
3,0.685363,0.685363,quadratic,450,150,rosenbrock,6,5.970218,171.179245,168.675079,279.104340,30.143210
3,0.685363,1.765111,quadratic,450,150,rosenbrock,6,0.097356,3.679420,5.319038,46.867527,33.217170
3,1.287720,0.500000,quadratic,450,150,rosenbrock,6,4.451871,57.156815,58.776783,173.991806,14.487105
3,1.099883,1.765111,quadratic,450,150,rosenbrock,6,1.162162,3.079873,2.765903,65.514648,15.018520
3,1.765111,10.000000,quadratic,450,150,rosenbrock,6,0.038967,4.029303,5.419438,943.693787,29.853930
3,1.099883,4.545940,quadratic,450,150,rosenbrock,6,0.003693,0.299247,0.354203,0.777943,16.909730
3,1.099883,7.295407,quadratic,450,150,rosenbrock,6,0.067657,1.235704,1.219481,1.666040,18.310790
3,0.802409,0.802409,quadratic,450,150,rosenbrock,6,3.550555,59.728775,78.068588,161.013367,33.357030
3,1.287720,1.287720,quadratic,450,150,rosenbrock,6,0.000107,3.342693,3.956476,44.057159,17.405070
3,1.287720,0.802409,quadratic,450,150,rosenbrock,6,0.098322,8.253015,7.453888,90.165794,16.946450
3,1.287720,2.066557,quadratic,450,150,rosenbrock,6,0.016835,1.614156,1.266183,2.358941,18.568130
3,1.287720,3.316448,quadratic,450,150,rosenbrock,6,0.007889,0.415049,0.475892,1.396204,16.963520
3,1.287720,8.541316,quadratic,450,150,rosenbrock,6,0.195431,2.065426,2.011597,1.763899,16.077630
3,1.287720,5.322296,quadratic,450,150,rosenbrock,6,0.021962,1.256037,0.877486,1.848781,16.271330
3,0.802409,3.316448,quadratic,450,150,rosenbrock,6,0.036178,0.966537,1.164296,1.588751,40.476050
3,1.507637,0.939444,quadratic,450,150,rosenbrock,6,0.002170,2.972693,3.779187,29.966660,15.943915
3,1.507637,0.585390,quadratic,450,150,rosenbrock,6,1.112720,8.489060,5.829134,66.534027,16.171155
3,1.507637,1.507637,quadratic,450,150,rosenbrock,6,0.028177,2.303430,2.221025,1.854182,13.863180
3,1.765111,6.231237,quadratic,450,150,rosenbrock,6,0.036341,1.728903,1.864985,1.717718,47.705795
3,0.802409,1.287720,quadratic,450,150,rosenbrock,6,0.032674,3.771177,4.707064,53.832832,46.808990
3,1.765111,0.685363,quadratic,450,150,rosenbrock,6,0.070620,3.265483,3.836026,31.842251,14.615475
3,1.507637,2.419483,quadratic,450,150,rosenbrock,6,0.007083,0.430130,0.565352,0.643197,13.844960
3,0.685363,7.295407,quadratic,450,150,rosenbrock,6,0.004454,0.405437,0.514556,0.834498,47.852545
3,0.802409,0.500000,quadratic,450,150,rosenbrock,6,30.701437,252.405457,300.422089,282.976532,48.354350
3,0.685363,2.832683,quadratic,450,150,rosenbrock,6,0.002832,2.187770,2.806690,1.568999,49.176435
3,1.507637,10.000000,quadratic,450,150,rosenbrock,6,0.021412,2.986125,4.153173,749.670288,14.408290
3,0.802409,5.322296,quadratic,450,150,rosenbrock,6,0.002105,0.477772,0.550971,0.984548,48.680355
3,0.802409,2.066557,quadratic,450,150,rosenbrock,6,0.128403,2.900351,3.200457,29.736393,50.186285
3,0.685363,4.545940,quadratic,450,150,rosenbrock,6,0.006477,0.513023,0.700859,1.146840,50.498965
3,0.939444,0.585390,quadratic,450,150,rosenbrock,6,1.297512,49.821682,27.170378,190.739304,45.377325
3,1.507637,3.882831,quadratic,450,150,rosenbrock,6,0.151647,0.602631,0.681931,1.106780,15.107955
3,0.802409,8.541316,quadratic,450,150,rosenbrock,6,0.015335,1.094977,1.164158,1.488556,49.655350
3,0.939444,0.939444,quadratic,450,150,rosenbrock,6,0.253326,50.221886,59.109116,94.038193,45.267790
3,7.295407,0.585390,linear,450,150,rosenbrock,6,0.004492,1.076147,0.989095,216.192520,46.022315
3,1.765111,2.832683,quadratic,450,150,rosenbrock,6,0.150679,0.773375,0.714123,1.212853,14.435530
3,8.541316,1.099883,linear,450,150,rosenbrock,6,0.008646,0.872115,1.128078,1.763342,48.235245
3,1.765111,1.099883,quadratic,450,150,rosenbrock,6,0.003885,2.594274,3.286754,24.255264,15.375785
3,8.541316,0.685363,linear,450,150,rosenbrock,6,0.032614,1.226058,0.995118,1.753062,48.741175
3,7.295407,2.419483,linear,450,150,rosenbrock,6,0.340306,2.433922,2.265856,1.931494,48.755815
3,8.541316,4.545940,linear,450,150,rosenbrock,6,0.311000,3.800997,5.332655,544.463379,47.055820
3,10.000000,2.066557,linear,450,150,rosenbrock,6,0.066698,3.577617,5.419437,749.459106,45.085755
3,0.500000,3.882831,quadratic,450,150,rosenbrock,6,0.175974,2.586764,2.849502,1.641693,44.109125
3,6.231237,1.287720,linear,450,150,rosenbrock,6,0.011028,0.645605,0.812508,1.287590,49.924800
3,0.500000,0.939444,quadratic,450,150,rosenbrock,6,15.121922,138.006821,140.884781,384.222565,48.363990
3,6.231237,5.322296,linear,450,150,rosenbrock,6,0.174547,3.634153,5.419439,574.999634,49.848625
3,0.939444,1.765111,quadratic,450,150,rosenbrock,6,0.101987,3.206023,3.626759,53.540798,15.208555
3,0.500000,2.419483,quadratic,450,150,rosenbrock,6,0.039061,3.576455,4.573298,6.092572,48.295690
3,7.295407,0.939444,linear,450,150,rosenbrock,6,0.248964,1.088696,0.979717,1.691784,50.140000
3,1.507637,6.231237,quadratic,450,150,rosenbrock,6,0.030455,1.155804,1.513205,1.566074,18.427395
3,10.000000,3.316448,linear,450,150,rosenbrock,6,0.603973,3.351269,3.923835,34.570404,48.693715
3,10.000000,0.802409,linear,450,150,rosenbrock,6,0.145065,1.482027,1.124279,1.605695,48.811625
3,8.541316,7.295407,linear,450,150,rosenbrock,6,0.509021,3.649660,3.987340,3.140787,50.642350
3,1.765111,4.545940,quadratic,450,150,rosenbrock,6,0.088565,1.229958,1.329576,1.503965,15.280315
3,7.295407,1.507637,linear,450,150,rosenbrock,6,0.026809,0.968067,1.219946,1.662169,50.767140
3,0.500000,0.585390,quadratic,450,150,rosenbrock,6,68.528885,256.881409,278.454712,369.929199,49.882110
3,6.231237,8.541316,linear,450,150,rosenbrock,6,0.000269,165.448547,4.006943,1079.827881,51.418755
3,10.000000,5.322296,linear,450,150,rosenbrock,6,0.085935,3.811968,4.122133,574.911316,48.021240
3,0.500000,1.507637,quadratic,450,150,rosenbrock,6,0.481643,17.062269,11.617896,109.008156,49.827125
3,10.000000,1.287720,linear,450,150,rosenbrock,6,0.000222,2.033634,1.779558,2.198653,49.874285
3,10.000000,8.541316,linear,450,150,rosenbrock,6,2.192946,13.312017,6.509367,349.728149,48.850970
3,8.541316,2.832683,linear,450,150,rosenbrock,6,0.190649,4.499939,5.419438,508.872528,50.479230
3,0.500000,10.000000,quadratic,450,150,rosenbrock,6,0.311925,0.478743,0.521834,0.566392,44.199865
3,1.765111,1.765111,quadratic,450,150,rosenbrock,6,0.005006,0.461625,0.680701,1.138207,15.245620
3,8.541316,1.765111,linear,450,150,rosenbrock,6,0.100613,2.556500,2.152940,2.111858,47.688385
3,0.585390,0.685363,quadratic,450,150,rosenbrock,6,1.488845,194.452789,214.132111,322.804138,39.793155
3,0.500000,6.231237,quadratic,450,150,rosenbrock,6,0.002729,0.663722,0.821551,1.503025,45.232465
3,0.939444,4.545940,quadratic,450,150,rosenbrock,6,0.123890,0.426037,0.472845,0.850461,15.104615
3,2.066557,0.802409,quadratic,450,150,rosenbrock,6,0.202609,3.336080,3.537888,22.388651,18.881275
3,0.585390,2.832683,quadratic,450,150,rosenbrock,6,0.085446,3.587740,4.468998,32.376427,33.525540
3,0.585390,1.765111,quadratic,450,150,rosenbrock,6,0.585859,4.714013,5.275335,135.790909,29.261525
3,0.939444,2.832683,quadratic,450,150,rosenbrock,6,0.034067,1.223690,1.309395,59.729149,15.893890
3,0.939444,7.295407,quadratic,450,150,rosenbrock,6,0.003314,0.632939,0.780348,1.199503,15.281945
3,0.585390,1.099883,quadratic,450,150,rosenbrock,6,0.826108,65.732445,68.997864,143.992340,29.599965
3,0.585390,4.545940,quadratic,450,150,rosenbrock,6,0.056431,1.045613,1.232937,1.801253,25.836750
3,0.685363,1.287720,quadratic,450,150,rosenbrock,6,1.200142,43.029430,55.566521,69.621872,20.963750
3,0.685363,0.500000,quadratic,450,150,rosenbrock,6,1.198418,245.801590,291.660736,369.755798,14.627915
3,1.099883,1.287720,quadratic,450,150,rosenbrock,6,0.007930,3.089706,3.903809,65.602570,14.482725
3,0.585390,7.295407,quadratic,450,150,rosenbrock,6,0.009017,0.305222,0.423736,0.439202,16.254290
3,0.685363,0.802409,quadratic,450,150,rosenbrock,6,1.603161,129.631287,138.139648,180.876251,13.316625
3,1.099883,0.500000,quadratic,450,150,rosenbrock,6,4.692951,75.560509,49.665466,223.322495,18.135095
3,0.685363,2.066557,quadratic,450,150,rosenbrock,6,0.247035,2.348243,3.439493,25.216339,13.577850
3,1.099883,3.316448,quadratic,450,150,rosenbrock,6,0.003721,0.565473,0.572355,1.412667,15.400105
3,1.099883,0.802409,quadratic,450,150,rosenbrock,6,0.088619,20.024193,8.199586,94.097343,16.529605
3,2.066557,0.500000,quadratic,450,150,rosenbrock,6,1.689353,8.197508,4.544465,150.855896,16.041935
3,1.287720,0.585390,quadratic,450,150,rosenbrock,6,3.686482,27.291538,22.254025,228.910400,17.423630
3,1.099883,5.322296,quadratic,450,150,rosenbrock,6,0.045271,0.427949,0.554966,0.668433,16.112415
3,1.099883,2.066557,quadratic,450,150,rosenbrock,6,0.072026,1.730202,1.935024,1.614239,18.531295
3,1.287720,2.419483,quadratic,450,150,rosenbrock,6,0.263045,0.908910,0.968508,1.731132,15.358425
3,0.802409,0.939444,quadratic,450,150,rosenbrock,6,1.059992,32.657444,33.459480,135.836746,16.889020
3,1.507637,0.685363,quadratic,450,150,rosenbrock,6,1.347215,5.962273,5.517180,62.991219,10.890435
3,1.099883,8.541316,quadratic,450,150,rosenbrock,6,0.325327,1.469983,1.651120,1.812140,21.138650
3,1.765111,7.295407,quadratic,450,150,rosenbrock,6,0.006092,2.532680,2.350259,2.404057,12.263325
3,1.287720,0.939444,quadratic,450,150,rosenbrock,6,0.042536,3.815418,4.703644,30.785391,20.508470
3,1.507637,2.832683,quadratic,450,150,rosenbrock,6,0.280030,0.620267,0.526314,1.372155,12.034540
3,1.765111,0.802409,quadratic,450,150,rosenbrock,6,0.263675,3.239920,3.686757,29.246370,12.664965
3,1.765111,0.500000,quadratic,450,150,rosenbrock,6,2.553517,6.105632,5.669203,151.205688,10.988610
3,1.507637,4.545940,quadratic,450,150,rosenbrock,6,0.000413,0.692512,0.937841,1.561302,11.972460
3,1.287720,10.000000,quadratic,450,150,rosenbrock,6,0.007141,2.399137,2.200274,749.888062,23.820005
3,1.765111,3.316448,quadratic,450,150,rosenbrock,6,0.000959,0.585679,0.754713,0.804294,12.605530
3,1.287720,6.231237,quadratic,450,150,rosenbrock,6,0.026785,1.183087,1.311784,1.776681,25.320330
3,1.765111,1.287720,quadratic,450,150,rosenbrock,6,0.000953,1.758557,1.935550,1.482421,14.039730
3,1.287720,1.507637,quadratic,450,150,rosenbrock,6,0.145740,1.848217,2.307680,5.900967,29.499925
3,2.419483,5.322296,quadratic,450,150,rosenbrock,6,0.041073,2.812787,2.550318,1.991076,13.607750
3,1.287720,3.882831,quadratic,450,150,rosenbrock,6,0.009284,0.446679,0.608713,0.990486,32.956760
3,1.507637,7.295407,quadratic,450,150,rosenbrock,6,0.000159,2.041970,1.954111,1.912698,14.239170
3,3.882831,2.066557,quadratic,450,150,rosenbrock,6,0.005266,1.867228,1.414306,1.989921,12.316355
3,1.765111,5.322296,quadratic,450,150,rosenbrock,6,0.574054,2.183709,1.776568,1.993505,13.861360
3,2.066557,0.939444,quadratic,450,150,rosenbrock,6,0.720255,2.592946,2.687359,1.207776,14.801135
3,1.765111,2.066557,quadratic,450,150,rosenbrock,6,0.083272,0.451832,0.501495,0.954157,15.988460
3,3.882831,8.541316,quadratic,450,150,rosenbrock,6,0.130433,4.439143,5.378784,891.979126,13.616445
3,1.507637,1.099883,quadratic,450,150,rosenbrock,6,0.775527,3.113261,3.144055,39.717632,33.814945
3,4.545940,0.585390,quadratic,450,150,rosenbrock,6,0.017146,0.862245,1.188002,1.289604,14.608350
3,0.802409,3.882831,quadratic,450,150,rosenbrock,6,0.031158,0.673556,0.755594,1.392128,39.403040
3,1.507637,1.765111,quadratic,450,150,rosenbrock,6,0.003814,0.894361,1.189750,1.476225,36.783715
3,4.545940,6.231237,quadratic,450,150,rosenbrock,6,0.046487,4.261817,5.420361,749.601013,15.659560
3,5.322296,1.099883,quadratic,450,150,rosenbrock,6,0.069141,0.627641,0.715897,0.827467,17.248580
3,5.322296,4.545940,quadratic,450,150,rosenbrock,6,0.042373,2.108619,2.697613,750.021301,17.930005
3,5.322296,2.832683,quadratic,450,150,rosenbrock,6,0.000005,4.119991,5.419438,749.473022,19.234520
3,2.066557,0.585390,quadratic,450,150,rosenbrock,6,0.010304,3.616634,4.302545,28.671608,20.216550
3,6.231237,1.287720,quadratic,450,150,rosenbrock,6,0.033730,1.753817,1.525186,2.032399,18.715835
3,5.322296,7.295407,quadratic,450,150,rosenbrock,6,0.905096,7.522262,5.650384,744.572510,20.927970
3,6.231237,0.500000,quadratic,450,150,rosenbrock,6,0.006517,0.652541,0.870397,1.153619,20.087060
3,6.231237,0.802409,quadratic,450,150,rosenbrock,6,0.005296,0.536513,0.626872,0.899463,19.268095
3,0.802409,1.507637,quadratic,450,150,rosenbrock,6,0.003113,5.226487,5.362525,42.382183,48.077690
3,0.685363,3.316448,quadratic,450,150,rosenbrock,6,0.012772,1.513639,1.846962,2.317090,46.186485
3,0.802409,0.585390,quadratic,450,150,rosenbrock,6,2.878505,88.763374,117.333298,389.966736,47.251350
3,0.802409,6.231237,quadratic,450,150,rosenbrock,6,0.000002,0.425219,0.532618,0.436635,48.377920
3,0.685363,8.541316,quadratic,450,150,rosenbrock,6,0.182454,0.703283,0.699734,1.556490,50.666765
3,0.939444,0.685363,quadratic,450,150,rosenbrock,6,3.174687,57.850929,54.653061,175.578918,49.835620
3,1.765111,8.541316,quadratic,450,150,rosenbrock,6,0.022426,2.791878,2.880875,2.339226,19.081950
3,0.802409,2.419483,quadratic,450,150,rosenbrock,6,0.040058,2.303537,2.870980,15.507832,50.738015
3,2.066557,1.765111,quadratic,450,150,rosenbrock,6,0.017083,0.336487,0.452895,0.258880,49.766405
3,0.939444,1.099883,quadratic,450,150,rosenbrock,6,3.028301,7.917658,5.205633,44.451672,50.624450
3,0.802409,10.000000,quadratic,450,150,rosenbrock,6,0.000948,1.430812,1.430300,2.035912,50.865130
3,6.231237,3.316448,quadratic,450,150,rosenbrock,6,0.112466,4.743807,5.419445,999.318481,22.166120
3,6.231237,5.322296,quadratic,450,150,rosenbrock,6,0.125092,4.718093,5.424799,744.814392,22.493470
3,6.231237,8.541316,quadratic,450,150,rosenbrock,6,0.920759,12.289978,7.553741,571.205994,20.683070
3,2.419483,0.500000,quadratic,450,150,rosenbrock,6,0.001456,3.542809,4.786552,43.481480,48.737065
3,0.685363,5.322296,quadratic,450,150,rosenbrock,6,0.000597,0.442203,0.514213,0.333596,53.520705
3,2.066557,2.832683,quadratic,450,150,rosenbrock,6,0.008891,0.564896,0.716933,1.084768,51.955020
3,2.066557,1.099883,quadratic,450,150,rosenbrock,6,0.006030,1.504814,1.924762,2.225643,53.843385
3,7.295407,0.585390,quadratic,450,150,rosenbrock,6,0.002466,0.336850,0.451481,0.702900,22.510255
3,2.066557,7.295407,quadratic,450,150,rosenbrock,6,0.047146,3.096358,2.744365,544.614929,51.231390
3,2.066557,4.545940,quadratic,450,150,rosenbrock,6,0.071383,2.172791,1.957849,1.888411,51.941500
3,7.295407,0.939444,quadratic,450,150,rosenbrock,6,0.085784,0.675793,0.801942,1.470118,20.673075
3,2.419483,3.316448,quadratic,450,150,rosenbrock,6,0.003087,0.812659,1.137886,1.409785,51.101440
3,2.419483,1.287720,quadratic,450,150,rosenbrock,6,0.056597,0.730002,0.737624,1.903045,51.624655
3,2.832683,2.419483,quadratic,450,150,rosenbrock,6,0.008526,0.666545,0.830813,1.296803,49.438425
3,7.295407,1.507637,quadratic,450,150,rosenbrock,6,0.000654,1.863188,1.867511,2.201494,20.314125
3,3.316448,1.765111,quadratic,450,150,rosenbrock,6,0.086307,0.560004,0.703472,0.860560,49.606480
3,2.419483,0.802409,quadratic,450,150,rosenbrock,6,0.695991,2.629555,2.750656,1.876218,53.388470
3,2.832683,6.231237,quadratic,450,150,rosenbrock,6,0.046729,2.988695,3.831528,749.765137,49.834515
3,2.419483,2.066557,quadratic,450,150,rosenbrock,6,0.001734,0.483940,0.536876,1.695649,52.712675
3,2.419483,8.541316,quadratic,450,150,rosenbrock,6,0.034764,3.374958,5.419403,749.695251,52.236040
3,2.832683,0.585390,quadratic,450,150,rosenbrock,6,0.002859,2.474677,3.075222,2.194514,51.675975
3,3.316448,1.099883,quadratic,450,150,rosenbrock,6,0.032964,0.378028,0.481346,0.974133,50.382760
3,2.832683,3.882831,quadratic,450,150,rosenbrock,6,0.223025,2.258375,1.989113,1.805357,50.446845
3,2.832683,0.939444,quadratic,450,150,rosenbrock,6,0.000039,1.209770,1.338209,1.271037,50.963470
3,3.316448,7.295407,quadratic,450,150,rosenbrock,6,0.397217,2.923675,3.217883,65.549103,50.294935
3,2.832683,1.507637,quadratic,450,150,rosenbrock,6,0.123600,0.397384,0.482628,0.628512,51.464750
3,2.832683,10.000000,quadratic,450,150,rosenbrock,6,0.062365,4.241933,5.419920,574.982239,51.365775
3,3.316448,4.545940,quadratic,450,150,rosenbrock,6,0.003096,4.127075,5.419440,544.449219,51.360815
3,3.882831,3.316448,quadratic,450,150,rosenbrock,6,0.001795,1.759766,2.254201,1.846388,48.880345
3,4.545940,1.507637,quadratic,450,150,rosenbrock,6,0.000504,0.679962,0.844486,1.348990,45.687755
3,3.882831,1.287720,quadratic,450,150,rosenbrock,6,0.059343,0.458374,0.575742,0.653932,51.167760
3,3.882831,0.802409,quadratic,450,150,rosenbrock,6,0.083593,0.835261,0.795742,2.103204,51.287770
3,3.316448,2.832683,quadratic,450,150,rosenbrock,6,0.085862,1.774924,1.560819,2.103861,52.737665
3,7.295407,2.419483,quadratic,450,150,rosenbrock,6,0.072946,2.510645,2.732576,575.272095,22.868140
3,3.882831,0.500000,quadratic,450,150,rosenbrock,6,0.668047,2.633725,2.750618,42.491478,52.057550
3,5.322296,1.765111,quadratic,450,150,rosenbrock,6,0.119451,1.891883,1.776967,1.809940,41.427170
3,5.322296,0.685363,quadratic,450,150,rosenbrock,6,0.001161,0.570867,0.649728,1.479793,43.261565
3,3.882831,5.322296,quadratic,450,150,rosenbrock,6,0.007509,3.182084,4.379667,749.669739,49.897520
3,7.295407,3.882831,quadratic,450,150,rosenbrock,6,0.003611,3.165475,4.034230,544.629150,23.720795
3,3.316448,0.685363,quadratic,450,150,rosenbrock,6,0.110353,1.631369,2.044528,2.005190,53.861015
3,4.545940,2.419483,quadratic,450,150,rosenbrock,6,0.078489,2.499799,2.119782,544.702942,47.149970
3,4.545940,3.882831,quadratic,450,150,rosenbrock,6,0.004038,3.478493,5.419408,544.616150,46.470775
3,4.545940,0.939444,quadratic,450,150,rosenbrock,6,0.042407,0.436670,0.453265,0.350904,49.388785
3,4.545940,10.000000,quadratic,450,150,rosenbrock,6,0.391660,42.984619,9.767769,887.629944,46.760365
3,7.295407,6.231237,quadratic,450,150,rosenbrock,6,1.227749,3.903569,4.284676,216.580704,19.825385
3,6.231237,2.066557,quadratic,450,150,rosenbrock,6,0.055955,2.340049,2.357297,749.794678,38.582160
3,7.295407,10.000000,quadratic,450,150,rosenbrock,6,1.973649,8.385603,9.834621,48.047413,21.175045
3,8.541316,0.685363,quadratic,450,150,rosenbrock,6,0.000171,0.593265,0.686920,1.106059,19.710090
3,8.541316,1.099883,quadratic,450,150,rosenbrock,6,0.072454,2.400470,1.894333,1.803136,19.629775
3,2.419483,6.231237,quadratic,450,150,rosenbrock,6,0.007185,3.187588,5.392255,544.578918,19.916330
3,8.541316,4.545940,quadratic,450,150,rosenbrock,6,0.213605,8.824593,5.438014,895.858826,17.542395
3,10.000000,0.500000,quadratic,450,150,rosenbrock,6,0.076260,0.444587,0.539697,0.789141,16.821090
3,3.882831,2.419483,quadratic,450,150,rosenbrock,6,0.010171,1.077248,1.451897,1.399548,18.667110
3,8.541316,2.832683,quadratic,450,150,rosenbrock,6,0.249647,4.072288,5.419473,749.640015,18.839865
3,8.541316,1.765111,quadratic,450,150,rosenbrock,6,0.007086,1.854261,2.469319,544.821655,18.975555
3,8.541316,7.295407,quadratic,450,150,rosenbrock,6,1.960074,10.473698,8.450642,46.863449,19.293340
3,5.322296,1.287720,quadratic,450,150,rosenbrock,6,0.007464,0.701680,0.884528,1.400659,16.888400
3,10.000000,3.316448,quadratic,450,150,rosenbrock,6,0.007605,3.660308,5.424365,215.612503,15.078660
3,3.882831,10.000000,quadratic,450,150,rosenbrock,6,0.758847,4.572754,5.477497,543.627014,20.239580
3,6.231237,1.507637,quadratic,450,150,rosenbrock,6,0.121857,1.672394,1.619583,2.010230,15.863020
3,6.231237,0.585390,quadratic,450,150,rosenbrock,6,0.030914,0.418025,0.521306,0.792799,14.951520
3,5.322296,8.541316,quadratic,450,150,rosenbrock,6,1.774076,5.864604,5.763589,573.433899,16.081670
3,6.231237,0.939444,quadratic,450,150,rosenbrock,6,0.000893,0.749389,0.806558,1.401884,15.003260
3,6.231237,3.882831,quadratic,450,150,rosenbrock,6,0.004766,3.528388,5.407065,542.585754,13.191380
3,0.500000,3.882831,exponential_3,450,150,rosenbrock,6,0.087739,2.962376,3.511144,1.452191,14.453165
3,6.231237,10.000000,quadratic,450,150,rosenbrock,6,2.036710,8.513055,8.355608,542.760437,13.150380
3,6.231237,6.231237,quadratic,450,150,rosenbrock,6,0.073562,3.827711,4.429454,70.092308,14.547460
3,4.545940,0.685363,quadratic,450,150,rosenbrock,6,0.013991,0.586992,0.717168,1.633874,23.938270
3,4.545940,7.295407,quadratic,450,150,rosenbrock,6,0.009229,22.681940,5.425815,994.294373,23.713660
3,10.000000,1.287720,quadratic,450,150,rosenbrock,6,0.065974,2.449338,2.536200,544.746277,23.888075
3,10.000000,0.802409,quadratic,450,150,rosenbrock,6,0.171141,1.928327,1.628671,1.828488,25.686700
3,10.000000,2.066557,quadratic,450,150,rosenbrock,6,0.000001,3.006000,3.163816,544.607361,27.234570
3,5.322296,5.322296,quadratic,450,150,rosenbrock,6,0.022011,3.941483,5.184875,544.440796,31.307095
3,7.295407,0.685363,quadratic,450,150,rosenbrock,6,0.009457,0.670931,0.605190,0.923025,18.078475
3,5.322296,3.316448,quadratic,450,150,rosenbrock,6,0.163485,3.921039,5.419439,892.128296,36.986175
3,7.295407,1.099883,quadratic,450,150,rosenbrock,6,0.081600,1.203608,1.321625,1.508242,20.859450
3,0.500000,4.545940,exponential_3,450,150,rosenbrock,6,0.061282,1.794549,2.341426,11.934242,19.699565
3,6.231237,4.545940,quadratic,450,150,rosenbrock,6,0.220054,4.979373,5.421879,999.174805,22.588210
3,7.295407,1.765111,quadratic,450,150,rosenbrock,6,0.125895,2.883365,2.898252,2.352370,24.052520
3,7.295407,2.832683,quadratic,450,150,rosenbrock,6,0.172108,4.739314,5.419449,891.799377,23.236005
3,7.295407,7.295407,quadratic,450,150,rosenbrock,6,1.767442,7.353715,9.484608,543.172791,22.681535
3,0.500000,0.585390,exponential_3,450,150,rosenbrock,6,7.775689,288.304535,443.781006,365.908081,38.801245
3,0.500000,1.507637,exponential_3,450,150,rosenbrock,6,2.348624,35.814091,35.042049,58.469490,39.368725
3,0.500000,6.231237,exponential_3,450,150,rosenbrock,6,0.009176,1.565484,2.175772,34.948650,39.725180
3,8.541316,0.500000,quadratic,450,150,rosenbrock,6,0.083091,0.388019,0.465362,0.512251,22.836725
3,7.295407,4.545940,quadratic,450,150,rosenbrock,6,0.043226,2.998709,4.084647,544.792236,25.402280
3,8.541316,0.802409,quadratic,450,150,rosenbrock,6,0.067815,0.755473,0.964031,1.403580,22.949020
3,8.541316,1.287720,quadratic,450,150,rosenbrock,6,0.001946,2.043563,1.999094,1.838674,22.880190
3,2.419483,7.295407,quadratic,450,150,rosenbrock,6,0.249441,3.443044,5.398852,2.234105,22.516885
3,0.500000,2.419483,exponential_3,450,150,rosenbrock,6,0.692967,4.921951,5.861012,42.321598,40.842030
3,0.585390,0.685363,exponential_3,450,150,rosenbrock,6,9.075109,135.995728,132.612091,249.060974,40.355295
3,0.500000,10.000000,exponential_3,450,150,rosenbrock,6,0.010074,1.254074,1.806983,1.530870,41.163000
3,8.541316,5.322296,quadratic,450,150,rosenbrock,6,1.143742,10.006054,6.584680,997.703857,20.998620
3,10.000000,8.541316,quadratic,450,150,rosenbrock,6,5.548866,33.177719,28.137733,217.130203,44.188720
3,10.000000,5.322296,quadratic,450,150,rosenbrock,6,0.055159,5.000796,5.812819,544.594788,45.629650
3,0.500000,0.939444,exponential_3,450,150,rosenbrock,6,8.188564,152.546814,195.484421,341.435516,45.206940
3,2.066557,2.066557,quadratic,450,150,rosenbrock,6,0.117033,0.429378,0.462626,0.696997,46.765705
3,3.882831,2.832683,quadratic,450,150,rosenbrock,6,0.115498,2.826805,2.282029,544.642151,19.487575
3,10.000000,0.585390,quadratic,450,150,rosenbrock,6,0.092393,0.650213,0.736050,1.175492,20.998375
3,8.541316,3.316448,quadratic,450,150,rosenbrock,6,0.020210,3.262508,3.981967,544.703552,21.158070
3,2.419483,0.585390,quadratic,450,150,rosenbrock,6,0.111197,2.713361,3.694359,41.409599,46.598185
3,8.541316,2.066557,quadratic,450,150,rosenbrock,6,0.227666,2.348821,2.796753,544.771423,17.903630
3,8.541316,8.541316,quadratic,450,150,rosenbrock,6,1.846490,14.580268,13.148369,542.937439,18.464455
3,0.585390,1.099883,exponential_3,450,150,rosenbrock,6,0.640406,22.319122,14.180481,66.925896,46.786220
3,5.322296,1.507637,quadratic,450,150,rosenbrock,6,0.041854,1.433601,1.432415,1.703818,18.146405
3,2.066557,3.316448,quadratic,450,150,rosenbrock,6,0.077982,1.268021,1.034700,1.554975,48.190660
3,10.000000,3.882831,quadratic,450,150,rosenbrock,6,0.099205,4.377990,4.655292,748.277161,17.214000
3,4.545940,0.500000,quadratic,450,150,rosenbrock,6,0.095491,2.046959,2.139523,1.610531,17.422165
3,5.322296,10.000000,quadratic,450,150,rosenbrock,6,0.731521,6.799364,8.307118,746.947144,16.008735
3,6.231237,1.765111,quadratic,450,150,rosenbrock,6,0.363722,3.380244,5.110108,1.933059,17.508150
3,6.231237,0.685363,quadratic,450,150,rosenbrock,6,0.004034,0.481583,0.521566,1.258291,16.703010
3,2.419483,3.882831,quadratic,450,150,rosenbrock,6,0.003450,1.529386,1.634730,1.960446,48.375745
3,2.832683,0.685363,quadratic,450,150,rosenbrock,6,0.000200,1.982827,2.269745,2.319918,47.504290
3,2.832683,7.295407,quadratic,450,150,rosenbrock,6,0.600972,3.335288,4.054252,544.478210,48.267430
3,3.316448,1.287720,quadratic,450,150,rosenbrock,6,0.008593,0.236539,0.293409,0.919104,47.652210
3,3.316448,0.500000,quadratic,450,150,rosenbrock,6,0.834343,2.622687,3.050970,28.101906,47.678205
3,2.066557,1.287720,quadratic,450,150,rosenbrock,6,0.019947,1.085835,1.313839,1.775577,52.036980
3,2.066557,5.322296,quadratic,450,150,rosenbrock,6,0.025092,2.322889,2.199850,1.914487,49.473695
3,3.882831,3.882831,quadratic,450,150,rosenbrock,6,0.000007,3.444901,5.419276,544.546875,47.831400
3,2.419483,2.419483,quadratic,450,150,rosenbrock,6,0.000465,0.621666,0.774340,1.166716,48.994840
3,6.231237,1.099883,quadratic,450,150,rosenbrock,6,0.021052,0.608833,0.874695,1.042527,17.401010
3,3.316448,2.066557,quadratic,450,150,rosenbrock,6,0.039213,0.746282,0.911572,1.234271,49.284040
3,2.832683,4.545940,quadratic,450,150,rosenbrock,6,0.697511,2.619663,2.462275,544.681091,48.361105
3,5.322296,0.802409,quadratic,450,150,rosenbrock,6,0.001309,0.290655,0.440152,0.941939,47.593575
3,2.419483,10.000000,quadratic,450,150,rosenbrock,6,2.712095,4.434625,5.419447,999.322937,49.259705
3,2.832683,2.832683,quadratic,450,150,rosenbrock,6,0.061140,1.586686,1.227400,1.923427,50.094700
3,4.545940,1.765111,quadratic,450,150,rosenbrock,6,0.030554,0.902926,1.253186,1.602039,48.268480
3,3.316448,8.541316,quadratic,450,150,rosenbrock,6,0.050818,4.005962,5.419921,747.764465,49.304135
3,3.316448,3.316448,quadratic,450,150,rosenbrock,6,0.003100,1.583903,1.711421,2.079293,50.383470
3,3.316448,0.802409,quadratic,450,150,rosenbrock,6,0.018481,1.028643,1.273115,1.105854,49.659455
3,2.419483,0.939444,quadratic,450,150,rosenbrock,6,0.043813,1.695403,2.073865,1.534277,52.976160
3,2.832683,1.765111,quadratic,450,150,rosenbrock,6,0.003077,0.340972,0.411096,1.044312,52.189895
3,6.231237,2.419483,quadratic,450,150,rosenbrock,6,0.061877,3.469834,5.387820,544.546631,49.627845
3,3.316448,5.322296,quadratic,450,150,rosenbrock,6,0.000275,2.597200,3.050233,749.827759,52.254095
3,5.322296,0.500000,quadratic,450,150,rosenbrock,6,0.195439,1.208927,1.334596,35.012829,50.630610
3,3.882831,0.939444,quadratic,450,150,rosenbrock,6,0.049363,0.617929,0.667996,0.991827,52.350610
3,4.545940,4.545940,quadratic,450,150,rosenbrock,6,0.026057,2.985696,3.649553,749.613037,50.768905
3,3.882831,1.507637,quadratic,450,150,rosenbrock,6,0.012910,0.770911,0.745575,1.242865,52.528315
3,3.882831,6.231237,quadratic,450,150,rosenbrock,6,0.042946,22.489246,5.324232,994.354980,51.825880
3,2.419483,1.507637,quadratic,450,150,rosenbrock,6,0.051110,0.472882,0.563402,0.940088,53.916210
3,2.066557,8.541316,quadratic,450,150,rosenbrock,6,0.159374,3.209299,3.164927,24.144932,54.960780
3,4.545940,2.832683,quadratic,450,150,rosenbrock,6,0.244566,2.992585,5.269964,2.524587,51.316975
3,2.832683,1.099883,quadratic,450,150,rosenbrock,6,0.015849,0.596726,0.789817,1.302221,53.092485
3,4.545940,1.099883,quadratic,450,150,rosenbrock,6,0.096614,0.705528,0.558018,1.331304,51.443585
3,7.295407,0.500000,quadratic,450,150,rosenbrock,6,0.000035,0.459368,0.580357,0.933304,17.766605
3,6.231237,7.295407,quadratic,450,150,rosenbrock,6,1.857389,4.508002,5.029619,749.256287,16.719555
3,4.545940,0.802409,quadratic,450,150,rosenbrock,6,0.007137,0.473096,0.595481,2.164020,17.513520
3,4.545940,8.541316,quadratic,450,150,rosenbrock,6,0.028577,5.157121,5.615298,888.207092,16.604935
3,10.000000,0.939444,quadratic,450,150,rosenbrock,6,0.247201,2.664486,2.943849,1.929436,15.121155
3,10.000000,2.419483,quadratic,450,150,rosenbrock,6,0.054764,37.501530,4.210186,892.411316,16.302665
3,5.322296,2.066557,quadratic,450,150,rosenbrock,6,0.004397,2.489387,2.511165,544.705261,26.151620
3,7.295407,0.802409,quadratic,450,150,rosenbrock,6,0.112358,0.800541,0.747254,1.254339,15.898835
3,3.882831,0.585390,quadratic,450,150,rosenbrock,6,0.291444,2.313439,2.337880,16.683275,24.842050
3,10.000000,1.507637,quadratic,450,150,rosenbrock,6,0.235804,2.883632,2.905732,544.575562,21.259200
3,0.500000,5.322296,exponential_3,450,150,rosenbrock,6,0.000492,1.565111,2.377019,2.083493,16.690160
3,7.295407,3.316448,quadratic,450,150,rosenbrock,6,0.200787,4.394324,5.419470,891.929443,15.904640
3,7.295407,2.066557,quadratic,450,150,rosenbrock,6,0.141104,3.153749,3.072898,749.529907,16.073000
3,0.585390,1.765111,exponential_3,450,150,rosenbrock,6,0.199495,27.685181,7.467001,70.005043,16.327070
3,5.322296,6.231237,quadratic,450,150,rosenbrock,6,0.963086,4.186185,4.926465,573.586548,18.997775
3,5.322296,3.882831,quadratic,450,150,rosenbrock,6,0.264327,3.909636,5.419444,994.851074,18.274555
3,7.295407,1.287720,quadratic,450,150,rosenbrock,6,0.023763,2.026285,1.802697,544.790222,17.836500
3,7.295407,8.541316,quadratic,450,150,rosenbrock,6,3.076851,12.891498,8.853479,743.868591,17.633165
3,0.500000,0.685363,exponential_3,450,150,rosenbrock,6,3.420353,185.378235,237.926392,235.596909,16.104800
3,7.295407,5.322296,quadratic,450,150,rosenbrock,6,0.434633,4.064445,4.158643,748.311096,12.943395
3,8.541316,0.939444,quadratic,450,150,rosenbrock,6,0.011030,1.361802,1.419152,1.839527,13.069980
3,0.500000,1.765111,exponential_3,450,150,rosenbrock,6,0.464082,28.272764,19.172079,54.008175,17.231680
3,0.500000,7.295407,exponential_3,450,150,rosenbrock,6,0.119177,1.225360,1.366282,1.716023,16.710895
3,0.585390,2.832683,exponential_3,450,150,rosenbrock,6,1.185146,3.863498,4.945847,27.191374,12.870030
3,8.541316,0.585390,quadratic,450,150,rosenbrock,6,0.034082,0.408121,0.507777,1.016981,17.849425
3,8.541316,1.507637,quadratic,450,150,rosenbrock,6,0.036832,2.569593,2.237315,543.955505,16.373470
3,0.500000,2.832683,exponential_3,450,150,rosenbrock,6,1.199682,4.519291,4.936653,47.560341,15.680220
3,0.585390,4.545940,exponential_3,450,150,rosenbrock,6,0.067222,2.213764,2.646926,18.137024,12.861980
3,8.541316,6.231237,quadratic,450,150,rosenbrock,6,0.415724,5.733948,5.792512,748.826721,13.954765
3,0.585390,0.802409,exponential_3,450,150,rosenbrock,6,2.335554,76.404976,88.801956,180.564117,17.329940
3,10.000000,0.685363,quadratic,450,150,rosenbrock,6,0.000465,0.803789,1.116011,1.456782,14.197700
3,2.419483,0.685363,quadratic,450,150,rosenbrock,6,0.006351,2.894194,3.380216,35.313377,14.556010
3,0.585390,0.500000,exponential_3,450,150,rosenbrock,6,51.291874,325.431152,397.447571,304.817078,17.150645
3,8.541316,2.419483,quadratic,450,150,rosenbrock,6,0.184980,3.539128,3.765785,892.188721,15.040080
3,8.541316,3.882831,quadratic,450,150,rosenbrock,6,1.015489,4.879566,5.433519,748.098206,15.465810
3,2.066557,2.419483,quadratic,450,150,rosenbrock,6,0.080241,0.479211,0.584786,0.670850,15.842300
3,8.541316,10.000000,quadratic,450,150,rosenbrock,6,2.454155,28.932512,30.036598,53.640442,15.932400
3,0.585390,7.295407,exponential_3,450,150,rosenbrock,6,0.117599,1.404509,1.775694,1.323463,14.757185
3,0.500000,1.099883,exponential_3,450,150,rosenbrock,6,2.809652,49.599327,44.817818,130.309341,18.807715
3,10.000000,4.545940,quadratic,450,150,rosenbrock,6,0.191630,5.316610,5.459811,543.293701,15.553900
3,10.000000,6.231237,quadratic,450,150,rosenbrock,6,0.593158,32.632969,21.066586,754.613464,20.872345
3,0.685363,1.287720,exponential_3,450,150,rosenbrock,6,2.385506,34.199245,17.809084,191.200714,13.613845
3,0.685363,2.066557,exponential_3,450,150,rosenbrock,6,0.392940,3.446112,4.088245,66.390533,12.103760
3,10.000000,10.000000,quadratic,450,150,rosenbrock,6,9.841812,52.682724,75.665611,257.256836,23.709160
3,0.585390,1.287720,exponential_3,450,150,rosenbrock,6,0.648859,24.882797,8.040244,84.078339,22.122975
3,0.685363,0.500000,exponential_3,450,150,rosenbrock,6,56.494484,237.604095,231.551086,382.534271,19.598780
3,2.066557,3.882831,quadratic,450,150,rosenbrock,6,0.044361,1.815392,1.434204,2.102250,21.551970
3,0.685363,3.316448,exponential_3,450,150,rosenbrock,6,0.000196,2.259351,2.728784,1.665624,14.607335
3,0.685363,0.802409,exponential_3,450,150,rosenbrock,6,3.833443,54.956375,40.631706,139.513885,23.513795
3,2.832683,0.802409,quadratic,450,150,rosenbrock,6,0.724557,2.497705,2.514103,1.760227,17.501665
3,3.882831,4.545940,quadratic,450,150,rosenbrock,6,0.156085,3.203085,3.900424,544.510498,16.543355
3,2.832683,3.316448,quadratic,450,150,rosenbrock,6,0.081405,1.735857,1.807872,1.830548,17.431640
3,3.316448,1.507637,quadratic,450,150,rosenbrock,6,0.038091,0.417056,0.484557,1.567986,18.737375
3,0.685363,5.322296,exponential_3,450,150,rosenbrock,6,0.042805,1.645690,2.042060,65.866219,19.541930
3,0.802409,0.939444,exponential_3,450,150,rosenbrock,6,1.929131,28.573517,18.177879,129.258118,19.694135
3,10.000000,2.832683,quadratic,450,150,rosenbrock,6,0.612718,5.256927,5.425208,747.034363,21.208490
3,10.000000,1.099883,quadratic,450,150,rosenbrock,6,0.000099,2.166764,1.887100,544.764648,22.186265
3,0.685363,8.541316,exponential_3,450,150,rosenbrock,6,0.005459,1.387943,1.593594,1.870362,22.428315
3,0.802409,0.585390,exponential_3,450,150,rosenbrock,6,5.236581,102.750542,129.228302,316.295807,22.443745
3,2.419483,2.832683,quadratic,450,150,rosenbrock,6,0.011939,0.987839,1.124459,1.429475,29.619975
3,2.419483,4.545940,quadratic,450,150,rosenbrock,6,0.006344,2.842012,2.309634,545.317200,32.652565
3,5.322296,0.939444,quadratic,450,150,rosenbrock,6,0.003243,0.449694,0.497586,0.983952,30.031635
3,3.316448,0.585390,quadratic,450,150,rosenbrock,6,0.031632,2.063542,2.275301,1.761250,31.025280
3,2.832683,5.322296,quadratic,450,150,rosenbrock,6,1.543602,4.091060,5.419438,543.242126,30.510295
3,2.832683,0.500000,quadratic,450,150,rosenbrock,6,0.087339,2.634498,3.641222,29.848944,30.605370
3,2.832683,8.541316,quadratic,450,150,rosenbrock,6,0.000669,4.030592,5.419456,574.720886,32.314880
3,2.066557,6.231237,quadratic,450,150,rosenbrock,6,0.000739,2.479272,2.349744,544.719849,32.094815
3,3.316448,10.000000,quadratic,450,150,rosenbrock,6,0.023577,4.453502,5.420991,775.009338,31.491000
3,3.316448,2.419483,quadratic,450,150,rosenbrock,6,0.002675,1.175060,1.046407,1.924376,32.608415
3,0.802409,1.507637,exponential_3,450,150,rosenbrock,6,0.065652,3.432107,4.971320,169.403748,21.009105
3,5.322296,2.419483,quadratic,450,150,rosenbrock,6,0.005916,1.917051,1.689170,2.248758,25.401385
3,0.585390,2.066557,exponential_3,450,150,rosenbrock,6,0.426675,3.818840,4.975480,47.418781,17.995155
3,3.882831,1.765111,quadratic,450,150,rosenbrock,6,0.019432,0.700501,0.954451,1.231649,35.067095
3,0.802409,2.419483,exponential_3,450,150,rosenbrock,6,1.976733,3.327854,3.532500,31.282780,20.749980
3,0.802409,10.000000,exponential_3,450,150,rosenbrock,6,0.001464,1.163088,1.328097,2.490459,18.718265
3,0.802409,3.882831,exponential_3,450,150,rosenbrock,6,0.057210,2.051474,2.364401,1.488932,20.552260
3,0.939444,0.685363,exponential_3,450,150,rosenbrock,6,7.156175,74.699486,86.786049,163.717819,16.397040
3,0.939444,1.099883,exponential_3,450,150,rosenbrock,6,1.020720,8.819860,6.134377,44.753578,16.891040
3,0.802409,6.231237,exponential_3,450,150,rosenbrock,6,0.250688,1.836426,1.720660,1.558797,22.123650
3,0.939444,1.765111,exponential_3,450,150,rosenbrock,6,0.020272,3.577284,4.558645,73.166748,14.111620
3,0.939444,2.832683,exponential_3,450,150,rosenbrock,6,0.372232,2.434113,2.632015,2.144377,12.968110
3,2.066557,1.507637,quadratic,450,150,rosenbrock,6,0.062568,1.141967,0.931910,2.060949,46.358140
3,0.500000,0.802409,exponential_3,450,150,rosenbrock,6,5.348249,121.983322,156.844147,190.992874,16.140930
3,0.939444,4.545940,exponential_3,450,150,rosenbrock,6,0.031683,1.568375,1.804041,2.352658,14.784135
3,5.322296,0.585390,quadratic,450,150,rosenbrock,6,0.108813,0.527025,0.606403,1.589215,46.195115
3,1.099883,5.322296,exponential_3,450,150,rosenbrock,6,0.127794,1.305925,1.554303,1.311427,48.727225
3,0.500000,8.541316,exponential_3,450,150,rosenbrock,6,0.059198,1.670237,2.026870,2.159209,14.285230
3,0.585390,3.316448,exponential_3,450,150,rosenbrock,6,0.670570,3.449612,3.666647,55.160381,13.899675
3,3.316448,0.939444,quadratic,450,150,rosenbrock,6,0.105304,0.676061,0.720694,1.365846,48.534725
3,2.832683,2.066557,quadratic,450,150,rosenbrock,6,0.000166,0.381438,0.576485,0.607637,48.922535
3,1.099883,0.500000,exponential_3,450,150,rosenbrock,6,6.350042,86.362831,93.906815,200.368378,11.665200
3,3.316448,6.231237,quadratic,450,150,rosenbrock,6,1.190533,4.452296,5.419439,999.269348,49.277750
3,3.316448,3.882831,quadratic,450,150,rosenbrock,6,0.031636,2.632329,2.289578,544.678101,50.543650
3,0.500000,2.066557,exponential_3,450,150,rosenbrock,6,2.806530,24.583891,21.936731,48.290562,17.181670
3,4.545940,5.322296,quadratic,450,150,rosenbrock,6,0.126139,4.088124,5.419527,544.843140,48.850765
3,3.882831,0.685363,quadratic,450,150,rosenbrock,6,0.013054,1.022664,1.200604,19.671539,36.204630
3,3.882831,1.099883,quadratic,450,150,rosenbrock,6,0.098047,0.445574,0.492580,1.744945,49.486635
3,1.099883,0.802409,exponential_3,450,150,rosenbrock,6,1.264911,37.567303,21.548452,86.873154,11.796385
3,6.231237,2.832683,quadratic,450,150,rosenbrock,6,0.001380,2.739339,3.077139,544.611694,51.043575
3,0.585390,5.322296,exponential_3,450,150,rosenbrock,6,0.014733,1.757506,2.222806,1.512705,12.721160
3,2.419483,1.099883,quadratic,450,150,rosenbrock,6,0.257316,0.898385,1.158089,1.109376,52.813510
3,0.939444,7.295407,exponential_3,450,150,rosenbrock,6,0.000783,1.148926,1.518036,1.690612,17.154205
3,2.832683,1.287720,quadratic,450,150,rosenbrock,6,0.000665,0.451405,0.514493,1.712397,48.293640
3,1.099883,1.287720,exponential_3,450,150,rosenbrock,6,0.190714,9.554940,6.443920,53.746601,13.574670
3,3.882831,7.295407,quadratic,450,150,rosenbrock,6,0.201889,3.799171,5.419986,575.101868,50.904265
3,4.545940,1.287720,quadratic,450,150,rosenbrock,6,0.021581,0.598431,0.811822,0.800427,49.073335
3,2.419483,1.765111,quadratic,450,150,rosenbrock,6,0.011297,0.369658,0.421615,0.634954,51.209310
3,2.066557,10.000000,quadratic,450,150,rosenbrock,6,0.339297,3.190947,4.449246,892.263184,50.523505
3,1.287720,0.585390,exponential_3,450,150,rosenbrock,6,0.769423,69.170830,87.779831,187.654587,12.539740
3,0.585390,0.939444,exponential_3,450,150,rosenbrock,6,5.001081,56.743389,51.264069,204.785248,16.545635
3,1.099883,3.316448,exponential_3,450,150,rosenbrock,6,0.037190,2.217994,2.170884,65.640167,14.442900
3,4.545940,3.316448,quadratic,450,150,rosenbrock,6,0.057281,3.536031,5.419431,749.152588,51.396300
3,0.585390,8.541316,exponential_3,450,150,rosenbrock,6,0.182587,1.400089,1.615901,1.738048,13.192760
3,10.000000,1.765111,quadratic,450,150,rosenbrock,6,0.223998,3.052057,4.282263,2.728203,41.527910
3,1.287720,0.939444,exponential_3,450,150,rosenbrock,6,0.103183,4.114527,4.729323,31.352125,14.956540
3,0.685363,1.507637,exponential_3,450,150,rosenbrock,6,0.312062,22.820908,6.578640,46.598892,15.144665
3,1.099883,8.541316,exponential_3,450,150,rosenbrock,6,0.001893,1.829853,1.562254,1.797052,21.140150
3,0.500000,3.316448,exponential_3,450,150,rosenbrock,6,0.000163,14.976646,5.094425,78.309006,25.580570
3,4.545940,2.066557,quadratic,450,150,rosenbrock,6,0.000258,0.978944,1.410506,1.783824,21.624215
3,0.685363,2.419483,exponential_3,450,150,rosenbrock,6,0.712637,3.488790,3.922884,51.396408,15.709825
3,0.585390,0.585390,exponential_3,450,150,rosenbrock,6,9.377775,172.608139,180.103394,420.191742,23.306500
3,1.099883,2.066557,exponential_3,450,150,rosenbrock,6,0.010966,2.485192,3.080838,29.049974,24.548850
3,0.685363,0.585390,exponential_3,450,150,rosenbrock,6,2.414105,191.157455,211.351044,233.129517,15.396890
3,0.685363,3.882831,exponential_3,450,150,rosenbrock,6,0.168573,2.113400,2.687886,65.688187,15.434460
3,0.500000,1.287720,exponential_3,450,150,rosenbrock,6,1.712507,35.841843,36.384048,233.291443,23.326345
3,1.287720,1.507637,exponential_3,450,150,rosenbrock,6,0.365694,2.800226,3.345209,1.525409,16.420100
3,0.685363,0.939444,exponential_3,450,150,rosenbrock,6,5.785564,51.471394,50.989254,103.485008,15.209075
3,0.685363,6.231237,exponential_3,450,150,rosenbrock,6,0.540432,1.641841,1.961978,1.720307,14.372635
3,0.802409,1.099883,exponential_3,450,150,rosenbrock,6,0.958104,23.863621,11.589281,197.313278,14.425200
3,1.507637,0.685363,exponential_3,450,150,rosenbrock,6,0.249734,22.958950,6.761218,91.680313,14.185070
3,0.685363,10.000000,exponential_3,450,150,rosenbrock,6,0.005147,1.109399,1.493249,2.369823,14.011225
3,1.507637,1.099883,exponential_3,450,150,rosenbrock,6,0.200209,2.790346,3.711816,34.002926,15.547420
3,0.802409,0.685363,exponential_3,450,150,rosenbrock,6,8.854972,156.604462,191.081360,194.278549,17.610310
3,0.685363,2.832683,exponential_3,450,150,rosenbrock,6,0.208627,2.963661,3.550846,1.648085,15.142700
3,0.802409,2.832683,exponential_3,450,150,rosenbrock,6,0.004692,2.577002,3.077907,35.471657,13.251290
3,10.000000,7.295407,quadratic,450,150,rosenbrock,6,3.837941,15.970846,15.462614,28.755217,32.211605
3,1.765111,1.287720,exponential_3,450,150,rosenbrock,6,0.367041,2.743162,3.040575,24.082153,16.290730
3,0.802409,1.765111,exponential_3,450,150,rosenbrock,6,0.072663,2.705258,3.287663,2.544437,15.889080
3,0.500000,0.500000,exponential_3,450,150,rosenbrock,6,187.902161,482.192810,510.459045,591.963196,31.206400
3,0.585390,1.507637,exponential_3,450,150,rosenbrock,6,0.621417,10.767540,7.787379,48.948799,30.832475
3,0.939444,0.802409,exponential_3,450,150,rosenbrock,6,0.204477,33.405354,33.845215,148.620239,13.600480
3,0.585390,2.419483,exponential_3,450,150,rosenbrock,6,2.179224,4.961773,4.535308,52.367310,16.530010
3,1.765111,4.545940,exponential_3,450,150,rosenbrock,6,0.001612,0.925545,1.042215,1.697073,17.082260
3,0.802409,7.295407,exponential_3,450,150,rosenbrock,6,0.000712,1.005483,1.454933,2.271522,13.299245
3,0.939444,3.316448,exponential_3,450,150,rosenbrock,6,0.415916,1.942530,2.401990,34.741364,12.803545
3,0.939444,2.066557,exponential_3,450,150,rosenbrock,6,0.051661,2.695821,3.081553,60.191746,14.074080
3,0.939444,5.322296,exponential_3,450,150,rosenbrock,6,0.141408,1.035292,1.409856,1.536172,13.910775
3,1.287720,2.419483,exponential_3,450,150,rosenbrock,6,0.000779,1.687803,2.085071,1.964981,33.856080
3,1.099883,6.231237,exponential_3,450,150,rosenbrock,6,0.026416,1.009591,1.291680,1.457145,12.352680
3,0.585390,3.882831,exponential_3,450,150,rosenbrock,6,0.018919,2.968168,3.257095,1.585359,12.396285
3,0.939444,0.500000,exponential_3,450,150,rosenbrock,6,5.998622,108.383545,112.873123,169.868149,25.370315
3,1.287720,6.231237,exponential_3,450,150,rosenbrock,6,0.009626,2.158244,1.761075,1.872340,36.450925
3,1.287720,3.882831,exponential_3,450,150,rosenbrock,6,0.052736,1.631790,1.560583,36.061928,37.520750
3,0.802409,4.545940,exponential_3,450,150,rosenbrock,6,0.044383,1.360322,1.922997,1.123807,25.304990
3,1.099883,0.939444,exponential_3,450,150,rosenbrock,6,0.033034,19.226076,4.963326,127.670403,12.538890
3,1.099883,0.585390,exponential_3,450,150,rosenbrock,6,0.377103,101.788498,133.280930,178.945160,13.251815
3,0.585390,6.231237,exponential_3,450,150,rosenbrock,6,0.006757,1.288208,1.733731,1.496261,12.174780
3,0.939444,1.287720,exponential_3,450,150,rosenbrock,6,0.321162,29.366356,5.492820,103.420219,27.488985
3,0.939444,8.541316,exponential_3,450,150,rosenbrock,6,0.775392,2.274707,1.946140,544.746155,12.371210
3,1.287720,10.000000,exponential_3,450,150,rosenbrock,6,0.007056,2.449219,2.978374,2.192518,41.098365
3,1.099883,1.507637,exponential_3,450,150,rosenbrock,6,0.032863,2.749856,3.526927,27.516495,12.830215
3,1.287720,0.685363,exponential_3,450,150,rosenbrock,6,0.003726,7.282299,5.591810,41.584106,13.728545
3,1.507637,1.765111,exponential_3,450,150,rosenbrock,6,0.002081,1.855608,2.480728,22.744936,41.136095
3,1.099883,3.882831,exponential_3,450,150,rosenbrock,6,0.142353,1.405860,1.685184,1.482663,15.732685
3,0.585390,10.000000,exponential_3,450,150,rosenbrock,6,0.001381,1.457750,1.378931,2.140198,16.460280
3,1.765111,1.765111,exponential_3,450,150,rosenbrock,6,0.000001,1.645055,2.272975,2.027220,41.350280
3,1.765111,0.939444,exponential_3,450,150,rosenbrock,6,0.171614,3.354804,3.794622,22.564432,42.546520
3,1.765111,0.500000,exponential_3,450,150,rosenbrock,6,0.972283,11.838203,4.480341,146.377396,42.660065
3,1.287720,1.099883,exponential_3,450,150,rosenbrock,6,0.811678,3.871222,4.529737,37.731125,14.615665
3,1.507637,2.832683,exponential_3,450,150,rosenbrock,6,0.012161,1.737325,1.946356,1.478346,43.067445
3,1.507637,7.295407,exponential_3,450,150,rosenbrock,6,0.000617,1.507840,1.534269,2.060274,43.237590
3,1.507637,4.545940,exponential_3,450,150,rosenbrock,6,0.004663,0.898787,1.243834,1.261426,43.301740
3,1.765111,0.685363,exponential_3,450,150,rosenbrock,6,0.352760,8.591626,5.581722,58.022038,43.421505
3,1.765111,6.231237,exponential_3,450,150,rosenbrock,6,0.000396,1.934210,1.369769,544.807251,36.132290
3,1.765111,3.316448,exponential_3,450,150,rosenbrock,6,0.649201,1.960970,1.872586,34.830418,44.062025
3,0.685363,1.765111,exponential_3,450,150,rosenbrock,6,1.744169,5.698987,5.189524,64.803146,18.015695
3,1.765111,8.541316,exponential_3,450,150,rosenbrock,6,0.659215,2.705521,3.392286,544.664612,38.945915
3,0.685363,4.545940,exponential_3,450,150,rosenbrock,6,0.004414,1.505367,2.305668,2.157589,17.304270
3,2.066557,0.685363,exponential_3,450,150,rosenbrock,6,0.121596,4.478139,4.575614,59.478058,36.197530
3,0.685363,0.685363,exponential_3,450,150,rosenbrock,6,12.199351,215.210403,257.189758,292.502930,18.543240
3,2.066557,3.316448,exponential_3,450,150,rosenbrock,6,0.000254,1.189178,1.420579,1.593765,33.378660
3,0.685363,1.099883,exponential_3,450,150,rosenbrock,6,0.088280,33.783684,23.284523,98.520737,17.323110
3,1.507637,0.802409,exponential_3,450,150,rosenbrock,6,0.177950,5.482589,5.090023,32.186058,17.704920
3,0.802409,1.287720,exponential_3,450,150,rosenbrock,6,0.076956,14.563667,5.873476,93.691521,17.962455
3,0.685363,7.295407,exponential_3,450,150,rosenbrock,6,0.025756,0.982815,1.378892,1.342001,18.049415
3,0.802409,0.500000,exponential_3,450,150,rosenbrock,6,23.397327,160.294052,183.557816,368.244659,17.534895
3,2.419483,4.545940,exponential_3,450,150,rosenbrock,6,0.015455,2.887623,4.997525,2.604548,29.893370
3,1.507637,1.287720,exponential_3,450,150,rosenbrock,6,0.029652,2.836655,3.408919,2.224036,16.107425
3,0.802409,0.802409,exponential_3,450,150,rosenbrock,6,2.804234,22.617004,24.738102,119.549881,15.913640
3,2.066557,0.500000,exponential_3,450,150,rosenbrock,6,0.004757,14.294380,6.166573,56.337650,45.640555
3,2.832683,1.287720,exponential_3,450,150,rosenbrock,6,0.003531,1.308099,2.049153,1.341817,24.597260
3,1.765111,2.419483,exponential_3,450,150,rosenbrock,6,0.003752,1.916439,2.018132,2.389808,26.369770
3,2.832683,0.685363,exponential_3,450,150,rosenbrock,6,0.026694,3.386256,4.129896,34.199856,26.670920
3,2.832683,1.765111,exponential_3,450,150,rosenbrock,6,0.008206,1.517669,1.843077,2.329782,16.527220
3,0.802409,3.316448,exponential_3,450,150,rosenbrock,6,0.082322,1.580931,2.367985,1.743356,17.506580
3,2.832683,2.419483,exponential_3,450,150,rosenbrock,6,0.004601,1.435362,1.526206,1.860657,16.859490
3,2.066557,0.939444,exponential_3,450,150,rosenbrock,6,0.646861,3.140560,3.540121,9.198462,49.632295
3,2.066557,1.287720,exponential_3,450,150,rosenbrock,6,0.231270,2.195110,2.670423,1.231791,49.543375
3,1.765111,1.507637,exponential_3,450,150,rosenbrock,6,0.000700,1.736546,2.615318,1.877198,17.750620
3,2.066557,1.765111,exponential_3,450,150,rosenbrock,6,0.183747,1.444968,1.945754,210.581253,50.214300
3,2.066557,8.541316,exponential_3,450,150,rosenbrock,6,0.000815,2.584951,3.185937,2.226610,50.456755
3,2.832683,4.545940,exponential_3,450,150,rosenbrock,6,0.011947,2.055285,1.888724,1.812560,16.442365
3,0.939444,3.882831,exponential_3,450,150,rosenbrock,6,0.039518,1.665404,2.021129,1.386334,15.825305
3,2.832683,3.316448,exponential_3,450,150,rosenbrock,6,0.588632,2.834120,4.001913,544.640564,17.230070
3,2.419483,0.500000,exponential_3,450,150,rosenbrock,6,0.000684,6.749772,4.389089,50.843761,51.299805
3,2.066557,6.231237,exponential_3,450,150,rosenbrock,6,0.000447,2.540236,2.802569,544.696655,52.111960
3,2.066557,4.545940,exponential_3,450,150,rosenbrock,6,0.106316,1.779916,1.613708,2.386202,52.408315
3,1.287720,2.832683,exponential_3,450,150,rosenbrock,6,0.199128,2.556512,2.277860,2.360416,14.166155
3,0.802409,8.541316,exponential_3,450,150,rosenbrock,6,0.000152,0.990088,1.363942,1.541972,17.180700
3,0.939444,0.939444,exponential_3,450,150,rosenbrock,6,0.125993,16.823233,11.146320,135.503448,18.316445
3,0.802409,2.066557,exponential_3,450,150,rosenbrock,6,0.119399,3.593855,3.970969,1.944642,19.762360
3,2.832683,6.231237,exponential_3,450,150,rosenbrock,6,0.000492,1.142097,1.465829,544.954285,18.835455
3,2.419483,0.939444,exponential_3,450,150,rosenbrock,6,0.043141,1.935418,2.581707,1.776856,50.471910
3,2.066557,2.419483,exponential_3,450,150,rosenbrock,6,0.003154,1.271702,1.598329,1.284149,53.991600
3,0.939444,6.231237,exponential_3,450,150,rosenbrock,6,0.109994,1.233980,1.552547,1.409756,17.299115
3,0.939444,2.419483,exponential_3,450,150,rosenbrock,6,0.005510,1.866128,2.473827,1.584983,18.025010
3,2.419483,0.685363,exponential_3,450,150,rosenbrock,6,0.052936,2.924562,4.208008,19.511919,51.941620
3,2.419483,3.316448,exponential_3,450,150,rosenbrock,6,0.133995,1.033787,1.477407,1.772323,49.418885
3,2.419483,2.419483,exponential_3,450,150,rosenbrock,6,0.049256,1.115230,1.665472,1.906830,49.701510
3,2.419483,1.287720,exponential_3,450,150,rosenbrock,6,0.003146,1.898614,2.308329,1.703908,51.555650
3,2.832683,8.541316,exponential_3,450,150,rosenbrock,6,0.014382,2.781679,4.634268,215.868515,17.991135
3,2.419483,1.765111,exponential_3,450,150,rosenbrock,6,0.466994,1.492139,1.821228,1.407685,51.859705
3,1.287720,7.295407,exponential_3,450,150,rosenbrock,6,0.106519,1.994319,1.621244,2.316407,13.837970
3,1.099883,7.295407,exponential_3,450,150,rosenbrock,6,0.205424,1.579612,1.357411,2.053136,18.882080
3,0.939444,0.585390,exponential_3,450,150,rosenbrock,6,20.165522,96.644669,104.750084,216.691574,17.251390
3,2.419483,8.541316,exponential_3,450,150,rosenbrock,6,0.214025,3.465330,4.606444,544.524963,49.393540
3,1.287720,1.765111,exponential_3,450,150,rosenbrock,6,0.009911,2.503319,3.155086,1.535835,42.692960
3,2.419483,6.231237,exponential_3,450,150,rosenbrock,6,0.549888,2.447804,1.697299,544.714417,50.879270
3,2.832683,0.500000,exponential_3,450,150,rosenbrock,6,0.614619,3.066940,3.770444,71.855064,45.165770
3,1.099883,2.419483,exponential_3,450,150,rosenbrock,6,0.007113,2.534596,2.797073,2.362221,45.365495
3,2.832683,0.939444,exponential_3,450,150,rosenbrock,6,0.158622,1.766814,2.347971,2.034691,45.609380
3,1.099883,10.000000,exponential_3,450,150,rosenbrock,6,0.000137,1.596633,1.519938,2.091373,49.253955
3,1.287720,4.545940,exponential_3,450,150,rosenbrock,6,0.017645,1.133644,1.475164,1.573509,16.064105
3,1.099883,1.099883,exponential_3,450,150,rosenbrock,6,0.331656,6.106426,4.608671,64.612267,15.950070
3,0.802409,5.322296,exponential_3,450,150,rosenbrock,6,0.000074,1.700900,1.936630,1.682812,18.689230
3,3.316448,0.500000,exponential_3,450,150,rosenbrock,6,0.314532,3.276523,4.049385,16.534159,14.456170
3,0.939444,1.507637,exponential_3,450,150,rosenbrock,6,0.129232,4.838404,5.520499,26.965858,15.250470
3,0.939444,10.000000,exponential_3,450,150,rosenbrock,6,0.004064,1.568431,1.421252,1.979279,15.546655
3,1.287720,0.802409,exponential_3,450,150,rosenbrock,6,0.765832,20.856857,7.779828,98.136459,13.762405
3,1.507637,2.066557,exponential_3,450,150,rosenbrock,6,0.055160,1.702612,2.181521,1.282004,14.380570
3,1.099883,1.765111,exponential_3,450,150,rosenbrock,6,0.011306,2.953814,3.330926,1.770547,17.324195
3,1.099883,4.545940,exponential_3,450,150,rosenbrock,6,0.498608,1.320111,1.741451,1.478990,15.092700
3,1.287720,1.287720,exponential_3,450,150,rosenbrock,6,0.314563,3.459859,3.915608,33.187904,14.988715
3,1.765111,7.295407,exponential_3,450,150,rosenbrock,6,0.164877,1.427157,1.481419,1.695087,14.679675
3,3.316448,1.287720,exponential_3,450,150,rosenbrock,6,0.147644,1.694917,1.942449,1.694372,14.338045
3,3.316448,0.685363,exponential_3,450,150,rosenbrock,6,0.083440,3.980026,3.880518,48.340073,17.200230
3,3.316448,1.765111,exponential_3,450,150,rosenbrock,6,0.108195,1.499203,1.618606,1.513339,15.203855
3,1.099883,0.685363,exponential_3,450,150,rosenbrock,6,0.174607,35.873775,22.216007,173.053040,29.146135
3,3.316448,0.939444,exponential_3,450,150,rosenbrock,6,0.000348,1.663397,2.286307,19.315580,18.806395
3,1.765111,5.322296,exponential_3,450,150,rosenbrock,6,0.458877,1.351351,1.547317,1.022156,42.739150
3,1.507637,0.939444,exponential_3,450,150,rosenbrock,6,0.076564,3.037588,3.991518,28.673725,14.138305
3,3.316448,3.316448,exponential_3,450,150,rosenbrock,6,0.045613,1.992719,1.619253,2.378571,14.242890
3,1.507637,1.507637,exponential_3,450,150,rosenbrock,6,0.008376,2.240316,2.913125,2.414756,13.522920
3,3.316448,8.541316,exponential_3,450,150,rosenbrock,6,0.215223,1.617308,1.444679,1.792813,13.900975
3,3.316448,2.419483,exponential_3,450,150,rosenbrock,6,0.010291,0.925306,1.383352,1.794298,22.169450
3,3.316448,4.545940,exponential_3,450,150,rosenbrock,6,0.000947,1.815761,1.372623,2.210573,20.920925
3,3.316448,6.231237,exponential_3,450,150,rosenbrock,6,0.873078,2.755902,3.193093,1.931339,21.738425
3,1.507637,0.500000,exponential_3,450,150,rosenbrock,6,0.239810,32.599438,33.586777,171.615067,32.489825
3,2.832683,2.066557,exponential_3,450,150,rosenbrock,6,0.000130,0.815068,1.401575,210.765411,12.565935
3,3.882831,0.500000,exponential_3,450,150,rosenbrock,6,1.848592,3.177300,3.197929,2.141274,12.720530
3,3.882831,0.939444,exponential_3,450,150,rosenbrock,6,0.035355,2.072287,2.143110,2.530324,12.187720
3,3.882831,1.287720,exponential_3,450,150,rosenbrock,6,0.009869,1.235915,1.645525,1.430037,13.794185
3,3.882831,2.419483,exponential_3,450,150,rosenbrock,6,0.030851,2.237831,1.655763,2.455848,13.484995
3,2.832683,7.295407,exponential_3,450,150,rosenbrock,6,0.000021,2.462699,3.396778,2.247535,13.650835
3,3.882831,1.765111,exponential_3,450,150,rosenbrock,6,0.003495,1.049550,1.314899,2.735265,14.352290
3,3.882831,4.545940,exponential_3,450,150,rosenbrock,6,0.062722,2.339657,1.773852,544.685059,13.427285
3,3.882831,3.316448,exponential_3,450,150,rosenbrock,6,0.011502,1.966670,1.576999,2.595207,14.870680
3,1.507637,3.316448,exponential_3,450,150,rosenbrock,6,0.026759,1.381086,1.542055,1.864673,41.853320
3,2.066557,0.585390,exponential_3,450,150,rosenbrock,6,0.117247,3.807511,4.614438,82.177467,32.319980
3,1.507637,5.322296,exponential_3,450,150,rosenbrock,6,0.000373,0.998113,0.936877,1.846829,45.183060
3,1.765111,0.585390,exponential_3,450,150,rosenbrock,6,0.424287,6.566420,5.411960,74.895142,46.659040
3,3.882831,8.541316,exponential_3,450,150,rosenbrock,6,0.064554,2.388332,2.501765,2.433560,17.696910
3,1.765111,1.099883,exponential_3,450,150,rosenbrock,6,0.110142,2.550847,3.347447,58.612278,47.875395
3,3.882831,6.231237,exponential_3,450,150,rosenbrock,6,0.272971,3.130973,4.757908,749.589539,18.023130
3,2.832683,10.000000,exponential_3,450,150,rosenbrock,6,0.255981,2.736664,4.219728,2.096200,19.461215
3,1.765111,3.882831,exponential_3,450,150,rosenbrock,6,0.003963,1.833533,1.706890,1.965041,47.742260
3,1.765111,2.066557,exponential_3,450,150,rosenbrock,6,0.001595,1.776491,2.033222,2.385628,49.381865
3,1.765111,0.802409,exponential_3,450,150,rosenbrock,6,0.006367,3.355965,4.564557,36.094921,49.868825
3,4.545940,0.685363,exponential_3,450,150,rosenbrock,6,0.551518,2.381316,2.537518,1.382110,16.314460
3,1.765111,10.000000,exponential_3,450,150,rosenbrock,6,0.005857,1.371453,1.401533,544.910400,49.608915
3,3.316448,0.585390,exponential_3,450,150,rosenbrock,6,0.081760,2.994724,3.809528,39.362408,16.504355
3,2.066557,0.802409,exponential_3,450,150,rosenbrock,6,0.020639,2.975738,3.724780,41.578743,47.912070
3,1.507637,8.541316,exponential_3,450,150,rosenbrock,6,0.095178,2.322948,1.629959,749.866333,51.379075
3,2.066557,3.882831,exponential_3,450,150,rosenbrock,6,0.060819,0.820240,1.263001,1.273003,48.060365
3,4.545940,0.939444,exponential_3,450,150,rosenbrock,6,0.000047,1.197377,1.747354,10.108467,17.371735
3,4.545940,0.500000,exponential_3,450,150,rosenbrock,6,0.013710,2.052905,2.894451,1.648277,18.961305
3,4.545940,1.287720,exponential_3,450,150,rosenbrock,6,0.003369,0.857533,1.210507,1.489671,19.096480
3,4.545940,1.765111,exponential_3,450,150,rosenbrock,6,0.008979,1.018138,1.367127,1.853959,18.605390
3,4.545940,2.419483,exponential_3,450,150,rosenbrock,6,0.220922,1.501286,1.459363,1.578526,16.856970
3,2.419483,5.322296,exponential_3,450,150,rosenbrock,6,0.104654,1.770616,1.394341,2.035427,48.587635
3,1.765111,2.832683,exponential_3,450,150,rosenbrock,6,0.382528,1.714709,1.779422,2.263925,45.216095
3,3.882831,0.685363,exponential_3,450,150,rosenbrock,6,0.020712,1.981122,2.478967,1.548704,43.265830
3,2.832683,1.507637,exponential_3,450,150,rosenbrock,6,0.017537,1.262074,1.832020,1.578462,46.795225
3,2.066557,1.099883,exponential_3,450,150,rosenbrock,6,0.001912,2.271261,2.822756,19.087250,44.059855
3,2.832683,0.802409,exponential_3,450,150,rosenbrock,6,0.006081,2.100633,2.761923,1.979259,45.811995
3,2.832683,3.882831,exponential_3,450,150,rosenbrock,6,0.007209,2.283207,1.578368,2.157248,43.143540
3,2.832683,5.322296,exponential_3,450,150,rosenbrock,6,0.190975,2.289904,1.879394,2.080541,43.918060
3,2.832683,2.832683,exponential_3,450,150,rosenbrock,6,0.000566,0.999190,1.330103,1.407609,44.877930
3,1.287720,3.316448,exponential_3,450,150,rosenbrock,6,0.109319,1.408474,1.816420,1.404354,41.657590
3,4.545940,4.545940,exponential_3,450,150,rosenbrock,6,0.555976,2.697214,2.953141,544.619507,18.650420
3,4.545940,3.316448,exponential_3,450,150,rosenbrock,6,0.000050,1.441872,1.462824,544.896423,19.659800
3,2.066557,2.066557,exponential_3,450,150,rosenbrock,6,0.299306,1.441891,1.785063,1.884565,46.431615
3,3.316448,0.802409,exponential_3,450,150,rosenbrock,6,0.822001,2.482108,2.677146,1.260323,15.371455
3,2.066557,1.507637,exponential_3,450,150,rosenbrock,6,0.009319,1.184199,1.859883,2.751501,46.820360
3,1.287720,8.541316,exponential_3,450,150,rosenbrock,6,0.179408,1.761323,1.659826,2.081361,36.128745
3,3.316448,1.507637,exponential_3,450,150,rosenbrock,6,0.017746,0.981199,1.524603,1.201150,17.822030
3,2.066557,7.295407,exponential_3,450,150,rosenbrock,6,0.064925,2.534728,3.438709,2.314101,46.719200
3,1.287720,5.322296,exponential_3,450,150,rosenbrock,6,0.002331,1.739115,1.739894,1.838469,32.264680
3,2.419483,2.832683,exponential_3,450,150,rosenbrock,6,0.037055,1.328917,1.525915,204.970078,38.986660
3,3.316448,2.066557,exponential_3,450,150,rosenbrock,6,0.000407,0.915506,1.238349,2.125958,16.110685
3,2.066557,10.000000,exponential_3,450,150,rosenbrock,6,0.013470,1.610761,1.359874,544.879578,50.160840
3,1.507637,2.419483,exponential_3,450,150,rosenbrock,6,0.006082,1.584209,1.997413,1.619881,28.780300
3,2.419483,0.585390,exponential_3,450,150,rosenbrock,6,1.005148,3.797668,3.928922,46.554161,49.951755
3,3.316448,1.099883,exponential_3,450,150,rosenbrock,6,0.000408,1.737777,2.072573,2.101713,16.464325
3,2.066557,5.322296,exponential_3,450,150,rosenbrock,6,0.415105,2.278996,1.597250,544.742615,51.355455
3,4.545940,8.541316,exponential_3,450,150,rosenbrock,6,0.154502,2.451905,3.054909,2.743402,19.054340
3,2.419483,1.099883,exponential_3,450,150,rosenbrock,6,0.015587,2.148991,2.693393,1.911608,51.106550
3,3.316448,3.882831,exponential_3,450,150,rosenbrock,6,0.114355,2.145492,1.651977,2.475165,16.099590
3,2.419483,0.802409,exponential_3,450,150,rosenbrock,6,0.000429,2.031763,3.168199,44.558098,47.228230
3,3.316448,10.000000,exponential_3,450,150,rosenbrock,6,1.061131,2.920296,3.862823,1.777887,15.817580
3,5.322296,0.685363,exponential_3,450,150,rosenbrock,6,0.020516,1.845191,2.064950,2.442742,16.983160
3,5.322296,0.939444,exponential_3,450,150,rosenbrock,6,0.014056,1.003914,1.432604,1.375310,15.971300
3,2.066557,2.832683,exponential_3,450,150,rosenbrock,6,0.038556,1.470306,1.456607,1.632989,50.784855
3,2.419483,3.882831,exponential_3,450,150,rosenbrock,6,0.092810,1.161829,1.407566,1.670972,46.393890
3,2.419483,1.507637,exponential_3,450,150,rosenbrock,6,0.484291,2.012607,2.136121,1.723582,47.086210
3,2.419483,2.066557,exponential_3,450,150,rosenbrock,6,0.062107,1.072883,1.336755,0.597047,46.909840
3,2.832683,0.585390,exponential_3,450,150,rosenbrock,6,0.065078,3.100547,3.470478,20.319201,43.013405
3,5.322296,1.287720,exponential_3,450,150,rosenbrock,6,0.086813,1.197306,1.448865,2.374325,14.275305
3,1.099883,2.832683,exponential_3,450,150,rosenbrock,6,0.292886,1.683612,2.243238,1.784889,43.830700
3,1.507637,0.585390,exponential_3,450,150,rosenbrock,6,1.352402,30.664454,14.228361,126.493896,14.439290
3,3.316448,2.832683,exponential_3,450,150,rosenbrock,6,0.121945,0.971466,1.289867,1.063668,17.615795
3,1.287720,0.500000,exponential_3,450,150,rosenbrock,6,1.390880,99.946327,106.495544,203.605362,44.582900
3,2.419483,10.000000,exponential_3,450,150,rosenbrock,6,0.000082,2.516307,1.911586,544.699951,47.719720
3,5.322296,0.500000,exponential_3,450,150,rosenbrock,6,0.029172,2.133053,2.703687,1.641346,23.082730
3,3.316448,7.295407,exponential_3,450,150,rosenbrock,6,0.014372,1.489845,1.379343,544.888306,17.711325
3,1.287720,2.066557,exponential_3,450,150,rosenbrock,6,0.000430,1.301474,1.684606,1.516595,46.564550
3,2.832683,1.099883,exponential_3,450,150,rosenbrock,6,0.037603,2.768576,2.959082,2.035855,45.781600
3,3.316448,5.322296,exponential_3,450,150,rosenbrock,6,0.020184,1.875385,1.671985,544.773376,18.225965
3,2.419483,7.295407,exponential_3,450,150,rosenbrock,6,0.483406,1.960876,1.408150,1.787060,46.077940
3,3.882831,0.585390,exponential_3,450,150,rosenbrock,6,0.000047,2.232326,3.062172,22.417618,16.703670
3,3.882831,1.099883,exponential_3,450,150,rosenbrock,6,0.003108,1.522382,1.908520,2.012404,15.483075
3,4.545940,6.231237,exponential_3,450,150,rosenbrock,6,0.000031,3.237788,4.807744,2.009420,34.670775
3,3.882831,1.507637,exponential_3,450,150,rosenbrock,6,0.002548,1.559166,1.618618,1.883765,15.644580
3,3.882831,2.832683,exponential_3,450,150,rosenbrock,6,0.042332,1.883759,1.456408,2.058597,15.643305
3,5.322296,1.765111,exponential_3,450,150,rosenbrock,6,0.037669,1.490618,1.375961,1.981714,15.919555
3,3.882831,2.066557,exponential_3,450,150,rosenbrock,6,0.172625,0.936117,1.159926,1.953081,15.830240
3,3.882831,5.322296,exponential_3,450,150,rosenbrock,6,0.357911,3.085086,4.622768,1.920757,17.501385
3,5.322296,2.419483,exponential_3,450,150,rosenbrock,6,0.039203,2.067212,1.677131,544.782410,15.203020
3,3.882831,10.000000,exponential_3,450,150,rosenbrock,6,0.002960,2.819974,4.813215,544.645630,13.914170
3,5.322296,6.231237,exponential_3,450,150,rosenbrock,6,1.135855,2.016883,1.642089,1.703936,13.338430
3,3.882831,7.295407,exponential_3,450,150,rosenbrock,6,0.596328,3.111507,4.960375,1.973605,14.136085
3,4.545940,0.802409,exponential_3,450,150,rosenbrock,6,0.046075,1.424919,1.842683,1.522197,13.557510
3,4.545940,2.066557,exponential_3,450,150,rosenbrock,6,0.000280,1.124349,1.337301,1.982262,12.593180
3,4.545940,1.507637,exponential_3,450,150,rosenbrock,6,0.002611,1.037910,1.443173,1.579476,13.634475
3,6.231237,1.287720,exponential_3,450,150,rosenbrock,6,0.000831,0.915444,1.324863,1.665444,15.301190
3,4.545940,2.832683,exponential_3,450,150,rosenbrock,6,0.000274,2.222036,1.848798,544.754211,13.722375
3,5.322296,3.316448,exponential_3,450,150,rosenbrock,6,0.016379,2.386605,1.891332,2.069289,20.519495
3,4.545940,5.322296,exponential_3,450,150,rosenbrock,6,0.000063,2.642781,4.424340,2.862576,12.929000
3,4.545940,0.585390,exponential_3,450,150,rosenbrock,6,0.016784,2.332922,2.742872,23.687164,19.423890
3,4.545940,1.099883,exponential_3,450,150,rosenbrock,6,0.000922,1.118924,1.556769,2.167235,20.082815
3,4.545940,3.882831,exponential_3,450,150,rosenbrock,6,0.027072,2.160117,1.865786,544.719299,14.199270
3,3.882831,3.882831,exponential_3,450,150,rosenbrock,6,0.019783,1.670129,1.399342,2.060874,34.675830
3,7.295407,3.316448,exponential_3,450,150,rosenbrock,6,0.256439,2.364580,1.891931,544.727661,15.932505
3,7.295407,8.541316,exponential_3,450,150,rosenbrock,6,0.586178,2.345690,2.096175,2.056874,13.215755
3,8.541316,1.287720,exponential_3,450,150,rosenbrock,6,0.451806,2.211377,2.016416,2.026319,13.908995
3,8.541316,4.545940,exponential_3,450,150,rosenbrock,6,0.000858,1.857897,1.771702,2.503858,14.216385
3,10.000000,0.500000,exponential_3,450,150,rosenbrock,6,0.015065,0.942846,1.272130,0.700667,13.352405
3,4.545940,10.000000,exponential_3,450,150,rosenbrock,6,0.811162,1.933815,1.767841,745.652039,14.946930
3,1.507637,3.882831,exponential_3,450,150,rosenbrock,6,0.003418,0.965599,1.241305,1.769739,37.364750
3,10.000000,0.939444,exponential_3,450,150,rosenbrock,6,0.003008,1.378080,1.364955,544.910522,13.292660
3,5.322296,1.099883,exponential_3,450,150,rosenbrock,6,0.026225,1.187322,1.463985,0.612290,13.665570
3,5.322296,0.802409,exponential_3,450,150,rosenbrock,6,0.075296,2.124934,2.204208,1.614440,14.190110
3,1.507637,6.231237,exponential_3,450,150,rosenbrock,6,0.494704,1.556238,1.517127,2.269114,44.182045
3,5.322296,1.507637,exponential_3,450,150,rosenbrock,6,0.014374,1.052548,1.438026,1.640554,14.435360
3,7.295407,2.419483,exponential_3,450,150,rosenbrock,6,0.238010,2.646524,3.470429,2.411170,36.358385
3,6.231237,8.541316,exponential_3,450,150,rosenbrock,6,0.093319,3.373090,5.351126,544.062683,39.447135
3,0.500000,0.500000,exponential_5,450,150,rosenbrock,6,40.648361,436.719116,521.580566,472.331451,20.862415
3,5.322296,4.545940,exponential_3,450,150,rosenbrock,6,0.007148,2.626374,4.455059,2.140315,49.973245
3,0.500000,3.316448,exponential_5,450,150,rosenbrock,6,0.069338,3.076327,4.138601,63.016769,20.260590
3,0.500000,1.287720,exponential_5,450,150,rosenbrock,6,4.582797,55.937637,47.553398,115.369034,20.726015
3,0.500000,8.541316,exponential_5,450,150,rosenbrock,6,0.009958,1.350844,1.770516,2.027122,19.727875
3,6.231237,0.500000,exponential_3,450,150,rosenbrock,6,0.043886,2.050695,2.453078,1.368135,50.865675
3,0.585390,0.500000,exponential_5,450,150,rosenbrock,6,7.880207,283.549225,365.988708,346.424408,19.402415
3,5.322296,8.541316,exponential_3,450,150,rosenbrock,6,0.012892,2.263839,1.983617,2.254804,52.196035
3,0.500000,6.231237,exponential_5,450,150,rosenbrock,6,0.002178,2.022049,2.778514,1.825805,21.230170
3,0.585390,0.685363,exponential_5,450,150,rosenbrock,6,5.554924,152.969482,175.928436,356.077972,21.201185
3,6.231237,0.939444,exponential_3,450,150,rosenbrock,6,0.020195,1.671845,1.673480,2.092545,52.534005
3,1.507637,10.000000,exponential_3,450,150,rosenbrock,6,0.005849,1.381316,1.575841,2.259675,52.027875
3,6.231237,1.765111,exponential_3,450,150,rosenbrock,6,0.000439,1.928427,1.320938,3.002432,52.462200
3,6.231237,0.685363,exponential_3,450,150,rosenbrock,6,0.007000,1.637892,1.829785,2.480465,53.216795
3,5.322296,2.066557,exponential_3,450,150,rosenbrock,6,0.109347,2.454383,2.932966,544.664001,20.922375
3,6.231237,2.419483,exponential_3,450,150,rosenbrock,6,0.003055,1.535872,1.252336,544.885681,52.942925
3,0.585390,1.287720,exponential_5,450,150,rosenbrock,6,4.013026,26.989372,23.259819,119.155914,20.180035
3,8.541316,0.500000,exponential_3,450,150,rosenbrock,6,0.258205,1.362723,1.530528,1.313665,42.445685
3,0.585390,0.939444,exponential_5,450,150,rosenbrock,6,4.377065,69.928314,73.413025,215.845932,22.362340
3,7.295407,4.545940,exponential_3,450,150,rosenbrock,6,0.280320,3.353415,5.046118,2.018746,45.301390
3,3.882831,0.802409,exponential_3,450,150,rosenbrock,6,0.020557,2.030432,2.422573,1.914969,50.589080
3,6.231237,3.316448,exponential_3,450,150,rosenbrock,6,0.330029,2.138852,1.423969,2.301574,52.722900
3,7.295407,1.765111,exponential_3,450,150,rosenbrock,6,0.045336,1.224444,1.113013,1.906458,50.711250
3,6.231237,4.545940,exponential_3,450,150,rosenbrock,6,0.000005,1.347955,1.093929,1.974192,53.074090
3,7.295407,0.939444,exponential_3,450,150,rosenbrock,6,0.015281,1.150490,1.438784,1.707251,50.985180
3,7.295407,1.287720,exponential_3,450,150,rosenbrock,6,0.142282,1.694603,1.631623,1.979264,51.034885
3,7.295407,0.685363,exponential_3,450,150,rosenbrock,6,0.238747,1.519910,1.528442,1.654143,51.375300
3,8.541316,0.939444,exponential_3,450,150,rosenbrock,6,0.387580,1.671946,1.402344,1.923179,45.279770
3,6.231237,6.231237,exponential_3,450,150,rosenbrock,6,0.445541,2.649161,2.162033,544.627625,53.261650
3,7.295407,0.500000,exponential_3,450,150,rosenbrock,6,0.332096,1.953842,2.108113,1.682965,52.360190
3,0.585390,1.765111,exponential_5,450,150,rosenbrock,6,0.045787,6.551953,6.625475,69.603989,22.468140
3,8.541316,0.685363,exponential_3,450,150,rosenbrock,6,0.013513,1.029807,1.399880,1.603476,46.823235
3,8.541316,2.419483,exponential_3,450,150,rosenbrock,6,0.364887,2.109145,1.718898,544.777710,45.418325
3,7.295407,6.231237,exponential_3,450,150,rosenbrock,6,0.010046,2.439260,3.210395,2.327915,48.715640
3,10.000000,0.685363,exponential_3,450,150,rosenbrock,6,0.019533,1.318977,1.459089,1.827211,45.463405
3,0.585390,2.419483,exponential_5,450,150,rosenbrock,6,0.066341,5.990991,5.011652,56.756966,21.483555
3,8.541316,1.765111,exponential_3,450,150,rosenbrock,6,0.246190,2.495757,3.378156,2.213957,48.694090
3,10.000000,8.541316,exponential_3,450,150,rosenbrock,6,0.184021,4.412798,5.475357,748.675964,36.569450
3,0.585390,3.316448,exponential_5,450,150,rosenbrock,6,0.141538,2.519792,3.279230,1.930933,22.659270
3,0.585390,8.541316,exponential_5,450,150,rosenbrock,6,0.163248,1.664203,1.931803,216.127960,22.565505
3,0.585390,6.231237,exponential_5,450,150,rosenbrock,6,0.009145,2.325074,2.826428,1.673383,22.881465
3,8.541316,6.231237,exponential_3,450,150,rosenbrock,6,0.100286,2.561451,2.265570,1.931744,49.165340
3,6.231237,1.507637,exponential_3,450,150,rosenbrock,6,0.027831,1.203785,1.472587,1.706055,23.116030
3,8.541316,3.316448,exponential_3,450,150,rosenbrock,6,0.306757,1.923000,1.469293,2.157229,49.648270
3,8.541316,8.541316,exponential_3,450,150,rosenbrock,6,0.078621,3.662160,5.421115,999.503296,48.772400
3,0.585390,4.545940,exponential_5,450,150,rosenbrock,6,0.001171,2.250124,3.076160,37.514011,23.493660
3,0.500000,0.939444,exponential_5,450,150,rosenbrock,6,4.347468,94.662468,131.920471,156.227249,36.698340
3,5.322296,7.295407,exponential_3,450,150,rosenbrock,6,0.096639,2.407438,2.253866,2.092850,25.663960
3,10.000000,1.287720,exponential_3,450,150,rosenbrock,6,0.042173,3.008335,5.072154,65.509995,46.277660
3,0.500000,0.685363,exponential_5,450,150,rosenbrock,6,25.159729,323.448822,301.277222,647.434753,40.905755
3,5.322296,3.882831,exponential_3,450,150,rosenbrock,6,0.055493,2.150524,1.710258,2.047956,16.782505
3,10.000000,4.545940,exponential_3,450,150,rosenbrock,6,0.107918,3.086967,5.011198,892.319336,45.604660
3,10.000000,1.765111,exponential_3,450,150,rosenbrock,6,0.078201,2.143883,1.617909,2.366473,49.615535
3,10.000000,3.316448,exponential_3,450,150,rosenbrock,6,0.263337,1.856656,1.506511,544.821472,47.361955
3,0.685363,0.685363,exponential_5,450,150,rosenbrock,6,10.881237,96.343201,82.993286,253.433701,16.428685
3,0.500000,1.765111,exponential_5,450,150,rosenbrock,6,4.228516,56.020493,32.474590,158.263870,42.857060
3,10.000000,6.231237,exponential_3,450,150,rosenbrock,6,0.073043,2.996091,3.018044,892.370850,45.447995
3,7.295407,10.000000,exponential_3,450,150,rosenbrock,6,0.002162,2.715284,3.383439,854.727051,16.149655
3,10.000000,2.419483,exponential_3,450,150,rosenbrock,6,0.001122,2.945144,4.316743,2.644916,49.511855
3,0.500000,2.419483,exponential_5,450,150,rosenbrock,6,0.524884,3.797740,4.944994,68.300133,43.748125
3,0.685363,0.500000,exponential_5,450,150,rosenbrock,6,82.005562,284.909607,296.659790,304.615875,18.168460
3,5.322296,0.585390,exponential_3,450,150,rosenbrock,6,0.006876,1.943947,2.296588,1.136648,44.487705
3,8.541316,5.322296,exponential_3,450,150,rosenbrock,6,0.000029,2.628638,3.615493,210.261444,17.176955
3,0.685363,1.287720,exponential_5,450,150,rosenbrock,6,0.404249,5.644903,5.964126,58.670631,18.401780
3,4.545940,7.295407,exponential_3,450,150,rosenbrock,6,0.036296,1.999130,1.763962,2.087702,43.255060
3,5.322296,2.832683,exponential_3,450,150,rosenbrock,6,0.067237,1.984456,1.473036,2.223531,38.019850
3,0.685363,1.765111,exponential_5,450,150,rosenbrock,6,0.386555,4.793806,5.478839,41.935093,17.988900
3,0.500000,4.545940,exponential_5,450,150,rosenbrock,6,0.000368,2.002810,2.951499,1.903763,44.361910
3,7.295407,3.882831,exponential_3,450,150,rosenbrock,6,0.255746,2.765188,4.705805,544.655334,18.512515
3,0.685363,0.939444,exponential_5,450,150,rosenbrock,6,0.855876,18.602701,17.982649,201.652725,19.625775
3,8.541316,1.507637,exponential_3,450,150,rosenbrock,6,0.089879,2.148273,2.403951,544.767151,20.221750
3,10.000000,0.585390,exponential_3,450,150,rosenbrock,6,0.028092,0.635859,0.713006,0.665673,15.456705
3,0.685363,4.545940,exponential_5,450,150,rosenbrock,6,0.100741,2.033103,2.637469,1.774041,13.126605
3,0.685363,2.419483,exponential_5,450,150,rosenbrock,6,0.811287,2.935646,3.302322,28.371868,16.581755
3,0.685363,8.541316,exponential_5,450,150,rosenbrock,6,0.047097,1.454494,2.222393,2.186758,14.177170
3,0.685363,6.231237,exponential_5,450,150,rosenbrock,6,0.000002,2.200645,2.394434,1.895123,15.813740
3,0.500000,10.000000,exponential_5,450,150,rosenbrock,6,0.443678,2.131701,2.332449,2.097220,11.923070
3,0.585390,0.802409,exponential_5,450,150,rosenbrock,6,5.103537,185.167557,222.050186,311.251831,11.614510
3,0.585390,0.585390,exponential_5,450,150,rosenbrock,6,12.425937,218.495041,215.084534,508.333466,12.612340
3,0.500000,7.295407,exponential_5,450,150,rosenbrock,6,0.094598,2.070636,2.777157,1.713580,13.265420
3,0.802409,0.939444,exponential_5,450,150,rosenbrock,6,2.542881,49.031693,37.677208,116.271652,12.928505
3,0.585390,1.099883,exponential_5,450,150,rosenbrock,6,0.901902,52.296646,76.404373,93.396294,11.397480
3,0.500000,1.507637,exponential_5,450,150,rosenbrock,6,1.272411,51.362606,91.236511,94.525375,15.202405
3,0.585390,1.507637,exponential_5,450,150,rosenbrock,6,3.304823,26.324507,9.745509,172.737137,13.406810
3,0.500000,3.882831,exponential_5,450,150,rosenbrock,6,0.104856,2.903998,3.792673,24.201391,21.736210
3,0.685363,3.316448,exponential_5,450,150,rosenbrock,6,0.001128,2.505020,3.258856,11.400030,29.898910
3,0.585390,2.066557,exponential_5,450,150,rosenbrock,6,1.306862,15.993164,8.545032,71.307358,13.293675
3,6.231237,10.000000,exponential_3,450,150,rosenbrock,6,0.176570,2.497310,2.576522,749.810059,24.465715
3,0.585390,10.000000,exponential_5,450,150,rosenbrock,6,0.173576,2.311116,2.118417,2.803641,11.046905
3,0.585390,2.832683,exponential_5,450,150,rosenbrock,6,0.497261,3.833144,4.541395,42.265503,12.018260
3,0.585390,3.882831,exponential_5,450,150,rosenbrock,6,0.132276,4.386523,5.252949,50.920044,11.645945
3,0.585390,7.295407,exponential_5,450,150,rosenbrock,6,0.001074,1.887758,2.524865,8.555470,12.445700
3,8.541316,0.585390,exponential_3,450,150,rosenbrock,6,0.040524,2.098210,1.876926,2.550657,23.594525
3,0.802409,1.765111,exponential_5,450,150,rosenbrock,6,0.107602,4.140380,4.742136,63.316345,12.592500
3,0.802409,2.419483,exponential_5,450,150,rosenbrock,6,0.450001,2.128891,2.954992,63.619854,11.349180
3,0.585390,5.322296,exponential_5,450,150,rosenbrock,6,0.046471,2.018140,2.710962,1.792221,14.143890
3,7.295407,5.322296,exponential_3,450,150,rosenbrock,6,0.018912,2.599419,2.340223,581.002319,29.161215
3,0.685363,0.802409,exponential_5,450,150,rosenbrock,6,4.266123,48.194839,41.830208,217.187515,15.149650
3,10.000000,1.099883,exponential_3,450,150,rosenbrock,6,0.014255,1.539054,1.498164,544.882019,47.046770
3,0.802409,4.545940,exponential_5,450,150,rosenbrock,6,0.000587,1.524604,2.205413,2.120327,18.418265
3,0.802409,8.541316,exponential_5,450,150,rosenbrock,6,0.049978,0.970238,1.482527,1.696765,20.051885
3,0.685363,0.585390,exponential_5,450,150,rosenbrock,6,3.281917,151.580032,168.127975,214.738419,20.364180
3,0.685363,1.507637,exponential_5,450,150,rosenbrock,6,1.649560,28.616146,16.146553,154.257339,20.839370
3,0.685363,1.099883,exponential_5,450,150,rosenbrock,6,4.299278,23.882668,26.715816,81.592690,19.839930
3,0.685363,2.066557,exponential_5,450,150,rosenbrock,6,0.339472,3.524141,4.477633,71.432663,20.534360
3,0.939444,0.939444,exponential_5,450,150,rosenbrock,6,3.494194,47.737011,32.314224,163.567795,20.538940
3,0.802409,0.500000,exponential_5,450,150,rosenbrock,6,36.998081,193.995102,228.014191,287.809540,50.272000
3,0.685363,5.322296,exponential_5,450,150,rosenbrock,6,0.121928,2.172629,2.718604,2.140183,21.094405
3,0.939444,1.287720,exponential_5,450,150,rosenbrock,6,0.411001,4.595454,4.879617,81.203857,22.145290
3,8.541316,1.099883,exponential_3,450,150,rosenbrock,6,0.000818,1.224836,1.434698,1.682459,41.578355
3,0.939444,1.765111,exponential_5,450,150,rosenbrock,6,0.372867,4.935583,4.486146,57.818096,21.962345
3,0.685363,2.832683,exponential_5,450,150,rosenbrock,6,0.070332,3.026269,3.800095,2.198373,23.373315
3,7.295407,2.832683,exponential_3,450,150,rosenbrock,6,0.044873,2.734147,3.258463,544.625610,54.972020
3,0.685363,7.295407,exponential_5,450,150,rosenbrock,6,0.123125,1.445313,2.052601,1.476983,18.925210
3,10.000000,0.802409,exponential_3,450,150,rosenbrock,6,0.058917,1.497994,1.402883,544.887268,42.503955
3,0.802409,0.685363,exponential_5,450,150,rosenbrock,6,2.963665,85.220604,100.059967,230.694626,53.493620
3,8.541316,2.066557,exponential_3,450,150,rosenbrock,6,0.032122,2.980649,4.976870,2.766933,44.246480
3,0.802409,1.099883,exponential_5,450,150,rosenbrock,6,1.308806,15.452960,9.954315,52.511806,18.093195
3,0.939444,2.419483,exponential_5,450,150,rosenbrock,6,0.001041,2.983323,3.477896,70.784767,19.357220
3,0.939444,4.545940,exponential_5,450,150,rosenbrock,6,0.142690,2.066743,2.438107,1.359695,18.676500
3,0.939444,3.316448,exponential_5,450,150,rosenbrock,6,0.020252,2.445314,2.902047,34.727936,19.142435
3,0.500000,0.585390,exponential_5,450,150,rosenbrock,6,32.124706,325.709778,443.526978,486.519348,58.844600
3,5.322296,10.000000,exponential_3,450,150,rosenbrock,6,0.082720,2.840890,3.952151,544.640381,57.972665
3,0.939444,6.231237,exponential_5,450,150,rosenbrock,6,0.001183,1.900471,2.147430,2.166354,20.031770
3,6.231237,0.802409,exponential_3,450,150,rosenbrock,6,0.145860,1.063087,1.337710,0.896146,58.136765
3,6.231237,2.066557,exponential_3,450,150,rosenbrock,6,0.211168,2.103709,1.615912,1.850310,58.154610
3,6.231237,0.585390,exponential_3,450,150,rosenbrock,6,0.047876,1.296958,1.897182,1.902421,59.113410
3,5.322296,5.322296,exponential_3,450,150,rosenbrock,6,0.021680,2.669620,2.257689,999.819641,59.960625
3,6.231237,1.099883,exponential_3,450,150,rosenbrock,6,0.123052,2.182018,1.772176,544.760559,59.268890
3,1.099883,0.500000,exponential_5,450,150,rosenbrock,6,4.693803,88.649628,131.029297,199.799133,12.655905
3,8.541316,3.882831,exponential_3,450,150,rosenbrock,6,0.032784,1.848970,1.523667,2.563236,46.757645
3,6.231237,2.832683,exponential_3,450,150,rosenbrock,6,0.180042,1.794004,1.623465,1.833492,59.850755
3,0.500000,1.099883,exponential_5,450,150,rosenbrock,6,2.726600,118.100586,128.060776,163.223251,46.555790
3,0.802409,1.287720,exponential_5,450,150,rosenbrock,6,0.254818,4.236862,5.302463,46.601841,57.121260
3,0.939444,8.541316,exponential_5,450,150,rosenbrock,6,0.252641,1.973850,1.865942,2.175411,15.917985
3,8.541316,7.295407,exponential_3,450,150,rosenbrock,6,0.082863,3.874315,5.419441,749.463562,49.362250
3,7.295407,2.066557,exponential_3,450,150,rosenbrock,6,0.053707,1.114463,1.216648,1.529670,56.347440
3,8.541316,10.000000,exponential_3,450,150,rosenbrock,6,0.553548,4.598569,4.249951,997.183899,48.946615
3,1.099883,0.685363,exponential_5,450,150,rosenbrock,6,4.058535,38.788799,39.635384,168.997360,13.507995
3,7.295407,1.507637,exponential_3,450,150,rosenbrock,6,0.000522,2.769116,4.800098,2.565139,55.515315
3,6.231237,3.882831,exponential_3,450,150,rosenbrock,6,0.087008,2.930459,4.352472,2.074827,58.929415
3,1.099883,0.939444,exponential_5,450,150,rosenbrock,6,0.239200,11.842460,6.101889,183.174103,13.035515
3,7.295407,1.099883,exponential_3,450,150,rosenbrock,6,0.094674,1.066731,1.205602,1.667807,57.311145
3,6.231237,7.295407,exponential_3,450,150,rosenbrock,6,0.039712,1.650595,1.499264,544.859131,57.165210
3,0.500000,0.802409,exponential_5,450,150,rosenbrock,6,8.470230,238.315933,293.644501,229.541626,49.196955
3,7.295407,0.802409,exponential_3,450,150,rosenbrock,6,0.007829,1.363821,1.485103,1.976897,57.348505
3,10.000000,1.507637,exponential_3,450,150,rosenbrock,6,0.001130,2.115416,1.457154,749.921082,50.375990
3,10.000000,10.000000,exponential_3,450,150,rosenbrock,6,0.590155,7.397887,7.749777,998.398010,54.856250
3,8.541316,2.832683,exponential_3,450,150,rosenbrock,6,0.073962,2.432262,3.578239,2.198944,56.740980
3,6.231237,5.322296,exponential_3,450,150,rosenbrock,6,0.001513,1.900793,1.522939,544.792114,59.625840
3,10.000000,2.066557,exponential_3,450,150,rosenbrock,6,0.019345,2.291597,1.705302,544.741089,48.326350
3,7.295407,0.585390,exponential_3,450,150,rosenbrock,6,0.097157,1.944940,1.878774,1.683014,58.338890
3,7.295407,7.295407,exponential_3,450,150,rosenbrock,6,0.228149,2.441324,2.531744,2.121758,55.809310
3,8.541316,0.802409,exponential_3,450,150,rosenbrock,6,0.003946,2.135149,1.588740,2.930971,57.650125
3,10.000000,5.322296,exponential_3,450,150,rosenbrock,6,0.059730,2.235980,1.856624,544.751526,49.782655
3,10.000000,7.295407,exponential_3,450,150,rosenbrock,6,0.523678,2.667035,3.002706,544.757141,45.768735
3,0.500000,2.066557,exponential_5,450,150,rosenbrock,6,0.870085,18.022081,6.133548,58.342216,48.142775
3,0.939444,0.500000,exponential_5,450,150,rosenbrock,6,6.242876,120.788383,119.166222,391.320679,43.208920
3,0.802409,6.231237,exponential_5,450,150,rosenbrock,6,0.245555,1.997762,2.362253,1.684490,45.460170
3,10.000000,3.882831,exponential_3,450,150,rosenbrock,6,0.061532,2.212101,1.863079,892.612610,49.938670
3,0.500000,5.322296,exponential_5,450,150,rosenbrock,6,0.017933,3.023481,3.482325,20.233706,42.994520
3,0.802409,3.316448,exponential_5,450,150,rosenbrock,6,0.013592,2.160817,3.257241,2.355377,51.920060
3,10.000000,2.832683,exponential_3,450,150,rosenbrock,6,0.008587,1.475808,1.373161,2.180913,46.312990
3,0.500000,2.832683,exponential_5,450,150,rosenbrock,6,0.018457,3.572734,4.842217,25.722237,46.383990
3,0.939444,0.685363,exponential_5,450,150,rosenbrock,6,5.994794,53.692047,68.079193,105.806435,44.920505
3,0.685363,10.000000,exponential_5,450,150,rosenbrock,6,0.062726,1.887743,2.222017,1.767752,39.672575
3,1.099883,2.419483,exponential_5,450,150,rosenbrock,6,0.201684,2.881425,3.229918,15.450330,14.154210
3,1.099883,3.316448,exponential_5,450,150,rosenbrock,6,0.023566,1.806474,2.524359,2.120051,15.015455
3,1.099883,1.287720,exponential_5,450,150,rosenbrock,6,0.143703,3.621770,4.176639,65.889572,17.491810
3,1.099883,4.545940,exponential_5,450,150,rosenbrock,6,0.002154,1.847951,2.299954,2.281862,15.700405
3,0.802409,2.066557,exponential_5,450,150,rosenbrock,6,0.614985,3.772075,4.276840,18.896685,15.477930
3,0.685363,3.882831,exponential_5,450,150,rosenbrock,6,0.021427,1.917181,3.019253,24.397793,22.828710
3,1.099883,6.231237,exponential_5,450,150,rosenbrock,6,0.041205,1.528064,1.935066,1.237738,18.285150
3,1.287720,0.500000,exponential_5,450,150,rosenbrock,6,0.292087,64.049133,71.372711,113.692513,16.351130
3,0.802409,2.832683,exponential_5,450,150,rosenbrock,6,0.049962,2.239530,2.931107,1.909071,17.282745
3,1.287720,1.287720,exponential_5,450,150,rosenbrock,6,0.022204,3.086300,4.200008,64.665756,14.881480
3,1.287720,0.939444,exponential_5,450,150,rosenbrock,6,0.008524,9.716505,6.105011,97.009178,16.961930
3,1.099883,1.765111,exponential_5,450,150,rosenbrock,6,0.455120,3.082398,3.485718,38.595245,26.074095
3,0.802409,10.000000,exponential_5,450,150,rosenbrock,6,0.002914,1.010477,1.179295,1.857033,15.788400
3,0.802409,5.322296,exponential_5,450,150,rosenbrock,6,0.045473,2.777831,3.361305,2.057272,16.483930
3,0.939444,1.507637,exponential_5,450,150,rosenbrock,6,0.563156,4.670662,4.958287,199.593262,15.012495
3,0.802409,0.585390,exponential_5,450,150,rosenbrock,6,4.211285,161.434311,174.767807,412.856323,15.177480
3,1.099883,8.541316,exponential_5,450,150,rosenbrock,6,0.000028,1.928317,2.239497,544.808167,23.596865
3,1.287720,2.419483,exponential_5,450,150,rosenbrock,6,0.235621,1.976326,2.479716,1.529790,16.311795
3,0.939444,1.099883,exponential_5,450,150,rosenbrock,6,0.215425,6.860824,5.345253,72.673981,16.490905
3,1.287720,0.685363,exponential_5,450,150,rosenbrock,6,0.371343,31.012056,11.518991,93.751968,20.733870
3,1.287720,3.316448,exponential_5,450,150,rosenbrock,6,0.416425,2.333916,2.390774,1.489405,17.026965
3,1.287720,4.545940,exponential_5,450,150,rosenbrock,6,0.020581,1.772663,2.103946,1.409257,19.421690
3,1.287720,1.765111,exponential_5,450,150,rosenbrock,6,0.002107,2.157919,3.106503,1.541752,21.545405
3,1.287720,6.231237,exponential_5,450,150,rosenbrock,6,0.034801,2.158762,2.208872,65.526215,20.537420
3,0.939444,5.322296,exponential_5,450,150,rosenbrock,6,0.332560,1.947146,2.390182,1.145795,12.494515
3,0.939444,2.832683,exponential_5,450,150,rosenbrock,6,0.017995,2.448342,3.088023,1.787457,12.809225
3,1.287720,8.541316,exponential_5,450,150,rosenbrock,6,0.015675,1.870563,2.007210,216.031738,21.717110
3,1.507637,2.419483,exponential_5,450,150,rosenbrock,6,1.067036,2.882830,2.983803,1.701443,14.924930
3,0.939444,3.882831,exponential_5,450,150,rosenbrock,6,0.017369,1.787429,2.206378,1.490809,13.724710
3,1.507637,3.316448,exponential_5,450,150,rosenbrock,6,0.017419,1.769404,2.234471,1.573521,12.264295
3,0.939444,7.295407,exponential_5,450,150,rosenbrock,6,0.012823,1.427200,2.009216,2.495805,12.949165
3,0.939444,10.000000,exponential_5,450,150,rosenbrock,6,0.495618,2.163596,2.155059,1.749546,13.685630
3,1.099883,0.802409,exponential_5,450,150,rosenbrock,6,3.408113,41.357704,41.141388,135.764801,11.933030
3,1.507637,0.685363,exponential_5,450,150,rosenbrock,6,2.476543,12.699326,6.022473,55.926662,23.552030
3,1.507637,0.500000,exponential_5,450,150,rosenbrock,6,1.586494,69.463333,32.633232,142.697495,25.455115
3,0.802409,0.802409,exponential_5,450,150,rosenbrock,6,0.410314,48.792007,50.861641,236.932434,21.024080
3,1.099883,0.585390,exponential_5,450,150,rosenbrock,6,5.243466,84.590553,87.673599,232.585464,15.253960
3,0.939444,2.066557,exponential_5,450,150,rosenbrock,6,0.278329,2.650065,3.154566,26.174318,28.716545
3,1.099883,1.099883,exponential_5,450,150,rosenbrock,6,0.282899,11.054403,6.386954,66.369125,13.439905
3,1.507637,1.765111,exponential_5,450,150,rosenbrock,6,0.004297,2.150615,2.380879,50.168137,27.504605
3,1.507637,1.287720,exponential_5,450,150,rosenbrock,6,0.776565,3.564305,4.046647,23.216391,30.653960
3,1.507637,0.939444,exponential_5,450,150,rosenbrock,6,0.014238,3.675681,4.327929,44.104687,35.274140
3,2.419483,3.316448,exponential_5,450,150,rosenbrock,6,0.368969,2.757050,2.265836,65.618591,20.041990
3,1.099883,2.832683,exponential_5,450,150,rosenbrock,6,0.004904,2.332431,2.930623,24.305723,19.062855
3,1.099883,1.507637,exponential_5,450,150,rosenbrock,6,0.871739,3.612875,3.984361,42.414841,19.053685
3,1.099883,3.882831,exponential_5,450,150,rosenbrock,6,0.004323,1.720250,2.190902,1.589268,19.393370
3,1.099883,5.322296,exponential_5,450,150,rosenbrock,6,0.000011,1.326397,2.041834,1.224647,19.325445
3,2.832683,0.685363,exponential_5,450,150,rosenbrock,6,0.000882,4.120389,5.221252,18.491533,19.157555
3,1.099883,7.295407,exponential_5,450,150,rosenbrock,6,0.223816,2.872272,2.181760,544.609070,19.564635
3,2.832683,1.287720,exponential_5,450,150,rosenbrock,6,0.098411,2.534482,2.902700,1.557192,18.760950
3,1.287720,1.507637,exponential_5,450,150,rosenbrock,6,0.130469,2.946857,3.669394,1.313488,18.759445
3,1.287720,0.585390,exponential_5,450,150,rosenbrock,6,0.888725,39.817787,15.764996,194.004257,19.620820
3,1.765111,3.316448,exponential_5,450,150,rosenbrock,6,0.280255,2.629986,2.637294,204.774994,35.263825
3,1.765111,2.419483,exponential_5,450,150,rosenbrock,6,0.505383,2.549738,2.630211,1.952511,37.273915
3,1.765111,1.287720,exponential_5,450,150,rosenbrock,6,0.233800,2.577676,3.248983,1.432358,38.225200
3,1.765111,6.231237,exponential_5,450,150,rosenbrock,6,0.004440,2.531773,3.224667,544.604980,36.083575
3,1.287720,1.099883,exponential_5,450,150,rosenbrock,6,0.261381,4.689738,4.476005,44.355164,20.973205
3,2.832683,2.419483,exponential_5,450,150,rosenbrock,6,0.218890,1.623937,1.756632,210.463654,17.067560
3,2.832683,1.765111,exponential_5,450,150,rosenbrock,6,0.098945,1.648083,2.355966,2.044642,21.932985
3,2.832683,3.316448,exponential_5,450,150,rosenbrock,6,0.049203,2.838153,3.345654,1.939942,19.747505
3,1.765111,0.939444,exponential_5,450,150,rosenbrock,6,0.152718,2.648032,3.576133,25.728758,48.595160
3,1.765111,0.500000,exponential_5,450,150,rosenbrock,6,1.123432,36.547180,33.904068,119.734512,48.627480
3,1.765111,0.685363,exponential_5,450,150,rosenbrock,6,0.286815,3.970347,4.532019,67.220924,49.888405
3,2.832683,4.545940,exponential_5,450,150,rosenbrock,6,0.011222,1.502411,2.116037,544.904663,18.585315
3,0.802409,1.507637,exponential_5,450,150,rosenbrock,6,0.576302,11.929344,8.249828,128.624496,50.572020
3,2.419483,2.419483,exponential_5,450,150,rosenbrock,6,0.007023,1.196650,1.792990,1.461886,41.078710
3,1.507637,6.231237,exponential_5,450,150,rosenbrock,6,0.002106,2.606680,2.710386,1.907987,51.697980
3,1.507637,8.541316,exponential_5,450,150,rosenbrock,6,0.002885,3.467170,5.417964,544.384033,51.713985
3,1.765111,1.765111,exponential_5,450,150,rosenbrock,6,0.004069,1.668483,2.107253,2.392740,51.793870
3,2.419483,1.765111,exponential_5,450,150,rosenbrock,6,0.039324,1.682047,2.394557,1.965915,42.631555
3,1.507637,4.545940,exponential_5,450,150,rosenbrock,6,0.013369,2.045573,2.167157,216.045166,53.965355
3,2.066557,1.287720,exponential_5,450,150,rosenbrock,6,0.083734,2.067919,2.858938,7.121917,44.381240
3,2.066557,8.541316,exponential_5,450,150,rosenbrock,6,0.093667,2.345311,2.127217,2.722599,43.382700
3,2.066557,2.419483,exponential_5,450,150,rosenbrock,6,0.038817,1.806999,2.317066,2.301350,44.686480
3,2.419483,1.287720,exponential_5,450,150,rosenbrock,6,0.241147,2.148303,2.672184,2.717798,43.770960
3,1.765111,4.545940,exponential_5,450,150,rosenbrock,6,0.050519,2.500313,2.266694,2.813174,52.085645
3,0.939444,0.585390,exponential_5,450,150,rosenbrock,6,5.661986,104.359535,128.139343,128.202240,43.891635
3,2.419483,6.231237,exponential_5,450,150,rosenbrock,6,0.097847,2.084723,2.217033,2.161448,41.733575
3,0.802409,7.295407,exponential_5,450,150,rosenbrock,6,0.002990,2.314354,2.378288,65.691345,44.339180
3,0.939444,0.802409,exponential_5,450,150,rosenbrock,6,1.993982,25.669220,26.689999,70.874794,42.086065
3,2.832683,6.231237,exponential_5,450,150,rosenbrock,6,0.000004,2.714852,2.255953,210.347809,20.205295
3,1.287720,3.882831,exponential_5,450,150,rosenbrock,6,0.082507,1.836808,2.018549,1.544073,20.335945
3,2.419483,8.541316,exponential_5,450,150,rosenbrock,6,1.237334,3.649501,5.417943,544.496094,42.526000
3,1.287720,2.066557,exponential_5,450,150,rosenbrock,6,1.006730,3.091761,3.215701,23.094076,20.666320
3,1.287720,5.322296,exponential_5,450,150,rosenbrock,6,0.000000,1.555035,2.236944,1.510017,21.121925
3,1.287720,7.295407,exponential_5,450,150,rosenbrock,6,0.000026,2.072381,2.121235,749.932373,19.300085
3,1.287720,2.832683,exponential_5,450,150,rosenbrock,6,0.002916,2.311644,2.586393,2.411371,21.934990
3,1.099883,2.066557,exponential_5,450,150,rosenbrock,6,0.044935,2.680492,3.490124,33.924515,36.207090
3,2.419483,4.545940,exponential_5,450,150,rosenbrock,6,0.198348,1.583875,1.930616,1.552234,45.846800
3,1.765111,8.541316,exponential_5,450,150,rosenbrock,6,0.056656,2.962864,4.280684,749.694092,53.850370
3,2.066557,3.316448,exponential_5,450,150,rosenbrock,6,0.015252,2.271836,2.251089,65.659882,49.614025
3,3.316448,0.500000,exponential_5,450,150,rosenbrock,6,2.566161,3.888999,3.997422,32.515244,18.111210
3,2.066557,0.500000,exponential_5,450,150,rosenbrock,6,0.000789,27.067009,26.962259,150.124527,53.846900
3,2.419483,0.500000,exponential_5,450,150,rosenbrock,6,0.027899,10.225768,5.361885,138.814575,48.999535
3,0.802409,3.882831,exponential_5,450,150,rosenbrock,6,0.038487,2.111996,2.780279,18.215240,47.240140
3,2.832683,8.541316,exponential_5,450,150,rosenbrock,6,1.130224,2.971532,2.843135,749.696533,20.120845
3,2.066557,4.545940,exponential_5,450,150,rosenbrock,6,0.114207,1.937538,2.098095,1.746387,50.803440
3,2.066557,6.231237,exponential_5,450,150,rosenbrock,6,0.000474,1.887837,1.734785,749.988525,50.470240
3,2.419483,0.685363,exponential_5,450,150,rosenbrock,6,0.083839,3.209910,4.119939,1.822847,50.169670
3,2.066557,1.765111,exponential_5,450,150,rosenbrock,6,0.683562,2.259619,2.420599,1.817965,51.496790
3,2.066557,0.685363,exponential_5,450,150,rosenbrock,6,0.006691,3.906434,4.669062,32.732327,52.389310
3,2.832683,0.500000,exponential_5,450,150,rosenbrock,6,0.010459,21.301661,5.355833,82.677788,47.807070
3,2.066557,0.939444,exponential_5,450,150,rosenbrock,6,0.101743,2.877514,3.862694,42.883801,52.356510
3,2.419483,0.939444,exponential_5,450,150,rosenbrock,6,0.083020,2.446630,3.043592,30.008167,50.777870
3,2.832683,0.939444,exponential_5,450,150,rosenbrock,6,0.000003,1.697838,2.545600,2.279576,46.493395
3,1.287720,0.802409,exponential_5,450,150,rosenbrock,6,2.600426,19.671696,7.311926,119.297089,26.882165
3,1.099883,10.000000,exponential_5,450,150,rosenbrock,6,0.036479,2.901306,3.784859,575.117432,28.199145
3,1.507637,2.832683,exponential_5,450,150,rosenbrock,6,0.109276,1.581794,2.320330,1.476806,20.396965
3,3.316448,0.939444,exponential_5,450,150,rosenbrock,6,0.559384,2.666938,2.812808,1.766228,17.025160
3,3.316448,0.685363,exponential_5,450,150,rosenbrock,6,0.039657,2.537672,3.047503,2.439767,20.733780
3,1.507637,3.882831,exponential_5,450,150,rosenbrock,6,0.008874,1.664384,1.656786,2.931697,20.473460
3,3.316448,1.287720,exponential_5,450,150,rosenbrock,6,0.165647,1.541920,2.091464,1.329173,18.428150
3,3.316448,1.765111,exponential_5,450,150,rosenbrock,6,0.000944,1.890404,1.993326,2.300565,19.029530
3,1.287720,10.000000,exponential_5,450,150,rosenbrock,6,0.103057,2.826944,3.830676,2.807594,24.347620
3,1.507637,0.802409,exponential_5,450,150,rosenbrock,6,1.023603,4.873149,5.493902,39.662674,15.703075
3,1.507637,0.585390,exponential_5,450,150,rosenbrock,6,1.795826,27.355938,20.402981,89.238403,15.912260
3,3.316448,3.316448,exponential_5,450,150,rosenbrock,6,0.358853,3.028687,2.614969,897.695923,14.614280
3,3.316448,6.231237,exponential_5,450,150,rosenbrock,6,0.634009,3.134284,3.974381,1.931257,14.276185
3,3.316448,4.545940,exponential_5,450,150,rosenbrock,6,0.017831,1.941049,2.159911,753.239075,15.774425
3,3.316448,2.419483,exponential_5,450,150,rosenbrock,6,0.001644,1.779226,1.968544,544.834595,17.417500
3,3.882831,0.500000,exponential_5,450,150,rosenbrock,6,0.119096,3.220904,3.881281,29.997051,16.069980
3,2.832683,1.507637,exponential_5,450,150,rosenbrock,6,0.242043,1.626205,2.207618,1.431256,15.808725
3,3.882831,1.287720,exponential_5,450,150,rosenbrock,6,0.029548,1.353610,1.825425,2.163237,16.158670
3,3.316448,8.541316,exponential_5,450,150,rosenbrock,6,0.015799,2.644053,2.183938,2.331767,17.123795
3,2.832683,0.802409,exponential_5,450,150,rosenbrock,6,0.018900,2.089877,2.843162,30.517944,16.484110
3,3.882831,1.765111,exponential_5,450,150,rosenbrock,6,0.011644,1.434980,1.694397,1.347082,17.222730
3,1.507637,1.507637,exponential_5,450,150,rosenbrock,6,0.639949,3.670390,4.623206,17.349915,18.400340
3,1.507637,1.099883,exponential_5,450,150,rosenbrock,6,0.313561,3.797089,4.058693,61.513924,18.507135
3,1.507637,2.066557,exponential_5,450,150,rosenbrock,6,0.001443,1.508945,2.523013,1.246854,19.123255
3,2.419483,3.882831,exponential_5,450,150,rosenbrock,6,0.002449,1.366339,1.970418,1.842307,20.643510
3,3.882831,0.939444,exponential_5,450,150,rosenbrock,6,0.026095,1.959463,2.570042,2.173642,20.924165
3,3.882831,3.316448,exponential_5,450,150,rosenbrock,6,0.081293,0.968337,1.168154,1.694747,13.280160
3,2.832683,2.066557,exponential_5,450,150,rosenbrock,6,0.266415,2.036538,2.334264,2.041297,12.073855
3,3.882831,2.419483,exponential_5,450,150,rosenbrock,6,0.070908,1.171229,1.458767,544.947693,21.796320
3,2.832683,3.882831,exponential_5,450,150,rosenbrock,6,0.061624,2.022683,2.015234,216.006973,12.208500
3,3.882831,0.685363,exponential_5,450,150,rosenbrock,6,0.988761,2.617680,3.062253,29.664984,25.703695
3,1.765111,3.882831,exponential_5,450,150,rosenbrock,6,0.024048,2.011176,2.220201,2.145490,24.162605
3,2.832683,5.322296,exponential_5,450,150,rosenbrock,6,0.000601,2.345505,2.126025,544.761902,13.704150
3,3.316448,10.000000,exponential_5,450,150,rosenbrock,6,0.295711,2.493769,2.235922,1.841283,12.793095
3,5.322296,3.316448,exponential_5,450,150,rosenbrock,6,0.000644,1.455298,1.964804,1.678082,13.198065
3,4.545940,0.685363,exponential_5,450,150,rosenbrock,6,0.000915,1.964438,2.468879,1.723799,12.772400
3,2.832683,7.295407,exponential_5,450,150,rosenbrock,6,0.008671,1.813999,1.891373,750.003662,13.801900
3,4.545940,1.287720,exponential_5,450,150,rosenbrock,6,0.051342,2.248301,2.168135,2.557379,11.984450
3,4.545940,0.939444,exponential_5,450,150,rosenbrock,6,0.000193,1.789839,2.381461,1.455606,13.082220
3,1.765111,2.832683,exponential_5,450,150,rosenbrock,6,0.100257,2.014068,2.369129,1.419333,29.539255
3,1.765111,7.295407,exponential_5,450,150,rosenbrock,6,0.008233,1.780501,2.042913,1.655804,27.919310
3,4.545940,1.765111,exponential_5,450,150,rosenbrock,6,0.029992,1.275526,1.758968,1.286720,14.129520
3,1.765111,1.507637,exponential_5,450,150,rosenbrock,6,0.020794,2.157088,2.976774,1.793029,29.661175
3,4.545940,2.419483,exponential_5,450,150,rosenbrock,6,0.335056,2.829827,2.619000,544.595398,13.383110
3,2.832683,2.832683,exponential_5,450,150,rosenbrock,6,0.321128,2.592753,2.227356,1.712227,32.693725
3,3.316448,0.585390,exponential_5,450,150,rosenbrock,6,0.014608,3.021033,4.117971,40.274353,15.002165
3,2.832683,10.000000,exponential_5,450,150,rosenbrock,6,0.747980,3.291102,3.892431,892.255615,15.817590
3,3.316448,1.099883,exponential_5,450,150,rosenbrock,6,0.124120,1.947697,2.666848,1.384486,16.355985
3,5.322296,0.500000,exponential_5,450,150,rosenbrock,6,0.031277,1.690511,2.369942,34.889740,16.421815
3,3.316448,0.802409,exponential_5,450,150,rosenbrock,6,0.281741,2.735984,2.895487,74.886559,16.550480
3,3.316448,1.507637,exponential_5,450,150,rosenbrock,6,0.048241,1.653927,2.151008,1.138014,16.404870
3,5.322296,0.685363,exponential_5,450,150,rosenbrock,6,0.316771,2.100359,2.568069,216.035217,17.430530
3,3.316448,2.066557,exponential_5,450,150,rosenbrock,6,0.054040,2.882331,3.134634,1.779811,17.091665
3,5.322296,1.765111,exponential_5,450,150,rosenbrock,6,0.355340,1.587691,2.015062,1.710328,16.587790
3,3.316448,5.322296,exponential_5,450,150,rosenbrock,6,0.036687,2.946999,3.985094,210.256790,14.990430
3,1.765111,1.099883,exponential_5,450,150,rosenbrock,6,0.002367,3.098052,4.125305,34.297714,39.836490
3,1.765111,0.585390,exponential_5,450,150,rosenbrock,6,0.307025,14.746250,6.287575,68.303513,39.855085
3,2.066557,2.832683,exponential_5,450,150,rosenbrock,6,0.004981,1.445746,2.027951,1.796579,37.973915
3,3.316448,3.882831,exponential_5,450,150,rosenbrock,6,0.000864,2.063613,2.296308,65.753593,17.873425
3,3.316448,7.295407,exponential_5,450,150,rosenbrock,6,0.003742,2.753621,2.731403,749.754211,17.178945
3,2.419483,2.066557,exponential_5,450,150,rosenbrock,6,0.054471,1.712925,2.083880,1.462813,39.515470
3,1.765111,5.322296,exponential_5,450,150,rosenbrock,6,0.013236,2.841731,2.538049,2.305229,40.014875
3,2.419483,2.832683,exponential_5,450,150,rosenbrock,6,0.270599,1.837777,2.223029,1.648513,40.580715
3,2.419483,10.000000,exponential_5,450,150,rosenbrock,6,0.062011,3.121050,4.945926,2.104688,39.407310
3,2.419483,1.507637,exponential_5,450,150,rosenbrock,6,0.002206,2.044166,2.448782,1.810487,41.534590
3,3.882831,6.231237,exponential_5,450,150,rosenbrock,6,0.170579,2.934176,3.865667,2.067548,40.754385
3,1.507637,5.322296,exponential_5,450,150,rosenbrock,6,0.001240,1.409607,1.925067,210.575348,42.371350
3,2.066557,1.507637,exponential_5,450,150,rosenbrock,6,0.110804,2.517767,2.996934,2.157111,42.488185
3,1.507637,10.000000,exponential_5,450,150,rosenbrock,6,0.942112,3.267281,2.858346,706.379150,42.655725
3,1.765111,2.066557,exponential_5,450,150,rosenbrock,6,0.146447,1.974923,2.558890,1.635760,42.996220
3,3.882831,4.545940,exponential_5,450,150,rosenbrock,6,0.000084,2.012206,1.941138,544.751038,43.694430
3,2.066557,10.000000,exponential_5,450,150,rosenbrock,6,0.000028,1.757759,2.092506,749.947021,43.455795
3,4.545940,0.500000,exponential_5,450,150,rosenbrock,6,0.054326,2.481495,3.207298,2.265387,43.018245
3,3.882831,0.585390,exponential_5,450,150,rosenbrock,6,0.042430,2.864833,3.525658,48.580021,16.213150
3,5.322296,2.419483,exponential_5,450,150,rosenbrock,6,0.001277,1.774556,2.245053,1.894001,14.257035
3,1.765111,0.802409,exponential_5,450,150,rosenbrock,6,0.655072,3.689247,4.508697,15.765346,47.073310
3,1.507637,7.295407,exponential_5,450,150,rosenbrock,6,0.030373,2.317212,2.287672,1.790039,45.902565
3,3.882831,1.507637,exponential_5,450,150,rosenbrock,6,0.005715,1.475321,1.929987,1.748141,14.325175
3,4.545940,3.316448,exponential_5,450,150,rosenbrock,6,0.019232,1.948812,1.927023,2.389508,41.128085
3,3.882831,2.066557,exponential_5,450,150,rosenbrock,6,0.151300,2.224171,2.209113,2.415591,17.079695
3,2.419483,5.322296,exponential_5,450,150,rosenbrock,6,0.023974,2.033169,2.057992,537.681335,41.435385
3,5.322296,6.231237,exponential_5,450,150,rosenbrock,6,0.498141,3.197143,4.172119,573.356934,17.343350
3,4.545940,8.541316,exponential_5,450,150,rosenbrock,6,1.388771,3.194805,3.069730,2.085853,37.024475
3,4.545940,6.231237,exponential_5,450,150,rosenbrock,6,0.649075,3.364700,5.358983,3.066424,37.693590
3,5.322296,1.287720,exponential_5,450,150,rosenbrock,6,0.495543,2.395056,2.360229,2.129031,35.457325
3,5.322296,0.939444,exponential_5,450,150,rosenbrock,6,0.043075,1.672093,2.102167,1.847926,37.922485
3,3.882831,3.882831,exponential_5,450,150,rosenbrock,6,0.840469,2.851187,2.432512,544.668335,18.341140
3,3.882831,1.099883,exponential_5,450,150,rosenbrock,6,0.018385,1.890942,2.304982,1.716572,19.510965
3,6.231237,0.685363,exponential_5,450,150,rosenbrock,6,0.068858,1.383981,1.765712,32.185020,18.475685
3,3.882831,2.832683,exponential_5,450,150,rosenbrock,6,0.671281,2.663345,2.377450,2.123055,18.791280
3,6.231237,0.939444,exponential_5,450,150,rosenbrock,6,0.237087,1.905908,2.208848,1.752098,18.507820
3,1.765111,10.000000,exponential_5,450,150,rosenbrock,6,0.013720,1.826361,1.806599,750.009338,47.860615
3,3.882831,0.802409,exponential_5,450,150,rosenbrock,6,0.005628,1.966097,2.549497,32.730957,18.403840
3,2.066557,0.585390,exponential_5,450,150,rosenbrock,6,1.431807,15.888608,5.581197,65.381569,47.369195
3,2.419483,0.585390,exponential_5,450,150,rosenbrock,6,0.392999,4.587901,4.990645,44.409607,47.261230
3,2.066557,3.882831,exponential_5,450,150,rosenbrock,6,0.394293,2.436001,2.319921,1.686937,48.994550
3,2.066557,5.322296,exponential_5,450,150,rosenbrock,6,0.000009,2.527635,2.170093,544.611023,47.124895
3,2.832683,0.585390,exponential_5,450,150,rosenbrock,6,0.556871,3.496509,4.353509,30.132410,47.018105
3,2.066557,7.295407,exponential_5,450,150,rosenbrock,6,0.097889,2.371288,2.250751,2.330673,48.007500
3,6.231237,1.765111,exponential_5,450,150,rosenbrock,6,0.160301,2.686117,2.503201,2.129154,17.742670
3,2.419483,0.802409,exponential_5,450,150,rosenbrock,6,0.114614,2.761580,3.650177,13.220016,48.399610
3,4.545940,4.545940,exponential_5,450,150,rosenbrock,6,0.036659,2.434153,2.240297,210.317139,48.737895
3,2.066557,1.099883,exponential_5,450,150,rosenbrock,6,0.001444,2.567170,3.344253,1.889333,47.723400
3,6.231237,2.419483,exponential_5,450,150,rosenbrock,6,0.061296,2.296961,2.112641,2.385625,17.402065
3,2.832683,1.099883,exponential_5,450,150,rosenbrock,6,0.149127,1.936080,2.649077,1.895795,47.437280
3,5.322296,4.545940,exponential_5,450,150,rosenbrock,6,0.196469,2.089852,2.007433,2.480983,28.984450
3,3.882831,8.541316,exponential_5,450,150,rosenbrock,6,0.098289,2.369234,2.097354,544.687622,29.566650
3,2.066557,2.066557,exponential_5,450,150,rosenbrock,6,0.081628,1.808574,2.219831,1.339765,47.992810
3,5.322296,3.882831,exponential_5,450,150,rosenbrock,6,0.312261,2.761084,2.176862,544.607117,17.614245
3,2.419483,7.295407,exponential_5,450,150,rosenbrock,6,0.118617,1.499695,1.862040,750.088440,29.734585
3,2.066557,0.802409,exponential_5,450,150,rosenbrock,6,0.482809,3.967182,4.515909,34.531948,48.226265
3,5.322296,8.541316,exponential_5,450,150,rosenbrock,6,0.000383,3.563141,5.389944,1.946720,27.882825
3,6.231237,0.500000,exponential_5,450,150,rosenbrock,6,0.315078,2.224804,2.552729,2.553368,26.865575
3,4.545940,0.802409,exponential_5,450,150,rosenbrock,6,0.204476,2.036504,2.509809,2.199698,16.998605
3,2.419483,1.099883,exponential_5,450,150,rosenbrock,6,0.003938,2.164972,3.158679,65.726082,49.001660
3,6.231237,3.316448,exponential_5,450,150,rosenbrock,6,0.359420,2.454126,2.350770,570.001343,17.247370
3,4.545940,1.507637,exponential_5,450,150,rosenbrock,6,0.192309,1.241584,1.510320,1.336520,15.480050
3,3.316448,2.832683,exponential_5,450,150,rosenbrock,6,1.173857,2.331698,2.145584,544.686707,41.604670
3,6.231237,1.287720,exponential_5,450,150,rosenbrock,6,0.083782,1.967667,2.210947,216.014389,24.657760
3,4.545940,1.099883,exponential_5,450,150,rosenbrock,6,0.000966,1.998059,2.376930,2.570368,20.947785
3,7.295407,1.287720,exponential_5,450,150,rosenbrock,6,0.065782,2.227664,2.322094,1.986295,13.409385
3,5.322296,0.585390,exponential_5,450,150,rosenbrock,6,0.013168,2.486583,3.022010,2.539333,13.126220
3,5.322296,0.802409,exponential_5,450,150,rosenbrock,6,0.001355,1.621640,2.351010,2.248839,12.788020
3,7.295407,3.316448,exponential_5,450,150,rosenbrock,6,0.011327,1.504426,2.124855,2.217159,12.968740
3,6.231237,6.231237,exponential_5,450,150,rosenbrock,6,0.000059,1.442263,1.930910,1.637425,19.145880
3,7.295407,4.545940,exponential_5,450,150,rosenbrock,6,0.040231,2.888472,3.851605,544.635132,12.812115
3,5.322296,2.066557,exponential_5,450,150,rosenbrock,6,0.256397,3.044296,3.769648,1.874186,13.073070
3,7.295407,1.765111,exponential_5,450,150,rosenbrock,6,0.639950,2.930556,2.846745,1.859843,13.819335
3,6.231237,4.545940,exponential_5,450,150,rosenbrock,6,0.158575,2.324413,2.179965,215.991669,21.795325
3,8.541316,0.939444,exponential_5,450,150,rosenbrock,6,0.116099,2.383687,2.278504,2.178169,12.456700
3,8.541316,0.685363,exponential_5,450,150,rosenbrock,6,0.005801,2.097360,2.247373,544.674988,13.473365
3,4.545940,2.066557,exponential_5,450,150,rosenbrock,6,0.053673,2.524484,2.087648,514.657654,23.751730
3,6.231237,8.541316,exponential_5,450,150,rosenbrock,6,1.008775,3.314689,5.384234,65.484161,25.795030
3,10.000000,1.287720,exponential_5,450,150,rosenbrock,6,0.005551,2.461328,2.222905,544.709045,12.937530
3,7.295407,2.419483,exponential_5,450,150,rosenbrock,6,0.203224,2.538419,2.165746,544.649292,26.350675
3,7.295407,0.685363,exponential_5,450,150,rosenbrock,6,0.720777,2.242882,2.430557,1.869522,27.422635
3,10.000000,3.316448,exponential_5,450,150,rosenbrock,6,0.083351,2.630590,2.649177,821.334961,13.276345
3,5.322296,2.832683,exponential_5,450,150,rosenbrock,6,0.273612,2.195612,2.173637,1.890044,13.731450
3,4.545940,2.832683,exponential_5,450,150,rosenbrock,6,0.487357,3.429868,5.417690,544.483337,29.413250
3,10.000000,4.545940,exponential_5,450,150,rosenbrock,6,0.007314,3.149644,5.417395,749.550476,14.118880
3,10.000000,8.541316,exponential_5,450,150,rosenbrock,6,0.000399,2.889815,3.905339,749.644836,13.631700
3,7.295407,0.500000,exponential_5,450,150,rosenbrock,6,0.095226,1.811348,2.544413,1.273940,29.470860
3,6.231237,0.802409,exponential_5,450,150,rosenbrock,6,0.001901,1.370548,2.119746,2.374607,13.755895
3,5.322296,7.295407,exponential_5,450,150,rosenbrock,6,0.000011,3.249350,3.776445,888.707275,15.121205
3,6.231237,1.099883,exponential_5,450,150,rosenbrock,6,0.868667,2.092654,2.233997,544.788696,13.882215
3,6.231237,2.066557,exponential_5,450,150,rosenbrock,6,0.051764,2.549994,2.352271,1.977714,13.617305
3,7.295407,0.939444,exponential_5,450,150,rosenbrock,6,0.089806,2.140832,2.244500,544.823792,31.681845
3,7.295407,6.231237,exponential_5,450,150,rosenbrock,6,0.173497,2.696272,2.470600,749.769226,30.973730
3,6.231237,2.832683,exponential_5,450,150,rosenbrock,6,0.007057,2.646233,2.451454,544.628601,14.480125
3,7.295407,8.541316,exponential_5,450,150,rosenbrock,6,0.011779,2.010375,2.110312,544.067505,32.864130
3,8.541316,1.765111,exponential_5,450,150,rosenbrock,6,0.005888,2.185540,2.224527,2.394804,31.312635
3,8.541316,0.500000,exponential_5,450,150,rosenbrock,6,0.000167,1.675003,2.084218,1.476334,37.369330
3,8.541316,6.231237,exponential_5,450,150,rosenbrock,6,0.027207,3.625896,5.419371,862.719055,29.021925
3,3.882831,5.322296,exponential_5,450,150,rosenbrock,6,0.250149,2.064518,2.133911,749.895142,27.283065
3,10.000000,0.500000,exponential_5,450,150,rosenbrock,6,0.000283,1.482871,2.133469,1.327627,27.536360
3,8.541316,1.287720,exponential_5,450,150,rosenbrock,6,0.794951,2.640852,2.312390,544.628784,38.175215
3,10.000000,0.685363,exponential_5,450,150,rosenbrock,6,0.092591,1.487148,1.798592,2.711578,28.082360
3,4.545940,5.322296,exponential_5,450,150,rosenbrock,6,0.064841,3.200901,5.350168,215.789398,24.553635
3,10.000000,2.419483,exponential_5,450,150,rosenbrock,6,0.585368,3.676113,5.418040,544.438904,28.947560
3,10.000000,1.765111,exponential_5,450,150,rosenbrock,6,0.000616,2.200844,2.128882,573.543945,28.954185
3,6.231237,3.882831,exponential_5,450,150,rosenbrock,6,0.047393,3.333785,5.389505,749.601379,16.200045
3,7.295407,3.882831,exponential_5,450,150,rosenbrock,6,0.033847,3.209625,5.327951,2.706770,16.909790
3,7.295407,1.507637,exponential_5,450,150,rosenbrock,6,0.091323,1.459300,1.951024,2.302551,17.524785
3,7.295407,5.322296,exponential_5,450,150,rosenbrock,6,0.046231,1.876348,2.119490,749.984436,16.436430
3,8.541316,0.802409,exponential_5,450,150,rosenbrock,6,0.098072,1.746338,2.201102,2.052409,15.913455
3,8.541316,3.316448,exponential_5,450,150,rosenbrock,6,0.198771,3.219189,5.415940,544.548157,39.949495
3,8.541316,2.419483,exponential_5,450,150,rosenbrock,6,0.015151,2.830542,3.856071,2.130808,41.800685
3,8.541316,1.099883,exponential_5,450,150,rosenbrock,6,0.093224,2.329138,2.260154,544.734192,18.179315
3,10.000000,1.507637,exponential_5,450,150,rosenbrock,6,0.636558,2.032498,2.032446,258.713379,16.634815
3,7.295407,2.066557,exponential_5,450,150,rosenbrock,6,0.030640,2.700052,2.330955,544.700989,19.192750
3,7.295407,2.832683,exponential_5,450,150,rosenbrock,6,0.730090,2.767349,2.284731,2.285424,16.021435
3,10.000000,5.322296,exponential_5,450,150,rosenbrock,6,0.553366,3.178711,5.417221,2.699039,14.941835
3,7.295407,0.802409,exponential_5,450,150,rosenbrock,6,0.020873,2.131784,2.465325,2.296529,17.653500
3,8.541316,8.541316,exponential_5,450,150,rosenbrock,6,0.124429,2.851730,3.306274,1.993797,37.850030
3,10.000000,3.882831,exponential_5,450,150,rosenbrock,6,0.060427,2.382403,2.223522,892.563782,15.773430
3,5.322296,1.099883,exponential_5,450,150,rosenbrock,6,0.002708,1.548624,1.859063,1.750446,36.850540
3,10.000000,10.000000,exponential_5,450,150,rosenbrock,6,0.122569,2.427336,2.140463,544.718750,15.179725
3,7.295407,1.099883,exponential_5,450,150,rosenbrock,6,0.269647,1.208737,1.594747,1.563704,11.433175
3,6.231237,1.507637,exponential_5,450,150,rosenbrock,6,0.036955,1.982726,2.139515,544.763367,27.924115
3,6.231237,5.322296,exponential_5,450,150,rosenbrock,6,0.009774,2.655078,3.824921,749.638733,26.910815
3,7.295407,0.585390,exponential_5,450,150,rosenbrock,6,0.057571,2.216369,2.527740,1.845940,18.646705
3,8.541316,4.545940,exponential_5,450,150,rosenbrock,6,0.077024,2.655360,2.417245,2.317337,49.630770
3,3.882831,7.295407,exponential_5,450,150,rosenbrock,6,1.509624,4.213126,5.418964,891.868835,48.494380
3,7.295407,7.295407,exponential_5,450,150,rosenbrock,6,0.011842,2.900301,3.223311,749.651489,13.794925
3,4.545940,10.000000,exponential_5,450,150,rosenbrock,6,1.165802,3.511503,5.057294,1.682626,44.841345
3,5.322296,10.000000,exponential_5,450,150,rosenbrock,6,0.011011,2.267199,2.122840,2.495430,33.568190
3,4.545940,0.585390,exponential_5,450,150,rosenbrock,6,0.300027,2.166428,2.831754,1.561557,46.182010
3,5.322296,1.507637,exponential_5,450,150,rosenbrock,6,0.083112,2.907153,4.044920,2.701765,45.628195
3,4.545940,3.882831,exponential_5,450,150,rosenbrock,6,0.003169,1.930058,1.899932,2.422449,46.076675
3,10.000000,0.585390,exponential_5,450,150,rosenbrock,6,0.085368,1.924825,2.301716,1.883170,13.599360
3,8.541316,7.295407,exponential_5,450,150,rosenbrock,6,0.026885,1.802487,2.196430,2.510186,14.079085
3,4.545940,7.295407,exponential_5,450,150,rosenbrock,6,0.286500,2.017793,2.064334,544.837769,46.917710
3,7.295407,10.000000,exponential_5,450,150,rosenbrock,6,0.009154,2.068954,2.162158,1.939719,14.735750
3,10.000000,0.939444,exponential_5,450,150,rosenbrock,6,0.023058,2.090271,2.134060,2.600584,47.874975
3,10.000000,6.231237,exponential_5,450,150,rosenbrock,6,0.010466,3.327679,5.330273,749.555603,47.330305
3,3.882831,10.000000,exponential_5,450,150,rosenbrock,6,0.351033,2.588758,2.289507,544.694397,38.298510
3,10.000000,0.802409,exponential_5,450,150,rosenbrock,6,0.002070,1.397035,1.795462,1.268954,15.453895
3,8.541316,2.066557,exponential_5,450,150,rosenbrock,6,0.455548,2.432694,2.270602,1.796617,16.291150
3,10.000000,2.832683,exponential_5,450,150,rosenbrock,6,0.030186,3.572342,5.418445,298.021942,15.366600
3,5.322296,5.322296,exponential_5,450,150,rosenbrock,6,0.013361,2.750865,3.083728,749.755737,41.599005
3,6.231237,0.585390,exponential_5,450,150,rosenbrock,6,0.059747,2.416806,2.934102,1.514632,35.990975
3,10.000000,2.066557,exponential_5,450,150,rosenbrock,6,0.300069,2.493220,2.304281,1.820916,15.669755
3,8.541316,1.507637,exponential_5,450,150,rosenbrock,6,0.021376,1.534174,2.137099,2.440620,17.170610
3,6.231237,7.295407,exponential_5,450,150,rosenbrock,6,0.102939,2.551526,2.726486,892.515869,35.206120
3,6.231237,10.000000,exponential_5,450,150,rosenbrock,6,0.001990,2.651552,2.506389,2.400185,34.626770
3,8.541316,3.882831,exponential_5,450,150,rosenbrock,6,0.006192,1.931884,2.140364,544.759399,19.709620
3,8.541316,2.832683,exponential_5,450,150,rosenbrock,6,0.057878,2.448117,2.474561,544.711853,19.714860
3,8.541316,0.585390,exponential_5,450,150,rosenbrock,6,0.249801,2.238901,2.395344,16.166075,22.060360
3,8.541316,5.322296,exponential_5,450,150,rosenbrock,6,0.000077,2.098549,1.700269,544.779175,12.275835
3,8.541316,10.000000,exponential_5,450,150,rosenbrock,6,0.059126,1.733240,2.061595,544.843323,12.819805
3,10.000000,1.099883,exponential_5,450,150,rosenbrock,6,0.050030,2.961661,3.901452,215.833588,11.027230
3,10.000000,7.295407,exponential_5,450,150,rosenbrock,6,0.016563,1.790520,1.739353,544.788635,11.262215
3,0.500000,0.500000,linear,900,300,rosenbrock,9,164.167374,2628.295410,3508.994141,2405.932861,160.204200
3,0.939444,0.585390,linear,900,300,rosenbrock,9,64.567398,489.262817,591.346436,783.166260,161.925035
3,0.802409,0.802409,linear,900,300,rosenbrock,9,24.924839,428.564606,490.995514,425.455383,166.567965
3,0.685363,1.099883,linear,900,300,rosenbrock,9,47.172180,180.972794,223.612976,440.123413,166.652200
3,2.419483,2.419483,linear,900,300,rosenbrock,9,0.000198,1.171951,1.418988,1.098573,166.994700
3,0.685363,1.765111,linear,900,300,rosenbrock,9,3.439149,51.876980,58.495537,205.476807,170.931905
3,0.585390,3.882831,linear,900,300,rosenbrock,9,0.109160,3.633136,4.726470,2.027830,172.242870
3,2.419483,3.882831,linear,900,300,rosenbrock,9,0.028815,2.434370,2.702633,1.137948,174.356415
3,0.685363,4.545940,linear,900,300,rosenbrock,9,0.000184,2.207626,2.958098,2.318577,174.144980
3,0.802409,0.500000,linear,900,300,rosenbrock,9,270.870880,1329.866455,1872.396606,1426.431030,174.359795
3,0.685363,0.685363,linear,900,300,rosenbrock,9,288.978058,821.856873,916.029541,1182.382080,178.341970
3,0.939444,6.231237,linear,900,300,rosenbrock,9,0.001405,1.351453,1.685700,1.103118,180.401680
3,0.939444,10.000000,linear,900,300,rosenbrock,9,0.005051,2.111209,2.750359,1.396509,180.964180
3,0.939444,1.507637,linear,900,300,rosenbrock,9,0.658396,27.723324,30.873413,42.480606,184.297890
3,1.099883,1.099883,linear,900,300,rosenbrock,9,7.694287,25.383427,23.973297,82.477310,184.182320
3,1.507637,0.585390,linear,900,300,rosenbrock,9,21.587715,174.397781,183.157898,238.619553,169.648820
3,1.287720,3.316448,linear,900,300,rosenbrock,9,0.001075,0.914949,1.184550,1.138143,179.736010
3,1.507637,0.939444,linear,900,300,rosenbrock,9,3.269960,12.560163,8.941173,34.212349,168.550780
3,1.287720,2.066557,linear,900,300,rosenbrock,9,0.100615,3.259564,4.370173,2.653685,190.429865
3,1.099883,1.765111,linear,900,300,rosenbrock,9,0.001718,3.217791,5.303581,22.108677,198.686260
3,1.099883,4.545940,linear,900,300,rosenbrock,9,0.003722,0.742706,1.178310,0.745839,196.501265
3,1.287720,0.500000,linear,900,300,rosenbrock,9,63.196030,271.671753,365.197815,558.814819,196.414600
3,1.099883,7.295407,linear,900,300,rosenbrock,9,0.107560,1.165689,1.957331,1.072843,204.776560
3,1.099883,2.832683,linear,900,300,rosenbrock,9,0.079204,2.802820,3.238913,215.874344,207.567820
3,1.287720,1.287720,linear,900,300,rosenbrock,9,1.395980,4.999223,6.499604,34.216442,204.191020
3,1.287720,5.322296,linear,900,300,rosenbrock,9,0.000489,1.288101,1.581243,545.028259,199.018050
3,1.287720,0.802409,linear,900,300,rosenbrock,9,1.215772,54.957726,56.358059,151.163239,209.088950
3,1.287720,8.541316,linear,900,300,rosenbrock,9,0.624296,3.188769,3.503150,544.779541,201.175695
3,2.066557,0.500000,linear,900,300,rosenbrock,9,6.463711,82.053513,85.105064,142.622025,136.159750
3,1.507637,1.507637,linear,900,300,rosenbrock,9,0.004730,2.898311,4.451339,21.530020,199.918920
3,1.507637,2.419483,linear,900,300,rosenbrock,9,0.108929,1.721893,2.330507,210.507156,199.518465
3,1.507637,3.882831,linear,900,300,rosenbrock,9,0.141502,1.203791,1.457814,545.003662,193.974010
3,1.765111,0.685363,linear,900,300,rosenbrock,9,4.090249,39.096001,58.688080,206.918793,192.650785
3,1.507637,6.231237,linear,900,300,rosenbrock,9,0.161716,1.971765,2.417353,1.247631,193.294285
3,1.765111,1.099883,linear,900,300,rosenbrock,9,0.794159,5.333327,6.149701,2.101172,186.241710
3,1.507637,10.000000,linear,900,300,rosenbrock,9,2.841786,4.289631,4.390836,749.872559,198.262350
3,1.765111,4.545940,linear,900,300,rosenbrock,9,0.082602,1.791798,2.162113,1.257289,181.764295
3,1.765111,1.765111,linear,900,300,rosenbrock,9,0.328619,2.705921,3.049313,65.510818,186.650060
3,1.765111,2.832683,linear,900,300,rosenbrock,9,0.002637,0.698102,0.941119,1.250398,183.039190
3,0.500000,3.316448,linear,900,300,rosenbrock,9,0.372219,10.329678,6.985057,59.412842,264.936400
3,1.765111,7.295407,linear,900,300,rosenbrock,9,0.154062,3.864738,4.776500,892.477112,175.957195
3,0.500000,5.322296,linear,900,300,rosenbrock,9,0.003504,2.515377,3.694088,1.901577,272.525495
3,2.066557,1.287720,linear,900,300,rosenbrock,9,0.375088,3.045906,4.084603,14.619966,148.730610
3,0.585390,6.231237,linear,900,300,rosenbrock,9,0.145818,1.614312,2.242564,65.892982,275.806615
3,2.066557,2.066557,linear,900,300,rosenbrock,9,0.001130,0.945160,1.265812,0.816118,147.622430
3,0.585390,0.939444,linear,900,300,rosenbrock,9,133.787064,474.513947,567.849243,442.451660,281.595520
3,2.066557,0.802409,linear,900,300,rosenbrock,9,0.085521,6.300154,8.193254,50.736404,169.645380
3,0.500000,8.541316,linear,900,300,rosenbrock,9,0.022442,1.038835,1.494700,1.180352,288.897530
3,0.802409,1.287720,linear,900,300,rosenbrock,9,9.292089,91.901649,103.684212,214.442215,299.155600
3,0.500000,0.802409,linear,900,300,rosenbrock,9,268.380127,1388.161621,1778.208008,1730.952759,301.616345
3,0.500000,1.287720,linear,900,300,rosenbrock,9,50.271294,318.263031,310.047363,570.100708,301.664560
3,2.066557,3.316448,linear,900,300,rosenbrock,9,0.035403,1.377187,1.880080,0.798653,158.172450
3,0.939444,0.939444,linear,900,300,rosenbrock,9,5.720737,96.857544,122.305092,182.990021,299.036210
3,0.585390,10.000000,linear,900,300,rosenbrock,9,0.105298,1.428832,1.758641,0.608300,302.096440
3,0.500000,2.066557,linear,900,300,rosenbrock,9,10.592653,61.426285,76.362061,194.320740,301.573950
3,0.802409,3.316448,linear,900,300,rosenbrock,9,0.511085,3.684545,4.206256,2.181296,301.437680
3,0.802409,2.066557,linear,900,300,rosenbrock,9,1.651202,6.848262,8.539016,35.025852,301.777900
3,1.099883,0.685363,linear,900,300,rosenbrock,9,34.262314,309.339294,374.263245,517.031677,298.211585
3,0.685363,7.295407,linear,900,300,rosenbrock,9,0.282960,1.538397,1.782681,544.992798,307.513465
3,0.939444,2.419483,linear,900,300,rosenbrock,9,0.245436,3.683177,4.903918,29.900711,304.033340
3,0.685363,2.832683,linear,900,300,rosenbrock,9,0.005595,4.320710,5.105586,21.792061,308.050445
3,0.802409,8.541316,linear,900,300,rosenbrock,9,0.136808,1.784463,2.086030,0.658441,306.832935
3,0.802409,5.322296,linear,900,300,rosenbrock,9,0.000541,0.818238,1.262588,0.868354,307.366740
3,0.939444,3.882831,linear,900,300,rosenbrock,9,0.006684,2.088141,2.456935,1.486936,308.683500
3,0.585390,1.507637,linear,900,300,rosenbrock,9,61.484959,141.840775,152.076309,196.665100,314.400470
3,2.066557,8.541316,linear,900,300,rosenbrock,9,0.014546,4.344493,4.968649,1.609388,151.293040
3,2.419483,0.585390,linear,900,300,rosenbrock,9,1.344191,10.073991,8.686866,45.354809,164.478245
3,2.066557,5.322296,linear,900,300,rosenbrock,9,0.000749,3.148267,3.576396,544.648621,193.826005
3,0.585390,0.585390,linear,900,300,rosenbrock,9,229.770355,2375.171143,3119.694336,2379.583008,130.843865
3,0.939444,7.295407,linear,900,300,rosenbrock,9,0.118978,1.294465,1.627916,0.803721,97.360360
3,1.287720,3.882831,linear,900,300,rosenbrock,9,0.048314,1.064623,1.392963,0.902057,95.938510
3,0.585390,2.419483,linear,900,300,rosenbrock,9,4.081293,38.651810,54.329224,62.378422,131.190515
3,1.099883,8.541316,linear,900,300,rosenbrock,9,0.202541,2.179377,2.730124,1.026484,89.724975
3,2.832683,2.832683,linear,900,300,rosenbrock,9,0.014722,1.503579,2.280912,1.467360,125.406040
3,2.419483,0.939444,linear,900,300,rosenbrock,9,0.030432,3.382725,4.890928,211.088272,189.008270
3,3.316448,0.500000,linear,900,300,rosenbrock,9,0.237858,12.082345,8.382265,38.207268,125.387015
3,0.500000,0.585390,linear,900,300,rosenbrock,9,72.363228,1980.353027,2043.195801,1947.741699,128.292950
3,2.832683,7.295407,linear,900,300,rosenbrock,9,0.351707,4.823735,5.419633,892.415039,131.432485
3,1.287720,0.585390,linear,900,300,rosenbrock,9,20.416487,135.560654,164.351196,319.761322,116.695875
3,1.099883,0.500000,linear,900,300,rosenbrock,9,63.303986,570.522705,722.394287,439.946472,136.180625
3,1.099883,1.287720,linear,900,300,rosenbrock,9,1.107463,15.413038,8.844734,43.964344,136.513100
3,2.419483,1.507637,linear,900,300,rosenbrock,9,0.004014,1.901617,2.664391,65.813225,203.287545
3,0.939444,1.765111,linear,900,300,rosenbrock,9,0.113803,6.051411,6.838315,57.883003,146.333885
3,1.099883,5.322296,linear,900,300,rosenbrock,9,0.007679,1.070536,1.551617,0.910685,136.011650
3,1.287720,6.231237,linear,900,300,rosenbrock,9,0.003010,1.702326,2.213462,1.174895,119.806710
3,2.832683,4.545940,linear,900,300,rosenbrock,9,0.000382,3.404043,4.170820,544.669250,166.774315
3,1.099883,2.066557,linear,900,300,rosenbrock,9,0.023139,4.489762,5.126304,16.900936,141.290045
3,1.287720,2.419483,linear,900,300,rosenbrock,9,0.021835,1.728233,2.335770,1.894639,143.862035
3,1.287720,10.000000,linear,900,300,rosenbrock,9,1.049206,3.637848,3.916041,892.431946,105.933260
3,1.507637,1.765111,linear,900,300,rosenbrock,9,0.926900,3.929940,4.337612,1.638415,91.348185
3,1.099883,3.316448,linear,900,300,rosenbrock,9,0.019429,1.332367,1.971751,1.133762,144.997995
3,1.287720,1.507637,linear,900,300,rosenbrock,9,0.037749,4.708344,6.116654,38.609169,139.934770
3,1.287720,0.939444,linear,900,300,rosenbrock,9,3.602243,44.320793,67.708832,48.185883,139.406680
3,2.419483,6.231237,linear,900,300,rosenbrock,9,1.161981,4.329003,5.108425,897.592041,245.810890
3,1.507637,2.832683,linear,900,300,rosenbrock,9,0.025395,1.193484,1.638820,0.858558,121.903810
3,1.507637,4.545940,linear,900,300,rosenbrock,9,0.062728,1.549569,1.903720,0.736063,114.809300
3,2.419483,10.000000,linear,900,300,rosenbrock,9,0.528436,4.827087,5.421161,999.567383,247.853340
3,1.765111,0.802409,linear,900,300,rosenbrock,9,1.744687,9.009341,7.625468,60.378689,107.863040
3,1.507637,7.295407,linear,900,300,rosenbrock,9,1.113857,2.926677,3.187167,544.819641,105.640335
3,1.765111,1.287720,linear,900,300,rosenbrock,9,0.106341,4.034626,4.859107,23.548040,109.266050
3,1.765111,3.316448,linear,900,300,rosenbrock,9,0.122538,1.269122,1.631307,0.674110,104.212550
3,1.765111,2.066557,linear,900,300,rosenbrock,9,0.001878,1.420725,2.429096,1.523024,111.155165
3,2.832683,0.685363,linear,900,300,rosenbrock,9,0.015497,7.425531,4.765838,209.312637,274.176635
3,1.765111,8.541316,linear,900,300,rosenbrock,9,1.180641,3.841111,4.180769,544.792725,110.972310
3,2.066557,2.419483,linear,900,300,rosenbrock,9,0.043577,1.040009,1.553198,1.159941,94.852515
3,2.066557,0.939444,linear,900,300,rosenbrock,9,0.791578,4.833868,5.940360,35.616505,101.810910
3,2.832683,1.765111,linear,900,300,rosenbrock,9,0.109164,1.061039,1.521636,0.825059,289.224375
3,2.832683,1.099883,linear,900,300,rosenbrock,9,0.055117,2.087488,2.850478,1.851493,301.731645
3,0.802409,0.939444,linear,900,300,rosenbrock,9,93.818527,246.377869,244.335037,377.181305,283.219715
3,1.507637,0.685363,linear,900,300,rosenbrock,9,5.210396,78.674965,92.439491,186.620880,280.352685
3,0.585390,4.545940,linear,900,300,rosenbrock,9,0.033204,2.730051,3.897686,2.144398,285.811235
3,0.939444,0.685363,linear,900,300,rosenbrock,9,37.526215,224.244736,256.952515,289.009430,293.836575
3,0.685363,2.066557,linear,900,300,rosenbrock,9,2.891870,16.162493,10.355579,35.140598,289.290880
3,2.419483,2.832683,linear,900,300,rosenbrock,9,0.000128,1.483533,2.060140,0.948618,295.213100
3,2.419483,4.545940,linear,900,300,rosenbrock,9,0.050816,2.575765,3.160419,750.094849,293.821125
3,0.685363,1.287720,linear,900,300,rosenbrock,9,8.712708,105.181480,146.365234,255.890808,296.573265
3,0.802409,0.585390,linear,900,300,rosenbrock,9,111.500320,572.824219,634.017334,538.817505,293.744765
3,1.507637,1.099883,linear,900,300,rosenbrock,9,2.169382,31.134960,22.414476,65.984779,286.836410
3,0.685363,5.322296,linear,900,300,rosenbrock,9,0.169850,1.840627,2.291632,34.950485,295.554335
3,0.685363,0.802409,linear,900,300,rosenbrock,9,38.833893,703.847534,878.079773,1332.178833,295.660660
3,1.765111,0.500000,linear,900,300,rosenbrock,9,7.362325,108.237732,127.079857,250.833572,186.956220
3,2.066557,0.585390,linear,900,300,rosenbrock,9,8.573679,51.438225,52.788654,78.387985,249.084250
3,0.500000,3.882831,linear,900,300,rosenbrock,9,0.519446,12.377240,7.322644,43.153400,194.067655
3,1.765111,5.322296,linear,900,300,rosenbrock,9,0.027877,2.077620,2.726511,544.969238,219.247075
3,1.287720,4.545940,linear,900,300,rosenbrock,9,0.001960,0.762646,1.057318,1.226706,128.531380
3,2.066557,1.507637,linear,900,300,rosenbrock,9,0.237864,2.471249,3.147843,21.983749,185.906235
3,2.066557,10.000000,linear,900,300,rosenbrock,9,0.038317,4.215104,5.418961,749.677795,141.901540
3,2.066557,3.882831,linear,900,300,rosenbrock,9,0.337593,1.966486,2.256091,0.623674,165.538555
3,0.939444,8.541316,linear,900,300,rosenbrock,9,0.001365,1.452937,1.980602,0.788673,142.213555
3,2.419483,0.685363,linear,900,300,rosenbrock,9,4.761448,11.674936,8.246138,62.940556,152.999590
3,3.316448,0.585390,linear,900,300,rosenbrock,9,0.006158,3.820504,5.318310,9.424651,141.383600
3,1.099883,10.000000,linear,900,300,rosenbrock,9,0.295103,2.818881,3.437849,1.074910,149.547695
3,2.832683,3.316448,linear,900,300,rosenbrock,9,0.000983,1.776553,2.742544,1.791582,148.779510
3,2.419483,1.099883,linear,900,300,rosenbrock,9,0.021350,3.565702,4.527893,15.501082,147.822005
3,0.500000,0.685363,linear,900,300,rosenbrock,9,374.796997,1589.763184,1790.838623,1615.446411,144.231830
3,2.832683,8.541316,linear,900,300,rosenbrock,9,3.462522,4.973865,5.421154,889.827148,144.499070
3,2.832683,5.322296,linear,900,300,rosenbrock,9,0.332094,3.958012,5.308087,749.633118,107.113905
3,1.287720,0.685363,linear,900,300,rosenbrock,9,2.450205,149.170135,151.285233,278.921600,143.138100
3,1.099883,0.585390,linear,900,300,rosenbrock,9,110.133278,376.761353,454.097198,564.321472,143.478660
3,2.419483,1.765111,linear,900,300,rosenbrock,9,0.061729,1.118340,1.499366,1.539959,131.456150
3,1.099883,1.507637,linear,900,300,rosenbrock,9,0.030006,5.498144,6.461961,64.596970,145.926475
3,1.287720,7.295407,linear,900,300,rosenbrock,9,0.353186,2.528346,2.920087,0.968485,130.751570
3,0.802409,1.507637,linear,900,300,rosenbrock,9,5.114015,41.813171,43.054661,153.945618,211.024120
3,1.099883,6.231237,linear,900,300,rosenbrock,9,0.163773,1.602121,1.930691,544.929871,140.729335
3,1.099883,0.802409,linear,900,300,rosenbrock,9,14.369786,141.204239,183.087936,119.928078,204.918275
3,0.939444,2.066557,linear,900,300,rosenbrock,9,0.964903,4.885173,5.675540,38.239189,153.086090
3,0.685363,0.500000,linear,900,300,rosenbrock,9,578.043213,2086.995117,2224.418701,1865.237427,218.136240
3,0.500000,6.231237,linear,900,300,rosenbrock,9,0.158262,2.490583,2.984583,1.441825,257.600020
3,1.099883,2.419483,linear,900,300,rosenbrock,9,1.276363,4.106900,4.488229,1.410403,146.558650
3,1.287720,2.832683,linear,900,300,rosenbrock,9,0.007196,1.742251,2.142234,210.497665,153.220080
3,1.507637,0.500000,linear,900,300,rosenbrock,9,6.462093,267.741150,330.239777,290.750458,144.004205
3,0.585390,7.295407,linear,900,300,rosenbrock,9,0.004451,1.405590,1.708503,1.534860,274.617655
3,1.099883,3.882831,linear,900,300,rosenbrock,9,0.107914,1.033645,1.391714,0.596011,135.567100
3,1.507637,2.066557,linear,900,300,rosenbrock,9,0.176440,2.437152,3.082704,1.365406,152.133425
3,2.419483,7.295407,linear,900,300,rosenbrock,9,0.105224,4.210052,5.361527,544.740479,98.172380
3,0.585390,1.099883,linear,900,300,rosenbrock,9,59.639656,307.856110,297.845825,480.524139,292.365225
3,1.287720,1.099883,linear,900,300,rosenbrock,9,0.055956,24.742603,12.751696,52.688358,121.713160
3,0.500000,10.000000,linear,900,300,rosenbrock,9,0.014159,1.092992,1.357202,0.596600,290.808785
3,1.287720,1.765111,linear,900,300,rosenbrock,9,1.873052,4.106145,4.853770,178.072159,138.348860
3,0.500000,0.939444,linear,900,300,rosenbrock,9,289.578522,924.867310,964.764282,1075.971436,290.980345
3,0.500000,1.507637,linear,900,300,rosenbrock,9,43.853294,323.956970,396.489899,493.604736,290.422130
3,1.507637,5.322296,linear,900,300,rosenbrock,9,0.007212,1.275778,1.815343,0.939306,113.939080
3,0.939444,1.099883,linear,900,300,rosenbrock,9,8.620715,95.669426,94.635727,269.250732,308.543975
3,1.765111,0.939444,linear,900,300,rosenbrock,9,0.023675,4.829481,5.928373,29.608946,119.971030
3,1.765111,1.507637,linear,900,300,rosenbrock,9,0.266134,2.901271,4.067377,2.179756,119.816550
3,0.802409,6.231237,linear,900,300,rosenbrock,9,0.216152,1.127052,1.434678,65.973564,294.905560
3,1.507637,8.541316,linear,900,300,rosenbrock,9,0.235488,3.998578,4.751297,749.647583,122.705905
3,1.765111,3.882831,linear,900,300,rosenbrock,9,0.636256,1.962614,2.180748,544.897034,122.016055
3,0.500000,2.419483,linear,900,300,rosenbrock,9,2.532994,53.007351,63.187012,102.256821,311.799435
3,1.765111,2.419483,linear,900,300,rosenbrock,9,0.001491,0.960683,1.445109,545.096619,122.649815
3,0.802409,3.882831,linear,900,300,rosenbrock,9,0.003317,3.401979,3.998882,2.003278,310.765980
3,0.802409,2.419483,linear,900,300,rosenbrock,9,0.724332,12.326273,5.952457,71.457985,308.948300
3,0.685363,3.316448,linear,900,300,rosenbrock,9,0.066248,3.397560,4.854451,2.325450,303.312115
3,0.939444,2.832683,linear,900,300,rosenbrock,9,0.136951,2.747300,3.837997,34.707508,307.000295
3,0.939444,4.545940,linear,900,300,rosenbrock,9,0.008162,1.447468,1.702893,1.652942,302.642455
3,2.066557,6.231237,linear,900,300,rosenbrock,9,1.113845,3.902448,4.443704,544.826843,299.562865
3,0.802409,10.000000,linear,900,300,rosenbrock,9,0.002437,1.546304,1.980319,1.613997,307.118740
3,0.585390,1.765111,linear,900,300,rosenbrock,9,4.247938,55.673084,74.221649,123.685791,304.391660
3,0.585390,2.832683,linear,900,300,rosenbrock,9,0.110262,10.525901,6.373137,54.736523,298.363725
3,0.585390,0.685363,linear,900,300,rosenbrock,9,225.911377,914.906311,1102.326538,1170.408325,301.200920
3,2.066557,2.832683,linear,900,300,rosenbrock,9,0.003083,0.867973,1.179939,0.656852,117.427230
3,0.685363,8.541316,linear,900,300,rosenbrock,9,0.018403,1.406744,1.763351,1.102938,315.703290
3,1.765111,10.000000,linear,900,300,rosenbrock,9,2.183778,4.602884,5.420336,764.245911,129.615380
3,2.066557,1.099883,linear,900,300,rosenbrock,9,0.009099,3.965445,5.138184,35.382751,119.101350
3,1.507637,3.316448,linear,900,300,rosenbrock,9,0.006372,0.778368,0.910588,0.954819,161.380685
3,2.832683,0.500000,linear,900,300,rosenbrock,9,1.602728,25.582909,9.559262,48.520683,162.688825
3,2.832683,0.802409,linear,900,300,rosenbrock,9,0.686468,4.055563,4.873453,2.036566,188.111530
3,1.765111,0.585390,linear,900,300,rosenbrock,9,9.388873,83.532562,96.891403,170.566559,127.366520
3,2.419483,0.500000,linear,900,300,rosenbrock,9,3.402637,47.594944,87.272995,78.800125,126.468920
3,1.765111,6.231237,linear,900,300,rosenbrock,9,1.785983,3.246557,3.520180,544.657776,133.015145
3,3.316448,0.802409,linear,900,300,rosenbrock,9,0.001736,2.797218,4.083749,2.421022,136.062220
3,3.316448,0.685363,linear,900,300,rosenbrock,9,0.359616,4.011362,5.030015,36.576550,123.652400
3,3.316448,1.287720,linear,900,300,rosenbrock,9,0.021571,1.355801,1.894764,1.574512,135.724775
3,0.500000,4.545940,linear,900,300,rosenbrock,9,0.809010,4.043479,4.313834,74.287880,148.575595
3,3.316448,2.066557,linear,900,300,rosenbrock,9,0.005033,1.492684,2.062530,1.152833,137.709815
3,2.832683,3.882831,linear,900,300,rosenbrock,9,2.733346,3.433540,3.347759,999.744568,135.863585
3,2.066557,4.545940,linear,900,300,rosenbrock,9,0.000268,2.309278,2.719033,1.107021,163.242330
3,3.316448,3.316448,linear,900,300,rosenbrock,9,0.489531,3.087590,3.302465,544.832336,135.324125
3,3.316448,5.322296,linear,900,300,rosenbrock,9,0.024417,4.275667,5.389851,892.294495,128.486850
3,2.832683,10.000000,linear,900,300,rosenbrock,9,0.548888,317.810028,5.421173,1145.105591,136.629115
3,2.832683,2.066557,linear,900,300,rosenbrock,9,0.108395,1.419703,1.721784,0.993163,240.721290
3,3.316448,8.541316,linear,900,300,rosenbrock,9,3.791702,5.431117,5.421162,892.285767,134.225610
3,3.882831,0.585390,linear,900,300,rosenbrock,9,0.002020,4.102884,5.186023,15.308863,133.344600
3,3.882831,1.507637,linear,900,300,rosenbrock,9,0.027498,1.270718,1.539948,0.736084,134.123945
3,3.882831,6.231237,linear,900,300,rosenbrock,9,1.976196,4.946340,5.421163,999.783203,129.930745
3,0.802409,1.099883,linear,900,300,rosenbrock,9,13.969820,91.358307,119.726334,148.424423,250.078350
3,3.882831,2.419483,linear,900,300,rosenbrock,9,0.525357,2.290902,2.890546,1.245016,142.975410
3,3.882831,10.000000,linear,900,300,rosenbrock,9,0.395066,5.034270,5.421192,888.521484,132.048430
3,2.832683,1.287720,linear,900,300,rosenbrock,9,0.064799,1.286309,1.477383,1.519446,257.483600
3,3.882831,3.882831,linear,900,300,rosenbrock,9,0.529745,4.690469,5.119202,544.572876,135.920045
3,0.802409,1.765111,linear,900,300,rosenbrock,9,5.893158,20.070892,10.189508,222.868073,156.306620
3,3.882831,0.939444,linear,900,300,rosenbrock,9,0.009835,0.859830,0.752456,216.307709,160.776360
3,4.545940,0.685363,linear,900,300,rosenbrock,9,0.505132,2.330810,3.122505,1.353473,124.758060
3,1.099883,0.939444,linear,900,300,rosenbrock,9,5.801749,87.747833,89.782089,242.798843,154.425065
3,1.507637,0.802409,linear,900,300,rosenbrock,9,0.383674,27.834011,26.173519,63.828510,263.552475
3,4.545940,1.099883,linear,900,300,rosenbrock,9,0.000000,0.958732,1.283674,1.015610,126.891910
3,0.500000,7.295407,linear,900,300,rosenbrock,9,1.178354,2.625599,2.500279,1.245954,166.870305
3,0.585390,5.322296,linear,900,300,rosenbrock,9,0.448887,2.893570,3.600793,1.560124,284.371370
3,0.939444,0.802409,linear,900,300,rosenbrock,9,41.514988,209.678314,214.886658,435.513336,283.000075
3,0.685363,0.585390,linear,900,300,rosenbrock,9,219.467712,1564.218506,2034.766113,1624.834106,189.170695
3,4.545940,1.765111,linear,900,300,rosenbrock,9,0.067114,1.837284,2.304243,544.936646,122.178215
3,0.685363,2.419483,linear,900,300,rosenbrock,9,3.047653,22.851454,10.434685,63.803154,287.642885
3,4.545940,2.832683,linear,900,300,rosenbrock,9,0.397596,4.208368,5.174016,892.363525,116.796450
3,2.419483,3.316448,linear,900,300,rosenbrock,9,0.021150,1.892853,2.559349,544.892151,286.519130
3,0.685363,1.507637,linear,900,300,rosenbrock,9,18.238722,68.746689,87.408829,87.112808,279.783330
3,0.802409,0.685363,linear,900,300,rosenbrock,9,113.239433,582.785522,660.273315,724.317627,278.271480
3,2.419483,5.322296,linear,900,300,rosenbrock,9,0.552192,3.261970,3.945335,892.523560,284.206200
3,1.507637,1.287720,linear,900,300,rosenbrock,9,2.445701,7.669567,5.272727,67.804085,278.498015
3,0.685363,6.231237,linear,900,300,rosenbrock,9,0.011892,0.969859,1.330124,0.837813,281.158375
3,0.685363,0.939444,linear,900,300,rosenbrock,9,41.417549,348.750885,434.410828,340.987946,280.941945
3,2.066557,0.685363,linear,900,300,rosenbrock,9,0.964837,9.407461,8.406207,46.595402,278.127160
3,4.545940,4.545940,linear,900,300,rosenbrock,9,0.403663,4.700657,5.419008,749.902954,116.577790
3,0.585390,8.541316,linear,900,300,rosenbrock,9,0.009794,0.798705,1.129914,0.876404,202.953940
3,2.066557,1.765111,linear,900,300,rosenbrock,9,0.000383,2.019732,2.217801,1.374096,278.595690
3,2.419483,0.802409,linear,900,300,rosenbrock,9,0.002779,4.871517,5.984864,25.107605,274.327485
3,5.322296,0.500000,linear,900,300,rosenbrock,9,0.022492,3.181262,4.124784,2.078537,117.603845
3,2.419483,1.287720,linear,900,300,rosenbrock,9,0.117208,1.693216,2.367688,1.447563,256.624485
3,2.832683,6.231237,linear,900,300,rosenbrock,9,0.866116,4.420430,5.330512,544.693604,250.380720
3,2.419483,2.066557,linear,900,300,rosenbrock,9,0.126250,1.248729,1.441047,0.430125,246.749020
3,5.322296,0.802409,linear,900,300,rosenbrock,9,0.018235,1.227883,1.711092,1.637952,117.432470
3,4.545940,7.295407,linear,900,300,rosenbrock,9,0.004784,5.565718,5.469395,599.540710,128.258040
3,5.322296,1.287720,linear,900,300,rosenbrock,9,0.000866,1.392753,1.978315,0.825563,121.587030
3,5.322296,2.066557,linear,900,300,rosenbrock,9,2.382128,3.117797,3.266127,544.681213,122.740790
3,2.419483,8.541316,linear,900,300,rosenbrock,9,3.887096,128.689819,5.421120,994.107788,198.088875
3,2.832683,0.585390,linear,900,300,rosenbrock,9,2.492024,21.391768,9.878687,43.850647,111.500340
3,6.231237,0.939444,linear,900,300,rosenbrock,9,0.010129,1.189097,1.452881,0.670174,106.084195
3,3.316448,0.939444,linear,900,300,rosenbrock,9,0.006233,2.265501,3.107807,1.981717,105.321010
3,0.585390,1.287720,linear,900,300,rosenbrock,9,47.841812,214.817978,258.533508,279.132965,219.684030
3,5.322296,3.316448,linear,900,300,rosenbrock,9,0.129566,4.469268,5.392985,892.179016,130.429510
3,2.832683,0.939444,linear,900,300,rosenbrock,9,0.031098,2.932788,4.076315,1.743504,116.750580
3,5.322296,5.322296,linear,900,300,rosenbrock,9,4.058135,76.459976,5.421167,994.475037,135.211325
3,6.231237,0.585390,linear,900,300,rosenbrock,9,0.002189,1.262131,2.146211,1.277493,134.924905
3,5.322296,8.541316,linear,900,300,rosenbrock,9,1.323210,503.729614,62.480793,1116.042358,137.986275
3,7.295407,0.685363,linear,900,300,rosenbrock,9,0.009975,1.010614,1.354612,1.528866,83.160480
3,6.231237,1.507637,linear,900,300,rosenbrock,9,0.594587,2.427389,2.723018,544.793274,130.540180
3,6.231237,2.419483,linear,900,300,rosenbrock,9,0.119869,4.331458,5.391331,999.456787,131.304075
3,3.316448,1.507637,linear,900,300,rosenbrock,9,0.006558,0.983534,1.409706,1.221507,122.680730
3,6.231237,3.882831,linear,900,300,rosenbrock,9,0.364757,160.990387,5.421160,1082.245972,133.120465
3,0.585390,0.500000,linear,900,300,rosenbrock,9,186.715546,2278.913330,2617.193359,2721.544434,251.417245
3,6.231237,10.000000,linear,900,300,rosenbrock,9,2.665166,168.384689,6.392616,1079.279419,119.877210
3,3.316448,3.882831,linear,900,300,rosenbrock,9,0.768236,3.174736,3.537857,1.448469,109.524470
3,3.316448,2.419483,linear,900,300,rosenbrock,9,0.002870,1.721774,2.423833,1.281597,130.865075
3,2.832683,2.419483,linear,900,300,rosenbrock,9,0.610773,1.596336,1.875342,0.942319,94.233545
3,0.500000,1.765111,linear,900,300,rosenbrock,9,17.317822,161.368439,223.037018,222.741699,253.552040
3,0.500000,1.099883,linear,900,300,rosenbrock,9,53.490868,551.220215,564.942627,603.198181,263.383080
3,7.295407,1.099883,linear,900,300,rosenbrock,9,1.203365,2.193233,2.359719,1.037382,110.131160
3,3.316448,6.231237,linear,900,300,rosenbrock,9,0.000875,4.087374,5.011929,749.688782,115.122830
3,3.316448,10.000000,linear,900,300,rosenbrock,9,5.026498,353.075287,5.421180,1104.220459,109.719310
3,3.882831,1.765111,linear,900,300,rosenbrock,9,0.100730,1.690480,2.202355,1.099528,108.508085
3,3.882831,7.295407,linear,900,300,rosenbrock,9,0.018956,66.272034,5.421161,998.384521,99.812640
3,3.882831,0.685363,linear,900,300,rosenbrock,9,0.018325,3.192706,4.293346,17.720430,122.125660
3,0.939444,1.287720,linear,900,300,rosenbrock,9,4.092299,31.616680,40.492985,178.325653,273.650585
3,0.802409,7.295407,linear,900,300,rosenbrock,9,0.011879,1.233270,1.485903,0.697240,277.562185
3,3.882831,2.832683,linear,900,300,rosenbrock,9,0.027281,3.232806,3.579627,999.727295,102.700090
3,4.545940,0.500000,linear,900,300,rosenbrock,9,0.121373,4.062951,4.991685,29.008793,99.392705
3,3.882831,4.545940,linear,900,300,rosenbrock,9,0.025712,3.311852,4.076340,1000.071228,102.287880
3,0.802409,4.545940,linear,900,300,rosenbrock,9,0.009615,1.806444,2.264854,1.842486,275.419875
3,4.545940,0.802409,linear,900,300,rosenbrock,9,0.088628,2.227684,2.761712,216.022430,95.854335
3,0.500000,2.832683,linear,900,300,rosenbrock,9,4.173491,27.170002,14.749972,78.539047,284.840430
3,3.882831,1.099883,linear,900,300,rosenbrock,9,0.074191,1.278010,1.651792,1.498803,105.719835
3,4.545940,1.287720,linear,900,300,rosenbrock,9,0.097971,0.833703,1.340934,0.776196,95.980095
3,7.295407,1.765111,linear,900,300,rosenbrock,9,0.164149,3.848040,4.683024,544.697388,137.292340
3,0.939444,3.316448,linear,900,300,rosenbrock,9,0.277251,2.436991,3.039555,1.761024,277.302530
3,0.802409,2.832683,linear,900,300,rosenbrock,9,0.101696,3.769555,4.877658,21.129519,289.780455
3,0.939444,5.322296,linear,900,300,rosenbrock,9,0.000598,1.052681,1.466901,1.154512,286.002790
3,0.939444,0.500000,linear,900,300,rosenbrock,9,155.498932,867.027344,909.560730,907.066589,282.873125
3,0.585390,2.066557,linear,900,300,rosenbrock,9,4.618196,44.866493,64.767868,49.096344,284.072180
3,0.585390,0.802409,linear,900,300,rosenbrock,9,160.834671,1051.362549,1169.962158,960.971375,281.523510
3,2.066557,7.295407,linear,900,300,rosenbrock,9,1.210085,3.848943,4.559739,1.429127,290.313915
3,0.685363,3.882831,linear,900,300,rosenbrock,9,0.038495,3.433084,4.112639,15.699899,298.422345
3,4.545940,2.066557,linear,900,300,rosenbrock,9,0.757642,2.469796,2.895593,0.995598,104.573595
3,0.685363,10.000000,linear,900,300,rosenbrock,9,0.003431,1.389811,1.828758,1.174140,284.415750
3,0.585390,3.316448,linear,900,300,rosenbrock,9,0.042186,3.975740,5.482800,78.906349,288.862950
3,4.545940,3.316448,linear,900,300,rosenbrock,9,1.544273,3.956306,4.259896,892.491089,119.034480
3,6.231237,6.231237,linear,900,300,rosenbrock,9,0.041740,128.486389,5.421373,994.909485,261.600940
3,2.832683,1.507637,linear,900,300,rosenbrock,9,0.006982,1.433065,1.868179,210.503082,180.785335
3,7.295407,2.832683,linear,900,300,rosenbrock,9,0.549711,160.420105,5.415580,1082.280151,190.626010
3,4.545940,5.322296,linear,900,300,rosenbrock,9,1.374500,473.493652,5.421163,1191.935913,137.783520
3,7.295407,4.545940,linear,900,300,rosenbrock,9,4.325143,222.149368,5.421168,5421.398926,190.352830
3,8.541316,2.066557,linear,900,300,rosenbrock,9,0.055017,3.985889,5.141191,749.690125,177.746980
3,8.541316,0.500000,linear,900,300,rosenbrock,9,0.005089,1.140179,1.593779,0.754055,189.003760
3,5.322296,0.585390,linear,900,300,rosenbrock,9,0.074530,2.215316,3.002058,2.003133,141.692095
3,10.000000,10.000000,linear,900,300,rosenbrock,9,3.581468,143.006104,18.141459,894.627991,149.601395
3,4.545940,8.541316,linear,900,300,rosenbrock,9,0.000977,542.928040,9.443891,1171.142334,136.333555
3,5.322296,0.939444,linear,900,300,rosenbrock,9,0.127110,1.189938,1.481102,0.722966,143.617715
3,0.585390,0.802409,quadratic,900,300,rosenbrock,9,59.970844,925.385193,1118.952515,1057.768066,124.270495
3,5.322296,1.507637,linear,900,300,rosenbrock,9,0.004826,2.013532,2.269996,544.885254,147.088480
3,5.322296,2.419483,linear,900,300,rosenbrock,9,0.027211,3.374237,4.213053,544.788025,150.963680
3,7.295407,7.295407,linear,900,300,rosenbrock,9,5.061803,188.957001,9.088562,1071.284424,232.419750
3,8.541316,8.541316,linear,900,300,rosenbrock,9,5.114136,11.273713,9.498033,745.537231,201.383070
3,0.585390,2.066557,quadratic,900,300,rosenbrock,9,3.855925,18.157309,15.765511,202.504288,100.851755
3,3.316448,1.099883,linear,900,300,rosenbrock,9,0.022128,1.404524,1.811185,1.501718,151.543845
3,6.231237,1.099883,linear,900,300,rosenbrock,9,0.000369,1.154609,1.858239,0.940284,153.864915
3,5.322296,3.882831,linear,900,300,rosenbrock,9,0.015760,4.094949,4.783307,749.879700,148.047050
3,0.500000,1.099883,quadratic,900,300,rosenbrock,9,95.077316,970.119202,1283.782227,790.783325,186.917550
3,5.322296,6.231237,linear,900,300,rosenbrock,9,3.217880,180.412537,5.421187,1075.467773,145.707295
3,8.541316,0.802409,linear,900,300,rosenbrock,9,0.004102,1.504041,1.984060,0.821074,246.026590
3,6.231237,0.685363,linear,900,300,rosenbrock,9,0.013872,0.913076,1.196007,1.828404,154.506920
3,6.231237,2.832683,linear,900,300,rosenbrock,9,3.325617,4.748784,5.363297,892.185425,147.123670
3,5.322296,10.000000,linear,900,300,rosenbrock,9,0.041928,285.779266,7.763621,1065.470581,163.951945
3,6.231237,1.765111,linear,900,300,rosenbrock,9,0.005385,3.327695,3.554904,1.211936,158.600090
3,3.316448,1.765111,linear,900,300,rosenbrock,9,0.091731,0.896094,1.214918,0.648472,145.147100
3,10.000000,1.507637,linear,900,300,rosenbrock,9,0.070711,4.233930,5.388438,749.735718,228.976510
3,6.231237,4.545940,linear,900,300,rosenbrock,9,0.117319,4.254384,5.421153,544.738342,152.822580
3,8.541316,1.287720,linear,900,300,rosenbrock,9,0.266715,2.889141,3.303011,544.837769,271.440185
3,3.316448,4.545940,linear,900,300,rosenbrock,9,0.030462,3.656753,4.664561,999.984741,148.386345
3,7.295407,0.500000,linear,900,300,rosenbrock,9,0.009879,1.637533,2.246186,1.456812,149.419125
3,8.541316,3.316448,linear,900,300,rosenbrock,9,5.419748,129.725357,5.754417,994.040894,267.366155
3,8.541316,5.322296,linear,900,300,rosenbrock,9,0.078741,543.178528,9.472071,1171.339844,263.898415
3,0.585390,5.322296,quadratic,900,300,rosenbrock,9,0.151965,1.464036,1.618668,1.732205,109.622390
3,3.316448,2.832683,linear,900,300,rosenbrock,9,0.033286,2.373915,2.818858,749.852295,145.213825
3,0.585390,8.541316,quadratic,900,300,rosenbrock,9,0.010347,0.507145,0.562390,0.505917,112.126480
3,10.000000,0.585390,linear,900,300,rosenbrock,9,0.038539,0.860300,1.160709,0.699752,274.508695
3,10.000000,2.419483,linear,900,300,rosenbrock,9,0.589985,4.822291,5.421162,897.527100,280.483340
3,10.000000,3.882831,linear,900,300,rosenbrock,9,4.436185,22.799994,6.186537,883.174805,279.926195
3,10.000000,0.939444,linear,900,300,rosenbrock,9,0.195673,2.127565,2.677749,1.006735,287.470660
3,10.000000,6.231237,linear,900,300,rosenbrock,9,1.304607,68.478577,8.866380,900.003723,278.633260
3,7.295407,1.287720,linear,900,300,rosenbrock,9,0.051804,2.319826,2.782310,749.942871,118.335530
3,0.500000,1.765111,quadratic,900,300,rosenbrock,9,56.100651,126.762856,110.670547,178.179459,270.532230
3,0.500000,0.685363,quadratic,900,300,rosenbrock,9,59.884132,1575.516113,2000.524902,1541.353516,279.149515
3,0.500000,4.545940,quadratic,900,300,rosenbrock,9,0.336968,3.944657,4.959913,14.386864,271.651080
3,0.500000,2.832683,quadratic,900,300,rosenbrock,9,4.454667,8.699841,8.502103,39.591492,273.706860
3,0.500000,7.295407,quadratic,900,300,rosenbrock,9,0.024378,0.499869,0.650424,1.136996,260.021025
3,0.585390,0.500000,quadratic,900,300,rosenbrock,9,628.564087,3890.551758,4705.985352,4212.796387,258.742085
3,3.316448,7.295407,linear,900,300,rosenbrock,9,0.594162,4.547167,5.420293,544.428345,119.255395
3,0.585390,1.287720,quadratic,900,300,rosenbrock,9,22.762798,156.861526,157.132202,213.504440,247.886300
3,7.295407,0.802409,linear,900,300,rosenbrock,9,0.008865,1.349243,1.460095,750.219360,241.728715
3,3.882831,0.802409,linear,900,300,rosenbrock,9,0.288776,2.425371,3.157815,1.174649,106.376225
3,3.882831,2.066557,linear,900,300,rosenbrock,9,0.068462,1.803262,2.303407,1.126907,111.963185
3,3.882831,8.541316,linear,900,300,rosenbrock,9,3.085641,14.931113,5.421164,758.241272,107.816850
3,4.545940,0.585390,linear,900,300,rosenbrock,9,0.365905,3.892002,4.347430,1.744598,108.130730
3,3.882831,3.316448,linear,900,300,rosenbrock,9,0.007031,2.875372,3.473310,1000.172485,108.699375
3,3.882831,5.322296,linear,900,300,rosenbrock,9,2.069567,4.837031,5.419699,764.079285,98.743265
3,4.545940,0.939444,linear,900,300,rosenbrock,9,0.001739,1.139157,1.511481,1.464848,93.314745
3,0.585390,3.316448,quadratic,900,300,rosenbrock,9,0.385166,4.462552,5.512141,13.705676,193.939815
3,4.545940,1.507637,linear,900,300,rosenbrock,9,0.001437,1.386636,1.760222,1.388125,101.522645
3,3.882831,1.287720,linear,900,300,rosenbrock,9,0.048098,1.039245,1.423094,1.159238,105.531770
3,7.295407,2.066557,linear,900,300,rosenbrock,9,1.037642,3.973614,3.974089,892.510193,127.084395
3,3.882831,0.500000,linear,900,300,rosenbrock,9,0.048364,5.211581,6.094565,31.663942,190.188095
3,4.545940,2.419483,linear,900,300,rosenbrock,9,1.944647,3.203627,3.247381,1.063418,103.253390
3,0.685363,0.585390,quadratic,900,300,rosenbrock,9,222.318253,1352.316650,1308.319092,1252.290039,183.596030
3,0.939444,0.802409,quadratic,900,300,rosenbrock,9,50.681297,226.877228,174.907288,795.587769,103.196410
3,4.545940,3.882831,linear,900,300,rosenbrock,9,0.056824,4.854408,5.418986,999.677063,115.875310
3,4.545940,6.231237,linear,900,300,rosenbrock,9,0.752718,170.875916,5.421158,1078.390137,110.868400
3,5.322296,0.685363,linear,900,300,rosenbrock,9,0.001313,1.626825,2.196804,1.633966,118.778000
3,7.295407,8.541316,linear,900,300,rosenbrock,9,0.638996,173.440475,7.404260,1077.884399,112.132000
3,8.541316,10.000000,linear,900,300,rosenbrock,9,1.643297,122.827347,78.425293,976.991882,110.855545
3,0.685363,0.939444,quadratic,900,300,rosenbrock,9,24.544605,242.137238,248.752319,374.094360,220.989815
3,0.500000,1.287720,quadratic,900,300,rosenbrock,9,18.821524,310.111481,357.468506,581.760315,111.331800
3,4.545940,10.000000,linear,900,300,rosenbrock,9,0.084674,163.670624,5.421177,1081.351440,133.133445
3,5.322296,1.099883,linear,900,300,rosenbrock,9,0.008767,1.322130,1.710410,1.089407,133.471570
3,5.322296,1.765111,linear,900,300,rosenbrock,9,0.113896,2.896596,3.357915,544.690979,138.154380
3,5.322296,2.832683,linear,900,300,rosenbrock,9,0.465690,3.951800,4.557904,892.323975,138.383430
3,6.231237,1.287720,linear,900,300,rosenbrock,9,0.001003,1.609596,2.209890,0.993849,133.157115
3,8.541316,0.939444,linear,900,300,rosenbrock,9,0.057967,1.556600,2.227570,1.005353,123.438070
3,5.322296,4.545940,linear,900,300,rosenbrock,9,0.185456,4.011151,5.421142,1000.191406,134.204825
3,0.939444,1.287720,quadratic,900,300,rosenbrock,9,4.782144,17.022644,10.115516,39.801682,137.228250
3,6.231237,3.316448,linear,900,300,rosenbrock,9,0.004251,4.566448,5.421160,999.802795,134.495125
3,5.322296,7.295407,linear,900,300,rosenbrock,9,0.860577,572.570435,155.055466,1155.202881,142.040325
3,6.231237,0.500000,linear,900,300,rosenbrock,9,1.244869,2.920587,3.137485,1.745403,136.748350
3,6.231237,0.802409,linear,900,300,rosenbrock,9,0.136714,1.225245,1.469310,0.531865,139.124870
3,6.231237,2.066557,linear,900,300,rosenbrock,9,0.085018,3.097482,3.726619,892.503784,137.074775
3,0.939444,2.066557,quadratic,900,300,rosenbrock,9,0.009479,3.900286,4.835938,28.031847,127.844865
3,0.685363,1.507637,quadratic,900,300,rosenbrock,9,8.471942,58.586983,72.669479,144.226761,252.582085
3,0.685363,2.419483,quadratic,900,300,rosenbrock,9,1.854101,5.464334,6.395720,29.548882,256.714590
3,6.231237,5.322296,linear,900,300,rosenbrock,9,0.000209,235.908112,5.621595,1061.512329,126.043095
3,0.939444,3.316448,quadratic,900,300,rosenbrock,9,0.022203,0.935002,1.201174,2.021212,130.971820
3,7.295407,0.585390,linear,900,300,rosenbrock,9,0.015396,1.042785,1.366744,0.865784,135.220550
3,10.000000,1.765111,linear,900,300,rosenbrock,9,0.323398,3.405832,4.803670,544.925781,173.716080
3,0.939444,5.322296,quadratic,900,300,rosenbrock,9,0.026918,0.468911,0.737520,0.440219,127.763685
3,0.685363,3.882831,quadratic,900,300,rosenbrock,9,0.003266,2.148022,2.926608,1.863587,286.605380
3,0.685363,6.231237,quadratic,900,300,rosenbrock,9,0.001073,0.230001,0.234148,0.341526,283.535875
3,8.541316,1.507637,linear,900,300,rosenbrock,9,0.808735,3.448981,3.830028,1.124514,171.423225
3,0.802409,1.765111,quadratic,900,300,rosenbrock,9,4.436362,14.506207,9.284529,39.744907,284.984815
3,0.802409,1.099883,quadratic,900,300,rosenbrock,9,10.936206,121.169037,145.771744,198.002777,295.085150
3,0.802409,0.685363,quadratic,900,300,rosenbrock,9,124.549759,565.760498,601.308960,1019.438171,302.616760
3,0.685363,10.000000,quadratic,900,300,rosenbrock,9,0.527871,1.991136,2.290386,0.657846,306.325985
3,8.541316,3.882831,linear,900,300,rosenbrock,9,0.404505,161.106766,5.421170,1082.274780,187.952605
3,0.802409,2.832683,quadratic,900,300,rosenbrock,9,0.003023,2.597681,3.707186,1.871693,301.733660
3,7.295407,1.507637,linear,900,300,rosenbrock,9,0.287418,2.631691,3.203291,1.193423,127.307410
3,0.802409,7.295407,quadratic,900,300,rosenbrock,9,0.000604,1.195280,1.552154,0.695326,300.296075
3,0.939444,0.500000,quadratic,900,300,rosenbrock,9,20.654209,836.920532,958.943542,1332.981201,299.723090
3,0.802409,4.545940,quadratic,900,300,rosenbrock,9,0.000000,0.459850,0.554451,1.306495,317.324195
3,8.541316,0.585390,linear,900,300,rosenbrock,9,0.151699,1.435408,1.787087,1.336589,289.522050
3,7.295407,5.322296,linear,900,300,rosenbrock,9,0.026090,23.561882,5.427057,595.940674,297.226745
3,7.295407,3.316448,linear,900,300,rosenbrock,9,3.768469,5.069829,5.412055,892.388367,301.220680
3,0.585390,0.939444,quadratic,900,300,rosenbrock,9,59.339378,642.136353,701.603516,1176.284668,293.330300
3,0.500000,0.500000,quadratic,900,300,rosenbrock,9,362.892761,2840.697266,2804.778076,3060.110352,295.540390
3,8.541316,6.231237,linear,900,300,rosenbrock,9,2.100605,69.104454,8.291130,997.945618,212.140125
3,1.099883,0.939444,quadratic,900,300,rosenbrock,9,9.172052,71.335251,98.395348,71.540894,130.628400
3,6.231237,7.295407,linear,900,300,rosenbrock,9,4.626656,547.662476,44.945496,1168.355713,308.777350
3,1.099883,0.585390,quadratic,900,300,rosenbrock,9,128.165619,447.763306,541.102051,363.136932,132.492100
3,8.541316,2.419483,linear,900,300,rosenbrock,9,3.946259,161.125763,5.419699,1081.934570,301.448675
3,0.585390,2.419483,quadratic,900,300,rosenbrock,9,0.258736,18.831852,9.480740,49.490101,288.495720
3,0.939444,8.541316,quadratic,900,300,rosenbrock,9,0.191257,2.641914,3.457791,544.684875,140.947805
3,1.099883,2.419483,quadratic,900,300,rosenbrock,9,0.018124,2.614489,3.096326,2.194708,137.226500
3,1.099883,6.231237,quadratic,900,300,rosenbrock,9,0.008219,1.771370,2.288182,0.839862,137.870320
3,1.099883,1.507637,quadratic,900,300,rosenbrock,9,0.603659,5.152741,6.218048,30.083632,138.259470
3,1.099883,10.000000,quadratic,900,300,rosenbrock,9,0.102485,3.821635,4.974003,892.373535,138.447985
3,1.099883,3.882831,quadratic,900,300,rosenbrock,9,0.000617,0.369049,0.409064,0.431524,145.374050
3,1.287720,1.099883,quadratic,900,300,rosenbrock,9,1.458875,22.530041,12.429738,54.244808,133.731135
3,1.287720,0.685363,quadratic,900,300,rosenbrock,9,25.005703,89.193619,69.727325,413.886993,139.001855
3,1.287720,1.765111,quadratic,900,300,rosenbrock,9,0.351612,3.608813,4.683425,34.580574,130.752055
3,1.287720,2.832683,quadratic,900,300,rosenbrock,9,0.005531,0.605642,0.717155,0.852624,130.904220
3,0.585390,10.000000,quadratic,900,300,rosenbrock,9,0.014855,1.186375,1.516808,0.635929,216.480395
3,0.585390,6.231237,quadratic,900,300,rosenbrock,9,0.005519,0.421162,0.557253,1.263661,231.497820
3,10.000000,1.099883,linear,900,300,rosenbrock,9,0.089693,2.826061,3.084561,1.461442,192.879660
3,10.000000,0.685363,linear,900,300,rosenbrock,9,0.003738,1.350648,1.729778,545.021851,229.853700
3,1.287720,7.295407,quadratic,900,300,rosenbrock,9,0.358841,3.457385,3.717621,1.210091,138.408830
3,7.295407,0.939444,linear,900,300,rosenbrock,9,0.056993,1.552250,2.016463,544.971436,184.929830
3,1.287720,4.545940,quadratic,900,300,rosenbrock,9,0.002364,1.058931,1.414285,0.718414,141.804665
3,1.507637,0.500000,quadratic,900,300,rosenbrock,9,49.709084,194.383392,241.059692,239.006561,133.104315
3,0.685363,0.685363,quadratic,900,300,rosenbrock,9,280.955566,1260.545776,1636.033081,903.651855,152.987620
3,10.000000,2.832683,linear,900,300,rosenbrock,9,1.142318,5.094680,5.421161,888.607117,239.283920
3,0.500000,5.322296,quadratic,900,300,rosenbrock,9,0.093711,2.591597,3.117595,1.763288,207.469980
3,10.000000,4.545940,linear,900,300,rosenbrock,9,0.400100,5.507951,5.476638,999.466309,242.894830
3,0.685363,1.099883,quadratic,900,300,rosenbrock,9,52.129158,171.478271,172.769531,185.798813,110.701525
3,10.000000,7.295407,linear,900,300,rosenbrock,9,5.426411,235.608444,9.480615,1069.977905,255.291550
3,0.500000,2.066557,quadratic,900,300,rosenbrock,9,7.879272,65.020630,73.363358,138.606232,248.122280
3,0.500000,0.802409,quadratic,900,300,rosenbrock,9,242.742249,1393.371826,1724.828857,1692.604248,253.267855
3,0.500000,8.541316,quadratic,900,300,rosenbrock,9,0.026810,0.523093,0.653167,545.203979,245.644470
3,0.585390,1.507637,quadratic,900,300,rosenbrock,9,2.357676,122.544464,136.952805,221.839218,240.005135
3,0.500000,3.316448,quadratic,900,300,rosenbrock,9,0.166575,6.030322,7.541624,43.462307,251.737150
3,0.585390,0.585390,quadratic,900,300,rosenbrock,9,335.563660,2812.102783,3322.434814,2227.037842,247.028360
3,1.507637,0.802409,quadratic,900,300,rosenbrock,9,2.273998,29.136564,40.015083,43.758331,130.139850
3,1.507637,2.066557,quadratic,900,300,rosenbrock,9,0.072533,1.010709,1.316232,0.753553,125.321400
3,8.541316,1.099883,linear,900,300,rosenbrock,9,0.112437,1.991408,2.380062,544.859009,114.997795
3,0.585390,3.882831,quadratic,900,300,rosenbrock,9,0.770772,4.550164,4.904714,28.820263,251.675655
3,0.939444,1.507637,quadratic,900,300,rosenbrock,9,1.322588,48.062725,84.289368,100.896957,116.226200
3,7.295407,2.419483,linear,900,300,rosenbrock,9,1.626034,223.090790,5.421161,1074.853882,239.769905
3,1.507637,3.316448,quadratic,900,300,rosenbrock,9,0.080034,0.662488,0.773992,0.513537,136.646025
3,1.507637,1.287720,quadratic,900,300,rosenbrock,9,0.013044,4.781750,5.375950,25.392725,138.682300
3,1.507637,5.322296,quadratic,900,300,rosenbrock,9,0.000204,1.922907,2.693123,1.418107,140.166710
3,0.939444,0.939444,quadratic,900,300,rosenbrock,9,8.234484,76.542343,103.591644,132.019379,226.634830
3,1.765111,0.585390,quadratic,900,300,rosenbrock,9,4.243175,55.276627,45.915119,265.265472,124.628655
3,1.765111,1.507637,quadratic,900,300,rosenbrock,9,0.000802,2.558056,3.782763,34.793030,119.557540
3,1.507637,8.541316,quadratic,900,300,rosenbrock,9,2.981279,4.858747,5.384244,892.215759,133.015730
3,7.295407,10.000000,linear,900,300,rosenbrock,9,0.347949,67.616081,42.099060,758.856384,211.054975
3,1.765111,0.939444,quadratic,900,300,rosenbrock,9,0.128147,6.505874,8.071870,70.509315,132.635240
3,10.000000,0.500000,linear,900,300,rosenbrock,9,0.004641,1.146834,1.376074,545.033813,194.884980
3,0.500000,1.507637,quadratic,900,300,rosenbrock,9,21.355762,181.728699,236.635635,218.749603,172.969730
3,1.765111,3.882831,quadratic,900,300,rosenbrock,9,0.000084,1.516554,1.946641,0.917598,129.375760
3,0.939444,2.419483,quadratic,900,300,rosenbrock,9,0.004322,3.566223,4.761471,210.482513,132.631825
3,1.765111,2.419483,quadratic,900,300,rosenbrock,9,0.000927,0.366112,0.510154,0.269587,133.840875
3,0.685363,1.765111,quadratic,900,300,rosenbrock,9,2.711027,42.711861,66.426506,57.526340,131.589580
3,1.765111,6.231237,quadratic,900,300,rosenbrock,9,1.197146,4.158437,5.120261,999.786560,123.637790
3,0.939444,3.882831,quadratic,900,300,rosenbrock,9,0.010785,0.675472,1.034148,1.457316,118.809055
3,1.765111,10.000000,quadratic,900,300,rosenbrock,9,4.405699,15.406608,5.421167,995.980530,118.434510
3,0.939444,6.231237,quadratic,900,300,rosenbrock,9,0.000410,1.099521,1.499269,0.726017,112.373525
3,10.000000,2.066557,linear,900,300,rosenbrock,9,2.654963,4.789195,5.419692,749.596191,121.218090
3,0.685363,2.832683,quadratic,900,300,rosenbrock,9,2.706986,5.459982,5.825406,28.069426,152.042435
3,8.541316,1.765111,linear,900,300,rosenbrock,9,2.946444,4.226237,4.466768,999.754150,108.674880
3,8.541316,4.545940,linear,900,300,rosenbrock,9,2.392358,136.013443,5.453197,991.329895,88.538655
3,2.066557,0.685363,quadratic,900,300,rosenbrock,9,0.303233,29.118446,8.599883,58.238670,95.651965
3,8.541316,7.295407,linear,900,300,rosenbrock,9,3.470536,178.725464,6.572733,1074.583374,96.274375
3,1.099883,1.099883,quadratic,900,300,rosenbrock,9,2.852902,14.582371,14.183975,102.023193,113.309195
3,1.099883,1.765111,quadratic,900,300,rosenbrock,9,0.059424,4.619061,5.572268,21.440754,112.356890
3,1.099883,2.832683,quadratic,900,300,rosenbrock,9,0.016666,0.845828,1.273236,1.284599,113.902735
3,1.287720,0.802409,quadratic,900,300,rosenbrock,9,8.366763,91.793640,114.538078,131.686371,107.556215
3,1.099883,7.295407,quadratic,900,300,rosenbrock,9,0.013615,2.491281,3.081558,544.852478,115.574040
3,0.939444,10.000000,quadratic,900,300,rosenbrock,9,0.013322,3.339733,4.065713,544.827087,118.307585
3,1.287720,0.500000,quadratic,900,300,rosenbrock,9,70.441696,328.018616,288.412598,892.418640,117.489315
3,1.099883,4.545940,quadratic,900,300,rosenbrock,9,0.002717,0.712848,1.051221,0.587545,118.688635
3,1.287720,1.287720,quadratic,900,300,rosenbrock,9,0.218126,5.802325,6.332604,35.003960,118.079055
3,1.099883,0.685363,quadratic,900,300,rosenbrock,9,56.780899,199.752884,222.757996,216.023361,129.791775
3,1.287720,3.316448,quadratic,900,300,rosenbrock,9,0.006111,0.508435,0.593003,0.327349,112.781840
3,1.287720,2.066557,quadratic,900,300,rosenbrock,9,0.066076,1.815259,2.348782,2.012547,117.098375
3,0.685363,4.545940,quadratic,900,300,rosenbrock,9,0.109266,1.091035,1.390233,1.260276,212.970950
3,1.287720,8.541316,quadratic,900,300,rosenbrock,9,0.007752,4.088439,4.645818,999.627075,119.518015
3,1.287720,5.322296,quadratic,900,300,rosenbrock,9,0.054587,1.595667,2.059764,0.830912,113.451250
3,0.685363,7.295407,quadratic,900,300,rosenbrock,9,0.173020,0.706710,0.906497,0.435952,234.372850
3,1.507637,0.585390,quadratic,900,300,rosenbrock,9,17.700323,133.339478,136.790848,222.549423,112.850335
3,0.802409,2.066557,quadratic,900,300,rosenbrock,9,0.474332,4.063423,5.144340,61.859901,240.713625
3,0.802409,0.802409,quadratic,900,300,rosenbrock,9,54.001930,447.562256,459.064392,679.351868,238.613485
3,0.802409,1.287720,quadratic,900,300,rosenbrock,9,11.791351,55.773216,64.748322,112.596741,247.226780
3,10.000000,1.287720,linear,900,300,rosenbrock,9,1.555090,3.739611,3.836397,892.429810,163.106130
3,10.000000,0.802409,linear,900,300,rosenbrock,9,0.610399,1.976607,2.415415,544.848816,180.287935
3,7.295407,3.882831,linear,900,300,rosenbrock,9,2.366956,317.579773,5.421219,1145.196167,227.137275
3,0.802409,0.500000,quadratic,900,300,rosenbrock,9,169.967987,1222.890747,1175.355591,1400.925537,266.471505
3,2.066557,1.099883,quadratic,900,300,rosenbrock,9,0.438011,3.870197,4.536071,1.886170,188.906210
3,0.802409,3.316448,quadratic,900,300,rosenbrock,9,0.001537,2.007518,2.864904,1.867327,275.051125
3,1.507637,2.419483,quadratic,900,300,rosenbrock,9,0.004556,0.337151,0.448334,1.377131,127.866905
3,1.507637,6.231237,quadratic,900,300,rosenbrock,9,1.432554,3.578622,3.870174,544.774658,127.544820
3,1.507637,1.507637,quadratic,900,300,rosenbrock,9,0.022016,3.640150,4.185701,68.035561,127.717820
3,1.507637,0.939444,quadratic,900,300,rosenbrock,9,3.628174,18.857536,11.259441,34.646839,133.581655
3,0.939444,1.765111,quadratic,900,300,rosenbrock,9,0.199084,9.680113,7.721349,43.452667,138.439925
3,1.507637,3.882831,quadratic,900,300,rosenbrock,9,0.002747,0.685997,0.816563,0.748314,136.974235
3,1.765111,1.099883,quadratic,900,300,rosenbrock,9,0.010361,4.966105,5.696128,20.054111,124.553960
3,1.765111,0.685363,quadratic,900,300,rosenbrock,9,2.704534,60.285194,80.686066,63.026981,133.157835
3,0.500000,0.585390,quadratic,900,300,rosenbrock,9,810.656921,3179.304932,3552.599854,3122.698730,267.269375
3,1.765111,1.765111,quadratic,900,300,rosenbrock,9,0.000270,0.913879,1.231387,2.168600,132.638590
3,1.507637,10.000000,quadratic,900,300,rosenbrock,9,0.374358,473.466187,5.421163,1192.168701,132.734315
3,0.802409,8.541316,quadratic,900,300,rosenbrock,9,0.028120,1.403721,2.212698,0.994732,285.688680
3,8.541316,0.685363,linear,900,300,rosenbrock,9,0.037453,1.330790,1.561312,0.727139,277.415200
3,0.802409,5.322296,quadratic,900,300,rosenbrock,9,0.000598,0.432067,0.645504,1.127532,280.113035
3,0.585390,1.099883,quadratic,900,300,rosenbrock,9,52.346951,403.055450,502.168518,539.295532,273.722475
3,0.939444,0.585390,quadratic,900,300,rosenbrock,9,76.087097,830.797791,1089.246826,640.344604,286.806435
3,8.541316,2.832683,linear,900,300,rosenbrock,9,0.014116,4.713357,5.420717,897.826965,275.156635
3,6.231237,8.541316,linear,900,300,rosenbrock,9,1.412969,8.723604,6.243774,997.612976,276.915400
3,7.295407,6.231237,linear,900,300,rosenbrock,9,1.644584,648.718506,5.907071,1214.290039,284.109195
3,0.585390,2.832683,quadratic,900,300,rosenbrock,9,0.157877,4.583387,6.000432,17.869131,282.346455
3,0.685363,0.500000,quadratic,900,300,rosenbrock,9,194.710602,1714.593628,2018.613647,1985.541382,253.511875
3,0.585390,7.295407,quadratic,900,300,rosenbrock,9,0.013731,0.480720,0.619494,1.502625,254.257455
3,0.685363,0.802409,quadratic,900,300,rosenbrock,9,125.599121,694.534180,934.065735,711.335876,236.108010
3,10.000000,3.316448,linear,900,300,rosenbrock,9,1.112453,378.748352,5.421165,1132.954590,233.437845
3,0.939444,2.832683,quadratic,900,300,rosenbrock,9,0.004564,2.567287,3.293300,1.522674,132.470855
3,1.765111,4.545940,quadratic,900,300,rosenbrock,9,0.035443,2.243602,2.842854,544.848999,137.016125
3,0.500000,6.231237,quadratic,900,300,rosenbrock,9,0.000093,1.510271,1.897000,19.854118,233.152840
3,0.685363,1.287720,quadratic,900,300,rosenbrock,9,8.761365,149.096573,116.553825,322.500153,210.858835
3,1.765111,2.832683,quadratic,900,300,rosenbrock,9,0.005478,0.603724,0.831775,0.406775,141.752235
3,0.939444,4.545940,quadratic,900,300,rosenbrock,9,0.012642,0.443900,0.576441,1.109148,138.664035
3,1.765111,7.295407,quadratic,900,300,rosenbrock,9,0.154336,4.452682,5.329102,749.866638,142.205730
3,2.066557,0.500000,quadratic,900,300,rosenbrock,9,4.715137,65.380440,76.864510,70.636246,134.544755
3,0.939444,7.295407,quadratic,900,300,rosenbrock,9,0.019055,1.500974,2.238662,1.016009,130.253520
3,10.000000,5.322296,linear,900,300,rosenbrock,9,2.144866,39.938316,9.894892,886.511414,254.889965
3,0.685363,2.066557,quadratic,900,300,rosenbrock,9,1.695740,15.606624,8.955990,63.049526,169.068880
3,0.939444,1.099883,quadratic,900,300,rosenbrock,9,7.026939,88.410828,64.603531,236.501694,224.037905
3,0.685363,3.316448,quadratic,900,300,rosenbrock,9,0.001677,3.843501,4.888733,22.301271,139.397900
3,0.500000,2.419483,quadratic,900,300,rosenbrock,9,7.701667,53.157402,73.804024,72.712456,270.839640
3,10.000000,8.541316,linear,900,300,rosenbrock,9,5.439726,101.462250,10.606291,986.180359,282.299735
3,1.099883,5.322296,quadratic,900,300,rosenbrock,9,0.413209,1.411896,1.730892,0.545112,119.290110
3,0.500000,0.939444,quadratic,900,300,rosenbrock,9,134.413513,937.513855,1177.428345,1200.254761,281.954030
3,1.287720,0.939444,quadratic,900,300,rosenbrock,9,0.045214,26.636068,25.976940,211.825241,126.138035
3,2.066557,0.802409,quadratic,900,300,rosenbrock,9,2.499486,6.343623,7.425169,9.539821,130.925105
3,1.099883,2.066557,quadratic,900,300,rosenbrock,9,0.025183,4.213975,5.158068,66.070885,127.599875
3,1.099883,3.316448,quadratic,900,300,rosenbrock,9,0.000012,0.585333,0.687753,0.451495,128.983890
3,1.099883,8.541316,quadratic,900,300,rosenbrock,9,1.134340,3.469615,3.762376,1.142576,131.345010
3,1.099883,1.287720,quadratic,900,300,rosenbrock,9,2.131392,10.364188,8.126649,63.093414,133.794760
3,1.287720,0.585390,quadratic,900,300,rosenbrock,9,23.547749,265.052917,295.982361,485.103088,135.659275
3,1.099883,0.500000,quadratic,900,300,rosenbrock,9,86.372940,705.941101,826.241577,942.254395,135.803820
3,0.500000,10.000000,quadratic,900,300,rosenbrock,9,0.105948,0.688332,0.846917,0.426756,291.686390
3,0.585390,1.765111,quadratic,900,300,rosenbrock,9,6.553081,49.350674,46.895931,195.013840,292.363845
3,1.099883,0.802409,quadratic,900,300,rosenbrock,9,8.209009,176.825867,200.537140,355.197144,123.751920
3,2.066557,2.832683,quadratic,900,300,rosenbrock,9,0.010819,1.501451,1.654095,0.608013,286.386875
3,1.287720,1.507637,quadratic,900,300,rosenbrock,9,0.005556,10.068542,5.811545,81.294708,137.216745
3,2.066557,1.765111,quadratic,900,300,rosenbrock,9,0.007306,0.505545,0.635846,1.219965,290.753345
3,0.585390,4.545940,quadratic,900,300,rosenbrock,9,0.013051,2.284846,2.893684,210.528320,290.236395
3,2.066557,7.295407,quadratic,900,300,rosenbrock,9,0.047169,160.575027,5.421155,1082.352661,274.792830
3,1.287720,3.882831,quadratic,900,300,rosenbrock,9,0.010387,0.440954,0.410218,0.564897,122.079010
3,0.500000,3.882831,quadratic,900,300,rosenbrock,9,0.155821,3.879499,4.871536,215.649872,304.057275
3,0.585390,0.685363,quadratic,900,300,rosenbrock,9,276.139954,1243.752686,1390.597412,1442.931641,303.987380
3,2.066557,4.545940,quadratic,900,300,rosenbrock,9,0.071985,3.995779,4.745813,544.730896,289.350435
3,2.419483,0.500000,quadratic,900,300,rosenbrock,9,2.132408,33.018795,33.553093,56.047932,267.927090
3,1.287720,2.419483,quadratic,900,300,rosenbrock,9,0.025419,0.958261,1.274236,1.087578,130.428950
3,1.287720,10.000000,quadratic,900,300,rosenbrock,9,0.166918,4.118470,5.307648,999.828552,125.347390
3,1.287720,6.231237,quadratic,900,300,rosenbrock,9,0.175611,2.407864,3.141525,1.114294,126.372725
3,1.507637,0.685363,quadratic,900,300,rosenbrock,9,8.616665,67.504097,76.794884,237.734787,123.368780
3,2.419483,0.802409,quadratic,900,300,rosenbrock,9,3.510617,5.479697,5.891410,1.575479,237.509080
3,2.419483,1.287720,quadratic,900,300,rosenbrock,9,0.006217,1.035926,1.413381,1.682566,216.594840
3,2.419483,3.316448,quadratic,900,300,rosenbrock,9,0.271885,3.089821,3.238356,1.191549,205.628080
3,2.419483,2.066557,quadratic,900,300,rosenbrock,9,0.015226,0.617427,0.686558,0.397409,215.306000
3,1.507637,2.832683,quadratic,900,300,rosenbrock,9,0.006554,0.348571,0.407987,0.894743,119.360220
3,1.507637,1.765111,quadratic,900,300,rosenbrock,9,0.095274,2.764955,3.669900,1.717119,112.906275
3,0.685363,5.322296,quadratic,900,300,rosenbrock,9,0.002778,0.590336,0.745136,1.296969,178.491755
3,1.507637,1.099883,quadratic,900,300,rosenbrock,9,1.674946,5.781638,6.743810,42.439846,118.009720
3,2.066557,1.287720,quadratic,900,300,rosenbrock,9,0.000242,2.286558,3.144110,2.126356,132.932430
3,1.765111,0.802409,quadratic,900,300,rosenbrock,9,5.502575,17.378490,11.762980,36.889091,118.046800
3,2.832683,0.939444,quadratic,900,300,rosenbrock,9,0.208257,2.933953,3.711221,2.494117,118.859380
3,2.419483,8.541316,quadratic,900,300,rosenbrock,9,0.432731,5.626545,5.421237,745.690674,146.297890
3,2.419483,5.322296,quadratic,900,300,rosenbrock,9,0.610803,4.385845,5.407588,749.598206,150.757490
3,1.765111,1.287720,quadratic,900,300,rosenbrock,9,0.810372,3.847210,4.859722,216.008636,119.975715
3,1.507637,7.295407,quadratic,900,300,rosenbrock,9,1.386759,4.173507,4.677341,892.487915,122.566320
3,1.507637,4.545940,quadratic,900,300,rosenbrock,9,0.020307,1.309966,1.894754,1.018894,123.148110
3,0.685363,8.541316,quadratic,900,300,rosenbrock,9,0.033750,1.123747,1.574868,0.670980,190.999620
3,1.765111,2.066557,quadratic,900,300,rosenbrock,9,0.000113,0.411797,0.503882,1.596076,111.333700
3,1.765111,0.500000,quadratic,900,300,rosenbrock,9,11.870234,156.803162,158.585724,244.498657,108.423635
3,0.802409,2.419483,quadratic,900,300,rosenbrock,9,0.253402,4.507851,5.723436,16.649931,197.652330
3,0.802409,0.939444,quadratic,900,300,rosenbrock,9,32.842110,250.810699,267.825500,264.248108,197.832040
3,0.802409,1.507637,quadratic,900,300,rosenbrock,9,4.197825,44.944717,70.233261,88.241432,207.654840
3,0.802409,0.585390,quadratic,900,300,rosenbrock,9,363.442474,954.515625,1074.290039,988.148865,217.894500
3,2.832683,0.585390,quadratic,900,300,rosenbrock,9,1.984334,5.827790,6.057658,68.495705,227.282555
3,1.765111,3.316448,quadratic,900,300,rosenbrock,9,0.002401,1.191408,1.541353,0.715783,115.950420
3,1.765111,5.322296,quadratic,900,300,rosenbrock,9,0.153710,3.575478,4.176290,1.344072,129.475200
3,0.802409,3.882831,quadratic,900,300,rosenbrock,9,0.007467,1.218213,1.363856,1.379161,230.447100
3,2.066557,0.585390,quadratic,900,300,rosenbrock,9,6.223029,35.515865,43.380074,63.560646,125.561040
3,1.765111,8.541316,quadratic,900,300,rosenbrock,9,2.418637,5.036577,5.421160,544.637878,127.497920
3,3.882831,3.316448,quadratic,900,300,rosenbrock,9,0.295895,4.624677,5.419695,749.468689,121.034940
3,3.882831,0.500000,quadratic,900,300,rosenbrock,9,0.118103,4.205067,5.931038,20.952271,154.060320
3,2.832683,1.507637,quadratic,900,300,rosenbrock,9,0.000637,0.454165,0.573346,0.243440,231.311305
3,4.545940,3.882831,quadratic,900,300,rosenbrock,9,0.032262,6.520338,5.421164,897.300232,124.021095
3,3.316448,7.295407,quadratic,900,300,rosenbrock,9,0.005810,27.370680,5.944822,5053.584473,165.102340
3,4.545940,10.000000,quadratic,900,300,rosenbrock,9,0.883501,37.082634,25.156254,765.155273,126.409530
3,5.322296,0.685363,quadratic,900,300,rosenbrock,9,0.000905,0.424901,0.609210,0.927541,126.820565
3,5.322296,1.099883,quadratic,900,300,rosenbrock,9,0.244172,1.534884,1.898044,544.917542,127.833055
3,2.066557,0.939444,quadratic,900,300,rosenbrock,9,0.045991,4.450183,4.851229,41.125000,131.581630
3,5.322296,4.545940,quadratic,900,300,rosenbrock,9,2.490422,5.453688,5.472142,890.683289,128.672930
3,5.322296,1.765111,quadratic,900,300,rosenbrock,9,0.995189,3.814034,3.945935,890.213806,129.305465
3,5.322296,2.832683,quadratic,900,300,rosenbrock,9,1.194141,4.706446,5.421159,1000.013489,130.011385
3,5.322296,7.295407,quadratic,900,300,rosenbrock,9,4.543479,224.803131,6.383377,1074.616089,129.995980
3,3.882831,0.802409,quadratic,900,300,rosenbrock,9,0.116741,0.988167,1.325371,0.656668,174.377040
3,6.231237,1.287720,quadratic,900,300,rosenbrock,9,0.001613,1.793338,2.658710,1.438494,120.393325
3,6.231237,2.066557,quadratic,900,300,rosenbrock,9,0.167657,4.304880,5.390491,749.941101,114.863545
3,3.882831,2.066557,quadratic,900,300,rosenbrock,9,0.052458,2.408109,2.983379,1.052167,191.259645
3,0.802409,10.000000,quadratic,900,300,rosenbrock,9,0.059090,2.377736,3.155597,1.439015,262.737500
3,6.231237,5.322296,quadratic,900,300,rosenbrock,9,5.424637,476.983398,9.456893,1190.661133,114.046700
3,2.832683,2.419483,quadratic,900,300,rosenbrock,9,0.034947,1.524609,2.450589,458.363159,269.252950
3,0.802409,6.231237,quadratic,900,300,rosenbrock,9,0.086796,0.795035,1.092159,1.081835,262.784395
3,2.832683,3.882831,quadratic,900,300,rosenbrock,9,0.171627,4.123219,5.361116,749.753113,263.334160
3,0.939444,0.685363,quadratic,900,300,rosenbrock,9,13.414444,315.458282,389.868835,613.876099,265.138535
3,3.882831,5.322296,quadratic,900,300,rosenbrock,9,0.005773,5.139644,5.421270,897.821838,224.349485
3,2.832683,6.231237,quadratic,900,300,rosenbrock,9,0.207441,161.125885,5.421162,1082.138062,268.836640
3,4.545940,0.585390,quadratic,900,300,rosenbrock,9,0.018935,2.285247,3.099101,34.843735,217.303235
3,3.316448,1.099883,quadratic,900,300,rosenbrock,9,0.087918,0.625139,0.707338,0.636918,264.204495
3,7.295407,0.939444,quadratic,900,300,rosenbrock,9,0.120203,2.057616,2.361350,0.942745,109.042100
3,3.316448,1.765111,quadratic,900,300,rosenbrock,9,0.282455,1.460175,1.631607,545.013977,266.139220
3,7.295407,3.882831,quadratic,900,300,rosenbrock,9,0.989815,5.814408,5.867765,999.718445,111.416095
3,7.295407,2.419483,quadratic,900,300,rosenbrock,9,2.760765,5.364933,5.421170,840.806885,112.688745
3,3.316448,4.545940,quadratic,900,300,rosenbrock,9,0.002942,4.175157,5.421156,749.662903,267.847795
3,7.295407,1.507637,quadratic,900,300,rosenbrock,9,1.781583,3.673481,4.120432,544.747437,116.126810
3,4.545940,2.419483,quadratic,900,300,rosenbrock,9,0.189015,4.162463,4.390310,749.978455,227.124755
3,3.316448,2.832683,quadratic,900,300,rosenbrock,9,1.091871,3.823828,4.009057,544.622620,271.251280
3,2.832683,10.000000,quadratic,900,300,rosenbrock,9,0.376437,11.358358,5.921946,997.855286,280.828710
3,3.882831,1.287720,quadratic,900,300,rosenbrock,9,0.019960,0.796519,0.938179,1.059264,263.270020
3,4.545940,6.231237,quadratic,900,300,rosenbrock,9,0.088949,535.230164,7.715692,1175.416016,233.249185
3,3.316448,0.685363,quadratic,900,300,rosenbrock,9,0.824644,3.685878,4.273320,24.251438,286.788575
3,3.882831,8.541316,quadratic,900,300,rosenbrock,9,1.457842,548.125122,56.198494,1167.898438,252.476260
3,4.545940,0.939444,quadratic,900,300,rosenbrock,9,0.019856,0.402826,0.549039,1.520522,254.054250
3,4.545940,1.507637,quadratic,900,300,rosenbrock,9,0.003678,1.910012,2.380419,1.064608,259.886020
3,7.295407,6.231237,quadratic,900,300,rosenbrock,9,0.795995,587.427795,651.192749,1069.856812,119.929630
3,7.295407,10.000000,quadratic,900,300,rosenbrock,9,3.571094,199.346634,62.138924,1066.849854,118.966125
3,8.541316,1.099883,quadratic,900,300,rosenbrock,9,0.034430,4.017198,4.552847,892.277222,126.461130
3,2.832683,1.099883,quadratic,900,300,rosenbrock,9,0.005033,0.675021,1.069128,0.806953,126.742770
3,6.231237,0.802409,quadratic,900,300,rosenbrock,9,0.000175,0.524209,0.717522,0.461322,255.990745
3,2.066557,3.316448,quadratic,900,300,rosenbrock,9,0.003696,2.029745,2.554259,750.043152,251.932170
3,8.541316,1.765111,quadratic,900,300,rosenbrock,9,0.057477,3.990825,5.160290,675.618530,132.551580
3,8.541316,7.295407,quadratic,900,300,rosenbrock,9,3.238328,53.304401,24.266460,882.580811,129.185155
3,6.231237,0.500000,quadratic,900,300,rosenbrock,9,0.005885,1.148229,1.492735,1.193539,268.194060
3,8.541316,2.832683,quadratic,900,300,rosenbrock,9,1.911150,848.476196,502.254059,1216.563721,133.103385
3,10.000000,1.287720,quadratic,900,300,rosenbrock,9,0.003141,3.726341,4.582036,749.997070,130.327060
3,8.541316,4.545940,quadratic,900,300,rosenbrock,9,0.391652,6.204199,6.594689,72.855591,135.410265
3,10.000000,0.802409,quadratic,900,300,rosenbrock,9,0.009710,2.918394,3.284838,1.151259,145.145700
3,8.541316,0.685363,quadratic,900,300,rosenbrock,9,0.023251,1.221890,1.654459,0.667991,176.090790
3,2.066557,2.066557,quadratic,900,300,rosenbrock,9,0.009374,0.506661,0.608943,0.362963,278.660210
3,10.000000,0.500000,quadratic,900,300,rosenbrock,9,0.011805,0.376199,0.637382,0.510661,168.661220
3,6.231237,3.316448,quadratic,900,300,rosenbrock,9,3.472307,33.747372,5.422623,568.560791,272.421270
3,10.000000,2.066557,quadratic,900,300,rosenbrock,9,0.153601,223.142365,5.421171,1075.836670,162.525365
3,0.500000,0.585390,exponential_3,900,300,rosenbrock,9,714.286316,2710.031250,3188.611816,2548.587646,132.154770
3,10.000000,5.322296,quadratic,900,300,rosenbrock,9,2.552108,23.461838,11.371216,892.315369,158.272165
3,0.500000,1.507637,exponential_3,900,300,rosenbrock,9,24.001442,193.186066,231.857895,210.544189,127.847025
3,2.832683,0.685363,quadratic,900,300,rosenbrock,9,0.016020,5.191150,5.952434,34.265129,150.557410
3,10.000000,3.316448,quadratic,900,300,rosenbrock,9,0.149622,319.492645,9.465773,1144.913208,170.297540
3,6.231237,8.541316,quadratic,900,300,rosenbrock,9,5.128153,302.938965,39.825920,1057.271362,270.080700
3,10.000000,8.541316,quadratic,900,300,rosenbrock,9,7.464212,335.844971,111.892570,1042.206055,157.117245
3,2.066557,8.541316,quadratic,900,300,rosenbrock,9,0.059727,4.507542,5.377530,544.330994,284.614995
3,0.500000,0.939444,exponential_3,900,300,rosenbrock,9,248.095581,855.681152,997.077271,1242.972778,142.111405
3,0.500000,2.419483,exponential_3,900,300,rosenbrock,9,5.186687,25.603600,21.994085,79.570137,136.954075
3,0.500000,3.882831,exponential_3,900,300,rosenbrock,9,0.484711,4.839494,6.305895,43.929924,137.668875
3,7.295407,0.585390,quadratic,900,300,rosenbrock,9,0.012803,0.605467,0.725166,0.403352,271.963925
3,3.882831,0.585390,quadratic,900,300,rosenbrock,9,0.019528,3.417611,4.078019,65.982727,137.770675
3,2.066557,5.322296,quadratic,900,300,rosenbrock,9,0.012096,3.408632,4.155014,544.828735,265.943400
3,3.882831,3.882831,quadratic,900,300,rosenbrock,9,0.307309,4.746176,5.421160,544.704224,142.248760
3,2.419483,0.939444,quadratic,900,300,rosenbrock,9,0.109521,3.465246,4.841863,2.319806,248.430330
3,2.832683,1.765111,quadratic,900,300,rosenbrock,9,0.000002,0.520559,0.714786,0.417008,134.866480
3,2.419483,0.585390,quadratic,900,300,rosenbrock,9,4.906000,28.556503,25.937019,81.487778,267.276540
3,4.545940,4.545940,quadratic,900,300,rosenbrock,9,0.019892,5.220959,5.421303,892.406311,130.482535
3,2.419483,2.419483,quadratic,900,300,rosenbrock,9,0.233957,1.311986,1.526312,0.625429,245.184665
3,2.419483,1.507637,quadratic,900,300,rosenbrock,9,0.011281,0.358343,0.471305,1.822600,250.047485
3,2.419483,3.882831,quadratic,900,300,rosenbrock,9,0.006467,3.182374,3.972800,1.652825,250.137150
3,2.419483,10.000000,quadratic,900,300,rosenbrock,9,4.166152,473.876251,5.879356,1191.500488,242.337935
3,2.066557,1.507637,quadratic,900,300,rosenbrock,9,0.001924,1.638850,2.156222,1.661953,247.827695
3,5.322296,0.802409,quadratic,900,300,rosenbrock,9,0.076655,0.525859,0.676728,0.298634,132.319465
3,5.322296,0.500000,quadratic,900,300,rosenbrock,9,0.604697,2.960468,3.480704,1.236557,133.283785
3,2.419483,6.231237,quadratic,900,300,rosenbrock,9,1.357461,4.873854,5.421160,892.279663,245.698360
3,5.322296,1.287720,quadratic,900,300,rosenbrock,9,0.001903,1.403888,2.209355,1.084618,135.106885
3,0.500000,6.231237,exponential_3,900,300,rosenbrock,9,0.119888,2.482571,3.407488,2.064345,126.300355
3,5.322296,5.322296,quadratic,900,300,rosenbrock,9,0.252475,15.013993,5.955273,760.284485,127.181350
3,5.322296,3.316448,quadratic,900,300,rosenbrock,9,1.304646,24.171345,5.421166,939.531616,123.419345
3,5.322296,2.066557,quadratic,900,300,rosenbrock,9,0.000377,3.830705,5.091226,544.861694,127.245695
3,5.322296,8.541316,quadratic,900,300,rosenbrock,9,2.253413,84.740601,11.873535,5428.712891,119.598595
3,6.231237,1.507637,quadratic,900,300,rosenbrock,9,0.180194,3.191288,3.791764,544.864197,117.400690
3,6.231237,2.419483,quadratic,900,300,rosenbrock,9,0.008439,4.728220,5.421162,888.660522,118.606585
3,3.882831,2.419483,quadratic,900,300,rosenbrock,9,0.021802,3.211070,4.113100,749.766235,114.329330
3,3.316448,8.541316,quadratic,900,300,rosenbrock,9,1.745690,43.144096,5.991570,988.994507,175.259200
3,3.882831,0.939444,quadratic,900,300,rosenbrock,9,0.001896,0.588882,0.706696,1.142242,165.790110
3,0.500000,10.000000,exponential_3,900,300,rosenbrock,9,0.027559,3.025844,3.435722,90.263329,160.779820
3,7.295407,1.099883,quadratic,900,300,rosenbrock,9,0.013199,2.944923,3.324110,749.804443,103.293560
3,7.295407,4.545940,quadratic,900,300,rosenbrock,9,0.274234,323.105377,6.018844,1143.044312,104.070880
3,6.231237,6.231237,quadratic,900,300,rosenbrock,9,0.368883,25.503448,9.516899,884.303284,162.379795
3,7.295407,2.832683,quadratic,900,300,rosenbrock,9,0.351501,629.869141,7.540452,1224.348022,106.834155
3,7.295407,1.765111,quadratic,900,300,rosenbrock,9,0.000138,4.270358,5.356287,543.828125,101.710310
3,2.832683,2.832683,quadratic,900,300,rosenbrock,9,0.325480,2.455621,3.107738,1.173951,181.918265
3,3.882831,6.231237,quadratic,900,300,rosenbrock,9,0.040176,5.245152,5.425388,745.201599,160.386735
3,4.545940,0.685363,quadratic,900,300,rosenbrock,9,0.001763,0.846005,1.208732,1.154632,152.312380
3,2.832683,1.287720,quadratic,900,300,rosenbrock,9,0.055203,0.423696,0.448350,1.121987,105.033620
3,2.832683,4.545940,quadratic,900,300,rosenbrock,9,1.649854,4.482113,4.873167,749.840027,178.030420
3,0.585390,0.685363,exponential_3,900,300,rosenbrock,9,333.434692,1358.446411,1713.222900,1385.713623,185.756400
3,7.295407,7.295407,quadratic,900,300,rosenbrock,9,4.291296,628.199585,169.954651,5366.479004,107.207710
3,8.541316,1.287720,quadratic,900,300,rosenbrock,9,0.875583,4.293652,5.308702,999.736938,109.568220
3,8.541316,0.500000,quadratic,900,300,rosenbrock,9,0.005327,0.312543,0.370455,0.372312,111.183125
3,8.541316,2.066557,quadratic,900,300,rosenbrock,9,2.851145,5.028597,5.421164,749.321960,108.922435
3,8.541316,8.541316,quadratic,900,300,rosenbrock,9,7.177773,208.972809,162.627319,960.927246,107.744715
3,8.541316,3.316448,quadratic,900,300,rosenbrock,9,0.100134,760.890991,554.600891,1173.543701,107.197040
3,10.000000,1.507637,quadratic,900,300,rosenbrock,9,0.574460,22.546156,4.935129,893.580872,112.115545
3,8.541316,5.322296,quadratic,900,300,rosenbrock,9,0.590111,115.021996,51.989410,979.580750,110.190435
3,10.000000,0.939444,quadratic,900,300,rosenbrock,9,1.505667,3.789540,4.153445,544.746765,107.326555
3,3.316448,2.066557,quadratic,900,300,rosenbrock,9,0.149243,2.026695,2.586663,544.848450,171.282580
3,0.585390,1.099883,exponential_3,900,300,rosenbrock,9,52.475876,378.792023,452.095917,527.886292,209.206565
3,0.500000,0.685363,exponential_3,900,300,rosenbrock,9,709.697144,2112.984619,2753.570312,1528.696045,111.283015
3,2.832683,7.295407,quadratic,900,300,rosenbrock,9,2.105561,535.690247,6.326805,1175.159668,224.226065
3,4.545940,2.832683,quadratic,900,300,rosenbrock,9,1.171959,4.660227,5.388137,999.757263,198.048780
3,3.316448,1.287720,quadratic,900,300,rosenbrock,9,0.004037,0.439337,0.544228,1.145503,224.186405
3,3.316448,5.322296,quadratic,900,300,rosenbrock,9,0.019669,4.076251,5.421165,762.369629,237.429870
3,0.500000,1.099883,exponential_3,900,300,rosenbrock,9,122.664795,482.084839,487.835449,1428.756470,126.179355
3,0.500000,2.832683,exponential_3,900,300,rosenbrock,9,7.656990,25.846804,18.190842,71.486404,125.798195
3,4.545940,7.295407,quadratic,900,300,rosenbrock,9,0.752518,133.567947,6.697521,785.821289,224.115985
3,0.500000,4.545940,exponential_3,900,300,rosenbrock,9,0.256842,4.149022,5.138250,23.784836,127.144840
3,3.882831,0.685363,quadratic,900,300,rosenbrock,9,0.028766,2.527014,3.126161,1.558510,126.007700
3,3.882831,4.545940,quadratic,900,300,rosenbrock,9,1.142553,67.016212,5.421165,900.286011,126.562380
3,4.545940,1.765111,quadratic,900,300,rosenbrock,9,0.120474,2.280276,3.050486,1.436654,233.392050
3,6.231237,0.939444,quadratic,900,300,rosenbrock,9,0.000200,1.180420,1.551434,0.650699,232.078185
3,3.882831,1.507637,quadratic,900,300,rosenbrock,9,0.160167,1.007191,1.307218,0.677765,248.965440
3,2.066557,3.882831,quadratic,900,300,rosenbrock,9,0.007070,2.412202,3.206722,544.858765,233.387695
3,3.316448,3.316448,quadratic,900,300,rosenbrock,9,0.095891,3.989451,4.435899,544.443481,256.662155
3,6.231237,0.585390,quadratic,900,300,rosenbrock,9,0.016562,0.387909,0.459124,0.539683,229.648250
3,3.316448,0.500000,quadratic,900,300,rosenbrock,9,2.197180,9.181870,6.251057,35.297119,253.809560
3,3.882831,10.000000,quadratic,900,300,rosenbrock,9,0.256903,250.410950,131.674667,961.154053,250.660815
3,3.316448,0.802409,quadratic,900,300,rosenbrock,9,0.004302,2.369425,3.033848,2.087858,256.596070
3,4.545940,5.322296,quadratic,900,300,rosenbrock,9,0.072079,492.868958,7.634666,1182.868652,132.347485
3,4.545940,1.099883,quadratic,900,300,rosenbrock,9,0.001998,0.591141,0.768667,1.111881,259.255195
3,5.322296,0.585390,quadratic,900,300,rosenbrock,9,0.038683,1.312841,1.679459,1.611380,132.051650
3,5.322296,0.939444,quadratic,900,300,rosenbrock,9,0.003245,0.710533,0.850005,0.482502,136.009080
3,5.322296,1.507637,quadratic,900,300,rosenbrock,9,0.000332,1.831824,2.822088,1.470797,134.989165
3,0.500000,7.295407,exponential_3,900,300,rosenbrock,9,0.001352,1.900212,2.921199,2.020017,135.990630
3,5.322296,2.419483,quadratic,900,300,rosenbrock,9,0.022473,317.167786,5.421161,1145.018677,135.853745
3,5.322296,6.231237,quadratic,900,300,rosenbrock,9,0.986787,130.060043,6.367160,994.526306,136.864350
3,5.322296,10.000000,quadratic,900,300,rosenbrock,9,1.444849,17.445389,20.431061,348.377441,136.296085
3,5.322296,3.882831,quadratic,900,300,rosenbrock,9,0.466534,222.996826,5.423214,1075.203125,137.705025
3,6.231237,2.832683,quadratic,900,300,rosenbrock,9,2.929927,5.200062,5.421162,749.804077,130.951325
3,6.231237,1.765111,quadratic,900,300,rosenbrock,9,0.405974,3.814512,4.607814,749.804321,133.285950
3,8.541316,0.802409,quadratic,900,300,rosenbrock,9,0.001968,1.514172,2.242650,0.964534,257.918660
3,10.000000,0.585390,quadratic,900,300,rosenbrock,9,0.152526,1.285102,1.626366,1.093392,251.626300
3,6.231237,3.882831,quadratic,900,300,rosenbrock,9,1.807698,6.541884,8.216698,573.518616,250.545630
3,3.882831,2.832683,quadratic,900,300,rosenbrock,9,0.005914,4.176743,4.892810,1.453370,133.347780
3,2.066557,2.419483,quadratic,900,300,rosenbrock,9,0.056893,0.820481,1.040390,0.449102,262.990065
3,10.000000,2.419483,quadratic,900,300,rosenbrock,9,0.085737,326.747803,5.421672,1140.850952,249.553235
3,10.000000,6.231237,quadratic,900,300,rosenbrock,9,6.472117,265.360901,81.559280,1055.342773,235.764030
3,0.500000,1.765111,exponential_3,900,300,rosenbrock,9,10.388661,119.892746,102.962814,343.279175,228.850070
3,2.832683,0.802409,quadratic,900,300,rosenbrock,9,0.026337,3.714304,4.814497,16.673613,229.652420
3,10.000000,3.882831,quadratic,900,300,rosenbrock,9,0.145620,311.103638,11.071680,1053.864380,230.063625
3,10.000000,10.000000,quadratic,900,300,rosenbrock,9,3.713722,54.459557,73.092529,598.362366,224.502750
3,2.832683,2.066557,quadratic,900,300,rosenbrock,9,0.086063,0.928524,1.377405,1.213501,199.904520
3,6.231237,10.000000,quadratic,900,300,rosenbrock,9,4.159741,85.149124,78.065659,873.755676,259.127975
3,7.295407,1.287720,quadratic,900,300,rosenbrock,9,0.050316,2.870417,3.825730,1.781448,128.440175
3,7.295407,5.322296,quadratic,900,300,rosenbrock,9,2.728515,149.952713,7.840297,987.255127,127.626610
3,2.066557,10.000000,quadratic,900,300,rosenbrock,9,5.421149,597.998413,7.640941,1155.732544,269.174020
3,6.231237,7.295407,quadratic,900,300,rosenbrock,9,0.917929,185.972565,6.605265,1073.043701,123.654530
3,7.295407,3.316448,quadratic,900,300,rosenbrock,9,0.030548,301.125427,9.450468,1057.790649,121.705220
3,7.295407,0.685363,quadratic,900,300,rosenbrock,9,0.000602,0.587999,0.694997,0.520588,269.327005
3,0.585390,0.500000,exponential_3,900,300,rosenbrock,9,1098.115723,2689.862061,2459.171143,2958.759521,161.002650
3,7.295407,2.066557,quadratic,900,300,rosenbrock,9,0.101136,160.877716,5.421162,1082.522949,119.994300
3,2.066557,6.231237,quadratic,900,300,rosenbrock,9,0.115737,4.168161,5.123025,544.717834,274.036390
3,2.419483,0.685363,quadratic,900,300,rosenbrock,9,1.668971,6.012377,6.363116,23.985954,259.482290
3,2.419483,1.099883,quadratic,900,300,rosenbrock,9,0.039334,2.577739,3.370946,2.643171,268.338090
3,2.419483,4.545940,quadratic,900,300,rosenbrock,9,2.209623,4.634968,5.119808,892.377747,258.315700
3,2.832683,0.500000,quadratic,900,300,rosenbrock,9,0.222819,18.636978,10.787968,84.773071,258.082485
3,2.832683,5.322296,quadratic,900,300,rosenbrock,9,2.601274,161.286743,5.421163,1082.078979,115.880595
3,0.585390,0.802409,exponential_3,900,300,rosenbrock,9,115.621262,1130.727051,1457.394043,1682.317261,114.748520
3,0.585390,1.765111,exponential_3,900,300,rosenbrock,9,2.232172,81.756714,74.897614,210.507568,263.905050
3,2.419483,7.295407,quadratic,900,300,rosenbrock,9,0.605086,4.960977,5.421168,749.986389,262.518290
3,2.419483,2.832683,quadratic,900,300,rosenbrock,9,0.019991,1.798242,2.381500,1.123158,269.537545
3,2.832683,3.316448,quadratic,900,300,rosenbrock,9,0.007659,3.259756,3.633220,749.996277,132.182175
3,0.585390,2.832683,exponential_3,900,300,rosenbrock,9,0.469852,11.056215,7.207870,65.090164,126.043330
3,8.541316,0.585390,quadratic,900,300,rosenbrock,9,0.000896,0.631857,0.879234,0.495902,123.530130
3,7.295407,8.541316,quadratic,900,300,rosenbrock,9,3.762528,327.730103,109.862595,1045.941650,125.654190
3,8.541316,2.419483,quadratic,900,300,rosenbrock,9,0.422424,180.018143,5.421225,1075.760742,123.242000
3,8.541316,1.507637,quadratic,900,300,rosenbrock,9,1.241615,3.724931,4.594241,892.773560,127.752865
3,8.541316,10.000000,quadratic,900,300,rosenbrock,9,7.967033,278.148407,93.442421,1052.129395,124.296520
3,8.541316,3.882831,quadratic,900,300,rosenbrock,9,1.698656,286.196594,9.461244,5408.935547,121.461020
3,2.419483,1.765111,quadratic,900,300,rosenbrock,9,0.001479,0.387740,0.492871,0.238493,278.727830
3,10.000000,1.765111,quadratic,900,300,rosenbrock,9,1.360983,23.745892,5.421163,892.824402,121.881620
3,8.541316,6.231237,quadratic,900,300,rosenbrock,9,0.646710,31.544628,19.813873,990.162598,118.361415
3,3.316448,10.000000,quadratic,900,300,rosenbrock,9,0.165589,166.773361,7.065305,1080.362671,237.211280
3,3.316448,2.419483,quadratic,900,300,rosenbrock,9,0.292249,2.705131,3.166143,0.963625,108.665350
3,10.000000,1.099883,quadratic,900,300,rosenbrock,9,2.743728,4.023079,4.290821,1.303015,120.145675
3,0.585390,1.287720,exponential_3,900,300,rosenbrock,9,31.977158,147.015884,145.177673,611.120850,110.311035
3,3.882831,1.099883,quadratic,900,300,rosenbrock,9,0.012336,0.373609,0.432147,0.345023,229.088295
3,0.500000,0.802409,exponential_3,900,300,rosenbrock,9,439.360413,1285.164551,1405.689575,1497.631958,110.647470
3,2.832683,8.541316,quadratic,900,300,rosenbrock,9,0.740802,85.951347,5.736189,894.848877,121.569255
3,0.500000,1.287720,exponential_3,900,300,rosenbrock,9,223.717072,817.923706,800.943420,1072.001099,105.514215
3,4.545940,0.802409,quadratic,900,300,rosenbrock,9,0.018068,0.531425,0.679493,1.105099,194.057115
3,3.882831,7.295407,quadratic,900,300,rosenbrock,9,0.412486,293.423035,6.721224,1058.582275,204.704675
3,0.500000,3.316448,exponential_3,900,300,rosenbrock,9,1.783295,21.099243,12.857764,62.121513,116.706325
3,4.545940,3.316448,quadratic,900,300,rosenbrock,9,3.083879,67.176613,5.421160,998.205994,146.041015
3,3.316448,6.231237,quadratic,900,300,rosenbrock,9,2.979639,253.472717,5.421461,1070.925293,133.030295
3,0.585390,4.545940,exponential_3,900,300,rosenbrock,9,2.683010,5.273524,5.421163,72.127563,107.336360
3,3.316448,1.507637,quadratic,900,300,rosenbrock,9,0.000027,0.583959,0.889011,0.539033,144.703795
3,0.585390,7.295407,exponential_3,900,300,rosenbrock,9,0.000394,2.345434,3.175870,1.917285,116.518640
3,4.545940,8.541316,quadratic,900,300,rosenbrock,9,4.361121,207.583679,9.454082,1065.337402,131.408870
3,4.545940,2.066557,quadratic,900,300,rosenbrock,9,0.000001,3.451627,4.346686,544.802917,123.961635
3,6.231237,1.099883,quadratic,900,300,rosenbrock,9,0.247700,1.957969,2.332946,0.989931,121.164215
3,0.685363,0.802409,exponential_3,900,300,rosenbrock,9,80.060165,778.557190,834.410339,1242.715698,113.154120
3,0.685363,1.287720,exponential_3,900,300,rosenbrock,9,13.679031,177.852936,201.094147,217.485001,114.835815
3,0.685363,2.066557,exponential_3,900,300,rosenbrock,9,6.233041,37.450569,23.750233,118.747849,114.234820
3,0.500000,8.541316,exponential_3,900,300,rosenbrock,9,0.377091,2.758987,3.464409,1.486508,112.103290
3,0.685363,3.316448,exponential_3,900,300,rosenbrock,9,0.203428,5.039906,5.911404,2.080572,114.179535
3,6.231237,0.685363,quadratic,900,300,rosenbrock,9,0.006826,0.422944,0.600180,1.518792,118.693880
3,0.685363,0.500000,exponential_3,900,300,rosenbrock,9,675.255737,2242.140137,2628.095703,1939.295288,121.868745
3,0.685363,5.322296,exponential_3,900,300,rosenbrock,9,1.312076,3.920456,4.169776,210.090851,113.396190
3,0.685363,8.541316,exponential_3,900,300,rosenbrock,9,0.425542,2.930038,3.404069,1.662899,114.288050
3,0.802409,0.585390,exponential_3,900,300,rosenbrock,9,144.847733,800.471069,989.230408,1213.322632,111.581230
3,0.802409,0.939444,exponential_3,900,300,rosenbrock,9,38.812035,291.204254,396.260437,238.084320,111.924270
3,0.802409,1.507637,exponential_3,900,300,rosenbrock,9,0.850083,41.072128,35.718605,142.140961,108.762860
3,0.802409,2.419483,exponential_3,900,300,rosenbrock,9,0.294494,5.922532,6.755558,42.654026,108.585260
3,0.500000,5.322296,exponential_3,900,300,rosenbrock,9,0.113193,4.268065,4.840665,41.002281,177.503950
3,0.802409,3.882831,exponential_3,900,300,rosenbrock,9,0.194545,3.644933,4.478359,65.428795,140.945720
3,0.939444,1.099883,exponential_3,900,300,rosenbrock,9,13.137711,83.557854,91.826263,96.817757,107.826750
3,6.231237,4.545940,quadratic,900,300,rosenbrock,9,5.421386,536.730530,8.299046,1175.196533,159.994785
3,0.939444,1.765111,exponential_3,900,300,rosenbrock,9,0.477632,8.256660,6.117197,31.335245,110.821950
3,0.802409,6.231237,exponential_3,900,300,rosenbrock,9,0.987173,3.109947,3.478294,1.115533,156.937585
3,0.939444,4.545940,exponential_3,900,300,rosenbrock,9,0.306923,3.324357,3.947397,215.776093,111.128530
3,0.939444,7.295407,exponential_3,900,300,rosenbrock,9,0.603235,3.189224,3.241546,764.275208,114.100600
3,3.316448,0.585390,quadratic,900,300,rosenbrock,9,0.206312,3.497468,4.643367,68.474869,227.901340
3,1.099883,0.500000,exponential_3,900,300,rosenbrock,9,165.061676,813.174500,947.622742,1410.645874,108.629875
3,3.316448,3.882831,quadratic,900,300,rosenbrock,9,0.176677,4.138872,5.421160,749.823853,237.770565
3,4.545940,1.287720,quadratic,900,300,rosenbrock,9,0.020810,1.207531,1.513489,0.703244,236.282875
3,4.545940,0.500000,quadratic,900,300,rosenbrock,9,0.008174,3.199189,4.521059,17.970692,241.576190
3,3.882831,1.765111,quadratic,900,300,rosenbrock,9,0.001509,1.997142,2.373953,1.037759,247.834670
3,0.585390,3.316448,exponential_3,900,300,rosenbrock,9,0.217241,9.251766,6.599710,38.527771,117.077460
3,3.316448,0.939444,quadratic,900,300,rosenbrock,9,0.010629,1.021287,1.282948,1.189539,245.267215
3,1.287720,2.419483,exponential_3,900,300,rosenbrock,9,0.000327,3.792737,4.596888,26.478218,117.420825
3,1.287720,10.000000,exponential_3,900,300,rosenbrock,9,0.000294,63.573517,3.463998,997.812439,117.089770
3,1.287720,3.882831,exponential_3,900,300,rosenbrock,9,0.000148,3.238358,3.711830,1.908952,119.111515
3,1.287720,6.231237,exponential_3,900,300,rosenbrock,9,0.005291,2.116839,3.048219,750.048096,121.471860
3,1.507637,1.099883,exponential_3,900,300,rosenbrock,9,4.020685,18.697784,7.757220,47.737621,118.296165
3,1.507637,0.685363,exponential_3,900,300,rosenbrock,9,7.465218,74.608803,98.375656,69.115166,121.537090
3,1.507637,2.832683,exponential_3,900,300,rosenbrock,9,0.006429,1.537554,1.508011,216.258438,123.747190
3,1.507637,4.545940,exponential_3,900,300,rosenbrock,9,0.010712,1.884725,3.063838,1.888346,124.040830
3,1.765111,0.685363,exponential_3,900,300,rosenbrock,9,5.007563,64.674683,95.759949,207.396423,113.476710
3,1.765111,1.287720,exponential_3,900,300,rosenbrock,9,1.204962,4.817978,5.789801,65.965645,113.064560
3,8.541316,0.939444,quadratic,900,300,rosenbrock,9,0.959866,2.774996,3.217988,0.991173,268.117770
3,10.000000,0.685363,quadratic,900,300,rosenbrock,9,0.009277,1.715649,2.464422,1.037968,270.438255
3,7.295407,0.500000,quadratic,900,300,rosenbrock,9,0.002906,0.464453,0.658809,1.355921,215.831020
3,1.765111,2.419483,exponential_3,900,300,rosenbrock,9,0.093581,2.725944,3.638271,1.843975,114.211045
3,0.939444,2.832683,exponential_3,900,300,rosenbrock,9,0.001716,4.687855,5.186226,18.759026,219.674585
3,10.000000,2.832683,quadratic,900,300,rosenbrock,9,0.024331,4.599214,5.455277,296.244568,274.563750
3,0.500000,2.066557,exponential_3,900,300,rosenbrock,9,7.485364,64.285576,84.108047,237.023315,273.478010
3,1.765111,6.231237,exponential_3,900,300,rosenbrock,9,0.003546,2.966244,3.958898,544.806763,125.194615
3,10.000000,7.295407,quadratic,900,300,rosenbrock,9,6.022264,96.702812,28.716223,987.019409,282.795500
3,0.500000,0.500000,exponential_3,900,300,rosenbrock,9,932.203613,3700.371582,3801.584717,4345.806152,261.677345
3,0.585390,5.322296,exponential_3,900,300,rosenbrock,9,0.088566,3.775033,4.365625,1.853936,115.692705
3,0.939444,0.685363,exponential_3,900,300,rosenbrock,9,180.933517,577.920471,606.585083,731.433472,260.313790
3,0.802409,10.000000,exponential_3,900,300,rosenbrock,9,0.093200,2.215782,3.229894,1.751590,275.556805
3,10.000000,4.545940,quadratic,900,300,rosenbrock,9,1.175573,173.225555,87.156349,976.171936,275.280655
3,0.585390,8.541316,exponential_3,900,300,rosenbrock,9,0.317395,2.326353,3.032495,282.520233,117.735915
3,0.585390,0.585390,exponential_3,900,300,rosenbrock,9,123.093094,2263.645996,2846.783203,2427.307861,247.597105
3,0.685363,0.939444,exponential_3,900,300,rosenbrock,9,68.079071,350.820618,320.616638,425.638275,116.928995
3,0.685363,1.507637,exponential_3,900,300,rosenbrock,9,4.192075,57.205914,69.801193,96.014626,117.545700
3,7.295407,0.802409,quadratic,900,300,rosenbrock,9,0.000071,0.775404,1.037765,0.900779,254.920820
3,0.685363,2.419483,exponential_3,900,300,rosenbrock,9,1.358631,21.133759,8.545169,84.728470,119.832685
3,0.585390,0.939444,exponential_3,900,300,rosenbrock,9,47.463184,603.656616,606.823486,1175.325562,250.253235
3,1.099883,8.541316,exponential_3,900,300,rosenbrock,9,0.263672,2.885627,3.261888,750.021057,250.901905
3,0.685363,3.882831,exponential_3,900,300,rosenbrock,9,0.000133,3.205581,4.874783,1.953279,124.822765
3,1.287720,1.507637,exponential_3,900,300,rosenbrock,9,0.700738,10.630371,5.980121,83.192070,254.066335
3,1.765111,0.500000,exponential_3,900,300,rosenbrock,9,31.895966,97.974297,118.887894,97.704422,235.362605
3,0.585390,1.507637,exponential_3,900,300,rosenbrock,9,18.997900,155.856674,199.167816,188.788925,229.110165
3,2.066557,2.419483,exponential_3,900,300,rosenbrock,9,0.059961,2.712162,3.576712,544.804810,130.475190
3,0.685363,6.231237,exponential_3,900,300,rosenbrock,9,0.133899,3.141252,3.906130,544.734863,120.964140
3,1.287720,0.939444,exponential_3,900,300,rosenbrock,9,5.592702,53.162632,65.007683,73.318649,259.010820
3,1.099883,0.802409,exponential_3,900,300,rosenbrock,9,18.570072,125.149002,129.414825,147.720703,266.180225
3,0.802409,0.685363,exponential_3,900,300,rosenbrock,9,95.399467,586.900208,602.964783,1314.351074,120.441240
3,1.099883,1.287720,exponential_3,900,300,rosenbrock,9,4.570530,25.089945,25.133858,86.414909,265.309305
3,0.685363,10.000000,exponential_3,900,300,rosenbrock,9,0.037540,3.173498,3.859967,544.672485,127.967250
3,0.802409,1.099883,exponential_3,900,300,rosenbrock,9,7.401309,113.300377,100.626358,318.638611,123.641175
3,1.287720,0.585390,exponential_3,900,300,rosenbrock,9,64.524002,314.623596,305.990173,250.836975,269.201565
3,1.099883,5.322296,exponential_3,900,300,rosenbrock,9,0.331649,2.525641,3.215501,1.290239,271.887620
3,1.099883,3.316448,exponential_3,900,300,rosenbrock,9,0.074167,2.392205,3.304128,1.956185,274.599430
3,0.802409,1.765111,exponential_3,900,300,rosenbrock,9,5.556758,34.254620,25.538162,139.008743,120.216640
3,1.099883,2.066557,exponential_3,900,300,rosenbrock,9,0.121093,5.006495,5.377046,22.245583,279.714830
3,1.507637,1.765111,exponential_3,900,300,rosenbrock,9,0.059166,3.116631,4.446033,24.393139,266.393570
3,0.585390,2.066557,exponential_3,900,300,rosenbrock,9,1.734629,35.905483,47.956955,147.306015,276.135670
3,0.802409,2.832683,exponential_3,900,300,rosenbrock,9,0.846875,4.362945,5.186175,14.749067,116.875965
3,1.765111,1.765111,exponential_3,900,300,rosenbrock,9,2.200281,4.117277,4.486042,14.895986,217.055705
3,1.507637,7.295407,exponential_3,900,300,rosenbrock,9,0.001049,3.067020,3.538064,892.585632,266.094240
3,2.066557,4.545940,exponential_3,900,300,rosenbrock,9,0.013354,3.068464,3.878897,544.731445,130.177565
3,0.802409,4.545940,exponential_3,900,300,rosenbrock,9,0.000327,2.727726,3.427476,67.729790,122.017865
3,2.066557,0.685363,exponential_3,900,300,rosenbrock,9,7.209787,40.880543,39.829891,81.920807,188.508810
3,1.765111,0.939444,exponential_3,900,300,rosenbrock,9,1.973394,7.117922,8.182739,25.690088,263.790865
3,2.066557,0.500000,exponential_3,900,300,rosenbrock,9,10.639746,86.980133,92.938751,222.295654,198.708180
3,0.939444,1.287720,exponential_3,900,300,rosenbrock,9,3.732187,55.541111,75.086212,70.945229,126.814330
3,1.765111,3.316448,exponential_3,900,300,rosenbrock,9,0.141888,3.192008,3.411252,544.799377,248.051185
3,1.765111,8.541316,exponential_3,900,300,rosenbrock,9,0.012366,3.374585,3.894716,749.793579,241.427445
3,1.765111,4.545940,exponential_3,900,300,rosenbrock,9,0.249748,3.136749,3.466335,1.535461,255.386560
3,0.939444,2.066557,exponential_3,900,300,rosenbrock,9,0.477025,12.869582,6.860826,36.052170,134.438210
3,2.066557,1.287720,exponential_3,900,300,rosenbrock,9,1.379756,4.624823,5.155849,23.660589,226.012110
3,2.066557,0.939444,exponential_3,900,300,rosenbrock,9,2.870476,14.525302,7.396116,47.166443,231.076905
3,2.066557,3.316448,exponential_3,900,300,rosenbrock,9,0.179621,2.959323,3.120215,749.866882,225.823665
3,0.685363,0.585390,exponential_3,900,300,rosenbrock,9,453.474976,1705.927246,1930.766968,1779.021851,222.081895
3,0.939444,5.322296,exponential_3,900,300,rosenbrock,9,0.126075,2.044270,2.523461,1.323812,116.621815
3,2.066557,1.765111,exponential_3,900,300,rosenbrock,9,0.123881,2.941127,4.069051,2.136610,232.754600
3,1.099883,0.585390,exponential_3,900,300,rosenbrock,9,87.130287,270.318481,303.966919,471.925293,117.130385
3,2.066557,6.231237,exponential_3,900,300,rosenbrock,9,0.905570,3.441430,3.484272,892.538940,168.534800
3,0.939444,8.541316,exponential_3,900,300,rosenbrock,9,0.008770,2.629451,3.026430,749.925720,132.624980
3,1.287720,2.832683,exponential_3,900,300,rosenbrock,9,0.296998,2.935274,4.155447,2.272103,119.351590
3,0.802409,7.295407,exponential_3,900,300,rosenbrock,9,0.017817,3.155641,3.490949,999.861267,153.231790
3,1.287720,4.545940,exponential_3,900,300,rosenbrock,9,0.017651,3.093487,3.356357,575.199097,119.247610
3,1.507637,0.500000,exponential_3,900,300,rosenbrock,9,15.636408,175.523361,207.302032,306.706787,120.699195
3,0.585390,3.882831,exponential_3,900,300,rosenbrock,9,2.739514,5.510897,5.846507,26.428051,125.288285
3,1.507637,1.287720,exponential_3,900,300,rosenbrock,9,0.001192,4.138818,5.503291,21.765888,121.114765
3,1.507637,3.316448,exponential_3,900,300,rosenbrock,9,0.156907,2.409626,3.191500,1.658768,121.149100
3,1.287720,7.295407,exponential_3,900,300,rosenbrock,9,0.015476,219.866150,4.688708,1074.752563,124.825955
3,1.765111,1.507637,exponential_3,900,300,rosenbrock,9,0.380997,4.206743,5.059286,21.799774,121.796775
3,1.507637,0.802409,exponential_3,900,300,rosenbrock,9,0.915360,37.075481,34.938606,87.271889,124.483390
3,2.419483,0.685363,exponential_3,900,300,rosenbrock,9,0.688186,7.095063,7.665290,35.114506,137.550730
3,1.507637,5.322296,exponential_3,900,300,rosenbrock,9,0.000000,2.640962,3.237624,749.924805,125.374520
3,1.765111,0.802409,exponential_3,900,300,rosenbrock,9,1.202462,29.015535,13.912289,180.971390,126.082045
3,1.765111,2.832683,exponential_3,900,300,rosenbrock,9,0.309094,2.687293,3.158842,1.517964,104.131335
3,2.419483,4.545940,exponential_3,900,300,rosenbrock,9,1.042328,3.201246,3.574060,892.510864,115.929380
3,2.066557,8.541316,exponential_3,900,300,rosenbrock,9,0.125413,3.340420,3.378959,749.817749,170.528295
3,0.939444,3.316448,exponential_3,900,300,rosenbrock,9,0.002942,2.533452,4.072845,2.443840,108.012360
3,2.419483,0.500000,exponential_3,900,300,rosenbrock,9,4.594319,40.092304,42.765072,56.411961,184.500905
3,1.765111,7.295407,exponential_3,900,300,rosenbrock,9,0.891908,3.725326,4.315913,749.606506,109.933020
3,2.419483,0.939444,exponential_3,900,300,rosenbrock,9,0.965023,4.437751,5.475206,14.026538,193.403915
3,2.419483,1.765111,exponential_3,900,300,rosenbrock,9,0.431173,3.368949,3.986942,215.856155,198.286590
3,2.419483,1.287720,exponential_3,900,300,rosenbrock,9,0.799430,4.215224,4.579739,1.638602,204.787515
3,0.585390,10.000000,exponential_3,900,300,rosenbrock,9,0.001667,2.361018,3.160966,210.397171,106.499085
3,0.685363,1.099883,exponential_3,900,300,rosenbrock,9,25.250795,247.900543,262.152954,411.246613,99.569695
3,2.419483,2.419483,exponential_3,900,300,rosenbrock,9,0.078807,2.399354,3.113363,210.374420,212.258375
3,0.685363,2.832683,exponential_3,900,300,rosenbrock,9,0.629772,13.947521,7.208457,68.914169,102.686540
3,0.685363,1.765111,exponential_3,900,300,rosenbrock,9,6.350801,45.642532,67.989532,69.261253,110.162755
3,0.802409,0.802409,exponential_3,900,300,rosenbrock,9,32.567337,331.456177,359.099792,421.743622,100.955145
3,0.685363,4.545940,exponential_3,900,300,rosenbrock,9,0.242618,3.391541,4.116818,24.926493,105.535390
3,2.066557,2.832683,exponential_3,900,300,rosenbrock,9,0.909022,3.278338,3.643522,1.169608,106.215455
3,0.802409,0.500000,exponential_3,900,300,rosenbrock,9,83.311813,1014.901855,1214.139771,1535.001099,102.377635
3,0.685363,7.295407,exponential_3,900,300,rosenbrock,9,0.005868,2.555528,3.307374,210.459076,108.115180
3,2.419483,3.316448,exponential_3,900,300,rosenbrock,9,0.290444,3.311226,3.635441,763.130676,217.644595
3,0.585390,6.231237,exponential_3,900,300,rosenbrock,9,0.294000,3.555657,4.195093,2.033936,153.187550
3,0.802409,1.287720,exponential_3,900,300,rosenbrock,9,7.964787,79.223862,112.778099,150.879242,108.555345
3,0.802409,2.066557,exponential_3,900,300,rosenbrock,9,0.002880,6.878300,7.706572,36.455273,108.505220
3,0.802409,3.316448,exponential_3,900,300,rosenbrock,9,0.097900,3.442097,4.903053,12.449144,118.562170
3,2.066557,5.322296,exponential_3,900,300,rosenbrock,9,0.000364,3.004350,3.644312,544.717651,121.793315
3,0.802409,5.322296,exponential_3,900,300,rosenbrock,9,0.082162,2.903206,3.767333,1.567056,121.253420
3,2.419483,6.231237,exponential_3,900,300,rosenbrock,9,0.021885,2.828540,3.433387,1.665961,248.583230
3,2.419483,8.541316,exponential_3,900,300,rosenbrock,9,0.135898,3.480914,4.075169,999.659058,245.765385
3,2.832683,0.500000,exponential_3,900,300,rosenbrock,9,2.303448,40.333603,48.575790,61.398235,234.693120
3,0.939444,1.507637,exponential_3,900,300,rosenbrock,9,0.000565,30.955387,14.939587,114.615845,120.089130
3,2.832683,1.765111,exponential_3,900,300,rosenbrock,9,0.010174,2.639889,3.266227,2.129565,196.452565
3,2.832683,0.685363,exponential_3,900,300,rosenbrock,9,0.763062,8.841704,6.654353,60.722359,245.376010
3,0.939444,2.419483,exponential_3,900,300,rosenbrock,9,0.026838,4.773811,5.625401,34.395527,113.937285
3,0.939444,0.802409,exponential_3,900,300,rosenbrock,9,47.876274,239.044830,293.543213,449.968811,246.132290
3,2.832683,0.939444,exponential_3,900,300,rosenbrock,9,0.611382,4.100083,5.091043,65.504913,245.967305
3,0.939444,0.500000,exponential_3,900,300,rosenbrock,9,347.986725,1251.828735,1449.146118,1798.327759,251.587040
3,2.832683,1.287720,exponential_3,900,300,rosenbrock,9,0.065213,2.623185,3.758927,1.622928,242.296330
3,0.939444,6.231237,exponential_3,900,300,rosenbrock,9,0.083427,2.628829,3.157813,544.932129,125.207040
3,1.287720,1.099883,exponential_3,900,300,rosenbrock,9,1.578203,23.670803,17.605537,79.244576,234.744735
3,2.832683,3.316448,exponential_3,900,300,rosenbrock,9,0.000161,2.791066,3.361418,1.526067,237.044230
3,1.099883,10.000000,exponential_3,900,300,rosenbrock,9,0.510298,3.110757,3.917298,1.669439,239.870470
3,1.765111,0.585390,exponential_3,900,300,rosenbrock,9,3.772551,45.088833,59.299141,116.034340,238.163320
3,1.099883,0.939444,exponential_3,900,300,rosenbrock,9,5.720613,69.270721,84.671951,207.322342,237.026260
3,1.287720,1.765111,exponential_3,900,300,rosenbrock,9,0.001238,4.806487,5.718384,18.814095,241.801145
3,1.287720,5.322296,exponential_3,900,300,rosenbrock,9,0.061544,3.118512,3.373906,1.441620,124.806125
3,1.099883,0.685363,exponential_3,900,300,rosenbrock,9,40.803261,175.806412,218.135895,292.762238,132.732655
3,2.832683,2.419483,exponential_3,900,300,rosenbrock,9,0.036601,2.038074,3.164916,216.104507,246.607095
3,1.507637,1.507637,exponential_3,900,300,rosenbrock,9,0.238546,5.025849,5.873946,33.471581,125.979090
3,0.939444,10.000000,exponential_3,900,300,rosenbrock,9,0.013079,2.679410,3.284239,892.661743,134.351390
3,1.507637,0.585390,exponential_3,900,300,rosenbrock,9,15.551743,125.355324,154.669159,114.525940,129.590660
3,1.287720,3.316448,exponential_3,900,300,rosenbrock,9,0.733595,2.969858,3.545754,2.146571,134.901545
3,1.507637,3.882831,exponential_3,900,300,rosenbrock,9,0.007272,2.355269,3.062726,210.455566,129.725965
3,1.287720,8.541316,exponential_3,900,300,rosenbrock,9,0.255585,3.055861,3.387494,892.461304,122.357480
3,1.099883,1.507637,exponential_3,900,300,rosenbrock,9,0.448051,15.850824,7.755483,61.907219,250.330645
3,2.832683,4.545940,exponential_3,900,300,rosenbrock,9,0.033786,3.189747,3.797017,892.459045,142.218690
3,1.765111,2.066557,exponential_3,900,300,rosenbrock,9,0.144957,3.210171,4.005796,15.376643,226.116985
3,2.832683,6.231237,exponential_3,900,300,rosenbrock,9,0.127121,3.094450,3.267911,1.815632,127.293250
3,2.066557,0.802409,exponential_3,900,300,rosenbrock,9,2.062896,15.412344,7.777285,84.104309,220.209690
3,1.507637,0.939444,exponential_3,900,300,rosenbrock,9,3.355119,34.299423,22.727036,72.760345,129.928425
3,2.066557,0.585390,exponential_3,900,300,rosenbrock,9,3.974792,67.344528,84.005539,211.971832,213.887030
3,1.099883,2.419483,exponential_3,900,300,rosenbrock,9,0.005703,3.941952,5.155037,22.944794,257.422280
3,1.099883,6.231237,exponential_3,900,300,rosenbrock,9,0.092894,2.438835,3.100087,1.511030,270.118095
3,1.507637,6.231237,exponential_3,900,300,rosenbrock,9,1.820701,3.517436,3.658946,544.544128,123.651380
3,1.287720,0.685363,exponential_3,900,300,rosenbrock,9,10.820921,183.625824,244.452209,251.801712,276.240320
3,1.507637,2.066557,exponential_3,900,300,rosenbrock,9,0.000011,3.781987,4.605209,19.810392,265.696060
3,3.316448,0.500000,exponential_3,900,300,rosenbrock,9,0.012945,6.507671,8.223856,47.585972,121.281545
3,1.099883,3.882831,exponential_3,900,300,rosenbrock,9,0.000739,2.094292,3.038768,1.652234,283.526900
3,2.832683,8.541316,exponential_3,900,300,rosenbrock,9,0.000547,3.343393,4.374532,749.869507,131.042135
3,0.585390,2.419483,exponential_3,900,300,rosenbrock,9,1.626937,19.940500,10.694320,50.250584,275.101345
3,2.419483,0.802409,exponential_3,900,300,rosenbrock,9,0.050422,4.943724,5.825059,40.135529,154.185745
3,1.507637,8.541316,exponential_3,900,300,rosenbrock,9,0.063389,3.398480,3.784347,749.746216,276.330480
3,2.066557,10.000000,exponential_3,900,300,rosenbrock,9,0.071431,3.187269,3.514893,892.513733,139.734895
3,1.765111,1.099883,exponential_3,900,300,rosenbrock,9,1.262777,10.364305,8.194797,35.613667,287.531600
3,1.765111,3.882831,exponential_3,900,300,rosenbrock,9,0.016714,2.212852,3.137880,750.004822,277.385090
3,2.419483,0.585390,exponential_3,900,300,rosenbrock,9,3.726113,31.647747,19.126816,73.014374,129.579200
3,1.765111,5.322296,exponential_3,900,300,rosenbrock,9,0.664249,3.422122,3.956166,749.871887,271.999980
3,3.316448,0.685363,exponential_3,900,300,rosenbrock,9,3.055914,5.120560,5.527608,19.092834,131.329380
3,2.066557,2.066557,exponential_3,900,300,rosenbrock,9,0.004806,2.839036,3.716900,2.271617,262.670155
3,1.765111,10.000000,exponential_3,900,300,rosenbrock,9,0.074018,3.330635,3.841697,763.112976,290.395170
3,2.066557,1.507637,exponential_3,900,300,rosenbrock,9,0.003021,3.571116,4.321172,15.515872,275.784610
3,2.419483,1.099883,exponential_3,900,300,rosenbrock,9,0.045182,3.818039,4.970971,65.509369,138.625760
3,2.066557,1.099883,exponential_3,900,300,rosenbrock,9,3.009723,8.686805,8.508467,27.912296,272.614120
3,2.419483,2.066557,exponential_3,900,300,rosenbrock,9,0.000445,2.560718,3.334289,544.684509,134.117010
3,0.685363,0.685363,exponential_3,900,300,rosenbrock,9,137.779724,1103.215820,1344.756348,1340.160522,272.227765
3,2.419483,1.507637,exponential_3,900,300,rosenbrock,9,0.107292,3.376164,4.228935,2.343828,133.059405
3,0.802409,8.541316,exponential_3,900,300,rosenbrock,9,0.419585,2.283061,3.065175,210.413681,264.135470
3,2.066557,3.882831,exponential_3,900,300,rosenbrock,9,0.116232,2.838914,3.296836,544.651550,277.289995
3,3.316448,1.765111,exponential_3,900,300,rosenbrock,9,0.272447,2.467248,3.012672,1.108980,130.638945
3,2.066557,7.295407,exponential_3,900,300,rosenbrock,9,0.017918,2.786550,3.216000,575.431030,275.548215
3,3.316448,3.316448,exponential_3,900,300,rosenbrock,9,0.109126,2.857320,3.342527,749.999512,133.441200
3,3.316448,1.287720,exponential_3,900,300,rosenbrock,9,0.010044,3.246402,4.034512,210.478867,138.691600
3,3.316448,2.419483,exponential_3,900,300,rosenbrock,9,0.065803,2.680911,3.081865,544.843506,134.861350
3,3.316448,0.939444,exponential_3,900,300,rosenbrock,9,0.012825,2.738547,3.769136,2.371988,140.798365
3,2.419483,2.832683,exponential_3,900,300,rosenbrock,9,0.000864,2.201760,3.205860,1.931503,136.853265
3,3.316448,6.231237,exponential_3,900,300,rosenbrock,9,0.047380,3.125215,4.301401,892.352478,130.079140
3,3.882831,0.500000,exponential_3,900,300,rosenbrock,9,3.583141,7.219085,7.760051,38.250797,127.840435
3,3.316448,4.545940,exponential_3,900,300,rosenbrock,9,2.397467,3.599252,4.017816,892.263489,140.915000
3,3.316448,8.541316,exponential_3,900,300,rosenbrock,9,0.082236,4.079512,4.743639,999.509705,134.292080
3,3.882831,0.685363,exponential_3,900,300,rosenbrock,9,0.077831,3.880077,5.075492,18.478811,134.945795
3,2.419483,3.882831,exponential_3,900,300,rosenbrock,9,0.140911,2.824703,3.265400,747.809753,137.861855
3,3.882831,0.939444,exponential_3,900,300,rosenbrock,9,0.026802,3.581702,4.164903,1.671219,130.011495
3,3.882831,1.287720,exponential_3,900,300,rosenbrock,9,0.023749,2.321181,3.440018,544.899597,120.536700
3,2.419483,5.322296,exponential_3,900,300,rosenbrock,9,0.901663,3.419609,3.538368,749.803772,210.849880
3,0.939444,3.882831,exponential_3,900,300,rosenbrock,9,0.123658,2.961474,4.005332,2.649919,197.550445
3,3.882831,1.765111,exponential_3,900,300,rosenbrock,9,0.099490,2.830278,3.124591,544.743774,128.121930
3,3.882831,2.419483,exponential_3,900,300,rosenbrock,9,0.494772,3.328915,3.907632,545.157043,129.803450
3,3.882831,3.316448,exponential_3,900,300,rosenbrock,9,1.002750,2.742286,3.261025,1.381300,131.140495
3,3.882831,4.545940,exponential_3,900,300,rosenbrock,9,0.365050,3.007483,3.353528,544.724243,124.790595
3,2.832683,2.066557,exponential_3,900,300,rosenbrock,9,0.087123,2.214104,3.030057,544.971497,118.827205
3,2.419483,7.295407,exponential_3,900,300,rosenbrock,9,0.133286,159.434219,3.666917,1082.233032,164.463330
3,3.882831,6.231237,exponential_3,900,300,rosenbrock,9,0.829563,2.948011,3.152983,544.780518,116.032555
3,2.419483,10.000000,exponential_3,900,300,rosenbrock,9,2.440233,316.199036,5.151743,1145.220947,179.795765
3,4.545940,0.685363,exponential_3,900,300,rosenbrock,9,0.077892,3.481448,4.565624,1.655454,116.366960
3,4.545940,4.545940,exponential_3,900,300,rosenbrock,9,0.062250,2.786002,3.162752,749.869263,110.608975
3,4.545940,1.765111,exponential_3,900,300,rosenbrock,9,0.458101,3.108767,3.538567,544.606140,118.410345
3,3.882831,8.541316,exponential_3,900,300,rosenbrock,9,1.103173,3.785496,4.056462,999.608398,127.196290
3,4.545940,0.939444,exponential_3,900,300,rosenbrock,9,0.024951,2.852067,3.811408,2.039673,120.901910
3,4.545940,2.419483,exponential_3,900,300,rosenbrock,9,0.000353,2.268220,3.387706,892.851379,118.395155
3,1.287720,1.287720,exponential_3,900,300,rosenbrock,9,5.068834,14.650825,7.681255,46.396545,127.439695
3,2.832683,0.585390,exponential_3,900,300,rosenbrock,9,0.205036,12.115103,9.446154,44.873753,190.623820
3,4.545940,6.231237,exponential_3,900,300,rosenbrock,9,0.384206,3.316017,4.481358,761.179199,115.267110
3,4.545940,3.316448,exponential_3,900,300,rosenbrock,9,0.160584,3.280523,3.818033,892.403381,119.017915
3,2.832683,5.322296,exponential_3,900,300,rosenbrock,9,0.112628,2.944480,3.361241,892.610229,113.665235
3,1.099883,1.099883,exponential_3,900,300,rosenbrock,9,2.591137,51.884911,59.710423,212.695404,129.035070
3,5.322296,0.685363,exponential_3,900,300,rosenbrock,9,0.198159,3.088650,3.685399,1.725859,110.448765
3,2.832683,7.295407,exponential_3,900,300,rosenbrock,9,0.030498,2.155900,2.883501,544.915039,122.600080
3,4.545940,1.287720,exponential_3,900,300,rosenbrock,9,0.120658,2.853070,3.383032,749.911438,153.221065
3,2.832683,0.802409,exponential_3,900,300,rosenbrock,9,1.426966,5.546384,5.982690,45.343887,203.427430
3,5.322296,1.287720,exponential_3,900,300,rosenbrock,9,0.043987,2.626179,3.195668,544.900085,123.756815
3,3.316448,0.585390,exponential_3,900,300,rosenbrock,9,0.347599,11.386398,8.107181,44.850105,114.710470
3,2.832683,10.000000,exponential_3,900,300,rosenbrock,9,1.031053,3.058218,3.331625,544.742188,119.594575
3,1.099883,1.765111,exponential_3,900,300,rosenbrock,9,0.116014,4.443123,5.473525,23.527187,177.297810
3,0.939444,0.939444,exponential_3,900,300,rosenbrock,9,12.421854,92.777176,121.629990,155.693481,230.948520
3,2.832683,1.099883,exponential_3,900,300,rosenbrock,9,0.052800,2.838106,4.147271,16.075094,233.401445
3,0.939444,0.585390,exponential_3,900,300,rosenbrock,9,28.278660,841.286560,1150.985107,1090.977417,239.937655
3,3.316448,0.802409,exponential_3,900,300,rosenbrock,9,0.648976,3.914074,4.881718,1.953174,121.374155
3,1.287720,0.500000,exponential_3,900,300,rosenbrock,9,194.492859,409.624481,404.364136,335.504669,245.548260
3,2.832683,3.882831,exponential_3,900,300,rosenbrock,9,0.630216,3.724570,4.231486,892.312988,250.061065
3,4.545940,0.500000,exponential_3,900,300,rosenbrock,9,0.131882,4.453701,5.412564,27.902849,251.580640
3,1.287720,2.066557,exponential_3,900,300,rosenbrock,9,0.111914,3.653542,5.023790,2.282634,251.464450
3,3.316448,3.882831,exponential_3,900,300,rosenbrock,9,0.016751,3.219197,3.457635,749.804626,125.147260
3,3.316448,1.507637,exponential_3,900,300,rosenbrock,9,0.001733,2.851513,4.000160,215.964828,128.890600
3,3.316448,2.066557,exponential_3,900,300,rosenbrock,9,0.254185,2.387961,2.950603,1.394464,130.558845
3,2.832683,1.507637,exponential_3,900,300,rosenbrock,9,0.076599,2.457493,3.696092,215.974594,264.693415
3,3.316448,2.832683,exponential_3,900,300,rosenbrock,9,0.000111,2.644383,3.188592,544.880798,133.657105
3,3.316448,1.099883,exponential_3,900,300,rosenbrock,9,0.071091,2.938163,3.782351,1.289433,135.947725
3,3.316448,7.295407,exponential_3,900,300,rosenbrock,9,1.338317,3.173868,3.478393,749.845093,134.669715
3,3.316448,5.322296,exponential_3,900,300,rosenbrock,9,0.568495,2.654639,3.132353,1.312401,129.821970
3,1.099883,2.832683,exponential_3,900,300,rosenbrock,9,0.004420,2.465550,4.041898,2.136627,227.291965
3,2.832683,2.832683,exponential_3,900,300,rosenbrock,9,0.050149,3.642926,4.237418,749.775574,269.762370
3,4.545940,8.541316,exponential_3,900,300,rosenbrock,9,1.226818,4.014755,4.754994,897.560181,250.919655
3,3.882831,0.802409,exponential_3,900,300,rosenbrock,9,0.140257,3.742019,4.470648,2.152459,134.437740
3,3.316448,10.000000,exponential_3,900,300,rosenbrock,9,0.120145,2.901616,3.161414,892.633972,135.037720
3,3.882831,0.585390,exponential_3,900,300,rosenbrock,9,0.402154,5.365673,5.816329,28.156048,140.653690
3,5.322296,0.500000,exponential_3,900,300,rosenbrock,9,0.403844,3.527350,4.122953,10.009748,243.684400
3,3.882831,1.099883,exponential_3,900,300,rosenbrock,9,0.194933,3.040748,3.669820,1.287750,125.211155
3,5.322296,0.939444,exponential_3,900,300,rosenbrock,9,0.000016,1.804173,2.453285,1.749122,242.323590
3,3.882831,1.507637,exponential_3,900,300,rosenbrock,9,0.007873,2.540548,3.366514,1.742969,129.116655
3,1.099883,7.295407,exponential_3,900,300,rosenbrock,9,0.801025,2.869123,3.142886,65.619568,250.879390
3,3.882831,2.832683,exponential_3,900,300,rosenbrock,9,0.134025,3.540346,4.002115,999.662415,125.484315
3,1.507637,2.419483,exponential_3,900,300,rosenbrock,9,0.015666,2.836692,4.108595,1.956230,255.934835
3,5.322296,2.419483,exponential_3,900,300,rosenbrock,9,0.716461,3.738998,4.068499,749.683167,236.463990
3,3.882831,2.066557,exponential_3,900,300,rosenbrock,9,0.008560,2.556495,2.938232,747.866150,129.638340
3,3.882831,3.882831,exponential_3,900,300,rosenbrock,9,2.188830,3.607255,3.823695,892.319702,127.307100
3,5.322296,3.316448,exponential_3,900,300,rosenbrock,9,0.086572,3.266012,3.510653,999.853271,232.888805
3,3.882831,5.322296,exponential_3,900,300,rosenbrock,9,1.017626,3.725645,4.265802,296.925140,128.584450
3,1.287720,0.802409,exponential_3,900,300,rosenbrock,9,5.235160,70.246017,77.782959,249.805298,276.420895
3,5.322296,8.541316,exponential_3,900,300,rosenbrock,9,1.449701,3.993180,4.660020,897.677429,226.294140
3,7.295407,0.939444,exponential_3,900,300,rosenbrock,9,0.052343,2.827650,3.243831,1.355257,212.110960
3,6.231237,3.316448,exponential_3,900,300,rosenbrock,9,2.028392,160.277512,4.759465,1081.840454,217.081935
3,6.231237,6.231237,exponential_3,900,300,rosenbrock,9,1.994889,3.739824,3.524842,892.348450,218.377915
3,6.231237,1.765111,exponential_3,900,300,rosenbrock,9,0.038047,3.574232,3.838797,544.716614,221.402280
3,1.099883,4.545940,exponential_3,900,300,rosenbrock,9,0.702220,3.382764,3.378046,1.149178,288.079620
3,5.322296,1.765111,exponential_3,900,300,rosenbrock,9,0.093960,3.112895,3.335942,544.790344,279.010070
3,7.295407,1.287720,exponential_3,900,300,rosenbrock,9,0.274452,2.391939,3.332828,544.763367,203.607275
3,3.882831,7.295407,exponential_3,900,300,rosenbrock,9,0.606103,316.025238,4.740167,1145.328003,121.483190
3,1.507637,10.000000,exponential_3,900,300,rosenbrock,9,0.974278,3.462214,3.893706,1.369750,283.906640
3,4.545940,0.802409,exponential_3,900,300,rosenbrock,9,0.255476,2.489848,3.935656,1.878392,119.757985
3,4.545940,2.066557,exponential_3,900,300,rosenbrock,9,0.281254,3.112573,3.322910,749.745056,117.701495
3,4.545940,5.322296,exponential_3,900,300,rosenbrock,9,2.278317,3.768517,3.907655,749.625916,124.329675
3,7.295407,4.545940,exponential_3,900,300,rosenbrock,9,0.233236,2.713902,3.275408,544.684082,162.856570
3,5.322296,6.231237,exponential_3,900,300,rosenbrock,9,0.002335,3.041983,3.875276,544.732300,294.837575
3,3.882831,10.000000,exponential_3,900,300,rosenbrock,9,0.217808,2.834022,3.386830,544.683350,126.109895
3,4.545940,2.832683,exponential_3,900,300,rosenbrock,9,0.019698,2.675812,3.298267,1.384251,120.848325
3,4.545940,1.099883,exponential_3,900,300,rosenbrock,9,0.605653,2.619440,3.264071,1.653387,125.923970
3,6.231237,0.500000,exponential_3,900,300,rosenbrock,9,0.530948,4.017106,4.715199,19.722513,291.459630
3,7.295407,6.231237,exponential_3,900,300,rosenbrock,9,2.597447,222.500229,5.015685,1074.747803,154.883355
3,4.545940,7.295407,exponential_3,900,300,rosenbrock,9,0.067100,3.378549,3.671332,892.465576,122.699565
3,6.231237,0.939444,exponential_3,900,300,rosenbrock,9,0.040943,2.575260,3.010381,892.760498,291.789845
3,6.231237,0.685363,exponential_3,900,300,rosenbrock,9,0.004571,2.541490,3.388624,1.353829,294.058740
3,7.295407,0.500000,exponential_3,900,300,rosenbrock,9,0.088060,2.913616,4.087396,1.904845,290.352840
3,4.545940,3.882831,exponential_3,900,300,rosenbrock,9,0.097116,2.555948,3.304866,544.818726,126.858625
3,8.541316,0.685363,exponential_3,900,300,rosenbrock,9,0.671424,2.343612,3.007213,1.454269,126.255455
3,7.295407,0.685363,exponential_3,900,300,rosenbrock,9,0.160738,2.500256,3.367968,2.053265,292.895410
3,5.322296,0.802409,exponential_3,900,300,rosenbrock,9,1.445306,3.073137,3.600139,0.992026,120.930575
3,6.231237,8.541316,exponential_3,900,300,rosenbrock,9,0.215635,3.869231,4.572528,892.604980,294.054950
3,5.322296,4.545940,exponential_3,900,300,rosenbrock,9,0.044856,3.214982,3.760782,749.633362,319.994225
3,6.231237,1.287720,exponential_3,900,300,rosenbrock,9,0.064398,2.240920,2.847589,1.383214,295.991420
3,6.231237,4.545940,exponential_3,900,300,rosenbrock,9,1.827035,3.444933,3.533071,544.641724,294.805905
3,6.231237,2.419483,exponential_3,900,300,rosenbrock,9,0.036647,159.358871,4.022503,1082.488892,301.197790
3,4.545940,1.507637,exponential_3,900,300,rosenbrock,9,1.055151,3.567285,3.843731,575.104553,121.872420
3,8.541316,1.287720,exponential_3,900,300,rosenbrock,9,1.354136,3.354256,3.607613,1.059534,131.649245
3,7.295407,1.765111,exponential_3,900,300,rosenbrock,9,0.283961,3.732017,4.550591,892.225647,265.796415
3,8.541316,0.500000,exponential_3,900,300,rosenbrock,9,0.013731,2.818856,3.820610,34.766556,149.734920
3,7.295407,2.419483,exponential_3,900,300,rosenbrock,9,0.012347,3.328568,3.991365,895.511353,255.182285
3,5.322296,1.507637,exponential_3,900,300,rosenbrock,9,0.086434,3.019099,3.534562,1000.039551,122.984885
3,7.295407,3.316448,exponential_3,900,300,rosenbrock,9,0.035623,3.232363,4.260147,215.800461,230.509835
3,8.541316,3.316448,exponential_3,900,300,rosenbrock,9,0.197425,3.365292,3.579024,1.287294,119.947365
3,8.541316,1.765111,exponential_3,900,300,rosenbrock,9,0.000311,3.007945,3.256510,892.497437,139.285585
3,8.541316,2.419483,exponential_3,900,300,rosenbrock,9,1.051138,3.705753,3.948611,749.601868,127.843185
3,7.295407,8.541316,exponential_3,900,300,rosenbrock,9,0.069230,4.385775,5.228765,749.931885,183.888940
3,8.541316,0.939444,exponential_3,900,300,rosenbrock,9,0.000696,2.160701,2.781494,544.957336,174.621890
3,10.000000,0.685363,exponential_3,900,300,rosenbrock,9,0.029329,2.646090,3.253178,575.372803,117.612905
3,8.541316,4.545940,exponential_3,900,300,rosenbrock,9,0.025091,3.181705,3.578615,764.178772,143.092985
3,10.000000,2.419483,exponential_3,900,300,rosenbrock,9,0.770441,3.290983,3.676230,544.754822,109.433085
3,0.500000,1.287720,exponential_5,900,300,rosenbrock,9,115.318741,489.941528,596.668579,576.059204,87.740890
3,0.500000,0.500000,exponential_5,900,300,rosenbrock,9,1001.581177,3322.584717,3667.585938,3145.863037,109.627265
3,10.000000,3.316448,exponential_3,900,300,rosenbrock,9,0.000026,3.137761,3.515636,544.615540,120.967335
3,8.541316,6.231237,exponential_3,900,300,rosenbrock,9,1.581778,160.450180,4.782055,1082.091553,168.754780
3,10.000000,4.545940,exponential_3,900,300,rosenbrock,9,1.453137,3.696557,4.249145,749.654480,121.527775
3,0.500000,0.685363,exponential_5,900,300,rosenbrock,9,26.398441,2181.319824,2330.638428,2452.455811,111.085525
3,10.000000,8.541316,exponential_3,900,300,rosenbrock,9,5.428362,456.103394,6.363223,1173.223511,117.105065
3,0.500000,0.939444,exponential_5,900,300,rosenbrock,9,204.494293,915.229919,936.461670,1169.905762,107.974100
3,0.500000,3.316448,exponential_5,900,300,rosenbrock,9,0.355931,19.666767,14.455204,39.280243,96.440585
3,8.541316,8.541316,exponential_3,900,300,rosenbrock,9,0.223650,4.391381,5.422496,892.901001,179.178865
3,10.000000,0.500000,exponential_3,900,300,rosenbrock,9,0.041690,2.927811,3.385489,544.822632,175.188495
3,0.500000,2.419483,exponential_5,900,300,rosenbrock,9,7.258582,53.482368,68.895126,200.772797,105.142515
3,0.500000,4.545940,exponential_5,900,300,rosenbrock,9,0.477223,5.104129,5.955368,30.295757,103.526470
3,0.500000,8.541316,exponential_5,900,300,rosenbrock,9,0.091791,3.965004,4.601847,215.947845,97.603670
3,0.585390,0.500000,exponential_5,900,300,rosenbrock,9,301.229309,2722.931396,2723.933594,3266.883545,97.859835
3,0.585390,0.685363,exponential_5,900,300,rosenbrock,9,245.091644,1175.321899,1476.918945,1371.661011,96.518180
3,10.000000,0.939444,exponential_3,900,300,rosenbrock,9,0.368524,2.899056,3.346565,749.713928,187.244145
3,0.500000,6.231237,exponential_5,900,300,rosenbrock,9,0.165982,3.730528,5.031761,216.090012,116.028405
3,0.585390,1.765111,exponential_5,900,300,rosenbrock,9,7.635996,74.273323,95.013290,293.372986,88.280250
3,0.585390,0.939444,exponential_5,900,300,rosenbrock,9,115.092903,695.649353,908.598145,1174.285522,106.315365
3,0.585390,2.419483,exponential_5,900,300,rosenbrock,9,3.458438,33.762005,47.115067,118.260750,85.514105
3,0.585390,1.287720,exponential_5,900,300,rosenbrock,9,88.828125,261.272095,277.049988,226.927902,99.888855
3,4.545940,0.585390,exponential_3,900,300,rosenbrock,9,0.020296,3.579790,5.209585,65.621567,198.673475
3,10.000000,1.287720,exponential_3,900,300,rosenbrock,9,0.070333,3.184470,3.831271,1.680546,207.818600
3,10.000000,1.765111,exponential_3,900,300,rosenbrock,9,0.073392,3.432632,3.931260,573.321777,208.358785
3,5.322296,0.585390,exponential_3,900,300,rosenbrock,9,0.096918,3.589310,4.715627,289.834198,159.630855
3,0.585390,6.231237,exponential_5,900,300,rosenbrock,9,0.056600,3.916911,4.876725,11.657068,87.423135
3,10.000000,6.231237,exponential_3,900,300,rosenbrock,9,0.186982,4.185732,5.183590,215.668503,211.205675
3,0.685363,0.939444,exponential_5,900,300,rosenbrock,9,33.659946,403.230469,314.559662,951.747070,84.495275
3,0.685363,0.500000,exponential_5,900,300,rosenbrock,9,978.932983,1987.661255,2287.231934,1933.208374,88.244415
3,0.585390,3.316448,exponential_5,900,300,rosenbrock,9,0.090283,4.128257,5.835728,55.021725,132.454835
3,0.685363,0.685363,exponential_5,900,300,rosenbrock,9,121.608620,753.065308,989.208679,724.455627,91.307625
3,0.685363,1.287720,exponential_5,900,300,rosenbrock,9,9.237367,145.892441,130.755096,412.939911,86.173675
3,0.685363,1.765111,exponential_5,900,300,rosenbrock,9,1.889758,31.511454,28.479694,154.185074,87.027845
3,0.685363,2.419483,exponential_5,900,300,rosenbrock,9,0.963001,8.553290,7.211942,45.524918,82.853425
3,0.500000,1.765111,exponential_5,900,300,rosenbrock,9,43.699192,209.214249,213.547836,251.796021,215.176985
3,0.685363,3.316448,exponential_5,900,300,rosenbrock,9,0.252961,4.512244,5.732163,68.266106,81.125380
3,4.545940,10.000000,exponential_3,900,300,rosenbrock,9,0.363253,3.830132,4.541736,999.776978,218.246560
3,5.322296,1.099883,exponential_3,900,300,rosenbrock,9,0.004418,3.176414,3.496832,2.195036,225.935620
3,0.685363,4.545940,exponential_5,900,300,rosenbrock,9,0.091527,3.498760,4.644353,2.459499,99.751145
3,8.541316,0.802409,exponential_3,900,300,rosenbrock,9,0.000031,3.101552,3.392586,544.721741,105.833060
3,0.685363,6.231237,exponential_5,900,300,rosenbrock,9,0.394416,3.526258,4.264642,34.617386,116.346885
3,5.322296,2.832683,exponential_3,900,300,rosenbrock,9,1.548300,3.191517,3.549337,749.820251,250.413800
3,5.322296,2.066557,exponential_3,900,300,rosenbrock,9,0.093081,3.059885,3.622263,749.906067,219.075125
3,5.322296,3.882831,exponential_3,900,300,rosenbrock,9,0.233436,3.193008,4.181079,775.377502,266.084655
3,5.322296,10.000000,exponential_3,900,300,rosenbrock,9,2.652663,4.694551,5.346685,544.607666,272.441205
3,7.295407,1.099883,exponential_3,900,300,rosenbrock,9,0.005416,3.296102,4.518858,749.751892,269.515455
3,6.231237,2.066557,exponential_3,900,300,rosenbrock,9,0.878242,3.644357,3.637132,749.748047,252.938530
3,6.231237,3.882831,exponential_3,900,300,rosenbrock,9,0.027860,3.064382,3.347244,749.818665,268.308745
3,0.585390,8.541316,exponential_5,900,300,rosenbrock,9,3.303558,4.378244,4.481406,18.531113,242.915900
3,0.585390,4.545940,exponential_5,900,300,rosenbrock,9,0.001978,5.034750,5.784954,40.079659,257.154925
3,8.541316,1.507637,exponential_3,900,300,rosenbrock,9,0.031904,3.021257,3.307896,892.491821,188.742205
3,6.231237,7.295407,exponential_3,900,300,rosenbrock,9,0.427062,3.704482,4.675602,892.276672,295.823820
3,5.322296,7.295407,exponential_3,900,300,rosenbrock,9,0.215185,3.166850,3.482959,544.565796,263.930155
3,7.295407,1.507637,exponential_3,900,300,rosenbrock,9,0.018171,3.582891,4.820927,749.833069,297.675235
3,6.231237,0.585390,exponential_3,900,300,rosenbrock,9,0.014185,3.428620,3.888422,1.291643,276.321025
3,0.685363,8.541316,exponential_5,900,300,rosenbrock,9,0.189334,4.228829,5.252411,764.522827,219.962015
3,7.295407,5.322296,exponential_3,900,300,rosenbrock,9,0.196296,3.243794,3.761749,999.819214,312.288950
3,6.231237,1.099883,exponential_3,900,300,rosenbrock,9,0.043232,2.629975,3.220059,1.886558,291.351900
3,7.295407,0.585390,exponential_3,900,300,rosenbrock,9,0.001592,2.551914,3.726390,2.246240,290.076450
3,7.295407,7.295407,exponential_3,900,300,rosenbrock,9,1.242001,4.290654,5.232974,763.958862,309.337680
3,6.231237,0.802409,exponential_3,900,300,rosenbrock,9,0.012242,2.337354,3.187021,544.963806,306.545180
3,8.541316,3.882831,exponential_3,900,300,rosenbrock,9,0.234683,5.855787,4.251378,887.654114,253.208195
3,0.802409,0.500000,exponential_5,900,300,rosenbrock,9,174.363434,1133.631348,1310.951782,1729.036987,258.021635
3,7.295407,0.802409,exponential_3,900,300,rosenbrock,9,0.002983,2.278002,3.190382,216.028793,309.409570
3,6.231237,10.000000,exponential_3,900,300,rosenbrock,9,0.018085,3.741995,4.907119,2.172161,320.849380
3,8.541316,2.832683,exponential_3,900,300,rosenbrock,9,0.059923,63.774166,4.087788,997.790039,277.866295
3,10.000000,3.882831,exponential_3,900,300,rosenbrock,9,0.629144,3.333654,4.077506,892.349792,270.838420
3,10.000000,0.802409,exponential_3,900,300,rosenbrock,9,0.181527,3.041797,3.427959,545.313049,275.893755
3,0.500000,3.882831,exponential_5,900,300,rosenbrock,9,0.508823,11.004179,7.241162,48.035885,272.905965
3,0.500000,0.802409,exponential_5,900,300,rosenbrock,9,164.059616,1303.348633,1528.240723,1377.057739,273.775825
3,10.000000,2.832683,exponential_3,900,300,rosenbrock,9,0.239434,3.125885,3.458068,215.874557,275.836830
3,10.000000,5.322296,exponential_3,900,300,rosenbrock,9,0.307348,4.220409,4.885508,864.493225,278.754370
3,0.500000,10.000000,exponential_5,900,300,rosenbrock,9,0.114908,3.691351,4.665774,215.809967,274.970395
3,0.500000,5.322296,exponential_5,900,300,rosenbrock,9,0.003838,3.897455,5.193119,24.251490,275.866290
3,10.000000,10.000000,exponential_3,900,300,rosenbrock,9,6.710674,50.072716,33.952251,985.207581,279.414640
3,5.322296,5.322296,exponential_3,900,300,rosenbrock,9,1.120308,3.218956,3.397441,569.535889,332.309760
3,0.500000,2.832683,exponential_5,900,300,rosenbrock,9,4.167030,23.817432,24.398596,49.239548,276.859420
3,0.500000,0.585390,exponential_5,900,300,rosenbrock,9,180.586731,2233.556152,2411.042236,2524.238770,282.876765
3,6.231237,5.322296,exponential_3,900,300,rosenbrock,9,0.088521,3.462137,3.850382,544.679443,322.833420
3,6.231237,1.507637,exponential_3,900,300,rosenbrock,9,0.027850,2.903310,4.067766,749.917175,330.248525
3,0.585390,0.802409,exponential_5,900,300,rosenbrock,9,140.223892,799.905579,793.817383,1863.667114,280.287220
3,0.500000,7.295407,exponential_5,900,300,rosenbrock,9,0.020621,4.031095,4.959410,2.285770,279.550590
3,0.500000,1.099883,exponential_5,900,300,rosenbrock,9,31.569057,747.816895,1018.015503,671.020447,289.205525
3,0.585390,2.066557,exponential_5,900,300,rosenbrock,9,1.155906,58.979462,71.021286,233.297394,283.157535
3,0.585390,1.507637,exponential_5,900,300,rosenbrock,9,22.622879,104.048813,110.628975,138.495346,284.063475
3,0.585390,2.832683,exponential_5,900,300,rosenbrock,9,1.273088,15.825003,7.864801,38.503967,288.138885
3,6.231237,2.832683,exponential_3,900,300,rosenbrock,9,0.003126,2.977799,3.763503,749.976685,334.597820
3,0.685363,1.099883,exponential_5,900,300,rosenbrock,9,60.303131,304.802185,285.176147,338.103638,279.197110
3,0.585390,7.295407,exponential_5,900,300,rosenbrock,9,0.083725,3.618129,4.382637,215.913528,285.945755
3,8.541316,0.585390,exponential_3,900,300,rosenbrock,9,0.018949,2.765128,3.285429,1.567703,328.591440
3,0.685363,0.585390,exponential_5,900,300,rosenbrock,9,317.335846,1827.913818,2380.471924,2506.918213,281.840485
3,0.685363,3.882831,exponential_5,900,300,rosenbrock,9,0.015094,3.179294,4.704408,216.220947,272.329665
3,0.685363,1.507637,exponential_5,900,300,rosenbrock,9,9.812147,104.497513,115.673294,264.290619,279.894980
3,0.585390,0.585390,exponential_5,900,300,rosenbrock,9,254.856934,1787.086670,1879.160400,1597.102539,305.677220
3,0.685363,0.802409,exponential_5,900,300,rosenbrock,9,95.307915,539.553467,561.354248,1165.610962,284.526295
3,0.685363,2.832683,exponential_5,900,300,rosenbrock,9,0.587958,12.987722,7.620241,34.335373,282.912590
3,0.685363,2.066557,exponential_5,900,300,rosenbrock,9,1.138725,28.234510,23.023201,81.147118,287.572535
3,7.295407,2.066557,exponential_3,900,300,rosenbrock,9,0.295572,2.908478,3.308588,544.771606,350.738345
3,7.295407,2.832683,exponential_3,900,300,rosenbrock,9,0.113877,3.529446,3.978662,749.720764,344.497755
3,7.295407,10.000000,exponential_3,900,300,rosenbrock,9,0.502921,4.760335,5.421473,750.114929,332.680100
3,7.295407,3.882831,exponential_3,900,300,rosenbrock,9,2.194502,3.260938,3.450375,763.433838,340.599985
3,8.541316,2.066557,exponential_3,900,300,rosenbrock,9,0.061842,3.136056,3.327481,544.720703,341.663300
3,0.802409,2.419483,exponential_5,900,300,rosenbrock,9,0.926334,5.966949,7.191580,67.690651,292.292950
3,0.685363,5.322296,exponential_5,900,300,rosenbrock,9,0.761746,4.541680,4.992329,24.048542,293.219430
3,0.685363,7.295407,exponential_5,900,300,rosenbrock,9,0.085780,2.948237,4.196985,2.095977,285.115605
3,0.585390,1.099883,exponential_5,900,300,rosenbrock,9,99.374344,445.034088,503.895081,449.679382,338.610735
3,8.541316,5.322296,exponential_3,900,300,rosenbrock,9,0.731264,3.118369,3.680428,892.534546,350.235730
3,0.500000,1.507637,exponential_5,900,300,rosenbrock,9,56.050285,288.379974,252.903030,388.071777,351.201005
3,0.802409,0.939444,exponential_5,900,300,rosenbrock,9,36.839035,239.388123,233.818161,322.358459,339.555060
3,8.541316,1.099883,exponential_3,900,300,rosenbrock,9,0.157229,3.463272,3.418603,1.412848,363.921545
3,0.802409,0.685363,exponential_5,900,300,rosenbrock,9,21.213039,443.431213,499.043396,705.010315,349.126835
3,8.541316,10.000000,exponential_3,900,300,rosenbrock,9,3.812505,257.713379,6.305268,1087.425171,359.999085
3,8.541316,7.295407,exponential_3,900,300,rosenbrock,9,1.868111,4.581448,4.968241,999.691284,362.691615
3,10.000000,0.585390,exponential_3,900,300,rosenbrock,9,0.017421,2.276843,2.990854,544.794312,361.257620
3,10.000000,1.099883,exponential_3,900,300,rosenbrock,9,0.045471,2.169662,3.005153,544.789307,358.244700
3,10.000000,7.295407,exponential_3,900,300,rosenbrock,9,1.241889,4.452993,5.421662,749.598328,344.541160
3,10.000000,1.507637,exponential_3,900,300,rosenbrock,9,0.254686,3.273685,3.386091,544.633301,354.376215
3,0.802409,1.765111,exponential_5,900,300,rosenbrock,9,1.126141,15.788343,11.397562,88.089233,334.293290
3,0.585390,3.882831,exponential_5,900,300,rosenbrock,9,0.051988,4.639215,5.883600,21.985147,351.154715
3,0.500000,2.066557,exponential_5,900,300,rosenbrock,9,9.793618,81.079437,116.625946,127.903320,342.919460
3,10.000000,2.066557,exponential_3,900,300,rosenbrock,9,0.664953,3.245753,3.403096,544.626465,365.349930
3,0.802409,1.287720,exponential_5,900,300,rosenbrock,9,13.307323,152.136200,115.872757,278.030334,352.562465
3,0.802409,3.316448,exponential_5,900,300,rosenbrock,9,0.041147,4.525180,5.338771,67.307480,337.760260
3,0.802409,4.545940,exponential_5,900,300,rosenbrock,9,0.080715,3.502595,4.675349,2.123193,342.535925
3,0.939444,1.287720,exponential_5,900,300,rosenbrock,9,2.484875,43.256088,50.967690,66.612877,283.756535
3,0.802409,6.231237,exponential_5,900,300,rosenbrock,9,0.031304,3.513649,4.389932,216.017181,348.348945
3,0.585390,10.000000,exponential_5,900,300,rosenbrock,9,0.572275,3.477866,4.247006,1.635373,326.283090
3,0.939444,0.685363,exponential_5,900,300,rosenbrock,9,37.767628,366.687256,404.728333,400.475922,334.336515
3,0.802409,8.541316,exponential_5,900,300,rosenbrock,9,0.332594,3.611355,4.360662,575.543762,344.383665
3,0.939444,0.500000,exponential_5,900,300,rosenbrock,9,157.249268,726.752686,882.573364,720.145142,346.650690
3,0.685363,10.000000,exponential_5,900,300,rosenbrock,9,1.604284,4.374950,4.838718,1.019710,282.790830
3,0.585390,5.322296,exponential_5,900,300,rosenbrock,9,0.056534,4.890815,5.366309,17.123123,340.190680
3,0.939444,0.939444,exponential_5,900,300,rosenbrock,9,11.574791,143.792938,138.539398,181.448853,347.648435
3,0.939444,2.419483,exponential_5,900,300,rosenbrock,9,0.122652,4.937357,6.053225,20.716932,331.672855
3,0.939444,1.765111,exponential_5,900,300,rosenbrock,9,2.124415,19.011322,13.332211,81.177177,343.223335
3,0.939444,3.316448,exponential_5,900,300,rosenbrock,9,1.006231,4.344085,4.752695,15.195716,339.154615
3,1.099883,1.287720,exponential_5,900,300,rosenbrock,9,0.449017,46.628975,63.066208,112.469162,285.243710
3,0.939444,4.545940,exponential_5,900,300,rosenbrock,9,0.103516,3.032291,4.315281,2.464145,345.278065
3,0.802409,0.585390,exponential_5,900,300,rosenbrock,9,310.688721,1068.342285,1193.303589,953.594482,300.951140
3,1.287720,0.500000,exponential_5,900,300,rosenbrock,9,35.781189,435.176483,572.237549,1016.380188,275.198515
3,0.939444,6.231237,exponential_5,900,300,rosenbrock,9,0.120374,3.643987,4.267425,544.190979,354.212775
3,1.099883,8.541316,exponential_5,900,300,rosenbrock,9,0.107679,3.853237,5.228815,750.017639,288.706595
3,1.099883,3.316448,exponential_5,900,300,rosenbrock,9,0.026614,4.014208,4.899980,2.161870,292.653850
3,1.099883,0.500000,exponential_5,900,300,rosenbrock,9,214.374863,764.882141,777.603516,1282.988892,344.213920
3,1.099883,6.231237,exponential_5,900,300,rosenbrock,9,0.003535,3.981152,5.421161,574.971252,291.855715
3,1.287720,0.685363,exponential_5,900,300,rosenbrock,9,18.836910,151.469559,123.032959,208.716522,290.235625
3,1.099883,4.545940,exponential_5,900,300,rosenbrock,9,0.000182,3.842270,4.331657,1.774159,292.497200
3,1.287720,0.939444,exponential_5,900,300,rosenbrock,9,8.914425,69.051834,93.157135,205.489380,285.850775
3,0.939444,8.541316,exponential_5,900,300,rosenbrock,9,0.012680,4.175189,5.391377,749.797791,352.382135
3,1.287720,2.419483,exponential_5,900,300,rosenbrock,9,0.008834,3.551635,4.721712,90.408730,283.498860
3,1.287720,1.765111,exponential_5,900,300,rosenbrock,9,0.182057,4.999146,5.715162,38.281132,286.784525
3,1.287720,1.287720,exponential_5,900,300,rosenbrock,9,1.237823,30.881405,32.866856,59.228271,290.773605
3,1.099883,0.685363,exponential_5,900,300,rosenbrock,9,44.165627,237.748230,270.907471,340.433228,351.960405
3,1.287720,6.231237,exponential_5,900,300,rosenbrock,9,0.037146,4.122881,4.472790,749.951599,290.097900
3,1.507637,2.419483,exponential_5,900,300,rosenbrock,9,0.002002,3.481240,4.770295,34.639950,280.779355
3,1.507637,8.541316,exponential_5,900,300,rosenbrock,9,2.075161,317.110168,5.421160,5419.857910,279.498965
3,1.287720,4.545940,exponential_5,900,300,rosenbrock,9,0.069056,3.572724,4.222952,215.735962,297.510885
3,1.507637,0.685363,exponential_5,900,300,rosenbrock,9,12.004346,66.158539,82.053993,241.100555,290.414515
3,1.507637,3.316448,exponential_5,900,300,rosenbrock,9,0.059180,3.210117,4.204855,2.037500,286.684460
3,1.507637,1.287720,exponential_5,900,300,rosenbrock,9,1.277868,6.628164,6.971542,48.051979,293.149480
3,1.765111,0.685363,exponential_5,900,300,rosenbrock,9,9.342724,53.857517,69.340172,95.903122,281.157380
3,1.507637,0.939444,exponential_5,900,300,rosenbrock,9,0.520765,24.878180,17.041126,44.089802,293.960475
3,1.507637,6.231237,exponential_5,900,300,rosenbrock,9,0.474769,160.442490,5.421160,1082.473389,289.983940
3,1.099883,1.765111,exponential_5,900,300,rosenbrock,9,0.135524,5.923970,6.860515,67.263275,347.102450
3,1.507637,1.765111,exponential_5,900,300,rosenbrock,9,0.373106,4.138682,5.163237,40.596363,296.181460
3,1.765111,1.287720,exponential_5,900,300,rosenbrock,9,0.035413,4.126333,5.792051,23.558767,283.675400
3,1.099883,0.939444,exponential_5,900,300,rosenbrock,9,3.635497,88.425720,100.135086,233.791809,361.896310
3,1.765111,0.939444,exponential_5,900,300,rosenbrock,9,2.703245,33.636639,23.019712,211.733902,292.741865
3,1.765111,2.419483,exponential_5,900,300,rosenbrock,9,0.001089,3.891414,4.619857,2.467869,288.370425
3,1.765111,3.316448,exponential_5,900,300,rosenbrock,9,0.130574,3.442780,4.402547,575.606140,284.552410
3,1.765111,4.545940,exponential_5,900,300,rosenbrock,9,0.200225,4.288405,5.390553,999.960876,287.613665
3,1.099883,2.419483,exponential_5,900,300,rosenbrock,9,0.989080,4.804790,5.764569,31.736876,353.161235
3,2.066557,1.765111,exponential_5,900,300,rosenbrock,9,0.024643,3.468342,4.696641,2.253577,270.856885
3,1.287720,3.316448,exponential_5,900,300,rosenbrock,9,0.164246,3.065145,4.371119,2.411985,342.336705
3,2.066557,1.287720,exponential_5,900,300,rosenbrock,9,0.042179,3.455187,4.908873,19.190573,294.572690
3,0.802409,2.832683,exponential_5,900,300,rosenbrock,9,0.111359,5.420134,5.945151,2.156493,297.778900
3,1.287720,8.541316,exponential_5,900,300,rosenbrock,9,0.929288,4.770900,5.419700,748.257263,350.770000
3,1.765111,0.500000,exponential_5,900,300,rosenbrock,9,11.303608,145.431381,133.684052,233.335342,337.140165
3,1.507637,0.500000,exponential_5,900,300,rosenbrock,9,29.617813,308.587036,341.144958,559.316284,351.698055
3,1.507637,4.545940,exponential_5,900,300,rosenbrock,9,0.081306,3.091471,4.232258,2.050199,360.009165
3,2.066557,0.939444,exponential_5,900,300,rosenbrock,9,1.322601,6.242271,7.202404,46.467480,336.097980
3,1.765111,8.541316,exponential_5,900,300,rosenbrock,9,1.257125,4.644909,5.421160,897.354980,345.516270
3,2.066557,0.500000,exponential_5,900,300,rosenbrock,9,9.460414,93.263588,100.130966,127.913681,346.560130
3,1.765111,1.765111,exponential_5,900,300,rosenbrock,9,0.094181,4.245653,5.042448,19.392046,366.094445
3,1.765111,6.231237,exponential_5,900,300,rosenbrock,9,0.099013,4.156905,5.419676,745.724915,355.180345
3,2.066557,0.685363,exponential_5,900,300,rosenbrock,9,4.047482,25.123295,21.903273,88.896484,357.938665
3,0.802409,1.099883,exponential_5,900,300,rosenbrock,9,50.349213,158.598450,160.430481,260.697327,348.591205
3,2.066557,3.316448,exponential_5,900,300,rosenbrock,9,0.090818,3.796351,4.276425,749.708801,356.721300
3,2.066557,2.419483,exponential_5,900,300,rosenbrock,9,0.014697,3.687231,4.533998,1.605177,360.300510
3,2.419483,0.500000,exponential_5,900,300,rosenbrock,9,9.783782,48.402279,67.084579,143.226868,342.206515
3,0.802409,0.802409,exponential_5,900,300,rosenbrock,9,62.840115,359.706085,419.595337,340.276672,348.695155
3,2.066557,4.545940,exponential_5,900,300,rosenbrock,9,0.158354,4.666992,5.421160,892.138977,357.895490
3,2.066557,8.541316,exponential_5,900,300,rosenbrock,9,0.016660,3.932122,5.258718,749.684326,346.888090
3,2.419483,1.765111,exponential_5,900,300,rosenbrock,9,0.096276,2.940763,3.737493,24.277695,337.524280
3,2.419483,0.685363,exponential_5,900,300,rosenbrock,9,2.176666,27.371040,10.615147,100.280098,344.888595
3,2.066557,6.231237,exponential_5,900,300,rosenbrock,9,0.001426,3.766676,5.182682,892.640625,355.598575
3,2.419483,0.939444,exponential_5,900,300,rosenbrock,9,1.726063,10.302151,6.712819,74.541985,347.465105
3,2.419483,1.287720,exponential_5,900,300,rosenbrock,9,0.163999,4.265100,5.107704,13.590136,349.819605
3,2.419483,2.419483,exponential_5,900,300,rosenbrock,9,0.012456,2.817233,4.013817,545.021973,344.403010
3,0.939444,1.507637,exponential_5,900,300,rosenbrock,9,4.385638,34.580723,28.369043,113.528130,282.171745
3,0.802409,1.507637,exponential_5,900,300,rosenbrock,9,3.389771,44.808876,51.557297,220.724686,339.203790
3,2.419483,3.316448,exponential_5,900,300,rosenbrock,9,0.713690,3.598378,4.190500,750.118286,348.594980
3,0.802409,2.066557,exponential_5,900,300,rosenbrock,9,0.343659,30.862411,21.717148,50.984562,354.421065
3,2.419483,4.545940,exponential_5,900,300,rosenbrock,9,0.824791,259.782501,5.421161,1060.136841,350.325475
3,0.802409,3.882831,exponential_5,900,300,rosenbrock,9,0.393259,4.371741,5.214167,24.974190,350.104675
3,2.419483,8.541316,exponential_5,900,300,rosenbrock,9,0.012006,4.644169,5.421160,617.161133,296.474360
3,0.802409,7.295407,exponential_5,900,300,rosenbrock,9,0.036304,3.711842,4.224176,24.257698,345.186655
3,0.939444,0.802409,exponential_5,900,300,rosenbrock,9,10.348929,238.132904,226.959274,391.584808,341.104810
3,0.802409,5.322296,exponential_5,900,300,rosenbrock,9,0.512843,4.033100,4.623116,34.473724,360.868330
3,2.419483,6.231237,exponential_5,900,300,rosenbrock,9,0.000909,300.163147,5.421162,1111.190063,344.430900
3,1.099883,1.507637,exponential_5,900,300,rosenbrock,9,2.355702,40.251514,51.810410,49.686565,276.779640
3,0.939444,0.585390,exponential_5,900,300,rosenbrock,9,23.078236,368.567200,276.153900,478.160919,341.746015
3,0.939444,1.099883,exponential_5,900,300,rosenbrock,9,7.982750,102.762802,89.954742,265.608368,343.177325
3,0.802409,10.000000,exponential_5,900,300,rosenbrock,9,0.517671,3.234457,4.084449,1.715237,357.149290
3,2.832683,0.500000,exponential_5,900,300,rosenbrock,9,6.139080,30.743643,26.054968,47.912895,348.586580
3,2.832683,0.685363,exponential_5,900,300,rosenbrock,9,0.401986,18.390388,8.230988,37.779625,278.835395
3,1.287720,0.585390,exponential_5,900,300,rosenbrock,9,5.873158,152.828812,172.488922,369.316895,278.654190
3,0.939444,2.832683,exponential_5,900,300,rosenbrock,9,0.383075,5.334862,7.658924,36.321175,340.359655
3,1.099883,10.000000,exponential_5,900,300,rosenbrock,9,0.585759,3.867760,4.433448,748.178833,276.174230
3,1.287720,1.099883,exponential_5,900,300,rosenbrock,9,0.688787,60.150291,62.604233,105.996216,271.317350
3,1.099883,7.295407,exponential_5,900,300,rosenbrock,9,1.267159,473.075378,5.421160,1192.251831,280.057390
3,1.099883,3.882831,exponential_5,900,300,rosenbrock,9,0.912682,3.279529,4.206801,1.402652,284.668215
3,0.939444,2.066557,exponential_5,900,300,rosenbrock,9,0.041337,18.173073,8.558622,54.846233,341.460285
3,1.287720,2.832683,exponential_5,900,300,rosenbrock,9,0.067164,2.924906,4.778100,19.214357,277.392555
3,1.287720,0.802409,exponential_5,900,300,rosenbrock,9,3.058939,92.996269,119.139809,92.320854,282.716200
3,1.287720,2.066557,exponential_5,900,300,rosenbrock,9,0.134062,3.586486,5.125705,67.044304,278.942335
3,1.507637,10.000000,exponential_5,900,300,rosenbrock,9,0.418189,4.182983,4.692558,544.665100,270.948510
3,1.287720,1.507637,exponential_5,900,300,rosenbrock,9,0.875303,6.597331,7.086551,36.581097,279.417605
3,1.099883,5.322296,exponential_5,900,300,rosenbrock,9,0.776806,3.673828,4.499821,750.118347,285.534100
3,0.939444,3.882831,exponential_5,900,300,rosenbrock,9,0.868469,5.228450,5.347972,216.479446,333.925330
3,1.507637,1.099883,exponential_5,900,300,rosenbrock,9,2.631161,20.334661,14.880510,39.834068,266.601585
3,1.507637,1.507637,exponential_5,900,300,rosenbrock,9,0.004396,3.450040,4.965274,70.876823,272.719680
3,1.765111,0.802409,exponential_5,900,300,rosenbrock,9,2.467970,21.246405,20.832499,74.200317,275.004345
3,1.287720,7.295407,exponential_5,900,300,rosenbrock,9,1.367608,4.679370,5.417940,892.278625,285.708255
3,1.507637,3.882831,exponential_5,900,300,rosenbrock,9,0.002681,2.787806,4.077889,297.400757,279.726005
3,1.507637,2.832683,exponential_5,900,300,rosenbrock,9,0.019909,3.598227,4.609336,210.150864,288.463680
3,1.507637,0.802409,exponential_5,900,300,rosenbrock,9,5.310192,84.436691,95.324661,61.033878,286.006555
3,1.765111,1.507637,exponential_5,900,300,rosenbrock,9,0.007443,4.156826,5.624603,35.874947,275.118575
3,1.765111,1.099883,exponential_5,900,300,rosenbrock,9,1.591453,5.488309,6.391900,50.261433,274.064090
3,1.507637,7.295407,exponential_5,900,300,rosenbrock,9,0.056767,3.729103,5.421160,544.636597,281.832545
3,1.287720,5.322296,exponential_5,900,300,rosenbrock,9,0.696507,3.616059,4.242137,545.450562,289.502675
3,1.507637,2.066557,exponential_5,900,300,rosenbrock,9,0.000399,2.667579,3.730912,2.260151,280.732100
3,2.066557,2.066557,exponential_5,900,300,rosenbrock,9,0.150797,4.265346,4.926095,1.521543,266.274460
3,1.765111,3.882831,exponential_5,900,300,rosenbrock,9,0.001652,3.555239,4.452608,544.910278,283.482305
3,1.765111,5.322296,exponential_5,900,300,rosenbrock,9,0.023849,3.870669,4.996434,750.041931,285.132815
3,0.939444,5.322296,exponential_5,900,300,rosenbrock,9,0.960503,3.430972,4.149577,1.795316,362.717240
3,0.939444,7.295407,exponential_5,900,300,rosenbrock,9,0.442717,4.037873,5.363849,215.600555,336.789670
3,1.765111,2.832683,exponential_5,900,300,rosenbrock,9,0.000950,2.995495,3.829311,219.853104,296.433010
3,1.099883,0.585390,exponential_5,900,300,rosenbrock,9,81.160156,496.923462,432.496094,607.963257,343.408410
3,2.832683,0.939444,exponential_5,900,300,rosenbrock,9,0.172648,5.022014,5.870237,21.076397,274.740000
3,2.066557,1.507637,exponential_5,900,300,rosenbrock,9,0.142910,3.445118,4.945017,2.547605,280.188925
3,0.939444,10.000000,exponential_5,900,300,rosenbrock,9,0.219401,4.105398,5.419711,764.022461,349.897650
3,1.099883,0.802409,exponential_5,900,300,rosenbrock,9,22.785297,147.630692,182.788574,375.085205,356.806175
3,1.099883,2.066557,exponential_5,900,300,rosenbrock,9,0.346298,5.239299,5.967774,38.221081,339.406880
3,1.099883,1.099883,exponential_5,900,300,rosenbrock,9,6.378879,67.069374,79.199875,172.146011,340.544740
3,1.099883,2.832683,exponential_5,900,300,rosenbrock,9,0.154985,4.101294,5.151734,2.098367,340.708560
3,1.287720,3.882831,exponential_5,900,300,rosenbrock,9,0.019218,1.990710,2.187572,216.128372,347.796520
3,1.765111,0.585390,exponential_5,900,300,rosenbrock,9,10.377176,97.350761,117.840012,162.181717,340.075825
3,1.287720,10.000000,exponential_5,900,300,rosenbrock,9,1.356106,4.346745,5.037299,544.773682,343.570995
3,1.507637,0.585390,exponential_5,900,300,rosenbrock,9,19.438950,201.102615,291.684326,249.473892,339.598695
3,1.507637,5.322296,exponential_5,900,300,rosenbrock,9,0.045059,3.397880,4.683672,764.045288,340.923380
3,2.066557,0.585390,exponential_5,900,300,rosenbrock,9,8.604078,58.800476,79.254730,153.815750,334.342945
3,2.066557,1.099883,exponential_5,900,300,rosenbrock,9,0.021440,5.267735,5.909695,15.809395,344.504445
3,1.765111,7.295407,exponential_5,900,300,rosenbrock,9,0.308205,317.069580,5.420430,1144.984985,333.779250
3,1.765111,10.000000,exponential_5,900,300,rosenbrock,9,0.086367,4.189238,5.364486,764.234680,349.904755
3,2.066557,0.802409,exponential_5,900,300,rosenbrock,9,1.095809,9.256598,8.591433,44.669399,335.175235
3,1.765111,2.066557,exponential_5,900,300,rosenbrock,9,0.053436,4.000911,4.970929,1.910031,346.670490
3,2.832683,2.419483,exponential_5,900,300,rosenbrock,9,0.366544,3.997904,4.906024,544.736572,295.269285
3,2.832683,1.287720,exponential_5,900,300,rosenbrock,9,0.700360,3.806510,4.765551,14.910954,335.221365
3,2.066557,3.882831,exponential_5,900,300,rosenbrock,9,0.000779,4.375530,4.632744,618.611267,337.749180
3,2.419483,10.000000,exponential_5,900,300,rosenbrock,9,0.108451,3.489249,4.304584,892.625122,280.875230
3,2.419483,0.585390,exponential_5,900,300,rosenbrock,9,6.253573,65.753479,85.912346,227.828873,342.327355
3,2.066557,5.322296,exponential_5,900,300,rosenbrock,9,1.028674,33.162090,5.390514,881.384399,341.848480
3,2.066557,2.832683,exponential_5,900,300,rosenbrock,9,0.010416,3.664601,4.334763,1.453821,351.473730
3,2.419483,2.066557,exponential_5,900,300,rosenbrock,9,0.002094,3.516129,4.372996,215.739822,342.208215
3,2.066557,10.000000,exponential_5,900,300,rosenbrock,9,0.040128,3.805216,5.260320,1000.092224,345.631365
3,2.419483,1.099883,exponential_5,900,300,rosenbrock,9,0.076896,4.366033,5.419858,28.265253,338.109810
3,2.419483,1.507637,exponential_5,900,300,rosenbrock,9,0.127255,3.540347,4.953685,17.284014,338.661985
3,2.419483,0.802409,exponential_5,900,300,rosenbrock,9,0.073059,19.824150,7.728581,49.850082,347.370840
3,2.066557,7.295407,exponential_5,900,300,rosenbrock,9,0.241252,3.306030,4.231525,574.237549,347.425290
3,2.832683,1.765111,exponential_5,900,300,rosenbrock,9,0.024816,2.982381,4.179824,544.913208,359.282865
3,2.419483,2.832683,exponential_5,900,300,rosenbrock,9,0.007140,3.748395,4.366453,761.382568,348.432505
3,2.419483,3.882831,exponential_5,900,300,rosenbrock,9,0.017178,4.362237,5.419485,575.319092,346.092585
3,2.832683,4.545940,exponential_5,900,300,rosenbrock,9,0.009394,4.395731,5.403132,1.332910,349.283300
3,2.832683,3.316448,exponential_5,900,300,rosenbrock,9,0.021457,3.718243,5.361464,749.717834,354.012705
3,2.419483,5.322296,exponential_5,900,300,rosenbrock,9,0.077769,4.560355,5.420430,763.911194,350.316050
3,3.316448,0.939444,exponential_5,900,300,rosenbrock,9,0.085733,3.927492,5.018741,73.423462,289.274100
3,2.832683,6.231237,exponential_5,900,300,rosenbrock,9,2.468215,4.406792,4.857962,892.505615,351.196995
3,3.316448,3.316448,exponential_5,900,300,rosenbrock,9,0.031298,316.203247,5.012780,1145.641479,288.056320
3,2.832683,0.802409,exponential_5,900,300,rosenbrock,9,0.515104,5.224299,6.109612,64.507225,291.896610
3,3.316448,6.231237,exponential_5,900,300,rosenbrock,9,0.259832,160.455902,5.334443,1082.392456,284.999630
3,3.316448,8.541316,exponential_5,900,300,rosenbrock,9,1.535764,4.406358,5.421160,761.601624,285.605620
3,3.882831,0.500000,exponential_5,900,300,rosenbrock,9,1.005588,9.493763,7.796958,213.772415,279.036680
3,3.882831,2.419483,exponential_5,900,300,rosenbrock,9,0.003615,3.689218,4.277779,999.989502,277.770105
3,3.882831,0.685363,exponential_5,900,300,rosenbrock,9,0.307979,4.800766,5.599931,70.742287,283.492850
3,3.882831,1.765111,exponential_5,900,300,rosenbrock,9,0.000082,3.612224,4.250154,898.168213,283.291250
3,3.882831,3.316448,exponential_5,900,300,rosenbrock,9,0.332393,3.998760,5.362368,574.944397,282.317075
3,4.545940,0.939444,exponential_5,900,300,rosenbrock,9,0.370224,3.342295,4.406769,1.751082,272.963120
3,3.882831,1.287720,exponential_5,900,300,rosenbrock,9,0.012101,4.025950,5.030365,2.702027,288.162240
3,3.882831,4.545940,exponential_5,900,300,rosenbrock,9,0.636786,4.600903,5.332226,775.102051,284.408325
3,3.316448,0.500000,exponential_5,900,300,rosenbrock,9,4.044752,22.827023,8.551992,46.039448,338.422530
3,4.545940,0.500000,exponential_5,900,300,rosenbrock,9,0.220895,5.263607,6.380872,37.480694,284.288440
3,4.545940,0.685363,exponential_5,900,300,rosenbrock,9,0.000590,4.102054,5.084313,2.207218,286.289235
3,4.545940,1.765111,exponential_5,900,300,rosenbrock,9,0.016540,3.704096,4.739409,999.988586,281.879655
3,2.832683,8.541316,exponential_5,900,300,rosenbrock,9,0.143754,3.865614,4.715436,544.578186,350.814810
3,3.882831,6.231237,exponential_5,900,300,rosenbrock,9,1.315921,160.662704,5.419699,1082.157349,293.224515
3,3.316448,1.287720,exponential_5,900,300,rosenbrock,9,0.019893,3.362777,4.604684,215.899460,336.231870
3,3.316448,0.685363,exponential_5,900,300,rosenbrock,9,0.016931,4.198942,5.846359,25.478998,347.243975
3,4.545940,3.316448,exponential_5,900,300,rosenbrock,9,0.155598,5.015306,5.421161,999.465210,283.972550
3,2.419483,7.295407,exponential_5,900,300,rosenbrock,9,0.008576,3.678818,4.764060,544.926208,349.214620
3,4.545940,8.541316,exponential_5,900,300,rosenbrock,9,2.198092,847.713745,501.967377,1216.935791,279.853335
3,4.545940,4.545940,exponential_5,900,300,rosenbrock,9,0.395085,4.504841,4.922216,5440.776367,285.536775
3,4.545940,2.419483,exponential_5,900,300,rosenbrock,9,0.361470,4.252828,4.313971,749.859375,288.915875
3,5.322296,0.500000,exponential_5,900,300,rosenbrock,9,0.347651,3.960744,5.031158,7.651100,283.027070
3,4.545940,6.231237,exponential_5,900,300,rosenbrock,9,1.711730,4.437526,5.418247,999.889404,289.031360
3,4.545940,1.287720,exponential_5,900,300,rosenbrock,9,0.097045,3.877919,4.214499,544.414551,303.428905
3,5.322296,0.939444,exponential_5,900,300,rosenbrock,9,1.482138,3.930465,4.150312,89.977577,282.957625
3,3.316448,1.765111,exponential_5,900,300,rosenbrock,9,0.018841,2.799072,3.918583,2.295076,348.732315
3,5.322296,0.685363,exponential_5,900,300,rosenbrock,9,0.002589,2.727423,4.279682,24.471367,294.329910
3,3.316448,2.419483,exponential_5,900,300,rosenbrock,9,0.020293,4.576049,5.420445,764.136902,350.853955
3,5.322296,1.287720,exponential_5,900,300,rosenbrock,9,2.988087,4.212182,4.541190,544.381042,290.372490
3,2.832683,0.585390,exponential_5,900,300,rosenbrock,9,2.458925,17.134481,8.625681,50.125542,355.634225
3,5.322296,1.765111,exponential_5,900,300,rosenbrock,9,0.012552,4.530054,5.334874,999.828491,288.659680
3,3.882831,0.939444,exponential_5,900,300,rosenbrock,9,0.359845,3.729917,5.095939,24.250187,339.522345
3,3.316448,4.545940,exponential_5,900,300,rosenbrock,9,0.118413,4.676042,5.421160,764.226562,354.108915
3,5.322296,4.545940,exponential_5,900,300,rosenbrock,9,0.549796,4.233171,5.308543,749.757629,290.711335
3,5.322296,8.541316,exponential_5,900,300,rosenbrock,9,0.091357,3.963830,5.418953,897.837219,285.859585
3,2.832683,1.099883,exponential_5,900,300,rosenbrock,9,1.131169,4.649505,5.278965,215.762207,296.365150
3,3.882831,8.541316,exponential_5,900,300,rosenbrock,9,3.893355,67.489166,5.421161,997.801819,348.584265
3,5.322296,3.316448,exponential_5,900,300,rosenbrock,9,2.812699,4.587884,5.389285,897.489807,337.513825
3,5.322296,2.419483,exponential_5,900,300,rosenbrock,9,0.873535,222.320526,5.418987,1075.326904,347.106130
3,5.322296,6.231237,exponential_5,900,300,rosenbrock,9,1.099860,64.401291,5.308644,899.423706,353.987070
3,6.231237,0.685363,exponential_5,900,300,rosenbrock,9,0.000012,2.943018,4.268049,216.103516,341.566765
3,6.231237,0.500000,exponential_5,900,300,rosenbrock,9,0.167763,4.021530,5.158536,15.925377,354.980555
3,6.231237,1.287720,exponential_5,900,300,rosenbrock,9,0.498692,3.692572,4.344896,544.758606,345.090440
3,6.231237,0.939444,exponential_5,900,300,rosenbrock,9,0.008918,3.223841,4.156380,1.622767,354.283950
3,6.231237,2.419483,exponential_5,900,300,rosenbrock,9,1.373309,4.739676,5.421160,573.893616,331.691290
3,6.231237,1.765111,exponential_5,900,300,rosenbrock,9,0.350006,3.837062,5.418963,999.893066,349.132130
3,2.832683,2.832683,exponential_5,900,300,rosenbrock,9,0.196649,65.846832,5.208673,900.437927,281.675455
3,6.231237,4.545940,exponential_5,900,300,rosenbrock,9,3.881427,5.432611,5.392367,999.042786,343.026170
3,7.295407,4.545940,exponential_5,900,300,rosenbrock,9,0.258814,222.189972,5.212296,1075.175659,278.122145
3,6.231237,3.316448,exponential_5,900,300,rosenbrock,9,0.495674,3.749976,5.240751,764.500366,349.344420
3,6.231237,6.231237,exponential_5,900,300,rosenbrock,9,2.750518,4.642055,5.364755,897.686462,355.059380
3,6.231237,8.541316,exponential_5,900,300,rosenbrock,9,0.052562,222.424530,5.419720,1075.309204,353.568760
3,7.295407,0.500000,exponential_5,900,300,rosenbrock,9,0.531477,4.213876,5.090068,215.549866,347.334460
3,7.295407,0.939444,exponential_5,900,300,rosenbrock,9,0.018894,3.409194,4.177114,544.859558,344.061735
3,7.295407,0.685363,exponential_5,900,300,rosenbrock,9,0.633448,3.360489,4.237221,1.496859,346.900225
3,7.295407,1.287720,exponential_5,900,300,rosenbrock,9,0.102188,3.876828,4.177212,544.910339,347.734520
3,7.295407,1.765111,exponential_5,900,300,rosenbrock,9,2.255242,4.735470,5.419699,892.185059,346.071005
3,7.295407,2.419483,exponential_5,900,300,rosenbrock,9,1.180531,232.540527,5.420271,1070.707520,349.894530
3,2.832683,1.507637,exponential_5,900,300,rosenbrock,9,0.063455,4.211369,4.786270,1.776163,339.848950
3,3.316448,1.099883,exponential_5,900,300,rosenbrock,9,0.183071,4.095749,4.985604,1.757187,290.074965
3,7.295407,6.231237,exponential_5,900,300,rosenbrock,9,0.006569,67.295868,5.421160,997.772339,336.790275
3,3.316448,3.882831,exponential_5,900,300,rosenbrock,9,0.227148,4.611626,5.421159,892.108032,276.475665
3,10.000000,0.500000,exponential_5,900,300,rosenbrock,9,0.043790,3.687152,4.342810,1.556455,281.004680
3,7.295407,3.316448,exponential_5,900,300,rosenbrock,9,0.338511,222.333878,5.421160,1075.080078,351.136905
3,8.541316,0.500000,exponential_5,900,300,rosenbrock,9,0.038453,3.170819,4.176338,1.679717,340.327535
3,3.316448,10.000000,exponential_5,900,300,rosenbrock,9,1.101756,316.759705,5.421161,1145.157959,275.956485
3,3.882831,3.882831,exponential_5,900,300,rosenbrock,9,0.338627,3.962320,4.732096,749.789551,268.047335
3,7.295407,8.541316,exponential_5,900,300,rosenbrock,9,0.373520,161.113419,5.421161,1081.994141,345.984210
3,3.882831,0.802409,exponential_5,900,300,rosenbrock,9,1.218018,4.374326,5.182747,2.172290,272.227380
3,3.882831,2.066557,exponential_5,900,300,rosenbrock,9,0.018366,3.855581,4.499497,544.807251,272.187905
3,8.541316,0.685363,exponential_5,900,300,rosenbrock,9,0.492060,3.695204,4.548231,293.412354,344.706905
3,8.541316,0.939444,exponential_5,900,300,rosenbrock,9,0.012420,3.011168,4.272245,750.004944,343.053880
3,3.882831,2.832683,exponential_5,900,300,rosenbrock,9,1.054562,222.368240,5.421161,1075.133423,279.634060
3,3.316448,7.295407,exponential_5,900,300,rosenbrock,9,0.409152,4.705445,5.421098,763.923157,286.360020
3,4.545940,1.099883,exponential_5,900,300,rosenbrock,9,0.195953,3.197259,4.033697,1.685796,272.457070
3,3.882831,0.585390,exponential_5,900,300,rosenbrock,9,0.452931,5.802800,7.179836,22.705048,284.877335
3,4.545940,0.585390,exponential_5,900,300,rosenbrock,9,0.069115,4.399721,5.602007,18.708851,268.517810
3,3.882831,5.322296,exponential_5,900,300,rosenbrock,9,0.323464,222.570160,5.420422,1074.895996,272.512515
3,4.545940,0.802409,exponential_5,900,300,rosenbrock,9,0.039185,3.199522,4.721394,17.992151,269.367205
3,4.545940,2.066557,exponential_5,900,300,rosenbrock,9,0.406130,4.030447,5.287276,892.674438,269.058340
3,8.541316,1.765111,exponential_5,900,300,rosenbrock,9,0.092632,4.321306,5.419692,897.664246,347.315860
3,3.882831,1.507637,exponential_5,900,300,rosenbrock,9,0.279652,3.704539,4.286820,764.307434,278.405855
3,8.541316,2.419483,exponential_5,900,300,rosenbrock,9,0.037631,4.854951,5.421160,897.541138,349.305350
3,2.832683,2.066557,exponential_5,900,300,rosenbrock,9,0.010710,3.578828,4.348911,1.855757,346.022355
3,8.541316,1.287720,exponential_5,900,300,rosenbrock,9,0.008001,4.019117,4.302885,749.704224,355.846670
3,3.882831,7.295407,exponential_5,900,300,rosenbrock,9,0.564307,4.580331,5.334831,749.736938,275.946380
3,5.322296,0.585390,exponential_5,900,300,rosenbrock,9,0.033400,3.168316,4.169610,2.275399,268.334730
3,8.541316,3.316448,exponential_5,900,300,rosenbrock,9,1.267918,4.490767,5.334818,762.248962,357.532610
3,4.545940,3.882831,exponential_5,900,300,rosenbrock,9,0.325814,3.970088,5.390860,764.270081,274.526745
3,4.545940,5.322296,exponential_5,900,300,rosenbrock,9,0.327443,4.817272,5.420430,764.034973,272.814300
3,4.545940,10.000000,exponential_5,900,300,rosenbrock,9,0.016232,4.026269,5.362830,888.640381,273.977705
3,4.545940,2.832683,exponential_5,900,300,rosenbrock,9,1.854144,4.698729,5.418982,892.415039,274.912235
3,4.545940,1.507637,exponential_5,900,300,rosenbrock,9,0.122362,3.101913,4.062174,750.259277,263.637790
3,5.322296,1.099883,exponential_5,900,300,rosenbrock,9,1.682047,4.260046,5.214768,545.417603,264.622335
3,5.322296,1.507637,exponential_5,900,300,rosenbrock,9,0.038073,64.621948,5.361463,997.714478,255.542885
3,8.541316,4.545940,exponential_5,900,300,rosenbrock,9,0.061250,3.887158,5.418295,544.860779,354.430865
3,2.832683,3.882831,exponential_5,900,300,rosenbrock,9,0.853071,4.601794,5.421160,897.571289,344.067720
3,5.322296,0.802409,exponential_5,900,300,rosenbrock,9,0.120354,3.466405,4.580451,2.269681,265.314880
3,5.322296,2.066557,exponential_5,900,300,rosenbrock,9,0.000156,4.002321,5.334146,897.837708,258.428070
3,4.545940,7.295407,exponential_5,900,300,rosenbrock,9,0.091680,4.306932,5.048160,573.290466,274.626320
3,8.541316,8.541316,exponential_5,900,300,rosenbrock,9,0.498677,66.603447,5.421160,900.214600,345.525535
3,8.541316,6.231237,exponential_5,900,300,rosenbrock,9,0.025713,4.214896,5.389919,892.538147,356.857710
3,5.322296,5.322296,exponential_5,900,300,rosenbrock,9,0.019549,3.783971,5.238749,892.753540,251.268985
3,10.000000,1.287720,exponential_5,900,300,rosenbrock,9,1.909593,316.790771,5.421160,1145.119507,241.916820
3,5.322296,10.000000,exponential_5,900,300,rosenbrock,9,0.130163,8.523382,5.420433,5442.183594,247.234045
3,2.832683,7.295407,exponential_5,900,300,rosenbrock,9,0.378156,4.080801,4.887301,749.873962,339.523720
3,2.832683,5.322296,exponential_5,900,300,rosenbrock,9,0.978134,4.531910,5.420264,749.798279,364.119300
3,10.000000,1.765111,exponential_5,900,300,rosenbrock,9,1.326296,4.823987,5.419700,999.592834,155.424630
3,7.295407,5.322296,exponential_5,900,300,rosenbrock,9,0.073135,66.280190,5.421160,998.145020,141.438445
3,3.316448,1.507637,exponential_5,900,300,rosenbrock,9,0.008925,3.156863,4.206260,2.195114,329.162635
3,3.316448,0.585390,exponential_5,900,300,rosenbrock,9,0.602931,8.340400,7.578060,37.924595,339.525330
3,10.000000,3.316448,exponential_5,900,300,rosenbrock,9,3.079444,4.654289,5.391289,544.658020,96.156760
3,10.000000,4.545940,exponential_5,900,300,rosenbrock,9,0.245083,4.282738,5.421159,999.472900,91.727100
3,10.000000,0.585390,exponential_5,900,300,rosenbrock,9,0.273817,3.523406,4.198997,892.600159,87.474180
3,10.000000,6.231237,exponential_5,900,300,rosenbrock,9,0.905497,160.388611,5.391377,1082.428467,85.470270
3,10.000000,8.541316,exponential_5,900,300,rosenbrock,9,0.096878,160.390610,5.421160,1082.278198,85.709530
3,2.832683,10.000000,exponential_5,900,300,rosenbrock,9,0.362992,856.679321,578.510681,1210.132690,349.207805
3,3.316448,0.802409,exponential_5,900,300,rosenbrock,9,0.231934,4.854606,5.422115,24.217907,345.318165
3,10.000000,0.685363,exponential_5,900,300,rosenbrock,9,0.016361,3.853564,4.814315,600.354553,346.204185
3,3.316448,2.066557,exponential_5,900,300,rosenbrock,9,0.131345,4.174541,5.136777,749.756226,337.107135
3,10.000000,1.507637,exponential_5,900,300,rosenbrock,9,1.215673,4.490571,5.334837,763.965942,61.220910
3,3.882831,1.099883,exponential_5,900,300,rosenbrock,9,0.002882,3.119154,4.345044,2.077546,325.438240
3,10.000000,0.939444,exponential_5,900,300,rosenbrock,9,0.669874,4.187510,4.425604,897.289978,337.745775
3,3.316448,2.832683,exponential_5,900,300,rosenbrock,9,0.088804,4.364714,5.421160,999.674744,344.263255
3,10.000000,2.066557,exponential_5,900,300,rosenbrock,9,0.638636,4.175093,5.418938,892.592407,61.593005
3,3.882831,10.000000,exponential_5,900,300,rosenbrock,9,0.029731,160.270691,5.335118,1082.258057,327.213215
3,5.322296,3.882831,exponential_5,900,300,rosenbrock,9,0.536409,160.223633,4.945931,1082.157349,303.639115
3,3.316448,5.322296,exponential_5,900,300,rosenbrock,9,3.164300,5.006567,5.421162,763.727966,352.055255
3,10.000000,3.882831,exponential_5,900,300,rosenbrock,9,1.042234,160.820007,5.421160,1082.147583,61.782525
3,7.295407,7.295407,exponential_5,900,300,rosenbrock,9,0.048534,3.999991,5.391018,892.390320,154.024465
3,8.541316,1.099883,exponential_5,900,300,rosenbrock,9,0.250959,3.785974,4.272232,2.211430,136.662365
3,10.000000,5.322296,exponential_5,900,300,rosenbrock,9,0.006338,4.171878,5.421160,674.843750,61.623165
3,6.231237,0.802409,exponential_5,900,300,rosenbrock,9,0.015159,3.270308,4.223277,297.336639,280.520720
3,10.000000,7.295407,exponential_5,900,300,rosenbrock,9,0.774996,4.357158,5.420430,897.817200,62.481830
3,10.000000,10.000000,exponential_5,900,300,rosenbrock,9,3.559384,473.316833,5.421160,1191.781006,61.831625
3,5.322296,7.295407,exponential_5,900,300,rosenbrock,9,0.000118,4.076383,5.363208,600.220764,299.533190
3,6.231237,3.882831,exponential_5,900,300,rosenbrock,9,0.035098,4.180803,5.421160,892.428833,230.002880
3,7.295407,0.802409,exponential_5,900,300,rosenbrock,9,0.003097,3.188524,4.125278,544.994141,209.534695
3,6.231237,1.099883,exponential_5,900,300,rosenbrock,9,0.437007,3.566167,4.240846,890.082153,284.058155
3,10.000000,2.419483,exponential_5,900,300,rosenbrock,9,1.953969,4.866930,5.418280,897.313843,191.311920
3,5.322296,2.832683,exponential_5,900,300,rosenbrock,9,0.289377,4.145842,5.418238,892.405701,338.339585
3,8.541316,1.507637,exponential_5,900,300,rosenbrock,9,0.254694,4.183419,5.365329,215.770447,157.574260
3,6.231237,7.295407,exponential_5,900,300,rosenbrock,9,0.019949,4.358410,5.419681,761.207397,240.703105
3,8.541316,7.295407,exponential_5,900,300,rosenbrock,9,0.018937,4.198211,4.878605,65.387894,143.456610
3,8.541316,2.066557,exponential_5,900,300,rosenbrock,9,0.753370,66.665527,5.420423,998.038818,167.716410
3,6.231237,0.585390,exponential_5,900,300,rosenbrock,9,1.324713,4.112433,4.801896,1.734577,312.467520
3,8.541316,0.585390,exponential_5,900,300,rosenbrock,9,0.108061,3.513644,4.467032,215.753571,185.692610
3,8.541316,10.000000,exponential_5,900,300,rosenbrock,9,0.106378,4.161103,5.419701,897.678833,149.242095
3,8.541316,0.802409,exponential_5,900,300,rosenbrock,9,0.062826,3.606233,4.915127,761.479797,180.241745
3,6.231237,1.507637,exponential_5,900,300,rosenbrock,9,0.294861,3.536712,4.177917,544.129333,305.985520
3,8.541316,2.832683,exponential_5,900,300,rosenbrock,9,0.043944,4.196214,5.391272,892.632446,174.140875
3,6.231237,10.000000,exponential_5,900,300,rosenbrock,9,1.425521,66.327179,5.421159,998.088501,241.490015
3,6.231237,2.832683,exponential_5,900,300,rosenbrock,9,0.326349,4.293978,5.391328,892.328308,293.795710
3,7.295407,2.832683,exponential_5,900,300,rosenbrock,9,2.583542,67.135902,5.421162,997.627502,224.945080
3,6.231237,2.066557,exponential_5,900,300,rosenbrock,9,0.024769,4.139341,5.362906,897.733215,291.778760
3,7.295407,1.099883,exponential_5,900,300,rosenbrock,9,0.059350,65.763557,4.643105,998.260864,243.879205
3,8.541316,3.882831,exponential_5,900,300,rosenbrock,9,0.224948,4.870960,5.340318,999.579956,172.663735
3,6.231237,5.322296,exponential_5,900,300,rosenbrock,9,0.000000,4.499169,5.421159,892.335022,275.028335
3,7.295407,2.066557,exponential_5,900,300,rosenbrock,9,0.012506,66.788910,5.421153,899.971436,233.773615
3,7.295407,0.585390,exponential_5,900,300,rosenbrock,9,0.135867,3.585101,4.507516,215.908997,248.663510
3,8.541316,5.322296,exponential_5,900,300,rosenbrock,9,0.949756,440.681396,5.421162,1118.772583,175.071645
3,7.295407,1.507637,exponential_5,900,300,rosenbrock,9,1.219962,4.781803,5.419029,747.504822,245.393790
3,7.295407,3.882831,exponential_5,900,300,rosenbrock,9,0.001203,65.950821,5.391243,998.416565,216.298580
3,7.295407,10.000000,exponential_5,900,300,rosenbrock,9,0.252973,3.735594,5.390688,764.155396,211.806875
3,10.000000,0.802409,exponential_5,900,300,rosenbrock,9,0.001578,3.012567,4.230406,575.399719,127.456110
3,10.000000,1.099883,exponential_5,900,300,rosenbrock,9,0.444256,4.132122,4.723984,575.322266,117.462215
3,10.000000,2.832683,exponential_5,900,300,rosenbrock,9,1.043374,4.601538,5.420429,575.283447,71.923035
