inertia,acc_coef_1,acc_coef_2,swarm_size,num_iters,objective,dimensionality,best_value,average_value_top_80,median_value,stddev_value,average_time_ms
0.4,0.15,3.0,150,50,rastrigin,3,0.0,4.20713e-05,0.0,0.424869,0.600013
0.4,0.2,3.0,150,50,rastrigin,3,0.0,0.0724195,0.0,0.467728,0.71611
0.4,0.55,3.0,150,50,rastrigin,3,0.0,1.42241e-05,0.0,0.276793,0.783813
0.4,0.85,3.0,150,50,rastrigin,3,0.0,3.9978e-05,9.53674e-06,0.134841,0.856239
0.4,1.05,3.0,150,50,rastrigin,3,0.0,0.00024755,9.15527e-05,0.179016,0.840615
0.4,1.35,3.0,150,50,rastrigin,3,0.0,0.00470602,0.00204945,0.262409,0.972903
0.4,0.3,2.95,150,50,rastrigin,3,0.0,1.49107e-05,0.0,0.389161,0.831538
0.4,0.35,2.95,150,50,rastrigin,3,0.0,2.93732e-05,0.0,0.400562,0.817774
0.4,0.65,2.95,150,50,rastrigin,3,0.0,1.1344e-05,1.90735e-06,0.269985,0.714787
0.4,1.2,2.95,150,50,rastrigin,3,0.0,0.000658751,0.000231743,0.231883,0.933857
0.4,1.55,2.95,150,50,rastrigin,3,3.8147e-06,0.0321954,0.0122032,0.354244,1.03329
0.4,1.7,2.9,150,50,rastrigin,3,0.0,0.0709365,0.0269842,0.45132,0.979612
0.4,0.3,2.85,150,50,rastrigin,3,0.0,0.134448,0.0,0.541032,0.826531
0.4,0.45,2.85,150,50,rastrigin,3,0.0,0.0274446,0.0,0.454072,0.807703
0.4,0.5,2.85,150,50,rastrigin,3,0.0,1.10149e-05,0.0,0.38904,0.859068
0.4,0.55,2.85,150,50,rastrigin,3,0.0,7.05719e-07,0.0,0.311405,0.844286
0.4,0.6,2.85,150,50,rastrigin,3,0.0,1.23978e-06,0.0,0.284559,0.829712
0.4,0.95,2.85,150,50,rastrigin,3,0.0,1.85204e-05,3.8147e-06,0.15258,0.914203
0.4,0.5,2.8,150,50,rastrigin,3,0.0,0.000172567,0.0,0.421541,0.816937
0.4,0.55,2.8,150,50,rastrigin,3,0.0,3.77655e-06,0.0,0.364992,0.821685
0.4,0.6,2.8,150,50,rastrigin,3,0.0,8.86917e-07,0.0,0.329313,0.866679
0.4,0.5,2.75,150,50,rastrigin,3,0.0,2.05517e-06,0.0,0.382385,0.821011
0.4,0.6,2.75,150,50,rastrigin,3,0.0,1.26839e-06,0.0,0.351882,0.798856
0.4,0.65,2.75,150,50,rastrigin,3,0.0,6.78539e-06,0.0,0.382204,0.709106
0.4,0.7,2.75,150,50,rastrigin,3,0.0,1.03474e-06,0.0,0.296982,0.703644
0.4,0.8,2.75,150,50,rastrigin,3,0.0,3.2711e-06,0.0,0.285909,0.715844
0.4,1.85,2.75,150,50,rastrigin,3,0.0,0.0784774,0.0128441,0.449511,0.894316
0.4,1.95,2.75,150,50,rastrigin,3,5.72205e-06,0.149447,0.0459757,0.481929,0.938784
0.4,0.7,2.7,150,50,rastrigin,3,0.0,6.05583e-07,0.0,0.335986,0.709838
0.4,1.55,2.7,150,50,rastrigin,3,0.0,0.00112678,0.000255585,0.221447,1.09255
0.4,1.75,2.7,150,50,rastrigin,3,0.0,0.00895736,0.00299072,0.299932,0.908133
0.4,0.65,2.65,150,50,rastrigin,3,0.0,8.25071e-05,0.0,0.435215,0.681832
0.4,0.75,2.65,150,50,rastrigin,3,0.0,2.45094e-06,0.0,0.334749,0.725362
0.4,0.8,2.65,150,50,rastrigin,3,0.0,1.77383e-06,0.0,0.30804,0.728655
0.4,1.15,2.65,150,50,rastrigin,3,0.0,1.15347e-05,1.90735e-06,0.189728,0.860492
0.4,1.0,2.6,150,50,rastrigin,3,0.0,1.95503e-06,0.0,0.214558,0.883955
0.4,1.1,2.6,150,50,rastrigin,3,0.0,2.58923e-06,0.0,0.182166,0.872111
0.4,1.3,2.6,150,50,rastrigin,3,0.0,1.66988e-05,3.8147e-06,0.16833,0.882953
0.4,2.05,2.6,150,50,rastrigin,3,0.0,0.0880916,0.0244503,0.454815,0.927317
0.4,0.6,2.55,150,50,rastrigin,3,0.0,0.104533,0.0,0.489427,0.781813
0.4,1.3,2.55,150,50,rastrigin,3,0.0,1.09339e-05,0.0,0.177561,0.854496
0.4,1.4,2.55,150,50,rastrigin,3,0.0,2.74849e-05,3.8147e-06,0.16622,0.967191
0.4,1.5,2.55,150,50,rastrigin,3,0.0,4.94003e-05,1.14441e-05,0.150055,0.940375
0.4,1.6,2.55,150,50,rastrigin,3,0.0,0.000199499,4.673e-05,0.213507,0.888791
0.4,0.8,2.5,150,50,rastrigin,3,0.0,5.76496e-06,0.0,0.362677,0.695769
0.4,2.15,2.5,150,50,rastrigin,3,0.0,0.100332,0.0255404,0.474358,1.09405
0.4,0.75,2.45,150,50,rastrigin,3,0.0,8.67367e-06,0.0,0.392423,0.714481
0.4,0.8,2.45,150,50,rastrigin,3,0.0,2.03133e-06,0.0,0.407104,0.688249
0.4,0.9,2.45,150,50,rastrigin,3,0.0,2.13623e-06,0.0,0.333728,0.800936
0.4,0.8,2.4,150,50,rastrigin,3,0.0,7.86161e-05,0.0,0.413949,0.735196
0.4,0.85,2.4,150,50,rastrigin,3,0.0,1.38283e-07,0.0,0.352972,0.813326
0.4,1.7,2.4,150,50,rastrigin,3,0.0,0.00010016,1.90735e-05,0.185971,0.850276
0.4,1.85,2.4,150,50,rastrigin,3,0.0,0.000347309,7.72476e-05,0.241151,0.841261
0.4,1.95,2.35,150,50,rastrigin,3,0.0,0.000684013,9.63211e-05,0.243944,0.961336
0.4,0.85,2.3,150,50,rastrigin,3,0.0,0.0176208,0.0,0.449496,0.786059
0.4,0.85,2.25,150,50,rastrigin,3,0.0,0.00267626,0.0,0.430259,0.786671
0.4,1.7,2.25,150,50,rastrigin,3,0.0,1.16301e-05,0.0,0.180681,0.833759
0.4,1.65,2.2,150,50,rastrigin,3,0.0,3.56197e-06,0.0,0.199707,0.840971
0.4,1.9,2.2,150,50,rastrigin,3,0.0,3.39746e-05,3.8147e-06,0.177175,0.881753
0.4,1.95,2.2,150,50,rastrigin,3,0.0,5.78117e-05,9.53674e-06,0.175056,0.904974
0.4,2.0,2.2,150,50,rastrigin,3,0.0,0.000213027,3.8147e-05,0.207108,1.12081
0.4,2.3,2.2,150,50,rastrigin,3,0.0,0.00572611,0.00115585,0.336016,1.161
0.4,0.95,2.15,150,50,rastrigin,3,0.0,1.53828e-05,0.0,0.398672,0.691127
0.4,2.2,2.15,150,50,rastrigin,3,0.0,0.0009056,0.000181198,0.24391,0.911011
0.4,2.55,2.15,150,50,rastrigin,3,0.0,0.0958218,0.0177498,0.448777,0.916804
0.4,0.95,2.1,150,50,rastrigin,3,0.0,2.62737e-06,0.0,0.398952,0.688609
0.4,1.0,2.1,150,50,rastrigin,3,0.0,8.53538e-07,0.0,0.394312,0.85379
0.4,1.05,2.1,150,50,rastrigin,3,0.0,3.30448e-06,0.0,0.361661,0.821307
0.4,2.0,2.1,150,50,rastrigin,3,0.0,2.98452e-05,3.8147e-06,0.197061,1.13353
0.4,0.9,2.05,150,50,rastrigin,3,0.0,0.0226252,0.0,0.434684,0.790827
0.4,0.95,2.05,150,50,rastrigin,3,0.0,0.0780932,0.0,0.450773,0.713262
0.4,1.0,2.05,150,50,rastrigin,3,0.0,0.0151539,0.0,0.425015,0.802332
0.4,2.6,2.05,150,50,rastrigin,3,0.0,0.0354573,0.00724697,0.4006,0.904715
0.4,2.75,2.05,150,50,rastrigin,3,0.0,0.15163,0.0318022,0.49555,0.994141
0.4,1.0,2.0,150,50,rastrigin,3,0.0,3.37601e-05,0.0,0.412643,0.743843
0.4,1.9,2.0,150,50,rastrigin,3,0.0,3.67165e-06,0.0,0.164531,0.867403
0.4,2.75,2.0,150,50,rastrigin,3,0.0,0.0781253,0.0155544,0.460547,1.01336
0.4,1.95,1.95,150,50,rastrigin,3,0.0,3.46184e-06,0.0,0.180909,0.867662
0.4,1.05,1.9,150,50,rastrigin,3,0.0,0.00262547,0.0,0.424309,0.793308
0.4,2.05,1.9,150,50,rastrigin,3,0.0,4.41551e-06,0.0,0.142537,0.908389
0.4,2.1,1.9,150,50,rastrigin,3,0.0,8.3828e-06,0.0,0.164247,0.918804
0.4,0.95,1.85,150,50,rastrigin,3,0.0,0.159269,0.0,0.539841,0.695569
0.4,1.05,1.85,150,50,rastrigin,3,0.0,0.000131831,0.0,0.41684,0.755594
0.4,2.35,1.85,150,50,rastrigin,3,0.0,2.37656e-05,5.72205e-06,0.187152,0.860046
0.4,1.1,1.8,150,50,rastrigin,3,0.0,0.000169563,0.0,0.433949,0.805493
0.4,2.15,1.8,150,50,rastrigin,3,0.0,9.53674e-07,0.0,0.173167,1.03085
0.4,2.4,1.8,150,50,rastrigin,3,0.0,7.83014e-05,7.62939e-06,0.186275,0.890719
0.4,2.75,1.8,150,50,rastrigin,3,0.0,0.00682463,0.000929832,0.32311,1.01028
0.4,2.8,1.8,150,50,rastrigin,3,0.0,0.0128129,0.00224304,0.384129,1.00606
0.4,1.1,1.75,150,50,rastrigin,3,0.0,5.03254e-05,0.0,0.415847,0.803062
0.4,2.2,1.75,150,50,rastrigin,3,0.0,2.33173e-06,0.0,0.132316,0.89446
0.4,1.1,1.7,150,50,rastrigin,3,0.0,0.000159597,0.0,0.433504,0.828105
0.4,1.15,1.7,150,50,rastrigin,3,0.0,0.0104951,0.0,0.422182,0.805035
0.4,2.7,1.7,150,50,rastrigin,3,0.0,0.000237164,4.48227e-05,0.221005,0.916648
0.4,1.2,1.65,150,50,rastrigin,3,0.0,4.55904e-05,0.0,0.42055,0.823977
0.4,2.3,1.65,150,50,rastrigin,3,0.0,1.91689e-06,0.0,0.167245,1.03752
0.4,2.4,1.65,150,50,rastrigin,3,0.0,2.77519e-06,0.0,0.175756,0.885559
0.4,3.0,1.65,150,50,rastrigin,3,0.0,0.013304,0.00255871,0.35138,1.18803
0.4,1.2,1.6,150,50,rastrigin,3,0.0,1.03474e-06,0.0,0.377163,0.80921
0.4,2.45,1.6,150,50,rastrigin,3,0.0,5.87463e-06,0.0,0.183201,0.864827
0.4,2.5,1.6,150,50,rastrigin,3,0.0,4.20094e-06,0.0,0.119246,1.24644
0.4,2.7,1.6,150,50,rastrigin,3,0.0,4.26292e-05,5.72205e-06,0.136557,0.937486
0.4,2.9,1.6,150,50,rastrigin,3,0.0,0.000900397,0.000144958,0.245185,0.984734
0.4,2.4,1.55,150,50,rastrigin,3,0.0,1.63555e-06,0.0,0.180582,0.850166
0.4,2.55,1.55,150,50,rastrigin,3,0.0,9.56535e-06,0.0,0.180965,0.984311
0.4,2.95,1.55,150,50,rastrigin,3,0.0,0.00341579,0.000344276,0.330512,1.01708
0.4,2.5,1.5,150,50,rastrigin,3,0.0,2.75612e-06,0.0,0.152368,1.13781
0.4,2.9,1.4,150,50,rastrigin,3,0.0,8.74805e-05,7.62939e-06,0.185379,0.942021
0.4,1.15,1.35,150,50,rastrigin,3,0.0,0.0624388,0.0,0.454086,0.803455
0.4,1.2,1.35,150,50,rastrigin,3,0.0,0.000100956,0.0,0.403167,0.801198
0.4,1.25,1.35,150,50,rastrigin,3,0.0,2.46048e-06,0.0,0.395868,0.969536
0.4,2.75,1.35,150,50,rastrigin,3,0.0,8.47817e-06,0.0,0.177917,1.03833
0.4,3.0,1.35,150,50,rastrigin,3,0.0,0.000248442,1.90735e-05,0.239535,1.19521
0.4,1.2,1.3,150,50,rastrigin,3,0.0,0.0174725,0.0,0.454948,0.809637
0.4,1.25,1.3,150,50,rastrigin,3,0.0,5.05447e-07,0.0,0.408869,0.95342
0.4,1.25,1.25,150,50,rastrigin,3,0.0,3.29494e-06,0.0,0.389148,0.985566
0.4,2.9,1.25,150,50,rastrigin,3,0.0,1.12343e-05,0.0,0.164506,0.963844
0.4,2.95,1.25,150,50,rastrigin,3,0.0,7.95364e-06,0.0,0.146606,1.00465
0.4,1.2,1.2,150,50,rastrigin,3,0.0,1.4782e-06,0.0,0.400308,0.793505
0.4,3.0,1.2,150,50,rastrigin,3,0.0,1.7395e-05,0.0,0.103028,1.16375
0.4,1.15,1.15,150,50,rastrigin,3,0.0,7.03812e-06,0.0,0.420437,0.805677
0.4,2.9,1.15,150,50,rastrigin,3,0.0,3.1805e-06,0.0,0.133157,1.03888
0.4,2.95,1.15,150,50,rastrigin,3,0.0,1.13964e-06,0.0,0.0995667,1.02014
0.4,1.15,1.1,150,50,rastrigin,3,0.0,0.0287101,0.0,0.448402,0.768748
0.4,3.0,1.1,150,50,rastrigin,3,0.0,6.44207e-06,0.0,0.162627,1.1759
0.4,1.05,1.0,150,50,rastrigin,3,0.0,0.000311069,0.0,0.436375,0.823187
0.4,1.05,0.95,150,50,rastrigin,3,0.0,0.0249654,0.0,0.467899,0.833879
0.4,1.0,0.9,150,50,rastrigin,3,0.0,0.00422556,0.0,0.445163,0.831968
0.4,1.0,0.85,150,50,rastrigin,3,0.0,0.0166311,0.0,0.480144,0.806196
0.4,1.0,0.8,150,50,rastrigin,3,0.0,0.00211586,0.0,0.416542,0.868632
0.4,0.95,0.75,150,50,rastrigin,3,0.0,0.000344839,0.0,0.410346,0.836959
0.4,1.0,0.75,150,50,rastrigin,3,0.0,9.97543e-06,0.0,0.366588,0.866407
0.4,0.9,0.7,150,50,rastrigin,3,0.0,0.0413731,0.0,0.458611,0.809009
0.4,0.95,0.7,150,50,rastrigin,3,0.0,0.000848846,0.0,0.419787,0.925535
0.4,1.0,0.7,150,50,rastrigin,3,0.0,2.56824e-05,0.0,0.374749,0.870183
0.4,1.0,0.65,150,50,rastrigin,3,0.0,1.34373e-05,0.0,0.342804,0.861747
0.4,0.85,0.6,150,50,rastrigin,3,0.0,0.0783814,0.0,0.475853,0.919404
0.4,0.95,0.6,150,50,rastrigin,3,0.0,6.45161e-06,0.0,0.337269,0.842426
0.4,1.0,0.55,150,50,rastrigin,3,0.0,2.08855e-06,0.0,0.326135,0.882388
0.4,2.8,0.55,150,50,rastrigin,3,0.0,1.85966e-06,0.0,0.00586848,1.16123
0.4,0.9,0.5,150,50,rastrigin,3,0.0,0.000134559,0.0,0.374552,0.877807
0.4,1.0,0.5,150,50,rastrigin,3,0.0,4.69208e-06,0.0,0.317347,0.815542
0.4,1.05,0.5,150,50,rastrigin,3,0.0,8.13961e-06,0.0,0.286084,0.906489
0.4,1.1,0.5,150,50,rastrigin,3,0.0,1.13487e-06,0.0,0.188333,0.877626
0.4,1.35,0.5,150,50,rastrigin,3,0.0,4.45366e-06,0.0,0.0795363,0.947694
0.4,1.8,0.5,150,50,rastrigin,3,0.0,4.48561e-05,0.0,0.0533854,0.912777
0.4,1.85,0.5,150,50,rastrigin,3,0.0,1.84774e-05,0.0,0.0553342,0.932966
0.4,1.9,0.5,150,50,rastrigin,3,0.0,7.71666e-05,1.90735e-06,0.049991,0.913439
0.4,2.05,0.5,150,50,rastrigin,3,0.0,5.89085e-05,9.53674e-07,0.0699096,0.959403
0.4,2.8,0.5,150,50,rastrigin,3,0.0,2.51293e-05,3.8147e-06,0.0291189,1.21302
0.4,2.85,0.5,150,50,rastrigin,3,0.0,1.08337e-05,0.0,0.0252159,0.972667
0.4,2.95,0.5,150,50,rastrigin,3,0.0,4.79603e-05,3.8147e-06,0.0461592,1.09191
0.4,1.05,0.45,150,50,rastrigin,3,0.0,5.94616e-05,0.0,0.296391,0.937433
0.4,1.3,0.45,150,50,rastrigin,3,0.0,0.000158176,7.62939e-06,0.155384,0.909213
0.4,1.65,0.45,150,50,rastrigin,3,0.0,0.00101259,0.000107765,0.120612,0.897785
0.5,1.25,3.0,150,50,rastrigin,3,3.8147e-06,0.0124121,0.00788879,0.281542,1.16384
0.5,0.0,2.95,150,50,rastrigin,3,0.0,0.000305538,2.67029e-05,0.425562,0.962722
0.5,0.1,2.95,150,50,rastrigin,3,0.0,0.000318217,3.24249e-05,0.405022,0.808113
0.5,0.25,2.95,150,50,rastrigin,3,0.0,0.000258484,1.90735e-05,0.361016,0.796923
0.5,0.05,2.9,150,50,rastrigin,3,0.0,0.000170851,1.52588e-05,0.40682,0.807761
0.5,0.25,2.9,150,50,rastrigin,3,0.0,0.000345068,1.33514e-05,0.42979,0.776867
0.5,0.3,2.9,150,50,rastrigin,3,0.0,0.000111475,1.33514e-05,0.348993,1.07014
0.5,0.0,2.85,150,50,rastrigin,3,0.0,0.0876245,2.28882e-05,0.468138,0.972062
0.5,0.1,2.85,150,50,rastrigin,3,0.0,0.0202765,9.53674e-06,0.415791,0.794578
0.5,0.15,2.85,150,50,rastrigin,3,0.0,0.0583735,7.62939e-06,0.456216,1.04707
0.5,0.25,2.85,150,50,rastrigin,3,0.0,6.50167e-05,7.62939e-06,0.403866,1.07441
0.5,0.35,2.8,150,50,rastrigin,3,0.0,0.000153317,7.62939e-06,0.368068,1.09888
0.5,0.4,2.75,150,50,rastrigin,3,0.0,0.00014987,3.8147e-06,0.412495,1.04644
0.5,0.35,2.7,150,50,rastrigin,3,0.0,0.00122471,2.86102e-06,0.419883,1.04469
0.5,0.4,2.7,150,50,rastrigin,3,0.0,0.000387306,1.90735e-06,0.418546,1.04256
0.5,0.45,2.7,150,50,rastrigin,3,0.0,2.21539e-05,1.90735e-06,0.360421,1.02526
0.5,0.5,2.7,150,50,rastrigin,3,0.0,0.000103712,2.86102e-06,0.369901,0.927387
0.5,0.7,2.7,150,50,rastrigin,3,0.0,3.38745e-05,5.72205e-06,0.288379,0.973866
0.5,1.05,2.65,150,50,rastrigin,3,0.0,8.79717e-05,3.33786e-05,0.191714,0.852255
0.5,0.4,2.6,150,50,rastrigin,3,0.0,0.097301,1.90735e-06,0.491771,1.06088
0.5,0.9,2.6,150,50,rastrigin,3,0.0,2.52533e-05,7.62939e-06,0.200273,0.849348
0.5,0.5,2.55,150,50,rastrigin,3,0.0,0.0556709,0.0,0.460767,0.827996
0.5,0.6,2.55,150,50,rastrigin,3,0.0,1.06478e-05,0.0,0.360753,0.89313
0.5,0.65,2.55,150,50,rastrigin,3,0.0,2.44093e-05,0.0,0.351284,0.9791
0.5,0.7,2.55,150,50,rastrigin,3,0.0,2.28119e-05,0.0,0.32917,0.994268
0.5,1.0,2.55,150,50,rastrigin,3,0.0,2.563e-05,5.72205e-06,0.200767,0.986988
0.5,1.55,2.55,150,50,rastrigin,3,0.0,0.00158035,0.000642776,0.198606,0.861556
0.5,1.7,2.55,150,50,rastrigin,3,0.0,0.00827459,0.00219059,0.318592,1.07033
0.5,0.65,2.5,150,50,rastrigin,3,0.0,5.24616e-05,0.0,0.377149,1.16114
0.5,0.8,2.5,150,50,rastrigin,3,0.0,4.42982e-06,0.0,0.282726,1.08068
0.5,0.55,2.45,150,50,rastrigin,3,0.0,0.00261689,0.0,0.430277,0.970591
0.5,0.6,2.45,150,50,rastrigin,3,0.0,0.0649753,0.0,0.439087,0.982216
0.5,0.65,2.45,150,50,rastrigin,3,0.0,7.76291e-06,0.0,0.366625,1.10626
0.5,0.7,2.45,150,50,rastrigin,3,0.0,3.00455e-05,0.0,0.374852,0.972451
0.5,0.8,2.45,150,50,rastrigin,3,0.0,4.60625e-06,0.0,0.290337,1.06745
0.5,0.65,2.4,150,50,rastrigin,3,0.0,0.0103871,0.0,0.422205,1.15403
0.5,0.85,2.4,150,50,rastrigin,3,0.0,1.0972e-05,0.0,0.33613,1.09097
0.5,2.15,2.4,150,50,rastrigin,3,1.90735e-06,0.0761128,0.0432386,0.432112,1.05263
0.5,0.65,2.35,150,50,rastrigin,3,0.0,0.000888052,0.0,0.421411,1.11044
0.5,0.7,2.35,150,50,rastrigin,3,0.0,0.000188708,0.0,0.427885,0.96699
0.5,0.75,2.35,150,50,rastrigin,3,0.0,2.63786e-05,0.0,0.362754,1.02639
0.5,0.85,2.35,150,50,rastrigin,3,0.0,2.52247e-06,0.0,0.271344,1.09868
0.5,1.05,2.35,150,50,rastrigin,3,0.0,8.6689e-06,0.0,0.238378,0.807973
0.5,1.3,2.35,150,50,rastrigin,3,0.0,2.92969e-05,7.62939e-06,0.195654,0.987428
0.5,0.7,2.3,150,50,rastrigin,3,0.0,1.31369e-05,0.0,0.404365,0.970859
0.5,1.9,2.3,150,50,rastrigin,3,0.0,0.00239007,0.000799179,0.250672,1.13527
0.5,0.7,2.25,150,50,rastrigin,3,0.0,8.21733e-05,0.0,0.41258,0.983254
0.5,0.75,2.25,150,50,rastrigin,3,0.0,0.000169463,0.0,0.408246,1.03689
0.5,0.8,2.25,150,50,rastrigin,3,0.0,3.85761e-05,0.0,0.382168,1.05912
0.5,0.85,2.25,150,50,rastrigin,3,0.0,1.43051e-06,0.0,0.301017,1.07729
0.5,1.0,2.25,150,50,rastrigin,3,0.0,9.00269e-06,0.0,0.316361,0.832658
0.5,1.1,2.25,150,50,rastrigin,3,0.0,6.07491e-06,0.0,0.205109,1.09345
0.5,0.75,2.2,150,50,rastrigin,3,0.0,0.0375951,0.0,0.479635,1.05817
0.5,0.9,2.2,150,50,rastrigin,3,0.0,1.45435e-06,0.0,0.316168,0.810424
0.5,0.95,2.2,150,50,rastrigin,3,0.0,6.08444e-06,0.0,0.330447,1.06151
0.5,1.05,2.2,150,50,rastrigin,3,0.0,1.00136e-06,0.0,0.204015,0.825168
0.5,1.35,2.2,150,50,rastrigin,3,0.0,9.36985e-06,1.90735e-06,0.164366,1.17703
0.5,0.75,2.15,150,50,rastrigin,3,0.0,0.00300612,0.0,0.442069,1.06131
0.5,0.9,2.15,150,50,rastrigin,3,0.0,2.97546e-06,0.0,0.373515,0.79419
0.5,0.8,2.1,150,50,rastrigin,3,0.0,0.0125484,0.0,0.423679,1.06917
0.5,0.9,2.1,150,50,rastrigin,3,0.0,1.43766e-05,0.0,0.380744,0.790814
0.5,0.95,2.1,150,50,rastrigin,3,0.0,6.26564e-06,0.0,0.341837,1.08591
0.5,1.75,2.1,150,50,rastrigin,3,0.0,5.95283e-05,2.09808e-05,0.147593,1.15667
0.5,0.9,2.05,150,50,rastrigin,3,0.0,3.46661e-06,0.0,0.408965,0.805782
0.5,1.0,2.05,150,50,rastrigin,3,0.0,2.24113e-07,0.0,0.281818,0.794591
0.5,2.5,2.05,150,50,rastrigin,3,1.90735e-06,0.0426246,0.0183887,0.393001,1.17564
0.5,0.95,2.0,150,50,rastrigin,3,0.0,6.91891e-06,0.0,0.383977,1.04016
0.5,1.0,2.0,150,50,rastrigin,3,0.0,4.2057e-06,0.0,0.344926,0.801416
0.5,1.35,2.0,150,50,rastrigin,3,0.0,2.04086e-06,0.0,0.175288,1.09978
0.5,1.5,2.0,150,50,rastrigin,3,0.0,4.0102e-06,0.0,0.170291,0.97587
0.5,0.95,1.95,150,50,rastrigin,3,0.0,2.88343e-05,0.0,0.385625,1.0671
0.5,1.0,1.95,150,50,rastrigin,3,0.0,3.62396e-07,0.0,0.34185,0.815025
0.5,0.9,1.9,150,50,rastrigin,3,0.0,0.0254867,0.0,0.435978,0.887155
0.5,1.0,1.9,150,50,rastrigin,3,0.0,1.4472e-05,0.0,0.373916,0.883369
0.5,1.05,1.9,150,50,rastrigin,3,0.0,2.92778e-06,0.0,0.352369,0.788102
0.5,0.9,1.85,150,50,rastrigin,3,0.0,7.09629e-05,0.0,0.440695,0.785223
0.5,0.95,1.85,150,50,rastrigin,3,0.0,0.010318,0.0,0.430295,1.03977
0.5,1.0,1.85,150,50,rastrigin,3,0.0,2.67029e-06,0.0,0.377181,0.805695
0.5,1.05,1.85,150,50,rastrigin,3,0.0,4.12464e-06,0.0,0.334517,0.795178
0.5,2.15,1.85,150,50,rastrigin,3,0.0,0.000151501,4.57764e-05,0.14611,1.12232
0.5,1.05,1.8,150,50,rastrigin,3,0.0,7.15256e-07,0.0,0.349415,0.78504
0.5,1.55,1.8,150,50,rastrigin,3,0.0,2.20776e-06,0.0,0.175199,0.990251
0.5,1.0,1.75,150,50,rastrigin,3,0.0,5.15938e-06,0.0,0.395782,0.802107
0.5,1.05,1.75,150,50,rastrigin,3,0.0,1.3175e-05,0.0,0.397556,0.790704
0.5,2.25,1.75,150,50,rastrigin,3,0.0,0.000138741,3.62396e-05,0.122229,1.10655
0.5,1.05,1.7,150,50,rastrigin,3,0.0,2.44761e-05,0.0,0.40678,0.757417
0.5,2.45,1.7,150,50,rastrigin,3,0.0,0.000634184,0.000199318,0.194946,0.902509
0.5,1.0,1.65,150,50,rastrigin,3,0.0,0.0280339,0.0,0.448357,0.759482
0.5,1.05,1.65,150,50,rastrigin,3,0.0,1.55926e-06,0.0,0.377285,0.763917
0.5,2.1,1.65,150,50,rastrigin,3,0.0,1.61219e-05,3.8147e-06,0.124936,1.00842
0.5,1.0,1.6,150,50,rastrigin,3,0.0,2.72131e-05,0.0,0.427968,0.822442
0.5,1.05,1.6,150,50,rastrigin,3,0.0,6.25086e-05,0.0,0.40481,0.801554
0.5,1.95,1.6,150,50,rastrigin,3,0.0,3.35217e-06,0.0,0.152652,0.843166
0.5,2.4,1.6,150,50,rastrigin,3,0.0,0.000145249,4.95911e-05,0.133582,1.00512
0.5,0.95,1.55,150,50,rastrigin,3,0.0,0.0125946,0.0,0.441249,1.00789
0.5,1.0,1.55,150,50,rastrigin,3,0.0,0.0226108,0.0,0.485728,0.793098
0.5,0.95,1.5,150,50,rastrigin,3,0.0,0.109846,0.0,0.514329,1.06504
0.5,2.85,1.5,150,50,rastrigin,3,0.0,0.00350226,0.00122738,0.257217,1.15895
0.5,1.05,1.45,150,50,rastrigin,3,0.0,0.0108302,0.0,0.4281,0.764471
0.5,1.1,1.45,150,50,rastrigin,3,0.0,1.90973e-05,0.0,0.378735,1.08937
0.5,1.0,1.4,150,50,rastrigin,3,0.0,0.0228085,0.0,0.440347,0.759371
0.5,2.2,1.4,150,50,rastrigin,3,0.0,2.02179e-06,0.0,0.098998,1.14047
0.5,1.05,1.35,150,50,rastrigin,3,0.0,4.79698e-06,0.0,0.425326,0.785396
0.5,2.95,1.35,150,50,rastrigin,3,0.0,0.00313681,0.00141811,0.225877,0.873915
0.5,1.05,1.3,150,50,rastrigin,3,0.0,0.0257205,0.0,0.43586,0.814181
0.5,2.3,1.3,150,50,rastrigin,3,0.0,2.16007e-06,0.0,0.0888296,1.13495
0.5,1.0,1.25,150,50,rastrigin,3,0.0,0.00440577,0.0,0.442341,0.783995
0.5,1.05,1.25,150,50,rastrigin,3,0.0,0.0186142,0.0,0.443641,0.803551
0.5,1.0,1.2,150,50,rastrigin,3,0.0,0.0351651,0.0,0.434986,0.817161
0.5,2.4,1.2,150,50,rastrigin,3,0.0,2.08855e-06,0.0,0.0445196,0.881073
0.5,1.0,1.15,150,50,rastrigin,3,0.0,2.66171e-05,0.0,0.40967,0.786265
0.5,1.0,1.1,150,50,rastrigin,3,0.0,0.00381006,0.0,0.430357,0.782409
0.5,1.05,1.1,150,50,rastrigin,3,0.0,3.29018e-06,0.0,0.380603,0.781178
0.5,0.95,1.05,150,50,rastrigin,3,0.0,2.58493e-05,0.0,0.435461,1.05944
0.5,1.0,1.05,150,50,rastrigin,3,0.0,0.00260819,0.0,0.453293,0.976424
0.5,1.05,1.05,150,50,rastrigin,3,0.0,3.97778e-05,0.0,0.391749,0.831174
0.5,2.85,1.05,150,50,rastrigin,3,0.0,4.84467e-05,1.71661e-05,0.0476545,1.14618
0.5,0.95,1.0,150,50,rastrigin,3,0.0,0.0221553,0.0,0.439014,1.04485
0.5,1.0,0.95,150,50,rastrigin,3,0.0,0.000153131,0.0,0.413769,0.781009
0.5,1.05,0.95,150,50,rastrigin,3,0.0,4.34875e-06,0.0,0.351471,0.817316
0.5,2.8,0.95,150,50,rastrigin,3,0.0,6.11782e-06,2.86102e-06,0.0863964,1.12064
0.5,2.8,0.9,150,50,rastrigin,3,0.0,1.27792e-05,3.8147e-06,0.00928057,1.15
0.5,0.95,0.85,150,50,rastrigin,3,0.0,6.14643e-06,0.0,0.363392,0.821082
0.5,1.0,0.85,150,50,rastrigin,3,0.0,2.24209e-05,0.0,0.370061,1.07096
0.5,3.0,0.8,150,50,rastrigin,3,0.0,3.76892e-05,1.33514e-05,0.0580676,0.885996
0.5,0.9,0.65,150,50,rastrigin,3,0.0,8.53538e-07,0.0,0.317792,0.867337
0.5,2.8,0.65,150,50,rastrigin,3,0.0,5.43594e-06,0.0,0.0259059,1.15954
0.5,0.85,0.6,150,50,rastrigin,3,0.0,1.02377e-05,0.0,0.405291,0.847762
0.5,0.9,0.6,150,50,rastrigin,3,0.0,2.52247e-06,0.0,0.354524,0.820688
0.5,2.75,0.6,150,50,rastrigin,3,0.0,9.15527e-07,0.0,0.00625353,0.907634
0.5,2.75,0.55,150,50,rastrigin,3,0.0,8.06808e-06,0.0,0.026031,0.84108
0.5,0.7,0.5,150,50,rastrigin,3,0.0,0.0433157,0.0,0.467415,1.03885
0.5,2.55,0.5,150,50,rastrigin,3,0.0,5.45025e-06,0.0,0.0329323,1.20357
0.5,0.7,0.45,150,50,rastrigin,3,0.0,0.166712,0.0,0.526792,0.977675
0.5,0.75,0.45,150,50,rastrigin,3,0.0,0.000766234,0.0,0.405306,1.04072
0.5,0.85,0.45,150,50,rastrigin,3,0.0,9.27448e-06,0.0,0.332893,0.890118
0.5,1.65,0.45,150,50,rastrigin,3,0.0,1.73569e-06,0.0,0.0968254,1.32937
0.5,1.85,0.45,150,50,rastrigin,3,0.0,5.67436e-06,0.0,0.0352544,0.882883
0.5,2.05,0.45,150,50,rastrigin,3,0.0,6.89507e-06,0.0,0.0669183,1.1728
0.5,0.8,0.4,150,50,rastrigin,3,0.0,0.000307322,0.0,0.364232,0.891339
0.5,0.85,0.4,150,50,rastrigin,3,0.0,5.94044e-05,0.0,0.366627,0.888016
0.5,1.0,0.4,150,50,rastrigin,3,0.0,1.38378e-05,0.0,0.243681,1.16556
0.5,1.4,0.4,150,50,rastrigin,3,0.0,1.51253e-05,0.0,0.0978949,1.16499
0.5,1.6,0.4,150,50,rastrigin,3,0.0,0.000209346,8.58307e-06,0.100414,0.896198
0.5,1.65,0.4,150,50,rastrigin,3,0.0,0.000101156,1.90735e-06,0.111862,1.35174
0.5,2.0,0.4,150,50,rastrigin,3,0.0,0.000608025,3.52859e-05,0.0959658,1.11419
0.5,2.85,0.4,150,50,rastrigin,3,0.0,0.00123142,0.000354767,0.118664,1.16525
0.5,1.0,0.35,150,50,rastrigin,3,0.0,0.000872726,1.14441e-05,0.301559,1.17165
0.5,1.35,0.35,150,50,rastrigin,3,0.0,0.00218707,0.000436783,0.17963,1.10695
0.6,0.2,2.85,150,50,rastrigin,3,0.0,0.00192369,0.000891685,0.300407,1.01571
0.6,0.1,2.75,150,50,rastrigin,3,0.0,0.00190045,0.000465393,0.364145,1.04803
0.6,0.25,2.7,150,50,rastrigin,3,0.0,0.00272553,0.000242233,0.404788,1.0343
0.6,1.6,2.7,150,50,rastrigin,3,1.14441e-05,0.111089,0.0641098,0.444382,1.16603
0.6,0.0,2.65,150,50,rastrigin,3,0.0,0.00430586,0.000394821,0.440883,0.81077
0.6,0.05,2.65,150,50,rastrigin,3,0.0,0.00814131,0.000351906,0.402583,1.05413
0.6,0.1,2.65,150,50,rastrigin,3,0.0,0.00103658,0.000246048,0.37472,1.04311
0.6,0.15,2.65,150,50,rastrigin,3,0.0,0.00258711,0.000220299,0.414424,1.07287
0.6,0.0,2.6,150,50,rastrigin,3,0.0,0.0017297,0.000340462,0.384897,0.901318
0.6,0.05,2.6,150,50,rastrigin,3,0.0,0.0124943,0.000145912,0.43401,1.06063
0.6,0.1,2.6,150,50,rastrigin,3,0.0,0.00236208,0.000135422,0.405075,1.00271
0.6,0.15,2.6,150,50,rastrigin,3,0.0,0.0595621,0.000242233,0.458422,1.05608
0.6,0.7,2.6,150,50,rastrigin,3,0.0,0.000475287,0.000236511,0.258193,0.839521
0.6,0.1,2.55,150,50,rastrigin,3,0.0,0.0185874,0.000177383,0.531521,1.00391
0.6,0.15,2.55,150,50,rastrigin,3,0.0,0.0484373,0.00012207,0.445824,1.03474
0.6,0.25,2.55,150,50,rastrigin,3,0.0,0.00931001,7.72476e-05,0.455344,0.982916
0.6,0.35,2.55,150,50,rastrigin,3,0.0,0.00156975,0.00011158,0.39937,0.78026
0.6,0.55,2.55,150,50,rastrigin,3,0.0,0.00039247,9.91821e-05,0.308112,1.23165
0.6,0.6,2.55,150,50,rastrigin,3,0.0,0.000378866,9.72748e-05,0.303954,0.8148
0.6,0.2,2.5,150,50,rastrigin,3,0.0,0.00108197,7.15256e-05,0.463949,1.01787
0.6,0.3,2.45,150,50,rastrigin,3,0.0,0.0661963,6.19888e-05,0.464396,0.783813
0.6,0.45,2.45,150,50,rastrigin,3,0.0,0.000552979,4.673e-05,0.414684,0.793253
0.6,0.5,2.25,150,50,rastrigin,3,0.0,0.0413811,2.67029e-05,0.453876,1.04536
0.6,0.55,2.25,150,50,rastrigin,3,0.0,0.0220383,2.28882e-05,0.439032,1.23402
0.6,0.6,2.25,150,50,rastrigin,3,0.0,0.000171113,1.33514e-05,0.385658,0.991004
0.6,1.0,2.25,150,50,rastrigin,3,0.0,0.00012949,4.86374e-05,0.247546,0.828996
0.6,2.05,2.25,150,50,rastrigin,3,0.0,0.0620694,0.0341282,0.389575,0.979098
0.6,0.55,2.2,150,50,rastrigin,3,0.0,0.00559827,1.33514e-05,0.420031,1.24994
0.6,0.75,2.2,150,50,rastrigin,3,0.0,0.000152893,1.52588e-05,0.338553,1.04025
0.6,0.65,2.15,150,50,rastrigin,3,0.0,0.000386386,5.72205e-06,0.406416,0.78962
0.6,0.6,2.1,150,50,rastrigin,3,0.0,0.0483283,9.53674e-06,0.474762,0.957647
0.6,0.65,2.1,150,50,rastrigin,3,0.0,0.000152254,6.67572e-06,0.400182,0.73294
0.6,0.8,2.1,150,50,rastrigin,3,0.0,6.8059e-05,5.72205e-06,0.34189,0.976323
0.6,1.2,2.1,150,50,rastrigin,3,0.0,9.92012e-05,4.57764e-05,0.208761,1.01239
0.6,1.6,2.1,150,50,rastrigin,3,0.0,0.000792608,0.000319481,0.197293,1.14933
0.6,0.7,2.05,150,50,rastrigin,3,0.0,4.66156e-05,3.8147e-06,0.36621,1.07158
0.6,0.75,2.05,150,50,rastrigin,3,0.0,0.000153613,5.72205e-06,0.421793,1.07748
0.6,0.85,2.05,150,50,rastrigin,3,0.0,0.000115294,7.62939e-06,0.342306,1.07967
0.6,1.4,2.05,150,50,rastrigin,3,0.0,0.000164242,8.39233e-05,0.185404,1.05573
0.6,0.65,2.0,150,50,rastrigin,3,0.0,0.0863755,5.72205e-06,0.483429,0.799192
0.6,0.7,2.0,150,50,rastrigin,3,0.0,0.000751524,3.8147e-06,0.421873,1.02009
0.6,0.9,2.0,150,50,rastrigin,3,0.0,4.52662e-05,3.8147e-06,0.296545,1.05352
0.6,0.7,1.95,150,50,rastrigin,3,0.0,0.000276375,1.90735e-06,0.433376,1.03531
0.6,0.95,1.95,150,50,rastrigin,3,0.0,6.93798e-06,1.90735e-06,0.245546,1.02326
0.6,0.75,1.9,150,50,rastrigin,3,0.0,0.00102609,1.90735e-06,0.410597,0.809411
0.6,0.85,1.9,150,50,rastrigin,3,0.0,9.38034e-05,1.90735e-06,0.369523,1.05215
0.6,0.75,1.85,150,50,rastrigin,3,0.0,0.000172744,0.0,0.423289,0.807412
0.6,0.75,1.8,150,50,rastrigin,3,0.0,0.0284796,0.0,0.464624,0.793876
0.6,0.8,1.8,150,50,rastrigin,3,0.0,3.48902e-05,0.0,0.395619,1.02654
0.6,0.95,1.8,150,50,rastrigin,3,0.0,5.70297e-06,0.0,0.282025,0.944081
0.6,1.05,1.8,150,50,rastrigin,3,0.0,2.33793e-05,1.90735e-06,0.313188,1.08757
0.6,1.25,1.8,150,50,rastrigin,3,0.0,2.67267e-05,3.8147e-06,0.216931,1.14172
0.6,0.85,1.75,150,50,rastrigin,3,0.0,0.000167518,0.0,0.435691,1.0578
0.6,0.85,1.7,150,50,rastrigin,3,0.0,6.52504e-05,0.0,0.411524,1.04759
0.6,0.9,1.65,150,50,rastrigin,3,0.0,0.000284143,0.0,0.400087,1.00789
0.6,1.0,1.65,150,50,rastrigin,3,0.0,2.44331e-05,0.0,0.350745,0.787145
0.6,1.2,1.65,150,50,rastrigin,3,0.0,1.1344e-05,1.90735e-06,0.243745,1.08609
0.6,1.25,1.65,150,50,rastrigin,3,0.0,2.985e-06,0.0,0.212622,1.116
0.6,1.4,1.65,150,50,rastrigin,3,0.0,1.21784e-05,3.8147e-06,0.169892,1.05899
0.6,0.8,1.6,150,50,rastrigin,3,0.0,0.0113557,0.0,0.421969,1.05513
0.6,0.85,1.6,150,50,rastrigin,3,0.0,0.0278437,0.0,0.450505,1.0375
0.6,0.85,1.55,150,50,rastrigin,3,0.0,0.000351143,0.0,0.438662,1.06139
0.6,0.9,1.55,150,50,rastrigin,3,0.0,5.79834e-05,0.0,0.404935,1.05756
0.6,0.95,1.55,150,50,rastrigin,3,0.0,8.24928e-06,0.0,0.372019,1.02703
0.6,1.65,1.55,150,50,rastrigin,3,0.0,2.60687e-05,7.62939e-06,0.17008,0.816804
0.6,0.95,1.5,150,50,rastrigin,3,0.0,0.000233555,0.0,0.406586,0.997314
0.6,1.0,1.5,150,50,rastrigin,3,0.0,2.41184e-05,0.0,0.360932,0.810379
0.6,1.15,1.5,150,50,rastrigin,3,0.0,1.52111e-06,0.0,0.221625,1.02115
0.6,1.6,1.5,150,50,rastrigin,3,0.0,1.22786e-05,3.8147e-06,0.132653,1.13201
0.6,0.95,1.45,150,50,rastrigin,3,0.0,1.7519e-05,0.0,0.395975,0.998656
0.6,1.0,1.45,150,50,rastrigin,3,0.0,3.50475e-06,0.0,0.321242,0.759739
0.6,0.85,1.4,150,50,rastrigin,3,0.0,0.0874689,0.0,0.473331,1.03043
0.6,1.05,1.4,150,50,rastrigin,3,0.0,9.75609e-06,0.0,0.344028,1.06812
0.6,1.15,1.4,150,50,rastrigin,3,0.0,5.45979e-06,0.0,0.290683,1.02157
0.6,1.15,1.35,150,50,rastrigin,3,0.0,1.31607e-06,0.0,0.272943,0.994495
0.6,0.9,1.3,150,50,rastrigin,3,0.0,0.01022,0.0,0.456851,1.04392
0.6,1.15,1.3,150,50,rastrigin,3,0.0,3.27587e-06,0.0,0.298395,1.00918
0.6,0.85,1.25,150,50,rastrigin,3,0.0,0.0722715,0.0,0.476581,1.03329
0.6,0.9,1.25,150,50,rastrigin,3,0.0,7.41959e-06,0.0,0.380547,1.03319
0.6,1.25,1.25,150,50,rastrigin,3,0.0,1.84059e-06,0.0,0.221926,1.0734
0.6,0.95,1.2,150,50,rastrigin,3,0.0,3.02315e-05,0.0,0.41819,1.02219
0.6,1.2,1.2,150,50,rastrigin,3,0.0,1.53542e-06,0.0,0.222274,1.06142
0.6,0.85,1.15,150,50,rastrigin,3,0.0,0.0624789,0.0,0.474186,1.01051
0.6,0.9,1.15,150,50,rastrigin,3,0.0,0.0108858,0.0,0.422183,1.02751
0.6,0.95,1.15,150,50,rastrigin,3,0.0,3.49522e-06,0.0,0.362682,0.995192
0.6,1.0,1.15,150,50,rastrigin,3,0.0,5.97477e-06,0.0,0.347213,1.12513
0.6,0.85,1.1,150,50,rastrigin,3,0.0,0.000216866,0.0,0.450761,1.02056
0.6,0.9,1.1,150,50,rastrigin,3,0.0,1.69945e-05,0.0,0.385809,1.0669
0.6,0.95,1.1,150,50,rastrigin,3,0.0,2.882e-05,0.0,0.397192,1.04738
0.6,1.8,1.1,150,50,rastrigin,3,0.0,2.985e-06,0.0,0.0889886,1.1308
0.6,0.95,1.05,150,50,rastrigin,3,0.0,2.25067e-06,0.0,0.347257,1.00784
0.6,1.05,1.05,150,50,rastrigin,3,0.0,3.01838e-06,0.0,0.328515,0.8095
0.6,0.9,1.0,150,50,rastrigin,3,0.0,0.000279632,0.0,0.398078,1.07643
0.6,0.95,1.0,150,50,rastrigin,3,0.0,1.60503e-05,0.0,0.37228,1.02062
0.6,0.85,0.95,150,50,rastrigin,3,0.0,0.00184986,0.0,0.433416,1.06478
0.6,0.95,0.95,150,50,rastrigin,3,0.0,2.89917e-06,0.0,0.329919,1.04165
0.6,1.9,0.95,150,50,rastrigin,3,0.0,2.87056e-06,0.0,0.0945053,1.13415
0.6,0.85,0.9,150,50,rastrigin,3,0.0,0.0258852,0.0,0.441995,1.03757
0.6,0.95,0.9,150,50,rastrigin,3,0.0,2.01368e-05,0.0,0.380284,1.05351
0.6,3.0,0.9,150,50,rastrigin,3,0.0,0.00575352,0.00331974,0.180666,1.24071
0.6,0.8,0.85,150,50,rastrigin,3,0.0,0.00052011,0.0,0.423197,1.04218
0.6,0.9,0.85,150,50,rastrigin,3,0.0,3.02792e-06,0.0,0.336891,1.09759
0.6,1.0,0.85,150,50,rastrigin,3,0.0,3.49998e-06,0.0,0.297062,1.0659
0.6,0.8,0.8,150,50,rastrigin,3,0.0,0.00823349,0.0,0.454594,1.02177
0.6,0.85,0.8,150,50,rastrigin,3,0.0,0.000233631,0.0,0.406762,1.07498
0.6,0.75,0.75,150,50,rastrigin,3,0.0,0.000160313,0.0,0.428691,0.823187
0.6,0.8,0.75,150,50,rastrigin,3,0.0,0.000429087,0.0,0.408028,1.08209
0.6,0.75,0.7,150,50,rastrigin,3,0.0,0.0347286,0.0,0.43922,0.826062
0.6,0.8,0.7,150,50,rastrigin,3,0.0,3.38507e-05,0.0,0.378807,1.11347
0.6,0.8,0.65,150,50,rastrigin,3,0.0,0.000126848,0.0,0.392616,1.04523
0.6,0.85,0.65,150,50,rastrigin,3,0.0,6.10352e-06,0.0,0.327002,1.12498
0.6,0.7,0.6,150,50,rastrigin,3,0.0,0.043589,0.0,0.441878,0.819703
0.6,0.75,0.6,150,50,rastrigin,3,0.0,5.25475e-05,0.0,0.361248,0.843317
0.6,0.8,0.6,150,50,rastrigin,3,0.0,2.18391e-06,0.0,0.29911,1.09803
0.6,0.75,0.55,150,50,rastrigin,3,0.0,8.72612e-06,0.0,0.332682,0.823585
0.6,0.8,0.55,150,50,rastrigin,3,0.0,2.85721e-05,0.0,0.344494,1.12671
0.6,0.9,0.55,150,50,rastrigin,3,0.0,1.84536e-06,0.0,0.24707,1.11748
0.6,2.15,0.55,150,50,rastrigin,3,0.0,1.00517e-05,3.8147e-06,0.0452427,1.27538
0.6,0.7,0.5,150,50,rastrigin,3,0.0,1.25885e-05,0.0,0.370324,0.835901
0.6,0.75,0.5,150,50,rastrigin,3,0.0,5.71585e-05,0.0,0.352951,0.845237
0.6,0.8,0.5,150,50,rastrigin,3,0.0,2.71606e-05,0.0,0.299398,1.1434
0.6,0.7,0.45,150,50,rastrigin,3,0.0,0.000312982,0.0,0.362335,0.861951
0.6,0.8,0.45,150,50,rastrigin,3,0.0,1.49727e-06,0.0,0.278478,1.11142
0.6,0.7,0.4,150,50,rastrigin,3,0.0,4.79889e-05,0.0,0.34337,0.867013
0.6,0.95,0.4,150,50,rastrigin,3,0.0,4.33922e-06,0.0,0.172865,1.14062
0.6,0.9,0.35,150,50,rastrigin,3,0.0,1.58548e-05,0.0,0.215684,1.19434
0.6,0.6,0.3,150,50,rastrigin,3,0.0,0.00415889,0.0,0.440431,1.1092
0.6,0.65,0.3,150,50,rastrigin,3,0.0,0.00140128,0.0,0.398531,0.854026
0.6,0.7,0.3,150,50,rastrigin,3,0.0,0.000342164,0.0,0.351941,0.845829
0.6,0.9,0.3,150,50,rastrigin,3,0.0,0.000266109,4.76837e-06,0.232495,1.13301
0.6,0.95,0.3,150,50,rastrigin,3,0.0,0.000128794,3.8147e-06,0.222652,1.1194
0.6,0.6,0.25,150,50,rastrigin,3,0.0,0.0115418,1.81198e-05,0.456694,1.117
0.6,0.9,0.25,150,50,rastrigin,3,0.0,0.00891137,0.00116158,0.333662,1.15339
0.7,0.35,3.0,150,50,rastrigin,3,0.000205994,0.0681893,0.0538044,0.389601,1.45775
0.7,1.6,2.4,150,50,rastrigin,3,0.00019455,0.123356,0.0829687,0.453655,1.17188
0.7,0.25,2.2,150,50,rastrigin,3,2.09808e-05,0.00761117,0.00227642,0.373389,1.04678
0.7,0.0,2.15,150,50,rastrigin,3,2.09808e-05,0.0134453,0.00333881,0.409772,1.12057
0.7,0.05,2.1,150,50,rastrigin,3,1.52588e-05,0.0215195,0.00269127,0.416626,0.931901
0.7,0.3,2.1,150,50,rastrigin,3,3.8147e-06,0.00595386,0.00158978,0.391761,1.14905
0.7,0.4,2.05,150,50,rastrigin,3,0.0,0.00302347,0.000626564,0.39572,0.920598
0.7,0.0,2.0,150,50,rastrigin,3,5.72205e-06,0.0108108,0.00232506,0.433962,1.06156
0.7,0.15,2.0,150,50,rastrigin,3,3.8147e-06,0.0735792,0.00147057,0.457118,0.917944
0.7,0.25,2.0,150,50,rastrigin,3,5.72205e-06,0.00181028,0.00069809,0.375535,1.06858
0.7,0.3,2.0,150,50,rastrigin,3,1.90735e-06,0.029876,0.00101852,0.434848,1.04174
0.7,0.35,2.0,150,50,rastrigin,3,1.90735e-06,0.00535355,0.000795364,0.398594,0.893216
0.7,0.65,2.0,150,50,rastrigin,3,0.0,0.0012041,0.000494957,0.321333,1.07087
0.7,0.3,1.95,150,50,rastrigin,3,0.0,0.00254871,0.000609398,0.442633,1.07797
0.7,0.4,1.95,150,50,rastrigin,3,1.90735e-06,0.00279411,0.000555038,0.418092,0.885132
0.7,0.5,1.95,150,50,rastrigin,3,0.0,0.0017749,0.000522614,0.361626,1.05929
0.7,0.15,1.9,150,50,rastrigin,3,1.90735e-06,0.133408,0.00141335,0.513349,0.910042
0.7,0.4,1.9,150,50,rastrigin,3,0.0,0.0011102,0.000397682,0.389001,0.890486
0.7,0.15,1.85,150,50,rastrigin,3,0.0,0.0504694,0.000702858,0.483008,1.07046
0.7,0.45,1.85,150,50,rastrigin,3,0.0,0.0136639,0.0002985,0.449695,1.08511
0.7,0.7,1.85,150,50,rastrigin,3,0.0,0.000702591,0.000212669,0.333697,1.09538
0.7,0.45,1.75,150,50,rastrigin,3,0.0,0.00100465,0.000200272,0.406513,1.0506
0.7,0.85,1.75,150,50,rastrigin,3,0.0,0.000486245,0.000132561,0.308576,1.07571
0.7,0.45,1.7,150,50,rastrigin,3,0.0,0.00783393,0.000150681,0.436804,1.07265
0.7,0.5,1.7,150,50,rastrigin,3,0.0,0.019898,0.000117302,0.426197,1.07948
0.7,0.4,1.65,150,50,rastrigin,3,0.0,0.0529537,0.000139236,0.479163,0.862538
0.7,0.55,1.65,150,50,rastrigin,3,0.0,0.00170947,0.000102043,0.432564,1.07917
0.7,0.6,1.6,150,50,rastrigin,3,0.0,0.0166499,8.4877e-05,0.412582,0.854068
0.7,0.7,1.6,150,50,rastrigin,3,0.0,0.000537663,8.96454e-05,0.381998,0.87713
0.7,0.6,1.5,150,50,rastrigin,3,0.0,0.0758906,9.15527e-05,0.468953,0.853589
0.7,0.95,1.5,150,50,rastrigin,3,0.0,0.000177922,7.05719e-05,0.292819,1.17013
0.7,0.75,1.45,150,50,rastrigin,3,0.0,0.000407538,4.673e-05,0.375129,0.870381
0.7,0.8,1.45,150,50,rastrigin,3,0.0,0.000168343,3.05176e-05,0.333683,1.07153
0.7,0.65,1.4,150,50,rastrigin,3,0.0,0.0262028,3.71933e-05,0.453158,0.889104
0.7,0.8,1.4,150,50,rastrigin,3,0.0,5.3277e-05,2.00272e-05,0.298513,1.07228
0.7,0.9,1.4,150,50,rastrigin,3,0.0,0.000109248,2.67029e-05,0.308848,1.07287
0.7,0.65,1.35,150,50,rastrigin,3,0.0,0.000955081,2.28882e-05,0.408868,0.851879
0.7,0.8,1.35,150,50,rastrigin,3,0.0,0.000167866,2.67029e-05,0.347107,1.07806
0.7,0.75,1.25,150,50,rastrigin,3,0.0,8.56447e-05,1.33514e-05,0.365432,0.881431
0.7,0.8,1.25,150,50,rastrigin,3,0.0,0.000162358,1.43051e-05,0.360352,1.05792
0.7,0.85,1.25,150,50,rastrigin,3,0.0,0.000103741,1.14441e-05,0.348683,1.07248
0.7,0.65,1.2,150,50,rastrigin,3,0.0,0.000316496,1.04904e-05,0.428054,0.867961
0.7,0.65,1.15,150,50,rastrigin,3,0.0,0.0161834,1.14441e-05,0.459042,0.843174
0.7,0.7,1.15,150,50,rastrigin,3,0.0,0.0251537,1.14441e-05,0.442943,0.898018
0.7,0.75,1.15,150,50,rastrigin,3,0.0,0.000758829,9.53674e-06,0.440549,0.860561
0.7,1.15,1.15,150,50,rastrigin,3,0.0,5.19848e-05,1.14441e-05,0.182248,1.12889
0.7,0.7,1.1,150,50,rastrigin,3,0.0,0.037625,9.53674e-06,0.436208,0.881049
0.7,0.75,1.1,150,50,rastrigin,3,0.0,0.000340943,7.62939e-06,0.423225,0.887997
0.7,0.85,1.1,150,50,rastrigin,3,0.0,8.12578e-05,7.62939e-06,0.365495,1.03704
0.7,1.0,1.1,150,50,rastrigin,3,0.0,5.20897e-05,1.23978e-05,0.291354,1.12312
0.7,0.7,1.05,150,50,rastrigin,3,0.0,0.000163321,5.72205e-06,0.423784,0.879121
0.7,0.7,1.0,150,50,rastrigin,3,0.0,0.00638649,9.53674e-06,0.43727,0.909549
0.7,0.8,1.0,150,50,rastrigin,3,0.0,0.000308061,7.62939e-06,0.410804,1.02655
0.7,1.15,1.0,150,50,rastrigin,3,0.0,2.98309e-05,1.14441e-05,0.186373,1.12273
0.7,0.7,0.95,150,50,rastrigin,3,0.0,0.0016499,3.8147e-06,0.428486,0.900174
0.7,0.75,0.95,150,50,rastrigin,3,0.0,0.00192158,7.62939e-06,0.407941,0.900276
0.7,0.8,0.95,150,50,rastrigin,3,0.0,0.000180788,5.72205e-06,0.377529,1.02469
0.7,0.7,0.9,150,50,rastrigin,3,0.0,0.0310555,7.62939e-06,0.448823,0.903285
0.7,0.75,0.9,150,50,rastrigin,3,0.0,8.91447e-05,3.8147e-06,0.40654,0.88435
0.7,0.7,0.85,150,50,rastrigin,3,0.0,0.00178542,3.8147e-06,0.433309,0.904071
0.7,0.75,0.85,150,50,rastrigin,3,0.0,0.000171418,7.62939e-06,0.377533,0.873046
0.7,0.85,0.85,150,50,rastrigin,3,0.0,6.56319e-05,5.72205e-06,0.314705,1.07845
0.7,0.95,0.85,150,50,rastrigin,3,0.0,3.60584e-05,5.72205e-06,0.238443,1.10154
0.7,1.6,0.85,150,50,rastrigin,3,0.0,8.35133e-05,3.8147e-05,0.0897863,1.15731
0.7,0.7,0.8,150,50,rastrigin,3,0.0,0.0189981,7.62939e-06,0.448493,0.880141
0.7,0.85,0.8,150,50,rastrigin,3,0.0,5.33628e-05,5.72205e-06,0.341369,1.07946
0.7,0.9,0.8,150,50,rastrigin,3,0.0,1.28841e-05,1.90735e-06,0.287325,0.91375
0.7,0.8,0.75,150,50,rastrigin,3,0.0,2.55489e-05,1.90735e-06,0.289103,1.08964
0.7,0.95,0.75,150,50,rastrigin,3,0.0,2.73514e-05,3.8147e-06,0.21688,1.13016
0.7,1.05,0.75,150,50,rastrigin,3,0.0,2.67029e-05,3.8147e-06,0.194993,1.14659
0.7,0.7,0.65,150,50,rastrigin,3,0.0,8.80766e-05,3.8147e-06,0.358774,0.882713
0.7,0.6,0.6,150,50,rastrigin,3,0.0,0.000376129,3.8147e-06,0.435869,0.902395
0.7,0.65,0.6,150,50,rastrigin,3,0.0,0.00105072,3.8147e-06,0.416966,0.924655
0.7,0.7,0.6,150,50,rastrigin,3,0.0,0.000391107,3.8147e-06,0.385039,0.908166
0.7,0.9,0.6,150,50,rastrigin,3,0.0,2.89774e-05,3.8147e-06,0.192362,0.943863
0.7,0.6,0.55,150,50,rastrigin,3,0.0,0.00225291,3.8147e-06,0.436816,0.919682
0.7,1.05,0.55,150,50,rastrigin,3,0.0,2.59352e-05,5.72205e-06,0.132372,1.18119
0.7,1.1,0.55,150,50,rastrigin,3,0.0,1.67322e-05,3.8147e-06,0.148631,1.15767
0.7,1.2,0.55,150,50,rastrigin,3,0.0,2.09761e-05,7.62939e-06,0.0772228,1.20911
0.7,0.55,0.5,150,50,rastrigin,3,0.0,0.00523397,5.72205e-06,0.459261,0.902781
0.7,1.15,0.5,150,50,rastrigin,3,0.0,8.00133e-06,3.8147e-06,0.0908049,1.23791
0.7,0.55,0.45,150,50,rastrigin,3,0.0,0.0254496,9.53674e-06,0.428113,0.887078
0.7,0.6,0.4,150,50,rastrigin,3,0.0,0.000216947,5.72205e-06,0.334782,1.11712
0.7,0.8,0.4,150,50,rastrigin,3,0.0,5.16176e-05,3.8147e-06,0.197736,1.19195
0.7,0.6,0.35,150,50,rastrigin,3,0.0,0.000541396,1.04904e-05,0.334735,1.14933
0.7,0.75,0.35,150,50,rastrigin,3,0.0,2.2316e-05,3.8147e-06,0.191781,0.963296
0.7,0.5,0.25,150,50,rastrigin,3,0.0,0.000971584,9.53674e-06,0.365804,1.19232
0.7,0.55,0.25,150,50,rastrigin,3,0.0,0.00158905,3.05176e-05,0.358985,0.980224
0.7,0.6,0.25,150,50,rastrigin,3,0.0,0.000183434,1.52588e-05,0.262653,1.15923
0.7,0.45,0.2,150,50,rastrigin,3,0.0,0.00607244,5.72205e-05,0.427112,0.964959
0.7,0.6,0.2,150,50,rastrigin,3,0.0,0.00190894,0.00025177,0.335483,1.19043
0.7,0.75,0.2,150,50,rastrigin,3,0.0,0.00384302,0.000774384,0.307978,0.968805
0.7,0.1,0.1,150,50,rastrigin,3,0.0,0.209386,0.00195408,0.579895,1.11421
0.8,0.25,1.5,150,50,rastrigin,3,8.01086e-05,0.0298221,0.0143948,0.399296,1.18359
0.8,0.1,1.4,150,50,rastrigin,3,9.91821e-05,0.0644613,0.0225191,0.432432,0.984345
0.8,0.15,1.3,150,50,rastrigin,3,0.000104904,0.0174501,0.0123596,0.409565,1.19954
0.8,0.25,1.25,150,50,rastrigin,3,4.57764e-05,0.065874,0.00833416,0.465188,1.12467
0.8,0.3,1.25,150,50,rastrigin,3,2.67029e-05,0.0342384,0.00453186,0.444984,1.12954
0.8,0.3,1.2,150,50,rastrigin,3,5.72205e-06,0.0127224,0.0042944,0.408861,1.13781
0.8,0.35,1.15,150,50,rastrigin,3,7.62939e-06,0.0402955,0.00367355,0.463241,1.18691
0.8,0.25,1.1,150,50,rastrigin,3,5.72205e-06,0.0293743,0.00359249,0.447611,0.934785
0.8,0.3,1.1,150,50,rastrigin,3,3.24249e-05,0.00476768,0.00243282,0.421855,1.1162
0.8,0.35,1.1,150,50,rastrigin,3,5.72205e-06,0.0245725,0.00280094,0.428857,1.31182
0.8,0.3,1.05,150,50,rastrigin,3,3.05176e-05,0.0693008,0.00327873,0.451553,1.12973
0.8,0.3,1.0,150,50,rastrigin,3,1.14441e-05,0.0202544,0.0022831,0.43583,1.12092
0.8,0.45,1.0,150,50,rastrigin,3,0.0,0.00599356,0.00171089,0.42646,1.14135
0.8,0.3,0.95,150,50,rastrigin,3,1.14441e-05,0.135671,0.00306416,0.509065,1.13481
0.8,0.35,0.95,150,50,rastrigin,3,1.90735e-06,0.00410989,0.00160789,0.424418,1.17224
0.8,0.4,0.95,150,50,rastrigin,3,7.62939e-06,0.00967646,0.00135899,0.413152,0.920448
0.8,0.55,0.95,150,50,rastrigin,3,3.8147e-06,0.00327902,0.0010519,0.424392,1.07992
0.8,0.5,0.9,150,50,rastrigin,3,3.8147e-06,0.00117575,0.000628471,0.341724,1.12717
0.8,0.5,0.7,150,50,rastrigin,3,0.0,0.0207485,0.000603676,0.430166,1.12125
0.8,0.5,0.65,150,50,rastrigin,3,0.0,0.00733747,0.000401497,0.421559,1.11607
0.8,0.5,0.6,150,50,rastrigin,3,0.0,0.0278435,0.000360489,0.432841,1.07403
0.8,0.4,0.3,150,50,rastrigin,3,3.8147e-06,0.00336699,0.0004282,0.391958,1.11613
0.8,0.4,0.25,150,50,rastrigin,3,0.0,0.0109174,0.00052166,0.420511,1.13589
0.8,0.4,0.2,150,50,rastrigin,3,0.0,0.00347605,0.00083828,0.350141,1.17067
0.8,0.3,0.15,150,50,rastrigin,3,0.0,0.0347501,0.00211716,0.42936,1.26214
0.8,0.35,0.15,150,50,rastrigin,3,7.62939e-06,0.0104322,0.00238419,0.373377,1.19595
0.8,0.2,0.1,150,50,rastrigin,3,3.8147e-06,0.116838,0.00929546,0.497362,1.26351
0.4,0.8,3.0,450,150,rastrigin,6,0.0,1.29223e-05,0.0,0.382744,12.6197
0.4,0.85,3.0,450,150,rastrigin,6,0.0,9.87101e-05,0.0,0.399791,11.365
0.4,1.25,3.0,450,150,rastrigin,6,0.0,0.0376954,0.00356293,0.494604,12.9542
0.4,0.9,2.95,450,150,rastrigin,6,0.0,4.1399e-05,0.0,0.384095,11.4447
0.4,0.95,2.9,450,150,rastrigin,6,0.0,0.000261807,0.0,0.412896,12.6841
0.4,1.15,2.9,450,150,rastrigin,6,0.0,0.000302062,1.90735e-06,0.345981,12.3933
0.4,1.35,2.9,450,150,rastrigin,6,0.0,0.00684254,0.000682831,0.40362,13.9356
0.4,1.1,2.85,450,150,rastrigin,6,0.0,6.29902e-06,0.0,0.319371,12.0793
0.4,1.2,2.85,450,150,rastrigin,6,0.0,3.09563e-05,0.0,0.281171,12.8995
0.4,1.4,2.85,450,150,rastrigin,6,0.0,0.0392955,0.000911713,0.48929,13.9453
0.4,1.0,2.8,450,150,rastrigin,6,0.0,0.00014245,0.0,0.445697,11.6269
0.4,1.1,2.8,450,150,rastrigin,6,0.0,8.59737e-06,0.0,0.356392,11.9183
0.4,1.45,2.8,450,150,rastrigin,6,0.0,0.00468873,0.000597954,0.410381,14.0983
0.4,1.05,2.75,450,150,rastrigin,6,0.0,0.00827523,0.0,0.432837,11.5296
0.4,1.25,2.75,450,150,rastrigin,6,0.0,1.00899e-05,0.0,0.296361,12.1292
0.4,1.5,2.75,450,150,rastrigin,6,0.0,0.0424723,0.000441551,0.484097,15.3954
0.4,1.1,2.7,450,150,rastrigin,6,0.0,3.9072e-05,0.0,0.411493,11.6288
0.4,1.15,2.7,450,150,rastrigin,6,0.0,9.47094e-05,0.0,0.4271,11.7902
0.4,1.2,2.7,450,150,rastrigin,6,0.0,2.15054e-06,0.0,0.343383,12.3994
0.4,1.25,2.7,450,150,rastrigin,6,0.0,2.7256e-05,0.0,0.365531,12.0152
0.4,1.55,2.7,450,150,rastrigin,6,0.0,0.00422603,0.000216484,0.441416,15.4106
0.4,1.15,2.65,450,150,rastrigin,6,0.0,0.000145345,0.0,0.422258,11.7035
0.4,1.2,2.65,450,150,rastrigin,6,0.0,6.81877e-07,0.0,0.366987,12.1918
0.4,1.25,2.65,450,150,rastrigin,6,0.0,9.93729e-06,0.0,0.360572,11.8889
0.4,1.3,2.65,450,150,rastrigin,6,0.0,2.54154e-06,0.0,0.302255,12.1627
0.4,1.4,2.65,450,150,rastrigin,6,0.0,6.08206e-05,0.0,0.347286,13.29
0.4,1.6,2.65,450,150,rastrigin,6,0.0,0.0540342,0.000226974,0.487713,12.7093
0.4,1.2,2.6,450,150,rastrigin,6,0.0,3.87669e-05,0.0,0.389224,11.7207
0.4,1.25,2.6,450,150,rastrigin,6,0.0,3.48091e-07,0.0,0.340272,11.7073
0.4,1.4,2.6,450,150,rastrigin,6,0.0,2.2316e-06,0.0,0.365597,13.0083
0.4,1.5,2.6,450,150,rastrigin,6,0.0,0.000194869,0.0,0.350591,13.4396
0.4,1.6,2.6,450,150,rastrigin,6,0.0,0.00102431,1.90735e-05,0.417719,12.4864
0.4,1.65,2.6,450,150,rastrigin,6,0.0,0.00971124,0.000146866,0.440469,12.6424
0.4,1.25,2.55,450,150,rastrigin,6,0.0,0.000458937,0.0,0.40275,11.5275
0.4,1.3,2.55,450,150,rastrigin,6,0.0,9.29832e-07,0.0,0.371483,11.8677
0.4,1.35,2.55,450,150,rastrigin,6,0.0,3.59535e-06,0.0,0.38736,12.7894
0.4,1.4,2.55,450,150,rastrigin,6,0.0,1.56403e-06,0.0,0.359364,13.0494
0.4,1.5,2.55,450,150,rastrigin,6,0.0,8.1954e-05,0.0,0.340264,13.4878
0.4,1.65,2.55,450,150,rastrigin,6,0.0,0.0223882,4.57764e-05,0.431906,12.4307
0.4,1.7,2.55,450,150,rastrigin,6,0.0,0.0370231,0.000231743,0.47581,12.6281
0.4,1.25,2.5,450,150,rastrigin,6,0.0,0.0202558,0.0,0.44507,11.4563
0.4,1.35,2.5,450,150,rastrigin,6,0.0,1.00756e-05,0.0,0.375341,12.6529
0.4,1.4,2.5,450,150,rastrigin,6,0.0,4.98104e-05,0.0,0.387467,12.8628
0.4,1.3,2.45,450,150,rastrigin,6,0.0,3.16381e-05,0.0,0.416347,11.4689
0.4,1.35,2.45,450,150,rastrigin,6,0.0,6.7234e-07,0.0,0.360101,12.4017
0.4,1.4,2.45,450,150,rastrigin,6,0.0,2.99454e-06,0.0,0.412241,12.585
0.4,1.45,2.45,450,150,rastrigin,6,0.0,8.01086e-07,0.0,0.346919,12.7505
0.4,1.5,2.45,450,150,rastrigin,6,0.0,1.894e-05,0.0,0.385977,12.84
0.4,1.65,2.45,450,150,rastrigin,6,0.0,0.000357552,0.0,0.377423,12.1865
0.4,1.7,2.45,450,150,rastrigin,6,0.0,5.66196e-05,0.0,0.373175,12.296
0.4,1.85,2.45,450,150,rastrigin,6,0.0,0.0217508,0.000364304,0.491807,12.6424
0.4,1.35,2.4,450,150,rastrigin,6,0.0,0.0326006,0.0,0.445211,12.2151
0.4,1.4,2.4,450,150,rastrigin,6,0.0,4.18472e-05,0.0,0.428047,12.4121
0.4,1.5,2.4,450,150,rastrigin,6,0.0,6.12259e-06,0.0,0.389289,12.7661
0.4,1.55,2.4,450,150,rastrigin,6,0.0,1.08194e-05,0.0,0.34446,13.0199
0.4,1.65,2.4,450,150,rastrigin,6,0.0,0.000123701,0.0,0.393938,11.8467
0.4,1.85,2.4,450,150,rastrigin,6,0.0,0.0029073,3.24249e-05,0.42351,12.4437
0.4,1.45,2.35,450,150,rastrigin,6,0.0,1.24454e-06,0.0,0.424732,12.4944
0.4,1.55,2.35,450,150,rastrigin,6,0.0,1.1158e-06,0.0,0.367588,12.8584
0.4,1.6,2.35,450,150,rastrigin,6,0.0,1.5974e-06,0.0,0.387419,11.8682
0.4,1.5,2.3,450,150,rastrigin,6,0.0,1.39713e-06,0.0,0.399204,12.5903
0.4,1.55,2.3,450,150,rastrigin,6,0.0,0.000101223,0.0,0.422217,12.4864
0.4,1.65,2.3,450,150,rastrigin,6,0.0,9.67979e-06,0.0,0.370173,11.7605
0.4,1.95,2.3,450,150,rastrigin,6,0.0,0.0175287,2.86102e-05,0.448077,12.8815
0.4,1.5,2.25,450,150,rastrigin,6,0.0,0.0200302,0.0,0.450597,12.2123
0.4,1.65,2.25,450,150,rastrigin,6,0.0,9.53674e-07,0.0,0.387291,11.3423
0.4,1.85,2.25,450,150,rastrigin,6,0.0,0.000110226,0.0,0.405274,12.4096
0.4,2.0,2.25,450,150,rastrigin,6,0.0,0.00269827,8.58307e-06,0.472597,13.2183
0.4,1.5,2.2,450,150,rastrigin,6,0.0,0.00756267,0.0,0.414899,12.1343
0.4,1.65,2.2,450,150,rastrigin,6,0.0,1.17302e-06,0.0,0.387464,11.3372
0.4,1.75,2.2,450,150,rastrigin,6,0.0,1.55449e-06,0.0,0.317311,11.6526
0.4,1.9,2.2,450,150,rastrigin,6,0.0,5.22709e-05,0.0,0.367891,12.4283
0.4,1.95,2.2,450,150,rastrigin,6,0.0,0.00400478,0.0,0.427935,12.5571
0.4,2.0,2.2,450,150,rastrigin,6,0.0,0.00093401,0.0,0.408192,13.2674
0.4,2.05,2.2,450,150,rastrigin,6,0.0,0.00605113,1.04904e-05,0.469534,13.3661
0.4,1.55,2.15,450,150,rastrigin,6,0.0,0.0328624,0.0,0.456599,12.2325
0.4,1.6,2.15,450,150,rastrigin,6,0.0,0.012798,0.0,0.441162,11.0555
0.4,1.65,2.15,450,150,rastrigin,6,0.0,9.12666e-06,0.0,0.395757,11.2857
0.4,1.7,2.15,450,150,rastrigin,6,0.0,3.12328e-06,0.0,0.400841,11.3407
0.4,1.75,2.15,450,150,rastrigin,6,0.0,1.35422e-06,0.0,0.384012,11.4356
0.4,1.85,2.15,450,150,rastrigin,6,0.0,3.10278e-05,0.0,0.390837,12.1439
0.4,2.0,2.15,450,150,rastrigin,6,0.0,0.000298109,0.0,0.392531,12.991
0.4,2.05,2.15,450,150,rastrigin,6,0.0,0.0126929,0.0,0.460644,13.1713
0.4,2.15,2.15,450,150,rastrigin,6,0.0,0.111553,0.000148773,0.52453,15.3888
0.4,1.55,2.1,450,150,rastrigin,6,0.0,0.0195646,0.0,0.45927,12.0399
0.4,1.6,2.1,450,150,rastrigin,6,0.0,0.0773457,0.0,0.484886,11.1042
0.4,1.65,2.1,450,150,rastrigin,6,0.0,3.5286e-07,0.0,0.407449,11.0118
0.4,1.75,2.1,450,150,rastrigin,6,0.0,1.08242e-05,0.0,0.395609,11.4258
0.4,2.05,2.1,450,150,rastrigin,6,0.0,0.00561692,0.0,0.436112,13.11
0.4,2.1,2.1,450,150,rastrigin,6,0.0,0.00347629,0.0,0.439991,12.6432
0.4,2.15,2.1,450,150,rastrigin,6,0.0,0.0455458,6.67572e-06,0.456827,15.1948
0.4,1.7,2.05,450,150,rastrigin,6,0.0,4.673e-07,0.0,0.394542,11.1105
0.4,1.75,2.05,450,150,rastrigin,6,0.0,1.4782e-07,0.0,0.404103,11.1375
0.4,1.9,2.05,450,150,rastrigin,6,0.0,1.82629e-06,0.0,0.378302,12.1146
0.4,2.0,2.05,450,150,rastrigin,6,0.0,6.17981e-06,0.0,0.365848,12.7983
0.4,2.1,2.05,450,150,rastrigin,6,0.0,9.60445e-05,0.0,0.400812,12.4793
0.4,2.15,2.05,450,150,rastrigin,6,0.0,0.0152457,0.0,0.435098,15.246
0.4,2.2,2.05,450,150,rastrigin,6,0.0,0.00731782,7.62939e-06,0.445277,13.2086
0.4,1.65,2.0,450,150,rastrigin,6,0.0,0.100048,0.0,0.516091,10.9533
0.4,1.7,2.0,450,150,rastrigin,6,0.0,0.00506906,0.0,0.437497,11.3234
0.4,1.8,2.0,450,150,rastrigin,6,0.0,4.776e-05,0.0,0.441287,11.4178
0.4,1.85,2.0,450,150,rastrigin,6,0.0,1.0004e-05,0.0,0.395673,11.6831
0.4,1.9,2.0,450,150,rastrigin,6,0.0,3.43227e-05,0.0,0.427501,11.7982
0.4,1.95,2.0,450,150,rastrigin,6,0.0,3.71933e-07,0.0,0.343517,11.7119
0.4,2.0,2.0,450,150,rastrigin,6,0.0,5.18227e-05,0.0,0.402925,12.6221
0.4,2.15,2.0,450,150,rastrigin,6,0.0,0.000400901,0.0,0.440693,14.8979
0.4,2.25,2.0,450,150,rastrigin,6,0.0,0.0530791,3.8147e-06,0.476017,12.5283
0.4,1.65,1.95,450,150,rastrigin,6,0.0,0.0323519,0.0,0.466078,10.7595
0.4,1.8,1.95,450,150,rastrigin,6,0.0,0.015129,0.0,0.440758,11.3358
0.4,1.85,1.95,450,150,rastrigin,6,0.0,1.61648e-06,0.0,0.382388,11.7209
0.4,1.9,1.95,450,150,rastrigin,6,0.0,8.58307e-08,0.0,0.364234,11.8386
0.4,2.05,1.95,450,150,rastrigin,6,0.0,6.4373e-07,0.0,0.348602,12.6763
0.4,2.1,1.95,450,150,rastrigin,6,0.0,1.4081e-05,0.0,0.392635,12.4169
0.4,2.2,1.95,450,150,rastrigin,6,0.0,5.92661e-05,0.0,0.39241,13.0304
0.4,2.25,1.95,450,150,rastrigin,6,0.0,0.0195421,0.0,0.450669,12.3508
0.4,1.8,1.9,450,150,rastrigin,6,0.0,1.06096e-05,0.0,0.426816,11.2524
0.4,1.85,1.9,450,150,rastrigin,6,0.0,4.76837e-07,0.0,0.424386,11.5727
0.4,1.9,1.9,450,150,rastrigin,6,0.0,2.75469e-05,0.0,0.449607,11.5779
0.4,1.95,1.9,450,150,rastrigin,6,0.0,6.42776e-06,0.0,0.389188,11.3705
0.4,2.05,1.9,450,150,rastrigin,6,0.0,8.7595e-06,0.0,0.392704,12.6665
0.4,2.1,1.9,450,150,rastrigin,6,0.0,0.000127296,0.0,0.406925,12.1389
0.4,2.3,1.9,450,150,rastrigin,6,0.0,0.000742044,0.0,0.42045,16.4177
0.4,1.85,1.85,450,150,rastrigin,6,0.0,0.0180513,0.0,0.465753,11.4825
0.4,1.9,1.85,450,150,rastrigin,6,0.0,0.00747946,0.0,0.432937,11.4314
0.4,1.95,1.85,450,150,rastrigin,6,0.0,2.24113e-07,0.0,0.389189,11.2826
0.4,2.05,1.85,450,150,rastrigin,6,0.0,9.58443e-07,0.0,0.379334,12.4258
0.4,2.1,1.85,450,150,rastrigin,6,0.0,1.37329e-06,0.0,0.376935,12.0113
0.4,2.2,1.85,450,150,rastrigin,6,0.0,3.04222e-06,0.0,0.345706,12.658
0.4,2.25,1.85,450,150,rastrigin,6,0.0,9.97543e-06,0.0,0.371532,11.9945
0.4,2.35,1.85,450,150,rastrigin,6,0.0,0.00883702,0.0,0.471533,12.3721
0.4,1.85,1.8,450,150,rastrigin,6,0.0,0.077149,0.0,0.489929,11.3868
0.4,1.9,1.8,450,150,rastrigin,6,0.0,7.03335e-06,0.0,0.413118,11.3236
0.4,1.95,1.8,450,150,rastrigin,6,0.0,3.00407e-07,0.0,0.397646,11.3307
0.4,2.05,1.8,450,150,rastrigin,6,0.0,5.28336e-06,0.0,0.387363,11.8305
0.4,2.1,1.8,450,150,rastrigin,6,0.0,2.94209e-06,0.0,0.384667,11.8211
0.4,2.2,1.8,450,150,rastrigin,6,0.0,7.75337e-06,0.0,0.413787,12.5379
0.4,2.25,1.8,450,150,rastrigin,6,0.0,1.4081e-05,0.0,0.423235,11.9228
0.4,2.35,1.8,450,150,rastrigin,6,0.0,0.00225051,0.0,0.40478,12.2495
0.4,2.4,1.8,450,150,rastrigin,6,0.0,0.0307654,0.0,0.425758,12.2389
0.4,1.9,1.75,450,150,rastrigin,6,0.0,4.9448e-06,0.0,0.414578,11.2261
0.4,1.95,1.75,450,150,rastrigin,6,0.0,0.0324145,0.0,0.450879,11.1494
0.4,2.25,1.75,450,150,rastrigin,6,0.0,3.75271e-06,0.0,0.353094,11.7026
0.4,2.3,1.75,450,150,rastrigin,6,0.0,1.98841e-06,0.0,0.390153,16.0966
0.4,2.4,1.75,450,150,rastrigin,6,0.0,3.75652e-05,0.0,0.37858,12.1772
0.4,2.0,1.7,450,150,rastrigin,6,0.0,0.0249563,0.0,0.447354,11.7875
0.4,2.05,1.7,450,150,rastrigin,6,0.0,1.17302e-06,0.0,0.418186,11.6027
0.4,2.15,1.7,450,150,rastrigin,6,0.0,2.77996e-06,0.0,0.399126,13.9883
0.4,2.4,1.7,450,150,rastrigin,6,0.0,0.000343399,0.0,0.43965,12.1075
0.4,2.45,1.7,450,150,rastrigin,6,0.0,3.3021e-05,0.0,0.410649,12.1502
0.4,2.5,1.7,450,150,rastrigin,6,0.0,0.000173969,0.0,0.403974,16.3441
0.4,1.95,1.65,450,150,rastrigin,6,0.0,0.0623217,0.0,0.46906,11.0536
0.4,2.0,1.65,450,150,rastrigin,6,0.0,1.10388e-05,0.0,0.408168,11.6281
0.4,2.15,1.65,450,150,rastrigin,6,0.0,3.38554e-06,0.0,0.407074,13.7286
0.4,2.3,1.65,450,150,rastrigin,6,0.0,5.19752e-06,0.0,0.427509,14.2904
0.4,2.55,1.65,450,150,rastrigin,6,0.0,0.0016499,0.0,0.420377,13.7514
0.4,2.0,1.6,450,150,rastrigin,6,0.0,1.7519e-05,0.0,0.434892,11.5321
0.4,2.05,1.6,450,150,rastrigin,6,0.0,0.0224212,0.0,0.482757,11.282
0.4,2.1,1.6,450,150,rastrigin,6,0.0,1.4782e-07,0.0,0.407251,11.5802
0.4,2.45,1.6,450,150,rastrigin,6,0.0,3.38078e-06,0.0,0.379296,11.9904
0.4,2.5,1.6,450,150,rastrigin,6,0.0,9.02176e-06,0.0,0.366197,16.007
0.4,2.55,1.6,450,150,rastrigin,6,0.0,0.000171361,0.0,0.437917,13.5342
0.4,2.6,1.6,450,150,rastrigin,6,0.0,5.96952e-05,0.0,0.354359,16.426
0.4,2.65,1.6,450,150,rastrigin,6,0.0,0.00634883,0.0,0.46405,12.5429
0.4,2.0,1.55,450,150,rastrigin,6,0.0,0.0473398,0.0,0.478624,11.3902
0.4,2.05,1.55,450,150,rastrigin,6,0.0,0.0174248,0.0,0.432233,11.2419
0.4,2.1,1.55,450,150,rastrigin,6,0.0,1.74284e-05,0.0,0.440714,11.2713
0.4,2.5,1.55,450,150,rastrigin,6,0.0,2.7914e-05,0.0,0.385734,15.7505
0.4,2.55,1.55,450,150,rastrigin,6,0.0,2.22206e-06,0.0,0.335252,13.5513
0.4,2.7,1.55,450,150,rastrigin,6,0.0,0.00100841,0.0,0.461923,12.9743
0.4,1.95,1.5,450,150,rastrigin,6,0.0,0.101991,0.0,0.503001,10.6347
0.4,2.05,1.5,450,150,rastrigin,6,0.0,4.33922e-06,0.0,0.422121,11.2245
0.4,2.1,1.5,450,150,rastrigin,6,0.0,6.53267e-07,0.0,0.40824,11.2353
0.4,2.8,1.5,450,150,rastrigin,6,0.0,0.0139846,7.62939e-06,0.437479,13.9365
0.4,2.0,1.45,450,150,rastrigin,6,0.0,0.00998001,0.0,0.46783,11.1206
0.4,2.05,1.45,450,150,rastrigin,6,0.0,3.64637e-05,0.0,0.427566,11.3117
0.4,2.1,1.45,450,150,rastrigin,6,0.0,0.00261606,0.0,0.424319,11.3264
0.4,2.7,1.45,450,150,rastrigin,6,0.0,2.98977e-05,0.0,0.394563,14.768
0.4,2.85,1.45,450,150,rastrigin,6,0.0,0.0545553,1.43051e-05,0.482791,16.7835
0.4,2.0,1.4,450,150,rastrigin,6,0.0,0.0572826,0.0,0.491626,11.0717
0.4,2.05,1.4,450,150,rastrigin,6,0.0,0.0174142,0.0,0.438034,11.3567
0.4,2.1,1.4,450,150,rastrigin,6,0.0,0.0217221,0.0,0.456341,11.2946
0.4,2.0,1.35,450,150,rastrigin,6,0.0,0.0199808,0.0,0.477569,11.1578
0.4,2.05,1.35,450,150,rastrigin,6,0.0,1.15395e-06,0.0,0.453994,11.1739
0.4,2.1,1.35,450,150,rastrigin,6,0.0,4.52137e-05,0.0,0.4407,11.3579
0.4,2.0,1.3,450,150,rastrigin,6,0.0,0.0572212,0.0,0.51019,11.1964
0.4,2.05,1.3,450,150,rastrigin,6,0.0,0.0359258,0.0,0.446408,11.122
0.4,2.75,1.3,450,150,rastrigin,6,0.0,2.29836e-06,0.0,0.35654,14.3138
0.4,2.8,1.3,450,150,rastrigin,6,0.0,5.05447e-07,0.0,0.33666,12.6697
0.4,3.0,1.3,450,150,rastrigin,6,0.0,0.0464859,4.76837e-06,0.481689,16.8564
0.4,2.0,1.25,450,150,rastrigin,6,0.0,0.0,0.0,0.428982,11.3462
0.4,1.85,1.2,450,150,rastrigin,6,0.0,0.14677,0.0,0.557773,10.9521
0.4,1.95,1.2,450,150,rastrigin,6,0.0,6.24657e-07,0.0,0.473486,10.7596
0.4,2.0,1.2,450,150,rastrigin,6,0.0,0.0125398,0.0,0.452566,11.3231
0.4,3.0,1.2,450,150,rastrigin,6,0.0,0.000122442,0.0,0.411252,16.6271
0.4,1.85,1.15,450,150,rastrigin,6,0.0,0.0870669,0.0,0.498207,11.0576
0.4,1.95,1.15,450,150,rastrigin,6,0.0,0.00746328,0.0,0.43877,10.8022
0.4,2.95,1.15,450,150,rastrigin,6,0.0,2.70367e-06,0.0,0.343243,14.3243
0.4,3.0,1.15,450,150,rastrigin,6,0.0,1.08862e-05,0.0,0.338641,16.4956
0.4,1.85,1.1,450,150,rastrigin,6,0.0,1.44005e-06,0.0,0.474666,11.1181
0.4,1.8,1.05,450,150,rastrigin,6,0.0,0.0323684,0.0,0.461841,11.0744
0.4,1.85,1.05,450,150,rastrigin,6,0.0,1.68324e-06,0.0,0.423512,11.1904
0.4,1.65,0.95,450,150,rastrigin,6,0.0,3.8147e-07,0.0,0.423164,12.1195
0.4,1.55,0.9,450,150,rastrigin,6,0.0,0.0630671,0.0,0.527289,11.3649
0.4,1.6,0.9,450,150,rastrigin,6,0.0,0.00972764,0.0,0.476176,13.9383
0.4,1.5,0.85,450,150,rastrigin,6,0.0,0.00116115,0.0,0.457596,12.737
0.4,1.55,0.85,450,150,rastrigin,6,0.0,4.79698e-06,0.0,0.418164,11.4748
0.4,1.5,0.75,450,150,rastrigin,6,0.0,1.84059e-06,0.0,0.380966,13.1879
0.4,1.45,0.7,450,150,rastrigin,6,0.0,2.45714e-05,0.0,0.403143,13.0698
0.4,1.35,0.65,450,150,rastrigin,6,0.0,0.0240859,0.0,0.507661,12.3253
0.4,1.4,0.65,450,150,rastrigin,6,0.0,0.00189765,0.0,0.47667,12.8752
0.4,1.45,0.65,450,150,rastrigin,6,0.0,0.00758791,0.0,0.450295,13.3753
0.4,1.7,0.65,450,150,rastrigin,6,0.0,6.9952e-06,0.0,0.296155,15.0002
0.4,1.35,0.6,450,150,rastrigin,6,0.0,0.0630934,1.33514e-05,0.488031,12.7467
0.4,1.4,0.6,450,150,rastrigin,6,0.0,0.0245566,1.14441e-05,0.439644,13.5558
0.4,1.45,0.6,450,150,rastrigin,6,0.0,0.000457916,3.8147e-06,0.385683,13.6209
0.4,1.5,0.6,450,150,rastrigin,6,0.0,3.55625e-05,0.0,0.272553,13.5416
0.4,1.85,0.6,450,150,rastrigin,6,0.0,3.09753e-05,0.0,0.221885,13.2967
0.4,2.15,0.6,450,150,rastrigin,6,0.0,9.15051e-06,0.0,0.13671,15.5482
0.4,2.25,0.6,450,150,rastrigin,6,0.0,5.65529e-06,0.0,0.104826,16.8543
0.4,2.3,0.6,450,150,rastrigin,6,0.0,9.58443e-07,0.0,0.164533,17.0499
0.4,2.35,0.6,450,150,rastrigin,6,0.0,2.26974e-06,0.0,0.0911893,12.9558
0.4,1.4,0.55,450,150,rastrigin,6,0.0,0.00378948,4.19617e-05,0.403886,13.7721
0.4,1.8,0.55,450,150,rastrigin,6,0.0,0.000323992,2.95639e-05,0.214814,13.1826
0.4,1.85,0.55,450,150,rastrigin,6,0.0,0.00101827,0.000139236,0.236494,13.6008
0.4,2.0,0.55,450,150,rastrigin,6,0.0,0.000866599,8.67844e-05,0.189058,13.423
0.4,2.05,0.55,450,150,rastrigin,6,0.0,0.00026648,3.05176e-05,0.143295,13.1913
0.4,2.1,0.55,450,150,rastrigin,6,0.0,0.000616345,5.24521e-05,0.194045,13.228
0.5,0.65,3.0,450,150,rastrigin,6,0.0,0.000543132,0.0,1.18623,14.0878
0.5,1.0,3.0,450,150,rastrigin,6,0.0,0.00613801,0.00073719,0.400653,15.1437
0.5,1.1,3.0,450,150,rastrigin,6,0.0,0.034454,0.00423145,0.467137,16.4895
0.5,1.15,3.0,450,150,rastrigin,6,0.0,0.0848969,0.0127592,0.504743,17.1051
0.5,0.9,2.95,450,150,rastrigin,6,0.0,0.000669084,1.90735e-05,0.361217,11.7669
0.5,0.95,2.95,450,150,rastrigin,6,0.0,0.00179144,5.24521e-05,0.388243,16.0217
0.5,1.1,2.95,450,150,rastrigin,6,0.0,0.0104735,0.00113583,0.422336,16.4317
0.5,1.2,2.95,450,150,rastrigin,6,0.0,0.0314702,0.00633907,0.480501,14.9391
0.5,0.75,2.9,450,150,rastrigin,6,0.0,0.0911025,0.0,0.469409,15.0327
0.5,0.8,2.9,450,150,rastrigin,6,0.0,0.00151107,0.0,0.439826,11.4326
0.5,0.85,2.9,450,150,rastrigin,6,0.0,0.000104871,0.0,0.378796,11.5852
0.5,1.1,2.9,450,150,rastrigin,6,0.0,0.00331551,0.000179291,0.393855,16.4741
0.5,1.15,2.9,450,150,rastrigin,6,0.0,0.00318507,0.000391006,0.395472,16.5589
0.5,1.25,2.9,450,150,rastrigin,6,0.0,0.100058,0.00844097,0.501109,17.1844
0.5,0.95,2.85,450,150,rastrigin,6,0.0,0.000124445,0.0,0.378461,15.6758
0.5,1.0,2.85,450,150,rastrigin,6,0.0,0.000174756,5.72205e-06,0.372663,14.4098
0.5,0.9,2.8,450,150,rastrigin,6,0.0,0.000210009,0.0,0.442239,11.4355
0.5,0.95,2.8,450,150,rastrigin,6,0.0,0.00560006,0.0,0.431375,15.1366
0.5,1.0,2.8,450,150,rastrigin,6,0.0,3.56483e-05,0.0,0.358477,14.4251
0.5,1.1,2.8,450,150,rastrigin,6,0.0,0.000159736,7.62939e-06,0.336251,15.7744
0.5,0.95,2.75,450,150,rastrigin,6,0.0,0.0339123,0.0,0.467113,15.1736
0.5,1.0,2.75,450,150,rastrigin,6,0.0,0.000170336,0.0,0.379343,14.2554
0.5,1.1,2.75,450,150,rastrigin,6,0.0,0.000256376,1.90735e-06,0.375768,15.7216
0.5,1.2,2.75,450,150,rastrigin,6,0.0,0.00127295,2.67029e-05,0.365142,14.6011
0.5,1.35,2.75,450,150,rastrigin,6,0.0,0.0246478,0.000873566,0.460106,16.6755
0.5,0.9,2.7,450,150,rastrigin,6,0.0,0.185748,0.0,0.567589,11.0653
0.5,0.95,2.7,450,150,rastrigin,6,0.0,0.103868,0.0,0.515532,15.023
0.5,1.1,2.7,450,150,rastrigin,6,0.0,8.32415e-05,0.0,0.372587,15.543
0.5,1.15,2.7,450,150,rastrigin,6,0.0,0.000113101,0.0,0.32821,15.6945
0.5,1.2,2.7,450,150,rastrigin,6,0.0,0.000789595,5.72205e-06,0.374662,14.4095
0.5,1.25,2.7,450,150,rastrigin,6,0.0,0.000227103,8.58307e-06,0.356224,16.1145
0.5,1.45,2.7,450,150,rastrigin,6,0.0,0.0622979,0.00192356,0.510442,15.0937
0.5,1.1,2.65,450,150,rastrigin,6,0.0,0.0010385,0.0,0.412299,15.3769
0.5,1.15,2.65,450,150,rastrigin,6,0.0,1.83487e-05,0.0,0.35165,15.6052
0.5,1.2,2.65,450,150,rastrigin,6,0.0,0.000464835,0.0,0.440084,14.0641
0.5,1.45,2.65,450,150,rastrigin,6,0.0,0.00401261,0.000203133,0.389483,14.7073
0.5,1.15,2.6,450,150,rastrigin,6,0.0,2.62785e-05,0.0,0.356827,15.277
0.5,1.2,2.6,450,150,rastrigin,6,0.0,3.19147e-05,0.0,0.335926,13.9155
0.5,1.25,2.6,450,150,rastrigin,6,0.0,6.31571e-05,0.0,0.363284,15.8027
0.5,1.5,2.6,450,150,rastrigin,6,0.0,0.020266,0.000461578,0.480301,14.8329
0.5,1.2,2.55,450,150,rastrigin,6,0.0,0.000162354,0.0,0.376757,13.8221
0.5,1.3,2.55,450,150,rastrigin,6,0.0,0.000379672,0.0,0.381152,14.0253
0.5,1.45,2.55,450,150,rastrigin,6,0.0,0.00161612,2.57492e-05,0.410711,12.0316
0.5,1.5,2.55,450,150,rastrigin,6,0.0,0.00536373,6.48499e-05,0.413508,14.9197
0.5,1.55,2.55,450,150,rastrigin,6,0.0,0.00335,0.000219345,0.407318,12.4271
0.5,1.6,2.55,450,150,rastrigin,6,0.0,0.0600961,0.000977516,0.48522,15.3407
0.5,1.2,2.5,450,150,rastrigin,6,0.0,0.000134845,0.0,0.408109,13.6909
0.5,1.3,2.5,450,150,rastrigin,6,0.0,2.11859e-05,0.0,0.350156,13.8169
0.5,1.45,2.5,450,150,rastrigin,6,0.0,0.000670633,3.8147e-06,0.399975,12.342
0.5,1.5,2.5,450,150,rastrigin,6,0.0,0.000177989,5.72205e-06,0.326516,14.2649
0.5,1.65,2.5,450,150,rastrigin,6,0.0,0.0167756,0.000789642,0.453847,15.522
0.5,1.7,2.5,450,150,rastrigin,6,0.0,0.123186,0.00431728,0.551457,15.1598
0.5,1.25,2.45,450,150,rastrigin,6,0.0,0.0132643,0.0,0.429475,15.3507
0.5,1.35,2.45,450,150,rastrigin,6,0.0,1.77288e-05,0.0,0.342061,15.4322
0.5,1.55,2.45,450,150,rastrigin,6,0.0,0.000593829,2.28882e-05,0.341909,12.2325
0.5,1.6,2.45,450,150,rastrigin,6,0.0,0.00437522,4.673e-05,0.430742,15.2119
0.5,1.7,2.45,450,150,rastrigin,6,0.0,0.0491824,0.000720978,0.471017,14.8174
0.5,1.2,2.4,450,150,rastrigin,6,0.0,0.0386386,0.0,0.458251,13.2486
0.5,1.25,2.4,450,150,rastrigin,6,0.0,0.0903623,0.0,0.479274,15.1736
0.5,1.4,2.4,450,150,rastrigin,6,0.0,3.94821e-06,0.0,0.330649,13.9737
0.5,1.75,2.4,450,150,rastrigin,6,0.0,0.0115911,0.000439644,0.450236,16.6003
0.5,1.3,2.35,450,150,rastrigin,6,0.0,0.00531783,0.0,0.465476,13.5032
0.5,1.4,2.35,450,150,rastrigin,6,0.0,8.78334e-06,0.0,0.369579,13.8992
0.5,1.5,2.35,450,150,rastrigin,6,0.0,9.11665e-05,0.0,0.361438,14.0049
0.5,1.7,2.35,450,150,rastrigin,6,0.0,0.00180542,3.8147e-05,0.406802,14.5976
0.5,1.35,2.3,450,150,rastrigin,6,0.0,0.0525089,0.0,0.465233,14.8574
0.5,1.45,2.3,450,150,rastrigin,6,0.0,4.13895e-06,0.0,0.346912,11.6133
0.5,1.8,2.3,450,150,rastrigin,6,0.0,0.00788942,0.000134468,0.408453,16.4757
0.5,1.4,2.25,450,150,rastrigin,6,0.0,0.00776459,0.0,0.438899,13.6847
0.5,1.45,2.25,450,150,rastrigin,6,0.0,1.00327e-05,0.0,0.382078,11.3903
0.5,2.0,2.25,450,150,rastrigin,6,0.0,0.184506,0.00900555,0.608809,12.8557
0.5,1.4,2.2,450,150,rastrigin,6,0.0,0.000326023,0.0,0.440604,13.6023
0.5,1.5,2.2,450,150,rastrigin,6,0.0,4.65155e-05,0.0,0.392424,13.6121
0.5,1.55,2.2,450,150,rastrigin,6,0.0,6.1512e-07,0.0,0.356063,13.6623
0.5,1.65,2.2,450,150,rastrigin,6,0.0,5.20706e-06,0.0,0.299786,13.8324
0.5,1.85,2.2,450,150,rastrigin,6,0.0,0.000457196,3.8147e-06,0.397757,14.7996
0.5,1.9,2.2,450,150,rastrigin,6,0.0,0.0125813,8.01086e-05,0.43228,16.5772
0.5,1.4,2.15,450,150,rastrigin,6,0.0,0.0504057,0.0,0.473254,13.3214
0.5,1.45,2.15,450,150,rastrigin,6,0.0,3.11661e-05,0.0,0.453102,11.3463
0.5,1.5,2.15,450,150,rastrigin,6,0.0,0.00029397,0.0,0.423707,13.3617
0.5,1.6,2.15,450,150,rastrigin,6,0.0,3.34644e-05,0.0,0.390783,11.532
0.5,1.65,2.15,450,150,rastrigin,6,0.0,7.60078e-06,0.0,0.38409,14.4728
0.5,1.8,2.15,450,150,rastrigin,6,0.0,2.43473e-05,0.0,0.341478,16.0402
0.5,1.45,2.1,450,150,rastrigin,6,0.0,0.00447689,0.0,0.436502,11.1281
0.5,1.55,2.1,450,150,rastrigin,6,0.0,2.05183e-05,0.0,0.433552,13.2851
0.5,1.6,2.1,450,150,rastrigin,6,0.0,7.93695e-05,0.0,0.41622,11.5291
0.5,1.75,2.1,450,150,rastrigin,6,0.0,7.16686e-06,0.0,0.34985,15.6541
0.5,1.85,2.1,450,150,rastrigin,6,0.0,0.000131187,0.0,0.377266,15.8489
0.5,1.9,2.1,450,150,rastrigin,6,0.0,0.000440869,0.0,0.371491,16.1539
0.5,2.0,2.1,450,150,rastrigin,6,0.0,0.00114597,2.86102e-05,0.408874,13.7149
0.5,2.05,2.1,450,150,rastrigin,6,0.0,0.0508523,0.000371933,0.480801,16.5598
0.5,1.5,2.05,450,150,rastrigin,6,0.0,0.0498557,0.0,0.474496,13.1324
0.5,1.55,2.05,450,150,rastrigin,6,0.0,0.00406581,0.0,0.425429,13.2459
0.5,1.65,2.05,450,150,rastrigin,6,0.0,2.96593e-06,0.0,0.379083,14.1666
0.5,1.85,2.05,450,150,rastrigin,6,0.0,4.97723e-05,0.0,0.372256,15.6631
0.5,2.0,2.05,450,150,rastrigin,6,0.0,0.000194144,1.90735e-06,0.375424,12.1412
0.5,2.05,2.05,450,150,rastrigin,6,0.0,0.00421325,2.38419e-05,0.427053,16.3727
0.5,1.55,2.0,450,150,rastrigin,6,0.0,3.78895e-05,0.0,0.419205,13.1666
0.5,1.65,2.0,450,150,rastrigin,6,0.0,9.34601e-07,0.0,0.375375,11.2827
0.5,1.7,2.0,450,150,rastrigin,6,0.0,0.000185604,0.0,0.430756,13.6363
0.5,1.75,2.0,450,150,rastrigin,6,0.0,2.98023e-06,0.0,0.356743,15.2279
0.5,1.6,1.95,450,150,rastrigin,6,0.0,0.0331422,0.0,0.43882,10.951
0.5,1.65,1.95,450,150,rastrigin,6,0.0,0.00862395,0.0,0.438641,11.3052
0.5,1.75,1.95,450,150,rastrigin,6,0.0,2.30789e-06,0.0,0.357926,15.1623
0.5,1.8,1.95,450,150,rastrigin,6,0.0,9.25064e-07,0.0,0.324758,15.1399
0.5,1.85,1.95,450,150,rastrigin,6,0.0,1.4019e-06,0.0,0.352016,15.4233
0.5,1.95,1.95,450,150,rastrigin,6,0.0,0.000143361,0.0,0.390053,11.8978
0.5,2.0,1.95,450,150,rastrigin,6,0.0,2.12193e-05,0.0,0.340344,12.0669
0.5,2.05,1.95,450,150,rastrigin,6,0.0,0.000208626,0.0,0.363406,16.0141
0.5,2.15,1.95,450,150,rastrigin,6,0.0,0.00370084,4.3869e-05,0.440572,16.5028
0.5,2.2,1.95,450,150,rastrigin,6,0.0,0.0301848,0.000125885,0.475902,16.7275
0.5,1.6,1.9,450,150,rastrigin,6,0.0,0.0127625,0.0,0.462317,11.0537
0.5,1.65,1.9,450,150,rastrigin,6,0.0,2.63214e-05,0.0,0.411088,11.0039
0.5,1.75,1.9,450,150,rastrigin,6,0.0,2.14338e-05,0.0,0.405587,14.3381
0.5,1.8,1.9,450,150,rastrigin,6,0.0,1.90735e-07,0.0,0.363476,15.0432
0.5,1.85,1.9,450,150,rastrigin,6,0.0,3.37601e-06,0.0,0.3799,15.3394
0.5,2.15,1.9,450,150,rastrigin,6,0.0,0.000956035,3.8147e-06,0.389621,16.3074
0.5,1.65,1.85,450,150,rastrigin,6,0.0,0.0274362,0.0,0.470325,10.9592
0.5,1.7,1.85,450,150,rastrigin,6,0.0,6.5279e-06,0.0,0.440846,14.6758
0.5,1.75,1.85,450,150,rastrigin,6,0.0,1.09673e-07,0.0,0.4076,14.7844
0.5,1.85,1.85,450,150,rastrigin,6,0.0,5.30243e-06,0.0,0.366193,15.2101
0.5,1.9,1.85,450,150,rastrigin,6,0.0,2.28882e-07,0.0,0.330819,14.1446
0.5,2.1,1.85,450,150,rastrigin,6,0.0,1.27029e-05,0.0,0.327904,15.2118
0.5,2.35,1.85,450,150,rastrigin,6,0.0,0.0273617,0.000256538,0.465,12.6149
0.5,1.75,1.8,450,150,rastrigin,6,0.0,9.9659e-07,0.0,0.410295,14.7991
0.5,1.8,1.8,450,150,rastrigin,6,0.0,8.8644e-06,0.0,0.40706,14.9628
0.5,1.95,1.8,450,150,rastrigin,6,0.0,4.67777e-06,0.0,0.356584,12.0985
0.5,2.3,1.8,450,150,rastrigin,6,0.0,0.0022906,2.09808e-05,0.418848,14.9145
0.5,2.4,1.8,450,150,rastrigin,6,0.0,0.0561809,0.000748634,0.477246,15.1099
0.5,1.75,1.75,450,150,rastrigin,6,0.0,3.85761e-06,0.0,0.434172,10.9862
0.5,2.15,1.75,450,150,rastrigin,6,0.0,1.5831e-06,0.0,0.314581,15.6424
0.5,2.2,1.75,450,150,rastrigin,6,0.0,7.61557e-05,0.0,0.383927,16.0028
0.5,2.45,1.75,450,150,rastrigin,6,0.0,0.0131914,0.00028038,0.460197,12.6416
0.5,1.8,1.7,450,150,rastrigin,6,0.0,9.19342e-06,0.0,0.408415,14.7892
0.5,2.05,1.7,450,150,rastrigin,6,0.0,2.16007e-06,0.0,0.35719,15.4178
0.5,2.15,1.7,450,150,rastrigin,6,0.0,8.42094e-06,0.0,0.333834,15.7409
0.5,2.25,1.7,450,150,rastrigin,6,0.0,1.29795e-05,0.0,0.316567,15.6004
0.5,2.45,1.7,450,150,rastrigin,6,0.0,0.013121,8.86917e-05,0.445705,12.5345
0.5,2.5,1.7,450,150,rastrigin,6,0.0,0.0735796,0.00023365,0.520251,16.9785
0.5,1.85,1.65,450,150,rastrigin,6,0.0,3.84808e-06,0.0,0.421209,14.7157
0.5,2.15,1.65,450,150,rastrigin,6,0.0,3.92914e-06,0.0,0.363942,15.5664
0.5,2.2,1.65,450,150,rastrigin,6,0.0,5.72205e-07,0.0,0.338627,15.6771
0.5,2.25,1.65,450,150,rastrigin,6,0.0,4.51565e-06,0.0,0.324125,15.3706
0.5,2.35,1.65,450,150,rastrigin,6,0.0,0.000123224,0.0,0.425161,12.1603
0.5,2.5,1.65,450,150,rastrigin,6,0.0,0.00454352,6.48499e-05,0.473329,16.8129
0.5,2.55,1.65,450,150,rastrigin,6,0.0,0.0214329,0.000388145,0.472383,16.0482
0.5,1.7,1.6,450,150,rastrigin,6,0.0,0.109501,0.0,0.495042,14.2973
0.5,1.8,1.6,450,150,rastrigin,6,0.0,0.0199257,0.0,0.445276,10.9412
0.5,2.3,1.6,450,150,rastrigin,6,0.0,1.46389e-06,0.0,0.308699,15.8595
0.5,2.5,1.6,450,150,rastrigin,6,0.0,0.00067647,7.62939e-06,0.388348,16.5546
0.5,2.55,1.6,450,150,rastrigin,6,0.0,0.0307323,4.19617e-05,0.491159,15.8908
0.5,2.6,1.6,450,150,rastrigin,6,0.0,0.0655447,0.000301361,0.524414,16.7205
0.5,1.8,1.55,450,150,rastrigin,6,0.0,0.00255671,0.0,0.430497,10.895
0.5,1.9,1.55,450,150,rastrigin,6,0.0,1.91212e-06,0.0,0.430008,14.784
0.5,2.35,1.55,450,150,rastrigin,6,0.0,3.08037e-06,0.0,0.299772,15.9526
0.5,1.8,1.5,450,150,rastrigin,6,0.0,0.0572617,0.0,0.467078,10.9522
0.5,2.45,1.5,450,150,rastrigin,6,0.0,1.14679e-05,0.0,0.30232,12.0882
0.5,2.55,1.5,450,150,rastrigin,6,0.0,0.000226717,0.0,0.388048,15.6707
0.5,2.6,1.5,450,150,rastrigin,6,0.0,0.000198603,1.90735e-06,0.379391,16.3251
0.5,1.85,1.45,450,150,rastrigin,6,0.0,3.37791e-05,0.0,0.427237,10.8908
0.5,1.9,1.45,450,150,rastrigin,6,0.0,0.0124835,0.0,0.463573,14.7053
0.5,2.45,1.45,450,150,rastrigin,6,0.0,1.99318e-06,0.0,0.266724,11.915
0.5,2.6,1.45,450,150,rastrigin,6,0.0,7.35044e-05,0.0,0.35729,16.313
0.5,2.7,1.45,450,150,rastrigin,6,0.0,0.00225936,6.77109e-05,0.413448,15.9019
0.5,2.75,1.45,450,150,rastrigin,6,0.0,0.06663,0.000723839,0.495855,12.7989
0.5,1.9,1.4,450,150,rastrigin,6,0.0,3.33786e-08,0.0,0.412124,14.5962
0.5,2.65,1.4,450,150,rastrigin,6,0.0,0.000180516,0.0,0.352045,16.4496
0.5,2.75,1.4,450,150,rastrigin,6,0.0,0.0331367,0.000128746,0.491343,12.7416
0.5,2.8,1.4,450,150,rastrigin,6,0.0,0.00516752,0.000105858,0.422297,16.8045
0.5,1.8,1.35,450,150,rastrigin,6,0.0,0.017445,0.0,0.438021,10.7102
0.5,1.85,1.35,450,150,rastrigin,6,0.0,0.0298669,0.0,0.444109,11.1448
0.5,1.9,1.35,450,150,rastrigin,6,0.0,8.92162e-06,0.0,0.4439,10.8323
0.5,2.8,1.35,450,150,rastrigin,6,0.0,0.00250983,4.57764e-05,0.43496,16.7818
0.5,2.85,1.35,450,150,rastrigin,6,0.0,0.0574778,0.000402451,0.530805,16.9964
0.5,1.8,1.3,450,150,rastrigin,6,0.0,0.0527146,0.0,0.470168,10.7163
0.5,1.85,1.3,450,150,rastrigin,6,0.0,0.00749889,0.0,0.481469,10.9758
0.5,2.65,1.3,450,150,rastrigin,6,0.0,1.23739e-05,0.0,0.32117,16.2651
0.5,2.8,1.3,450,150,rastrigin,6,0.0,0.00260937,1.81198e-05,0.440404,16.6245
0.5,2.85,1.3,450,150,rastrigin,6,0.0,0.0135336,0.000123978,0.4377,16.7531
0.5,2.9,1.3,450,150,rastrigin,6,0.0,0.021657,0.000338554,0.487172,16.9429
0.5,1.7,1.25,450,150,rastrigin,6,0.0,0.121958,0.0,0.514867,14.1601
0.5,1.8,1.25,450,150,rastrigin,6,0.0,6.91414e-07,0.0,0.453278,10.7718
0.5,2.75,1.25,450,150,rastrigin,6,0.0,5.6777e-05,0.0,0.329212,12.3587
0.5,2.95,1.25,450,150,rastrigin,6,0.0,0.0992752,0.00155258,0.519176,13.0249
0.5,1.8,1.2,450,150,rastrigin,6,0.0,0.00249175,0.0,0.447703,10.8295
0.5,2.8,1.2,450,150,rastrigin,6,0.0,1.02043e-05,0.0,0.308967,16.4679
0.5,2.85,1.2,450,150,rastrigin,6,0.0,8.62074e-05,0.0,0.334093,16.4988
0.5,2.95,1.2,450,150,rastrigin,6,0.0,0.00365457,0.00014782,0.423698,12.7275
0.5,1.75,1.15,450,150,rastrigin,6,0.0,1.64509e-06,0.0,0.438661,10.8728
0.5,2.8,1.15,450,150,rastrigin,6,0.0,7.47681e-06,0.0,0.284038,16.4471
0.5,2.85,1.15,450,150,rastrigin,6,0.0,4.47893e-05,0.0,0.282987,16.5421
0.5,3.0,1.15,450,150,rastrigin,6,0.0,0.0121932,0.000155449,0.454295,14.2711
0.5,1.7,1.1,450,150,rastrigin,6,0.0,0.0149295,0.0,0.448199,14.5167
0.5,2.85,1.1,450,150,rastrigin,6,0.0,2.25067e-06,0.0,0.262496,16.5792
0.5,2.9,1.1,450,150,rastrigin,6,0.0,1.41191e-05,0.0,0.291685,16.5404
0.5,3.0,1.1,450,150,rastrigin,6,0.0,0.00112585,2.09808e-05,0.397375,12.7988
0.5,1.65,1.05,450,150,rastrigin,6,0.0,0.00506884,0.0,0.479219,10.9653
0.5,1.6,1.0,450,150,rastrigin,6,0.0,2.1553e-05,0.0,0.474568,11.0454
0.5,1.65,1.0,450,150,rastrigin,6,0.0,0.0177216,0.0,0.454872,11.1838
0.5,3.0,1.0,450,150,rastrigin,6,0.0,0.000129404,0.0,0.337219,12.5514
0.5,3.0,0.95,450,150,rastrigin,6,0.0,6.52361e-05,0.0,0.285006,12.6536
0.5,1.55,0.9,450,150,rastrigin,6,0.0,0.00278323,0.0,0.453269,13.4656
0.5,1.5,0.85,450,150,rastrigin,6,0.0,8.29697e-07,0.0,0.458042,13.6033
0.5,3.0,0.85,450,150,rastrigin,6,0.0,6.92844e-06,0.0,0.231257,12.6748
0.5,1.4,0.7,450,150,rastrigin,6,0.0,9.00269e-06,0.0,0.389829,15.9714
0.5,1.35,0.65,450,150,rastrigin,6,0.0,2.68221e-05,0.0,0.46074,14.5991
0.5,1.4,0.65,450,150,rastrigin,6,0.0,3.44992e-05,0.0,0.420688,16.0777
0.5,1.35,0.6,450,150,rastrigin,6,0.0,0.000677309,0.0,0.42537,14.8536
0.5,1.4,0.6,450,150,rastrigin,6,0.0,1.16253e-05,0.0,0.379881,16.3016
0.5,1.45,0.6,450,150,rastrigin,6,0.0,2.44141e-06,0.0,0.338963,16.5144
0.5,1.25,0.55,450,150,rastrigin,6,0.0,0.00302299,0.0,0.455996,14.5828
0.5,1.3,0.55,450,150,rastrigin,6,0.0,0.000124149,0.0,0.428483,13.7817
0.5,1.35,0.55,450,150,rastrigin,6,0.0,0.000255313,0.0,0.418299,14.8882
0.5,1.4,0.55,450,150,rastrigin,6,0.0,7.00951e-05,0.0,0.31443,16.591
0.5,1.7,0.55,450,150,rastrigin,6,0.0,3.08514e-06,0.0,0.209411,16.8009
0.5,1.75,0.55,450,150,rastrigin,6,0.0,8.01086e-07,0.0,0.177686,12.686
0.5,1.35,0.5,450,150,rastrigin,6,0.0,0.000546694,8.58307e-06,0.330823,15.1242
0.5,1.4,0.5,450,150,rastrigin,6,0.0,0.0011966,7.62939e-06,0.340497,16.8134
0.5,1.75,0.5,450,150,rastrigin,6,0.0,0.000188603,1.14441e-05,0.230333,12.9097
0.5,2.0,0.5,450,150,rastrigin,6,0.0,3.05367e-05,3.8147e-06,0.1585,15.4053
0.5,1.3,0.45,450,150,rastrigin,6,0.0,0.00958101,0.000222206,0.445434,12.6071
0.6,0.05,3.0,450,150,rastrigin,6,0.0,0.00157782,0.00020504,4.44158,14.7273
0.6,0.1,3.0,450,150,rastrigin,6,0.0,0.0185292,0.000175476,4.66552,13.9579
0.6,0.2,3.0,450,150,rastrigin,6,0.0,0.00282216,0.000157356,4.38025,14.6249
0.6,0.4,3.0,450,150,rastrigin,6,0.0,0.00481793,0.000366211,1.60921,15.235
0.6,0.7,3.0,450,150,rastrigin,6,0.0,0.0133025,0.00199413,1.18906,12.1702
0.6,0.35,2.95,450,150,rastrigin,6,0.0,0.0176494,7.43866e-05,1.19953,11.1972
0.6,0.4,2.95,450,150,rastrigin,6,0.0,0.0531399,0.000146866,0.501815,14.8985
0.6,0.55,2.95,450,150,rastrigin,6,0.0,0.0143438,0.000252724,0.436631,14.5036
0.6,0.6,2.9,450,150,rastrigin,6,0.0,0.00220665,0.000125885,0.421657,11.5399
0.6,0.8,2.85,450,150,rastrigin,6,0.0,0.0029567,0.000297546,0.403901,15.9642
0.6,0.75,2.8,450,150,rastrigin,6,0.0,0.00950056,7.15256e-05,0.437425,15.5327
0.6,0.85,2.8,450,150,rastrigin,6,0.0,0.00607165,0.000344276,0.438825,15.8056
0.6,0.85,2.7,450,150,rastrigin,6,0.0,0.00672232,3.8147e-05,0.474159,15.3781
0.6,0.9,2.7,450,150,rastrigin,6,0.0,0.0144967,0.000127792,0.445363,14.9034
0.6,1.05,2.7,450,150,rastrigin,6,0.0,0.0147178,0.000418663,0.45577,15.2007
0.6,1.2,2.7,450,150,rastrigin,6,0.0,0.0270379,0.00555611,0.480292,15.8167
0.6,0.95,2.65,450,150,rastrigin,6,0.0,0.0414147,8.67844e-05,0.464711,15.1385
0.6,1.1,2.65,450,150,rastrigin,6,0.0,0.0017083,0.00025177,0.391844,11.9212
0.6,1.2,2.65,450,150,rastrigin,6,0.0,0.0513231,0.00158882,0.456844,15.5648
0.6,0.9,2.6,450,150,rastrigin,6,0.0,0.023436,1.62125e-05,0.501662,14.4878
0.6,1.0,2.6,450,150,rastrigin,6,0.0,0.00199985,2.47955e-05,0.423715,11.6412
0.6,1.1,2.6,450,150,rastrigin,6,0.0,0.00748625,0.000169754,0.418164,11.8328
0.6,1.25,2.6,450,150,rastrigin,6,0.0,0.0126396,0.00137138,0.44163,12.1368
0.6,1.3,2.6,450,150,rastrigin,6,0.0,0.0312411,0.00351334,0.460018,16.4562
0.6,1.05,2.55,450,150,rastrigin,6,0.0,0.0207201,3.05176e-05,0.439549,14.6433
0.6,1.3,2.55,450,150,rastrigin,6,0.0,0.0783879,0.00160885,0.481739,16.1789
0.6,0.95,2.5,450,150,rastrigin,6,0.0,0.135418,7.62939e-06,0.520031,14.8048
0.6,1.1,2.5,450,150,rastrigin,6,0.0,0.00060647,1.33514e-05,0.409366,11.4912
0.6,1.2,2.5,450,150,rastrigin,6,0.0,0.0161995,7.62939e-05,0.458843,15.0773
0.6,1.35,2.5,450,150,rastrigin,6,0.0,0.00828294,0.000799179,0.42592,12.1977
0.6,1.15,2.45,450,150,rastrigin,6,0.0,0.000615554,7.62939e-06,0.405125,14.7703
0.6,1.2,2.45,450,150,rastrigin,6,0.0,0.00202147,2.95639e-05,0.431838,14.6862
0.6,1.25,2.45,450,150,rastrigin,6,0.0,0.000897059,2.67029e-05,0.37481,11.6419
0.6,1.3,2.45,450,150,rastrigin,6,0.0,0.00371359,0.000152588,0.401002,15.8633
0.6,1.35,2.45,450,150,rastrigin,6,0.0,0.00180711,9.91821e-05,0.388735,12.054
0.6,1.4,2.45,450,150,rastrigin,6,0.0,0.041469,0.00042057,0.455508,17.0621
0.6,1.45,2.45,450,150,rastrigin,6,0.0,0.0128663,0.00203896,0.445049,12.3919
0.6,1.15,2.4,450,150,rastrigin,6,0.0,0.0484969,8.58307e-06,0.472285,14.5778
0.6,1.3,2.4,450,150,rastrigin,6,0.0,0.00187114,3.62396e-05,0.395469,15.7308
0.6,1.45,2.4,450,150,rastrigin,6,0.0,0.00429634,0.000481606,0.40957,12.2974
0.6,1.15,2.35,450,150,rastrigin,6,0.0,0.000877452,0.0,0.428313,14.3302
0.6,1.2,2.35,450,150,rastrigin,6,0.0,0.000476708,0.0,0.40968,14.723
0.6,1.25,2.35,450,150,rastrigin,6,0.0,0.000267096,7.62939e-06,0.443015,12.1325
0.6,1.5,2.35,450,150,rastrigin,6,0.0,0.0315594,0.000356674,0.468979,16.9754
0.6,1.25,2.3,450,150,rastrigin,6,0.0,0.0149128,1.90735e-06,0.452334,11.4882
0.6,1.45,2.3,450,150,rastrigin,6,0.0,0.00255258,5.53131e-05,0.39492,11.904
0.6,1.65,2.3,450,150,rastrigin,6,0.0,0.109867,0.00250149,0.507371,16.5916
0.6,1.3,2.25,450,150,rastrigin,6,0.0,0.000286279,0.0,0.408496,15.4958
0.6,1.65,2.25,450,150,rastrigin,6,0.0,0.0269679,0.00110054,0.458479,16.4828
0.6,1.35,2.2,450,150,rastrigin,6,0.0,0.00861151,0.0,0.444261,11.4446
0.6,1.4,2.2,450,150,rastrigin,6,0.0,0.00685157,5.72205e-06,0.419677,14.4555
0.6,1.45,2.2,450,150,rastrigin,6,0.0,0.000174222,3.8147e-06,0.396446,11.7414
0.6,1.55,2.2,450,150,rastrigin,6,0.0,0.000360298,2.28882e-05,0.344102,12.1299
0.6,1.6,2.2,450,150,rastrigin,6,0.0,0.00323439,0.000106812,0.453946,14.4198
0.6,1.65,2.2,450,150,rastrigin,6,0.0,0.00974856,0.000226974,0.409435,16.1774
0.6,1.35,2.15,450,150,rastrigin,6,0.0,0.000295219,0.0,0.435668,11.4732
0.6,1.4,2.15,450,150,rastrigin,6,0.0,0.000276895,0.0,0.393915,15.322
0.6,1.45,2.15,450,150,rastrigin,6,0.0,0.000603194,0.0,0.426853,11.772
0.6,1.55,2.15,450,150,rastrigin,6,0.0,0.000176759,3.8147e-06,0.343388,11.8571
0.6,1.65,2.15,450,150,rastrigin,6,0.0,0.00112148,4.86374e-05,0.423964,11.9581
0.6,1.8,2.15,450,150,rastrigin,6,0.0,0.0759357,0.0017519,0.49962,16.5557
0.6,1.35,2.1,450,150,rastrigin,6,0.0,0.0723221,0.0,0.473733,11.3962
0.6,1.4,2.1,450,150,rastrigin,6,0.0,0.000298028,0.0,0.425493,15.1233
0.6,1.45,2.1,450,150,rastrigin,6,0.0,0.000599093,0.0,0.430872,11.7059
0.6,1.55,2.1,450,150,rastrigin,6,0.0,0.000710049,0.0,0.398539,11.6957
0.6,1.7,2.1,450,150,rastrigin,6,0.0,0.00335063,0.000119209,0.423449,12.2306
0.6,1.4,2.05,450,150,rastrigin,6,0.0,7.39527e-05,0.0,0.476452,14.9507
0.6,1.45,2.05,450,150,rastrigin,6,0.0,0.00357733,0.0,0.451879,11.6092
0.6,1.6,2.05,450,150,rastrigin,6,0.0,9.54342e-05,0.0,0.378659,15.9762
0.6,1.8,2.05,450,150,rastrigin,6,0.0,0.00610287,0.000123024,0.439562,16.147
0.6,1.4,2.0,450,150,rastrigin,6,0.0,0.0652661,0.0,0.459385,14.8149
0.6,1.8,2.0,450,150,rastrigin,6,0.0,0.00189651,2.67029e-05,0.426407,17.2895
0.6,1.85,2.0,450,150,rastrigin,6,0.0,0.00158317,9.25064e-05,0.423919,16.243
0.6,1.95,2.0,450,150,rastrigin,6,0.0,0.054416,0.00108624,0.483481,16.452
0.6,1.6,1.95,450,150,rastrigin,6,0.0,0.00030797,0.0,0.395734,15.6684
0.6,1.8,1.95,450,150,rastrigin,6,0.0,0.000580955,1.23978e-05,0.407167,15.8851
0.6,1.6,1.9,450,150,rastrigin,6,0.0,1.67084e-05,0.0,0.383987,15.4881
0.6,1.7,1.9,450,150,rastrigin,6,0.0,4.52995e-05,0.0,0.37,11.6904
0.6,1.75,1.9,450,150,rastrigin,6,0.0,0.00019227,0.0,0.387452,15.7538
0.6,2.15,1.9,450,150,rastrigin,6,0.0,0.179889,0.0151491,0.616898,14.2673
0.6,1.5,1.85,450,150,rastrigin,6,0.0,0.0498949,0.0,0.468328,14.7862
0.6,1.65,1.85,450,150,rastrigin,6,0.0,0.000133934,0.0,0.446437,11.6151
0.6,1.8,1.85,450,150,rastrigin,6,0.0,3.83329e-05,0.0,0.307645,15.646
0.6,1.9,1.85,450,150,rastrigin,6,0.0,0.00058845,1.33514e-05,0.400693,16.4396
0.6,1.7,1.8,450,150,rastrigin,6,0.0,1.24693e-05,0.0,0.379402,11.6734
0.6,2.05,1.8,450,150,rastrigin,6,0.0,0.000709157,4.86374e-05,0.357816,13.5883
0.6,2.1,1.8,450,150,rastrigin,6,0.0,0.0111851,0.000244141,0.461729,12.4493
0.6,1.5,1.75,450,150,rastrigin,6,0.0,0.0996027,0.0,0.50698,14.5683
0.6,1.6,1.75,450,150,rastrigin,6,0.0,0.0126963,0.0,0.469033,15.1401
0.6,1.75,1.75,450,150,rastrigin,6,0.0,5.77927e-06,0.0,0.361484,15.187
0.6,1.9,1.75,450,150,rastrigin,6,0.0,0.000117087,0.0,0.37492,16.1907
0.6,1.95,1.75,450,150,rastrigin,6,0.0,4.10795e-05,0.0,0.34212,15.7683
0.6,2.0,1.75,450,150,rastrigin,6,0.0,0.000435848,1.33514e-05,0.37022,16.2324
0.6,2.1,1.75,450,150,rastrigin,6,0.0,0.00299286,5.53131e-05,0.417621,12.1798
0.6,1.6,1.7,450,150,rastrigin,6,0.0,5.77211e-05,0.0,0.470347,14.6147
0.6,1.65,1.7,450,150,rastrigin,6,0.0,1.28174e-05,0.0,0.413879,11.3621
0.6,1.7,1.7,450,150,rastrigin,6,0.0,2.80762e-05,0.0,0.40924,11.38
0.6,1.75,1.7,450,150,rastrigin,6,0.0,4.25339e-06,0.0,0.377069,15.1263
0.6,1.8,1.7,450,150,rastrigin,6,0.0,3.35455e-05,0.0,0.366679,15.3296
0.6,1.85,1.7,450,150,rastrigin,6,0.0,7.65324e-06,0.0,0.337548,15.3831
0.6,2.1,1.7,450,150,rastrigin,6,0.0,0.000978188,2.95639e-05,0.389159,12.0584
0.6,2.2,1.7,450,150,rastrigin,6,0.0,0.00424826,0.000260353,0.434205,16.2658
0.6,1.55,1.65,450,150,rastrigin,6,0.0,0.0846904,0.0,0.506049,11.0485
0.6,1.7,1.6,450,150,rastrigin,6,0.0,7.94077e-05,0.0,0.420197,11.2135
0.6,1.85,1.6,450,150,rastrigin,6,0.0,1.19209e-06,0.0,0.324762,15.1528
0.6,2.0,1.6,450,150,rastrigin,6,0.0,7.20024e-06,0.0,0.336761,14.9834
0.6,2.05,1.6,450,150,rastrigin,6,0.0,7.07817e-05,0.0,0.33022,11.8009
0.6,2.1,1.6,450,150,rastrigin,6,0.0,2.40612e-05,0.0,0.361514,12.0265
0.6,2.3,1.6,450,150,rastrigin,6,0.0,0.00473956,0.000299454,0.39121,12.4403
0.6,2.35,1.6,450,150,rastrigin,6,0.0,0.0333676,0.000555992,0.473861,12.595
0.6,1.65,1.55,450,150,rastrigin,6,0.0,0.0374993,0.0,0.441944,10.7572
0.6,1.75,1.55,450,150,rastrigin,6,0.0,1.70231e-06,0.0,0.390846,15.7512
0.6,1.8,1.55,450,150,rastrigin,6,0.0,1.55735e-05,0.0,0.38219,15.1008
0.6,1.95,1.55,450,150,rastrigin,6,0.0,6.96182e-06,0.0,0.33333,15.6097
0.6,2.0,1.55,450,150,rastrigin,6,0.0,1.50442e-05,0.0,0.349001,15.7432
0.6,2.05,1.55,450,150,rastrigin,6,0.0,2.08378e-06,0.0,0.287058,11.6794
0.6,1.65,1.5,450,150,rastrigin,6,0.0,4.88281e-06,0.0,0.437322,11.0097
0.6,1.7,1.5,450,150,rastrigin,6,0.0,4.40598e-06,0.0,0.393896,11.0304
0.6,1.75,1.5,450,150,rastrigin,6,0.0,3.97301e-05,0.0,0.409902,14.8956
0.6,1.8,1.5,450,150,rastrigin,6,0.0,8.46386e-06,0.0,0.415388,15.0565
0.6,1.85,1.5,450,150,rastrigin,6,0.0,1.91689e-06,0.0,0.3504,15.4978
0.6,2.05,1.5,450,150,rastrigin,6,0.0,3.1805e-06,0.0,0.318946,12.9536
0.6,2.1,1.5,450,150,rastrigin,6,0.0,7.70092e-06,0.0,0.283866,12.221
0.6,2.15,1.5,450,150,rastrigin,6,0.0,6.9952e-06,0.0,0.291876,11.937
0.6,2.45,1.5,450,150,rastrigin,6,0.0,0.00663198,0.000487328,0.432802,17.5308
0.6,1.75,1.45,450,150,rastrigin,6,0.0,2.17438e-06,0.0,0.397378,14.674
0.6,2.45,1.45,450,150,rastrigin,6,0.0,0.00635801,0.000333786,0.423473,17.4711
0.6,2.55,1.45,450,150,rastrigin,6,0.0,0.0420473,0.00179958,0.464148,17.1171
0.6,1.65,1.4,450,150,rastrigin,6,0.0,0.0224063,0.0,0.477572,10.7483
0.6,1.7,1.4,450,150,rastrigin,6,0.0,0.00997543,0.0,0.445754,11.2126
0.6,2.2,1.4,450,150,rastrigin,6,0.0,9.52244e-06,0.0,0.308783,15.7775
0.6,2.5,1.4,450,150,rastrigin,6,0.0,0.00173869,0.000163078,0.401629,12.4795
0.6,2.55,1.4,450,150,rastrigin,6,0.0,0.0530179,0.0012207,0.489239,16.9121
0.6,1.65,1.35,450,150,rastrigin,6,0.0,0.00998074,0.0,0.470923,10.9469
0.6,2.55,1.35,450,150,rastrigin,6,0.0,0.00422008,0.000283241,0.428957,17.0091
0.6,1.6,1.3,450,150,rastrigin,6,0.0,0.129609,0.0,0.510838,14.0642
0.6,1.65,1.3,450,150,rastrigin,6,0.0,0.042352,0.0,0.48684,10.9385
0.6,1.8,1.3,450,150,rastrigin,6,0.0,1.84059e-06,0.0,0.403992,14.9955
0.6,2.35,1.3,450,150,rastrigin,6,0.0,2.23589e-05,0.0,0.321226,15.9947
0.6,1.7,1.25,450,150,rastrigin,6,0.0,1.70231e-06,0.0,0.410604,11.0661
0.6,1.8,1.25,450,150,rastrigin,6,0.0,2.02179e-06,0.0,0.416664,14.7628
0.6,2.45,1.25,450,150,rastrigin,6,0.0,3.94678e-05,0.0,0.291363,16.9992
0.6,2.55,1.25,450,150,rastrigin,6,0.0,0.000781736,5.14984e-05,0.349752,16.8377
0.6,1.65,1.2,450,150,rastrigin,6,0.0,0.0130975,0.0,0.494732,10.9034
0.6,1.7,1.2,450,150,rastrigin,6,0.0,0.000105343,0.0,0.440682,11.0702
0.6,2.55,1.2,450,150,rastrigin,6,0.0,2.37656e-05,1.90735e-06,0.257605,15.6391
0.6,2.7,1.2,450,150,rastrigin,6,0.0,0.0138357,0.000542641,0.458281,14.0575
0.6,1.6,1.15,450,150,rastrigin,6,0.0,0.0447841,0.0,0.491873,13.9015
0.6,2.5,1.1,450,150,rastrigin,6,0.0,6.14166e-06,0.0,0.262575,12.3078
0.6,2.6,1.1,450,150,rastrigin,6,0.0,5.93805e-05,2.86102e-06,0.278643,16.5582
0.6,2.7,1.1,450,150,rastrigin,6,0.0,0.000697226,5.05447e-05,0.356783,12.5412
0.6,2.5,1.05,450,150,rastrigin,6,0.0,2.66552e-06,0.0,0.176678,17.0766
0.6,2.65,1.05,450,150,rastrigin,6,0.0,2.48051e-05,1.90735e-06,0.22965,16.3625
0.6,1.5,1.0,450,150,rastrigin,6,0.0,0.109805,0.0,0.551786,11.1547
0.6,2.55,1.0,450,150,rastrigin,6,0.0,6.96182e-07,0.0,0.176069,15.6712
0.6,2.65,1.0,450,150,rastrigin,6,0.0,7.40576e-05,0.0,0.272934,16.4172
0.6,2.8,1.0,450,150,rastrigin,6,0.0,0.00343248,0.000279427,0.404941,16.9149
0.6,2.9,1.0,450,150,rastrigin,6,0.0,0.0105156,0.00159073,0.428952,17.3139
0.6,1.55,0.95,450,150,rastrigin,6,0.0,7.94411e-06,0.0,0.414566,11.1999
0.6,2.9,0.95,450,150,rastrigin,6,0.0,0.0233646,0.000834465,0.478784,17.1661
0.6,1.5,0.9,450,150,rastrigin,6,0.0,2.5034e-06,0.0,0.404164,11.2501
0.6,3.0,0.9,450,150,rastrigin,6,0.0,0.123424,0.0128822,0.609939,17.5522
0.6,1.45,0.85,450,150,rastrigin,6,0.0,0.000174069,0.0,0.439374,16.1792
0.6,2.7,0.85,450,150,rastrigin,6,0.0,1.3876e-05,0.0,0.182522,12.5331
0.6,1.4,0.8,450,150,rastrigin,6,0.0,2.57635e-05,0.0,0.43041,14.621
0.6,1.45,0.8,450,150,rastrigin,6,0.0,1.21593e-05,0.0,0.406732,15.3569
0.6,2.75,0.8,450,150,rastrigin,6,0.0,6.58035e-06,0.0,0.182418,17.5584
0.6,3.0,0.8,450,150,rastrigin,6,0.0,0.0200169,0.00178528,0.453895,17.4701
0.6,1.4,0.75,450,150,rastrigin,6,0.0,5.8651e-07,0.0,0.395589,14.8142
0.6,3.0,0.75,450,150,rastrigin,6,0.0,0.0111867,0.000922203,0.468547,17.5728
0.6,1.25,0.7,450,150,rastrigin,6,0.0,0.0835589,0.0,0.510718,14.8551
0.6,3.0,0.7,450,150,rastrigin,6,0.0,0.00602796,0.000340462,0.389366,17.5806
0.6,1.25,0.65,450,150,rastrigin,6,0.0,0.0207103,0.0,0.492707,15.0247
0.6,2.9,0.65,450,150,rastrigin,6,0.0,0.000455909,1.33514e-05,0.283622,17.387
0.6,3.0,0.65,450,150,rastrigin,6,0.0,0.0032338,0.000185013,0.342901,17.5858
0.6,2.95,0.6,450,150,rastrigin,6,0.0,0.00181983,0.000113487,0.301013,17.9389
0.6,3.0,0.55,450,150,rastrigin,6,0.0,0.00342332,0.000296593,0.365324,17.8162
0.6,2.75,0.5,450,150,rastrigin,6,0.0,1.51682e-05,0.0,0.136989,17.5313
0.6,3.0,0.5,450,150,rastrigin,6,0.0,0.00566524,0.000220299,0.374095,17.8462
0.6,1.25,0.45,450,150,rastrigin,6,0.0,0.000544138,0.0,0.343283,17.0655
0.6,1.4,0.45,450,150,rastrigin,6,0.0,0.000109596,0.0,0.298691,16.2122
0.6,1.45,0.45,450,150,rastrigin,6,0.0,4.78125e-05,0.0,0.231888,17.0495
0.6,1.5,0.45,450,150,rastrigin,6,0.0,0.000104508,0.0,0.30119,12.7718
0.6,1.75,0.45,450,150,rastrigin,6,0.0,1.89972e-05,0.0,0.18387,17.3077
0.6,1.8,0.45,450,150,rastrigin,6,0.0,5.21183e-06,0.0,0.144021,17.4288
0.6,1.85,0.45,450,150,rastrigin,6,0.0,2.23589e-05,0.0,0.156064,17.5074
0.6,2.4,0.45,450,150,rastrigin,6,0.0,1.89352e-05,0.0,0.102401,17.5948
0.6,2.95,0.45,450,150,rastrigin,6,0.0,0.0022303,0.000274658,0.276351,18.094
0.6,1.15,0.4,450,150,rastrigin,6,0.0,0.0105786,2.76566e-05,0.468945,12.8223
0.6,2.0,0.4,450,150,rastrigin,6,0.0,0.000873375,0.000134468,0.196059,17.9353
0.6,1.1,0.35,450,150,rastrigin,6,0.0,0.0533301,0.00132179,0.531769,16.5375
0.6,2.15,0.35,450,150,rastrigin,6,0.0,0.0289658,0.0212698,0.314185,18.1388
0.6,2.5,0.35,450,150,rastrigin,6,0.0,0.0124784,0.00551891,0.274077,18.8156
0.7,0.6,2.6,450,150,rastrigin,6,0.0,0.0301992,0.00475979,0.489705,13.0787
0.7,0.55,2.55,450,150,rastrigin,6,0.0,0.0430778,0.00234795,0.500474,15.4338
0.7,0.75,2.55,450,150,rastrigin,6,0.0,0.01059,0.00291824,0.42545,15.8433
0.7,0.85,2.5,450,150,rastrigin,6,0.0,0.0221625,0.00259304,0.475471,15.825
0.7,0.85,2.45,450,150,rastrigin,6,0.0,0.0909169,0.00351334,0.504989,15.7611
0.7,1.0,2.25,450,150,rastrigin,6,0.0,0.0330347,0.000484467,0.47019,15.8622
0.7,1.05,2.2,450,150,rastrigin,6,0.0,0.0892604,0.00113106,0.512155,15.4806
0.7,0.95,2.15,450,150,rastrigin,6,0.0,0.191239,0.000699997,0.561449,15.4461
0.7,1.25,2.15,450,150,rastrigin,6,0.0,0.02173,0.000675201,0.440686,13.2593
0.7,1.3,2.15,450,150,rastrigin,6,0.0,0.0907054,0.00358105,0.511677,16.7323
0.7,1.35,2.15,450,150,rastrigin,6,0.0,0.0393072,0.0033865,0.464749,13.5509
0.7,1.35,2.1,450,150,rastrigin,6,0.0,0.0190554,0.00120163,0.459188,13.5144
0.7,1.2,2.05,450,150,rastrigin,6,0.0,0.00996261,0.000116348,0.442566,15.7813
0.7,1.25,2.05,450,150,rastrigin,6,0.0,0.0675771,0.000256538,0.496467,15.3348
0.7,1.3,2.05,450,150,rastrigin,6,0.0,0.0511818,0.000513077,0.461396,16.4921
0.7,1.35,2.05,450,150,rastrigin,6,0.0,0.0105974,0.000541687,0.42194,13.2907
0.7,1.25,2.0,450,150,rastrigin,6,0.0,0.00694301,0.000102997,0.439613,13.1396
0.7,1.35,1.95,450,150,rastrigin,6,0.0,0.0376852,0.00018692,0.46748,12.9861
0.7,1.4,1.95,450,150,rastrigin,6,0.0,0.00445965,0.000250816,0.46632,13.156
0.7,1.5,1.95,450,150,rastrigin,6,0.0,0.00429084,0.000455856,0.420466,13.4165
0.7,1.6,1.95,450,150,rastrigin,6,0.0,0.126894,0.00479221,0.511489,16.3804
0.7,1.45,1.9,450,150,rastrigin,6,0.0,0.00200033,0.000193596,0.410098,16.5031
0.7,1.3,1.85,450,150,rastrigin,6,0.0,0.0172129,2.86102e-05,0.469645,16.3213
0.7,1.45,1.85,450,150,rastrigin,6,0.0,0.0270398,0.000123978,0.464117,16.5008
0.7,1.25,1.8,450,150,rastrigin,6,0.0,0.0222984,2.86102e-06,0.462115,12.6517
0.7,1.4,1.8,450,150,rastrigin,6,0.0,0.0441892,5.62668e-05,0.480599,13.1066
0.7,1.45,1.8,450,150,rastrigin,6,0.0,0.00387228,4.29153e-05,0.431572,16.4223
0.7,1.5,1.8,450,150,rastrigin,6,0.0,0.000908666,8.67844e-05,0.425034,13.2345
0.7,1.6,1.8,450,150,rastrigin,6,0.0,0.00277718,0.000265121,0.429458,15.9435
0.7,1.8,1.8,450,150,rastrigin,6,0.0,0.0289922,0.00469685,0.473962,16.8778
0.7,1.4,1.75,450,150,rastrigin,6,0.0,0.0172108,1.52588e-05,0.459124,12.7641
0.7,1.45,1.75,450,150,rastrigin,6,0.0,0.0373225,4.76837e-05,0.446464,16.242
0.7,1.5,1.75,450,150,rastrigin,6,0.0,0.0175108,5.91278e-05,0.459616,13.1573
0.7,1.4,1.7,450,150,rastrigin,6,0.0,0.000442719,3.8147e-06,0.437053,12.737
0.7,1.45,1.7,450,150,rastrigin,6,0.0,0.0004776,9.53674e-06,0.417329,16.1375
0.7,1.5,1.7,450,150,rastrigin,6,0.0,0.00147179,2.28882e-05,0.413411,12.8941
0.7,1.55,1.7,450,150,rastrigin,6,0.0,0.0131159,6.58035e-05,0.439403,16.0029
0.7,1.65,1.7,450,150,rastrigin,6,0.0,0.0119732,0.000165939,0.466761,13.2067
0.7,1.7,1.7,450,150,rastrigin,6,0.0,0.00178523,0.000139236,0.407561,15.853
0.7,1.75,1.7,450,150,rastrigin,6,0.0,0.0181822,0.000552177,0.450265,16.1384
0.7,1.8,1.7,450,150,rastrigin,6,0.0,0.00885064,0.000508308,0.474514,16.6603
0.7,1.85,1.7,450,150,rastrigin,6,0.0,0.0433493,0.00141716,0.479287,16.2992
0.7,1.35,1.65,450,150,rastrigin,6,0.0,0.0354687,1.90735e-06,0.461292,12.6638
0.7,1.4,1.6,450,150,rastrigin,6,0.0,0.092201,5.72205e-06,0.484039,12.7251
0.7,1.5,1.6,450,150,rastrigin,6,0.0,0.0258244,1.43051e-05,0.430187,13.128
0.7,1.3,1.55,450,150,rastrigin,6,0.0,0.219325,2.95639e-05,0.561087,15.8595
0.7,1.45,1.55,450,150,rastrigin,6,0.0,0.00846415,0.0,0.414605,15.8632
0.7,1.5,1.55,450,150,rastrigin,6,0.0,0.0235192,1.90735e-06,0.467954,12.8597
0.7,1.55,1.55,450,150,rastrigin,6,0.0,0.000212975,1.90735e-06,0.425006,15.7638
0.7,1.85,1.55,450,150,rastrigin,6,0.0,0.00359655,0.000164986,0.441315,16.0457
0.7,1.95,1.55,450,150,rastrigin,6,0.0,0.0136387,0.000920296,0.439832,16.5613
0.7,1.45,1.5,450,150,rastrigin,6,0.0,0.00954443,0.0,0.438592,15.8648
0.7,1.5,1.5,450,150,rastrigin,6,0.0,0.000243845,0.0,0.412569,12.6783
0.7,1.55,1.5,450,150,rastrigin,6,0.0,0.000882344,3.8147e-06,0.422728,15.7336
0.7,1.6,1.5,450,150,rastrigin,6,0.0,0.000123582,1.90735e-06,0.372642,15.4377
0.7,1.65,1.5,450,150,rastrigin,6,0.0,0.000393744,9.53674e-06,0.413485,12.9625
0.7,1.5,1.45,450,150,rastrigin,6,0.0,0.000377707,0.0,0.415428,12.6939
0.7,1.55,1.45,450,150,rastrigin,6,0.0,0.0177748,0.0,0.443661,15.6391
0.7,1.65,1.45,450,150,rastrigin,6,0.0,6.87456e-05,0.0,0.35304,12.9551
0.7,2.15,1.45,450,150,rastrigin,6,0.0,0.0842814,0.00383377,0.506686,17.4488
0.7,1.5,1.4,450,150,rastrigin,6,0.0,0.0823188,0.0,0.50605,12.7036
0.7,1.55,1.4,450,150,rastrigin,6,0.0,5.98812e-05,0.0,0.408835,15.5176
0.7,1.6,1.4,450,150,rastrigin,6,0.0,3.10516e-05,0.0,0.361984,15.3731
0.7,1.65,1.4,450,150,rastrigin,6,0.0,0.000158005,9.53674e-07,0.367157,12.9538
0.7,1.75,1.4,450,150,rastrigin,6,0.0,2.69461e-05,0.0,0.341497,17.4957
0.7,1.55,1.35,450,150,rastrigin,6,0.0,0.000280213,0.0,0.43029,15.4746
0.7,1.7,1.35,450,150,rastrigin,6,0.0,6.01196e-05,0.0,0.370049,17.0263
0.7,1.75,1.35,450,150,rastrigin,6,0.0,8.80051e-05,0.0,0.380429,15.8861
0.7,1.7,1.3,450,150,rastrigin,6,0.0,3.57199e-05,0.0,0.364248,16.7982
0.7,2.2,1.3,450,150,rastrigin,6,0.0,0.0141099,0.00118542,0.45779,17.9468
0.7,1.4,1.25,450,150,rastrigin,6,0.0,0.134648,0.0,0.529913,12.4342
0.7,1.65,1.25,450,150,rastrigin,6,0.0,2.03943e-05,0.0,0.385954,12.7804
0.7,1.9,1.25,450,150,rastrigin,6,0.0,0.000118766,3.8147e-06,0.309342,16.2133
0.7,2.05,1.2,450,150,rastrigin,6,0.0,0.000200534,2.28882e-05,0.335254,17.5146
0.7,1.35,1.15,450,150,rastrigin,6,0.0,0.1468,0.0,0.532344,12.3356
0.7,1.8,1.15,450,150,rastrigin,6,0.0,1.13726e-05,0.0,0.278884,16.9192
0.7,2.15,1.15,450,150,rastrigin,6,0.0,0.000368948,2.28882e-05,0.325115,18.4795
0.7,1.4,1.1,450,150,rastrigin,6,0.0,0.0945657,0.0,0.523774,12.3086
0.7,1.45,1.1,450,150,rastrigin,6,0.0,2.55108e-05,0.0,0.443036,15.7755
0.7,1.5,1.1,450,150,rastrigin,6,0.0,8.94976e-05,0.0,0.438121,12.5351
0.7,1.55,1.1,450,150,rastrigin,6,0.0,9.66549e-06,0.0,0.438136,15.5101
0.7,1.6,1.1,450,150,rastrigin,6,0.0,1.1301e-06,0.0,0.368387,14.9641
0.7,1.8,1.1,450,150,rastrigin,6,0.0,4.99249e-06,0.0,0.321329,15.9002
0.7,1.95,1.1,450,150,rastrigin,6,0.0,1.88351e-05,0.0,0.291518,16.0629
0.7,2.35,1.1,450,150,rastrigin,6,0.0,0.00374846,0.000732422,0.403743,13.9467
0.7,2.45,1.1,450,150,rastrigin,6,0.0,0.0288917,0.00399303,0.495945,17.6817
0.7,1.45,1.05,450,150,rastrigin,6,0.0,1.84059e-06,0.0,0.385911,15.7303
0.7,2.05,1.05,450,150,rastrigin,6,0.0,3.21245e-05,0.0,0.251656,16.6604
0.7,2.5,1.05,450,150,rastrigin,6,0.0,0.0129691,0.00317574,0.428036,17.4217
0.7,1.4,1.0,450,150,rastrigin,6,0.0,0.0601886,0.0,0.508927,12.618
0.7,1.45,1.0,450,150,rastrigin,6,0.0,8.90064e-05,0.0,0.42253,15.8
0.7,1.5,1.0,450,150,rastrigin,6,0.0,1.53542e-06,0.0,0.342569,12.5549
0.7,1.55,1.0,450,150,rastrigin,6,0.0,3.43323e-06,0.0,0.33157,15.5458
0.7,1.9,1.0,450,150,rastrigin,6,0.0,1.18732e-06,0.0,0.228893,16.0433
0.7,1.45,0.95,450,150,rastrigin,6,0.0,3.91912e-05,0.0,0.425325,15.9808
0.7,1.5,0.95,450,150,rastrigin,6,0.0,7.39098e-07,0.0,0.351224,12.7538
0.7,1.55,0.95,450,150,rastrigin,6,0.0,6.76155e-06,0.0,0.331057,15.6669
0.7,1.9,0.95,450,150,rastrigin,6,0.0,4.49181e-06,0.0,0.224966,16.869
0.7,1.95,0.95,450,150,rastrigin,6,0.0,2.0504e-06,0.0,0.213231,16.1494
0.7,2.05,0.95,450,150,rastrigin,6,0.0,3.11995e-05,0.0,0.25977,16.5507
0.7,2.1,0.95,450,150,rastrigin,6,0.0,5.95093e-06,0.0,0.168321,16.4036
0.7,2.5,0.95,450,150,rastrigin,6,0.0,0.023012,0.00294781,0.462131,17.6742
0.7,1.5,0.9,450,150,rastrigin,6,0.0,1.01089e-06,0.0,0.325668,12.7915
0.7,1.55,0.9,450,150,rastrigin,6,0.0,3.93391e-06,0.0,0.34696,15.6591
0.7,1.6,0.9,450,150,rastrigin,6,0.0,2.18868e-06,0.0,0.301549,15.3666
0.7,1.9,0.9,450,150,rastrigin,6,0.0,2.65598e-06,0.0,0.207897,16.3129
0.7,1.4,0.85,450,150,rastrigin,6,0.0,2.86436e-05,0.0,0.386661,12.74
0.7,1.45,0.85,450,150,rastrigin,6,0.0,6.04153e-06,0.0,0.379874,15.0628
0.7,2.25,0.85,450,150,rastrigin,6,0.0,7.4935e-05,3.8147e-06,0.241103,14.168
0.7,2.45,0.85,450,150,rastrigin,6,0.0,0.00303882,0.000392914,0.370446,18.6816
0.7,1.3,0.8,450,150,rastrigin,6,0.0,0.0435915,0.0,0.460559,15.5687
0.7,2.1,0.8,450,150,rastrigin,6,0.0,7.60078e-06,0.0,0.226856,16.5565
0.7,1.25,0.75,450,150,rastrigin,6,0.0,0.00333535,0.0,0.454867,13.0069
0.7,1.4,0.75,450,150,rastrigin,6,0.0,6.86646e-07,0.0,0.332211,12.9011
0.7,1.25,0.7,450,150,rastrigin,6,0.0,0.00363169,0.0,0.477276,13.1597
0.7,2.05,0.7,450,150,rastrigin,6,0.0,1.91689e-06,0.0,0.146521,16.9401
0.7,2.15,0.7,450,150,rastrigin,6,0.0,8.46386e-06,0.0,0.166243,17.0819
0.7,1.2,0.65,450,150,rastrigin,6,0.0,0.000233417,0.0,0.456944,15.8319
0.7,2.45,0.65,450,150,rastrigin,6,0.0,0.000960097,0.000112534,0.249963,18.6999
0.7,1.15,0.6,450,150,rastrigin,6,0.0,0.00536131,0.0,0.518549,15.3996
0.7,2.05,0.6,450,150,rastrigin,6,0.0,2.17438e-06,0.0,0.120984,17.2733
0.7,2.35,0.6,450,150,rastrigin,6,0.0,4.32873e-05,1.90735e-06,0.164919,18.1368
0.7,2.4,0.6,450,150,rastrigin,6,0.0,0.000123219,9.53674e-06,0.238597,14.5435
0.7,1.1,0.55,450,150,rastrigin,6,0.0,0.000581188,0.0,0.453151,16.239
0.7,2.0,0.5,450,150,rastrigin,6,0.0,1.63078e-06,0.0,0.114597,17.6325
0.7,2.1,0.5,450,150,rastrigin,6,0.0,1.01137e-05,0.0,0.109114,17.4343
0.7,2.3,0.5,450,150,rastrigin,6,0.0,3.79944e-05,1.90735e-06,0.18196,14.7265
0.7,1.0,0.45,450,150,rastrigin,6,0.0,0.0107876,3.8147e-06,0.446618,16.873
0.7,1.05,0.45,450,150,rastrigin,6,0.0,0.0466926,0.0,0.499044,16.785
0.7,1.5,0.45,450,150,rastrigin,6,0.0,1.5831e-06,0.0,0.171715,14.2424
0.7,1.65,0.45,450,150,rastrigin,6,0.0,2.70367e-06,0.0,0.150216,14.3562
0.7,1.9,0.45,450,150,rastrigin,6,0.0,1.84059e-06,0.0,0.144222,18.3091
0.7,1.0,0.4,450,150,rastrigin,6,0.0,0.00795673,1.90735e-06,0.440224,17.2159
0.7,1.05,0.4,450,150,rastrigin,6,0.0,0.00216416,1.90735e-06,0.414521,17.139
0.7,1.75,0.4,450,150,rastrigin,6,0.0,6.07491e-06,0.0,0.120993,17.7088
0.7,1.9,0.4,450,150,rastrigin,6,0.0,1.62077e-05,0.0,0.119914,18.0622
0.7,1.4,0.35,450,150,rastrigin,6,0.0,0.000881634,1.33514e-05,0.307929,14.6251
0.7,1.45,0.35,450,150,rastrigin,6,0.0,0.000265002,7.62939e-06,0.211488,17.6412
0.7,1.5,0.35,450,150,rastrigin,6,0.0,0.000825906,2.57492e-05,0.231522,14.8201
0.7,1.1,0.3,450,150,rastrigin,6,0.0,0.0307471,0.00272655,0.417653,17.5806
0.7,1.35,0.3,450,150,rastrigin,6,0.0,0.0183777,0.00405598,0.350597,14.993
0.8,1.3,1.3,450,150,rastrigin,6,0.0,0.0262819,0.000746727,0.449845,16.016
0.8,1.25,1.25,450,150,rastrigin,6,0.0,0.118539,0.000871658,0.526664,16.0192
0.8,1.45,1.25,450,150,rastrigin,6,0.0,0.0125031,0.00145626,0.484663,16.2706
0.8,1.1,1.2,450,150,rastrigin,6,0.0,0.173861,0.000376701,0.55462,16.9255
0.8,1.25,1.2,450,150,rastrigin,6,0.0,0.110667,0.000553131,0.530147,16.0468
0.8,1.4,1.2,450,150,rastrigin,6,0.0,0.106257,0.00118923,0.510562,13.5559
0.8,1.55,1.2,450,150,rastrigin,6,0.0,0.0984551,0.00437927,0.527415,13.772
0.8,1.35,1.15,450,150,rastrigin,6,0.0,0.089816,0.000720978,0.512435,16.0428
0.8,1.4,1.15,450,150,rastrigin,6,0.0,0.00386519,0.000414848,0.456582,13.3385
0.8,1.5,1.15,450,150,rastrigin,6,0.0,0.0524848,0.00111389,0.523595,16.2239
0.8,1.25,1.1,450,150,rastrigin,6,0.0,0.0189673,0.000144005,0.485786,15.6575
0.8,1.3,1.1,450,150,rastrigin,6,0.0,0.0145017,0.000127792,0.479761,15.8397
0.8,1.35,1.1,450,150,rastrigin,6,0.0,0.0023821,0.000335693,0.414439,16.0114
0.8,1.4,1.1,450,150,rastrigin,6,0.0,0.00241987,0.000341415,0.441711,13.3133
0.8,1.45,1.1,450,150,rastrigin,6,0.0,0.004814,0.000468254,0.457072,15.9213
0.8,1.1,1.05,450,150,rastrigin,6,0.0,0.227023,0.000266075,0.61218,16.414
0.8,1.2,1.05,450,150,rastrigin,6,0.0,0.132535,0.000172615,0.530771,16.53
0.8,1.35,1.05,450,150,rastrigin,6,0.0,0.0443857,0.000185013,0.490871,16.1165
0.8,1.4,1.05,450,150,rastrigin,6,0.0,0.0571627,0.000325203,0.509927,13.4282
0.8,1.45,1.05,450,150,rastrigin,6,0.0,0.0189165,0.000459671,0.448016,16.281
0.8,1.55,1.05,450,150,rastrigin,6,0.0,0.00208246,0.000525475,0.415533,13.5976
0.8,1.7,1.05,450,150,rastrigin,6,0.0,0.072667,0.00383377,0.501572,13.8038
0.8,1.75,1.05,450,150,rastrigin,6,0.0,0.0390469,0.00471306,0.522327,16.8722
0.8,1.35,1.0,450,150,rastrigin,6,0.0,0.00286104,0.000209808,0.436498,16.0065
0.8,1.55,1.0,450,150,rastrigin,6,0.0,0.0135622,0.00123596,0.441988,13.7528
0.8,1.3,0.95,450,150,rastrigin,6,0.0,0.0425839,0.000145912,0.508878,15.8553
0.8,1.45,0.95,450,150,rastrigin,6,0.0,0.0396034,0.000418663,0.476435,16.2085
0.8,1.75,0.95,450,150,rastrigin,6,0.0,0.0547077,0.00333023,0.47676,17.5059
0.8,1.3,0.9,450,150,rastrigin,6,0.0,0.00134327,6.48499e-05,0.42776,15.9592
0.8,1.7,0.9,450,150,rastrigin,6,0.0,0.0110868,0.00171661,0.429413,13.98
0.8,1.75,0.9,450,150,rastrigin,6,0.0,0.0276806,0.00222492,0.470174,17.5001
0.8,1.45,0.85,450,150,rastrigin,6,0.0,0.000736585,6.29425e-05,0.358661,16.2272
0.8,1.5,0.85,450,150,rastrigin,6,0.0,0.00241074,0.000185013,0.396792,16.3099
0.8,1.25,0.8,450,150,rastrigin,6,0.0,0.00112742,8.01086e-05,0.401012,15.7506
0.8,1.3,0.8,450,150,rastrigin,6,0.0,0.000473032,2.67029e-05,0.398673,16.5494
0.8,1.6,0.8,450,150,rastrigin,6,0.0,0.00342268,0.000369072,0.395798,13.8566
0.8,1.25,0.75,450,150,rastrigin,6,0.0,0.0213229,4.95911e-05,0.453891,15.9351
0.8,1.35,0.75,450,150,rastrigin,6,0.0,0.0010514,5.72205e-05,0.382855,16.1638
0.8,1.65,0.75,450,150,rastrigin,6,0.0,0.00124031,0.000220299,0.360379,14.0507
0.8,1.8,0.75,450,150,rastrigin,6,0.0,0.0145784,0.00253677,0.451186,14.0875
0.8,1.2,0.7,450,150,rastrigin,6,0.0,0.0012003,4.00543e-05,0.430464,16.1495
0.8,1.35,0.7,450,150,rastrigin,6,0.0,0.000226135,1.90735e-05,0.351946,17.1432
0.8,1.45,0.7,450,150,rastrigin,6,0.0,0.000278535,3.33786e-05,0.304825,16.2914
0.8,1.95,0.7,450,150,rastrigin,6,0.0,0.0122509,0.00453854,0.4278,14.5027
0.8,2.05,0.7,450,150,rastrigin,6,0.0,0.144857,0.0372152,0.569234,18.1397
0.8,1.4,0.65,450,150,rastrigin,6,0.0,0.000723042,2.95639e-05,0.333725,13.6147
0.8,1.75,0.65,450,150,rastrigin,6,0.0,0.00496247,0.000835419,0.383446,17.3276
0.8,1.95,0.65,450,150,rastrigin,6,0.0,0.0294168,0.00851727,0.437267,14.5208
0.8,1.15,0.6,450,150,rastrigin,6,0.0,0.000538197,3.43323e-05,0.44022,16.6143
0.8,1.2,0.6,450,150,rastrigin,6,0.0,0.00117362,3.33786e-05,0.433829,16.8966
0.8,1.2,0.55,450,150,rastrigin,6,0.0,0.000828028,9.53674e-06,0.425786,17.1914
0.8,1.35,0.55,450,150,rastrigin,6,0.0,0.000593028,1.90735e-05,0.308713,17.7068
0.8,1.05,0.5,450,150,rastrigin,6,0.0,0.00935316,6.67572e-05,0.441191,17.1216
0.8,1.2,0.5,450,150,rastrigin,6,0.0,0.00021625,7.62939e-06,0.289325,17.0016
0.8,0.95,0.45,450,150,rastrigin,6,0.0,0.00327489,9.53674e-05,0.459711,16.5092
0.8,1.3,0.45,450,150,rastrigin,6,0.0,0.000141716,6.67572e-06,0.256999,17.2284
0.8,1.45,0.45,450,150,rastrigin,6,0.0,0.00105657,7.62939e-05,0.262492,17.0664
0.8,0.9,0.3,450,150,rastrigin,6,0.0,0.0054579,0.000329971,0.401434,18.0055
0.8,1.1,0.25,450,150,rastrigin,6,0.0,0.0495895,0.0102825,0.466199,19.3006
0.4,1.05,3.0,900,300,rastrigin,9,0.0,1.67847e-05,0.0,1.20387,73.1305
0.4,1.15,3.0,900,300,rastrigin,9,0.0,0.00213844,2.09808e-05,1.19249,77.6659
0.4,1.2,3.0,900,300,rastrigin,9,0.0,0.0098732,0.000114441,0.478661,79.0197
0.4,1.05,2.95,900,300,rastrigin,9,0.0,3.9053e-05,0.0,1.17984,71.9138
0.4,1.15,2.95,900,300,rastrigin,9,0.0,0.000173235,0.0,0.399391,77.7834
0.4,1.25,2.95,900,300,rastrigin,9,0.0,0.00403583,6.86646e-05,0.402151,77.3789
0.4,1.2,2.9,900,300,rastrigin,9,0.0,0.000199757,0.0,0.415377,76.8524
0.4,1.35,2.85,900,300,rastrigin,9,0.0,0.0161655,3.05176e-05,0.474801,76.7297
0.4,1.3,2.8,900,300,rastrigin,9,0.0,0.000225983,0.0,0.448273,74.5075
0.4,1.35,2.8,900,300,rastrigin,9,0.0,0.000526562,0.0,0.451777,74.9602
0.4,1.4,2.8,900,300,rastrigin,9,0.0,0.00345195,9.53674e-06,0.501956,79.8578
0.4,1.25,2.75,900,300,rastrigin,9,0.0,0.0063022,0.0,0.495436,72.9664
0.4,1.3,2.75,900,300,rastrigin,9,0.0,0.0430701,0.0,0.486786,73.5858
0.4,1.35,2.75,900,300,rastrigin,9,0.0,0.000302572,0.0,0.462452,74.2894
0.4,1.35,2.7,900,300,rastrigin,9,0.0,0.013279,0.0,0.479657,71.183
0.4,1.4,2.7,900,300,rastrigin,9,0.0,0.00895314,0.0,0.481932,76.984
0.4,1.45,2.7,900,300,rastrigin,9,0.0,0.0565622,0.0,0.487206,78.4135
0.4,1.45,2.65,900,300,rastrigin,9,0.0,0.0224131,0.0,0.481592,76.6441
0.4,1.5,2.65,900,300,rastrigin,9,0.0,0.022051,0.0,0.482942,78.964
0.4,1.55,2.65,900,300,rastrigin,9,0.0,0.031223,0.0,0.488939,87.6956
0.4,1.6,2.55,900,300,rastrigin,9,0.0,0.000558214,0.0,0.483216,70.5315
0.4,1.55,2.5,900,300,rastrigin,9,0.0,0.045676,0.0,0.535097,75.7958
0.4,1.65,2.45,900,300,rastrigin,9,0.0,0.0308435,0.0,0.511417,68.7215
0.4,2.85,1.35,900,300,rastrigin,9,0.0,0.139444,0.0,0.564509,92.6669
0.4,2.8,1.25,900,300,rastrigin,9,0.0,0.00997181,0.0,0.467837,98.6157
0.4,2.85,1.2,900,300,rastrigin,9,0.0,5.80788e-06,0.0,0.494408,90.8479
0.4,2.9,1.2,900,300,rastrigin,9,0.0,1.19972e-05,0.0,0.439993,86.0148
0.4,3.0,1.2,900,300,rastrigin,9,0.0,0.0648408,0.0,0.540371,96.9852
0.4,2.55,1.15,900,300,rastrigin,9,0.0,0.0248801,0.0,0.474496,76.6521
0.4,2.6,1.15,900,300,rastrigin,9,0.0,0.0845726,0.0,0.511592,83.2412
0.4,2.65,1.15,900,300,rastrigin,9,0.0,1.297e-06,0.0,0.459563,70.598
0.4,2.7,1.15,900,300,rastrigin,9,0.0,0.0373148,0.0,0.482835,79.3467
0.4,2.9,1.15,900,300,rastrigin,9,0.0,0.0274242,0.0,0.531472,86.2905
0.4,2.45,1.1,900,300,rastrigin,9,0.0,0.116909,0.0,0.550782,64.7502
0.4,2.55,1.1,900,300,rastrigin,9,0.0,0.0548712,0.0,0.513991,76.7519
0.4,3.0,1.1,900,300,rastrigin,9,0.0,0.0504261,0.0,0.526204,94.7334
0.4,2.35,0.95,900,300,rastrigin,9,0.0,0.0,0.0,0.439954,66.2903
0.4,2.4,0.95,900,300,rastrigin,9,0.0,0.00322021,0.0,0.495683,63.6998
0.4,2.05,0.85,900,300,rastrigin,9,0.0,0.0176114,0.0,0.526517,74.3577
0.4,2.1,0.85,900,300,rastrigin,9,0.0,0.0407078,0.0,0.514033,74.43
0.4,2.0,0.75,900,300,rastrigin,9,0.0,1.59264e-06,0.0,0.483953,77.4599
0.4,1.8,0.7,900,300,rastrigin,9,0.0,0.00113731,0.0,0.512455,76.0797
0.4,1.85,0.7,900,300,rastrigin,9,0.0,3.23486e-05,0.0,0.524159,76.1999
0.4,1.9,0.7,900,300,rastrigin,9,0.0,1.1549e-05,0.0,0.435363,68.956
0.4,1.85,0.65,900,300,rastrigin,9,0.0,8.35514e-05,0.0,0.497766,76.7252
0.4,1.95,0.65,900,300,rastrigin,9,0.0,6.68526e-06,0.0,0.373181,76.5641
0.4,2.0,0.65,900,300,rastrigin,9,0.0,2.55394e-05,0.0,0.420597,78.747
0.4,2.05,0.65,900,300,rastrigin,9,0.0,2.00272e-06,0.0,0.362943,78.1076
0.4,2.1,0.65,900,300,rastrigin,9,0.0,4.73976e-06,0.0,0.376155,77.8743
0.4,1.8,0.6,900,300,rastrigin,9,0.0,0.00275949,1.14441e-05,0.461281,77.3003
0.4,1.95,0.6,900,300,rastrigin,9,0.0,0.000260944,3.8147e-06,0.421379,77.9549
0.4,2.0,0.6,900,300,rastrigin,9,0.0,0.000594339,7.62939e-06,0.458053,79.3414
0.4,1.85,0.55,900,300,rastrigin,9,0.0,0.0367439,0.000234604,0.519273,78.9246
0.4,2.15,0.55,900,300,rastrigin,9,0.0,0.000436211,4.19617e-05,0.324428,86.8662
0.4,2.2,0.55,900,300,rastrigin,9,0.0,0.00095891,7.62939e-05,0.44286,90.22
0.4,2.45,0.55,900,300,rastrigin,9,0.0,0.00012886,7.62939e-06,0.332134,74.8951
0.4,1.9,0.5,900,300,rastrigin,9,0.0,0.0146084,0.00242996,0.468704,72.8069
0.4,1.95,0.5,900,300,rastrigin,9,0.0,0.0537886,0.00731659,0.52987,80.5939
0.4,2.0,0.5,900,300,rastrigin,9,0.0,0.0248324,0.00315666,0.482513,81.7909
0.4,2.05,0.5,900,300,rastrigin,9,0.0,0.0571678,0.00612068,0.53428,81.5816
0.5,0.8,3.0,900,300,rastrigin,9,0.0,0.0210534,0.0,2.53832,65.975
0.5,0.85,3.0,900,300,rastrigin,9,0.0,0.0048778,0.0,1.61425,76.4707
0.5,0.9,3.0,900,300,rastrigin,9,0.0,0.000484991,0.0,1.8571,68.3328
0.5,0.95,2.95,900,300,rastrigin,9,0.0,0.000627146,0.0,1.86695,91.161
0.5,1.0,2.95,900,300,rastrigin,9,0.0,0.000481615,0.0,1.34433,95.3702
0.5,1.0,2.9,900,300,rastrigin,9,0.0,0.00100626,0.0,1.18894,91.4002
0.5,1.05,2.9,900,300,rastrigin,9,0.0,0.000921087,0.0,1.18351,77.7818
0.5,1.1,2.9,900,300,rastrigin,9,0.0,0.00283312,3.24249e-05,0.431115,91.9286
0.5,1.2,2.9,900,300,rastrigin,9,0.0,0.0894111,0.000692368,0.559828,90.0339
0.5,1.15,2.85,900,300,rastrigin,9,0.0,0.0294231,1.14441e-05,1.35678,93.2801
0.5,1.2,2.85,900,300,rastrigin,9,0.0,0.00142824,4.19617e-05,0.465674,88.5259
0.5,1.2,2.8,900,300,rastrigin,9,0.0,0.00441649,0.0,0.457274,87.4188
0.5,1.2,2.75,900,300,rastrigin,9,0.0,0.0114597,0.0,0.503683,86.3572
0.5,1.25,2.75,900,300,rastrigin,9,0.0,0.00180823,0.0,0.469249,92.2665
0.5,1.35,2.75,900,300,rastrigin,9,0.0,0.101401,0.00100136,0.540946,96.2643
0.5,1.3,2.7,900,300,rastrigin,9,0.0,0.0149769,0.0,0.512463,86.4833
0.5,1.4,2.7,900,300,rastrigin,9,0.0,0.0305704,0.000144958,0.494641,94.9635
0.5,1.35,2.65,900,300,rastrigin,9,0.0,0.114358,0.0,0.566767,92.963
0.5,1.4,2.65,900,300,rastrigin,9,0.0,0.012148,1.14441e-05,0.45339,87.5016
0.5,1.45,2.65,900,300,rastrigin,9,0.0,0.0890516,0.000110626,0.511564,87.3522
0.5,1.4,2.6,900,300,rastrigin,9,0.0,0.0173061,0.0,0.492075,86.0331
0.5,1.6,2.4,900,300,rastrigin,9,0.0,0.0304218,0.0,0.509515,88.2286
0.5,1.8,2.25,900,300,rastrigin,9,0.0,0.0468239,0.0,0.523684,99.9723
0.5,2.05,2.0,900,300,rastrigin,9,0.0,0.055959,0.0,0.520242,91.1956
0.5,2.15,1.85,900,300,rastrigin,9,0.0,0.0555542,0.0,0.500273,91.2237
0.5,2.2,1.7,900,300,rastrigin,9,0.0,0.0275994,0.0,0.454051,88.7738
0.5,2.3,1.7,900,300,rastrigin,9,0.0,0.0410562,0.0,0.505463,92.2705
0.5,2.45,1.5,900,300,rastrigin,9,0.0,0.0276074,0.0,0.48069,66.4508
0.5,2.5,1.5,900,300,rastrigin,9,0.0,0.0651823,0.0,0.495202,93.93
0.5,2.45,1.45,900,300,rastrigin,9,0.0,6.58035e-07,0.0,0.452417,66.3987
0.5,2.5,1.45,900,300,rastrigin,9,0.0,9.41753e-05,0.0,0.49252,92.5209
0.5,2.5,1.4,900,300,rastrigin,9,0.0,2.70843e-06,0.0,0.427544,91.0603
0.5,2.55,1.4,900,300,rastrigin,9,0.0,0.0150167,0.0,0.4806,91.9724
0.5,2.4,1.35,900,300,rastrigin,9,0.0,0.0124481,0.0,0.492833,65.7567
0.5,2.45,1.35,900,300,rastrigin,9,0.0,0.064677,0.0,0.513607,89.4113
0.5,2.6,1.35,900,300,rastrigin,9,0.0,3.33786e-06,0.0,0.43183,93.8226
0.5,2.65,1.35,900,300,rastrigin,9,0.0,1.1034e-05,0.0,0.459334,88.2337
0.5,2.7,1.35,900,300,rastrigin,9,0.0,0.0075764,0.0,0.51174,95.3648
0.5,2.45,1.3,900,300,rastrigin,9,0.0,0.00273024,0.0,0.446378,88.1179
0.5,2.65,1.3,900,300,rastrigin,9,0.0,0.00997188,0.0,0.467858,87.9657
0.5,2.7,1.3,900,300,rastrigin,9,0.0,4.14848e-06,0.0,0.399371,92.8993
0.5,2.75,1.3,900,300,rastrigin,9,0.0,0.042429,0.0,0.533196,69.19
0.5,2.8,1.3,900,300,rastrigin,9,0.0,0.00776468,0.0,0.506915,103.494
0.5,2.35,1.25,900,300,rastrigin,9,0.0,0.0472612,0.0,0.517012,82.1451
0.5,2.4,1.25,900,300,rastrigin,9,0.0,0.0,0.0,0.424631,67.5419
0.5,2.8,1.25,900,300,rastrigin,9,0.0,0.000307913,0.0,0.496476,102.88
0.5,2.85,1.25,900,300,rastrigin,9,0.0,0.00631098,0.0,0.465759,96.5838
0.5,2.35,1.2,900,300,rastrigin,9,0.0,0.00746566,0.0,0.46126,82.0458
0.5,2.85,1.2,900,300,rastrigin,9,0.0,0.0152396,0.0,0.496416,96.6676
0.5,2.3,1.15,900,300,rastrigin,9,0.0,2.86102e-08,0.0,0.473493,85.4064
0.5,2.9,1.15,900,300,rastrigin,9,0.0,2.7113e-05,0.0,0.438897,95.9438
0.5,2.25,1.1,900,300,rastrigin,9,0.0,0.0472719,0.0,0.492832,84.4566
0.5,2.35,1.1,900,300,rastrigin,9,0.0,0.0174361,0.0,0.47121,82.2836
0.5,2.2,1.05,900,300,rastrigin,9,0.0,9.68933e-06,0.0,0.461982,81.9288
0.5,2.25,1.05,900,300,rastrigin,9,0.0,0.0124388,0.0,0.446982,87.0099
0.5,2.05,1.0,900,300,rastrigin,9,0.0,0.151736,0.0,0.592132,83.1657
0.5,2.15,1.0,900,300,rastrigin,9,0.0,1.09673e-06,0.0,0.462528,86.4246
0.5,2.25,1.0,900,300,rastrigin,9,0.0,1.81198e-06,0.0,0.473373,82.4504
0.5,3.0,1.0,900,300,rastrigin,9,0.0,9.69505e-05,0.0,0.477876,73.9216
0.5,2.05,0.95,900,300,rastrigin,9,0.0,0.100152,0.0,0.549652,85.9397
0.5,2.1,0.95,900,300,rastrigin,9,0.0,0.0396866,0.0,0.502296,81.8683
0.5,1.95,0.9,900,300,rastrigin,9,0.0,0.120971,0.0,0.6012,87.468
0.5,3.0,0.9,900,300,rastrigin,9,0.0,6.9046e-06,0.0,0.37468,73.3892
0.5,1.85,0.85,900,300,rastrigin,9,0.0,0.158403,0.0,0.607629,71.541
0.5,1.9,0.8,900,300,rastrigin,9,0.0,3.8147e-07,0.0,0.459104,72.8174
0.5,1.75,0.75,900,300,rastrigin,9,0.0,0.141864,0.0,0.598759,68.7652
0.5,1.85,0.75,900,300,rastrigin,9,0.0,1.73473e-05,0.0,0.486884,73.2866
0.5,1.8,0.7,900,300,rastrigin,9,0.0,2.30789e-06,0.0,0.486253,68.9985
0.5,1.75,0.65,900,300,rastrigin,9,0.0,0.0312542,0.0,0.536155,70.8799
0.5,1.8,0.65,900,300,rastrigin,9,0.0,1.01089e-06,0.0,0.409056,68.8648
0.5,1.85,0.65,900,300,rastrigin,9,0.0,3.75748e-06,0.0,0.432202,77.5659
0.5,1.7,0.6,900,300,rastrigin,9,0.0,0.00238279,0.0,0.49852,92.959
0.5,1.75,0.6,900,300,rastrigin,9,0.0,2.63882e-05,0.0,0.422647,71.8607
0.5,1.8,0.6,900,300,rastrigin,9,0.0,5.12505e-05,0.0,0.455283,70.6117
0.5,1.9,0.6,900,300,rastrigin,9,0.0,4.76837e-07,0.0,0.335477,76.7861
0.5,1.65,0.55,900,300,rastrigin,9,0.0,0.0493493,7.62939e-06,0.547623,92.0458
0.5,1.7,0.55,900,300,rastrigin,9,0.0,0.000101719,0.0,0.393044,94.5959
0.5,1.7,0.5,900,300,rastrigin,9,0.0,0.00180938,1.52588e-05,0.458666,95.0189
0.5,2.05,0.5,900,300,rastrigin,9,0.0,0.000309734,1.14441e-05,0.366768,99.1005
0.5,2.45,0.5,900,300,rastrigin,9,0.0,1.06525e-05,0.0,0.257948,99.7688
0.5,2.55,0.5,900,300,rastrigin,9,0.0,2.88963e-06,0.0,0.223967,98.2677
0.5,1.65,0.45,900,300,rastrigin,9,0.0,0.01212,0.000392914,0.488297,94.7307
0.5,1.7,0.45,900,300,rastrigin,9,0.0,0.0400681,0.000461578,0.515903,96.4245
0.5,1.8,0.45,900,300,rastrigin,9,0.0,0.0306613,0.000892639,0.482937,74.1843
0.5,2.7,0.45,900,300,rastrigin,9,0.0,3.48473e-05,0.0,0.154815,105.416
0.5,2.75,0.45,900,300,rastrigin,9,0.0,8.33797e-05,3.8147e-06,0.192533,81.3496
0.5,2.45,0.4,900,300,rastrigin,9,0.0,0.0399455,0.0162754,0.45946,102.906
0.6,0.4,3.0,900,300,rastrigin,9,0.0,0.046145,1.52588e-05,7.471,85.9998
0.6,0.55,3.0,900,300,rastrigin,9,0.0,0.00220673,6.86646e-05,5.06181,88.8386
0.6,0.1,2.95,900,300,rastrigin,9,0.0,0.311069,1.52588e-05,11.377,82.4839
0.6,0.15,2.95,900,300,rastrigin,9,0.0,1.2837,0.000701904,12.0307,78.2777
0.6,0.65,2.95,900,300,rastrigin,9,0.0,0.00321993,5.53131e-05,3.8432,66.888
0.6,0.8,2.9,900,300,rastrigin,9,0.0,0.00325938,6.10352e-05,1.75442,90.6407
0.6,0.9,2.9,900,300,rastrigin,9,0.0,0.0265749,0.000778198,3.16328,90.3797
0.6,0.9,2.85,900,300,rastrigin,9,0.0,0.0146033,0.000209808,0.438137,91.853
0.6,1.1,2.75,900,300,rastrigin,9,0.0,0.0278948,0.000642776,0.507055,66.5124
0.6,1.25,2.55,900,300,rastrigin,9,0.0,0.052828,2.28882e-05,0.555503,74.7776
0.6,1.85,1.9,900,300,rastrigin,9,0.0,0.0702526,0.0,0.541058,85.6536
0.6,2.0,1.9,900,300,rastrigin,9,0.0,0.0466239,2.28882e-05,0.535999,99.362
0.6,2.05,1.65,900,300,rastrigin,9,0.0,0.0548529,0.0,0.52793,79.2433
0.6,2.1,1.65,900,300,rastrigin,9,0.0,0.0324924,0.0,0.502822,66.8257
0.6,2.15,1.65,900,300,rastrigin,9,0.0,0.0277341,0.0,0.498939,72.6792
0.6,2.25,1.65,900,300,rastrigin,9,0.0,0.132853,7.62939e-06,0.626066,77.7179
0.6,2.1,1.6,900,300,rastrigin,9,0.0,0.0896401,0.0,0.548041,65.5805
0.6,2.1,1.55,900,300,rastrigin,9,0.0,0.0174311,0.0,0.459302,64.8133
0.6,2.25,1.55,900,300,rastrigin,9,0.0,0.0188452,0.0,0.480604,75.4945
0.6,2.2,1.5,900,300,rastrigin,9,0.0,0.00258576,0.0,0.480341,88.7983
0.6,2.25,1.5,900,300,rastrigin,9,0.0,0.0449342,0.0,0.497823,69.0552
0.6,2.3,1.5,900,300,rastrigin,9,0.0,0.00757939,0.0,0.438802,69.4526
0.6,2.25,1.45,900,300,rastrigin,9,0.0,9.45187e-05,0.0,0.472807,72.7727
0.6,2.3,1.45,900,300,rastrigin,9,0.0,0.0599013,0.0,0.498421,75.2156
0.6,2.35,1.45,900,300,rastrigin,9,0.0,0.0398373,0.0,0.47022,92.7052
0.6,2.4,1.45,900,300,rastrigin,9,0.0,0.000147238,0.0,0.462663,100.045
0.6,2.25,1.4,900,300,rastrigin,9,0.0,1.2846e-05,0.0,0.450217,73.8989
0.6,2.3,1.4,900,300,rastrigin,9,0.0,2.72751e-06,0.0,0.424367,68.2179
0.6,2.35,1.4,900,300,rastrigin,9,0.0,0.00505748,0.0,0.479401,92.1409
0.6,2.4,1.4,900,300,rastrigin,9,0.0,5.87177e-05,0.0,0.404392,96.6309
0.6,2.1,1.35,900,300,rastrigin,9,0.0,0.0298548,0.0,0.481804,63.2621
0.6,2.15,1.35,900,300,rastrigin,9,0.0,0.0573161,0.0,0.516577,65.6911
0.6,2.25,1.35,900,300,rastrigin,9,0.0,3.9196e-06,0.0,0.462629,67.2171
0.6,2.3,1.35,900,300,rastrigin,9,0.0,1.41144e-05,0.0,0.41744,68.237
0.6,2.5,1.35,900,300,rastrigin,9,0.0,0.0403986,0.0,0.514298,66.8283
0.6,2.2,1.3,900,300,rastrigin,9,0.0,0.0223919,0.0,0.482772,85.0347
0.6,2.25,1.3,900,300,rastrigin,9,0.0,0.00748864,0.0,0.466684,66.4989
0.6,2.3,1.3,900,300,rastrigin,9,0.0,3.24249e-07,0.0,0.394378,67.263
0.6,2.4,1.3,900,300,rastrigin,9,0.0,7.04765e-06,0.0,0.450719,87.2807
0.6,2.6,1.3,900,300,rastrigin,9,0.0,0.0798363,1.52588e-05,0.58055,95.8223
0.6,2.15,1.25,900,300,rastrigin,9,0.0,0.00995634,0.0,0.478452,64.6861
0.6,2.2,1.25,900,300,rastrigin,9,0.0,0.0,0.0,0.423413,84.2728
0.6,2.4,1.25,900,300,rastrigin,9,0.0,2.96593e-06,0.0,0.407317,86.99
0.6,2.45,1.25,900,300,rastrigin,9,0.0,0.0,0.0,0.330793,101.164
0.6,2.5,1.25,900,300,rastrigin,9,0.0,2.26974e-06,0.0,0.378724,66.9174
0.6,2.55,1.2,900,300,rastrigin,9,0.0,1.07861e-05,0.0,0.407502,99.5072
0.6,2.6,1.2,900,300,rastrigin,9,0.0,8.34465e-06,0.0,0.354115,94.5699
0.6,2.2,1.15,900,300,rastrigin,9,0.0,4.35829e-06,0.0,0.470476,84.4963
0.6,2.75,1.05,900,300,rastrigin,9,0.0,2.62547e-05,0.0,0.396249,92.8886
0.6,2.7,1.0,900,300,rastrigin,9,0.0,1.297e-05,0.0,0.380599,76.9952
0.6,2.75,1.0,900,300,rastrigin,9,0.0,5.2948e-05,0.0,0.421138,91.799
0.6,1.9,0.95,900,300,rastrigin,9,0.0,0.0224108,0.0,0.530612,86.0491
0.6,2.75,0.95,900,300,rastrigin,9,0.0,5.77927e-06,0.0,0.358448,91.929
0.6,1.85,0.9,900,300,rastrigin,9,0.0,0.0547647,0.0,0.488925,91.5548
0.6,1.9,0.9,900,300,rastrigin,9,0.0,0.0100338,0.0,0.467809,87.1027
0.6,1.95,0.9,900,300,rastrigin,9,0.0,0.000844707,0.0,0.502568,91.4923
0.6,1.85,0.85,900,300,rastrigin,9,0.0,0.0250061,0.0,0.493942,94.8117
0.6,1.8,0.8,900,300,rastrigin,9,0.0,3.62396e-07,0.0,0.453603,87.0709
0.6,1.7,0.75,900,300,rastrigin,9,0.0,0.0626888,0.0,0.517296,65.1097
0.6,1.75,0.75,900,300,rastrigin,9,0.0,0.00403129,0.0,0.488319,97.8451
0.6,3.0,0.75,900,300,rastrigin,9,0.0,0.0721593,0.000263214,0.56294,106.913
0.6,1.7,0.7,900,300,rastrigin,9,0.0,9.82285e-07,0.0,0.45351,65.5858
0.6,3.0,0.7,900,300,rastrigin,9,0.0,0.0240378,1.71661e-05,0.494478,104.12
0.6,2.9,0.65,900,300,rastrigin,9,0.0,1.14155e-05,0.0,0.316336,100.186
0.6,3.0,0.65,900,300,rastrigin,9,0.0,0.00992821,2.47955e-05,0.508033,107.421
0.6,2.9,0.6,900,300,rastrigin,9,0.0,6.49548e-05,0.0,0.316984,100.632
0.6,1.55,0.55,900,300,rastrigin,9,0.0,0.000174475,0.0,0.523472,71.2218
0.6,1.65,0.55,900,300,rastrigin,9,0.0,5.20706e-06,0.0,0.416966,95.1596
0.6,1.7,0.55,900,300,rastrigin,9,0.0,4.29153e-07,0.0,0.366057,95.522
0.6,3.0,0.55,900,300,rastrigin,9,0.0,0.00421725,7.62939e-06,0.509205,108.505
0.6,1.6,0.5,900,300,rastrigin,9,0.0,1.53637e-05,0.0,0.347664,102.704
0.6,2.9,0.5,900,300,rastrigin,9,0.0,1.10817e-05,0.0,0.26921,102.271
0.6,1.5,0.45,900,300,rastrigin,9,0.0,0.0129931,7.62939e-06,0.516335,73.2991
0.6,1.55,0.45,900,300,rastrigin,9,0.0,0.0198035,7.62939e-06,0.485711,73.665
0.6,1.65,0.45,900,300,rastrigin,9,0.0,0.000125513,0.0,0.369002,98.163
0.6,1.7,0.45,900,300,rastrigin,9,0.0,0.000447903,3.8147e-06,0.387554,98.883
0.6,1.9,0.45,900,300,rastrigin,9,0.0,8.03566e-05,0.0,0.347868,99.9749
0.6,2.15,0.45,900,300,rastrigin,9,0.0,9.77516e-06,0.0,0.24653,106.754
0.6,2.6,0.45,900,300,rastrigin,9,0.0,3.77655e-06,0.0,0.212849,89.1441
0.6,2.65,0.45,900,300,rastrigin,9,0.0,1.39236e-06,0.0,0.163764,84.0999
0.6,2.7,0.45,900,300,rastrigin,9,0.0,6.64711e-06,0.0,0.212163,101.794
0.6,2.9,0.45,900,300,rastrigin,9,0.0,7.49779e-05,0.0,0.321709,104.078
0.6,2.95,0.45,900,300,rastrigin,9,0.0,0.000676937,7.62939e-06,0.369182,109.794
0.6,1.6,0.4,900,300,rastrigin,9,0.0,0.00363925,4.95911e-05,0.437596,102.472
0.6,2.75,0.4,900,300,rastrigin,9,0.0,0.000188227,7.62939e-06,0.298188,100.455
0.6,2.8,0.4,900,300,rastrigin,9,0.0,6.67572e-05,0.0,0.230189,103.606
0.6,1.95,0.35,900,300,rastrigin,9,0.0,0.147908,0.036396,0.593498,110.659
0.7,0.15,2.95,900,300,rastrigin,9,1.90735e-05,0.314652,0.057478,11.7302,73.0052
0.7,0.15,2.85,900,300,rastrigin,9,0.0,1.38954,0.0177879,12.1773,71.2118
0.7,0.0,2.75,900,300,rastrigin,9,0.0,0.114147,0.00330734,11.3262,83.5529
0.7,0.1,2.75,900,300,rastrigin,9,0.0,0.0523011,0.00369644,10.8436,93.5664
0.7,0.05,2.7,900,300,rastrigin,9,0.0,0.51903,0.00310898,11.7299,90.7164
0.7,0.1,2.7,900,300,rastrigin,9,0.0,0.0840237,0.00171089,11.7997,92.5841
0.7,0.25,2.7,900,300,rastrigin,9,0.0,0.0516316,0.00139427,7.41556,91.414
0.7,0.3,2.7,900,300,rastrigin,9,0.0,0.151756,0.00267601,8.94017,93.7833
0.7,0.15,2.65,900,300,rastrigin,9,0.0,0.392581,0.00170326,11.5239,67.9173
0.7,0.05,2.6,900,300,rastrigin,9,0.0,0.17798,0.0012989,10.9591,89.3764
0.7,0.1,2.6,900,300,rastrigin,9,0.0,1.34761,0.0045433,11.8274,90.9017
0.7,0.8,2.6,900,300,rastrigin,9,0.0,0.0765528,0.0034256,1.78072,91.3135
0.7,0.0,2.55,900,300,rastrigin,9,0.0,0.19078,0.0016346,11.0647,81.4508
0.7,1.95,1.6,900,300,rastrigin,9,0.0,0.07018,5.91278e-05,0.554909,100.446
0.7,2.05,1.45,900,300,rastrigin,9,0.0,0.0240593,3.62396e-05,0.521652,108.052
0.7,1.95,1.35,900,300,rastrigin,9,0.0,0.0848165,0.0,0.538611,97.5231
0.7,1.95,1.3,900,300,rastrigin,9,0.0,0.0101454,0.0,0.497809,96.6855
0.7,2.05,1.3,900,300,rastrigin,9,0.0,0.0381527,0.0,0.495838,103.486
0.7,2.1,1.3,900,300,rastrigin,9,0.0,0.00277506,0.0,0.475131,105.625
0.7,1.9,1.25,900,300,rastrigin,9,0.0,0.0925217,0.0,0.531119,94.7913
0.7,1.95,1.25,900,300,rastrigin,9,0.0,0.0399509,0.0,0.484821,94.7208
0.7,2.05,1.25,900,300,rastrigin,9,0.0,3.00407e-05,0.0,0.463841,109.138
0.7,2.1,1.25,900,300,rastrigin,9,0.0,2.0504e-05,0.0,0.438389,106.667
0.7,2.2,1.25,900,300,rastrigin,9,0.0,0.00294661,0.0,0.463254,103.498
0.7,2.25,1.25,900,300,rastrigin,9,0.0,0.0530848,3.8147e-05,0.554818,80.7724
0.7,2.3,1.25,900,300,rastrigin,9,0.0,0.0098425,5.91278e-05,0.498335,85.883
0.7,1.95,1.2,900,300,rastrigin,9,0.0,0.0149638,0.0,0.459455,95.6081
0.7,2.05,1.2,900,300,rastrigin,9,0.0,0.00501862,0.0,0.490716,98.9912
0.7,2.1,1.2,900,300,rastrigin,9,0.0,6.1264e-05,0.0,0.470497,100.664
0.7,2.15,1.2,900,300,rastrigin,9,0.0,8.33893e-05,0.0,0.451508,106.129
0.7,2.25,1.2,900,300,rastrigin,9,0.0,0.0333425,1.14441e-05,0.516369,80.941
0.7,2.3,1.2,900,300,rastrigin,9,0.0,0.00960484,3.43323e-05,0.49361,79.3537
0.7,1.9,1.15,900,300,rastrigin,9,0.0,1.29414e-05,0.0,0.457679,94.045
0.7,2.3,1.15,900,300,rastrigin,9,0.0,0.000219803,0.0,0.407593,79.8619
0.7,2.35,1.15,900,300,rastrigin,9,0.0,0.0687685,6.29425e-05,0.507046,79.9782
0.7,1.9,1.1,900,300,rastrigin,9,0.0,0.0223955,0.0,0.52125,94.386
0.7,1.95,1.1,900,300,rastrigin,9,0.0,4.19617e-07,0.0,0.438115,96.1172
0.7,2.35,1.1,900,300,rastrigin,9,0.0,0.000708933,7.62939e-06,0.517233,79.7232
0.7,1.85,1.05,900,300,rastrigin,9,0.0,0.00746679,0.0,0.486658,100.002
0.7,1.85,1.0,900,300,rastrigin,9,0.0,2.26974e-06,0.0,0.445973,99.0064
0.7,2.0,1.0,900,300,rastrigin,9,0.0,1.89781e-06,0.0,0.405899,73.6039
0.7,1.8,0.95,900,300,rastrigin,9,0.0,0.0175842,0.0,0.490865,91.9622
0.7,1.85,0.95,900,300,rastrigin,9,0.0,9.52911e-05,0.0,0.516272,100.205
0.7,2.25,0.95,900,300,rastrigin,9,0.0,2.60353e-06,0.0,0.361043,79.8099
0.7,2.35,0.95,900,300,rastrigin,9,0.0,4.32873e-05,0.0,0.409918,104.721
0.7,1.75,0.9,900,300,rastrigin,9,0.0,0.0772454,0.0,0.563801,86.6182
0.7,1.8,0.9,900,300,rastrigin,9,0.0,0.0470984,0.0,0.498236,89.532
0.7,1.85,0.9,900,300,rastrigin,9,0.0,1.8692e-06,0.0,0.448746,100.109
0.7,2.35,0.9,900,300,rastrigin,9,0.0,2.65884e-05,0.0,0.352654,105.793
0.7,1.7,0.85,900,300,rastrigin,9,0.0,0.00281289,0.0,0.484469,107.868
0.7,1.75,0.85,900,300,rastrigin,9,0.0,0.00527003,0.0,0.486125,88.2998
0.7,2.35,0.85,900,300,rastrigin,9,0.0,2.07901e-06,0.0,0.257702,105.664
0.7,1.65,0.8,900,300,rastrigin,9,0.0,0.0526739,0.0,0.575007,71.0623
0.7,1.7,0.8,900,300,rastrigin,9,0.0,4.47273e-06,0.0,0.456828,107.475
0.7,2.35,0.8,900,300,rastrigin,9,0.0,4.92096e-06,0.0,0.297029,106.392
0.7,1.55,0.75,900,300,rastrigin,9,0.0,0.0375884,0.0,0.498904,99.6659
0.7,1.65,0.75,900,300,rastrigin,9,0.0,8.11195e-05,0.0,0.463806,71.6825
0.7,1.7,0.75,900,300,rastrigin,9,0.0,3.14713e-07,0.0,0.384737,109.611
0.7,1.75,0.75,900,300,rastrigin,9,0.0,2.47002e-06,0.0,0.427979,90.64
0.7,2.4,0.75,900,300,rastrigin,9,0.0,1.82152e-06,0.0,0.263709,83.5523
0.7,1.55,0.7,900,300,rastrigin,9,0.0,0.000255098,0.0,0.5297,99.4173
0.7,1.65,0.7,900,300,rastrigin,9,0.0,9.2411e-06,0.0,0.451487,72.2024
0.7,2.45,0.7,900,300,rastrigin,9,0.0,1.67561e-05,0.0,0.284883,112.939
0.7,2.65,0.7,900,300,rastrigin,9,0.0,0.0677782,0.000577927,0.588875,105.451
0.7,2.5,0.65,900,300,rastrigin,9,0.0,8.61168e-06,0.0,0.302472,102.159
0.7,1.4,0.55,900,300,rastrigin,9,0.0,0.0105404,0.0,0.526632,83.0698
0.7,2.45,0.55,900,300,rastrigin,9,0.0,2.86102e-06,0.0,0.263552,112.122
0.7,2.6,0.55,900,300,rastrigin,9,0.0,0.000537195,3.8147e-06,0.35045,103.118
0.7,1.45,0.5,900,300,rastrigin,9,0.0,1.92642e-06,0.0,0.415172,94.6706
0.7,1.5,0.5,900,300,rastrigin,9,0.0,8.79288e-06,0.0,0.441085,79.742
0.7,2.7,0.5,900,300,rastrigin,9,0.0,0.029995,0.00191689,0.53498,106.221
0.7,1.4,0.45,900,300,rastrigin,9,0.0,0.000121202,0.0,0.451143,86.8969
0.7,1.55,0.45,900,300,rastrigin,9,0.0,2.71797e-06,0.0,0.338197,82.2899
0.7,1.65,0.45,900,300,rastrigin,9,0.0,1.55449e-06,0.0,0.341576,78.312
0.7,2.5,0.45,900,300,rastrigin,9,0.0,7.14397e-05,0.0,0.305989,117.224
0.7,1.2,0.4,900,300,rastrigin,9,0.0,0.0513342,7.62939e-06,0.576924,103.448
0.7,1.4,0.4,900,300,rastrigin,9,0.0,0.00113688,0.0,0.551569,88.7317
0.7,1.5,0.4,900,300,rastrigin,9,0.0,5.55515e-05,0.0,0.418069,83.1944
0.7,1.55,0.4,900,300,rastrigin,9,0.0,8.42667e-05,0.0,0.351774,83.7961
0.7,2.1,0.4,900,300,rastrigin,9,0.0,2.5835e-05,0.0,0.237931,107.934
0.7,2.6,0.4,900,300,rastrigin,9,0.0,0.00323978,9.34601e-05,0.424582,108.05
0.7,1.35,0.35,900,300,rastrigin,9,0.0,0.0119822,2.86102e-05,0.515307,81.0605
0.7,1.55,0.35,900,300,rastrigin,9,0.0,0.00144128,4.3869e-05,0.413783,88.0305
0.7,1.6,0.35,900,300,rastrigin,9,0.0,0.00435688,8.2016e-05,0.392249,111.941
0.8,1.8,0.9,900,300,rastrigin,9,0.0,0.109851,0.00034523,0.580629,102.512
0.8,1.85,0.9,900,300,rastrigin,9,0.0,0.035724,0.000143051,0.558387,104.434
0.8,1.55,0.8,900,300,rastrigin,9,0.0,0.025742,0.0,0.528691,77.4974
0.8,1.6,0.8,900,300,rastrigin,9,0.0,0.0607552,0.0,0.563394,81.413
0.8,1.7,0.8,900,300,rastrigin,9,0.0,0.00920374,3.8147e-06,0.519698,79.9394
0.8,1.8,0.8,900,300,rastrigin,9,0.0,0.00458985,4.76837e-05,0.505573,85.4648
0.8,1.5,0.75,900,300,rastrigin,9,0.0,0.072582,0.0,0.533627,88.9937
0.8,1.65,0.75,900,300,rastrigin,9,0.0,0.0140125,0.0,0.530886,75.2378
0.8,1.7,0.75,900,300,rastrigin,9,0.0,0.0246473,7.62939e-06,0.474508,80.274
0.8,1.75,0.75,900,300,rastrigin,9,0.0,0.00126849,9.53674e-06,0.49729,108.044
0.8,1.85,0.75,900,300,rastrigin,9,0.0,0.00185607,4.3869e-05,0.471062,104.204
0.8,1.5,0.7,900,300,rastrigin,9,0.0,0.00115997,0.0,0.471564,89.5333
0.8,1.55,0.7,900,300,rastrigin,9,0.0,0.00517503,0.0,0.478769,77.6233
0.8,1.7,0.7,900,300,rastrigin,9,0.0,0.00417237,1.90735e-06,0.467992,80.3301
0.8,1.85,0.7,900,300,rastrigin,9,0.0,0.0168759,6.48499e-05,0.497295,104.934
0.8,1.6,0.65,900,300,rastrigin,9,0.0,5.29194e-05,0.0,0.372815,82.1533
0.8,1.45,0.6,900,300,rastrigin,9,0.0,0.000388947,0.0,0.450533,93.2554
0.8,1.55,0.6,900,300,rastrigin,9,0.0,4.86183e-05,0.0,0.411742,78.7467
0.8,1.8,0.6,900,300,rastrigin,9,0.0,0.000241709,0.0,0.463125,86.91
0.8,1.9,0.6,900,300,rastrigin,9,0.0,0.00351471,4.00543e-05,0.486514,107.018
0.8,1.4,0.55,900,300,rastrigin,9,0.0,7.90978e-05,0.0,0.459882,94.0453
0.8,1.55,0.55,900,300,rastrigin,9,0.0,0.00011899,0.0,0.34656,79.8043
0.8,1.6,0.55,900,300,rastrigin,9,0.0,1.91784e-05,0.0,0.388193,84.1815
0.8,1.8,0.55,900,300,rastrigin,9,0.0,0.000433731,3.8147e-06,0.425147,88.0621
0.8,2.05,0.55,900,300,rastrigin,9,0.0,0.0514341,0.00237846,0.589032,110.514
0.8,1.4,0.5,900,300,rastrigin,9,0.0,3.2177e-05,0.0,0.407811,94.8609
0.8,1.45,0.5,900,300,rastrigin,9,0.0,0.000129881,0.0,0.405965,96.4161
0.8,1.5,0.5,900,300,rastrigin,9,0.0,2.04849e-05,0.0,0.324704,94.1449
0.8,1.55,0.5,900,300,rastrigin,9,0.0,5.52082e-05,0.0,0.363956,81.1568
0.8,1.6,0.5,900,300,rastrigin,9,0.0,5.23376e-05,0.0,0.360167,85.7349
0.8,2.0,0.5,900,300,rastrigin,9,0.0,0.00529287,0.000612259,0.45302,110.363
0.8,2.05,0.5,900,300,rastrigin,9,0.0,0.105635,0.00482368,0.646346,111.409
0.8,1.4,0.45,900,300,rastrigin,9,0.0,3.08609e-05,0.0,0.374092,95.7986
0.8,1.55,0.45,900,300,rastrigin,9,0.0,0.000197868,0.0,0.348732,82.0693
0.8,1.05,0.4,900,300,rastrigin,9,0.0,0.0979274,4.76837e-05,0.6242,103.328
0.8,1.2,0.4,900,300,rastrigin,9,0.0,0.000869236,0.0,0.463404,104.165
0.8,1.4,0.4,900,300,rastrigin,9,0.0,8.3046e-05,0.0,0.328435,97.9459
0.8,1.45,0.4,900,300,rastrigin,9,0.0,0.000301466,0.0,0.366457,80.0016
0.8,1.5,0.4,900,300,rastrigin,9,0.0,6.62994e-05,0.0,0.305467,97.0817
0.8,2.05,0.4,900,300,rastrigin,9,0.0,0.031484,0.00390053,0.594071,113.272
0.8,1.2,0.35,900,300,rastrigin,9,0.0,0.00356164,7.62939e-06,0.512127,106.326
0.8,1.5,0.35,900,300,rastrigin,9,0.0,0.00109149,0.0,0.384424,98.549
0.8,1.65,0.35,900,300,rastrigin,9,0.0,0.00216969,3.05176e-05,0.433518,81.6705
0.4,0.3,3.0,150,50,rosenbrock,3,1.42782e-07,0.00290337,0.00186712,2.25894,0.438077
0.4,0.55,2.3,150,50,rosenbrock,3,3.88994e-09,0.000503331,0.00031067,1.05012,0.448456
0.4,0.8,2.1,150,50,rosenbrock,3,1.03518e-08,0.00166596,0.000990961,1.40906,0.502256
0.4,0.35,1.7,150,50,rosenbrock,3,6.73604e-12,4.45578e-06,1.29014e-06,1.08934,0.49639
0.4,0.55,1.6,150,50,rosenbrock,3,7.33338e-10,0.000160466,6.05121e-05,1.04851,0.361919
0.4,0.4,1.55,150,50,rosenbrock,3,1.94686e-11,1.64937e-05,5.15184e-06,1.40398,0.479124
0.4,0.4,1.5,150,50,rosenbrock,3,1.69677e-11,5.56683e-06,3.87893e-06,0.984632,0.486152
0.4,0.45,1.35,150,50,rosenbrock,3,1.61928e-10,0.000106171,3.22921e-05,0.554918,0.47043
0.4,0.5,1.35,150,50,rosenbrock,3,5.31195e-11,0.00022448,6.06625e-05,0.690941,0.46796
0.4,0.45,1.3,150,50,rosenbrock,3,5.31195e-11,4.77935e-05,3.29297e-05,0.482358,0.480561
0.4,0.4,1.25,150,50,rosenbrock,3,2.14666e-10,9.73656e-05,2.50039e-05,0.775003,0.506515
0.4,0.65,1.25,150,50,rosenbrock,3,1.00499e-09,0.00145195,0.000479189,0.927092,0.373282
0.4,0.35,1.2,150,50,rosenbrock,3,3.26605e-09,2.52132e-05,1.35084e-05,0.57024,0.495717
0.4,0.5,1.15,150,50,rosenbrock,3,1.24627e-10,0.00105549,0.000273758,1.0059,0.490482
0.4,0.75,1.15,150,50,rosenbrock,3,2.2693e-09,0.00256182,0.00137799,1.01988,0.388934
0.4,0.15,1.1,150,50,rosenbrock,3,3.66639e-12,3.30905e-06,8.00447e-07,0.805331,0.392678
0.4,0.25,1.1,150,50,rosenbrock,3,3.62822e-10,9.77149e-05,1.4956e-05,0.670609,0.387302
0.4,0.3,1.1,150,50,rosenbrock,3,2.38938e-09,4.65722e-05,3.01808e-05,0.968878,0.388267
0.4,0.55,1.1,150,50,rosenbrock,3,1.36352e-08,0.00208672,0.000731901,0.947989,0.475651
0.4,0.9,1.1,150,50,rosenbrock,3,2.87059e-12,0.00609862,0.00297837,1.3054,0.46212
0.4,0.05,1.05,150,50,rosenbrock,3,2.98428e-12,2.78146e-05,1.62506e-07,0.877511,0.526269
0.4,0.2,1.05,150,50,rosenbrock,3,1.62328e-09,0.000468453,2.32807e-05,1.1228,0.371184
0.4,0.25,1.05,150,50,rosenbrock,3,1.79907e-11,0.000114722,5.59573e-05,0.711749,0.364705
0.4,0.35,1.05,150,50,rosenbrock,3,6.07761e-10,0.00146817,0.000230141,1.02413,0.506154
0.4,0.65,1.05,150,50,rosenbrock,3,5.91835e-10,0.0031835,0.00153687,1.15366,0.46856
0.4,0.0,1.0,150,50,rosenbrock,3,2.87059e-12,3.16311e-06,6.78897e-08,0.666652,0.49201
0.4,0.4,1.0,150,50,rosenbrock,3,2.43571e-11,0.005336,0.000891127,1.44596,0.490907
0.4,0.05,0.95,150,50,rosenbrock,3,2.12615e-09,0.00900516,0.000129151,1.47155,0.51798
0.4,0.0,0.9,150,50,rosenbrock,3,5.72107e-11,0.0027077,0.000326061,1.4747,0.523146
0.4,0.3,0.8,150,50,rosenbrock,3,1.1531e-09,0.0798862,0.0462558,1.83815,0.378698
0.4,1.5,0.3,150,50,rosenbrock,3,2.0187e-08,0.0108899,0.00707173,0.176635,0.564044
0.5,0.45,1.4,150,50,rosenbrock,3,5.60599e-10,4.6809e-05,2.54529e-05,0.913017,0.551633
0.5,0.65,1.2,150,50,rosenbrock,3,5.81236e-09,0.00106352,0.000441611,0.925098,0.44624
0.5,0.4,1.1,150,50,rosenbrock,3,2.35303e-09,0.000149908,4.74147e-05,0.77116,0.536591
0.5,0.2,0.95,150,50,rosenbrock,3,7.27601e-10,8.31654e-05,7.19821e-06,0.834359,0.656376
0.5,0.3,0.95,150,50,rosenbrock,3,2.21408e-08,0.000277052,4.88249e-05,1.0439,0.478153
0.5,0.35,0.95,150,50,rosenbrock,3,3.70409e-08,0.000121082,7.50795e-05,0.879783,0.658417
0.5,0.1,0.9,150,50,rosenbrock,3,2.01925e-10,5.55516e-06,1.21901e-06,0.84257,0.519964
0.5,0.6,0.9,150,50,rosenbrock,3,7.63475e-09,0.00257239,0.00122785,0.903431,0.54307
0.5,0.05,0.85,150,50,rosenbrock,3,2.43569e-11,3.73219e-05,1.66932e-06,1.14365,0.544952
0.5,0.3,0.85,150,50,rosenbrock,3,2.43694e-08,0.00326834,0.000338274,1.09803,0.49067
0.5,0.4,0.85,150,50,rosenbrock,3,1.35182e-07,0.00244466,0.000661979,1.18325,0.626693
0.5,0.0,0.8,150,50,rosenbrock,3,3.32533e-12,1.62751e-05,8.70482e-07,1.10861,0.498625
0.5,0.5,0.8,150,50,rosenbrock,3,8.77118e-10,0.00515628,0.00217526,1.34403,0.581346
0.5,0.45,0.7,150,50,rosenbrock,3,2.4174e-08,0.0189833,0.00933895,1.63829,0.715279
0.5,0.1,0.65,150,50,rosenbrock,3,2.97114e-07,0.0609548,0.0302958,1.96183,0.47311
0.6,0.15,0.75,150,50,rosenbrock,3,6.75006e-09,0.000293642,4.5386e-05,1.21547,0.596397
0.6,0.2,0.75,150,50,rosenbrock,3,1.87041e-09,0.000107592,6.6897e-05,1.03566,0.651032
0.6,0.05,0.65,150,50,rosenbrock,3,1.32322e-09,0.00133923,0.00019696,1.51942,0.639176
0.6,0.25,0.65,150,50,rosenbrock,3,9.49078e-08,0.00535345,0.00165877,1.42382,0.618429
0.6,0.0,0.6,150,50,rosenbrock,3,3.86742e-09,0.00062875,9.66706e-05,1.49337,0.637715
0.6,0.05,0.5,150,50,rosenbrock,3,1.0175e-08,0.0330099,0.0170052,2.03688,0.670851
0.6,0.65,0.2,150,50,rosenbrock,3,1.19047e-08,0.0101205,0.00562221,0.436221,0.491156
0.6,1.75,0.1,150,50,rosenbrock,3,1.31354e-07,0.00332215,0.00225392,0.0560764,0.4502
0.7,0.1,0.6,150,50,rosenbrock,3,2.91283e-07,0.00157741,0.000816346,1.35837,0.512002
0.7,0.0,0.55,150,50,rosenbrock,3,7.23144e-07,0.000235335,0.000141027,1.6256,0.491212
0.7,0.05,0.45,150,50,rosenbrock,3,2.05583e-07,0.00763795,0.00461926,1.77857,0.621549
0.7,0.15,0.45,150,50,rosenbrock,3,4.71804e-07,0.0207904,0.0112161,1.79785,0.641815
0.7,0.0,0.4,150,50,rosenbrock,3,1.12883e-07,0.00258942,0.0014197,1.77784,0.536077
0.8,0.0,0.2,150,50,rosenbrock,3,5.94751e-05,0.0117848,0.00991055,1.98528,0.522784
0.8,0.1,0.05,150,50,rosenbrock,3,0.0001101,0.0303083,0.0229398,0.86611,0.658243
0.4,0.1,3.0,450,150,rosenbrock,6,6.7742e-07,0.0502331,0.000228493,192.854,6.50878
0.4,0.15,3.0,450,150,rosenbrock,6,2.64882e-09,0.169997,0.000543662,211.764,5.09004
0.4,0.05,2.95,450,150,rosenbrock,6,7.68472e-08,0.356888,4.30767e-05,245.824,7.06963
0.4,0.1,2.95,450,150,rosenbrock,6,8.76808e-12,0.0201314,7.88147e-05,206.994,5.86187
0.4,0.25,2.95,450,150,rosenbrock,6,7.51795e-08,0.00128747,0.000955943,158.021,4.99858
0.4,0.3,2.95,450,150,rosenbrock,6,1.64307e-06,0.0162732,0.00276415,125.248,6.40467
0.4,0.4,2.95,450,150,rosenbrock,6,8.95744e-06,0.0144508,0.0093287,124.592,6.42546
0.4,0.0,2.9,450,150,rosenbrock,6,1.602e-10,0.347731,6.1789e-06,175.925,5.03718
0.4,0.05,2.9,450,150,rosenbrock,6,4.2488e-09,0.0596383,1.31675e-05,164.81,7.25785
0.4,0.1,2.9,450,150,rosenbrock,6,1.3957e-08,0.208746,4.0916e-05,230.214,6.63477
0.4,0.05,2.85,450,150,rosenbrock,6,1.33282e-09,0.0894231,4.93171e-06,193.602,6.93746
0.4,0.1,2.85,450,150,rosenbrock,6,7.10361e-09,0.0298336,1.36918e-05,125.894,5.85041
0.4,0.2,2.85,450,150,rosenbrock,6,4.70932e-09,0.218801,0.000103665,176.469,5.17282
0.4,0.25,2.85,450,150,rosenbrock,6,1.71358e-07,0.000579439,0.000258115,101.585,5.78067
0.4,0.0,2.8,450,150,rosenbrock,6,1.08928e-10,0.382953,7.71522e-07,220.344,6.63737
0.4,0.1,2.8,450,150,rosenbrock,6,4.29136e-09,0.218576,6.07199e-06,143.009,5.02222
0.4,0.25,2.8,450,150,rosenbrock,6,3.92128e-08,0.000246509,0.000123597,139.015,5.69671
0.4,0.3,2.8,450,150,rosenbrock,6,1.37739e-06,0.159755,0.000377185,139.132,6.54883
0.4,0.15,2.75,450,150,rosenbrock,6,5.70451e-10,0.0298224,5.54111e-06,119.131,5.00798
0.4,0.2,2.75,450,150,rosenbrock,6,1.91634e-08,0.168923,1.63707e-05,108.513,5.10262
0.4,0.25,2.75,450,150,rosenbrock,6,2.61878e-08,0.020115,5.23349e-05,125.654,4.97976
0.4,0.3,2.75,450,150,rosenbrock,6,1.03403e-07,0.0402305,0.000166821,133.369,6.57634
0.4,0.35,2.75,450,150,rosenbrock,6,2.43908e-06,0.000431894,0.000428063,109.118,6.07521
0.4,0.15,2.7,450,150,rosenbrock,6,8.8655e-10,2.97759e-06,1.85897e-06,158.974,4.76909
0.4,0.2,2.7,450,150,rosenbrock,6,2.62784e-08,1.11592e-05,6.76822e-06,117.562,5.04755
0.4,0.25,2.7,450,150,rosenbrock,6,2.43928e-08,0.139155,2.67595e-05,126.43,5.09567
0.4,0.3,2.7,450,150,rosenbrock,6,1.66962e-07,0.0102299,8.80063e-05,118.082,6.6337
0.4,0.35,2.7,450,150,rosenbrock,6,1.20149e-07,0.000336571,0.000239594,110.161,6.53632
0.4,0.4,2.7,450,150,rosenbrock,6,3.07923e-09,0.000656264,0.00065933,77.8498,6.54766
0.4,0.45,2.7,450,150,rosenbrock,6,8.67148e-07,0.0536574,0.0016266,64.292,6.63008
0.4,0.1,2.65,450,150,rosenbrock,6,1.9227e-11,0.0298053,1.64991e-07,169.548,5.13923
0.4,0.25,2.65,450,150,rosenbrock,6,2.07574e-09,0.158999,1.31807e-05,126.043,5.71169
0.4,0.35,2.65,450,150,rosenbrock,6,2.17617e-08,0.0499647,0.000133673,80.9289,6.58469
0.4,0.45,2.65,450,150,rosenbrock,6,4.85381e-08,0.0416516,0.00105591,89.4446,6.75169
0.4,0.1,2.6,450,150,rosenbrock,6,7.17648e-12,0.0695441,6.00296e-08,89.7626,6.69652
0.4,0.15,2.6,450,150,rosenbrock,6,7.76634e-11,0.158958,2.07696e-07,92.083,5.07012
0.4,0.2,2.6,450,150,rosenbrock,6,1.3257e-10,0.0298067,1.06459e-06,77.3238,5.15025
0.4,0.25,2.6,450,150,rosenbrock,6,2.23032e-09,0.168907,4.56822e-06,105.804,4.90254
0.4,0.2,2.55,450,150,rosenbrock,6,1.01762e-10,0.0496754,3.38472e-07,117.736,5.06411
0.4,0.35,2.55,450,150,rosenbrock,6,7.17094e-09,3.94818e-05,3.01575e-05,66.2295,6.62892
0.4,0.45,2.55,450,150,rosenbrock,6,1.38084e-06,0.011127,0.000356473,90.6656,6.70627
0.4,0.25,2.5,450,150,rosenbrock,6,5.50743e-10,0.139089,6.35039e-07,91.0203,5.15566
0.4,0.3,2.5,450,150,rosenbrock,6,6.65637e-09,0.0993558,3.45226e-06,119.638,6.75755
0.4,0.35,2.5,450,150,rosenbrock,6,7.17648e-12,2.42873e-05,1.5487e-05,64.4986,6.63704
0.4,0.0,2.45,450,150,rosenbrock,6,7.17648e-12,0.357655,1.08924e-10,119.097,6.711
0.4,0.1,2.45,450,150,rosenbrock,6,7.17648e-12,0.069544,1.0517e-09,67.8875,6.86133
0.4,0.3,2.45,450,150,rosenbrock,6,3.46627e-10,3.38603e-06,1.60169e-06,79.5616,6.59875
0.4,0.35,2.45,450,150,rosenbrock,6,2.5374e-09,0.0993897,7.61142e-06,51.0998,6.57885
0.4,0.15,2.4,450,150,rosenbrock,6,7.17648e-12,0.268241,2.02352e-09,125.709,6.65047
0.4,0.2,2.4,450,150,rosenbrock,6,7.17648e-12,2.11801e-08,9.27625e-09,89.3883,5.93145
0.4,0.25,2.4,450,150,rosenbrock,6,3.61656e-11,0.0496747,9.51404e-08,91.6034,5.92501
0.4,0.3,2.4,450,150,rosenbrock,6,2.57976e-10,8.57551e-07,6.1486e-07,109.518,6.19373
0.4,0.35,2.4,450,150,rosenbrock,6,8.82333e-11,0.0198802,3.12006e-06,68.4822,6.58529
0.4,0.4,2.4,450,150,rosenbrock,6,5.56776e-08,1.47138e-05,1.36446e-05,65.0579,5.79009
0.4,0.45,2.4,450,150,rosenbrock,6,1.56076e-07,0.069713,6.40956e-05,24.0281,6.68551
0.4,0.0,2.35,450,150,rosenbrock,6,7.17648e-12,0.0596091,2.83217e-11,102.291,6.69864
0.4,0.1,2.35,450,150,rosenbrock,6,7.17648e-12,0.278176,1.12962e-10,138.003,6.92512
0.4,0.15,2.35,450,150,rosenbrock,6,7.17648e-12,0.069544,3.8718e-10,72.9863,6.6766
0.4,0.25,2.35,450,150,rosenbrock,6,7.17648e-12,7.00421e-08,2.49798e-08,102.639,5.08992
0.4,0.3,2.35,450,150,rosenbrock,6,3.02544e-11,2.63198e-07,1.69255e-07,78.6032,6.41598
0.4,0.35,2.35,450,150,rosenbrock,6,1.21384e-09,2.4049e-06,1.41733e-06,29.7392,6.56085
0.4,0.4,2.35,450,150,rosenbrock,6,5.36418e-09,1.01405e-05,7.52297e-06,46.9413,6.58011
0.4,0.45,2.35,450,150,rosenbrock,6,1.98712e-08,0.0497216,3.48009e-05,77.8428,6.65955
0.4,0.15,2.3,450,150,rosenbrock,6,7.17648e-12,5.83501e-10,1.21487e-10,51.3386,6.82738
0.4,0.2,2.3,450,150,rosenbrock,6,7.17648e-12,0.158958,9.21368e-10,72.811,5.91851
0.4,0.25,2.3,450,150,rosenbrock,6,1.28607e-11,0.109283,9.22571e-09,67.1775,5.07853
0.4,0.3,2.3,450,150,rosenbrock,6,9.06232e-11,0.268241,8.88274e-08,119.26,6.44023
0.4,0.35,2.3,450,150,rosenbrock,6,3.46871e-10,0.0794807,6.96957e-07,66.5791,6.14879
0.4,0.4,2.3,450,150,rosenbrock,6,1.2305e-09,0.0993969,3.78109e-06,67.7033,6.50891
0.4,0.2,2.25,450,150,rosenbrock,6,7.17648e-12,7.14796e-10,2.10338e-10,26.9979,6.7072
0.4,0.25,2.25,450,150,rosenbrock,6,7.17648e-12,0.0298047,3.67138e-09,21.748,4.0505
0.4,0.3,2.25,450,150,rosenbrock,6,5.33328e-11,0.00993496,2.96116e-08,91.61,6.12353
0.4,0.35,2.25,450,150,rosenbrock,6,1.44395e-10,9.98043e-07,2.49544e-07,51.8886,6.22656
0.4,0.4,2.25,450,150,rosenbrock,6,1.34129e-09,4.88391e-06,1.89242e-06,45.7785,6.53113
0.4,0.45,2.25,450,150,rosenbrock,6,1.61128e-08,8.8463e-06,9.52089e-06,15.4545,6.84283
0.4,0.6,2.25,450,150,rosenbrock,6,2.06321e-07,0.0307834,0.000427098,48.3053,6.44867
0.4,0.0,2.2,450,150,rosenbrock,6,7.17648e-12,0.0298046,2.83217e-11,120.503,6.67073
0.4,0.05,2.2,450,150,rosenbrock,6,7.17648e-12,0.337785,2.83217e-11,92.8635,6.96395
0.4,0.1,2.2,450,150,rosenbrock,6,7.17648e-12,0.288111,2.8322e-11,84.0395,6.87864
0.4,0.25,2.2,450,150,rosenbrock,6,7.17648e-12,0.069544,1.09145e-09,66.3732,5.86523
0.4,0.3,2.2,450,150,rosenbrock,6,7.17648e-12,0.0894137,1.04017e-08,68.4021,6.08923
0.4,0.35,2.2,450,150,rosenbrock,6,1.13131e-10,0.0596098,1.27811e-07,49.8194,6.15573
0.4,0.4,2.2,450,150,rosenbrock,6,7.76608e-11,2.19015e-06,8.96413e-07,13.5811,6.6194
0.4,0.5,2.2,450,150,rosenbrock,6,2.60155e-08,3.01533e-05,2.58641e-05,21.7382,6.68264
0.4,0.15,2.15,450,150,rosenbrock,6,7.17648e-12,0.407329,5.33322e-11,106.842,6.64299
0.4,0.25,2.15,450,150,rosenbrock,6,7.17648e-12,5.65946e-10,2.27905e-10,21.1371,6.6245
0.4,0.3,2.15,450,150,rosenbrock,6,1.28607e-11,7.6868e-08,4.25913e-09,68.0619,6.25938
0.4,0.4,2.15,450,150,rosenbrock,6,2.17153e-10,5.41089e-07,4.46214e-07,50.1366,6.62293
0.4,0.45,2.15,450,150,rosenbrock,6,9.69766e-10,0.0596433,3.18566e-06,48.5569,6.80533
0.4,0.0,2.1,450,150,rosenbrock,6,7.17648e-12,0.32785,2.83217e-11,70.3768,6.61932
0.4,0.2,2.1,450,150,rosenbrock,6,7.17648e-12,0.188762,5.33328e-11,24.5687,5.92378
0.4,0.35,2.1,450,150,rosenbrock,6,2.02504e-11,0.0496744,2.25128e-08,17.0371,5.47161
0.4,0.4,2.1,450,150,rosenbrock,6,8.82333e-11,2.97472e-07,1.92311e-07,17.0294,6.98055
0.4,0.45,2.1,450,150,rosenbrock,6,4.59661e-10,0.109288,1.42487e-06,31.0527,6.75593
0.4,0.5,2.1,450,150,rosenbrock,6,2.01008e-10,2.20238e-05,7.65643e-06,21.7341,6.72065
0.4,0.55,2.1,450,150,rosenbrock,6,1.49269e-09,3.65861e-05,3.23132e-05,28.0044,6.36371
0.4,0.05,2.05,450,150,rosenbrock,6,7.17648e-12,0.208632,2.83217e-11,56.1915,7.21952
0.4,0.25,2.05,450,150,rosenbrock,6,7.17648e-12,0.208632,8.82333e-11,68.817,5.84462
0.4,0.3,2.05,450,150,rosenbrock,6,7.17648e-12,1.52349e-09,6.21295e-10,50.3693,5.85845
0.4,0.35,2.05,450,150,rosenbrock,6,7.17648e-12,0.0596092,7.43612e-09,33.3551,6.2007
0.4,0.4,2.05,450,150,rosenbrock,6,1.28608e-11,1.98217e-07,8.03656e-08,68.9796,5.065
0.4,0.45,2.05,450,150,rosenbrock,6,5.33322e-11,0.0198853,7.66602e-07,52.2767,6.73275
0.4,0.5,2.05,450,150,rosenbrock,6,1.79295e-09,0.0696196,5.13912e-06,25.5642,6.36935
0.4,0.7,2.05,450,150,rosenbrock,6,2.59726e-07,0.00231304,0.000452808,25.0503,7.14957
0.4,0.05,2.0,450,150,rosenbrock,6,7.17648e-12,2.39817e-11,1.9227e-11,50.531,7.24303
0.4,0.1,2.0,450,150,rosenbrock,6,7.17648e-12,0.0198697,2.83217e-11,51.8081,6.22957
0.4,0.15,2.0,450,150,rosenbrock,6,7.17648e-12,0.0198697,2.8322e-11,51.3334,6.74849
0.4,0.2,2.0,450,150,rosenbrock,6,7.17648e-12,0.0298046,3.94628e-11,51.1052,5.62432
0.4,0.3,2.0,450,150,rosenbrock,6,7.17648e-12,0.0198697,1.97203e-10,47.9893,5.84394
0.4,0.35,2.0,450,150,rosenbrock,6,7.17648e-12,0.069544,3.54158e-09,26.4963,4.01576
0.4,0.4,2.0,450,150,rosenbrock,6,8.45959e-11,0.0397396,4.79497e-08,21.1308,5.1349
0.4,0.5,2.0,450,150,rosenbrock,6,1.14979e-09,2.57127e-06,2.20791e-06,23.9465,6.72126
0.4,0.05,1.95,450,150,rosenbrock,6,7.17648e-12,0.238436,2.83217e-11,70.7192,7.25988
0.4,0.1,1.95,450,150,rosenbrock,6,7.17648e-12,0.248371,2.8322e-11,53.0242,6.65254
0.4,0.15,1.95,450,150,rosenbrock,6,7.17648e-12,0.119218,2.83217e-11,29.2902,6.71036
0.4,0.25,1.95,450,150,rosenbrock,6,7.17648e-12,0.0596091,5.33322e-11,35.5759,5.18702
0.4,0.3,1.95,450,150,rosenbrock,6,7.17648e-12,3.09724e-10,1.12789e-10,17.7547,5.8609
0.4,0.35,1.95,450,150,rosenbrock,6,7.17648e-12,0.119218,1.33075e-09,10.4009,4.35052
0.4,0.55,1.95,450,150,rosenbrock,6,4.00431e-08,9.26305e-06,8.71389e-06,46.9438,6.56448
0.4,0.05,1.9,450,150,rosenbrock,6,7.17648e-12,2.13322e-11,1.5703e-11,54.4616,7.12965
0.4,0.2,1.9,450,150,rosenbrock,6,7.17648e-12,3.81646e-11,2.8322e-11,45.5245,5.15157
0.4,0.25,1.9,450,150,rosenbrock,6,7.17648e-12,0.0794788,5.33322e-11,26.0358,5.93824
0.4,0.35,1.9,450,150,rosenbrock,6,7.17648e-12,2.23441e-09,4.08728e-10,7.41699,6.68398
0.4,0.5,1.9,450,150,rosenbrock,6,1.32572e-10,0.0596191,9.27958e-07,18.4702,6.18964
0.4,0.1,1.85,450,150,rosenbrock,6,7.17648e-12,2.37418e-11,2.83217e-11,47.7227,6.57118
0.4,0.15,1.85,450,150,rosenbrock,6,7.17648e-12,0.129153,2.83217e-11,25.0478,6.61283
0.4,0.2,1.85,450,150,rosenbrock,6,7.17648e-12,3.82701e-11,2.8322e-11,15.3241,5.01941
0.4,0.35,1.85,450,150,rosenbrock,6,7.17648e-12,0.0496743,2.39442e-10,28.3186,6.6458
0.4,0.4,1.85,450,150,rosenbrock,6,8.76808e-12,0.158958,5.74211e-09,47.4582,4.65069
0.4,0.5,1.85,450,150,rosenbrock,6,1.3257e-10,1.00307e-06,5.04432e-07,17.7445,6.23552
0.4,0.55,1.85,450,150,rosenbrock,6,2.07489e-09,2.99398e-06,2.90426e-06,14.5755,6.40137
0.4,0.0,1.8,450,150,rosenbrock,6,7.17648e-12,0.149023,1.92271e-11,29.2862,6.70491
0.4,0.2,1.8,450,150,rosenbrock,6,7.17648e-12,0.178827,2.8322e-11,19.2385,5.83346
0.4,0.35,1.8,450,150,rosenbrock,6,7.17648e-12,0.0397394,1.69409e-10,29.2935,6.75642
0.4,0.4,1.8,450,150,rosenbrock,6,1.28607e-11,6.83199e-09,2.37311e-09,1.9838,6.67253
0.4,0.45,1.8,450,150,rosenbrock,6,8.82333e-11,0.228502,3.72687e-08,15.4283,5.26744
0.4,0.55,1.8,450,150,rosenbrock,6,1.91559e-09,1.17063e-05,1.91298e-06,23.9402,6.41707
0.4,0.0,1.75,450,150,rosenbrock,6,7.17648e-12,0.00993485,1.28608e-11,18.469,5.93439
0.4,0.05,1.75,450,150,rosenbrock,6,7.17648e-12,2.45396e-11,1.28608e-11,29.7333,6.93486
0.4,0.1,1.75,450,150,rosenbrock,6,7.17648e-12,2.62693e-11,2.83217e-11,38.1032,6.58782
0.4,0.15,1.75,450,150,rosenbrock,6,7.17648e-12,0.218567,2.83217e-11,50.0458,6.59932
0.4,0.2,1.75,450,150,rosenbrock,6,7.17648e-12,3.24423e-11,2.83217e-11,20.495,5.17112
0.4,0.25,1.75,450,150,rosenbrock,6,7.17648e-12,0.188762,5.33322e-11,22.8608,5.14638
0.4,0.75,1.75,450,150,rosenbrock,6,1.96235e-08,0.000616851,0.00018924,1.72593,7.13217
0.4,0.1,1.7,450,150,rosenbrock,6,7.17648e-12,2.74147e-11,2.83217e-11,17.739,6.63781
0.4,0.15,1.7,450,150,rosenbrock,6,7.17648e-12,0.0298046,2.83217e-11,30.1316,6.69978
0.4,0.2,1.7,450,150,rosenbrock,6,7.17648e-12,0.109283,2.8322e-11,30.0955,5.28299
0.4,0.25,1.7,450,150,rosenbrock,6,7.17648e-12,0.188762,5.33322e-11,24.0068,5.07176
0.4,0.3,1.7,450,150,rosenbrock,6,7.17648e-12,0.0496743,5.33322e-11,21.1131,5.18945
0.4,0.45,1.7,450,150,rosenbrock,6,5.33322e-11,0.0496743,1.08392e-08,1.89011,4.55035
0.4,0.05,1.65,450,150,rosenbrock,6,7.17648e-12,0.208632,2.83217e-11,23.9011,7.02677
0.4,0.1,1.65,450,150,rosenbrock,6,7.17648e-12,0.168892,2.83217e-11,21.1152,6.64228
0.4,0.15,1.65,450,150,rosenbrock,6,7.17648e-12,0.00993485,2.83217e-11,29.7275,6.67184
0.4,0.2,1.65,450,150,rosenbrock,6,7.17648e-12,3.54635e-11,2.8322e-11,30.5533,5.21599
0.4,0.3,1.65,450,150,rosenbrock,6,7.17648e-12,5.19357e-11,5.33322e-11,17.7278,5.28463
0.4,0.35,1.65,450,150,rosenbrock,6,7.17648e-12,0.0794788,8.82333e-11,20.4005,6.18269
0.4,0.2,1.6,450,150,rosenbrock,6,7.17648e-12,0.0794788,2.8322e-11,21.1123,5.83373
0.4,0.3,1.6,450,150,rosenbrock,6,7.17648e-12,0.0198697,5.33325e-11,21.7204,5.09278
0.4,0.0,1.55,450,150,rosenbrock,6,7.17648e-12,0.158958,1.28608e-11,26.0269,5.20722
0.4,0.1,1.55,450,150,rosenbrock,6,7.17648e-12,0.218567,2.83217e-11,20.4832,6.70573
0.4,0.15,1.55,450,150,rosenbrock,6,7.17648e-12,2.96232e-11,2.83217e-11,12.5833,6.67113
0.4,0.3,1.55,450,150,rosenbrock,6,7.17648e-12,0.0298046,5.33322e-11,17.0114,5.11525
0.4,0.4,1.55,450,150,rosenbrock,6,7.17648e-12,0.129153,2.03964e-10,7.42532,6.67637
0.4,0.45,1.55,450,150,rosenbrock,6,7.63122e-12,0.0823306,2.6604e-09,7.43306,6.65445
0.4,0.65,1.55,450,150,rosenbrock,6,5.20552e-09,2.18264e-05,7.65734e-06,5.34178,5.01086
0.4,0.05,1.5,450,150,rosenbrock,6,7.17648e-12,0.0397394,1.9227e-11,7.42265,6.08403
0.4,0.1,1.5,450,150,rosenbrock,6,7.17648e-12,0.238436,2.83217e-11,15.3173,6.60742
0.4,0.2,1.5,450,150,rosenbrock,6,7.17648e-12,0.109283,2.8322e-11,18.4253,5.8224
0.4,0.05,1.45,450,150,rosenbrock,6,7.17648e-12,0.158958,1.28608e-11,19.0812,6.6828
0.4,0.2,1.45,450,150,rosenbrock,6,7.17648e-12,0.139088,2.8322e-11,24.4348,5.16517
0.4,0.25,1.45,450,150,rosenbrock,6,7.17648e-12,0.0198697,5.33322e-11,14.433,5.15226
0.4,0.45,1.45,450,150,rosenbrock,6,1.28607e-11,0.0993486,1.61645e-09,1.73978,6.63731
0.4,0.5,1.45,450,150,rosenbrock,6,1.08925e-10,0.0198704,2.24595e-08,8.98263,6.55183
0.4,0.6,1.45,450,150,rosenbrock,6,7.74321e-10,1.32706e-06,1.02844e-06,5.28414,6.48531
0.4,0.05,1.4,450,150,rosenbrock,6,7.17648e-12,0.208632,2.83217e-11,17.0127,6.45196
0.4,0.2,1.4,450,150,rosenbrock,6,7.17648e-12,4.24409e-11,3.94632e-11,1.70529,5.11149
0.4,0.25,1.4,450,150,rosenbrock,6,7.17648e-12,0.069544,5.33322e-11,7.38747,5.69416
0.4,0.3,1.4,450,150,rosenbrock,6,7.17648e-12,5.62185e-11,6.06085e-11,1.72382,5.18186
0.4,0.35,1.4,450,150,rosenbrock,6,7.17648e-12,0.00993485,8.82333e-11,1.67211,6.69618
0.4,0.45,1.4,450,150,rosenbrock,6,4.56032e-11,0.069544,1.90293e-09,5.32733,6.6679
0.4,0.5,1.4,450,150,rosenbrock,6,1.08925e-10,2.20254e-08,1.53828e-08,1.45012,6.62636
0.4,0.55,1.4,450,150,rosenbrock,6,1.79239e-09,1.62513e-06,1.45534e-07,7.39839,6.49215
0.4,0.6,1.4,450,150,rosenbrock,6,2.60202e-08,0.019914,9.81284e-07,7.39609,5.77615
0.4,0.65,1.4,450,150,rosenbrock,6,1.69369e-07,4.14182e-06,4.05375e-06,5.30709,5.35031
0.4,0.05,1.35,450,150,rosenbrock,6,7.17648e-12,0.168892,2.83217e-11,1.741,5.3635
0.4,0.1,1.35,450,150,rosenbrock,6,7.17648e-12,2.71464e-11,2.83217e-11,18.4226,5.99393
0.4,0.2,1.35,450,150,rosenbrock,6,7.17648e-12,4.52097e-11,5.33322e-11,7.37825,5.13103
0.4,0.25,1.35,450,150,rosenbrock,6,7.17648e-12,0.129153,6.70882e-11,7.40997,5.48797
0.4,0.3,1.35,450,150,rosenbrock,6,7.17648e-12,0.158958,8.82333e-11,5.35113,5.09221
0.4,0.5,1.35,450,150,rosenbrock,6,8.82343e-11,0.0695444,2.0228e-08,13.648,6.59935
0.4,0.55,1.35,450,150,rosenbrock,6,6.61992e-10,0.0794822,1.56723e-07,1.7234,6.55896
0.4,0.65,1.35,450,150,rosenbrock,6,6.06581e-08,3.84388e-06,3.55882e-06,1.57792,5.76407
0.4,0.0,1.3,450,150,rosenbrock,6,7.17648e-12,0.268241,2.83217e-11,10.3382,7.03222
0.4,0.05,1.3,450,150,rosenbrock,6,7.17648e-12,0.298045,2.8322e-11,5.36698,4.61233
0.4,0.2,1.3,450,150,rosenbrock,6,7.17648e-12,0.158958,5.33322e-11,7.41234,5.99303
0.4,0.25,1.3,450,150,rosenbrock,6,7.17648e-12,5.87727e-11,6.49283e-11,13.654,5.13325
0.4,0.3,1.3,450,150,rosenbrock,6,7.17648e-12,0.0397394,8.82333e-11,7.40104,5.23095
0.4,0.55,1.3,450,150,rosenbrock,6,2.66947e-10,2.22163e-07,1.55307e-07,1.53125,6.60462
0.4,0.6,1.3,450,150,rosenbrock,6,2.19947e-09,0.0993612,1.13843e-06,1.71464,5.12894
0.4,0.65,1.3,450,150,rosenbrock,6,1.88659e-09,0.0427434,3.95506e-06,7.38361,4.93952
0.4,0.7,1.3,450,150,rosenbrock,6,1.25899e-07,1.33201e-05,1.12341e-05,1.55862,5.71611
0.4,0.75,1.3,450,150,rosenbrock,6,1.39568e-06,0.010913,3.29733e-05,1.65234,5.68673
0.4,0.0,1.25,450,150,rosenbrock,6,7.17648e-12,3.14917e-11,2.83217e-11,14.5484,7.01274
0.4,0.1,1.25,450,150,rosenbrock,6,7.17648e-12,3.53794e-11,2.8322e-11,1.55345,6.08528
0.4,0.2,1.25,450,150,rosenbrock,6,7.17648e-12,4.98986e-11,5.33322e-11,1.56,4.70751
0.4,0.25,1.25,450,150,rosenbrock,6,7.17648e-12,0.149027,8.82333e-11,1.78975,5.22862
0.4,0.3,1.25,450,150,rosenbrock,6,7.17648e-12,1.26542e-10,8.82333e-11,1.62629,5.19483
0.4,0.35,1.25,450,150,rosenbrock,6,1.28607e-11,0.0210565,1.08924e-10,1.6916,6.72952
0.4,0.55,1.25,450,150,rosenbrock,6,1.3349e-09,4.26007e-06,2.22108e-07,1.58393,6.52442
0.4,0.6,1.25,450,150,rosenbrock,6,2.74535e-09,1.74428e-06,1.00441e-06,1.48566,6.59771
0.4,0.65,1.25,450,150,rosenbrock,6,1.58898e-07,0.00999265,3.78053e-06,1.60281,5.07851
0.4,0.75,1.25,450,150,rosenbrock,6,9.91e-08,3.25331e-05,3.44745e-05,1.59279,5.71861
0.4,0.8,1.25,450,150,rosenbrock,6,7.12807e-07,7.50066e-05,8.30696e-05,1.48288,5.72172
0.4,0.0,1.2,450,150,rosenbrock,6,7.17648e-12,3.37296e-11,2.83217e-11,5.32344,6.90253
0.4,0.05,1.2,450,150,rosenbrock,6,7.17648e-12,0.0596091,2.8322e-11,14.5582,7.24787
0.4,0.15,1.2,450,150,rosenbrock,6,7.17648e-12,0.109286,5.33322e-11,5.33067,5.05535
0.4,0.25,1.2,450,150,rosenbrock,6,7.17648e-12,0.109283,8.82333e-11,5.32224,5.94406
0.4,0.3,1.2,450,150,rosenbrock,6,7.17648e-12,0.000139082,8.82333e-11,1.63936,5.93184
0.4,0.4,1.2,450,150,rosenbrock,6,4.56032e-11,0.0921179,5.22411e-10,5.34013,6.79504
0.4,0.65,1.2,450,150,rosenbrock,6,5.59291e-08,1.75809e-05,4.82666e-06,1.57243,5.0968
0.4,0.7,1.2,450,150,rosenbrock,6,2.54342e-07,0.0033951,1.46459e-05,1.60222,5.87278
0.4,0.8,1.2,450,150,rosenbrock,6,2.55353e-07,0.000233969,8.93924e-05,1.58502,5.71327
0.4,0.1,1.15,450,150,rosenbrock,6,7.17648e-12,0.00309,5.33328e-11,7.38842,7.84743
0.4,0.2,1.15,450,150,rosenbrock,6,7.17648e-12,6.66664e-11,8.82333e-11,7.31603,5.24943
0.4,0.3,1.15,450,150,rosenbrock,6,1.28607e-11,0.158958,1.3257e-10,1.74782,5.9883
0.4,0.35,1.15,450,150,rosenbrock,6,7.17648e-12,1.11797e-07,2.03964e-10,1.58874,6.32506
0.4,0.55,1.15,450,150,rosenbrock,6,7.88364e-09,0.0201851,5.07833e-07,1.66009,6.66096
0.4,0.6,1.15,450,150,rosenbrock,6,7.40668e-08,0.121541,2.04948e-06,1.66406,6.68774
0.4,0.65,1.15,450,150,rosenbrock,6,1.14735e-07,6.76803e-06,6.29649e-06,1.46274,5.91863
0.4,0.7,1.15,450,150,rosenbrock,6,6.56191e-07,0.000320586,1.74087e-05,1.59024,5.81149
0.4,0.75,1.15,450,150,rosenbrock,6,4.49886e-07,3.59034e-05,3.82175e-05,1.42458,5.75564
0.4,0.8,1.15,450,150,rosenbrock,6,7.25207e-06,9.78495e-05,9.58613e-05,1.47623,5.72184
0.4,0.05,1.1,450,150,rosenbrock,6,7.17648e-12,0.102531,5.33328e-11,8.95268,7.30572
0.4,0.1,1.1,450,150,rosenbrock,6,7.17648e-12,0.189744,8.12987e-11,5.3576,7.77459
0.4,0.15,1.1,450,150,rosenbrock,6,7.17648e-12,0.151395,8.82333e-11,1.67223,5.33473
0.4,0.2,1.1,450,150,rosenbrock,6,7.17648e-12,0.161348,1.08924e-10,1.71496,5.26324
0.4,0.25,1.1,450,150,rosenbrock,6,7.17648e-12,0.000852279,1.32571e-10,1.59003,5.23748
0.4,0.35,1.1,450,150,rosenbrock,6,3.94628e-11,0.119247,1.25357e-09,1.7113,6.95983
0.4,0.4,1.1,450,150,rosenbrock,6,1.74299e-10,0.00290249,8.51683e-09,1.59908,6.82293
0.4,0.45,1.1,450,150,rosenbrock,6,2.62398e-10,5.91426e-05,5.0711e-08,1.56853,6.80146
0.4,0.5,1.1,450,150,rosenbrock,6,5.37531e-10,0.00196568,2.70042e-07,1.59463,6.68376
0.4,0.55,1.1,450,150,rosenbrock,6,4.52992e-08,1.13671e-05,9.91879e-07,1.53915,6.7012
0.4,0.6,1.1,450,150,rosenbrock,6,3.54108e-08,9.01699e-05,3.47301e-06,1.56776,6.67646
0.4,0.65,1.1,450,150,rosenbrock,6,2.597e-08,1.65958e-05,8.58267e-06,1.47674,6.62092
0.4,0.7,1.1,450,150,rosenbrock,6,9.21266e-08,2.88826e-05,2.29869e-05,1.46938,5.77729
0.4,0.75,1.1,450,150,rosenbrock,6,8.62492e-07,0.00026801,5.77749e-05,1.61174,5.76412
0.4,0.8,1.1,450,150,rosenbrock,6,3.83734e-06,0.000105526,0.000108746,1.4335,5.78019
0.4,0.0,1.05,450,150,rosenbrock,6,7.17648e-12,6.23803e-11,3.94632e-11,1.55371,6.41171
0.4,0.1,1.05,450,150,rosenbrock,6,7.17648e-12,0.00317601,1.20407e-10,1.59075,7.81952
0.4,0.25,1.05,450,150,rosenbrock,6,3.54841e-11,0.000271153,7.10648e-10,1.62464,5.31856
0.4,0.3,1.05,450,150,rosenbrock,6,5.33322e-11,0.0954048,3.07234e-09,1.6612,5.30451
0.4,0.35,1.05,450,150,rosenbrock,6,8.82333e-11,0.000203966,1.54414e-08,5.3087,6.96655
0.4,0.5,1.05,450,150,rosenbrock,6,1.63604e-08,0.00570268,9.25371e-07,1.62717,6.73063
0.4,0.55,1.05,450,150,rosenbrock,6,4.14393e-08,0.0681159,2.74914e-06,1.66372,6.87837
0.4,0.6,1.05,450,150,rosenbrock,6,2.41146e-10,0.00799789,7.40423e-06,1.6438,6.76802
0.4,0.65,1.05,450,150,rosenbrock,6,1.78638e-06,0.101583,1.99514e-05,1.67386,6.78067
0.4,0.7,1.05,450,150,rosenbrock,6,7.88315e-08,7.79234e-05,3.88665e-05,1.48259,5.82218
0.4,0.75,1.05,450,150,rosenbrock,6,9.06584e-07,0.00153762,8.19941e-05,1.59169,5.89643
0.4,0.8,1.05,450,150,rosenbrock,6,1.08911e-05,0.000175231,0.000155223,1.51436,5.92511
0.4,0.05,1.0,450,150,rosenbrock,6,7.17648e-12,0.114663,2.13062e-10,1.81781,7.48065
0.4,0.1,1.0,450,150,rosenbrock,6,8.76806e-12,0.211284,5.20441e-09,1.76818,7.90064
0.4,0.15,1.0,450,150,rosenbrock,6,3.02546e-11,0.0164492,2.33076e-08,1.58091,6.93018
0.4,0.2,1.0,450,150,rosenbrock,6,8.12987e-11,0.0269081,5.56651e-08,1.62241,5.31482
0.4,0.25,1.0,450,150,rosenbrock,6,2.43201e-10,0.13871,1.83538e-07,1.71516,5.42948
0.4,0.45,1.0,450,150,rosenbrock,6,1.26487e-08,0.00025829,2.30504e-06,1.5867,6.77168
0.4,0.5,1.0,450,150,rosenbrock,6,2.81394e-07,0.000294598,4.69678e-06,1.58826,6.80969
0.4,0.55,1.0,450,150,rosenbrock,6,1.09938e-06,0.000209195,9.61101e-06,1.4192,6.88949
0.4,0.6,1.0,450,150,rosenbrock,6,1.12126e-06,0.000579782,2.14443e-05,1.51868,6.89964
0.4,0.65,1.0,450,150,rosenbrock,6,8.35246e-07,0.0013675,4.04292e-05,1.56601,6.69904
0.4,0.7,1.0,450,150,rosenbrock,6,9.44357e-08,0.00048083,8.21648e-05,1.52684,7.60188
0.4,0.75,1.0,450,150,rosenbrock,6,2.75379e-07,0.00240571,0.000144364,1.61348,5.94298
0.4,0.8,1.0,450,150,rosenbrock,6,3.75317e-09,0.000389022,0.000221886,1.57087,5.86523
0.4,0.0,0.95,450,150,rosenbrock,6,7.17648e-12,0.0200409,1.63712e-08,5.32482,7.14726
0.4,0.1,0.95,450,150,rosenbrock,6,1.00263e-08,0.161461,3.63815e-05,1.6776,7.87345
0.4,0.2,0.95,450,150,rosenbrock,6,2.18875e-07,0.051285,8.12805e-05,1.6368,4.70382
0.4,0.35,0.95,450,150,rosenbrock,6,1.15968e-07,0.00361393,3.42335e-05,1.46985,6.92815
0.4,0.6,0.95,450,150,rosenbrock,6,3.18736e-07,0.0272144,0.000111441,1.57994,6.88897
0.4,0.75,0.95,450,150,rosenbrock,6,2.64193e-06,0.0201978,0.000332798,1.60807,5.94568
0.4,0.8,0.95,450,150,rosenbrock,6,9.70827e-08,0.00326946,0.000471305,1.53967,5.923
0.4,0.85,0.95,450,150,rosenbrock,6,2.58433e-05,0.0264071,0.000728124,1.67459,6.67137
0.4,1.0,0.95,450,150,rosenbrock,6,9.01729e-05,0.00564621,0.00187901,1.53471,6.73834
0.4,0.2,0.9,450,150,rosenbrock,6,0.000276652,0.250454,0.0160273,1.75826,4.64911
0.4,0.9,0.9,450,150,rosenbrock,6,7.84121e-06,0.0059761,0.00206792,1.5238,6.72875
0.4,0.95,0.9,450,150,rosenbrock,6,2.73762e-05,0.0117226,0.00242873,1.54459,6.69355
0.5,0.05,3.0,450,150,rosenbrock,6,1.51364e-06,0.229598,0.00155206,328.676,6.40416
0.5,0.2,3.0,450,150,rosenbrock,6,8.07773e-07,0.129692,0.00764157,227.445,6.53243
0.5,0.05,2.95,450,150,rosenbrock,6,2.93788e-07,0.0409617,0.000821972,244.306,6.4637
0.5,0.1,2.95,450,150,rosenbrock,6,6.3726e-08,0.0013908,0.00122967,204.932,9.01097
0.5,0.3,2.95,450,150,rosenbrock,6,4.94434e-05,0.0217548,0.0115137,145.646,8.64645
0.5,0.1,2.9,450,150,rosenbrock,6,8.3767e-08,0.154277,0.000780333,277.764,6.65695
0.5,0.15,2.9,450,150,rosenbrock,6,1.34154e-07,0.00117694,0.00106127,175.181,8.62407
0.5,0.2,2.9,450,150,rosenbrock,6,7.97531e-07,0.00199298,0.00194729,109.693,7.38186
0.5,0.15,2.85,450,150,rosenbrock,6,5.1101e-08,0.110313,0.000571456,185.026,8.63553
0.5,0.25,2.85,450,150,rosenbrock,6,2.00413e-06,0.0823007,0.002269,116.838,6.54489
0.5,0.0,2.8,450,150,rosenbrock,6,2.62908e-09,0.360451,5.44426e-05,185.283,8.80358
0.5,0.05,2.8,450,150,rosenbrock,6,1.6292e-09,0.20877,9.7043e-05,275.147,6.50116
0.5,0.1,2.8,450,150,rosenbrock,6,3.62139e-08,0.232633,0.000136699,172.722,6.53085
0.5,0.15,2.8,450,150,rosenbrock,6,6.27849e-07,0.000305954,0.000271109,132.019,8.64887
0.5,0.25,2.8,450,150,rosenbrock,6,8.0799e-09,0.0011404,0.00116934,133.248,8.29707
0.5,0.3,2.8,450,150,rosenbrock,6,5.62034e-06,0.064432,0.00243765,159.07,8.76878
0.5,0.0,2.75,450,150,rosenbrock,6,1.41154e-09,0.0298401,1.65583e-05,244.868,8.86824
0.5,0.15,2.75,450,150,rosenbrock,6,9.41578e-08,0.000163031,0.0001228,139.159,8.67686
0.5,0.2,2.75,450,150,rosenbrock,6,2.01576e-07,0.0607081,0.00026682,110.421,6.68889
0.5,0.3,2.75,450,150,rosenbrock,6,5.02983e-07,0.0221552,0.00142269,152.085,8.69697
0.5,0.1,2.7,450,150,rosenbrock,6,5.33328e-11,0.278226,3.21771e-05,195.195,6.58731
0.5,0.15,2.7,450,150,rosenbrock,6,1.0385e-08,7.6235e-05,6.46757e-05,168.313,8.68163
0.5,0.2,2.7,450,150,rosenbrock,6,2.95515e-08,0.208846,0.000136117,153.175,6.71937
0.5,0.25,2.7,450,150,rosenbrock,6,1.0917e-09,0.000576582,0.000318112,89.7042,8.6222
0.5,0.05,2.65,450,150,rosenbrock,6,4.29882e-10,0.188779,5.59942e-06,189.146,6.54526
0.5,0.2,2.65,450,150,rosenbrock,6,2.77486e-08,0.139248,7.25657e-05,127.952,6.73474
0.5,0.25,2.65,450,150,rosenbrock,6,9.24931e-07,0.00018921,0.000145508,146.857,8.73099
0.5,0.3,2.65,450,150,rosenbrock,6,6.92354e-08,0.000412188,0.000347521,125.423,7.62361
0.5,0.05,2.6,450,150,rosenbrock,6,1.08815e-10,0.0198747,1.85745e-06,184.703,6.63735
0.5,0.15,2.6,450,150,rosenbrock,6,3.15036e-10,1.98121e-05,9.4995e-06,124.594,8.86487
0.5,0.2,2.6,450,150,rosenbrock,6,2.61589e-09,3.57477e-05,2.80853e-05,78.9675,6.78496
0.5,0.25,2.6,450,150,rosenbrock,6,2.8732e-07,0.0598517,7.1636e-05,153.089,8.67739
0.5,0.3,2.6,450,150,rosenbrock,6,7.20194e-08,0.000365011,0.000198122,76.7055,7.63619
0.5,0.4,2.6,450,150,rosenbrock,6,3.35309e-07,0.091548,0.00118784,89.4381,8.6377
0.5,0.0,2.55,450,150,rosenbrock,6,1.29273e-10,0.238437,4.59491e-07,147.326,8.30951
0.5,0.1,2.55,450,150,rosenbrock,6,7.01586e-11,2.71769e-06,1.17712e-06,124.758,6.604
0.5,0.15,2.55,450,150,rosenbrock,6,1.16088e-10,0.178837,4.55974e-06,109.568,8.75746
0.5,0.2,2.55,450,150,rosenbrock,6,2.20916e-10,1.95109e-05,1.09728e-05,125.424,6.69309
0.5,0.25,2.55,450,150,rosenbrock,6,1.5232e-09,0.0397945,2.93385e-05,125.411,8.7255
0.5,0.35,2.55,450,150,rosenbrock,6,7.8512e-08,0.0205109,0.000286475,127.494,7.12876
0.5,0.2,2.5,450,150,rosenbrock,6,4.54872e-10,5.80357e-06,4.02426e-06,108.747,6.67437
0.5,0.25,2.5,450,150,rosenbrock,6,9.17571e-09,0.0596831,1.65903e-05,110.811,8.74717
0.5,0.3,2.5,450,150,rosenbrock,6,1.98293e-10,6.16639e-05,5.18689e-05,146.335,7.6182
0.5,0.2,2.45,450,150,rosenbrock,6,6.36802e-11,4.3444e-06,2.11111e-06,68.2973,6.79217
0.5,0.25,2.45,450,150,rosenbrock,6,2.37613e-10,8.85505e-06,5.47141e-06,101.813,8.76177
0.5,0.35,2.45,450,150,rosenbrock,6,1.04268e-08,0.0697867,8.92978e-05,139.715,7.67008
0.5,0.0,2.4,450,150,rosenbrock,6,7.17648e-12,0.0198698,1.47022e-08,167.588,8.44762
0.5,0.1,2.4,450,150,rosenbrock,6,7.17648e-12,1.83775e-07,5.36627e-08,178.701,6.64758
0.5,0.15,2.4,450,150,rosenbrock,6,1.28608e-11,4.51288e-07,1.77829e-07,171.073,9.38096
0.5,0.2,2.4,450,150,rosenbrock,6,2.71731e-10,0.158959,8.55336e-07,101.666,6.92253
0.5,0.25,2.4,450,150,rosenbrock,6,9.11003e-10,4.65189e-06,2.74707e-06,98.9197,8.73511
0.5,0.3,2.4,450,150,rosenbrock,6,2.07088e-09,0.00996627,1.21104e-05,90.6629,7.63159
0.5,0.35,2.4,450,150,rosenbrock,6,1.67088e-08,4.13486e-05,3.99762e-05,64.502,7.5985
0.5,0.45,2.4,450,150,rosenbrock,6,5.00097e-08,0.000296319,0.000308661,119.502,8.72521
0.5,0.1,2.35,450,150,rosenbrock,6,7.17648e-12,0.198697,3.1375e-08,111.079,6.72445
0.5,0.2,2.35,450,150,rosenbrock,6,7.17648e-12,0.00993599,3.06201e-07,102.509,6.79275
0.5,0.25,2.35,450,150,rosenbrock,6,5.48002e-10,2.24683e-06,1.14979e-06,90.5342,8.77831
0.5,0.3,2.35,450,150,rosenbrock,6,1.9837e-09,0.0596212,5.14452e-06,110.626,7.66066
0.5,0.35,2.35,450,150,rosenbrock,6,1.38969e-08,0.0894797,2.31792e-05,65.8333,7.64238
0.5,0.4,2.35,450,150,rosenbrock,6,1.23558e-09,0.049943,7.53692e-05,99.2637,7.65909
0.5,0.2,2.3,450,150,rosenbrock,6,7.17648e-12,3.81502e-07,1.07988e-07,79.2637,6.89247
0.5,0.35,2.3,450,150,rosenbrock,6,4.06664e-10,1.71822e-05,9.82381e-06,7.54681,7.76389
0.5,0.4,2.3,450,150,rosenbrock,6,8.82343e-11,0.049775,3.43984e-05,64.6715,7.11832
0.5,0.45,2.3,450,150,rosenbrock,6,1.37231e-08,0.0001338,0.000118273,77.0253,8.67722
0.5,0.0,2.25,450,150,rosenbrock,6,7.17648e-12,2.6138e-09,9.11309e-10,109.874,8.68313
0.5,0.1,2.25,450,150,rosenbrock,6,7.17648e-12,0.228502,2.91878e-09,120.298,7.53639
0.5,0.15,2.25,450,150,rosenbrock,6,7.17648e-12,0.0198697,9.71936e-09,77.1634,8.88723
0.5,0.2,2.25,450,150,rosenbrock,6,1.28607e-11,0.149023,3.98263e-08,52.5087,6.731
0.5,0.35,2.25,450,150,rosenbrock,6,1.95388e-09,0.0496846,5.09359e-06,68.8242,7.68232
0.5,0.4,2.25,450,150,rosenbrock,6,1.26693e-09,2.71161e-05,1.94571e-05,64.1179,7.60435
0.5,0.55,2.25,450,150,rosenbrock,6,1.16596e-07,0.00112826,0.000613358,45.5333,7.44661
0.5,0.05,2.2,450,150,rosenbrock,6,7.17648e-12,1.57374e-09,3.31081e-10,69.2741,6.52987
0.5,0.1,2.2,450,150,rosenbrock,6,7.17648e-12,0.0496743,9.76884e-10,72.8381,7.05049
0.5,0.15,2.2,450,150,rosenbrock,6,7.17648e-12,1.00747e-08,3.06627e-09,60.5827,8.86144
0.5,0.4,2.2,450,150,rosenbrock,6,1.68253e-08,0.0397812,1.16191e-05,24.5748,7.6126
0.5,0.05,2.15,450,150,rosenbrock,6,7.17648e-12,0.0298046,1.84868e-10,81.4285,6.72353
0.5,0.1,2.15,450,150,rosenbrock,6,7.17648e-12,0.0894137,2.53084e-10,72.6678,6.67512
0.5,0.15,2.15,450,150,rosenbrock,6,7.17648e-12,0.0298046,1.12441e-09,58.0281,8.83227
0.5,0.25,2.15,450,150,rosenbrock,6,8.76808e-12,0.0596093,3.27495e-08,93.1325,8.82818
0.5,0.05,2.1,450,150,rosenbrock,6,7.17648e-12,4.51778e-10,7.10692e-11,91.5342,6.6922
0.5,0.15,2.1,450,150,rosenbrock,6,7.17648e-12,7.76401e-10,2.73604e-10,68.8374,8.90684
0.5,0.2,2.1,450,150,rosenbrock,6,7.17648e-12,1.50853e-08,1.62794e-09,91.7299,6.8154
0.5,0.25,2.1,450,150,rosenbrock,6,7.17648e-12,0.079479,7.33039e-09,58.4069,8.80795
0.5,0.45,2.1,450,150,rosenbrock,6,3.43898e-09,1.27226e-05,1.13425e-05,22.8766,7.52811
0.5,0.5,2.1,450,150,rosenbrock,6,8.69519e-08,0.0199923,4.93766e-05,27.0964,7.83847
0.5,0.05,2.05,450,150,rosenbrock,6,7.17648e-12,0.0993485,3.19604e-11,96.1317,6.8047
0.5,0.1,2.05,450,150,rosenbrock,6,7.17648e-12,2.07913e-10,6.39627e-11,67.8981,6.70657
0.5,0.15,2.05,450,150,rosenbrock,6,7.17648e-12,0.0496743,1.40246e-10,70.4212,9.00247
0.5,0.45,2.05,450,150,rosenbrock,6,8.82333e-11,0.0199051,8.42577e-06,49.8212,7.59056
0.5,0.0,2.0,450,150,rosenbrock,6,7.17648e-12,0.109283,2.8322e-11,72.8366,6.71969
0.5,0.05,2.0,450,150,rosenbrock,6,7.17648e-12,0.109283,2.8322e-11,128.047,6.74785
0.5,0.1,2.0,450,150,rosenbrock,6,7.17648e-12,6.67319e-11,2.8322e-11,23.9321,6.79814
0.5,0.2,2.0,450,150,rosenbrock,6,7.17648e-12,6.81511e-10,1.96467e-10,57.3878,6.79449
0.5,0.25,2.0,450,150,rosenbrock,6,7.17648e-12,0.158958,1.24481e-09,49.0565,8.90159
0.5,0.5,2.0,450,150,rosenbrock,6,5.17723e-09,2.05168e-05,1.68525e-05,47.2008,7.25144
0.5,0.05,1.95,450,150,rosenbrock,6,7.17648e-12,2.81645e-11,2.83217e-11,70.0955,6.85545
0.5,0.1,1.95,450,150,rosenbrock,6,7.17648e-12,0.069544,2.83217e-11,26.0319,6.61049
0.5,0.2,1.95,450,150,rosenbrock,6,7.17648e-12,0.069544,8.82343e-11,29.7348,6.80903
0.5,0.5,1.95,450,150,rosenbrock,6,6.40143e-10,1.09497e-05,9.63789e-06,15.4629,7.78532
0.5,0.05,1.9,450,150,rosenbrock,6,7.17648e-12,0.0794788,2.83217e-11,50.8512,6.79555
0.5,0.25,1.9,450,150,rosenbrock,6,7.17648e-12,0.0894137,1.98408e-10,51.8046,8.93375
0.5,0.3,1.9,450,150,rosenbrock,6,7.17648e-12,0.0794788,2.09529e-09,33.6791,7.79664
0.5,0.45,1.9,450,150,rosenbrock,6,1.4337e-10,0.0794835,1.07226e-06,50.0562,7.55316
0.5,0.5,1.9,450,150,rosenbrock,6,1.28516e-09,0.0397724,6.31669e-06,24.5616,7.80592
0.5,0.05,1.85,450,150,rosenbrock,6,7.17648e-12,0.00993485,1.47365e-11,72.0386,6.76959
0.5,0.15,1.85,450,150,rosenbrock,6,7.17648e-12,0.208632,2.8322e-11,28.3918,8.95089
0.5,0.5,1.85,450,150,rosenbrock,6,5.32858e-10,4.66796e-06,3.49682e-06,48.8202,7.80323
0.5,0.55,1.85,450,150,rosenbrock,6,8.30345e-09,1.43593e-05,1.46012e-05,22.8751,7.52661
0.5,0.05,1.8,450,150,rosenbrock,6,7.17648e-12,2.27602e-11,1.28608e-11,83.9246,6.70983
0.5,0.1,1.8,450,150,rosenbrock,6,7.17648e-12,0.149023,2.83217e-11,28.3134,6.91086
0.5,0.5,1.8,450,150,rosenbrock,6,4.78611e-09,1.12362e-05,2.6023e-06,14.5834,7.75725
0.5,0.0,1.75,450,150,rosenbrock,6,7.17648e-12,0.0496743,1.28607e-11,49.5625,6.65236
0.5,0.05,1.75,450,150,rosenbrock,6,7.17648e-12,0.0794788,1.28608e-11,25.5745,6.6631
0.5,0.0,1.7,450,150,rosenbrock,6,7.17648e-12,1.75926e-11,1.28607e-11,54.459,6.66366
0.5,0.1,1.7,450,150,rosenbrock,6,7.17648e-12,0.149023,2.83217e-11,17.7723,6.72571
0.5,0.15,1.7,450,150,rosenbrock,6,7.17648e-12,2.27206e-11,1.92271e-11,63.096,8.97075
0.5,0.2,1.7,450,150,rosenbrock,6,7.17648e-12,0.0596091,2.83217e-11,25.5552,6.94849
0.5,0.25,1.7,450,150,rosenbrock,6,7.17648e-12,0.0596091,2.95159e-11,21.7236,8.90587
0.5,0.3,1.7,450,150,rosenbrock,6,7.17648e-12,0.00993485,9.18726e-11,28.3489,7.77815
0.5,0.0,1.65,450,150,rosenbrock,6,7.17648e-12,0.129153,1.28608e-11,47.461,6.78089
0.5,0.05,1.65,450,150,rosenbrock,6,7.17648e-12,0.129153,1.28608e-11,25.5548,6.68051
0.5,0.1,1.65,450,150,rosenbrock,6,7.17648e-12,2.00973e-11,1.28608e-11,24.552,6.60547
0.5,0.2,1.65,450,150,rosenbrock,6,7.17648e-12,0.0993485,2.83217e-11,31.8339,6.9476
0.5,0.25,1.65,450,150,rosenbrock,6,7.17648e-12,3.7324e-11,2.8322e-11,20.512,8.95593
0.5,0.3,1.65,450,150,rosenbrock,6,7.17648e-12,0.0198697,7.80588e-11,25.5272,7.91175
0.5,0.0,1.6,450,150,rosenbrock,6,7.17648e-12,2.0269e-11,1.28608e-11,24.5488,6.70048
0.5,0.05,1.6,450,150,rosenbrock,6,7.17648e-12,0.0298046,1.28607e-11,25.0483,6.66816
0.5,0.15,1.6,450,150,rosenbrock,6,7.17648e-12,0.258306,2.83217e-11,32.8687,6.69457
0.5,0.25,1.6,450,150,rosenbrock,6,7.17648e-12,0.0298046,2.83217e-11,23.9369,9.04724
0.5,0.0,1.55,450,150,rosenbrock,6,7.17648e-12,0.109283,1.28607e-11,21.1233,6.68063
0.5,0.05,1.55,450,150,rosenbrock,6,7.17648e-12,0.149023,1.28608e-11,22.8509,6.63435
0.5,0.05,1.5,450,150,rosenbrock,6,7.17648e-12,2.02895e-11,1.28607e-11,17.019,6.60245
0.5,0.1,1.5,450,150,rosenbrock,6,7.17648e-12,1.88042e-11,1.28608e-11,25.0521,6.63106
0.5,0.15,1.5,450,150,rosenbrock,6,7.17648e-12,0.0298046,2.83217e-11,13.6772,6.66292
0.5,0.05,1.45,450,150,rosenbrock,6,7.17648e-12,0.0596091,1.28607e-11,23.386,6.67688
0.5,0.1,1.45,450,150,rosenbrock,6,7.17648e-12,0.069544,1.28608e-11,27.8883,6.7872
0.5,0.15,1.45,450,150,rosenbrock,6,7.17648e-12,0.0397394,2.83217e-11,17.0095,6.68324
0.5,0.3,1.45,450,150,rosenbrock,6,7.17648e-12,0.069544,5.33322e-11,5.34358,7.95597
0.5,0.35,1.45,450,150,rosenbrock,6,7.17648e-12,0.129153,8.82333e-11,5.35317,7.73501
0.5,0.05,1.35,450,150,rosenbrock,6,7.17648e-12,0.069544,1.28607e-11,13.668,6.76132
0.5,0.5,1.35,450,150,rosenbrock,6,5.33328e-11,0.0397399,5.53957e-08,1.74244,7.81173
0.5,0.65,1.35,450,150,rosenbrock,6,1.73033e-07,8.54313e-06,8.24873e-06,1.38717,6.54369
0.5,0.05,1.3,450,150,rosenbrock,6,7.17648e-12,0.0496743,1.28607e-11,1.74753,6.76442
0.5,0.15,1.3,450,150,rosenbrock,6,7.17648e-12,0.0397394,2.83217e-11,1.84324,6.64578
0.5,0.25,1.3,450,150,rosenbrock,6,7.17648e-12,0.0496743,2.8322e-11,1.71438,6.72583
0.5,0.65,1.3,450,150,rosenbrock,6,1.05412e-07,0.0100191,6.8776e-06,1.64515,6.54352
0.5,0.05,1.25,450,150,rosenbrock,6,7.17648e-12,1.79322e-11,1.28607e-11,16.1029,6.64812
0.5,0.1,1.25,450,150,rosenbrock,6,7.17648e-12,2.10358e-11,1.28608e-11,21.7129,6.65649
0.5,0.15,1.25,450,150,rosenbrock,6,7.17648e-12,2.35258e-11,2.83217e-11,7.37721,6.61163
0.5,0.2,1.25,450,150,rosenbrock,6,7.17648e-12,0.0894137,2.83217e-11,1.77361,8.91095
0.5,0.25,1.25,450,150,rosenbrock,6,7.17648e-12,0.129153,3.0823e-11,1.79864,7.03522
0.5,0.35,1.25,450,150,rosenbrock,6,7.17648e-12,0.0496743,8.82333e-11,5.32855,7.74561
0.5,0.0,1.2,450,150,rosenbrock,6,7.17648e-12,0.158958,1.28607e-11,8.97851,6.70738
0.5,0.05,1.2,450,150,rosenbrock,6,7.17648e-12,0.129153,1.28608e-11,19.8625,6.86444
0.5,0.1,1.2,450,150,rosenbrock,6,7.17648e-12,0.218567,2.83217e-11,8.97516,6.65264
0.5,0.2,1.2,450,150,rosenbrock,6,7.17648e-12,2.19314e-09,2.83217e-11,1.67433,8.90696
0.5,0.25,1.2,450,150,rosenbrock,6,7.17648e-12,0.0198697,2.8322e-11,1.60138,6.69538
0.5,0.0,1.15,450,150,rosenbrock,6,7.17648e-12,0.0496743,1.28607e-11,13.6519,6.75379
0.5,0.05,1.15,450,150,rosenbrock,6,7.17648e-12,0.0596091,2.83217e-11,1.7911,6.68879
0.5,0.1,1.15,450,150,rosenbrock,6,7.17648e-12,0.238436,2.83217e-11,7.41958,6.65002
0.5,0.2,1.15,450,150,rosenbrock,6,7.17648e-12,0.158958,2.8322e-11,17.0065,8.88364
0.5,0.6,1.15,450,150,rosenbrock,6,3.23344e-09,3.24927e-06,1.50401e-06,1.53334,7.64281
0.5,0.75,1.15,450,150,rosenbrock,6,1.87153e-08,0.0303876,5.88572e-05,1.65723,7.49505
0.5,0.0,1.1,450,150,rosenbrock,6,7.17648e-12,0.248371,1.28608e-11,1.77733,6.60866
0.5,0.1,1.1,450,150,rosenbrock,6,7.17648e-12,2.49988e-11,2.83217e-11,7.39647,6.69793
0.5,0.15,1.1,450,150,rosenbrock,6,7.17648e-12,2.83278e-11,2.83217e-11,13.6481,6.80213
0.5,0.25,1.1,450,150,rosenbrock,6,7.17648e-12,4.20103e-11,3.94628e-11,5.30019,6.73406
0.5,0.3,1.1,450,150,rosenbrock,6,7.17648e-12,0.0993486,5.33328e-11,1.73979,6.75674
0.5,0.4,1.1,450,150,rosenbrock,6,2.83217e-11,0.00993493,5.81384e-10,1.63827,7.77352
0.5,0.0,1.05,450,150,rosenbrock,6,7.17648e-12,1.95576e-11,1.28608e-11,10.3296,6.79832
0.5,0.05,1.05,450,150,rosenbrock,6,7.17648e-12,0.0794788,2.83217e-11,1.68983,6.67526
0.5,0.1,1.05,450,150,rosenbrock,6,7.17648e-12,0.119218,2.83217e-11,7.39313,6.77471
0.5,0.15,1.05,450,150,rosenbrock,6,7.17648e-12,0.0298046,2.83217e-11,8.9564,6.80532
0.5,0.2,1.05,450,150,rosenbrock,6,7.17648e-12,0.168892,4.94672e-11,13.6522,8.9068
0.5,0.25,1.05,450,150,rosenbrock,6,7.17648e-12,0.198697,5.33322e-11,1.77478,6.72421
0.5,0.05,1.0,450,150,rosenbrock,6,7.17648e-12,1.90128e-11,1.28608e-11,1.64142,6.81599
0.5,0.1,1.0,450,150,rosenbrock,6,7.17648e-12,3.07038e-11,2.83217e-11,1.56,6.67
0.5,0.15,1.0,450,150,rosenbrock,6,7.17648e-12,0.178827,2.8322e-11,7.41254,6.76996
0.5,0.25,1.0,450,150,rosenbrock,6,7.17648e-12,0.119218,5.33322e-11,1.65682,8.32302
0.5,0.45,1.0,450,150,rosenbrock,6,2.64227e-10,0.00994473,1.80194e-08,1.63889,7.81803
0.5,0.5,1.0,450,150,rosenbrock,6,7.54445e-10,1.57214e-06,1.19187e-07,1.55333,8.01947
0.5,0.55,1.0,450,150,rosenbrock,6,2.48293e-08,6.714e-06,7.3239e-07,1.5397,7.75694
0.5,0.6,1.0,450,150,rosenbrock,6,7.14178e-09,2.14353e-06,2.1823e-06,1.46118,7.68218
0.5,0.0,0.95,450,150,rosenbrock,6,7.17648e-12,0.191286,2.83217e-11,1.70456,6.80397
0.5,0.05,0.95,450,150,rosenbrock,6,7.17648e-12,0.0596091,2.83217e-11,1.62425,6.78451
0.5,0.1,0.95,450,150,rosenbrock,6,7.17648e-12,3.61533e-11,2.83217e-11,1.56627,6.72258
0.5,0.15,0.95,450,150,rosenbrock,6,7.17648e-12,6.30961e-10,2.8322e-11,1.6264,6.65905
0.5,0.2,0.95,450,150,rosenbrock,6,7.17648e-12,2.73722e-10,5.33322e-11,1.55389,9.14221
0.5,0.25,0.95,450,150,rosenbrock,6,7.17648e-12,1.01825e-10,8.47676e-11,1.48537,6.90463
0.5,0.3,0.95,450,150,rosenbrock,6,7.17648e-12,0.0199941,1.3257e-10,5.30834,6.90549
0.5,0.35,0.95,450,150,rosenbrock,6,1.28607e-11,3.91166e-07,7.80817e-10,7.37708,9.19437
0.5,0.4,0.95,450,150,rosenbrock,6,1.32571e-10,0.151634,7.24147e-09,1.68503,8.9933
0.5,0.55,0.95,450,150,rosenbrock,6,6.71193e-08,1.60462e-06,1.01507e-06,1.50806,7.75114
0.5,0.6,0.95,450,150,rosenbrock,6,2.78771e-10,1.98463e-05,3.92751e-06,1.57892,7.69615
0.5,0.0,0.9,450,150,rosenbrock,6,7.17648e-12,1.31066e-10,2.83217e-11,5.3103,6.78959
0.5,0.1,0.9,450,150,rosenbrock,6,7.17648e-12,1.22375e-05,2.8322e-11,1.71074,6.82071
0.5,0.15,0.9,450,150,rosenbrock,6,7.17648e-12,0.0329728,5.33322e-11,1.61192,6.81201
0.5,0.2,0.9,450,150,rosenbrock,6,7.17648e-12,0.000116917,8.12987e-11,1.61626,9.1241
0.5,0.25,0.9,450,150,rosenbrock,6,7.17648e-12,0.0167963,1.13131e-10,1.59636,6.78099
0.5,0.3,0.9,450,150,rosenbrock,6,7.17648e-12,3.54572e-05,5.17529e-10,1.61608,6.88494
0.5,0.35,0.9,450,150,rosenbrock,6,3.94628e-11,0.071818,4.95687e-09,1.63853,8.9974
0.5,0.4,0.9,450,150,rosenbrock,6,6.92503e-11,1.41001e-05,3.71411e-08,1.54445,9.04563
0.5,0.45,0.9,450,150,rosenbrock,6,1.35434e-09,4.75046e-07,1.4659e-07,1.49375,7.98943
0.5,0.5,0.9,450,150,rosenbrock,6,5.80986e-09,8.33098e-05,6.21276e-07,1.58237,8.17044
0.5,0.55,0.9,450,150,rosenbrock,6,1.55041e-08,4.07013e-06,2.00458e-06,1.46997,7.82927
0.5,0.6,0.9,450,150,rosenbrock,6,8.23322e-08,0.000707132,6.17583e-06,1.58879,7.76087
0.5,0.0,0.85,450,150,rosenbrock,6,7.17648e-12,0.0858078,2.8322e-11,7.38669,6.90722
0.5,0.05,0.85,450,150,rosenbrock,6,7.17648e-12,0.0048427,5.33322e-11,7.34979,6.85863
0.5,0.15,0.85,450,150,rosenbrock,6,7.17648e-12,0.0856108,1.2268e-10,1.70274,6.9253
0.5,0.25,0.85,450,150,rosenbrock,6,2.47977e-11,0.000311524,2.59494e-09,1.54244,6.89308
0.5,0.3,0.85,450,150,rosenbrock,6,6.49283e-11,0.000148377,1.58195e-08,1.5337,6.887
0.5,0.35,0.85,450,150,rosenbrock,6,1.84751e-10,0.0619869,6.13763e-08,1.68489,9.12696
0.5,0.5,0.85,450,150,rosenbrock,6,7.85096e-09,1.31411e-05,2.11196e-06,1.41979,8.16373
0.5,0.55,0.85,450,150,rosenbrock,6,2.63143e-07,2.34776e-05,5.82205e-06,1.48461,7.82847
0.5,0.6,0.85,450,150,rosenbrock,6,1.16077e-06,0.000226333,1.53951e-05,1.52844,7.82275
0.5,0.65,0.85,450,150,rosenbrock,6,4.36109e-07,0.0173117,3.49253e-05,1.65157,6.64732
0.5,0.7,0.85,450,150,rosenbrock,6,9.97118e-08,7.49939e-05,6.81864e-05,1.47476,7.68117
0.5,0.75,0.85,450,150,rosenbrock,6,3.6746e-07,0.00775938,0.000130364,1.59096,7.68587
0.5,0.0,0.8,450,150,rosenbrock,6,7.17648e-12,0.184943,6.27685e-11,1.73939,6.89795
0.5,0.1,0.8,450,150,rosenbrock,6,7.97227e-12,0.168217,7.53743e-08,1.7338,6.94983
0.5,0.15,0.8,450,150,rosenbrock,6,6.49283e-11,0.131547,2.54605e-07,1.7384,7.03964
0.5,0.25,0.8,450,150,rosenbrock,6,7.49724e-10,0.106912,7.03126e-07,1.65941,6.90306
0.5,0.3,0.8,450,150,rosenbrock,6,6.837e-10,0.00563921,8.66851e-07,1.54763,6.86405
0.5,0.35,0.8,450,150,rosenbrock,6,1.11072e-08,0.00113321,2.00017e-06,1.51979,9.09201
0.5,0.45,0.8,450,150,rosenbrock,6,3.30484e-08,0.0892344,8.68714e-06,1.64832,9.1019
0.5,0.6,0.8,450,150,rosenbrock,6,1.27455e-07,0.000924376,4.34862e-05,1.52606,7.84056
0.5,0.7,0.8,450,150,rosenbrock,6,4.64424e-06,0.000695631,0.000147408,1.5471,7.73861
0.5,0.75,0.8,450,150,rosenbrock,6,3.13871e-06,0.000743903,0.000249537,1.5702,7.65602
0.5,0.0,0.75,450,150,rosenbrock,6,7.17648e-12,0.0400834,9.8283e-06,7.38553,6.79453
0.5,0.15,0.75,450,150,rosenbrock,6,8.14306e-07,0.0454443,0.00138042,1.6526,6.83538
0.5,0.65,0.75,450,150,rosenbrock,6,9.30568e-08,0.0358816,0.000437199,1.59146,6.67298
0.5,0.7,0.75,450,150,rosenbrock,6,3.34984e-07,0.0106399,0.000519934,1.54279,7.87245
0.5,0.75,0.75,450,150,rosenbrock,6,4.36486e-05,0.0417212,0.000691073,1.5973,7.72081
0.6,0.0,3.0,450,150,rosenbrock,6,3.99801e-05,0.225552,0.0482748,333.515,8.48027
0.6,0.0,2.95,450,150,rosenbrock,6,3.4214e-05,0.0310783,0.0255834,248.28,8.4984
0.6,0.05,2.95,450,150,rosenbrock,6,2.7889e-05,0.0301939,0.0304061,251.63,8.54628
0.6,0.2,2.95,450,150,rosenbrock,6,6.78348e-05,0.240288,0.0663268,245.351,9.11368
0.6,0.0,2.9,450,150,rosenbrock,6,1.71831e-05,0.172504,0.0161335,338.663,8.5543
0.6,0.05,2.9,450,150,rosenbrock,6,1.50271e-05,0.270757,0.019372,268.703,8.50776
0.6,0.0,2.85,450,150,rosenbrock,6,3.92982e-05,0.0239059,0.0100343,341.158,8.6025
0.6,0.25,2.85,450,150,rosenbrock,6,0.000126007,0.228465,0.0327877,231.318,7.84461
0.6,0.3,2.85,450,150,rosenbrock,6,0.00014879,0.17405,0.0483019,131.99,6.51644
0.6,0.05,2.8,450,150,rosenbrock,6,4.84834e-06,0.0880541,0.00643919,284.238,8.61649
0.6,0.1,2.8,450,150,rosenbrock,6,5.74451e-07,0.0073206,0.00722301,188.02,7.89973
0.6,0.0,2.75,450,150,rosenbrock,6,3.74623e-07,0.13459,0.00335762,278.546,8.77207
0.6,0.05,2.75,450,150,rosenbrock,6,2.23615e-07,0.00417422,0.00369912,193.628,8.63028
0.6,0.1,2.75,450,150,rosenbrock,6,8.21608e-07,0.0663114,0.00529682,209.397,7.94918
0.6,0.05,2.7,450,150,rosenbrock,6,3.53611e-07,0.00204681,0.00186842,118.092,8.53443
0.6,0.0,2.65,450,150,rosenbrock,6,3.81417e-07,0.0318672,0.00104493,243.025,6.52164
0.6,0.1,2.65,450,150,rosenbrock,6,5.85435e-06,0.0118681,0.00160778,183.39,8.03399
0.6,0.0,2.5,450,150,rosenbrock,6,3.56122e-08,0.00016365,0.000129619,173.01,6.55882
0.6,0.15,2.5,450,150,rosenbrock,6,2.32702e-07,0.080877,0.000380786,174.733,8.6311
0.6,0.0,2.45,450,150,rosenbrock,6,4.99746e-08,0.0200465,7.65501e-05,125.247,6.55773
0.6,0.15,2.4,450,150,rosenbrock,6,6.61252e-10,0.0398765,8.31683e-05,126.059,8.67938
0.6,0.25,2.35,450,150,rosenbrock,6,9.33718e-08,0.139366,0.000174462,77.9788,8.00608
0.6,0.05,2.3,450,150,rosenbrock,6,2.13763e-09,1.41324e-05,7.97445e-06,120.239,6.52158
0.6,0.1,2.3,450,150,rosenbrock,6,9.33005e-09,0.00995822,1.16914e-05,153.476,8.41265
0.6,0.0,2.25,450,150,rosenbrock,6,2.31304e-09,0.0496863,3.23062e-06,102.622,6.54566
0.6,0.05,2.25,450,150,rosenbrock,6,3.01738e-10,0.0695547,3.09296e-06,82.7502,6.51366
0.6,0.1,2.25,450,150,rosenbrock,6,1.86515e-09,9.64535e-06,5.19088e-06,103.023,8.31774
0.6,0.15,2.25,450,150,rosenbrock,6,1.44567e-09,1.03407e-05,6.02635e-06,90.6794,8.05361
0.6,0.2,2.25,450,150,rosenbrock,6,4.54662e-10,0.0695827,2.03194e-05,127.963,9.33451
0.6,0.0,2.2,450,150,rosenbrock,6,2.35746e-09,5.30278e-06,1.93426e-06,99.879,6.66362
0.6,0.1,2.2,450,150,rosenbrock,6,8.42461e-10,0.139094,2.64116e-06,80.9179,8.29168
0.6,0.0,2.15,450,150,rosenbrock,6,1.02749e-09,0.0099377,8.36809e-07,93.3705,6.62851
0.6,0.05,2.15,450,150,rosenbrock,6,5.26612e-10,0.0298068,7.34994e-07,80.3533,6.62791
0.6,0.1,2.15,450,150,rosenbrock,6,3.88813e-10,1.90972e-06,1.16573e-06,92.4222,8.34091
0.6,0.15,2.15,450,150,rosenbrock,6,1.09726e-10,2.42338e-06,1.45409e-06,49.3325,8.1524
0.6,0.2,2.15,450,150,rosenbrock,6,7.11307e-10,1.59034e-05,4.93862e-06,65.8549,9.44487
0.6,0.1,2.1,450,150,rosenbrock,6,1.37689e-10,0.069545,4.49572e-07,100.845,8.39157
0.6,0.05,1.95,450,150,rosenbrock,6,1.28608e-11,0.0496744,4.47697e-08,54.4701,6.62296
0.6,0.25,1.85,450,150,rosenbrock,6,5.26512e-11,0.0397465,1.40572e-07,50.6193,8.41825
0.6,0.05,1.8,450,150,rosenbrock,6,7.17648e-12,0.0298046,2.69376e-09,70.2472,6.62061
0.6,0.3,1.8,450,150,rosenbrock,6,1.85901e-10,0.0496765,3.01148e-07,44.9772,7.71628
0.6,0.35,1.8,450,150,rosenbrock,6,1.19044e-09,1.17877e-06,9.75632e-07,55.8635,6.58625
0.6,0.0,1.7,450,150,rosenbrock,6,7.17648e-12,0.0496743,1.06109e-09,26.5309,6.67591
0.6,0.15,1.65,450,150,rosenbrock,6,7.17648e-12,0.0496743,3.17145e-10,32.9715,8.23142
0.6,0.1,1.6,450,150,rosenbrock,6,7.17648e-12,0.0397394,1.12621e-10,25.5346,8.62403
0.6,0.2,1.6,450,150,rosenbrock,6,7.17648e-12,0.00993485,4.34358e-10,8.99161,8.823
0.6,0.0,1.3,450,150,rosenbrock,6,7.17648e-12,0.0496743,1.28607e-11,17.7289,6.82199
0.6,0.15,1.15,450,150,rosenbrock,6,7.17648e-12,0.0993485,2.83217e-11,15.4329,8.44312
0.6,0.3,1.1,450,150,rosenbrock,6,7.17648e-12,0.00993485,1.3257e-10,1.69312,8.30499
0.6,0.0,0.85,450,150,rosenbrock,6,7.17648e-12,0.101413,1.28608e-11,10.3183,8.48104
0.6,0.1,0.85,450,150,rosenbrock,6,7.17648e-12,0.069544,2.83217e-11,1.71184,9.03865
0.6,0.3,0.85,450,150,rosenbrock,6,7.17648e-12,0.069544,2.68769e-10,1.63866,8.49571
0.6,0.4,0.85,450,150,rosenbrock,6,5.61745e-11,5.36526e-06,2.74125e-08,1.59227,8.9681
0.6,0.0,0.8,450,150,rosenbrock,6,7.17648e-12,1.5303e-11,7.17648e-12,1.7312,8.51164
0.6,0.05,0.8,450,150,rosenbrock,6,7.17648e-12,4.53619e-06,1.28608e-11,1.71611,8.22584
0.6,0.35,0.8,450,150,rosenbrock,6,5.33328e-11,1.18749e-07,7.879e-09,1.52715,7.82722
0.6,0.45,0.8,450,150,rosenbrock,6,4.82184e-11,0.00120261,2.69215e-07,1.59361,8.35342
0.6,0.05,0.75,450,150,rosenbrock,6,7.17648e-12,0.0915783,2.83217e-11,1.72154,9.01559
0.6,0.1,0.75,450,150,rosenbrock,6,7.17648e-12,0.0237656,2.83217e-11,1.6013,9.08521
0.6,0.15,0.75,450,150,rosenbrock,6,7.17648e-12,1.99453e-08,2.83217e-11,7.37259,8.5936
0.6,0.2,0.75,450,150,rosenbrock,6,7.17648e-12,0.000169441,6.49283e-11,1.57373,9.03766
0.6,0.35,0.75,450,150,rosenbrock,6,5.33328e-11,3.14141e-05,2.66828e-08,1.54824,8.43999
0.6,0.4,0.75,450,150,rosenbrock,6,1.44281e-10,4.05243e-06,1.20174e-07,1.51386,8.89913
0.6,0.45,0.75,450,150,rosenbrock,6,1.30307e-08,1.30819e-05,5.80895e-07,1.57981,8.33899
0.6,0.5,0.75,450,150,rosenbrock,6,9.77448e-10,3.24185e-06,1.99346e-06,1.45491,6.69515
0.6,0.05,0.7,450,150,rosenbrock,6,7.17648e-12,2.69884e-11,2.83217e-11,1.49931,9.11693
0.6,0.1,0.7,450,150,rosenbrock,6,7.17648e-12,0.0615761,2.83217e-11,5.32521,9.19077
0.6,0.2,0.7,450,150,rosenbrock,6,7.17648e-12,4.87518e-05,2.56885e-10,7.37713,9.12031
0.6,0.25,0.7,450,150,rosenbrock,6,7.17648e-12,0.0177214,3.03875e-09,1.61198,8.82884
0.6,0.3,0.7,450,150,rosenbrock,6,5.33328e-11,0.0115321,2.0055e-08,1.69218,8.57817
0.6,0.35,0.7,450,150,rosenbrock,6,1.83387e-10,0.00159915,1.00801e-07,1.56714,8.56459
0.6,0.4,0.7,450,150,rosenbrock,6,1.37501e-09,1.22264e-06,3.93138e-07,1.47096,8.95968
0.6,0.45,0.7,450,150,rosenbrock,6,5.24995e-09,0.000153606,1.61986e-06,1.47635,8.34545
0.6,0.65,0.7,450,150,rosenbrock,6,3.32e-06,0.000230272,7.39502e-05,1.53021,6.75723
0.6,0.15,0.65,450,150,rosenbrock,6,7.17648e-12,0.00022849,1.39792e-09,1.55413,8.74756
0.6,0.2,0.65,450,150,rosenbrock,6,1.03598e-11,0.00626632,1.07214e-08,1.6067,9.05672
0.6,0.35,0.65,450,150,rosenbrock,6,3.63481e-09,8.89916e-05,6.67232e-07,1.42762,8.48972
0.6,0.4,0.65,450,150,rosenbrock,6,5.74238e-10,1.4872e-05,1.99923e-06,1.41938,8.95308
0.6,0.45,0.65,450,150,rosenbrock,6,5.27222e-08,0.000860653,5.85062e-06,1.50794,8.30972
0.6,0.5,0.65,450,150,rosenbrock,6,5.31326e-08,1.47559e-05,1.19145e-05,1.31988,6.70983
0.6,0.55,0.65,450,150,rosenbrock,6,8.92483e-07,0.014947,3.43045e-05,1.5985,8.89327
0.6,0.6,0.65,450,150,rosenbrock,6,9.63854e-07,7.09684e-05,6.08395e-05,1.50159,8.40202
0.6,0.05,0.6,450,150,rosenbrock,6,7.17648e-12,0.235146,7.86603e-07,1.79199,9.13592
0.6,0.25,0.6,450,150,rosenbrock,6,6.54214e-09,0.0192572,8.26023e-06,1.60316,8.80683
0.6,0.3,0.6,450,150,rosenbrock,6,1.56104e-10,0.135652,1.52441e-05,1.72636,8.49027
0.6,0.5,0.6,450,150,rosenbrock,6,9.08685e-07,0.000425404,6.87786e-05,1.44516,6.7335
0.6,0.6,0.6,450,150,rosenbrock,6,3.54367e-07,0.000975242,0.00019762,1.51168,8.30614
0.6,0.65,0.6,450,150,rosenbrock,6,9.62478e-09,0.00257659,0.000333014,1.50286,6.7075
0.7,0.2,0.65,450,150,rosenbrock,6,7.17648e-12,4.20007e-06,1.8703e-09,1.58069,9.04989
0.7,0.4,0.65,450,150,rosenbrock,6,8.98447e-10,2.05142e-05,2.97432e-06,1.52685,9.31995
0.7,0.5,0.65,450,150,rosenbrock,6,9.25452e-08,2.59708e-05,2.84003e-05,1.35183,8.75295
0.7,0.25,0.6,450,150,rosenbrock,6,7.17648e-12,2.36223e-06,4.1763e-08,7.38388,9.02586
0.7,0.35,0.6,450,150,rosenbrock,6,9.94144e-10,1.65827e-06,1.05631e-06,1.46226,9.67173
0.7,0.4,0.6,450,150,rosenbrock,6,8.91009e-08,5.94654e-06,4.35501e-06,1.41171,9.53214
0.7,0.45,0.6,450,150,rosenbrock,6,1.41584e-07,6.77323e-05,1.35659e-05,1.56258,7.46481
0.7,0.15,0.55,450,150,rosenbrock,6,7.17648e-12,3.53853e-05,2.1706e-09,1.62383,9.1741
0.7,0.2,0.55,450,150,rosenbrock,6,1.28608e-11,3.90723e-07,1.51428e-08,7.37218,9.03288
0.7,0.25,0.55,450,150,rosenbrock,6,7.17648e-12,2.31863e-07,1.08403e-07,1.45792,9.07938
0.7,0.3,0.55,450,150,rosenbrock,6,6.90851e-09,0.000287085,5.66603e-07,1.56874,9.08568
0.7,0.35,0.55,450,150,rosenbrock,6,1.7705e-08,0.00096433,2.41039e-06,1.60978,9.6607
0.7,0.4,0.55,450,150,rosenbrock,6,4.54503e-08,1.70643e-05,7.79636e-06,1.43753,9.57015
0.7,0.05,0.5,450,150,rosenbrock,6,7.17648e-12,1.6298e-05,3.28068e-10,17.0131,9.15713
0.7,0.1,0.5,450,150,rosenbrock,6,7.17648e-12,0.0008561,2.67935e-09,10.303,9.15486
0.7,0.15,0.5,450,150,rosenbrock,6,8.76811e-12,0.000329204,1.9088e-08,5.28183,9.20887
0.7,0.2,0.5,450,150,rosenbrock,6,9.77836e-11,0.00533413,1.14659e-07,1.60562,9.20037
0.7,0.25,0.5,450,150,rosenbrock,6,1.92054e-09,2.81925e-05,5.4924e-07,1.57576,9.11825
0.7,0.3,0.5,450,150,rosenbrock,6,3.53253e-08,0.00725998,2.31604e-06,1.5746,8.98288
0.7,0.35,0.5,450,150,rosenbrock,6,1.62088e-08,0.000157933,6.34897e-06,1.42519,9.77236
0.7,0.4,0.5,450,150,rosenbrock,6,3.20081e-07,3.46344e-05,1.77681e-05,1.43865,9.52124
0.7,0.0,0.45,450,150,rosenbrock,6,7.17648e-12,5.68004e-07,1.18661e-09,15.4956,7.76147
0.7,0.15,0.45,450,150,rosenbrock,6,4.54509e-10,0.0147634,9.35775e-07,1.58733,9.11989
0.7,0.2,0.45,450,150,rosenbrock,6,4.53752e-11,0.0649097,3.84578e-06,1.70187,9.18606
0.7,0.25,0.45,450,150,rosenbrock,6,3.19453e-08,1.52967e-05,6.08641e-06,1.39413,8.96995
0.7,0.35,0.45,450,150,rosenbrock,6,8.19728e-08,0.00151678,3.56786e-05,1.46023,9.804
0.7,0.5,0.45,450,150,rosenbrock,6,3.25567e-07,0.000290197,0.000222855,1.40127,8.93363
0.7,0.3,0.4,450,150,rosenbrock,6,9.10099e-07,0.140176,0.0246661,1.70845,8.81579
0.8,0.0,0.9,450,150,rosenbrock,6,5.31005e-07,6.17436e-05,5.45485e-05,1.81927,7.43903
0.8,0.0,0.8,450,150,rosenbrock,6,3.02985e-07,2.09151e-05,1.67938e-05,17.0434,7.588
0.8,0.0,0.7,450,150,rosenbrock,6,6.90726e-08,1.03243e-05,6.04999e-06,7.42574,7.52255
0.8,0.0,0.55,450,150,rosenbrock,6,1.95766e-08,2.77416e-06,2.05959e-06,1.84992,7.54465
0.8,0.1,0.55,450,150,rosenbrock,6,1.5546e-09,6.1893e-05,3.19991e-07,48.8189,7.58249
0.8,0.15,0.55,450,150,rosenbrock,6,5.38552e-10,1.38892e-06,8.00799e-07,1.80007,9.29875
0.8,0.05,0.5,450,150,rosenbrock,6,3.70342e-09,4.9522e-07,1.96621e-07,10.2981,9.56716
0.8,0.1,0.5,450,150,rosenbrock,6,1.32601e-09,4.93744e-06,2.69334e-07,13.6646,7.71189
0.8,0.15,0.5,450,150,rosenbrock,6,5.46974e-11,1.74925e-06,8.33337e-07,1.68737,10.1655
0.8,0.25,0.5,450,150,rosenbrock,6,4.82297e-08,1.67651e-05,1.42059e-05,5.26225,7.54549
0.8,0.3,0.5,450,150,rosenbrock,6,9.89297e-07,0.00016783,6.42871e-05,1.53647,9.04765
0.8,0.0,0.45,450,150,rosenbrock,6,7.0236e-09,0.107881,7.70437e-07,24.5487,7.69245
0.8,0.05,0.45,450,150,rosenbrock,6,2.64902e-10,4.86745e-07,1.98193e-07,1.88073,9.90404
0.8,0.1,0.45,450,150,rosenbrock,6,1.33465e-09,0.000244613,3.64838e-07,16.2318,7.65238
0.8,0.2,0.45,450,150,rosenbrock,6,2.13784e-08,0.000130529,7.17438e-06,1.66147,9.05448
0.8,0.0,0.4,450,150,rosenbrock,6,4.73165e-09,1.50762e-06,5.28345e-07,25.5349,8.54523
0.8,0.05,0.4,450,150,rosenbrock,6,1.11731e-09,2.16155e-06,3.48923e-07,14.575,9.50038
0.8,0.1,0.4,450,150,rosenbrock,6,7.55812e-10,4.24611e-06,9.60423e-07,16.2276,7.7064
0.8,0.15,0.4,450,150,rosenbrock,6,2.09433e-09,3.58002e-05,3.64422e-06,13.6577,9.72399
0.8,0.3,0.4,450,150,rosenbrock,6,5.19044e-09,0.000959657,0.000108291,1.58559,8.99516
0.8,0.05,0.35,450,150,rosenbrock,6,2.28162e-09,0.0124715,1.01575e-06,15.4389,9.83157
0.8,0.1,0.35,450,150,rosenbrock,6,1.75007e-09,9.21279e-05,3.85134e-06,19.8601,7.7341
0.8,0.15,0.35,450,150,rosenbrock,6,1.82751e-08,0.00241874,1.37698e-05,11.0085,9.55663
0.8,0.2,0.35,450,150,rosenbrock,6,8.37863e-09,5.52021e-05,3.7322e-05,1.4809,9.14213
0.8,0.25,0.35,450,150,rosenbrock,6,1.53224e-07,0.000121661,0.000101584,1.35452,7.69568
0.8,0.3,0.35,450,150,rosenbrock,6,5.14403e-07,0.00224473,0.000265512,1.58415,9.59262
0.4,0.55,2.9,900,300,rosenbrock,9,2.25863e-05,0.0458025,0.0392821,217.041,40.4354
0.4,0.6,2.9,900,300,rosenbrock,9,1.19161e-05,0.132479,0.0731771,204.715,36.2797
0.4,0.5,2.85,900,300,rosenbrock,9,1.41126e-06,0.561611,0.0114609,281.762,44.655
0.4,0.65,2.8,900,300,rosenbrock,9,3.3585e-08,0.511163,0.0576622,241.651,35.426
0.4,0.75,2.8,900,300,rosenbrock,9,1.09783e-06,0.413007,0.142289,164.362,34.7449
0.4,0.4,2.75,900,300,rosenbrock,9,6.05301e-09,0.642826,0.000263299,284.869,37.22
0.4,0.5,2.7,900,300,rosenbrock,9,8.85017e-07,0.0810742,0.00146897,232.29,44.5094
0.4,0.55,2.65,900,300,rosenbrock,9,2.80902e-07,0.380661,0.00251481,221.848,43.8904
0.4,0.6,2.65,900,300,rosenbrock,9,4.69331e-06,0.274494,0.00649243,182.523,38.7402
0.4,0.75,2.65,900,300,rosenbrock,9,4.45185e-06,0.0388852,0.0457938,146.734,34.5693
0.4,0.8,2.65,900,300,rosenbrock,9,7.91133e-05,0.274661,0.0779949,109.903,39.2479
0.4,0.55,2.6,900,300,rosenbrock,9,9.11272e-08,0.0509106,0.00116013,195.632,43.9192
0.4,0.65,2.6,900,300,rosenbrock,9,5.05332e-10,0.00688188,0.00789578,152.896,35.2092
0.4,0.75,2.6,900,300,rosenbrock,9,2.33916e-06,0.235611,0.0317355,195.648,33.5957
0.4,0.9,2.6,900,300,rosenbrock,9,1.14417e-06,0.216636,0.130604,126.043,40.2319
0.4,0.55,2.55,900,300,rosenbrock,9,2.37428e-07,0.080241,0.000567582,195.84,44.0505
0.4,0.65,2.55,900,300,rosenbrock,9,4.08331e-07,0.392447,0.00510008,166.232,32.5445
0.4,0.75,2.55,900,300,rosenbrock,9,1.4878e-06,0.0183584,0.0203097,148.273,34.4907
0.4,0.6,2.5,900,300,rosenbrock,9,3.18626e-08,0.359648,0.00114431,200.942,38.8259
0.4,0.7,2.5,900,300,rosenbrock,9,2.38659e-06,0.194918,0.00677015,135.562,35.257
0.4,0.8,2.5,900,300,rosenbrock,9,1.75604e-08,0.0214113,0.0254105,102.309,39.1252
0.4,0.85,2.5,900,300,rosenbrock,9,1.904e-05,0.0465989,0.0410043,125.005,39.3915
0.4,0.55,2.45,900,300,rosenbrock,9,2.5307e-10,0.129688,0.000135861,127.647,44.279
0.4,0.6,2.45,900,300,rosenbrock,9,1.24091e-07,0.299442,0.000562324,167.073,39.1333
0.4,0.7,2.45,900,300,rosenbrock,9,3.0751e-08,0.0335421,0.00394452,158.398,43.9771
0.4,0.8,2.45,900,300,rosenbrock,9,1.1513e-05,0.173646,0.0174001,118.439,39.4673
0.4,0.55,2.4,900,300,rosenbrock,9,1.86924e-08,0.129616,6.32482e-05,187.128,43.3903
0.4,0.7,2.4,900,300,rosenbrock,9,2.55548e-07,0.231276,0.00256049,119.499,43.9032
0.4,0.85,2.4,900,300,rosenbrock,9,2.58532e-05,0.0483126,0.021441,118.457,39.6039
0.4,0.75,2.35,900,300,rosenbrock,9,2.967e-08,0.102769,0.00372286,113.251,34.4008
0.4,0.4,2.3,900,300,rosenbrock,9,3.26276e-11,0.558103,5.1732e-09,202.182,37.8423
0.4,0.65,2.3,900,300,rosenbrock,9,1.37841e-09,0.00024848,0.000268532,112.086,32.9328
0.4,0.7,2.3,900,300,rosenbrock,9,2.57287e-07,0.0405798,0.00079185,102.293,43.6991
0.4,0.8,2.3,900,300,rosenbrock,9,6.17639e-07,0.00422287,0.00495541,49.0068,39.4943
0.4,0.5,2.25,900,300,rosenbrock,9,5.76381e-11,0.328883,5.77597e-07,143.315,44.6283
0.4,0.65,2.25,900,300,rosenbrock,9,9.1631e-09,0.239311,0.000144341,142.181,32.3452
0.4,0.7,2.25,900,300,rosenbrock,9,3.78097e-08,0.169841,0.000501309,121.184,44.1666
0.4,0.75,2.25,900,300,rosenbrock,9,1.03914e-07,0.00130199,0.0014493,101.872,43.2605
0.4,0.7,2.2,900,300,rosenbrock,9,8.77588e-10,0.119834,0.000268118,95.7756,43.8246
0.4,0.6,2.15,900,300,rosenbrock,9,2.14302e-10,0.189362,6.2966e-06,135.518,38.5988
0.4,0.7,2.15,900,300,rosenbrock,9,1.36039e-09,0.000120883,0.000131622,68.214,43.8921
0.4,0.45,2.1,900,300,rosenbrock,9,1.71666e-11,0.0996611,5.11942e-10,134.947,44.2321
0.4,0.55,2.1,900,300,rosenbrock,9,9.20852e-11,0.0398648,2.41035e-07,105.379,44.0034
0.4,0.6,2.1,900,300,rosenbrock,9,8.57183e-11,0.159461,2.78884e-06,121.355,38.5304
0.4,0.65,2.1,900,300,rosenbrock,9,2.93245e-09,0.0299162,1.84594e-05,91.982,32.2969
0.4,0.7,2.1,900,300,rosenbrock,9,5.001e-09,8.3565e-05,8.65678e-05,79.6608,43.9407
0.4,0.75,2.1,900,300,rosenbrock,9,6.52255e-09,0.0899496,0.000275811,83.7127,42.7406
0.4,0.15,2.05,900,300,rosenbrock,9,1.14824e-11,0.17939,3.26279e-11,103.683,41.0035
0.4,0.35,2.05,900,300,rosenbrock,9,1.14824e-11,0.498306,9.26528e-11,139.447,43.9991
0.4,0.5,2.05,900,300,rosenbrock,9,3.26279e-11,0.00996612,3.24547e-09,97.9937,43.9765
0.4,0.7,2.05,900,300,rosenbrock,9,1.6114e-09,0.0797703,4.849e-05,57.7042,43.4757
0.4,0.75,2.05,900,300,rosenbrock,9,3.30483e-10,0.000168429,0.000171407,80.0158,42.8217
0.4,0.8,2.05,900,300,rosenbrock,9,2.75605e-07,0.000460377,0.000504481,81.8416,43.9419
0.4,0.35,2.0,900,300,rosenbrock,9,1.14824e-11,0.0199322,8.28196e-11,121.178,41.9136
0.4,0.45,2.0,900,300,rosenbrock,9,1.71666e-11,0.338848,1.48474e-10,106.254,39.4715
0.4,0.65,2.0,900,300,rosenbrock,9,1.24826e-10,0.00997075,4.09668e-06,102.162,29.744
0.4,0.7,2.0,900,300,rosenbrock,9,1.36991e-10,0.199348,2.47413e-05,70.8391,43.8119
0.4,0.8,2.0,900,300,rosenbrock,9,9.50834e-09,0.0601052,0.000343986,29.2237,43.9843
0.4,0.85,2.0,900,300,rosenbrock,9,1.67209e-08,0.0306639,0.000826473,62.486,37.0304
0.4,0.1,1.95,900,300,rosenbrock,9,1.14824e-11,0.17939,3.26279e-11,117.352,52.0627
0.4,0.2,1.95,900,300,rosenbrock,9,1.14824e-11,0.687662,5.76381e-11,101.134,35.1178
0.4,0.35,1.95,900,300,rosenbrock,9,1.14824e-11,0.448475,9.26528e-11,96.2353,30.6752
0.4,0.4,1.95,900,300,rosenbrock,9,1.14824e-11,0.298983,9.26528e-11,80.8184,30.1645
0.4,0.6,1.95,900,300,rosenbrock,9,5.76381e-11,0.209289,2.01342e-07,58.9878,38.0936
0.4,0.65,1.95,900,300,rosenbrock,9,3.2912e-10,2.22921e-06,1.92824e-06,66.4019,28.3233
0.4,0.75,1.95,900,300,rosenbrock,9,7.65023e-09,0.089749,5.22088e-05,43.2496,42.2508
0.4,0.8,1.95,900,300,rosenbrock,9,6.44007e-09,0.000161485,0.00017655,67.6465,44.3198
0.4,0.85,1.95,900,300,rosenbrock,9,1.04135e-10,0.000497599,0.000548528,48.6407,36.8294
0.4,0.4,1.9,900,300,rosenbrock,9,1.14824e-11,0.398645,9.26528e-11,85.8035,30.4425
0.4,0.45,1.9,900,300,rosenbrock,9,1.14824e-11,0.0996611,1.13344e-10,81.4769,38.724
0.4,0.5,1.9,900,300,rosenbrock,9,1.71666e-11,0.30895,2.66704e-10,37.204,41.882
0.4,0.65,1.9,900,300,rosenbrock,9,9.26528e-11,1.04406e-06,9.37926e-07,51.7591,29.4901
0.4,0.75,1.9,900,300,rosenbrock,9,1.1141e-09,2.7712e-05,2.81999e-05,12.9381,42.0175
0.4,0.85,1.9,900,300,rosenbrock,9,1.6253e-08,0.0402012,0.000357072,29.4617,37.2534
0.4,0.35,1.85,900,300,rosenbrock,9,1.14824e-11,6.45102e-11,7.35543e-11,72.2574,51.1952
0.4,0.45,1.85,900,300,rosenbrock,9,1.14824e-11,0.249153,1.14481e-10,92.9215,33.7645
0.4,0.5,1.85,900,300,rosenbrock,9,1.71666e-11,0.259119,1.73483e-10,58.3911,43.127
0.4,0.6,1.85,900,300,rosenbrock,9,6.93478e-11,5.35104e-08,2.90932e-08,22.6861,38.3457
0.4,0.65,1.85,900,300,rosenbrock,9,1.72237e-10,4.97979e-07,4.15585e-07,69.0556,31.6339
0.4,0.7,1.85,900,300,rosenbrock,9,1.59954e-10,3.00324e-06,3.11822e-06,24.7058,43.7334
0.4,0.75,1.85,900,300,rosenbrock,9,2.95013e-10,0.0498491,1.82725e-05,53.19,42.7043
0.4,0.35,1.8,900,300,rosenbrock,9,1.14824e-11,0.159458,7.35539e-11,95.2319,51.036
0.4,0.5,1.8,900,300,rosenbrock,9,2.35329e-11,1.70359e-10,1.48472e-10,52.7878,42.1781
0.4,0.55,1.8,900,300,rosenbrock,9,3.26276e-11,0.0697628,6.30456e-10,56.952,44.1156
0.4,0.65,1.8,900,300,rosenbrock,9,9.26538e-11,0.109628,2.06984e-07,27.9147,30.064
0.4,0.3,1.75,900,300,rosenbrock,9,1.14824e-11,0.0199322,5.76381e-11,56.7717,38.926
0.4,0.7,1.75,900,300,rosenbrock,9,1.60184e-10,9.13299e-07,8.39109e-07,23.6717,39.46
0.4,0.1,1.7,900,300,rosenbrock,9,1.14824e-11,0.348814,3.26279e-11,60.5401,52.9343
0.4,0.15,1.7,900,300,rosenbrock,9,1.14824e-11,0.109627,3.26279e-11,66.3394,41.1527
0.4,0.3,1.7,900,300,rosenbrock,9,1.14824e-11,5.24736e-11,5.76381e-11,54.9196,36.2316
0.4,0.4,1.7,900,300,rosenbrock,9,1.14824e-11,0.219254,9.26528e-11,38.3625,49.2284
0.4,0.45,1.7,900,300,rosenbrock,9,1.14824e-11,9.89884e-11,1.07887e-10,50.9178,31.097
0.4,0.55,1.7,900,300,rosenbrock,9,1.71666e-11,0.0398644,2.47099e-10,40.7958,43.5565
0.4,0.3,1.65,900,300,rosenbrock,9,1.14824e-11,0.0298983,5.76381e-11,54.2031,36.9933
0.4,0.35,1.65,900,300,rosenbrock,9,1.14824e-11,0.129559,8.06029e-11,34.4463,51.2192
0.4,0.4,1.65,900,300,rosenbrock,9,1.14824e-11,0.219254,9.26528e-11,33.5433,49.5994
0.4,0.45,1.65,900,300,rosenbrock,9,1.14824e-11,0.169424,1.13343e-10,34.3039,40.4428
0.4,0.15,1.6,900,300,rosenbrock,9,1.14824e-11,0.0597966,3.26279e-11,54.8544,41.4336
0.4,0.3,1.6,900,300,rosenbrock,9,1.14824e-11,0.0498305,5.76381e-11,28.9766,39.3491
0.4,0.35,1.6,900,300,rosenbrock,9,1.14824e-11,0.0298983,8.06029e-11,53.6183,51.779
0.4,0.5,1.6,900,300,rosenbrock,9,1.3074e-11,0.0498305,1.3699e-10,32.6085,34.4684
0.4,0.05,1.55,900,300,rosenbrock,9,1.14824e-11,0.348814,3.26279e-11,46.6469,50.2746
0.4,0.1,1.55,900,300,rosenbrock,9,1.14824e-11,0.289017,4.01314e-11,52.4951,52.7963
0.4,0.2,1.55,900,300,rosenbrock,9,1.14824e-11,0.0298983,3.26279e-11,21.9242,31.9909
0.4,0.25,1.55,900,300,rosenbrock,9,1.14824e-11,4.28605e-11,4.37687e-11,29.0945,31.5196
0.4,0.3,1.55,900,300,rosenbrock,9,1.14824e-11,0.219254,5.76381e-11,46.6233,36.5054
0.4,0.45,1.55,900,300,rosenbrock,9,1.14824e-11,0.105031,1.13343e-10,14.5817,40.262
0.4,0.2,1.5,900,300,rosenbrock,9,1.14824e-11,0.17939,5.16138e-11,28.4279,36.2812
0.4,0.35,1.5,900,300,rosenbrock,9,1.14824e-11,0.17939,9.26528e-11,28.8876,52.0896
0.4,0.1,1.45,900,300,rosenbrock,9,1.14824e-11,0.259119,4.3769e-11,49.2852,50.0468
0.4,0.3,1.45,900,300,rosenbrock,9,1.14824e-11,0.109627,5.76387e-11,25.0476,35.5497
0.4,0.4,1.45,900,300,rosenbrock,9,1.14824e-11,9.20717e-11,9.26538e-11,20.6765,50.4758
0.4,0.55,1.45,900,300,rosenbrock,9,3.26276e-11,0.0499292,1.7388e-10,21.3617,41.3455
0.4,0.0,1.4,900,300,rosenbrock,9,1.14824e-11,0.331932,4.37689e-11,31.9525,54.9238
0.4,0.15,1.4,900,300,rosenbrock,9,1.14824e-11,0.0298983,4.39963e-11,17.7637,41.2342
0.4,0.2,1.4,900,300,rosenbrock,9,1.14824e-11,5.5087e-11,5.55925e-11,8.99599,31.9149
0.4,0.25,1.4,900,300,rosenbrock,9,1.14824e-11,0.112775,5.76381e-11,19.5465,34.0194
0.4,0.3,1.4,900,300,rosenbrock,9,1.14824e-11,6.5834e-11,6.90068e-11,19.231,35.0791
0.4,0.4,1.4,900,300,rosenbrock,9,1.14824e-11,0.0452559,1.04135e-10,15.5076,47.6033
0.4,0.0,1.35,900,300,rosenbrock,9,1.14824e-11,0.0398644,4.38827e-11,17.6453,54.7114
0.4,0.15,1.35,900,300,rosenbrock,9,1.14824e-11,0.192863,5.76387e-11,14.7219,37.9588
0.4,0.3,1.35,900,300,rosenbrock,9,1.14824e-11,0.119593,9.20852e-11,6.8302,36.6652
0.4,0.45,1.35,900,300,rosenbrock,9,1.14824e-11,0.00117168,1.24826e-10,1.64489,41.0171
0.4,0.0,1.3,900,300,rosenbrock,9,1.14824e-11,0.0159721,4.6782e-11,15.5943,54.6404
0.4,0.25,1.3,900,300,rosenbrock,9,1.14824e-11,9.26456e-11,8.06029e-11,8.15585,31.8905
0.4,0.5,1.3,900,300,rosenbrock,9,1.30739e-11,3.27474e-05,1.487e-10,7.3983,40.7189
0.4,0.0,1.25,900,300,rosenbrock,9,1.14824e-11,0.347852,7.58852e-11,20.3584,54.7772
0.4,0.1,1.25,900,300,rosenbrock,9,1.14824e-11,9.65651e-08,7.04858e-11,14.575,49.1465
0.4,0.15,1.25,900,300,rosenbrock,9,1.14824e-11,0.133076,9.90208e-11,13.829,40.3822
0.4,0.2,1.25,900,300,rosenbrock,9,1.14824e-11,0.000269462,9.26533e-11,8.16071,31.5886
0.4,0.25,1.25,900,300,rosenbrock,9,1.14824e-11,0.0571872,1.01635e-10,6.80066,32.0225
0.4,0.3,1.25,900,300,rosenbrock,9,1.14824e-11,0.191253,1.31932e-10,20.5654,36.1962
0.4,0.4,1.25,900,300,rosenbrock,9,1.14824e-11,0.0112642,1.48472e-10,1.66593,50.5842
0.4,0.45,1.25,900,300,rosenbrock,9,1.14824e-11,0.0796915,1.487e-10,17.0253,41.1035
0.4,0.1,1.2,900,300,rosenbrock,9,1.14824e-11,0.0632939,1.04136e-10,7.40049,45.7466
0.4,0.15,1.2,900,300,rosenbrock,9,1.14824e-11,0.0265703,1.03796e-10,6.52233,31.8677
0.4,0.2,1.2,900,300,rosenbrock,9,1.14824e-11,0.14014,1.3699e-10,9.28345,32.4089
0.4,0.25,1.2,900,300,rosenbrock,9,1.14824e-11,0.000387535,1.48416e-10,9.71055,31.9161
0.4,0.3,1.2,900,300,rosenbrock,9,1.14824e-11,1.39578e-07,1.487e-10,1.52656,40.0178
0.4,0.35,1.2,900,300,rosenbrock,9,1.14824e-11,0.0137488,1.60409e-10,1.70264,51.9119
0.4,0.4,1.2,900,300,rosenbrock,9,1.14824e-11,2.47839e-10,1.8201e-10,1.46595,50.1522
0.4,0.45,1.2,900,300,rosenbrock,9,1.14824e-11,1.66687e-08,1.91331e-10,4.47849,41.0633
0.4,0.05,1.15,900,300,rosenbrock,9,1.14824e-11,0.00470239,1.271e-10,8.17001,53.9051
0.4,0.15,1.15,900,300,rosenbrock,9,1.14824e-11,0.00196994,2.03213e-10,10.5729,32.61
0.4,0.2,1.15,900,300,rosenbrock,9,1.14824e-11,0.00363619,2.76144e-10,4.04252,31.1583
0.4,0.25,1.15,900,300,rosenbrock,9,1.14824e-11,0.00181955,3.72833e-10,15.027,33.5439
0.4,0.3,1.15,900,300,rosenbrock,9,1.14824e-11,0.0434563,4.70773e-10,9.9044,39.9604
0.4,0.35,1.15,900,300,rosenbrock,9,1.14824e-11,0.00199965,4.17569e-10,1.52206,50.5848
0.4,0.05,1.1,900,300,rosenbrock,9,1.14824e-11,0.144617,2.88025e-10,1.70572,53.4623
0.4,0.1,1.1,900,300,rosenbrock,9,1.14824e-11,0.000748236,3.93353e-10,1.61307,60.9821
0.4,0.15,1.1,900,300,rosenbrock,9,1.14824e-11,0.0200579,8.48154e-10,7.17164,32.9077
0.4,0.35,1.1,900,300,rosenbrock,9,2.44427e-11,0.00489659,2.55074e-08,10.6686,50.1474
0.4,0.45,1.1,900,300,rosenbrock,9,4.39963e-11,0.0387768,6.9458e-09,1.64233,41.397
0.4,0.8,1.1,900,300,rosenbrock,9,7.43041e-10,2.50485e-05,1.52297e-06,1.453,36.2533
0.4,0.85,1.1,900,300,rosenbrock,9,1.41874e-09,7.92236e-06,3.84776e-06,1.21827,37.7102
0.4,0.95,1.1,900,300,rosenbrock,9,5.90481e-10,6.61346e-05,4.42246e-05,4.40748,40.485
0.4,0.05,1.05,900,300,rosenbrock,9,1.14824e-11,0.100814,2.99216e-09,4.07521,52.8977
0.4,0.1,1.05,900,300,rosenbrock,9,1.14824e-11,0.00377172,1.43183e-08,1.48506,62.7433
0.4,0.15,1.05,900,300,rosenbrock,9,1.14824e-11,0.110785,7.12135e-07,8.98845,29.821
0.4,0.3,1.05,900,300,rosenbrock,9,3.26276e-11,0.137495,0.000203023,1.77521,37.1786
0.4,0.35,1.05,900,300,rosenbrock,9,9.26528e-11,0.143075,0.000451818,13.6554,49.9879
0.4,0.5,1.05,900,300,rosenbrock,9,1.03226e-10,0.0177009,2.02328e-05,1.52174,40.9617
0.4,0.55,1.05,900,300,rosenbrock,9,1.60409e-10,0.0343812,3.56717e-05,1.55845,46.4594
0.4,0.1,1.0,900,300,rosenbrock,9,3.26276e-11,0.21715,0.000137616,1.79852,59.6934
0.5,0.65,2.8,900,300,rosenbrock,9,2.01092e-06,0.451111,0.146965,215.842,54.247
0.5,0.75,2.75,900,300,rosenbrock,9,4.8039e-05,0.40303,0.226181,235.995,50.5456
0.5,0.8,2.75,900,300,rosenbrock,9,0.000162659,0.597132,0.31877,199.083,59.7445
0.5,0.4,2.7,900,300,rosenbrock,9,1.76592e-06,0.160742,0.00135155,296.774,48.7468
0.5,0.45,2.7,900,300,rosenbrock,9,2.77991e-06,0.525906,0.00463468,278.569,53.3254
0.5,0.6,2.7,900,300,rosenbrock,9,3.61786e-06,0.0830065,0.0392595,219.548,51.6387
0.5,0.7,2.65,900,300,rosenbrock,9,0.000183548,0.490103,0.075606,208.635,53.4262
0.5,0.75,2.65,900,300,rosenbrock,9,1.27159e-05,0.116796,0.116712,180.733,51.9272
0.5,0.6,2.55,900,300,rosenbrock,9,8.55065e-07,0.418671,0.00961604,214.077,51.9125
0.5,0.75,2.55,900,300,rosenbrock,9,5.67985e-05,0.0487608,0.0546292,185.746,51.0061
0.5,0.7,2.5,900,300,rosenbrock,9,5.27191e-05,0.218686,0.0245561,176.243,52.8514
0.5,0.75,2.5,900,300,rosenbrock,9,1.1821e-05,0.0331801,0.0386659,175.587,50.5429
0.5,0.6,2.45,900,300,rosenbrock,9,9.83552e-07,0.351558,0.00347015,208.343,51.7594
0.5,0.7,2.45,900,300,rosenbrock,9,7.05608e-09,0.0132686,0.0148527,164.142,52.6078
0.5,0.8,2.45,900,300,rosenbrock,9,4.88297e-06,0.168085,0.0457715,164.524,59.8336
0.5,0.85,2.45,900,300,rosenbrock,9,1.21854e-06,0.178027,0.070213,118.439,48.8741
0.5,0.65,2.4,900,300,rosenbrock,9,2.24699e-05,0.00408,0.00451868,195.121,54.2202
0.5,0.7,2.4,900,300,rosenbrock,9,6.24737e-07,0.187727,0.0102543,182.044,52.7039
0.5,0.75,2.4,900,300,rosenbrock,9,2.08138e-05,0.0153234,0.0183551,140.09,52.0051
0.5,0.8,2.4,900,300,rosenbrock,9,3.30142e-05,0.315751,0.0338912,141.476,60.3026
0.5,0.75,2.3,900,300,rosenbrock,9,2.73037e-06,0.0172539,0.00818302,118.374,50.524
0.5,0.6,2.25,900,300,rosenbrock,9,2.11727e-07,0.229509,0.000350193,148.714,51.4317
0.5,0.75,2.25,900,300,rosenbrock,9,4.7822e-06,0.0845737,0.00581348,121.252,50.5031
0.5,0.65,2.2,900,300,rosenbrock,9,4.45103e-07,0.000511556,0.000555326,112.506,54.0942
0.5,0.75,2.2,900,300,rosenbrock,9,1.37545e-06,0.00280588,0.00329756,90.9654,51.2103
0.5,0.6,2.15,900,300,rosenbrock,9,1.3699e-10,0.199403,8.83593e-05,149.984,51.2963
0.5,0.65,2.15,900,300,rosenbrock,9,9.26528e-11,0.000298062,0.000312322,105.036,54.168
0.5,0.7,2.15,900,300,rosenbrock,9,1.09741e-07,0.120384,0.000955095,105.181,47.4178
0.5,0.6,2.1,900,300,rosenbrock,9,6.71475e-08,3.94567e-05,4.02776e-05,115.202,51.4743
0.5,0.65,2.1,900,300,rosenbrock,9,1.04937e-08,0.229376,0.000172721,122.557,54.1149
0.5,0.7,2.1,900,300,rosenbrock,9,1.40618e-07,0.000458833,0.000527433,90.0172,52.7314
0.5,0.55,2.05,900,300,rosenbrock,9,2.49879e-10,0.0498339,2.70048e-06,138.475,52.7488
0.5,0.65,2.05,900,300,rosenbrock,9,6.05958e-08,0.10972,9.55224e-05,94.3143,54.005
0.5,0.7,2.05,900,300,rosenbrock,9,2.4376e-08,0.000301222,0.000314414,82.9392,52.6327
0.5,0.75,2.05,900,300,rosenbrock,9,2.85831e-09,0.150311,0.000975366,56.4395,50.4856
0.5,0.5,2.0,900,300,rosenbrock,9,5.76381e-11,0.348814,1.44891e-07,138.236,53.3585
0.5,0.7,2.0,900,300,rosenbrock,9,5.20334e-10,0.000168609,0.000176725,70.385,52.5536
0.5,0.75,2.0,900,300,rosenbrock,9,6.8767e-09,0.000509683,0.000580115,93.825,51.8832
0.5,0.35,1.95,900,300,rosenbrock,9,1.14824e-11,0.398644,5.76381e-11,121.932,53.1635
0.5,0.45,1.95,900,300,rosenbrock,9,1.71666e-11,0.0498306,1.79798e-09,85.9451,49.6526
0.5,0.55,1.95,900,300,rosenbrock,9,1.49723e-10,0.179391,5.79211e-07,93.5203,52.0361
0.5,0.6,1.95,900,300,rosenbrock,9,4.29058e-10,0.259124,4.79603e-06,66.8271,51.2246
0.5,0.65,1.95,900,300,rosenbrock,9,1.88847e-09,0.149519,2.87378e-05,94.3647,53.8864
0.5,0.7,1.95,900,300,rosenbrock,9,2.02813e-10,0.0202446,0.000115448,94.5969,52.6783
0.5,0.8,1.95,900,300,rosenbrock,9,9.56827e-09,0.0307523,0.000943123,23.9615,59.8646
0.5,0.35,1.9,900,300,rosenbrock,9,1.14824e-11,0.0199322,5.76381e-11,114.206,52.877
0.5,0.4,1.9,900,300,rosenbrock,9,1.14824e-11,0.378712,9.48704e-11,105.354,53.5933
0.5,0.55,1.9,900,300,rosenbrock,9,5.76398e-11,0.149492,2.34319e-07,78.8526,51.9747
0.5,0.6,1.9,900,300,rosenbrock,9,5.76381e-11,0.0697656,2.2254e-06,91.2196,51.621
0.5,0.65,1.9,900,300,rosenbrock,9,9.26528e-11,1.30163e-05,1.23285e-05,68.611,53.9064
0.5,0.75,1.9,900,300,rosenbrock,9,1.52264e-09,0.000195776,0.000194842,71.9783,50.0953
0.5,0.3,1.85,900,300,rosenbrock,9,1.14824e-11,0.398644,5.76381e-11,104.622,52.7825
0.5,0.35,1.85,900,300,rosenbrock,9,1.14824e-11,0.0597966,5.76381e-11,120.988,53.3246
0.5,0.4,1.85,900,300,rosenbrock,9,1.14824e-11,0.0498305,8.06029e-11,87.5662,50.3026
0.5,0.45,1.85,900,300,rosenbrock,9,1.14824e-11,0.229221,1.99297e-10,97.88,51.8986
0.5,0.5,1.85,900,300,rosenbrock,9,1.71666e-11,0.0298983,3.29912e-09,73.1121,53.8395
0.5,0.6,1.85,900,300,rosenbrock,9,7.42381e-11,9.07644e-07,8.13652e-07,84.3624,52.2941
0.5,0.65,1.85,900,300,rosenbrock,9,1.2478e-09,0.219261,6.58044e-06,69.9385,52.5902
0.5,0.7,1.85,900,300,rosenbrock,9,9.42797e-10,0.149526,3.76642e-05,56.0952,52.4298
0.5,0.45,1.8,900,300,rosenbrock,9,1.14824e-11,0.0597966,1.22098e-10,85.3897,51.9288
0.5,0.5,1.8,900,300,rosenbrock,9,1.14824e-11,0.249153,1.56102e-09,65.9638,53.5681
0.5,0.55,1.8,900,300,rosenbrock,9,3.26279e-11,4.60334e-08,2.28495e-08,58.8727,51.5615
0.5,0.65,1.8,900,300,rosenbrock,9,1.3699e-10,3.57041e-06,3.05093e-06,82.2271,52.8677
0.5,0.7,1.8,900,300,rosenbrock,9,2.6307e-10,1.67633e-05,1.61185e-05,30.4544,52.5053
0.5,0.1,1.75,900,300,rosenbrock,9,1.14824e-11,0.518238,3.26276e-11,115.509,41.8732
0.5,0.25,1.75,900,300,rosenbrock,9,1.14824e-11,0.0797288,3.26276e-11,72.016,54.6272
0.5,0.35,1.75,900,300,rosenbrock,9,1.14824e-11,0.00996611,5.76381e-11,40.2267,54.1441
0.5,0.5,1.75,900,300,rosenbrock,9,1.14824e-11,0.0996611,4.34412e-10,82.6917,51.5017
0.5,0.55,1.75,900,300,rosenbrock,9,3.26276e-11,0.0498306,9.25096e-09,73.679,51.9078
0.5,0.6,1.75,900,300,rosenbrock,9,7.66237e-11,0.00996635,1.57482e-07,81.5681,52.6921
0.5,0.65,1.75,900,300,rosenbrock,9,1.48472e-10,0.0697647,1.63954e-06,81.1342,37.4608
0.5,0.7,1.75,900,300,rosenbrock,9,3.31282e-10,8.32301e-06,8.47752e-06,23.7785,52.4503
0.5,0.1,1.7,900,300,rosenbrock,9,1.14824e-11,0.48834,3.26276e-11,106.155,42.334
0.5,0.3,1.7,900,300,rosenbrock,9,1.14824e-11,0.239187,3.26279e-11,70.1602,57.8018
0.5,0.35,1.7,900,300,rosenbrock,9,1.14824e-11,0.398644,5.76381e-11,82.9147,54.8166
0.5,0.4,1.7,900,300,rosenbrock,9,1.14824e-11,6.18844e-11,5.76381e-11,54.4305,53.8468
0.5,0.65,1.7,900,300,rosenbrock,9,1.48245e-10,7.59805e-07,6.8153e-07,67.8651,37.672
0.5,0.7,1.7,900,300,rosenbrock,9,1.15621e-10,0.0897003,4.55882e-06,12.4683,52.4268
0.5,0.05,1.65,900,300,rosenbrock,9,1.14824e-11,0.428543,2.3192e-11,76.6289,38.4082
0.5,0.3,1.65,900,300,rosenbrock,9,1.14824e-11,0.0498305,3.26279e-11,68.39,59.0224
0.5,0.35,1.65,900,300,rosenbrock,9,1.14824e-11,0.0298983,5.76381e-11,53.2642,52.9595
0.5,0.4,1.65,900,300,rosenbrock,9,1.14824e-11,0.149492,9.2369e-11,71.5743,49.0203
0.5,0.45,1.65,900,300,rosenbrock,9,1.14824e-11,0.0996611,9.26528e-11,70.9497,51.9765
0.5,0.45,1.6,900,300,rosenbrock,9,1.14824e-11,7.26594e-11,9.26528e-11,40.2068,52.0996
0.5,0.2,1.55,900,300,rosenbrock,9,1.14824e-11,0.209288,3.26276e-11,40.606,45.6077
0.5,0.25,1.55,900,300,rosenbrock,9,1.14824e-11,0.259119,3.26276e-11,50.6841,55.015
0.5,0.4,1.55,900,300,rosenbrock,9,1.14824e-11,5.84804e-11,5.76381e-11,32.0604,54.8783
0.5,0.5,1.55,900,300,rosenbrock,9,1.14824e-11,0.0298983,1.13343e-10,32.4738,48.7615
0.5,0.2,1.5,900,300,rosenbrock,9,1.14824e-11,0.129559,3.26276e-11,37.5908,44.8976
0.5,0.3,1.5,900,300,rosenbrock,9,1.14824e-11,3.83009e-11,3.26279e-11,26.8476,60.9392
0.5,0.35,1.5,900,300,rosenbrock,9,1.14824e-11,0.129559,5.76381e-11,27.898,58.1718
0.5,0.4,1.5,900,300,rosenbrock,9,1.14824e-11,0.0797288,6.91205e-11,29.4705,55.5654
0.5,0.5,1.5,900,300,rosenbrock,9,1.14824e-11,0.0996611,1.13343e-10,17.1688,52.6863
0.5,0.0,1.45,900,300,rosenbrock,9,1.14824e-11,0.0996611,2.28511e-11,30.5997,39.8337
0.5,0.05,1.45,900,300,rosenbrock,9,1.14824e-11,0.35878,2.28511e-11,72.4471,38.7271
0.5,0.1,1.45,900,300,rosenbrock,9,1.14824e-11,0.0199322,2.28511e-11,44.9477,42.3054
0.5,0.15,1.45,900,300,rosenbrock,9,1.14824e-11,2.74614e-11,3.26276e-11,12.1117,41.3289
0.5,0.25,1.45,900,300,rosenbrock,9,1.14824e-11,3.32064e-11,3.26276e-11,31.2146,55.1206
0.5,0.3,1.45,900,300,rosenbrock,9,1.14824e-11,0.0398644,3.26279e-11,52.8617,61.2906
0.5,0.45,1.45,900,300,rosenbrock,9,1.14824e-11,0.00996611,9.26528e-11,16.6982,52.9974
0.5,0.55,1.45,900,300,rosenbrock,9,1.71666e-11,0.0398644,1.6706e-10,24.5575,52.2137
0.5,0.0,1.4,900,300,rosenbrock,9,1.14824e-11,0.0498305,2.28511e-11,33.9616,40.1378
0.5,0.15,1.4,900,300,rosenbrock,9,1.14824e-11,0.328882,3.26276e-11,29.3557,41.1077
0.5,0.2,1.4,900,300,rosenbrock,9,1.14824e-11,0.109627,3.26276e-11,51.4194,53.0026
0.5,0.25,1.4,900,300,rosenbrock,9,1.14824e-11,3.36586e-11,3.26276e-11,37.0094,55.6369
0.5,0.3,1.4,900,300,rosenbrock,9,1.14824e-11,0.0597966,3.26279e-11,24.2744,61.9769
0.5,0.0,1.35,900,300,rosenbrock,9,1.14824e-11,0.239187,2.28511e-11,29.771,39.4764
0.5,0.05,1.35,900,300,rosenbrock,9,1.14824e-11,0.378712,3.26276e-11,48.6657,38.4382
0.5,0.2,1.35,900,300,rosenbrock,9,1.14824e-11,0.239187,3.26276e-11,18.408,53.2623
0.5,0.25,1.35,900,300,rosenbrock,9,1.14824e-11,3.38703e-11,3.26276e-11,22.9262,40.1872
0.5,0.4,1.35,900,300,rosenbrock,9,1.14824e-11,0.089695,9.26528e-11,25.026,57.277
0.5,0.0,1.3,900,300,rosenbrock,9,1.14824e-11,0.0597966,2.28511e-11,20.3575,40.1309
0.5,0.05,1.3,900,300,rosenbrock,9,1.14824e-11,0.0697627,2.28511e-11,25.6362,38.6139
0.5,0.2,1.3,900,300,rosenbrock,9,1.14824e-11,0.189356,3.26279e-11,22.0469,53.2558
0.5,0.25,1.3,900,300,rosenbrock,9,1.14824e-11,3.89845e-11,3.26279e-11,15.0962,41.3409
0.5,0.3,1.3,900,300,rosenbrock,9,1.14824e-11,0.0200244,4.39963e-11,22.1175,58.6019
0.5,0.0,1.25,900,300,rosenbrock,9,1.14824e-11,0.149492,2.3192e-11,23.0156,39.363
0.5,0.05,1.25,900,300,rosenbrock,9,1.14824e-11,2.91786e-11,2.3192e-11,16.4056,38.5725
0.5,0.15,1.25,900,300,rosenbrock,9,1.14824e-11,0.119593,3.26276e-11,27.1365,41.5596
0.5,0.25,1.25,900,300,rosenbrock,9,1.14824e-11,4.27111e-11,4.37687e-11,12.6961,49.2316
0.5,0.3,1.25,900,300,rosenbrock,9,1.14824e-11,0.0697627,4.39963e-11,13.5776,58.3926
0.5,0.35,1.25,900,300,rosenbrock,9,1.14824e-11,5.25981e-11,5.76381e-11,17.4211,60.49
0.5,0.4,1.25,900,300,rosenbrock,9,1.14824e-11,0.0697627,9.26528e-11,12.2506,57.7293
0.5,0.45,1.25,900,300,rosenbrock,9,1.14824e-11,0.119593,9.26528e-11,14.5753,53.5334
0.5,0.15,1.2,900,300,rosenbrock,9,1.14824e-11,3.10899e-11,3.26276e-11,5.3743,41.4468
0.5,0.2,1.2,900,300,rosenbrock,9,1.14824e-11,0.0597966,3.26276e-11,14.575,48.2224
0.5,0.3,1.2,900,300,rosenbrock,9,1.14824e-11,0.139525,5.76381e-11,18.834,45.2418
0.5,0.0,1.15,900,300,rosenbrock,9,1.14824e-11,0.219254,3.26276e-11,15.4164,38.9948
0.5,0.1,1.15,900,300,rosenbrock,9,1.14824e-11,3.27975e-11,3.26276e-11,13.7515,42.3946
0.5,0.15,1.15,900,300,rosenbrock,9,1.14824e-11,0.0797288,3.26279e-11,12.5922,41.3573
0.5,0.2,1.15,900,300,rosenbrock,9,1.14824e-11,3.7587e-11,3.26279e-11,16.391,52.7497
0.5,0.05,1.1,900,300,rosenbrock,9,1.14824e-11,0.0728008,3.26276e-11,4.528,39.2092
0.5,0.1,1.1,900,300,rosenbrock,9,1.14824e-11,3.03058e-11,3.26276e-11,17.0274,42.0993
0.5,0.15,1.1,900,300,rosenbrock,9,1.14824e-11,0.089695,3.26279e-11,16.2517,41.2799
0.5,0.25,1.1,900,300,rosenbrock,9,1.14824e-11,0.0498465,5.63317e-11,1.62371,41.0948
0.5,0.05,1.05,900,300,rosenbrock,9,1.14824e-11,0.0797288,3.26279e-11,24.7325,39.205
0.5,0.2,1.05,900,300,rosenbrock,9,1.14824e-11,0.0598629,4.41101e-11,1.68133,54.1546
0.5,0.35,1.05,900,300,rosenbrock,9,1.14824e-11,0.108134,9.26528e-11,9.00041,53.826
0.5,0.0,1.0,900,300,rosenbrock,9,1.14824e-11,3.87208e-11,3.26279e-11,7.40127,39.6328
0.5,0.05,1.0,900,300,rosenbrock,9,1.14824e-11,3.68359e-11,3.26276e-11,18.1882,39.4388
0.5,0.15,1.0,900,300,rosenbrock,9,1.14824e-11,0.0131488,4.94538e-11,1.60021,41.6019
0.5,0.85,1.0,900,300,rosenbrock,9,1.622e-09,2.54696e-06,1.8657e-06,1.28825,44.6366
0.5,0.0,0.95,900,300,rosenbrock,9,1.14824e-11,0.0398644,3.26279e-11,11.5194,39.9592
0.5,0.05,0.95,900,300,rosenbrock,9,1.14824e-11,0.125997,4.39964e-11,7.41157,39.1869
0.5,0.1,0.95,900,300,rosenbrock,9,1.14824e-11,0.089695,4.57021e-11,13.664,42.1184
0.5,0.15,0.95,900,300,rosenbrock,9,1.14824e-11,1.24228e-10,6.70747e-11,13.6502,41.3401
0.5,0.2,0.95,900,300,rosenbrock,9,1.14824e-11,0.142654,8.74812e-11,5.39247,54.5773
0.5,0.25,0.95,900,300,rosenbrock,9,1.14824e-11,1.99754e-10,9.26528e-11,7.52975,40.4146
0.5,0.3,0.95,900,300,rosenbrock,9,1.14824e-11,0.000994864,1.03795e-10,4.05891,51.7689
0.5,0.0,0.9,900,300,rosenbrock,9,1.14824e-11,6.64672e-11,4.49062e-11,11.6038,40.2259
0.5,0.1,0.9,900,300,rosenbrock,9,1.14824e-11,0.000475209,8.9926e-11,5.34707,42.2982
0.5,0.15,0.9,900,300,rosenbrock,9,1.14824e-11,0.0713699,9.26528e-11,8.28709,41.5059
0.5,0.2,0.9,900,300,rosenbrock,9,1.14824e-11,8.63664e-06,1.15164e-10,5.34039,54.4839
0.5,0.25,0.9,900,300,rosenbrock,9,1.14824e-11,6.76093e-05,2.18164e-10,9.09645,40.5991
0.5,0.3,0.9,900,300,rosenbrock,9,1.14824e-11,0.0157175,2.74779e-10,1.59987,44.8316
0.5,0.6,0.9,900,300,rosenbrock,9,2.28511e-11,0.000787562,1.70561e-08,1.51126,54.8418
0.5,0.9,0.9,900,300,rosenbrock,9,3.82667e-10,0.000191729,2.0627e-05,1.40128,41.8389
0.5,0.05,0.85,900,300,rosenbrock,9,1.14824e-11,0.00194361,1.20167e-10,15.1489,39.4512
0.5,0.15,0.85,900,300,rosenbrock,9,1.14824e-11,0.00285593,1.04466e-09,5.33453,41.0006
0.5,0.2,0.85,900,300,rosenbrock,9,1.14824e-11,0.000193875,1.32689e-09,1.45904,53.2643
0.5,0.3,0.85,900,300,rosenbrock,9,2.85353e-11,0.00622343,1.22844e-07,1.53365,44.6044
0.5,0.75,0.85,900,300,rosenbrock,9,5.16244e-10,0.00690757,4.05781e-05,1.40549,55.6612
0.5,0.2,0.8,900,300,rosenbrock,9,1.14824e-11,0.195919,0.00331301,1.72584,52.2407
0.6,0.55,2.6,900,300,rosenbrock,9,0.000108394,0.405184,0.0765936,253.677,56.0538
0.6,0.6,2.6,900,300,rosenbrock,9,1.51661e-06,0.118987,0.111187,216.691,41.5172
0.6,0.7,2.6,900,300,rosenbrock,9,0.000208097,0.577356,0.25554,231.27,40.0677
0.6,0.6,2.55,900,300,rosenbrock,9,1.24486e-05,0.109971,0.0817933,230.898,39.6206
0.6,0.65,2.55,900,300,rosenbrock,9,3.67624e-05,0.30606,0.121032,266.46,41.6276
0.6,0.5,2.5,900,300,rosenbrock,9,1.35819e-05,0.426669,0.0194892,291.074,57.8811
0.6,0.75,2.5,900,300,rosenbrock,9,8.06005e-05,0.313429,0.185462,175.72,59.3328
0.6,0.55,2.45,900,300,rosenbrock,9,5.95188e-06,0.364913,0.0220314,276.447,59.0098
0.6,0.7,2.45,900,300,rosenbrock,9,1.94573e-05,0.297331,0.0934174,190.242,40.0884
0.6,0.6,2.4,900,300,rosenbrock,9,2.40821e-05,0.0211814,0.0245607,170.915,59.8428
0.6,0.65,2.4,900,300,rosenbrock,9,1.76892e-05,0.0378773,0.0417001,180.506,39.639
0.6,0.7,2.4,900,300,rosenbrock,9,3.02393e-05,0.204634,0.0649856,176.177,40.0392
0.6,0.1,2.35,900,300,rosenbrock,9,1.71666e-11,0.358371,5.05973e-07,449.106,57.6853
0.6,0.55,2.35,900,300,rosenbrock,9,2.59835e-07,0.325969,0.00847115,209.3,58.9655
0.6,0.65,2.35,900,300,rosenbrock,9,1.9817e-05,0.162765,0.0275626,179.958,39.4337
0.6,0.45,2.3,900,300,rosenbrock,9,3.86444e-08,0.403748,0.000896826,235.904,36.819
0.6,0.55,2.3,900,300,rosenbrock,9,9.30828e-07,0.261157,0.00550495,230.492,58.8372
0.6,0.6,2.3,900,300,rosenbrock,9,2.04354e-06,0.0189904,0.00980725,146.56,59.9488
0.6,0.85,2.3,900,300,rosenbrock,9,4.73448e-05,0.179038,0.112579,170.228,51.8512
0.6,0.6,2.25,900,300,rosenbrock,9,3.55554e-06,0.124903,0.00605144,195.176,59.7927
0.6,0.55,2.2,900,300,rosenbrock,9,4.24714e-07,0.0711847,0.00153321,140.755,58.748
0.6,0.6,2.2,900,300,rosenbrock,9,5.68386e-07,0.252482,0.00401927,135.13,60.168
0.6,0.65,2.2,900,300,rosenbrock,9,1.95274e-08,0.00724663,0.00815612,140.908,37.8609
0.6,0.8,2.2,900,300,rosenbrock,9,1.66905e-05,0.0584119,0.0440161,134.052,52.5123
0.6,0.55,2.15,900,300,rosenbrock,9,3.48342e-08,0.190227,0.000994714,149.404,59.0489
0.6,0.65,2.15,900,300,rosenbrock,9,7.76309e-07,0.00457376,0.00485572,134.001,38.0197
0.6,0.3,2.1,900,300,rosenbrock,9,1.14824e-11,0.428543,1.19673e-07,163.991,44.1841
0.6,0.4,2.1,900,300,rosenbrock,9,9.26528e-11,0.0996747,7.07554e-06,171.109,53.3976
0.6,0.5,2.1,900,300,rosenbrock,9,3.65905e-09,0.229395,0.000177058,171.959,58.0098
0.6,0.65,2.1,900,300,rosenbrock,9,1.05959e-07,0.0727665,0.00324304,166.312,39.0922
0.6,0.15,2.05,900,300,rosenbrock,9,1.14824e-11,0.597967,3.91991e-10,252.016,58.0485
0.6,0.5,2.05,900,300,rosenbrock,9,1.51019e-08,8.36024e-05,6.9912e-05,112.428,57.5847
0.6,0.6,2.05,900,300,rosenbrock,9,4.94101e-07,0.0107844,0.000851155,140.891,59.8955
0.6,0.65,2.05,900,300,rosenbrock,9,2.8906e-07,0.0318072,0.00203266,135.35,38.6005
0.6,0.1,2.0,900,300,rosenbrock,9,1.14824e-11,0.17939,5.76387e-11,173.06,58.0136
0.6,0.4,2.0,900,300,rosenbrock,9,7.68509e-11,0.219256,1.02841e-06,194.361,53.8316
0.6,0.45,2.0,900,300,rosenbrock,9,7.52399e-10,7.78788e-06,5.72484e-06,113.369,36.5451
0.6,0.5,2.0,900,300,rosenbrock,9,1.39377e-09,0.249192,3.83431e-05,154.873,57.5815
0.6,0.55,2.0,900,300,rosenbrock,9,4.98627e-08,0.000149022,0.000155675,123.903,58.6221
0.6,0.6,2.0,900,300,rosenbrock,9,4.37929e-08,0.000456671,0.00044391,141.143,59.4748
0.6,0.65,2.0,900,300,rosenbrock,9,1.8376e-07,0.00109267,0.00116419,118.923,39.0896
0.6,0.15,1.95,900,300,rosenbrock,9,1.14824e-11,0.448475,5.76381e-11,209.224,58.1692
0.6,0.4,1.95,900,300,rosenbrock,9,8.48099e-11,0.00996658,2.67118e-07,102.163,53.3302
0.6,0.5,1.95,900,300,rosenbrock,9,2.11093e-09,0.149509,1.50606e-05,116.163,57.1458
0.6,0.55,1.95,900,300,rosenbrock,9,3.14312e-09,0.169496,6.73445e-05,82.3908,58.8492
0.6,0.6,1.95,900,300,rosenbrock,9,1.11049e-08,0.0899417,0.000270284,113.981,60.0279
0.6,0.65,1.95,900,300,rosenbrock,9,3.577e-08,0.000709567,0.000803309,67.4682,38.3497
0.6,0.05,1.9,900,300,rosenbrock,9,1.14824e-11,0.518238,3.26276e-11,185.31,38.9178
0.6,0.1,1.9,900,300,rosenbrock,9,1.14824e-11,0.0996611,3.26276e-11,185.172,57.4674
0.6,0.4,1.9,900,300,rosenbrock,9,5.76381e-11,0.0199324,1.0172e-07,93.3598,54.0513
0.6,0.45,1.9,900,300,rosenbrock,9,9.26528e-11,0.0896963,8.02694e-07,136.819,40.585
0.6,0.55,1.9,900,300,rosenbrock,9,2.03623e-10,3.19233e-05,3.20577e-05,111.437,58.3531
0.6,0.6,1.9,900,300,rosenbrock,9,5.08182e-10,0.149628,0.000142518,62.0079,59.8312
0.6,0.65,1.9,900,300,rosenbrock,9,6.57743e-08,0.0203412,0.000392916,82.2869,39.2434
0.6,0.05,1.85,900,300,rosenbrock,9,1.14824e-11,0.0199322,2.60342e-11,129.045,39.0621
0.6,0.3,1.85,900,300,rosenbrock,9,1.14824e-11,0.0199322,1.09878e-10,134.857,44.6163
0.6,0.35,1.85,900,300,rosenbrock,9,1.14824e-11,0.119593,1.38061e-09,83.5662,37.6322
0.6,0.5,1.85,900,300,rosenbrock,9,3.26279e-11,0.0996654,3.27166e-06,93.0417,57.3552
0.6,0.6,1.85,900,300,rosenbrock,9,1.11183e-09,6.30924e-05,6.41917e-05,84.3827,59.3484
0.6,0.65,1.85,900,300,rosenbrock,9,3.16466e-08,0.000241578,0.000267828,83.3512,37.8978
0.6,0.2,1.8,900,300,rosenbrock,9,1.14824e-11,0.0996611,3.26276e-11,165.996,53.7414
0.6,0.4,1.8,900,300,rosenbrock,9,1.14824e-11,1.45012e-08,7.72521e-09,84.1342,53.4767
0.6,0.45,1.8,900,300,rosenbrock,9,3.76298e-11,0.00996633,9.80651e-08,105.92,36.7562
0.6,0.5,1.8,900,300,rosenbrock,9,1.76897e-10,0.0597985,1.20686e-06,71.797,57.2718
0.6,0.55,1.8,900,300,rosenbrock,9,5.76381e-11,8.03851e-06,6.63263e-06,113.347,58.7806
0.6,0.65,1.8,900,300,rosenbrock,9,4.176e-08,0.03005,0.00015974,83.169,39.2621
0.6,0.35,1.75,900,300,rosenbrock,9,1.14824e-11,0.119593,1.3699e-10,69.0626,38.0298
0.6,0.45,1.75,900,300,rosenbrock,9,3.26276e-11,6.43046e-08,4.33439e-08,92.8032,37.08
0.6,0.5,1.75,900,300,rosenbrock,9,1.09705e-10,0.199323,5.07682e-07,86.6348,56.8012
0.6,0.55,1.75,900,300,rosenbrock,9,3.78455e-10,4.30284e-06,3.82004e-06,53.9206,58.3594
0.6,0.65,1.75,900,300,rosenbrock,9,6.48797e-09,8.02172e-05,8.5629e-05,35.4204,38.4688
0.6,0.15,1.7,900,300,rosenbrock,9,1.14824e-11,0.0797288,3.26276e-11,102.509,57.0534
0.6,0.35,1.7,900,300,rosenbrock,9,1.14824e-11,1.27706e-10,9.26528e-11,75.9915,57.712
0.6,0.45,1.7,900,300,rosenbrock,9,1.30739e-11,2.48641e-08,1.16326e-08,53.3835,36.9776
0.6,0.5,1.7,900,300,rosenbrock,9,3.26276e-11,0.0199325,1.62046e-07,55.7765,57.1504
0.6,0.55,1.7,900,300,rosenbrock,9,2.35333e-11,1.58038e-06,1.29083e-06,68.0617,58.0739
0.6,0.6,1.7,900,300,rosenbrock,9,1.487e-10,0.0797396,8.42117e-06,31.6698,59.7231
0.6,0.65,1.7,900,300,rosenbrock,9,4.83938e-09,3.84687e-05,3.93277e-05,28.0204,37.8055
0.6,0.7,1.7,900,300,rosenbrock,9,1.91333e-10,0.0300496,0.000149286,49.4962,52.5267
0.6,0.0,1.65,900,300,rosenbrock,9,1.14824e-11,0.289017,1.71667e-11,113.205,43.8562
0.6,0.2,1.65,900,300,rosenbrock,9,1.14824e-11,0.318915,3.26276e-11,87.3643,53.9032
0.6,0.25,1.65,900,300,rosenbrock,9,1.14824e-11,0.0597966,3.26276e-11,95.0129,58.4474
0.6,0.3,1.65,900,300,rosenbrock,9,1.14824e-11,0.279051,3.26276e-11,102.826,56.6308
0.6,0.4,1.65,900,300,rosenbrock,9,1.14824e-11,0.129559,2.38451e-10,72.3414,53.368
0.6,0.45,1.65,900,300,rosenbrock,9,1.14824e-11,0.0398644,4.66185e-09,34.7948,37.2796
0.6,0.65,1.65,900,300,rosenbrock,9,1.24826e-10,1.8183e-05,1.79698e-05,51.295,39.2423
0.6,0.0,1.6,900,300,rosenbrock,9,1.14824e-11,0.0597966,1.71667e-11,83.5787,40.8683
0.6,0.15,1.6,900,300,rosenbrock,9,1.14824e-11,0.0298983,3.05815e-11,101.31,57.2242
0.6,0.3,1.6,900,300,rosenbrock,9,1.14824e-11,0.239187,3.26279e-11,34.8798,56.2422
0.6,0.4,1.6,900,300,rosenbrock,9,1.14824e-11,2.27208e-10,1.02999e-10,33.7051,53.6321
0.6,0.45,1.6,900,300,rosenbrock,9,1.14824e-11,0.0498306,1.00001e-09,68.5741,37.5281
0.6,0.0,1.55,900,300,rosenbrock,9,1.14824e-11,0.239187,1.71667e-11,59.1126,40.6488
0.6,0.1,1.55,900,300,rosenbrock,9,1.14824e-11,0.189356,2.3533e-11,97.95,57.6435
0.6,0.2,1.55,900,300,rosenbrock,9,1.14824e-11,0.17939,3.26276e-11,31.2184,54.0845
0.6,0.25,1.55,900,300,rosenbrock,9,1.14824e-11,3.0705e-11,3.26276e-11,54.954,56.2069
0.6,0.3,1.55,900,300,rosenbrock,9,1.14824e-11,3.7343e-11,3.26276e-11,87.2567,55.504
0.6,0.45,1.55,900,300,rosenbrock,9,1.14824e-11,0.0398644,4.94783e-10,36.8294,36.6283
0.6,0.05,1.5,900,300,rosenbrock,9,1.14824e-11,0.0697627,1.71667e-11,26.7467,38.9142
0.6,0.1,1.5,900,300,rosenbrock,9,1.14824e-11,0.239187,2.28511e-11,111.092,57.9262
0.6,0.3,1.5,900,300,rosenbrock,9,1.14824e-11,0.289017,3.26276e-11,42.5002,56.1833
0.6,0.35,1.5,900,300,rosenbrock,9,1.14824e-11,0.0199322,5.76381e-11,51.4985,56.9734
0.6,0.25,1.45,900,300,rosenbrock,9,1.14824e-11,0.249153,3.26276e-11,51.8555,58.4191
0.6,0.3,1.45,900,300,rosenbrock,9,1.14824e-11,3.84489e-11,3.26276e-11,25.2422,55.3501
0.6,0.35,1.45,900,300,rosenbrock,9,1.14824e-11,0.139525,5.08741e-11,37.9416,57.6027
0.6,0.4,1.45,900,300,rosenbrock,9,1.14824e-11,5.9962e-11,5.76381e-11,18.8339,52.2673
0.6,0.45,1.45,900,300,rosenbrock,9,1.14824e-11,0.0797289,1.3699e-10,26.1659,36.949
0.6,0.0,1.4,900,300,rosenbrock,9,1.14824e-11,0.00996611,1.71667e-11,55.5306,40.9632
0.6,0.1,1.4,900,300,rosenbrock,9,1.14824e-11,0.269085,1.71667e-11,85.6794,58.0433
0.6,0.15,1.4,900,300,rosenbrock,9,1.14824e-11,0.239187,2.28511e-11,61.2137,58.2183
0.6,0.4,1.4,900,300,rosenbrock,9,1.14824e-11,0.00996611,5.76387e-11,23.6941,52.5393
0.6,0.45,1.4,900,300,rosenbrock,9,1.14824e-11,0.0597966,9.26528e-11,25.6418,56.5572
0.6,0.1,1.35,900,300,rosenbrock,9,1.14824e-11,0.0298983,2.28511e-11,30.5783,58.6264
0.6,0.2,1.35,900,300,rosenbrock,9,1.14824e-11,2.59684e-11,2.85353e-11,56.079,54.2762
0.6,0.25,1.35,900,300,rosenbrock,9,1.14824e-11,0.169424,3.26276e-11,48.5783,58.6232
0.6,0.1,1.3,900,300,rosenbrock,9,1.14824e-11,0.139525,2.28511e-11,83.2311,59.6171
0.6,0.2,1.3,900,300,rosenbrock,9,1.14824e-11,0.199322,3.26276e-11,30.7011,54.3757
0.6,0.25,1.3,900,300,rosenbrock,9,1.14824e-11,3.38109e-11,3.26276e-11,33.3077,59.1925
0.6,0.1,1.25,900,300,rosenbrock,9,1.14824e-11,2.34386e-11,1.71667e-11,29.6565,60.1783
0.6,0.25,1.25,900,300,rosenbrock,9,1.14824e-11,0.149492,3.26276e-11,29.0992,59.6427
0.6,0.3,1.25,900,300,rosenbrock,9,1.14824e-11,0.0398644,3.26276e-11,26.3106,56.4485
0.6,0.4,1.25,900,300,rosenbrock,9,1.14824e-11,0.0298983,5.76381e-11,25.0005,51.0014
0.6,0.05,1.2,900,300,rosenbrock,9,1.14824e-11,0.169424,1.71667e-11,21.0915,39.2926
0.6,0.15,1.2,900,300,rosenbrock,9,1.14824e-11,2.5672e-11,2.28511e-11,19.5516,61.2536
0.6,0.2,1.2,900,300,rosenbrock,9,1.14824e-11,2.74036e-11,3.26276e-11,20.8472,54.6073
0.6,0.35,1.2,900,300,rosenbrock,9,1.14824e-11,0.00996611,5.76381e-11,25.3963,57.0745
0.6,0.1,1.15,900,300,rosenbrock,9,1.14824e-11,0.0996611,1.71667e-11,28.9696,62.2082
0.6,0.2,1.15,900,300,rosenbrock,9,1.14824e-11,0.149492,3.26276e-11,19.4975,54.8279
0.6,0.0,1.1,900,300,rosenbrock,9,1.14824e-11,0.00996611,1.71667e-11,24.5669,61.6791
0.6,0.05,1.1,900,300,rosenbrock,9,1.14824e-11,2.24737e-11,1.71667e-11,45.4624,40.8259
0.6,0.15,1.1,900,300,rosenbrock,9,1.14824e-11,2.28534e-11,2.28511e-11,15.4923,63.0483
0.6,0.2,1.1,900,300,rosenbrock,9,1.14824e-11,0.0199322,3.26276e-11,19.357,54.1713
0.6,0.05,1.05,900,300,rosenbrock,9,1.14824e-11,0.139525,1.71667e-11,52.1072,54.7621
0.6,0.15,1.05,900,300,rosenbrock,9,1.14824e-11,2.47071e-11,2.28511e-11,14.3413,63.3845
0.6,0.2,1.05,900,300,rosenbrock,9,1.14824e-11,0.129559,3.26276e-11,23.3233,54.3084
0.6,0.05,1.0,900,300,rosenbrock,9,1.14824e-11,2.05436e-11,1.71667e-11,25.6619,54.6954
0.6,0.1,1.0,900,300,rosenbrock,9,1.14824e-11,0.22922,2.28511e-11,12.108,64.6093
0.6,0.15,1.0,900,300,rosenbrock,9,1.14824e-11,0.139525,3.26276e-11,13.673,64.1322
0.6,0.2,1.0,900,300,rosenbrock,9,1.14824e-11,0.0398644,3.26276e-11,20.5163,54.4226
0.6,0.1,0.95,900,300,rosenbrock,9,1.14824e-11,0.0697627,2.28511e-11,16.4708,64.8944
0.6,0.15,0.95,900,300,rosenbrock,9,1.14824e-11,2.33525e-11,2.28511e-11,14.0796,64.472
0.6,0.2,0.95,900,300,rosenbrock,9,1.14824e-11,0.0597966,3.26276e-11,1.67479,54.6591
0.6,0.05,0.9,900,300,rosenbrock,9,1.14824e-11,2.16415e-11,1.71666e-11,13.5228,54.7191
0.6,0.1,0.9,900,300,rosenbrock,9,1.14824e-11,0.0996611,2.85353e-11,19.0285,52.9803
0.6,0.05,0.85,900,300,rosenbrock,9,1.14824e-11,0.249153,2.85353e-11,8.29632,54.2373
0.6,0.1,0.85,900,300,rosenbrock,9,1.14824e-11,0.0298983,2.28511e-11,23.5856,52.7635
0.6,0.85,0.8,900,300,rosenbrock,9,5.22071e-09,1.07941e-05,7.6851e-06,1.32982,53.8771
0.6,0.95,0.75,900,300,rosenbrock,9,1.43818e-07,9.71148e-05,6.75611e-05,1.26794,55.4707
0.6,1.1,0.75,900,300,rosenbrock,9,2.31955e-07,0.000715676,0.000657664,1.2834,59.4368
0.6,0.0,0.7,900,300,rosenbrock,9,1.14824e-11,0.0728269,3.26278e-11,10.4443,59.9331
0.6,0.05,0.7,900,300,rosenbrock,9,1.14824e-11,3.37667e-11,3.26276e-11,17.0142,54.3787
0.6,0.2,0.7,900,300,rosenbrock,9,1.14824e-11,0.00169663,9.26528e-11,8.28,54.4972
0.6,0.25,0.7,900,300,rosenbrock,9,1.14824e-11,4.69055e-07,1.03795e-10,1.50259,59.0239
0.6,0.3,0.7,900,300,rosenbrock,9,1.14824e-11,0.00907167,1.271e-10,7.40081,56.6893
0.6,0.5,0.7,900,300,rosenbrock,9,1.14824e-11,0.000132791,9.48422e-09,1.46034,44.1399
0.6,0.55,0.7,900,300,rosenbrock,9,2.85353e-11,3.75702e-05,3.69839e-08,1.39385,49.8101
0.6,0.65,0.7,900,300,rosenbrock,9,9.26528e-11,0.000796098,5.02998e-07,1.57283,41.2434
0.6,0.7,0.7,900,300,rosenbrock,9,1.13343e-10,3.67753e-05,1.49711e-06,1.36823,53.7622
0.6,0.75,0.7,900,300,rosenbrock,9,1.48701e-10,0.000173026,5.11364e-06,1.36771,40.3567
0.6,0.8,0.7,900,300,rosenbrock,9,6.33562e-09,8.07011e-05,1.28478e-05,1.27848,54.1701
0.6,0.85,0.7,900,300,rosenbrock,9,9.6446e-09,0.000602001,3.01993e-05,1.32589,53.599
0.6,0.0,0.65,900,300,rosenbrock,9,1.14824e-11,0.000359481,4.411e-11,22.0839,58.0691
0.6,0.05,0.65,900,300,rosenbrock,9,1.14824e-11,3.52478e-06,6.70749e-11,1.53815,54.3225
0.6,0.1,0.65,900,300,rosenbrock,9,1.14824e-11,0.00359712,1.10389e-10,1.56182,52.4469
0.6,0.15,0.65,900,300,rosenbrock,9,1.14824e-11,0.00111133,4.01486e-10,1.54206,57.5863
0.6,0.2,0.65,900,300,rosenbrock,9,1.14824e-11,0.114901,4.93426e-09,2.35213,50.6261
0.6,0.35,0.65,900,300,rosenbrock,9,2.85353e-11,0.00329233,5.72373e-07,3.79325,57.9315
0.6,0.4,0.65,900,300,rosenbrock,9,1.71666e-11,0.0501145,4.91296e-06,1.54522,52.5783
0.6,0.7,0.65,900,300,rosenbrock,9,5.76381e-11,0.0123882,9.28728e-05,1.55003,40.9089
0.7,0.3,2.25,900,300,rosenbrock,9,2.80296e-06,0.100223,0.0109829,269.683,59.6482
0.7,0.35,2.25,900,300,rosenbrock,9,4.20622e-06,0.0983654,0.0190623,333.956,50.378
0.7,0.45,2.25,900,300,rosenbrock,9,3.72414e-05,0.355772,0.0515706,259.588,52.3922
0.7,0.5,2.25,900,300,rosenbrock,9,3.97815e-05,0.0615627,0.0716896,215.648,62.7884
0.7,0.25,2.2,900,300,rosenbrock,9,6.38284e-08,0.552034,0.00391111,349.291,58.3565
0.7,0.3,2.2,900,300,rosenbrock,9,2.48207e-06,0.333849,0.00605606,321.296,61.3886
0.7,0.35,2.2,900,300,rosenbrock,9,2.53417e-08,0.0695103,0.0106964,266.381,48.8171
0.7,0.4,2.2,900,300,rosenbrock,9,0.000100874,0.228555,0.0185649,270.041,43.5491
0.7,0.5,2.2,900,300,rosenbrock,9,0.000320041,0.302201,0.0498168,242.809,62.9553
0.7,0.05,2.15,900,300,rosenbrock,9,1.49134e-08,0.678485,0.000455371,503.583,41.9617
0.7,0.25,2.1,900,300,rosenbrock,9,3.12154e-09,0.0704321,0.000632708,266.519,58.5394
0.7,0.35,2.1,900,300,rosenbrock,9,7.39162e-06,0.243961,0.00341697,198.72,48.2582
0.7,0.05,2.05,900,300,rosenbrock,9,1.03234e-08,0.0897706,5.38779e-05,246.957,41.6987
0.7,0.15,2.05,900,300,rosenbrock,9,7.21999e-08,0.0997743,8.28921e-05,287.923,40.9711
0.7,0.2,2.05,900,300,rosenbrock,9,2.0528e-08,0.246534,0.000153224,287.902,60.3197
0.7,0.3,2.05,900,300,rosenbrock,9,2.51314e-07,0.000711501,0.000605963,323.768,57.6604
0.7,0.35,2.05,900,300,rosenbrock,9,6.32014e-08,0.00136569,0.00137441,170.32,49.1346
0.7,0.4,2.05,900,300,rosenbrock,9,1.99397e-06,0.00392824,0.00394731,153.5,43.5942
0.7,0.1,2.0,900,300,rosenbrock,9,1.33299e-09,0.37037,2.25116e-05,339.53,43.5361
0.7,0.3,2.0,900,300,rosenbrock,9,3.248e-08,0.000343851,0.000329819,236.196,60.1637
0.7,0.35,2.0,900,300,rosenbrock,9,1.07808e-06,0.110537,0.000870966,181.522,49.748
0.7,0.4,2.0,900,300,rosenbrock,9,9.89498e-08,0.051919,0.00190875,186.662,42.5377
0.7,0.0,1.95,900,300,rosenbrock,9,3.69941e-09,0.0697875,1.05075e-05,319.37,59.4451
0.7,0.05,1.95,900,300,rosenbrock,9,1.71235e-09,1.32163e-05,7.45908e-06,292.511,42.1487
0.7,0.2,1.95,900,300,rosenbrock,9,3.00596e-09,0.0099984,1.99881e-05,174.25,60.5519
0.7,0.3,1.95,900,300,rosenbrock,9,5.96566e-08,0.000123847,0.000103961,161.055,60.1533
0.7,0.35,1.95,900,300,rosenbrock,9,1.62795e-07,0.010391,0.000351343,147.907,48.5061
0.7,0.45,1.95,900,300,rosenbrock,9,1.06026e-06,0.14222,0.00310247,175.637,52.5015
0.7,0.0,1.9,900,300,rosenbrock,9,3.45681e-09,0.169435,3.84628e-06,232.234,59.1467
0.7,0.05,1.9,900,300,rosenbrock,9,2.8126e-10,0.259126,3.0088e-06,316.518,41.7195
0.7,0.2,1.9,900,300,rosenbrock,9,1.91331e-10,9.22284e-06,4.86952e-06,144.81,60.5434
0.7,0.25,1.9,900,300,rosenbrock,9,8.49082e-09,0.219282,1.81929e-05,194.544,58.7109
0.7,0.3,1.9,900,300,rosenbrock,9,9.75559e-09,0.139595,6.46951e-05,172.648,60.3645
0.7,0.35,1.9,900,300,rosenbrock,9,8.41761e-09,0.0600217,0.000190034,149.108,48.8137
0.7,0.4,1.9,900,300,rosenbrock,9,1.80426e-08,0.000505989,0.000504583,111.388,42.2654
0.7,0.45,1.9,900,300,rosenbrock,9,3.34301e-07,0.00136477,0.00148434,152.871,52.5053
0.7,0.0,1.85,900,300,rosenbrock,9,1.66773e-10,0.039868,1.48586e-06,219.876,59.2216
0.7,0.05,1.85,900,300,rosenbrock,9,2.73983e-11,0.259121,8.48139e-07,242.8,41.8193
0.7,0.15,1.85,900,300,rosenbrock,9,5.98834e-10,1.31297e-06,8.59643e-07,153.229,60.2997
0.7,0.2,1.85,900,300,rosenbrock,9,1.04365e-10,0.189359,2.24498e-06,226.572,60.6406
0.7,0.3,1.85,900,300,rosenbrock,9,3.59045e-09,0.0996881,2.34894e-05,166.675,60.156
0.7,0.35,1.85,900,300,rosenbrock,9,4.28848e-08,9.11855e-05,7.74237e-05,126.297,48.9434
0.7,0.45,1.85,900,300,rosenbrock,9,1.16096e-07,0.0605557,0.000768967,121.247,52.4305
0.7,0.0,1.8,900,300,rosenbrock,9,1.15961e-11,1.12686e-06,3.77523e-07,213.043,59.3766
0.7,0.1,1.8,900,300,rosenbrock,9,2.35329e-11,0.0398649,2.51934e-07,175.33,43.4217
0.7,0.2,1.8,900,300,rosenbrock,9,2.50108e-11,9.91527e-07,5.31626e-07,147.673,60.7208
0.7,0.25,1.8,900,300,rosenbrock,9,1.72918e-10,3.00929e-06,1.57104e-06,120.561,59.0754
0.7,0.3,1.8,900,300,rosenbrock,9,2.2283e-10,1.01066e-05,6.42265e-06,111.645,60.3491
0.7,0.5,1.8,900,300,rosenbrock,9,1.48302e-06,0.000917135,0.000963987,103.318,63.3794
0.7,0.1,1.75,900,300,rosenbrock,9,1.3074e-11,0.189356,8.07842e-08,121.644,44.3225
0.7,0.15,1.75,900,300,rosenbrock,9,1.54615e-11,0.139526,6.90954e-08,153.843,60.9663
0.7,0.2,1.75,900,300,rosenbrock,9,1.19371e-11,4.02283e-07,1.53966e-07,167.289,60.8956
0.7,0.25,1.75,900,300,rosenbrock,9,1.14824e-11,0.049832,4.6528e-07,155.048,59.1169
0.7,0.5,1.75,900,300,rosenbrock,9,4.81014e-10,0.120128,0.000574043,101.835,63.0509
0.7,0.0,1.7,900,300,rosenbrock,9,5.69571e-11,0.17939,4.06633e-08,179.962,59.6816
0.7,0.05,1.7,900,300,rosenbrock,9,1.14824e-11,0.0797289,2.05108e-08,242.415,42.3508
0.7,0.1,1.7,900,300,rosenbrock,9,1.36424e-11,3.64045e-08,1.41856e-08,58.6899,43.2636
0.7,0.15,1.7,900,300,rosenbrock,9,1.14824e-11,0.0398645,1.6243e-08,155.701,60.6615
0.7,0.2,1.7,900,300,rosenbrock,9,2.35329e-11,0.119593,2.95593e-08,113.625,53.7438
0.7,0.45,1.7,900,300,rosenbrock,9,1.45853e-09,0.0100757,8.9233e-05,94.4294,52.3875
0.7,0.0,1.65,900,300,rosenbrock,9,1.14824e-11,0.0199323,8.51268e-09,167.707,59.834
0.7,0.15,1.65,900,300,rosenbrock,9,1.14824e-11,0.0996611,3.67673e-09,114.084,60.7949
0.7,0.2,1.65,900,300,rosenbrock,9,1.14824e-11,0.17939,1.22454e-08,148.93,54.1299
0.7,0.0,1.6,900,300,rosenbrock,9,1.14824e-11,0.17939,3.61925e-09,152.35,59.4112
0.7,0.15,1.6,900,300,rosenbrock,9,1.14824e-11,0.109627,1.03268e-09,112.186,60.6403
0.7,0.3,1.6,900,300,rosenbrock,9,2.68302e-11,0.00996623,6.31267e-08,71.4742,60.409
0.7,0.15,1.55,900,300,rosenbrock,9,1.14824e-11,0.089695,2.32999e-10,114.291,63.0993
0.7,0.2,1.5,900,300,rosenbrock,9,1.14824e-11,2.27095e-10,1.13343e-10,54.366,54.3789
0.7,0.05,1.45,900,300,rosenbrock,9,1.14824e-11,0.129559,3.70044e-11,76.7407,42.2339
0.7,0.15,1.45,900,300,rosenbrock,9,1.14824e-11,0.189356,3.26279e-11,66.467,60.2605
0.7,0.25,1.45,900,300,rosenbrock,9,1.14824e-11,0.0597966,1.3699e-10,96.1859,49.061
0.7,0.15,1.4,900,300,rosenbrock,9,1.14824e-11,5.0697e-11,3.26276e-11,84.6918,60.4763
0.7,0.3,1.4,900,300,rosenbrock,9,1.14824e-11,0.0498305,2.06348e-10,54.1875,53.6887
0.7,0.1,1.35,900,300,rosenbrock,9,1.14824e-11,0.0697627,2.28511e-11,94.7546,43.9444
0.7,0.1,1.3,900,300,rosenbrock,9,1.14824e-11,0.0996611,1.71667e-11,71.0233,44.8889
0.7,0.15,1.3,900,300,rosenbrock,9,1.14824e-11,0.0597966,2.3533e-11,55.6319,60.558
0.7,0.3,1.3,900,300,rosenbrock,9,1.14824e-11,0.00996611,5.76381e-11,29.3774,59.5285
0.7,0.0,1.25,900,300,rosenbrock,9,1.14824e-11,0.0597966,1.71667e-11,66.6501,59.964
0.7,0.05,1.25,900,300,rosenbrock,9,1.14824e-11,2.56964e-11,1.71667e-11,68.7023,42.4862
0.7,0.05,1.2,900,300,rosenbrock,9,1.14824e-11,0.0697627,1.71667e-11,30.8613,42.2493
0.7,0.1,1.2,900,300,rosenbrock,9,1.14824e-11,0.0199322,1.71667e-11,63.7814,44.7431
0.7,0.3,1.2,900,300,rosenbrock,9,1.14824e-11,0.0498305,3.26279e-11,40.4426,59.3823
0.7,0.1,1.15,900,300,rosenbrock,9,1.14824e-11,2.20733e-11,1.71666e-11,29.0955,44.8136
0.7,0.15,1.15,900,300,rosenbrock,9,1.14824e-11,0.0298983,2.28511e-11,49.9623,60.5878
0.7,0.05,1.1,900,300,rosenbrock,9,1.14824e-11,0.239187,1.71667e-11,49.1315,42.9017
0.7,0.1,1.1,900,300,rosenbrock,9,1.14824e-11,0.0298983,1.71667e-11,40.1868,44.6264
0.7,0.25,1.1,900,300,rosenbrock,9,1.14824e-11,0.119593,3.26276e-11,31.9534,49.5612
0.7,0.05,1.05,900,300,rosenbrock,9,1.14824e-11,0.139525,1.71666e-11,28.9539,43.1247
0.7,0.1,1.05,900,300,rosenbrock,9,1.14824e-11,2.1174e-11,1.71666e-11,66.1265,44.2499
0.7,0.0,1.0,900,300,rosenbrock,9,1.14824e-11,2.13792e-11,1.14824e-11,30.0575,60.2664
0.7,0.05,1.0,900,300,rosenbrock,9,1.14824e-11,0.109627,1.3074e-11,33.0375,42.7479
0.7,0.1,1.0,900,300,rosenbrock,9,1.14824e-11,0.129559,1.71667e-11,65.0644,43.5155
0.7,0.15,1.0,900,300,rosenbrock,9,1.14824e-11,0.0797288,2.28511e-11,17.9171,60.5378
0.7,0.3,1.0,900,300,rosenbrock,9,1.14824e-11,0.0498305,3.26279e-11,12.4631,60.2825
0.7,0.0,0.95,900,300,rosenbrock,9,1.14824e-11,0.0896949,1.14824e-11,19.3719,60.0163
0.7,0.1,0.95,900,300,rosenbrock,9,1.14824e-11,2.24416e-11,1.14824e-11,79.489,43.7234
0.7,0.15,0.95,900,300,rosenbrock,9,1.14824e-11,0.119593,2.28511e-11,27.5926,60.4307
0.7,0.0,0.9,900,300,rosenbrock,9,1.14824e-11,1.84251e-11,1.14824e-11,28.5124,60.0909
0.7,0.1,0.9,900,300,rosenbrock,9,1.14824e-11,0.159458,1.14824e-11,22.2092,43.2628
0.7,0.0,0.85,900,300,rosenbrock,9,1.14824e-11,0.328882,1.14824e-11,17.7197,46.1368
0.7,0.05,0.85,900,300,rosenbrock,9,1.14824e-11,1.95318e-11,1.14824e-11,15.1741,42.2128
0.7,0.1,0.85,900,300,rosenbrock,9,1.14824e-11,0.139525,1.71667e-11,21.8348,43.8907
0.7,0.15,0.85,900,300,rosenbrock,9,1.14824e-11,0.129559,2.85353e-11,12.8488,60.5516
0.7,0.25,0.85,900,300,rosenbrock,9,1.14824e-11,0.0597966,3.26276e-11,20.9852,49.4908
0.7,0.05,0.8,900,300,rosenbrock,9,1.14824e-11,0.109627,1.14824e-11,23.4958,38.3684
0.7,0.25,0.8,900,300,rosenbrock,9,1.14824e-11,0.00996611,3.26276e-11,17.1468,50.331
0.7,0.1,0.75,900,300,rosenbrock,9,1.14824e-11,0.0828987,1.71667e-11,28.3378,43.9975
0.7,0.2,0.7,900,300,rosenbrock,9,1.14824e-11,0.0298983,3.26276e-11,8.97705,54.5225
0.7,0.0,0.65,900,300,rosenbrock,9,1.14824e-11,0.0996611,1.14824e-11,21.3276,46.0303
0.7,0.0,0.6,900,300,rosenbrock,9,1.14824e-11,1.92758e-11,1.14824e-11,21.3439,46.1123
0.7,0.05,0.6,900,300,rosenbrock,9,1.14824e-11,0.089695,1.71667e-11,53.4196,52.9233
0.7,0.65,0.6,900,300,rosenbrock,9,1.04931e-10,1.64644e-06,9.59044e-07,1.21163,49.564
0.7,0.0,0.55,900,300,rosenbrock,9,1.14824e-11,0.0377969,1.71667e-11,24.1183,46.397
0.7,0.05,0.55,900,300,rosenbrock,9,1.14824e-11,2.89868e-11,2.28511e-11,27.6045,52.5539
0.7,0.1,0.55,900,300,rosenbrock,9,1.14824e-11,9.42207e-11,3.26276e-11,17.1623,60.4825
0.7,0.15,0.55,900,300,rosenbrock,9,1.14824e-11,0.130913,5.55926e-11,20.5326,61.346
0.7,0.2,0.55,900,300,rosenbrock,9,1.14824e-11,0.00744758,5.76381e-11,15.9827,54.9637
0.7,0.6,0.55,900,300,rosenbrock,9,1.48367e-10,3.2539e-05,7.28602e-07,1.43011,43.0239
0.7,0.0,0.5,900,300,rosenbrock,9,1.14824e-11,2.36838e-05,3.26276e-11,20.0093,46.6151
0.7,0.05,0.5,900,300,rosenbrock,9,1.14824e-11,0.0105295,3.26279e-11,14.5485,53.7685
0.7,0.15,0.5,900,300,rosenbrock,9,1.14824e-11,9.16796e-06,6.91205e-11,3.76324,61.3935
0.7,0.2,0.5,900,300,rosenbrock,9,1.14824e-11,8.16012e-05,1.28123e-10,13.6468,55.2311
0.7,0.25,0.5,900,300,rosenbrock,9,1.14824e-11,4.12354e-05,3.89994e-10,1.50612,51.1114
0.7,0.35,0.5,900,300,rosenbrock,9,1.14824e-11,0.00311887,1.03751e-07,1.50525,63.0174
0.7,0.4,0.5,900,300,rosenbrock,9,1.14824e-11,0.000158926,9.72831e-08,1.42113,64.1184
0.7,0.5,0.5,900,300,rosenbrock,9,2.44427e-11,0.00127599,3.70136e-06,1.4159,61.1158
0.7,0.55,0.5,900,300,rosenbrock,9,7.66237e-11,0.000208625,3.85655e-06,1.40081,45.6797
0.7,0.6,0.5,900,300,rosenbrock,9,3.43905e-10,0.00136079,7.80507e-06,1.50224,52.3451
0.7,0.2,0.45,900,300,rosenbrock,9,1.14824e-11,0.159219,0.000444704,13.8194,54.9995
0.7,0.35,0.45,900,300,rosenbrock,9,1.14824e-11,0.0824365,0.000415962,1.6321,61.9385
0.7,0.7,0.45,900,300,rosenbrock,9,3.3276e-10,0.0484182,0.00669865,3.10387,45.0978
0.8,0.05,0.8,900,300,rosenbrock,9,1.14824e-11,0.0797288,7.45786e-11,27.3491,62.6422
0.8,0.1,0.8,900,300,rosenbrock,9,1.14824e-11,0.0697627,3.26276e-11,22.4155,45.7463
0.8,0.2,0.8,900,300,rosenbrock,9,1.14824e-11,0.0996611,5.76381e-11,49.3956,63.2293
0.8,0.05,0.75,900,300,rosenbrock,9,1.14824e-11,1.96636e-10,3.26279e-11,26.4688,62.9226
0.8,0.1,0.75,900,300,rosenbrock,9,1.14824e-11,0.089695,3.26276e-11,65.6426,45.9688
0.8,0.0,0.7,900,300,rosenbrock,9,1.14824e-11,0.149492,1.30625e-10,54.0631,44.679
0.8,0.05,0.7,900,300,rosenbrock,9,1.14824e-11,0.089695,2.28511e-11,52.469,62.9304
0.8,0.2,0.7,900,300,rosenbrock,9,1.14824e-11,0.0797288,3.26276e-11,30.7992,64.2273
0.8,0.0,0.65,900,300,rosenbrock,9,1.14824e-11,0.00996612,5.76387e-11,29.8016,45.919
0.8,0.1,0.6,900,300,rosenbrock,9,1.14824e-11,0.109627,1.71667e-11,69.5081,46.3326
0.8,0.2,0.6,900,300,rosenbrock,9,1.14824e-11,0.0498317,3.26279e-11,68.3166,63.2457
0.8,0.0,0.55,900,300,rosenbrock,9,1.14824e-11,0.169424,2.71141e-11,46.5104,44.9993
0.8,0.05,0.55,900,300,rosenbrock,9,1.14824e-11,0.129585,1.71666e-11,105.328,63.57
0.8,0.0,0.5,900,300,rosenbrock,9,1.14824e-11,0.0398652,1.3074e-11,24.411,44.9092
0.8,0.15,0.5,900,300,rosenbrock,9,1.14824e-11,0.0398644,3.26279e-11,82.16,65.1788
0.8,0.05,0.45,900,300,rosenbrock,9,1.14824e-11,0.21964,2.28511e-11,42.7287,63.2298
0.8,0.1,0.45,900,300,rosenbrock,9,1.14824e-11,5.08738e-07,3.26276e-11,50.3465,46.7149
0.8,0.3,0.4,900,300,rosenbrock,9,2.85353e-11,5.48752e-06,4.287e-08,19.3397,65.2794
0.8,0.35,0.4,900,300,rosenbrock,9,1.14824e-11,7.13311e-07,2.08078e-07,1.3202,52.7938
0.8,0.65,0.4,900,300,rosenbrock,9,3.89128e-08,0.000266436,0.000216539,1.10198,62.2135
0.8,0.05,0.35,900,300,rosenbrock,9,1.14824e-11,0.0355499,5.74681e-11,66.1929,63.3029
0.8,0.15,0.35,900,300,rosenbrock,9,1.14824e-11,0.00117245,1.49237e-09,21.9198,69.0082
0.8,0.25,0.35,900,300,rosenbrock,9,1.71667e-11,1.01316e-05,1.16775e-07,15.426,47.5791
0.8,0.5,0.35,900,300,rosenbrock,9,2.60025e-09,9.65394e-05,3.80275e-05,1.12078,55.4962
0.8,0.05,0.3,900,300,rosenbrock,9,1.14824e-11,0.478993,3.28926e-07,58.5924,63.7295
0.8,0.2,0.3,900,300,rosenbrock,9,3.26279e-11,0.239501,4.6525e-05,10.4142,63.9197
0.8,0.3,0.3,900,300,rosenbrock,9,8.19672e-11,0.0168761,0.000111214,10.5929,63.9756
0.8,0.35,0.3,900,300,rosenbrock,9,1.8679e-10,0.0587029,0.000423989,1.8038,52.7688
